####
#
# OBJ File Generated by Meshlab
#
####
# Object cemetery_statue_norm.obj
#
# Vertices: 2867
# Faces: 5734
#
####
vn -0.052028 0.990721 -0.125557
v -0.135750 0.847491 0.049958
vn 0.676630 -0.575683 0.459087
v -0.136613 0.847110 0.048552
vn -0.985475 0.089318 0.144435
v -0.137340 0.847718 0.047063
vn -0.973657 -0.178992 0.141258
v -0.137001 0.844910 0.047517
vn -0.862514 0.048683 0.503685
v -0.136484 0.847628 0.048811
vn 0.050278 -0.998499 0.021724
v 0.200728 0.014808 0.051390
vn 0.069466 -0.985319 0.155950
v 0.172069 0.014355 0.061118
vn 0.057158 -0.986027 0.156470
v 0.137310 0.013043 0.058391
vn 0.102749 0.280730 0.954271
v -0.010977 0.464222 0.127022
vn -0.279089 0.107214 0.954261
v -0.041983 0.464576 0.120399
vn -0.472362 -0.048914 0.880046
v -0.086709 0.472796 0.098262
vn -0.979609 -0.119078 0.161823
v -0.112664 0.549627 0.104476
vn -0.742957 -0.014636 0.669179
v -0.110075 0.549627 0.110302
vn -0.846861 0.202675 0.491681
v -0.111499 0.549109 0.108619
vn -0.310618 0.232716 0.921607
v -0.092782 0.583513 0.104358
vn -0.381317 0.297215 0.875363
v -0.109946 0.566326 0.107195
vn -0.624133 0.282126 0.728603
v -0.112405 0.565550 0.106289
vn -0.693675 0.063887 0.717449
v -0.111758 0.559336 0.107842
vn -0.908569 -0.106405 0.403957
v -0.113700 0.555452 0.101110
vn -0.737444 -0.362980 0.569580
v -0.113182 0.558689 0.106159
vn 0.760209 -0.109575 0.640371
v 0.111711 0.468797 0.013559
vn -0.783260 0.233253 0.576278
v -0.115048 0.567840 0.096185
vn -0.065016 0.311912 -0.947884
v 0.044767 0.710507 -0.113185
vn 0.096832 0.700311 -0.707240
v 0.052000 0.715974 -0.111193
vn -0.806875 0.394763 0.439449
v -0.113441 0.566715 0.104606
vn -0.962281 -0.014170 0.271688
v -0.114218 0.561666 0.103570
vn 0.137081 -0.153147 0.978649
v 0.022183 0.170449 0.107141
vn 0.166387 -0.050972 0.984742
v 0.037261 0.199099 0.108681
vn 0.164922 0.023196 -0.986034
v 0.004159 0.449258 -0.080194
vn -0.075438 -0.084024 -0.993604
v -0.010137 0.459398 -0.079865
vn 0.112041 -0.270654 -0.956135
v -0.011820 0.460693 -0.079865
vn 0.030115 -0.563650 -0.825464
v -0.011044 0.462246 -0.081030
vn 0.494964 -0.242684 -0.834335
v -0.013892 0.460304 -0.080512
vn 0.421981 0.307950 -0.852701
v 0.054460 0.712738 -0.113135
vn -0.567701 -0.277158 0.775177
v -0.102522 0.496554 0.102480
vn 0.332237 -0.032352 -0.942641
v 0.053351 0.692166 -0.115510
vn 0.062587 0.063793 -0.995999
v 0.046887 0.685812 -0.113717
vn 0.511527 -0.147469 -0.846518
v 0.058214 0.680892 -0.111193
vn 0.079371 -0.384454 -0.919726
v 0.053036 0.684388 -0.113135
vn -0.067380 -0.272987 -0.959655
v 0.055625 0.678692 -0.110675
vn -0.005939 -0.463194 -0.886237
v 0.054848 0.682187 -0.111452
vn 0.226905 0.205730 -0.951940
v 0.040349 0.695003 -0.113199
vn -0.082740 -0.008519 -0.996535
v 0.045269 0.690084 -0.112876
vn 0.015303 -0.166068 -0.985996
v 0.053554 0.675585 -0.108733
vn 0.340779 0.245599 -0.907497
v 0.044103 0.688271 -0.113394
vn 0.600098 -0.232847 -0.765287
v 0.052929 0.665057 -0.107853
vn 0.295023 -0.236054 -0.925873
v 0.051223 0.682316 -0.112228
vn 0.637603 -0.053936 -0.768475
v 0.075108 0.667403 -0.090089
vn 0.583944 -0.022066 -0.811494
v 0.045098 0.674321 -0.116733
vn 0.960324 0.277309 0.029608
v 0.083949 0.774913 -0.018120
vn -0.372452 0.279330 0.885017
v -0.111296 0.678191 0.073846
vn 0.727512 0.494537 -0.475562
v 0.075147 0.774455 -0.055837
vn -0.526921 -0.269029 0.806212
v -0.140498 0.473455 0.080140
vn -0.598148 -0.016705 0.801211
v -0.156784 0.652856 0.052245
vn 0.857939 0.504425 -0.097452
v 0.029451 0.957400 0.063176
vn 0.906471 0.340675 -0.249502
v 0.039085 0.922413 0.050168
vn 0.803011 0.226111 0.551404
v 0.031760 0.899803 0.142251
vn 0.236323 0.107546 -0.965705
v 0.118205 0.590911 -0.073847
vn 0.376464 0.016090 -0.926292
v 0.083892 0.586988 -0.077738
vn -0.126542 0.099421 0.986966
v -0.041737 0.485424 0.115162
vn -0.820151 0.220058 -0.528135
v -0.115113 0.890838 0.017136
vn -0.530673 0.279363 -0.800214
v -0.087078 0.885738 -0.015416
vn -0.175956 -0.388167 0.904636
v -0.034841 0.522364 0.120910
vn 0.484361 -0.060888 -0.872747
v 0.075427 0.617255 -0.087038
vn -0.988973 -0.050284 0.139301
v -0.142257 0.882069 0.103469
vn 0.388701 -0.262391 -0.883211
v 0.045486 0.631260 -0.102172
vn 0.351218 0.055602 0.934641
v 0.138087 0.199197 0.096321
vn 0.683357 -0.451752 0.573535
v 0.051900 0.823730 0.051063
vn -0.209852 -0.220985 0.952432
v -0.098683 0.468330 0.091660
vn -0.425729 0.015823 0.904712
v -0.097518 0.466906 0.091919
vn -0.250089 -0.387617 0.887248
v -0.097777 0.471178 0.093602
vn -0.394782 -0.116004 0.911422
v -0.097759 0.527011 0.120702
vn -0.892778 -0.180154 0.412906
v -0.110981 0.541471 0.104865
vn -0.736790 0.228011 0.636515
v -0.111882 0.439662 0.087602
vn -0.783820 0.051224 0.618872
v -0.146201 0.528075 0.067284
vn -0.505249 -0.125345 0.853822
v -0.163337 0.528410 0.031939
vn -0.554136 -0.372116 0.744622
v -0.166631 0.508824 0.025831
vn -0.537736 0.054895 0.841324
v -0.122129 0.502198 0.079441
vn 0.134487 0.206519 -0.969156
v 0.027887 0.687488 -0.126805
vn -0.468250 0.252048 0.846885
v -0.062326 0.474223 0.114432
vn -0.992575 0.063372 0.103821
v -0.170069 0.295945 0.024853
vn -0.976051 -0.190917 0.104286
v -0.164730 0.198712 0.027304
vn -0.994645 -0.081918 -0.063020
v -0.168133 0.225277 0.006426
vn -0.037058 0.514425 -0.856734
v 0.024713 0.716320 -0.111377
vn -0.522488 -0.087321 0.848164
v -0.068909 0.475450 0.104865
vn -0.280997 0.039622 0.958890
v -0.076455 0.474866 0.103573
vn 0.653184 0.659852 -0.371411
v 0.112602 0.724613 -0.036223
vn -0.612500 0.407493 0.677342
v -0.070463 0.461922 0.116062
vn -0.633930 0.264770 0.726656
v -0.068132 0.472991 0.105641
vn -0.832572 0.256117 0.491149
v -0.066967 0.473379 0.107713
vn -0.731785 -0.143044 0.666356
v -0.117543 0.531128 0.084289
vn -0.627502 0.141009 0.765740
v -0.104655 0.428680 0.102216
vn -0.107798 0.223442 0.968738
v -0.059200 0.456938 0.121693
vn 0.251242 0.108077 0.961872
v -0.058553 0.454738 0.122600
vn -0.078320 0.184447 0.979717
v -0.052795 0.464970 0.120994
vn 0.864391 0.418716 -0.278396
v 0.046243 0.900279 0.046321
vn -0.231519 0.065368 0.970632
v -0.063343 0.449689 0.121952
vn -0.458227 0.101394 0.883033
v -0.083412 0.439736 0.115954
vn 0.437250 -0.158915 0.885188
v 0.095754 0.192557 0.086757
vn -0.085553 -0.417541 -0.904622
v 0.018544 0.640949 -0.112703
vn 0.885746 0.463429 0.026206
v 0.061680 0.877022 0.052211
vn 0.916704 0.395795 0.054765
v 0.050917 0.902435 0.077605
vn -0.114993 0.248647 -0.961744
v -0.007531 0.689597 -0.114116
vn 0.199011 -0.343648 -0.917769
v 0.032559 0.652756 -0.122248
vn 0.170167 0.031811 -0.984902
v 0.025251 0.577799 -0.103188
vn 0.565883 0.598174 0.567419
v 0.113490 -0.419589 0.131985
vn 0.779442 0.330920 -0.531942
v 0.024548 0.917847 0.014958
vn 0.085897 0.550671 -0.830291
v -0.028166 0.829653 -0.051207
vn 0.777862 0.591876 0.211220
v 0.024935 0.961356 0.092340
vn 0.284512 -0.107830 0.952589
v 0.141711 0.137448 0.099169
vn 0.699061 0.119176 -0.705060
v 0.158860 0.503234 -0.066575
vn 0.795218 0.149869 -0.587509
v 0.171450 0.481862 -0.055472
vn 0.769981 0.451655 0.450708
v 0.079240 0.750927 0.000516
vn 0.687573 0.449231 -0.570469
v 0.049266 0.858285 -0.005994
vn 0.840248 0.402708 -0.363057
v 0.055849 0.826682 -0.012911
vn -0.200091 -0.108272 -0.973776
v 0.108829 0.411914 -0.047548
vn -0.969193 -0.080035 0.232938
v -0.165640 0.218123 0.039950
vn -0.276527 -0.008568 0.960968
v 0.130967 0.201268 0.098262
vn 0.549300 -0.020313 0.835378
v 0.125292 0.267184 0.072107
vn -0.729543 -0.260009 0.632584
v -0.129536 0.452974 0.063902
vn 0.353528 -0.046219 0.934281
v 0.054460 0.074145 0.101369
vn -0.993549 -0.112830 -0.011350
v -0.151031 0.138724 0.038342
vn -0.978522 -0.191969 0.075120
v -0.154974 0.168857 0.029886
vn -0.975199 0.209592 0.071123
v -0.161080 -0.090649 -0.085820
vn -0.955367 0.069831 0.287050
v -0.161727 -0.097704 -0.078312
vn -0.984379 0.148046 -0.095287
v -0.162115 -0.101393 -0.094623
vn -0.816237 0.062557 0.574321
v -0.156290 -0.084305 -0.070674
vn -0.996299 0.069049 0.051194
v -0.128975 -0.211946 -0.039605
vn -0.995260 -0.033604 0.091257
v -0.127422 -0.197059 -0.049055
vn -0.372864 0.182431 -0.909775
v -0.145889 -0.183081 -0.126404
vn -0.844664 -0.019873 0.534928
v -0.161128 -0.111021 -0.077360
vn -0.938125 -0.116053 0.326271
v -0.133839 -0.160696 -0.057329
vn -0.683420 -0.062776 0.727322
v -0.148330 -0.133102 -0.072371
vn -0.155766 0.660270 0.734697
v -0.094411 -0.421531 0.162083
vn -0.160337 0.497596 0.852462
v -0.103991 -0.427745 0.165319
vn -0.852068 0.054266 0.520610
v -0.138071 -0.224703 -0.066417
vn -0.924671 -0.189977 0.329989
v -0.132148 -0.249401 -0.058392
vn -0.968185 -0.193225 -0.159001
v -0.136897 -0.180931 -0.027088
vn -0.836940 0.008180 0.547234
v -0.162472 -0.167549 -0.080553
vn -0.671491 -0.049743 0.739341
v -0.142304 -0.196385 -0.076087
vn -0.692618 0.110550 -0.712783
v -0.160441 -0.132981 -0.109058
vn -0.837044 0.172942 -0.519084
v -0.175967 -0.211687 -0.102908
vn -0.978427 0.148218 -0.143919
v -0.175708 -0.200166 -0.099283
vn -0.928367 -0.019632 0.371147
v -0.176485 -0.211428 -0.097471
vn -0.656803 0.114588 -0.745305
v -0.165891 -0.219979 -0.112774
vn -0.996011 0.035502 -0.081866
v -0.142309 -0.144889 -0.020317
vn -0.984284 -0.138972 0.108958
v -0.138671 -0.146903 0.004907
vn -0.837559 -0.223643 0.498477
v -0.134154 -0.178677 0.010623
vn -0.973727 -0.166076 0.155803
v -0.141403 -0.175893 -0.003164
vn -0.823377 0.013972 0.567323
v -0.176485 -0.232918 -0.097989
vn -0.906835 -0.042710 0.419316
v -0.178815 -0.243144 -0.102649
vn -0.493228 -0.034663 -0.869209
v -0.169083 -0.273077 -0.117563
vn -0.669008 0.054006 -0.741290
v -0.176226 -0.259067 -0.112746
vn -0.369172 0.426164 0.825891
v -0.162310 -0.293761 -0.085043
vn -0.925831 0.133480 -0.353583
v -0.180757 -0.265151 -0.108992
vn -0.926800 0.084321 0.365968
v -0.179851 -0.260232 -0.104073
vn -0.885683 -0.019459 -0.463883
v -0.180498 -0.253889 -0.108992
vn -0.975214 0.086528 0.203641
v -0.180498 -0.248840 -0.106144
vn -0.472701 -0.226554 -0.851603
v -0.169980 -0.296531 -0.113573
vn -0.811828 -0.076111 -0.578914
v -0.186194 -0.298809 -0.102390
vn -0.977088 0.057956 -0.204793
v -0.184640 -0.285864 -0.107180
vn -0.694847 0.037035 -0.718204
v -0.181274 -0.279262 -0.110804
vn -0.708851 0.000466 0.705358
v -0.169931 -0.197197 -0.088386
vn -0.989460 -0.069748 0.126901
v -0.153989 0.153637 0.060171
vn -0.967819 -0.126813 0.217361
v -0.157542 0.187007 0.050960
vn -0.930385 -0.022670 0.365883
v -0.144574 0.115401 0.090830
vn -0.893652 0.034135 0.447460
v -0.145926 0.147912 0.088503
vn -0.970800 0.172595 0.166610
v -0.130269 -0.021160 0.014361
vn -0.796771 -0.220096 -0.562773
v -0.130239 0.070289 0.011003
vn -0.189800 0.122376 0.974166
v -0.095809 0.109884 0.133882
vn -0.480284 0.081057 0.873360
v -0.113007 0.088844 0.131039
vn -0.841994 -0.036988 0.538217
v -0.134714 0.084079 0.110126
vn -0.985828 -0.142872 0.087930
v -0.143749 0.059617 0.056478
vn -0.927133 -0.116623 0.356122
v -0.135427 0.049066 0.102206
vn -0.973670 -0.119189 0.194320
v -0.136045 0.001593 0.085786
vn -0.349209 -0.082979 0.933364
v -0.037452 0.347550 0.135286
vn -0.938921 0.204275 0.276946
v -0.134348 0.020293 -0.009896
vn 0.985577 -0.058517 0.158789
v 0.080271 0.850873 0.043343
vn -0.977512 -0.088046 0.191620
v -0.132621 -0.030204 0.080694
vn -0.990280 -0.070437 -0.119935
v -0.134586 -0.003597 0.049907
vn -0.924102 -0.176933 -0.338718
v -0.138583 0.037445 0.038090
vn -0.990609 0.117324 0.070212
v -0.142050 -0.027864 -0.002582
vn -0.889408 0.142801 0.434236
v -0.139073 -0.033301 0.002985
vn -0.945806 0.078148 -0.315190
v -0.142180 -0.036278 -0.007242
vn -0.941441 0.227768 0.248619
v -0.134999 -0.045933 0.015813
vn -0.993392 0.114756 0.001692
v -0.150347 -0.084174 0.013700
vn -0.957290 0.129824 0.258343
v -0.140040 -0.081006 0.034984
vn -0.929528 -0.100240 0.354866
v -0.135414 -0.089459 0.063693
vn -0.996453 0.053136 0.065259
v -0.137254 -0.048025 0.049350
vn -0.861652 -0.216757 0.458882
v -0.125294 -0.021810 0.107948
vn -0.983865 -0.100072 0.148310
v -0.149459 -0.119181 0.028595
vn 0.993048 0.082011 0.084442
v 0.155010 0.611542 -0.017849
vn 0.553007 0.341368 -0.760033
v 0.001588 0.925601 -0.007448
vn 0.817709 -0.045942 0.573796
v 0.104595 0.622103 0.044051
vn -0.633347 -0.127080 0.763363
v -0.114215 0.000742 0.138038
vn -0.928970 -0.266212 0.257188
v -0.133247 -0.199001 -0.001028
vn -0.564325 -0.473873 0.676004
v -0.105730 -0.180717 0.039541
vn -0.625246 -0.081881 0.776120
v -0.157455 -0.120682 -0.075205
vn -0.992612 0.060774 0.105014
v -0.165093 -0.123789 -0.087115
vn -0.903417 -0.010209 0.428641
v -0.165481 -0.135569 -0.081548
vn -0.882552 -0.412046 0.226538
v -0.122813 0.807605 0.019040
vn 0.641095 0.445832 -0.624684
v 0.026081 0.884630 -0.000599
vn -0.802209 0.245104 0.544412
v -0.133118 0.415053 0.072233
vn -0.884341 0.219224 0.412168
v -0.142023 0.419068 0.051933
vn -0.381462 0.214697 0.899106
v -0.039135 0.460304 0.123117
vn 0.141391 -0.263788 0.954162
v 0.016142 0.276092 0.135804
vn 0.759240 -0.349284 0.549140
v 0.019507 0.276998 0.133992
vn -0.154682 -0.149125 0.976645
v 0.014718 0.280364 0.135933
vn -0.701924 -0.543063 0.460853
v -0.132077 0.841739 0.053791
vn 0.929324 0.354576 0.103112
v 0.040169 0.926428 0.084208
vn -0.825109 -0.298054 0.479957
v -0.135599 0.843678 0.049324
vn -0.210489 0.137465 0.967883
v -0.082999 0.179859 0.127135
vn 0.050910 0.010236 0.998651
v 0.161906 0.061718 0.102923
vn 0.834241 0.064773 0.547582
v 0.170709 0.069226 0.097097
vn 0.940432 -0.109150 0.321983
v 0.176534 0.081654 0.101240
vn 0.999735 -0.009641 0.020904
v 0.211033 -0.553205 0.146410
vn 0.998852 0.039623 0.026904
v 0.210203 -0.520499 0.127835
vn 0.207847 0.167829 0.963656
v 0.021460 -0.460644 0.176284
vn -0.001681 0.048914 0.998802
v 0.157603 -0.537269 0.183912
vn 0.027523 0.014401 0.999517
v 0.171217 -0.565426 0.184249
vn 0.642087 -0.324151 0.694730
v 0.007555 -0.169833 0.071750
vn 0.255569 -0.243057 0.935739
v -0.004441 -0.179712 0.077162
vn 0.512174 0.716899 0.473005
v 0.186584 -0.482941 0.156983
vn -0.199187 0.833998 0.514559
v -0.073405 -0.410739 0.145779
vn -0.149541 0.750898 0.643265
v -0.082890 -0.421013 0.163377
vn -0.712432 0.205336 -0.671028
v -0.111021 0.754927 -0.062532
vn -0.280434 0.461593 -0.841599
v -0.098424 0.742771 -0.069509
vn -0.361183 0.338171 -0.869015
v -0.093894 0.743159 -0.070545
vn 0.795071 0.428549 -0.429194
v 0.070893 0.866370 0.018542
vn -0.762227 0.168781 -0.624918
v -0.130457 0.078707 -0.079354
vn -0.872711 -0.035979 -0.486909
v -0.135284 0.104663 -0.072758
vn -0.907419 -0.387051 -0.163652
v -0.129207 0.129837 -0.018010
vn -0.890404 -0.257719 -0.375182
v -0.125351 0.100295 -0.007371
vn -0.771302 -0.374940 -0.514309
v -0.132471 0.143662 -0.076629
vn -0.979400 -0.102431 0.174019
v -0.134908 0.112024 -0.047366
vn -0.763598 0.289834 -0.576988
v -0.123292 0.712308 -0.048408
vn -0.933874 -0.354264 -0.048739
v -0.136470 0.138197 -0.051724
vn -0.122365 0.756671 0.642243
v 0.128378 0.182498 0.114962
vn 0.090386 0.507494 0.856902
v 0.132649 0.205670 0.099686
vn 0.404901 0.416786 0.813845
v 0.136145 0.203857 0.097486
vn -0.365621 0.118106 0.923240
v -0.097368 0.257973 0.108319
vn -0.560693 0.137710 0.816492
v -0.118579 0.249637 0.097354
vn 0.322923 -0.028294 0.946002
v 0.073874 0.324857 0.101171
vn 0.389599 -0.042781 0.919990
v 0.090600 0.298722 0.093235
vn 0.447669 -0.047553 0.892934
v 0.090780 0.270097 0.092995
vn 0.822986 -0.005890 0.568031
v 0.085867 0.467855 0.073787
vn -0.984104 -0.076995 0.160032
v -0.134636 -0.238333 -0.036069
vn -0.891828 -0.223075 0.393547
v -0.128033 -0.227953 -0.002662
vn -0.854151 0.185177 -0.485938
v -0.177520 -0.234730 -0.106403
vn -0.995074 0.087102 -0.047334
v -0.177909 -0.222302 -0.102002
vn -0.615334 -0.039502 0.787276
v -0.163634 -0.221379 -0.087319
vn -0.982200 0.156984 0.103143
v -0.179074 -0.236801 -0.102261
vn -0.846267 0.227972 -0.481519
v -0.178944 -0.243662 -0.107698
vn -0.607269 -0.018839 -0.794273
v -0.137253 -0.281460 -0.133641
vn -0.572568 -0.302148 0.762150
v -0.114402 -0.121925 0.080627
vn -0.662981 -0.290260 0.690077
v -0.120039 -0.083532 0.090764
vn -0.861417 -0.103473 0.497247
v -0.136329 -0.116965 0.052987
vn -0.876467 -0.013211 0.481280
v -0.127452 0.028256 0.117629
vn 0.090354 0.432929 0.896888
v 0.193622 0.200233 0.095868
vn -0.611465 0.106931 0.784013
v -0.041206 0.461210 0.120658
vn 0.661917 0.338466 -0.668810
v 0.070768 0.732600 -0.088023
vn -0.654674 -0.471665 0.590707
v -0.123379 -0.150328 0.059483
vn -0.792534 -0.476171 0.380987
v -0.127455 -0.162974 0.030442
vn -0.881271 -0.359197 0.307147
v -0.141375 -0.138848 0.038073
vn -0.666600 -0.279642 0.690974
v -0.114004 -0.208106 0.022655
vn 0.960257 -0.059010 0.272808
v 0.061309 0.871886 0.089506
vn 0.382592 -0.010087 0.923863
v 0.058889 0.290958 0.107729
vn 0.336735 -0.017635 0.941434
v 0.082727 0.216805 0.097863
vn -0.711600 -0.114398 0.693209
v 0.110772 0.115441 0.101628
vn -0.577388 -0.063932 0.813963
v 0.101322 0.120360 0.089589
vn -0.503140 -0.395188 0.768555
v 0.132520 0.067414 0.096838
vn 0.851578 -0.053469 0.521494
v 0.000979 0.159902 0.120704
vn 0.488826 0.471464 0.734010
v 0.146242 0.126574 0.097745
vn 0.063525 0.693650 0.717506
v 0.148262 0.113847 0.114444
vn 0.684527 0.624274 0.376438
v 0.158152 0.122172 0.095544
vn 0.139738 0.622489 0.770052
v 0.138863 0.122431 0.108101
vn 0.281814 -0.204765 0.937364
v 0.005268 0.075828 0.093084
vn 0.030551 0.622460 0.782055
v -0.017257 -0.392274 0.149591
vn -0.166907 0.094517 0.981432
v 0.019215 -0.010872 0.101291
vn 0.296962 -0.074011 0.952017
v 0.034912 0.018610 0.102146
vn 0.393692 -0.369552 0.841688
v -0.025690 -0.127027 0.084462
vn 0.173496 -0.163482 0.971171
v -0.023568 -0.093420 0.100531
vn -0.297332 0.816848 0.494321
v -0.035967 -0.392777 0.137754
vn 0.533704 0.814831 0.226297
v 0.173960 -0.471093 0.137215
vn 0.023730 0.141922 0.989593
v -0.042889 0.028448 0.144348
vn 0.308800 -0.030859 0.950626
v -0.045415 0.017576 0.146169
vn 0.172925 -0.501561 0.847664
v -0.065610 -0.063275 0.120349
vn 0.129460 0.617504 0.775841
v 0.099639 -0.360041 0.069135
vn 0.120788 0.387812 -0.913790
v 0.016498 0.776558 -0.074490
vn -0.018408 0.337289 -0.941221
v -0.008389 0.755831 -0.082737
vn 0.497470 -0.291779 -0.816939
v 0.050021 0.462179 -0.061869
vn 0.079523 -0.235245 0.968677
v -0.030332 0.347550 0.132956
vn -0.655587 0.618463 0.433254
v -0.183734 -0.291560 -0.100189
vn -0.953512 -0.094132 -0.286277
v -0.135060 0.861609 0.050494
vn -0.869411 -0.036116 0.492768
v -0.131665 0.886494 0.144019
vn -0.249306 0.502933 -0.827590
v -0.070761 0.842537 -0.042806
vn -0.718957 -0.574110 0.391790
v -0.134280 0.837424 0.044810
vn 0.273371 -0.039518 0.961097
v 0.064224 0.202300 0.102759
vn 0.271248 0.010623 0.962451
v 0.001450 0.218099 0.128140
vn -0.315920 0.489766 0.812603
v -0.033051 0.567103 0.118198
vn -0.071257 0.394343 0.916196
v -0.026837 0.570210 0.117810
vn 0.097249 0.450707 -0.887359
v -0.008371 0.805644 -0.070371
vn -0.936109 0.071857 0.344292
v -0.118155 0.770690 -0.003392
vn -0.618744 0.530545 -0.579377
v -0.137090 0.730289 -0.024551
vn -0.888550 0.165627 -0.427839
v -0.185639 0.647031 -0.014748
vn -0.940804 0.176767 -0.289207
v -0.185288 0.661992 -0.003358
vn -0.596276 0.188276 -0.780389
v -0.188456 0.581983 -0.035868
vn -0.982428 0.116139 -0.146104
v -0.186712 0.655649 -0.001675
vn -0.915947 0.288284 -0.279164
v -0.197337 0.601568 -0.011213
vn -0.414659 0.454214 -0.788510
v -0.092729 0.854010 -0.026860
vn -0.882049 0.244761 -0.402594
v -0.121075 0.930988 0.040922
vn -0.901353 0.391254 0.185697
v -0.127853 0.951448 0.101682
vn 0.867246 -0.188907 0.460650
v -0.012671 0.043733 0.115747
vn 0.411325 -0.371594 0.832304
v 0.151032 0.138095 0.095673
vn 0.875134 -0.038916 0.482313
v 0.154786 0.129034 0.087000
vn -0.474439 -0.156285 0.866304
v 0.141970 0.051750 0.101628
vn 0.663080 -0.023225 0.748188
v 0.112066 -0.050130 0.057744
vn -0.468930 -0.507563 0.722831
v 0.118798 0.054339 0.075867
vn 0.904881 -0.032439 0.424427
v -0.001335 0.077899 0.099428
vn 0.353451 -0.261855 0.898056
v 0.007080 -0.092331 0.069783
vn -0.516535 0.202492 0.831979
v 0.021579 -0.089613 0.073666
vn 0.056601 -0.127200 0.990261
v 0.015883 -0.083270 0.069006
vn -0.037533 0.021048 0.999074
v 0.007339 -0.106636 0.066287
vn 0.300421 0.274250 0.913528
v -0.008325 -0.015048 0.087518
vn 0.353131 -0.117117 0.928215
v 0.067306 -0.060269 0.059371
vn -0.605849 0.170742 0.777042
v -0.019572 0.147034 0.131098
vn -0.177447 0.088801 0.980116
v -0.015186 0.141202 0.136322
vn 0.178199 -0.116186 0.977111
v -0.011173 0.154795 0.136322
vn -0.711162 0.048666 0.701341
v -0.017387 0.157643 0.131661
vn 0.302212 -0.160276 0.939670
v 0.037501 -0.027217 0.075608
vn 0.496402 -0.249673 0.831414
v 0.079662 0.004641 0.070137
vn 0.438887 -0.197567 0.876553
v 0.080480 0.120619 0.087259
vn 0.386271 -0.085161 0.918446
v 0.084881 0.141202 0.089589
vn 0.740924 -0.030585 0.670892
v -0.005865 0.144438 0.131532
vn -0.111822 0.154061 0.981713
v -0.031109 0.079194 0.136581
vn -0.075944 0.219754 0.972595
v -0.106312 -0.475769 0.176593
vn 0.085214 0.461990 0.882782
v 0.100127 -0.460697 0.169605
vn 0.057366 0.250579 0.966395
v 0.117793 -0.495686 0.181013
vn 0.596597 -0.217323 0.772556
v 0.023909 -0.015889 0.098845
vn 0.429408 0.665633 0.610361
v 0.151226 -0.463797 0.157099
vn 0.590800 0.171253 -0.788434
v 0.086110 0.429828 -0.045673
vn 0.084429 -0.171135 -0.981623
v 0.092260 0.432083 -0.041288
vn 0.016200 0.223796 0.974501
v -0.026966 -0.443020 0.178264
vn 0.117164 0.399147 0.909370
v 0.155012 -0.495613 0.178592
vn -0.038715 -0.353828 0.934509
v -0.080471 -0.021636 0.145097
vn 0.875007 -0.148852 0.460659
v -0.003780 0.099188 0.115705
vn -0.255098 -0.475091 0.842148
v -0.053893 -0.208839 0.046222
vn -0.341771 0.146215 0.928339
v 0.073750 -0.129732 0.059230
vn -0.038139 0.862385 0.504814
v -0.087550 -0.339975 0.055672
vn -0.477873 0.438585 0.761105
v -0.029095 -0.308696 0.065277
vn -0.022935 0.669496 0.742462
v 0.012905 -0.365931 0.128296
vn -0.097591 0.988320 0.117047
v -0.135578 -0.339458 0.088036
vn 0.377899 0.556259 0.740113
v 0.141193 0.204505 0.094379
vn -0.458584 0.037958 0.887840
v -0.096671 0.357446 0.102716
vn 0.621840 0.458742 -0.634721
v 0.008255 0.944769 0.009694
vn -0.693833 0.188447 -0.695042
v -0.147228 0.018869 -0.083749
vn -0.912229 0.209793 -0.351889
v -0.126683 0.869034 0.029999
vn -0.963394 0.216380 -0.158278
v -0.132814 0.903872 0.071168
vn -0.993158 0.038780 -0.110151
v -0.141486 0.880313 0.074456
vn -0.992566 0.039336 -0.115176
v -0.133895 0.856884 0.050106
vn -0.646695 -0.674411 0.356307
v -0.122594 0.858602 0.125036
vn -0.974656 0.194424 0.110657
v -0.132923 0.915220 0.102138
vn -0.972236 0.192668 0.132802
v -0.129623 0.043206 -0.018504
vn -0.840718 -0.013742 0.541299
v -0.130392 0.009209 -0.053496
vn -0.946053 0.058249 0.318733
v -0.128105 0.042878 -0.045938
vn -0.925858 0.193700 0.324450
v -0.126490 0.014931 0.001690
vn -0.600176 0.353169 -0.717677
v -0.143938 0.699973 -0.042275
vn -0.720073 0.177188 -0.670895
v -0.151228 -0.055972 -0.095543
vn -0.960756 -0.250031 -0.120137
v -0.153442 0.145215 0.010752
vn -0.899673 0.115881 0.420903
v -0.151112 0.022364 -0.063942
vn -0.885453 -0.002520 -0.464722
v -0.146235 0.173513 -0.060932
vn -0.962244 -0.102115 -0.252307
v -0.155447 0.180033 -0.035314
vn -0.986235 0.009051 0.165103
v -0.148199 0.113390 0.033981
vn -0.993289 -0.000309 0.115656
v -0.153442 0.101589 0.025898
vn -0.992663 -0.091156 0.079439
v -0.151509 0.123702 0.062172
vn -0.551014 0.010721 -0.834427
v -0.111007 0.106732 -0.083413
vn -0.776419 0.473515 -0.415882
v -0.165525 0.710077 -0.012206
vn -0.873756 0.257123 -0.412842
v -0.159785 -0.083788 -0.095917
vn -0.976602 0.047422 -0.209763
v -0.153960 -0.007410 -0.077664
vn -0.529634 0.122157 -0.839384
v -0.146452 -0.006504 -0.089315
vn -0.999414 0.022647 -0.025682
v -0.123538 -0.052589 -0.032874
vn -0.884536 0.077262 -0.460030
v -0.133247 -0.059321 -0.017339
vn -0.982011 0.031031 -0.186257
v -0.125796 0.016489 0.016727
vn -0.644406 0.204826 -0.736740
v -0.156227 0.676135 -0.039201
vn -0.996195 -0.075984 0.042691
v -0.150206 0.078806 0.036902
vn -0.708289 0.107781 0.697646
v -0.130432 0.135927 0.111599
vn 0.798792 -0.185348 0.572344
v 0.003844 0.138225 0.110043
vn -0.380280 -0.052993 0.923352
v 0.099121 0.132399 0.090495
vn -0.201594 -0.136478 0.969914
v 0.113102 0.133564 0.092308
vn 0.781859 -0.132343 0.609247
v 0.003844 0.128516 0.107195
vn 0.511846 -0.174147 0.841241
v 0.006044 0.117383 0.100981
vn 0.151403 -0.172564 0.973293
v 0.012517 0.128257 0.102275
vn 0.563899 0.048985 0.824390
v 0.167602 0.065731 0.101110
vn 0.508565 0.411051 0.756570
v 0.171356 0.060164 0.101628
vn 0.298931 0.012517 0.954193
v -0.011561 0.134082 0.136192
vn -0.016792 -0.071690 0.997286
v 0.090448 0.135118 0.087777
vn -0.111330 -0.163680 0.980211
v 0.091224 0.121007 0.084929
vn 0.240828 0.395267 0.886434
v 0.137310 0.129810 0.100463
vn -0.031545 -0.120135 0.992256
v 0.133297 0.136153 0.100075
vn -0.719523 -0.303327 0.624724
v 0.128766 0.087220 0.110431
vn -0.232507 0.225984 0.945976
v 0.133815 0.112593 0.110949
vn -0.590716 -0.100502 0.800596
v 0.126177 0.104696 0.107713
vn 0.041238 -0.070089 0.996688
v 0.067923 0.044242 0.078327
vn 0.302787 -0.149793 0.941213
v 0.065852 0.053821 0.078197
vn 0.644153 -0.249800 0.722957
v 0.058343 0.049420 0.082469
vn 0.400803 -0.110444 0.909483
v 0.042421 0.040488 0.102017
vn -0.603528 -0.250136 0.757090
v 0.116727 0.097835 0.096968
vn -0.343526 0.039049 0.938331
v -0.023989 0.164504 0.123765
vn 0.251418 -0.090628 0.963626
v 0.044751 -0.065276 0.079621
vn 0.083121 -0.047044 0.995428
v 0.045269 -0.048576 0.080786
vn -0.237879 0.068242 0.968895
v 0.101710 0.166963 0.085576
vn -0.100011 0.120790 0.987627
v -0.019070 0.117771 0.138652
vn 0.433490 -0.125297 0.892405
v -0.016351 0.110133 0.138393
vn 0.775090 -0.113470 0.621579
v -0.007548 0.125927 0.131920
vn 0.370014 -0.067174 0.926594
v 0.058343 0.032720 0.076903
vn 0.017435 0.113614 0.993372
v 0.062486 0.021199 0.079103
vn 0.529283 -0.197921 0.825037
v 0.006950 0.133823 0.104476
vn 0.744639 -0.066194 0.664177
v -0.014280 0.106250 0.135545
vn -0.083093 -0.070701 0.994031
v -0.021529 0.103920 0.138005
vn -0.129659 -0.093118 0.987177
v 0.023064 0.077348 0.092936
vn -0.199903 -0.003011 0.979811
v -0.011561 0.174213 0.134898
vn 0.267353 0.071202 0.960965
v -0.009231 0.164504 0.135416
vn 0.734006 -0.062918 0.676223
v -0.003276 0.170070 0.131532
vn -0.638952 0.016071 0.769079
v -0.017905 0.167611 0.129461
vn 0.086877 0.062751 0.994241
v -0.059895 0.160057 0.129174
vn -0.684772 -0.030257 0.728129
v -0.013762 0.158678 0.136322
vn 0.050300 -0.133760 0.989736
v 0.041750 0.103786 0.099305
vn 0.246129 -0.165617 0.954982
v 0.012776 0.139131 0.104347
vn 0.466932 -0.031851 0.883719
v -0.020623 0.078547 0.137357
vn 0.531565 -0.096471 0.841506
v 0.009151 0.151947 0.106547
vn -0.207829 0.125394 0.970095
v -0.031368 0.136024 0.125577
vn -0.472434 0.174453 0.863928
v -0.020753 0.132917 0.133603
vn -0.145020 0.120949 0.982008
v -0.086917 0.141473 0.132204
vn 0.726411 -0.119741 0.676749
v -0.026086 0.051494 0.138115
vn 0.512698 0.017357 0.858394
v -0.024507 0.067414 0.138781
vn 0.850574 -0.223950 0.475785
v -0.004053 0.043983 0.093084
vn 0.342688 -0.096963 0.934432
v 0.001125 0.041912 0.086871
vn 0.695901 -0.242738 0.675870
v -0.001464 0.045795 0.088295
vn 0.381720 -0.245244 0.891148
v 0.002549 0.050973 0.088942
vn -0.320741 0.109850 0.940775
v 0.035171 0.043465 0.100593
vn 0.009637 -0.091799 0.995731
v 0.035430 0.031296 0.103052
vn 0.649571 0.287713 0.703761
v 0.118280 -0.000937 0.055155
vn 0.881830 -0.183565 0.434374
v 0.120869 -0.001196 0.049717
vn 0.351322 -0.173727 0.919996
v 0.114138 0.002040 0.055802
vn -0.078240 0.007175 0.996909
v -0.010267 -0.179842 0.077679
vn 0.121680 0.011742 0.992500
v -0.006060 -0.129873 0.067841
vn -0.015861 0.048342 0.998705
v -0.018422 -0.507229 0.182795
vn 0.021313 0.072323 0.997154
v -0.046773 -0.507229 0.181371
vn -0.000086 0.101175 0.994869
v -0.039717 -0.519139 0.183507
vn -0.026077 0.006127 0.999641
v 0.073764 -0.095223 0.053844
vn 0.656661 0.185264 0.731077
v -0.033957 -0.426580 0.161694
vn 0.563867 0.339364 0.752919
v -0.038747 -0.424638 0.167908
vn 0.308453 0.747423 0.588401
v -0.032533 -0.431369 0.164284
vn 0.035642 0.808469 0.587458
v 0.049304 -0.334032 0.087574
vn 0.461046 0.510746 0.725655
v 0.053036 -0.344118 0.099816
vn 0.461087 0.093191 0.882448
v 0.198070 -0.542339 0.183175
vn 0.173543 0.049308 0.983591
v 0.092713 -0.129355 0.071854
vn 0.526081 -0.240890 0.815605
v 0.090059 -0.141783 0.073925
vn -0.449645 0.222349 0.865090
v 0.039274 -0.220495 0.065527
vn 0.242019 -0.195384 0.950396
v 0.011690 -0.189991 0.054078
vn 0.511907 -0.496276 0.701186
v -0.003276 -0.186962 0.072631
vn 0.956535 -0.088122 0.277983
v 0.105592 -0.135235 0.020091
vn 0.909649 -0.218662 0.353164
v 0.100061 -0.143340 0.058235
vn 0.973790 -0.123288 0.191137
v 0.112968 -0.072553 0.045267
vn 0.254379 -0.108093 0.961045
v 0.063521 -0.002620 0.080786
vn 0.180723 -0.030630 0.983057
v 0.066369 0.012008 0.080786
vn -0.010776 0.122865 0.992365
v -0.082270 0.043782 0.142686
vn 0.581527 0.257254 0.771782
v -0.016610 -0.400559 0.153927
vn -0.089127 0.492043 0.865996
v 0.036725 -0.403796 0.161436
vn -0.285244 0.595917 0.750678
v 0.023650 -0.406514 0.157681
vn 0.237647 0.267467 0.933802
v 0.038666 -0.410786 0.163507
vn -0.146863 0.765333 0.626656
v 0.049929 -0.377517 0.140205
vn -0.317038 0.694680 0.645683
v 0.039045 -0.385856 0.143059
vn 0.259035 0.589454 0.765144
v 0.052518 -0.381012 0.145513
vn 0.123801 0.405010 0.905892
v 0.029605 -0.337904 0.089977
vn 0.121345 0.478791 0.869502
v 0.022226 -0.344765 0.095544
vn -0.010243 0.083016 0.996496
v -0.041697 -0.478743 0.183070
vn 0.609061 0.246838 0.753735
v 0.059638 -0.380624 0.138652
vn 0.561387 0.159200 0.812096
v 0.065722 -0.375316 0.132826
vn 0.081888 0.733545 0.674690
v 0.057696 -0.371433 0.134898
vn -0.593139 0.449443 0.667973
v 0.017771 -0.287561 0.089612
vn -0.031605 0.341374 0.939396
v -0.032006 -0.354269 0.110349
vn 0.111948 0.668007 0.735687
v -0.083667 -0.353697 0.109007
vn -0.345932 0.069123 0.935710
v -0.026567 -0.186609 0.070420
vn 0.052395 -0.100976 0.993508
v -0.019717 -0.196800 0.075996
vn -0.435239 0.099045 0.894850
v -0.065673 -0.309942 0.043374
vn -0.474340 0.305332 0.825696
v -0.061789 -0.311107 0.047128
vn -0.090809 -0.293012 0.951787
v -0.064378 -0.301010 0.047258
vn -0.112902 0.500926 0.858095
v -0.093720 -0.399793 0.118985
vn 0.023061 0.075137 0.996907
v 0.019863 -0.515957 0.184365
vn 0.055253 0.100424 0.993409
v -0.003065 -0.478918 0.181659
vn 0.378013 0.708715 0.595675
v 0.117451 -0.431961 0.143299
vn -0.114612 0.332946 0.935955
v -0.080560 -0.450011 0.171662
vn 0.006070 0.604425 0.796639
v -0.044313 -0.414799 0.166355
vn -0.247484 0.849718 0.465543
v -0.105872 -0.416172 0.145405
vn 0.035916 0.037557 0.998649
v -0.066579 -0.507488 0.182925
vn -0.040482 0.156796 0.986801
v -0.036157 -0.440949 0.179688
vn -0.198483 0.077415 0.977042
v -0.040041 -0.445480 0.177747
vn 0.112626 0.211755 0.970812
v -0.108202 -0.370175 0.121919
vn -0.021896 -0.050432 0.998487
v -0.050656 -0.289877 0.046870
vn 0.612367 0.558261 0.559779
v 0.069088 -0.361465 0.085058
vn -0.361953 -0.465220 0.807812
v -0.096277 -0.037755 0.132876
vn -0.536256 -0.390969 0.748046
v -0.107542 -0.058269 0.112527
vn -0.543632 0.502284 0.672440
v -0.004083 -0.318682 0.093455
vn -0.038347 0.248906 0.967768
v -0.092793 -0.436871 0.164737
vn -0.263382 0.136364 0.955005
v -0.087033 -0.429686 0.165449
vn 0.088248 0.248104 0.964705
v 0.014623 -0.443103 0.175855
vn 0.361375 -0.160216 0.918553
v 0.035827 0.264847 0.113127
vn -0.874508 -0.149661 -0.461342
v -0.127470 0.043962 0.017839
vn -0.999047 0.018547 -0.039516
v -0.121423 0.048819 0.000653
vn -0.887475 -0.060386 0.456883
v -0.154348 -0.055308 -0.067049
vn -0.567810 -0.033383 0.822483
v -0.150206 -0.019320 -0.062001
vn -0.763211 0.048658 0.644315
v -0.151371 -0.004174 -0.062130
vn -0.978803 -0.013285 -0.204375
v -0.140011 -0.119965 -0.005173
vn -0.981700 0.090304 0.167661
v -0.124748 0.064895 -0.019450
vn -0.471620 0.081569 0.878021
v -0.107820 0.029735 0.139011
vn -0.973474 -0.096445 0.207476
v -0.144354 0.082208 0.083471
vn -0.992108 -0.078971 0.097390
v -0.147770 0.094771 0.062654
vn 0.275097 0.426675 0.861551
v 0.140963 0.406366 0.012513
vn -0.119275 -0.683479 0.720160
v -0.212732 0.511827 0.016448
vn -0.269538 0.013122 0.962900
v -0.060506 0.298387 0.111812
vn -0.699363 -0.104406 0.707101
v -0.216615 0.512603 0.015412
vn -0.232637 0.091320 0.968267
v -0.073757 0.275347 0.111345
vn 0.021251 0.232982 -0.972249
v -0.018706 0.778432 -0.078091
vn -0.208497 0.106228 0.972237
v -0.057983 0.597772 0.113570
vn 0.014381 -0.071029 0.997371
v 0.038134 0.138052 0.101632
vn -0.145721 -0.351278 0.924861
v 0.090512 0.070844 0.079945
vn -0.576687 0.239088 0.781198
v 0.135405 0.101261 0.116747
vn 0.378098 -0.374128 0.846800
v 0.158571 0.084213 0.117108
vn -0.402770 0.347406 0.846809
v 0.118669 0.122043 0.110302
vn -0.730131 0.412119 0.545039
v 0.112973 0.121137 0.103829
vn -0.384280 0.543259 0.746458
v 0.120093 0.129551 0.096191
vn -0.390650 -0.352170 0.850511
v 0.139640 0.089032 0.121046
vn 0.447566 -0.204825 0.870478
v 0.005785 0.097317 0.097227
vn -0.510041 0.383424 0.769964
v 0.109348 0.124373 0.095285
vn -0.121809 0.667759 0.734344
v 0.129025 0.128645 0.102534
vn 0.227176 -0.037732 0.973123
v 0.080091 0.101589 0.083246
vn 0.356822 -0.137832 0.923948
v 0.073101 0.090974 0.085058
vn 0.248366 -0.166279 0.954288
v 0.060550 0.122116 0.103908
vn 0.243530 -0.057001 0.968217
v 0.060164 0.164226 0.103639
vn -0.380958 -0.089440 0.920256
v 0.098523 0.101374 0.084969
vn 0.101173 -0.227791 0.968440
v 0.103134 0.047866 0.066158
vn 0.313151 0.090909 0.945342
v 0.096273 0.043077 0.068877
vn 0.228554 0.083558 0.969939
v -0.007160 0.184310 0.135027
vn 0.244621 -0.171634 0.954307
v 0.097050 0.033238 0.070042
vn 0.020878 0.156844 0.987403
v -0.011561 0.159714 0.138393
vn -0.213539 -0.055934 0.975332
v 0.009798 0.038416 0.085964
vn 0.881631 -0.221015 0.416988
v -0.003017 0.055504 0.097227
vn 0.725802 -0.145857 0.672263
v -0.000558 0.056799 0.090884
vn 0.527647 -0.232465 0.817037
v 0.002420 0.062753 0.091660
vn 0.382480 -0.253508 0.888506
v 0.072713 0.077252 0.081304
vn -0.139309 0.123601 0.982505
v -0.037968 0.113022 0.126862
vn 0.108031 0.100832 0.989021
v -0.059393 0.090539 0.133710
vn 0.882858 -0.135584 0.449643
v -0.006646 0.068494 0.113713
vn -0.029650 0.012245 0.999485
v -0.038747 0.038157 0.143312
vn 0.335287 -0.108105 0.935893
v -0.033180 0.041264 0.143830
vn 0.092550 0.107701 0.989866
v -0.033439 0.051491 0.142665
vn 0.626899 -0.225308 0.745811
v -0.032144 0.033885 0.140335
vn 0.713776 -0.171310 0.679100
v -0.006772 0.024694 0.088942
vn 0.345872 0.062443 0.936202
v 0.104040 0.036733 0.071595
vn 0.603464 -0.038779 0.796447
v 0.000607 0.079971 0.094767
vn 0.668156 -0.238855 0.704639
v 0.000996 0.088774 0.098392
vn -0.171846 0.278045 0.945071
v -0.032144 0.066249 0.139299
vn -0.190264 -0.105907 0.976004
v 0.013851 0.057025 0.089449
vn 0.627420 -0.093483 0.773049
v -0.015316 -0.029158 0.093214
vn 0.311221 -0.106944 0.944301
v 0.054589 -0.034595 0.078974
vn 0.386912 -0.153746 0.909209
v 0.077221 -0.027683 0.060694
vn 0.114753 0.160731 0.980305
v -0.029296 0.061847 0.142147
vn 0.252780 -0.023673 0.967234
v -0.016869 -0.039773 0.091013
vn -0.076504 -0.002795 0.997065
v -0.043925 -0.092979 0.092825
vn 0.222430 -0.360670 0.905783
v -0.043148 -0.079386 0.096321
vn 0.117696 -0.309756 0.943504
v -0.055317 -0.095956 0.094120
vn 0.338359 -0.176940 0.924232
v 0.044233 -0.006439 0.077420
vn 0.760397 -0.256517 0.596653
v 0.040733 0.012445 0.090209
vn 0.202769 0.029014 0.978797
v 0.071125 -0.202848 0.082224
vn -0.400784 -0.022673 0.915892
v 0.025462 -0.102299 0.080268
vn 0.287127 -0.226180 0.930807
v 0.030511 -0.107477 0.080657
vn 0.010036 0.049945 0.998702
v 0.033877 -0.083788 0.080916
vn 0.428106 0.350057 0.833178
v 0.045139 -0.443926 0.160141
vn 0.142536 0.438842 0.887188
v 0.048893 -0.452341 0.164154
vn 0.001152 0.054188 0.998530
v 0.090356 -0.528421 0.183990
vn 0.662855 -0.308286 0.682337
v -0.038368 -0.017580 0.125258
vn -0.419274 0.142974 0.896531
v 0.025333 -0.077444 0.074443
vn -0.440132 0.151712 0.885024
v 0.020155 -0.084435 0.070430
vn 0.841768 -0.078599 0.534087
v 0.101581 -0.119387 0.065122
vn -0.276486 0.169319 0.945984
v 0.004879 0.003852 0.084023
vn 0.156094 0.099731 0.982694
v -0.004700 -0.005857 0.084411
vn 0.656921 -0.307239 0.688520
v 0.031029 0.000098 0.099169
vn 0.426657 -0.271666 0.862648
v -0.050607 -0.006363 0.143304
vn 0.053009 -0.031932 0.998083
v 0.013294 -0.132591 0.079686
vn 0.067198 -0.054264 0.996263
v 0.002420 -0.157835 0.079492
vn -0.135947 -0.379730 0.915054
v -0.079435 -0.132791 0.091650
vn 0.391226 -0.222768 0.892926
v -0.032921 -0.063722 0.098651
vn 0.297421 0.658803 0.691028
v 0.062097 -0.334409 0.086741
vn 0.466488 0.462350 0.754070
v 0.053424 -0.322240 0.070818
vn 0.737625 0.313482 0.598028
v 0.055236 -0.316544 0.066546
vn 0.184002 -0.070804 0.980372
v 0.021061 -0.069159 0.070559
vn 0.422140 -0.264621 0.867049
v 0.016012 -0.074079 0.072242
vn 0.450201 -0.147137 0.880721
v 0.086435 -0.156540 0.075479
vn 0.049358 0.164011 0.985223
v 0.086176 -0.144631 0.074702
vn -0.245084 0.131900 0.960487
v 0.048461 -0.172876 0.054056
vn -0.052188 0.231821 0.971358
v -0.056974 0.027430 0.140839
vn -0.298656 0.353483 0.886484
v -0.003535 -0.033301 0.091919
vn 0.106047 0.268199 0.957509
v -0.008066 -0.026440 0.088295
vn -0.090824 -0.092225 0.991587
v -0.055317 -0.119193 0.096968
vn -0.290763 0.213942 0.932569
v -0.045608 -0.102558 0.094508
vn -0.168822 -0.056176 0.984044
v -0.055317 -0.103982 0.090884
vn -0.557970 0.342053 0.756088
v -0.054669 -0.244051 0.068229
vn -0.004688 -0.236434 0.971636
v -0.043925 -0.238355 0.071207
vn 0.069754 -0.435543 0.897461
v -0.066320 -0.287158 0.054766
vn -0.027977 -0.537371 0.842882
v -0.070455 -0.158887 0.068330
vn -0.682230 -0.093843 0.725091
v -0.049362 -0.216736 0.044410
vn -0.586563 -0.403427 0.702275
v -0.047938 -0.211558 0.045834
vn 0.442878 0.717455 0.537696
v 0.112066 -0.367031 0.071983
vn 0.497068 -0.010134 0.867653
v -0.028018 -0.416253 0.159724
vn 0.405242 0.154680 0.901029
v -0.011561 -0.408974 0.148620
vn 0.755641 0.496948 0.426673
v 0.118035 -0.402810 0.100832
vn 0.582613 0.758343 0.292365
v 0.145051 -0.449476 0.134821
vn 0.783401 0.007095 0.621476
v 0.049152 -0.410786 0.155092
vn 0.448089 0.364395 0.816353
v 0.045010 -0.401983 0.158329
vn 0.543913 0.308332 0.780442
v 0.052388 -0.420495 0.147584
vn 0.078071 0.228377 0.970438
v 0.039211 -0.482686 0.178204
vn 0.013223 0.078534 0.996824
v 0.055850 -0.521060 0.183779
vn -0.097966 0.755346 0.647963
v -0.053867 -0.348904 0.102013
vn -0.271601 -0.441196 0.855324
v -0.069763 -0.186889 0.056074
vn -0.008946 0.414906 0.909820
v 0.065028 -0.464246 0.171502
vn -0.426743 0.749321 0.506368
v -0.027650 -0.338979 0.086741
vn 0.089274 0.156340 0.983660
v -0.019199 -0.363277 0.109007
vn -0.138521 0.912067 0.385934
v -0.105027 -0.337904 0.054507
vn -0.103207 0.447186 0.888467
v -0.085220 -0.327418 0.045316
vn -0.182613 0.736835 0.650943
v 0.010446 -0.355380 0.104088
vn 0.237960 0.073662 0.968478
v 0.006433 -0.348908 0.100204
vn 0.019856 0.481861 0.876023
v -0.006383 -0.361335 0.105123
vn -0.276156 0.800943 0.531251
v -0.057452 -0.340582 0.068051
vn -0.316463 0.487880 0.813526
v -0.012726 -0.339458 0.102923
vn 0.208271 0.042527 0.977146
v -0.007419 -0.350849 0.106030
vn -0.443663 0.335335 0.831092
v -0.083537 -0.424767 0.167002
vn 0.216942 0.527141 0.821620
v 0.097568 -0.425673 0.143442
vn -0.858907 -0.116348 0.498741
v -0.044313 -0.210522 0.053083
vn 0.056544 0.949913 0.307357
v -0.088487 -0.345188 0.091377
vn -0.017658 0.440704 0.897479
v -0.039782 -0.436289 0.176841
vn 0.043064 0.396414 0.917061
v -0.046643 -0.425803 0.172439
vn -0.173274 0.206646 0.962951
v -0.059432 -0.444122 0.172896
vn 0.038062 0.528868 0.847850
v -0.014733 -0.436289 0.177229
vn -0.177555 0.358436 0.916514
v -0.113696 -0.448265 0.170091
vn -0.208166 0.591244 0.779165
v -0.151282 -0.453694 0.160506
vn -0.002567 0.034136 0.999414
v -0.002039 -0.536056 0.185160
vn -0.000893 0.026265 0.999655
v -0.020006 -0.552592 0.185415
vn -0.050824 0.143318 0.988371
v -0.071575 -0.482421 0.184022
vn -0.075850 0.538047 0.839495
v -0.058812 -0.383601 0.114056
vn -0.143339 0.398870 0.905736
v -0.131437 -0.408529 0.116313
vn -0.187222 0.462322 0.866722
v -0.063213 -0.424961 0.169721
vn -0.298502 0.712349 0.635182
v -0.137828 -0.427647 0.144057
vn -0.074692 0.320917 0.944158
v -0.129689 -0.472366 0.174747
vn -0.004150 0.052082 0.998634
v -0.133273 -0.537243 0.185415
vn 0.376358 0.650606 0.659596
v 0.133167 -0.448587 0.157552
vn 0.025180 0.004626 0.999672
v 0.051198 -0.577571 0.184369
vn 0.085909 0.521863 0.848692
v 0.074059 -0.436240 0.154467
vn 0.000148 0.010868 0.999941
v -0.084857 -0.564086 0.185637
vn -0.608681 -0.303564 0.733045
v -0.043459 0.758136 0.058442
vn -0.856923 -0.340898 0.386615
v -0.060517 0.776197 0.044057
vn -0.036686 0.231918 0.972043
v 0.036207 -0.268517 0.093861
vn -0.075093 0.707195 0.703019
v -0.025413 -0.435771 0.174899
vn -0.140618 0.783735 0.604968
v -0.012172 -0.427113 0.164570
vn -0.541103 0.455650 -0.706817
v -0.087391 0.946571 0.003613
vn 0.927407 0.155770 0.340076
v 0.055265 0.887546 0.119350
vn 0.168622 -0.153877 0.973596
v 0.006672 0.254337 0.124901
vn -0.646080 0.752161 -0.129746
v -0.151283 0.734603 0.000757
vn -0.583867 0.144189 -0.798942
v -0.164575 0.644665 -0.039919
vn -0.884690 0.260604 -0.386536
v -0.181604 0.672184 -0.011781
vn -0.974616 0.215696 0.059998
v -0.186600 0.658806 0.006412
vn -0.860829 0.482562 0.161579
v -0.186453 0.661345 0.000266
vn -0.990648 -0.000940 0.136438
v -0.186712 0.658756 0.000914
vn -0.984381 0.173403 -0.030413
v -0.192718 0.624648 0.000287
vn -0.902200 -0.333324 0.273733
v -0.226034 0.504699 -0.002153
vn -0.464806 -0.577423 0.671222
v -0.216486 0.510661 0.014636
vn -0.802934 -0.005335 0.596044
v -0.139912 -0.095262 -0.062003
vn 0.293985 0.351395 0.888873
v 0.153491 0.103790 0.125318
vn -0.244521 0.033505 0.969065
v 0.145206 0.097835 0.125189
vn 0.102319 0.224883 0.968999
v 0.168249 0.049938 0.109525
vn 0.226128 -0.002948 0.974093
v 0.078773 0.047509 0.079732
vn 0.680382 -0.140189 0.719324
v 0.005915 0.173954 0.112632
vn 0.544946 -0.135230 0.827494
v 0.008763 0.187287 0.112891
vn 0.498169 -0.214466 0.840138
v 0.008633 0.167611 0.108101
vn 0.601804 -0.163340 0.781762
v 0.051612 0.024953 0.081434
vn -0.088644 0.014766 0.995954
v -0.081987 0.006226 0.147334
vn 0.582558 -0.205426 0.786401
v 0.048468 -0.084626 0.069690
vn 0.490015 -0.244669 0.836674
v 0.022018 -0.150616 0.066697
vn -0.304075 -0.125802 0.944305
v -0.074864 -0.273695 0.060333
vn 0.728096 -0.140669 0.670887
v 0.047075 -0.296112 0.080838
vn -0.519762 0.435782 0.734807
v -0.003489 -0.286667 0.067251
vn 0.952916 0.024041 0.302280
v 0.210232 -0.555765 0.168843
vn 0.006143 0.211416 0.977377
v 0.078861 -0.491572 0.179741
vn 0.567028 -0.796432 0.210177
v 0.128248 0.009678 0.046352
vn 0.117227 -0.607793 0.785395
v 0.120740 0.013691 0.057614
vn 0.250197 -0.099725 0.963045
v 0.076855 0.026248 0.078844
vn 0.507352 -0.010909 0.861670
v 0.110901 -0.023980 0.058909
vn -0.547348 0.209630 0.810225
v 0.016401 -0.106830 0.074055
vn 0.461645 0.006117 0.887044
v 0.104658 -0.078258 0.064078
vn -0.039468 0.174816 0.983810
v 0.094072 -0.113691 0.069912
vn 0.657092 -0.066097 0.750907
v -0.005995 0.012914 0.086482
vn 0.010497 0.044338 0.998961
v 0.002808 0.013043 0.081951
vn 0.459057 -0.231695 0.857662
v 0.041701 -0.116049 0.062721
vn -0.164847 0.111768 0.979966
v -0.020364 -0.069936 0.098004
vn 0.269229 -0.116817 0.955965
v 0.052388 0.012267 0.078586
vn 0.817149 -0.211316 0.536295
v -0.021022 0.010473 0.116420
vn 0.769051 -0.228632 0.596898
v -0.022285 -0.025351 0.105024
vn 0.654409 -0.416812 0.630885
v 0.007225 -0.074079 0.082536
vn -0.531461 0.398482 0.747503
v 0.027931 -0.249934 0.072299
vn 0.877457 -0.168366 0.449136
v 0.083077 -0.224188 0.055920
vn 0.898017 -0.148868 0.414010
v 0.088774 -0.190726 0.062652
vn -0.125535 0.026629 0.991732
v 0.055208 -0.147840 0.053175
vn 0.246304 0.090696 0.964940
v 0.060803 -0.236024 0.087324
vn 0.343483 -0.427194 0.836376
v -0.057559 -0.037841 0.129117
vn -0.293574 -0.479192 0.827157
v -0.085901 -0.219561 0.037321
vn -0.086103 -0.055337 0.994748
v 0.001643 -0.228257 0.051530
vn -0.163673 -0.038155 0.985777
v -0.033180 -0.081846 0.095673
vn -0.414772 0.108687 0.903411
v -0.031627 -0.209616 0.073278
vn 0.275895 -0.257043 0.926181
v -0.025542 -0.215312 0.073796
vn 0.459971 -0.467052 0.755175
v -0.028908 -0.247934 0.054248
vn 0.394810 -0.410474 0.821971
v -0.049086 -0.267217 0.057548
vn -0.307438 -0.109445 0.945253
v -0.057647 -0.252983 0.066546
vn 0.129440 -0.336896 0.932602
v -0.050138 -0.247157 0.068747
vn -0.145605 -0.013249 0.989254
v -0.013823 -0.157509 0.071638
vn -0.069244 -0.498713 0.863997
v -0.083036 -0.085878 0.107326
vn 0.057453 -0.560868 0.825909
v -0.060882 -0.140719 0.085931
vn -0.269614 -0.574352 0.772935
v -0.095387 -0.157598 0.071254
vn -0.552711 -0.469882 0.688275
v -0.047808 -0.202496 0.053860
vn -0.784793 0.181334 0.592637
v -0.037452 -0.208969 0.066935
vn 0.671901 0.146153 0.726077
v 0.064298 -0.345153 0.088942
vn -0.342612 0.239281 0.908494
v -0.013122 -0.262769 0.053302
vn -0.249980 0.156106 0.955584
v -0.029814 -0.270071 0.048164
vn 0.379267 0.469959 0.797054
v 0.042291 -0.329490 0.081692
vn 0.080087 0.510140 0.856355
v 0.015601 -0.388135 0.133928
vn 0.157677 0.685025 0.711251
v 0.044233 -0.344636 0.104476
vn 0.661193 0.666508 0.344371
v 0.136150 -0.432775 0.110411
vn 0.541682 0.609852 0.578499
v 0.080091 -0.328842 0.067970
vn 0.489037 0.682960 0.542594
v 0.090318 -0.331173 0.060333
vn 0.551082 0.552326 0.625496
v 0.105335 -0.347613 0.063051
vn -0.336303 0.797274 0.501254
v -0.008221 -0.374271 0.127196
vn -0.128830 0.692114 0.710198
v -0.041724 -0.384119 0.116645
vn -0.365295 0.820426 0.439842
v -0.024934 -0.379512 0.120488
vn -0.304479 0.695511 0.650813
v -0.013503 -0.369620 0.111726
vn 0.480626 0.088473 0.872451
v 0.037501 -0.428457 0.168102
vn 0.791423 -0.068996 0.607363
v 0.051353 -0.415058 0.146290
vn 0.044250 0.038615 0.998274
v 0.003196 -0.334150 0.106936
vn -0.295301 0.336948 0.894015
v -0.001076 -0.330655 0.104994
vn 0.243084 -0.187486 0.951714
v 0.002678 -0.340364 0.104865
vn 0.376807 -0.035850 0.925598
v 0.007986 -0.332338 0.104347
vn -0.011534 0.230572 0.972987
v 0.008763 -0.322111 0.104347
vn 0.183617 0.447877 0.875038
v 0.134667 -0.473223 0.166710
vn 0.537471 0.023444 0.842956
v 0.038537 -0.442114 0.164284
vn 0.080270 0.690182 0.719170
v -0.105803 -0.354474 0.112891
vn 0.169134 0.525868 0.833581
v -0.022177 -0.424767 0.155092
vn 0.073894 0.974395 0.212356
v -0.116678 -0.339756 0.087451
vn 0.596310 -0.021445 0.802468
v 0.203525 -0.564836 0.181371
vn 0.459843 0.211422 0.862465
v 0.165497 0.346397 0.031500
vn -0.962644 -0.020066 -0.270026
v -0.128004 -0.021794 -0.022566
vn -0.339579 -0.404392 0.849207
v 0.123211 0.154589 0.109833
vn -0.671902 -0.174659 0.719751
v 0.116986 0.169164 0.111596
vn -0.438516 0.166696 0.883129
v -0.109644 0.163119 0.120254
vn -0.988911 0.121301 -0.085674
v -0.152696 0.007713 -0.073096
vn -0.781535 -0.015113 0.623678
v -0.133136 -0.028358 -0.054206
vn -0.970265 0.033194 0.239760
v -0.155254 -0.018802 -0.067438
vn -0.923979 0.121325 0.362690
v -0.128906 -0.065671 -0.044662
vn -0.794236 0.176755 0.581332
v -0.087366 -0.268823 0.014915
vn -0.954223 0.202502 0.220116
v -0.222128 0.520495 0.003437
vn -0.341160 -0.196938 0.919144
v -0.103473 0.468589 0.091660
vn -0.222216 0.073985 0.972186
v 0.009022 -0.032654 0.100851
vn 0.672776 -0.330177 0.662084
v 0.016789 -0.037961 0.095803
vn 0.406772 -0.264694 0.874342
v 0.017048 -0.029288 0.100722
vn -0.465538 0.263999 0.844736
v 0.003105 -0.017626 0.091233
vn 0.469223 0.007247 0.883050
v 0.028828 -0.331949 0.089848
vn 0.197661 -0.085400 0.976543
v 0.103352 -0.004998 0.056029
vn 0.542059 0.100015 0.834368
v 0.097309 -0.119517 0.070430
vn 0.937062 -0.153686 0.313520
v 0.097350 -0.170421 0.040001
vn 0.491806 0.011281 0.870632
v 0.082939 -0.168320 0.075996
vn -0.392428 0.233820 0.889567
v 0.071159 -0.179453 0.077162
vn -0.554775 0.193671 0.809145
v -0.041530 -0.225409 0.071919
vn -0.512836 0.230128 0.827068
v 0.078667 -0.151750 0.072631
vn -0.484301 0.255430 0.836785
v 0.053038 -0.200340 0.069087
vn 0.573479 -0.380258 0.725621
v -0.040095 -0.052570 0.111771
vn -0.089906 -0.318210 0.943747
v -0.042472 -0.163922 0.069445
vn -0.535771 -0.032842 0.843725
v -0.036028 -0.196800 0.066805
vn 0.172910 -0.355295 0.918623
v -0.027743 -0.253630 0.048552
vn -0.066380 0.031557 0.997295
v -0.017905 -0.251429 0.049459
vn 0.044367 0.705022 0.707796
v 0.039832 -0.368779 0.121046
vn 0.434244 0.604206 0.668108
v 0.083069 -0.383731 0.127130
vn 0.368645 0.094997 0.924704
v 0.087341 -0.393828 0.133344
vn 0.438175 0.767679 0.467624
v 0.102783 -0.371567 0.094430
vn 0.017544 0.736091 0.676655
v 0.037113 -0.336868 0.090107
vn 0.306994 0.764220 0.567206
v 0.066499 -0.368326 0.128943
vn 0.628261 0.727214 0.276490
v 0.075561 -0.369361 0.121305
vn 0.453867 0.286903 0.843618
v 0.073230 -0.376222 0.127907
vn 0.584457 0.320002 0.745660
v 0.067923 -0.337127 0.085576
vn 0.572735 -0.133740 0.808757
v 0.028088 -0.316617 0.094349
vn 0.056739 0.197106 0.978739
v 0.026304 -0.292078 0.099169
vn 0.286023 0.674313 0.680802
v 0.086694 -0.363018 0.072501
vn 0.742938 -0.243323 0.623568
v 0.060542 -0.268215 0.076211
vn 0.475198 0.228951 0.849569
v 0.062874 -0.397582 0.136322
vn -0.145227 0.630003 0.762893
v -0.007419 -0.416612 0.150820
vn 0.484960 0.089781 0.869916
v 0.066628 -0.382436 0.129849
vn 0.206642 -0.051677 0.977051
v 0.192299 -0.577575 0.183449
vn -0.872264 0.008192 0.488967
v -0.151498 0.205010 0.071246
vn -0.743421 0.662571 0.091239
v -0.094853 0.879012 0.176126
vn -0.015100 0.203537 0.978951
v -0.090528 0.878956 0.177747
vn -0.199144 0.187796 0.961808
v -0.143086 -0.368973 0.126613
vn -0.339138 0.806865 0.483688
v -0.188136 -0.304246 -0.079347
vn -0.999699 0.017921 0.016749
v -0.230467 -0.480845 -0.097228
vn -0.965068 0.244469 -0.094229
v -0.227298 -0.456500 -0.129001
vn -0.062188 0.033238 0.997511
v -0.012993 0.233529 0.123395
vn 0.852948 -0.096297 0.513036
v -0.011820 -0.008705 0.090495
vn 0.652346 0.150611 0.742806
v -0.010785 -0.011035 0.085058
vn 0.271058 0.006309 0.962542
v 0.010057 -0.039903 0.102405
vn 0.115547 -0.215213 0.969707
v -0.012468 -0.237448 0.048941
vn -0.185665 -0.047995 0.981440
v 0.083846 -0.152139 0.076644
vn -0.165020 -0.329622 0.929579
v -0.089291 -0.104774 0.095324
vn 0.513066 -0.402844 0.757945
v -0.015889 -0.220231 0.063554
vn 0.380518 0.895556 0.230621
v 0.076557 -0.370323 0.104712
vn 0.275362 0.796044 0.538972
v 0.062874 -0.323535 0.070042
vn 0.487896 0.662391 0.568503
v 0.053683 -0.359782 0.105059
vn 0.270701 0.364159 0.891128
v -0.002500 -0.388520 0.144995
vn -0.050735 0.448568 0.892307
v -0.025154 -0.372598 0.109654
vn 0.550685 0.508101 0.662254
v 0.100166 -0.399670 0.126464
vn 0.492983 0.142234 0.858334
v 0.056013 -0.412599 0.143442
vn -0.061327 -0.171610 0.983254
v -0.156408 -0.403214 0.116124
vn -0.938616 -0.184430 0.291522
v -0.123937 -0.275524 -0.033286
vn -0.847566 0.180126 0.499186
v -0.151286 0.503102 0.068166
vn -0.785425 0.477670 0.393622
v -0.179721 -0.390462 -0.019152
vn -0.738333 0.643627 0.201516
v -0.163604 -0.398165 0.061045
vn -0.772828 -0.423928 0.472252
v -0.159398 0.480710 0.013221
vn -0.940232 -0.257408 0.222945
v -0.156020 0.472594 0.059321
vn -0.981746 -0.049855 0.183547
v -0.150384 0.495647 0.045025
vn -0.797007 0.099442 0.595728
v -0.135078 0.565273 0.079918
vn -0.439071 0.806634 0.395675
v -0.142961 0.734662 0.027199
vn 0.715439 0.205883 0.667652
v 0.186038 0.378084 0.014757
vn -0.972938 0.212612 0.090487
v -0.150934 0.411338 0.030529
vn 0.997555 0.066402 0.021805
v 0.088894 0.536940 0.097486
vn 0.930565 -0.059309 0.361292
v 0.088894 0.539012 0.102017
vn -0.804229 -0.315962 0.503373
v -0.119864 -0.257170 -0.009372
vn -0.793587 0.596346 0.120794
v -0.063816 -0.248477 0.043446
vn -0.817115 0.491365 0.301469
v -0.063472 -0.244957 0.032112
vn -0.087071 -0.389291 0.916990
v -0.083796 -0.241591 0.017743
vn -0.225541 -0.280919 0.932853
v -0.075741 0.498720 0.108960
vn -0.865049 0.261889 0.427907
v -0.140626 -0.361853 0.091143
vn 0.965228 0.134025 0.224435
v 0.193972 0.407296 -0.011553
vn 0.501839 0.150487 -0.851770
v 0.100916 0.680830 -0.070768
vn -0.604301 -0.301855 0.737363
v -0.198751 -0.361465 -0.036239
vn 0.407219 0.133517 -0.903518
v 0.143431 0.537430 -0.072693
vn -0.367888 -0.250945 0.895369
v 0.000152 0.297821 0.131316
vn -0.956469 0.253420 -0.144723
v -0.155049 0.397206 0.010361
vn 0.957549 0.112448 0.265435
v 0.108425 0.566884 0.058022
vn -0.403561 0.383478 0.830712
v -0.107447 0.571588 0.106425
vn -0.207878 -0.651152 0.729923
v -0.067967 0.868016 0.165531
vn -0.976899 0.149513 0.152690
v -0.161181 0.373799 0.035945
vn -0.045233 0.067260 -0.996710
v 0.127647 0.503151 -0.079809
vn -0.892244 0.246024 0.378647
v -0.199198 0.591220 0.012611
vn 0.282878 0.356175 0.890572
v 0.160894 0.383793 0.020748
vn 0.228140 0.567061 -0.791451
v -0.022677 0.951901 -0.005950
vn -0.558289 0.026905 0.829210
v -0.106968 0.545225 0.113150
vn -0.787858 0.496078 0.364947
v -0.058294 -0.243403 0.061368
vn -0.869188 0.459335 -0.183091
v -0.098166 -0.297774 0.026934
vn -0.214066 0.415292 -0.884143
v -0.059973 0.937287 -0.015162
vn -0.976866 0.156844 -0.145371
v -0.162805 0.360631 0.006909
vn -0.192011 -0.075817 0.978460
v -0.008976 0.269608 0.122434
vn -0.890946 -0.441207 0.107478
v -0.224821 0.490435 -0.023979
vn -0.273876 -0.352855 0.894699
v -0.093376 0.875331 0.177358
vn 0.121905 0.229932 -0.965542
v -0.028556 0.894459 -0.028215
vn -0.166780 0.293627 -0.941258
v -0.057047 0.874067 -0.030476
vn -0.706604 0.018546 0.707366
v -0.147234 0.560880 0.043054
vn 0.977628 0.143183 0.154084
v 0.199497 0.342903 0.005584
vn -0.708890 0.635109 0.306776
v -0.213611 -0.473326 0.153732
vn -0.780991 0.565674 0.264700
v -0.168444 0.715392 0.024218
vn -0.928506 0.123823 0.350065
v -0.182839 0.669771 0.023264
vn 0.857630 0.175485 -0.483400
v 0.156680 0.566130 -0.051927
vn -0.410159 -0.563505 0.717100
v -0.105704 0.787193 0.028104
vn -0.539770 -0.016812 0.841645
v -0.078787 0.770569 0.015261
vn 0.804948 0.195324 -0.560274
v 0.149048 0.598430 -0.052491
vn -0.479137 0.786892 0.388881
v -0.163151 -0.345542 -0.010090
vn -0.999348 0.036062 0.001728
v -0.229108 -0.524540 -0.141940
vn -0.999270 0.037962 -0.004302
v -0.230146 -0.534966 -0.116596
vn -0.999619 0.027118 0.005169
v -0.228567 -0.516808 -0.095256
vn 0.650255 0.094398 0.753829
v 0.160217 0.492797 -0.015883
vn -0.326432 -0.020197 0.945005
v -0.025998 0.402232 0.140287
vn 0.952531 0.115910 -0.281514
v 0.190034 0.431896 -0.036314
vn -0.690030 0.615252 0.381213
v -0.140497 -0.327807 -0.048408
vn -0.914080 0.137409 -0.381546
v -0.160562 -0.392145 0.066805
vn -0.780767 0.607907 -0.144401
v -0.165999 -0.404184 0.072501
vn -0.821361 -0.027829 -0.569730
v -0.166258 -0.382048 0.069524
vn -0.903767 0.344684 -0.253769
v -0.161857 -0.368326 0.063698
vn -0.822784 0.013627 0.568191
v -0.129744 -0.281244 -0.069697
vn -0.913517 0.406477 -0.016212
v -0.175190 -0.392404 0.012564
vn -0.990553 -0.134281 0.027818
v -0.177520 -0.380235 0.011788
vn -0.905039 0.330047 0.268280
v -0.175967 -0.384896 0.019684
vn -0.889397 0.430462 0.153867
v -0.176873 -0.371433 0.009846
vn -0.752967 0.203387 0.625839
v -0.171873 0.689563 0.039515
vn -0.931611 0.111763 -0.345847
v -0.154478 -0.380365 0.057355
vn -0.823757 0.380430 0.420353
v -0.155902 -0.360429 0.032241
vn -0.777700 -0.222633 -0.587893
v -0.192922 -0.327288 -0.081212
vn -0.562553 0.526975 0.637049
v -0.143863 -0.324700 -0.055528
vn 0.041745 0.749689 0.660472
v -0.159138 -0.318357 -0.063166
vn -0.146971 0.704389 0.694432
v -0.148134 -0.327160 -0.056564
vn -0.818399 0.385113 0.426510
v -0.119008 -0.304117 -0.027437
vn -0.917764 0.196972 0.344834
v -0.122244 -0.298680 -0.036628
vn -0.633594 0.740960 0.222569
v -0.187359 -0.299327 -0.092034
vn -0.346089 0.807787 0.477181
v -0.131694 -0.339328 0.038973
vn -0.119845 0.855003 0.504587
v -0.185029 -0.334409 -0.024459
vn -0.811463 0.559080 0.170169
v -0.219313 -0.454136 0.102476
vn 0.003534 0.157147 0.987569
v -0.132146 -0.502168 0.181835
vn -0.028118 0.394013 0.918675
v -0.154258 -0.478391 0.177789
vn -0.572237 -0.560273 0.598865
v -0.068015 0.824973 0.121358
vn -0.939713 0.319807 0.121092
v -0.215321 -0.427874 0.015283
vn -0.887894 0.381716 0.256783
v -0.212084 -0.422567 0.029393
vn -0.781429 0.585454 0.215902
v -0.212084 -0.417000 0.021238
vn -0.739937 -0.011744 0.672574
v -0.223994 -0.564059 0.180206
vn -0.834690 0.399845 0.378703
v -0.132858 -0.303422 -0.054768
vn -0.520881 0.605728 0.601479
v -0.122503 -0.335315 0.041950
vn -0.314915 0.617542 0.720743
v -0.112276 -0.335445 0.047776
vn -0.836553 0.282467 0.469460
v -0.145545 -0.347225 0.106159
vn -0.367244 0.782145 0.503369
v -0.142697 -0.343471 0.105123
vn -0.300189 0.952381 -0.053446
v -0.142439 -0.340105 0.077550
vn -0.968789 -0.090776 0.230668
v -0.149947 -0.364960 0.042598
vn -0.989802 0.141676 -0.014812
v -0.150465 -0.372468 0.044539
vn -0.936554 0.314260 -0.155266
v -0.151112 -0.359911 0.048552
vn -0.440378 0.044226 0.896723
v -0.175320 -0.349037 -0.015786
vn -0.744887 0.642337 0.180408
v -0.198362 -0.427615 0.070430
vn -0.317632 0.926027 -0.203923
v -0.142180 -0.341399 0.065899
vn -0.839535 0.495110 0.223713
v -0.207942 -0.433311 0.052695
vn -0.556279 0.821875 0.122779
v -0.203179 -0.406475 -0.006104
vn -0.727468 0.648078 0.225354
v -0.118101 -0.313696 0.033795
vn -0.479825 0.275975 0.832830
v -0.142309 -0.297903 -0.079606
vn -0.998332 0.053853 0.020810
v -0.227728 -0.494322 -0.059695
vn -0.978788 0.202351 0.032055
v -0.221125 -0.428213 -0.056435
vn -0.430260 0.892598 -0.134703
v -0.135578 -0.338681 0.002985
vn -0.775095 0.515102 0.365920
v -0.116390 -0.309819 -0.008838
vn -0.858621 0.155560 0.488438
v -0.105933 -0.292337 -0.008407
vn -0.980877 0.168772 0.096938
v -0.179333 -0.375316 0.012953
vn -0.799586 0.234367 0.552933
v -0.176873 -0.375963 0.016060
vn -0.947283 0.283175 -0.149891
v -0.194867 -0.308389 -0.084784
vn -0.697944 0.375300 0.609938
v -0.191890 -0.305023 -0.081807
vn -0.838334 0.096555 0.536539
v -0.177386 -0.371510 -0.021177
vn -0.344218 0.095010 0.934070
v -0.184770 -0.341270 -0.020576
vn -0.632276 0.772547 -0.058296
v -0.176873 -0.411951 0.076903
vn -0.925759 -0.352969 0.135582
v -0.202634 -0.364442 -0.042842
vn -0.878468 -0.379872 0.289814
v -0.208719 -0.355769 -0.039476
vn -0.997308 0.017715 -0.071159
v -0.210272 -0.347743 -0.043748
vn -0.960790 0.241753 -0.135787
v -0.203929 -0.334603 -0.061289
vn -0.875330 0.010269 -0.483417
v -0.172731 -0.392274 0.078715
vn -0.730094 -0.036065 -0.682394
v -0.167294 -0.398100 0.076514
vn -0.586471 0.574697 0.570767
v -0.218169 -0.481727 0.175934
vn -0.983022 0.155496 0.097405
v -0.227372 -0.499469 0.142072
vn -0.058077 0.018090 0.998148
v -0.193200 -0.549714 0.185433
vn 0.001662 0.028540 0.999591
v -0.162222 -0.551912 0.185387
vn 0.676316 0.525038 -0.516655
v 0.057472 0.802494 -0.037484
vn -0.767433 0.423143 0.481661
v -0.081012 -0.270948 0.054641
vn -0.090176 0.061293 0.994038
v -0.049498 0.230024 0.127023
vn -0.403523 0.904243 0.139693
v -0.142050 -0.342306 0.099169
vn -0.804981 0.522494 0.281079
v -0.145157 -0.365737 0.121046
vn -0.349998 0.710379 0.610625
v -0.140497 -0.356804 0.122082
vn -0.315322 -0.442073 0.839729
v -0.068132 -0.237837 0.021756
vn -0.567092 -0.326168 0.756321
v -0.062307 -0.232788 0.029005
vn -0.617586 0.783586 0.067677
v -0.134477 -0.329554 0.021820
vn -0.906587 0.336502 0.254689
v -0.097389 -0.293372 0.013082
vn -0.284053 0.950111 0.128851
v -0.127034 -0.341399 0.048941
vn -0.664881 0.746876 0.010492
v -0.143295 -0.347837 0.047538
vn -0.501601 -0.384671 0.774871
v -0.105069 -0.239869 0.016321
vn -0.970442 0.018318 0.240638
v -0.226974 -0.536664 0.173799
vn -0.575424 0.031406 0.817252
v -0.222700 -0.534285 0.182278
vn -0.837027 0.542259 -0.073081
v -0.150465 -0.352921 0.059556
vn -0.623837 0.345943 0.700822
v -0.150076 -0.371691 0.124930
vn -0.710487 0.665324 0.229243
v -0.156290 -0.383213 0.042339
vn -0.523580 0.825310 0.211486
v -0.125869 -0.340623 0.044539
vn -0.747360 0.586524 0.312158
v -0.204058 -0.423991 0.051918
vn -0.895381 0.416475 0.157613
v -0.145545 -0.344118 0.087259
vn -0.396322 0.106827 0.911875
v -0.166776 -0.406255 0.115350
vn -0.413119 0.489267 0.768082
v -0.169753 -0.415576 0.116256
vn -0.082048 0.518324 0.851239
v -0.159009 -0.414411 0.115998
vn -0.864787 0.247907 0.436675
v -0.173637 -0.414411 0.112761
vn -0.763071 0.554016 0.332850
v -0.173637 -0.424120 0.119104
vn 0.025933 0.100055 0.994644
v -0.165926 -0.514037 0.183271
vn -0.570561 -0.032208 0.820623
v -0.223088 -0.548395 0.181889
vn -0.059419 0.098736 0.993338
v -0.198404 -0.511964 0.184781
vn -0.431503 0.165594 0.886783
v -0.104550 0.223920 0.110294
vn -0.409763 0.182502 0.893749
v -0.101535 0.198601 0.116401
vn -0.627742 0.101963 0.771715
v -0.136162 0.261491 0.080961
vn -0.803981 0.493942 0.331113
v -0.129504 -0.311599 -0.033911
vn -0.857075 -0.011835 0.515055
v -0.198103 -0.373115 -0.038828
vn -0.023932 0.890783 0.453799
v -0.172617 -0.325035 -0.046170
vn 0.842394 0.392976 0.368704
v 0.029501 0.930523 0.121500
vn 0.247833 0.511444 -0.822802
v 0.051548 0.760248 -0.080512
vn -0.087591 0.716039 0.692543
v -0.170142 -0.341270 -0.017857
vn 0.652029 0.603154 0.459416
v 0.010786 0.955994 0.124972
vn -0.674207 0.118262 0.729012
v -0.135734 0.224993 0.088691
vn -0.922392 0.064727 0.380793
v -0.163678 0.319128 0.044253
vn -0.874026 0.040478 0.484190
v -0.160833 0.297136 0.049517
vn -0.390865 0.870360 0.299495
v -0.143604 -0.340623 -0.025236
vn -0.410801 0.022513 0.911447
v -0.044766 0.368181 0.130016
vn -0.436856 0.721937 0.536623
v -0.191631 -0.312920 -0.065625
vn -0.716655 0.462049 0.522413
v -0.205223 -0.340882 -0.034945
vn -0.317325 0.435064 0.842629
v -0.188653 -0.336739 -0.021223
vn 0.741755 0.628418 0.234289
v 0.123489 0.717071 0.001037
vn -0.838239 0.351678 0.416747
v -0.151759 -0.378682 0.037549
vn -0.700155 0.279181 0.657146
v -0.158750 -0.375834 0.030429
vn -0.763126 0.584569 0.275532
v -0.182569 -0.417129 0.090625
vn -0.629268 0.755967 0.180378
v -0.190492 -0.421060 0.080900
vn -0.852157 0.517183 0.079683
v -0.218298 -0.415705 -0.023035
vn -0.899262 0.433811 0.055993
v -0.215709 -0.407679 -0.051385
vn -0.875922 0.458569 -0.149920
v -0.217977 -0.416873 -0.083587
vn -0.059871 0.340636 -0.938287
v -0.042124 0.746730 -0.082993
vn -0.983022 -0.029494 0.181102
v -0.134154 0.851512 0.053601
vn -0.918616 0.366405 0.147957
v -0.218428 -0.436547 0.025121
vn -0.996037 0.087037 0.018282
v -0.230695 -0.475160 0.014794
vn -0.934322 0.353286 0.047232
v -0.221858 -0.457905 0.061215
vn -0.754393 0.647794 0.106088
v -0.211259 -0.438225 0.078926
vn -0.996796 0.079414 0.009573
v -0.227160 -0.485684 0.062600
vn -0.999060 -0.001198 0.043326
v -0.228947 -0.500087 0.043354
vn -0.999911 -0.004365 0.012599
v -0.228169 -0.500898 0.101656
vn -0.633442 0.422770 0.648087
v -0.066225 0.757562 0.038951
vn -0.998959 0.045583 0.001878
v -0.229453 -0.524470 -0.058988
vn -0.999629 0.026990 0.003644
v -0.230688 -0.546298 -0.083202
vn 0.069169 0.293183 0.953551
v 0.161777 0.259864 0.056744
vn 0.054755 0.560786 0.826148
v 0.158307 0.201873 0.084681
vn 0.337578 -0.307421 0.889682
v 0.164459 0.158388 0.104336
vn 0.995641 0.064408 -0.067466
v 0.065276 0.827333 0.020003
vn 0.803417 -0.027134 0.594798
v 0.199188 0.182498 0.097745
vn 0.275142 -0.161801 0.947691
v 0.195564 0.178614 0.100204
vn 0.746741 -0.362469 0.557669
v 0.197894 0.173177 0.096450
vn -0.215591 0.425185 0.879055
v 0.166574 0.228943 0.071797
vn 0.108209 -0.082059 0.990736
v -0.012991 0.500217 0.115801
vn -0.900594 -0.357464 -0.247284
v 0.111549 0.166834 0.104865
vn -0.365012 0.105277 0.925031
v 0.123847 0.176025 0.117033
vn -0.999908 0.012468 0.005258
v -0.230313 -0.558121 -0.138567
vn -0.999820 -0.014127 -0.012644
v -0.228345 -0.505715 0.013755
vn -0.367141 -0.198565 0.908724
v -0.194997 0.530596 0.031630
vn -0.998378 0.053766 0.018723
v -0.230408 -0.531898 -0.191314
vn 0.572821 0.175069 0.800766
v 0.132190 0.287119 0.059828
vn -0.551691 0.335162 0.763743
v 0.107536 0.178873 0.087000
vn 0.432908 -0.039180 0.900586
v 0.084538 0.178540 0.094281
vn 0.138819 0.593765 -0.792573
v 0.049896 0.729256 -0.097234
vn 0.015792 0.902386 -0.430639
v 0.055236 0.714291 -0.109510
vn -0.579978 0.634314 0.511147
v 0.120093 0.179391 0.112632
vn -0.857819 0.332623 0.391802
v 0.112584 0.174860 0.101369
vn -0.795582 0.234418 0.558656
v 0.116468 0.175378 0.111984
vn -0.999840 0.001955 0.017756
v -0.228978 -0.531947 0.032458
vn 0.122610 0.276535 0.953150
v 0.134980 0.176413 0.119234
vn -0.654834 0.750672 -0.087656
v -0.109169 -0.317451 0.015542
vn -0.725129 0.614253 -0.311257
v -0.102696 -0.309295 0.023050
vn -0.805365 0.519277 0.285900
v -0.102567 -0.309942 0.014247
vn -0.819960 0.384291 0.424247
v -0.108910 -0.309295 0.005315
vn -0.784856 0.586270 0.200721
v -0.110464 -0.319004 0.007645
vn 0.437515 0.279130 0.854791
v 0.151161 0.173565 0.110819
vn -0.575352 -0.332134 0.747434
v -0.054799 -0.223856 0.036513
vn -0.894327 0.341532 0.289024
v -0.050786 -0.228387 0.046481
vn 0.906055 0.222545 -0.359914
v 0.146826 0.667630 -0.036242
vn -0.882751 0.220596 0.414834
v -0.211614 0.548337 0.012702
vn -0.476212 0.101396 0.873465
v -0.073893 -0.246899 0.017937
vn -0.581045 -0.593317 0.557101
v -0.073339 0.794054 0.033366
vn 0.240990 -0.035606 0.969874
v 0.052674 0.230003 0.107117
vn 0.819972 0.488767 -0.297915
v 0.135958 0.700473 -0.032619
vn -0.305858 0.157403 0.938976
v -0.073185 0.245862 0.115526
vn -0.793299 0.101585 0.600297
v -0.064119 -0.239908 0.023697
vn -0.144289 0.045711 0.988479
v -0.028603 0.184448 0.123282
vn -0.735787 0.558600 0.382863
v -0.104638 -0.296155 0.039750
vn -0.764543 -0.514415 0.388395
v -0.074600 0.802083 0.101749
vn -0.800036 -0.593609 0.087016
v -0.077706 0.803100 0.065592
vn -0.851198 0.515488 -0.098658
v -0.146581 -0.345671 0.064605
vn 0.394723 0.070137 0.916119
v 0.099251 0.187287 0.083893
vn -0.789170 -0.237412 -0.566432
v -0.150982 0.100165 0.019684
vn -0.935257 -0.034564 -0.352278
v -0.153701 0.107544 0.019943
vn -0.379883 -0.872988 0.305909
v -0.037506 0.760371 0.083012
vn 0.606588 -0.596987 0.525031
v 0.188444 0.156607 0.094379
vn -0.993672 0.000963 -0.112319
v -0.169851 0.263095 -0.000162
vn -0.974492 -0.066441 0.214364
v -0.123423 0.090684 -0.027579
vn -0.874654 0.052394 0.481907
v -0.147719 0.178050 0.081855
vn -0.655998 0.146609 0.740387
v -0.130251 0.194206 0.100498
vn -0.205820 0.428779 0.879651
v -0.103603 -0.329490 0.048811
vn -0.947983 0.206291 0.242431
v -0.144898 -0.354215 0.082210
vn 0.707776 0.095301 0.699979
v 0.127699 0.663898 0.028776
vn -0.356129 -0.822425 0.443609
v -0.087831 0.846570 0.136508
vn -0.649940 -0.696896 0.303172
v -0.090967 0.827188 0.090691
vn 0.739989 0.056097 0.670276
v 0.120754 0.320195 0.074543
vn 0.928669 0.139210 0.343794
v 0.102695 0.603506 0.060062
vn 0.386858 -0.096032 -0.917125
v 0.033478 0.451221 -0.071004
vn 0.359546 0.266757 0.894185
v 0.196599 0.187287 0.099557
vn -0.296112 0.842293 0.450400
v -0.028779 0.567621 0.124541
vn -0.639799 0.636587 0.430599
v -0.031886 0.566197 0.120787
vn -0.969091 -0.004025 0.246672
v -0.168195 0.257435 0.036346
vn -0.388456 -0.085150 0.917525
v -0.097196 0.384651 0.101283
vn -0.400526 0.247606 0.882196
v -0.093505 0.878179 0.177358
vn 0.639449 0.164035 0.751131
v 0.140805 0.316111 0.049144
vn 0.525192 0.004152 0.850974
v 0.102826 0.322662 0.091221
vn 0.043824 -0.087137 0.995232
v 0.189738 0.174730 0.098392
vn -0.846565 0.424629 0.320962
v -0.174931 -0.418683 0.105382
vn -0.887354 0.333842 0.318045
v -0.174411 -0.407714 0.102034
vn -0.992058 0.125708 0.004396
v -0.146969 -0.345153 0.076255
vn -0.089857 0.079058 0.992812
v -0.021354 0.355448 0.135440
vn -0.747077 0.660116 -0.078255
v -0.180627 -0.412987 0.084411
vn -0.838283 0.361870 -0.407837
v -0.174413 -0.405479 0.082987
vn -0.674298 0.156132 0.721765
v -0.157585 -0.383472 0.122211
vn -0.889880 0.454472 0.039614
v -0.169753 -0.380688 0.078715
vn -0.803966 -0.351597 0.479602
v -0.038876 0.326320 0.130755
vn -0.588753 0.741680 0.321375
v -0.190216 -0.430390 0.105589
vn -0.833039 0.489313 0.258107
v -0.162763 -0.389297 0.114185
vn -0.471943 0.003176 0.881623
v -0.106479 0.328066 0.096851
vn -0.368530 -0.041719 0.928679
v -0.071658 0.337475 0.114794
vn -0.586839 0.103989 0.802998
v -0.164834 -0.396676 0.117163
vn -0.273310 -0.211792 0.938321
v -0.155902 -0.390074 0.120787
vn -0.919237 0.362737 0.153056
v -0.175708 -0.398229 0.090625
vn -0.995277 0.096866 -0.006446
v -0.165699 0.327438 0.014075
vn -0.759941 0.620456 0.193712
v -0.155378 -0.380164 0.102048
vn -0.221232 0.703035 0.675868
v -0.189813 -0.467016 0.163895
vn -0.357981 0.728676 0.583850
v -0.177185 -0.439252 0.138273
vn -0.487035 0.163821 0.857881
v -0.221405 -0.499332 0.179688
vn -0.915733 0.194950 0.351323
v -0.224900 -0.499073 0.175546
vn -0.025914 0.365356 0.930507
v -0.186528 -0.488111 0.181062
vn 0.003595 0.222097 -0.975018
v -0.048387 0.782572 -0.075806
vn 0.364692 0.512589 -0.777337
v 0.015464 0.865620 -0.022623
vn -0.270790 0.137404 0.952782
v -0.053342 0.274068 0.119352
vn 0.445107 0.038219 0.894661
v 0.086934 0.350373 0.099009
vn -0.944172 0.309339 -0.113355
v -0.187488 -0.296091 -0.098895
vn -0.552658 -0.038414 0.832522
v -0.164220 0.618136 0.042724
vn -0.453153 -0.315572 0.833707
v -0.212343 0.515322 0.019814
vn 0.209864 -0.535894 0.817786
v -0.086648 0.873848 0.174735
vn -0.373420 -0.629388 0.681490
v -0.101917 0.860652 0.163856
vn 0.370697 -0.012700 0.928667
v 0.070581 0.251240 0.101300
vn 0.245395 -0.032145 -0.968890
v 0.099869 0.551083 -0.070622
vn -0.946867 0.037966 -0.319377
v -0.164500 0.268739 -0.020518
vn -0.481515 0.563175 0.671548
v 0.124708 0.188523 0.096811
vn -0.992100 0.071501 0.103081
v -0.225615 -0.461732 -0.071115
vn -0.697885 0.591977 0.403137
v -0.201907 -0.401804 -0.033748
vn -0.816936 0.045841 -0.574903
v -0.150335 -0.001973 -0.085432
vn 0.116618 -0.036171 -0.992518
v 0.101798 0.525935 -0.069346
vn 0.392874 -0.033963 0.918965
v 0.018498 0.289747 0.137856
vn -0.977015 0.210886 0.031124
v -0.227092 -0.449822 -0.002977
vn -0.926989 0.324170 0.188693
v -0.226446 -0.474951 0.121461
vn -0.989019 0.147788 -0.000057
v -0.229454 -0.477999 0.091053
vn -0.321137 0.024623 0.946712
v -0.087075 0.297243 0.109341
vn -0.850146 -0.047607 0.524390
v -0.040429 0.334605 0.132309
vn -0.366161 -0.346628 0.863583
v -0.032986 0.321725 0.133344
vn 0.543424 -0.040558 -0.838478
v 0.164915 0.441537 -0.064541
vn 0.395783 -0.449654 -0.800729
v 0.073715 0.487115 -0.073294
vn -0.852928 0.329592 0.404826
v -0.056223 -0.235118 0.036513
vn 0.902049 -0.184410 0.390257
v 0.106732 0.494401 0.056635
vn -0.983486 -0.172243 -0.055564
v -0.163915 0.188151 0.002009
vn -0.552131 0.059065 0.831663
v -0.117331 0.293455 0.090995
vn -0.576893 0.034317 0.816098
v -0.124161 0.335065 0.087722
vn -0.930818 0.344993 0.120656
v -0.098813 -0.303728 0.017613
vn -0.810417 0.321068 0.490040
v -0.103524 -0.303622 0.009493
vn -0.207520 0.820346 0.532887
v -0.107486 -0.337127 0.049717
vn -0.714387 0.695780 -0.074443
v -0.146063 -0.341658 0.071077
vn -0.895675 0.278736 0.346515
v -0.151868 0.397712 0.051870
vn -0.694774 0.025659 0.718770
v -0.140232 0.313578 0.074052
vn -0.948514 0.314592 -0.036781
v -0.139591 -0.364572 0.103829
vn -0.826093 0.555930 0.092257
v -0.147099 -0.342047 0.080657
vn -0.516503 0.832230 0.201538
v -0.142956 -0.339975 0.084540
vn -0.546981 0.719046 0.428700
v -0.201035 -0.449594 0.136838
vn 0.309193 0.738065 0.599717
v 0.139769 0.181462 0.110690
vn 0.056238 -0.116557 -0.991590
v 0.136343 0.465434 -0.080693
vn -0.538801 -0.380543 -0.751585
v 0.097736 0.436714 -0.047264
vn 0.399695 0.737948 -0.543762
v -0.006533 0.972695 0.022584
vn 0.760705 0.440529 -0.476720
v 0.086776 0.734437 -0.048357
vn -0.963894 0.158236 -0.214171
v -0.174413 -0.190198 -0.100578
vn 0.013673 0.505239 -0.862871
v -0.050481 0.823655 -0.061948
vn -0.081921 0.152465 -0.984908
v -0.060665 0.766440 -0.080369
vn -0.181762 0.299202 -0.936718
v -0.067613 0.787288 -0.076259
vn 0.018256 0.207830 -0.977995
v -0.046500 0.773375 -0.077947
vn 0.161274 0.371708 -0.914234
v -0.052339 0.777982 -0.077535
vn -0.001808 0.287577 -0.957756
v -0.049750 0.779147 -0.076499
vn 0.585612 -0.035414 0.809818
v 0.110899 0.293508 0.084238
vn -0.283174 0.504348 0.815748
v -0.088541 0.716514 0.064844
vn -0.516828 0.067028 0.853461
v -0.126390 0.654338 0.069992
vn -0.415005 0.256717 0.872850
v -0.092353 0.655270 0.089819
vn 0.115296 0.544695 -0.830671
v 0.005789 0.836846 -0.043458
vn 0.380560 -0.085452 -0.920800
v 0.068970 0.539399 -0.088288
vn 0.401696 0.493754 0.771264
v 0.200602 0.248068 0.066934
vn -0.016526 0.385817 -0.922427
v -0.046356 0.801548 -0.070752
vn -0.303537 0.461005 -0.833871
v -0.072602 0.812392 -0.061685
vn -0.068789 0.482856 -0.872994
v -0.013547 0.722179 -0.098590
vn -0.988762 0.074513 -0.129602
v -0.133089 -0.098890 -0.025576
vn -0.943459 -0.039157 0.329169
v -0.157326 -0.044563 -0.068862
vn 0.172755 -0.257428 -0.950729
v 0.154280 0.402864 -0.062440
vn -0.913078 0.392124 0.111926
v -0.179203 -0.409621 0.091790
vn -0.020849 0.520920 -0.853351
v 0.022511 0.738764 -0.091513
vn -0.380783 0.253537 0.889226
v 0.109348 0.187676 0.084411
vn 0.141632 0.403142 0.904111
v 0.174722 0.181333 0.098133
vn -0.329791 -0.128032 0.935332
v -0.082156 0.416316 0.113208
vn 0.168489 -0.271107 -0.947688
v 0.076261 0.460796 -0.051198
vn -0.751058 0.001118 0.660235
v -0.146408 0.342449 0.067148
vn 0.092522 0.413597 0.905747
v 0.121717 0.210545 0.087164
vn 0.046572 0.197350 0.979226
v 0.103781 0.188711 0.082728
vn -0.565648 -0.063768 0.822178
v -0.124437 0.361717 0.083857
vn -0.329658 0.193557 0.924046
v -0.107875 0.552993 0.111272
vn -0.581178 -0.025349 0.813382
v -0.124995 0.390367 0.093598
vn 0.042832 -0.117980 0.992092
v -0.003444 0.320019 0.138337
vn 0.403209 -0.093868 0.910281
v 0.019721 0.218571 0.111657
vn -0.273923 0.182226 0.944330
v -0.072914 0.217286 0.122869
vn -0.996770 -0.022071 0.077219
v -0.227360 -0.560046 0.159364
vn -0.831301 0.041095 0.554301
v -0.155324 0.241620 0.066017
vn 0.183872 0.344440 0.920626
v 0.164473 0.289124 0.048806
vn 0.402826 -0.129558 0.906061
v 0.021235 0.244176 0.113759
vn -0.651562 -0.173423 0.738507
v -0.043198 0.334471 0.122654
vn -0.472856 -0.201076 0.857890
v -0.038488 0.330463 0.133474
vn -0.191288 0.097617 0.976668
v 0.192975 0.181721 0.100204
vn 0.761971 0.460374 -0.455473
v 0.019416 0.952797 0.030089
vn 0.541997 -0.345838 -0.765921
v 0.181758 0.339460 -0.027720
vn 0.697399 0.299049 0.651310
v 0.112767 0.429715 0.011465
vn 0.812324 0.019816 0.582870
v 0.153728 0.573989 -0.004346
vn 0.726084 -0.038467 0.686529
v 0.155881 0.532541 -0.006647
vn 0.919219 -0.116151 -0.376225
v 0.193972 0.358166 -0.022520
vn -0.005175 0.476987 0.878895
v 0.146241 0.219467 0.066734
vn 0.469168 0.453292 0.757897
v 0.192639 0.279713 0.052599
vn -0.977278 0.211744 0.009594
v -0.227900 -0.443119 -0.087577
vn -0.999820 0.015193 0.011321
v -0.230816 -0.556026 -0.177187
vn -0.229051 0.345795 0.909924
v 0.184481 0.190029 0.093355
vn 0.226516 -0.464990 0.855848
v 0.144041 0.160361 0.117033
vn -0.769145 -0.164995 -0.617408
v 0.096273 0.431048 -0.042971
vn -0.728452 0.253248 0.636571
v -0.199880 0.569165 0.022851
vn -0.871712 0.400014 0.283033
v -0.169624 -0.400559 0.110431
vn 0.578212 0.275401 -0.768001
v 0.077994 0.400417 -0.064210
vn -0.138907 0.120408 0.982958
v -0.045750 0.250477 0.126599
vn 0.337147 0.558700 -0.757751
v 0.041031 0.788926 -0.062752
vn 0.313383 0.464440 -0.828304
v 0.021401 0.811483 -0.058000
vn -0.752951 0.027380 0.657507
v -0.140156 0.590214 0.057402
vn 0.283462 -0.015112 0.958864
v 0.057206 0.351845 0.106677
vn -0.422511 -0.168038 -0.890644
v 0.109995 0.480758 -0.071580
vn -0.505100 0.090637 -0.858289
v 0.107277 0.485936 -0.070027
vn 0.383101 0.126574 0.914993
v 0.128672 0.241931 0.062470
vn 0.176684 0.082101 0.980838
v -0.056482 0.453832 0.121046
vn 0.700678 -0.001903 0.713475
v 0.020385 0.353248 0.120200
vn -0.299047 0.087566 0.950212
v -0.044916 0.438373 0.125435
vn -0.185402 -0.273660 -0.943788
v 0.133813 0.426464 -0.068827
vn -0.279708 -0.164461 0.945894
v -0.036287 0.328780 0.133603
vn 0.003904 0.209521 -0.977796
v 0.095367 0.421986 -0.041676
vn 0.638278 0.061387 -0.767354
v 0.100185 0.383832 -0.049147
vn -0.805835 0.043411 0.590547
v -0.149070 0.373229 0.067652
vn -0.338327 -0.213687 0.916446
v -0.032585 0.306235 0.123932
vn 0.375028 -0.422135 -0.825322
v 0.047384 0.479859 -0.088186
vn 0.140969 -0.369969 -0.918287
v 0.015010 0.480732 -0.093652
vn 0.305059 0.384917 0.871079
v 0.196253 0.219255 0.085644
vn 0.382073 0.202660 0.901637
v 0.157055 0.321271 0.034833
vn 0.997427 0.065620 -0.028883
v 0.209912 -0.528552 0.065224
vn -0.544434 0.196079 0.815564
v -0.106377 0.904454 0.165963
vn -0.964245 0.249345 -0.089768
v -0.187488 0.660309 -0.000899
vn -0.873277 0.071538 0.481943
v -0.186036 0.640481 0.024753
vn -0.970334 0.075240 -0.229762
v -0.145849 0.423885 0.002408
vn -0.956995 0.061700 0.283468
v -0.161727 0.347350 0.041722
vn 0.035645 0.114428 -0.992792
v 0.093814 0.428200 -0.041547
vn -0.093573 0.068099 0.993281
v -0.022775 0.208842 0.122338
vn 0.457472 -0.008439 0.889184
v 0.011596 0.345151 0.136660
vn -0.282367 0.433672 0.855685
v -0.114273 0.708546 0.059886
vn -0.970934 -0.148323 -0.187849
v -0.121985 0.089680 -0.008795
vn -0.903318 0.297892 -0.308671
v -0.147164 0.049808 -0.075982
vn 0.624663 -0.009539 0.780837
v 0.125187 0.548596 0.012236
vn -0.864529 -0.322079 -0.385817
v -0.144119 0.151267 -0.065442
vn -0.299445 -0.771820 0.560916
v -0.198498 0.499325 0.003651
vn -0.803485 -0.161067 -0.573122
v -0.148911 0.112722 0.013471
vn -0.759395 -0.332935 -0.558994
v -0.146969 0.085926 0.022403
vn -0.952648 -0.118134 -0.280191
v -0.116378 0.815176 -0.007358
vn -0.927066 -0.203462 -0.314883
v -0.153183 0.094987 0.024215
vn -0.963787 -0.165706 0.208939
v -0.149604 0.452011 0.034825
vn -0.411900 -0.031239 0.910693
v -0.054939 0.407815 0.116214
vn -0.425903 0.031920 0.904206
v -0.070109 0.377966 0.111554
vn -0.678523 0.327346 -0.657610
v -0.105640 0.821457 -0.038389
vn -0.991972 0.108924 0.064238
v -0.153183 0.112593 0.022791
vn 0.470788 0.513471 -0.717430
v 0.036279 0.840794 -0.038632
vn -0.372447 0.693613 0.616591
v -0.098325 0.753017 0.019766
vn 0.200828 0.326551 -0.923598
v -0.023784 0.923546 -0.019793
vn -0.423709 0.505278 0.751775
v -0.144156 0.716265 0.048188
vn -0.737192 -0.653716 0.170889
v -0.062022 0.781373 0.078358
vn -0.901438 -0.407800 -0.145288
v -0.153828 0.156865 -0.022548
vn 0.109202 0.330780 -0.937368
v -0.023382 0.866513 -0.032839
vn -0.741458 0.560199 -0.369347
v -0.111709 0.966667 0.051177
vn -0.948708 0.315363 0.022343
v -0.180656 0.691768 0.012651
vn -0.001044 0.501818 -0.864972
v -0.041011 0.844953 -0.042099
vn -0.647594 0.115725 0.753146
v -0.117974 0.629453 0.079415
vn 0.587269 0.118842 -0.800619
v 0.128110 0.657035 -0.059899
vn 0.148537 0.114430 -0.982264
v -0.052080 0.780571 -0.076240
vn -0.219666 0.119339 0.968248
v -0.044442 0.458492 0.119493
vn 0.869284 -0.114604 0.480844
v 0.090176 0.523624 0.081011
vn 0.882631 0.164851 0.440212
v 0.113739 0.394722 0.063984
vn 0.906145 0.345884 0.243443
v 0.111145 0.429701 0.046131
vn 0.866357 0.325410 0.378858
v 0.101050 0.429532 0.066912
vn 0.730923 0.116645 -0.672418
v 0.072652 0.693842 -0.087296
vn -0.432781 0.163992 0.886458
v -0.092027 0.615647 0.101619
vn -0.982528 0.164107 -0.087796
v -0.139073 -0.009740 -0.007177
vn 0.699662 -0.085075 0.709390
v 0.128731 0.638906 0.027306
vn 0.966521 0.110250 0.231696
v 0.152097 0.651513 -0.005137
vn -0.658758 -0.000473 0.752355
v -0.133452 0.616903 0.062660
vn -0.992611 -0.114673 -0.039681
v -0.143602 0.026051 0.059087
vn 0.457504 -0.020038 -0.888982
v 0.094929 0.644817 -0.073737
vn 0.471324 0.074742 0.878787
v 0.138498 0.476310 -0.006845
vn 0.853462 0.498993 -0.150361
v 0.088891 0.748242 -0.029099
vn 0.798035 -0.043920 0.601008
v 0.144610 0.627246 0.009853
vn 0.613908 -0.193422 0.765314
v 0.120406 0.605622 0.023288
vn -0.822092 0.357480 -0.443140
v -0.125221 -0.059191 -0.026660
vn 0.587955 -0.094014 0.803412
v 0.121777 0.578222 0.017872
vn 0.489291 0.583772 0.647923
v 0.102669 0.718500 0.026963
vn 0.753268 0.134236 0.643869
v 0.087218 0.586037 0.087040
vn 0.534667 0.440698 -0.721053
v 0.107371 0.704371 -0.059830
vn 0.597287 0.272535 -0.754303
v 0.121001 0.683965 -0.059671
vn 0.653048 0.323367 -0.684809
v 0.088511 0.707934 -0.069454
vn 0.466207 0.109542 -0.877868
v 0.126172 0.628132 -0.064404
vn 0.213005 0.558493 0.801695
v 0.140827 0.189999 0.096406
vn 0.601454 0.217350 0.768773
v 0.080946 0.611477 0.088933
vn 0.320203 0.064292 -0.945165
v 0.098241 0.612404 -0.069989
vn 0.982741 0.147241 0.111985
v 0.169078 0.511098 -0.033188
vn -0.118949 -0.120976 -0.985503
v -0.002231 0.666222 -0.116489
vn 0.484311 0.313796 0.816685
v 0.165419 0.470003 -0.010385
vn -0.990902 0.128505 0.039989
v -0.143733 -0.044693 0.000396
vn 0.277317 0.244197 0.929227
v 0.142686 0.444694 0.001558
vn 0.481785 0.265945 -0.834959
v 0.061453 0.428221 -0.066990
vn -0.168014 -0.203798 -0.964488
v 0.099521 0.489559 -0.064738
vn -0.756851 -0.315285 -0.572514
v 0.105853 0.481017 -0.069250
vn 0.528133 -0.071514 -0.846145
v 0.070164 0.640962 -0.087922
vn 0.916060 0.061049 0.396367
v 0.107149 0.555829 0.028392
vn 0.855009 0.116640 0.505327
v 0.086526 0.552901 0.087453
vn 0.400310 0.135295 -0.906337
v 0.136154 0.573673 -0.070866
vn 0.278926 -0.118850 -0.952930
v 0.040384 0.510408 -0.094485
vn 0.233472 -0.055856 -0.970758
v 0.028288 0.541635 -0.098899
vn 0.896558 -0.035208 0.441526
v 0.104208 0.588364 0.032120
vn 0.962368 0.267848 -0.045874
v 0.183316 0.471834 -0.036960
vn 0.522337 0.306700 -0.795675
v 0.004590 0.900352 -0.013932
vn -0.433237 0.194803 0.879976
v -0.138816 0.683838 0.061240
vn -0.546786 -0.831053 0.101861
v -0.120544 0.840121 0.071239
vn 0.392106 0.346166 0.852304
v 0.173271 0.416516 0.008593
vn -0.535457 -0.839683 -0.090651
v -0.220758 0.486324 -0.029508
vn -0.091345 -0.976716 0.194116
v -0.213605 0.484387 -0.025707
vn 0.953296 -0.080483 -0.291117
v 0.198565 0.318327 0.003296
vn 0.889389 0.126905 -0.439183
v 0.148432 0.633420 -0.041881
vn 0.985959 0.165955 -0.018541
v 0.160405 0.574491 -0.030386
vn 0.685532 0.098480 0.721351
v 0.100566 0.652242 0.050583
vn 0.942905 0.140018 -0.302199
v 0.164540 0.537205 -0.045166
vn -0.469025 -0.283921 -0.836304
v 0.107252 0.451586 -0.061742
vn 0.708529 0.345627 0.615247
v 0.125990 0.373059 0.043138
vn 0.606851 0.773988 0.180764
v 0.101534 0.739511 -0.004956
vn 0.692860 0.240823 0.679668
v 0.133201 0.346718 0.053780
vn 0.934654 -0.022424 0.354852
v 0.112510 0.532721 0.061310
vn 0.892853 0.320463 0.316413
v 0.142917 0.684855 0.003582
vn 0.420481 0.031162 -0.906766
v 0.072503 0.563703 -0.087830
vn 0.752168 -0.036855 0.657940
v 0.146606 0.595894 0.003768
vn 0.949333 -0.070841 -0.306184
v 0.193500 0.381043 -0.027445
vn 0.668058 0.101982 0.737087
v 0.096364 0.412257 0.093787
vn -0.339015 -0.042249 -0.939832
v 0.094202 0.430271 -0.041159
vn 0.283813 0.322803 -0.902911
v 0.028343 0.417971 -0.083507
vn -0.256408 0.235509 -0.937438
v -0.061230 0.907415 -0.023587
vn 0.967809 0.087205 0.236095
v 0.162775 0.548819 -0.022324
vn 0.615007 -0.103589 0.781688
v 0.136568 0.514355 0.002023
vn 0.749542 0.265833 0.606234
v 0.088376 0.543413 0.104606
vn 0.763053 0.328579 0.556585
v 0.184308 0.444701 -0.012771
vn -0.542359 -0.720892 0.431464
v -0.098779 0.824510 0.050098
vn -0.630254 0.217781 -0.745219
v -0.093695 0.915253 -0.003261
vn -0.261354 0.389328 -0.883243
v -0.077222 0.740555 -0.081230
vn -0.266620 0.724530 0.635586
v -0.115219 0.733818 0.042976
vn -0.419602 0.107132 -0.901364
v -0.088989 0.755678 -0.074069
vn -0.975452 -0.201304 -0.089279
v -0.136278 0.830537 0.024586
vn -0.143942 -0.594559 -0.791063
v -0.188543 0.487182 -0.042796
vn -0.867106 -0.117807 -0.483993
v -0.223088 0.490078 -0.028602
vn -0.518177 -0.504306 -0.690774
v -0.220499 0.486842 -0.031450
vn 0.518604 0.702155 -0.487882
v 0.054071 0.714809 -0.111711
vn -0.701285 -0.683811 0.201500
v -0.129961 0.845332 0.092436
vn -0.413909 0.091408 -0.905718
v -0.203440 0.515057 -0.040237
vn -0.334540 0.483143 -0.809108
v -0.091952 0.742124 -0.071710
vn -0.248463 0.718655 -0.649462
v -0.092729 0.740829 -0.073392
vn -0.629400 0.310058 -0.712545
v -0.103985 0.789969 -0.058513
vn -0.887913 0.367400 -0.276818
v -0.123440 0.745588 -0.025784
vn -0.483340 0.333312 0.809497
v -0.041720 0.553901 0.132410
vn -0.634396 0.148444 -0.758621
v -0.178086 0.614392 -0.035548
vn -0.498385 0.163554 -0.851389
v -0.195377 0.547885 -0.039342
vn -0.774175 0.171057 -0.609420
v -0.221433 0.499358 -0.028963
vn -0.951050 0.286591 -0.115622
v -0.207664 0.572640 -0.005589
vn -0.788232 0.212589 -0.577491
v -0.108539 0.917859 0.014365
vn -0.960566 -0.268351 0.072809
v -0.134089 0.853389 0.056902
vn -0.559834 0.780003 0.279608
v -0.125874 0.747755 0.006803
vn -0.961850 0.157385 -0.223773
v -0.119815 0.781801 -0.034119
vn -0.604980 0.370220 -0.704937
v -0.105387 0.724135 -0.083242
vn -0.800741 0.246680 -0.545860
v -0.116780 0.737102 -0.065280
vn -0.224340 0.690794 -0.687368
v -0.062331 0.965925 0.006653
vn -0.641931 0.517695 -0.565613
v -0.098590 0.955960 0.022367
vn -0.749655 0.477042 -0.458746
v -0.116437 0.861636 -0.001589
vn -0.812881 0.328739 0.480786
v -0.120660 0.939361 0.129938
vn -0.950105 -0.197757 -0.241232
v -0.149947 0.073110 0.032889
vn -0.846045 -0.370531 -0.383294
v 0.105464 0.481146 -0.070286
vn 0.617250 0.151829 -0.771979
v -0.052469 0.779277 -0.075723
vn -0.742389 0.122500 -0.658674
v -0.082214 -0.077366 -0.133837
vn -0.009035 0.178802 -0.983844
v -0.047191 -0.095987 -0.154634
vn -0.395364 0.201083 -0.896244
v -0.067615 -0.085212 -0.153006
vn -0.423034 0.205303 -0.882549
v -0.068262 -0.070195 -0.149640
vn -0.210241 0.201222 -0.956718
v -0.049343 -0.048416 -0.145850
vn -0.033153 -0.463775 0.885332
v -0.033412 0.819141 0.139176
vn -0.247271 0.196981 -0.948713
v -0.073828 -0.180360 -0.174107
vn -0.297038 0.192493 -0.935262
v -0.069362 -0.150003 -0.168152
vn -0.373227 -0.118865 -0.920094
v -0.079909 0.617331 -0.091339
vn 0.041856 0.625510 0.779093
v -0.034414 0.677207 0.099978
vn 0.260142 0.095787 -0.960807
v -0.056172 -0.189878 -0.169059
vn -0.731695 0.199319 -0.651839
v -0.087151 -0.116590 -0.137383
vn 0.719805 -0.483017 0.498574
v 0.056524 0.843577 0.078792
vn -0.372425 0.207209 -0.904635
v -0.059383 0.428203 -0.079330
vn 0.516383 0.740223 -0.430603
v 0.139510 -0.405867 -0.159220
vn 0.369000 0.722544 -0.584610
v 0.116468 -0.404443 -0.180191
vn -0.545723 -0.545721 -0.635905
v -0.101272 0.136542 -0.095141
vn 0.581709 0.232032 -0.779600
v 0.198222 -0.508139 -0.248495
vn 0.859940 0.501664 -0.094007
v 0.200483 -0.477972 -0.198185
vn 0.541547 0.831774 -0.121978
v 0.188314 -0.468005 -0.199350
vn 0.724374 0.612444 -0.316537
v 0.165942 -0.417227 -0.137170
vn 0.727286 0.603502 -0.326865
v 0.169604 -0.437840 -0.163502
vn -0.488651 0.170542 -0.855649
v -0.106913 -0.100012 -0.113316
vn 0.661296 -0.601457 0.448260
v 0.036667 0.853021 0.103213
vn 0.886402 -0.041642 -0.461039
v 0.103701 -0.083550 -0.056619
vn -0.715623 0.225754 -0.660999
v -0.083498 -0.139151 -0.152082
vn 0.517319 -0.370620 0.771377
v -0.001490 0.828047 0.132888
vn 0.269116 0.099696 -0.957934
v -0.045548 -0.227884 -0.168857
vn 0.007356 0.038467 -0.999233
v -0.029743 -0.202088 -0.165422
vn 0.003316 0.212599 -0.977134
v -0.069500 -0.247057 -0.185476
vn 0.045626 -0.749193 0.660778
v -0.023197 0.773290 0.112539
vn -0.082545 0.161483 -0.983417
v -0.070204 -0.205732 -0.179156
vn -0.118079 -0.183668 -0.975871
v 0.043081 -0.349445 -0.174198
vn -0.828346 0.473735 -0.299029
v -0.198039 -0.406385 -0.108215
vn -0.599156 0.181558 -0.779775
v -0.093755 -0.233380 -0.165646
vn -0.648228 0.087984 -0.756346
v -0.112661 -0.253393 -0.153409
vn -0.708415 0.223554 -0.669456
v -0.095843 -0.168447 -0.146527
vn -0.607793 0.107423 -0.786796
v -0.098037 -0.016351 -0.106549
vn 0.011449 0.160420 -0.986982
v -0.008636 0.584652 -0.100077
vn -0.304313 0.163175 -0.938492
v -0.120595 -0.002495 -0.094446
vn -0.571607 0.238692 -0.785042
v -0.090295 -0.270470 -0.181975
vn 0.472448 0.417305 0.776305
v 0.063509 0.685806 0.068605
vn -0.437545 0.277301 -0.855371
v -0.121983 -0.206841 -0.132530
vn -0.953631 -0.073846 -0.291779
v -0.158647 0.210812 -0.031852
vn -0.183602 0.181622 -0.966077
v -0.130488 -0.076723 -0.103658
vn -0.275550 0.136899 -0.951489
v -0.125272 -0.037993 -0.098588
vn -0.641949 0.123110 -0.756800
v -0.147456 -0.024500 -0.092093
vn -0.536602 0.127757 -0.834108
v -0.102072 -0.059870 -0.109511
vn -0.254419 0.192759 -0.947689
v -0.146333 -0.087274 -0.105178
vn -0.240041 0.222490 -0.944922
v -0.129847 -0.148852 -0.117505
vn 0.314969 -0.106834 0.943070
v 0.013053 0.615647 0.122140
vn 0.215191 0.636061 0.741026
v 0.004102 0.637655 0.122600
vn -0.397065 0.249851 -0.883127
v -0.118858 -0.175328 -0.126101
vn -0.567132 0.227228 -0.791662
v -0.106218 -0.141554 -0.124286
vn -0.619873 0.715317 -0.322614
v -0.170737 -0.404516 -0.170670
vn -0.447118 0.123105 -0.885963
v -0.146840 -0.205862 -0.129187
vn -0.513510 0.070900 -0.855150
v -0.143733 -0.228516 -0.133459
vn 0.391154 0.084673 -0.916422
v -0.030355 -0.323728 -0.168464
vn -0.705074 0.190734 -0.683002
v -0.104250 -0.298291 -0.179285
vn -0.342011 0.604539 0.719418
v -0.073332 0.738764 0.052877
vn 0.465828 0.028484 -0.884417
v -0.048245 -0.294829 -0.176955
vn 0.138212 -0.010593 -0.990346
v -0.006863 0.551847 -0.106549
vn -0.179727 0.108172 -0.977751
v -0.025672 0.560113 -0.110934
vn 0.003842 0.155047 -0.987900
v 0.160864 -0.513557 -0.250575
vn -0.049344 0.093097 -0.994434
v 0.130861 -0.517378 -0.249901
vn 0.724344 0.102592 -0.681763
v 0.090844 -0.236044 -0.141320
vn 0.883379 0.028639 -0.467784
v 0.096167 -0.270220 -0.139488
vn 0.991815 -0.016069 0.126667
v 0.093532 -0.277002 -0.110014
vn 0.564513 0.361504 -0.742051
v 0.109708 -0.359223 -0.148081
vn 0.984648 0.014527 -0.173949
v 0.095249 -0.071306 -0.093086
vn 0.828816 -0.013875 -0.559349
v 0.106816 -0.156670 -0.049861
vn 0.814529 0.545633 -0.197045
v 0.187817 -0.447465 -0.142235
vn 0.855858 0.505398 -0.109906
v 0.182693 -0.430071 -0.113839
vn 0.614110 0.666033 -0.423402
v 0.160679 -0.439317 -0.190477
vn 0.905038 -0.073416 0.418946
v 0.109971 -0.175299 0.009560
vn 0.930383 -0.022221 0.365916
v 0.116114 -0.124673 -0.001242
vn 0.287052 -0.947244 -0.142585
v 0.147382 0.020635 0.024593
vn 0.685416 0.727741 0.024435
v 0.196211 -0.472665 -0.202328
vn 0.280463 0.156275 -0.947058
v 0.008676 -0.152066 -0.158013
vn 0.913060 0.002333 -0.407819
v 0.093744 -0.235914 -0.066705
vn -0.105994 0.011183 -0.994304
v -0.081276 -0.309318 -0.197162
vn 0.251227 0.389646 -0.886037
v -0.037858 -0.359696 -0.180455
vn 0.459159 0.063471 -0.886084
v -0.057003 -0.322034 -0.185605
vn 0.295892 0.085131 -0.951420
v 0.059985 -0.334919 -0.171368
vn -0.898874 0.301733 -0.317777
v -0.192278 -0.383989 -0.120384
vn -0.773890 0.221880 -0.593180
v -0.123927 -0.315638 -0.159220
vn 0.559534 0.712883 -0.422752
v 0.149052 -0.418599 -0.172681
vn 0.900398 0.425690 -0.089839
v 0.202659 -0.475053 -0.166384
vn -0.552750 0.204801 -0.807790
v -0.122613 -0.229067 -0.144635
vn 0.989442 0.144773 -0.006726
v 0.206730 -0.497693 -0.129369
vn 0.998734 0.048472 -0.013483
v 0.208419 -0.520218 -0.099095
vn 0.970206 0.241914 -0.013322
v 0.204543 -0.482849 -0.092990
vn 0.961452 0.153837 -0.227912
v 0.097464 -0.306057 -0.130628
vn 0.659521 0.694381 -0.287868
v 0.107924 -0.339069 -0.114818
vn -0.763339 0.208333 -0.611482
v -0.112966 -0.287313 -0.157937
vn 0.671145 0.734459 -0.100674
v 0.102875 -0.332208 -0.097341
vn 0.998082 -0.004873 0.061713
v 0.089415 -0.241466 -0.093342
vn 0.413096 0.709993 -0.570317
v 0.139812 -0.350888 -0.118643
vn 0.722489 0.666121 -0.185180
v 0.112788 -0.330362 -0.060922
vn 0.897537 0.290162 -0.332014
v 0.094855 -0.309873 -0.073195
vn 0.858185 0.069420 -0.508625
v 0.103059 -0.287129 -0.054139
vn 0.351872 0.555358 -0.753501
v 0.092713 -0.383019 -0.159738
vn 0.176421 0.651494 -0.737855
v 0.101875 -0.422732 -0.202012
vn 0.988237 -0.049694 -0.144633
v 0.092310 -0.111794 -0.082888
vn 0.110503 0.221423 -0.968897
v -0.069837 -0.357305 -0.189519
vn -0.276005 0.297012 -0.914114
v -0.130220 -0.385725 -0.201443
vn -0.693508 0.467326 -0.548319
v -0.130145 -0.343989 -0.159825
vn -0.836591 0.225075 -0.499457
v -0.169537 -0.394002 -0.152653
vn -0.422873 0.265915 -0.866296
v -0.076920 0.361092 -0.095405
vn 0.071345 0.299557 -0.951407
v -0.013820 0.352846 -0.119989
vn 0.843372 -0.436157 0.313832
v 0.011934 0.781756 0.071886
vn 0.998806 -0.036118 0.032888
v 0.092032 -0.147799 -0.094082
vn -0.071754 0.128583 -0.989099
v -0.044914 0.595042 -0.098388
vn 0.326101 0.155450 -0.932466
v 0.009700 -0.189083 -0.164723
vn -0.568225 0.259194 -0.780986
v -0.159009 -0.100875 -0.102649
vn -0.832649 0.306289 -0.461393
v -0.161986 -0.103723 -0.101484
vn -0.803344 0.454946 -0.384268
v -0.164863 -0.355260 -0.112428
vn -0.563464 0.051039 -0.824563
v -0.134708 0.601245 -0.055625
vn 0.583471 0.186137 -0.790516
v 0.078992 -0.319507 -0.160119
vn -0.013416 -0.118874 -0.992819
v -0.020598 0.518591 -0.105132
vn 0.568878 -0.057665 0.820398
v 0.004451 0.749751 0.058740
vn -0.032616 0.063081 -0.997475
v -0.021445 0.114088 -0.129270
vn 0.338791 0.785111 -0.518479
v 0.107794 -0.386837 -0.159867
vn -0.238410 0.614824 -0.751766
v -0.151936 -0.418641 -0.207728
vn 0.406752 0.158661 -0.899655
v 0.066442 -0.265639 -0.155294
vn -0.787512 0.275904 -0.551091
v -0.142725 -0.334349 -0.138061
vn -0.664098 0.663158 -0.345248
v -0.155208 -0.359256 -0.139427
vn -0.640064 0.500092 -0.583288
v -0.154996 -0.371174 -0.176178
vn -0.806182 0.099097 -0.583310
v -0.162115 -0.378164 -0.170482
vn -0.252806 0.570716 -0.781263
v -0.194776 -0.455487 -0.222979
vn -0.555970 0.011567 -0.831122
v -0.148706 -0.246779 -0.128752
vn -0.776485 0.190936 -0.600512
v -0.131864 -0.308284 -0.141770
vn -0.643787 -0.064909 -0.762447
v -0.155125 -0.313826 -0.115465
vn 0.283469 0.293483 -0.912969
v -0.011155 -0.342580 -0.165923
vn -0.731640 0.588111 -0.344715
v -0.179852 -0.375819 -0.140762
vn -0.858724 0.007146 -0.512389
v -0.181823 -0.383080 -0.142768
vn -0.624585 0.755459 -0.197927
v -0.188366 -0.408046 -0.149866
vn -0.708925 0.664857 -0.235353
v -0.195773 -0.409492 -0.124268
vn -0.846210 0.348741 -0.402874
v -0.180239 -0.400171 -0.134365
vn 0.195017 0.599073 -0.776582
v -0.005816 -0.361613 -0.176107
vn -0.040640 0.465776 -0.883969
v -0.100884 -0.409233 -0.204529
vn 0.032850 0.651033 -0.758339
v -0.101153 -0.420529 -0.216596
vn 0.055018 0.319705 -0.945918
v -0.096768 -0.447971 -0.233431
vn -0.019430 0.179920 -0.983489
v -0.077918 -0.476397 -0.237551
vn -0.071172 0.232292 -0.970039
v -0.045593 -0.471691 -0.239075
vn 0.026542 0.445728 -0.894775
v -0.064294 -0.440484 -0.226807
vn 0.020515 0.347384 -0.937499
v -0.010714 -0.459738 -0.239415
vn 0.009201 0.594934 -0.803722
v -0.117066 -0.427874 -0.224853
vn -0.008045 0.579588 -0.814870
v -0.041925 -0.416099 -0.210365
vn -0.122965 0.336487 -0.933625
v -0.190040 -0.487482 -0.242529
vn 0.067375 0.164286 -0.984109
v -0.129300 -0.506666 -0.242753
vn 0.020938 0.154579 -0.987759
v -0.119478 -0.479461 -0.236976
vn -0.813669 0.011315 -0.581219
v -0.228525 -0.537521 -0.243623
vn -0.116682 0.398383 -0.909767
v -0.158232 -0.460496 -0.234821
vn -0.242892 0.572820 -0.782867
v -0.166301 -0.441021 -0.216894
vn -0.371826 0.294989 -0.880186
v -0.038625 0.332735 -0.122240
vn -0.888653 0.212504 -0.406372
v -0.152997 0.362403 -0.018537
vn 0.059011 0.123583 -0.990578
v -0.014720 0.230784 -0.151582
vn -0.176161 0.403046 -0.898065
v -0.135642 -0.407550 -0.200645
vn -0.058054 0.267675 -0.961759
v -0.135707 -0.450658 -0.234173
vn -0.029835 0.095589 -0.994974
v -0.027781 0.443384 -0.088004
vn -0.999526 0.026748 -0.015255
v -0.228074 -0.496071 -0.133656
vn -0.062392 0.120564 -0.990743
v -0.018523 -0.497812 -0.243770
vn 0.000399 0.121938 -0.992538
v 0.028902 -0.503021 -0.245470
vn 0.956788 0.008697 0.290656
v 0.227862 0.188776 0.051206
vn 0.952102 -0.093290 0.291203
v 0.272071 0.083078 -0.001287
vn 0.743928 -0.535579 0.399659
v 0.198613 0.164789 0.067729
vn 0.657258 -0.270272 0.703538
v 0.206324 0.142628 0.036232
vn 0.053891 0.105457 -0.992963
v -0.148903 -0.529172 -0.248008
vn 0.011961 0.149185 -0.988737
v -0.179832 -0.509302 -0.246725
vn 0.205818 0.756890 -0.620287
v 0.083223 -0.390367 -0.181693
vn 0.081024 0.530558 -0.843768
v 0.027855 -0.446975 -0.224414
vn -0.179165 0.061604 -0.981889
v -0.213906 -0.542667 -0.250469
vn -0.589342 0.052772 -0.806159
v -0.221338 -0.570176 -0.249074
vn -0.036638 0.090621 -0.995211
v 0.001395 -0.520050 -0.248246
vn -0.286861 0.128709 -0.949287
v -0.054169 0.013454 -0.135308
vn -0.487020 0.160119 -0.858588
v -0.052369 0.273484 -0.123153
vn -0.340481 0.193174 -0.920194
v -0.077875 0.292404 -0.110239
vn -0.149928 -0.392885 -0.907283
v -0.040988 0.469524 -0.091070
vn 0.761657 0.358817 -0.539564
v 0.244497 0.150393 -0.017987
vn 0.426724 0.302769 -0.852196
v 0.245792 0.163727 -0.016951
vn 0.966301 -0.209405 0.149708
v 0.250322 0.164374 -0.006336
vn 0.951508 -0.204894 0.229458
v 0.247216 0.151299 -0.007630
vn 0.506095 0.067236 0.859853
v 0.190942 0.108738 0.045645
vn 0.677185 -0.692400 0.249003
v 0.168380 0.141228 0.077851
vn 0.944939 0.327187 -0.006286
v 0.170838 0.096411 0.077162
vn 0.306539 -0.642146 0.702626
v 0.190903 0.028966 0.086482
vn 0.635943 -0.136057 0.759648
v 0.186114 0.037251 0.090754
vn 0.394076 -0.705966 0.588487
v 0.178088 0.032850 0.097227
vn 0.555552 0.459216 0.693168
v 0.213710 0.047295 0.066441
vn 0.297240 -0.775512 0.556982
v 0.208833 0.017898 0.068359
vn 0.483112 0.345139 -0.804663
v 0.115821 -0.381271 -0.148605
vn 0.508537 0.516118 -0.689211
v 0.124688 -0.387614 -0.145822
vn -0.191923 0.203060 -0.960173
v -0.027562 0.266279 -0.144374
vn 0.339871 0.771119 -0.538390
v 0.164306 -0.458455 -0.213771
vn 0.341986 -0.142097 -0.928899
v 0.024061 0.171997 -0.140939
vn 0.362078 -0.615956 -0.699641
v 0.002365 0.150823 -0.147201
vn 0.023243 -0.021507 -0.999498
v -0.015921 0.174591 -0.159379
vn 0.268932 0.229431 -0.935434
v -0.004834 0.289351 -0.134239
vn -0.311082 -0.553519 -0.772557
v -0.033957 0.151947 -0.149899
vn -0.329593 0.107328 -0.938003
v -0.059121 0.094885 -0.122713
vn -0.596884 0.032664 -0.801663
v -0.087101 0.101675 -0.108357
vn -0.314457 0.150840 -0.937211
v -0.061382 0.065155 -0.125947
vn -0.107550 0.089645 -0.990150
v -0.027930 0.069625 -0.133101
vn 0.143489 0.089435 -0.985603
v -0.009860 0.078239 -0.132893
vn -0.111992 0.151513 -0.982090
v -0.035309 0.037727 -0.135637
vn -0.622050 0.080908 -0.778786
v -0.084787 0.068304 -0.114039
vn -0.429596 0.281376 -0.858065
v -0.065818 0.394817 -0.087011
vn -0.433826 0.238465 -0.868867
v -0.088415 0.410560 -0.075195
vn -0.735799 0.070995 -0.673469
v -0.104759 0.691737 -0.095257
vn -0.778500 0.076925 -0.622912
v -0.142479 0.288164 -0.068502
vn -0.786070 0.242659 -0.568517
v -0.133554 0.380350 -0.045258
vn -0.635935 0.192580 -0.747328
v -0.122692 0.317062 -0.078237
vn -0.804228 0.186837 -0.564189
v -0.143684 0.315984 -0.058738
vn -0.380036 0.141977 -0.914010
v -0.086534 0.261579 -0.114797
vn -0.658942 0.090799 -0.746693
v -0.109704 0.240688 -0.101384
vn -0.980615 0.072155 -0.182177
v -0.165791 0.301872 -0.005269
vn 0.018675 0.146835 -0.988985
v 0.068882 -0.517388 -0.248512
vn -0.759393 0.030589 -0.649913
v -0.135800 0.254694 -0.076333
vn -0.765405 -0.002189 -0.643545
v -0.134264 0.226963 -0.077800
vn -0.674206 0.117327 -0.729164
v -0.115595 0.279315 -0.090105
vn 0.051834 0.140189 -0.988767
v -0.020295 0.002721 -0.144387
vn 0.229809 0.118466 -0.965999
v 0.055504 -0.033943 -0.126753
vn 0.239420 0.109521 -0.964719
v 0.047941 -0.095540 -0.135151
vn 0.323124 0.126554 -0.937857
v 0.034719 -0.120178 -0.142167
vn 0.316118 0.132173 -0.939468
v 0.066277 -0.130508 -0.135336
vn 0.257840 0.128860 -0.957556
v -0.001224 -0.085730 -0.151766
vn 0.071673 0.153905 -0.985483
v -0.018921 -0.061068 -0.152403
vn 0.234918 0.125670 -0.963857
v -0.003028 -0.023799 -0.142926
vn -0.342721 0.236914 -0.909073
v -0.067744 -0.123077 -0.161938
vn 0.029112 0.116447 -0.992770
v -0.025618 -0.097078 -0.155981
vn 0.284560 0.158566 -0.945454
v 0.058137 -0.200018 -0.146311
vn 0.294639 0.125442 -0.947339
v 0.045315 -0.151287 -0.142159
vn 0.367179 0.181499 -0.912271
v 0.033175 -0.216036 -0.158685
vn 0.328879 0.158150 -0.931036
v 0.064251 -0.231548 -0.150049
vn 0.184971 0.143865 -0.972157
v 0.013885 -0.237859 -0.172010
vn 0.064701 0.122435 -0.990365
v -0.008902 -0.181330 -0.167839
vn 0.205272 -0.710573 -0.673015
v -0.001593 0.142108 -0.129575
vn 0.003119 -0.753255 -0.657721
v -0.018163 0.143403 -0.134236
vn -0.108403 -0.014204 -0.994006
v -0.011267 -0.237554 -0.170675
vn 0.839937 0.041087 -0.541127
v 0.209286 -0.545547 -0.244271
vn 0.060027 0.012410 -0.998120
v 0.038818 -0.323259 -0.176816
vn 0.048311 -0.041804 -0.997957
v -0.020421 -0.262695 -0.164938
vn -0.524295 0.027786 -0.851083
v -0.141740 0.638472 -0.051729
vn -0.063251 0.188193 -0.980093
v 0.014847 -0.349943 -0.159090
vn -0.047303 0.511170 0.858177
v -0.038463 0.694398 0.085931
vn -0.076889 0.574492 0.814891
v -0.051562 0.682964 0.094508
vn -0.057482 0.473055 -0.879156
v -0.031734 -0.444044 -0.228873
vn 0.165621 0.308201 -0.936794
v -0.026254 -0.384572 -0.198444
vn 0.041814 0.634811 -0.771535
v -0.016092 -0.407162 -0.205176
vn 0.306790 0.244705 -0.919783
v -0.013503 -0.391368 -0.194561
vn -0.331963 0.685091 -0.648422
v -0.185240 -0.430907 -0.204876
vn -0.737467 0.299770 -0.605211
v -0.154089 -0.386708 -0.179674
vn 0.097675 0.576741 0.811067
v -0.057355 0.691949 0.089933
vn -0.678138 0.611331 -0.407925
v -0.217797 -0.447152 -0.205651
vn 0.064131 0.555287 -0.829183
v 0.037113 -0.390074 -0.187052
vn 0.038928 0.510829 -0.858800
v 0.037890 -0.404573 -0.193525
vn -0.047772 0.391866 -0.918781
v -0.020882 -0.399394 -0.196891
vn 0.043275 0.563795 -0.824780
v 0.063074 -0.413642 -0.201057
vn 0.133597 0.596964 -0.791067
v 0.015079 -0.413649 -0.201705
vn 0.050469 0.313248 -0.948329
v -0.064508 -0.405608 -0.203558
vn -0.196051 0.313536 -0.929118
v -0.036067 0.409608 -0.100212
vn -0.252123 0.258615 -0.932498
v -0.040102 0.378086 -0.107764
vn 0.210416 0.651013 -0.729320
v 0.055495 -0.379200 -0.170741
vn 0.221353 0.262510 -0.939197
v -0.003544 0.322157 -0.123856
vn -0.564941 0.411034 0.715467
v -0.103705 0.935805 0.151570
vn 0.029385 0.397012 -0.917343
v 0.065774 -0.465175 -0.235967
vn 0.297385 0.123204 -0.946775
v 0.019528 -0.051245 -0.138917
vn -0.770577 0.620734 -0.144567
v -0.208445 -0.428782 -0.151578
vn -0.715614 0.066625 -0.695311
v -0.091277 0.041192 -0.105725
vn -0.616960 0.092280 -0.781566
v -0.082216 0.003089 -0.124005
vn -0.314888 0.130489 -0.940116
v -0.054817 -0.014918 -0.139907
vn -0.112541 0.274463 0.954989
v -0.021659 0.647882 0.120011
vn 0.099434 0.156255 -0.982699
v -0.031309 -0.135156 -0.161104
vn -0.474238 -0.304461 -0.826076
v -0.055317 0.151299 -0.135789
vn -0.273772 0.034054 0.961191
v -0.034407 0.625199 0.114950
vn 0.079185 0.344136 0.935575
v 0.054978 0.561278 0.111078
vn 0.301479 0.171008 0.938012
v 0.050965 0.561795 0.110949
vn -0.560035 0.244292 -0.791633
v -0.105635 0.380833 -0.071742
vn -0.255974 0.443160 -0.859120
v -0.074465 0.708088 -0.103192
vn -0.897447 0.225456 -0.379156
v -0.149751 0.392107 -0.009532
vn -0.954050 -0.038355 -0.297184
v -0.164155 0.240630 -0.023571
vn -0.087378 0.537669 -0.838616
v -0.051652 0.720555 -0.098942
vn 0.099208 0.212234 -0.972170
v -0.058392 -0.390460 -0.203231
vn -0.534035 0.083507 -0.841328
v -0.101555 -0.326582 -0.181963
vn 0.156364 0.029849 -0.987248
v 0.186565 -0.567646 -0.253193
vn -0.013219 0.033027 -0.999367
v 0.165642 -0.565198 -0.253178
vn 0.151832 0.040412 -0.987580
v 0.186275 -0.538962 -0.252707
vn 0.001100 0.596053 -0.802944
v 0.051482 -0.394993 -0.190936
vn 0.079930 0.524011 -0.847953
v 0.039573 -0.400818 -0.190289
vn 0.789143 0.046285 -0.612464
v 0.206632 -0.575710 -0.246989
vn 0.955289 0.276560 0.104582
v 0.226656 0.202977 0.026481
vn 0.744076 0.346737 0.571072
v 0.193234 0.071168 0.046870
vn 0.500658 0.038447 0.864791
v 0.192327 0.085019 0.046870
vn 0.719623 0.223827 0.657301
v 0.167472 0.110004 0.063181
vn 0.623057 -0.300155 0.722293
v 0.174405 0.128543 0.058420
vn -0.222717 -0.426188 -0.876790
v -0.065572 0.644803 -0.109835
vn -0.469407 0.610230 -0.638182
v -0.157714 -0.404702 -0.193784
vn -0.824043 0.356229 -0.440515
v -0.180048 -0.365263 -0.087443
vn -0.884516 0.188887 -0.426559
v -0.153645 0.334172 -0.029568
vn -0.745155 -0.053877 -0.664711
v -0.168200 -0.335703 -0.101095
vn -0.959041 0.121357 -0.255953
v -0.163448 0.330800 -0.009845
vn 0.340870 -0.704092 0.622946
v 0.010927 0.857099 0.138152
vn 0.350559 -0.488971 0.798759
v -0.012675 0.842143 0.144205
vn -0.925721 0.083339 -0.368911
v -0.158412 0.299644 -0.033642
vn -0.136029 -0.131676 -0.981915
v 0.002290 -0.325865 -0.160126
vn 0.365294 0.024578 -0.930568
v 0.076710 -0.354324 -0.168287
vn 0.304734 0.480308 -0.822461
v 0.061450 -0.379070 -0.166858
vn -0.080150 -0.614164 0.785098
v -0.041387 0.862243 0.177355
vn 0.159752 0.004703 -0.987146
v 0.059508 -0.373504 -0.167246
vn 0.311716 0.367596 -0.876189
v 0.001772 -0.375575 -0.186923
vn 0.173956 0.984016 0.038102
v -0.026613 0.993849 0.077638
vn -0.320451 0.509490 -0.798581
v -0.118409 -0.357572 -0.188136
vn -0.662941 -0.229446 -0.712646
v -0.093610 0.651501 -0.096365
vn -0.793817 -0.072797 -0.603784
v -0.105850 0.664284 -0.077858
vn -0.147438 0.754695 0.639294
v -0.067119 0.970886 0.141501
vn -0.555285 0.247480 0.793985
v -0.068878 0.678444 0.092224
vn 0.167644 0.733180 0.659046
v -0.055058 0.680375 0.096450
vn 0.905868 0.423265 0.015806
v 0.189708 -0.443653 -0.089165
vn 0.933891 0.356889 -0.021854
v 0.197817 -0.465974 -0.122087
vn 0.146320 0.525263 0.838266
v -0.006689 0.670858 0.102186
vn -0.367799 0.221466 -0.903148
v -0.078813 0.325708 -0.103539
vn 0.303961 -0.940669 0.150827
v -0.019846 0.866269 0.176323
vn 0.239325 0.111771 -0.964485
v 0.072194 -0.167273 -0.138652
vn -0.503589 0.184119 -0.844096
v -0.050634 0.312227 -0.116419
vn 0.237250 -0.665318 0.707859
v -0.035796 0.849955 0.156688
vn 0.731786 -0.156663 0.663284
v 0.024272 0.284443 0.124550
vn 0.564332 -0.505280 0.652856
v 0.221713 0.177837 0.053731
vn 0.704417 -0.619282 0.346823
v 0.221972 0.171753 0.047258
vn 0.873030 -0.422510 0.243524
v 0.226632 0.178744 0.050106
vn -0.333326 0.166276 -0.928033
v -0.219787 -0.519074 -0.247183
vn -0.781501 0.132823 -0.609602
v -0.226454 -0.519915 -0.242717
vn -0.844079 0.069623 -0.531679
v -0.186841 -0.396676 -0.123879
vn 0.221577 -0.829392 0.512848
v -0.013432 0.756622 0.081719
vn 0.100129 0.573207 -0.813270
v -0.007219 -0.426667 -0.219910
vn -0.016298 0.439564 -0.898063
v 0.021579 -0.385672 -0.182910
vn 0.138118 0.121357 -0.982953
v 0.012905 -0.383342 -0.181745
vn 0.183929 0.287912 -0.939828
v 0.014977 -0.376611 -0.181356
vn 0.225997 0.345687 -0.910728
v 0.006303 -0.390592 -0.184334
vn -0.013261 0.321208 -0.946916
v -0.092888 -0.378891 -0.199767
vn 0.631524 0.071537 -0.772049
v 0.088079 -0.205486 -0.139698
vn 0.025441 0.244617 -0.969286
v 0.013583 -0.481643 -0.243299
vn 0.249718 0.290825 -0.923614
v 0.024563 0.383390 -0.097105
vn 0.192014 0.311309 -0.930708
v -0.006206 0.416879 -0.093348
vn 0.187023 0.323458 -0.927576
v -0.003185 0.380596 -0.105024
vn -0.042328 0.122104 -0.991614
v -0.055121 -0.503731 -0.242304
vn -0.008886 0.149491 -0.988723
v -0.091633 -0.507416 -0.241477
vn -0.105906 0.538231 -0.836117
v -0.127163 -0.431369 -0.226795
vn -0.546701 0.778667 -0.307888
v -0.190736 -0.420064 -0.182128
vn -0.766474 0.335042 -0.547964
v -0.227380 -0.485218 -0.230000
vn -0.999183 0.040200 0.004198
v -0.228222 -0.506564 -0.199724
vn -0.983796 0.173897 -0.043641
v -0.229725 -0.473104 -0.191112
vn 0.516338 0.460041 0.722328
v 0.027638 0.742187 0.045239
vn 0.308816 0.470463 0.826618
v 0.033771 0.694419 0.079734
vn 0.300197 0.598034 -0.743127
v 0.032194 -0.372468 -0.175661
vn 0.702135 -0.508564 0.498366
v 0.017616 0.841532 0.118005
vn -0.994054 0.056594 -0.093029
v -0.230815 -0.522014 -0.226525
vn 0.419892 -0.433009 0.797618
v -0.009287 0.796807 0.124056
vn 0.035255 0.087624 -0.995530
v -0.112302 -0.545740 -0.247343
vn 0.004050 0.066167 -0.997800
v -0.080116 -0.560258 -0.246740
vn 0.329791 0.066827 -0.941686
v 0.072537 -0.095067 -0.130673
vn -0.284920 -0.518226 0.806389
v -0.041710 0.792716 0.127744
vn -0.590727 0.081149 -0.802780
v -0.133089 0.664257 -0.056870
vn 0.338983 0.434857 0.834260
v 0.033964 0.669794 0.093271
vn 0.220922 0.066667 -0.973010
v 0.008687 0.101333 -0.124490
vn -0.377961 -0.205720 -0.902676
v 0.017439 -0.320254 -0.172367
vn 0.150410 0.317825 -0.936143
v 0.045010 -0.372857 -0.168670
vn 0.013618 0.591733 -0.806019
v 0.070015 -0.438379 -0.219178
vn 0.044560 0.302343 -0.952157
v 0.093487 -0.478783 -0.237909
vn 0.360092 0.079089 0.929558
v 0.027767 0.599657 0.111698
vn -0.883091 -0.001534 -0.469200
v -0.151084 0.230716 -0.053345
vn 0.729930 -0.153604 0.666040
v 0.068469 0.772203 0.019036
vn 0.924240 0.322744 -0.204000
v 0.172025 -0.411455 -0.103554
vn 0.305679 0.529607 0.791250
v 0.020820 0.723098 0.068033
vn 0.985480 0.150053 0.079461
v 0.090392 -0.301000 -0.101944
vn 0.688620 0.670056 -0.277177
v 0.178216 -0.454935 -0.176137
vn -0.018770 0.074976 -0.997009
v 0.031774 -0.533944 -0.249306
vn -0.030756 0.155252 -0.987396
v 0.097966 -0.516943 -0.247374
vn 0.318836 0.159971 -0.934213
v 0.047231 -0.296475 -0.169417
vn -0.126159 0.006595 -0.991988
v 0.019290 -0.296126 -0.175207
vn 0.172467 0.519196 -0.837073
v 0.021449 -0.370397 -0.178508
vn 0.147284 0.645865 -0.749110
v 0.012129 -0.366125 -0.175143
vn -0.018980 0.334061 -0.942360
v -0.041421 0.696424 -0.115062
vn 0.369788 0.470164 0.801375
v 0.013430 0.644273 0.111047
vn -0.529523 0.028762 -0.847808
v -0.054830 0.175450 -0.134274
vn -0.092016 0.022389 0.995506
v -0.016788 0.595551 0.120338
vn 0.899401 0.070905 -0.431336
v 0.095601 -0.004366 -0.100938
vn 0.918037 -0.037638 -0.394704
v 0.103434 0.010365 -0.068129
vn 0.894261 -0.020949 -0.447055
v 0.106863 0.051549 -0.065062
vn 0.837470 -0.028471 -0.545741
v 0.116856 0.026135 -0.047493
vn 0.395755 -0.128247 0.909357
v -0.005079 0.884585 0.182034
vn -0.299072 0.048770 -0.952983
v -0.077125 0.206291 -0.121281
vn -0.341785 0.118746 -0.932246
v -0.088980 0.228591 -0.119545
vn 0.488938 0.061531 0.870146
v 0.031825 0.321613 0.115214
vn -0.700608 -0.533720 -0.473593
v -0.119396 0.144568 -0.097341
vn 0.721554 -0.528794 0.446919
v 0.028863 0.831014 0.082600
vn -0.520468 0.122007 -0.845119
v -0.105163 0.023439 -0.095802
vn -0.361808 0.126273 -0.923661
v -0.123042 0.042942 -0.086913
vn -0.955509 0.294436 -0.017595
v -0.226312 -0.460053 -0.161192
vn -0.808799 0.554475 -0.195965
v -0.214553 -0.427542 -0.121871
vn 0.460828 0.366397 0.808326
v -0.000367 0.915238 0.168759
vn 0.660168 0.444198 0.605695
v 0.011018 0.930928 0.149715
vn -0.495779 0.113206 -0.861039
v -0.073393 0.038569 -0.127073
vn 0.847993 -0.525647 -0.067855
v 0.129779 0.012968 -0.002602
vn 0.819418 -0.245389 -0.518015
v 0.130555 0.022211 -0.027031
vn 0.989327 -0.116875 -0.087024
v 0.128850 -0.021151 -0.018648
vn 0.988739 -0.072016 0.131184
v 0.122249 -0.055358 -0.005453
vn -0.009006 0.099699 -0.994977
v -0.072894 -0.532054 -0.245801
vn 0.491688 0.206659 0.845893
v 0.054937 0.629897 0.093831
vn 0.324404 0.672350 -0.665362
v 0.134809 -0.432941 -0.201659
vn 0.690795 -0.376464 0.617315
v 0.225597 0.136412 0.017225
vn 0.744849 -0.431956 0.508541
v 0.220419 0.166316 0.039750
vn 0.782296 -0.331783 0.527194
v 0.226503 0.180685 0.052565
vn 0.933580 -0.149911 0.325507
v 0.238672 0.042818 0.045187
vn 0.341956 0.240264 0.908482
v 0.061870 0.591715 0.101967
vn 0.807488 -0.589816 -0.009031
v 0.240530 0.036839 0.020932
vn 0.518781 -0.278573 0.808247
v 0.238283 0.073886 0.045057
vn 0.856820 -0.152704 0.492484
v 0.241908 0.057316 0.034571
vn -0.388778 -0.052957 -0.919808
v -0.147130 0.546800 -0.039916
vn 0.657309 -0.127235 0.742803
v 0.015867 0.886297 0.168952
vn 0.730369 0.292904 0.617064
v 0.236859 0.048384 0.049329
vn 0.427410 0.503204 0.751070
v 0.225338 0.056022 0.049070
vn 0.509323 0.726543 0.461221
v 0.196988 0.061588 0.055025
vn -0.035623 0.143579 0.988998
v 0.205920 0.084372 0.046093
vn 0.102749 0.120455 0.987387
v 0.231034 0.080489 0.048164
vn 0.205454 -0.010209 0.978614
v 0.224561 0.067414 0.047776
vn 0.888480 -0.054181 -0.455707
v 0.117045 -0.050094 -0.044555
vn 0.888069 0.276987 0.366896
v 0.218706 0.227894 0.058374
vn -0.032584 0.067814 -0.997166
v -0.053600 -0.559217 -0.247700
vn -0.612143 -0.042458 -0.789606
v -0.111032 0.631263 -0.073733
vn 0.892910 0.445322 0.066335
v 0.165306 0.107591 0.071689
vn 0.835418 0.341830 0.430382
v 0.175812 0.082765 0.064588
vn 0.925480 0.036239 -0.377060
v 0.096927 -0.125811 -0.117112
vn 0.094794 -0.493577 0.864521
v 0.170968 0.038675 0.108619
vn 0.608091 -0.056981 0.791820
v 0.175757 0.042688 0.107583
vn 0.610117 0.084788 0.787761
v 0.201907 0.039064 0.085058
vn 0.464650 0.469819 0.750580
v 0.060449 0.741517 0.025370
vn -0.478760 0.035030 -0.877247
v -0.103291 0.561664 -0.080350
vn 0.176917 0.480901 -0.858740
v 0.105073 -0.450631 -0.228525
vn 0.357035 -0.516661 0.778195
v 0.041635 0.796778 0.044165
vn -0.479873 -0.730585 0.485765
v -0.043856 0.779496 0.109965
vn -0.069412 0.404806 0.911764
v -0.049950 0.932766 0.174882
vn -0.203334 -0.093859 0.974600
v -0.075807 0.886071 0.176111
vn 0.415097 0.718210 0.558453
v 0.088047 0.736002 0.015370
vn 0.831077 -0.107159 0.545736
v 0.258864 0.079518 0.020695
vn 0.554527 0.695766 0.456519
v 0.244183 0.105918 0.025410
vn 0.328988 -0.003499 0.944328
v 0.041901 0.546927 0.115525
vn 0.331142 -0.926774 -0.177298
v 0.220461 0.019671 0.031608
vn -0.409794 -0.006697 -0.912153
v -0.153212 0.582272 -0.044541
vn 0.465890 -0.125720 0.875866
v 0.023904 0.539217 0.128175
vn 0.703331 -0.257545 0.662568
v 0.021751 0.776467 0.040448
vn 0.398852 -0.700514 0.591774
v -0.004715 0.868247 0.162829
vn 0.321867 0.555839 0.766449
v -0.018338 0.946700 0.161503
vn 0.615343 0.326375 0.717518
v 0.011577 0.635530 0.122741
vn -0.044825 0.678235 0.733476
v -0.054410 0.681799 0.094249
vn -0.385727 0.438139 0.811941
v -0.064775 0.686433 0.095069
vn -0.262250 0.360001 0.895335
v -0.049376 0.666197 0.109424
vn -0.357568 0.384980 0.850844
v -0.085998 0.691687 0.077106
vn 0.539755 0.313635 0.781215
v 0.095464 0.686247 0.047062
vn 0.410301 0.548585 0.728497
v 0.076039 0.713702 0.042420
vn 0.514314 0.312795 0.798524
v 0.056978 0.653840 0.085336
vn 0.658991 0.267620 0.702930
v 0.083388 0.635826 0.077071
vn -0.629411 0.055644 -0.775078
v -0.131848 0.576217 -0.063128
vn -0.510553 -0.407698 -0.757045
v -0.114027 0.465737 -0.069106
vn -0.451241 0.012850 -0.892310
v -0.084923 0.435494 -0.068226
vn -0.218477 -0.311889 -0.924658
v -0.064131 0.454244 -0.076806
vn -0.511356 0.197081 -0.836466
v -0.101295 0.310014 -0.097962
vn 0.005001 -0.024697 -0.999682
v -0.164133 0.552537 -0.045059
vn 0.668257 0.742675 0.043191
v 0.158084 -0.419315 0.014419
vn 0.162179 0.261526 0.951474
v 0.057320 0.570238 0.106149
vn -0.589954 0.128385 -0.797165
v -0.104501 0.272987 -0.104028
vn 0.754229 0.622203 0.209767
v 0.188829 -0.457382 0.048847
vn 0.655307 0.184970 0.732365
v 0.119316 -0.370397 -0.024589
vn 0.816085 -0.086876 0.571364
v 0.117374 -0.359393 -0.020446
vn 0.922080 -0.022188 0.386362
v 0.123976 -0.326771 -0.015656
vn 0.617114 0.066598 0.784051
v 0.119057 -0.333373 -0.012420
vn 0.829393 0.531484 0.172142
v 0.194658 -0.472276 0.068100
vn 0.941646 0.336125 0.017951
v 0.210940 -0.496822 0.104064
vn 0.891533 0.448071 0.066341
v 0.122423 -0.370397 0.066417
vn 0.767225 0.509434 0.389669
v 0.120869 -0.374151 0.076385
vn -0.352951 0.000588 -0.935642
v -0.075808 0.674070 -0.117334
vn -0.499125 0.060973 -0.864382
v -0.100305 0.205124 -0.117822
vn 0.589510 0.194558 -0.783980
v 0.143496 -0.375417 -0.132131
vn 0.711608 0.671322 0.207224
v 0.170062 -0.435850 0.050787
vn 0.961545 0.243437 -0.127163
v 0.204146 -0.492692 0.004657
vn 0.951904 0.299619 0.064096
v 0.202166 -0.486516 0.062922
vn 0.465900 0.482613 0.741634
v 0.127942 -0.375588 -0.027207
vn 0.682616 0.721750 0.114510
v 0.145438 -0.410163 0.049991
vn 0.656022 0.754103 0.031065
v 0.097568 -0.333762 0.056320
vn 0.643721 0.355738 0.677550
v 0.140805 -0.384766 -0.021611
vn 0.647463 0.739425 0.184506
v 0.192262 -0.479450 0.120073
vn 0.997434 0.071579 -0.001565
v 0.209712 -0.537930 -0.018502
vn 0.869239 -0.249265 0.426956
v 0.077935 -0.251710 0.053985
vn 0.616114 0.784714 0.068034
v 0.130399 -0.401039 0.019216
vn 0.699188 0.699463 0.147946
v 0.188588 -0.466634 0.093432
vn 0.890397 -0.145236 0.431393
v 0.103742 -0.214347 0.019528
vn 0.995743 -0.056408 -0.072901
v 0.123329 -0.191881 -0.025106
vn 0.873320 -0.115113 0.473352
v 0.113607 -0.214050 -0.010332
vn 0.785123 0.618750 -0.027011
v 0.185138 -0.445589 0.018279
vn 0.422917 0.568991 0.705259
v 0.049290 0.717863 0.055518
vn -0.300357 -0.741955 0.599407
v 0.144239 0.021843 0.084401
vn 0.832883 -0.000556 -0.553450
v 0.109350 -0.259637 -0.046016
vn 0.945361 0.052223 -0.321815
v 0.119581 -0.303612 -0.029266
vn 0.956863 -0.020385 0.289825
v 0.120283 -0.155556 -0.008798
vn 0.596422 0.801866 -0.035950
v 0.087729 -0.328066 0.053601
vn 0.655225 0.705091 0.271157
v 0.167283 -0.446027 0.081145
vn 0.917937 0.380447 0.112479
v 0.192695 -0.465358 -0.027528
vn 0.963158 0.265975 0.039807
v 0.199472 -0.490763 -0.024214
vn 0.889210 0.441921 -0.118367
v 0.190974 -0.463040 -0.000710
vn 0.923811 0.380952 0.038060
v 0.204060 -0.472441 0.035406
vn 0.731455 0.240194 0.638185
v 0.109736 -0.357840 0.000396
vn 0.495463 0.213160 0.842069
v 0.114008 -0.344636 -0.005947
vn 0.578978 0.766461 0.278070
v 0.165114 -0.457664 0.113915
vn 0.784651 -0.221872 0.578874
v 0.098331 -0.245527 -0.003914
vn 0.837793 0.499775 -0.219837
v 0.097309 -0.366125 0.021756
vn 0.797366 0.409000 0.443764
v 0.103393 -0.376740 0.012823
vn 0.852282 0.350193 -0.388561
v 0.103134 -0.374798 0.027193
vn 0.867711 -0.029148 0.496213
v 0.120093 -0.343341 -0.011126
vn 0.807577 0.586525 0.061718
v 0.175066 -0.439296 -0.012637
vn 0.943005 0.323514 0.077979
v 0.200812 -0.471406 -0.063397
vn 0.764314 0.588341 -0.263968
v 0.103134 -0.341270 0.052695
vn -0.770612 0.060396 -0.634436
v -0.115237 0.206588 -0.098196
vn -0.308942 0.027423 -0.950686
v -0.088138 0.169715 -0.119668
vn -0.642173 0.050143 -0.764918
v -0.108651 0.178226 -0.112228
vn -0.278787 -0.500668 -0.819518
v -0.081984 0.141202 -0.116500
vn 0.869885 0.196274 0.452522
v 0.163781 -0.371235 -0.087167
vn 0.842287 -0.014574 -0.538832
v 0.107868 -0.199692 -0.048038
vn 0.777191 0.463084 0.426061
v 0.134591 -0.397582 -0.013585
vn 0.820330 -0.002673 -0.571884
v 0.111303 -0.239403 -0.043633
vn 0.733556 0.627743 0.260448
v 0.164884 -0.415240 -0.036606
vn 0.905301 0.271043 0.327057
v 0.151161 -0.395122 -0.052356
vn 0.808361 0.441304 0.389619
v 0.144430 -0.401725 -0.027048
vn 0.876886 0.426659 0.221434
v 0.171363 -0.411286 -0.070460
vn 0.868898 0.472568 0.147298
v 0.184562 -0.439745 -0.051400
vn 0.668272 -0.108504 0.735961
v 0.089494 -0.285807 -0.005048
vn 0.929614 -0.224675 0.292128
v 0.070903 -0.290307 0.030019
vn 0.848385 -0.265844 0.457788
v 0.115950 -0.353697 -0.007760
vn 0.895731 -0.316545 0.312195
v 0.084650 -0.263494 0.020173
vn 0.973556 0.199852 0.110671
v 0.205395 -0.496551 -0.048676
vn 0.675175 0.717474 0.171378
v 0.152862 -0.412175 -0.016249
vn 0.707953 0.621143 0.336131
v 0.121387 -0.389168 0.001302
vn 0.899019 -0.254943 0.356046
v 0.092482 -0.237459 0.032673
vn 0.857512 0.418940 0.298600
v 0.118021 -0.373763 -0.013715
vn 0.863461 0.443606 0.240104
v 0.085382 -0.346858 0.016098
vn 0.821943 0.472749 -0.317675
v 0.089412 -0.351626 0.027710
vn 0.560188 0.203863 0.802888
v 0.091459 -0.324815 -0.006482
vn 0.711755 -0.082134 0.697610
v 0.118280 -0.243921 -0.017598
vn 0.998490 0.029670 -0.046239
v 0.122746 -0.218030 -0.025560
vn 0.953605 0.013133 0.300774
v 0.123199 -0.277967 -0.019928
vn 0.990080 0.037196 -0.135490
v 0.122811 -0.263727 -0.026142
vn 0.720589 0.054669 0.691204
v 0.119186 -0.264634 -0.016692
vn 0.876379 -0.202448 0.437006
v 0.122682 -0.239390 -0.020446
vn 0.988441 -0.083574 -0.126491
v 0.123070 -0.241203 -0.025365
vn 0.849420 0.483905 -0.210525
v 0.176793 -0.367678 -0.104979
vn 0.990335 -0.085673 -0.109069
v 0.175498 -0.379847 -0.102131
vn 0.475072 0.453708 0.753960
v 0.146113 -0.374669 -0.031191
vn 0.457556 0.060433 0.887125
v 0.117115 -0.284828 -0.014103
vn 0.843762 0.035131 0.535566
v 0.122293 -0.305023 -0.015527
vn 0.760948 0.581501 0.287776
v 0.150514 -0.351108 -0.057340
vn 0.744856 0.640605 -0.186587
v 0.116128 -0.389509 0.035174
vn 0.781810 0.405174 -0.473927
v 0.106815 -0.362325 0.039627
vn 0.740108 0.372698 0.559764
v 0.146889 -0.364313 -0.040382
vn 0.883988 -0.306726 0.352824
v 0.069937 -0.281435 0.052144
vn 0.932769 0.221718 0.284224
v 0.071416 -0.317210 0.018623
vn 0.993652 -0.021846 -0.110360
v 0.126704 -0.089185 -0.024033
vn -0.049205 -0.383974 -0.922032
v -0.008397 0.645048 -0.110261
vn 0.643999 0.031886 -0.764362
v 0.174333 -0.371562 -0.108604
vn 0.320626 0.939354 -0.121709
v 0.130645 -0.334584 -0.090215
vn 0.890754 0.226771 0.393868
v 0.151420 -0.373763 -0.036498
vn 0.911981 -0.040284 0.408250
v 0.149349 -0.383213 -0.033391
vn 0.972132 0.092999 0.215199
v 0.152067 -0.374022 -0.044783
vn 0.999027 -0.042414 -0.012072
v 0.177829 -0.372080 -0.104202
vn 0.707057 0.284615 -0.647352
v 0.147407 -0.390074 -0.127957
vn 0.068333 0.496289 0.865464
v -0.010373 0.711965 0.082814
vn 0.951982 0.128533 0.277864
v 0.122941 -0.340105 -0.022388
vn 0.547646 0.683911 0.482026
v 0.060156 -0.319133 0.063828
vn 0.756521 0.550617 0.352841
v 0.066240 -0.314991 0.050753
vn 0.870992 0.491266 0.005586
v 0.102746 -0.381400 0.020332
vn 0.899652 0.411247 0.146639
v 0.125793 -0.392333 0.071163
vn 0.899879 -0.033045 0.434887
v 0.063910 -0.301398 0.049588
vn 0.748202 0.660176 -0.066050
v 0.165854 -0.351691 -0.097665
vn 0.842016 0.151465 0.517752
v 0.059120 -0.309036 0.059038
vn -0.525709 0.104585 -0.844211
v -0.043896 0.214962 -0.138513
vn -0.437062 -0.212733 -0.873912
v -0.066838 0.152465 -0.126857
vn -0.795431 0.028488 -0.605374
v -0.127330 0.174325 -0.086114
vn -0.014431 -0.073670 -0.997178
v -0.162952 0.519134 -0.041431
vn -0.924453 -0.379909 -0.032491
v -0.149007 0.447694 0.001849
vn -0.655987 -0.414304 -0.630899
v -0.089363 0.135506 -0.105626
vn 0.067966 0.088547 0.993751
v -0.010175 0.738286 0.060252
vn -0.087562 -0.216008 -0.972457
v -0.008760 0.621823 -0.099120
vn -0.437420 -0.717593 -0.541963
v -0.104897 0.143403 -0.116371
vn -0.383021 -0.839214 -0.386024
v -0.107098 0.142756 -0.110157
vn -0.452832 -0.151514 -0.878628
v -0.105415 0.148322 -0.117795
vn -0.751144 -0.273725 -0.600714
v -0.112146 0.148322 -0.111970
vn -0.178126 -0.540557 -0.822234
v -0.094929 0.144568 -0.118572
vn 0.272460 0.077895 -0.959009
v 0.015335 0.070718 -0.124962
vn 0.294004 0.120979 -0.948117
v 0.015065 0.011276 -0.130940
vn 0.604910 -0.620809 0.498679
v -0.001208 0.776341 0.103983
vn 0.846495 0.532204 0.014320
v 0.248898 0.172789 -0.002970
vn 0.572698 0.697125 -0.431316
v 0.245144 0.175637 -0.002582
vn 0.341088 -0.900758 -0.268876
v 0.220514 0.032103 -0.009741
vn 0.509358 0.198150 0.837431
v 0.075735 0.569966 0.107811
vn 0.394990 0.138050 0.908254
v 0.047469 0.564385 0.112632
vn 0.154206 0.163413 0.974432
v 0.050706 0.557265 0.111467
vn -0.342605 0.165149 0.924850
v -0.063781 0.640042 0.103908
vn 0.523231 -0.452549 0.722100
v -0.018422 0.868470 0.180465
vn 0.403252 -0.591553 0.698179
v -0.020105 0.866658 0.181371
vn -0.043336 0.062912 0.997078
v -0.040423 0.893513 0.185083
vn 0.249998 0.450812 0.856895
v 0.006291 0.690458 0.086521
vn -0.435300 -0.016440 -0.900135
v -0.152155 0.608446 -0.046545
vn 0.018981 0.544719 -0.838404
v 0.169597 -0.483213 -0.241315
vn 0.047717 -0.314565 -0.948036
v -0.017281 0.136181 -0.129544
vn 0.405597 -0.130667 0.904664
v 0.041877 0.769506 0.023076
vn 0.805514 -0.436710 0.400539
v 0.023059 0.807895 0.068698
vn 0.851235 -0.339531 0.400147
v 0.018705 0.807839 0.101269
vn -0.022439 0.281888 -0.959185
v -0.022824 0.562831 -0.110675
vn -0.224921 0.426591 -0.876031
v -0.023471 0.565291 -0.108733
vn -0.236690 0.503035 0.831224
v -0.068019 0.707019 0.078002
vn -0.029719 -0.369688 -0.928681
v -0.061739 0.481525 -0.097001
vn -0.224741 0.157526 0.961601
v -0.053562 0.615900 0.111473
vn -0.591716 0.066164 -0.803427
v -0.102957 0.066411 -0.093699
vn -0.388501 0.130886 -0.912105
v -0.032418 0.192368 -0.152210
vn 0.035784 0.249501 0.967713
v 0.000737 0.635843 0.124800
vn -0.503912 0.075674 -0.860434
v -0.038546 0.241408 -0.141519
vn -0.539219 0.251946 -0.803596
v -0.103177 0.345837 -0.085067
vn 0.880527 0.010073 -0.473890
v 0.201359 0.281139 0.013340
vn 0.442628 -0.372775 -0.815548
v 0.180347 0.303113 -0.011301
vn -0.281358 -0.198305 -0.938889
v -0.057104 0.128549 -0.120477
vn -0.111904 0.467782 0.876731
v -0.043338 0.727625 0.069963
vn 0.694328 0.306281 0.651230
v 0.193807 0.312994 0.033443
vn 0.472329 0.238743 0.848473
v 0.038493 0.640904 0.105833
vn -0.382032 0.115211 -0.916940
v -0.064719 0.238584 -0.122099
vn 0.939561 0.342382 0.000142
v 0.211647 0.261494 0.032226
vn -0.023258 0.890342 0.454697
v -0.056654 0.983442 0.123519
vn 0.558681 0.313540 0.767833
v 0.076007 0.662217 0.070775
vn 0.988555 -0.124674 0.084943
v 0.111076 -0.093802 0.025195
vn 0.957727 -0.090396 0.273107
v 0.113437 -0.094507 0.008277
vn -0.303679 0.542766 0.783061
v -0.078070 0.952348 0.153546
vn 0.222471 -0.444989 -0.867463
v 0.254335 0.057187 -0.013456
vn 0.748279 -0.618237 -0.240546
v 0.263527 0.058611 -0.010090
vn 0.596544 -0.781894 -0.181044
v 0.252911 0.049679 -0.006854
vn 0.569005 -0.335031 -0.750991
v 0.232478 0.103029 -0.046705
vn 0.355963 -0.503802 -0.787066
v 0.227798 0.092787 -0.044783
vn 0.809489 -0.319510 -0.492585
v 0.113440 0.148806 -0.065857
vn 0.845102 0.060359 -0.531187
v 0.095724 0.038164 -0.097492
vn -0.230258 0.956784 0.177612
v -0.078196 0.992618 0.092711
vn 0.986220 0.157488 -0.050680
v 0.097179 -0.019061 -0.103167
vn 0.471685 -0.027470 -0.881339
v 0.134203 0.096411 -0.031579
vn 0.592401 0.026536 -0.805206
v 0.116662 0.364444 -0.037081
vn 0.773608 0.146251 -0.616556
v 0.116867 0.338285 -0.042546
vn 0.211909 -0.705981 -0.675785
v 0.005785 0.143921 -0.129575
vn 0.581807 0.467846 -0.665298
v 0.215758 0.162174 -0.024589
vn 0.375939 -0.454407 -0.807579
v 0.071030 0.149293 -0.116371
vn 0.691312 -0.474732 -0.544717
v 0.093943 0.150911 -0.099154
vn 0.390298 0.441824 -0.807749
v 0.202425 0.163339 -0.045042
vn 0.573173 0.499099 -0.649903
v 0.214464 0.153500 -0.035204
vn 0.244599 0.082991 -0.966066
v 0.032711 0.045097 -0.122371
vn 0.188950 -0.238504 -0.952583
v 0.134462 0.336935 -0.024848
vn -0.245775 -0.367050 -0.897145
v 0.137698 0.347421 -0.031061
vn -0.040091 0.682762 -0.729540
v 0.198671 0.223211 0.002726
vn 0.111705 0.561872 -0.819648
v 0.174463 0.223275 0.002726
vn 0.775660 0.380500 -0.503558
v 0.229610 0.196996 -0.006983
vn 0.898097 -0.130573 -0.419967
v 0.125009 0.178713 -0.071066
vn 0.605584 0.260603 -0.751900
v 0.091483 -0.020485 -0.113652
vn 0.296302 -0.083647 -0.951424
v 0.126565 0.350010 -0.030285
vn 0.317072 -0.425615 -0.847536
v 0.245481 0.079378 -0.021690
vn 0.444700 -0.153935 -0.882352
v 0.263009 0.074663 -0.017598
vn 0.836006 0.185183 -0.516529
v 0.109275 0.271302 -0.075556
vn 0.859920 0.148118 -0.488466
v 0.118832 0.232924 -0.072267
vn 0.089786 -0.005007 -0.995949
v 0.208509 0.143144 -0.039087
vn -0.179495 -0.271535 -0.945542
v 0.187926 0.141461 -0.034298
vn 0.366761 -0.154519 -0.917393
v 0.138769 0.128477 -0.029812
vn 0.026789 -0.083032 -0.996187
v 0.169355 0.109791 -0.028489
vn 0.051445 -0.092714 -0.994363
v 0.157634 0.145474 -0.032226
vn 0.782193 -0.088033 -0.616785
v 0.118131 0.121059 -0.048684
vn 0.556246 0.243390 -0.794576
v 0.087988 0.275963 -0.109122
vn 0.530700 0.143794 -0.835273
v 0.089412 0.248130 -0.114623
vn 0.862480 -0.011343 -0.505964
v 0.108371 0.090602 -0.063959
vn 0.195571 0.170301 -0.965790
v 0.057957 0.232689 -0.121653
vn 0.206340 0.137170 -0.968818
v 0.058018 0.192839 -0.129291
vn 0.329620 0.158211 -0.930763
v 0.027587 0.208729 -0.134305
vn 0.692434 0.630979 -0.349860
v 0.224173 0.214343 0.000719
vn 0.793362 0.033990 -0.607801
v 0.095118 0.078122 -0.093771
vn 0.336128 0.764899 -0.549497
v 0.170320 0.228195 0.010752
vn 0.628879 0.383491 -0.676347
v 0.164495 0.231949 0.010364
vn 0.569501 -0.098440 -0.816075
v 0.167084 0.235962 0.013341
vn 0.326632 0.343551 -0.880502
v 0.176534 0.231690 0.019555
vn 0.586151 0.015504 -0.810053
v 0.131365 0.316420 -0.027837
vn 0.579699 -0.081492 -0.810746
v 0.127601 0.339136 -0.029767
vn 0.419141 0.292312 -0.859578
v 0.071509 0.311872 -0.104396
vn 0.418908 0.302633 -0.856113
v 0.055101 0.388852 -0.086551
vn -0.431552 -0.310637 -0.846917
v 0.119445 0.388975 -0.043230
vn 0.091996 0.734673 -0.672155
v 0.242291 0.170122 -0.009970
vn 0.501158 0.059500 -0.863308
v 0.206956 0.243858 0.017225
vn -0.142318 0.822632 -0.550474
v 0.176534 0.168517 -0.022517
vn -0.319536 0.629230 -0.708496
v 0.181194 0.176154 -0.012161
vn 0.286249 0.221811 -0.932127
v 0.205014 0.182239 -0.029637
vn 0.186931 0.553376 -0.811685
v 0.201777 0.175378 -0.033391
vn -0.492559 0.181536 -0.851135
v 0.197247 0.182109 -0.027696
vn 0.499699 0.180862 -0.847107
v 0.257054 0.086702 -0.018116
vn -0.019528 0.291819 -0.956274
v 0.199447 0.234408 0.017872
vn 0.693371 0.499779 -0.519092
v 0.211745 0.232467 0.017872
vn 0.709961 0.105347 -0.696317
v 0.235824 0.059776 -0.019152
vn 0.781503 -0.305949 -0.543735
v 0.234788 0.049161 -0.024589
vn 0.766731 -0.004132 -0.641955
v 0.136252 0.283114 -0.023847
vn 0.294760 -0.311274 -0.903452
v 0.179461 0.249320 0.011485
vn 0.096067 -0.314493 -0.944386
v 0.180418 0.236480 0.019555
vn -0.015561 -0.033343 -0.999323
v 0.113749 0.388846 -0.040900
vn 0.305586 -0.321343 -0.896301
v 0.158670 0.298099 -0.012549
vn 0.430424 -0.310838 -0.847417
v 0.162373 0.276476 -0.003401
vn -0.004695 0.494785 -0.869003
v 0.178994 0.186640 -0.003747
vn 0.837172 0.386858 -0.386632
v 0.251617 0.169164 -0.010090
vn 0.119435 0.702048 -0.702043
v 0.212134 0.206576 -0.014232
vn -0.077339 -0.655469 -0.751252
v 0.214334 0.038028 -0.035463
vn 0.659779 -0.370707 -0.653657
v 0.226374 0.046183 -0.034168
vn 0.433456 -0.779202 -0.452725
v 0.220289 0.037122 -0.032356
vn 0.295944 -0.654240 -0.695979
v 0.231422 0.077382 -0.027178
vn 0.345089 -0.471595 -0.811488
v 0.239837 0.072462 -0.017857
vn 0.393158 0.158032 -0.905788
v 0.078216 -0.012846 -0.119579
vn 0.504432 0.071871 -0.860455
v 0.090479 0.185358 -0.124769
vn 0.122653 -0.104419 -0.986941
v 0.175962 0.077221 -0.026679
vn 0.826523 0.108343 -0.552378
v 0.110528 0.205029 -0.095551
vn 0.116630 -0.922945 -0.366837
v 0.163862 0.028821 0.002883
vn -0.001965 -0.966808 -0.255496
v 0.185725 0.021617 0.020681
vn 0.200392 0.071835 -0.977079
v 0.058675 0.041779 -0.117292
vn 0.404007 0.078132 -0.911413
v 0.071038 0.065121 -0.113472
vn 0.606525 0.249193 -0.755004
v 0.216881 0.193408 -0.019982
vn 0.199456 0.184206 -0.962437
v 0.061031 0.270058 -0.115229
vn 0.226042 0.214144 -0.950288
v 0.051046 0.307156 -0.109399
vn 0.687847 -0.327647 -0.647699
v 0.101192 0.164892 -0.117083
vn 0.370147 0.189130 -0.909517
v 0.003383 0.257890 -0.136285
vn 0.456717 0.164275 -0.874313
v 0.086015 0.217180 -0.120814
vn -0.280676 -0.105877 -0.953945
v 0.178864 0.154406 -0.038828
vn -0.022065 -0.356337 -0.934097
v 0.220807 0.075052 -0.026660
vn 0.090037 0.497943 -0.862523
v 0.222878 0.065343 -0.028731
vn -0.751594 -0.272017 -0.600927
v 0.214076 0.095505 -0.035851
vn 0.328446 0.185803 -0.926067
v 0.026538 0.278346 -0.122181
vn 0.846125 -0.290163 -0.447076
v 0.113361 0.167740 -0.095141
vn 0.019090 -0.437426 -0.899052
v 0.003714 0.140943 -0.125692
vn 0.151683 -0.225314 -0.962406
v 0.005526 0.135506 -0.124527
vn 0.181046 -0.157326 -0.970809
v 0.035648 0.127310 -0.118305
vn 0.874156 -0.095480 -0.476167
v 0.103984 0.127404 -0.073636
vn 0.252549 -0.334029 -0.908099
v 0.061832 0.161572 -0.131310
vn 0.771424 -0.040306 -0.635043
v 0.093377 0.114324 -0.095255
vn 0.475332 -0.120901 -0.871460
v 0.134268 0.063724 -0.029702
vn 0.781930 -0.060351 -0.620438
v 0.122990 0.060284 -0.040672
vn 0.505450 0.104110 -0.856552
v 0.081553 0.028250 -0.113559
vn 0.691886 -0.070157 -0.718590
v 0.149500 0.257835 -0.004751
vn -0.042612 -0.316329 -0.947692
v 0.119316 0.375253 -0.037404
vn -0.328728 -0.395758 -0.857504
v 0.134561 0.390458 -0.055585
vn 0.116286 -0.391382 -0.912851
v 0.163589 0.327097 -0.026401
vn 0.782762 0.206598 -0.587027
v 0.107961 0.325165 -0.059401
vn 0.737325 0.206880 -0.643081
v 0.099793 0.357545 -0.058283
vn 0.716959 -0.027334 -0.696579
v 0.159113 0.240300 0.004779
vn 0.504872 -0.307965 -0.806388
v 0.175302 0.375610 -0.044440
vn -0.561213 -0.319595 -0.763478
v 0.213817 0.083725 -0.030673
vn -0.522532 -0.531201 -0.666923
v 0.219901 0.092528 -0.043748
vn 0.519276 -0.565172 -0.641040
v 0.243461 0.049679 -0.013197
vn 0.504587 -0.024664 -0.863009
v 0.229739 0.069356 -0.024071
vn 0.646135 0.373430 -0.665627
v 0.228574 0.061459 -0.028990
vn 0.680888 0.391504 -0.618964
v 0.161000 0.227547 0.001431
vn 0.277757 0.507032 -0.815947
v 0.230646 0.162303 -0.015786
vn -0.053805 0.589488 -0.805983
v 0.185337 0.229878 0.019167
vn 0.891858 0.133698 -0.432105
v 0.136809 0.226841 -0.042478
vn 0.797452 0.167952 -0.579536
v 0.146372 0.206705 -0.027437
vn -0.516324 0.661937 -0.543368
v 0.192457 0.173306 -0.028861
vn -0.029756 0.503209 -0.863652
v 0.202684 0.192466 -0.028472
vn 0.766137 0.046050 -0.641025
v 0.140934 0.189359 -0.035463
vn 0.364553 0.366411 -0.856063
v 0.159835 0.168128 -0.026789
vn 0.413738 -0.335846 -0.846184
v 0.191421 0.085667 -0.020058
vn -0.219501 0.123334 -0.967785
v 0.209286 0.133305 -0.042453
vn -0.377401 -0.421134 -0.824751
v 0.219513 0.096800 -0.050220
vn -0.871604 0.001096 -0.490210
v 0.218089 0.100295 -0.047890
vn 0.105973 -0.367898 -0.923808
v 0.223396 0.099389 -0.050350
vn -0.497702 -0.101823 -0.861351
v 0.197764 0.048449 -0.030414
vn 0.748529 0.498588 -0.437167
v 0.252782 0.094470 -0.017080
vn 0.762316 -0.232754 -0.603904
v 0.246180 0.096605 -0.029831
vn 0.417472 0.326806 -0.847889
v 0.232195 0.173580 -0.008728
vn -0.356083 0.491964 -0.794466
v 0.200224 0.059258 -0.023424
vn -0.279747 0.202298 -0.938519
v 0.204237 0.065343 -0.023294
vn -0.172855 -0.518383 -0.837497
v 0.200871 0.095635 -0.025883
vn 0.928819 -0.186782 -0.320012
v 0.251099 0.111946 -0.027566
vn 0.889996 0.157880 -0.427763
v 0.273365 0.085019 -0.010737
vn -0.251850 -0.124965 -0.959664
v 0.187538 0.052009 -0.025495
vn 0.128721 -0.574565 -0.808273
v 0.162138 0.039770 -0.015053
vn -0.085239 0.158973 -0.983596
v 0.197117 0.075310 -0.021482
vn 0.101341 0.176298 -0.979106
v 0.193104 0.063012 -0.023035
vn 0.983428 0.007146 -0.181160
v 0.249416 0.101848 -0.021741
vn -0.430127 0.628424 -0.648131
v 0.186761 0.163986 -0.039346
vn -0.100903 0.322531 -0.941166
v 0.199059 0.190394 -0.030543
vn 0.012274 0.714499 -0.699529
v 0.207991 0.201398 -0.023294
vn 0.340291 0.636130 -0.692489
v 0.235306 0.143273 -0.039735
vn -0.282970 -0.260427 -0.923096
v 0.202943 0.090068 -0.018634
vn -0.001326 -0.230545 -0.973061
v 0.244238 0.065472 -0.013973
vn 0.505783 -0.089381 -0.858018
v 0.239060 0.066378 -0.014232
vn -0.257837 -0.190234 -0.947276
v 0.208509 0.074663 -0.027437
vn -0.659026 -0.315042 -0.682959
v 0.206567 0.090586 -0.022647
vn 0.401466 0.155311 -0.902609
v 0.016940 0.234346 -0.134221
vn 0.701553 -0.182305 -0.688903
v 0.131790 0.157026 -0.045154
vn 0.171802 -0.453599 -0.874490
v 0.038246 0.147076 -0.126144
vn -0.078159 -0.459973 -0.884486
v 0.151958 0.354720 -0.041240
vn 0.218168 -0.351212 -0.910524
v 0.160410 0.384308 -0.055323
vn 0.415575 -0.171231 -0.893296
v 0.110125 0.383797 -0.041547
vn 0.056812 0.703294 -0.708626
v 0.198800 0.170070 -0.041029
vn 0.983882 0.141559 -0.109263
v 0.253170 0.120101 -0.024071
vn 0.207157 -0.190885 -0.959504
v 0.202425 0.155830 -0.045948
vn -0.319476 0.431369 -0.843716
v 0.165336 0.159973 -0.032809
vn 0.245978 0.676363 -0.694282
v 0.225079 0.151558 -0.032874
vn 0.145754 0.317375 -0.937032
v 0.219771 0.147286 -0.034815
vn -0.113009 0.505385 -0.855462
v 0.232070 0.136283 -0.044007
vn 0.747923 0.354793 -0.561011
v 0.239837 0.131493 -0.045042
vn 0.358546 0.322309 -0.876106
v 0.236600 0.128127 -0.051385
vn -0.147862 0.165258 -0.975103
v 0.231034 0.122561 -0.052421
vn 0.712624 -0.123831 -0.690531
v 0.238801 0.118936 -0.047761
vn -0.527913 0.161944 -0.833716
v 0.222619 0.114923 -0.049185
vn 0.181213 -0.079820 -0.980199
v 0.227927 0.110133 -0.051774
vn -0.570941 0.096254 -0.815329
v 0.220678 0.106768 -0.052033
vn 0.734681 0.621475 -0.272052
v 0.270388 0.091622 -0.007242
vn -0.020507 -0.151455 -0.988251
v 0.216665 0.047090 -0.038958
vn -0.019236 -0.636537 -0.771006
v 0.224691 0.085796 -0.041935
vn 0.290940 0.364058 -0.884769
v 0.223137 0.056540 -0.037663
vn -0.010190 0.090980 -0.995801
v 0.196340 0.081654 -0.019152
vn -0.422718 0.242847 -0.873118
v 0.202166 0.083984 -0.021223
vn -0.367789 0.433354 -0.822761
v 0.197506 0.052527 -0.028602
vn -0.379053 0.293299 -0.877664
v 0.207991 0.053174 -0.035592
vn -0.229537 0.392059 -0.890844
v 0.194140 0.162044 -0.046078
vn 0.649669 0.275795 -0.708426
v 0.084326 0.335591 -0.083193
vn 0.621256 0.256027 -0.740602
v 0.079872 0.368231 -0.076465
vn -0.908761 -0.028545 -0.416340
v -0.150301 0.201815 -0.052096
vn -0.816130 -0.004084 -0.577854
v -0.140798 0.205048 -0.068927
vn -0.001096 -0.238033 -0.971256
v -0.038815 0.657719 -0.118342
vn 0.350405 0.018709 0.936411
v 0.055261 0.422349 0.106533
vn 0.311316 0.037479 0.949567
v 0.061764 0.381873 0.106924
vn 0.552131 -0.188313 0.812213
v 0.081782 0.495880 0.089742
vn 0.693398 0.270885 0.667698
v 0.085116 0.445688 0.086658
vn 0.295907 0.223242 0.928764
v 0.048714 0.486218 0.096905
vn 0.656679 -0.270104 0.704142
v 0.014977 0.395189 0.146031
vn 0.047347 -0.104672 0.993379
v 0.012129 0.396354 0.147325
vn 0.298654 0.259737 -0.918337
v 0.018543 0.344263 -0.109178
vn -0.619220 0.138835 -0.772846
v -0.081081 -0.038125 -0.130083
vn 0.554408 0.030253 0.831695
v 0.086677 0.385016 0.094304
vn 0.439418 0.216525 0.871796
v 0.015632 0.441565 0.120568
vn 0.355049 -0.182453 0.916870
v 0.021236 0.503241 0.105086
vn 0.629654 0.346904 0.695121
v 0.015624 0.401144 0.145254
vn 0.498664 0.004917 0.866782
v 0.033550 0.376843 0.112987
vn 0.251571 -0.049442 0.966575
v 0.066919 0.544891 0.115387
vn 0.451684 -0.297517 0.841110
v 0.085787 0.540824 0.104735
vn 0.196346 -0.227170 0.953857
v 0.054521 0.507419 0.091836
vn 0.122709 0.306031 0.944080
v -0.004002 0.428127 0.138778
vn 0.753277 0.075081 0.653404
v 0.088118 0.534222 0.101887
vn 0.615808 -0.341653 0.709968
v 0.086758 0.527426 0.103052
vn 0.796962 0.034517 0.603043
v 0.088765 0.532669 0.101887
vn 0.397207 0.152558 0.904960
v 0.049446 0.453728 0.110819
vn 0.563667 0.046594 0.824687
v 0.029236 0.408104 0.112322
vn -0.130082 -0.094314 0.987007
v -0.004405 0.399311 0.144598
vn 0.540144 -0.228859 0.809857
v 0.015753 0.382632 0.137098
vn -0.122654 -0.194893 0.973125
v -0.002544 0.378793 0.133076
vn -0.512442 0.203464 -0.834269
v -0.078618 0.492538 -0.099801
vn 0.141155 0.042089 -0.989092
v -0.072663 0.492150 -0.099930
vn 0.749325 0.265722 -0.606551
v 0.094194 0.305729 -0.085048
vn 0.300185 0.160572 -0.940269
v 0.033918 0.250360 -0.125098
vn 0.305274 0.231092 -0.923799
v 0.027117 0.317186 -0.113923
vn -0.159094 -0.823878 -0.543980
v 0.193160 0.032092 -0.017327
vn -0.250982 -0.348627 -0.903032
v -0.076288 0.485806 -0.099801
vn -0.306429 0.064160 -0.949729
v -0.071404 0.579627 -0.100303
vn -0.174966 -0.035807 -0.983923
v -0.041620 0.549769 -0.107972
vn -0.880922 0.151892 -0.448224
v -0.138798 0.410041 -0.022390
vn -0.794453 -0.307442 -0.523760
v -0.136326 0.441647 -0.025833
vn -0.305503 -0.452814 -0.837632
v -0.086675 0.459083 -0.077721
vn 0.871673 0.048635 -0.487669
v 0.095994 -0.092236 -0.118317
vn 0.619405 0.069888 -0.781955
v 0.084541 -0.052662 -0.122499
vn -0.506981 -0.134397 -0.851415
v -0.091362 0.489667 -0.086827
vn 0.999791 0.019940 0.004413
v 0.096796 -0.241488 -0.121446
vn -0.680205 0.211350 -0.701892
v -0.118473 0.414632 -0.052641
vn -0.672573 -0.735973 -0.077389
v -0.170433 0.467601 -0.013380
vn 0.882107 0.111138 -0.457750
v 0.096661 -0.178029 -0.130870
vn 0.147510 0.892852 0.425507
v -0.026578 0.569045 0.119752
vn 0.752693 0.088964 -0.652333
v 0.093037 -0.161201 -0.133329
vn 0.959146 -0.010079 -0.282732
v 0.092146 -0.181717 -0.074255
vn -0.239769 -0.005077 -0.970817
v -0.063586 0.512612 -0.097117
vn -0.385591 0.020269 -0.922447
v -0.095692 0.527416 -0.087591
vn -0.762498 -0.123002 -0.635190
v -0.136986 0.492375 -0.056115
vn -0.653255 -0.062901 -0.754521
v -0.143618 0.515335 -0.043892
vn -0.415758 -0.274958 -0.866916
v -0.152440 0.489952 -0.033139
vn 0.987607 -0.028928 -0.154256
v 0.090211 -0.206649 -0.080183
vn 0.300695 0.902819 -0.307408
v 0.184560 -0.468911 -0.221357
vn -0.068410 -0.238345 -0.968768
v -0.040587 0.487866 -0.100713
vn 0.943791 0.276267 -0.181479
v 0.203009 -0.493730 -0.221948
vn -0.666109 -0.381464 -0.640925
v -0.139185 0.463992 -0.044568
vn 0.159205 0.872051 -0.462797
v 0.188055 -0.472406 -0.231714
vn 0.671490 0.655497 -0.345579
v 0.192457 -0.474995 -0.231584
vn -0.479977 0.721365 0.499254
v -0.098158 0.971501 0.127307
vn 0.978799 0.187218 0.083074
v 0.172521 0.078417 0.086223
vn -0.029983 0.377180 -0.925654
v 0.131374 -0.491724 -0.246573
vn 0.835756 0.179727 0.518854
v 0.160223 0.116606 0.067841
vn 0.766887 -0.391800 0.508308
v 0.161522 0.127295 0.069271
vn 0.377468 0.156960 0.912624
v 0.195952 0.071556 0.043245
vn 0.223145 0.625627 0.747527
v 0.198541 0.066119 0.045963
vn 0.803776 -0.070106 0.590787
v 0.211089 0.194721 0.070343
vn 0.846441 -0.530247 0.048730
v 0.126428 0.006011 0.026767
vn -0.537678 0.049102 -0.841719
v -0.104562 0.598334 -0.079150
vn 0.080713 -0.105732 -0.991114
v 0.023337 0.606493 -0.100817
vn 0.952366 0.284253 -0.110449
v 0.248759 0.134022 -0.023142
vn 0.176483 -0.095564 0.979654
v 0.197117 0.075828 0.043633
vn -0.147107 0.118155 0.982038
v 0.208154 0.072048 0.046646
vn 0.788860 0.240787 0.565439
v 0.225597 0.122431 0.009328
vn 0.973090 -0.037012 0.227434
v 0.157763 0.124762 0.077550
vn 0.698336 0.562887 0.442136
v 0.249287 0.130199 -0.015139
vn 0.747680 0.614215 0.252416
v 0.266051 0.097123 0.006933
vn 0.962917 0.258965 0.075687
v 0.158928 0.117383 0.071854
vn 0.884361 0.463455 0.055808
v 0.161906 0.119842 0.085964
vn 0.623976 0.457618 0.633435
v 0.192716 0.047219 0.085188
vn 0.525438 -0.760974 0.380569
v 0.224820 0.020163 0.057226
vn 0.584521 -0.057355 0.809349
v 0.226374 0.029355 0.059426
vn 0.765684 -0.456841 0.452795
v 0.230775 0.024824 0.055672
vn -0.598378 -0.183452 -0.779929
v -0.107144 0.441706 -0.052104
vn 0.148021 -0.131755 -0.980169
v 0.005211 0.512404 -0.102765
vn 0.875759 0.367489 0.313046
v 0.237094 0.183726 0.011400
vn 0.907149 0.043993 0.418504
v 0.224043 0.172012 0.033795
vn 0.794215 0.600657 -0.091835
v 0.250581 0.100683 -0.010090
vn 0.780767 -0.045260 0.623181
v 0.233817 0.165151 0.027387
vn 0.557547 0.829369 0.035888
v 0.246957 0.105602 0.011529
vn 0.115329 0.539880 0.833804
v 0.210904 0.062106 0.049264
vn 0.514150 0.110517 0.850550
v 0.239448 0.081395 0.046611
vn 0.873329 0.480636 0.079287
v 0.155951 0.124373 0.082599
vn 0.976651 -0.027950 -0.213008
v 0.123688 -0.127253 -0.028720
vn 0.946750 -0.002596 -0.321959
v 0.121378 -0.164219 -0.030740
vn 0.590721 0.801701 -0.091233
v 0.250581 0.101719 -0.002193
vn 0.903312 0.315015 0.291193
v 0.245144 0.108839 -0.006077
vn 0.736083 0.580947 0.347394
v 0.241908 0.111298 0.002338
vn 0.949913 -0.031928 0.310879
v 0.249805 0.113370 -0.016692
vn 0.857115 0.320639 -0.403168
v 0.097438 -0.021650 -0.108992
vn 0.512412 0.453341 -0.729325
v 0.193751 -0.485869 -0.242329
vn 0.970201 -0.210633 0.119765
v 0.253688 0.115311 -0.022906
vn 0.120720 -0.379294 -0.917367
v -0.012604 0.480489 -0.097795
vn -0.047237 -0.059207 -0.997128
v -0.076029 0.489820 -0.100707
vn 0.254444 -0.482827 0.837936
v 0.048484 0.526081 0.106251
vn 0.318305 0.244457 0.915927
v 0.016153 0.477152 0.111788
vn 0.211783 0.366003 0.906195
v 0.005709 0.567971 0.125783
vn 0.677215 0.269726 0.684564
v 0.016796 0.413362 0.134977
vn 0.027341 -0.687114 0.726035
v -0.016092 -0.586713 0.186032
vn -0.006791 -0.704072 0.710097
v -0.022565 -0.586713 0.185902
vn 0.086956 -0.707313 -0.701532
v -0.022047 -0.586713 -0.248672
vn 0.702851 -0.711258 -0.010623
v 0.209545 -0.586713 0.054766
vn 0.148257 -0.710680 0.687717
v 0.189221 -0.586713 0.183184
vn 0.037971 -0.701695 0.711465
v 0.178088 -0.586713 0.184219
vn -0.705727 -0.708334 -0.014558
v -0.229949 -0.586713 -0.038634
vn -0.703379 -0.710783 -0.006736
v -0.227522 -0.586713 0.081304
vn -0.706117 -0.707866 0.018014
v -0.230273 -0.586713 -0.096144
vn -0.011246 -0.683369 -0.729986
v 0.016142 -0.586713 -0.251650
vn 0.004897 -0.696209 0.717822
v 0.004102 -0.586713 0.185773
vn -0.035988 -0.667595 -0.743654
v 0.015753 -0.586713 -0.251650
vn -0.005201 -0.695304 -0.718697
v 0.018342 -0.586713 -0.251650
vn 0.013608 -0.702282 0.711769
v 0.042032 -0.586713 0.184737
vn -0.002579 -0.691392 0.722475
v -0.187359 -0.586713 0.186550
vn -0.173108 -0.644300 0.744924
v -0.212214 -0.586713 0.185838
vn -0.013767 -0.678723 -0.734265
v -0.208071 -0.586713 -0.251002
vn -0.675400 -0.737444 -0.003228
v -0.226583 -0.586713 0.059038
vn -0.668463 -0.539611 -0.511837
v -0.226454 -0.586713 -0.247507
vn -0.718785 -0.693611 0.047459
v -0.227748 -0.586713 0.150950
vn -0.707339 -0.706873 -0.001516
v -0.227748 -0.586713 0.110852
vn -0.711113 -0.702429 0.030191
v -0.229140 -0.586713 0.020785
vn 0.018477 -0.697012 -0.716821
v -0.178297 -0.586713 -0.251002
vn 0.005030 -0.688110 -0.725589
v -0.186323 -0.586713 -0.251261
vn 0.012183 -0.697224 0.716750
v -0.172083 -0.586713 0.186291
vn 0.045624 -0.718091 0.694453
v 0.053683 -0.586713 0.184219
vn 0.040214 -0.682428 0.729846
v 0.049541 -0.586713 0.184737
vn -0.023315 -0.691417 -0.722079
v 0.053424 -0.586713 -0.252426
vn -0.709052 -0.705062 0.011513
v -0.230596 -0.586713 -0.151323
vn -0.708930 -0.705256 0.005660
v -0.231049 -0.586713 -0.193978
vn -0.001208 -0.707458 0.706755
v 0.077114 -0.586713 0.184090
vn 0.005560 -0.714347 0.699769
v 0.064557 -0.586713 0.183960
vn -0.009789 -0.690069 -0.723678
v 0.066758 -0.586713 -0.252685
vn 0.011558 -0.719009 0.694905
v -0.008713 -0.586713 0.185384
vn -0.130079 -0.681717 -0.719959
v -0.002888 -0.586713 -0.249190
vn 0.000991 -0.703176 0.711015
v -0.042501 -0.586713 0.185902
vn 0.037102 -0.682802 -0.729661
v -0.031432 -0.586713 -0.249902
vn -0.014793 -0.756499 -0.653828
v -0.011302 -0.586713 -0.247378
vn -0.088458 -0.639773 -0.763456
v -0.215580 -0.586713 -0.251132
vn 0.015511 -0.693047 -0.720725
v -0.141403 -0.586713 -0.250226
vn 0.008072 -0.704306 0.709851
v -0.156808 -0.586713 0.185902
vn 0.015651 -0.695187 -0.718659
v -0.153054 -0.586713 -0.250484
vn 0.007497 -0.680142 -0.733042
v -0.126775 -0.586713 -0.250226
vn -0.002676 -0.707427 0.706782
v -0.121079 -0.586713 0.185773
vn -0.755189 -0.642486 -0.130004
v -0.231308 -0.586713 -0.225128
vn -0.022098 -0.684575 -0.728608
v 0.056272 -0.586713 -0.252556
vn -0.000247 -0.700331 0.713818
v -0.096612 -0.586713 0.186032
vn 0.008453 -0.684346 -0.729109
v -0.097000 -0.586713 -0.249449
vn 0.001011 -0.703556 0.710640
v -0.073828 -0.586713 0.185902
vn -0.014627 -0.655889 -0.754716
v -0.084573 -0.586713 -0.249967
vn -0.009671 -0.690933 -0.722854
v 0.118280 -0.586713 -0.253203
vn 0.000848 -0.711357 0.702831
v 0.109089 -0.586713 0.183831
vn -0.007584 -0.691865 -0.721987
v 0.109995 -0.586713 -0.253074
vn -0.008978 -0.694413 -0.719521
v 0.134203 -0.586713 -0.253332
vn -0.005976 -0.698298 0.715782
v 0.152197 -0.586713 0.184608
vn 0.705843 -0.708319 -0.008370
v 0.210062 -0.586713 0.083505
vn 0.702049 -0.694816 0.156072
v 0.208069 -0.586713 0.167169
vn -0.013494 -0.680854 -0.732295
v -0.052469 -0.586713 -0.249708
vn 0.014641 -0.696926 0.716993
v 0.169155 -0.586713 0.184608
vn 0.021602 -0.696801 -0.716939
v 0.176016 -0.586713 -0.253591
vn 0.250657 -0.657068 -0.710938
v 0.199188 -0.586713 -0.251002
vn 0.118290 -0.688612 -0.715417
v 0.193881 -0.586713 -0.252167
vn 0.673716 -0.593845 -0.439836
v 0.207215 -0.586713 -0.246989
vn 0.698051 -0.716002 0.008135
v 0.209027 -0.586713 0.011140
vn 0.709668 -0.704524 -0.004148
v 0.209156 -0.586713 -0.093652
vn 0.709394 -0.704739 -0.010171
v 0.209286 -0.586713 -0.080771
vn 0.716179 -0.697911 -0.002769
v 0.210321 -0.586713 -0.030997
vn -0.005889 -0.694058 -0.719895
v 0.158540 -0.586713 -0.253721
vn 0.541430 -0.672348 0.504779
v 0.203978 -0.586713 0.177099
vn -0.702148 -0.712013 0.005072
v -0.230078 -0.586713 -0.129187
vn -0.620594 -0.621890 0.477615
v -0.223088 -0.586713 0.180724
vn -0.707712 -0.706429 0.010112
v -0.229431 -0.586713 0.004797
vn 0.719368 -0.693933 -0.031092
v 0.208873 -0.586713 -0.222547
vn 0.715254 -0.698864 0.000596
v 0.209286 -0.586713 -0.153136
vn -0.005752 0.950950 -0.309290
v -0.046166 0.989942 0.043285
vn 0.474666 0.880135 0.007426
v 0.000297 0.985442 0.071046
vn 0.620549 0.737792 -0.265673
v 0.012187 0.974952 0.047009
vn -0.718512 0.694073 0.044749
v -0.115084 0.974614 0.086275
vn 0.201444 0.798493 0.567300
v -0.030449 0.969213 0.139892
vn 0.044390 0.975878 0.213754
v -0.048459 0.992229 0.096387
vn 0.031577 0.831242 -0.555013
v -0.040260 0.979314 0.018932
vn -0.350119 0.815275 -0.461242
v -0.079484 0.980272 0.035549
vn -0.442129 0.877874 -0.184011
v -0.094728 0.986899 0.066620
vn -0.101379 0.985323 -0.137334
v -0.062829 0.994274 0.065236
vn 0.215728 0.891309 0.398786
v -0.026333 0.983766 0.114178
vn 0.021101 0.703028 0.710849
v -0.045245 0.960774 0.154305
vn 0.454382 0.695499 0.556614
v -0.007051 0.960769 0.139164
vn 0.257476 0.922253 -0.288367
v -0.014427 0.985211 0.044608
vn 0.431453 0.842415 0.322778
v -0.006044 0.981671 0.103690
vn -0.452798 0.143639 0.879967
v -0.112935 0.123209 0.125786
vn -0.714834 0.063475 0.696408
v -0.128145 0.106215 0.117914
vn 0.116058 0.074349 0.990456
v -0.066906 0.116727 0.133360
vn 0.975601 -0.126414 0.179507
v 0.108042 -0.109778 0.047569
vn 0.018058 0.057867 0.998161
v 0.126222 -0.529062 0.183862
vn 0.022062 0.014095 0.999657
v 0.020614 -0.569335 0.184998
vn 0.017209 0.010541 0.999796
v 0.036806 -0.548134 0.184482
vn 0.004605 0.003092 0.999985
v 0.069920 -0.556428 0.184227
vn 0.005416 -0.001360 0.999984
v 0.102275 -0.559251 0.184157
vn 0.006410 0.023200 0.999710
v -0.045502 -0.559177 0.185643
vn -0.025573 0.097332 0.994923
v -0.101406 -0.513904 0.183424
vn -0.015316 0.130107 0.991382
v -0.055155 0.062300 0.134714
vn 0.000077 0.031308 0.999510
v -0.107430 -0.545167 0.185480
vn 0.006856 0.055878 0.998414
v -0.070877 -0.532301 0.185422
vn -0.993253 0.113877 -0.021933
v -0.224384 -0.454910 -0.040838
vn -0.999619 0.012261 0.024728
v -0.227650 -0.532321 0.147392
vn -0.999856 -0.000282 0.016992
v -0.227794 -0.531743 0.065077
vn -0.999209 0.037443 0.013427
v -0.229869 -0.531527 -0.164612
vn -0.998492 0.039764 -0.037863
v -0.227791 -0.487486 -0.019309
vn -0.999811 0.018837 0.004774
v -0.229227 -0.530722 -0.004134
vn -0.999640 -0.003741 0.026581
v -0.229195 -0.558831 0.020864
vn -0.999982 -0.002882 0.005281
v -0.227926 -0.528976 0.112090
vn -0.039063 0.097772 0.994442
v -0.085835 0.079459 0.139004
vn 0.999966 -0.002566 -0.007832
v 0.210557 -0.546280 0.104371
vn 0.995864 0.058861 -0.069215
v 0.210814 -0.516473 0.088074
vn -0.999892 0.006430 0.013232
v -0.229589 -0.561773 -0.009829
vn -0.999992 -0.003305 0.002241
v -0.227748 -0.553942 0.083781
vn 0.576739 0.114795 -0.808823
v 0.078893 -0.289689 -0.154601
vn 0.999577 0.027231 -0.010244
v 0.208448 -0.533225 -0.125368
vn -0.055492 0.073996 -0.995713
v -0.025293 -0.537950 -0.247576
vn -0.040014 0.101723 -0.994008
v -0.043100 -0.522420 -0.244694
vn -0.375645 0.220397 -0.900176
v -0.049880 0.349186 -0.107689
vn 0.969796 0.027650 -0.242345
v 0.091315 -0.271328 -0.076309
vn 0.997489 0.070696 -0.004214
v 0.207275 -0.514144 -0.159879
vn 0.236795 0.109263 -0.965396
v 0.053300 -0.066564 -0.130793
vn 0.376172 0.164948 -0.911749
v 0.035062 -0.179917 -0.150830
vn -0.024464 -0.067394 -0.997427
v -0.009384 -0.299520 -0.163351
vn 0.008240 0.582341 -0.812903
v 0.039226 -0.421379 -0.205140
vn 0.016675 0.066501 -0.997647
v -0.181872 -0.540184 -0.249681
vn 0.045756 0.043727 -0.997995
v 0.018084 -0.267323 -0.174870
vn 0.368401 0.174377 -0.913167
v 0.041809 -0.256835 -0.163877
vn -0.023820 0.067183 -0.997456
v 0.116417 -0.549827 -0.251357
vn 0.855489 -0.051185 -0.515285
v 0.116646 -0.008579 -0.046790
vn 0.917414 -0.050065 -0.394773
v 0.100971 -0.028685 -0.066489
vn 0.976828 -0.150198 0.152473
v 0.121357 -0.022554 0.010139
vn 0.988087 0.150824 -0.030599
v 0.206426 -0.500380 -0.193120
vn -0.045170 0.029570 -0.998542
v 0.004498 -0.560918 -0.249335
vn 0.016856 0.020103 -0.999656
v -0.028836 -0.575007 -0.249481
vn -0.997368 -0.006726 -0.072197
v -0.230987 -0.555142 -0.212733
vn 0.990047 0.113643 -0.083022
v 0.208511 -0.527048 -0.222423
vn -0.897096 0.014207 -0.441607
v -0.153014 0.263922 -0.045565
vn 0.998663 0.051010 0.008421
v 0.209012 -0.525543 -0.059383
vn 0.991982 0.125311 0.016376
v 0.208013 -0.502074 -0.073405
vn 0.999961 -0.007248 -0.005053
v 0.208645 -0.553726 -0.219919
vn 0.208333 0.033703 -0.977477
v 0.035917 0.102663 -0.118589
vn 0.203763 0.053705 -0.977546
v 0.049079 0.077768 -0.117078
vn 0.874811 0.149214 -0.460914
v 0.128111 0.259090 -0.048723
vn 0.883148 0.068659 -0.464042
v 0.129905 0.209769 -0.058741
vn 0.393583 -0.016376 -0.919143
v 0.069582 0.103864 -0.111563
vn 0.827409 0.146139 -0.542252
v 0.103709 0.244548 -0.095450
vn 0.218557 0.116761 -0.968814
v 0.050590 0.010314 -0.121904
vn -0.026499 0.050050 -0.998395
v 0.150821 -0.546346 -0.251807
vn -0.291395 0.255823 -0.921761
v -0.033215 0.300996 -0.134227
vn -0.073558 0.139141 -0.987537
v -0.031647 -0.032082 -0.146187
vn 0.983879 -0.118282 0.134131
v 0.114866 -0.062741 0.019633
vn 0.999357 0.035419 0.005628
v 0.208401 -0.531271 -0.188142
vn 0.997258 0.025121 0.069615
v 0.092212 -0.179423 -0.098447
vn 0.269714 0.139201 -0.952826
v 0.031190 -0.014552 -0.130223
vn 0.081338 0.102888 -0.991362
v -0.030190 -0.167212 -0.166324
vn 0.243774 0.128453 -0.961288
v 0.001415 -0.114277 -0.155219
vn 0.999917 0.012741 -0.002124
v 0.208675 -0.563683 -0.187566
vn 0.000000 -1.000000 -0.000000
v -0.020253 -0.586713 -0.030392
vn 0.713261 -0.700885 -0.004249
v 0.209092 -0.586713 -0.185434
vn 0.000000 -1.000000 -0.000000
v 0.183885 -0.586713 -0.018980
vn 0.000000 -1.000000 -0.000000
v 0.190295 -0.586713 -0.004528
vn 0.000000 -1.000000 -0.000000
v 0.010435 -0.586713 -0.047980
vn 0.000000 -1.000000 -0.000000
v 0.007171 -0.586713 -0.078968
vn 0.000000 -1.000000 -0.000000
v 0.020260 -0.586713 -0.036268
vn 0.000000 -1.000000 -0.000000
v -0.201391 -0.586713 0.057711
vn 0.000000 -1.000000 -0.000000
v -0.179554 -0.586713 -0.015986
vn 0.000000 -1.000000 -0.000000
v -0.184610 -0.586713 -0.094224
vn 0.000000 -1.000000 -0.000000
v 0.051629 -0.586713 -0.022657
vn 0.000000 -1.000000 -0.000000
v 0.064411 -0.586713 -0.113717
vn 0.000000 -1.000000 -0.000000
v 0.071347 -0.586713 0.022435
vn 0.000000 -1.000000 -0.000000
v -0.006479 -0.586713 -0.047346
vn 0.000000 -1.000000 -0.000000
v 0.001716 -0.586713 -0.010225
vn 0.000000 -1.000000 -0.000000
v -0.036747 -0.586713 -0.010341
vn 0.000000 -1.000000 -0.000000
v -0.037563 -0.586713 -0.061660
vn 0.000000 -1.000000 -0.000000
v -0.028184 -0.586713 -0.042025
vn 0.000000 -1.000000 -0.000000
v -0.012735 -0.586713 -0.008556
vn 0.000000 -1.000000 -0.000000
v -0.222647 -0.586713 -0.024360
vn 0.000000 -1.000000 -0.000000
v -0.218480 -0.586713 -0.052646
vn 0.000000 -1.000000 -0.000000
v -0.215519 -0.586713 -0.009730
vn 0.000000 -1.000000 -0.000000
v -0.154728 -0.586713 -0.046820
vn 0.000000 -1.000000 -0.000000
v -0.138206 -0.586713 0.046521
vn 0.000000 -1.000000 -0.000000
v -0.120343 -0.586713 -0.125155
vn 0.000000 -1.000000 -0.000000
v 0.058237 -0.586713 -0.032209
vn 0.000000 -1.000000 -0.000000
v -0.101988 -0.586713 -0.020621
vn 0.000000 -1.000000 -0.000000
v -0.079688 -0.586713 -0.063746
vn 0.000000 -1.000000 -0.000000
v 0.107917 -0.586713 -0.057021
vn 0.000000 -1.000000 -0.000000
v 0.119922 -0.586713 -0.037057
vn 0.000000 -1.000000 -0.000000
v 0.140004 -0.586713 -0.037016
vn 0.704934 -0.709266 0.003191
v 0.210321 -0.586713 0.117292
vn 0.000000 -1.000000 -0.000000
v -0.056075 -0.586713 -0.035609
vn 0.000000 -1.000000 -0.000000
v 0.172505 -0.586713 -0.017379
vn 0.000000 -1.000000 -0.000000
v 0.179828 -0.586713 -0.051866
vn 0.000000 -1.000000 -0.000000
v 0.197081 -0.586713 -0.056109
vn 0.000000 -1.000000 -0.000000
v 0.202621 -0.586713 0.041684
vn 0.000000 -1.000000 -0.000000
v 0.153623 -0.586713 -0.022176
vn 0.000000 -1.000000 -0.000000
v 0.162905 -0.586713 -0.051241
vn 0.000000 -1.000000 -0.000000
v 0.035262 -0.586713 0.014557
vn 0.000000 -1.000000 -0.000000
v -0.211016 -0.586713 -0.043941
vn 0.000000 -1.000000 -0.000000
v -0.167163 -0.586713 -0.027758
vn 0.000000 -1.000000 -0.000000
v 0.193111 -0.586713 -0.033379
vn 0.000000 -1.000000 -0.000000
v 0.090071 -0.586713 -0.032819
vn 0.711852 -0.702328 0.001478
v 0.209156 -0.586713 -0.135757
vn -0.003660 0.006813 0.999970
v 0.132974 -0.562232 0.183903
vn 0.999897 -0.004966 -0.013479
v 0.210130 -0.564845 0.076864
vn -0.001670 0.008856 0.999959
v -0.122222 -0.569444 0.185706
vn -0.999957 -0.003312 -0.008612
v -0.230347 -0.562584 -0.102138
vn -0.999500 -0.023906 0.020718
v -0.228079 -0.561019 0.051198
vn -0.032102 0.052703 -0.998094
v 0.032518 -0.563242 -0.250809
vn 0.007011 0.028189 -0.999578
v -0.181637 -0.566753 -0.250447
vn 0.999922 0.011969 -0.003568
v 0.208831 -0.561357 -0.110663
vn -0.017133 0.060223 -0.998038
v 0.061084 -0.549925 -0.250777
vn 0.032731 0.038918 -0.998706
v -0.148412 -0.564870 -0.249653
vn 0.999987 0.004812 0.001930
v 0.209359 -0.552460 0.016859
vn 0.999775 0.012947 -0.016822
v 0.209477 -0.556604 -0.046444
vn 0.999889 0.010180 -0.010844
v 0.208925 -0.555514 -0.086080
vn 0.419414 -0.182003 -0.889363
v 0.068670 0.508082 -0.081574
vn 0.680614 -0.199836 0.704862
v 0.067219 0.798133 0.041844
vn -0.888764 -0.147211 0.434083
v -0.127457 -0.053457 0.089398
vn 0.503403 0.062697 0.861774
v 0.100993 0.247623 0.085865
vn 0.294268 0.340962 0.892833
v 0.184417 -0.511278 0.183156
vn -0.531924 0.052099 0.845188
v -0.112442 0.060460 0.134483
vn 0.000259 0.057656 0.998336
v -0.057983 0.197470 0.128367
vn 0.859786 0.478955 0.177117
v 0.207295 -0.496622 0.141352
vn -0.370717 0.013716 0.928645
v -0.178096 0.568025 0.037366
vn -0.881656 -0.114742 -0.457730
v -0.198174 -0.353760 -0.058507
vn -0.229103 -0.663144 0.712567
v -0.052248 0.842675 0.153401
vn -0.115961 -0.150528 0.981781
v -0.068370 0.524364 0.119412
vn -0.633236 -0.036989 0.773075
v -0.156635 -0.255518 -0.085324
vn -0.999791 0.013916 0.014975
v -0.230238 -0.555601 -0.043009
vn -0.744701 0.065721 0.664154
v -0.149795 0.276955 0.069530
vn 0.685921 0.593356 -0.421239
v 0.045227 0.883267 0.022365
vn -0.649383 0.060378 0.758061
v -0.182077 0.602105 0.034062
vn -0.627485 0.153279 0.763393
v -0.125532 0.174121 0.108266
vn 0.945212 0.319482 -0.067127
v 0.076008 0.803595 -0.002119
vn 0.862316 0.460236 0.211171
v 0.041574 0.903321 0.110957
vn 0.748449 -0.072902 -0.659173
v 0.183528 0.412442 -0.049553
vn 0.293611 -0.023604 -0.955634
v 0.046426 0.564787 -0.094931
vn 0.946965 0.056588 0.316316
v 0.099874 0.456349 0.039462
vn 0.113735 -0.579495 0.807001
v -0.007035 0.517653 0.123841
vn 0.661305 0.367699 0.653815
v 0.121390 0.696989 0.025141
vn 0.729557 0.174672 0.661238
v 0.110572 0.358229 0.078300
vn -0.677024 0.194375 0.709829
v -0.117416 0.597157 0.084891
vn -0.918428 0.172534 -0.355980
v -0.128873 0.894127 0.043382
vn -0.904460 0.274916 -0.326150
v -0.217810 0.533111 -0.017683
vn -0.958056 0.241684 -0.154003
v -0.130192 0.939367 0.075545
vn -0.883859 0.291607 0.365731
v -0.127029 0.909559 0.129588
vn 0.859396 -0.174720 0.480532
v 0.113306 0.489987 0.022186
vn -0.759385 0.119328 -0.639606
v -0.119653 0.689444 -0.062549
vn 0.574935 -0.594429 0.562231
v 0.028866 0.860136 0.138985
vn -0.660265 0.202565 -0.723200
v -0.097299 -0.201131 -0.155285
vn 0.470174 0.116933 -0.874793
v -0.054736 -0.259741 -0.179168
vn -0.729298 0.192472 -0.656566
v -0.159770 -0.160755 -0.113175
vn 0.165617 0.130670 -0.977495
v -0.070935 -0.283780 -0.193440
vn -0.861421 0.443418 -0.247656
v -0.198654 -0.384468 -0.079122
vn 0.112084 0.109337 -0.987665
v 0.002231 -0.211284 -0.169897
vn -0.220827 0.192178 -0.956192
v -0.128800 -0.118377 -0.110932
vn 0.060523 0.194553 -0.979023
v -0.153597 -0.495713 -0.242999
vn 0.015694 0.314107 -0.949258
v 0.041875 -0.478365 -0.242552
vn -0.006666 0.065071 -0.997858
v 0.089166 -0.558180 -0.251759
vn -0.999326 0.028780 0.022800
v -0.228710 -0.491621 -0.168838
vn 0.995017 0.099300 -0.009036
v 0.208570 -0.512975 0.026675
vn 0.710166 0.617815 0.337594
v 0.143551 -0.421988 0.076886
vn -0.749143 0.247078 -0.614604
v -0.134968 0.353353 -0.056926
vn -0.292622 0.274406 0.916010
v -0.072853 0.917005 0.172399
vn 0.835193 0.160688 -0.525958
v 0.118465 0.294814 -0.054269
vn 0.210843 0.113254 -0.970937
v -0.001012 0.039098 -0.133805
vn 0.342555 0.122337 -0.931499
v 0.002367 0.206030 -0.146472
vn 0.368273 0.264370 -0.891338
v 0.052711 0.350366 -0.098504
vn 0.957870 -0.024859 -0.286125
v 0.092717 -0.146571 -0.074062
vn -0.381617 -0.052611 -0.922822
v -0.069843 0.545839 -0.096129
vn -0.526704 -0.118314 -0.841775
v -0.114964 0.501387 -0.078082
vn 0.774039 0.299000 -0.558088
v 0.096979 -0.335485 -0.146891
vn 0.925506 -0.027487 -0.377734
v 0.099239 -0.057751 -0.065661
vn 0.475159 0.439912 0.762038
v 0.219284 0.112763 0.035329
vn 0.970495 -0.130277 0.202898
v 0.118103 -0.029736 0.040561
vn 0.162435 0.580616 -0.797809
v 0.134385 -0.462652 -0.222986
vn 0.999289 -0.009314 -0.036547
v 0.096677 -0.209650 -0.117106
vn 0.977099 -0.086501 -0.194412
v 0.096386 -0.039257 -0.095520
vn 0.000000 -1.000000 -0.000000
v 0.006300 -0.586713 0.068368
vn 0.000000 -1.000000 -0.000000
v 0.003288 -0.586713 0.094710
vn 0.000000 -1.000000 -0.000000
v 0.015842 -0.586713 0.076770
vn 0.000000 -1.000000 -0.000000
v -0.177136 -0.586713 0.094560
vn 0.000000 -1.000000 -0.000000
v -0.188026 -0.586713 0.078245
vn 0.000000 -1.000000 -0.000000
v 0.074813 -0.586713 -0.142862
vn 0.000000 -1.000000 -0.000000
v -0.000441 -0.586713 -0.153928
vn 0.000000 -1.000000 -0.000000
v -0.220662 -0.586713 0.083894
vn 0.000000 -1.000000 -0.000000
v -0.213721 -0.586713 -0.147649
vn 0.000000 -1.000000 -0.000000
v -0.148158 -0.586713 0.111751
vn 0.000000 -1.000000 -0.000000
v -0.143469 -0.586713 -0.132920
vn 0.000000 -1.000000 -0.000000
v 0.110884 -0.586713 0.055284
vn 0.000000 -1.000000 -0.000000
v 0.129261 -0.586713 -0.146790
vn 0.000000 -1.000000 -0.000000
v 0.118657 -0.586713 -0.104090
vn 0.000000 -1.000000 -0.000000
v 0.181304 -0.586713 -0.156950
vn 0.000000 -1.000000 -0.000000
v 0.173970 -0.586713 -0.131888
vn 0.000000 -1.000000 -0.000000
v 0.200657 -0.586713 0.108135
vn 0.000000 -1.000000 -0.000000
v 0.195541 -0.586713 0.075778
vn 0.000000 -1.000000 -0.000000
v 0.196630 -0.586713 0.010064
vn 0.000000 -1.000000 -0.000000
v 0.159570 -0.586713 -0.146088
vn 0.000000 -1.000000 -0.000000
v -0.031236 -0.586713 0.078902
vn 0.000000 -1.000000 -0.000000
v -0.016902 -0.586713 0.078427
vn 0.000000 -1.000000 -0.000000
v -0.012810 -0.586713 0.095917
vn 0.000000 -1.000000 -0.000000
v 0.182812 -0.586713 0.060860
vn 0.000000 -1.000000 -0.000000
v 0.186217 -0.586713 0.077105
vn 0.000000 -1.000000 -0.000000
v 0.040840 -0.586713 0.080188
vn 0.000000 -1.000000 -0.000000
v 0.052021 -0.586713 0.092238
vn 0.000000 -1.000000 -0.000000
v -0.120182 -0.586713 0.072423
vn 0.000000 -1.000000 -0.000000
v -0.108877 -0.586713 0.126630
vn 0.000000 -1.000000 -0.000000
v -0.092329 -0.586713 0.082737
vn 0.000000 -1.000000 -0.000000
v 0.054727 -0.586713 0.074783
vn 0.000000 -1.000000 -0.000000
v -0.051225 -0.586713 0.031451
vn 0.000000 -1.000000 -0.000000
v -0.170571 -0.586713 -0.152599
vn 0.000000 -1.000000 -0.000000
v -0.176824 -0.586713 -0.133822
vn 0.000000 -1.000000 -0.000000
v 0.098928 -0.586713 0.074182
vn 0.000000 -1.000000 -0.000000
v 0.165985 -0.586713 0.070576
vn 0.000000 -1.000000 -0.000000
v 0.170441 -0.586713 0.093773
vn 0.999772 0.021241 -0.002311
v 0.208592 -0.551077 -0.149307
vn 0.336058 0.117781 -0.934448
v 0.023864 -0.086747 -0.141531
vn 0.000000 -1.000000 -0.000000
v 0.190161 -0.586713 0.093757
vn 0.000000 -1.000000 -0.000000
v 0.178854 -0.586713 0.087981
vn 0.000000 -1.000000 -0.000000
v 0.013607 -0.586713 -0.156478
vn 0.000000 -1.000000 -0.000000
v 0.012035 -0.586713 -0.138179
vn 0.000000 -1.000000 -0.000000
v 0.010105 -0.586713 -0.162144
vn 0.000000 -1.000000 -0.000000
v 0.018866 -0.586713 -0.145439
vn 0.000000 -1.000000 -0.000000
v -0.220682 -0.586713 -0.169583
vn 0.000000 -1.000000 -0.000000
v -0.006414 -0.586713 0.082002
vn 0.000000 -1.000000 -0.000000
v -0.034520 -0.586713 -0.163329
vn 0.000000 -1.000000 -0.000000
v -0.028762 -0.586713 -0.146319
vn 0.000000 -1.000000 -0.000000
v -0.222206 -0.586713 -0.137978
vn -0.503229 -0.863667 -0.028975
v -0.224247 -0.586713 -0.063685
vn 0.000000 -1.000000 -0.000000
v -0.149804 -0.586713 -0.156792
vn 0.000000 -1.000000 -0.000000
v 0.112772 -0.586713 -0.158075
vn 0.000000 -1.000000 -0.000000
v 0.128624 -0.586713 0.074532
vn 0.000000 -1.000000 -0.000000
v 0.198836 -0.586713 -0.141636
vn 0.000000 -1.000000 -0.000000
v 0.197257 -0.586713 -0.159621
vn 0.000000 -1.000000 -0.000000
v 0.199487 -0.586713 -0.160490
vn 0.000000 -1.000000 -0.000000
v 0.199863 -0.586713 -0.147975
vn 0.000000 -1.000000 -0.000000
v 0.202402 -0.586713 0.099031
vn 0.710831 -0.703236 -0.013349
v 0.209728 -0.586713 -0.055883
vn 0.000000 -1.000000 -0.000000
v -0.021377 -0.586713 -0.132402
vn 0.000000 -1.000000 -0.000000
v -0.010239 -0.586713 -0.140634
vn 0.000000 -1.000000 -0.000000
v 0.144554 -0.586713 -0.141519
vn 0.000000 -1.000000 -0.000000
v -0.194881 -0.586713 -0.145147
vn 0.000000 -1.000000 -0.000000
v 0.034603 -0.586713 -0.140380
vn 0.000000 -1.000000 -0.000000
v 0.051850 -0.586713 -0.125905
vn 0.000000 -1.000000 -0.000000
v -0.048327 -0.586713 -0.160806
vn 0.000000 -1.000000 -0.000000
v -0.051063 -0.586713 -0.133604
vn 0.000000 -1.000000 -0.000000
v -0.098173 -0.586713 -0.142048
vn 0.000000 -1.000000 -0.000000
v -0.085061 -0.586713 -0.145994
vn 0.000000 -1.000000 -0.000000
v -0.213423 -0.586713 0.081269
vn 0.000000 -1.000000 -0.000000
v 0.056143 -0.586713 -0.150728
vn 0.000000 -1.000000 -0.000000
v -0.069666 -0.586713 -0.137285
vn 0.000000 -1.000000 -0.000000
v -0.170173 -0.586713 0.072544
vn 0.000000 -1.000000 -0.000000
v -0.160181 -0.586713 -0.136640
vn 0.000000 -1.000000 -0.000000
v 0.194095 -0.586713 -0.139671
vn 0.000000 -1.000000 -0.000000
v 0.077988 -0.586713 0.086360
vn 0.000000 -1.000000 -0.000000
v 0.098064 -0.586713 -0.147710
vn 0.000000 -1.000000 -0.000000
v 0.169893 -0.586713 -0.155825
vn -0.974337 -0.091594 0.205618
v -0.138212 0.043962 0.082492
vn 0.872064 0.293219 0.391825
v 0.209251 -0.513600 0.161830
vn -0.494350 0.292346 0.818628
v 0.007695 -0.257961 0.060099
vn -0.993052 -0.116451 0.016915
v -0.230673 -0.570167 -0.069526
vn -0.999331 0.036374 0.003845
v -0.228984 -0.517102 -0.033494
vn -0.970594 0.022903 0.239632
v -0.129960 0.073167 -0.045318
vn 0.342483 -0.060555 -0.937570
v 0.054894 0.596417 -0.091732
vn 0.837783 0.371180 0.400431
v 0.119295 0.406446 0.033412
vn 0.944136 -0.007471 0.329471
v 0.110213 0.520614 0.031851
vn -0.424995 -0.080459 0.901613
v -0.160595 0.588091 0.040553
vn -0.439444 -0.805697 0.397167
v -0.097402 0.841905 0.108526
vn -0.806461 0.307841 -0.504831
v -0.124757 0.846765 -0.015222
vn -0.996395 0.056833 0.062980
v -0.134935 -0.122846 -0.039198
vn -0.999993 -0.000859 0.003732
v -0.227748 -0.561335 0.122872
vn -0.047097 -0.330418 -0.942659
v -0.038888 0.629183 -0.099960
vn 0.907060 -0.111312 0.406020
v 0.093426 -0.198228 0.033676
vn 0.878880 0.152072 -0.452154
v 0.141657 0.248093 -0.020867
vn 0.490847 0.164931 0.855492
v 0.062906 0.472370 0.095911
vn -0.715469 0.017255 -0.698432
v -0.133028 0.534667 -0.067358
vn 0.853430 -0.019152 -0.520856
v 0.106449 -0.115818 -0.052258
vn 0.000000 -1.000000 -0.000000
v 0.026688 -0.586713 0.126152
vn 0.000000 -1.000000 -0.000000
v 0.022476 -0.586713 0.141417
vn 0.000000 -1.000000 -0.000000
v -0.178997 -0.586713 0.143102
vn 0.000000 -1.000000 -0.000000
v -0.185961 -0.586713 0.131154
vn 0.000000 -1.000000 -0.000000
v 0.064915 -0.586713 -0.200762
vn 0.000000 -1.000000 -0.000000
v 0.060228 -0.586713 -0.183664
vn 0.000000 -1.000000 -0.000000
v -0.215654 -0.586713 -0.197125
vn 0.000000 -1.000000 -0.000000
v -0.125238 -0.586713 0.123108
vn 0.000000 -1.000000 -0.000000
v 0.105106 -0.586713 0.125621
vn 0.000000 -1.000000 -0.000000
v 0.199283 -0.586713 0.059422
vn 0.000000 -1.000000 -0.000000
v -0.016708 -0.586713 0.131478
vn 0.000000 -1.000000 -0.000000
v -0.013971 -0.586713 0.142890
vn 0.000000 -1.000000 -0.000000
v -0.198877 -0.586713 0.133065
vn 0.000000 -1.000000 -0.000000
v 0.185802 -0.586713 0.128105
vn 0.000000 -1.000000 -0.000000
v 0.046298 -0.586713 0.128675
vn 0.000000 -1.000000 -0.000000
v 0.050726 -0.586713 0.140438
vn 0.000000 -1.000000 -0.000000
v -0.176110 -0.586713 -0.195076
vn 0.000000 -1.000000 -0.000000
v 0.167954 -0.586713 0.127499
vn 0.000000 -1.000000 -0.000000
v 0.169735 -0.586713 0.141246
vn -0.017599 0.045473 -0.998811
v 0.131222 -0.569668 -0.252645
vn 0.000000 -1.000000 -0.000000
v 0.192102 -0.586713 0.139812
vn 0.000000 -1.000000 -0.000000
v 0.012666 -0.586713 -0.207480
vn 0.000000 -1.000000 -0.000000
v 0.013835 -0.586713 -0.200559
vn 0.000000 -1.000000 -0.000000
v 0.023187 -0.586713 -0.193895
vn 0.000000 -1.000000 -0.000000
v 0.014816 -0.586713 -0.202529
vn 0.000000 -1.000000 -0.000000
v 0.017236 -0.586713 -0.199758
vn 0.000000 -1.000000 -0.000000
v 0.027585 -0.586713 -0.012536
vn 0.000000 -1.000000 -0.000000
v 0.024198 -0.586713 0.045318
vn 0.000000 -1.000000 -0.000000
v 0.017666 -0.586713 0.019173
vn 0.000000 -1.000000 -0.000000
v -0.180915 -0.586713 -0.171083
vn 0.000000 -1.000000 -0.000000
v 0.067958 -0.586713 0.056908
vn 0.000000 -1.000000 -0.000000
v 0.005650 -0.586713 0.031273
vn 0.000000 -1.000000 -0.000000
v -0.003293 -0.586713 0.040659
vn 0.000000 -1.000000 -0.000000
v -0.032409 -0.586713 -0.209979
vn 0.000000 -1.000000 -0.000000
v -0.029632 -0.586713 0.132848
vn 0.000000 -1.000000 -0.000000
v -0.051323 -0.586713 0.131511
vn 0.000000 -1.000000 -0.000000
v -0.217949 -0.586713 0.128622
vn 0.000000 -1.000000 -0.000000
v -0.221485 -0.586713 0.132356
vn 0.000000 -1.000000 -0.000000
v -0.148604 -0.586713 -0.203388
vn 0.000000 -1.000000 -0.000000
v -0.137461 -0.586713 -0.202505
vn 0.000000 -1.000000 -0.000000
v 0.055472 -0.586713 0.024004
vn 0.000000 -1.000000 -0.000000
v -0.091071 -0.586713 0.029689
vn 0.000000 -1.000000 -0.000000
v 0.115744 -0.586713 -0.203807
vn 0.000000 -1.000000 -0.000000
v 0.124200 -0.586713 -0.199095
vn 0.000000 -1.000000 -0.000000
v 0.197348 -0.586713 -0.099737
vn 0.000000 -1.000000 -0.000000
v 0.201839 -0.586713 -0.116724
vn 0.000000 -1.000000 -0.000000
v 0.156162 -0.586713 0.129199
vn 0.000000 -1.000000 -0.000000
v -0.022184 -0.586713 -0.186139
vn 0.000000 -1.000000 -0.000000
v -0.025202 -0.586713 -0.197375
vn 0.000000 -1.000000 -0.000000
v 0.200075 -0.586713 0.054454
vn 0.000000 -1.000000 -0.000000
v -0.011146 -0.586713 -0.093075
vn 0.000000 -1.000000 -0.000000
v 0.155021 -0.586713 -0.098064
vn 0.000000 -1.000000 -0.000000
v 0.162863 -0.586713 -0.100654
vn 0.000000 -1.000000 -0.000000
v 0.194153 -0.586713 -0.196454
vn 0.000000 -1.000000 -0.000000
v 0.033643 -0.586713 0.132039
vn 0.000000 -1.000000 -0.000000
v 0.048446 -0.586713 -0.198718
vn 0.000000 -1.000000 -0.000000
v 0.000186 -0.586713 -0.104524
vn 0.000000 -1.000000 -0.000000
v -0.112007 -0.586713 -0.196229
vn 0.000000 -1.000000 -0.000000
v -0.124655 -0.586713 -0.183361
vn 0.000000 -1.000000 -0.000000
v -0.087471 -0.586713 -0.094003
vn 0.000000 -1.000000 -0.000000
v -0.212634 -0.586713 0.137268
vn 0.000000 -1.000000 -0.000000
v -0.206001 -0.586713 0.120262
vn 0.000000 -1.000000 -0.000000
v -0.211326 -0.586713 -0.199063
vn 0.000000 -1.000000 -0.000000
v -0.200837 -0.586713 -0.197935
vn 0.000000 -1.000000 -0.000000
v 0.056350 -0.586713 -0.204321
vn 0.000000 -1.000000 -0.000000
v -0.076681 -0.586713 -0.191681
vn 0.000000 -1.000000 -0.000000
v -0.062878 -0.586713 -0.089258
vn 0.000000 -1.000000 -0.000000
v -0.053375 -0.586713 -0.082260
vn 0.000000 -1.000000 -0.000000
v -0.162745 -0.586713 0.132018
vn 0.000000 -1.000000 -0.000000
v -0.168374 -0.586713 0.141832
vn 0.000000 -1.000000 -0.000000
v -0.169591 -0.586713 0.018650
vn 0.000000 -1.000000 -0.000000
v -0.162203 -0.586713 0.026995
vn 0.000000 -1.000000 -0.000000
v -0.161501 -0.586713 -0.092479
vn 0.000000 -1.000000 -0.000000
v 0.196404 -0.586713 -0.208937
vn 0.000000 -1.000000 -0.000000
v 0.085159 -0.586713 0.048749
vn 0.000000 -1.000000 -0.000000
v 0.096857 -0.586713 -0.100374
vn 0.000000 -1.000000 -0.000000
v 0.108081 -0.586713 -0.204153
vn -0.247434 0.226977 0.941944
v -0.066915 0.557678 0.114751
vn -0.125199 -0.047030 0.991016
v -0.019810 0.543216 0.152688
vn 0.000000 -1.000000 -0.000000
v -0.178436 -0.586713 0.031896
vn 0.000000 -1.000000 -0.000000
v -0.190598 -0.586713 0.021781
vn 0.000000 -1.000000 -0.000000
v 0.082904 -0.586713 -0.086717
vn 0.000000 -1.000000 -0.000000
v 0.076720 -0.586713 -0.073076
vn 0.000000 -1.000000 -0.000000
v -0.215753 -0.586713 -0.103099
vn 0.000000 -1.000000 -0.000000
v -0.212837 -0.586713 -0.090768
vn 0.000000 -1.000000 -0.000000
v -0.156005 -0.586713 0.014288
vn 0.000000 -1.000000 -0.000000
v -0.145873 -0.586713 0.000328
vn 0.000000 -1.000000 -0.000000
v -0.142178 -0.586713 -0.087233
vn 0.000000 -1.000000 -0.000000
v -0.129880 -0.586713 -0.038848
vn 0.000000 -1.000000 -0.000000
v 0.107145 -0.586713 0.010276
vn 0.000000 -1.000000 -0.000000
v 0.126031 -0.586713 0.009809
vn 0.000000 -1.000000 -0.000000
v 0.129144 -0.586713 -0.085382
vn 0.000000 -1.000000 -0.000000
v 0.180309 -0.586713 -0.103509
vn 0.000000 -1.000000 -0.000000
v 0.203280 -0.586713 0.136931
vn 0.000000 -1.000000 -0.000000
v -0.024822 -0.586713 0.020776
vn 0.000000 -1.000000 -0.000000
v -0.018339 -0.586713 0.034693
vn 0.000000 -1.000000 -0.000000
v -0.008151 -0.586713 0.032542
vn 0.000000 -1.000000 -0.000000
v 0.142971 -0.586713 0.025436
vn 0.000000 -1.000000 -0.000000
v 0.161101 -0.586713 0.019786
vn 0.000000 -1.000000 -0.000000
v 0.133258 -0.586713 0.021504
vn 0.000000 -1.000000 -0.000000
v -0.179205 -0.586713 -0.057635
vn 0.000000 -1.000000 -0.000000
v -0.193962 -0.586713 -0.019016
vn 0.000000 -1.000000 -0.000000
v 0.180016 -0.586713 0.019192
vn 0.000000 -1.000000 -0.000000
v 0.185487 -0.586713 0.028024
vn 0.000000 -1.000000 -0.000000
v 0.028516 -0.586713 -0.086535
vn 0.000000 -1.000000 -0.000000
v 0.019277 -0.586713 -0.088839
vn 0.000000 -1.000000 -0.000000
v 0.033997 -0.586713 -0.060751
vn 0.000000 -1.000000 -0.000000
v 0.042154 -0.586713 0.046057
vn 0.000000 -1.000000 -0.000000
v -0.112517 -0.586713 0.026014
vn 0.000000 -1.000000 -0.000000
v -0.121628 -0.586713 0.012210
vn 0.000000 -1.000000 -0.000000
v -0.071652 -0.586713 0.013711
vn 0.000000 -1.000000 -0.000000
v -0.197967 -0.586713 -0.068847
vn 0.000000 -1.000000 -0.000000
v -0.201873 -0.586713 -0.096002
vn 0.000000 -1.000000 -0.000000
v -0.189277 -0.586713 -0.121203
vn 0.000000 -1.000000 -0.000000
v 0.067632 -0.586713 -0.045742
vn 0.000000 -1.000000 -0.000000
v 0.064804 -0.586713 -0.005284
vn 0.000000 -1.000000 -0.000000
v 0.061349 -0.586713 -0.073822
vn 0.000000 -1.000000 -0.000000
v 0.059775 -0.586713 0.014869
vn 0.000000 -1.000000 -0.000000
v 0.080566 -0.586713 -0.004976
vn 0.000000 -1.000000 -0.000000
v 0.093352 -0.586713 0.021598
vn 0.000000 -1.000000 -0.000000
v 0.169522 -0.586713 0.029506
vn 0.000000 -1.000000 -0.000000
v 0.192461 -0.586713 0.036959
vn 0.000000 -1.000000 -0.000000
v 0.177042 -0.586713 0.137463
vn 0.000000 -1.000000 -0.000000
v 0.013259 -0.586713 -0.096460
vn 0.000000 -1.000000 -0.000000
v -0.185310 -0.586713 -0.173080
vn 0.000000 -1.000000 -0.000000
v -0.189854 -0.586713 -0.199027
vn 0.000000 -1.000000 -0.000000
v -0.171974 -0.586713 -0.080556
vn 0.000000 -1.000000 -0.000000
v 0.059844 -0.586713 0.127152
vn 0.000000 -1.000000 -0.000000
v 0.057922 -0.586713 0.139645
vn 0.000000 -1.000000 -0.000000
v 0.074072 -0.586713 0.135475
vn 0.000000 -1.000000 -0.000000
v 0.001120 -0.586713 0.140018
vn 0.000000 -1.000000 -0.000000
v -0.009222 -0.586713 0.133913
vn 0.000000 -1.000000 -0.000000
v -0.039137 -0.586713 -0.099690
vn 0.000000 -1.000000 -0.000000
v -0.218773 -0.586713 -0.208628
vn 0.000000 -1.000000 -0.000000
v -0.218552 -0.586713 0.038653
vn 0.000000 -1.000000 -0.000000
v -0.213829 -0.586713 0.036707
vn 0.000000 -1.000000 -0.000000
v -0.113628 -0.586713 -0.073445
vn 0.000000 -1.000000 -0.000000
v -0.067676 -0.586713 0.127837
vn 0.000000 -1.000000 -0.000000
v -0.089915 -0.586713 0.135484
vn 0.000000 -1.000000 -0.000000
v 0.198662 -0.586713 -0.201323
vn 0.000000 -1.000000 -0.000000
v 0.199512 -0.586713 -0.206894
vn 0.000000 -1.000000 -0.000000
v 0.200207 -0.586713 -0.204426
vn 0.000000 -1.000000 -0.000000
v -0.025602 -0.586713 -0.087889
vn 0.000000 -1.000000 -0.000000
v -0.019854 -0.586713 -0.079260
vn 0.000000 -1.000000 -0.000000
v -0.012137 -0.586713 -0.204033
vn 0.000000 -1.000000 -0.000000
v -0.015447 -0.586713 -0.189971
vn 0.000000 -1.000000 -0.000000
v 0.142519 -0.586713 -0.088898
vn 0.000000 -1.000000 -0.000000
v 0.145573 -0.586713 -0.197548
vn 0.000000 -1.000000 -0.000000
v 0.163125 -0.586713 -0.202095
vn 0.000000 -1.000000 -0.000000
v -0.207586 -0.586713 0.014666
vn 0.000000 -1.000000 -0.000000
v 0.043994 -0.586713 -0.058928
vn 0.000000 -1.000000 -0.000000
v 0.053277 -0.586713 -0.079982
vn 0.000000 -1.000000 -0.000000
v 0.000026 -0.586713 -0.203074
vn 0.000000 -1.000000 -0.000000
v -0.044177 -0.586713 -0.202527
vn 0.000000 -1.000000 -0.000000
v -0.093632 -0.586713 -0.195528
vn 0.000000 -1.000000 -0.000000
v -0.100162 -0.586713 -0.078593
vn 0.000000 -1.000000 -0.000000
v 0.057617 -0.586713 -0.068094
vn 0.000000 -1.000000 -0.000000
v 0.071560 -0.586713 -0.195248
vn 0.000000 -1.000000 -0.000000
v -0.064627 -0.586713 -0.205344
vn 0.000000 -1.000000 -0.000000
v -0.162259 -0.586713 -0.200123
vn 0.000000 -1.000000 -0.000000
v 0.187533 -0.586713 -0.093631
vn 0.000000 -1.000000 -0.000000
v 0.092772 -0.586713 0.135502
vn 0.000000 -1.000000 -0.000000
v 0.085140 -0.586713 -0.200275
vn 0.000000 -1.000000 -0.000000
v 0.172403 -0.586713 -0.089630
# 2867 vertices, 0 vertices normals

f 3//3 1//1 2//2
f 1//1 4//4 2//2
f 5//5 3//3 2//2
f 7//7 6//6 1570//1570
f 209//209 4//4 1//1
f 2//2 4//4 5//5
f 8//8 7//7 1884//1884
f 1//1 3//3 1010//1010
f 18//18 12//12 13//13
f 14//14 13//13 12//12
f 18//18 16//16 17//17
f 19//19 18//18 20//20
f 25//25 17//17 16//16
f 22//22 26//26 25//25
f 26//26 17//17 25//25
f 28//28 683//683 27//27
f 32//32 30//30 31//31
f 31//31 33//33 32//32
f 29//29 1727//1727 30//30
f 20//20 18//18 26//26
f 36//36 38//38 39//39
f 41//41 38//38 40//40
f 41//41 39//39 38//38
f 43//43 36//36 37//37
f 37//37 45//45 43//43
f 1126//1126 59//59 58//58
f 1314//1314 1290//1290 64//64
f 59//59 64//64 1305//1305
f 2690//2690 59//59 1339//1339
f 71//71 69//69 70//70
f 85//85 89//89 90//90
f 89//89 85//85 86//86
f 1001//1001 1335//1335 1297//1297
f 11//11 71//71 70//70
f 71//71 11//11 35//35
f 98//98 88//88 89//89
f 11//11 86//86 35//35
f 95//95 1278//1278 10//10
f 90//90 88//88 80//80
f 2560//2560 1755//1755 50//50
f 92//92 98//98 11//11
f 1038//1038 411//411 99//99
f 92//92 11//11 70//70
f 112//112 1321//1321 1140//1140
f 30//30 1544//1544 33//33
f 30//30 33//33 31//31
f 121//121 406//406 405//405
f 124//124 126//126 125//125
f 247//247 128//128 136//136
f 131//131 125//125 126//126
f 139//139 132//132 133//133
f 505//505 134//134 135//135
f 139//139 1162//1162 163//163
f 143//143 145//145 142//142
f 142//142 144//144 143//143
f 196//196 149//149 138//138
f 151//151 2554//2554 150//150
f 153//153 1514//1514 152//152
f 157//157 253//253 153//153
f 161//161 159//159 160//160
f 159//159 161//161 162//162
f 158//158 2554//2554 151//151
f 123//123 164//164 165//165
f 1289//1289 2684//2684 173//173
f 2684//2684 174//174 517//517
f 1289//1289 175//175 2684//2684
f 544//544 299//299 1248//1248
f 183//183 168//168 182//182
f 184//184 183//183 182//182
f 189//189 168//168 185//185
f 175//175 180//180 179//179
f 179//179 189//189 2544//2544
f 502//502 190//190 503//503
f 197//197 148//148 265//265
f 190//190 195//195 258//258
f 200//200 198//198 199//199
f 200//200 141//141 2578//2578
f 131//131 199//199 198//198
f 1248//1248 299//299 811//811
f 211//211 209//209 1//1
f 215//215 529//529 214//214
f 2685//2685 216//216 217//217
f 220//220 219//219 2529//2529
f 226//226 1354//1354 228//228
f 1161//1161 1299//1299 1301//1301
f 1024//1024 229//229 178//178
f 1376//1376 1375//1375 236//236
f 237//237 231//231 235//235
f 128//128 247//247 248//248
f 250//250 145//145 249//249
f 249//249 150//150 250//250
f 249//249 151//151 252//252
f 145//145 1514//1514 249//249
f 250//250 144//144 142//142
f 142//142 145//145 250//250
f 251//251 250//250 150//150
f 249//249 253//253 151//151
f 2554//2554 251//251 150//150
f 249//249 1514//1514 253//253
f 153//153 152//152 155//155
f 155//155 152//152 162//162
f 254//254 159//159 152//152
f 157//157 153//153 156//156
f 253//253 1514//1514 153//153
f 156//156 2554//2554 158//158
f 159//159 162//162 152//152
f 159//159 1684//1684 160//160
f 181//181 180//180 1289//1289
f 179//179 180//180 189//189
f 180//180 175//175 1289//1289
f 175//175 190//190 258//258
f 187//187 257//257 188//188
f 187//187 186//186 191//191
f 190//190 175//175 179//179
f 258//258 174//174 2684//2684
f 262//262 257//257 264//264
f 147//147 191//191 514//514
f 139//139 133//133 200//200
f 155//155 162//162 156//156
f 118//118 67//67 240//240
f 541//541 269//269 270//270
f 274//274 273//273 276//276
f 275//275 273//273 274//274
f 699//699 585//585 2416//2416
f 80//80 95//95 60//60
f 156//156 162//162 161//161
f 161//161 293//293 154//154
f 161//161 160//160 293//293
f 256//256 503//503 2544//2544
f 255//255 256//256 188//188
f 188//188 256//256 2544//2544
f 264//264 257//257 191//191
f 264//264 147//147 263//263
f 248//248 265//265 196//196
f 227//227 1375//1375 1376//1376
f 28//28 298//298 1058//1058
f 1365//1365 304//304 668//668
f 670//670 305//305 306//306
f 1379//1379 62//62 310//310
f 317//317 699//699 464//464
f 314//314 759//759 110//110
f 314//314 1023//1023 759//759
f 346//346 554//554 319//319
f 318//318 527//527 542//542
f 322//322 320//320 321//321
f 320//320 323//323 321//321
f 328//328 326//326 327//327
f 329//329 326//326 328//328
f 277//277 564//564 420//420
f 333//333 539//539 332//332
f 337//337 656//656 492//492
f 1200//1200 299//299 1195//1195
f 360//360 294//294 357//357
f 1273//1273 873//873 377//377
f 359//359 1360//1360 65//65
f 237//237 232//232 1270//1270
f 370//370 513//513 364//364
f 385//385 373//373 374//374
f 373//373 518//518 375//375
f 237//237 1270//1270 1254//1254
f 126//126 124//124 378//378
f 140//140 136//136 129//129
f 758//758 184//184 182//182
f 382//382 758//758 381//381
f 187//187 189//189 185//185
f 2544//2544 189//189 188//188
f 146//146 138//138 149//149
f 373//373 375//375 122//122
f 2414//2414 171//171 2413//2413
f 316//316 318//318 1884//1884
f 414//414 387//387 334//334
f 389//389 759//759 388//388
f 314//314 273//273 315//315
f 392//392 390//390 391//391
f 394//394 214//214 393//393
f 397//397 388//388 396//396
f 399//399 398//398 110//110
f 110//110 398//398 273//273
f 314//314 110//110 273//273
f 110//110 759//759 399//399
f 533//533 400//400 271//271
f 678//678 275//275 274//274
f 529//529 213//213 393//393
f 530//530 402//402 401//401
f 1038//1038 333//333 411//411
f 405//405 403//403 404//404
f 318//318 271//271 527//527
f 414//414 412//412 413//413
f 696//696 415//415 416//416
f 403//403 415//415 696//696
f 387//387 390//390 417//417
f 417//417 390//390 392//392
f 418//418 413//413 419//419
f 396//396 332//332 397//397
f 423//423 421//421 422//422
f 421//421 424//424 422//422
f 329//329 408//408 326//326
f 422//422 424//424 426//426
f 426//426 424//424 329//329
f 387//387 417//417 428//428
f 428//428 417//417 392//392
f 387//387 430//430 334//334
f 316//316 271//271 318//318
f 706//706 589//589 582//582
f 432//432 431//431 552//552
f 335//335 429//429 418//418
f 433//433 170//170 2415//2415
f 435//435 434//434 313//313
f 438//438 436//436 437//437
f 437//437 439//439 438//438
f 438//438 439//439 436//436
f 444//444 442//442 443//443
f 699//699 450//450 700//700
f 435//435 313//313 554//554
f 558//558 313//313 434//434
f 644//644 491//491 218//218
f 449//449 447//447 448//448
f 453//453 451//451 452//452
f 456//456 2685//2685 2546//2546
f 464//464 2601//2601 317//317
f 457//457 458//458 463//463
f 485//485 460//460 461//461
f 463//463 462//462 2416//2416
f 2416//2416 464//464 699//699
f 471//471 469//469 470//470
f 474//474 472//472 473//473
f 735//735 475//475 476//476
f 480//480 478//478 479//479
f 481//481 797//797 662//662
f 445//445 484//484 485//485
f 488//488 486//486 487//487
f 494//494 278//278 283//283
f 491//491 447//447 490//490
f 643//643 493//493 649//649
f 134//134 495//495 135//135
f 496//496 449//449 448//448
f 343//343 497//497 498//498
f 343//343 491//491 644//644
f 488//488 487//487 500//500
f 504//504 750//750 481//481
f 218//218 744//744 507//507
f 57//57 2575//2575 666//666
f 1285//1285 177//177 758//758
f 364//364 512//512 763//763
f 677//677 198//198 133//133
f 161//161 154//154 156//156
f 156//156 154//154 2554//2554
f 122//122 375//375 164//164
f 166//166 2414//2414 386//386
f 375//375 167//167 164//164
f 509//509 1381//1381 169//169
f 2559//2559 167//167 386//386
f 386//386 167//167 166//166
f 518//518 173//173 517//517
f 517//517 166//166 518//518
f 181//181 383//383 180//180
f 677//677 511//511 127//127
f 251//251 136//136 140//140
f 129//129 132//132 140//140
f 199//199 131//131 126//126
f 251//251 140//140 163//163
f 147//147 148//148 263//263
f 172//172 166//166 517//517
f 166//166 172//172 2414//2414
f 2547//2547 172//172 174//174
f 255//255 257//257 262//262
f 183//183 185//185 168//168
f 255//255 188//188 257//257
f 262//262 263//263 197//197
f 258//258 2684//2684 175//175
f 128//128 129//129 136//136
f 251//251 2554//2554 136//136
f 257//257 187//187 191//191
f 191//191 147//147 264//264
f 263//263 262//262 264//264
f 678//678 529//529 215//215
f 389//389 399//399 759//759
f 528//528 401//401 402//402
f 1038//1038 540//540 333//333
f 315//315 1023//1023 314//314
f 1071//1071 1023//1023 315//315
f 531//531 530//530 532//532
f 273//273 398//398 276//276
f 276//276 401//401 274//274
f 389//389 532//532 399//399
f 275//275 315//315 273//273
f 427//427 534//534 420//420
f 276//276 530//530 401//401
f 393//393 214//214 529//529
f 269//269 530//530 531//531
f 389//389 535//535 532//532
f 398//398 399//399 536//536
f 536//536 276//276 398//398
f 400//400 533//533 528//528
f 389//389 388//388 535//535
f 539//539 537//537 332//332
f 537//537 539//539 538//538
f 213//213 394//394 393//393
f 532//532 535//535 531//531
f 407//407 402//402 269//269
f 332//332 396//396 333//333
f 333//333 396//396 411//411
f 527//527 271//271 407//407
f 534//534 427//427 391//391
f 428//428 392//392 427//427
f 542//542 695//695 318//318
f 271//271 316//316 213//213
f 269//269 541//541 407//407
f 407//407 400//400 402//402
f 442//442 697//697 443//443
f 424//424 421//421 1062//1062
f 1062//1062 421//421 544//544
f 422//422 546//546 328//328
f 546//546 426//426 328//328
f 554//554 429//429 435//435
f 441//441 702//702 280//280
f 549//549 548//548 439//439
f 439//439 550//550 549//549
f 549//549 550//550 548//548
f 432//432 327//327 326//326
f 423//423 544//544 421//421
f 541//541 270//270 397//397
f 408//408 1062//1062 425//425
f 428//428 430//430 387//387
f 537//537 397//397 332//332
f 682//682 423//423 272//272
f 346//346 413//413 418//418
f 551//551 527//527 538//538
f 413//413 346//346 414//414
f 326//326 408//408 431//431
f 424//424 1062//1062 408//408
f 538//538 121//121 551//551
f 427//427 539//539 526//526
f 538//538 541//541 537//537
f 391//391 346//346 534//534
f 391//391 390//390 346//346
f 329//329 424//424 408//408
f 432//432 326//326 431//431
f 391//391 427//427 392//392
f 412//412 395//395 432//432
f 412//412 414//414 395//395
f 335//335 418//418 419//419
f 431//431 408//408 425//425
f 557//557 555//555 556//556
f 556//556 555//555 558//558
f 335//335 553//553 2424//2424
f 538//538 527//527 541//541
f 427//427 420//420 121//121
f 395//395 327//327 432//432
f 542//542 543//543 560//560
f 543//543 545//545 560//560
f 551//551 681//681 543//543
f 561//561 319//319 277//277
f 277//277 562//562 561//561
f 561//561 562//562 319//319
f 319//319 562//562 346//346
f 429//429 563//563 435//435
f 2424//2424 557//557 563//563
f 404//404 681//681 551//551
f 547//547 559//559 702//702
f 707//707 565//565 324//324
f 404//404 121//121 405//405
f 568//568 435//435 563//563
f 568//568 434//434 435//435
f 335//335 2424//2424 563//563
f 556//556 434//434 557//557
f 556//556 558//558 434//434
f 568//568 557//557 434//434
f 429//429 335//335 563//563
f 557//557 568//568 563//563
f 564//564 439//439 437//437
f 2415//2415 2435//2435 553//553
f 564//564 277//277 550//550
f 277//277 420//420 562//562
f 572//572 570//570 571//571
f 550//550 277//277 319//319
f 555//555 285//285 558//558
f 559//559 547//547 437//437
f 195//195 502//502 345//345
f 339//339 573//573 574//574
f 573//573 339//339 330//330
f 578//578 576//576 577//577
f 712//712 348//348 703//703
f 338//338 344//344 751//751
f 340//340 223//223 284//284
f 2546//2546 223//223 344//344
f 580//580 658//658 579//579
f 706//706 582//582 707//707
f 584//584 321//321 583//583
f 583//583 321//321 578//578
f 772//772 586//586 587//587
f 566//566 330//330 410//410
f 339//339 574//574 588//588
f 573//573 566//566 465//465
f 772//772 279//279 586//586
f 321//321 576//576 578//578
f 591//591 688//688 590//590
f 454//454 455//455 594//594
f 583//583 597//597 598//598
f 600//600 599//599 463//463
f 597//597 708//708 598//598
f 604//604 565//565 603//603
f 603//603 565//565 569//569
f 606//606 607//607 605//605
f 461//461 445//445 485//485
f 347//347 612//612 613//613
f 739//739 288//288 614//614
f 468//468 494//494 615//615
f 468//468 615//615 616//616
f 736//736 106//106 492//492
f 492//492 656//656 618//618
f 824//824 106//106 617//617
f 787//787 473//473 472//472
f 620//620 471//471 619//619
f 662//662 709//709 481//481
f 622//622 491//491 490//490
f 580//580 752//752 218//218
f 482//482 635//635 624//624
f 626//626 580//580 622//622
f 627//627 350//350 634//634
f 633//633 631//631 632//632
f 624//624 635//635 627//627
f 636//636 635//635 482//482
f 225//225 506//506 637//637
f 613//613 612//612 639//639
f 612//612 779//779 639//639
f 629//629 755//755 349//349
f 740//740 283//283 278//278
f 338//338 751//751 337//337
f 497//497 641//641 498//498
f 615//615 452//452 451//451
f 452//452 615//615 494//494
f 642//642 641//641 452//452
f 642//642 643//643 641//641
f 650//650 224//224 283//283
f 494//494 652//652 642//642
f 622//622 490//490 623//623
f 646//646 645//645 653//653
f 647//647 490//490 447//447
f 477//477 643//643 649//649
f 225//225 134//134 506//506
f 134//134 225//225 224//224
f 448//448 477//477 649//649
f 224//224 495//495 134//134
f 106//106 824//824 638//638
f 643//643 642//642 652//652
f 506//506 505//505 643//643
f 643//643 505//505 493//493
f 225//225 637//637 652//652
f 225//225 652//652 224//224
f 643//643 498//498 641//641
f 651//651 495//495 489//489
f 493//493 645//645 336//336
f 909//909 336//336 654//654
f 2423//2423 909//909 655//655
f 693//693 622//622 623//623
f 2419//2419 647//647 2418//2418
f 2417//2417 581//581 2421//2421
f 1186//1186 97//97 98//98
f 1063//1063 488//488 610//610
f 644//644 663//663 343//343
f 644//644 664//664 663//663
f 506//506 643//643 652//652
f 207//207 206//206 667//667
f 673//673 671//671 672//672
f 1360//1360 359//359 1372//1372
f 2570//2570 767//767 1055//1055
f 675//675 676//676 522//522
f 675//675 866//866 1255//1255
f 679//679 678//678 274//274
f 679//679 529//529 678//678
f 531//531 535//535 269//269
f 535//535 270//270 269//269
f 680//680 394//394 213//213
f 532//532 530//530 536//536
f 536//536 399//399 532//532
f 530//530 276//276 536//536
f 530//530 269//269 402//402
f 411//411 396//396 388//388
f 388//388 759//759 411//411
f 427//427 121//121 538//538
f 270//270 388//388 397//397
f 695//695 1884//1884 318//318
f 542//542 560//560 695//695
f 545//545 695//695 560//560
f 537//537 541//541 397//397
f 527//527 407//407 541//541
f 403//403 681//681 404//404
f 551//551 121//121 404//404
f 527//527 543//543 542//542
f 543//543 527//527 551//551
f 683//683 682//682 27//27
f 27//27 682//682 684//684
f 544//544 682//682 683//683
f 423//423 682//682 544//544
f 684//684 682//682 272//272
f 430//430 526//526 684//684
f 684//684 272//272 430//430
f 552//552 412//412 432//432
f 440//440 441//441 406//406
f 272//272 422//422 328//328
f 328//328 426//426 329//329
f 334//334 327//327 395//395
f 327//327 334//334 328//328
f 552//552 419//419 412//412
f 440//440 547//547 441//441
f 562//562 420//420 534//534
f 406//406 415//415 405//405
f 415//415 406//406 685//685
f 564//564 437//437 547//547
f 439//439 564//564 550//550
f 437//437 436//436 559//559
f 550//550 554//554 548//548
f 554//554 550//550 319//319
f 313//313 548//548 554//554
f 439//439 548//548 436//436
f 555//555 602//602 285//285
f 2424//2424 602//602 555//555
f 463//463 2416//2416 585//585
f 687//687 325//325 409//409
f 340//340 656//656 751//751
f 565//565 604//604 324//324
f 721//721 610//610 500//500
f 617//617 790//790 824//824
f 692//692 2380//2380 216//216
f 340//340 284//284 618//618
f 337//337 693//693 338//338
f 694//694 695//695 444//444
f 545//545 681//681 696//696
f 698//698 577//577 576//576
f 441//441 574//574 406//406
f 441//441 280//280 574//574
f 339//339 588//588 279//279
f 702//702 701//701 586//586
f 317//317 2601//2601 697//697
f 703//703 450//450 687//687
f 415//415 403//403 405//405
f 597//597 583//583 409//409
f 708//708 282//282 320//320
f 590//590 703//703 577//577
f 458//458 600//600 463//463
f 711//711 575//575 710//710
f 698//698 321//321 323//323
f 570//570 572//572 606//606
f 606//606 572//572 607//607
f 712//712 703//703 688//688
f 287//287 502//502 503//503
f 582//582 589//589 714//714
f 591//591 590//590 446//446
f 686//686 286//286 602//602
f 460//460 818//818 716//716
f 716//716 459//459 460//460
f 716//716 709//709 459//459
f 282//282 704//704 717//717
f 570//570 282//282 717//717
f 484//484 718//718 485//485
f 485//485 718//718 719//719
f 772//772 587//587 324//324
f 286//286 686//686 589//589
f 197//197 727//727 262//262
f 602//602 467//467 686//686
f 195//195 686//686 516//516
f 688//688 221//221 460//460
f 688//688 591//591 221//221
f 723//723 608//608 722//722
f 222//222 724//724 445//445
f 609//609 719//719 779//779
f 779//779 719//719 718//718
f 484//484 445//445 724//724
f 726//726 605//605 592//592
f 729//729 728//728 639//639
f 455//455 730//730 594//594
f 691//691 731//731 732//732
f 469//469 473//473 734//734
f 633//633 740//740 631//631
f 740//740 351//351 631//631
f 283//283 741//741 650//650
f 478//478 474//474 800//800
f 471//471 620//620 469//469
f 743//743 633//633 628//628
f 619//619 621//621 745//745
f 748//748 746//746 747//747
f 747//747 746//746 749//749
f 749//749 746//746 748//748
f 476//476 748//748 632//632
f 620//620 474//474 473//473
f 750//750 504//504 747//747
f 507//507 664//664 644//644
f 664//664 453//453 663//663
f 693//693 626//626 622//622
f 338//338 693//693 581//581
f 623//623 581//581 693//693
f 748//748 476//476 749//749
f 621//621 658//658 825//825
f 491//491 622//622 218//218
f 347//347 715//715 612//612
f 732//732 731//731 785//785
f 785//785 721//721 500//500
f 634//634 350//350 487//487
f 630//630 634//634 487//487
f 624//624 650//650 482//482
f 650//650 489//489 224//224
f 650//650 499//499 489//489
f 624//624 640//640 483//483
f 483//483 640//640 753//753
f 499//499 483//483 753//753
f 610//610 689//689 1063//1063
f 1063//1063 486//486 488//488
f 487//487 486//486 630//630
f 486//486 1063//1063 630//630
f 499//499 651//651 489//489
f 453//453 664//664 754//754
f 920//920 753//753 755//755
f 641//641 343//343 663//663
f 641//641 497//497 343//343
f 754//754 451//451 453//453
f 452//452 641//641 453//453
f 506//506 652//652 637//637
f 453//453 641//641 663//663
f 498//498 643//643 477//477
f 224//224 489//489 495//495
f 646//646 654//654 645//645
f 649//649 336//336 2423//2423
f 493//493 505//505 645//645
f 645//645 654//654 336//336
f 2423//2423 655//655 2425//2425
f 495//495 653//653 135//135
f 1177//1177 1364//1364 1263//1263
f 1158//1158 111//111 112//112
f 1334//1334 1336//1336 757//757
f 141//141 200//200 199//199
f 761//761 212//212 984//984
f 1179//1179 186//186 382//382
f 383//383 509//509 510//510
f 513//513 379//379 764//764
f 132//132 129//129 138//138
f 514//514 186//186 1179//1179
f 133//133 2696//2696 677//677
f 180//180 383//383 168//168
f 509//509 383//383 181//181
f 168//168 189//189 180//180
f 308//308 671//671 673//673
f 466//466 696//696 416//416
f 558//558 286//286 706//706
f 285//285 602//602 286//286
f 771//771 769//769 770//770
f 279//279 772//772 769//769
f 656//656 337//337 751//751
f 774//774 331//331 567//567
f 444//444 774//774 442//442
f 444//444 695//695 545//545
f 697//697 442//442 774//774
f 545//545 331//331 774//774
f 681//681 403//403 696//696
f 699//699 317//317 325//325
f 705//705 466//466 416//416
f 585//585 699//699 700//700
f 416//416 685//685 705//705
f 415//415 685//685 416//416
f 775//775 700//700 457//457
f 457//457 585//585 775//775
f 775//775 585//585 700//700
f 567//567 331//331 465//465
f 705//705 685//685 574//574
f 574//574 685//685 406//406
f 574//574 280//280 588//588
f 593//593 571//571 717//717
f 559//559 706//706 701//701
f 706//706 559//559 313//313
f 330//330 771//771 770//770
f 566//566 325//325 567//567
f 450//450 703//703 348//348
f 322//322 321//321 584//584
f 583//583 598//598 584//584
f 322//322 584//584 598//598
f 687//687 577//577 703//703
f 577//577 698//698 590//590
f 814//814 704//704 282//282
f 708//708 322//322 598//598
f 717//717 704//704 593//593
f 320//320 322//322 708//708
f 460//460 601//601 688//688
f 599//599 777//777 776//776
f 776//776 777//777 711//711
f 457//457 600//600 458//458
f 780//780 777//777 599//599
f 703//703 590//590 688//688
f 323//323 281//281 446//446
f 724//724 591//591 446//446
f 698//698 323//323 446//446
f 713//713 575//575 781//781
f 221//221 222//222 461//461
f 348//348 712//712 780//780
f 713//713 459//459 709//709
f 582//582 714//714 782//782
f 287//287 571//571 782//782
f 282//282 570//570 606//606
f 502//502 714//714 345//345
f 287//287 714//714 502//502
f 817//817 255//255 592//592
f 287//287 725//725 571//571
f 782//782 571//571 593//593
f 195//195 345//345 686//686
f 281//281 783//783 724//724
f 287//287 503//503 725//725
f 460//460 719//719 818//818
f 461//461 222//222 445//445
f 625//625 783//783 611//611
f 785//785 731//731 786//786
f 613//613 639//639 347//347
f 639//639 728//728 347//347
f 592//592 255//255 727//727
f 715//715 347//347 625//625
f 609//609 608//608 723//723
f 723//723 720//720 609//609
f 732//732 785//785 500//500
f 722//722 689//689 721//721
f 721//721 689//689 610//610
f 727//727 197//197 625//625
f 715//715 625//625 197//197
f 735//735 787//787 821//821
f 790//790 789//789 824//824
f 791//791 454//454 733//733
f 821//821 787//787 792//792
f 794//794 793//793 792//792
f 792//792 793//793 821//821
f 472//472 478//478 480//480
f 594//594 730//730 795//795
f 350//350 504//504 691//691
f 773//773 475//475 791//791
f 792//792 479//479 794//794
f 733//733 773//773 791//791
f 595//595 733//733 454//454
f 733//733 796//796 773//773
f 796//796 733//733 595//595
f 501//501 737//737 795//795
f 795//795 730//730 501//501
f 791//791 475//475 735//735
f 790//790 288//288 798//798
f 469//469 620//620 473//473
f 792//792 787//787 480//480
f 787//787 472//472 480//480
f 796//796 797//797 750//750
f 793//793 819//819 821//821
f 622//622 580//580 218//218
f 494//494 468//468 278//278
f 752//752 579//579 744//744
f 794//794 479//479 802//802
f 825//825 638//638 800//800
f 337//337 626//626 693//693
f 825//825 658//658 638//638
f 626//626 337//337 658//658
f 471//471 470//470 507//507
f 749//749 796//796 750//750
f 615//615 754//754 616//616
f 754//754 615//615 451//451
f 749//749 750//750 747//747
f 741//741 283//283 742//742
f 754//754 801//801 616//616
f 734//734 616//616 801//801
f 487//487 350//350 500//500
f 653//653 495//495 651//651
f 456//456 220//220 756//756
f 692//692 756//756 2380//2380
f 806//806 1826//1826 805//805
f 1545//1545 809//809 810//810
f 819//819 788//788 790//790
f 288//288 738//738 798//798
f 466//466 705//705 465//465
f 465//465 331//331 466//466
f 566//566 567//567 465//465
f 705//705 573//573 465//465
f 588//588 280//280 279//279
f 279//279 280//280 586//586
f 280//280 702//702 586//586
f 702//702 559//559 701//701
f 587//587 812//812 813//813
f 707//707 324//324 812//812
f 324//324 813//813 812//812
f 587//587 813//813 324//324
f 769//769 772//772 603//603
f 770//770 769//769 814//814
f 814//814 769//769 603//603
f 772//772 604//604 603//603
f 772//772 324//324 604//604
f 814//814 708//708 770//770
f 707//707 569//569 565//565
f 330//330 597//597 410//410
f 583//583 578//578 409//409
f 409//409 578//578 687//687
f 450//450 699//699 325//325
f 600//600 457//457 348//348
f 457//457 700//700 348//348
f 463//463 585//585 457//457
f 450//450 348//348 700//700
f 712//712 601//601 778//778
f 575//575 711//711 777//777
f 777//777 778//778 575//575
f 780//780 600//600 348//348
f 780//780 816//816 600//600
f 780//780 599//599 816//816
f 816//816 599//599 600//600
f 712//712 778//778 780//780
f 778//778 777//777 780//780
f 781//781 459//459 713//713
f 460//460 459//459 781//781
f 717//717 571//571 570//570
f 286//286 589//589 706//706
f 572//572 725//725 817//817
f 282//282 605//605 281//281
f 605//605 282//282 606//606
f 572//572 817//817 607//607
f 607//607 592//592 605//605
f 503//503 256//256 725//725
f 817//817 256//256 255//255
f 725//725 256//256 817//817
f 591//591 724//724 222//222
f 724//724 783//783 484//484
f 784//784 484//484 783//783
f 779//779 718//718 729//729
f 281//281 605//605 726//726
f 784//784 783//783 625//625
f 818//818 609//609 815//815
f 347//347 728//728 625//625
f 720//720 785//785 786//786
f 721//721 785//785 720//720
f 779//779 729//729 639//639
f 255//255 262//262 727//727
f 454//454 735//735 455//455
f 501//501 798//798 737//737
f 819//819 798//798 501//501
f 790//790 798//798 819//819
f 798//798 738//738 737//737
f 614//614 288//288 790//790
f 789//789 788//788 802//802
f 788//788 794//794 802//802
f 788//788 793//793 794//794
f 793//793 788//788 819//819
f 713//713 662//662 799//799
f 799//799 662//662 690//690
f 820//820 595//595 454//454
f 476//476 475//475 773//773
f 735//735 454//454 791//791
f 596//596 595//595 820//820
f 594//594 737//737 820//820
f 481//481 750//750 797//797
f 819//819 501//501 821//821
f 792//792 480//480 479//479
f 821//821 501//501 730//730
f 635//635 504//504 627//627
f 278//278 616//616 822//822
f 482//482 823//823 628//628
f 740//740 633//633 743//743
f 740//740 278//278 822//822
f 734//734 822//822 616//616
f 823//823 743//743 628//628
f 631//631 735//735 476//476
f 476//476 632//632 631//631
f 636//636 632//632 748//748
f 747//747 635//635 636//636
f 734//734 801//801 470//470
f 822//822 734//734 351//351
f 351//351 740//740 822//822
f 824//824 800//800 638//638
f 824//824 789//789 800//800
f 619//619 825//825 800//800
f 745//745 825//825 619//619
f 800//800 789//789 802//802
f 579//579 658//658 621//621
f 658//658 580//580 626//626
f 744//744 218//218 752//752
f 744//744 471//471 507//507
f 499//499 807//807 651//651
f 2685//2685 456//456 692//692
f 756//756 692//692 456//456
f 814//814 603//603 569//569
f 707//707 582//582 782//782
f 707//707 782//782 593//593
f 784//784 729//729 718//718
f 784//784 728//728 729//729
f 720//720 723//723 721//721
f 720//720 786//786 815//815
f 2686//2686 709//709 716//716
f 351//351 735//735 631//631
f 787//787 351//351 734//734
f 351//351 787//787 735//735
f 734//734 473//473 787//787
f 734//734 470//470 469//469
f 278//278 468//468 616//616
f 632//632 636//636 633//633
f 628//628 636//636 482//482
f 628//628 633//633 636//636
f 620//620 800//800 474//474
f 800//800 620//620 619//619
f 745//745 621//621 825//825
f 752//752 580//580 579//579
f 35//35 73//73 91//91
f 75//75 78//78 91//91
f 833//833 1260//1260 832//832
f 766//766 841//841 842//842
f 25//25 16//16 853//853
f 844//844 35//35 86//86
f 13//13 73//73 860//860
f 1235//1235 855//855 1246//1246
f 76//76 870//870 2550//2550
f 1024//1024 68//68 2543//2543
f 75//75 834//834 870//870
f 1156//1156 1135//1135 872//872
f 1244//1244 874//874 671//671
f 874//874 1244//1244 54//54
f 201//201 876//876 1350//1350
f 1057//1057 876//876 877//877
f 60//60 205//205 9//9
f 303//303 876//876 201//201
f 882//882 1545//1545 881//881
f 888//888 887//887 830//830
f 893//893 892//892 894//894
f 890//890 889//889 1100//1100
f 923//923 897//897 890//890
f 2551//2551 947//947 899//899
f 902//902 900//900 901//901
f 986//986 903//903 904//904
f 899//899 939//939 160//160
f 886//886 916//916 900//900
f 900//900 902//902 886//886
f 829//829 929//929 892//892
f 913//913 914//914 912//912
f 930//930 917//917 918//918
f 957//957 919//919 920//920
f 753//753 920//920 499//499
f 927//927 921//921 755//755
f 924//924 922//922 923//923
f 922//922 898//898 923//923
f 924//924 923//923 890//890
f 352//352 755//755 921//921
f 1006//1006 914//914 929//929
f 827//827 137//137 891//891
f 898//898 879//879 895//895
f 916//916 931//931 900//900
f 2427//2427 933//933 1129//1129
f 962//962 898//898 965//965
f 879//879 934//934 996//996
f 1129//1129 1212//1212 809//809
f 895//895 893//893 937//937
f 937//937 938//938 895//895
f 893//893 938//938 937//937
f 898//898 895//895 938//938
f 941//941 879//879 925//925
f 938//938 1003//1003 898//898
f 1003//1003 938//938 894//894
f 945//945 946//946 944//944
f 949//949 948//948 889//889
f 915//915 952//952 981//981
f 2586//2586 880//880 1545//1545
f 2531//2531 659//659 2425//2425
f 951//951 2428//2428 1114//1114
f 247//247 840//840 248//248
f 959//959 958//958 807//807
f 722//722 608//608 861//861
f 715//715 960//960 961//961
f 963//963 936//936 935//935
f 1113//1113 967//967 968//968
f 890//890 897//897 889//889
f 887//887 949//949 889//889
f 917//917 972//972 964//964
f 972//972 917//917 906//906
f 928//928 926//926 973//973
f 974//974 957//957 352//352
f 977//977 975//975 976//976
f 975//975 978//978 976//976
f 976//976 979//979 1112//1112
f 953//953 655//655 980//980
f 981//981 968//968 967//967
f 967//967 915//915 981//981
f 931//931 154//154 901//901
f 963//963 766//766 936//936
f 987//987 848//848 944//944
f 808//808 154//154 905//905
f 901//901 154//154 808//808
f 160//160 939//939 905//905
f 905//905 940//940 808//808
f 940//940 905//905 939//939
f 933//933 2427//2427 1006//1006
f 97//97 88//88 98//98
f 907//907 942//942 991//991
f 925//925 879//879 991//991
f 925//925 991//991 942//942
f 853//853 22//22 25//25
f 867//867 1123//1123 806//806
f 947//947 939//939 899//899
f 895//895 879//879 941//941
f 962//962 879//879 898//898
f 829//829 892//892 941//941
f 893//893 941//941 892//892
f 894//894 938//938 893//893
f 941//941 893//893 895//895
f 988//988 901//901 998//998
f 907//907 999//999 1000//1000
f 999//999 942//942 1000//1000
f 120//120 204//204 203//203
f 999//999 945//945 942//942
f 897//897 971//971 830//830
f 939//939 808//808 940//940
f 808//808 939//939 998//998
f 946//946 2551//2551 944//944
f 944//944 848//848 945//945
f 2580//2580 987//987 944//944
f 941//941 987//987 829//829
f 894//894 830//830 971//971
f 923//923 1002//1002 971//971
f 1002//1002 1003//1003 971//971
f 1258//1258 303//303 201//201
f 1013//1013 1011//1011 1012//1012
f 1102//1102 908//908 1156//1156
f 1015//1015 1016//1016 2429//2429
f 1//1 1010//1010 360//360
f 4//4 209//209 3//3
f 1135//1135 1017//1017 951//951
f 1027//1027 1025//1025 1026//1026
f 1030//1030 759//759 760//760
f 759//759 1031//1031 760//760
f 540//540 1038//1038 298//298
f 261//261 1040//1040 1039//1039
f 34//34 23//23 24//24
f 232//232 237//237 235//235
f 113//113 50//50 1755//1755
f 1043//1043 1041//1041 1042//1042
f 908//908 1013//1013 1136//1136
f 2429//2429 1016//1016 1044//1044
f 1042//1042 1041//1041 1128//1128
f 1045//1045 1031//1031 759//759
f 1048//1048 1046//1046 1047//1047
f 1042//1042 1037//1037 411//411
f 1046//1046 1049//1049 1050//1050
f 1023//1023 1051//1051 1215//1215
f 1053//1053 612//612 1052//1052
f 811//811 865//865 1220//1220
f 102//102 96//96 56//56
f 2561//2561 210//210 989//989
f 1255//1255 1122//1122 520//520
f 843//843 766//766 1056//1056
f 840//840 827//827 936//936
f 1122//1122 767//767 522//522
f 840//840 936//936 766//766
f 965//965 924//924 969//969
f 298//298 268//268 1058//1058
f 28//28 27//27 540//540
f 1056//1056 1061//1061 960//960
f 842//842 1061//1061 1056//1056
f 1270//1270 372//372 1254//1254
f 1443//1443 2012//2012 660//660
f 1065//1065 1057//1057 661//661
f 373//373 122//122 369//369
f 903//903 935//935 936//936
f 906//906 917//917 962//962
f 891//891 904//904 827//827
f 965//965 927//927 964//964
f 927//927 965//965 1066//1066
f 99//99 411//411 1067//1067
f 411//411 1037//1037 1067//1067
f 936//936 827//827 903//903
f 370//370 1252//1252 356//356
f 540//540 298//298 28//28
f 265//265 148//148 196//196
f 196//196 148//148 149//149
f 1285//1285 758//758 182//182
f 382//382 184//184 758//758
f 1069//1069 1068//1068 374//374
f 1215//1215 759//759 1023//1023
f 1030//1030 1042//1042 759//759
f 760//760 1043//1043 1042//1042
f 2548//2548 1062//1062 1248//1248
f 1075//1075 984//984 983//983
f 1075//1075 993//993 804//804
f 965//965 964//964 906//906
f 1076//1076 930//930 918//918
f 917//917 964//964 918//918
f 629//629 918//918 964//964
f 965//965 898//898 924//924
f 1366//1366 1085//1085 1086//1086
f 1037//1037 1042//1042 1128//1128
f 1366//1366 1086//1086 300//300
f 1072//1072 1665//1665 83//83
f 1085//1085 300//300 1086//1086
f 1089//1089 867//867 806//806
f 1071//1071 1092//1092 1023//1023
f 924//924 898//898 922//922
f 1077//1077 919//919 974//974
f 1004//1004 1093//1093 1094//1094
f 969//969 1077//1077 1066//1066
f 1066//1066 1077//1077 1095//1095
f 1098//1098 943//943 1097//1097
f 1100//1100 889//889 948//948
f 997//997 1262//1262 1105//1105
f 1102//1102 979//979 1093//1093
f 1093//1093 979//979 978//978
f 1107//1107 1103//1103 1106//1106
f 919//919 499//499 920//920
f 1097//1097 1005//1005 1004//1004
f 1097//1097 943//943 1005//1005
f 1109//1109 81//81 994//994
f 1107//1107 651//651 970//970
f 1114//1114 872//872 951//951
f 909//909 654//654 910//910
f 655//655 909//909 980//980
f 646//646 653//653 1112//1112
f 826//826 977//977 651//651
f 967//967 1113//1113 1114//1114
f 1115//1115 950//950 1113//1113
f 981//981 952//952 968//968
f 524//524 1116//1116 1176//1176
f 1137//1137 1105//1105 1104//1104
f 901//901 900//900 931//931
f 1427//1427 83//83 1665//1665
f 916//916 891//891 931//931
f 160//160 905//905 1120//1120
f 160//160 1684//1684 899//899
f 1682//1682 899//899 1684//1684
f 292//292 1194//1194 1096//1096
f 1710//1710 508//508 267//267
f 996//996 907//907 991//991
f 901//901 988//988 902//902
f 992//992 989//989 109//109
f 879//879 996//996 991//991
f 879//879 962//962 934//934
f 988//988 947//947 999//999
f 998//998 901//901 808//808
f 973//973 894//894 892//892
f 999//999 947//947 946//946
f 942//942 945//945 848//848
f 925//925 848//848 941//941
f 941//941 848//848 987//987
f 943//943 888//888 830//830
f 971//971 897//897 923//923
f 945//945 999//999 946//946
f 913//913 912//912 1011//1011
f 1005//1005 973//973 926//926
f 929//929 914//914 892//892
f 913//913 1011//1011 928//928
f 913//913 928//928 973//973
f 1073//1073 233//233 232//232
f 230//230 2689//2689 231//231
f 1252//1252 365//365 2689//2689
f 1130//1130 1007//1007 1006//1006
f 1007//1007 987//987 2580//2580
f 1007//1007 1008//1008 933//933
f 134//134 505//505 506//506
f 809//809 1212//1212 810//810
f 881//881 1020//1020 882//882
f 2532//2532 881//881 1032//1032
f 1011//1011 1134//1134 1012//1012
f 809//809 882//882 932//932
f 1005//1005 943//943 973//973
f 1098//1098 1108//1108 948//948
f 1108//1108 1100//1100 948//948
f 1016//1016 1012//1012 1033//1033
f 1102//1102 1014//1014 908//908
f 951//951 872//872 1135//1135
f 1201//1201 521//521 1236//1236
f 1019//1019 932//932 882//882
f 2687//2687 1020//1020 2532//2532
f 997//997 1201//1201 176//176
f 103//103 79//79 1307//1307
f 1016//1016 1033//1033 1044//1044
f 1061//1061 961//961 960//960
f 842//842 961//961 1061//1061
f 1063//1063 689//689 955//955
f 842//842 841//841 1142//1142
f 861//861 779//779 1053//1053
f 1052//1052 715//715 961//961
f 608//608 609//609 861//861
f 1056//1056 960//960 843//843
f 861//861 841//841 955//955
f 722//722 861//861 955//955
f 722//722 955//955 689//689
f 197//197 265//265 715//715
f 843//843 960//960 715//715
f 843//843 715//715 966//966
f 766//766 843//843 966//966
f 1219//1219 2074//2074 1311//1311
f 966//966 840//840 766//766
f 955//955 862//862 1063//1063
f 82//82 1144//1144 123//123
f 1215//1215 1051//1051 1045//1045
f 2556//2556 1145//1145 1152//1152
f 1222//1222 302//302 1173//1173
f 1063//1063 930//930 1076//1076
f 1048//1048 1047//1047 1147//1147
f 1148//1148 935//935 1049//1049
f 935//935 1050//1050 1049//1049
f 930//930 1046//1046 962//962
f 1147//1147 862//862 963//963
f 862//862 766//766 963//963
f 962//962 1046//1046 1050//1050
f 1076//1076 1149//1149 629//629
f 1076//1076 918//918 1149//1149
f 927//927 1150//1150 921//921
f 921//921 1150//1150 1095//1095
f 927//927 755//755 964//964
f 924//924 890//890 969//969
f 1095//1095 1150//1150 1066//1066
f 1066//1066 1150//1150 927//927
f 890//890 1077//1077 969//969
f 1077//1077 1110//1110 845//845
f 969//969 1066//1066 965//965
f 1077//1077 845//845 919//919
f 807//807 499//499 959//959
f 959//959 499//499 919//919
f 920//920 755//755 957//957
f 957//957 755//755 352//352
f 1028//1028 1021//1021 1227//1227
f 1153//1153 919//919 845//845
f 1153//1153 959//959 919//919
f 974//974 1154//1154 1095//1095
f 974//974 921//921 1154//1154
f 1154//1154 921//921 1095//1095
f 921//921 1155//1155 352//352
f 352//352 1155//1155 974//974
f 974//974 1155//1155 921//921
f 1099//1099 1110//1110 1103//1103
f 872//872 1111//1111 1156//1156
f 976//976 653//653 977//977
f 1160//1160 1204//1204 355//355
f 355//355 859//859 1160//1160
f 1094//1094 1110//1110 1108//1108
f 888//888 943//943 1098//1098
f 949//949 888//888 1098//1098
f 1162//1162 143//143 163//163
f 1230//1230 9//9 205//205
f 1168//1168 1166//1166 1167//1167
f 1352//1352 1164//1164 1009//1009
f 1222//1222 1265//1265 954//954
f 301//301 300//300 1085//1085
f 290//290 289//289 1183//1183
f 213//213 316//316 680//680
f 507//507 644//644 218//218
f 756//756 220//220 803//803
f 1204//1204 55//55 56//56
f 1364//1364 1177//1177 1165//1165
f 762//762 370//370 356//356
f 762//762 513//513 370//370
f 758//758 364//364 763//763
f 1097//1097 1004//1004 1182//1182
f 1098//1098 948//948 949//949
f 1097//1097 1182//1182 1098//1098
f 1182//1182 1108//1108 1098//1098
f 1116//1116 524//524 1166//1166
f 353//353 240//240 67//67
f 1067//1067 1037//1037 1184//1184
f 22//22 19//19 26//26
f 910//910 646//646 1111//1111
f 1112//1112 1102//1102 1156//1156
f 1159//1159 342//342 1187//1187
f 239//239 118//118 240//240
f 1045//1045 238//238 1031//1031
f 1157//1157 238//238 1045//1045
f 238//238 1041//1041 1031//1031
f 1128//1128 1041//1041 238//238
f 850//850 208//208 1133//1133
f 267//267 1125//1125 245//245
f 341//341 1311//1311 1187//1187
f 1135//1135 1156//1156 908//908
f 1192//1192 2781//2781 15//15
f 73//73 13//13 14//14
f 512//512 364//364 513//513
f 763//763 511//511 765//765
f 379//379 1430//1430 764//764
f 1024//1024 2560//2560 115//115
f 1236//1236 1118//1118 865//865
f 521//521 1137//1137 523//523
f 544//544 683//683 299//299
f 242//242 1145//1145 985//985
f 950//950 1115//1115 1111//1111
f 982//982 1115//1115 1113//1113
f 982//982 968//968 952//952
f 982//982 1113//1113 968//968
f 1114//1114 1113//1113 950//950
f 1197//1197 967//967 2428//2428
f 160//160 1120//1120 293//293
f 905//905 293//293 1120//1120
f 293//293 905//905 154//154
f 1127//1127 1665//1665 1072//1072
f 1091//1091 1081//1081 2567//2567
f 1145//1145 1104//1104 1146//1146
f 176//176 292//292 1096//1096
f 2557//2557 114//114 202//202
f 865//865 1118//1118 1220//1220
f 1138//1138 1201//1201 1101//1101
f 1202//1202 1138//1138 1101//1101
f 1//1 5//5 211//211
f 211//211 5//5 4//4
f 1//1 360//360 5//5
f 1092//1092 1027//1027 1026//1026
f 1025//1025 1203//1203 1026//1026
f 2551//2551 2580//2580 944//944
f 2551//2551 946//946 947//947
f 928//928 1014//1014 926//926
f 762//762 1131//1131 379//379
f 240//240 1189//1189 239//239
f 1237//1237 1238//1238 1318//1318
f 994//994 1152//1152 1188//1188
f 1003//1003 894//894 971//971
f 928//928 1013//1013 1014//1014
f 1013//1013 928//928 1011//1011
f 1130//1130 1006//1006 929//929
f 1212//1212 1129//1129 933//933
f 932//932 2431//2431 2427//2427
f 1012//1012 1015//1015 1013//1013
f 2431//2431 2688//2688 1033//1033
f 1013//1013 1015//1015 1136//1136
f 1015//1015 1017//1017 1136//1136
f 245//245 244//244 267//267
f 107//107 1204//1204 56//56
f 355//355 1204//1204 107//107
f 1035//1035 2461//2461 1213//1213
f 533//533 213//213 529//529
f 390//390 414//414 346//346
f 387//387 414//414 390//390
f 559//559 436//436 313//313
f 5//5 360//360 3//3
f 724//724 446//446 281//281
f 285//285 286//286 558//558
f 1076//1076 349//349 630//630
f 288//288 739//739 738//738
f 1192//1192 18//18 13//13
f 2694//2694 911//911 1079//1079
f 2545//2545 245//245 1125//1125
f 60//60 844//844 80//80
f 1237//1237 1083//1083 1238//1238
f 954//954 1265//1265 115//115
f 1180//1180 764//764 1430//1430
f 379//379 513//513 762//762
f 89//89 88//88 90//90
f 1175//1175 1021//1021 1028//1028
f 1051//1051 1157//1157 1045//1045
f 1210//1210 1028//1028 1227//1227
f 2688//2688 932//932 1019//1019
f 973//973 943//943 830//830
f 18//18 19//19 12//12
f 14//14 12//12 73//73
f 15//15 853//853 1192//1192
f 1303//1303 118//118 1128//1128
f 1215//1215 1045//1045 759//759
f 760//760 1031//1031 1043//1043
f 356//356 1131//1131 762//762
f 342//342 1159//1159 1216//1216
f 1043//1043 1031//1031 1041//1041
f 245//245 119//119 1169//1169
f 244//244 245//245 1169//1169
f 2438//2438 2433//2433 2432//2432
f 1114//1114 2428//2428 967//967
f 915//915 967//967 1197//1197
f 2545//2545 1125//1125 268//268
f 779//779 612//612 1053//1053
f 612//612 715//715 1052//1052
f 1142//1142 1052//1052 961//961
f 715//715 265//265 966//966
f 91//91 78//78 35//35
f 1084//1084 1214//1214 1203//1203
f 248//248 966//966 265//265
f 970//970 807//807 958//958
f 976//976 978//978 979//979
f 958//958 1110//1110 970//970
f 1110//1110 958//958 959//959
f 1077//1077 974//974 1095//1095
f 919//919 957//957 974//974
f 651//651 807//807 970//970
f 1107//1107 1099//1099 1103//1103
f 970//970 1099//1099 1107//1107
f 826//826 651//651 1107//1107
f 1106//1106 826//826 1107//1107
f 976//976 1112//1112 653//653
f 651//651 977//977 653//653
f 1218//1218 1106//1106 1103//1103
f 1103//1103 1110//1110 1218//1218
f 1100//1100 1077//1077 890//890
f 887//887 897//897 830//830
f 897//897 887//887 889//889
f 1112//1112 979//979 1102//1102
f 1218//1218 1094//1094 978//978
f 975//975 826//826 1106//1106
f 978//978 975//975 1218//1218
f 1218//1218 975//975 1106//1106
f 977//977 826//826 975//975
f 978//978 1094//1094 1093//1093
f 1102//1102 1093//1093 1004//1004
f 1111//1111 1115//1115 910//910
f 1112//1112 1111//1111 646//646
f 1156//1156 1111//1111 1112//1112
f 950//950 1111//1111 872//872
f 914//914 973//973 892//892
f 1071//1071 1027//1027 1092//1092
f 914//914 913//913 973//973
f 1130//1130 929//929 829//829
f 1130//1130 987//987 1007//1007
f 1130//1130 829//829 987//987
f 1135//1135 908//908 1136//1136
f 1135//1135 1136//1136 1017//1017
f 2434//2434 2429//2429 2439//2439
f 2433//2433 2395//2395 2345//2345
f 950//950 872//872 1114//1114
f 1210//1210 1189//1189 353//353
f 268//268 99//99 1189//1189
f 508//508 1200//1200 1058//1058
f 508//508 667//667 1200//1200
f 521//521 523//523 1118//1118
f 1220//1220 1060//1060 956//956
f 956//956 811//811 1220//1220
f 98//98 86//86 11//11
f 80//80 844//844 85//85
f 97//97 93//93 88//88
f 241//241 523//523 1137//1137
f 241//241 1137//1137 1145//1145
f 523//523 1060//1060 1118//1118
f 2556//2556 985//985 1145//1145
f 757//757 1336//1336 1240//1240
f 1119//1119 243//243 1091//1091
f 440//440 406//406 121//121
f 1128//1128 118//118 1189//1189
f 68//68 1024//1024 178//178
f 344//344 219//219 2546//2546
f 692//692 216//216 2685//2685
f 1124//1124 805//805 1826//1826
f 1123//1123 1124//1124 854//854
f 589//589 345//345 714//714
f 346//346 429//429 554//554
f 429//429 346//346 418//418
f 349//349 634//634 630//630
f 494//494 283//283 224//224
f 856//856 1225//1225 1226//1226
f 80//80 88//88 93//93
f 93//93 1228//1228 95//95
f 94//94 1228//1228 93//93
f 1777//1777 267//267 243//243
f 1119//1119 1224//1224 243//243
f 243//243 1224//1224 1777//1777
f 1224//1224 1229//1229 1777//1777
f 1777//1777 1710//1710 267//267
f 93//93 95//95 80//80
f 116//116 1233//1233 1159//1159
f 97//97 1228//1228 94//94
f 850//850 1194//1194 1236//1236
f 850//850 1133//1133 1194//1194
f 1249//1249 1096//1096 1194//1194
f 94//94 93//93 97//97
f 92//92 74//74 1193//1193
f 70//70 768//768 74//74
f 75//75 828//828 78//78
f 1232//1232 1194//1194 292//292
f 292//292 1202//1202 1232//1232
f 1234//1234 116//116 2091//2091
f 1118//1118 1060//1060 1220//1220
f 1202//1202 1101//1101 1232//1232
f 1118//1118 1236//1236 521//521
f 1141//1141 1237//1237 2542//2542
f 272//272 423//423 422//422
f 533//533 271//271 213//213
f 121//121 420//420 440//440
f 428//428 526//526 430//430
f 2548//2548 212//212 425//425
f 334//334 430//430 272//272
f 346//346 562//562 534//534
f 461//461 460//460 221//221
f 776//776 462//462 463//463
f 601//601 460//460 781//781
f 472//472 474//474 478//478
f 647//647 447//447 449//449
f 2560//2560 1024//1024 2543//2543
f 2419//2419 2420//2420 623//623
f 477//477 447//447 491//491
f 482//482 741//741 823//823
f 471//471 744//744 619//619
f 744//744 579//579 619//619
f 481//481 691//691 504//504
f 2686//2686 691//691 481//481
f 496//496 649//649 2423//2423
f 2545//2545 1189//1189 1227//1227
f 1214//1214 1239//1239 1022//1022
f 1210//1210 353//353 1022//1022
f 268//268 1189//1189 2545//2545
f 1195//1195 1058//1058 1200//1200
f 973//973 830//830 894//894
f 887//887 888//888 949//949
f 980//980 910//910 1115//1115
f 354//354 1191//1191 1146//1146
f 19//19 20//20 26//26
f 1060//1060 241//241 983//983
f 983//983 241//241 242//242
f 935//935 903//903 986//986
f 242//242 993//993 983//983
f 999//999 907//907 988//988
f 985//985 993//993 242//242
f 993//993 985//985 1198//1198
f 117//117 1198//1198 1087//1087
f 1013//1013 908//908 1014//1014
f 646//646 910//910 654//654
f 1198//1198 117//117 804//804
f 2557//2557 107//107 96//96
f 401//401 528//528 274//274
f 533//533 529//529 679//679
f 528//528 533//533 679//679
f 528//528 679//679 274//274
f 528//528 402//402 400//400
f 271//271 400//400 407//407
f 545//545 543//543 681//681
f 705//705 574//574 573//573
f 413//413 412//412 419//419
f 334//334 272//272 328//328
f 428//428 427//427 526//526
f 395//395 414//414 334//334
f 553//553 335//335 552//552
f 564//564 440//440 420//420
f 2415//2415 553//553 552//552
f 2424//2424 555//555 557//557
f 687//687 450//450 325//325
f 564//564 547//547 440//440
f 321//321 698//698 576//576
f 425//425 212//212 433//433
f 567//567 325//325 317//317
f 330//330 566//566 573//573
f 713//713 710//710 575//575
f 2417//2417 219//219 344//344
f 344//344 340//340 751//751
f 812//812 706//706 707//707
f 477//477 448//448 447//447
f 409//409 325//325 410//410
f 325//325 566//566 410//410
f 704//704 569//569 593//593
f 747//747 504//504 635//635
f 627//627 504//504 350//350
f 621//621 619//619 579//579
f 634//634 624//624 627//627
f 349//349 755//755 640//640
f 349//349 1076//1076 629//629
f 630//630 1063//1063 1076//1076
f 634//634 640//640 624//624
f 106//106 638//638 492//492
f 640//640 755//755 753//753
f 224//224 652//652 494//494
f 494//494 642//642 452//452
f 477//477 491//491 343//343
f 448//448 649//649 496//496
f 482//482 650//650 741//741
f 135//135 645//645 505//505
f 493//493 336//336 649//649
f 653//653 645//645 135//135
f 1105//1105 1137//1137 521//521
f 1146//1146 1152//1152 1145//1145
f 1188//1188 1152//1152 1146//1146
f 295//295 1242//1242 2572//2572
f 1024//1024 114//114 229//229
f 1042//1042 411//411 759//759
f 267//267 508//508 1125//1125
f 512//512 513//513 764//764
f 672//672 1243//1243 673//673
f 2557//2557 229//229 114//114
f 2558//2558 857//857 2550//2550
f 1244//1244 1121//1121 54//54
f 891//891 916//916 904//904
f 916//916 986//986 904//904
f 1238//1238 29//29 32//32
f 29//29 30//30 32//32
f 32//32 2318//2318 1238//1238
f 2318//2318 32//32 33//33
f 1109//1109 1246//1246 864//864
f 1247//1247 341//341 342//342
f 1233//1233 1216//1216 1159//1159
f 1199//1199 1240//1240 1090//1090
f 916//916 886//886 986//986
f 388//388 270//270 535//535
f 774//774 444//444 545//545
f 552//552 335//335 419//419
f 702//702 441//441 547//547
f 548//548 313//313 436//436
f 771//771 339//339 279//279
f 2424//2424 553//553 2435//2435
f 602//602 2424//2424 467//467
f 340//340 344//344 223//223
f 443//443 694//694 444//444
f 696//696 331//331 545//545
f 590//590 698//698 446//446
f 222//222 221//221 591//591
f 601//601 712//712 688//688
f 460//460 485//485 719//719
f 287//287 782//782 714//714
f 571//571 725//725 572//572
f 718//718 484//484 784//784
f 611//611 727//727 625//625
f 726//726 783//783 281//281
f 726//726 592//592 611//611
f 796//796 690//690 797//797
f 594//594 795//795 737//737
f 454//454 594//594 820//820
f 492//492 618//618 736//736
f 741//741 742//742 823//823
f 106//106 736//736 617//617
f 507//507 470//470 664//664
f 664//664 470//470 801//801
f 283//283 740//740 742//742
f 350//350 691//691 732//732
f 500//500 610//610 488//488
f 650//650 483//483 499//499
f 349//349 640//640 634//634
f 498//498 477//477 343//343
f 496//496 2423//2423 2426//2426
f 336//336 909//909 2423//2423
f 1184//1184 1128//1128 1189//1189
f 906//906 962//962 965//965
f 1240//1240 1199//1199 2013//2013
f 914//914 1006//1006 912//912
f 369//369 232//232 1256//1256
f 696//696 466//466 331//331
f 467//467 516//516 686//686
f 769//769 771//771 279//279
f 719//719 609//609 818//818
f 773//773 796//796 749//749
f 567//567 697//697 774//774
f 771//771 330//330 339//339
f 586//586 701//701 587//587
f 706//706 812//812 701//701
f 812//812 587//587 701//701
f 409//409 410//410 597//597
f 577//577 687//687 578//578
f 708//708 597//597 770//770
f 599//599 776//776 463//463
f 662//662 713//713 709//709
f 726//726 611//611 783//783
f 611//611 592//592 727//727
f 609//609 720//720 815//815
f 802//802 479//479 478//478
f 743//743 742//742 740//740
f 800//800 802//802 478//478
f 492//492 658//658 337//337
f 492//492 638//638 658//658
f 773//773 749//749 476//476
f 754//754 664//664 801//801
f 28//28 1058//1058 1195//1195
f 778//778 781//781 575//575
f 778//778 601//601 781//781
f 569//569 707//707 593//593
f 569//569 704//704 814//814
f 607//607 817//817 592//592
f 818//818 815//815 716//716
f 596//596 690//690 595//595
f 595//595 690//690 796//796
f 730//730 455//455 821//821
f 735//735 821//821 455//455
f 748//748 747//747 636//636
f 823//823 742//742 743//743
f 662//662 797//797 690//690
f 1268//1268 1323//1323 1250//1250
f 1195//1195 683//683 28//28
f 233//233 1073//1073 1251//1251
f 1195//1195 299//299 683//683
f 1254//1254 372//372 371//371
f 827//827 247//247 137//137
f 2074//2074 1344//1344 1311//1311
f 369//369 1256//1256 1264//1264
f 70//70 74//74 92//92
f 1257//1257 1068//1068 233//233
f 2554//2554 137//137 136//136
f 177//177 366//366 363//363
f 1259//1259 1257//1257 385//385
f 1259//1259 1068//1068 1257//1257
f 1055//1055 1122//1122 1034//1034
f 1137//1137 1104//1104 1145//1145
f 523//523 241//241 1060//1060
f 522//522 767//767 675//675
f 832//832 1260//1260 120//120
f 10//10 260//260 205//205
f 1261//1261 884//884 1230//1230
f 10//10 205//205 60//60
f 1131//1131 356//356 380//380
f 1261//1261 97//97 1186//1186
f 1261//1261 1230//1230 97//97
f 514//514 191//191 186//186
f 1124//1124 1123//1123 867//867
f 247//247 136//136 137//137
f 374//374 1264//1264 1069//1069
f 373//373 1264//1264 374//374
f 1270//1270 232//232 369//369
f 867//867 805//805 1124//1124
f 1079//1079 1124//1124 361//361
f 1217//1217 1055//1055 1034//1034
f 1826//1826 1242//1242 1124//1124
f 1183//1183 1039//1039 84//84
f 1826//1826 806//806 1123//1123
f 827//827 840//840 247//247
f 1443//1443 1018//1018 1266//1266
f 92//92 1186//1186 98//98
f 103//103 1178//1178 84//84
f 942//942 848//848 925//925
f 515//515 365//365 363//363
f 51//51 1171//1171 1172//1172
f 15//15 525//525 1284//1284
f 1270//1270 1144//1144 372//372
f 1222//1222 954//954 1221//1221
f 2689//2689 1073//1073 235//235
f 862//862 955//955 766//766
f 828//828 833//833 832//832
f 1250//1250 51//51 1841//1841
f 1270//1270 369//369 1144//1144
f 851//851 837//837 1245//1245
f 1323//1323 54//54 1171//1171
f 1323//1323 51//51 1250//1250
f 1300//1300 1054//1054 1276//1276
f 244//244 1091//1091 243//243
f 243//243 267//267 244//244
f 37//37 39//39 47//47
f 1034//1034 77//77 76//76
f 230//230 231//231 376//376
f 123//123 122//122 164//164
f 234//234 376//376 231//231
f 231//231 237//237 234//234
f 1167//1167 1165//1165 1277//1277
f 1165//1165 1176//1176 1116//1116
f 1246//1246 855//855 864//864
f 1073//1073 232//232 235//235
f 234//234 237//237 1254//1254
f 19//19 22//22 834//834
f 675//675 1369//1369 866//866
f 69//69 71//71 768//768
f 266//266 1396//1396 101//101
f 123//123 369//369 122//122
f 1256//1256 232//232 233//233
f 1256//1256 1068//1068 1069//1069
f 1069//1069 1264//1264 1256//1256
f 1256//1256 233//233 1068//1068
f 2689//2689 365//365 515//515
f 365//365 1252//1252 370//370
f 230//230 1252//1252 2689//2689
f 1180//1180 512//512 764//764
f 1180//1180 763//763 512//512
f 364//364 365//365 370//370
f 763//763 381//381 758//758
f 1165//1165 1116//1116 1277//1277
f 524//524 290//290 1166//1166
f 1166//1166 1164//1164 1167//1167
f 35//35 844//844 72//72
f 77//77 1255//1255 831//831
f 72//72 2553//2553 2781//2781
f 834//834 1223//1223 870//870
f 855//855 1235//1235 1151//1151
f 120//120 74//74 768//768
f 75//75 870//870 76//76
f 1283//1283 36//36 34//34
f 1283//1283 1301//1301 847//847
f 71//71 35//35 768//768
f 765//765 511//511 677//677
f 1172//1172 1275//1275 1284//1284
f 176//176 1138//1138 1202//1202
f 260//260 10//10 1278//1278
f 1278//1278 205//205 260//260
f 1194//1194 1139//1139 1236//1236
f 768//768 70//70 69//69
f 964//964 755//755 629//629
f 906//906 964//964 972//972
f 1100//1100 1110//1110 1077//1077
f 998//998 939//939 947//947
f 90//90 80//80 85//85
f 902//902 988//988 996//996
f 886//886 902//902 996//996
f 2258//2258 1970//1970 831//831
f 1192//1192 860//860 2781//2781
f 854//854 1124//1124 1079//1079
f 850//850 865//865 208//208
f 176//176 1201//1201 1138//1138
f 1021//1021 1211//1211 1199//1199
f 23//23 42//42 84//84
f 1152//1152 994//994 995//995
f 42//42 36//36 43//43
f 40//40 44//44 47//47
f 364//364 363//363 365//365
f 1028//1028 1022//1022 1239//1239
f 1022//1022 1028//1028 1210//1210
f 998//998 947//947 988//988
f 1005//1005 926//926 1014//1014
f 1005//1005 1102//1102 1004//1004
f 1014//1014 1102//1102 1005//1005
f 1016//1016 1015//1015 1012//1012
f 880//880 1032//1032 881//881
f 2430//2430 1035//1035 1213//1213
f 1046//1046 1048//1048 1049//1049
f 1147//1147 1148//1148 1048//1048
f 1285//1285 182//182 168//168
f 131//131 677//677 127//127
f 207//207 1133//1133 208//208
f 206//206 207//207 208//208
f 667//667 206//206 865//865
f 1062//1062 544//544 1248//1248
f 1214//1214 1185//1185 1092//1092
f 1092//1092 1203//1203 1214//1214
f 309//309 1370//1370 857//857
f 1232//1232 1101//1101 1139//1139
f 765//765 382//382 1295//1295
f 103//103 1766//1766 1178//1178
f 2226//2226 2565//2565 1029//1029
f 1109//1109 994//994 1246//1246
f 1271//1271 1173//1173 108//108
f 1116//1116 1166//1166 1168//1168
f 1304//1304 1082//1082 1845//1845
f 1430//1430 379//379 380//380
f 1185//1185 1157//1157 1051//1051
f 1038//1038 99//99 268//268
f 1087//1087 1072//1072 83//83
f 1196//1196 212//212 2548//2548
f 73//73 19//19 91//91
f 99//99 1190//1190 1189//1189
f 380//380 379//379 1131//1131
f 1285//1285 366//366 177//177
f 366//366 1285//1285 168//168
f 47//47 49//49 37//37
f 48//48 38//38 1283//1283
f 935//935 986//986 996//996
f 46//46 40//40 38//38
f 1056//1056 766//766 842//842
f 862//862 1047//1047 1063//1063
f 1004//1004 1094//1094 1182//1182
f 1100//1100 1108//1108 1110//1110
f 1297//1297 1843//1843 1842//1842
f 212//212 1196//1196 984//984
f 111//111 1332//1332 1306//1306
f 1208//1208 883//883 1306//1306
f 1422//1422 2285//2285 105//105
f 970//970 1110//1110 1099//1099
f 883//883 1291//1291 1308//1308
f 1349//1349 885//885 1321//1321
f 133//133 132//132 2696//2696
f 184//184 1309//1309 183//183
f 183//183 1309//1309 185//185
f 55//55 210//210 56//56
f 46//46 38//38 48//48
f 1180//1180 1430//1430 368//368
f 1333//1333 1312//1312 1313//1313
f 66//66 1314//1314 64//64
f 59//59 2690//2690 64//64
f 36//36 42//42 23//23
f 1445//1445 1422//1422 105//105
f 186//186 185//185 1309//1309
f 382//382 1309//1309 184//184
f 186//186 1309//1309 382//382
f 104//104 79//79 49//49
f 1237//1237 1141//1141 291//291
f 1141//1141 1187//1187 291//291
f 383//383 510//510 366//366
f 124//124 125//125 127//127
f 368//368 378//378 124//124
f 290//290 1183//1183 1178//1178
f 46//46 1314//1314 66//66
f 1277//1277 1116//1116 1168//1168
f 124//124 127//127 368//368
f 1278//1278 1230//1230 205//205
f 185//185 186//186 187//187
f 934//934 1050//1050 935//935
f 962//962 1050//1050 934//934
f 1078//1078 1287//1287 1338//1338
f 204//204 120//120 1260//1260
f 62//62 61//61 1351//1351
f 1222//1222 289//289 302//302
f 1265//1265 114//114 115//115
f 511//511 368//368 127//127
f 103//103 2214//2214 1766//1766
f 17//17 26//26 18//18
f 43//43 45//45 42//42
f 1125//1125 1058//1058 268//268
f 2561//2561 102//102 210//210
f 1021//1021 1036//1036 119//119
f 189//189 187//187 188//188
f 229//229 101//101 178//178
f 252//252 150//150 249//249
f 1439//1439 145//145 143//143
f 1165//1165 1354//1354 1364//1364
f 146//146 149//149 147//147
f 128//128 248//248 196//196
f 763//763 1180//1180 511//511
f 1078//1078 1842//1842 1331//1331
f 125//125 131//131 127//127
f 1329//1329 192//192 878//878
f 227//227 1376//1376 226//226
f 53//53 768//768 78//78
f 53//53 120//120 768//768
f 1199//1199 1036//1036 1021//1021
f 66//66 2285//2285 100//100
f 1331//1331 1286//1286 1078//1078
f 1333//1333 1313//1313 1158//1158
f 1225//1225 856//856 1158//1158
f 129//129 128//128 138//138
f 1201//1201 1105//1105 521//521
f 1140//1140 1231//1231 1158//1158
f 132//132 146//146 2696//2696
f 141//141 199//199 1499//1499
f 1499//1499 199//199 126//126
f 144//144 250//250 251//251
f 157//157 158//158 253//253
f 1320//1320 194//194 1082//1082
f 1333//1333 1158//1158 1231//1231
f 345//345 589//589 686//686
f 988//988 907//907 996//996
f 723//723 722//722 721//721
f 728//728 784//784 625//625
f 732//732 500//500 350//350
f 369//369 1264//1264 373//373
f 433//433 212//212 761//761
f 1007//1007 933//933 1006//1006
f 1006//1006 1134//1134 912//912
f 1333//1333 1231//1231 116//116
f 912//912 1134//1134 1011//1011
f 836//836 858//858 757//757
f 37//37 36//36 39//39
f 1161//1161 1292//1292 87//87
f 871//871 757//757 2013//2013
f 2692//2692 1315//1315 1337//1337
f 1315//1315 2692//2692 1253//1253
f 1001//1001 1338//1338 1059//1059
f 2563//2563 2690//2690 1339//1339
f 2563//2563 1174//1174 1319//1319
f 1445//1445 105//105 1319//1319
f 1174//1174 2542//2542 1318//1318
f 1319//1319 1174//1174 1318//1318
f 1323//1323 896//896 54//54
f 1236//1236 1101//1101 1201//1201
f 1312//1312 1226//1226 1313//1313
f 1158//1158 112//112 1140//1140
f 1311//1311 291//291 1187//1187
f 1187//1187 342//342 341//341
f 1312//1312 856//856 1226//1226
f 1287//1287 1293//1293 192//192
f 1329//1329 1287//1287 192//192
f 1207//1207 192//192 1340//1340
f 1293//1293 1294//1294 1340//1340
f 1294//1294 1293//1293 1286//1286
f 1294//1294 1296//1296 1340//1340
f 1294//1294 1320//1320 1296//1296
f 1330//1330 192//192 1207//1207
f 192//192 1293//1293 1340//1340
f 1341//1341 846//846 836//836
f 1282//1282 246//246 2218//2218
f 1349//1349 1310//1310 1325//1325
f 1240//1240 1336//1336 1090//1090
f 2013//2013 757//757 1240//1240
f 1347//1347 2692//2692 2573//2573
f 1281//1281 2564//2564 1282//1282
f 2224//2224 1280//1280 1342//1342
f 291//291 1311//1311 1083//1083
f 1237//1237 291//291 1083//1083
f 1343//1343 342//342 1216//1216
f 1276//1276 1054//1054 1329//1329
f 84//84 1178//1178 1183//1183
f 97//97 1230//1230 1228//1228
f 2691//2691 1280//1280 1334//1334
f 1207//1207 1340//1340 1296//1296
f 1347//1347 1208//1208 1253//1253
f 1296//1296 1315//1315 1253//1253
f 852//852 1337//1337 1315//1315
f 1280//1280 1282//1282 1342//1342
f 246//246 1282//1282 2564//2564
f 836//836 1325//1325 858//858
f 1341//1341 836//836 1209//1209
f 856//856 1132//1132 849//849
f 856//856 111//111 1158//1158
f 2562//2562 1181//1181 1140//1140
f 116//116 1231//1231 2133//2133
f 59//59 1126//1126 1339//1339
f 1091//1091 2567//2567 1119//1119
f 2567//2567 1081//1081 1336//1336
f 839//839 838//838 1348//1348
f 2567//2567 2224//2224 1119//1119
f 1001//1001 1297//1297 2566//2566
f 1346//1346 1306//1306 1332//1332
f 1208//1208 1347//1347 883//883
f 111//111 849//849 1332//1332
f 1291//1291 1310//1310 1308//1308
f 1347//1347 2573//2573 1291//1291
f 1253//1253 1207//1207 1296//1296
f 1260//1260 1970//1970 1245//1245
f 852//852 1315//1315 1320//1320
f 1206//1206 519//519 1310//1310
f 1181//1181 1231//1231 1140//1140
f 1134//1134 1006//1006 2427//2427
f 842//842 1142//1142 961//961
f 1206//1206 21//21 2564//2564
f 1600//1600 81//81 1109//1109
f 268//268 298//298 1038//1038
f 1074//1074 804//804 165//165
f 804//804 117//117 165//165
f 1087//1087 1198//1198 2556//2556
f 1281//1281 1282//1282 1280//1280
f 1084//1084 1025//1025 259//259
f 1084//1084 1203//1203 1025//1025
f 259//259 1214//1214 1084//1084
f 1025//1025 2282//2282 259//259
f 1185//1185 1023//1023 1092//1092
f 1096//1096 997//997 176//176
f 1072//1072 81//81 1600//1600
f 1072//1072 1600//1600 1127//1127
f 1087//1087 83//83 117//117
f 81//81 995//995 994//994
f 81//81 1087//1087 995//995
f 117//117 83//83 82//82
f 1144//1144 82//82 83//83
f 1145//1145 242//242 241//241
f 82//82 123//123 165//165
f 804//804 993//993 1198//1198
f 1051//1051 1023//1023 1185//1185
f 1175//1175 1028//1028 1239//1239
f 1303//1303 67//67 118//118
f 1128//1128 238//238 1303//1303
f 240//240 353//353 1189//1189
f 353//353 1303//1303 1022//1022
f 67//67 1303//1303 353//353
f 1190//1190 99//99 1067//1067
f 1067//1067 1184//1184 1190//1190
f 865//865 811//811 667//667
f 1087//1087 81//81 1072//1072
f 1126//1126 1174//1174 1339//1339
f 849//849 1132//1132 1126//1126
f 1042//1042 1030//1030 760//760
f 1132//1132 1312//1312 2542//2542
f 1141//1141 2542//2542 1312//1312
f 856//856 1312//1312 1132//1132
f 1187//1187 1141//1141 1312//1312
f 1342//1342 1282//1282 2218//2218
f 836//836 757//757 871//871
f 1083//1083 29//29 1238//1238
f 1343//1343 1247//1247 342//342
f 1247//1247 1343//1343 1216//1216
f 1316//1316 1348//1348 838//838
f 1335//1335 1827//1827 1297//1297
f 192//192 1330//1330 878//878
f 1233//1233 1247//1247 1216//1216
f 194//194 1294//1294 1286//1286
f 1219//1219 116//116 1234//1234
f 1247//1247 1233//1233 341//341
f 341//341 1219//1219 1311//1311
f 1233//1233 116//116 1219//1219
f 1233//1233 1219//1219 341//341
f 102//102 2561//2561 266//266
f 2214//2214 103//103 1307//1307
f 2548//2548 1248//1248 956//956
f 2548//2548 956//956 1196//1196
f 1196//1196 956//956 1060//1060
f 1248//1248 811//811 956//956
f 984//984 1196//1196 983//983
f 1265//1265 1173//1173 1117//1117
f 995//995 2556//2556 1152//1152
f 1117//1117 1173//1173 1271//1271
f 1274//1274 1271//1271 108//108
f 193//193 1322//1322 1267//1267
f 859//859 1377//1377 2404//2404
f 1144//1144 369//369 123//123
f 1081//1081 1036//1036 1090//1090
f 244//244 1169//1169 1091//1091
f 1169//1169 1081//1081 1091//1091
f 1169//1169 1036//1036 1081//1081
f 202//202 1117//1117 1322//1322
f 176//176 1202//1202 292//292
f 1053//1053 1142//1142 841//841
f 861//861 609//609 779//779
f 1053//1053 841//841 861//861
f 1139//1139 1101//1101 1236//1236
f 1232//1232 1139//1139 1194//1194
f 997//997 1105//1105 1201//1201
f 508//508 1058//1058 1125//1125
f 1117//1117 1271//1271 868//868
f 868//868 1322//1322 1117//1117
f 1117//1117 114//114 1265//1265
f 667//667 299//299 1200//1200
f 865//865 206//206 208//208
f 1211//1211 2013//2013 1199//1199
f 1175//1175 1211//1211 1021//1021
f 1026//1026 1203//1203 1092//1092
f 1090//1090 1036//1036 1199//1199
f 1227//1227 1021//1021 119//119
f 863//863 1345//1345 1351//1351
f 82//82 165//165 117//117
f 1210//1210 1227//1227 1189//1189
f 1063//1063 1047//1047 930//930
f 1048//1048 1148//1148 1049//1049
f 935//935 1148//1148 963//963
f 804//804 1074//1074 1075//1075
f 869//869 868//868 1271//1271
f 765//765 677//677 1179//1179
f 1075//1075 1074//1074 2559//2559
f 1075//1075 983//983 993//993
f 1060//1060 983//983 1196//1196
f 29//29 1083//1083 1344//1344
f 1083//1083 1311//1311 1344//1344
f 1331//1331 1845//1845 194//194
f 859//859 193//193 1267//1267
f 1267//1267 868//868 1345//1345
f 863//863 859//859 1267//1267
f 665//665 863//863 1351//1351
f 524//524 289//289 290//290
f 863//863 1267//1267 1345//1345
f 1345//1345 868//868 869//869
f 1351//1351 1345//1345 62//62
f 869//869 310//310 62//62
f 289//289 1222//1222 1221//1221
f 1059//1059 1300//1300 1299//1299
f 9//9 1029//1029 60//60
f 1290//1290 1305//1305 64//64
f 1169//1169 119//119 1036//1036
f 87//87 1059//1059 1299//1299
f 118//118 239//239 1189//1189
f 1276//1276 847//847 1300//1300
f 1276//1276 1290//1290 847//847
f 1276//1276 1329//1329 1302//1302
f 878//878 1317//1317 58//58
f 1290//1290 1302//1302 1305//1305
f 875//875 1317//1317 878//878
f 50//50 1292//1292 52//52
f 990//990 1221//1221 52//52
f 52//52 1292//1292 1161//1161
f 1039//1039 1183//1183 990//990
f 58//58 59//59 1305//1305
f 104//104 49//49 46//46
f 46//46 66//66 104//104
f 296//296 1263//1263 310//310
f 765//765 1295//1295 381//381
f 1179//1179 382//382 765//765
f 1214//1214 259//259 1239//1239
f 198//198 677//677 131//131
f 1274//1274 869//869 1271//1271
f 1165//1165 1164//1164 1354//1354
f 100//100 104//104 66//66
f 235//235 231//231 2689//2689
f 1259//1259 385//385 374//374
f 374//374 1068//1068 1259//1259
f 1148//1148 1147//1147 963//963
f 2695//2695 1263//1263 1258//1258
f 862//862 1147//1147 1047//1047
f 2542//2542 1174//1174 1132//1132
f 1022//1022 1185//1185 1214//1214
f 1167//1167 1164//1164 1165//1165
f 296//296 1274//1274 1163//1163
f 47//47 44//44 49//49
f 847//847 48//48 1283//1283
f 40//40 46//46 44//44
f 44//44 46//46 49//49
f 1290//1290 1276//1276 1302//1302
f 1360//1360 1372//1372 1324//1324
f 2285//2285 66//66 2690//2690
f 1104//1104 354//354 1146//1146
f 866//866 1357//1357 1326//1326
f 1369//1369 1358//1358 1357//1357
f 1047//1047 1046//1046 930//930
f 1235//1235 1191//1191 1193//1193
f 1193//1193 1088//1088 92//92
f 24//24 1359//1359 34//34
f 34//34 1359//1359 1040//1040
f 1040//1040 1359//1359 24//24
f 1039//1039 1040//1040 24//24
f 23//23 84//84 1039//1039
f 990//990 289//289 1221//1221
f 990//990 1183//1183 289//289
f 103//103 84//84 79//79
f 1037//1037 1128//1128 1184//1184
f 1327//1327 866//866 1326//1326
f 1356//1356 1358//1358 1369//1369
f 1173//1173 302//302 108//108
f 1274//1274 108//108 1163//1163
f 302//302 1176//1176 108//108
f 1163//1163 1177//1177 296//296
f 79//79 45//45 49//49
f 84//84 42//42 79//79
f 79//79 104//104 1307//1307
f 100//100 1307//1307 104//104
f 1185//1185 1303//1303 1157//1157
f 1357//1357 1358//1358 1326//1326
f 226//226 1365//1365 1374//1374
f 1362//1362 228//228 1354//1354
f 1362//1362 1363//1363 228//228
f 1323//1323 1268//1268 896//896
f 1171//1171 51//51 1323//1323
f 297//297 201//201 1350//1350
f 295//295 65//65 361//361
f 874//874 670//670 671//671
f 2693//2693 2550//2550 870//870
f 854//854 1079//1079 2552//2552
f 867//867 1089//1089 805//805
f 806//806 805//805 1089//1089
f 661//661 1269//1269 1065//1065
f 911//911 1064//1064 1745//1745
f 201//201 1355//1355 1258//1258
f 3//3 297//297 4//4
f 1369//1369 1361//1361 1356//1356
f 1378//1378 665//665 1371//1371
f 311//311 1378//1378 1371//1371
f 1010//1010 209//209 1372//1372
f 2566//2566 1842//1842 1078//1078
f 1164//1164 1352//1352 1354//1354
f 1243//1243 308//308 673//673
f 1070//1070 1717//1717 1414//1414
f 1324//1324 209//209 1350//1350
f 1375//1375 2574//2574 236//236
f 226//226 1364//1364 1354//1354
f 1018//1018 877//877 1266//1266
f 1353//1353 1443//1443 1266//1266
f 1374//1374 303//303 1258//1258
f 1022//1022 1303//1303 1185//1185
f 1172//1172 1171//1171 1275//1275
f 367//367 377//377 304//304
f 1121//1121 1223//1223 1288//1288
f 1034//1034 1255//1255 77//77
f 675//675 1255//1255 676//676
f 306//306 1243//1243 672//672
f 1243//1243 306//306 308//308
f 1370//1370 307//307 1368//1368
f 511//511 1180//1180 368//368
f 676//676 1255//1255 520//520
f 1970//1970 1260//1260 831//831
f 381//381 1295//1295 382//382
f 1179//1179 677//677 2696//2696
f 143//143 144//144 163//163
f 1514//1514 254//254 152//152
f 128//128 196//196 138//138
f 1351//1351 1371//1371 665//665
f 310//310 869//869 296//296
f 310//310 2695//2695 1379//1379
f 959//959 1153//1153 1110//1110
f 837//837 851//851 855//855
f 864//864 855//855 851//851
f 1371//1371 1351//1351 61//61
f 130//130 1439//1439 143//143
f 138//138 146//146 132//132
f 253//253 158//158 151//151
f 2554//2554 154//154 891//891
f 1162//1162 130//130 143//143
f 146//146 514//514 2696//2696
f 514//514 146//146 147//147
f 878//878 1302//1302 1329//1329
f 148//148 197//197 263//263
f 163//163 144//144 251//251
f 1110//1110 1153//1153 845//845
f 1110//1110 1094//1094 1218//1218
f 1182//1182 1094//1094 1108//1108
f 980//980 909//909 910//910
f 58//58 1317//1317 1126//1126
f 980//980 1115//1115 982//982
f 997//997 884//884 1261//1261
f 203//203 1151//1151 1193//1193
f 1151//1151 203//203 204//204
f 74//74 203//203 1193//1193
f 1265//1265 1222//1222 1173//1173
f 1052//1052 1142//1142 1053//1053
f 954//954 52//52 1221//1221
f 52//52 1161//1161 261//261
f 87//87 1299//1299 1161//1161
f 261//261 1161//1161 1301//1301
f 1123//1123 854//854 1826//1826
f 303//303 877//877 876//876
f 2552//2552 1079//1079 911//911
f 1288//1288 54//54 1121//1121
f 1327//1327 1255//1255 866//866
f 1350//1350 876//876 1057//1057
f 1360//1360 1324//1324 1080//1080
f 668//668 873//873 835//835
f 1269//1269 1824//1824 1064//1064
f 1353//1353 835//835 1268//1268
f 1009//1009 290//290 1178//1178
f 61//61 62//62 1379//1379
f 2568//2568 853//853 15//15
f 151//151 150//150 252//252
f 22//22 853//853 2568//2568
f 1288//1288 1275//1275 1171//1171
f 1055//1055 1217//1217 1370//1370
f 153//153 155//155 156//156
f 157//157 156//156 158//158
f 2578//2578 139//139 200//200
f 140//140 139//139 163//163
f 1074//1074 164//164 167//167
f 1018//1018 660//660 661//661
f 1217//1217 1034//1034 2550//2550
f 660//660 1018//1018 1443//1443
f 2550//2550 1034//1034 76//76
f 1065//1065 1064//1064 1080//1080
f 525//525 15//15 2781//2781
f 1055//1055 767//767 1122//1122
f 1122//1122 1255//1255 1034//1034
f 877//877 1018//1018 661//661
f 303//303 1266//1266 877//877
f 1353//1353 1373//1373 835//835
f 522//522 520//520 1122//1122
f 1353//1353 1250//1250 1170//1170
f 860//860 1192//1192 13//13
f 1369//1369 675//675 767//767
f 86//86 85//85 844//844
f 676//676 520//520 522//522
f 1082//1082 1304//1304 1298//1298
f 1170//1170 1250//1250 1841//1841
f 1192//1192 853//853 16//16
f 1163//1163 1176//1176 1177//1177
f 19//19 73//73 12//12
f 72//72 2781//2781 860//860
f 86//86 98//98 89//89
f 167//167 2559//2559 1074//1074
f 164//164 1074//1074 165//165
f 837//837 1260//1260 1245//1245
f 1353//1353 1268//1268 1250//1250
f 847//847 1299//1299 1300//1300
f 1284//1284 2568//2568 15//15
f 923//923 898//898 1003//1003
f 1002//1002 923//923 1003//1003
f 834//834 22//22 2568//2568
f 48//48 847//847 1290//1290
f 48//48 1290//1290 1314//1314
f 1355//1355 3//3 357//357
f 3//3 360//360 357//357
f 518//518 166//166 375//375
f 834//834 2568//2568 1223//1223
f 360//360 1010//1010 1372//1372
f 360//360 1372//1372 294//294
f 1372//1372 359//359 294//294
f 23//23 1039//1039 24//24
f 2572//2572 362//362 65//65
f 23//23 34//34 36//36
f 2572//2572 1242//1242 1649//1649
f 1124//1124 1242//1242 295//295
f 41//41 47//47 39//39
f 41//41 40//40 47//47
f 296//296 1177//1177 1263//1263
f 1374//1374 1258//1258 1263//1263
f 1263//1263 2695//2695 310//310
f 363//363 366//366 510//510
f 233//233 1251//1251 169//169
f 1251//1251 1073//1073 515//515
f 37//37 49//49 45//45
f 1171//1171 54//54 1288//1288
f 1070//1070 1824//1824 1269//1269
f 48//48 1314//1314 46//46
f 903//903 827//827 904//904
f 930//930 962//962 917//917
f 841//841 766//766 955//955
f 891//891 154//154 931//931
f 515//515 510//510 1251//1251
f 834//834 91//91 19//19
f 75//75 833//833 828//828
f 828//828 53//53 78//78
f 2570//2570 1055//1055 1370//1370
f 1278//1278 1228//1228 1230//1230
f 377//377 384//384 670//670
f 102//102 56//56 210//210
f 60//60 1029//1029 63//63
f 1192//1192 16//16 18//18
f 674//674 671//671 308//308
f 1177//1177 1176//1176 1165//1165
f 10//10 60//60 95//95
f 1228//1228 1278//1278 95//95
f 1262//1262 1261//1261 1186//1186
f 52//52 954//954 50//50
f 671//671 670//670 672//672
f 305//305 308//308 306//306
f 305//305 674//674 308//308
f 1176//1176 1163//1163 108//108
f 302//302 524//524 1176//1176
f 114//114 1024//1024 115//115
f 305//305 1367//1367 674//674
f 1361//1361 2570//2570 1368//1368
f 2695//2695 1258//1258 1355//1355
f 202//202 114//114 1117//1117
f 1358//1358 1327//1327 1326//1326
f 1370//1370 1368//1368 2570//2570
f 1272//1272 1378//1378 311//311
f 1009//1009 1166//1166 290//290
f 1352//1352 1363//1363 1362//1362
f 1009//1009 1164//1164 1166//1166
f 1356//1356 1327//1327 1358//1358
f 866//866 1369//1369 1357//1357
f 847//847 1301//1301 1299//1299
f 1334//1334 1280//1280 2567//2567
f 2567//2567 1280//1280 2224//2224
f 1151//1151 204//204 837//837
f 1365//1365 668//668 1373//1373
f 1188//1188 1146//1146 1191//1191
f 1316//1316 838//838 1279//1279
f 358//358 2571//2571 311//311
f 2569//2569 358//358 311//311
f 1082//1082 194//194 1845//1845
f 1374//1374 1364//1364 226//226
f 844//844 2553//2553 72//72
f 211//211 297//297 209//209
f 35//35 78//78 768//768
f 261//261 1301//1301 1283//1283
f 266//266 2561//2561 666//666
f 2561//2561 57//57 666//666
f 211//211 4//4 297//297
f 226//226 228//228 227//227
f 1296//1296 1320//1320 1315//1315
f 2569//2569 294//294 359//359
f 875//875 1330//1330 1332//1332
f 875//875 1332//1332 849//849
f 228//228 1363//1363 227//227
f 209//209 1324//1324 1372//1372
f 1330//1330 1346//1346 1332//1332
f 1208//1208 1346//1346 1207//1207
f 1346//1346 1208//1208 1306//1306
f 1124//1124 295//295 361//361
f 111//111 1306//1306 112//112
f 1347//1347 1291//1291 883//883
f 1308//1308 1349//1349 1321//1321
f 2691//2691 519//519 1206//1206
f 1207//1207 1253//1253 1208//1208
f 2692//2692 1347//1347 1253//1253
f 1316//1316 1337//1337 852//852
f 1279//1279 1337//1337 1316//1316
f 1337//1337 1143//1143 2692//2692
f 519//519 1325//1325 1310//1310
f 227//227 1363//1363 1375//1375
f 101//101 102//102 266//266
f 101//101 96//96 102//102
f 828//828 832//832 53//53
f 120//120 53//53 832//832
f 2557//2557 101//101 229//229
f 1337//1337 1279//1279 1143//1143
f 73//73 35//35 72//72
f 1257//1257 1381//1381 385//385
f 515//515 363//363 510//510
f 173//173 518//518 385//385
f 173//173 385//385 1381//1381
f 171//171 2435//2435 170//170
f 170//170 433//433 2413//2413
f 366//366 168//168 383//383
f 761//761 2413//2413 433//433
f 1289//1289 173//173 181//181
f 166//166 167//167 375//375
f 761//761 386//386 2413//2413
f 761//761 984//984 2559//2559
f 666//666 1407//1407 266//266
f 172//172 171//171 2414//2414
f 1407//1407 1396//1396 266//266
f 1376//1376 1365//1365 226//226
f 139//139 140//140 132//132
f 149//149 148//148 147//147
f 195//195 190//190 502//502
f 510//510 169//169 1251//1251
f 195//195 516//516 258//258
f 198//198 200//200 133//133
f 381//381 763//763 765//765
f 58//58 1305//1305 1302//1302
f 50//50 113//113 1292//1292
f 1377//1377 863//863 665//665
f 2569//2569 61//61 357//357
f 3//3 1355//1355 297//297
f 358//358 362//362 2571//2571
f 2275//2275 312//312 1380//1380
f 1365//1365 236//236 304//304
f 2412//2412 992//992 109//109
f 109//109 210//210 55//55
f 210//210 109//109 989//989
f 670//670 1273//1273 377//377
f 1274//1274 296//296 869//869
f 367//367 236//236 2574//2574
f 835//835 1373//1373 668//668
f 42//42 45//45 79//79
f 2558//2558 1121//1121 1244//1244
f 2558//2558 1244//1244 674//674
f 857//857 1370//1370 1217//1217
f 21//21 1206//1206 1310//1310
f 1382//1382 1226//1226 1225//1225
f 1168//1168 1383//1383 1277//1277
f 1746//1746 384//384 367//367
f 670//670 384//384 669//669
f 669//669 384//384 1627//1627
f 1167//1167 1383//1383 1168//1168
f 1383//1383 1167//1167 1277//1277
f 1367//1367 307//307 309//309
f 670//670 669//669 305//305
f 309//309 307//307 1370//1370
f 309//309 674//674 1367//1367
f 1379//1379 357//357 61//61
f 2401//2401 2571//2571 312//312
f 852//852 1320//1320 1082//1082
f 201//201 297//297 1355//1355
f 65//65 1360//1360 361//361
f 1329//1329 1054//1054 1287//1287
f 194//194 1320//1320 1294//1294
f 2275//2275 2401//2401 312//312
f 1380//1380 312//312 362//362
f 1380//1380 362//362 2572//2572
f 1330//1330 1207//1207 1346//1346
f 359//359 358//358 2569//2569
f 885//885 846//846 2562//2562
f 1266//1266 1373//1373 1353//1353
f 65//65 358//358 359//359
f 3//3 209//209 1010//1010
f 294//294 2569//2569 357//357
f 846//846 885//885 1349//1349
f 1349//1349 1325//1325 846//846
f 846//846 1341//1341 2562//2562
f 1090//1090 1336//1336 1081//1081
f 1291//1291 2573//2573 21//21
f 836//836 846//846 1325//1325
f 1205//1205 1209//1209 871//871
f 871//871 1209//1209 836//836
f 757//757 858//858 1334//1334
f 1352//1352 1362//1362 1354//1354
f 1059//1059 87//87 1001//1001
f 87//87 1335//1335 1001//1001
f 113//113 1335//1335 1292//1292
f 36//36 1283//1283 38//38
f 1335//1335 87//87 1292//1292
f 1373//1373 1266//1266 303//303
f 1374//1374 1263//1263 1364//1364
f 1365//1365 1376//1376 236//236
f 1286//1286 1287//1287 1078//1078
f 1293//1293 1287//1287 1286//1286
f 1375//1375 1363//1363 1352//1352
f 1338//1338 1287//1287 1054//1054
f 1059//1059 1338//1338 1054//1054
f 1054//1054 1300//1300 1059//1059
f 367//367 304//304 236//236
f 2575//2575 1739//1739 1407//1407
f 1303//1303 238//238 1157//1157
f 1745//1745 1064//1064 1824//1824
f 1064//1064 911//911 1080//1080
f 209//209 297//297 1350//1350
f 1443//1443 1353//1353 1170//1170
f 835//835 873//873 1268//1268
f 1365//1365 1373//1373 303//303
f 377//377 873//873 668//668
f 377//377 367//367 384//384
f 878//878 1330//1330 875//875
f 896//896 873//873 1273//1273
f 362//362 358//358 65//65
f 874//874 1273//1273 670//670
f 674//674 857//857 2558//2558
f 857//857 674//674 309//309
f 873//873 896//896 1268//1268
f 874//874 896//896 1273//1273
f 896//896 874//874 54//54
f 1244//1244 671//671 674//674
f 2694//2694 1360//1360 1080//1080
f 833//833 77//77 831//831
f 1350//1350 1057//1057 1065//1065
f 75//75 76//76 833//833
f 1080//1080 1324//1324 1350//1350
f 833//833 831//831 1260//1260
f 1317//1317 875//875 849//849
f 194//194 1286//1286 1331//1331
f 58//58 1302//1302 878//878
f 1317//1317 849//849 1126//1126
f 1082//1082 1298//1298 852//852
f 1321//1321 883//883 1308//1308
f 1306//1306 1321//1321 112//112
f 1306//1306 883//883 1321//1321
f 1349//1349 1308//1308 1310//1310
f 885//885 1140//1140 1321//1321
f 856//856 849//849 111//111
f 305//305 669//669 1367//1367
f 670//670 306//306 672//672
f 509//509 169//169 510//510
f 989//989 992//992 1785//1785
f 178//178 101//101 1396//1396
f 101//101 2557//2557 96//96
f 1367//1367 1832//1832 307//307
f 193//193 859//859 355//355
f 373//373 385//385 518//518
f 174//174 172//172 517//517
f 1269//1269 1064//1064 1065//1065
f 77//77 833//833 76//76
f 96//96 107//107 56//56
f 1717//1717 1070//1070 660//660
f 1269//1269 660//660 1070//1070
f 169//169 1257//1257 233//233
f 668//668 304//304 377//377
f 1272//1272 311//311 2571//2571
f 1325//1325 519//519 858//858
f 1269//1269 661//661 660//660
f 92//92 1088//1088 1186//1186
f 1057//1057 877//877 661//661
f 1088//1088 1262//1262 1186//1186
f 1313//1313 1225//1225 1158//1158
f 1187//1187 1333//1333 1159//1159
f 1151//1151 837//837 855//855
f 203//203 74//74 120//120
f 75//75 91//91 834//834
f 1151//1151 1235//1235 1193//1193
f 1262//1262 354//354 1105//1105
f 1257//1257 169//169 1381//1381
f 72//72 860//860 73//73
f 1260//1260 837//837 204//204
f 1188//1188 1191//1191 1235//1235
f 863//863 1377//1377 859//859
f 354//354 1088//1088 1191//1191
f 193//193 355//355 107//107
f 1334//1334 858//858 519//519
f 1104//1104 1105//1105 354//354
f 994//994 1188//1188 1246//1246
f 1235//1235 1246//1246 1188//1188
f 1333//1333 1187//1187 1312//1312
f 116//116 1159//1159 1333//1333
f 1824//1824 1070//1070 1414//1414
f 354//354 1262//1262 1088//1088
f 1184//1184 1189//1189 1190//1190
f 1262//1262 997//997 1261//1261
f 1193//1193 1191//1191 1088//1088
f 1386//1386 1385//1385 1613//1613
f 2223//2223 1387//1387 1384//1384
f 1387//1387 2223//2223 1388//1388
f 1387//1387 1385//1385 1386//1386
f 1384//1384 1387//1387 1386//1386
f 1391//1391 1394//1394 1390//1390
f 1391//1391 2481//2481 1394//1394
f 1406//1406 1395//1395 1437//1437
f 1409//1409 1395//1395 1613//1613
f 1399//1399 1506//1506 1398//1398
f 1402//1402 1403//1403 1471//1471
f 1405//1405 1470//1470 1404//1404
f 1981//1981 1741//1741 1414//1414
f 2577//2577 1413//1413 1411//1411
f 1427//1427 372//372 1144//1144
f 1423//1423 1780//1780 1421//1421
f 1430//1430 380//380 1423//1423
f 1423//1423 1421//1421 1429//1429
f 1428//1428 1429//1429 1431//1431
f 1428//1428 368//368 1429//1429
f 1432//1432 368//368 1428//1428
f 2578//2578 1433//1433 130//130
f 1420//1420 1436//1436 1437//1437
f 1298//1298 1798//1798 1985//1985
f 1433//1433 1437//1437 1436//1436
f 145//145 1439//1439 1440//1440
f 1436//1436 1426//1426 130//130
f 1439//1439 1426//1426 1440//1440
f 1426//1426 1439//1439 130//130
f 1692//1692 1826//1826 854//854
f 1444//1444 2449//2449 1441//1441
f 1424//1424 1464//1464 1442//1442
f 1476//1476 1450//1450 1451//1451
f 2703//2703 2309//2309 1454//1454
f 1691//1691 1690//1690 1485//1485
f 1485//1485 1690//1690 1452//1452
f 1887//1887 462//462 1458//1458
f 1403//1403 1402//1402 1461//1461
f 1444//1444 1464//1464 2579//2579
f 1472//1472 1440//1440 1426//1426
f 1473//1473 1475//1475 1474//1474
f 1424//1424 1442//1442 1478//1478
f 1415//1415 2576//2576 1390//1390
f 1451//1451 1480//1480 2445//2445
f 1480//1480 1451//1451 2256//2256
f 1390//1390 1394//1394 1415//1415
f 1483//1483 2445//2445 1484//1484
f 1483//1483 1484//1484 1482//1482
f 1442//1442 1464//1464 1668//1668
f 1668//1668 1490//1490 1469//1469
f 1490//1490 1509//1509 1469//1469
f 2430//2430 1734//1734 1035//1035
f 1591//1591 1492//1492 1662//1662
f 1704//1704 1435//1435 1767//1767
f 1726//1726 1727//1727 1344//1344
f 1717//1717 1494//1494 1981//1981
f 1463//1463 2445//2445 1480//1480
f 1570//1570 1572//1572 7//7
f 126//126 1498//1498 1499//1499
f 1514//1514 1419//1419 254//254
f 2579//2579 1464//1464 1424//1424
f 1516//1516 1684//1684 159//159
f 1441//1441 1517//1517 1465//1465
f 1522//1522 1520//1520 1521//1521
f 1632//1632 1465//1465 1523//1523
f 1531//1531 1525//1525 1526//1526
f 1526//1526 1525//1525 1529//1529
f 1542//1542 1525//1525 1531//1531
f 1644//1644 1525//1525 1524//1524
f 1631//1631 1529//1529 1532//1532
f 1000//1000 942//942 907//907
f 1491//1491 1438//1438 1520//1520
f 1510//1510 1511//1511 1518//1518
f 1512//1512 1491//1491 1519//1519
f 1519//1519 1518//1518 1512//1512
f 1417//1417 1008//1008 2580//2580
f 1652//1652 1521//1521 1520//1520
f 1547//1547 1558//1558 1725//1725
f 1443//1443 1170//1170 2001//2001
f 2166//2166 1549//1549 2023//2023
f 2583//2583 1534//1534 1552//1552
f 1526//1526 1535//1535 1543//1543
f 1530//1530 1546//1546 1528//1528
f 1566//1566 1563//1563 1565//1565
f 1239//1239 259//259 2282//2282
f 2279//2279 1679//1679 1568//1568
f 1679//1679 1550//1550 1568//1568
f 1071//1071 1568//1568 1550//1550
f 1572//1572 1570//1570 1571//1571
f 6//6 1574//1574 1570//1570
f 2593//2593 1581//1581 2005//2005
f 1479//1479 1483//1483 1482//1482
f 1422//1422 2000//2000 1496//1496
f 1866//1866 1575//1575 1452//1452
f 1575//1575 1506//1506 1485//1485
f 1392//1392 1697//1697 1680//1680
f 1717//1717 660//660 1972//1972
f 1473//1473 2441//2441 2446//2446
f 1579//1579 1581//1581 2593//2593
f 1505//1505 1587//1587 1584//1584
f 2250//2250 1595//1595 1664//1664
f 864//864 851//851 1664//1664
f 2589//2589 1596//1596 1597//1597
f 2584//2584 1601//1601 1547//1547
f 1541//1541 1577//1577 2114//2114
f 1602//1602 1594//1594 1604//1604
f 1586//1586 1590//1590 1584//1584
f 1609//1609 1616//1616 1608//1608
f 1384//1384 1431//1431 2223//2223
f 1617//1617 1497//1497 2448//2448
f 2453//2453 1619//1619 1617//1617
f 1622//1622 1580//1580 1621//1621
f 1617//1617 1619//1619 2581//2581
f 1620//1620 1412//1412 2481//2481
f 1412//1412 1623//1623 1411//1411
f 1624//1624 1401//1401 2462//2462
f 1749//1749 1625//1625 1416//1416
f 1749//1749 1416//1416 1628//1628
f 1505//1505 1588//1588 1587//1587
f 254//254 1419//1419 1478//1478
f 1667//1667 1632//1632 1641//1641
f 1525//1525 1644//1644 1529//1529
f 1839//1839 1637//1637 2001//2001
f 1641//1641 1632//1632 1634//1634
f 1751//1751 1642//1642 1486//1486
f 1467//1467 1502//1502 1690//1690
f 1625//1625 1467//1467 1416//1416
f 1554//1554 1486//1486 1642//1642
f 1432//1432 1428//1428 2582//2582
f 1389//1389 1687//1687 1709//1709
f 1652//1652 1732//1732 1638//1638
f 1654//1654 1780//1780 1653//1653
f 1577//1577 1582//1582 2114//2114
f 1613//1613 1657//1657 1391//1391
f 378//378 1432//1432 1498//1498
f 1498//1498 2582//2582 141//141
f 1390//1390 1420//1420 1391//1391
f 1700//1700 1839//1839 2001//2001
f 130//130 1433//1433 1436//1436
f 1406//1406 1428//1428 1431//1431
f 1432//1432 378//378 368//368
f 1498//1498 126//126 378//378
f 2582//2582 1406//1406 1437//1437
f 1433//1433 141//141 2582//2582
f 1444//1444 1466//1466 1464//1464
f 1465//1465 1488//1488 1466//1466
f 1672//1672 1640//1640 1673//1673
f 1639//1639 1673//1673 1640//1640
f 1815//1815 1676//1676 1677//1677
f 1679//1679 1678//1678 1567//1567
f 1554//1554 1485//1485 1506//1506
f 1683//1683 1685//1685 1540//1540
f 1682//1682 1684//1684 1500//1500
f 864//864 1685//1685 1109//1109
f 1626//1626 2449//2449 1444//1444
f 1763//1763 2449//2449 2452//2452
f 1693//1693 1691//1691 1647//1647
f 1668//1668 1488//1488 1696//1696
f 2410//2410 2408//2408 2402//2402
f 2408//2408 2410//2410 2412//2412
f 2401//2401 2275//2275 2029//2029
f 1516//1516 159//159 254//254
f 1638//1638 1635//1635 1513//1513
f 1703//1703 1702//1702 1475//1475
f 1705//1705 2008//2008 1492//1492
f 1692//1692 1706//1706 1990//1990
f 1630//1630 1701//1701 1393//1393
f 1194//1194 1133//1133 1777//1777
f 1375//1375 1593//1593 2574//2574
f 1629//1629 1630//1630 1393//1393
f 1685//1685 1688//1688 1600//1600
f 1713//1713 1711//1711 1712//1712
f 426//426 546//546 422//422
f 1519//1519 1716//1716 1468//1468
f 1990//1990 1991//1991 1692//1692
f 1509//1509 1510//1510 1500//1500
f 1500//1500 1518//1518 1468//1468
f 1721//1721 1719//1719 1720//1720
f 1718//1718 1532//1532 1633//1633
f 1632//1632 1667//1667 1465//1465
f 1667//1667 1723//1723 1488//1488
f 1641//1641 1644//1644 1667//1667
f 1489//1489 1723//1723 1524//1524
f 1667//1667 1644//1644 1524//1524
f 1634//1634 1633//1633 1641//1641
f 1529//1529 1527//1527 1526//1526
f 2259//2259 1724//1724 1707//1707
f 1524//1524 1542//1542 1489//1489
f 1718//1718 1530//1530 1631//1631
f 1641//1641 1532//1532 1644//1644
f 1530//1530 1528//1528 1631//1631
f 1528//1528 1529//1529 1631//1631
f 1600//1600 1109//1109 1685//1685
f 1555//1555 1725//1725 1530//1530
f 1643//1643 1555//1555 1718//1718
f 1729//1729 1527//1527 1528//1528
f 1528//1528 1527//1527 1529//1529
f 1526//1526 1527//1527 1535//1535
f 1730//1730 1535//1535 1527//1527
f 1681//1681 1542//1542 1507//1507
f 1733//1733 1513//1513 1533//1533
f 1489//1489 1511//1511 1696//1696
f 2583//2583 1535//1535 1534//1534
f 1491//1491 1512//1512 1636//1636
f 1491//1491 1636//1636 1438//1438
f 1212//1212 1008//1008 1783//1783
f 1638//1638 1732//1732 1635//1635
f 1735//1735 1733//1733 1734//1734
f 1783//1783 1521//1521 1652//1652
f 1393//1393 1704//1704 1629//1629
f 1738//1738 1628//1628 1750//1750
f 1493//1493 1539//1539 2444//2444
f 1553//1553 1552//1552 2451//2451
f 1996//1996 1820//1820 1755//1755
f 1391//1391 1409//1409 1613//1613
f 1648//1648 1539//1539 1493//1493
f 1392//1392 1813//1813 1697//1697
f 1757//1757 1957//1957 1992//1992
f 1658//1658 1995//1995 2011//2011
f 2123//2123 1748//1748 1505//1505
f 1664//1664 1595//1595 1540//1540
f 864//864 1664//1664 1540//1540
f 1609//1609 1607//1607 1744//1744
f 1618//1618 2453//2453 1617//1617
f 1753//1753 1798//1798 1792//1792
f 1554//1554 1672//1672 1647//1647
f 1639//1639 1647//1647 1672//1672
f 1628//1628 1416//1416 1750//1750
f 1672//1672 1642//1642 1640//1640
f 1642//1642 1672//1672 1554//1554
f 1673//1673 1639//1639 1672//1672
f 2450//2450 1640//1640 1642//1642
f 1640//1640 1643//1643 1639//1639
f 1555//1555 2450//2450 1751//1751
f 1427//1427 1665//1665 1754//1754
f 1650//1650 1555//1555 1751//1751
f 1404//1404 1398//1398 1956//1956
f 1718//1718 1555//1555 1530//1530
f 1456//1456 1404//1404 1756//1756
f 2450//2450 1555//1555 1643//1643
f 1456//1456 1703//1703 1455//1455
f 1759//1759 1471//1471 1403//1403
f 2445//2445 1758//1758 1451//1451
f 1547//1547 1760//1760 1558//1558
f 1761//1761 1601//1601 1752//1752
f 1752//1752 1601//1601 1650//1650
f 2584//2584 1555//1555 1650//1650
f 1760//1760 1547//1547 1601//1601
f 1508//1508 2453//2453 1618//1618
f 2449//2449 1763//1763 1749//1749
f 2453//2453 1762//1762 2452//2452
f 1626//1626 2452//2452 2449//2449
f 1690//1690 1416//1416 1467//1467
f 1465//1465 1517//1517 1523//1523
f 1722//1722 1694//1694 1720//1720
f 1722//1722 1634//1634 1694//1694
f 1693//1693 1416//1416 1690//1690
f 1750//1750 1416//1416 1693//1693
f 1691//1691 1554//1554 1647//1647
f 1634//1634 1632//1632 1694//1694
f 1689//1689 1749//1749 1628//1628
f 1689//1689 1628//1628 1517//1517
f 1719//1719 1722//1722 1720//1720
f 1719//1719 1721//1721 1764//1764
f 1719//1719 1738//1738 1639//1639
f 1719//1719 1764//1764 1738//1738
f 1628//1628 1765//1765 1523//1523
f 1722//1722 1633//1633 1634//1634
f 1694//1694 1523//1523 1765//1765
f 1765//1765 1721//1721 1694//1694
f 1632//1632 1523//1523 1694//1694
f 1721//1721 1765//1765 1764//1764
f 1694//1694 1721//1721 1720//1720
f 2585//2585 1761//1761 2454//2454
f 2454//2454 2723//2723 2376//2376
f 2582//2582 1498//1498 1432//1432
f 145//145 1440//1440 1514//1514
f 1766//1766 1666//1666 1178//1178
f 1531//1531 1731//1731 1507//1507
f 254//254 1515//1515 1516//1516
f 1532//1532 1718//1718 1631//1631
f 1644//1644 1532//1532 1529//1529
f 1542//1542 1531//1531 1507//1507
f 1543//1543 1731//1731 1531//1531
f 1524//1524 1723//1723 1667//1667
f 1772//1772 1771//1771 2028//2028
f 1538//1538 1507//1507 1731//1731
f 1731//1731 1543//1543 1537//1537
f 1543//1543 1535//1535 1537//1537
f 1533//1533 1513//1513 1537//1537
f 1396//1396 1779//1779 68//68
f 1997//1997 1998//1998 1494//1494
f 234//234 1778//1778 1400//1400
f 1771//1771 1770//1770 2028//2028
f 1652//1652 1782//1782 810//810
f 1521//1521 1783//1783 1417//1417
f 1652//1652 810//810 1783//1783
f 2261//2261 1816//1816 1495//1495
f 1759//1759 1455//1455 1471//1471
f 2457//2457 1790//1790 1789//1789
f 1546//1546 1725//1725 1558//1558
f 1791//1791 1730//1730 1729//1729
f 1556//1556 2535//2535 1557//1557
f 1742//1742 1534//1534 1730//1730
f 1491//1491 1520//1520 1522//1522
f 1715//1715 1536//1536 1740//1740
f 1714//1714 2451//2451 1556//1556
f 30//30 1727//1727 1544//1544
f 1245//1245 1664//1664 851//851
f 1506//1506 1399//1399 1554//1554
f 1625//1625 1762//1762 1467//1467
f 1763//1763 1762//1762 1625//1625
f 1763//1763 1625//1625 1749//1749
f 2449//2449 1749//1749 1689//1689
f 1524//1524 1525//1525 1542//1542
f 1438//1438 1681//1681 1732//1732
f 1635//1635 1732//1732 1681//1681
f 1635//1635 1681//1681 1507//1507
f 1635//1635 1507//1507 1538//1538
f 1732//1732 1652//1652 1520//1520
f 1587//1587 1589//1589 1586//1586
f 1589//1589 1786//1786 1586//1586
f 2289//2289 1794//1794 1551//1551
f 2302//2302 1712//1712 1795//1795
f 1713//1713 1712//1712 2302//2302
f 1796//1796 2282//2282 1711//1711
f 2282//2282 1550//1550 1711//1711
f 1711//1711 1550//1550 1712//1712
f 1712//1712 1550//1550 1795//1795
f 2292//2292 1828//1828 1549//1549
f 1797//1797 1799//1799 1801//1801
f 1638//1638 1513//1513 1733//1733
f 1799//1799 1984//1984 2141//2141
f 1809//1809 1808//1808 2288//2288
f 1740//1740 1734//1734 1733//1733
f 1682//1682 1468//1468 2580//2580
f 2443//2443 1729//1729 1546//1546
f 1730//1730 1791//1791 1742//1742
f 1527//1527 1729//1729 1730//1730
f 1729//1729 2443//2443 1791//1791
f 1791//1791 1743//1743 1742//1742
f 2442//2442 2459//2459 2460//2460
f 1798//1798 1753//1753 1853//1853
f 2253//2253 1487//1487 1816//1816
f 1713//1713 1796//1796 1711//1711
f 2282//2282 1796//1796 1548//1548
f 316//316 1817//1817 680//680
f 1818//1818 1817//1817 1572//1572
f 1571//1571 1570//1570 1819//1819
f 1570//1570 1574//1574 1819//1819
f 1452//1452 1575//1575 1485//1485
f 1956//1956 1756//1756 1404//1404
f 1951//1951 1479//1479 1482//1482
f 1714//1714 1715//1715 1733//1733
f 1714//1714 1553//1553 2451//2451
f 1733//1733 1715//1715 1740//1740
f 1734//1734 1740//1740 1035//1035
f 1734//1734 2430//2430 2586//2586
f 2461//2461 1035//1035 1740//1740
f 1647//1647 1639//1639 1750//1750
f 1504//1504 1834//1834 1494//1494
f 1751//1751 1486//1486 1822//1822
f 1848//1848 1397//1397 1592//1592
f 1813//1813 1501//1501 1627//1627
f 1652//1652 1638//1638 1782//1782
f 1638//1638 1735//1735 1782//1782
f 1972//1972 660//660 2012//2012
f 1733//1733 1735//1735 1638//1638
f 1972//1972 2012//2012 1957//1957
f 2443//2443 1812//1812 1791//1791
f 1755//1755 2543//2543 1996//1996
f 1536//1536 1556//1556 1557//1557
f 1556//1556 1715//1715 1714//1714
f 1536//1536 1715//1715 1556//1556
f 669//669 1993//1993 1367//1367
f 1993//1993 669//669 1627//1627
f 1973//1973 100//100 2285//2285
f 1755//1755 1820//1820 113//113
f 1727//1727 1645//1645 1544//1544
f 1591//1591 1645//1645 1646//1646
f 1812//1812 1743//1743 1791//1791
f 1557//1557 2368//2368 2461//2461
f 1830//1830 1986//1986 2322//2322
f 1779//1779 1407//1407 1739//1739
f 29//29 1344//1344 1727//1727
f 1567//1567 1815//1815 1677//1677
f 1591//1591 1592//1592 1397//1397
f 1493//1493 2444//2444 1646//1646
f 1701//1701 1630//1630 1838//1838
f 1591//1591 1397//1397 1645//1645
f 1435//1435 1704//1704 1656//1656
f 2295//2295 1806//1806 1815//1815
f 1425//1425 1842//1842 1843//1843
f 1833//1833 2782//2782 2565//2565
f 1864//1864 1680//1680 1697//1697
f 1820//1820 1843//1843 1827//1827
f 1849//1849 2002//2002 1562//1562
f 2576//2576 1418//1418 1472//1472
f 2008//2008 1705//1705 1850//1850
f 1850//1850 1705//1705 1561//1561
f 1852//1852 1882//1882 1902//1902
f 1702//1702 1916//1916 1917//1917
f 1889//1889 1860//1860 1855//1855
f 1862//1862 1863//1863 1962//1962
f 1882//1882 1852//1852 1867//1867
f 1867//1867 1855//1855 1882//1882
f 738//738 739//739 1872//1872
f 2589//2589 1597//1597 1683//1683
f 1870//1870 1924//1924 1873//1873
f 2549//2549 1861//1861 1874//1874
f 2587//2587 1875//1875 1868//1868
f 1871//1871 1877//1877 1943//1943
f 1850//1850 1561//1561 1854//1854
f 1458//1458 776//776 2699//2699
f 1869//1869 1878//1878 1861//1861
f 1880//1880 1881//1881 1931//1931
f 1887//1887 1880//1880 2310//2310
f 738//738 1888//1888 737//737
f 1892//1892 1891//1891 1890//1890
f 1869//1869 2437//2437 1241//1241
f 2588//2588 1889//1889 1867//1867
f 1916//1916 1909//1909 1914//1914
f 1877//1877 1852//1852 1911//1911
f 316//316 1884//1884 1817//1817
f 8//8 695//695 694//694
f 1852//1852 1877//1877 1871//1871
f 1927//1927 1898//1898 1899//1899
f 1899//1899 1898//1898 1900//1900
f 2588//2588 736//736 1889//1889
f 2588//2588 617//617 736//736
f 2588//2588 1962//1962 617//617
f 1871//1871 1962//1962 2588//2588
f 1891//1891 1868//1868 1875//1875
f 2464//2464 1474//1474 2465//2465
f 1859//1859 1895//1895 1901//1901
f 1962//1962 1871//1871 1943//1943
f 1702//1702 1917//1917 1903//1903
f 1906//1906 1775//1775 1768//1768
f 1931//1931 1910//1910 1880//1880
f 1881//1881 1879//1879 1897//1897
f 1924//1924 1911//1911 1873//1873
f 1912//1912 1885//1885 1463//1463
f 1855//1855 1893//1893 1882//1882
f 1893//1893 2587//2587 1868//1868
f 1860//1860 1869//1869 1893//1893
f 1893//1893 1855//1855 1860//1860
f 1915//1915 1913//1913 1914//1914
f 1902//1902 1917//1917 1913//1913
f 1923//1923 1852//1852 1902//1902
f 1891//1891 1875//1875 1922//1922
f 1913//1913 1915//1915 1923//1923
f 1890//1890 1922//1922 1903//1903
f 2685//2685 223//223 2546//2546
f 1861//1861 2437//2437 1869//1869
f 1860//1860 1889//1889 1878//1878
f 223//223 2549//2549 1874//1874
f 1878//1878 1874//1874 1861//1861
f 2549//2549 217//217 1861//1861
f 2685//2685 217//217 2549//2549
f 223//223 1874//1874 284//284
f 1878//1878 1896//1896 1874//1874
f 2699//2699 1925//1925 1879//1879
f 1921//1921 1876//1876 1946//1946
f 1876//1876 1921//1921 1925//1925
f 1924//1924 1870//1870 1926//1926
f 1960//1960 1888//1888 1947//1947
f 1778//1778 1254//1254 1968//1968
f 1910//1910 2310//2310 1880//1880
f 1881//1881 1880//1880 1458//1458
f 1935//1935 1881//1881 1930//1930
f 1912//1912 1463//1463 1910//1910
f 1934//1934 1932//1932 1933//1933
f 1936//1936 1935//1935 1930//1930
f 1686//1686 1739//1739 2575//2575
f 1909//1909 1937//1937 1964//1964
f 1933//1933 1886//1886 1484//1484
f 1911//1911 1915//1915 1873//1873
f 1901//1901 1895//1895 1920//1920
f 1870//1870 1939//1939 1945//1945
f 1932//1932 1886//1886 1933//1933
f 1897//1897 1921//1921 1918//1918
f 1901//1901 1920//1920 1857//1857
f 1900//1900 1944//1944 1943//1943
f 1934//1934 1940//1940 1932//1932
f 1942//1942 1958//1958 1945//1945
f 1926//1926 1870//1870 1856//1856
f 1903//1903 1917//1917 1890//1890
f 2465//2465 1903//1903 1922//1922
f 1902//1902 1890//1890 1917//1917
f 1802//1802 1832//1832 1846//1846
f 1746//1746 2574//2574 1698//1698
f 1585//1585 376//376 1971//1971
f 1702//1702 1903//1903 1475//1475
f 1903//1903 2465//2465 1475//1475
f 1922//1922 1890//1890 1891//1891
f 1869//1869 1860//1860 1878//1878
f 1889//1889 1896//1896 1878//1878
f 736//736 1896//1896 1889//1889
f 1874//1874 1896//1896 284//284
f 618//618 284//284 1896//1896
f 710//710 1876//1876 1925//1925
f 1904//1904 1944//1944 1928//1928
f 1872//1872 1904//1904 1928//1928
f 1872//1872 739//739 1904//1904
f 1962//1962 1943//1943 1862//1862
f 1928//1928 1927//1927 1888//1888
f 799//799 690//690 1963//1963
f 1894//1894 1924//1924 1926//1926
f 1474//1474 1475//1475 2465//2465
f 1935//1935 1931//1931 1881//1881
f 1912//1912 1931//1931 1936//1936
f 1931//1931 1935//1935 1936//1936
f 1930//1930 1881//1881 1897//1897
f 1964//1964 1937//1937 1950//1950
f 1746//1746 1698//1698 1813//1813
f 1929//1929 1918//1918 1947//1947
f 1939//1939 1952//1952 1945//1945
f 1916//1916 1914//1914 1913//1913
f 1914//1914 1954//1954 1953//1953
f 1950//1950 1937//1937 1955//1955
f 1934//1934 1933//1933 1930//1930
f 1930//1930 1933//1933 1936//1936
f 1857//1857 1958//1958 1901//1901
f 1934//1934 1897//1897 1918//1918
f 1930//1930 1897//1897 1934//1934
f 1894//1894 1926//1926 1857//1857
f 1858//1858 1941//1941 1859//1859
f 737//737 1959//1959 820//820
f 1918//1918 1919//1919 1947//1947
f 1915//1915 1953//1953 1873//1873
f 1858//1858 1859//1859 1958//1958
f 1958//1958 1859//1859 1901//1901
f 1952//1952 1954//1954 1945//1945
f 1926//1926 1856//1856 1857//1857
f 1943//1943 1961//1961 1900//1900
f 1928//1928 1888//1888 1872//1872
f 1862//1862 614//614 1863//1863
f 1927//1927 1928//1928 1898//1898
f 1877//1877 1924//1924 1943//1943
f 1943//1943 1924//1924 1961//1961
f 1911//1911 1924//1924 1877//1877
f 1927//1927 1899//1899 1894//1894
f 1900//1900 1961//1961 1899//1899
f 1961//1961 1924//1924 1899//1899
f 1899//1899 1924//1924 1894//1894
f 1916//1916 1756//1756 1938//1938
f 1955//1955 1909//1909 1938//1938
f 1911//1911 1923//1923 1915//1915
f 2410//2410 1836//1836 1785//1785
f 1863//1863 790//790 617//617
f 1863//1863 614//614 790//790
f 1919//1919 1921//1921 1946//1946
f 1872//1872 1888//1888 738//738
f 1960//1960 1947//1947 1919//1919
f 1963//1963 1960//1960 1919//1919
f 1938//1938 1756//1756 1956//1956
f 1481//1481 1964//1964 1950//1950
f 1885//1885 1933//1933 1484//1484
f 1481//1481 1950//1950 1866//1866
f 1950//1950 1938//1938 1866//1866
f 1938//1938 1956//1956 1866//1866
f 1909//1909 1964//1964 1942//1942
f 1929//1929 1940//1940 1918//1918
f 1954//1954 1942//1942 1945//1945
f 1916//1916 1938//1938 1909//1909
f 1958//1958 1942//1942 1482//1482
f 1482//1482 1858//1858 1958//1958
f 1936//1936 1933//1933 1885//1885
f 1936//1936 1885//1885 1912//1912
f 141//141 1499//1499 1498//1498
f 1934//1934 1918//1918 1940//1940
f 1482//1482 1886//1886 1858//1858
f 1484//1484 1886//1886 1482//1482
f 1886//1886 1941//1941 1858//1858
f 1859//1859 1941//1941 1929//1929
f 1857//1857 1870//1870 1958//1958
f 1873//1873 1939//1939 1870//1870
f 1953//1953 1939//1939 1873//1873
f 1870//1870 1857//1857 1856//1856
f 1953//1953 1954//1954 1952//1952
f 1953//1953 1952//1952 1939//1939
f 1870//1870 1945//1945 1958//1958
f 1943//1943 1944//1944 1862//1862
f 1898//1898 1944//1944 1900//1900
f 1928//1928 1944//1944 1898//1898
f 1927//1927 1929//1929 1947//1947
f 1947//1947 1888//1888 1927//1927
f 1955//1955 1937//1937 1909//1909
f 713//713 799//799 1876//1876
f 1862//1862 739//739 614//614
f 1862//1862 1904//1904 739//739
f 1904//1904 1862//1862 1944//1944
f 1963//1963 1965//1965 1960//1960
f 1717//1717 1981//1981 1414//1414
f 737//737 1888//1888 1960//1960
f 1963//1963 690//690 1965//1965
f 820//820 1959//1959 596//596
f 1965//1965 1959//1959 1960//1960
f 1960//1960 1959//1959 737//737
f 1959//1959 1965//1965 596//596
f 1964//1964 1951//1951 1942//1942
f 1950//1950 1955//1955 1938//1938
f 1996//1996 1834//1834 1736//1736
f 2543//2543 1755//1755 2560//2560
f 1909//1909 1954//1954 1914//1914
f 1940//1940 1941//1941 1932//1932
f 1932//1932 1941//1941 1886//1886
f 1756//1756 1916//1916 1702//1702
f 1998//1998 1779//1779 1739//1739
f 1687//1687 1410//1410 1686//1686
f 1865//1865 1907//1907 1905//1905
f 1603//1603 1599//1599 1905//1905
f 1389//1389 1709//1709 2552//2552
f 1725//1725 1546//1546 1530//1530
f 1643//1643 1722//1722 1719//1719
f 1643//1643 1719//1719 1639//1639
f 1628//1628 1523//1523 1517//1517
f 1968//1968 1905//1905 1907//1907
f 1908//1908 1967//1967 2011//2011
f 1587//1587 1586//1586 1584//1584
f 1769//1769 300//300 301//301
f 1976//1976 1974//1974 1975//1975
f 1977//1977 1975//1975 1778//1778
f 1971//1971 376//376 1400//1400
f 1585//1585 2004//2004 376//376
f 1585//1585 1971//1971 1908//1908
f 1127//1127 1600//1600 1688//1688
f 1728//1728 1727//1727 1726//1726
f 1492//1492 1591//1591 1646//1646
f 1441//1441 1465//1465 1466//1466
f 1656//1656 2006//2006 1435//1435
f 1908//1908 1971//1971 1978//1978
f 1728//1728 1645//1645 1727//1727
f 2301//2301 1982//1982 1983//1983
f 1675//1675 2065//2065 2085//2085
f 1410//1410 1741//1741 1998//1998
f 1837//1837 1767//1767 1435//1435
f 1853//1853 1986//1986 1661//1661
f 1661//1661 1987//1987 1660//1660
f 1986//1986 1987//1987 1661//1661
f 1989//1989 1991//1991 1990//1990
f 2402//2402 2408//2408 2017//2017
f 1489//1489 1636//1636 1511//1511
f 1468//1468 1682//1682 1500//1500
f 1393//1393 1656//1656 1704//1704
f 1840//1840 1988//1988 1659//1659
f 1637//1637 1839//1839 1838//1838
f 1629//1629 1637//1637 1630//1630
f 1990//1990 1706//1706 1989//1989
f 1774//1774 1803//1803 1784//1784
f 1803//1803 1774//1774 1835//1835
f 1835//1835 1692//1692 1709//1709
f 1741//1741 1981//1981 1998//1998
f 7//7 1572//1572 1884//1884
f 2589//2589 1683//1683 1540//1540
f 8//8 1884//1884 695//695
f 2444//2444 1492//1492 1646//1646
f 1627//1627 384//384 1746//1746
f 1884//1884 1572//1572 1817//1817
f 1993//1993 1832//1832 1367//1367
f 1752//1752 1650//1650 1822//1822
f 1752//1752 2277//2277 1761//1761
f 1832//1832 1851//1851 307//307
f 1832//1832 1802//1802 1851//1851
f 1009//1009 1666//1666 1352//1352
f 1833//1833 2565//2565 2226//2226
f 2123//2123 1505//1505 1995//1995
f 1493//1493 1646//1646 1728//1728
f 1834//1834 1996//1996 1823//1823
f 1779//1779 1396//1396 1407//1407
f 1446//1446 2000//2000 1999//1999
f 1842//1842 2018//2018 1331//1331
f 1425//1425 1747//1747 1844//1844
f 1434//1434 1767//1767 1837//1837
f 1646//1646 1645//1645 1728//1728
f 1747//1747 1992//1992 1704//1704
f 1316//1316 852//852 1298//1298
f 1949//1949 2214//2214 1307//1307
f 1747//1747 1767//1767 2014//2014
f 1792//1792 2014//2014 1753//1753
f 1316//1316 1298//1298 1985//1985
f 2322//2322 2782//2782 1833//1833
f 1537//1537 1513//1513 1538//1538
f 1404//1404 1470//1470 1398//1398
f 2006//2006 1837//1837 1435//1435
f 1479//1479 1476//1476 1758//1758
f 301//301 2322//2322 1769//1769
f 1957//1957 1757//1757 1972//1972
f 1298//1298 1304//1304 1798//1798
f 1736//1736 1820//1820 1996//1996
f 1583//1583 1622//1622 1658//1658
f 1768//1768 2005//2005 1583//1583
f 1583//1583 2005//2005 1581//1581
f 1481//1481 1477//1477 1951//1951
f 871//871 2013//2013 1328//1328
f 1995//1995 1658//1658 1622//1622
f 1477//1477 1479//1479 1951//1951
f 2085//2085 1811//1811 1675//1675
f 1596//1596 2589//2589 2008//2008
f 1753//1753 2014//2014 1434//1434
f 1211//1211 2016//2016 2009//2009
f 1966//1966 2015//2015 2007//2007
f 2782//2782 2322//2322 1085//1085
f 2007//2007 1560//1560 1577//1577
f 1779//1779 1997//1997 68//68
f 2016//2016 1175//1175 1811//1811
f 1709//1709 1692//1692 2552//2552
f 1957//1957 1704//1704 1992//1992
f 1739//1739 1686//1686 1410//1410
f 2007//2007 2015//2015 1560//1560
f 1708//1708 2444//2444 1539//1539
f 1840//1840 1839//1839 1700//1700
f 2005//2005 1966//1966 1541//1541
f 1560//1560 1708//1708 2475//2475
f 1583//1583 1658//1658 1768//1768
f 1561//1561 1708//1708 1560//1560
f 1494//1494 1834//1834 1997//1997
f 1425//1425 1737//1737 1747//1747
f 1705//1705 2444//2444 1708//1708
f 2543//2543 1823//1823 1996//1996
f 1541//1541 1966//1966 2007//2007
f 1745//1745 1414//1414 1741//1741
f 1412//1412 1394//1394 2481//2481
f 1516//1516 1515//1515 1509//1509
f 1853//1853 1661//1661 1660//1660
f 1716//1716 1417//1417 1468//1468
f 1537//1537 1538//1538 1731//1731
f 1986//1986 1753//1753 2322//2322
f 1966//1966 2005//2005 1768//1768
f 1830//1830 2229//2229 1987//1987
f 2322//2322 1833//1833 1830//1830
f 1991//1991 1774//1774 1784//1784
f 1774//1774 1991//1991 1989//1989
f 1380//1380 1649//1649 2275//2275
f 462//462 1459//1459 2020//2020
f 1459//1459 462//462 1887//1887
f 2309//2309 2310//2310 1454//1454
f 230//230 1781//1781 1252//1252
f 2590//2590 1242//1242 1826//1826
f 2024//2024 2022//2022 2023//2023
f 1853//1853 1753//1753 1986//1986
f 68//68 1997//1997 1823//1823
f 1425//1425 2018//2018 1842//1842
f 1992//1992 1747//1747 1737//1737
f 1397//1397 1544//1544 1645//1645
f 2781//2781 1366//1366 300//300
f 2014//2014 1844//1844 1747//1747
f 2018//2018 1845//1845 1331//1331
f 1425//1425 1844//1844 2018//2018
f 2026//2026 2160//2160 2203//2203
f 2160//2160 2026//2026 2025//2025
f 1845//1845 2018//2018 1844//1844
f 1400//1400 376//376 234//234
f 2031//2031 2055//2055 2056//2056
f 1580//1580 2034//2034 1621//1621
f 2039//2039 2038//2038 2035//2035
f 2038//2038 2039//2039 2189//2189
f 1979//1979 2467//2467 2468//2468
f 1825//1825 2021//2021 2590//2590
f 1770//1770 2030//2030 2047//2047
f 2253//2253 1816//1816 1744//1744
f 2065//2065 2043//2043 2085//2085
f 2096//2096 2043//2043 2065//2065
f 2048//2048 2132//2132 2042//2042
f 2022//2022 2049//2049 2050//2050
f 2043//2043 2094//2094 2044//2044
f 2055//2055 2058//2058 2182//2182
f 2060//2060 2059//2059 2472//2472
f 2066//2066 2061//2061 1772//1772
f 2064//2064 2062//2062 2063//2063
f 2301//2301 2065//2065 1675//1675
f 2069//2069 2067//2067 2068//2068
f 2070//2070 2067//2067 2069//2069
f 8//8 1460//1460 2107//2107
f 2001//2001 1170//1170 1841//1841
f 2781//2781 300//300 525//525
f 2041//2041 2071//2071 2072//2072
f 116//116 2133//2133 2075//2075
f 2211//2211 2074//2074 1219//1219
f 2076//2076 1983//1983 1982//1982
f 2009//2009 2016//2016 2077//2077
f 2079//2079 2078//2078 2152//2152
f 2081//2081 2080//2080 2035//2035
f 2082//2082 2080//2080 2081//2081
f 2166//2166 2050//2050 2083//2083
f 2085//2085 2043//2043 2084//2084
f 2089//2089 2090//2090 2069//2069
f 2093//2093 2092//2092 2010//2010
f 2301//2301 1983//1983 2045//2045
f 2095//2095 1564//1564 2076//2076
f 2076//2076 1982//1982 2095//2095
f 2094//2094 2079//2079 2152//2152
f 2099//2099 2097//2097 2202//2202
f 2101//2101 2100//2100 2049//2049
f 2102//2102 1606//1606 2473//2473
f 2105//2105 2115//2115 2472//2472
f 1460//1460 2106//2106 2107//2107
f 2468//2468 2108//2108 2040//2040
f 2123//2123 2124//2124 1748//1748
f 2120//2120 2114//2114 1582//1582
f 2046//2046 2121//2121 2105//2105
f 2037//2037 2121//2121 2027//2027
f 2057//2057 2190//2190 2116//2116
f 2472//2472 2115//2115 2060//2060
f 2163//2163 2117//2117 2118//2118
f 2011//2011 1584//1584 1585//1585
f 2112//2112 2073//2073 2111//2111
f 2181//2181 2244//2244 2064//2064
f 2593//2593 1541//1541 2181//2181
f 2122//2122 1621//1621 2034//2034
f 2034//2034 2123//2123 2122//2122
f 2122//2122 2123//2123 1621//1621
f 2126//2126 1579//1579 2063//2063
f 2103//2103 2126//2126 2063//2063
f 2027//2027 2058//2058 2125//2125
f 2121//2121 2046//2046 2027//2027
f 2037//2037 2036//2036 2113//2113
f 2121//2121 2037//2037 2113//2113
f 2103//2103 2113//2113 2126//2126
f 2468//2468 2471//2471 2109//2109
f 2124//2124 2036//2036 2471//2471
f 2467//2467 2124//2124 2471//2471
f 2108//2108 2130//2130 2473//2473
f 2473//2473 2130//2130 2102//2102
f 1585//1585 1590//1590 2004//2004
f 1205//1205 1328//1328 2010//2010
f 2042//2042 2184//2184 2041//2041
f 2072//2072 2033//2033 2048//2048
f 2136//2136 2033//2033 2135//2135
f 2048//2048 2042//2042 2072//2072
f 2071//2071 2033//2033 2072//2072
f 2048//2048 2033//2033 2032//2032
f 2131//2131 2089//2089 2137//2137
f 1582//1582 1648//1648 2245//2245
f 2140//2140 2117//2117 2139//2139
f 2118//2118 2142//2142 2143//2143
f 2136//2136 2032//2032 2033//2033
f 2144//2144 2067//2067 2044//2044
f 2085//2085 2077//2077 2016//2016
f 2145//2145 2076//2076 1564//1564
f 2146//2146 2067//2067 2070//2070
f 2067//2067 2144//2144 2068//2068
f 2144//2144 2137//2137 2068//2068
f 2145//2145 2035//2035 2161//2161
f 2148//2148 2470//2470 2147//2147
f 2078//2078 2079//2079 2149//2149
f 2080//2080 2150//2150 2110//2110
f 2173//2173 2079//2079 2094//2094
f 2044//2044 2067//2067 2043//2043
f 2090//2090 2146//2146 2070//2070
f 2070//2070 2069//2069 2090//2090
f 2137//2137 2069//2069 2068//2068
f 2094//2094 2144//2144 2044//2044
f 2153//2153 2104//2104 2164//2164
f 2054//2054 2053//2053 2154//2154
f 2157//2157 2155//2155 2156//2156
f 2160//2160 2159//2159 2083//2083
f 2145//2145 2161//2161 2076//2076
f 2165//2165 2160//2160 2197//2197
f 2022//2022 2024//2024 2141//2141
f 2099//2099 1984//1984 2097//2097
f 2170//2170 2169//2169 2163//2163
f 2159//2159 2160//2160 2171//2171
f 2149//2149 2172//2172 2078//2078
f 2082//2082 2173//2173 2150//2150
f 2174//2174 2094//2094 2096//2096
f 2110//2110 2150//2150 2174//2174
f 1563//1563 2194//2194 2175//2175
f 2176//2176 2153//2153 2164//2164
f 2101//2101 2049//2049 2177//2177
f 2177//2177 2178//2178 2101//2101
f 2164//2164 2104//2104 2056//2056
f 2180//2180 2176//2176 2164//2164
f 2117//2117 2179//2179 2139//2139
f 2049//2049 2160//2160 2083//2083
f 2031//2031 2128//2128 2129//2129
f 2472//2472 2059//2059 2051//2051
f 2060//2060 2111//2111 2059//2059
f 2052//2052 2105//2105 2472//2472
f 2121//2121 2103//2103 2105//2105
f 2113//2113 2103//2103 2121//2121
f 2103//2103 2115//2115 2105//2105
f 2181//2181 1541//1541 2114//2114
f 2027//2027 2182//2182 2058//2058
f 2031//2031 2129//2129 2061//2061
f 2037//2037 2125//2125 2127//2127
f 2109//2109 2028//2028 2130//2130
f 2109//2109 2130//2130 2108//2108
f 2126//2126 2183//2183 1579//1579
f 2473//2473 2040//2040 2108//2108
f 1205//1205 2010//2010 2134//2134
f 2133//2133 2185//2185 2184//2184
f 2132//2132 2184//2184 2042//2042
f 2032//2032 2132//2132 2048//2048
f 2134//2134 2010//2010 2092//2092
f 2186//2186 2032//2032 1234//1234
f 2469//2469 2700//2700 2147//2147
f 2148//2148 2700//2700 2144//2144
f 2148//2148 2147//2147 2700//2700
f 2085//2085 2084//2084 2077//2077
f 2084//2084 2043//2043 2146//2146
f 2092//2092 2093//2093 2088//2088
f 2088//2088 2093//2093 2131//2131
f 2093//2093 2010//2010 2009//2009
f 2187//2187 2081//2081 2035//2035
f 2081//2081 2149//2149 2082//2082
f 2082//2082 2149//2149 2079//2079
f 1983//1983 2161//2161 2045//2045
f 2094//2094 2150//2150 2173//2173
f 2035//2035 2080//2080 2161//2161
f 2165//2165 2197//2197 2188//2188
f 2080//2080 2110//2110 2161//2161
f 2045//2045 2161//2161 2110//2110
f 2157//2157 2025//2025 2026//2026
f 2055//2055 2182//2182 2057//2057
f 2151//2151 2152//2152 2182//2182
f 2145//2145 1563//1563 2035//2035
f 2039//2039 2191//2191 2192//2192
f 2286//2286 2194//2194 1563//1563
f 2050//2050 2049//2049 2083//2083
f 2035//2035 1563//1563 2191//2191
f 2195//2195 2193//2193 2194//2194
f 2193//2193 2195//2195 2196//2196
f 2196//2196 2198//2198 2193//2193
f 2194//2194 2193//2193 2175//2175
f 2175//2175 2191//2191 1563//1563
f 2056//2056 2055//2055 2057//2057
f 2197//2197 2195//2195 2194//2194
f 2175//2175 2193//2193 2192//2192
f 2200//2200 2199//2199 2157//2157
f 2180//2180 2164//2164 2119//2119
f 2154//2154 2198//2198 2164//2164
f 2201//2201 2166//2166 2083//2083
f 2023//2023 2050//2050 2166//2166
f 2022//2022 2177//2177 2049//2049
f 2086//2086 2178//2178 2177//2177
f 2177//2177 2022//2022 2141//2141
f 2087//2087 2143//2143 2086//2086
f 2142//2142 2086//2086 2143//2143
f 2140//2140 2203//2203 2117//2117
f 2026//2026 2203//2203 2140//2140
f 2204//2204 2143//2143 2087//2087
f 2204//2204 2087//2087 2098//2098
f 2119//2119 2140//2140 2139//2139
f 2104//2104 2169//2169 2170//2170
f 2153//2153 2205//2205 2169//2169
f 2087//2087 2141//2141 1984//1984
f 2205//2205 2206//2206 2179//2179
f 2086//2086 2101//2101 2178//2178
f 2192//2192 2053//2053 2189//2189
f 2053//2053 2116//2116 2189//2189
f 2197//2197 2160//2160 2025//2025
f 2190//2190 2172//2172 2116//2116
f 2197//2197 2286//2286 2188//2188
f 2119//2119 2164//2164 2198//2198
f 2157//2157 2140//2140 2155//2155
f 2157//2157 2026//2026 2140//2140
f 2139//2139 2180//2180 2119//2119
f 2200//2200 2156//2156 2198//2198
f 2100//2100 2101//2101 2142//2142
f 2142//2142 2101//2101 2086//2086
f 2118//2118 2117//2117 2142//2142
f 2142//2142 2117//2117 2100//2100
f 2203//2203 2100//2100 2117//2117
f 2206//2206 2176//2176 2180//2180
f 2139//2139 2206//2206 2180//2180
f 2179//2179 2206//2206 2139//2139
f 2179//2179 2163//2163 2169//2169
f 2169//2169 2205//2205 2179//2179
f 2153//2153 2176//2176 2206//2206
f 2153//2153 2206//2206 2205//2205
f 2246//2246 2158//2158 2097//2097
f 2117//2117 2163//2163 2179//2179
f 2208//2208 2158//2158 2207//2207
f 2208//2208 2097//2097 2158//2158
f 2208//2208 2207//2207 2163//2163
f 2099//2099 2202//2202 2098//2098
f 2129//2129 2128//2128 1788//1788
f 2591//2591 2088//2088 2469//2469
f 2480//2480 2473//2473 1606//1606
f 1181//1181 2562//2562 2185//2185
f 2075//2075 2132//2132 2186//2186
f 2075//2075 2133//2133 2132//2132
f 2184//2184 2134//2134 2041//2041
f 2185//2185 2138//2138 2184//2184
f 2134//2134 2071//2071 2041//2041
f 2229//2229 1316//1316 1985//1985
f 2186//2186 1234//1234 2091//2091
f 2089//2089 2077//2077 2084//2084
f 2090//2090 2089//2089 2084//2084
f 2076//2076 2161//2161 1983//1983
f 2150//2150 2080//2080 2082//2082
f 2079//2079 2173//2173 2082//2082
f 2038//2038 2189//2189 2209//2209
f 2209//2209 2189//2189 2116//2116
f 2209//2209 2116//2116 2172//2172
f 2172//2172 2038//2038 2209//2209
f 2187//2187 2172//2172 2149//2149
f 2196//2196 2195//2195 2197//2197
f 2198//2198 2156//2156 2119//2119
f 2035//2035 2191//2191 2039//2039
f 2083//2083 2159//2159 2201//2201
f 2053//2053 2054//2054 2116//2116
f 2175//2175 2192//2192 2191//2191
f 2192//2192 2193//2193 2198//2198
f 2189//2189 2039//2039 2192//2192
f 2171//2171 2160//2160 2165//2165
f 2049//2049 2203//2203 2160//2160
f 2197//2197 2025//2025 2199//2199
f 2197//2197 2199//2199 2196//2196
f 2199//2199 2200//2200 2198//2198
f 2198//2198 2196//2196 2199//2199
f 2199//2199 2025//2025 2157//2157
f 2202//2202 2097//2097 2208//2208
f 2202//2202 2204//2204 2098//2098
f 2204//2204 2118//2118 2143//2143
f 2202//2202 2208//2208 2204//2204
f 2204//2204 2208//2208 2118//2118
f 2208//2208 2163//2163 2118//2118
f 2154//2154 2053//2053 2192//2192
f 2198//2198 2154//2154 2192//2192
f 2163//2163 2162//2162 2170//2170
f 2156//2156 2200//2200 2157//2157
f 2156//2156 2140//2140 2119//2119
f 2207//2207 2162//2162 2163//2163
f 2170//2170 2162//2162 2207//2207
f 2207//2207 2167//2167 2170//2170
f 2207//2207 2158//2158 2167//2167
f 1980//1980 2040//2040 2473//2473
f 2146//2146 2043//2043 2067//2067
f 2011//2011 1505//1505 1584//1584
f 1704//1704 1957//1957 1629//1629
f 1596//1596 1850//1850 1604//1604
f 1656//1656 1659//1659 2006//2006
f 1430//1430 1429//1429 368//368
f 2214//2214 1864//1864 1766//1766
f 356//356 1252//1252 1781//1781
f 1905//1905 1599//1599 1865//1865
f 1434//1434 2014//2014 1767//1767
f 356//356 1781//1781 1423//1423
f 1127//1127 1688//1688 2463//2463
f 1313//1313 1382//1382 1225//1225
f 2140//2140 2156//2156 2155//2155
f 2212//2212 372//372 1427//1427
f 2213//2213 1603//1603 1905//1905
f 864//864 1540//1540 1685//1685
f 2463//2463 1754//1754 1665//1665
f 2409//2409 1825//1825 1836//1836
f 2463//2463 1665//1665 1127//1127
f 1975//1975 1974//1974 1978//1978
f 2212//2212 1754//1754 2213//2213
f 1968//1968 2213//2213 1905//1905
f 1754//1754 2212//2212 1427//1427
f 2212//2212 2213//2213 371//371
f 1968//1968 371//371 2213//2213
f 1968//1968 1254//1254 371//371
f 2212//2212 371//371 372//372
f 1986//1986 1830//1830 1987//1987
f 2214//2214 1680//1680 1864//1864
f 1701//1701 1838//1838 1839//1839
f 1427//1427 1144//1144 83//83
f 1585//1585 1584//1584 1590//1590
f 1780//1780 1781//1781 2004//2004
f 1655//1655 1388//1388 2223//2223
f 2701//2701 2219//2219 2236//2236
f 1732//1732 1520//1520 1438//1438
f 2221//2221 2239//2239 2220//2220
f 2210//2210 2211//2211 2136//2136
f 2033//2033 2071//2071 2135//2135
f 1387//1387 1388//1388 1385//1385
f 1493//1493 1728//1728 2222//2222
f 2051//2051 2243//2243 2591//2591
f 1596//1596 1604//1604 1594//1594
f 1209//1209 2138//2138 1341//1341
f 2184//2184 2138//2138 1205//1205
f 2321//2321 2219//2219 2226//2226
f 1921//1921 1897//1897 1925//1925
f 1437//1437 1395//1395 1409//1409
f 2576//2576 1420//1420 1390//1390
f 2239//2239 2227//2227 2220//2220
f 2227//2227 2221//2221 2220//2220
f 1391//1391 1420//1420 1409//1409
f 2229//2229 1348//1348 1316//1316
f 1413//1413 1418//1418 1415//1415
f 1415//1415 1394//1394 1411//1411
f 1415//1415 1411//1411 1413//1413
f 1436//1436 1420//1420 2576//2576
f 1668//1668 1464//1464 1488//1488
f 1514//1514 1440//1440 1472//1472
f 1009//1009 1178//1178 1666//1666
f 2217//2217 2231//2231 2219//2219
f 1663//1663 1666//1666 1766//1766
f 9//9 1230//1230 2232//2232
f 1348//1348 2230//2230 839//839
f 2234//2234 2235//2235 2233//2233
f 2234//2234 1279//1279 2235//2235
f 1910//1910 1931//1931 1912//1912
f 2223//2223 1421//1421 1654//1654
f 1429//1429 1421//1421 1431//1431
f 1893//1893 1869//1869 2587//2587
f 2321//2321 2226//2226 1029//1029
f 2215//2215 2216//2216 2224//2224
f 1119//1119 2224//2224 2216//2216
f 2237//2237 2216//2216 2215//2215
f 1663//1663 1593//1593 1375//1375
f 2239//2239 1229//1229 2228//2228
f 1229//1229 2239//2239 1249//1249
f 884//884 2240//2240 2238//2238
f 2229//2229 2320//2320 2234//2234
f 2233//2233 2229//2229 2234//2234
f 1423//1423 1429//1429 1430//1430
f 1509//1509 1500//1500 1516//1516
f 2027//2027 2046//2046 2182//2182
f 1342//1342 2218//2218 2215//2215
f 1226//1226 1382//1382 1313//1313
f 2233//2233 2235//2235 838//838
f 1490//1490 1696//1696 1511//1511
f 1424//1424 1418//1418 1413//1413
f 1469//1469 1478//1478 1442//1442
f 2576//2576 1472//1472 1426//1426
f 1831//1831 2107//2107 1984//1984
f 2046//2046 2151//2151 2182//2182
f 1514//1514 1472//1472 1419//1419
f 2074//2074 2594//2594 1726//1726
f 2065//2065 2301//2301 2045//2045
f 2109//2109 2066//2066 2028//2028
f 1881//1881 1458//1458 1879//1879
f 1879//1879 1925//1925 1897//1897
f 1923//1923 1911//1911 1852//1852
f 1991//1991 1784//1784 1825//1825
f 1636//1636 1512//1512 1511//1511
f 1891//1891 1892//1892 1868//1868
f 2111//2111 2073//2073 2059//2059
f 2700//2700 2131//2131 2137//2137
f 2091//2091 116//116 2075//2075
f 2074//2074 2211//2211 2594//2594
f 2086//2086 2141//2141 2087//2087
f 2246//2246 2097//2097 1984//1984
f 1984//1984 2099//2099 2098//2098
f 2104//2104 2168//2168 2128//2128
f 2169//2169 2104//2104 2153//2153
f 2110//2110 2096//2096 2045//2045
f 2065//2065 2045//2045 2096//2096
f 2059//2059 2243//2243 2051//2051
f 2046//2046 2470//2470 2151//2151
f 2115//2115 2063//2063 2062//2062
f 2103//2103 2063//2063 2115//2115
f 2124//2124 2183//2183 2036//2036
f 2183//2183 2126//2126 2036//2036
f 2089//2089 2009//2009 2077//2077
f 2113//2113 2036//2036 2126//2126
f 2123//2123 2183//2183 2124//2124
f 2128//2128 2056//2056 2104//2104
f 2031//2031 2058//2058 2055//2055
f 2037//2037 2027//2027 2125//2125
f 2066//2066 2127//2127 2061//2061
f 2037//2037 2127//2127 2036//2036
f 2066//2066 2471//2471 2127//2127
f 2471//2471 2066//2066 2109//2109
f 2034//2034 1579//1579 2183//2183
f 1889//1889 1855//1855 1867//1867
f 1852//1852 1871//1871 1867//1867
f 1902//1902 1913//1913 1923//1923
f 1234//1234 2032//2032 2136//2136
f 2591//2591 2135//2135 2071//2071
f 2059//2059 2073//2073 2243//2243
f 2177//2177 2141//2141 2086//2086
f 2089//2089 2093//2093 2009//2009
f 2093//2093 2089//2089 2131//2131
f 2144//2144 2700//2700 2137//2137
f 2190//2190 2152//2152 2078//2078
f 2137//2137 2089//2089 2069//2069
f 2094//2094 2148//2148 2144//2144
f 2172//2172 2187//2187 2038//2038
f 2187//2187 2035//2035 2038//2038
f 2081//2081 2187//2187 2149//2149
f 2167//2167 2104//2104 2170//2170
f 1788//1788 2168//2168 1787//1787
f 2470//2470 2148//2148 2151//2151
f 2145//2145 1564//1564 1563//1563
f 2094//2094 2174//2174 2150//2150
f 2174//2174 2096//2096 2110//2110
f 2057//2057 2054//2054 2056//2056
f 2057//2057 2182//2182 2152//2152
f 2246//2246 2107//2107 2106//2106
f 1984//1984 2107//2107 2246//2246
f 2246//2246 2167//2167 2158//2158
f 2168//2168 2167//2167 2246//2246
f 2104//2104 2167//2167 2168//2168
f 2100//2100 2203//2203 2049//2049
f 2125//2125 2061//2061 2127//2127
f 2058//2058 2061//2061 2125//2125
f 2185//2185 2133//2133 1181//1181
f 2132//2132 2032//2032 2186//2186
f 1234//1234 2136//2136 2211//2211
f 2210//2210 2135//2135 2243//2243
f 2078//2078 2172//2172 2190//2190
f 2152//2152 2151//2151 2148//2148
f 2152//2152 2148//2148 2094//2094
f 2152//2152 2190//2190 2057//2057
f 2197//2197 2194//2194 2286//2286
f 2164//2164 2054//2054 2154//2154
f 2050//2050 2023//2023 2022//2022
f 2098//2098 2087//2087 1984//1984
f 2057//2057 2116//2116 2054//2054
f 1788//1788 2128//2128 2168//2168
f 2088//2088 2591//2591 2071//2071
f 2138//2138 2185//2185 2562//2562
f 1231//1231 1181//1181 2133//2133
f 2146//2146 2090//2090 2084//2084
f 2211//2211 2210//2210 2594//2594
f 2073//2073 2210//2210 2243//2243
f 1515//1515 1478//1478 1469//1469
f 1929//1929 1895//1895 1859//1859
f 2008//2008 1850//1850 1596//1596
f 1693//1693 1690//1690 1691//1691
f 1418//1418 1424//1424 1419//1419
f 2242//2242 2002//2002 2247//2247
f 1949//1949 100//100 1973//1973
f 1633//1633 1532//1532 1641//1641
f 1738//1738 1750//1750 1639//1639
f 254//254 1478//1478 1515//1515
f 1489//1489 1542//1542 1681//1681
f 1546//1546 1729//1729 1528//1528
f 1887//1887 1458//1458 1880//1880
f 710//710 713//713 1876//1876
f 2445//2445 1885//1885 1484//1484
f 1892//1892 1893//1893 1868//1868
f 1892//1892 1882//1882 1893//1893
f 1902//1902 1892//1892 1890//1890
f 1883//1883 1736//1736 1757//1757
f 1916//1916 1913//1913 1917//1917
f 1920//1920 1894//1894 1857//1857
f 1894//1894 1920//1920 1895//1895
f 1918//1918 1921//1921 1919//1919
f 2320//2320 2229//2229 1830//1830
f 1488//1488 1723//1723 1696//1696
f 710//710 1925//1925 2699//2699
f 1965//1965 690//690 596//596
f 1894//1894 1929//1929 1927//1927
f 1929//1929 1894//1894 1895//1895
f 1919//1919 1946//1946 1963//1963
f 736//736 618//618 1896//1896
f 2013//2013 1211//1211 2009//2009
f 1914//1914 1953//1953 1915//1915
f 2085//2085 2016//2016 1811//1811
f 1328//1328 2009//2009 2010//2010
f 1702//1702 1456//1456 1756//1756
f 799//799 1946//1946 1876//1876
f 1328//1328 2013//2013 2009//2009
f 1175//1175 2016//2016 1211//1211
f 1942//1942 1951//1951 1482//1482
f 1954//1954 1909//1909 1942//1942
f 1946//1946 799//799 1963//1963
f 2263//2263 2241//2241 2255//2255
f 2241//2241 2247//2247 2255//2255
f 1647//1647 1750//1750 1693//1693
f 2003//2003 1284//1284 525//525
f 1487//1487 1453//1453 1408//1408
f 1510//1510 1509//1509 1490//1490
f 2264//2264 2263//2263 2255//2255
f 2261//2261 1495//1495 2479//2479
f 1466//1466 1488//1488 1464//1464
f 1543//1543 1531//1531 1526//1526
f 1685//1685 1683//1683 1688//1688
f 1411//1411 1623//1623 1626//1626
f 1431//1431 1384//1384 1406//1406
f 2582//2582 1428//1428 1406//1406
f 1441//1441 1689//1689 1517//1517
f 2260//2260 1085//1085 2322//2322
f 2260//2260 301//301 1085//1085
f 1769//1769 2003//2003 525//525
f 1597//1597 1594//1594 1688//1688
f 1487//1487 1495//1495 1816//1816
f 1816//1816 1609//1609 1744//1744
f 1590//1590 1586//1586 1786//1786
f 1910//1910 2262//2262 1454//1454
f 1445//1445 1319//1319 2300//2300
f 1490//1490 1668//1668 1696//1696
f 1513//1513 1635//1635 1538//1538
f 1716//1716 1522//1522 1521//1521
f 1008//1008 1417//1417 1783//1783
f 1518//1518 1511//1511 1512//1512
f 1468//1468 1518//1518 1519//1519
f 1510//1510 1518//1518 1500//1500
f 1736//1736 1883//1883 1820//1820
f 1737//1737 1883//1883 1757//1757
f 2586//2586 1782//1782 1735//1735
f 1998//1998 1997//1997 1779//1779
f 1681//1681 1438//1438 1636//1636
f 1981//1981 1494//1494 1998//1998
f 1686//1686 1835//1835 1687//1687
f 1835//1835 1709//1709 1687//1687
f 1681//1681 1636//1636 1489//1489
f 1792//1792 1845//1845 1844//1844
f 1992//1992 1737//1737 1757//1757
f 2001//2001 1629//1629 2012//2012
f 1747//1747 1704//1704 1767//1767
f 1844//1844 2014//2014 1792//1792
f 1304//1304 1792//1792 1798//1798
f 1792//1792 1304//1304 1845//1845
f 1782//1782 1545//1545 810//810
f 1504//1504 1736//1736 1834//1834
f 1212//1212 1783//1783 810//810
f 1510//1510 1490//1490 1511//1511
f 1627//1627 1746//1746 1813//1813
f 1434//1434 1837//1837 2006//2006
f 1434//1434 2006//2006 1769//1769
f 1533//1533 1553//1553 1714//1714
f 2702//2702 2264//2264 2597//2597
f 1730//1730 1534//1534 1535//1535
f 1831//1831 6//6 2107//2107
f 1659//1659 1769//1769 2006//2006
f 2107//2107 6//6 7//7
f 1234//1234 2211//2211 1219//1219
f 2591//2591 2243//2243 2135//2135
f 1577//1577 1560//1560 2475//2475
f 2138//2138 2562//2562 1341//1341
f 2135//2135 2210//2210 2136//2136
f 2106//2106 2168//2168 2246//2246
f 2168//2168 2106//2106 1787//1787
f 1205//1205 2134//2134 2184//2184
f 2251//2251 2250//2250 1245//1245
f 1978//1978 1967//1967 1908//1908
f 2257//2257 1595//1595 2250//2250
f 1978//1978 1400//1400 1975//1975
f 1460//1460 8//8 694//694
f 1971//1971 1400//1400 1978//1978
f 1389//1389 911//911 1745//1745
f 1707//1707 1724//1724 1615//1615
f 1851//1851 1802//1802 1969//1969
f 2249//2249 2263//2263 2596//2596
f 2598//2598 1690//1690 1502//1502
f 2241//2241 2263//2263 2242//2242
f 1504//1504 1494//1494 1717//1717
f 1577//1577 2475//2475 1582//1582
f 2300//2300 1238//1238 2318//2318
f 1582//1582 2475//2475 1648//1648
f 1825//1825 1784//1784 1836//1836
f 1431//1431 1421//1421 2223//2223
f 2011//2011 1995//1995 1505//1505
f 1504//1504 1972//1972 1757//1757
f 1995//1995 1622//1622 1621//1621
f 1588//1588 1505//1505 1748//1748
f 1653//1653 2004//2004 1590//1590
f 2452//2452 1626//1626 1623//1623
f 1593//1593 1697//1697 1698//1698
f 1500//1500 1684//1684 1516//1516
f 2274//2274 2273//2273 2269//2269
f 2277//2277 1448//1448 1761//1761
f 1405//1405 1759//1759 1457//1457
f 508//508 1710//1710 667//667
f 1506//1506 1576//1576 1398//1398
f 1399//1399 1398//1398 1470//1470
f 2575//2575 1835//1835 1686//1686
f 1793//1793 1822//1822 1486//1486
f 1581//1581 1579//1579 1580//1580
f 1580//1580 1583//1583 1581//1581
f 1785//1785 57//57 989//989
f 57//57 1785//1785 1784//1784
f 1583//1583 1580//1580 1622//1622
f 2402//2402 2409//2409 1836//1836
f 1967//1967 1658//1658 2011//2011
f 2021//2021 1649//1649 2590//2590
f 1245//1245 2250//2250 1664//1664
f 1748//1748 1979//1979 1588//1588
f 2300//2300 1319//1319 1318//1318
f 1368//1368 1851//1851 1969//1969
f 1739//1739 1410//1410 1998//1998
f 1587//1587 2592//2592 1589//1589
f 2275//2275 1649//1649 2021//2021
f 1786//1786 1589//1589 1559//1559
f 1780//1780 2004//2004 1653//1653
f 1969//1969 1361//1361 1368//1368
f 1821//1821 2596//2596 2264//2264
f 1776//1776 1775//1775 1865//1865
f 2300//2300 1318//1318 1238//1238
f 1566//1566 1794//1794 2289//2289
f 1835//1835 1706//1706 1692//1692
f 1594//1594 1597//1597 1596//1596
f 1683//1683 1597//1597 1688//1688
f 1774//1774 1989//1989 1835//1835
f 1577//1577 1541//1541 2007//2007
f 1810//1810 1408//1408 2599//2599
f 214//214 2276//2276 215//215
f 2309//2309 1948//1948 1459//1459
f 2047//2047 2102//2102 1770//1770
f 1470//1470 1405//1405 1457//1457
f 2277//2277 1447//1447 1448//1448
f 1854//1854 1561//1561 1598//1598
f 1598//1598 1560//1560 2015//2015
f 1776//1776 1598//1598 2015//2015
f 1509//1509 1515//1515 1469//1469
f 1599//1599 1854//1854 1598//1598
f 1834//1834 1823//1823 1997//1997
f 1361//1361 1969//1969 1356//1356
f 1678//1678 1679//1679 2278//2278
f 2281//2281 2280//2280 1676//1676
f 2592//2592 1588//1588 1979//1979
f 1598//1598 1776//1776 1599//1599
f 1882//1882 1892//1892 1902//1902
f 1781//1781 230//230 2004//2004
f 1786//1786 1654//1654 1653//1653
f 1776//1776 1865//1865 1599//1599
f 694//694 2283//2283 1460//1460
f 1697//1697 1813//1813 1698//1698
f 2028//2028 2066//2066 1772//1772
f 1604//1604 1599//1599 1602//1602
f 1604//1604 1854//1854 1599//1599
f 1405//1405 1455//1455 1759//1759
f 1603//1603 1602//1602 1599//1599
f 1966//1966 1775//1775 2015//2015
f 1966//1966 1768//1768 1775//1775
f 1967//1967 1768//1768 1658//1658
f 1989//1989 1706//1706 1835//1835
f 1906//1906 1907//1907 1865//1865
f 2015//2015 1775//1775 1776//1776
f 1906//1906 1768//1768 1967//1967
f 2256//2256 1450//1450 1449//1449
f 1450//1450 2440//2440 1508//1508
f 1508//1508 1618//1618 1449//1449
f 1968//1968 1907//1907 1778//1778
f 2252//2252 2002//2002 1849//1849
f 1805//1805 1804//1804 1801//1801
f 2298//2298 1831//1831 1799//1799
f 1550//1550 1551//1551 1795//1795
f 215//215 2276//2276 1569//1569
f 1818//1818 1572//1572 1571//1571
f 2295//2295 1818//1818 1571//1571
f 2279//2279 2278//2278 1679//1679
f 1814//1814 1678//1678 2278//2278
f 1815//1815 1678//1678 1814//1814
f 1787//1787 2106//2106 1460//1460
f 1820//1820 1827//1827 113//113
f 1843//1843 1297//1297 1827//1827
f 1789//1789 1788//1788 1787//1787
f 1789//1789 1810//1810 2455//2455
f 1978//1978 1974//1974 1976//1976
f 1976//1976 1906//1906 1978//1978
f 2257//2257 2250//2250 2251//2251
f 1133//1133 1710//1710 1777//1777
f 207//207 1710//1710 1133//1133
f 1229//1229 1249//1249 1777//1777
f 1777//1777 1249//1249 1194//1194
f 2476//2476 1612//1612 1611//1611
f 1620//1620 2581//2581 1412//1412
f 1593//1593 1864//1864 1697//1697
f 2248//2248 2596//2596 1821//1821
f 2702//2702 1846//1846 1821//1821
f 2597//2597 2255//2255 1847//1847
f 1548//1548 1675//1675 1811//1811
f 1549//1549 1828//1828 2023//2023
f 1679//1679 1551//1551 1550//1550
f 1807//1807 1677//1677 2287//2287
f 2287//2287 2288//2288 1807//1807
f 1563//1563 1564//1564 1565//1565
f 1551//1551 1567//1567 2600//2600
f 2279//2279 1568//1568 2290//2290
f 394//394 2295//2295 214//214
f 1568//1568 315//315 2290//2290
f 1814//1814 2278//2278 2293//2293
f 2279//2279 2290//2290 2293//2293
f 2293//2293 2278//2278 2279//2279
f 2290//2290 2294//2294 2293//2293
f 1573//1573 1806//1806 2295//2295
f 2294//2294 275//275 1569//1569
f 6//6 1831//1831 2296//2296
f 2296//2296 1574//1574 6//6
f 2296//2296 2298//2298 2297//2297
f 1975//1975 1400//1400 1778//1778
f 2283//2283 2457//2457 1787//1787
f 2457//2457 2601//2601 2477//2477
f 1846//1846 2702//2702 1802//1802
f 2266//2266 1969//1969 1802//1802
f 1948//1948 1408//1408 1810//1810
f 1969//1969 2266//2266 2267//2267
f 2265//2265 2266//2266 2702//2702
f 1504//1504 1717//1717 1972//1972
f 2265//2265 1847//1847 2272//2272
f 1970//1970 2251//2251 1245//1245
f 2589//2589 1662//1662 2008//2008
f 2272//2272 2251//2251 2258//2258
f 1617//1617 2448//2448 1615//1615
f 1626//1626 1444//1444 2577//2577
f 1789//1789 1790//1790 1810//1810
f 2452//2452 1623//1623 1619//1619
f 2261//2261 2479//2479 2259//2259
f 1544//1544 2318//2318 33//33
f 1698//1698 2574//2574 1593//1593
f 2702//2702 2266//2266 1802//1802
f 2248//2248 2284//2284 1392//1392
f 2603//2603 2479//2479 2268//2268
f 2478//2478 2458//2458 2446//2446
f 1675//1675 2302//2302 2301//2301
f 2304//2304 1982//1982 2301//2301
f 1794//1794 2304//2304 1795//1795
f 2302//2302 1675//1675 1548//1548
f 1796//1796 1713//1713 1548//1548
f 1025//1025 1027//1027 1550//1550
f 2171//2171 2303//2303 2159//2159
f 2304//2304 1794//1794 1565//1565
f 1565//1565 2095//2095 1982//1982
f 1564//1564 2095//2095 1565//1565
f 1551//1551 1794//1794 1795//1795
f 1814//1814 2293//2293 2294//2294
f 1815//1815 1567//1567 1678//1678
f 1828//1828 1801//1801 2024//2024
f 1797//1797 1801//1801 1804//1804
f 1799//1799 2024//2024 1801//1801
f 2166//2166 2201//2201 1549//1549
f 1799//1799 1831//1831 1984//1984
f 1806//1806 2306//2306 2281//2281
f 2281//2281 1676//1676 1806//1806
f 2600//2600 1808//1808 2307//2307
f 2288//2288 2306//2306 1809//1809
f 1573//1573 2306//2306 1806//1806
f 2288//2288 2281//2281 2306//2306
f 1676//1676 2280//2280 2287//2287
f 1808//1808 2600//2600 1807//1807
f 1797//1797 2298//2298 1799//1799
f 1831//1831 2298//2298 2296//2296
f 2286//2286 1566//1566 2289//2289
f 1565//1565 1794//1794 1566//1566
f 2294//2294 315//315 275//275
f 1071//1071 1550//1550 1027//1027
f 315//315 1568//1568 1071//1071
f 2294//2294 1569//1569 1814//1814
f 2290//2290 2308//2308 2294//2294
f 2294//2294 2308//2308 315//315
f 315//315 2308//2308 2290//2290
f 1676//1676 1815//1815 1806//1806
f 1569//1569 1815//1815 1814//1814
f 2276//2276 1815//1815 1569//1569
f 1815//1815 2276//2276 2295//2295
f 1573//1573 2295//2295 1819//1819
f 2295//2295 1571//1571 1819//1819
f 1817//1817 1818//1818 680//680
f 680//680 1818//1818 394//394
f 394//394 1818//1818 2295//2295
f 214//214 2295//2295 2276//2276
f 1948//1948 2020//2020 1459//1459
f 1790//1790 1948//1948 1810//1810
f 462//462 2020//2020 2019//2019
f 1459//1459 1887//1887 2309//2309
f 2416//2416 2019//2019 464//464
f 1602//1602 1603//1603 1754//1754
f 215//215 275//275 678//678
f 2284//2284 1846//1846 1501//1501
f 2299//2299 2272//2272 1847//1847
f 2252//2252 2299//2299 1847//1847
f 2265//2265 2267//2267 2266//2266
f 2272//2272 2267//2267 2265//2265
f 1594//1594 1602//1602 2463//2463
f 1602//1602 1754//1754 2463//2463
f 1446//1446 2249//2249 2000//2000
f 2254//2254 1606//1606 2102//2102
f 1951//1951 1964//1964 1481//1481
f 2595//2595 1454//1454 2262//2262
f 1445//1445 2249//2249 1446//1446
f 1503//1503 1445//1445 2300//2300
f 2249//2249 1445//1445 1503//1503
f 1832//1832 1501//1501 1846//1846
f 1993//1993 1627//1627 1501//1501
f 2318//2318 1562//1562 2270//2270
f 1548//1548 1811//1811 2282//2282
f 2311//2311 2305//2305 2292//2292
f 2291//2291 2286//2286 2289//2289
f 1563//1563 1566//1566 2286//2286
f 2201//2201 2292//2292 1549//1549
f 2600//2600 2313//2313 2289//2289
f 2600//2600 1829//1829 2313//2313
f 2312//2312 2311//2311 2303//2303
f 2303//2303 2311//2311 2201//2201
f 2201//2201 2311//2311 2292//2292
f 2313//2313 2312//2312 2291//2291
f 2291//2291 2289//2289 2313//2313
f 1829//1829 2305//2305 2313//2313
f 1828//1828 1829//1829 2307//2307
f 2291//2291 2312//2312 2314//2314
f 2188//2188 2291//2291 2314//2314
f 1679//1679 1567//1567 1551//1551
f 1807//1807 2600//2600 1677//1677
f 2023//2023 1828//1828 2024//2024
f 2313//2313 2311//2311 2312//2312
f 2305//2305 2311//2311 2313//2313
f 2024//2024 1799//1799 2141//2141
f 2307//2307 1800//1800 1828//1828
f 2600//2600 1567//1567 1677//1677
f 2297//2297 2298//2298 1797//1797
f 1676//1676 2287//2287 1677//1677
f 1573//1573 1805//1805 2306//2306
f 2297//2297 1574//1574 2296//2296
f 1804//1804 1805//1805 1573//1573
f 1797//1797 1804//1804 2297//2297
f 1804//1804 1573//1573 2297//2297
f 1573//1573 1819//1819 1574//1574
f 1574//1574 2297//2297 1573//1573
f 2188//2188 2286//2286 2291//2291
f 1603//1603 2213//2213 1754//1754
f 1778//1778 234//234 1254//1254
f 1610//1610 2482//2482 1614//1614
f 1978//1978 1906//1906 1967//1967
f 2255//2255 2247//2247 2252//2252
f 2254//2254 2102//2102 2047//2047
f 2455//2455 1773//1773 1788//1788
f 2030//2030 2315//2315 2047//2047
f 2598//2598 1476//1476 1477//1477
f 2316//2316 2273//2273 2274//2274
f 1703//1703 1471//1471 1455//1455
f 1576//1576 1575//1575 1866//1866
f 2282//2282 1811//1811 1239//1239
f 1239//1239 1811//1811 1175//1175
f 2171//2171 2314//2314 2303//2303
f 2314//2314 2312//2312 2303//2303
f 2317//2317 2314//2314 2165//2165
f 2165//2165 2188//2188 2317//2317
f 2317//2317 2188//2188 2314//2314
f 2159//2159 2303//2303 2201//2201
f 2292//2292 2305//2305 1829//1829
f 2292//2292 1829//1829 1828//1828
f 1809//1809 1805//1805 1801//1801
f 2306//2306 1805//1805 1809//1809
f 2165//2165 2314//2314 2171//2171
f 2307//2307 1829//1829 2600//2600
f 2288//2288 2280//2280 2281//2281
f 2280//2280 2288//2288 2287//2287
f 1808//1808 1807//1807 2288//2288
f 1800//1800 1808//1808 1809//1809
f 1809//1809 1801//1801 1800//1800
f 2307//2307 1808//1808 1800//1800
f 1801//1801 1828//1828 1800//1800
f 629//629 1149//1149 918//918
f 1907//1907 1906//1906 1976//1976
f 2476//2476 1611//1611 1388//1388
f 2447//2447 1607//1607 2643//2643
f 1605//1605 1980//1980 1612//1612
f 2269//2269 1578//1578 1403//1403
f 1999//1999 1422//1422 1445//1445
f 2247//2247 2002//2002 2252//2252
f 1503//1503 2318//2318 2270//2270
f 1788//1788 1789//1789 2455//2455
f 1726//1726 1344//1344 2074//2074
f 8//8 2107//2107 7//7
f 2263//2263 2264//2264 2596//2596
f 2186//2186 2091//2091 2075//2075
f 2300//2300 2318//2318 1503//1503
f 1544//1544 1397//1397 1849//1849
f 2247//2247 2319//2319 2242//2242
f 2242//2242 2319//2319 2241//2241
f 2241//2241 2319//2319 2247//2247
f 2254//2254 2253//2253 1744//1744
f 2252//2252 1848//1848 2299//2299
f 2251//2251 1970//1970 2258//2258
f 1397//1397 1848//1848 1849//1849
f 1592//1592 2257//2257 1848//1848
f 2062//2062 2064//2064 2244//2244
f 1668//1668 1469//1469 1442//1442
f 2480//2480 1612//1612 1980//1980
f 1651//1651 1610//1610 1611//1611
f 2261//2261 2259//2259 1707//1707
f 2244//2244 2181//2181 2114//2114
f 1461//1461 2269//2269 1403//1403
f 1849//1849 1848//1848 2252//2252
f 1375//1375 1352//1352 1663//1663
f 2120//2120 2111//2111 2244//2244
f 1580//1580 1579//1579 2034//2034
f 2594//2594 2222//2222 1726//1726
f 2245//2245 2120//2120 1582//1582
f 2222//2222 1728//1728 1726//1726
f 2222//2222 2245//2245 1648//1648
f 2594//2594 2112//2112 2245//2245
f 2183//2183 2123//2123 2034//2034
f 2064//2064 2063//2063 1579//1579
f 1307//1307 100//100 1949//1949
f 1973//1973 2285//2285 1422//1422
f 1724//1724 2259//2259 2603//2603
f 2273//2273 1994//1994 2269//2269
f 2120//2120 2244//2244 2114//2114
f 2120//2120 2245//2245 2112//2112
f 2222//2222 1648//1648 1493//1493
f 2042//2042 2041//2041 2072//2072
f 2214//2214 1949//1949 2698//2698
f 2602//2602 1994//1994 2277//2277
f 1724//1724 1618//1618 1615//1615
f 1724//1724 1449//1449 1618//1618
f 1853//1853 1985//1985 1798//1798
f 1578//1578 2269//2269 1994//1994
f 1591//1591 1662//1662 1592//1592
f 1864//1864 1663//1663 1766//1766
f 2593//2593 2005//2005 1541//1541
f 1864//1864 1593//1593 1663//1663
f 1813//1813 1392//1392 2284//2284
f 2315//2315 2030//2030 2604//2604
f 1392//1392 2698//2698 1496//1496
f 2284//2284 2248//2248 1821//1821
f 2284//2284 1501//1501 1813//1813
f 1821//1821 1846//1846 2284//2284
f 1368//1368 307//307 1851//1851
f 2020//2020 1948//1948 1790//1790
f 1501//1501 1832//1832 1993//1993
f 2252//2252 1847//1847 2255//2255
f 2258//2258 1356//1356 2267//2267
f 2028//2028 1770//1770 2130//2130
f 2130//2130 1770//1770 2102//2102
f 2299//2299 2257//2257 2251//2251
f 2267//2267 2272//2272 2258//2258
f 2251//2251 2272//2272 2299//2299
f 2267//2267 1356//1356 1969//1969
f 2257//2257 2299//2299 1848//1848
f 1352//1352 1666//1666 1663//1663
f 1454//1454 2310//2310 1910//1910
f 1451//1451 1758//1758 1476//1476
f 2309//2309 1887//1887 2310//2310
f 2479//2479 2262//2262 2268//2268
f 2604//2604 2254//2254 2315//2315
f 1680//1680 2214//2214 2698//2698
f 1843//1843 1883//1883 1425//1425
f 1816//1816 2261//2261 1609//1609
f 1956//1956 1576//1576 1866//1866
f 1999//1999 2000//2000 1422//1422
f 1496//1496 2249//2249 2248//2248
f 1401//1401 2316//2316 2271//2271
f 1446//1446 1999//1999 1445//1445
f 1770//1770 2604//2604 2030//2030
f 2440//2440 1450//1450 1476//1476
f 2249//2249 1503//1503 2263//2263
f 2318//2318 1544//1544 1562//1562
f 1503//1503 2270//2270 2263//2263
f 1849//1849 1562//1562 1544//1544
f 2270//2270 2002//2002 2263//2263
f 2242//2242 2263//2263 2002//2002
f 2002//2002 2270//2270 1562//1562
f 443//443 697//697 2601//2601
f 443//443 2283//2283 694//694
f 1424//1424 1478//1478 1419//1419
f 2271//2271 2462//2462 1401//1401
f 1447//1447 2277//2277 1994//1994
f 1447//1447 1994//1994 2316//2316
f 1629//1629 2001//2001 1637//1637
f 2316//2316 1401//1401 1447//1447
f 1457//1457 1578//1578 1793//1793
f 776//776 1458//1458 462//462
f 1508//1508 1449//1449 1450//1450
f 1590//1590 1786//1786 1653//1653
f 1669//1669 1671//1671 1624//1624
f 1642//1642 1751//1751 2450//2450
f 1703//1703 1475//1475 1473//1473
f 1759//1759 1578//1578 1457//1457
f 1752//1752 1822//1822 2602//2602
f 2277//2277 1752//1752 2602//2602
f 1502//1502 2440//2440 1476//1476
f 1450//1450 2256//2256 1451//1451
f 1479//1479 1477//1477 1476//1476
f 667//667 1710//1710 207//207
f 2581//2581 1620//1620 1497//1497
f 2448//2448 1616//1616 1615//1615
f 2580//2580 1008//1008 1007//1007
f 1866//1866 1452//1452 1481//1481
f 1471//1471 1703//1703 1473//1473
f 2445//2445 1483//1483 1758//1758
f 1707//1707 1609//1609 2261//2261
f 1703//1703 1456//1456 1702//1702
f 1404//1404 1456//1456 1455//1455
f 2481//2481 1391//1391 1657//1657
f 1772//1772 1773//1773 1771//1771
f 1617//1617 1615//1615 1618//1618
f 1462//1462 1608//1608 1616//1616
f 2454//2454 1448//1448 2474//2474
f 1548//1548 1713//1713 2302//2302
f 1025//1025 1550//1550 2282//2282
f 2304//2304 2302//2302 1795//1795
f 2304//2304 2301//2301 2302//2302
f 1753//1753 1769//1769 2322//2322
f 1758//1758 1483//1483 1479//1479
f 2552//2552 911//911 1389//1389
f 2231//2231 2320//2320 2226//2226
f 1405//1405 1404//1404 1455//1455
f 1386//1386 1613//1613 1395//1395
f 1395//1395 1384//1384 1386//1386
f 2482//2482 1657//1657 1614//1614
f 1633//1633 1643//1643 1718//1718
f 1824//1824 1414//1414 1745//1745
f 1736//1736 1504//1504 1757//1757
f 1957//1957 2012//2012 1629//1629
f 2001//2001 2012//2012 1443//1443
f 1412//1412 2581//2581 1623//1623
f 1462//1462 2448//2448 1497//1497
f 1389//1389 1410//1410 1687//1687
f 1410//1410 1389//1389 1741//1741
f 1741//1741 1389//1389 1745//1745
f 2273//2273 2316//2316 1994//1994
f 1716//1716 1521//1521 1417//1417
f 2227//2227 2239//2239 2323//2323
f 1393//1393 1840//1840 1656//1656
f 68//68 1823//1823 2543//2543
f 1462//1462 1657//1657 2482//2482
f 2320//2320 1833//1833 2226//2226
f 838//838 839//839 2233//2233
f 1737//1737 1425//1425 1883//1883
f 2236//2236 2219//2219 2321//2321
f 300//300 1769//1769 525//525
f 1841//1841 1172//1172 1700//1700
f 9//9 2225//2225 2321//2321
f 1988//1988 1700//1700 1172//1172
f 1637//1637 1838//1838 1630//1630
f 1701//1701 1839//1839 1840//1840
f 1840//1840 1393//1393 1701//1701
f 1988//1988 1840//1840 1700//1700
f 2217//2217 1279//1279 2234//2234
f 1659//1659 1656//1656 1840//1840
f 2322//2322 301//301 2260//2260
f 1659//1659 1988//1988 2003//2003
f 2003//2003 1769//1769 1659//1659
f 51//51 1172//1172 1841//1841
f 2229//2229 1985//1985 1853//1853
f 1660//1660 2229//2229 1853//1853
f 1660//1660 1987//1987 2229//2229
f 1830//1830 1833//1833 2320//2320
f 2219//2219 2231//2231 2226//2226
f 1803//1803 1835//1835 2575//2575
f 1480//1480 2256//2256 2603//2603
f 2236//2236 2215//2215 2218//2218
f 2321//2321 2225//2225 2236//2236
f 1692//1692 1991//1991 1826//1826
f 2232//2232 2225//2225 9//9
f 2225//2225 2323//2323 2237//2237
f 1995//1995 1621//1621 2123//2123
f 2238//2238 2240//2240 2221//2221
f 997//997 2240//2240 884//884
f 1242//1242 2590//2590 1649//1649
f 1335//1335 113//113 1827//1827
f 1820//1820 1883//1883 1843//1843
f 2240//2240 1249//1249 2239//2239
f 1224//1224 2228//2228 1229//1229
f 1348//1348 2229//2229 2230//2230
f 2233//2233 839//839 2230//2230
f 2234//2234 2320//2320 2231//2231
f 2231//2231 2217//2217 2234//2234
f 1029//1029 9//9 2321//2321
f 2237//2237 2228//2228 2216//2216
f 2238//2238 2221//2221 2227//2227
f 2215//2215 2225//2225 2237//2237
f 2239//2239 2221//2221 2240//2240
f 2228//2228 1224//1224 2216//2216
f 2216//2216 1224//1224 1119//1119
f 2237//2237 2239//2239 2228//2228
f 2225//2225 2232//2232 2323//2323
f 2237//2237 2323//2323 2239//2239
f 2232//2232 2238//2238 2323//2323
f 2323//2323 2238//2238 2227//2227
f 2238//2238 2232//2232 884//884
f 1096//1096 1249//1249 2240//2240
f 997//997 1096//1096 2240//2240
f 2229//2229 2233//2233 2230//2230
f 2274//2274 2269//2269 1461//1461
f 1279//1279 838//838 2235//2235
f 1822//1822 1650//1650 1751//1751
f 2481//2481 1462//1462 1620//1620
f 2453//2453 1508//1508 1762//1762
f 1619//1619 2453//2453 2452//2452
f 1411//1411 1394//1394 1412//1412
f 1623//1623 2581//2581 1619//1619
f 1765//1765 1628//1628 1764//1764
f 1764//1764 1628//1628 1738//1738
f 1395//1395 1406//1406 1384//1384
f 1496//1496 1973//1973 1422//1422
f 2482//2482 1608//1608 1462//1462
f 1402//1402 1471//1471 2458//2458
f 1786//1786 1559//1559 1654//1654
f 2316//2316 2274//2274 2271//2271
f 1402//1402 2271//2271 1461//1461
f 1655//1655 2223//2223 1654//1654
f 1907//1907 1976//1976 1977//1977
f 2271//2271 2274//2274 1461//1461
f 1506//1506 1575//1575 1576//1576
f 1470//1470 1457//1457 1793//1793
f 1662//1662 1492//1492 2008//2008
f 2268//2268 1463//1463 1480//1480
f 1907//1907 1977//1977 1778//1778
f 1486//1486 1554//1554 1399//1399
f 1975//1975 1977//1977 1976//1976
f 1559//1559 1655//1655 1654//1654
f 1633//1633 1722//1722 1643//1643
f 1716//1716 1519//1519 1522//1522
f 1491//1491 1522//1522 1519//1519
f 1759//1759 1403//1403 1578//1578
f 2275//2275 2017//2017 2029//2029
f 1775//1775 1906//1906 1865//1865
f 1392//1392 1680//1680 2698//2698
f 1700//1700 2001//2001 1841//1841
f 1472//1472 1418//1418 1419//1419
f 1620//1620 1462//1462 1497//1497
f 1481//1481 1452//1452 1477//1477
f 2268//2268 2262//2262 1910//1910
f 2315//2315 2254//2254 2047//2047
f 2456//2456 1770//1770 1771//1771
f 2604//2604 1770//1770 2456//2456
f 1408//1408 1948//1948 2703//2703
f 1624//1624 1674//1674 1669//1669
f 2483//2483 2466//2466 2478//2478
f 1671//1671 1447//1447 1401//1401
f 1671//1671 1401//1401 1624//1624
f 1674//1674 2396//2396 2386//2386
f 1554//1554 1691//1691 1485//1485
f 1398//1398 1576//1576 1956//1956
f 2703//2703 1487//1487 1408//1408
f 2599//2599 1408//1408 1453//1453
f 1487//1487 2253//2253 1453//1453
f 1496//1496 2698//2698 1973//1973
f 2447//2447 1606//1606 2254//2254
f 2253//2253 2254//2254 1453//1453
f 2000//2000 2249//2249 1496//1496
f 2486//2486 2518//2518 2526//2526
f 2606//2606 2605//2605 2607//2607
f 2705//2705 2704//2704 2758//2758
f 2395//2395 2503//2503 2505//2505
f 2707//2707 2706//2706 2338//2338
f 2709//2709 2768//2768 2708//2708
f 2499//2499 2516//2516 2501//2501
f 2837//2837 2362//2362 2766//2766
f 2614//2614 2711//2711 2367//2367
f 2615//2615 2656//2656 2762//2762
f 2618//2618 2657//2657 2617//2617
f 2620//2620 2683//2683 2619//2619
f 2825//2825 2623//2623 2520//2520
f 2715//2715 2324//2324 2714//2714
f 2716//2716 2609//2609 2707//2707
f 2837//2837 2368//2368 2342//2342
f 2719//2719 2350//2350 2758//2758
f 2497//2497 2498//2498 2502//2502
f 2500//2500 2501//2501 2516//2516
f 2633//2633 2367//2367 2711//2711
f 2505//2505 2503//2503 2524//2524
f 2497//2497 2488//2488 2498//2498
f 2487//2487 2486//2486 2526//2526
f 2487//2487 2387//2387 2623//2623
f 2616//2616 2658//2658 2639//2639
f 2722//2722 2382//2382 2378//2378
f 2327//2327 2539//2539 2530//2530
f 2515//2515 2530//2530 2436//2436
f 659//659 2370//2370 2372//2372
f 803//803 2328//2328 2392//2392
f 657//657 2350//2350 2349//2349
f 220//220 2382//2382 2329//2329
f 2529//2529 219//219 2417//2417
f 648//648 2357//2357 2334//2334
f 2359//2359 2325//2325 648//648
f 2324//2324 648//648 2325//2325
f 657//657 2337//2337 2350//2350
f 2420//2420 2355//2355 2354//2354
f 756//756 2392//2392 2380//2380
f 953//953 2348//2348 2364//2364
f 659//659 2531//2531 2370//2370
f 915//915 2394//2394 2339//2339
f 2352//2352 1032//1032 1213//1213
f 2382//2382 220//220 2378//2378
f 1213//1213 2353//2353 2352//2352
f 2367//2367 2370//2370 2531//2531
f 2339//2339 952//952 915//915
f 1032//1032 2352//2352 2393//2393
f 2532//2532 2393//2393 2332//2332
f 1032//1032 2393//2393 2532//2532
f 2353//2353 1213//1213 2461//2461
f 2329//2329 803//803 220//220
f 2328//2328 803//803 2329//2329
f 2687//2687 2332//2332 2655//2655
f 2330//2330 2395//2395 2438//2438
f 2343//2343 1197//1197 2697//2697
f 2394//2394 915//915 2343//2343
f 2343//2343 915//915 1197//1197
f 648//648 2422//2422 2359//2359
f 657//657 2349//2349 2355//2355
f 2337//2337 657//657 2418//2418
f 648//648 2324//2324 2357//2357
f 2392//2392 756//756 803//803
f 952//952 2339//2339 2338//2338
f 953//953 952//952 2348//2348
f 952//952 2338//2338 2348//2348
f 2534//2534 2459//2459 1760//1760
f 2356//2356 2537//2537 2585//2585
f 2459//2459 2358//2358 2361//2361
f 2460//2460 2381//2381 1812//1812
f 2360//2360 2381//2381 2460//2460
f 2460//2460 2361//2361 2326//2326
f 2459//2459 2361//2361 2460//2460
f 2535//2535 2346//2346 2347//2347
f 2451//2451 1552//1552 2538//2538
f 1557//1557 2362//2362 2342//2342
f 2534//2534 1760//1760 2537//2537
f 2371//2371 2366//2366 1742//1742
f 2366//2366 2363//2363 1742//1742
f 2538//2538 1742//1742 2363//2363
f 2538//2538 2363//2363 2365//2365
f 2461//2461 2368//2368 2353//2353
f 2381//2381 1743//1743 1812//1812
f 2371//2371 1743//1743 2373//2373
f 2585//2585 2376//2376 2356//2356
f 2459//2459 2335//2335 2358//2358
f 2333//2333 2335//2335 2459//2459
f 1743//1743 2381//2381 2373//2373
f 1557//1557 2340//2340 2362//2362
f 2347//2347 2340//2340 2535//2535
f 2340//2340 1557//1557 2535//2535
f 2535//2535 2451//2451 2538//2538
f 1669//1669 2385//2385 2383//2383
f 2723//2723 2377//2377 2374//2374
f 2327//2327 2387//2387 2539//2539
f 2460//2460 2326//2326 2360//2360
f 2723//2723 2374//2374 2376//2376
f 2536//2536 2388//2388 2528//2528
f 2723//2723 1670//1670 2391//2391
f 2723//2723 2391//2391 2377//2377
f 2397//2397 2483//2483 2642//2642
f 2536//2536 2441//2441 1474//1474
f 2540//2540 2541//2541 2464//2464
f 2384//2384 1669//1669 1674//1674
f 2385//2385 1669//1669 2384//2384
f 2384//2384 1674//1674 2386//2386
f 1670//1670 2383//2383 2391//2391
f 1669//1669 2383//2383 1670//1670
f 2411//2411 2404//2404 2398//2398
f 55//55 2400//2400 2399//2399
f 1322//1322 193//193 107//107
f 2398//2398 2404//2404 2405//2405
f 2400//2400 55//55 1204//1204
f 2399//2399 2412//2412 109//109
f 109//109 55//55 2399//2399
f 2400//2400 1204//1204 1160//1160
f 2401//2401 1272//1272 2571//2571
f 2405//2405 1377//1377 1378//1378
f 1272//1272 2401//2401 2406//2406
f 1695//1695 2399//2399 2411//2411
f 2407//2407 2405//2405 2406//2406
f 2029//2029 2017//2017 2403//2403
f 2401//2401 2029//2029 2406//2406
f 2017//2017 2408//2408 2403//2403
f 2409//2409 2021//2021 1825//1825
f 1699//1699 2021//2021 2409//2409
f 2411//2411 1160//1160 2404//2404
f 62//62 1345//1345 869//869
f 2407//2407 2029//2029 2403//2403
f 2403//2403 2408//2408 1695//1695
f 2407//2407 2403//2403 1695//1695
f 1695//1695 2408//2408 2412//2412
f 2398//2398 1695//1695 2411//2411
f 2275//2275 2021//2021 1699//1699
f 2406//2406 2405//2405 1272//1272
f 2398//2398 2405//2405 2407//2407
f 2399//2399 2400//2400 2411//2411
f 2402//2402 1836//1836 2410//2410
f 992//992 2410//2410 1785//1785
f 1836//1836 1784//1784 1785//1785
f 1699//1699 2409//2409 2402//2402
f 2407//2407 2406//2406 2029//2029
f 665//665 1378//1378 1377//1377
f 2404//2404 1377//1377 2405//2405
f 992//992 2412//2412 2410//2410
f 1378//1378 1272//1272 2405//2405
f 1160//1160 859//859 2404//2404
f 2275//2275 1699//1699 2017//2017
f 1699//1699 2402//2402 2017//2017
f 1695//1695 2412//2412 2399//2399
f 2411//2411 2400//2400 1160//1160
f 1695//1695 2398//2398 2407//2407
f 170//170 2413//2413 171//171
f 2413//2413 386//386 2414//2414
f 431//431 425//425 2415//2415
f 338//338 581//581 2417//2417
f 2419//2419 490//490 647//647
f 2418//2418 647//647 648//648
f 657//657 2419//2419 2418//2418
f 2421//2421 581//581 2420//2420
f 2355//2355 2420//2420 657//657
f 2529//2529 2417//2417 2421//2421
f 648//648 449//449 2422//2422
f 2426//2426 2422//2422 449//449
f 2426//2426 659//659 2422//2422
f 558//558 706//706 313//313
f 656//656 340//340 618//618
f 2425//2425 659//659 2426//2426
f 2426//2426 2423//2423 2425//2425
f 449//449 496//496 2426//2426
f 655//655 2531//2531 2425//2425
f 1015//1015 2429//2429 1017//1017
f 1020//1020 881//881 2532//2532
f 881//881 1545//1545 880//880
f 809//809 1545//1545 882//882
f 953//953 980//980 982//982
f 953//953 982//982 952//952
f 2427//2427 2431//2431 1134//1134
f 1033//1033 2432//2432 1044//1044
f 2438//2438 2395//2395 2433//2433
f 2432//2432 2433//2433 1044//1044
f 2434//2434 1017//1017 2429//2429
f 2697//2697 2434//2434 2439//2439
f 2533//2533 2439//2439 2429//2429
f 1044//1044 2433//2433 2533//2533
f 2419//2419 657//657 2420//2420
f 623//623 2420//2420 581//581
f 490//490 2419//2419 623//623
f 526//526 540//540 27//27
f 27//27 684//684 526//526
f 433//433 2415//2415 425//425
f 431//431 2415//2415 552//552
f 170//170 2435//2435 2415//2415
f 2437//2437 217//217 2436//2436
f 216//216 2436//2436 217//217
f 467//467 2424//2424 2435//2435
f 1032//1032 880//880 2430//2430
f 2688//2688 1019//1019 2555//2555
f 951//951 1017//1017 2434//2434
f 2434//2434 2428//2428 951//951
f 2439//2439 2331//2331 2344//2344
f 2547//2547 467//467 2435//2435
f 761//761 2559//2559 386//386
f 1466//1466 1444//1444 1441//1441
f 2642//2642 2441//2441 2536//2536
f 1546//1546 1558//1558 2442//2442
f 2442//2442 2443//2443 1546//1546
f 1473//1473 1474//1474 2441//2441
f 2446//2446 2441//2441 2642//2642
f 1471//1471 1473//1473 2446//2446
f 1560//1560 1598//1598 1561//1561
f 1744//1744 1607//1607 2447//2447
f 1689//1689 1441//1441 2449//2449
f 1608//1608 2643//2643 1607//1607
f 1421//1421 1780//1780 1654//1654
f 1667//1667 1488//1488 1465//1465
f 1742//1742 1552//1552 1534//1534
f 1385//1385 1388//1388 1611//1611
f 1657//1657 1613//1613 1385//1385
f 1643//1643 1640//1640 2450//2450
f 1762//1762 1763//1763 2452//2452
f 1762//1762 1502//1502 1467//1467
f 1502//1502 1762//1762 2440//2440
f 1508//1508 2440//2440 1762//1762
f 2454//2454 1761//1761 1448//1448
f 2456//2456 2455//2455 1810//1810
f 2456//2456 1771//1771 2455//2455
f 1773//1773 2455//2455 1771//1771
f 1787//1787 2457//2457 1789//1789
f 1790//1790 2457//2457 2477//2477
f 1760//1760 1601//1601 2537//2537
f 1742//1742 2538//2538 1552//1552
f 2462//2462 2271//2271 2458//2458
f 1760//1760 2459//2459 1558//1558
f 1558//1558 2459//2459 2442//2442
f 1812//1812 2443//2443 2442//2442
f 1812//1812 2442//2442 2460//2460
f 1536//1536 2461//2461 1740//1740
f 2535//2535 1556//1556 2451//2451
f 1688//1688 1594//1594 2463//2463
f 2465//2465 1922//1922 2464//2464
f 1875//1875 2464//2464 1922//1922
f 217//217 2437//2437 1861//1861
f 1624//1624 2466//2466 1674//1674
f 2396//2396 1674//1674 2466//2466
f 1705//1705 1492//1492 2444//2444
f 1705//1705 1708//1708 1561//1561
f 2019//2019 2477//2477 464//464
f 1979//1979 1748//1748 2467//2467
f 2468//2468 2467//2467 2471//2471
f 2040//2040 1979//1979 2468//2468
f 2052//2052 2472//2472 2051//2051
f 2040//2040 1980//1980 2592//2592
f 2111//2111 2062//2062 2244//2244
f 1579//1579 2593//2593 2064//2064
f 1772//1772 2061//2061 2129//2129
f 2129//2129 1773//1773 1772//1772
f 1748//1748 2124//2124 2467//2467
f 2109//2109 2108//2108 2468//2468
f 2480//2480 1980//1980 2473//2473
f 2052//2052 2147//2147 2470//2470
f 2115//2115 2062//2062 2060//2060
f 2060//2060 2062//2062 2111//2111
f 2147//2147 2052//2052 2469//2469
f 2046//2046 2105//2105 2470//2470
f 2061//2061 2058//2058 2031//2031
f 2088//2088 2131//2131 2700//2700
f 1420//1420 1437//1437 1409//1409
f 1655//1655 1559//1559 1605//1605
f 356//356 1423//1423 380//380
f 1788//1788 1773//1773 2129//2129
f 2474//2474 1448//1448 1447//1447
f 1463//1463 1885//1885 2445//2445
f 1539//1539 1648//1648 2475//2475
f 1539//1539 2475//2475 1708//1708
f 1850//1850 1854//1854 1604//1604
f 1605//1605 1612//1612 2476//2476
f 2020//2020 2477//2477 2019//2019
f 2020//2020 1790//1790 2477//2477
f 1480//1480 2603//2603 2268//2268
f 2478//2478 2462//2462 2458//2458
f 2446//2446 2458//2458 1471//1471
f 2642//2642 2478//2478 2446//2446
f 464//464 2477//2477 2601//2601
f 462//462 2019//2019 2416//2416
f 2703//2703 1454//1454 2595//2595
f 1388//1388 1655//1655 2476//2476
f 1605//1605 2476//2476 1655//1655
f 2447//2447 2643//2643 1651//1651
f 1651//1651 1606//1606 2447//2447
f 2592//2592 1980//1980 1605//1605
f 2480//2480 1606//1606 1651//1651
f 1651//1651 1612//1612 2480//2480
f 1611//1611 1612//1612 1651//1651
f 1495//1495 2595//2595 2262//2262
f 2262//2262 2479//2479 1495//1495
f 1651//1651 2643//2643 1610//1610
f 1608//1608 2482//2482 2643//2643
f 1605//1605 1559//1559 1589//1589
f 1616//1616 1707//1707 1615//1615
f 2448//2448 1462//1462 1616//1616
f 2723//2723 2454//2454 2474//2474
f 1657//1657 1462//1462 2481//2481
f 1402//1402 2458//2458 2271//2271
f 1447//1447 1671//1671 2474//2474
f 2483//2483 2396//2396 2466//2466
f 2478//2478 2466//2466 2462//2462
f 2642//2642 2483//2483 2478//2478
f 1744//1744 2447//2447 2254//2254
f 2724//2724 2328//2328 2826//2826
f 2647//2647 2646//2646 2649//2649
f 2728//2728 2725//2725 2335//2335
f 2729//2729 2728//2728 2333//2333
f 2732//2732 2730//2730 2523//2523
f 2720//2720 2733//2733 2828//2828
f 2631//2631 2630//2630 2635//2635
f 2736//2736 2800//2800 2735//2735
f 2738//2738 2359//2359 2739//2739
f 2627//2627 2626//2626 2651//2651
f 2654//2654 2352//2352 2613//2613
f 2504//2504 2524//2524 2503//2503
f 2740//2740 2764//2764 2343//2343
f 2743//2743 2656//2656 2742//2742
f 2633//2633 2632//2632 2634//2634
f 2747//2747 2746//2746 2374//2374
f 2640//2640 2629//2629 2645//2645
f 2641//2641 2640//2640 2645//2645
f 2661//2661 2662//2662 2660//2660
f 2485//2485 2397//2397 2661//2661
f 2750//2750 2658//2658 2641//2641
f 2752//2752 2326//2326 2848//2848
f 2753//2753 2713//2713 2825//2825
f 2756//2756 2867//2867 2755//2755
f 2613//2613 2352//2352 2650//2650
f 2718//2718 2719//2719 2758//2758
f 2502//2502 2484//2484 2497//2497
f 2672//2672 2677//2677 2671//2671
f 2652//2652 2653//2653 2672//2672
f 2353//2353 2650//2650 2352//2352
f 2762//2762 2743//2743 2761//2761
f 2765//2765 2716//2716 2764//2764
f 2766//2766 2340//2340 2767//2767
f 2768//2768 2369//2369 2708//2708
f 2676//2676 2495//2495 2670//2670
f 2488//2488 2497//2497 2489//2489
f 2648//2648 2646//2646 2611//2611
f 2771//2771 2516//2516 2511//2511
f 2773//2773 2772//2772 2364//2364
f 2789//2789 2774//2774 2525//2525
f 2679//2679 2637//2637 2656//2656
f 2622//2622 2644//2644 2629//2629
f 2757//2757 2385//2385 2777//2777
f 2778//2778 2734//2734 2496//2496
f 2683//2683 2620//2620 2624//2624
f 2529//2529 2375//2375 2378//2378
f 2530//2530 2515//2515 2379//2379
f 2379//2379 2327//2327 2530//2530
f 216//216 2515//2515 2436//2436
f 2375//2375 2421//2421 2354//2354
f 2420//2420 2354//2354 2421//2421
f 2421//2421 2375//2375 2529//2529
f 2359//2359 2422//2422 2372//2372
f 659//659 2372//2372 2422//2422
f 220//220 2529//2529 2378//2378
f 953//953 2364//2364 2531//2531
f 2367//2367 2531//2531 2364//2364
f 2687//2687 2532//2532 2332//2332
f 2330//2330 2438//2438 2555//2555
f 2433//2433 2345//2345 2341//2341
f 2341//2341 2533//2533 2433//2433
f 2533//2533 2341//2341 2331//2331
f 2331//2331 2439//2439 2533//2533
f 216//216 2380//2380 2515//2515
f 2337//2337 2418//2418 2334//2334
f 648//648 2334//2334 2418//2418
f 2351//2351 2336//2336 2534//2534
f 2534//2534 2333//2333 2459//2459
f 2333//2333 2534//2534 2336//2336
f 1474//1474 2541//2541 2536//2536
f 2537//2537 2356//2356 2369//2369
f 2534//2534 2537//2537 2351//2351
f 2369//2369 2351//2351 2537//2537
f 2371//2371 1742//1742 1743//1743
f 2454//2454 2376//2376 2585//2585
f 2535//2535 2538//2538 2365//2365
f 2365//2365 2346//2346 2535//2535
f 2528//2528 2397//2397 2642//2642
f 2539//2539 1875//1875 2587//2587
f 2530//2530 2539//2539 1241//1241
f 2587//2587 1241//1241 2539//2539
f 2536//2536 2528//2528 2642//2642
f 1875//1875 2390//2390 2540//2540
f 2485//2485 2396//2396 2483//2483
f 2397//2397 2485//2485 2483//2483
f 2541//2541 2389//2389 2388//2388
f 2388//2388 2536//2536 2541//2541
f 2664//2664 2389//2389 2541//2541
f 2464//2464 2541//2541 1474//1474
f 1875//1875 2540//2540 2464//2464
f 2539//2539 2387//2387 2390//2390
f 1318//1318 2542//2542 1237//1237
f 178//178 1396//1396 68//68
f 190//190 179//179 2544//2544
f 456//456 219//219 220//220
f 245//245 2545//2545 119//119
f 219//219 456//456 2546//2546
f 1381//1381 181//181 173//173
f 258//258 2547//2547 174//174
f 1062//1062 2548//2548 425//425
f 540//540 539//539 333//333
f 540//540 526//526 539//539
f 299//299 667//667 811//811
f 246//246 2564//2564 1143//1143
f 857//857 1217//1217 2550//2550
f 1682//1682 2551//2551 899//899
f 1682//1682 2580//2580 2551//2551
f 2693//2693 1121//1121 2558//2558
f 854//854 2552//2552 1692//1692
f 891//891 137//137 2554//2554
f 1020//1020 1019//1019 882//882
f 248//248 840//840 966//966
f 932//932 1129//1129 809//809
f 2217//2217 246//246 1143//1143
f 1198//1198 985//985 2556//2556
f 202//202 107//107 2557//2557
f 567//567 317//317 697//697
f 2436//2436 1241//1241 2437//2437
f 597//597 330//330 770//770
f 984//984 1075//1075 2559//2559
f 2004//2004 230//230 376//376
f 2217//2217 1143//1143 1279//1279
f 1236//1236 865//865 850//850
f 363//363 364//364 177//177
f 758//758 177//177 364//364
f 954//954 115//115 2560//2560
f 935//935 996//996 934//934
f 986//986 886//886 996//996
f 1140//1140 885//885 2562//2562
f 2563//2563 1339//1339 1174//1174
f 105//105 2690//2690 2563//2563
f 105//105 2563//2563 1319//1319
f 1029//1029 2565//2565 63//63
f 1297//1297 1842//1842 2566//2566
f 1001//1001 2566//2566 1338//1338
f 1206//1206 2564//2564 1281//1281
f 1087//1087 2556//2556 995//995
f 119//119 2545//2545 1227//1227
f 1275//1275 2568//2568 1284//1284
f 1223//1223 2568//2568 1288//1288
f 2569//2569 311//311 1371//1371
f 1371//1371 61//61 2569//2569
f 357//357 1379//1379 1355//1355
f 1338//1338 2566//2566 1078//1078
f 52//52 261//261 990//990
f 130//130 1162//1162 2578//2578
f 1162//1162 139//139 2578//2578
f 1065//1065 1080//1080 1350//1350
f 1369//1369 767//767 2570//2570
f 312//312 2571//2571 362//362
f 1381//1381 509//509 181//181
f 2573//2573 1143//1143 2564//2564
f 2564//2564 21//21 2573//2573
f 63//63 1366//1366 2553//2553
f 2781//2781 2553//2553 1366//1366
f 1369//1369 2570//2570 1361//1361
f 989//989 57//57 2561//2561
f 954//954 2560//2560 50//50
f 171//171 172//172 2547//2547
f 367//367 2574//2574 1746//1746
f 21//21 1310//1310 1291//1291
f 2138//2138 1209//1209 1205//1205
f 295//295 2572//2572 65//65
f 1407//1407 666//666 2575//2575
f 303//303 1374//1374 1365//1365
f 1275//1275 1288//1288 2568//2568
f 141//141 1433//1433 2578//2578
f 1444//1444 2579//2579 2577//2577
f 1418//1418 2576//2576 1415//1415
f 1413//1413 2579//2579 1424//1424
f 1417//1417 2580//2580 1468//1468
f 1553//1553 2583//2583 1552//1552
f 1650//1650 1601//1601 2584//2584
f 1609//1609 1608//1608 1607//1607
f 1617//1617 2581//2581 1497//1497
f 1433//1433 2582//2582 1437//1437
f 1533//1533 1537//1537 2583//2583
f 1537//1537 1535//1535 2583//2583
f 1547//1547 1725//1725 2584//2584
f 1725//1725 1555//1555 2584//2584
f 1601//1601 1761//1761 2585//2585
f 1723//1723 1489//1489 1696//1696
f 1533//1533 2583//2583 1553//1553
f 880//880 2586//2586 2430//2430
f 1734//1734 2586//2586 1735//1735
f 2368//2368 1557//1557 2342//2342
f 1536//1536 1557//1557 2461//2461
f 1172//1172 1284//1284 1988//1988
f 1366//1366 63//63 2782//2782
f 1871//1871 2588//2588 1867//1867
f 1869//1869 1241//1241 2587//2587
f 1863//1863 617//617 1962//1962
f 1413//1413 2577//2577 2579//2579
f 1540//1540 1595//1595 2589//2589
f 2572//2572 1649//1649 1380//1380
f 1991//1991 1825//1825 2590//2590
f 1991//1991 2590//2590 1826//1826
f 2469//2469 2051//2051 2591//2591
f 1908//1908 2011//2011 1585//1585
f 2120//2120 2112//2112 2111//2111
f 2470//2470 2105//2105 2052//2052
f 2092//2092 2088//2088 2071//2071
f 2071//2071 2134//2134 2092//2092
f 246//246 2217//2217 2701//2701
f 1426//1426 1436//1436 2576//2576
f 2224//2224 1342//1342 2215//2215
f 2703//2703 2595//2595 1487//1487
f 1545//1545 1782//1782 2586//2586
f 1733//1733 1533//1533 1714//1714
f 2702//2702 2597//2597 2265//2265
f 2264//2264 2255//2255 2597//2597
f 2259//2259 2479//2479 2603//2603
f 2249//2249 2596//2596 2248//2248
f 1452//1452 1690//1690 2598//2598
f 1810//1810 2599//2599 2456//2456
f 1487//1487 2595//2595 1495//1495
f 1399//1399 1793//1793 1486//1486
f 2265//2265 2597//2597 1847//1847
f 1551//1551 2600//2600 2289//2289
f 2457//2457 2283//2283 2601//2601
f 2257//2257 1662//1662 1595//1595
f 1592//1592 1662//1662 2257//2257
f 1502//1502 1476//1476 2598//2598
f 1477//1477 1452//1452 2598//2598
f 2073//2073 2112//2112 2594//2594
f 2181//2181 2064//2064 2593//2593
f 2603//2603 2256//2256 1449//1449
f 1449//1449 1724//1724 2603//2603
f 1578//1578 1994//1994 2602//2602
f 2456//2456 2599//2599 2604//2604
f 1453//1453 2254//2254 2604//2604
f 443//443 2601//2601 2283//2283
f 1611//1611 1614//1614 1385//1385
f 1616//1616 1609//1609 1707//1707
f 1284//1284 2003//2003 1988//1988
f 57//57 1803//1803 2575//2575
f 1626//1626 2577//2577 1411//1411
f 1399//1399 1470//1470 1793//1793
f 1463//1463 2268//2268 1910//1910
f 2604//2604 2599//2599 1453//1453
f 2397//2397 2662//2662 2661//2661
f 2380//2380 2797//2797 2515//2515
f 2498//2498 2488//2488 2490//2490
f 2605//2605 2606//2606 2651//2651
f 2735//2735 2732//2732 2731//2731
f 2330//2330 2655//2655 2504//2504
f 2784//2784 2492//2492 2774//2774
f 2785//2785 2512//2512 2786//2786
f 2760//2760 2754//2754 2665//2665
f 2344//2344 2331//2331 2740//2740
f 2331//2331 2341//2341 2612//2612
f 2332//2332 2787//2787 2788//2788
f 2668//2668 2787//2787 2613//2613
f 2789//2789 2525//2525 2790//2790
f 2792//2792 2790//2790 2506//2506
f 2794//2794 2616//2616 2793//2793
f 2512//2512 2795//2795 2513//2513
f 2867//2867 2796//2796 2864//2864
f 2518//2518 2517//2517 2522//2522
f 2526//2526 2519//2519 2664//2664
f 2713//2713 2379//2379 2663//2663
f 2387//2387 2520//2520 2623//2623
f 2522//2522 2521//2521 2514//2514
f 2799//2799 2625//2625 2636//2636
f 2636//2636 2798//2798 2799//2799
f 2800//2800 2626//2626 2799//2799
f 2802//2802 2801//2801 2521//2521
f 2803//2803 2801//2801 2658//2658
f 2805//2805 2804//2804 2492//2492
f 2487//2487 2806//2806 2486//2486
f 2353//2353 2837//2837 2710//2710
f 2488//2488 2808//2808 2490//2490
f 2730//2730 2490//2490 2810//2810
f 2811//2811 2744//2744 2734//2734
f 2837//2837 2353//2353 2368//2368
f 2745//2745 2812//2812 2510//2510
f 2813//2813 2510//2510 2812//2812
f 2745//2745 2814//2814 2636//2636
f 2817//2817 2493//2493 2816//2816
f 2816//2816 2815//2815 2788//2788
f 2509//2509 2818//2818 2819//2819
f 2744//2744 2821//2821 2496//2496
f 2638//2638 2637//2637 2679//2679
f 2775//2775 2789//2789 2507//2507
f 2390//2390 2387//2387 2526//2526
f 2527//2527 2818//2818 2786//2786
f 2793//2793 2823//2823 2822//2822
f 2527//2527 2512//2512 2513//2513
f 2806//2806 2824//2824 2802//2802
f 2801//2801 2824//2824 2640//2640
f 202//202 1322//1322 107//107
f 932//932 2427//2427 1129//1129
f 953//953 2531//2531 655//655
f 1020//1020 2687//2687 1019//1019
f 344//344 338//338 2417//2417
f 2432//2432 2688//2688 2438//2438
f 516//516 467//467 2547//2547
f 2435//2435 171//171 2547//2547
f 2462//2462 2466//2466 1624//1624
f 2052//2052 2051//2051 2469//2469
f 2040//2040 2592//2592 1979//1979
f 1605//1605 1589//1589 2592//2592
f 1610//1610 1614//1614 1611//1611
f 1610//1610 2643//2643 2482//2482
f 2324//2324 2738//2738 2714//2714
f 2628//2628 2825//2825 2622//2622
f 2717//2717 2826//2826 2641//2641
f 2330//2330 2503//2503 2395//2395
f 2648//2648 2728//2728 2646//2646
f 2646//2646 2647//2647 2611//2611
f 2827//2827 2489//2489 2760//2760
f 2646//2646 2727//2727 2649//2649
f 2669//2669 2827//2827 2647//2647
f 2731//2731 2523//2523 2811//2811
f 2704//2704 2834//2834 2606//2606
f 2764//2764 2716//2716 2339//2339
f 2828//2828 2733//2733 2638//2638
f 2817//2817 2668//2668 2828//2828
f 2830//2830 2506//2506 2804//2804
f 2832//2832 2831//2831 2833//2833
f 2833//2833 2355//2355 2832//2832
f 2821//2821 2494//2494 2819//2819
f 2834//2834 2357//2357 2715//2715
f 2800//2800 2498//2498 2735//2735
f 2499//2499 2501//2501 2484//2484
f 2835//2835 2715//2715 2714//2714
f 2504//2504 2503//2503 2330//2330
f 2740//2740 2675//2675 2765//2765
f 2853//2853 2345//2345 2505//2505
f 2838//2838 2345//2345 2839//2839
f 2776//2776 2791//2791 2506//2506
f 2743//2743 2366//2366 2761//2761
f 2792//2792 2840//2840 2510//2510
f 2635//2635 2734//2734 2681//2681
f 2832//2832 2719//2719 2718//2718
f 2633//2633 2842//2842 2370//2370
f 2842//2842 2841//2841 2372//2372
f 2780//2780 2746//2746 2657//2657
f 2747//2747 2377//2377 2851//2851
f 2779//2779 2618//2618 2512//2512
f 2794//2794 2514//2514 2521//2521
f 2625//2625 2841//2841 2634//2634
f 2628//2628 2629//2629 2640//2640
f 2517//2517 2518//2518 2486//2486
f 2826//2826 2722//2722 2721//2721
f 2757//2757 2843//2843 2660//2660
f 2844//2844 2843//2843 2777//2777
f 2659//2659 2680//2680 2662//2662
f 2843//2843 2845//2845 2485//2485
f 2396//2396 2845//2845 2844//2844
f 2749//2749 2748//2748 2680//2680
f 2749//2749 2528//2528 2388//2388
f 2515//2515 2797//2797 2621//2621
f 2797//2797 2380//2380 2724//2724
f 2526//2526 2664//2664 2390//2390
f 2750//2750 2378//2378 2375//2375
f 2522//2522 2517//2517 2521//2521
f 2752//2752 2737//2737 2326//2326
f 2846//2846 2665//2665 2754//2754
f 2846//2846 2836//2836 2665//2665
f 2621//2621 2663//2663 2515//2515
f 2380//2380 2392//2392 2724//2724
f 2856//2856 2648//2648 2849//2849
f 2751//2751 2752//2752 2849//2849
f 2847//2847 2846//2846 2754//2754
f 2795//2795 2850//2850 2514//2514
f 2755//2755 2850//2850 2667//2667
f 2852//2852 2851//2851 2391//2391
f 2829//2829 2668//2668 2767//2767
f 2853//2853 2505//2505 2805//2805
f 2787//2787 2393//2393 2654//2654
f 2352//2352 2654//2654 2393//2393
f 2630//2630 2704//2704 2607//2607
f 2759//2759 2669//2669 2727//2727
f 2854//2854 2670//2670 2855//2855
f 2854//2854 2494//2494 2730//2730
f 2848//2848 2849//2849 2752//2752
f 2672//2672 2671//2671 2652//2652
f 2836//2836 2771//2771 2770//2770
f 2737//2737 2857//2857 2381//2381
f 2858//2858 2673//2673 2761//2761
f 2859//2859 2510//2510 2840//2840
f 2763//2763 2859//2859 2508//2508
f 2858//2858 2373//2373 2769//2769
f 2839//2839 2345//2345 2853//2853
f 2766//2766 2613//2613 2650//2650
f 2860//2860 2855//2855 2820//2820
f 2709//2709 2861//2861 2610//2610
f 2860//2860 2509//2509 2854//2854
f 2676//2676 2670//2670 2669//2669
f 2759//2759 2768//2768 2709//2709
f 2856//2856 2725//2725 2726//2726
f 2770//2770 2511//2511 2763//2763
f 2862//2862 2769//2769 2373//2373
f 2862//2862 2857//2857 2671//2671
f 2783//2783 2774//2774 2775//2775
f 2678//2678 2608//2608 2609//2609
f 2773//2773 2706//2706 2707//2707
f 2772//2772 2614//2614 2367//2367
f 2863//2863 2637//2637 2720//2720
f 2863//2863 2365//2365 2742//2742
f 2656//2656 2615//2615 2679//2679
f 2830//2830 2493//2493 2776//2776
f 2487//2487 2526//2526 2387//2387
f 2644//2644 2622//2622 2621//2621
f 2748//2748 2864//2864 2796//2796
f 2867//2867 2864//2864 2518//2518
f 2660//2660 2662//2662 2680//2680
f 2526//2526 2518//2518 2519//2519
f 2496//2496 2823//2823 2778//2778
f 2865//2865 2833//2833 2681//2681
f 2865//2865 2712//2712 2375//2375
f 2861//2861 2356//2356 2866//2866
f 2780//2780 2657//2657 2866//2866
f 2657//2657 2618//2618 2682//2682
f 2785//2785 2495//2495 2779//2779
f 2519//2519 2389//2389 2664//2664
f 2327//2327 2520//2520 2387//2387
f 2383//2383 2385//2385 2852//2852
f 2867//2867 2522//2522 2755//2755
f 2436//2436 2530//2530 1241//1241
f 2390//2390 2664//2664 2540//2540
f 2540//2540 2664//2664 2541//2541
f 282//282 323//323 320//320
f 539//539 427//427 538//538
f 483//483 650//650 624//624
f 282//282 708//708 814//814
f 691//691 2686//2686 731//731
f 790//790 788//788 789//789
f 2686//2686 786//786 731//731
f 2686//2686 716//716 815//815
f 815//815 786//786 2686//2686
f 1322//1322 868//868 1267//1267
f 1255//1255 1327//1327 1356//1356
f 2555//2555 1019//1019 2687//2687
f 1008//1008 1212//1212 933//933
f 2431//2431 1012//1012 1134//1134
f 1080//1080 911//911 2694//2694
f 63//63 2553//2553 60//60
f 844//844 60//60 2553//2553
f 2688//2688 2432//2432 1033//1033
f 2431//2431 932//932 2688//2688
f 1197//1197 2428//2428 2697//2697
f 709//709 2686//2686 481//481
f 2258//2258 831//831 1255//1255
f 1255//1255 1356//1356 2258//2258
f 1073//1073 2689//2689 515//515
f 34//34 261//261 1283//1283
f 66//66 64//64 2690//2690
f 1281//1281 1280//1280 2691//2691
f 1143//1143 2573//2573 2692//2692
f 2691//2691 1206//1206 1281//1281
f 1132//1132 1174//1174 1126//1126
f 302//302 289//289 524//524
f 34//34 1040//1040 261//261
f 261//261 1039//1039 990//990
f 105//105 2285//2285 2690//2690
f 1223//1223 2693//2693 870//870
f 361//361 2694//2694 1079//1079
f 1379//1379 2695//2695 1355//1355
f 514//514 1179//1179 2696//2696
f 2428//2428 2434//2434 2697//2697
f 1336//1336 1334//1334 2567//2567
f 1334//1334 519//519 2691//2691
f 517//517 173//173 2684//2684
f 1205//1205 871//871 1328//1328
f 361//361 1360//1360 2694//2694
f 1949//1949 1973//1973 2698//2698
f 1458//1458 2699//2699 1879//1879
f 2549//2549 223//223 2685//2685
f 711//711 2699//2699 776//776
f 1929//1929 1941//1941 1940//1940
f 1366//1366 2782//2782 1085//1085
f 2094//2094 2043//2043 2096//2096
f 2133//2133 2184//2184 2132//2132
f 1781//1781 1780//1780 1423//1423
f 2217//2217 2219//2219 2701//2701
f 884//884 2232//2232 1230//1230
f 2128//2128 2031//2031 2056//2056
f 2127//2127 2471//2471 2036//2036
f 2056//2056 2054//2054 2164//2164
f 710//710 2699//2699 711//711
f 2702//2702 1821//1821 2264//2264
f 57//57 1784//1784 1803//1803
f 1588//1588 2592//2592 1587//1587
f 1787//1787 1460//1460 2283//2283
f 1595//1595 1662//1662 2589//2589
f 1982//1982 2304//2304 1565//1565
f 1569//1569 275//275 215//215
f 2594//2594 2245//2245 2222//2222
f 1392//1392 1496//1496 2248//2248
f 1793//1793 2602//2602 1822//1822
f 2236//2236 2225//2225 2215//2215
f 1769//1769 1753//1753 1434//1434
f 1793//1793 1578//1578 2602//2602
f 1671//1671 1670//1670 2474//2474
f 2606//2606 2607//2607 2704//2704
f 2704//2704 2705//2705 2834//2834
f 2609//2609 2608//2608 2707//2707
f 2772//2772 2707//2707 2608//2608
f 2709//2709 2708//2708 2861//2861
f 2610//2610 2495//2495 2676//2676
f 2353//2353 2710//2710 2650//2650
f 2766//2766 2650//2650 2710//2710
f 2614//2614 2507//2507 2632//2632
f 2639//2639 2658//2658 2712//2712
f 2750//2750 2712//2712 2658//2658
f 2713//2713 2663//2663 2622//2622
f 2622//2622 2825//2825 2713//2713
f 2835//2835 2714//2714 2627//2627
f 2626//2626 2627//2627 2714//2714
f 2707//2707 2338//2338 2716//2716
f 2339//2339 2716//2716 2338//2338
f 2645//2645 2629//2629 2644//2644
f 2831//2831 2718//2718 2631//2631
f 2630//2630 2631//2631 2718//2718
f 2632//2632 2633//2633 2711//2711
f 2637//2637 2638//2638 2733//2733
f 2826//2826 2721//2721 2641//2641
f 2750//2750 2641//2641 2721//2721
f 2687//2687 2655//2655 2330//2330
f 2330//2330 2555//2555 2687//2687
f 2343//2343 2697//2697 2344//2344
f 449//449 648//648 647//647
f 2431//2431 1033//1033 1012//1012
f 2344//2344 2697//2697 2439//2439
f 2533//2533 2429//2429 1044//1044
f 1032//1032 2430//2430 1213//1213
f 2438//2438 2688//2688 2555//2555
f 1657//1657 1385//1385 1614//1614
f 2088//2088 2700//2700 2469//2469
f 2309//2309 2703//2703 1948//1948
f 1670//1670 2723//2723 2474//2474
f 1669//1669 1670//1670 1671//1671
f 2738//2738 2625//2625 2626//2626
f 2626//2626 2714//2714 2738//2738
f 2621//2621 2717//2717 2644//2644
f 2645//2645 2644//2644 2717//2717
f 2728//2728 2648//2648 2726//2726
f 2856//2856 2726//2726 2648//2648
f 2669//2669 2649//2649 2727//2727
f 2727//2727 2646//2646 2729//2729
f 2728//2728 2729//2729 2646//2646
f 2732//2732 2498//2498 2730//2730
f 2731//2731 2732//2732 2523//2523
f 2607//2607 2605//2605 2731//2731
f 2638//2638 2493//2493 2817//2817
f 2733//2733 2720//2720 2637//2637
f 2736//2736 2735//2735 2605//2605
f 2605//2605 2651//2651 2736//2736
f 2360//2360 2326//2326 2737//2737
f 2739//2739 2841//2841 2625//2625
f 2625//2625 2738//2738 2739//2739
f 2741//2741 2344//2344 2740//2740
f 2675//2675 2740//2740 2612//2612
f 2743//2743 2742//2742 2363//2363
f 2363//2363 2366//2366 2743//2743
f 2614//2614 2632//2632 2711//2711
f 2734//2734 2635//2635 2811//2811
f 2636//2636 2634//2634 2745//2745
f 2747//2747 2851//2851 2617//2617
f 2667//2667 2617//2617 2851//2851
f 2617//2617 2657//2657 2747//2747
f 2746//2746 2747//2747 2657//2657
f 2680//2680 2659//2659 2749//2749
f 2659//2659 2662//2662 2528//2528
f 2721//2721 2722//2722 2750//2750
f 2378//2378 2750//2750 2722//2722
f 2652//2652 2751//2751 2653//2653
f 2665//2665 2653//2653 2751//2751
f 2663//2663 2621//2621 2622//2622
f 2713//2713 2753//2753 2379//2379
f 2665//2665 2666//2666 2760//2760
f 2756//2756 2755//2755 2624//2624
f 2667//2667 2624//2624 2755//2755
f 2385//2385 2757//2757 2619//2619
f 2660//2660 2619//2619 2757//2757
f 2718//2718 2758//2758 2630//2630
f 2704//2704 2630//2630 2758//2758
f 2676//2676 2669//2669 2759//2759
f 2666//2666 2611//2611 2647//2647
f 2762//2762 2761//2761 2673//2673
f 2673//2673 2508//2508 2762//2762
f 2673//2673 2674//2674 2763//2763
f 2765//2765 2764//2764 2740//2740
f 2675//2675 2491//2491 2609//2609
f 2767//2767 2668//2668 2613//2613
f 2613//2613 2766//2766 2767//2767
f 2759//2759 2709//2709 2676//2676
f 2610//2610 2676//2676 2709//2709
f 2858//2858 2769//2769 2674//2674
f 2677//2677 2674//2674 2769//2769
f 2836//2836 2770//2770 2672//2672
f 2677//2677 2672//2672 2770//2770
f 2608//2608 2678//2678 2614//2614
f 2772//2772 2773//2773 2707//2707
f 2614//2614 2678//2678 2775//2775
f 2783//2783 2775//2775 2678//2678
f 2638//2638 2679//2679 2776//2776
f 2757//2757 2777//2777 2843//2843
f 2660//2660 2680//2680 2619//2619
f 2778//2778 2681//2681 2734//2734
f 2681//2681 2778//2778 2639//2639
f 2610//2610 2682//2682 2779//2779
f 2657//2657 2682//2682 2866//2866
f 2852//2852 2385//2385 2619//2619
f 2619//2619 2683//2683 2852//2852
f 2539//2539 2390//2390 1875//1875
f 190//190 2544//2544 503//503
f 516//516 2547//2547 258//258
f 281//281 323//323 282//282
f 1223//1223 1121//1121 2693//2693
f 2693//2693 2558//2558 2550//2550
f 2537//2537 1601//1601 2585//2585
f 2565//2565 2782//2782 63//63
f 2701//2701 2236//2236 2218//2218
f 2218//2218 246//246 2701//2701
f 2210//2210 2073//2073 2594//2594
f 2388//2388 2389//2389 2748//2748
f 2498//2498 2490//2490 2730//2730
f 2732//2732 2735//2735 2498//2498
f 2731//2731 2605//2605 2735//2735
f 2784//2784 2783//2783 2609//2609
f 2609//2609 2491//2491 2784//2784
f 2678//2678 2609//2609 2783//2783
f 2786//2786 2495//2495 2785//2785
f 2610//2610 2779//2779 2495//2495
f 2489//2489 2497//2497 2847//2847
f 2754//2754 2760//2760 2489//2489
f 2814//2814 2499//2499 2636//2636
f 2344//2344 2741//2741 2343//2343
f 2740//2740 2343//2343 2741//2741
f 2740//2740 2331//2331 2612//2612
f 2654//2654 2613//2613 2787//2787
f 2787//2787 2332//2332 2393//2393
f 2524//2524 2504//2504 2788//2788
f 2655//2655 2788//2788 2504//2504
f 2790//2790 2507//2507 2789//2789
f 2614//2614 2775//2775 2507//2507
f 2792//2792 2813//2813 2790//2790
f 2791//2791 2792//2792 2506//2506
f 2508//2508 2840//2840 2791//2791
f 2527//2527 2513//2513 2793//2793
f 2794//2794 2793//2793 2513//2513
f 2513//2513 2514//2514 2794//2794
f 2618//2618 2617//2617 2667//2667
f 2514//2514 2513//2513 2795//2795
f 2620//2620 2619//2619 2680//2680
f 2796//2796 2867//2867 2756//2756
f 2825//2825 2520//2520 2753//2753
f 2327//2327 2753//2753 2520//2520
f 2807//2807 2623//2623 2825//2825
f 2799//2799 2798//2798 2502//2502
f 2499//2499 2502//2502 2798//2798
f 2499//2499 2484//2484 2502//2502
f 2798//2798 2636//2636 2499//2499
f 2800//2800 2799//2799 2502//2502
f 2502//2502 2498//2498 2800//2800
f 2626//2626 2625//2625 2799//2799
f 2640//2640 2658//2658 2801//2801
f 2801//2801 2802//2802 2824//2824
f 2794//2794 2521//2521 2803//2803
f 2801//2801 2803//2803 2521//2521
f 2805//2805 2815//2815 2804//2804
f 2784//2784 2805//2805 2492//2492
f 2491//2491 2839//2839 2784//2784
f 2825//2825 2628//2628 2807//2807
f 2824//2824 2807//2807 2628//2628
f 2517//2517 2486//2486 2806//2806
f 2827//2827 2669//2669 2809//2809
f 2808//2808 2809//2809 2669//2669
f 2810//2810 2490//2490 2808//2808
f 2670//2670 2808//2808 2669//2669
f 2854//2854 2730//2730 2810//2810
f 2635//2635 2630//2630 2811//2811
f 2523//2523 2494//2494 2821//2821
f 2744//2744 2811//2811 2523//2523
f 2634//2634 2632//2632 2745//2745
f 2812//2812 2745//2745 2632//2632
f 2813//2813 2812//2812 2507//2507
f 2632//2632 2507//2507 2812//2812
f 2510//2510 2511//2511 2516//2516
f 2814//2814 2745//2745 2510//2510
f 2816//2816 2493//2493 2815//2815
f 2788//2788 2815//2815 2524//2524
f 2668//2668 2817//2817 2816//2816
f 2788//2788 2787//2787 2816//2816
f 2668//2668 2816//2816 2787//2787
f 2820//2820 2495//2495 2786//2786
f 2819//2819 2818//2818 2822//2822
f 2509//2509 2860//2860 2818//2818
f 2494//2494 2509//2509 2819//2819
f 2821//2821 2744//2744 2523//2523
f 2510//2510 2516//2516 2814//2814
f 2499//2499 2814//2814 2516//2516
f 2525//2525 2492//2492 2804//2804
f 2525//2525 2506//2506 2790//2790
f 2789//2789 2775//2775 2774//2774
f 2822//2822 2496//2496 2819//2819
f 2786//2786 2818//2818 2820//2820
f 2527//2527 2822//2822 2818//2818
f 2616//2616 2639//2639 2778//2778
f 2823//2823 2793//2793 2616//2616
f 2628//2628 2640//2640 2824//2824
f 2824//2824 2806//2806 2807//2807
f 2521//2521 2517//2517 2802//2802
f 2806//2806 2802//2802 2517//2517
f 2738//2738 2324//2324 2325//2325
f 2622//2622 2629//2629 2628//2628
f 2806//2806 2487//2487 2807//2807
f 2623//2623 2807//2807 2487//2487
f 2328//2328 2329//2329 2826//2826
f 2826//2826 2717//2717 2724//2724
f 2335//2335 2333//2333 2728//2728
f 2728//2728 2726//2726 2725//2725
f 2809//2809 2489//2489 2827//2827
f 2666//2666 2647//2647 2760//2760
f 2827//2827 2760//2760 2647//2647
f 2333//2333 2336//2336 2729//2729
f 2727//2727 2729//2729 2336//2336
f 2808//2808 2488//2488 2809//2809
f 2489//2489 2809//2809 2488//2488
f 2647//2647 2649//2649 2669//2669
f 2731//2731 2811//2811 2630//2630
f 2630//2630 2607//2607 2731//2731
f 2337//2337 2334//2334 2705//2705
f 2834//2834 2705//2705 2334//2334
f 2675//2675 2609//2609 2765//2765
f 2716//2716 2765//2765 2609//2609
f 2829//2829 2346//2346 2828//2828
f 2720//2720 2828//2828 2346//2346
f 2828//2828 2668//2668 2829//2829
f 2346//2346 2829//2829 2347//2347
f 2638//2638 2817//2817 2828//2828
f 2804//2804 2493//2493 2830//2830
f 2638//2638 2776//2776 2493//2493
f 2348//2348 2338//2338 2706//2706
f 2631//2631 2635//2635 2681//2681
f 2831//2831 2832//2832 2718//2718
f 2349//2349 2350//2350 2719//2719
f 2355//2355 2833//2833 2354//2354
f 2831//2831 2631//2631 2681//2681
f 2681//2681 2833//2833 2831//2831
f 2821//2821 2819//2819 2496//2496
f 2496//2496 2734//2734 2744//2744
f 2357//2357 2834//2834 2334//2334
f 2835//2835 2627//2627 2606//2606
f 2606//2606 2834//2834 2835//2835
f 2736//2736 2651//2651 2626//2626
f 2626//2626 2800//2800 2736//2736
f 2672//2672 2665//2665 2836//2836
f 2672//2672 2653//2653 2665//2665
f 2325//2325 2359//2359 2738//2738
f 2627//2627 2651//2651 2606//2606
f 2357//2357 2324//2324 2715//2715
f 2715//2715 2835//2835 2834//2834
f 2332//2332 2788//2788 2655//2655
f 2342//2342 2362//2362 2837//2837
f 2764//2764 2339//2339 2394//2394
f 2394//2394 2343//2343 2764//2764
f 2675//2675 2341//2341 2838//2838
f 2345//2345 2838//2838 2341//2341
f 2839//2839 2675//2675 2838//2838
f 2612//2612 2341//2341 2675//2675
f 2365//2365 2363//2363 2742//2742
f 2615//2615 2508//2508 2791//2791
f 2679//2679 2615//2615 2776//2776
f 2791//2791 2776//2776 2615//2615
f 2743//2743 2762//2762 2656//2656
f 2508//2508 2615//2615 2762//2762
f 2792//2792 2791//2791 2840//2840
f 2813//2813 2792//2792 2510//2510
f 2507//2507 2790//2790 2813//2813
f 2367//2367 2364//2364 2772//2772
f 2355//2355 2349//2349 2832//2832
f 2719//2719 2832//2832 2349//2349
f 2633//2633 2634//2634 2842//2842
f 2370//2370 2367//2367 2633//2633
f 2634//2634 2636//2636 2625//2625
f 2841//2841 2842//2842 2634//2634
f 2372//2372 2370//2370 2842//2842
f 2780//2780 2374//2374 2746//2746
f 2374//2374 2780//2780 2376//2376
f 2374//2374 2377//2377 2747//2747
f 2795//2795 2512//2512 2618//2618
f 2682//2682 2618//2618 2779//2779
f 2803//2803 2658//2658 2616//2616
f 2616//2616 2794//2794 2803//2803
f 2359//2359 2372//2372 2739//2739
f 2841//2841 2739//2739 2372//2372
f 2641//2641 2645//2645 2717//2717
f 2329//2329 2382//2382 2722//2722
f 2722//2722 2826//2826 2329//2329
f 2385//2385 2384//2384 2777//2777
f 2386//2386 2777//2777 2384//2384
f 2661//2661 2660//2660 2843//2843
f 2843//2843 2844//2844 2845//2845
f 2777//2777 2386//2386 2844//2844
f 2396//2396 2844//2844 2386//2386
f 2485//2485 2661//2661 2843//2843
f 2845//2845 2396//2396 2485//2485
f 2389//2389 2519//2519 2864//2864
f 2748//2748 2749//2749 2388//2388
f 2662//2662 2397//2397 2528//2528
f 2528//2528 2749//2749 2659//2659
f 2515//2515 2663//2663 2379//2379
f 2797//2797 2724//2724 2621//2621
f 2717//2717 2621//2621 2724//2724
f 2375//2375 2712//2712 2750//2750
f 2640//2640 2641//2641 2658//2658
f 2751//2751 2652//2652 2752//2752
f 2857//2857 2752//2752 2652//2652
f 2847//2847 2497//2497 2501//2501
f 2501//2501 2500//2500 2847//2847
f 2847//2847 2500//2500 2846//2846
f 2771//2771 2846//2846 2500//2500
f 2848//2848 2326//2326 2361//2361
f 2361//2361 2856//2856 2848//2848
f 2849//2849 2666//2666 2665//2665
f 2665//2665 2751//2751 2849//2849
f 2847//2847 2754//2754 2489//2489
f 2497//2497 2484//2484 2501//2501
f 2618//2618 2667//2667 2850//2850
f 2850//2850 2795//2795 2618//2618
f 2522//2522 2514//2514 2850//2850
f 2850//2850 2755//2755 2522//2522
f 2624//2624 2667//2667 2851//2851
f 2851//2851 2852//2852 2624//2624
f 2377//2377 2391//2391 2851//2851
f 2829//2829 2767//2767 2347//2347
f 2340//2340 2347//2347 2767//2767
f 2805//2805 2524//2524 2815//2815
f 2804//2804 2815//2815 2493//2493
f 2784//2784 2853//2853 2805//2805
f 2350//2350 2337//2337 2758//2758
f 2705//2705 2758//2758 2337//2337
f 2759//2759 2727//2727 2336//2336
f 2336//2336 2351//2351 2759//2759
f 2855//2855 2860//2860 2854//2854
f 2523//2523 2730//2730 2494//2494
f 2854//2854 2808//2808 2670//2670
f 2808//2808 2854//2854 2810//2810
f 2395//2395 2505//2505 2345//2345
f 2611//2611 2666//2666 2849//2849
f 2849//2849 2848//2848 2856//2856
f 2361//2361 2358//2358 2856//2856
f 2500//2500 2516//2516 2771//2771
f 2771//2771 2836//2836 2846//2846
f 2652//2652 2671//2671 2857//2857
f 2857//2857 2737//2737 2752//2752
f 2381//2381 2360//2360 2737//2737
f 2858//2858 2761//2761 2371//2371
f 2366//2366 2371//2371 2761//2761
f 2859//2859 2840//2840 2508//2508
f 2508//2508 2673//2673 2763//2763
f 2511//2511 2510//2510 2859//2859
f 2859//2859 2763//2763 2511//2511
f 2674//2674 2673//2673 2858//2858
f 2371//2371 2373//2373 2858//2858
f 2505//2505 2524//2524 2805//2805
f 2853//2853 2784//2784 2839//2839
f 2675//2675 2839//2839 2491//2491
f 2710//2710 2837//2837 2766//2766
f 2340//2340 2766//2766 2362//2362
f 2820//2820 2818//2818 2860//2860
f 2494//2494 2854//2854 2509//2509
f 2369//2369 2356//2356 2708//2708
f 2861//2861 2708//2708 2356//2356
f 2820//2820 2855//2855 2495//2495
f 2670//2670 2495//2495 2855//2855
f 2351//2351 2369//2369 2768//2768
f 2768//2768 2759//2759 2351//2351
f 2648//2648 2611//2611 2849//2849
f 2358//2358 2335//2335 2725//2725
f 2725//2725 2856//2856 2358//2358
f 2674//2674 2677//2677 2763//2763
f 2770//2770 2763//2763 2677//2677
f 2771//2771 2511//2511 2770//2770
f 2671//2671 2677//2677 2769//2769
f 2769//2769 2862//2862 2671//2671
f 2373//2373 2381//2381 2862//2862
f 2857//2857 2862//2862 2381//2381
f 2492//2492 2525//2525 2774//2774
f 2774//2774 2783//2783 2784//2784
f 2364//2364 2348//2348 2773//2773
f 2706//2706 2773//2773 2348//2348
f 2608//2608 2614//2614 2772//2772
f 2720//2720 2346//2346 2863//2863
f 2365//2365 2863//2863 2346//2346
f 2742//2742 2656//2656 2863//2863
f 2637//2637 2863//2863 2656//2656
f 2830//2830 2776//2776 2506//2506
f 2506//2506 2525//2525 2804//2804
f 2392//2392 2328//2328 2724//2724
f 2519//2519 2518//2518 2864//2864
f 2864//2864 2748//2748 2389//2389
f 2620//2620 2680//2680 2796//2796
f 2748//2748 2796//2796 2680//2680
f 2822//2822 2527//2527 2793//2793
f 2778//2778 2823//2823 2616//2616
f 2496//2496 2822//2822 2823//2823
f 2375//2375 2354//2354 2865//2865
f 2833//2833 2865//2865 2354//2354
f 2681//2681 2639//2639 2712//2712
f 2712//2712 2865//2865 2681//2681
f 2861//2861 2866//2866 2682//2682
f 2682//2682 2610//2610 2861//2861
f 2780//2780 2866//2866 2376//2376
f 2356//2356 2376//2376 2866//2866
f 2785//2785 2779//2779 2512//2512
f 2512//2512 2527//2527 2786//2786
f 2379//2379 2753//2753 2327//2327
f 2683//2683 2624//2624 2852//2852
f 2391//2391 2383//2383 2852//2852
f 2522//2522 2867//2867 2518//2518
f 2756//2756 2624//2624 2620//2620
f 2620//2620 2796//2796 2756//2756
# 5734 faces, 0 coords texture

# End of File
