####
#
# OBJ File Generated by Meshlab
#
####
# Object christmashat_norm.obj
#
# Vertices: 1230
# Faces: 2456
#
####
vn 0.318770 0.610719 -0.724850
v 0.039425 -0.313583 -0.348688
vn 0.250847 0.634227 -0.731323
v -0.008899 -0.313584 -0.366723
vn -0.040498 0.640649 -0.766765
v -0.145398 -0.313577 -0.382696
vn -0.134104 0.792816 -0.594524
v -0.216474 -0.313578 -0.374996
vn -0.227996 0.811798 -0.537589
v -0.292870 -0.313594 -0.350322
vn -0.382755 0.764133 -0.519230
v -0.353454 -0.313583 -0.313963
vn -0.466570 0.743480 -0.479114
v -0.399638 -0.313583 -0.275683
vn -0.583158 0.655511 -0.479824
v -0.427420 -0.313583 -0.245151
vn -0.679187 0.636645 -0.365223
v -0.463174 -0.313583 -0.192116
vn -0.573921 0.792095 -0.207848
v -0.491566 -0.313583 -0.132519
vn -0.763248 0.626235 -0.159004
v -0.508718 -0.313583 -0.065875
vn -0.770707 0.637176 0.004096
v -0.515274 -0.313583 0.003535
vn -0.704068 0.698398 0.128562
v -0.507924 -0.313572 0.073150
vn -0.676204 0.669717 0.306965
v -0.486326 -0.313573 0.148122
vn -0.684657 0.606600 0.404082
v -0.462710 -0.313562 0.197632
vn -0.547863 0.620265 0.561353
v -0.385367 -0.313583 0.292045
vn -0.400519 0.668498 0.626654
v -0.350577 -0.313583 0.319247
vn -0.319650 0.728668 0.605695
v -0.299071 -0.313583 0.350219
vn -0.199729 0.746330 0.634901
v -0.234253 -0.313583 0.374591
vn 0.269114 0.598899 0.754253
v 0.011788 -0.313569 0.361314
vn 0.457031 0.769422 0.446220
v 0.156423 -0.313580 0.268392
vn 0.247008 0.949211 0.194900
v 0.176439 -0.313639 0.270202
vn 0.524543 0.760932 0.381887
v 0.190108 -0.313583 0.228082
vn 0.418745 0.901530 0.109071
v 0.260873 -0.315573 0.144677
vn 0.601227 0.738443 0.305332
v 0.223760 -0.313582 0.173411
vn 0.645194 0.729738 0.226290
v 0.243261 -0.313582 0.128973
vn 0.806529 0.575031 0.137298
v 0.260079 -0.313582 0.064781
vn -0.285453 -0.743242 0.605069
v -0.277788 -0.471822 0.390859
vn -0.694815 -0.477934 0.537412
v -0.453982 -0.452050 0.284110
vn -0.820940 -0.559377 0.114696
v -0.549511 -0.458782 0.056397
vn -0.051736 -0.993510 -0.101296
v -0.328904 -0.478173 -0.318238
vn 0.201239 -0.964534 -0.170815
v 0.169906 -0.478173 -0.263702
vn -0.041739 -0.936673 0.347710
v -0.207138 -0.477257 0.398174
vn -0.240740 -0.465549 0.851650
v -0.224018 -0.456929 0.422011
vn -0.072428 -0.438981 0.895573
v -0.171364 -0.449700 0.435994
vn 0.038589 -0.638072 0.769009
v -0.101545 -0.463315 0.428721
vn 0.128200 -0.836536 0.532702
v 0.102274 -0.475930 0.344811
vn 0.332453 -0.673215 0.660497
v 0.032860 -0.463270 0.399883
vn 0.685461 -0.584862 -0.433682
v 0.237171 -0.458091 -0.241297
vn 0.435381 -0.726183 -0.532074
v 0.144198 -0.467597 -0.329010
vn -0.239855 -0.965329 -0.103001
v -0.428043 -0.478173 -0.231385
vn -0.726316 -0.487298 -0.484774
v -0.482567 -0.446615 -0.245547
vn -0.593950 -0.582147 -0.555273
v -0.435056 -0.456954 -0.297239
vn -0.879928 -0.396656 -0.261518
v -0.533041 -0.449992 -0.142310
vn -0.839378 -0.527572 -0.130814
v -0.551902 -0.449696 -0.068338
vn -0.295103 -0.583217 -0.756817
v -0.242961 -0.464174 -0.407929
vn -0.004764 -0.767455 -0.641086
v -0.134011 -0.472523 -0.416511
vn 0.407163 -0.508983 -0.758389
v 0.083394 -0.453853 -0.381504
vn 0.197741 -0.550747 -0.810911
v -0.021615 -0.458902 -0.419031
vn 0.042465 -0.735925 -0.675730
v -0.076545 -0.471740 -0.416478
vn 0.244279 -0.932596 0.265692
v 0.146187 -0.478173 0.295894
vn 0.775901 -0.563825 0.282982
v 0.284116 -0.456394 0.153641
vn 0.626215 -0.723069 -0.291593
v 0.261891 -0.469467 -0.176436
vn 0.670453 -0.715900 -0.194884
v 0.286169 -0.469059 -0.110834
vn 0.126481 -0.975298 -0.181099
v 0.096550 -0.478173 -0.323809
vn 0.120204 -0.952527 -0.279719
v 0.041942 -0.478173 -0.359043
vn -0.116907 -0.580915 -0.805525
v -0.187562 -0.462199 -0.422853
vn -0.360623 -0.611912 -0.703928
v -0.332012 -0.464007 -0.371476
vn -0.032538 -0.980968 -0.191422
v -0.202458 -0.476855 -0.382272
vn -0.209295 -0.842247 -0.496805
v -0.275252 -0.476300 -0.378121
vn -0.368020 -0.815986 -0.445790
v -0.376351 -0.473493 -0.327262
vn -0.450144 -0.885616 -0.114254
v -0.512442 -0.473890 -0.137963
vn -0.178591 -0.983867 0.010520
v -0.503375 -0.478173 0.045574
vn -0.744389 -0.598318 0.296482
v -0.518939 -0.461339 0.165524
vn -0.553187 -0.750131 0.362338
v -0.478820 -0.465406 0.235005
vn -0.470538 -0.325414 0.820183
v -0.376290 -0.450436 0.357258
vn -0.430458 -0.826844 0.361987
v -0.418732 -0.470266 0.302933
vn -0.319834 -0.855056 0.408149
v -0.388000 -0.471694 0.328199
vn -0.052866 -0.995985 0.072244
v -0.380444 -0.478173 0.280014
vn -0.157595 -0.984538 0.076474
v -0.473186 -0.476294 0.162698
vn -0.272943 -0.772305 0.573626
v -0.325205 -0.472221 0.367171
vn 0.049110 -0.989789 0.133817
v -0.003800 -0.477996 0.356139
vn 0.830012 -0.521410 0.198020
v 0.300922 -0.452111 0.105166
vn 0.793776 -0.598351 -0.109066
v 0.305055 -0.462587 -0.053168
vn 0.124878 -0.991882 -0.024011
v 0.250080 -0.478173 -0.075228
vn 0.750045 -0.654926 0.092220
v 0.304963 -0.463126 0.050797
vn 0.573240 -0.355346 0.738326
v 0.149370 -0.439208 0.345496
vn -0.643308 -0.270059 0.716396
v -0.412631 -0.446234 0.329984
vn 0.241682 -0.965567 0.096282
v 0.246445 -0.476437 0.136811
vn 0.677174 -0.620515 0.395470
v 0.263179 -0.457985 0.196766
vn 0.571181 -0.731082 0.373191
v 0.213792 -0.467179 0.260249
vn 0.676098 -0.360611 0.642534
v 0.194580 -0.442805 0.304797
vn 0.181947 -0.621417 0.762060
v -0.026826 -0.461513 0.421593
vn -0.855870 -0.156451 0.492960
v -0.497153 -0.431946 0.226720
vn 0.648364 -0.467982 -0.600514
v 0.203580 -0.451729 -0.288829
vn 0.891919 0.403637 0.203858
v 0.302272 -0.348790 0.111328
vn -0.726938 0.455920 0.513516
v -0.482765 -0.344158 0.250798
vn -0.946163 0.171682 0.274409
v -0.540972 -0.359055 0.127284
vn -0.887537 0.398622 -0.231037
v -0.547476 -0.346690 -0.100021
vn -0.633363 0.137265 -0.761583
v -0.396199 -0.368671 -0.339084
vn -0.076950 0.421758 -0.903437
v -0.171500 -0.347305 -0.433535
vn 0.275706 0.480960 -0.832264
v 0.021407 -0.342419 -0.410651
vn 0.551978 0.056113 -0.831969
v 0.117790 -0.382649 -0.365615
vn 0.723619 0.062123 -0.687399
v 0.202019 -0.381237 -0.294217
vn 0.752811 0.441143 -0.488536
v 0.233436 -0.345789 -0.254751
vn 0.801762 0.439645 -0.404832
v 0.267094 -0.351675 -0.202474
vn 0.855014 0.416726 -0.308693
v 0.288842 -0.354731 -0.154147
vn -0.092887 0.842307 -0.530934
v -0.213374 -0.317472 -0.402588
vn -0.274306 0.267745 -0.923617
v -0.232427 -0.353236 -0.422693
vn -0.030322 0.459482 -0.887669
v -0.126125 -0.342802 -0.434887
vn 0.054260 0.630980 -0.773899
v -0.088955 -0.329242 -0.426715
vn -0.389585 0.283156 -0.876383
v -0.306616 -0.353154 -0.395911
vn -0.776268 0.555529 -0.297986
v -0.523311 -0.330463 -0.152677
vn -0.656752 0.394076 0.642947
v -0.442109 -0.350217 0.300784
vn -0.452693 0.484049 0.748843
v -0.352309 -0.340090 0.370529
vn -0.559610 0.588757 0.583268
v -0.404338 -0.333538 0.327449
vn -0.760355 0.529975 0.375481
v -0.512380 -0.336668 0.188079
vn -0.987040 0.125509 -0.100002
v -0.557422 -0.363266 -0.048237
vn -0.700549 0.707523 -0.092961
v -0.546030 -0.326816 -0.039301
vn -0.871157 0.490473 0.022837
v -0.555552 -0.337616 0.000974
vn -0.026794 0.844744 0.534500
v -0.166389 -0.319354 0.416101
vn 0.468952 0.685957 0.556369
v 0.155607 -0.325155 0.324805
vn 0.807893 0.581088 0.098215
v 0.310069 -0.333379 0.039161
vn -0.245407 0.603043 0.759022
v -0.224321 -0.327473 0.417894
vn 0.078548 0.498923 0.863079
v -0.108157 -0.341212 0.437122
vn 0.804034 0.471449 0.362306
v 0.274390 -0.337827 0.183578
vn 0.741637 0.470265 0.478357
v 0.249687 -0.339065 0.231732
vn 0.667626 0.467979 0.579027
v 0.208930 -0.338477 0.283137
vn 0.373899 0.669869 0.641463
v 0.090040 -0.328430 0.375079
vn -0.532248 0.784018 -0.319417
v -0.472408 -0.324147 -0.232139
vn -0.542939 0.416026 -0.729479
v -0.370655 -0.338681 -0.354494
vn -0.374017 0.916548 -0.141598
v -0.504226 -0.314828 -0.142840
vn -0.397493 0.801476 -0.446805
v -0.392580 -0.318600 -0.314106
vn -0.218700 0.877162 -0.427501
v -0.327219 -0.315523 -0.354355
vn -0.183536 0.855148 -0.484806
v -0.267190 -0.316336 -0.383013
vn 0.558977 0.824728 -0.085842
v 0.293439 -0.319009 -0.036663
vn -0.756278 0.645943 0.103931
v -0.543776 -0.326230 0.067783
vn -0.126238 0.254540 0.958787
v -0.172779 -0.351244 0.437300
vn 0.402781 0.532447 -0.744491
v 0.085542 -0.338123 -0.382633
vn 0.624650 0.169528 -0.762281
v 0.161157 -0.364916 -0.332657
vn 0.541146 0.693699 -0.475335
v 0.197314 -0.325973 -0.282139
vn -0.644004 0.488633 -0.588640
v -0.448411 -0.337715 -0.287305
vn -0.807795 0.233319 -0.541322
v -0.484830 -0.352623 -0.244407
vn -0.818073 0.411468 -0.401809
v -0.511996 -0.344879 -0.195772
vn 0.169244 0.673500 -0.719552
v -0.034161 -0.325660 -0.415639
vn -0.580375 0.789421 0.199949
v -0.521699 -0.319517 0.126827
vn 0.299018 0.472686 0.828949
v 0.042595 -0.343551 0.406492
vn -0.799369 -0.112190 -0.590273
v 0.639558 0.548746 -0.024014
vn -0.565240 0.559629 -0.606069
v 0.666643 0.543727 -0.074249
vn 0.267812 0.572561 -0.774888
v 0.770613 0.536050 -0.103423
vn 0.504307 0.767059 -0.396604
v 0.803354 0.561023 -0.055671
vn -0.247379 0.427243 0.869636
v 0.666606 0.566371 0.043734
vn -0.305049 0.813898 -0.494484
v 0.691808 0.570889 -0.058660
vn 0.057295 0.874484 -0.481659
v 0.739699 0.576829 -0.063841
vn -0.152133 0.793643 0.589055
v 0.713062 0.569835 0.073664
vn 0.002124 0.961756 0.273900
v 0.729154 0.589178 0.036484
vn 0.237573 0.969631 -0.058090
v 0.760582 0.590605 -0.005253
vn 0.361896 0.842857 -0.398275
v 0.698074 0.587496 -0.019968
vn -0.441741 -0.757745 0.480300
v 0.679292 0.354293 0.067582
vn -0.150432 0.154701 0.976441
v 0.721019 0.472759 0.133331
vn 0.285042 0.363861 0.886767
v 0.778606 0.503721 0.120577
vn 0.364944 0.923163 0.120776
v 0.702440 0.589698 0.006930
vn -0.950605 -0.301447 0.074024
v 0.610034 0.415276 0.009580
vn 0.603031 -0.774534 0.190922
v 0.820702 0.352935 0.033521
vn -0.975630 0.188471 -0.112359
v 0.607386 0.484586 -0.010441
vn -0.776992 -0.606112 -0.170037
v 0.632942 0.375796 -0.021659
vn -0.656947 -0.050698 -0.752230
v 0.651273 0.448202 -0.100370
vn -0.891442 -0.177625 -0.416869
v 0.619003 0.430144 -0.055958
vn 0.558898 -0.778418 -0.285830
v 0.812235 0.350971 -0.040346
vn 0.490593 -0.501786 -0.712411
v 0.799863 0.387720 -0.097059
vn -0.166444 0.599170 -0.783129
v 0.714778 0.542699 -0.100396
vn -0.157396 -0.973368 0.166676
v 0.714962 0.325047 0.024069
vn 0.089156 -0.842297 0.531590
v 0.748883 0.344923 0.076842
vn 0.657455 0.476948 0.583330
v 0.826978 0.516591 0.082962
vn -0.658898 -0.729425 0.183828
v 0.651523 0.358322 0.027894
vn -0.272522 -0.595852 0.755442
v 0.703279 0.376745 0.105532
vn -0.747134 -0.381434 0.544333
v 0.639489 0.403747 0.075609
vn -0.658872 0.084850 0.747454
v 0.649173 0.467963 0.100916
vn -0.937500 0.010347 0.347831
v 0.612222 0.460885 0.046688
vn -0.843197 0.363223 0.396343
v 0.625966 0.514814 0.052224
vn -0.453617 0.459127 0.763829
v 0.674465 0.525380 0.098065
vn 0.320752 0.709862 0.627068
v 0.776490 0.553051 0.084852
vn -0.573421 0.624317 0.530488
v 0.658656 0.547993 0.063802
vn -0.023776 0.548878 0.835564
v 0.736946 0.532713 0.111399
vn 0.891932 -0.445331 -0.078347
v 0.860582 0.399433 -0.007984
vn 0.579510 -0.618370 0.530836
v 0.820671 0.374717 0.074758
vn 0.195561 -0.571249 0.797139
v 0.762606 0.382250 0.111182
vn 0.579568 -0.310139 0.753601
v 0.816971 0.414893 0.104568
vn 0.835578 -0.364464 0.411065
v 0.845477 0.405387 0.063465
vn -0.008714 -0.311404 0.950238
v 0.739007 0.412010 0.129216
vn 0.287249 -0.106598 0.951906
v 0.781128 0.438901 0.130480
vn 0.978174 -0.114649 0.173295
v 0.870871 0.441720 0.023377
vn 0.844944 0.008722 0.534784
v 0.849290 0.454965 0.077060
vn 0.612436 0.118100 0.781649
v 0.820750 0.468311 0.108491
vn 0.974404 0.028852 -0.222943
v 0.869355 0.462156 -0.030070
vn 0.114089 -0.971012 -0.210044
v 0.750927 0.325737 -0.031546
vn 0.519181 -0.054208 -0.852944
v 0.807883 0.446349 -0.113145
vn 0.624769 0.364508 -0.690505
v 0.825047 0.503969 -0.087638
vn 0.824888 0.074691 -0.560340
v 0.851434 0.465902 -0.071603
vn 0.642150 0.750589 0.155752
v 0.825688 0.556038 0.022907
vn -0.395062 -0.881662 -0.258066
v 0.686439 0.336403 -0.035516
vn -0.280960 0.008890 -0.959678
v 0.702348 0.456042 -0.130082
vn -0.600942 -0.536062 -0.592880
v 0.657757 0.383490 -0.078711
vn -0.397087 0.325639 -0.858069
v 0.687817 0.499311 -0.114914
vn -0.172565 -0.740280 -0.649774
v 0.717566 0.356043 -0.087370
vn 0.086093 -0.113688 -0.989779
v 0.746903 0.442568 -0.133103
vn 0.176054 0.266087 -0.947736
v 0.759918 0.490815 -0.127926
vn 0.828200 0.484945 -0.280913
v 0.852193 0.518468 -0.037776
vn 0.918438 0.349321 0.185599
v 0.864490 0.502028 0.025000
vn 0.318085 0.864657 0.388831
v 0.772817 0.575111 0.053629
vn 0.948608 0.315186 0.028310
v 0.227614 -0.016463 0.014787
vn 0.989787 0.142052 0.011948
v 0.244537 -0.071803 0.000374
vn 0.989123 -0.023296 0.145237
v 0.240731 -0.120855 0.046882
vn 0.999501 -0.000786 -0.031584
v 0.250070 -0.216590 -0.021062
vn 0.270314 0.960777 -0.061946
v 0.245039 -0.271920 0.041616
vn -0.695564 0.705112 -0.137867
v 0.246797 -0.260784 0.069970
vn 0.972796 0.069828 0.220887
v 0.231750 -0.163925 0.079559
vn 0.989209 0.061850 0.132813
v 0.246906 -0.215980 0.051315
vn 0.225998 0.973440 -0.036610
v 0.235144 -0.271315 0.092509
vn 0.497191 0.864886 0.069091
v 0.250901 -0.257307 0.079053
vn 0.580038 0.748232 0.322032
v 0.195175 -0.252083 0.207140
vn 0.044487 0.995862 -0.079248
v 0.156824 -0.246188 0.247288
vn -0.169527 0.957369 -0.233891
v 0.192554 -0.252536 0.203045
vn 0.500815 0.843158 0.195625
v 0.186345 -0.255072 0.202234
vn 0.763647 0.012011 0.645522
v 0.172122 -0.194837 0.226802
vn 0.202829 0.975410 -0.086225
v 0.193615 -0.134164 0.191392
vn -0.152548 0.925563 0.346501
v 0.202069 -0.171030 0.161613
vn -0.617360 0.539657 -0.572396
v 0.168423 -0.163463 0.216455
vn 0.864922 0.022843 0.501386
v 0.199409 -0.112183 0.167910
vn 0.804083 0.174961 0.568189
v 0.181762 -0.059864 0.190655
vn 0.707697 0.290068 0.644225
v 0.145718 -0.010616 0.211075
vn 0.386449 0.909772 0.151565
v 0.167347 0.027578 0.132983
vn 0.304708 0.939542 0.156252
v 0.152990 0.158914 0.146100
vn 0.208673 0.976402 0.055628
v 0.148895 0.150804 0.138641
vn 0.804351 0.379991 0.456756
v 0.134145 0.250404 0.146931
vn 0.727218 0.678800 0.101905
v 0.143807 0.250330 0.124970
vn 0.758320 -0.420243 0.498343
v 0.165668 0.293169 0.102567
vn 0.838038 0.545596 -0.004253
v 0.163037 0.344361 0.114699
vn 0.596528 -0.527948 0.604504
v 0.196669 0.377733 0.107195
vn 0.391598 -0.671310 0.629280
v 0.218367 0.407083 0.111068
vn 0.348092 -0.652842 0.672778
v 0.294512 0.426174 0.096973
vn -0.127634 -0.819609 0.558526
v 0.617856 0.565952 0.030693
vn 0.138998 -0.297915 0.944418
v 0.622804 0.588088 0.051074
vn 0.111678 0.403323 -0.908217
v 0.409718 0.619104 -0.094114
vn 0.290224 -0.168467 -0.942013
v 0.316993 0.504825 -0.126572
vn -0.120919 0.949814 0.288499
v -0.229702 -0.076862 0.302884
vn -0.903525 0.347879 -0.250244
v -0.428280 -0.099423 -0.074630
vn -0.881768 0.319173 -0.347296
v -0.416417 -0.129693 -0.120618
vn -0.585958 0.259986 -0.767503
v -0.321032 -0.179398 -0.280118
vn -0.561286 0.323185 -0.761912
v -0.326135 -0.237348 -0.297244
vn 0.725313 0.542959 -0.423221
v 0.203191 -0.313580 -0.204850
vn 0.449612 0.881031 -0.147082
v 0.211721 -0.253634 -0.177657
vn 0.482551 0.838732 -0.252334
v 0.186259 -0.256596 -0.199167
vn 0.862319 -0.030068 -0.505472
v 0.207598 -0.206315 -0.172590
vn 0.068664 0.990470 -0.119394
v 0.223216 -0.133060 -0.137007
vn 0.109671 0.992299 -0.057572
v 0.191702 -0.135084 -0.192777
vn -0.788053 0.437544 0.433045
v 0.208701 -0.169046 -0.152049
vn -0.615933 0.626965 0.477013
v 0.194317 -0.168111 -0.177060
vn 0.373860 0.915270 -0.150030
v 0.197672 -0.171583 -0.164375
vn 0.845808 0.177790 -0.502991
v 0.194227 -0.058358 -0.167228
vn 0.784046 0.305509 -0.540311
v 0.169101 -0.006451 -0.176059
vn 0.370111 0.926080 -0.073443
v 0.174281 0.025307 -0.121180
vn 0.536329 0.812146 -0.229718
v 0.150124 0.033267 -0.163606
vn 0.870591 0.070320 -0.486957
v 0.168514 0.093037 -0.136180
vn -0.075096 0.985638 0.151253
v 0.147776 0.151129 -0.137428
vn 0.806583 0.432453 -0.402998
v 0.145265 0.155530 -0.132556
vn 0.878555 0.054379 -0.474535
v 0.147711 0.191793 -0.120463
vn 0.365716 -0.793175 -0.486956
v 0.297630 0.405999 -0.066732
vn 0.463999 -0.852724 -0.239930
v 0.348935 0.412443 -0.033264
vn 0.505617 0.661519 -0.553845
v 0.140529 -0.313574 -0.279853
vn 0.073758 0.692480 -0.717656
v -0.070873 -0.313582 -0.379721
vn -0.026215 0.240431 -0.970312
v -0.130790 -0.283694 -0.375156
vn -0.945041 0.317068 -0.079787
v -0.468683 -0.215708 -0.032964
vn -0.203561 0.288561 -0.935572
v -0.200004 -0.270655 -0.363110
vn 0.001106 0.222753 0.974874
v -0.106531 -0.153928 0.346765
vn -0.950019 0.306482 0.059433
v -0.468823 -0.212284 0.028151
vn -0.948627 0.279726 0.147853
v -0.451495 -0.161135 0.060422
vn -0.909970 0.293218 0.293219
v -0.436110 -0.146914 0.107652
vn 0.088370 0.994152 0.062064
v -0.333325 -0.121516 0.252384
vn -0.097879 0.992792 0.069162
v -0.248594 -0.155473 0.309481
vn -0.071108 0.757892 -0.648493
v -0.180320 -0.313491 -0.378597
vn 0.065828 0.995965 -0.061004
v -0.361526 -0.284648 -0.290393
vn 0.159014 0.987120 -0.017545
v -0.412704 -0.277818 -0.235410
vn 0.529735 0.822947 0.205278
v -0.444072 -0.273569 -0.189404
vn -0.668487 0.643629 -0.372649
v -0.444610 -0.270911 -0.179721
vn 0.549777 0.815902 0.179022
v -0.465426 -0.270694 -0.144553
vn -0.683868 0.685052 -0.251056
v -0.473715 -0.267864 -0.111944
vn 0.600667 0.785524 0.148837
v -0.481518 -0.268519 -0.097423
vn -0.648778 0.755944 -0.087381
v -0.487669 -0.266404 -0.047730
vn -0.639729 0.767886 0.033128
v -0.490476 -0.266110 0.017935
vn -0.659534 0.732785 0.167454
v -0.481969 -0.267000 0.083100
vn -0.678473 0.666036 0.309953
v -0.462569 -0.269031 0.145871
vn -0.662009 0.587089 0.465908
v -0.432851 -0.272142 0.204369
vn -0.595880 0.542241 0.592369
v -0.393501 -0.276261 0.256790
vn 0.440741 0.669135 0.598336
v 0.110359 -0.313579 0.308933
vn -0.350481 0.375710 0.857908
v -0.265389 -0.288506 0.349905
vn -0.464407 0.396907 0.791701
v -0.323422 -0.289965 0.323199
vn -0.632999 0.575218 0.518109
v -0.433826 -0.313316 0.240205
vn -0.469738 0.348821 -0.810969
v -0.319782 -0.288500 -0.326182
vn -0.582705 0.657464 -0.477698
v -0.429634 -0.265089 -0.220052
vn 0.427772 0.887551 0.171065
v -0.427773 -0.264185 -0.218683
vn 0.080323 0.995977 -0.039718
v -0.460371 -0.256328 -0.160397
vn 0.087382 0.995343 -0.040714
v -0.472361 -0.253259 -0.130751
vn 0.623269 0.779883 0.057608
v -0.490721 -0.267244 -0.048732
vn 0.075187 0.996154 -0.045001
v -0.486542 -0.249989 -0.081614
vn 0.650296 0.759271 -0.024963
v -0.493677 -0.266824 0.017155
vn 0.492428 0.852940 -0.173226
v -0.466134 -0.270603 0.145592
vn -0.711948 0.569123 0.411374
v -0.455900 -0.261200 0.179057
vn -0.618409 0.620782 0.481871
v -0.429769 -0.265056 0.223112
vn 0.316525 0.941993 -0.111629
v -0.436904 -0.261915 0.207071
vn 0.398508 0.900481 -0.174143
v -0.436997 -0.274539 0.203960
vn 0.063639 0.996674 -0.050899
v -0.466871 -0.254494 0.147213
vn 0.060033 0.998185 0.004689
v -0.482458 -0.250918 0.099999
vn 0.589601 0.801262 -0.101739
v -0.485356 -0.267972 0.082473
vn 0.107715 0.994007 -0.018638
v -0.494187 -0.248202 -0.016454
vn 0.540160 0.810340 0.227104
v 0.219344 -0.254349 0.167067
vn -0.572126 0.775465 -0.267071
v 0.227274 -0.257632 0.137613
vn -0.436556 0.847756 -0.301212
v 0.214418 -0.255562 0.165758
vn 0.317928 0.947010 0.045761
v 0.215148 -0.265310 0.149700
vn 0.893439 0.031105 0.448107
v 0.208156 -0.206676 0.174137
vn 0.937371 0.103250 0.332680
v 0.212397 -0.168863 0.137906
vn 0.900743 0.186154 0.392440
v 0.211461 -0.056380 0.136209
vn 0.312010 0.944012 0.107197
v 0.173269 0.036587 0.144582
vn 0.302306 0.950692 0.069258
v 0.186151 0.157897 0.074220
vn -0.211869 0.967683 -0.136752
v 0.171686 0.146877 0.088668
vn 0.720791 0.687186 0.090748
v 0.142730 0.238552 0.092797
vn 0.862417 0.497882 0.091378
v 0.206814 0.324896 0.065660
vn 0.899374 0.433993 -0.052699
v 0.172003 0.316100 0.060567
vn 0.533252 -0.728078 0.430749
v 0.203073 0.334880 0.062690
vn 0.691365 -0.413752 0.592304
v 0.247301 0.372730 0.055568
vn 0.329443 -0.804407 0.494364
v 0.268043 0.398315 0.077959
vn 0.407394 -0.880021 0.244115
v 0.317368 0.397946 0.037133
vn 0.461208 -0.855398 0.235759
v 0.500573 0.519332 0.023250
vn -0.972336 -0.222026 0.072575
v 0.632082 0.544234 0.005491
vn 0.275030 0.961360 -0.012065
v 0.246656 -0.275508 -0.010448
vn 0.995206 0.068529 0.069781
v 0.241978 -0.160135 -0.001243
vn 0.196894 0.980340 -0.012913
v 0.208075 0.034442 0.040402
vn 0.250900 0.967935 0.012276
v 0.200709 0.034519 0.079298
vn 0.277490 0.959979 0.037954
v 0.193917 0.021231 0.065351
vn 0.996385 -0.027417 0.080405
v 0.202459 0.065483 0.024369
vn 0.949493 -0.024998 0.312791
v 0.190247 0.071689 0.088235
vn 0.269802 0.962905 -0.004474
v 0.182397 0.144180 -0.007237
vn 0.927702 0.368796 0.057952
v 0.180795 0.147098 0.026399
vn 0.985412 0.067053 0.156417
v 0.178551 0.207453 0.035542
vn 0.944459 0.068888 0.321328
v 0.165699 0.181058 0.082258
vn 0.622554 0.774306 0.113477
v 0.163291 0.241105 0.085117
vn 0.667586 0.744438 -0.011893
v 0.155654 0.224475 0.021476
vn 0.827116 -0.515999 0.222763
v 0.177150 0.271347 0.046718
vn 0.877502 0.478367 0.033982
v 0.216796 0.317111 0.010820
vn 0.879475 0.472164 -0.059870
v 0.174509 0.306660 0.007483
vn 0.578700 -0.805190 0.129516
v 0.236295 0.339624 0.022129
vn 0.598734 -0.287659 -0.747509
v 0.222972 0.384731 0.081687
vn 0.615913 -0.726567 0.304551
v 0.471087 0.503464 0.033901
vn 0.352068 -0.935937 -0.008378
v 0.548767 0.538580 -0.002910
vn -0.155349 -0.980600 0.119540
v 0.612435 0.558081 0.006025
vn -0.760986 -0.007766 0.648722
v 0.642547 0.550748 0.030451
vn 0.533834 -0.840573 0.091967
v 0.382090 0.430782 0.014510
vn 0.158988 0.859238 -0.486243
v 0.549966 0.673719 -0.034612
vn 0.609453 -0.785398 -0.108247
v 0.437597 0.465366 -0.012682
vn 0.118132 0.661811 -0.740305
v 0.494479 0.659430 -0.062720
vn 0.517225 -0.563152 -0.644467
v 0.439391 0.501045 -0.070932
vn 0.559667 0.803360 0.203433
v 0.658737 0.653820 0.011708
vn 0.381398 -0.408679 -0.829167
v 0.487479 0.552938 -0.074217
vn 0.222993 0.194735 -0.955171
v 0.543748 0.619373 -0.071792
vn 0.130323 0.771235 0.623068
v 0.689296 0.581062 0.034478
vn 0.544313 -0.789231 -0.284318
v 0.485179 0.514776 -0.025678
vn 0.442422 0.347831 0.826605
v 0.654142 0.620297 0.044428
vn 0.271348 -0.848841 -0.453695
v 0.600471 0.560482 -0.030759
vn -0.106610 -0.922482 -0.371028
v 0.615100 0.561460 -0.019775
vn 0.152665 -0.310622 -0.938194
v 0.626264 0.579720 -0.042848
vn -0.371110 0.401205 -0.837444
v 0.662324 0.563603 -0.039266
vn -0.069752 0.671468 -0.737743
v 0.683425 0.577125 -0.035318
vn 0.366166 -0.923632 -0.113252
v 0.302536 0.391989 -0.016210
vn 0.387921 -0.862658 -0.324558
v 0.273144 0.385043 -0.048644
vn 0.494309 -0.773717 -0.396258
v 0.242068 0.380098 -0.064222
vn 0.888039 0.459245 -0.021940
v 0.172409 0.315148 -0.050756
vn 0.668715 0.732135 -0.129609
v 0.158824 0.243303 -0.094707
vn 0.645488 0.760382 -0.071864
v 0.175661 0.235412 -0.036101
vn 0.589666 0.806431 0.044312
v 0.178407 0.234099 0.007930
vn -0.216826 0.970136 0.108728
v 0.173401 0.146614 -0.078355
vn 0.018742 0.999416 -0.028557
v 0.188036 0.155897 -0.052150
vn 0.293378 0.955528 0.029922
v 0.195079 0.159233 0.002948
vn 0.992201 0.075310 -0.099329
v 0.202472 0.110149 -0.027794
vn 0.921934 0.134289 -0.363325
v 0.183856 0.125115 -0.097375
vn 0.956639 0.002686 -0.291265
v 0.191513 0.075406 -0.081882
vn 0.993350 -0.043819 -0.106473
v 0.201035 0.057368 -0.030879
vn 0.243518 0.969676 -0.020688
v 0.193010 0.019887 -0.067810
vn 0.181250 0.981390 0.063419
v 0.200310 0.018183 0.001784
vn 0.176939 0.983509 -0.037450
v 0.203926 0.034348 -0.061597
vn 0.929030 0.145969 -0.339996
v 0.223250 -0.067348 -0.109680
vn 0.997032 -0.038304 -0.066780
v 0.243962 -0.115799 -0.019974
vn 0.887623 0.003832 -0.460555
v 0.204511 -0.127765 -0.154000
vn 0.195672 0.918800 -0.342812
v 0.231306 -0.144633 -0.089289
vn -0.016383 0.952179 -0.305103
v 0.217120 -0.177073 -0.124351
vn 0.913628 0.027094 -0.405648
v 0.225531 -0.169392 -0.138492
vn 0.974831 -0.022179 -0.221841
v 0.241800 -0.190895 -0.088232
vn 0.934630 -0.068154 -0.349030
v 0.229410 -0.218264 -0.125024
vn 0.370550 0.921347 -0.117524
v 0.215704 -0.264666 -0.145782
vn 0.333706 0.942620 -0.010388
v 0.237399 -0.270083 -0.081129
vn 0.312480 0.949284 -0.034871
v 0.258657 -0.257926 0.011012
vn 0.351270 0.936273 -0.001823
v 0.256109 -0.257795 -0.045293
vn 0.380643 0.922574 -0.063002
v 0.239752 -0.256539 -0.113507
vn 0.796398 0.510734 -0.323884
v 0.234866 -0.313582 -0.146873
vn 0.801669 0.549230 -0.235952
v 0.256097 -0.313582 -0.075195
vn -0.949134 0.312234 -0.040676
v -0.504395 -0.273682 -0.010865
vn -0.948440 0.296302 0.112546
v -0.503801 -0.278733 0.043458
vn 0.105771 0.994268 0.015624
v -0.491482 -0.248863 0.050606
vn -0.894136 0.284051 0.346174
v -0.445246 -0.204914 0.126982
vn -0.926347 0.310572 0.213136
v -0.464363 -0.221834 0.084177
vn 0.383866 0.643987 0.661762
v 0.078218 -0.313570 0.330361
vn 0.285326 0.200268 0.937274
v -0.006601 -0.281143 0.361162
vn -0.203727 0.292315 0.934370
v -0.203865 -0.276720 0.366820
vn -0.789725 0.333021 -0.515200
v -0.420983 -0.239422 -0.201454
vn -0.330061 0.343617 -0.879197
v -0.263105 -0.276763 -0.344755
vn 0.086032 0.618756 0.780858
v -0.094265 -0.313418 0.384704
vn -0.485486 0.292120 0.823996
v -0.302237 -0.245039 0.317415
vn 0.362812 0.911454 0.193958
v 0.169567 -0.166146 0.210151
vn 0.757984 0.040291 0.651028
v 0.160959 -0.111638 0.222399
vn 0.068218 0.993491 0.091223
v 0.147126 -0.134241 0.247557
vn 0.612326 0.040908 0.789546
v 0.118504 -0.188763 0.276988
vn 0.391932 0.908691 0.143769
v 0.148487 -0.248901 0.249388
vn 0.616542 0.567294 0.545943
v 0.155761 -0.248388 0.255333
vn 0.073898 0.994766 0.070572
v -0.289214 -0.132241 0.289434
vn 0.119766 0.988558 0.091706
v 0.065718 -0.147820 0.299592
vn -0.854621 0.278729 0.438102
v -0.417955 -0.157215 0.160056
vn -0.296304 0.262897 0.918199
v -0.205754 -0.149434 0.331991
vn 0.243713 0.194987 0.950044
v -0.005591 -0.135970 0.332523
vn 0.067912 0.994343 -0.081676
v 0.130313 -0.157583 0.256982
vn -0.361989 0.583255 -0.727171
v 0.060935 -0.138960 0.306874
vn -0.827111 0.296853 0.477249
v -0.424572 -0.217999 0.180415
vn -0.758696 0.270010 0.592854
v -0.385428 -0.165690 0.215588
vn 0.072919 0.208041 0.975398
v -0.066097 -0.120519 0.338607
vn 0.286379 0.574231 0.766972
v 0.017053 -0.138336 0.327274
vn 0.212799 0.904537 0.369499
v 0.057243 -0.137427 0.310656
vn -0.737426 0.285225 0.612250
v -0.390266 -0.219483 0.230418
vn -0.646576 0.256232 0.718530
v -0.344432 -0.174985 0.263083
vn -0.377051 0.240675 0.894376
v -0.254150 -0.196939 0.327931
vn 0.157441 0.974098 0.162312
v 0.094351 -0.135261 0.289802
vn -0.961447 0.274919 -0.006219
v -0.454860 -0.156721 0.001096
vn -0.937162 0.289762 -0.194335
v -0.449140 -0.155596 -0.059869
vn -0.877541 0.330257 -0.347637
v -0.431799 -0.169658 -0.129466
vn -0.689583 0.305826 -0.656464
v -0.376333 -0.226237 -0.246159
vn -0.830235 0.278375 -0.482925
v -0.398208 -0.145262 -0.184605
vn -0.704674 0.253019 -0.662884
v -0.362664 -0.163961 -0.238605
vn -0.503866 0.862928 -0.038392
v -0.436099 -0.097644 -0.014389
vn 0.113204 0.987660 0.108225
v -0.383365 -0.110669 0.189562
vn -0.826618 0.410543 0.384911
v -0.413043 -0.103758 0.128459
vn -0.899443 0.405167 0.163837
v -0.431752 -0.098649 0.060908
vn -0.503718 0.862480 0.048951
v -0.435536 -0.097793 0.030982
vn -0.319504 0.251712 -0.913542
v -0.229761 -0.211910 -0.336664
vn -0.892444 0.274177 -0.358289
v -0.400087 -0.083457 -0.126093
vn 0.189520 0.965970 -0.176022
v -0.343130 -0.154184 -0.232059
vn 0.100789 0.994664 0.022042
v -0.293782 -0.153817 -0.279791
vn 0.118226 0.992987 0.000243
v -0.259931 -0.154041 -0.301509
vn 0.073851 0.997266 -0.002373
v -0.410141 -0.092992 0.029356
vn -0.942454 0.167815 0.289170
v -0.384923 -0.009049 0.094379
vn 0.114163 0.991121 -0.068166
v 0.152459 -0.135446 -0.239880
vn -0.268359 0.959760 0.082736
v -0.395876 -0.089030 0.098061
vn -0.884760 0.162648 0.436745
v -0.369124 -0.045210 0.147262
vn 0.332602 0.768605 -0.546463
v 0.018887 -0.136021 -0.322908
vn 0.023203 0.994982 -0.097326
v -0.375525 -0.091011 0.150132
vn -0.793272 0.187386 0.579315
v -0.340624 -0.022212 0.186780
vn -0.141463 0.264662 -0.953909
v -0.137213 -0.110820 -0.333071
vn -0.603224 0.208342 0.769880
v -0.269391 0.082400 0.231426
vn -0.341571 0.266703 -0.901221
v -0.213142 -0.084566 -0.303368
vn 0.706417 0.344582 0.618254
v -0.326687 -0.080798 -0.223312
vn -0.170905 0.966832 0.189809
v -0.327692 -0.087697 0.219881
vn 0.285836 0.265751 0.920692
v -0.002621 0.031368 0.290584
vn 0.021395 0.992592 0.119601
v -0.278351 -0.066552 0.272939
vn -0.443520 0.197769 0.874172
v -0.227262 -0.017228 0.281335
vn 0.036753 0.984083 -0.173867
v -0.260611 -0.069914 -0.282317
vn 0.041442 0.987067 -0.154857
v -0.298140 -0.064014 -0.255960
vn -0.588113 0.181993 0.788037
v -0.274182 -0.044830 0.258553
vn 0.267134 0.963445 0.020310
v -0.342826 -0.086367 0.207843
vn -0.048995 0.996759 -0.063808
v -0.277761 -0.088095 0.266453
vn -0.110923 0.224368 0.968171
v -0.125997 0.034246 0.300533
vn 0.064119 0.230078 0.971058
v -0.072833 0.060642 0.295974
vn -0.215061 0.683111 0.697931
v -0.201106 -0.079812 0.307169
vn 0.095251 0.995419 0.008223
v -0.411923 -0.093899 -0.010418
vn 0.080051 0.996327 0.030410
v -0.401906 -0.092267 -0.075762
vn -0.183339 0.970624 -0.155805
v -0.317748 -0.085017 -0.226998
vn -0.241943 0.246285 -0.938513
v -0.166252 -0.068672 -0.312422
vn 0.264435 0.194773 -0.944530
v 0.002501 -0.064553 -0.312386
vn 0.431225 0.187268 -0.882596
v 0.060205 -0.062383 -0.290221
vn 0.041049 0.998383 0.039337
v -0.374864 -0.089142 -0.147370
vn 0.088677 0.993079 -0.077014
v -0.345004 -0.086797 -0.194794
vn 0.006852 0.999758 -0.020922
v -0.275493 -0.087938 -0.264807
vn 0.584618 0.199432 -0.786415
v 0.110947 -0.057701 -0.258757
vn 0.723992 0.204018 -0.658948
v 0.154825 -0.055248 -0.218695
vn 0.067039 0.222732 -0.972572
v -0.076688 -0.108328 -0.333208
vn -0.987189 0.150908 -0.051808
v -0.405548 -0.056763 -0.012731
vn -0.984369 0.175840 -0.009897
v -0.398168 -0.002272 -0.001804
vn -0.928746 0.164211 -0.332364
v -0.379033 0.006242 -0.100728
vn 0.346068 0.261540 -0.901018
v 0.026811 -0.010481 -0.289501
vn 0.466176 0.359405 -0.808398
v 0.053517 0.033611 -0.263918
vn -0.907698 0.153972 -0.390355
v -0.377475 -0.040631 -0.123827
vn -0.821517 0.177596 -0.541820
v -0.344663 0.006400 -0.169207
vn -0.736512 0.187481 -0.649924
v -0.322111 -0.015562 -0.204663
vn -0.613632 0.188867 -0.766672
v -0.284043 -0.024729 -0.243533
vn 0.289394 0.275667 -0.916656
v 0.000643 0.033833 -0.285855
vn 0.528934 0.686744 -0.498609
v 0.109954 0.040480 -0.221519
vn -0.974270 0.212985 -0.073723
v -0.378641 0.093743 -0.024262
vn 0.134093 0.231174 -0.963627
v -0.050226 0.062507 -0.290372
vn -0.754974 0.222100 0.616998
v -0.315816 0.103674 0.180135
vn -0.941150 0.239386 -0.238602
v -0.366214 0.112870 -0.069881
vn -0.271482 0.429614 0.861237
v -0.193695 0.108019 0.269306
vn -0.478486 0.201061 -0.854767
v -0.234790 0.004062 -0.270166
vn -0.868035 0.183488 0.461353
v -0.348245 0.081132 0.138608
vn 0.437640 0.869041 -0.230736
v 0.149606 0.037696 -0.178812
vn -0.821484 0.430925 0.373454
v -0.337958 0.126368 0.139307
vn 0.395356 0.880673 0.260975
v 0.136282 0.033913 0.185986
vn 0.748323 0.092864 0.656802
v 0.130145 0.102214 0.192256
vn 0.363599 0.877321 0.313216
v 0.122297 0.159236 0.186099
vn 0.490334 0.848523 -0.198948
v 0.255565 0.659079 -0.040376
vn 0.770900 0.556227 -0.310361
v 0.223862 0.390458 -0.087916
vn 0.195078 0.158708 -0.967862
v 0.216064 0.525488 -0.153078
vn 0.041285 0.456799 -0.888612
v 0.189430 0.572694 -0.142347
vn 0.072783 0.723468 0.686511
v 0.206831 0.624975 0.114889
vn -0.023074 0.998995 -0.038427
v -0.349046 0.153858 -0.087062
vn -0.060914 0.997811 0.025756
v -0.361712 0.151995 -0.036570
vn 0.577765 0.158619 0.800642
v 0.090350 0.111878 0.227562
vn 0.030565 0.999013 0.032219
v -0.317098 0.145446 0.158123
vn -0.669555 0.721154 0.177857
v -0.368379 0.135865 0.037499
vn -0.785714 0.559463 0.263922
v -0.361485 0.123547 0.086102
vn 0.282918 0.198970 0.938279
v -0.010977 0.080888 0.279947
vn -0.006812 0.988074 0.153829
v -0.282109 0.139417 0.203352
vn -0.224743 0.305277 -0.925363
v -0.161945 0.111005 -0.274649
vn 0.369838 0.218192 -0.903112
v 0.017053 0.059292 -0.271803
vn 0.550501 0.318286 -0.771779
v 0.082564 0.047916 -0.234268
vn 0.535904 0.715031 -0.448929
v 0.118864 0.039746 -0.202114
vn -0.158260 0.256905 0.953390
v -0.137889 0.107054 0.282215
vn -0.016145 0.992052 -0.124792
v -0.315648 0.145621 -0.158107
vn -0.002222 0.985601 -0.169072
v -0.273797 0.137313 -0.208246
vn -0.288974 0.520938 0.803192
v -0.204425 0.122159 0.253604
vn 0.734647 0.498366 -0.460353
v -0.314642 0.128281 0.155300
vn 0.124760 0.989045 -0.078898
v -0.340056 0.130722 0.107999
vn 0.325860 0.942027 0.080002
v -0.354333 0.131709 0.061739
vn 0.981479 0.165380 -0.096691
v -0.360592 0.131856 0.013670
vn -0.248350 0.864699 -0.436597
v -0.231896 0.124841 -0.238690
vn 0.225273 0.194352 -0.954714
v -0.016418 0.116052 -0.273281
vn 0.632696 0.123954 -0.764416
v 0.102564 0.106840 -0.215579
vn 0.100876 0.983857 0.147815
v -0.252684 0.123006 0.222640
vn 0.093417 0.994822 0.040035
v -0.288120 0.124377 0.188962
vn -0.041606 0.998578 0.033327
v -0.326212 0.125673 0.130562
vn -0.121213 0.992536 0.013423
v -0.347254 0.125502 0.073903
vn -0.006435 0.993373 0.114757
v -0.357676 0.125350 0.003962
vn 0.025586 0.999167 0.031801
v -0.350692 0.125497 -0.056822
vn 0.103656 0.994016 -0.034461
v -0.324973 0.125822 -0.130396
vn 0.095222 0.995326 -0.016077
v -0.289461 0.124120 -0.184416
vn 0.020447 0.998124 -0.057715
v -0.261214 0.123456 -0.212152
vn -0.292624 0.708345 -0.642353
v -0.212878 0.123417 -0.245500
vn -0.268675 0.514755 -0.814150
v -0.178298 0.121737 -0.261541
vn 0.462837 0.164938 -0.870963
v 0.049185 0.110583 -0.250656
vn 0.779537 0.100226 -0.618285
v 0.138902 0.103541 -0.178660
vn 0.067805 0.221326 0.972840
v -0.063168 0.128795 0.280427
vn -0.296147 0.233817 0.926081
v -0.159290 0.154649 0.261781
vn 0.340756 0.240631 -0.908835
v 0.011037 0.157470 -0.255680
vn 0.246496 0.210951 0.945907
v -0.015874 0.135266 0.271484
vn -0.971857 0.183474 0.147756
v -0.347250 0.159696 0.040760
vn -0.937885 0.212573 -0.274200
v -0.332392 0.202299 -0.073523
vn -0.604445 0.221612 -0.765202
v -0.249051 0.156601 -0.211385
vn 0.531985 0.714787 -0.453951
v 0.117875 0.159449 -0.187946
vn -0.218670 0.254371 -0.942061
v -0.145623 0.152521 -0.263310
vn -0.651131 0.208138 0.729868
v -0.253252 0.205120 0.198944
vn 0.206075 0.226103 -0.952056
v -0.027437 0.204642 -0.252921
vn 0.888675 0.410699 0.203920
v 0.115529 0.263415 0.146549
vn 0.620048 -0.284979 0.730977
v 0.133527 0.319639 0.155021
vn 0.858406 0.505305 0.088357
v 0.181274 0.353847 0.125023
vn 0.921247 0.291195 -0.257895
v 0.173381 0.359105 -0.138550
vn 0.641260 -0.318480 -0.698109
v 0.137740 0.311911 -0.143930
vn 0.746585 0.641767 -0.175343
v 0.129569 0.250437 -0.122032
vn 0.838322 0.354581 -0.414112
v 0.098992 0.278485 -0.166709
vn -0.447934 0.742970 -0.497344
v -0.106958 0.527060 -0.104634
vn -0.538953 0.832200 0.130278
v -0.130829 0.542821 0.027719
vn 0.083195 0.224430 -0.970932
v -0.055702 0.250897 -0.247936
vn -0.649805 0.687857 -0.323429
v -0.168292 0.500235 -0.069390
vn -0.570332 0.597597 -0.563560
v -0.155964 0.473917 -0.123618
vn -0.036018 0.227257 -0.973169
v -0.091368 0.195308 -0.261946
vn -0.137592 0.265483 -0.954247
v -0.113584 0.256553 -0.245129
vn -0.128289 0.300232 -0.945200
v -0.080815 0.375317 -0.215558
vn -0.343576 0.372751 -0.861982
v -0.125737 0.387769 -0.198493
vn 0.591232 0.266975 0.761031
v 0.088445 0.157796 0.212672
vn -0.460801 0.481498 -0.745535
v -0.142059 0.433250 -0.166749
vn -0.514637 0.397035 -0.759942
v -0.166910 0.385807 -0.177677
vn -0.691678 0.721520 -0.031466
v -0.175930 0.508268 -0.006701
vn -0.356935 0.318604 -0.878117
v -0.167212 0.275147 -0.224809
vn -0.264666 0.229540 -0.936623
v -0.154524 0.212529 -0.248544
vn -0.624976 0.478761 -0.616598
v -0.186545 0.416734 -0.142221
vn -0.659460 0.709691 0.247894
v -0.170373 0.503677 0.058545
vn -0.571001 0.360131 -0.737742
v -0.222762 0.283188 -0.190259
vn -0.719825 0.563792 -0.404958
v -0.200290 0.450936 -0.090066
vn -0.736841 0.472306 -0.483727
v -0.221851 0.402004 -0.111181
vn -0.780633 0.606770 -0.149810
v -0.211758 0.464128 -0.032857
vn 0.675538 0.140012 0.723909
v 0.094833 0.219268 0.191399
vn -0.602605 0.232924 -0.763291
v -0.239901 0.215451 -0.204393
vn 0.505195 0.179783 0.844071
v 0.053705 0.202854 0.223141
vn -0.736263 0.407743 -0.540058
v -0.265625 0.301787 -0.135565
vn -0.818703 0.511806 -0.260347
v -0.238529 0.414148 -0.061144
vn -0.600530 0.638310 0.481585
v -0.160852 0.485400 0.108514
vn -0.458197 0.591562 0.663407
v -0.127727 0.477022 0.147531
vn 0.430714 0.198224 0.880450
v 0.041067 0.132670 0.250188
vn -0.783544 0.607503 0.130377
v -0.211878 0.465397 0.031702
vn 0.538680 0.146963 0.829594
v 0.058029 0.263010 0.213669
vn -0.851195 0.524744 0.010520
v -0.245636 0.418649 0.002893
vn 0.022909 0.243215 -0.969702
v -0.058786 0.305633 -0.234812
vn -0.370163 0.587948 -0.719233
v -0.100654 0.484709 -0.154151
vn 0.291542 0.182202 -0.939045
v 0.003927 0.265804 -0.233732
vn 0.569326 0.269697 -0.776615
v 0.075956 0.161396 -0.218584
vn -0.506417 0.856972 0.095606
v -0.022181 0.608297 0.021181
vn 0.825068 0.563188 0.045621
v 0.103771 0.652353 -0.021659
vn -0.529570 0.828014 -0.184252
v -0.128403 0.543383 -0.038894
vn -0.453280 0.840584 -0.296574
v -0.077058 0.561797 -0.060973
vn -0.506133 0.828128 -0.240901
v -0.031822 0.595634 -0.045710
vn -0.367660 0.916626 -0.156917
v 0.023596 0.631471 -0.026679
vn -0.212673 0.897974 -0.385244
v 0.068020 0.632983 -0.066913
vn -0.295816 0.642600 -0.706795
v -0.045207 0.521210 -0.145074
vn -0.173293 0.478866 -0.860614
v -0.037533 0.476940 -0.180190
vn -0.153687 0.473182 -0.867456
v 0.018350 0.511687 -0.169313
vn 0.840777 0.519792 -0.151363
v 0.106551 0.638355 -0.067530
vn -0.383561 0.787856 -0.481834
v 0.011300 0.601595 -0.090213
vn -0.302334 0.618872 -0.724977
v 0.008012 0.556005 -0.137841
vn -0.021484 0.340747 -0.939910
v 0.021945 0.468097 -0.189032
vn 0.910470 0.405595 -0.080856
v 0.077531 0.632114 -0.003878
vn 0.269436 0.018020 -0.962850
v 0.055029 0.376773 -0.201902
vn 0.776533 0.603112 -0.182350
v 0.116008 0.608741 -0.113743
vn 0.333902 0.032668 -0.942042
v 0.097345 0.412036 -0.188724
vn 0.492938 0.021592 -0.869797
v 0.071818 0.316374 -0.191368
vn 0.850746 0.522019 -0.061058
v 0.091978 0.614439 -0.074281
vn -0.049008 0.481550 -0.875047
v 0.074880 0.552106 -0.158397
vn 0.466872 -0.159962 -0.869737
v 0.113921 0.362931 -0.177998
vn 0.797789 0.496383 -0.342253
v 0.125501 0.579597 -0.139359
vn -0.210885 0.712724 -0.668993
v 0.149923 0.619009 -0.103048
vn -0.343555 0.886198 -0.310842
v 0.131908 0.648509 -0.046589
vn -0.155343 0.980799 -0.117903
v 0.177547 0.667430 -0.017130
vn -0.346080 0.930101 0.123051
v 0.130272 0.654664 0.020515
vn 0.725699 0.685183 0.062329
v 0.263212 0.664811 0.017579
vn 0.846796 0.523955 -0.091691
v 0.220069 0.663765 -0.042757
vn 0.075992 0.866925 -0.492612
v 0.219273 0.650939 -0.071725
vn 0.987035 0.160468 0.003543
v 0.213579 0.663627 -0.015962
vn 0.056070 0.655212 -0.753361
v 0.223266 0.621020 -0.107483
vn 0.409040 -0.593277 -0.693332
v 0.346482 0.448320 -0.090875
vn 0.157970 0.428147 -0.889795
v 0.249892 0.579067 -0.130167
vn 0.568745 0.791859 -0.222461
v 0.259266 0.653512 -0.026888
vn 0.226984 0.965710 0.126024
v 0.589643 0.675416 0.006198
vn -0.080740 0.914411 -0.396652
v 0.272160 0.645033 -0.058062
vn 0.140657 0.642367 -0.753379
v 0.278329 0.616238 -0.098260
vn -0.073167 0.993021 -0.092497
v 0.301308 0.663566 -0.009543
vn 0.042936 0.534898 -0.843825
v 0.346062 0.610522 -0.101344
vn -0.233470 0.932771 -0.274647
v 0.391149 0.676447 -0.027138
vn 0.142162 0.300492 -0.943130
v 0.318026 0.573851 -0.121102
vn 0.152524 0.252073 -0.955613
v 0.378633 0.589549 -0.106220
vn -0.152286 0.921748 -0.356635
v 0.347155 0.654316 -0.043230
vn -0.067748 0.781488 -0.620231
v 0.348632 0.638705 -0.075736
vn -0.046570 0.726740 -0.685332
v 0.414458 0.659265 -0.067826
vn 0.311831 -0.069625 -0.947583
v 0.423481 0.560260 -0.102001
vn 0.580295 0.485819 -0.653634
v 0.672276 0.625802 -0.028823
vn 0.978090 0.101312 -0.181866
v 0.239693 -0.080612 -0.054016
vn 0.881151 0.435994 -0.182982
v 0.192213 0.152176 -0.051139
vn 0.753476 0.652972 -0.076821
v 0.148854 0.231541 -0.055649
vn 0.823954 -0.557075 -0.103764
v 0.183737 0.272497 -0.019180
vn 0.998018 -0.045226 -0.043759
v 0.284752 0.376014 -0.003086
vn 0.335202 0.931257 0.142832
v 0.246633 -0.133449 -0.057591
vn 0.996026 0.037835 -0.080631
v 0.179833 0.198733 -0.016257
vn 0.169993 0.950591 -0.259766
v 0.236497 -0.133412 -0.100855
vn 0.896624 0.401028 -0.187728
v 0.172336 0.149078 -0.066665
vn 0.952001 0.042443 -0.303138
v 0.168809 0.209117 -0.073921
vn 0.281244 0.956131 -0.081946
v 0.183439 0.034446 -0.124484
vn 0.313691 0.919693 -0.236143
v 0.167706 0.159274 -0.117982
vn 0.894955 0.430431 -0.117414
v 0.209867 0.320152 -0.053542
vn 0.526864 0.806073 -0.269554
v 0.186343 -0.251255 -0.216959
vn -0.321325 0.867879 0.378861
v 0.168575 -0.164197 -0.212698
vn 0.691815 0.575930 -0.435541
v 0.174539 -0.164568 -0.200899
vn 0.788739 0.030372 -0.613977
v 0.171278 -0.110386 -0.208009
vn 0.572504 -0.708326 -0.412934
v 0.204988 0.353179 -0.078193
vn 0.403684 0.628054 -0.665272
v 0.084611 -0.313577 -0.322984
vn -0.444714 0.243371 -0.861974
v -0.278164 -0.189769 -0.310840
vn 0.135708 0.981977 -0.131544
v -0.347034 -0.115342 -0.235344
vn -0.141251 0.236652 -0.961272
v -0.159693 -0.214507 -0.355895
vn 0.178163 0.974309 -0.137769
v -0.306013 -0.127297 -0.274380
vn -0.807297 0.316525 -0.498080
v -0.387291 -0.105748 -0.180351
vn 0.171997 0.215331 -0.961275
v -0.045858 -0.213082 -0.352070
vn 0.291964 0.212776 -0.932461
v -0.000970 -0.252483 -0.350636
vn 0.470312 0.205240 -0.858302
v 0.057727 -0.248636 -0.325888
vn 0.031836 0.226728 -0.973438
v -0.103958 -0.234803 -0.364001
vn 0.006601 0.225615 -0.974194
v -0.107081 -0.172044 -0.349308
vn 0.003929 0.985106 -0.171902
v -0.231378 -0.144859 -0.318991
vn 0.144507 0.986475 -0.077361
v -0.266478 -0.135585 -0.301320
vn 0.576164 0.228300 -0.784802
v 0.109495 -0.261139 -0.296632
vn 0.574428 0.666522 -0.475165
v 0.155685 -0.248381 -0.252280
vn 0.374643 0.717421 -0.587324
v 0.103093 -0.237315 -0.292253
vn -0.250871 0.348784 -0.903002
v -0.174712 -0.157592 -0.340219
vn 0.329375 0.173514 -0.928119
v 0.014144 -0.193510 -0.332335
vn 0.549726 0.263005 -0.792862
v 0.092209 -0.235033 -0.294319
vn 0.497126 0.121693 -0.859102
v 0.069376 -0.189676 -0.305791
vn 0.590668 0.652799 -0.474305
v 0.148970 -0.246681 -0.245676
vn 0.764865 0.003314 -0.644182
v 0.172414 -0.195053 -0.223160
vn 0.633835 0.026971 -0.772998
v 0.125737 -0.189723 -0.268481
vn -0.006339 0.999969 -0.004636
v -0.416762 -0.040672 0.004044
vn -0.956770 0.282242 0.070223
v -0.420744 -0.071084 0.036109
vn 0.038033 0.997772 -0.054816
v 0.041963 -0.142942 -0.308861
vn 0.136399 0.984010 -0.114544
v 0.102676 -0.135797 -0.281380
vn -0.097349 0.950752 0.294267
v 0.139982 -0.160151 -0.244094
vn -0.147209 0.912735 0.381109
v 0.101665 -0.153975 -0.275960
vn 0.558330 0.487844 -0.671026
v 0.102106 -0.152713 -0.272790
vn 0.669896 0.330534 -0.664821
v 0.136759 -0.156915 -0.243739
vn 0.538282 0.070300 -0.839828
v 0.096353 -0.102368 -0.274630
vn 0.418140 0.104021 -0.902407
v 0.047136 -0.110225 -0.302302
vn 0.100645 0.213934 -0.971650
v -0.052108 -0.059766 -0.321034
vn 0.665995 0.056417 -0.743820
v 0.134129 -0.104948 -0.246476
vn -0.285503 0.782658 0.553114
v -0.227190 0.123041 0.248897
vn -0.085136 0.230776 -0.969275
v -0.119637 0.064150 -0.292228
vn -0.421838 0.369613 0.827912
v -0.148131 0.377748 0.195660
vn -0.438477 0.445178 0.780739
v -0.135529 0.424369 0.179684
vn -0.267965 0.468838 0.841657
v -0.084682 0.450672 0.188363
vn -0.579164 0.422141 0.697399
v -0.181878 0.390075 0.166705
vn -0.502151 0.352541 0.789658
v -0.203334 0.287239 0.204757
vn 0.643679 0.174341 -0.745173
v 0.079310 0.193794 -0.203744
vn 0.583923 0.701860 -0.407954
v 0.112516 0.160620 -0.178649
vn 0.772214 0.092835 -0.628543
v 0.116370 0.194500 -0.166716
vn 0.657356 0.090855 -0.748083
v 0.091834 0.243342 -0.189043
vn 0.775701 0.373956 -0.508375
v 0.105400 0.271257 -0.172037
vn 0.492633 0.168360 -0.853796
v 0.059603 0.284770 -0.206004
vn 0.018413 0.266859 -0.963560
v -0.013332 0.413068 -0.208427
vn 0.736160 0.646443 -0.200452
v 0.134175 0.255404 -0.137229
vn 0.436382 -0.118473 -0.891928
v 0.141053 0.410357 -0.168850
vn 0.091504 0.352488 -0.931332
v 0.142368 0.542503 -0.155855
vn 0.787745 0.608097 -0.098365
v 0.123263 0.571863 -0.137216
vn 0.964028 0.222920 -0.144767
v 0.149087 0.387486 -0.151635
vn 0.905072 0.413217 -0.100482
v 0.162534 0.345599 -0.111946
vn 0.832827 0.536569 -0.135990
v 0.185186 0.347084 -0.114390
vn 0.189509 0.029160 -0.981446
v 0.172446 0.478075 -0.165391
vn 0.312776 -0.083550 -0.946145
v 0.210388 0.478345 -0.157385
vn 0.330701 -0.266906 -0.905206
v 0.188078 0.432142 -0.154594
vn 0.845464 0.474432 -0.245164
v 0.234865 0.449554 -0.144060
vn 0.447709 -0.571620 -0.687610
v 0.214934 0.395315 -0.127175
vn 0.988006 0.125621 0.089792
v 0.263051 0.411701 -0.108471
vn 0.359372 0.740903 -0.567375
v 0.266919 0.632673 -0.089237
vn 0.941270 0.330459 -0.069335
v 0.215561 0.437734 -0.131956
vn 0.313303 -0.561050 -0.766202
v 0.278345 0.438417 -0.113038
vn 0.306190 -0.270905 -0.912611
v 0.256040 0.474574 -0.139465
vn 0.776834 0.628411 0.040350
v 0.261414 0.657236 0.012796
vn 0.216158 0.260023 -0.941097
v -0.011951 -0.130287 -0.326311
vn 0.269550 -0.368735 -0.889594
v 0.551714 0.579987 -0.063942
vn 0.169138 0.212766 -0.962353
v -0.040035 -0.157982 -0.340443
vn -0.011329 0.234097 -0.972147
v -0.087821 0.124918 -0.278116
vn -0.373507 0.814075 -0.444719
v -0.331596 -0.058488 -0.223352
vn -0.919367 0.313841 -0.237210
v -0.459139 -0.211096 -0.086398
vn -0.135870 0.980474 -0.142163
v -0.366197 -0.051236 -0.176674
vn 0.845470 0.270163 0.460643
v -0.368335 -0.053229 -0.170362
vn -0.125423 0.786988 -0.604086
v -0.185889 -0.154725 -0.331576
vn -0.856932 0.314335 -0.408485
v -0.305002 0.254232 -0.108229
vn -0.854137 0.428585 -0.294558
v -0.292351 0.311158 -0.075805
vn -0.710059 0.191016 -0.677739
v -0.348609 -0.093952 -0.215222
vn -0.005371 0.997983 -0.063252
v -0.392087 -0.045796 -0.125302
vn -0.299291 0.608567 -0.734895
v -0.199063 0.118875 -0.261605
vn -0.735323 0.280097 -0.617127
v -0.274482 0.239244 -0.162640
vn -0.435865 0.202999 -0.876820
v -0.255278 -0.119243 -0.296101
vn -0.601078 0.217196 -0.769111
v -0.272312 0.088679 -0.224422
vn -0.897349 0.436974 -0.061801
v -0.305776 0.309654 -0.013184
vn -0.630547 0.167989 -0.757754
v -0.307573 -0.101083 -0.258400
vn 0.011069 0.999277 -0.036368
v -0.412536 -0.041178 -0.047648
vn -0.729522 0.564873 0.385637
v -0.198881 0.455355 0.090598
vn 0.051740 0.984216 -0.169237
v -0.361864 -0.278631 -0.293857
vn 0.006535 0.991255 -0.131797
v -0.399284 -0.270320 -0.256591
vn -0.870456 0.199161 -0.450156
v -0.316620 0.188008 -0.118790
vn -0.979764 0.191100 -0.059527
v -0.346304 0.177840 -0.013395
vn -0.949693 0.290275 -0.117573
v -0.332780 0.240999 -0.025021
vn -0.873325 0.442617 0.203454
v -0.298880 0.312267 0.053885
vn -0.912042 0.321806 -0.254206
v -0.410924 -0.068034 -0.080039
vn -0.934460 0.347293 0.078571
v -0.325725 0.263517 0.020491
vn -0.812513 0.507894 0.286123
v -0.235910 0.414020 0.069510
vn 0.283522 0.221849 0.932951
v -0.006124 -0.236271 0.351778
vn 0.158935 0.202321 0.966336
v -0.045815 -0.183705 0.348903
vn -0.864783 0.322285 -0.385075
v -0.442670 -0.226263 -0.147595
vn -0.805212 0.287578 -0.518587
v -0.408245 -0.197863 -0.192998
vn -0.969692 0.237661 -0.056703
v -0.421473 -0.069913 -0.026135
vn -0.793368 0.422925 0.437837
v -0.278862 0.305596 0.114768
vn -0.902594 0.317572 0.290642
v -0.316826 0.256098 0.078855
vn -0.713598 0.470137 0.519374
v -0.213099 0.403453 0.124631
vn -0.610105 0.511100 0.605433
v -0.174703 0.441583 0.137912
vn -0.510905 0.859623 -0.004879
v -0.428369 -0.099685 0.004707
vn -0.908952 0.209087 0.360677
v -0.325927 0.191803 0.100334
vn -0.969352 0.216480 0.116160
v -0.339868 0.211376 0.029713
vn -0.808831 0.300584 0.505413
v -0.293573 0.251669 0.134148
vn -0.660208 0.392178 0.640564
v -0.244481 0.299558 0.165116
vn -0.069358 0.773864 0.629543
v -0.273564 -0.141645 0.304951
vn -0.780864 0.212189 0.587560
v -0.291376 0.187872 0.162100
vn -0.497887 0.867185 -0.009918
v -0.079223 0.570818 -0.001696
vn 0.861319 0.506409 0.040986
v 0.220109 0.669946 0.018311
vn -0.172485 0.983815 0.048554
v 0.347033 0.664794 0.005037
vn -0.166307 0.965836 0.198752
v 0.410339 0.684507 0.017968
vn -0.631306 0.293089 0.718019
v -0.351561 -0.227882 0.273624
vn -0.542989 0.246258 0.802820
v -0.303372 -0.188146 0.298493
vn -0.892776 0.340217 0.295302
v -0.409381 -0.075793 0.096873
vn 0.035351 0.990243 0.134793
v -0.408780 -0.042289 0.073152
vn -0.512216 0.275267 0.813549
v -0.215787 0.238290 0.216500
vn -0.483017 0.829477 0.280468
v -0.070425 0.566748 0.057498
vn -0.309836 0.936585 0.163742
v 0.039551 0.637456 0.032893
vn 0.847673 0.528243 0.049103
v 0.105958 0.646496 0.050016
vn 0.885391 0.366853 -0.285485
v -0.400379 -0.083826 0.101223
vn 0.967393 0.252684 0.017381
v 0.214475 0.661422 0.031512
vn 0.093071 0.995384 0.023406
v 0.499850 0.688736 0.006713
vn -0.019265 0.233911 0.972067
v -0.119262 -0.207675 0.360139
vn -0.246668 0.843970 0.476308
v 0.055195 0.620710 0.090844
vn 0.707913 0.637557 0.303943
v 0.221144 0.652592 0.075499
vn -0.833176 0.236186 0.500034
v -0.386870 -0.088939 0.159984
vn 0.046160 0.997037 -0.061532
v -0.393628 -0.048007 0.119202
vn -0.471761 0.763880 0.440374
v -0.117690 0.526804 0.097599
vn -0.442332 0.796934 0.411386
v -0.008474 0.597830 0.080540
vn -0.042618 0.662555 0.747800
v 0.429005 0.652814 0.074247
vn -0.020709 0.939120 0.342964
v 0.458386 0.683578 0.033069
vn -0.753588 0.162452 0.636957
v -0.349146 -0.102374 0.219320
vn 0.027642 0.992906 0.115648
v -0.358993 -0.052749 0.191642
vn -0.392181 0.732007 0.557099
v -0.047723 0.549147 0.114272
vn 0.888270 0.459264 -0.007221
v 0.086682 0.619570 0.068296
vn 0.076420 0.970474 0.228780
v -0.409588 -0.266991 0.249207
vn 0.066836 0.983232 0.169671
v -0.374636 -0.275827 0.285460
vn 0.069157 0.996941 -0.036412
v -0.364186 -0.284302 0.291088
vn 0.299394 0.936313 -0.183523
v -0.400884 -0.279258 0.254491
vn -0.337897 0.262206 0.903921
v -0.242813 -0.243774 0.345073
vn -0.203365 0.247070 0.947417
v -0.188827 -0.216764 0.353911
vn -0.315302 0.648204 0.693120
v -0.073589 0.507106 0.150645
vn 0.834239 0.536297 0.128181
v 0.113794 0.620332 0.104623
vn -0.243653 0.826463 0.507535
v 0.153399 0.639011 0.086236
vn 0.941042 0.282970 0.185385
v 0.263801 0.640738 0.068507
vn -0.102749 0.859396 0.500881
v 0.357718 0.651285 0.055679
vn 0.131168 0.986629 0.096738
v -0.376434 -0.153005 0.192985
vn -0.441964 0.699155 0.562006
v -0.318998 -0.060956 0.239185
vn -0.125572 0.677416 0.724803
v 0.074508 0.593613 0.131461
vn 0.586338 0.642347 0.493557
v 0.221082 0.640872 0.080223
vn 0.821959 0.491687 0.287448
v 0.268303 0.637392 0.084931
vn -0.051454 0.927114 0.371232
v 0.307357 0.654368 0.049580
vn 0.668200 0.261745 -0.696418
v -0.314935 -0.080447 0.239490
vn -0.318256 0.664059 0.676563
v 0.017004 0.574898 0.128829
vn 0.159222 0.575683 0.802020
v 0.267375 0.603164 0.119017
vn 0.191478 0.833499 0.518281
v 0.544371 0.673433 0.041131
vn 0.110245 0.989072 0.097893
v -0.292487 -0.151022 0.280584
vn 0.849403 0.526429 0.037250
v 0.109763 0.589246 0.121536
vn -0.148658 0.592863 0.791463
v 0.162874 0.599284 0.132068
vn -0.236709 0.568841 0.787648
v -0.012041 0.521609 0.158645
vn 0.745679 0.598348 0.293158
v 0.125725 0.578851 0.142612
vn 0.042669 0.704868 0.708054
v 0.318002 0.623151 0.094605
vn 0.053145 0.524168 0.849955
v 0.376220 0.614432 0.098540
vn 0.151084 0.284389 0.946729
v 0.479105 0.623517 0.086273
vn -0.591951 0.168954 0.788066
v -0.296248 -0.108750 0.270394
vn -0.078202 0.987170 0.139213
v -0.228716 -0.085394 0.295966
vn 0.338526 0.456343 0.822892
v 0.140360 0.539331 0.163831
vn 0.125503 0.697961 0.705053
v 0.499476 0.664061 0.060011
vn -0.310071 0.233338 0.921634
v -0.164558 0.212891 0.248903
vn -0.320523 0.305114 0.896755
v -0.158816 0.271150 0.232721
vn -0.346689 0.330483 0.877831
v -0.145425 0.327986 0.215986
vn 0.032610 0.302457 0.952605
v 0.004752 0.436059 0.203762
vn -0.089127 0.470047 0.878130
v 0.064282 0.544316 0.164388
vn 0.351760 0.504760 0.788341
v 0.140381 0.547110 0.156720
vn 0.157091 0.328395 0.931386
v 0.319517 0.575746 0.123298
vn 0.215143 0.134715 0.967246
v 0.433661 0.592631 0.098866
vn -0.205104 0.275161 0.939265
v -0.163614 -0.088131 0.326105
vn -0.103290 0.248805 0.963030
v -0.109447 0.242911 0.252077
vn -0.220272 0.325716 0.919451
v -0.098364 0.382667 0.212451
vn -0.038055 0.374708 0.926362
v 0.027350 0.482681 0.186090
vn 0.113612 0.218231 0.969261
v 0.098245 0.492287 0.182015
vn 0.181048 0.190274 0.964893
v 0.164347 0.505202 0.168715
vn 0.108075 0.368050 0.923504
v 0.209131 0.574470 0.147278
vn 0.223037 0.141914 0.964425
v 0.263342 0.541733 0.142629
vn -0.052871 0.237072 0.970052
v -0.118486 -0.098707 0.333561
vn -0.055203 0.301461 0.951879
v -0.038251 0.411314 0.211848
vn 0.229502 -0.729671 0.644135
v 0.587480 0.565700 0.044190
vn 0.458374 -0.465033 0.757389
v 0.469293 0.536465 0.073413
vn 0.380116 -0.180168 0.907222
v 0.418657 0.539131 0.103277
vn 0.384851 -0.376544 0.842677
v 0.372931 0.496138 0.106116
vn 0.227897 0.086966 0.969794
v 0.373674 0.560318 0.117057
vn 0.496691 -0.562424 0.661043
v 0.431100 0.496723 0.078503
vn 0.536012 -0.734030 0.417003
v 0.408258 0.460112 0.051404
vn 0.267613 -0.071134 0.960897
v 0.320537 0.520247 0.131704
vn 0.456885 -0.691284 0.559806
v 0.354926 0.436664 0.076485
vn 0.341261 -0.426382 0.837699
v 0.325783 0.470128 0.115431
vn 0.241337 0.068538 0.968018
v 0.209699 0.511800 0.158781
vn 0.877476 0.244818 0.412432
v 0.220617 0.455316 0.143546
vn 0.931221 0.204850 0.301436
v 0.228827 0.454375 0.151203
vn -0.250757 -0.545233 0.799901
v 0.224342 0.420796 0.127540
vn 0.376992 -0.031707 0.925674
v 0.198987 0.482044 0.163696
vn 0.428722 -0.427141 0.796083
v 0.197654 0.424709 0.152420
vn 0.298474 -0.034813 0.953783
v 0.137039 0.450410 0.175892
vn 0.910420 0.404525 0.086579
v 0.152928 0.376681 0.146387
vn 0.879031 0.085220 0.469086
v 0.152181 0.389609 0.162714
vn 0.168494 0.178214 0.969459
v 0.061500 0.434536 0.198260
vn 0.368836 -0.016628 0.929346
v 0.106388 0.403900 0.189279
vn 0.150941 0.150894 0.976959
v 0.014953 0.390130 0.213485
vn 0.449940 -0.146960 0.880884
v 0.090930 0.346873 0.189336
vn 0.621549 -0.030802 0.782769
v 0.094929 0.294461 0.174785
vn 0.063184 0.220016 0.973448
v -0.036953 0.343503 0.228543
vn 0.368018 0.085225 0.925905
v 0.037954 0.329889 0.212142
vn 0.291415 0.180287 0.939454
v 0.010975 0.289724 0.230513
vn 0.559897 0.594831 0.576793
v 0.101768 0.043246 0.221853
vn 0.442060 0.324637 0.836178
v 0.053170 0.052280 0.256933
vn 0.064811 0.241194 0.968311
v -0.068718 0.002507 0.310115
vn 0.474485 0.484985 0.734611
v 0.062377 0.044677 0.257935
vn 0.162791 0.223444 0.961027
v -0.030826 -0.079142 0.325245
vn 0.350294 0.184954 0.918198
v 0.026169 -0.078074 0.310721
vn 0.510147 0.739363 0.439423
v 0.114504 0.040058 0.220396
vn 0.343652 0.909176 0.235165
v 0.140598 0.038364 0.193612
vn 0.504581 0.178380 0.844736
v 0.083517 -0.065735 0.281369
vn 0.665900 0.184224 0.722938
v 0.138205 -0.060417 0.239732
vn 0.500204 0.231041 0.834516
v 0.072785 -0.229347 0.308782
vn 0.515319 0.242035 0.822110
v 0.092543 -0.261281 0.311829
vn 0.609582 0.078524 0.788824
v 0.117934 -0.108602 0.262257
vn 0.598454 0.465951 0.651723
v 0.121264 -0.245155 0.286819
vn 0.452718 0.734707 0.505225
v 0.101784 -0.237595 0.296440
vn 0.431424 0.812293 0.392495
v 0.115599 -0.240951 0.279974
vn 0.847934 0.492379 0.196394
v 0.171868 0.149343 0.073433
vn -0.292115 0.955265 -0.046241
v 0.182812 0.144986 0.044986
vn 0.921308 0.118451 0.370352
v 0.184533 0.120026 0.100255
vn 0.985264 0.091577 0.144459
v 0.200072 0.113919 0.044631
vn 0.943343 -0.000256 0.331818
v 0.224019 -0.122581 0.116557
vn 0.948891 0.074413 0.306707
v 0.233106 -0.213841 0.115520
vn 0.510948 0.844566 0.160129
v 0.237638 -0.256064 0.123964
vn -0.068001 0.747118 0.661204
v -0.173131 -0.313570 0.382152
vn 0.263662 0.949756 0.168659
v 0.220847 -0.313926 0.207193
vn 0.113039 -0.990653 -0.076345
v 0.197182 -0.478173 -0.194326
vn 0.089123 -0.995391 -0.035422
v 0.229644 -0.478173 -0.130253
vn -0.168839 -0.981741 0.087626
v -0.421712 -0.477408 0.240391
vn -0.043956 -0.997622 0.053085
v -0.237911 -0.478173 0.363993
vn 0.720196 -0.693688 0.010686
v 0.302012 -0.468861 -0.002309
vn 0.071254 -0.997304 0.017547
v 0.236262 -0.477870 0.026390
vn 0.186466 -0.982453 -0.004029
v 0.273554 -0.477849 -0.016317
vn 0.185688 -0.982129 0.030702
v 0.248097 -0.478173 0.081395
vn 0.089094 -0.994599 0.053238
v 0.173942 -0.478173 0.189323
vn -0.181256 -0.982874 -0.033241
v -0.488537 -0.475184 -0.047362
vn -0.723647 -0.688497 -0.048027
v -0.549663 -0.464207 -0.006931
vn -0.040061 -0.999187 0.004524
v -0.442365 -0.478173 0.121920
vn -0.058835 -0.998177 -0.013470
v -0.408872 -0.478173 -0.180414
vn 0.096323 -0.966330 -0.238597
v -0.018859 -0.478168 -0.378485
vn 0.997436 -0.058656 0.040992
v 0.315385 -0.401134 0.022091
vn 0.987021 -0.025181 0.158605
v 0.308813 -0.398939 0.082406
vn 0.945546 -0.020278 0.324857
v 0.293786 -0.397612 0.140936
vn 0.897467 -0.032097 0.439913
v 0.272906 -0.397439 0.192201
vn 0.829467 -0.089364 0.551360
v 0.247562 -0.404078 0.235444
vn 0.784422 -0.028971 0.619550
v 0.218563 -0.393604 0.277522
vn 0.521084 0.061390 0.851294
v 0.105167 -0.381646 0.376107
vn 0.390493 -0.053464 0.919052
v 0.059157 -0.400962 0.400097
vn 0.289038 -0.063761 0.955192
v 0.000806 -0.399725 0.421646
vn 0.108830 -0.060761 0.992202
v -0.069611 -0.400816 0.436720
vn -0.012418 -0.038013 0.999200
v -0.139912 -0.398898 0.438930
vn -0.244957 0.010782 0.969474
v -0.203969 -0.397339 0.431573
vn -0.357605 -0.052094 0.932419
v -0.263973 -0.412165 0.411752
vn -0.403822 -0.061661 0.912757
v -0.313116 -0.401687 0.394579
vn -0.490128 -0.059038 0.869649
v -0.355389 -0.404585 0.370439
vn -0.619641 0.048431 0.783390
v -0.395292 -0.395719 0.343282
vn -0.707405 0.012012 0.706706
v -0.434813 -0.395211 0.307591
vn -0.795860 -0.019566 0.605164
v -0.471239 -0.393969 0.265457
vn -0.876295 0.022834 0.481234
v -0.500850 -0.386604 0.220436
vn -0.928255 -0.028977 0.370813
v -0.524692 -0.397181 0.173104
vn -0.957408 -0.129819 0.257909
v -0.540506 -0.418871 0.111796
vn -0.987771 0.029868 0.153025
v -0.555180 -0.383567 0.063696
vn -0.998744 -0.042543 0.026480
v -0.559374 -0.399868 0.008592
vn -0.995027 -0.062046 -0.077920
v -0.557301 -0.407838 -0.041914
vn -0.963996 -0.000179 -0.265917
v -0.546657 -0.392416 -0.106282
vn -0.924371 0.008698 -0.381395
v -0.524072 -0.394913 -0.171456
vn -0.865409 -0.021402 -0.500609
v -0.498025 -0.397426 -0.222396
vn -0.774250 -0.019409 -0.632582
v -0.466161 -0.396315 -0.268660
vn -0.702472 -0.016469 -0.711520
v -0.427319 -0.394898 -0.311967
vn -0.510599 -0.039344 -0.858918
v -0.345227 -0.394839 -0.375089
vn -0.356136 -0.163197 -0.920073
v -0.304879 -0.412721 -0.393731
vn -0.231209 -0.080866 -0.969538
v -0.211598 -0.404735 -0.426807
vn -0.059292 -0.104427 -0.992764
v -0.157924 -0.403554 -0.434526
vn 0.046081 -0.100008 -0.993919
v -0.106106 -0.403137 -0.435978
vn 0.143429 -0.010973 -0.989600
v -0.052599 -0.397511 -0.431026
vn 0.254661 0.024387 -0.966723
v 0.001938 -0.394364 -0.418627
vn 0.418509 -0.006747 -0.908188
v 0.060799 -0.392011 -0.396578
vn 0.614362 -0.139015 -0.776682
v 0.142906 -0.422364 -0.347551
vn 0.807722 -0.035326 -0.588504
v 0.230645 -0.403254 -0.258910
vn 0.876189 -0.084892 -0.474432
v 0.259309 -0.403209 -0.214917
vn 0.925756 -0.127134 -0.356109
v 0.286681 -0.405929 -0.156598
vn 0.967409 -0.096066 -0.234290
v 0.304571 -0.404006 -0.097877
vn 0.994422 -0.073441 -0.075706
v 0.314219 -0.402415 -0.038266
vn -0.010215 -0.969763 0.243834
v -0.129943 -0.478094 0.393224
vn 0.042464 -0.985793 0.162510
v -0.060844 -0.478128 0.377905
vn 0.000107 -1.000000 0.000661
v -0.111927 -0.478173 0.340566
vn 0.000000 -1.000000 0.000000
v -0.111698 -0.478173 0.272666
vn 0.000000 -1.000000 0.000000
v -0.159809 -0.478173 0.216398
vn 0.000000 -1.000000 0.000000
v -0.150969 -0.478173 0.153592
vn 0.000000 -1.000000 0.000000
v -0.031509 -0.478173 0.126407
vn 0.000000 -1.000000 0.000000
v -0.180260 -0.478173 0.000061
vn 0.000000 -1.000000 0.000000
v -0.118712 -0.478173 -0.091620
vn 0.000000 -1.000000 0.000000
v -0.057621 -0.478173 -0.157666
vn 0.000017 -1.000000 -0.000184
v -0.090112 -0.478173 -0.322017
vn -0.001249 -0.999429 -0.033766
v -0.147510 -0.478173 -0.349080
vn -0.006104 -0.997550 -0.069690
v -0.079493 -0.478148 -0.372833
vn 0.000000 -1.000000 0.000000
v -0.128230 -0.478173 -0.241080
vn 0.937351 0.295931 0.183843
v 0.218640 -0.005062 0.062355
vn 0.814705 0.309358 0.490463
v 0.179681 -0.008776 0.165203
vn 0.397432 -0.387598 -0.831755
v 0.382478 0.497452 -0.100654
vn 0.879997 0.303778 -0.365137
v 0.202000 -0.010430 -0.119916
vn -0.747176 0.190185 0.636834
v -0.318644 0.042708 0.195941
vn -0.682573 0.178044 0.708798
v -0.303645 -0.014925 0.226131
vn -0.581811 0.195407 0.789502
v -0.268436 0.020889 0.247521
vn -0.444628 0.194423 0.874360
v -0.218892 0.057227 0.268835
vn -0.266856 0.227695 0.936452
v -0.170885 -0.018332 0.303728
vn -0.082673 0.233374 -0.968866
v -0.111540 -0.049461 -0.318734
vn -0.978828 0.152322 0.136729
v -0.400071 -0.035187 0.043644
vn -0.967328 0.152721 -0.202369
v -0.395014 -0.026644 -0.062127
vn -0.821301 0.157436 -0.548342
v -0.349212 -0.051460 -0.179312
vn -0.490909 0.206243 -0.846447
v -0.237123 -0.048402 -0.280218
vn -0.332939 0.213784 -0.918394
v -0.194162 -0.023194 -0.294154
vn 0.177606 0.246862 -0.952636
v -0.031620 -0.005734 -0.304279
vn 0.514794 0.281812 -0.809672
v 0.081442 -0.009647 -0.261923
vn -0.874961 0.182714 0.448395
v -0.360578 0.023409 0.138051
vn -0.976852 0.188535 0.101073
v -0.388501 0.034883 0.033537
vn -0.877559 0.181793 -0.443668
v -0.357402 0.047921 -0.131659
vn -0.976067 0.184758 -0.114709
v -0.389296 0.032103 -0.036420
vn -0.976105 0.184131 0.115386
v -0.379629 0.080978 0.040632
vn -0.281389 0.203126 0.937849
v -0.179736 0.048856 0.286492
vn -0.180338 0.213653 -0.960120
v -0.144299 -0.002554 -0.303732
vn -0.483922 0.205089 -0.850740
v -0.230518 0.064926 -0.257901
vn 0.173989 0.982382 -0.068223
v 0.142791 0.159362 -0.152964
vn -0.754901 0.212672 -0.620399
v -0.285000 0.175295 -0.170791
vn -0.233911 0.301316 -0.924389
v -0.121043 0.323608 -0.223042
vn 0.184217 0.204398 -0.961398
v 0.110573 0.493521 -0.175171
vn 0.225386 0.114803 -0.967482
v 0.269397 0.536313 -0.138819
vn 0.330195 0.650668 -0.683814
v 0.616942 0.654724 -0.037705
vn -0.006569 0.999955 -0.006858
v 0.206001 0.034395 -0.010597
vn 0.941169 0.299794 -0.155965
v 0.226517 -0.023087 -0.051935
vn 0.521745 -0.730827 -0.440084
v 0.396973 0.454313 -0.052724
vn -0.476536 0.208323 0.854117
v -0.207219 0.180560 0.236453
vn -0.527182 0.382412 0.758841
v -0.190323 0.338019 0.187750
vn 0.449710 0.172266 -0.876405
v 0.039340 0.217376 -0.226245
vn -0.241608 0.426412 -0.871664
v -0.085876 0.432393 -0.191979
vn 0.314937 0.152067 -0.936851
v 0.591928 0.617573 -0.059783
vn 0.239332 0.002088 -0.970936
v 0.369655 0.548674 -0.115845
vn 0.183931 0.205481 -0.961222
v 0.469574 0.614916 -0.083028
vn -0.429534 0.214017 -0.877324
v -0.196582 0.174085 -0.240179
vn 0.050021 0.322587 -0.945217
v 0.071245 0.500909 -0.179195
vn -0.788885 0.461371 -0.405952
v -0.255281 0.359430 -0.096573
vn -0.301953 0.204176 -0.931202
v -0.182786 0.049774 -0.282162
vn -0.862444 0.485276 -0.143864
v -0.272301 0.365570 -0.034249
vn -0.447974 0.356597 -0.819852
v -0.167355 0.336082 -0.199798
vn -0.864501 0.488447 0.118563
v -0.273210 0.365828 0.030520
vn 0.130485 0.221768 0.966330
v -0.061083 -0.257406 0.368534
vn -0.614324 0.225984 0.756001
v -0.250361 0.157474 0.211717
vn -0.641386 0.415112 -0.645218
v -0.215931 0.352722 -0.155647
vn -0.801040 0.471417 0.368918
v -0.258167 0.360249 0.092635
vn -0.944922 0.189342 -0.266970
v -0.375033 0.059539 -0.080577
vn -0.682242 0.433310 0.588887
v -0.229959 0.349888 0.145914
vn -0.135389 0.277983 0.950997
v -0.100136 0.311305 0.234158
vn -0.106497 0.234955 0.966155
v -0.112997 0.175467 0.267269
vn -0.052031 0.238191 0.969824
v -0.136694 -0.264987 0.373168
vn 0.268864 -0.231628 0.934912
v 0.494532 0.578659 0.082843
vn 0.375065 -0.639473 0.671119
v 0.527321 0.553033 0.057229
vn 0.284177 0.031700 0.958248
v 0.061463 0.385186 0.203121
vn 0.096512 0.211222 0.972662
v -0.045205 0.274825 0.244262
vn 0.326982 0.172540 0.929146
v 0.011101 0.231151 0.239755
vn 0.220919 0.235831 0.946350
v -0.026974 0.189018 0.258934
vn -0.082447 0.241726 0.966836
v -0.112441 -0.032423 0.317037
vn 0.216193 0.245459 0.944992
v -0.014559 -0.028824 0.310159
vn 0.400811 0.263822 0.877353
v 0.044847 -0.014117 0.285807
vn 0.570623 0.278651 0.772492
v 0.101907 -0.011461 0.251212
vn 0.285361 -0.282511 0.915837
v 0.267359 0.475298 0.137457
vn 0.894404 0.305200 0.326949
v 0.207210 -0.008676 0.106380
vn -0.095124 -0.987696 -0.124128
v -0.464666 -0.476324 -0.148212
vn -0.002524 -0.999962 0.008329
v -0.174734 -0.478173 0.362970
vn -0.000153 -1.000000 0.000971
v 0.006926 -0.478173 0.294989
vn -0.000506 -1.000000 0.000058
v -0.244138 -0.478173 0.273544
vn 0.000000 -1.000000 0.000000
v -0.333498 -0.478173 0.110190
vn 0.000000 -1.000000 0.000000
v -0.277937 -0.478173 0.105421
vn 0.000000 -1.000000 0.000000
v -0.317184 -0.478173 -0.027061
vn 0.000000 -1.000000 0.000000
v -0.172832 -0.478173 -0.056834
vn 0.000000 -1.000000 0.000000
v -0.286908 -0.478173 -0.132586
vn 0.000000 -1.000000 0.000000
v -0.235412 -0.478173 -0.167110
vn -0.001028 -0.999968 -0.007934
v -0.269258 -0.478173 -0.297162
vn -0.006151 -0.999866 -0.015171
v -0.219234 -0.478173 -0.333334
vn 0.000000 -1.000000 0.000000
v 0.010644 -0.478173 -0.258336
vn 0.000000 -1.000000 0.000000
v 0.059626 -0.478173 -0.154002
vn 0.000000 -1.000000 0.000000
v -0.090789 -0.478173 -0.197074
vn 0.000000 -1.000000 0.000000
v 0.062248 -0.478173 -0.219270
vn 0.000000 -1.000000 0.000000
v 0.033876 -0.478173 0.167181
vn 0.000004 -1.000000 0.000005
v 0.020420 -0.478173 0.228839
vn 0.000000 -1.000000 0.000000
v -0.120878 -0.478173 0.039120
vn 0.000000 -1.000000 0.000000
v -0.010255 -0.478173 -0.006173
vn 0.000000 -1.000000 0.000000
v 0.068703 -0.478173 0.035053
vn 0.582300 0.650568 -0.487533
v 0.173711 -0.313427 -0.243934
vn 0.869512 0.432431 -0.238648
v 0.305699 -0.350629 -0.094722
vn 0.182413 0.578190 0.795249
v -0.028467 -0.312943 0.374399
vn 0.782978 -0.330647 -0.526895
v 0.843837 0.415195 -0.071719
vn -0.320764 -0.385393 -0.865207
v 0.696975 0.406056 -0.115999
vn 0.142772 -0.440812 -0.886172
v 0.758938 0.395114 -0.118234
vn 0.212406 -0.773243 -0.597477
v 0.765329 0.353802 -0.081965
vn -0.403558 -0.210171 0.890488
v 0.688027 0.423967 0.123441
vn 0.865079 0.028534 0.500824
v 0.164676 0.084221 0.145435
vn 0.147772 0.222128 -0.963754
v -0.056740 -0.270220 -0.367633
vn 0.448160 -0.859833 0.244623
v 0.275880 0.380308 0.028377
vn 0.333567 -0.751339 -0.569406
v 0.538745 0.551850 -0.046528
vn 0.664468 0.296238 -0.686094
v 0.129777 -0.006053 -0.222465
vn -0.877606 0.234165 -0.418299
v -0.352143 0.101370 -0.119335
vn -0.763960 0.210271 -0.610042
v -0.319087 0.081029 -0.180397
vn -0.130930 0.468975 0.873453
v -0.033217 0.469089 0.188443
vn -0.413966 0.752154 -0.512734
v -0.041834 0.560907 -0.099736
vn -0.174504 0.709347 -0.682916
v 0.061401 0.593285 -0.125959
vn -0.143745 0.961561 0.233962
v 0.180951 0.665399 0.037461
vn 0.774685 -0.467118 -0.426221
v 0.169933 0.284291 -0.085347
vn 0.170082 0.180629 -0.968734
v -0.011673 0.346478 -0.221104
vn 0.149901 0.170450 -0.973898
v 0.059253 0.438914 -0.194888
vn -0.450107 0.267272 -0.852038
v -0.199743 0.233452 -0.225042
vn -0.125866 0.862081 -0.490891
v 0.181891 0.651833 -0.070937
vn 0.008579 0.951219 -0.308397
v 0.452525 0.683635 -0.029177
vn -0.669632 0.307148 0.676205
v -0.255341 0.254098 0.178576
vn -0.130476 0.238061 0.962446
v -0.155607 -0.156689 0.344471
vn 0.042289 0.234304 0.971243
v -0.072589 -0.060574 0.325085
vn 0.425680 0.223907 0.876734
v 0.042420 -0.256970 0.338237
vn 0.372775 0.168079 0.912572
v 0.020901 -0.201836 0.332601
vn 0.000000 -1.000000 0.000000
v 0.111043 -0.478173 -0.110809
vn 0.000000 -1.000000 0.000000
v 0.096716 -0.478173 0.097190
vn -0.691026 -0.590473 -0.416923
v -0.507327 -0.454269 -0.197648
vn 0.000643 -1.000000 0.000769
v -0.054752 -0.478173 0.315471
vn 0.091511 -0.995610 0.019673
v 0.158761 -0.478124 0.229365
vn -0.000237 -1.000000 0.000529
v -0.285642 -0.478173 0.221885
vn 0.000000 -1.000000 0.000000
v -0.316844 -0.478173 0.170445
vn 0.000000 -1.000000 0.000000
v -0.333446 -0.478173 0.057593
vn 0.000000 -1.000000 0.000000
v -0.356774 -0.478173 0.012074
vn 0.000000 -1.000000 0.000000
v 0.052072 -0.478173 -0.028898
vn 0.000000 -1.000000 0.000000
v 0.057385 -0.478173 -0.089538
vn 0.000000 -1.000000 0.000000
v -0.293138 -0.478173 -0.197669
vn 0.000000 -1.000000 0.000000
v -0.255101 -0.478173 -0.229846
vn -0.000099 -1.000000 -0.000140
v -0.027159 -0.478173 -0.342202
vn -0.941290 0.181121 0.284901
v -0.373101 0.060405 0.088189
vn -0.089416 -0.995448 -0.032995
v -0.481711 -0.478173 -0.002113
vn 0.442407 -0.312770 0.840506
v 0.098400 -0.427998 0.380468
vn 0.184284 0.457650 0.869825
v -0.028204 -0.348283 0.429426
vn 0.004716 -0.999954 0.008335
v 0.071086 -0.478171 0.285161
vn 0.000000 -1.000000 0.000000
v -0.390221 -0.478173 0.090519
vn -0.000196 -1.000000 -0.000724
v -0.361875 -0.478173 -0.204262
vn 0.000000 -1.000000 0.000000
v 0.005219 -0.478173 -0.188862
vn 0.000000 -1.000000 0.000000
v -0.033473 -0.478173 -0.215730
vn 0.000164 -1.000000 0.000157
v 0.097389 -0.478173 0.197876
vn 0.000000 -1.000000 0.000000
v 0.131414 -0.478173 0.151704
vn 0.490246 0.510276 0.706596
v 0.129759 -0.336499 0.354604
vn 0.316239 -0.925383 0.208947
v 0.788419 0.338670 0.033609
vn 0.963872 0.162602 0.210976
v 0.233942 -0.063108 0.068965
vn 0.131989 0.235120 -0.962963
v -0.041945 0.161200 -0.267449
vn 0.009703 0.233152 -0.972392
v -0.084978 0.002315 -0.307768
vn 0.140058 0.989823 0.025192
v -0.339181 -0.151330 0.241286
vn 0.276104 0.412909 0.867913
v 0.606685 0.631963 0.056243
vn 0.240671 0.068695 0.968173
v 0.548956 0.613450 0.074220
vn 0.289990 -0.445439 -0.847048
v 0.016150 -0.449017 -0.413022
vn -0.631290 -0.756062 0.172750
v -0.527106 -0.469948 0.116446
vn 0.000000 -1.000000 0.000000
v -0.155919 -0.478173 0.320051
vn -0.032718 -0.998590 0.041802
v -0.274187 -0.478173 0.328769
vn 0.000207 -1.000000 -0.000042
v 0.086627 -0.478173 0.241199
vn 0.000000 -1.000000 0.000000
v -0.217346 -0.478173 0.217213
vn 0.000000 -1.000000 0.000000
v 0.140184 -0.478173 -0.050679
vn 0.000000 -1.000000 0.000000
v -0.232693 -0.478173 0.029673
vn 0.000000 -1.000000 0.000000
v 0.179351 -0.478173 -0.088755
vn -0.006995 -0.999964 -0.004844
v -0.408585 -0.478173 -0.115610
vn 0.000000 -1.000000 0.000000
v -0.374321 -0.478173 -0.140385
vn 0.000000 -1.000000 0.000000
v -0.195702 -0.478173 -0.228421
vn 0.000000 -1.000000 0.000000
v 0.064147 -0.478173 -0.283281
vn 0.000000 -1.000000 0.000000
v 0.027335 -0.478173 -0.315544
vn 0.000000 -1.000000 0.000000
v -0.223550 -0.478173 -0.274815
vn 0.000000 -1.000000 0.000000
v -0.071630 -0.478173 -0.257766
vn -0.002370 -0.999996 0.001277
v -0.353767 -0.478173 0.227395
vn 0.000000 -1.000000 0.000000
v 0.070330 -0.478173 0.139134
vn 0.000000 -1.000000 0.000000
v 0.029043 -0.478173 0.092465
vn 0.000000 -1.000000 0.000000
v -0.062262 -0.478173 -0.051927
vn 0.000000 -1.000000 0.000000
v -0.177211 -0.478173 0.267186
vn 0.000000 -1.000000 0.000000
v -0.207629 -0.478173 0.117637
vn 0.000000 -1.000000 0.000000
v -0.189600 -0.478173 0.060192
vn 0.000000 -1.000000 0.000000
v -0.135445 -0.478173 0.097702
vn 0.000000 -1.000000 0.000000
v -0.385610 -0.478173 -0.047366
vn 0.000000 -1.000000 0.000000
v -0.229835 -0.478173 -0.096482
vn 0.000000 -1.000000 0.000000
v -0.178712 -0.478173 -0.126268
vn 0.000000 -1.000000 0.000000
v -0.161029 -0.478173 -0.181525
vn 0.000000 -1.000000 0.000000
v -0.110243 -0.478173 -0.144710
vn 0.000000 -1.000000 0.000000
v -0.124495 -0.478173 -0.294598
vn 0.000000 -1.000000 0.000000
v 0.105950 -0.478173 -0.169933
vn 0.000000 -1.000000 0.000000
v -0.040333 -0.478173 0.189876
vn 0.000000 -1.000000 0.000000
v -0.086341 -0.478173 0.147108
vn 0.000000 -1.000000 0.000000
v -0.071328 -0.478173 0.082871
vn 0.000000 -1.000000 0.000000
v 0.159263 -0.478173 -0.150749
vn 0.000000 -1.000000 0.000000
v 0.132433 -0.478173 -0.213103
vn 0.010310 -0.999925 0.006659
v 0.193275 -0.478173 0.118347
vn 0.000000 -1.000000 0.000000
v 0.165531 -0.478173 0.092327
vn -0.019292 -0.999178 0.035664
v -0.320350 -0.478047 0.288447
vn 0.084024 -0.978063 0.190614
v 0.053372 -0.478173 0.329994
vn 0.000000 -1.000000 0.000000
v -0.207627 -0.478173 0.320018
vn 0.000000 -1.000000 0.000000
v -0.382627 -0.478173 0.161188
vn 0.000000 -1.000000 0.000000
v -0.408939 -0.478173 0.040403
vn 0.000000 -1.000000 0.000000
v 0.151596 -0.478173 -0.005750
vn 0.000000 -1.000000 0.000000
v -0.418064 -0.478173 -0.011652
vn -0.013360 -0.999911 0.000507
v -0.431138 -0.478173 -0.055410
vn -0.082259 -0.996600 0.004601
v -0.470072 -0.478173 -0.096333
vn 0.000000 -1.000000 0.000000
v 0.000042 -0.478173 -0.121679
vn -0.107671 -0.991020 -0.079282
v -0.379735 -0.478002 -0.268581
vn -0.001050 -0.999999 -0.000281
v -0.321737 -0.478173 -0.256077
vn 0.032282 -0.998658 -0.040489
v 0.111574 -0.478173 -0.272418
vn 0.000000 -1.000000 0.000000
v -0.205169 -0.478173 0.176110
vn 0.000000 -1.000000 0.000000
v 0.138990 -0.478173 0.049497
vn -0.396192 -0.918032 0.015779
v -0.513372 -0.469363 -0.097013
vn 0.662383 -0.106062 -0.741620
v 0.173517 -0.419046 -0.319586
vn -0.363786 -0.165570 -0.916650
v -0.265852 -0.416503 -0.406468
vn 0.690922 0.099005 0.716118
v 0.185674 -0.373414 0.310224
vn 0.969708 0.234884 -0.067052
v 0.314543 -0.355044 -0.027959
vn 0.425128 0.708583 -0.563185
v 0.145167 -0.325696 -0.328129
vn -0.797095 0.264516 -0.542837
v 0.633183 0.491391 -0.070975
vn 0.762670 0.646667 0.012511
v 0.262878 -0.313581 -0.012038
vn 0.408651 0.877653 0.250461
v 0.118669 0.154300 0.175657
vn -0.908172 0.348405 -0.232031
v -0.315439 0.263619 -0.060338
vn -0.280545 -0.946925 -0.156935
v -0.461448 -0.466973 -0.198867
vn -0.311928 0.618934 0.720848
v -0.295584 -0.328074 0.390678
vn 0.651897 0.054250 0.756365
v 0.162142 -0.391069 0.335021
vn 0.000000 -1.000000 0.000000
v -0.025915 -0.478173 0.058103
vn 0.000000 -1.000000 0.000000
v -0.046362 -0.478173 0.252217
vn 0.000000 -1.000000 0.000000
v -0.105939 -0.478173 0.208675
vn 0.001851 -0.999998 0.001191
v 0.203573 -0.478173 -0.032860
vn 0.000000 -1.000000 0.000000
v -0.057328 -0.478173 -0.095399
vn 0.000000 -1.000000 0.000000
v -0.172825 -0.478173 -0.292960
vn 0.001233 -0.999998 -0.001489
v 0.204818 -0.478173 0.071102
vn 0.002552 -0.999997 -0.000203
v 0.188762 -0.478173 0.030968
vn 0.000000 -1.000000 0.000000
v 0.004463 -0.478173 -0.064076
vn 0.000000 -1.000000 0.000000
v -0.240351 -0.478173 -0.035577
vn 0.000000 -1.000000 0.000000
v -0.284124 -0.478173 -0.074623
vn 0.000000 -1.000000 0.000000
v -0.330218 -0.478173 -0.147832
vn 0.000000 -1.000000 0.000000
v 0.019776 -0.478173 0.030281
vn 0.000000 -1.000000 0.000000
v 0.096493 -0.478173 -0.054423
vn 0.000000 -1.000000 0.000000
v -0.282068 -0.478173 0.020906
vn 0.000000 -1.000000 0.000000
v -0.068900 -0.478173 0.016312
vn 0.000000 -1.000000 0.000000
v 0.102957 -0.478173 -0.007200
vn 0.000000 -1.000000 0.000000
v -0.115268 -0.478173 -0.031959
vn -0.596902 -0.164446 -0.785281
v -0.391368 -0.421879 -0.342510
vn 0.000000 -1.000000 0.000000
v -0.260284 -0.478173 0.166367
vn -0.419036 0.294979 -0.858718
v -0.286424 -0.234372 -0.318188
vn 0.000000 -1.000000 0.000000
v -0.032106 -0.478173 -0.279176
vn 0.553194 -0.783638 -0.282645
v 0.220643 0.343543 -0.028436
vn -0.036605 -0.999051 0.023596
v -0.454369 -0.478173 0.086245
vn 0.102687 0.226029 0.968693
v -0.054218 0.215422 0.258337
vn 0.371273 0.227693 0.900173
v 0.019079 0.181078 0.247567
vn -0.654197 0.192722 -0.731358
v -0.291655 0.031810 -0.222801
vn 0.000000 -1.000000 0.000000
v -0.357884 -0.478173 -0.089939
vn 0.000000 -1.000000 0.000000
v -0.241144 -0.478173 0.069699
vn -0.054476 -0.998123 0.027983
v -0.416536 -0.478173 0.194124
vn 0.837998 0.085192 0.538982
v 0.134147 0.199247 0.146518
vn -0.219007 0.974899 -0.040101
v 0.067380 0.643834 -0.005915
# 1230 vertices, 0 vertices normals

f 1191//1191 665//665 260//260
f 4//4 271//271 98//98
f 98//98 271//271 3//3
f 125//125 5//5 4//4
f 6//6 5//5 124//124
f 120//120 9//9 8//8
f 23//23 21//21 22//22
f 908//908 24//24 25//25
f 24//24 26//26 25//25
f 27//27 26//26 24//24
f 122//122 11//11 10//10
f 122//122 10//10 9//9
f 123//123 8//8 7//7
f 123//123 7//7 6//6
f 34//34 28//28 33//33
f 960//960 40//40 48//48
f 42//42 43//43 41//41
f 32//32 40//40 85//85
f 910//910 53//53 54//54
f 1133//1133 48//48 56//56
f 68//68 78//78 67//67
f 65//65 64//64 70//70
f 1136//1136 28//28 71//71
f 916//916 73//73 79//79
f 52//52 79//79 73//73
f 80//80 79//79 52//52
f 919//919 918//918 1115//1115
f 77//77 51//51 82//82
f 83//83 72//72 38//38
f 83//83 36//36 967//967
f 36//36 35//35 966//966
f 35//35 34//34 33//33
f 29//29 911//911 67//67
f 78//78 68//68 66//66
f 68//68 69//69 1171//1171
f 68//68 71//71 66//66
f 67//67 78//78 29//29
f 68//68 67//67 69//69
f 84//84 65//65 29//29
f 65//65 84//84 64//64
f 1134//1134 30//30 63//63
f 30//30 919//919 63//63
f 1186//1186 45//45 44//44
f 47//47 59//59 57//57
f 1181//1181 41//41 43//43
f 61//61 58//58 31//31
f 922//922 50//50 49//49
f 46//46 59//59 60//60
f 60//60 31//31 58//58
f 46//46 57//57 59//59
f 48//48 40//40 55//55
f 55//55 56//56 48//48
f 32//32 85//85 39//39
f 1187//1187 40//40 960//960
f 909//909 39//39 53//53
f 75//75 54//54 74//74
f 913//913 76//76 915//915
f 923//923 924//924 76//76
f 925//925 924//924 86//86
f 933//933 36//36 932//932
f 948//948 44//44 947//947
f 950//950 42//42 949//949
f 1188//1188 60//60 953//953
f 954//954 46//46 1188//1188
f 955//955 57//57 954//954
f 956//956 47//47 955//955
f 957//957 50//50 956//956
f 958//958 49//49 957//957
f 964//964 54//54 963//963
f 965//965 74//74 964//964
f 965//965 1190//1190 923//923
f 963//963 96//96 97//97
f 962//962 95//95 96//96
f 1187//1187 130//130 94//94
f 959//959 129//129 93//93
f 958//958 92//92 959//959
f 952//952 102//102 953//953
f 951//951 90//90 1217//1217
f 950//950 132//132 951//951
f 948//948 134//134 949//949
f 946//946 108//108 947//947
f 945//945 110//110 108//108
f 943//943 88//88 944//944
f 942//942 88//88 943//943
f 941//941 107//107 942//942
f 940//940 87//87 941//941
f 939//939 104//104 940//940
f 938//938 106//106 939//939
f 937//937 105//105 938//938
f 936//936 105//105 937//937
f 934//934 114//114 935//935
f 933//933 128//128 934//934
f 930//930 137//137 931//931
f 927//927 117//117 928//928
f 926//926 117//117 927//927
f 925//925 116//116 926//926
f 966//966 967//967 36//36
f 1123//1123 1065//1065 1150//1150
f 127//127 12//12 110//110
f 12//12 11//11 109//109
f 91//91 98//98 3//3
f 285//285 400//400 112//112
f 116//116 24//24 908//908
f 261//261 2//2 135//135
f 86//86 27//27 24//24
f 22//22 112//112 118//118
f 88//88 136//136 127//127
f 122//122 89//89 11//11
f 125//125 102//102 124//124
f 1//1 92//92 2//2
f 113//113 126//126 1193//1193
f 27//27 113//113 1193//1193
f 109//109 110//110 12//12
f 12//12 127//127 13//13
f 241//241 393//393 96//96
f 3//3 261//261 101//101
f 131//131 95//95 94//94
f 130//130 131//131 94//94
f 1070//1070 241//241 131//131
f 126//126 113//113 1190//1190
f 126//126 1071//1071 394//394
f 95//95 241//241 96//96
f 96//96 393//393 97//97
f 241//241 95//95 131//131
f 959//959 92//92 129//129
f 93//93 129//129 1191//1191
f 92//92 135//135 2//2
f 135//135 101//101 261//261
f 101//101 100//100 3//3
f 91//91 99//99 98//98
f 100//100 91//91 3//3
f 102//102 125//125 99//99
f 120//120 8//8 132//132
f 125//125 98//98 99//99
f 123//123 124//124 121//121
f 102//102 121//121 124//124
f 132//132 8//8 123//123
f 123//123 121//121 90//90
f 132//132 123//123 90//90
f 134//134 103//103 122//122
f 133//133 134//134 120//120
f 122//122 103//103 89//89
f 89//89 109//109 11//11
f 108//108 110//110 109//109
f 89//89 108//108 109//109
f 136//136 88//88 107//107
f 127//127 136//136 13//13
f 13//13 136//136 14//14
f 15//15 14//14 107//107
f 107//107 14//14 136//136
f 87//87 104//104 288//288
f 15//15 87//87 288//288
f 288//288 104//104 16//16
f 16//16 104//104 106//106
f 19//19 1197//1197 114//114
f 18//18 17//17 105//105
f 17//17 16//16 106//106
f 17//17 106//106 105//105
f 114//114 128//128 111//111
f 128//128 115//115 111//111
f 1125//1125 112//112 400//400
f 1189//1189 118//118 112//112
f 118//118 908//908 22//22
f 908//908 118//118 117//117
f 116//116 908//908 117//117
f 116//116 86//86 24//24
f 86//86 113//113 27//27
f 361//361 139//139 138//138
f 346//346 173//173 142//142
f 170//170 346//346 324//324
f 361//361 362//362 143//143
f 355//355 142//142 145//145
f 146//146 152//152 355//355
f 147//147 152//152 146//146
f 190//190 172//172 164//164
f 158//158 153//153 155//155
f 155//155 138//138 1192//1192
f 156//156 153//153 158//158
f 191//191 165//165 156//156
f 194//194 157//157 1192//1192
f 191//191 156//156 193//193
f 1192//1192 138//138 139//139
f 162//162 165//165 191//191
f 193//193 156//156 158//158
f 147//147 148//148 152//152
f 148//148 143//143 362//362
f 143//143 139//139 361//361
f 167//167 149//149 166//166
f 155//155 153//153 169//169
f 170//170 169//169 168//168
f 171//171 150//150 174//174
f 173//173 170//170 171//171
f 324//324 155//155 170//170
f 324//324 138//138 155//155
f 145//145 171//171 174//174
f 346//346 170//170 173//173
f 355//355 145//145 146//146
f 165//165 149//149 167//167
f 171//171 170//170 168//168
f 169//169 167//167 168//168
f 153//153 167//167 169//169
f 153//153 165//165 167//167
f 156//156 165//165 153//153
f 155//155 169//169 170//170
f 149//149 162//162 163//163
f 165//165 162//162 149//149
f 179//179 176//176 154//154
f 181//181 177//177 178//178
f 179//179 154//154 175//175
f 184//184 178//178 183//183
f 183//183 179//179 182//182
f 150//150 180//180 181//181
f 151//151 181//181 184//184
f 164//164 184//184 183//183
f 145//145 142//142 173//173
f 148//148 144//144 143//143
f 181//181 178//178 184//184
f 163//163 176//176 177//177
f 178//178 177//177 176//176
f 1126//1126 186//186 159//159
f 154//154 159//159 175//175
f 187//187 197//197 188//188
f 199//199 164//164 183//183
f 141//141 198//198 188//188
f 141//141 144//144 147//147
f 188//188 140//140 141//141
f 193//193 158//158 157//157
f 195//195 191//191 193//193
f 161//161 139//139 143//143
f 147//147 144//144 148//148
f 161//161 194//194 139//139
f 194//194 1192//1192 139//139
f 161//161 143//143 144//144
f 157//157 194//194 192//192
f 193//193 157//157 1074//1074
f 195//195 193//193 1074//1074
f 197//197 192//192 194//194
f 197//197 187//187 196//196
f 186//186 191//191 195//195
f 1076//1076 186//186 195//195
f 192//192 196//196 1074//1074
f 197//197 194//194 161//161
f 161//161 140//140 197//197
f 192//192 197//197 196//196
f 1075//1075 160//160 1076//1076
f 140//140 161//161 144//144
f 140//140 188//188 197//197
f 1075//1075 187//187 160//160
f 141//141 140//140 144//144
f 160//160 159//159 1076//1076
f 190//190 141//141 147//147
f 1076//1076 159//159 186//186
f 187//187 188//188 189//189
f 160//160 1073//1073 159//159
f 189//189 188//188 198//198
f 185//185 189//189 198//198
f 189//189 185//185 1073//1073
f 190//190 198//198 141//141
f 199//199 185//185 198//198
f 199//199 198//198 190//190
f 182//182 185//185 199//199
f 182//182 175//175 185//185
f 1073//1073 175//175 159//159
f 179//179 175//175 182//182
f 183//183 182//182 199//199
f 200//200 190//190 147//147
f 164//164 199//199 190//190
f 172//172 190//190 200//200
f 178//178 179//179 183//183
f 176//176 179//179 178//178
f 151//151 164//164 172//172
f 151//151 184//184 164//164
f 180//180 177//177 181//181
f 200//200 147//147 146//146
f 174//174 151//151 172//172
f 150//150 181//181 151//151
f 162//162 1126//1126 163//163
f 174//174 150//150 151//151
f 166//166 163//163 177//177
f 166//166 177//177 180//180
f 1077//1077 180//180 150//150
f 149//149 163//163 166//166
f 162//162 186//186 1126//1126
f 168//168 150//150 171//171
f 167//167 166//166 1077//1077
f 173//173 171//171 145//145
f 207//207 326//326 203//203
f 205//205 204//204 208//208
f 208//208 326//326 207//207
f 407//407 218//218 217//217
f 224//224 503//503 223//223
f 230//230 229//229 320//320
f 233//233 232//232 346//346
f 244//244 388//388 243//243
f 248//248 247//247 245//245
f 249//249 247//247 248//248
f 499//499 657//657 251//251
f 253//253 252//252 499//499
f 561//561 367//367 714//714
f 720//720 366//366 659//659
f 258//258 364//364 505//505
f 408//408 896//896 418//418
f 262//262 261//261 3//3
f 274//274 275//275 273//273
f 276//276 275//275 274//274
f 278//278 277//277 276//276
f 294//294 279//279 278//278
f 296//296 280//280 279//279
f 304//304 281//281 280//280
f 297//297 282//282 281//281
f 301//301 283//283 297//297
f 809//809 284//284 301//301
f 404//404 4//4 5//5
f 292//292 291//291 290//290
f 276//276 274//274 292//292
f 754//754 291//291 273//273
f 754//754 7//7 8//8
f 278//278 276//276 293//293
f 294//294 278//278 295//295
f 295//295 293//293 10//10
f 305//305 294//294 295//295
f 296//296 294//294 305//305
f 302//302 301//301 297//297
f 298//298 300//300 302//302
f 299//299 15//15 288//288
f 300//300 298//298 299//299
f 14//14 15//15 298//298
f 13//13 14//14 303//303
f 302//302 14//14 298//298
f 302//302 303//303 14//14
f 297//297 303//303 302//302
f 10//10 11//11 295//295
f 395//395 295//295 11//11
f 304//304 296//296 397//397
f 17//17 807//807 16//16
f 18//18 287//287 17//17
f 412//412 897//897 21//21
f 23//23 412//412 21//21
f 906//906 306//306 26//26
f 307//307 306//306 906//906
f 309//309 308//308 307//307
f 311//311 310//310 905//905
f 222//222 313//313 328//328
f 315//315 223//223 314//314
f 900//900 224//224 315//315
f 335//335 224//224 900//900
f 316//316 226//226 336//336
f 343//343 862//862 863//863
f 857//857 1038//1038 344//344
f 345//345 232//232 857//857
f 324//324 232//232 345//345
f 232//232 324//324 346//346
f 205//205 390//390 325//325
f 205//205 206//206 390//390
f 205//205 325//325 204//204
f 381//381 203//203 326//326
f 327//327 329//329 328//328
f 314//314 372//372 901//901
f 329//329 331//331 222//222
f 332//332 653//653 333//333
f 333//333 334//334 335//335
f 334//334 369//369 336//336
f 336//336 369//369 337//337
f 339//339 340//340 318//318
f 320//320 319//319 341//341
f 322//322 321//321 1080//1080
f 344//344 345//345 857//857
f 142//142 233//233 346//346
f 1081//1081 733//733 358//358
f 353//353 733//733 1081//1081
f 142//142 355//355 357//357
f 324//324 345//345 359//359
f 138//138 359//359 360//360
f 259//259 363//363 258//258
f 1080//1080 363//363 322//322
f 651//651 364//364 1080//1080
f 366//366 1221//1221 340//340
f 719//719 664//664 366//366
f 659//659 366//366 339//339
f 366//366 720//720 719//719
f 649//649 650//650 337//337
f 371//371 370//370 332//332
f 658//658 255//255 370//370
f 658//658 370//370 371//371
f 648//648 371//371 372//372
f 375//375 374//374 373//373
f 376//376 373//373 330//330
f 378//378 379//379 377//377
f 252//252 377//377 657//657
f 983//983 251//251 657//657
f 383//383 381//381 326//326
f 384//384 382//382 383//383
f 654//654 383//383 652//652
f 245//245 384//384 654//654
f 383//383 326//326 652//652
f 204//204 652//652 326//326
f 386//386 652//652 204//204
f 387//387 385//385 386//386
f 244//244 246//246 385//385
f 389//389 388//388 387//387
f 1193//1193 391//391 390//390
f 1193//1193 394//394 391//391
f 395//395 397//397 305//305
f 305//305 397//397 296//296
f 420//420 283//283 425//425
f 398//398 282//282 420//420
f 240//240 289//289 272//272
f 264//264 262//262 271//271
f 271//271 262//262 3//3
f 895//895 285//285 897//897
f 1098//1098 400//400 895//895
f 782//782 808//808 406//406
f 263//263 279//279 280//280
f 737//737 277//277 279//279
f 764//764 275//275 277//277
f 211//211 412//412 23//23
f 212//212 412//412 211//211
f 214//214 411//411 213//213
f 218//218 409//409 216//216
f 409//409 218//218 418//418
f 436//436 437//437 415//415
f 398//398 268//268 399//399
f 415//415 268//268 398//398
f 269//269 436//436 421//421
f 416//416 270//270 776//776
f 419//419 417//417 423//423
f 421//421 415//415 420//420
f 426//426 269//269 421//421
f 762//762 401//401 1098//1098
f 428//428 419//419 424//424
f 418//418 414//414 428//428
f 263//263 266//266 429//429
f 238//238 431//431 430//430
f 438//438 267//267 268//268
f 439//439 429//429 267//267
f 670//670 433//433 238//238
f 667//667 434//434 433//433
f 670//670 667//667 433//433
f 438//438 268//268 437//437
f 827//827 269//269 413//413
f 669//669 434//434 667//667
f 262//262 264//264 668//668
f 435//435 439//439 771//771
f 771//771 439//439 438//438
f 670//670 238//238 441//441
f 684//684 691//691 687//687
f 452//452 997//997 449//449
f 732//732 690//690 450//450
f 449//449 446//446 448//448
f 453//453 480//480 675//675
f 462//462 477//477 461//461
f 469//469 470//470 751//751
f 457//457 452//452 464//464
f 464//464 449//449 451//451
f 445//445 469//469 688//688
f 451//451 448//448 790//790
f 465//465 463//463 457//457
f 836//836 463//463 465//465
f 468//468 460//460 836//836
f 465//465 457//457 823//823
f 823//823 457//457 464//464
f 751//751 688//688 469//469
f 481//481 469//469 445//445
f 991//991 470//470 481//481
f 497//497 994//994 993//993
f 251//251 250//250 479//479
f 990//990 445//445 448//448
f 992//992 476//476 475//475
f 488//488 471//471 992//992
f 1000//1000 991//991 482//482
f 498//498 984//984 494//494
f 1114//1114 446//446 997//997
f 1078//1078 502//502 501//501
f 223//223 502//502 1078//1078
f 1229//1229 1194//1194 224//224
f 316//316 556//556 226//226
f 227//227 556//556 316//316
f 512//512 526//526 500//500
f 223//223 503//503 502//502
f 510//510 509//509 495//495
f 515//515 545//545 467//467
f 591//591 548//548 515//515
f 502//502 511//511 884//884
f 516//516 512//512 494//494
f 890//890 891//891 501//501
f 884//884 511//511 885//885
f 735//735 493//493 701//701
f 514//514 500//500 526//526
f 527//527 514//514 526//526
f 528//528 510//510 527//527
f 530//530 493//493 735//735
f 531//531 519//519 543//543
f 538//538 522//522 509//509
f 524//524 496//496 521//521
f 532//532 700//700 524//524
f 544//544 520//520 531//531
f 254//254 253//253 544//544
f 533//533 516//516 532//532
f 525//525 512//512 533//533
f 539//539 522//522 538//538
f 540//540 523//523 539//539
f 541//541 745//745 529//529
f 542//542 745//745 541//541
f 534//534 525//525 533//533
f 535//535 526//526 534//534
f 536//536 528//528 535//535
f 541//541 529//529 540//540
f 735//735 701//701 517//517
f 1035//1035 521//521 545//545
f 546//546 521//521 1035//1035
f 1029//1029 532//532 524//524
f 777//777 533//533 1029//1029
f 551//551 539//539 1006//1006
f 1021//1021 541//541 551//551
f 553//553 542//542 1021//1021
f 552//552 531//531 598//598
f 1005//1005 544//544 552//552
f 374//374 254//254 1005//1005
f 1005//1005 254//254 544//544
f 598//598 543//543 547//547
f 572//572 511//511 503//503
f 756//756 537//537 536//536
f 568//568 735//735 553//553
f 1194//1194 572//572 503//503
f 556//556 225//225 226//226
f 229//229 874//874 228//228
f 342//342 870//870 230//230
f 613//613 805//805 625//625
f 715//715 1008//1008 721//721
f 1089//1089 561//561 560//560
f 880//880 879//879 882//882
f 568//568 565//565 555//555
f 555//555 1016//1016 547//547
f 573//573 571//571 574//574
f 812//812 798//798 590//590
f 580//580 576//576 1092//1092
f 545//545 548//548 1042//1042
f 583//583 581//581 588//588
f 586//586 572//572 584//584
f 589//589 798//798 579//579
f 880//880 593//593 225//225
f 586//586 584//584 593//593
f 592//592 583//583 594//594
f 583//583 592//592 575//575
f 1017//1017 573//573 596//596
f 552//552 598//598 708//708
f 575//575 579//579 564//564
f 566//566 575//575 601//601
f 1005//1005 552//552 255//255
f 563//563 601//601 602//602
f 602//602 778//778 603//603
f 596//596 563//563 606//606
f 607//607 596//596 606//606
f 1086//1086 602//602 603//603
f 611//611 1086//1086 610//610
f 608//608 607//607 606//606
f 612//612 607//607 608//608
f 1087//1087 610//610 605//605
f 608//608 606//606 611//611
f 789//789 613//613 600//600
f 615//615 605//605 609//609
f 620//620 614//614 616//616
f 615//615 609//609 618//618
f 716//716 621//621 717//717
f 623//623 613//613 625//625
f 625//625 805//805 814//814
f 624//624 1093//1093 623//623
f 626//626 629//629 791//791
f 632//632 507//507 630//630
f 627//627 779//779 629//629
f 1093//1093 627//627 628//628
f 630//630 1093//1093 628//628
f 628//628 629//629 504//504
f 636//636 727//727 635//635
f 832//832 825//825 845//845
f 727//727 633//633 635//635
f 633//633 731//731 637//637
f 635//635 633//633 637//637
f 642//642 637//637 780//780
f 636//636 635//635 643//643
f 642//642 780//780 639//639
f 640//640 638//638 641//641
f 631//631 235//235 982//982
f 644//644 642//642 639//639
f 1019//1019 640//640 641//641
f 234//234 643//643 644//644
f 644//644 639//639 1094//1094
f 308//308 211//211 306//306
f 309//309 213//213 308//308
f 310//310 214//214 309//309
f 216//216 215//215 310//310
f 312//312 220//220 219//219
f 902//902 1078//1078 331//331
f 336//336 226//226 335//335
f 318//318 228//228 317//317
f 319//319 228//228 318//318
f 229//229 228//228 319//319
f 322//322 231//231 321//321
f 391//391 325//325 390//390
f 389//389 325//325 391//391
f 245//245 246//246 248//248
f 202//202 381//381 647//647
f 1012//1012 202//202 647//647
f 1012//1012 201//201 202//202
f 1011//1011 378//378 327//327
f 378//378 377//377 376//376
f 330//330 378//378 376//376
f 648//648 372//372 373//373
f 371//371 332//332 372//372
f 655//655 332//332 370//370
f 653//653 332//332 655//655
f 368//368 369//369 653//653
f 368//368 649//649 369//369
f 649//649 337//337 369//369
f 338//338 337//337 650//650
f 339//339 338//338 650//650
f 366//366 340//340 339//339
f 1221//1221 341//341 340//340
f 364//364 651//651 365//365
f 242//242 392//392 393//393
f 389//389 391//391 392//392
f 647//647 381//381 383//383
f 375//375 376//376 377//377
f 375//375 373//373 376//376
f 339//339 650//650 659//659
f 363//363 1080//1080 364//364
f 1013//1013 347//347 259//259
f 1013//1013 349//349 347//347
f 241//241 242//242 393//393
f 654//654 652//652 386//386
f 647//647 383//383 380//380
f 380//380 1012//1012 647//647
f 983//983 379//379 1012//1012
f 367//367 368//368 656//656
f 656//656 368//368 653//653
f 649//649 368//368 367//367
f 138//138 324//324 359//359
f 394//394 393//393 392//392
f 388//388 389//389 392//392
f 244//244 387//387 388//388
f 244//244 385//385 387//387
f 245//245 385//385 246//246
f 385//385 245//245 654//654
f 384//384 245//245 247//247
f 249//249 384//384 247//247
f 654//654 384//384 383//383
f 249//249 382//382 384//384
f 382//382 380//380 383//383
f 382//382 250//250 380//380
f 252//252 657//657 499//499
f 253//253 254//254 252//252
f 252//252 254//254 375//375
f 375//375 377//377 252//252
f 254//254 374//374 375//375
f 371//371 648//648 658//658
f 374//374 658//658 648//648
f 714//714 367//367 257//257
f 257//257 656//656 655//655
f 256//256 370//370 255//255
f 257//257 655//655 256//256
f 256//256 655//655 370//370
f 649//649 561//561 1089//1089
f 1089//1089 659//659 650//650
f 649//649 1089//1089 650//650
f 258//258 363//363 364//364
f 631//631 1013//1013 259//259
f 351//351 356//356 349//349
f 345//345 344//344 358//358
f 356//356 344//344 323//323
f 664//664 1221//1221 366//366
f 374//374 648//648 373//373
f 657//657 377//377 379//379
f 385//385 654//654 386//386
f 389//389 387//387 386//386
f 242//242 388//388 392//392
f 1005//1005 658//658 374//374
f 257//257 367//367 656//656
f 561//561 649//649 367//367
f 720//720 659//659 1089//1089
f 1081//1081 344//344 356//356
f 359//359 345//345 358//358
f 660//660 242//242 241//241
f 243//243 242//242 660//660
f 686//686 244//244 243//243
f 686//686 246//246 244//244
f 662//662 248//248 661//661
f 661//661 248//248 246//246
f 662//662 249//249 248//248
f 662//662 663//663 382//382
f 520//520 253//253 499//499
f 720//720 1089//1089 560//560
f 365//365 1221//1221 664//664
f 631//631 259//259 258//258
f 665//665 678//678 260//260
f 1079//1079 672//672 2//2
f 673//673 1//1 672//672
f 239//239 677//677 666//666
f 440//440 676//676 681//681
f 677//677 676//676 666//666
f 669//669 667//667 442//442
f 660//660 241//241 1070//1070
f 260//260 678//678 679//679
f 443//443 444//444 677//677
f 677//677 444//444 676//676
f 678//678 673//673 683//683
f 671//671 682//682 672//672
f 442//442 443//443 669//669
f 669//669 443//443 677//677
f 660//660 1070//1070 679//679
f 683//683 680//680 678//678
f 682//682 684//684 673//673
f 676//676 740//740 681//681
f 444//444 740//740 676//676
f 685//685 243//243 660//660
f 1070//1070 260//260 679//679
f 685//685 680//680 683//683
f 684//684 687//687 683//683
f 686//686 687//687 447//447
f 246//246 686//686 447//447
f 445//445 688//688 785//785
f 691//691 693//693 447//447
f 693//693 691//691 690//690
f 661//661 246//246 447//447
f 475//475 476//476 739//739
f 661//661 692//692 695//695
f 661//661 447//447 692//692
f 692//692 447//447 693//693
f 690//690 694//694 693//693
f 476//476 471//471 456//456
f 477//477 456//456 471//471
f 663//663 695//695 699//699
f 690//690 697//697 694//694
f 696//696 694//694 697//697
f 663//663 662//662 695//695
f 698//698 473//473 732//732
f 473//473 474//474 697//697
f 699//699 696//696 478//478
f 699//699 479//479 663//663
f 250//250 663//663 479//479
f 478//478 479//479 699//699
f 519//519 485//485 518//518
f 519//519 491//491 485//485
f 493//493 518//518 490//490
f 520//520 491//491 519//519
f 491//491 520//520 499//499
f 253//253 520//520 544//544
f 704//704 590//590 703//703
f 554//554 1029//1029 1014//1014
f 567//567 566//566 563//563
f 708//708 598//598 707//707
f 708//708 256//256 255//255
f 1017//1017 713//713 570//570
f 1017//1017 596//596 607//607
f 257//257 709//709 714//714
f 257//257 256//256 709//709
f 709//709 256//256 708//708
f 709//709 707//707 710//710
f 714//714 709//709 710//710
f 714//714 710//710 711//711
f 714//714 711//711 562//562
f 617//617 562//562 711//711
f 1090//1090 614//614 617//617
f 560//560 562//562 617//617
f 561//561 562//562 560//560
f 559//559 720//720 560//560
f 623//623 622//622 618//618
f 720//720 559//559 719//719
f 719//719 559//559 718//718
f 716//716 506//506 721//721
f 725//725 718//718 723//723
f 719//719 718//718 725//725
f 717//717 507//507 716//716
f 725//725 726//726 365//365
f 725//725 723//723 724//724
f 726//726 725//725 724//724
f 724//724 722//722 728//728
f 724//724 728//728 726//726
f 726//726 505//505 364//364
f 728//728 505//505 726//726
f 504//504 727//727 628//628
f 505//505 728//728 729//729
f 258//258 505//505 729//729
f 258//258 729//729 631//631
f 636//636 640//640 632//632
f 982//982 351//351 1013//1013
f 714//714 562//562 561//561
f 552//552 708//708 255//255
f 661//661 695//695 662//662
f 685//685 686//686 243//243
f 685//685 687//687 686//686
f 679//679 685//685 660//660
f 365//365 726//726 364//364
f 664//664 725//725 365//365
f 679//679 678//678 680//680
f 685//685 679//679 680//680
f 685//685 683//683 687//687
f 691//691 447//447 687//687
f 692//692 693//693 694//694
f 695//695 692//692 694//694
f 699//699 694//694 696//696
f 699//699 695//695 694//694
f 251//251 479//479 1082//1082
f 544//544 531//531 552//552
f 709//709 708//708 707//707
f 351//351 353//353 356//356
f 356//356 353//353 1081//1081
f 358//358 360//360 359//359
f 479//479 478//478 1082//1082
f 520//520 519//519 531//531
f 710//710 712//712 711//711
f 620//620 715//715 559//559
f 353//353 351//351 645//645
f 678//678 665//665 673//673
f 478//478 696//696 474//474
f 1082//1082 478//478 996//996
f 531//531 543//543 598//598
f 1016//1016 707//707 598//598
f 707//707 1016//1016 710//710
f 559//559 560//560 620//620
f 718//718 559//559 715//715
f 358//358 733//733 360//360
f 361//361 138//138 360//360
f 1//1 673//673 665//665
f 480//480 732//732 734//734
f 474//474 696//696 697//697
f 996//996 484//484 485//485
f 519//519 518//518 543//543
f 617//617 711//711 712//712
f 620//620 560//560 617//617
f 616//616 715//715 620//620
f 718//718 715//715 723//723
f 729//729 728//728 730//730
f 729//729 235//235 631//631
f 683//683 673//673 684//684
f 684//684 682//682 450//450
f 485//485 484//484 490//490
f 485//485 490//490 518//518
f 1016//1016 597//597 712//712
f 614//614 620//620 617//617
f 723//723 715//715 721//721
f 722//722 723//723 721//721
f 729//729 730//730 235//235
f 1018//1018 360//360 733//733
f 1//1 2//2 672//672
f 673//673 672//672 682//682
f 734//734 450//450 682//682
f 690//690 732//732 697//697
f 543//543 518//518 530//530
f 543//543 530//530 547//547
f 598//598 547//547 1016//1016
f 712//712 597//597 1090//1090
f 724//724 723//723 722//722
f 722//722 730//730 728//728
f 1020//1020 353//353 645//645
f 672//672 1079//1079 671//671
f 682//682 671//671 734//734
f 450//450 734//734 732//732
f 697//697 732//732 473//473
f 484//484 995//995 490//490
f 1024//1024 701//701 1003//1003
f 506//506 730//730 722//722
f 1019//1019 982//982 235//235
f 1019//1019 645//645 982//982
f 734//734 671//671 675//675
f 740//740 453//453 681//681
f 698//698 732//732 480//480
f 547//547 530//530 1128//1128
f 597//597 565//565 595//595
f 671//671 674//674 675//675
f 734//734 675//675 480//480
f 587//587 580//580 746//746
f 1008//1008 715//715 616//616
f 722//722 721//721 506//506
f 730//730 506//506 1009//1009
f 675//675 668//668 681//681
f 995//995 698//698 1129//1129
f 493//493 1129//1129 701//701
f 1128//1128 735//735 568//568
f 234//234 1020//1020 645//645
f 674//674 262//262 668//668
f 750//750 461//461 747//747
f 470//470 475//475 744//744
f 1021//1021 577//577 553//553
f 565//565 569//569 595//595
f 1022//1022 1008//1008 1091//1091
f 716//716 721//721 1008//1008
f 506//506 716//716 507//507
f 632//632 506//506 507//507
f 640//640 1019//1019 235//235
f 641//641 645//645 1019//1019
f 234//234 645//645 641//641
f 263//263 429//429 430//430
f 440//440 668//668 264//264
f 743//743 736//736 750//750
f 744//744 739//739 738//738
f 675//675 681//681 453//453
f 735//735 517//517 553//553
f 742//742 587//587 741//741
f 568//568 553//553 577//577
f 568//568 577//577 569//569
f 632//632 640//640 1009//1009
f 271//271 4//4 264//264
f 4//4 404//404 264//264
f 751//751 470//470 744//744
f 595//595 1007//1007 570//570
f 1090//1090 570//570 713//713
f 625//625 624//624 623//623
f 264//264 404//404 440//440
f 738//738 736//736 743//743
f 472//472 455//455 994//994
f 517//517 745//745 542//542
f 517//517 542//542 553//553
f 589//589 579//579 752//752
f 569//569 577//577 576//576
f 607//607 612//612 713//713
f 608//608 1022//1022 612//612
f 619//619 716//716 1008//1008
f 507//507 622//622 630//630
f 348//348 354//354 350//350
f 1018//1018 354//354 348//348
f 646//646 360//360 1010//1010
f 362//362 361//361 646//646
f 455//455 747//747 461//461
f 994//994 455//455 993//993
f 1024//1024 1004//1004 745//745
f 542//542 541//541 1021//1021
f 749//749 742//742 1195//1195
f 752//752 592//592 761//761
f 590//590 589//589 770//770
f 1007//1007 1026//1026 571//571
f 611//611 619//619 608//608
f 716//716 619//619 621//621
f 507//507 717//717 622//622
f 731//731 633//633 626//626
f 636//636 638//638 640//640
f 289//289 404//404 5//5
f 239//239 666//666 240//240
f 441//441 738//738 670//670
f 455//455 461//461 477//477
f 455//455 477//477 993//993
f 1004//1004 1225//1225 748//748
f 1195//1195 741//741 550//550
f 638//638 234//234 641//641
f 289//289 5//5 6//6
f 753//753 289//289 6//6
f 754//754 272//272 753//753
f 750//750 747//747 443//443
f 670//670 743//743 442//442
f 747//747 444//444 443//443
f 461//461 750//750 462//462
f 541//541 540//540 551//551
f 755//755 746//746 1006//1006
f 769//769 752//752 761//761
f 703//703 590//590 770//770
f 573//573 1017//1017 571//571
f 636//636 630//630 727//727
f 632//632 630//630 636//636
f 350//350 644//644 1094//1094
f 148//148 362//362 646//646
f 753//753 6//6 7//7
f 754//754 753//753 7//7
f 289//289 753//753 272//272
f 434//434 239//239 432//432
f 750//750 443//443 442//442
f 477//477 462//462 456//456
f 529//529 748//748 523//523
f 529//529 523//523 540//540
f 758//758 749//749 760//760
f 1026//1026 1030//1030 574//574
f 1087//1087 619//619 611//611
f 1087//1087 621//621 619//619
f 717//717 621//621 615//615
f 618//618 717//717 615//615
f 717//717 618//618 622//622
f 643//643 638//638 636//636
f 643//643 234//234 638//638
f 272//272 754//754 273//273
f 766//766 688//688 751//751
f 750//750 442//442 743//743
f 462//462 750//750 736//736
f 540//540 539//539 551//551
f 585//585 746//746 580//580
f 574//574 578//578 573//573
f 596//596 573//573 567//567
f 1086//1086 611//611 606//606
f 615//615 621//621 1087//1087
f 754//754 8//8 290//290
f 290//290 291//291 754//754
f 291//291 292//292 274//274
f 273//273 291//291 274//274
f 403//403 273//273 275//275
f 1028//1028 401//401 762//762
f 1028//1028 762//762 763//763
f 403//403 432//432 273//273
f 273//273 432//432 272//272
f 764//764 765//765 403//403
f 737//737 431//431 764//764
f 737//737 430//430 431//431
f 431//431 433//433 765//765
f 765//765 434//434 432//432
f 765//765 433//433 434//434
f 670//670 442//442 667//667
f 743//743 670//670 738//738
f 736//736 738//738 739//739
f 739//739 476//476 456//456
f 513//513 492//492 1001//1001
f 539//539 538//538 1006//1006
f 773//773 549//549 772//772
f 756//756 536//536 549//549
f 746//746 755//755 741//741
f 746//746 741//741 587//587
f 1030//1030 1023//1023 582//582
f 567//567 563//563 596//596
f 1093//1093 630//630 622//622
f 352//352 646//646 1010//1010
f 642//642 644//644 643//643
f 642//642 643//643 635//635
f 628//628 727//727 630//630
f 605//605 615//615 1087//1087
f 1086//1086 606//606 563//563
f 573//573 578//578 567//567
f 523//523 522//522 539//539
f 1084//1084 1083//1083 522//522
f 1225//1225 488//488 487//487
f 489//489 471//471 488//488
f 765//765 432//432 403//403
f 402//402 811//811 810//810
f 290//290 9//9 292//292
f 689//689 688//688 766//766
f 992//992 475//475 486//486
f 1084//1084 999//999 1083//1083
f 1006//1006 538//538 755//755
f 767//767 758//758 768//768
f 705//705 703//703 770//770
f 578//578 582//582 581//581
f 578//578 581//581 567//567
f 602//602 1086//1086 563//563
f 633//633 727//727 504//504
f 276//276 277//277 275//275
f 765//765 764//764 431//431
f 441//441 744//744 738//738
f 739//739 744//744 475//475
f 1083//1083 495//495 509//509
f 755//755 550//550 741//741
f 567//567 581//581 566//566
f 563//563 566//566 601//601
f 626//626 633//633 504//504
f 292//292 9//9 10//10
f 292//292 293//293 276//276
f 403//403 275//275 764//764
f 433//433 431//431 238//238
f 766//766 759//759 237//237
f 999//999 483//483 1032//1032
f 538//538 509//509 537//537
f 582//582 588//588 581//581
f 604//604 605//605 610//610
f 600//600 613//613 609//609
f 622//622 623//623 1093//1093
f 637//637 642//642 635//635
f 295//295 395//395 305//305
f 277//277 278//278 279//279
f 263//263 737//737 279//279
f 399//399 281//281 282//282
f 430//430 435//435 237//237
f 435//435 771//771 237//237
f 441//441 237//237 759//759
f 495//495 492//492 510//510
f 509//509 510//510 537//537
f 550//550 537//537 756//756
f 768//768 760//760 773//773
f 1095//1095 775//775 774//774
f 550//550 756//756 757//757
f 566//566 583//583 575//575
f 778//778 602//602 601//601
f 779//779 627//627 624//624
f 781//781 1094//1094 639//639
f 352//352 1010//1010 634//634
f 646//646 352//352 152//152
f 646//646 152//152 148//148
f 626//626 504//504 629//629
f 629//629 628//628 627//627
f 624//624 627//627 1093//1093
f 600//600 609//609 605//605
f 1230//1230 605//605 604//604
f 604//604 610//610 603//603
f 581//581 583//583 566//566
f 1023//1023 1025//1025 588//588
f 744//744 759//759 751//751
f 744//744 441//441 759//759
f 238//238 237//237 441//441
f 764//764 277//277 737//737
f 293//293 295//295 278//278
f 294//294 296//296 279//279
f 430//430 429//429 435//435
f 766//766 237//237 771//771
f 689//689 766//766 771//771
f 759//759 766//766 751//751
f 470//470 469//469 481//481
f 991//991 481//481 482//482
f 513//513 510//510 492//492
f 588//588 594//594 583//583
f 564//564 601//601 575//575
f 599//599 603//603 778//778
f 599//599 604//604 603//603
f 781//781 639//639 780//780
f 303//303 304//304 397//397
f 303//303 297//297 304//304
f 280//280 281//281 266//266
f 296//296 304//304 280//280
f 263//263 280//280 266//266
f 776//776 413//413 783//783
f 429//429 266//266 267//267
f 435//435 429//429 439//439
f 771//771 438//438 689//689
f 689//689 785//785 688//688
f 481//481 445//445 990//990
f 575//575 592//592 579//579
f 778//778 601//601 564//564
f 791//791 629//629 779//779
f 634//634 348//348 826//826
f 822//822 780//780 637//637
f 826//826 348//348 792//792
f 395//395 396//396 397//397
f 12//12 396//396 395//395
f 12//12 13//13 396//396
f 303//303 396//396 13//13
f 303//303 397//397 396//396
f 266//266 399//399 267//267
f 439//439 267//267 438//438
f 785//785 689//689 784//784
f 790//790 785//785 797//797
f 784//784 689//689 438//438
f 790//790 445//445 785//785
f 528//528 527//527 535//535
f 774//774 768//768 772//772
f 786//786 1095//1095 554//554
f 594//594 761//761 592//592
f 564//564 579//579 798//798
f 787//787 564//564 798//798
f 599//599 778//778 787//787
f 788//788 604//604 599//599
f 787//787 778//778 564//564
f 805//805 613//613 789//789
f 791//791 779//779 795//795
f 815//815 731//731 626//626
f 816//816 781//781 780//780
f 282//282 398//398 399//399
f 304//304 297//297 281//281
f 797//797 785//785 784//784
f 445//445 790//790 448//448
f 998//998 446//446 1114//1114
f 513//513 514//514 527//527
f 777//777 774//774 772//772
f 773//773 772//772 768//768
f 760//760 768//768 758//758
f 1027//1027 1031//1031 761//761
f 799//799 787//787 804//804
f 788//788 599//599 799//799
f 789//789 788//788 794//794
f 799//799 599//599 787//787
f 1088//1088 779//779 624//624
f 822//822 731//731 815//815
f 816//816 780//780 822//822
f 822//822 637//637 731//731
f 763//763 265//265 793//793
f 267//267 399//399 268//268
f 796//796 784//784 437//437
f 796//796 797//797 784//784
f 451//451 790//790 797//797
f 527//527 526//526 535//535
f 592//592 752//752 579//579
f 804//804 787//787 798//798
f 794//794 788//788 799//799
f 1088//1088 814//814 795//795
f 820//820 791//791 795//795
f 821//821 791//791 820//820
f 821//821 815//815 626//626
f 357//357 355//355 152//152
f 283//283 420//420 282//282
f 297//297 283//283 282//282
f 427//427 783//783 406//406
f 398//398 420//420 415//415
f 268//268 415//415 437//437
f 817//817 437//437 436//436
f 803//803 797//797 796//796
f 514//514 498//498 500//500
f 805//805 789//789 813//813
f 814//814 805//805 828//828
f 813//813 789//789 794//794
f 801//801 781//781 800//800
f 826//826 792//792 838//838
f 800//800 781//781 816//816
f 838//838 792//792 801//801
f 15//15 299//299 298//298
f 302//302 300//300 301//301
f 803//803 796//796 802//802
f 803//803 451//451 797//797
f 526//526 512//512 525//525
f 526//526 525//525 534//534
f 534//534 777//777 772//772
f 768//768 774//774 767//767
f 1031//1031 1033//1033 769//769
f 752//752 769//769 770//770
f 752//752 770//770 589//589
f 824//824 794//794 799//799
f 821//821 626//626 791//791
f 838//838 801//801 800//800
f 352//352 634//634 1131//1131
f 1131//1131 634//634 826//826
f 806//806 299//299 288//288
f 808//808 809//809 807//807
f 300//300 806//806 809//809
f 300//300 299//299 806//806
f 301//301 300//300 809//809
f 284//284 425//425 283//283
f 301//301 284//284 283//283
f 811//811 427//427 810//810
f 420//420 425//425 421//421
f 415//415 421//421 436//436
f 1130//1130 817//817 436//436
f 269//269 1130//1130 436//436
f 802//802 796//796 817//817
f 459//459 803//803 818//818
f 823//823 803//803 459//459
f 818//818 803//803 802//802
f 451//451 803//803 464//464
f 449//449 464//464 452//452
f 500//500 494//494 512//512
f 534//534 533//533 777//777
f 774//774 777//777 1095//1095
f 767//767 774//774 775//775
f 589//589 590//590 798//798
f 813//813 794//794 819//819
f 812//812 804//804 798//798
f 824//824 799//799 804//804
f 819//819 794//794 824//824
f 828//828 805//805 813//813
f 832//832 822//822 815//815
f 16//16 806//806 288//288
f 287//287 808//808 807//807
f 806//806 807//807 809//809
f 1096//1096 416//416 811//811
f 421//421 425//425 426//426
f 1130//1130 802//802 817//817
f 818//818 802//802 835//835
f 823//823 464//464 803//803
f 452//452 457//457 985//985
f 512//512 516//516 533//533
f 777//777 1029//1029 554//554
f 777//777 554//554 1095//1095
f 829//829 814//814 828//828
f 508//508 814//814 829//829
f 508//508 795//795 814//814
f 357//357 352//352 1131//1131
f 806//806 16//16 807//807
f 809//809 808//808 284//284
f 425//425 284//284 782//782
f 425//425 782//782 426//426
f 1130//1130 269//269 827//827
f 1095//1095 786//786 706//706
f 1033//1033 1015//1015 705//705
f 769//769 705//705 770//770
f 830//830 812//812 1085//1085
f 824//824 804//804 830//830
f 828//828 813//813 831//831
f 830//830 804//804 812//812
f 508//508 820//820 795//795
f 825//825 821//821 820//820
f 825//825 815//815 821//821
f 838//838 800//800 834//834
f 832//832 816//816 822//822
f 287//287 406//406 808//808
f 284//284 808//808 782//782
f 782//782 783//783 426//426
f 426//426 413//413 269//269
f 220//220 408//408 219//219
f 818//818 835//835 459//459
f 465//465 823//823 459//459
f 494//494 984//984 454//454
f 533//533 532//532 1029//1029
f 812//812 590//590 704//704
f 1085//1085 812//812 704//704
f 831//831 819//819 843//843
f 843//843 824//824 830//830
f 843//843 819//819 824//824
f 831//831 813//813 819//819
f 825//825 820//820 508//508
f 825//825 832//832 815//815
f 833//833 816//816 832//832
f 833//833 800//800 816//816
f 1132//1132 826//826 838//838
f 1132//1132 1131//1131 826//826
f 782//782 406//406 783//783
f 426//426 783//783 413//413
f 836//836 465//465 459//459
f 985//985 463//463 986//986
f 516//516 454//454 700//700
f 516//516 700//700 532//532
f 705//705 702//702 703//703
f 844//844 828//828 831//831
f 853//853 508//508 829//829
f 825//825 508//508 853//853
f 287//287 286//286 406//406
f 783//783 427//427 776//776
f 413//413 776//776 270//270
f 413//413 270//270 827//827
f 835//835 827//827 270//270
f 236//236 459//459 835//835
f 463//463 836//836 460//460
f 840//840 786//786 839//839
f 841//841 706//706 840//840
f 849//849 702//702 841//841
f 704//704 703//703 849//849
f 840//840 706//706 786//786
f 841//841 702//702 1015//1015
f 849//849 703//703 702//702
f 844//844 831//831 837//837
f 829//829 828//828 844//844
f 850//850 830//830 1085//1085
f 850//850 843//843 830//830
f 846//846 834//834 800//800
f 17//17 287//287 807//807
f 406//406 810//810 427//427
f 776//776 427//427 416//416
f 835//835 270//270 236//236
f 236//236 836//836 459//459
f 700//700 496//496 524//524
f 856//856 704//704 849//849
f 850//850 1085//1085 842//842
f 853//853 829//829 844//844
f 854//854 825//825 853//853
f 845//845 825//825 854//854
f 833//833 832//832 845//845
f 19//19 402//402 286//286
f 406//406 286//286 810//810
f 847//847 236//236 416//416
f 468//468 236//236 847//847
f 468//468 836//836 236//236
f 460//460 468//468 988//988
f 521//521 496//496 1002//1002
f 524//524 521//521 546//546
f 1014//1014 546//546 839//839
f 1034//1034 841//841 840//840
f 848//848 840//840 839//839
f 848//848 1034//1034 840//840
f 837//837 843//843 851//851
f 851//851 843//843 850//850
f 837//837 831//831 843//843
f 861//861 833//833 845//845
f 861//861 846//846 833//833
f 18//18 19//19 286//286
f 286//286 402//402 810//810
f 427//427 811//811 416//416
f 236//236 270//270 416//416
f 521//521 1002//1002 466//466
f 1035//1035 839//839 546//546
f 881//881 849//849 1034//1034
f 856//856 849//849 881//881
f 867//867 844//844 852//852
f 852//852 844//844 837//837
f 867//867 853//853 844//844
f 854//854 853//853 867//867
f 1036//1036 811//811 402//402
f 1043//1043 847//847 855//855
f 852//852 837//837 851//851
f 876//876 850//850 842//842
f 876//876 851//851 850//850
f 142//142 357//357 233//233
f 857//857 233//233 1132//1132
f 858//858 1037//1037 846//846
f 859//859 858//858 846//846
f 862//862 858//858 859//859
f 862//862 343//343 858//858
f 859//859 846//846 861//861
f 865//865 863//863 860//860
f 864//864 861//861 845//845
f 864//864 860//860 861//861
f 870//870 231//231 1047//1047
f 868//868 870//870 1047//1047
f 868//868 867//867 871//871
f 230//230 870//870 869//869
f 872//872 869//869 871//871
f 871//871 867//867 852//852
f 874//874 229//229 872//872
f 873//873 871//871 852//852
f 874//874 872//872 873//873
f 875//875 873//873 877//877
f 558//558 874//874 875//875
f 876//876 877//877 851//851
f 557//557 227//227 558//558
f 557//557 875//875 879//879
f 880//880 557//557 879//879
f 556//556 557//557 880//880
f 556//556 227//227 557//557
f 225//225 556//556 880//880
f 880//880 882//882 593//593
f 593//593 883//883 1041//1041
f 501//501 502//502 884//884
f 501//501 884//884 890//890
f 1043//1043 988//988 847//847
f 981//981 891//891 221//221
f 981//981 221//221 220//220
f 220//220 221//221 893//893
f 408//408 893//893 896//896
f 417//417 888//888 422//422
f 265//265 422//422 855//855
f 847//847 416//416 1096//1096
f 422//422 1097//1097 855//855
f 855//855 1097//1097 1043//1043
f 466//466 467//467 521//521
f 842//842 878//878 876//876
f 873//873 852//852 851//851
f 793//793 1028//1028 763//763
f 265//265 763//763 422//422
f 1097//1097 422//422 888//888
f 521//521 467//467 545//545
f 881//881 882//882 878//878
f 1039//1039 876//876 878//878
f 877//877 873//873 851//851
f 1047//1047 864//864 854//854
f 860//860 859//859 861//861
f 422//422 763//763 417//417
f 467//467 886//886 458//458
f 545//545 515//515 548//548
f 881//881 883//883 882//882
f 879//879 877//877 1039//1039
f 872//872 871//871 873//873
f 868//868 871//871 869//869
f 1072//1072 20//20 401//401
f 763//763 762//762 1099//1099
f 888//888 417//417 889//889
f 886//886 1097//1097 1044//1044
f 874//874 873//873 875//875
f 870//870 868//868 869//869
f 868//868 1047//1047 867//867
f 866//866 864//864 1047//1047
f 866//866 860//860 864//864
f 20//20 1098//1098 401//401
f 1098//1098 894//894 1099//1099
f 424//424 423//423 1099//1099
f 1044//1044 889//889 1045//1045
f 400//400 1098//1098 20//20
f 428//428 424//424 410//410
f 410//410 424//424 894//894
f 423//423 424//424 419//419
f 515//515 458//458 885//885
f 586//586 1041//1041 1224//1224
f 586//586 593//593 1041//1041
f 883//883 593//593 882//882
f 875//875 877//877 879//879
f 231//231 866//866 1047//1047
f 285//285 895//895 400//400
f 898//898 894//894 895//895
f 895//895 894//894 1098//1098
f 892//892 889//889 414//414
f 458//458 887//887 885//885
f 515//515 885//885 591//591
f 572//572 586//586 591//591
f 229//229 230//230 872//872
f 898//898 895//895 897//897
f 410//410 894//894 899//899
f 899//899 894//894 898//898
f 419//419 428//428 414//414
f 892//892 414//414 896//896
f 1045//1045 1046//1046 887//887
f 885//885 887//887 884//884
f 225//225 593//593 584//584
f 862//862 859//859 860//860
f 212//212 897//897 412//412
f 411//411 899//899 212//212
f 410//410 899//899 411//411
f 409//409 428//428 410//410
f 212//212 898//898 897//897
f 212//212 899//899 898//898
f 428//428 409//409 418//418
f 414//414 418//418 896//896
f 220//220 893//893 408//408
f 892//892 896//896 893//893
f 892//892 893//893 1046//1046
f 591//591 885//885 511//511
f 1194//1194 584//584 572//572
f 558//558 875//875 557//557
f 228//228 874//874 558//558
f 865//865 860//860 866//866
f 863//863 862//862 860//860
f 1038//1038 1037//1037 858//858
f 285//285 21//21 897//897
f 418//418 407//407 408//408
f 887//887 890//890 884//884
f 511//511 502//502 503//503
f 857//857 232//232 233//233
f 212//212 213//213 411//411
f 411//411 214//214 215//215
f 215//215 216//216 409//409
f 410//410 215//215 409//409
f 418//418 218//218 407//407
f 230//230 869//869 872//872
f 323//323 1038//1038 858//858
f 213//213 212//212 211//211
f 310//310 215//215 214//214
f 217//217 218//218 216//216
f 219//219 408//408 407//407
f 313//313 501//501 891//891
f 226//226 225//225 1229//1229
f 317//317 228//228 558//558
f 25//25 211//211 23//23
f 308//308 213//213 211//211
f 309//309 214//214 213//213
f 311//311 216//216 310//310
f 311//311 217//217 216//216
f 217//217 219//219 407//407
f 312//312 981//981 220//220
f 902//902 223//223 1078//1078
f 335//335 1229//1229 224//224
f 335//335 226//226 1229//1229
f 338//338 227//227 316//316
f 321//321 870//870 342//342
f 321//321 231//231 870//870
f 323//323 858//858 343//343
f 26//26 306//306 25//25
f 307//307 308//308 306//306
f 905//905 310//310 309//309
f 314//314 223//223 902//902
f 315//315 224//224 223//223
f 227//227 317//317 558//558
f 320//320 229//229 319//319
f 322//322 865//865 231//231
f 344//344 1038//1038 323//323
f 865//865 322//322 347//347
f 259//259 347//347 322//322
f 363//363 259//259 322//322
f 341//341 651//651 320//320
f 338//338 339//339 317//317
f 338//338 317//317 227//227
f 653//653 369//369 334//334
f 901//901 900//900 315//315
f 332//332 333//333 901//901
f 372//372 332//332 901//901
f 903//903 314//314 902//902
f 330//330 373//373 903//903
f 378//378 330//330 329//329
f 1048//1048 981//981 312//312
f 980//980 328//328 1048//1048
f 904//904 312//312 219//219
f 904//904 1127//1127 312//312
f 904//904 203//203 1127//1127
f 904//904 219//219 217//217
f 311//311 904//904 217//217
f 207//207 203//203 904//904
f 207//207 904//904 311//311
f 207//207 311//311 905//905
f 208//208 207//207 905//905
f 209//209 905//905 309//309
f 209//209 208//208 905//905
f 209//209 309//309 307//307
f 206//206 209//209 307//307
f 206//206 307//307 906//906
f 210//210 206//206 906//906
f 26//26 210//210 906//906
f 27//27 210//210 26//26
f 222//222 328//328 329//329
f 903//903 902//902 331//331
f 314//314 901//901 315//315
f 336//336 337//337 316//316
f 320//320 1080//1080 342//342
f 347//347 863//863 865//865
f 330//330 903//903 331//331
f 372//372 314//314 903//903
f 333//333 900//900 901//901
f 333//333 335//335 900//900
f 335//335 334//334 336//336
f 340//340 319//319 318//318
f 317//317 339//339 318//318
f 651//651 1080//1080 320//320
f 210//210 390//390 206//206
f 209//209 206//206 205//205
f 209//209 205//205 208//208
f 980//980 201//201 327//327
f 327//327 378//378 329//329
f 373//373 372//372 903//903
f 333//333 653//653 334//334
f 340//340 341//341 319//319
f 356//356 323//323 343//343
f 326//326 208//208 204//204
f 203//203 381//381 202//202
f 201//201 1127//1127 202//202
f 356//356 343//343 349//349
f 863//863 347//347 349//349
f 1027//1027 594//594 1025//1025
f 749//749 757//757 760//760
f 536//536 537//537 510//510
f 528//528 536//536 510//510
f 395//395 11//11 12//12
f 361//361 360//360 646//646
f 665//665 1191//1191 129//129
f 98//98 125//125 4//4
f 124//124 5//5 125//125
f 19//19 18//18 1197//1197
f 907//907 19//19 111//111
f 405//405 907//907 111//111
f 22//22 21//21 285//285
f 25//25 23//23 908//908
f 22//22 908//908 23//23
f 1193//1193 126//126 394//394
f 72//72 1172//1172 38//38
f 1062//1062 1100//1100 1110//1110
f 53//53 910//910 909//909
f 75//75 910//910 54//54
f 911//911 69//69 67//67
f 29//29 65//65 911//911
f 33//33 28//28 912//912
f 915//915 914//914 1202//1202
f 76//76 916//916 914//914
f 76//76 73//73 916//916
f 80//80 917//917 79//79
f 918//918 919//919 45//45
f 35//35 33//33 966//966
f 83//83 967//967 72//72
f 1171//1171 71//71 68//68
f 1228//1228 65//65 70//70
f 1196//1196 1102//1102 42//42
f 1181//1181 43//43 61//61
f 1183//1183 55//55 40//40
f 40//40 32//32 1183//1183
f 32//32 39//39 909//909
f 915//915 75//75 74//74
f 74//74 913//913 915//915
f 1190//1190 113//113 923//923
f 924//924 923//923 113//113
f 73//73 76//76 924//924
f 924//924 113//113 86//86
f 52//52 73//73 925//925
f 924//924 925//925 73//73
f 86//86 116//116 925//925
f 116//116 117//117 926//926
f 117//117 118//118 928//928
f 929//929 137//137 930//930
f 933//933 932//932 115//115
f 115//115 128//128 933//933
f 128//128 114//114 934//934
f 114//114 1197//1197 935//935
f 105//105 106//106 938//938
f 106//106 104//104 939//939
f 104//104 87//87 940//940
f 87//87 107//107 941//941
f 107//107 88//88 942//942
f 88//88 127//127 944//944
f 944//944 110//110 945//945
f 945//945 108//108 946//946
f 108//108 89//89 947//947
f 948//948 947//947 103//103
f 89//89 103//103 947//947
f 103//103 134//134 948//948
f 950//950 949//949 133//133
f 134//134 133//133 949//949
f 133//133 132//132 950//950
f 132//132 90//90 951//951
f 90//90 121//121 952//952
f 121//121 102//102 952//952
f 1188//1188 953//953 102//102
f 954//954 1188//1188 99//99
f 102//102 99//99 1188//1188
f 955//955 954//954 91//91
f 99//99 91//91 954//954
f 956//956 955//955 100//100
f 91//91 100//100 955//955
f 957//957 956//956 101//101
f 100//100 101//101 956//956
f 958//958 957//957 135//135
f 101//101 135//135 957//957
f 135//135 92//92 958//958
f 93//93 130//130 960//960
f 94//94 95//95 961//961
f 961//961 95//95 962//962
f 962//962 96//96 963//963
f 964//964 963//963 97//97
f 965//965 964//964 1071//1071
f 923//923 76//76 913//913
f 913//913 965//965 923//923
f 965//965 913//913 74//74
f 964//964 74//74 54//54
f 963//963 54//54 53//53
f 53//53 962//962 963//963
f 962//962 53//53 39//39
f 39//39 961//961 962//962
f 961//961 39//39 85//85
f 85//85 94//94 961//961
f 93//93 960//960 48//48
f 48//48 959//959 93//93
f 1133//1133 958//958 959//959
f 958//958 1133//1133 49//49
f 957//957 49//49 50//50
f 956//956 50//50 47//47
f 955//955 47//47 57//57
f 954//954 57//57 46//46
f 1188//1188 46//46 60//60
f 953//953 60//60 58//58
f 58//58 952//952 953//953
f 952//952 58//58 1217//1217
f 43//43 950//950 951//951
f 950//950 43//43 42//42
f 1102//1102 948//948 949//949
f 948//948 1102//1102 44//44
f 947//947 44//44 45//45
f 45//45 946//946 947//947
f 946//946 45//45 919//919
f 919//919 945//945 946//946
f 945//945 919//919 30//30
f 30//30 944//944 945//945
f 943//943 1134//1134 64//64
f 64//64 942//942 943//943
f 942//942 64//64 84//84
f 84//84 941//941 942//942
f 84//84 940//940 941//941
f 940//940 84//84 29//29
f 29//29 939//939 940//940
f 939//939 29//29 78//78
f 78//78 938//938 939//939
f 938//938 78//78 66//66
f 66//66 937//937 938//938
f 937//937 66//66 71//71
f 71//71 936//936 937//937
f 936//936 71//71 28//28
f 935//935 28//28 34//34
f 34//34 934//934 935//935
f 934//934 34//34 35//35
f 35//35 933//933 934//934
f 933//933 35//35 36//36
f 83//83 931//931 932//932
f 931//931 83//83 38//38
f 38//38 930//930 931//931
f 1116//1116 37//37 77//77
f 1198//1198 77//77 82//82
f 928//928 82//82 81//81
f 81//81 927//927 928//928
f 927//927 81//81 80//80
f 80//80 926//926 927//927
f 926//926 80//80 52//52
f 52//52 925//925 926//926
f 1050//1050 912//912 1173//1173
f 1135//1135 968//968 1050//1050
f 1103//1103 1051//1051 72//72
f 1123//1123 1104//1104 1137//1137
f 1218//1218 1154//1154 1184//1184
f 1108//1108 1055//1055 1213//1213
f 1226//1226 1210//1210 1209//1209
f 921//921 1142//1142 1049//1049
f 922//922 56//56 1113//1113
f 59//59 977//977 1060//1060
f 59//59 47//47 977//977
f 977//977 47//47 978//978
f 977//977 978//978 976//976
f 1146//1146 1220//1220 1113//1113
f 1112//1112 1111//1111 1182//1182
f 1163//1163 1100//1100 1062//1062
f 972//972 1151//1151 1065//1065
f 1152//1152 1068//1068 1214//1214
f 22//22 285//285 112//112
f 665//665 129//129 1//1
f 92//92 1//1 129//129
f 1191//1191 260//260 131//131
f 123//123 6//6 124//124
f 87//87 15//15 107//107
f 115//115 405//405 111//111
f 19//19 114//114 111//111
f 1197//1197 18//18 105//105
f 20//20 137//137 119//119
f 980//980 327//327 328//328
f 222//222 501//501 313//313
f 349//349 1013//1013 351//351
f 1011//1011 327//327 201//201
f 380//380 250//250 983//983
f 250//250 251//251 983//983
f 669//669 239//239 434//434
f 1219//1219 240//240 666//666
f 987//987 986//986 460//460
f 463//463 460//460 986//986
f 466//466 1002//1002 988//988
f 887//887 458//458 1045//1045
f 889//889 892//892 1045//1045
f 990//990 448//448 446//446
f 991//991 483//483 486//486
f 487//487 992//992 486//486
f 488//488 992//992 487//487
f 497//497 993//993 489//489
f 698//698 995//995 473//473
f 485//485 491//491 996//996
f 1003//1003 1129//1129 989//989
f 997//997 452//452 984//984
f 984//984 498//498 997//997
f 1114//1114 997//997 498//498
f 498//498 514//514 1114//1114
f 998//998 990//990 446//446
f 999//999 487//487 483//483
f 1032//1032 1083//1083 999//999
f 1129//1129 493//493 995//995
f 1032//1032 1000//1000 492//492
f 492//492 495//495 1032//1032
f 489//489 1225//1225 497//497
f 494//494 500//500 498//498
f 701//701 1129//1129 1003//1003
f 529//529 745//745 1004//1004
f 748//748 529//529 1004//1004
f 585//585 551//551 1006//1006
f 555//555 565//565 597//597
f 568//568 569//569 565//565
f 570//570 1090//1090 595//595
f 571//571 570//570 1007//1007
f 569//569 576//576 1007//1007
f 574//574 571//571 1026//1026
f 578//578 574//574 1030//1030
f 582//582 578//578 1030//1030
f 658//658 1005//1005 255//255
f 612//612 1091//1091 713//713
f 616//616 614//614 1091//1091
f 1091//1091 1008//1008 616//616
f 640//640 235//235 1009//1009
f 634//634 1010//1010 348//348
f 1011//1011 201//201 1012//1012
f 379//379 378//378 1011//1011
f 379//379 1011//1011 1012//1012
f 1012//1012 380//380 983//983
f 657//657 379//379 983//983
f 674//674 671//671 1079//1079
f 1014//1014 1029//1029 524//524
f 1015//1015 702//702 705//705
f 554//554 1014//1014 786//786
f 712//712 710//710 1016//1016
f 571//571 1017//1017 570//570
f 982//982 1013//1013 631//631
f 261//261 262//262 1079//1079
f 674//674 1079//1079 262//262
f 1082//1082 996//996 491//491
f 478//478 474//474 996//996
f 484//484 996//996 474//474
f 617//617 712//712 1090//1090
f 645//645 351//351 982//982
f 474//474 473//473 484//484
f 995//995 484//484 473//473
f 517//517 701//701 1024//1024
f 1018//1018 733//733 354//354
f 493//493 490//490 995//995
f 518//518 493//493 530//530
f 597//597 595//595 1090//1090
f 730//730 1009//1009 235//235
f 698//698 480//480 989//989
f 350//350 354//354 1020//1020
f 480//480 453//453 989//989
f 1021//1021 551//551 585//585
f 588//588 582//582 1023//1023
f 612//612 1022//1022 1091//1091
f 453//453 472//472 989//989
f 632//632 1009//1009 506//506
f 1010//1010 360//360 1018//1018
f 1024//1024 1003//1003 994//994
f 1007//1007 595//595 569//569
f 1024//1024 745//745 517//517
f 594//594 588//588 1025//1025
f 619//619 1022//1022 608//608
f 1010//1010 1018//1018 348//348
f 994//994 497//497 1024//1024
f 1004//1004 1024//1024 497//497
f 1092//1092 577//577 1021//1021
f 1026//1026 1007//1007 576//576
f 607//607 713//713 1017//1017
f 1225//1225 1004//1004 497//497
f 993//993 477//477 489//489
f 761//761 594//594 1027//1027
f 576//576 580//580 1026//1026
f 477//477 471//471 489//489
f 1030//1030 1026//1026 580//580
f 405//405 1072//1072 1028//1028
f 1225//1225 487//487 1084//1084
f 1023//1023 1030//1030 587//587
f 580//580 587//587 1030//1030
f 746//746 585//585 1006//1006
f 1084//1084 748//748 1225//1225
f 471//471 476//476 992//992
f 487//487 486//486 483//483
f 999//999 1084//1084 487//487
f 769//769 761//761 1031//1031
f 587//587 742//742 1023//1023
f 475//475 470//470 486//486
f 1083//1083 1032//1032 495//495
f 483//483 1000//1000 1032//1032
f 705//705 769//769 1033//1033
f 742//742 749//749 1025//1025
f 1025//1025 1023//1023 742//742
f 483//483 991//991 1000//1000
f 991//991 486//486 470//470
f 775//775 706//706 1015//1015
f 481//481 990//990 482//482
f 749//749 758//758 1027//1027
f 482//482 990//990 998//998
f 1114//1114 1001//1001 998//998
f 1031//1031 1027//1027 758//758
f 758//758 767//767 1031//1031
f 448//448 451//451 449//449
f 446//446 449//449 997//997
f 1033//1033 1031//1031 767//767
f 767//767 775//775 1033//1033
f 1015//1015 1033//1033 775//775
f 457//457 463//463 985//985
f 494//494 454//454 516//516
f 1028//1028 793//793 1036//1036
f 985//985 986//986 984//984
f 454//454 984//984 986//986
f 839//839 786//786 1014//1014
f 841//841 1015//1015 706//706
f 987//987 1002//1002 496//496
f 524//524 546//546 1014//1014
f 849//849 841//841 1034//1034
f 907//907 405//405 1036//1036
f 468//468 847//847 988//988
f 848//848 839//839 1035//1035
f 1034//1034 848//848 1040//1040
f 19//19 907//907 402//402
f 907//907 1036//1036 402//402
f 233//233 357//357 1131//1131
f 857//857 1132//1132 1038//1038
f 854//854 864//864 845//845
f 878//878 882//882 1039//1039
f 881//881 1034//1034 1040//1040
f 888//888 1044//1044 1097//1097
f 888//888 889//889 1044//1044
f 890//890 887//887 1046//1046
f 891//891 890//890 221//221
f 1046//1046 221//221 890//890
f 313//313 891//891 981//981
f 793//793 811//811 1036//1036
f 988//988 1043//1043 466//466
f 886//886 466//466 1043//1043
f 545//545 1042//1042 1223//1223
f 856//856 881//881 878//878
f 878//878 842//842 856//856
f 883//883 881//881 1040//1040
f 877//877 876//876 1039//1039
f 1047//1047 854//854 867//867
f 1037//1037 834//834 846//846
f 467//467 458//458 515//515
f 1223//1223 1041//1041 1040//1040
f 883//883 1040//1040 1041//1041
f 879//879 1039//1039 882//882
f 886//886 1044//1044 458//458
f 1044//1044 1045//1045 458//458
f 1046//1046 1045//1045 892//892
f 865//865 866//866 231//231
f 1046//1046 893//893 221//221
f 328//328 313//313 1048//1048
f 981//981 1048//1048 313//313
f 312//312 1127//1127 1048//1048
f 980//980 1048//1048 1127//1127
f 1127//1127 201//201 980//980
f 343//343 863//863 349//349
f 749//749 1027//1027 1025//1025
f 1000//1000 1001//1001 492//492
f 51//51 77//77 37//37
f 1196//1196 1049//1049 1102//1102
f 931//931 1117//1117 932//932
f 968//968 967//967 966//966
f 1156//1156 1154//1154 1155//1155
f 1184//1184 1154//1154 971//971
f 1208//1208 1056//1056 973//973
f 1161//1161 1159//1159 1160//1160
f 1056//1056 1159//1159 974//974
f 1059//1059 1060//1060 1147//1147
f 31//31 1059//1059 1182//1182
f 47//47 50//50 978//978
f 977//977 976//976 1162//1162
f 1168//1168 909//909 1167//1167
f 1214//1214 1068//1068 1199//1199
f 260//260 1070//1070 131//131
f 191//191 186//186 162//162
f 175//175 1073//1073 185//185
f 157//157 192//192 1074//1074
f 1074//1074 196//196 1075//1075
f 1075//1075 1076//1076 195//195
f 195//195 1074//1074 1075//1075
f 196//196 187//187 1075//1075
f 187//187 189//189 1073//1073
f 146//146 145//145 200//200
f 166//166 180//180 1077//1077
f 150//150 168//168 1077//1077
f 167//167 1077//1077 168//168
f 222//222 1078//1078 501//501
f 414//414 417//417 419//419
f 987//987 454//454 986//986
f 499//499 251//251 1082//1082
f 509//509 522//522 1083//1083
f 1084//1084 523//523 748//748
f 536//536 535//535 549//549
f 580//580 1092//1092 585//585
f 856//856 842//842 1085//1085
f 610//610 1086//1086 603//603
f 611//611 610//610 1087//1087
f 624//624 625//625 1088//1088
f 331//331 1078//1078 222//222
f 655//655 656//656 653//653
f 358//358 344//344 1081//1081
f 261//261 1079//1079 2//2
f 614//614 1090//1090 713//713
f 713//713 1091//1091 614//614
f 576//576 577//577 1092//1092
f 523//523 1084//1084 522//522
f 8//8 9//9 290//290
f 292//292 10//10 293//293
f 757//757 773//773 760//760
f 792//792 1094//1094 801//801
f 801//801 1094//1094 781//781
f 706//706 775//775 1095//1095
f 795//795 779//779 1088//1088
f 625//625 814//814 1088//1088
f 793//793 1096//1096 811//811
f 846//846 800//800 833//833
f 856//856 1085//1085 704//704
f 18//18 286//286 287//287
f 1096//1096 265//265 855//855
f 855//855 847//847 1096//1096
f 1096//1096 793//793 265//265
f 1043//1043 1097//1097 886//886
f 1028//1028 1072//1072 401//401
f 424//424 1099//1099 894//894
f 762//762 1098//1098 1099//1099
f 306//306 211//211 25//25
f 320//320 342//342 230//230
f 342//342 1080//1080 321//321
f 330//330 331//331 329//329
f 390//390 27//27 1193//1193
f 1167//1167 1141//1141 1100//1100
f 1170//1170 1169//1169 1124//1124
f 915//915 1202//1202 75//75
f 76//76 914//914 915//915
f 61//61 31//31 1181//1181
f 137//137 929//929 119//119
f 1117//1117 115//115 932//932
f 127//127 110//110 944//944
f 97//97 1071//1071 964//964
f 48//48 1133//1133 959//959
f 949//949 42//42 1102//1102
f 932//932 36//36 83//83
f 1050//1050 966//966 33//33
f 33//33 912//912 1050//1050
f 1103//1103 72//72 967//967
f 967//967 968//968 1103//1103
f 1050//1050 968//968 966//966
f 912//912 28//28 1136//1136
f 1118//1118 1172//1172 1051//1051
f 1153//1153 1173//1173 1052//1052
f 1118//1118 1066//1066 1137//1137
f 1149//1149 1171//1171 69//69
f 1106//1106 1218//1218 1105//1105
f 1149//1149 1174//1174 1106//1106
f 1124//1124 1101//1101 1170//1170
f 1174//1174 1119//1119 1053//1053
f 1178//1178 1177//1177 1115//1115
f 1115//1115 1177//1177 1175//1175
f 1179//1179 62//62 1049//1049
f 1121//1121 1180//1180 975//975
f 975//975 1180//1180 1203//1203
f 1142//1142 1178//1178 1179//1179
f 921//921 1120//1120 1143//1143
f 1181//1181 1120//1120 41//41
f 1113//1113 1220//1220 976//976
f 1148//1148 979//979 1162//1162
f 1204//1204 977//977 1162//1162
f 1204//1204 1147//1147 1060//1060
f 922//922 1113//1113 978//978
f 976//976 978//978 1113//1113
f 59//59 1060//1060 60//60
f 1059//1059 31//31 60//60
f 978//978 50//50 922//922
f 1146//1146 1113//1113 56//56
f 56//56 55//55 1146//1146
f 1220//1220 1146//1146 1061//1061
f 1182//1182 1059//1059 1112//1112
f 1144//1144 1112//1112 1147//1147
f 1168//1168 1064//1064 1183//1183
f 1160//1160 1058//1058 1144//1144
f 975//975 1203//1203 1161//1161
f 1057//1057 1111//1111 1058//1058
f 917//917 80//80 1104//1104
f 1138//1138 1184//1184 970//970
f 1165//1165 1166//1166 972//972
f 1205//1205 916//916 1169//1169
f 1166//1166 1165//1165 1156//1156
f 1107//1107 1054//1054 1053//1053
f 1227//1227 1155//1155 1154//1154
f 20//20 119//119 400//400
f 452//452 985//985 984//984
f 1016//1016 555//555 597//597
f 499//499 1082//1082 491//491
f 644//644 350//350 1020//1020
f 585//585 1092//1092 1021//1021
f 514//514 513//513 1001//1001
f 467//467 466//466 886//886
f 919//919 1115//1115 63//63
f 51//51 81//81 82//82
f 1102//1102 62//62 44//44
f 1049//1049 62//62 1102//1102
f 929//929 930//930 1116//1116
f 1051//1051 1066//1066 1118//1118
f 1111//1111 1057//1057 1210//1210
f 1064//1064 1062//1062 1121//1121
f 917//917 1123//1123 1124//1124
f 93//93 1191//1191 130//130
f 119//119 1125//1125 400//400
f 1125//1125 1198//1198 1189//1189
f 154//154 1126//1126 159//159
f 203//203 202//202 1127//1127
f 350//350 792//792 348//348
f 391//391 394//394 392//392
f 547//547 1128//1128 555//555
f 530//530 735//735 1128//1128
f 674//674 668//668 675//675
f 555//555 1128//1128 568//568
f 289//289 240//240 1219//1219
f 756//756 549//549 773//773
f 792//792 350//350 1094//1094
f 357//357 152//152 352//352
f 535//535 534//534 772//772
f 835//835 802//802 1130//1130
f 827//827 835//835 1130//1130
f 834//834 1132//1132 838//838
f 834//834 1037//1037 1132//1132
f 423//423 763//763 1099//1099
f 1038//1038 1132//1132 1037//1037
f 417//417 414//414 889//889
f 1061//1061 1064//1064 1121//1121
f 922//922 49//49 1133//1133
f 922//922 1133//1133 56//56
f 1125//1125 119//119 929//929
f 929//929 1198//1198 1125//1125
f 931//931 137//137 1117//1117
f 943//943 30//30 1134//1134
f 930//930 38//38 1116//1116
f 929//929 1116//1116 77//77
f 77//77 1198//1198 929//929
f 1173//1173 1135//1135 1050//1050
f 1138//1138 1153//1153 1052//1052
f 968//968 969//969 1103//1103
f 1052//1052 1173//1173 1136//1136
f 1065//1065 1137//1137 1066//1066
f 1138//1138 970//970 1153//1153
f 1052//1052 1105//1105 1138//1138
f 1208//1208 1140//1140 1213//1213
f 1141//1141 75//75 1202//1202
f 1210//1210 1226//1226 1143//1143
f 1146//1146 55//55 1145//1145
f 1183//1183 1145//1145 55//55
f 1112//1112 1059//1059 1147//1147
f 1220//1220 1061//1061 1122//1122
f 1058//1058 1111//1111 1112//1112
f 1104//1104 81//81 51//51
f 1106//1106 1105//1105 1149//1149
f 1151//1151 1101//1101 1150//1150
f 1065//1065 1151//1151 1150//1150
f 1069//1069 1101//1101 1151//1151
f 1213//1213 1140//1140 1227//1227
f 1207//1207 1068//1068 1152//1152
f 989//989 1129//1129 698//698
f 233//233 1131//1131 1132//1132
f 970//970 969//969 1153//1153
f 1156//1156 971//971 1154//1154
f 1067//1067 1156//1156 1155//1155
f 1154//1154 1218//1218 1054//1054
f 1226//1226 1055//1055 1157//1157
f 1159//1159 1056//1056 1158//1158
f 1161//1161 974//974 1159//1159
f 1160//1160 1159//1159 1058//1058
f 1063//1063 1161//1161 1160//1160
f 1057//1057 1058//1058 1158//1158
f 1159//1159 1158//1158 1058//1058
f 979//979 1204//1204 1162//1162
f 1163//1163 1064//1064 1168//1168
f 1148//1148 1122//1122 1063//1063
f 1063//1063 979//979 1148//1148
f 1065//1065 1066//1066 1164//1164
f 1201//1201 971//971 1165//1165
f 1199//1199 972//972 1166//1166
f 1214//1214 1166//1166 1067//1067
f 1211//1211 1151//1151 1199//1199
f 187//187 1073//1073 160//160
f 432//432 239//239 240//240
f 1036//1036 405//405 1028//1028
f 756//756 773//773 757//757
f 210//210 27//27 390//390
f 910//910 75//75 1141//1141
f 1141//1141 1167//1167 910//910
f 1100//1100 1163//1163 1167//1167
f 916//916 79//79 1169//1169
f 912//912 1136//1136 1173//1173
f 968//968 1135//1135 969//969
f 71//71 1171//1171 1136//1136
f 1136//1136 1171//1171 1052//1052
f 51//51 37//37 1118//1118
f 1172//1172 1118//1118 37//37
f 72//72 1051//1051 1172//1172
f 969//969 1135//1135 1153//1153
f 1173//1173 1153//1153 1135//1135
f 969//969 970//970 1201//1201
f 1200//1200 1103//1103 969//969
f 1137//1137 1065//1065 1123//1123
f 1137//1137 1104//1104 51//51
f 51//51 1118//1118 1137//1137
f 1066//1066 1200//1200 1164//1164
f 1105//1105 1052//1052 1171//1171
f 1171//1171 1149//1149 1105//1105
f 69//69 911//911 1149//1149
f 1228//1228 1149//1149 911//911
f 1169//1169 79//79 917//917
f 917//917 1124//1124 1169//1169
f 1124//1124 1123//1123 1150//1150
f 1124//1124 1150//1150 1101//1101
f 1053//1053 1106//1106 1174//1174
f 920//920 1174//1174 1228//1228
f 1212//1212 1100//1100 1139//1139
f 1141//1141 1139//1139 1100//1100
f 1206//1206 1176//1176 1202//1202
f 1055//1055 1108//1108 1157//1157
f 1177//1177 1157//1157 1108//1108
f 1115//1115 918//918 1178//1178
f 1175//1175 1177//1177 1108//1108
f 63//63 1115//1115 1175//1175
f 1157//1157 1178//1178 1142//1142
f 1186//1186 62//62 1179//1179
f 1062//1062 1110//1110 1180//1180
f 1180//1180 1121//1121 1062//1062
f 1207//1207 1180//1180 1110//1110
f 1142//1142 1143//1143 1226//1226
f 1179//1179 1178//1178 918//918
f 1049//1049 1142//1142 1179//1179
f 1142//1142 921//921 1143//1143
f 1182//1182 1111//1111 1120//1120
f 1120//1120 1181//1181 1182//1182
f 1162//1162 976//976 1148//1148
f 1220//1220 1148//1148 976//976
f 31//31 1182//1182 1181//1181
f 1146//1146 1145//1145 1061//1061
f 1144//1144 1147//1147 1204//1204
f 1204//1204 979//979 1144//1144
f 1145//1145 1183//1183 1064//1064
f 1064//1064 1061//1061 1145//1145
f 1168//1168 1183//1183 32//32
f 32//32 909//909 1168//1168
f 909//909 910//910 1167//1167
f 1144//1144 979//979 1160//1160
f 1063//1063 1160//1160 979//979
f 975//975 1063//1063 1122//1122
f 971//971 970//970 1184//1184
f 1105//1105 1218//1218 1138//1138
f 1184//1184 1138//1138 1218//1218
f 1164//1164 972//972 1065//1065
f 1185//1185 1170//1170 1101//1101
f 1101//1101 1069//1069 1185//1185
f 1206//1206 1205//1205 1170//1170
f 1156//1156 1165//1165 971//971
f 1067//1067 1166//1166 1156//1156
f 1212//1212 1215//1215 1109//1109
f 1069//1069 1109//1109 1215//1215
f 973//973 1056//1056 1216//1216
f 1203//1203 1152//1152 974//974
f 514//514 1001//1001 1114//1114
f 1134//1134 70//70 64//64
f 62//62 1186//1186 44//44
f 85//85 40//40 1187//1187
f 960//960 130//130 1187//1187
f 935//935 1197//1197 936//936
f 928//928 118//118 1189//1189
f 1122//1122 1121//1121 975//975
f 1071//1071 126//126 1190//1190
f 131//131 130//130 1191//1191
f 132//132 133//133 120//120
f 1125//1125 1189//1189 112//112
f 158//158 155//155 1192//1192
f 158//158 1192//1192 157//157
f 145//145 172//172 200//200
f 145//145 174//174 172//172
f 224//224 1194//1194 503//503
f 662//662 382//382 249//249
f 663//663 250//250 382//382
f 669//669 677//677 239//239
f 676//676 440//440 666//666
f 263//263 430//430 737//737
f 749//749 1195//1195 757//757
f 757//757 1195//1195 550//550
f 742//742 741//741 1195//1195
f 591//591 511//511 572//572
f 410//410 411//411 215//215
f 1221//1221 365//365 651//651
f 482//482 998//998 1000//1000
f 918//918 45//45 1186//1186
f 41//41 921//921 1196//1196
f 41//41 1196//1196 42//42
f 936//936 1197//1197 105//105
f 1071//1071 1190//1190 965//965
f 94//94 85//85 1187//1187
f 82//82 928//928 1189//1189
f 1189//1189 1198//1198 82//82
f 1000//1000 998//998 1001//1001
f 921//921 1049//1049 1196//1196
f 1165//1165 1164//1164 1201//1201
f 740//740 472//472 453//453
f 1051//1051 1200//1200 1066//1066
f 1164//1164 1200//1200 1201//1201
f 1139//1139 1141//1141 1202//1202
f 1139//1139 1176//1176 1215//1215
f 1157//1157 1177//1177 1178//1178
f 1060//1060 977//977 1204//1204
f 1185//1185 1206//1206 1170//1170
f 1185//1185 1176//1176 1206//1206
f 1152//1152 1203//1203 1207//1207
f 644//644 1020//1020 234//234
f 1222//1222 920//920 1134//1134
f 1107//1107 1053//1053 1119//1119
f 973//973 1140//1140 1208//1208
f 1209//1209 1158//1158 1208//1208
f 1111//1111 1210//1210 1120//1120
f 1143//1143 1120//1120 1210//1210
f 1211//1211 1069//1069 1151//1151
f 681//681 668//668 440//440
f 549//549 535//535 772//772
f 417//417 763//763 423//423
f 1061//1061 1121//1121 1122//1122
f 944//944 30//30 943//943
f 1109//1109 1110//1110 1212//1212
f 1208//1208 1213//1213 1055//1055
f 1055//1055 1209//1209 1208//1208
f 1107//1107 1108//1108 1213//1213
f 1057//1057 1209//1209 1210//1210
f 1058//1058 1112//1112 1144//1144
f 1107//1107 1213//1213 1227//1227
f 1109//1109 1068//1068 1207//1207
f 1051//1051 1103//1103 1200//1200
f 1209//1209 1055//1055 1226//1226
f 1064//1064 1163//1163 1062//1062
f 970//970 971//971 1201//1201
f 1151//1151 972//972 1199//1199
f 1199//1199 1166//1166 1214//1214
f 1068//1068 1211//1211 1199//1199
f 1068//1068 1109//1109 1211//1211
f 1069//1069 1211//1211 1109//1109
f 432//432 240//240 272//272
f 1205//1205 1169//1169 1170//1170
f 969//969 1201//1201 1200//1200
f 1119//1119 1174//1174 920//920
f 1175//1175 1107//1107 1119//1119
f 1110//1110 1100//1100 1212//1212
f 1139//1139 1202//1202 1176//1176
f 914//914 1206//1206 1202//1202
f 1110//1110 1109//1109 1207//1207
f 918//918 1186//1186 1179//1179
f 1203//1203 1180//1180 1207//1207
f 974//974 1161//1161 1203//1203
f 1209//1209 1057//1057 1158//1158
f 1120//1120 921//921 41//41
f 1161//1161 1063//1063 975//975
f 914//914 916//916 1205//1205
f 1205//1205 1206//1206 914//914
f 973//973 1067//1067 1155//1155
f 1155//1155 1140//1140 973//973
f 1176//1176 1185//1185 1215//1215
f 1215//1215 1212//1212 1139//1139
f 1185//1185 1069//1069 1215//1215
f 1152//1152 1214//1214 1216//1216
f 973//973 1216//1216 1067//1067
f 1214//1214 1067//1067 1216//1216
f 1056//1056 974//974 1216//1216
f 1152//1152 1216//1216 974//974
f 43//43 1217//1217 61//61
f 61//61 1217//1217 58//58
f 134//134 122//122 9//9
f 134//134 9//9 120//120
f 353//353 354//354 733//733
f 237//237 238//238 430//430
f 243//243 388//388 242//242
f 664//664 719//719 725//725
f 1003//1003 472//472 994//994
f 281//281 399//399 266//266
f 1224//1224 1042//1042 548//548
f 1229//1229 584//584 1194//1194
f 337//337 338//338 316//316
f 911//911 65//65 1228//1228
f 1134//1134 63//63 1222//1222
f 951//951 1217//1217 43//43
f 1106//1106 1053//1053 1054//1054
f 1054//1054 1218//1218 1106//1106
f 440//440 1219//1219 666//666
f 1003//1003 989//989 472//472
f 987//987 460//460 1002//1002
f 1158//1158 1056//1056 1208//1208
f 1168//1168 1167//1167 1163//1163
f 1148//1148 1220//1220 1122//1122
f 1219//1219 440//440 404//404
f 404//404 289//289 1219//1219
f 1172//1172 1116//1116 38//38
f 389//389 204//204 325//325
f 1174//1174 1149//1149 1228//1228
f 920//920 1228//1228 70//70
f 1222//1222 63//63 1175//1175
f 1222//1222 1119//1119 920//920
f 341//341 1221//1221 651//651
f 393//393 394//394 97//97
f 1117//1117 405//405 115//115
f 920//920 70//70 1134//1134
f 789//789 600//600 1230//1230
f 386//386 204//204 389//389
f 176//176 1126//1126 154//154
f 163//163 1126//1126 176//176
f 613//613 623//623 618//618
f 619//619 1008//1008 1022//1022
f 755//755 537//537 550//550
f 613//613 618//618 609//609
f 600//600 605//605 1230//1230
f 784//784 438//438 437//437
f 796//796 437//437 817//817
f 1223//1223 848//848 1035//1035
f 1041//1041 1042//1042 1224//1224
f 586//586 1224//1224 591//591
f 1217//1217 90//90 952//952
f 28//28 935//935 936//936
f 488//488 1225//1225 489//489
f 1040//1040 848//848 1223//1223
f 545//545 1223//1223 1035//1035
f 1042//1042 1041//1041 1223//1223
f 1107//1107 1175//1175 1108//1108
f 1059//1059 60//60 1060//1060
f 80//80 81//81 1104//1104
f 1165//1165 972//972 1164//1164
f 1140//1140 1155//1155 1227//1227
f 1123//1123 917//917 1104//1104
f 472//472 740//740 455//455
f 1107//1107 1227//1227 1054//1054
f 1227//1227 1154//1154 1054//1054
f 1142//1142 1226//1226 1157//1157
f 700//700 987//987 496//496
f 1116//1116 1172//1172 37//37
f 454//454 987//987 700//700
f 137//137 1072//1072 1117//1117
f 1020//1020 354//354 353//353
f 684//684 450//450 691//691
f 691//691 450//450 690//690
f 538//538 537//537 755//755
f 591//591 1224//1224 548//548
f 225//225 584//584 1229//1229
f 460//460 988//988 1002//1002
f 1175//1175 1119//1119 1222//1222
f 739//739 456//456 462//462
f 739//739 462//462 736//736
f 394//394 1071//1071 97//97
f 1072//1072 405//405 1117//1117
f 747//747 455//455 740//740
f 747//747 740//740 444//444
f 789//789 1230//1230 788//788
f 604//604 788//788 1230//1230
f 20//20 1072//1072 137//137
f 510//510 513//513 527//527
# 2456 faces, 0 coords texture

# End of File
