####
#
# OBJ File Generated by Meshlab
#
####
# Object creature_norm.obj
#
# Vertices: 2027
# Faces: 4050
#
####
vn -0.632015 0.227193 -0.740905
v -0.437103 0.153046 -0.298272
vn -0.053765 0.989060 -0.137370
v -0.189176 0.632869 0.123019
vn 0.673606 0.386132 -0.630204
v 0.622940 0.005400 -0.410168
vn 0.418181 0.488586 -0.765773
v 0.590848 0.074423 -0.396717
vn 0.348617 -0.566493 -0.746694
v -0.394761 -0.277242 -0.307429
vn -0.723414 0.630746 -0.280771
v -0.709202 -0.316546 -0.378462
vn -0.739878 0.561870 -0.369976
v -0.758023 -0.346649 -0.429645
vn -0.088662 -0.703324 -0.705319
v -0.705260 -0.357759 -0.428879
vn -0.135693 0.055844 0.989176
v 0.316341 -0.126281 0.420721
vn -0.988428 0.148404 0.031412
v -0.448472 0.654076 -0.281174
vn 0.307380 0.110868 0.945106
v 0.283477 -0.107052 0.415933
vn 0.506236 0.854212 0.118520
v 0.570160 0.293774 -0.022988
vn -0.248871 0.959759 0.130100
v -0.408432 0.599596 0.164764
vn -0.869475 0.409494 0.276276
v -0.723005 -0.313171 -0.306957
vn -0.817444 0.561381 -0.128986
v -0.788009 -0.344724 -0.342579
vn 0.521631 0.669350 -0.529029
v 0.047774 0.430223 -0.149441
vn -0.741000 0.588884 -0.322699
v -0.715908 -0.314891 -0.360245
vn -0.867067 0.407578 0.286488
v -0.586281 -0.092370 -0.233786
vn 0.928783 -0.369161 -0.032882
v 0.857351 0.066032 -0.087582
vn -0.033632 0.998908 -0.032425
v -0.336149 0.603596 0.166448
vn -0.892010 0.449709 -0.045608
v -0.509111 0.371285 0.232270
vn 0.538189 0.656007 -0.529158
v 0.005816 0.446553 -0.158699
vn -0.634370 -0.742848 0.213897
v -0.730473 -0.357760 -0.394916
vn -0.363336 -0.734936 -0.572588
v -0.746209 -0.357765 -0.355484
vn -0.154929 0.886877 0.435254
v -0.375783 0.416903 0.334516
vn -0.655143 0.026218 0.755050
v -0.572626 -0.008260 0.266868
vn -0.762443 -0.064269 0.643855
v -0.599204 -0.062090 0.246634
vn 0.833622 0.192149 -0.517835
v -0.028527 0.353893 -0.231961
vn 0.304022 0.032254 -0.952119
v 0.248467 0.021009 -0.500156
vn -0.394854 0.494024 0.774617
v -0.068251 -0.147074 0.488705
vn -0.485771 0.525195 -0.698711
v -0.666093 -0.309292 -0.423742
vn -0.604138 -0.751746 -0.264377
v -0.666299 -0.357774 -0.450815
vn -0.508604 0.534162 -0.675273
v -0.661039 -0.315909 -0.431018
vn -0.313949 0.522498 -0.792737
v -0.664662 -0.349763 -0.508089
vn 0.209037 -0.773156 -0.598776
v -0.617285 -0.357756 -0.465219
vn -0.651728 0.274407 -0.707072
v -0.426487 0.250767 -0.273889
vn -0.796597 0.542026 0.267658
v -0.766383 -0.342839 -0.253292
vn -0.572904 0.448656 0.685922
v -0.405906 0.488580 0.264982
vn -0.792739 0.173651 0.584303
v -0.572023 -0.055655 0.279660
vn -0.146240 0.444146 -0.883939
v -0.561068 -0.271595 -0.447147
vn -0.524716 0.562515 0.638944
v -0.681829 -0.357664 -0.244088
vn -0.223187 0.629354 0.744380
v -0.131828 0.493434 0.310695
vn -0.871508 -0.396356 0.288749
v -0.772728 -0.357752 -0.251190
vn 0.085494 0.913384 0.398021
v -0.370378 0.585780 0.167312
vn -0.448208 -0.883453 -0.136457
v 0.308050 -0.326913 -0.534487
vn 0.340140 -0.835177 0.432186
v -0.165943 -0.327171 0.392391
vn -0.279490 0.533025 0.798605
v 0.539338 -0.347207 0.488043
vn 0.798689 0.497658 -0.338279
v 0.012901 0.546280 0.096248
vn 0.159336 0.649204 0.743738
v 0.687203 -0.318321 0.424758
vn 0.351849 0.527638 0.773175
v 0.752338 -0.351240 0.478118
vn 0.360193 0.422879 0.831525
v 0.043345 0.262233 0.316744
vn -0.982455 0.122768 0.140392
v -0.582718 0.477319 0.067341
vn 0.079159 0.808216 0.583541
v 0.300710 0.288430 0.218674
vn -0.710266 -0.607303 -0.355957
v -0.564804 -0.311733 -0.008150
vn -0.474386 -0.723593 0.501370
v 0.626568 -0.357753 0.463660
vn 0.098374 0.509301 0.854947
v 0.651115 -0.349190 0.503488
vn 0.029746 0.797784 0.602209
v -0.003296 0.560942 0.185470
vn -0.428151 0.287348 0.856807
v -0.115616 -0.252624 0.529165
vn 0.155181 -0.816998 0.555367
v 0.581005 -0.357757 0.450983
vn 0.336371 0.165014 0.927160
v 0.582429 -0.344972 0.449751
vn 0.259918 0.054425 0.964096
v 0.136992 0.103686 0.425338
vn 0.571029 0.289562 0.768166
v 0.074795 -0.258203 0.538243
vn 0.423103 0.338821 0.840348
v 0.046342 -0.264294 0.559992
vn 0.640436 0.472201 0.605696
v 0.702682 -0.178497 0.335313
vn -0.936918 0.287211 0.199233
v -0.558377 0.349866 0.123115
vn -0.910390 0.375203 0.174396
v -0.545430 0.401467 0.105099
vn -0.069367 0.624235 0.778151
v 0.615265 -0.317090 0.435832
vn 0.053866 -0.176439 0.982837
v -0.195060 -0.211432 0.443420
vn 0.473658 0.484821 0.735253
v 0.075162 -0.212849 0.504391
vn 0.730687 0.443383 0.519142
v 0.659962 0.060437 0.212749
vn -0.903162 -0.429117 0.012526
v -0.641322 -0.244090 0.120775
vn -0.284893 -0.064980 -0.956354
v 0.254516 -0.283201 -0.517508
vn 0.128571 0.342785 0.930574
v -0.174349 0.532941 0.313424
vn 0.176302 0.334619 0.925715
v -0.178695 0.504080 0.317007
vn 0.017904 0.256953 -0.966258
v -0.180003 0.189079 -0.337347
vn 0.565900 -0.726357 0.390079
v 0.665176 -0.357760 0.461773
vn 0.247589 0.652239 0.716438
v 0.670676 -0.316316 0.428300
vn 0.291499 0.947436 -0.131886
v 0.159767 0.402365 -0.068811
vn 0.983778 0.176180 -0.033792
v 0.778023 -0.209128 -0.058485
vn -0.031106 0.559445 0.828284
v 0.599198 -0.317653 0.434858
vn -0.520048 0.346693 0.780611
v 0.544248 -0.318282 0.426771
vn -0.457950 -0.884508 0.089034
v -0.557465 -0.263325 -0.161914
vn 0.702055 0.660338 0.266595
v 0.655455 0.200090 0.026048
vn -0.137515 0.975319 -0.172750
v -0.256979 0.593843 -0.075032
vn 0.536579 0.526594 -0.659380
v -0.279420 0.600523 -0.030505
vn 0.393286 0.916422 -0.074144
v -0.027261 0.559613 0.173497
vn 0.738071 -0.185213 -0.648805
v 0.744712 -0.214714 -0.348931
vn -0.554775 -0.076324 -0.828492
v -0.213244 -0.069750 -0.376582
vn -0.280568 0.880199 0.382795
v -0.454939 0.409368 0.279700
vn -0.490127 0.842702 0.222776
v -0.466067 0.423271 0.331463
vn -0.396988 0.866645 0.302203
v -0.433930 0.419274 0.295488
vn -0.266787 -0.741589 0.615524
v 0.714179 -0.357761 0.448144
vn -0.328537 0.599686 -0.729685
v 0.432985 -0.325903 -0.623872
vn -0.572277 -0.766774 -0.290785
v 0.428536 -0.357761 -0.643000
vn 0.754384 0.408936 0.513495
v 0.604975 0.104767 0.257531
vn 0.585336 0.501497 0.637090
v 0.586894 0.080555 0.331021
vn 0.611473 0.653077 0.446757
v 0.797165 -0.312676 0.338077
vn 0.485781 0.466480 -0.739198
v -0.085828 0.556774 -0.156859
vn 0.213576 0.102289 -0.971557
v -0.387939 -0.023045 -0.375500
vn -0.416558 0.499179 0.759802
v -0.375003 0.452261 0.314007
vn -0.759531 -0.418988 0.497555
v -0.586829 -0.243921 0.167736
vn 0.607997 0.539330 0.582634
v 0.835011 -0.348187 0.408089
vn 0.582524 0.585420 0.563870
v 0.760151 -0.316747 0.382258
vn -0.494294 0.515109 -0.700240
v -0.619162 -0.210605 -0.375098
vn 0.269937 0.242904 0.931736
v 0.194857 0.144291 0.388213
vn -0.549618 -0.824672 -0.133551
v -0.728482 -0.357764 -0.289866
vn 0.293868 -0.229894 0.927788
v 0.054634 -0.356808 0.638611
vn -0.567737 0.548390 0.613957
v -0.192109 -0.347207 0.538275
vn 0.554055 -0.756642 0.347155
v -0.454171 -0.345011 -0.250638
vn -0.999179 -0.030529 -0.026640
v -0.548403 -0.058541 -0.202110
vn 0.108966 -0.762547 0.637690
v -0.084162 -0.357721 0.573760
vn -0.296521 0.530373 0.794217
v -0.069679 -0.320180 0.559415
vn -0.446078 0.558483 0.699365
v -0.125196 -0.349189 0.599786
vn -0.352333 -0.197033 -0.914898
v -0.277800 -0.282589 -0.318765
vn 0.448947 0.873961 -0.186113
v -0.113813 0.569994 0.249244
vn 0.815583 0.578431 -0.015569
v -0.122092 0.591061 0.244722
vn -0.924437 -0.338961 -0.174706
v -0.627541 -0.253782 -0.017291
vn 0.060918 0.239077 0.969088
v -0.077916 0.477603 0.363525
vn 0.670356 -0.733368 -0.113109
v 0.628638 -0.357738 -0.646938
vn 0.673879 -0.408187 -0.615850
v 0.671226 -0.357739 -0.610732
vn -0.425956 0.440368 -0.790341
v -0.384129 0.313065 -0.279525
vn -0.997831 -0.062469 -0.020780
v -0.519716 0.401108 0.241035
vn 0.469929 0.709248 -0.525484
v 0.624812 -0.214412 -0.506780
vn -0.621140 -0.736067 0.269053
v -0.049261 -0.357757 0.596759
vn -0.157368 -0.895671 -0.415942
v -0.142704 -0.357715 -0.363790
vn 0.011236 0.858693 0.512368
v -0.313423 0.407447 0.363635
vn -0.226520 0.491443 0.840935
v -0.300954 0.451613 0.344410
vn 0.830737 0.339247 0.441348
v 0.055061 -0.316473 0.559032
vn -0.083949 0.451500 0.888313
v 0.028860 -0.334346 0.606093
vn -0.064583 0.596367 -0.800110
v 0.054393 0.182194 -0.423251
vn -0.047042 0.918253 -0.393191
v -0.271517 0.627169 0.035188
vn 0.049366 0.872451 -0.486201
v -0.264212 0.611937 0.063193
vn 0.677788 0.404311 -0.614114
v -0.034966 0.482714 -0.167097
vn 0.442877 0.885115 -0.142940
v -0.054047 0.567772 -0.048997
vn -0.868767 0.347004 0.353315
v -0.167425 -0.322428 0.492640
vn 0.102360 0.881040 -0.461834
v -0.305874 0.634352 0.040453
vn 0.163929 0.147152 -0.975435
v -0.435315 -0.074699 -0.393574
vn -0.090183 0.311047 -0.946106
v -0.438029 -0.017765 -0.386120
vn -0.433128 -0.625255 -0.649197
v -0.215049 -0.349448 -0.346647
vn -0.318755 0.212367 -0.923740
v -0.391082 0.152205 -0.327721
vn -0.425850 -0.198721 -0.882702
v -0.419139 0.101590 -0.327100
vn 0.872882 0.316155 -0.371650
v 0.706321 -0.113886 -0.357974
vn 0.688060 0.246562 -0.682482
v 0.732557 -0.171385 -0.361371
vn -0.623225 0.254767 0.739381
v -0.112187 -0.321078 0.535596
vn -0.197897 -0.231142 0.952581
v -0.183218 -0.132009 0.470689
vn -0.241286 0.085645 0.966668
v -0.333668 0.061936 0.448113
vn -0.386747 0.089144 0.917867
v -0.386590 0.055488 0.431587
vn -0.362877 0.008099 0.931802
v -0.384191 -0.003417 0.435585
vn -0.076852 0.342408 0.936403
v -0.020070 0.012605 0.451929
vn -0.188917 0.132301 0.973040
v -0.024647 -0.022501 0.465310
vn -0.802851 -0.578007 -0.146077
v -0.484127 -0.278765 -0.195721
vn 0.971356 -0.118229 0.206128
v 0.070072 0.489938 0.160715
vn -0.169760 0.554004 -0.815022
v 0.423782 -0.326553 -0.622214
vn -0.413806 -0.156953 0.896733
v -0.148354 -0.242568 0.416857
vn 0.032088 0.511491 0.858689
v 0.185515 -0.055375 0.453541
vn 0.373092 0.091696 0.923252
v 0.233298 -0.086181 0.467197
vn 0.165463 0.787448 -0.593758
v 0.081479 0.326685 -0.236933
vn -0.226078 0.520429 -0.823434
v 0.487536 -0.326519 -0.646373
vn -0.239716 0.626459 -0.741678
v 0.499592 -0.330178 -0.653057
vn 0.209531 -0.760041 -0.615171
v 0.476638 -0.357749 -0.659740
vn -0.321201 0.079493 -0.943669
v -0.413847 0.472730 -0.176601
vn -0.427339 -0.009461 0.904042
v -0.158731 -0.223005 0.437330
vn 0.446478 0.676419 0.585760
v -0.167797 0.351526 0.389449
vn -0.821581 0.420354 -0.385107
v -0.436370 0.519831 -0.150503
vn 0.360012 0.894769 -0.264159
v -0.042174 0.598740 0.053686
vn -0.851524 -0.289835 0.436925
v -0.584677 -0.168468 0.233396
vn -0.601493 -0.197564 -0.774064
v 0.355977 -0.357657 -0.661892
vn -0.433848 -0.837035 0.333388
v 0.435738 -0.269894 0.384207
vn -0.351163 0.911033 -0.216109
v -0.372272 0.574301 -0.113823
vn 0.703160 -0.700969 -0.119204
v 0.821913 -0.357764 0.375642
vn 0.703797 -0.391887 0.592532
v 0.838730 -0.357746 0.410548
vn -0.056340 -0.729201 0.681976
v 0.800471 -0.357739 0.397477
vn 0.227554 0.841576 -0.489867
v -0.105991 0.607310 -0.028051
vn -0.754682 0.035610 -0.655124
v -0.550531 0.171306 -0.203259
vn -0.251900 -0.692050 -0.676471
v 0.590685 -0.357721 -0.667149
vn 0.209216 0.697738 -0.685121
v 0.568272 -0.327043 -0.647190
vn 0.267383 -0.206011 -0.941311
v 0.624661 -0.357799 -0.689224
vn 0.533586 0.838957 0.106942
v -0.001451 0.584442 0.097644
vn -0.615127 -0.786682 0.052449
v -0.172979 -0.357758 0.485983
vn -0.071686 -0.820945 0.566489
v -0.136191 -0.357769 0.518303
vn -0.902121 0.430298 0.031941
v -0.566394 0.393914 0.017805
vn -0.039382 -0.878937 -0.475309
v 0.032347 -0.357765 -0.427292
vn -0.301910 0.478911 0.824314
v -0.436427 0.665768 -0.269587
vn 0.829124 -0.205711 -0.519842
v 0.633391 -0.357498 -0.681208
vn 0.157497 -0.146514 0.976590
v -0.142387 -0.131531 0.489333
vn 0.487429 0.854287 -0.180577
v -0.003852 0.548884 -0.083533
vn -0.471427 0.607726 0.639082
v -0.108691 0.497087 0.344149
vn -0.675243 -0.375228 0.635021
v -0.628423 -0.184175 0.200312
vn -0.731207 -0.445662 0.516451
v -0.637191 -0.230098 0.155831
vn -0.286636 -0.007477 0.958010
v -0.257225 -0.071421 0.479744
vn 0.039143 -0.248343 0.967881
v -0.248632 -0.163128 0.495009
vn -0.254958 0.942829 -0.214641
v -0.298969 0.606249 0.124771
vn -0.222931 0.935143 0.275334
v -0.316587 0.594149 0.146091
vn 0.305028 0.264250 0.914948
v 0.625569 -0.199447 0.379422
vn -0.367201 -0.187694 -0.911007
v -0.438905 0.092863 -0.316354
vn 0.279386 -0.814169 0.508992
v -0.192210 -0.357706 0.414270
vn 0.512141 -0.641802 -0.570790
v 0.722074 -0.357741 -0.533440
vn 0.377755 -0.903577 0.202116
v 0.387544 -0.357309 0.363349
vn -0.160950 -0.809360 0.564829
v 0.291421 -0.357764 0.385676
vn -0.005531 0.999970 -0.005346
v 0.403762 0.330140 -0.086318
vn 0.199240 0.979135 -0.039983
v 0.381446 0.329308 -0.033640
vn -0.236203 -0.762117 -0.602815
v -0.300518 -0.357633 -0.282556
vn 0.984353 0.012780 0.175743
v 0.798689 -0.287370 0.072449
vn 0.005805 0.119636 -0.992801
v 0.395587 -0.004080 -0.452142
vn -0.861119 0.460115 -0.216260
v -0.542345 0.413883 -0.041101
vn 0.331591 -0.349395 0.876339
v -0.204232 -0.140718 0.470651
vn -0.592042 -0.774627 -0.222350
v -0.511180 -0.357753 -0.122688
vn -0.863683 -0.247831 -0.438898
v -0.512627 -0.301600 -0.153542
vn 0.214981 -0.529794 0.820428
v 0.399650 -0.181191 0.440534
vn -0.012342 0.888755 -0.458217
v 0.068780 0.273834 -0.345484
vn -0.433881 -0.866483 0.246889
v -0.529506 -0.357786 0.214427
vn -0.578200 -0.467149 0.668922
v -0.517021 -0.320793 0.275296
vn -0.479599 -0.751932 0.452310
v -0.515339 -0.357760 0.258334
vn -0.136556 0.478215 -0.867562
v -0.608998 -0.317134 -0.453315
vn 0.492414 0.833641 -0.250143
v -0.195112 0.628112 0.049344
vn 0.141934 0.987747 -0.064885
v -0.216005 0.629615 0.026557
vn -0.143015 -0.933570 0.328624
v -0.325972 -0.357719 0.378190
vn 0.241242 -0.903879 0.353279
v -0.167751 -0.357753 0.375093
vn 0.200132 0.391322 0.898228
v -0.031472 0.094005 0.419863
vn -0.997359 -0.043008 0.058523
v -0.624049 -0.042402 0.181575
vn -0.983410 0.058537 0.171693
v -0.633177 -0.044702 0.138342
vn -0.369487 -0.917331 0.148266
v -0.513774 -0.242505 -0.188392
vn 0.047707 0.363863 0.930230
v -0.203552 0.509162 0.317561
vn -0.140901 -0.820581 -0.553889
v 0.105260 -0.357758 -0.445469
vn -0.195286 -0.816545 -0.543247
v -0.035414 -0.357881 -0.424556
vn 0.138043 0.212374 -0.967389
v 0.529197 -0.008965 -0.426549
vn -0.089235 0.856860 0.507768
v -0.393370 0.585681 0.202780
vn -0.077305 0.742695 0.665153
v -0.480569 0.455017 0.245183
vn -0.627657 0.081860 0.774174
v -0.476219 0.046397 0.379576
vn -0.064709 -0.951661 0.300258
v 0.450006 -0.357756 0.286502
vn 0.569718 -0.821837 0.002493
v 0.782938 -0.357779 0.056384
vn 0.320475 0.145950 -0.935946
v -0.114564 0.272934 -0.320904
vn 0.127058 0.203206 -0.970857
v -0.231833 0.246662 -0.324020
vn 0.497751 0.821954 -0.276831
v -0.077578 0.557509 -0.116852
vn 0.597559 0.718368 -0.356190
v 0.002080 0.578215 0.070264
vn 0.014984 0.540366 0.841297
v 0.108006 -0.024257 0.439353
vn -0.888576 0.165837 -0.427704
v -0.513877 0.427362 0.220084
vn 0.477157 -0.789733 -0.385542
v 0.728924 -0.357715 -0.321276
vn -0.000157 -0.924535 0.381097
v 0.161544 -0.357707 0.334934
vn 0.719815 -0.681627 -0.131345
v 0.725524 -0.357776 -0.332762
vn 0.208714 0.436356 -0.875233
v 0.447218 -0.114048 -0.454636
vn 0.143085 0.294726 -0.944809
v 0.525216 -0.126236 -0.427964
vn -0.075048 -0.933528 0.350561
v -0.162063 -0.357761 0.373386
vn -0.518536 -0.804808 0.288797
v -0.154960 -0.357761 0.381675
vn 0.452907 -0.881789 -0.131618
v -0.489113 -0.357724 -0.412128
vn -0.444781 -0.788747 0.424320
v -0.393257 -0.357669 0.368874
vn -0.613569 -0.252359 0.748230
v -0.144169 -0.315998 0.521750
vn 0.467484 -0.833223 -0.295292
v -0.494298 -0.357768 -0.436127
vn -0.838169 -0.378697 -0.392506
v -0.763257 -0.357761 -0.431837
vn -0.006156 0.079115 -0.996846
v 0.442001 -0.068804 -0.438488
vn -0.747080 -0.501492 0.436322
v 0.516455 -0.315735 0.393032
vn -0.308952 -0.596313 0.740919
v -0.383994 -0.233156 0.447076
vn -0.091868 0.676545 -0.730649
v 0.065312 0.241570 -0.389956
vn -0.905197 0.038877 0.423210
v 0.541672 -0.337772 0.414657
vn 0.462563 -0.402123 0.790147
v 0.754243 -0.357758 0.480249
vn 0.496319 0.304721 -0.812904
v 0.042788 0.561058 0.114042
vn 0.820373 0.168560 -0.546421
v -0.016674 0.494943 -0.142715
vn -0.011068 0.527982 -0.849183
v -0.204314 0.469480 -0.271598
vn -0.619705 -0.772312 -0.139640
v 0.366072 -0.357609 -0.620417
vn 0.530723 -0.435889 0.726866
v -0.499928 -0.348527 -0.219559
vn -0.739866 -0.204336 -0.640972
v -0.558876 0.026493 -0.201560
vn 0.338599 0.804983 0.487188
v 0.174848 0.356770 0.060428
vn 0.333412 0.846917 -0.414207
v 0.473964 0.295206 -0.234278
vn 0.163053 0.910366 -0.380326
v 0.382417 0.304821 -0.245824
vn -0.385880 -0.407788 -0.827530
v -0.666414 -0.357754 -0.510901
vn 0.545795 0.278527 -0.790272
v 0.012958 0.526536 -0.113302
vn 0.089039 0.947497 0.307117
v 0.310880 0.306242 0.165337
vn -0.402238 0.883482 0.240134
v -0.103463 0.517705 0.313895
vn 0.015744 0.918611 -0.394850
v -0.114071 0.596275 0.048999
vn -0.455145 0.232516 0.859523
v -0.039116 -0.055153 0.461961
vn 0.755997 -0.346006 0.555651
v 0.120769 0.587348 0.181373
vn -0.524884 -0.376369 -0.763442
v -0.270689 -0.322516 -0.319806
vn -0.486682 -0.718561 -0.496800
v -0.498853 -0.357776 -0.157574
vn -0.182842 -0.921769 -0.341922
v -0.451689 -0.357745 -0.165059
vn -0.001776 0.381115 -0.924526
v -0.513120 -0.237166 -0.430105
vn -0.760333 -0.413135 0.501211
v -0.582514 -0.282030 0.136949
vn -0.538964 0.297415 -0.788075
v -0.353103 0.475821 -0.234510
vn -0.217884 0.099533 -0.970886
v -0.364038 0.490816 -0.211146
vn 0.020987 0.396731 0.917695
v 0.030603 0.555100 0.199936
vn 0.758006 0.484464 0.436717
v -0.009875 0.535653 0.240867
vn -0.044772 -0.871423 -0.488485
v -0.271070 -0.214369 -0.326592
vn 0.036008 0.201945 0.978735
v -0.201526 0.085203 0.455035
vn 0.911782 -0.349424 -0.215771
v 0.871865 -0.357715 0.186295
vn 0.276539 0.816486 -0.506830
v -0.230744 0.632953 0.004064
vn -0.747828 0.415077 -0.518136
v -0.514465 0.438610 -0.121008
vn 0.128913 0.854131 -0.503827
v -0.319747 0.561359 -0.150289
vn 0.395302 -0.022727 0.918270
v 0.227056 -0.143791 0.467930
vn 0.434994 -0.890260 -0.134972
v 0.772817 -0.357814 0.105373
vn -0.399091 0.290465 -0.869688
v -0.278557 0.405923 -0.272613
vn -0.489812 0.252863 -0.834353
v -0.440038 0.403568 -0.216923
vn -0.316660 0.247899 -0.915572
v -0.423939 0.397834 -0.219645
vn -0.254501 -0.298794 -0.919756
v 0.123342 -0.316205 -0.461699
vn 0.018678 0.785279 -0.618860
v 0.241868 0.289945 -0.332784
vn 0.524742 0.833858 -0.171251
v -0.107295 0.624879 0.095949
vn 0.815830 0.466177 -0.342199
v 0.065034 0.486224 -0.076164
vn -0.652408 -0.541479 0.530250
v -0.558751 0.438800 0.085666
vn -0.554056 -0.805475 0.210313
v -0.116161 -0.357760 0.534754
vn 0.057712 0.829824 0.555033
v -0.239234 0.596937 0.269592
vn -0.561499 -0.019004 -0.827259
v -0.139794 -0.175873 -0.462090
vn -0.569280 0.064110 -0.819640
v -0.199007 -0.149367 -0.394609
vn -0.189474 -0.907232 -0.375539
v -0.348462 -0.357744 -0.228114
vn -0.593661 -0.446059 0.669775
v -0.505308 -0.261239 0.332452
vn -0.564805 -0.673712 0.476557
v -0.533008 -0.227203 0.312552
vn 0.371582 0.851143 0.370787
v -0.120755 0.627284 0.115943
vn 0.142503 0.291801 0.945804
v 0.540117 0.064578 0.350553
vn 0.765685 0.534458 0.357884
v 0.658147 0.184622 0.137842
vn 0.048818 0.932982 -0.356596
v -0.116702 0.626194 0.100046
vn -0.356572 0.328926 -0.874451
v -0.045917 0.063608 -0.444052
vn -0.066305 0.367498 -0.927658
v -0.037684 -0.009320 -0.478444
vn 0.006472 0.860101 -0.510083
v -0.141890 0.614303 0.091794
vn -0.645216 -0.748084 -0.155131
v -0.544263 -0.357762 -0.047898
vn 0.962819 0.270090 -0.005636
v 0.758738 -0.227133 -0.280504
vn -0.459303 -0.402922 0.791641
v -0.392251 -0.349936 0.375391
vn -0.207932 -0.312729 0.926804
v -0.228462 -0.329921 0.414690
vn -0.162877 -0.880870 0.444455
v -0.302874 -0.357607 0.390675
vn -0.127573 -0.743341 0.656635
v -0.264639 -0.357802 0.412736
vn 0.419767 0.826137 0.375890
v 0.137450 0.398562 0.054699
vn 0.023271 0.140041 -0.989872
v -0.274654 0.224790 -0.338545
vn 0.589696 0.464117 0.660949
v -0.114959 0.303334 0.390324
vn 0.688533 0.619805 -0.376515
v 0.014941 0.563719 -0.018573
vn 0.687740 -0.725378 0.028986
v 0.781693 -0.357761 -0.195738
vn 0.979414 0.195540 -0.050122
v 0.769600 -0.282096 -0.225089
vn -0.132871 -0.842721 -0.521696
v 0.074387 -0.357649 -0.436873
vn 0.785942 0.324560 -0.526266
v 0.650006 0.007371 -0.362430
vn -0.470284 -0.835130 0.285292
v -0.569955 -0.357724 0.113201
vn 0.136312 0.579192 -0.803714
v 0.159340 0.191864 -0.432488
vn 0.884697 0.219850 -0.411069
v 0.101527 0.462270 0.073849
vn -0.342677 -0.934547 0.095881
v -0.543134 -0.357748 0.158996
vn -0.220260 -0.803641 -0.552854
v 0.203079 -0.357760 -0.483499
vn -0.227609 -0.970805 0.075710
v -0.535379 -0.357623 0.173120
vn 0.032522 -0.739321 0.672568
v 0.334235 -0.357160 0.396492
vn 0.403212 0.756426 0.515014
v 0.191113 0.241340 0.281924
vn -0.003001 -0.970768 -0.239999
v -0.278048 -0.357709 -0.268169
vn 0.632099 -0.044719 0.773596
v -0.110175 -0.053312 0.488278
vn -0.151579 -0.713563 0.683996
v -0.608633 -0.357880 -0.197568
vn -0.516728 0.079552 0.852446
v -0.430144 0.154366 0.395460
vn -0.676633 -0.595342 0.433285
v 0.482156 -0.357733 0.359094
vn 0.694725 0.561379 -0.449678
v 0.668194 -0.225956 -0.448344
vn 0.710304 -0.662207 0.238641
v 0.068907 -0.357662 0.548859
vn 0.174484 0.820263 -0.544723
v 0.060377 0.367560 -0.213911
vn 0.970083 0.242553 -0.010347
v 0.098258 0.416286 0.067011
vn 0.769869 -0.455575 -0.446937
v 0.753913 -0.357726 -0.507900
vn -0.368391 0.395454 0.841371
v -0.339245 0.509364 0.293778
vn 0.626571 0.533245 -0.568382
v 0.019041 0.455963 -0.137968
vn -0.918829 0.203315 0.338255
v -0.542234 0.308429 0.262349
vn -0.881693 0.354551 0.311306
v -0.508650 0.390620 0.277920
vn 0.767329 -0.641141 0.012004
v 0.723287 -0.357759 -0.363811
vn 0.069999 0.052350 0.996173
v 0.116844 0.037462 0.410628
vn -0.514152 -0.835275 0.194843
v 0.378196 -0.357753 -0.433815
vn -0.939496 -0.095746 0.328908
v -0.654693 -0.110366 -0.012090
vn 0.595403 -0.189653 -0.780722
v -0.011684 0.400778 -0.208681
vn 0.768054 0.618401 0.166350
v 0.101998 0.405408 0.063248
vn 0.015729 0.790676 -0.612033
v -0.190241 0.567662 -0.136844
vn -0.911095 0.203263 -0.358594
v -0.545983 0.435920 0.007295
vn -0.279771 0.094084 -0.955446
v -0.324975 0.446323 -0.239246
vn -0.948042 -0.092231 0.304482
v -0.542970 0.416015 0.063885
vn 0.517442 0.763731 -0.385965
v -0.067950 0.567653 -0.078509
vn 0.301035 0.857013 -0.418217
v -0.030191 0.544085 -0.139420
vn 0.968487 0.102184 -0.227137
v 0.679424 -0.240350 -0.431017
vn -0.062643 0.424597 -0.903213
v -0.209989 0.110441 -0.369643
vn -0.518291 -0.464387 0.718136
v -0.416542 -0.330486 0.342982
vn 0.302838 0.348940 0.886865
v -0.063043 0.343741 0.355180
vn 0.354471 0.279711 0.892251
v -0.072909 0.264872 0.385706
vn -0.163744 -0.494959 0.853348
v -0.189781 -0.076727 0.478149
vn -0.660975 0.039835 -0.749350
v -0.427098 0.493659 -0.177828
vn 0.203500 -0.961206 0.186202
v 0.094418 -0.357754 0.345990
vn -0.422916 -0.401385 0.812424
v 0.536040 -0.357750 0.491580
vn -0.623208 -0.739606 0.254155
v 0.537383 -0.357761 0.415600
vn 0.103646 -0.421931 0.900684
v 0.651475 -0.357752 0.506603
vn 0.311940 -0.751470 0.581366
v -0.004535 -0.357751 0.597283
vn -0.690823 -0.391917 0.607589
v -0.196388 -0.357757 0.540823
vn 0.526775 0.782465 0.332048
v 0.018997 0.492562 0.212006
vn 0.375044 0.388646 0.841603
v 0.301269 0.051708 0.402802
vn 0.754680 0.603412 -0.257588
v -0.332718 0.555988 -0.184442
vn -0.205396 -0.381013 0.901466
v -0.041739 -0.357761 0.645402
vn -0.242020 0.557222 0.794311
v -0.041396 -0.351240 0.642115
vn 0.028638 -0.245284 0.969028
v 0.062737 -0.120577 0.476942
vn -0.856005 -0.397636 -0.330367
v -0.145308 -0.331099 0.409215
vn -0.722480 -0.672171 -0.161892
v -0.153849 -0.357752 0.417781
vn -0.135437 -0.968102 -0.210796
v -0.164568 -0.357575 0.444836
vn 0.014971 0.933198 -0.359051
v 0.022891 0.299324 -0.275613
vn -0.938128 0.188558 0.290453
v -0.569910 0.235600 0.210599
vn 0.383558 -0.856192 -0.346148
v 0.765820 -0.357732 -0.285945
vn 0.401533 -0.764984 -0.503558
v 0.749039 -0.357733 -0.305994
vn 0.845661 0.522889 -0.106977
v 0.655132 0.152408 -0.246126
vn -0.228717 -0.955679 -0.185382
v -0.232064 -0.357750 -0.298809
vn -0.269959 0.068517 0.960431
v -0.304197 0.004448 0.457976
vn -0.458537 0.536551 -0.708418
v -0.416597 0.451142 -0.192178
vn 0.865584 -0.427435 0.260891
v 0.755553 -0.357750 -0.428830
vn 0.906653 -0.410930 -0.095485
v 0.762857 -0.357704 -0.484569
vn -0.055475 -0.870214 -0.489541
v 0.372052 -0.357722 -0.388168
vn -0.155101 -0.933291 -0.323899
v 0.381720 -0.357753 -0.391463
vn -0.413555 -0.904046 -0.108040
v 0.387262 -0.357602 -0.398269
vn -0.555816 -0.661873 -0.502984
v -0.549856 -0.290213 -0.077408
vn -0.598529 -0.682913 -0.418800
v -0.528827 -0.274615 -0.140798
vn -0.797634 0.177868 0.576319
v -0.566100 0.084941 0.269436
vn -0.979155 -0.134096 0.152560
v -0.549114 0.418590 0.049223
vn -0.837166 0.243135 0.489938
v -0.506120 0.366125 0.313937
vn 0.933370 0.255121 -0.252457
v 0.748090 -0.195431 -0.341790
vn 0.261986 -0.842150 0.471325
v -0.517143 -0.357768 -0.216507
vn 0.625817 0.635503 0.452204
v 0.610599 0.202102 0.183738
vn -0.624311 -0.634763 -0.455316
v 0.351901 -0.357271 -0.606484
vn 0.163298 -0.721855 -0.672502
v 0.405153 -0.357754 -0.635477
vn 0.535496 0.776819 -0.331355
v -0.088344 0.570793 -0.137489
vn -0.432099 -0.174914 0.884701
v -0.131468 -0.327329 0.517042
vn 0.829785 0.079453 0.552398
v 0.734878 0.074574 0.003570
vn 0.262073 -0.936236 0.234051
v 0.412054 -0.357586 0.304765
vn -0.561344 -0.800384 -0.210425
v -0.581267 -0.356687 0.032494
vn -0.932323 -0.314959 -0.177694
v -0.630138 -0.153243 -0.097294
vn 0.832264 0.292382 0.471009
v 0.689788 0.077471 0.164784
vn -0.562498 -0.552325 0.615251
v -0.422441 -0.296589 -0.252383
vn 0.365769 0.424330 -0.828346
v 0.703935 0.149667 -0.147834
vn -0.681052 -0.730859 0.044882
v 0.348559 -0.357763 -0.513934
vn 0.502113 -0.705526 -0.500116
v 0.546035 -0.357756 -0.675999
vn 0.196627 0.122448 0.972802
v -0.214817 0.336175 0.450866
vn 0.401245 0.747717 0.529076
v -0.208355 0.376546 0.439878
vn -0.835287 0.125732 -0.535245
v -0.632853 -0.090790 -0.087026
vn -0.788713 -0.047376 -0.612933
v -0.646991 -0.048712 -0.075737
vn -0.482469 -0.633492 0.604906
v -0.669177 -0.357766 -0.221575
vn -0.917838 -0.377650 -0.122288
v -0.794670 -0.357761 -0.343196
vn -0.476728 -0.693717 0.539896
v -0.741870 -0.357774 -0.312085
vn 0.175944 0.689984 -0.702115
v -0.317300 0.531134 -0.186794
vn 0.678568 -0.713242 0.175590
v 0.750372 -0.357767 0.431653
vn -0.159371 0.840700 -0.517518
v -0.390727 0.586166 0.003154
vn -0.554066 -0.721796 -0.414755
v 0.500527 -0.357756 -0.668591
vn -0.116520 -0.206726 -0.971436
v 0.517962 -0.358788 -0.720449
vn 0.019193 0.548284 0.836072
v -0.138210 0.570472 0.296952
vn 0.082480 0.214730 0.973184
v 0.195942 0.051089 0.392371
vn -0.007978 0.469106 0.883106
v 0.186991 0.002656 0.415053
vn -0.763542 -0.274546 -0.584489
v 0.313970 -0.318710 -0.560929
vn -0.385841 0.178767 0.905080
v -0.404368 -0.139752 0.441233
vn -0.385519 0.117216 0.915224
v -0.399778 -0.075514 0.428637
vn -0.496933 -0.382074 0.779151
v -0.127506 -0.357761 0.603396
vn 0.942671 0.308605 -0.127023
v 0.738639 -0.045374 -0.191269
vn -0.008405 -0.110604 0.993829
v 0.306961 -0.200198 0.418116
vn -0.135113 -0.922420 0.361782
v 0.219248 -0.357754 0.346277
vn 0.789994 -0.503666 0.349613
v 0.728181 -0.357744 -0.376732
vn 0.077534 -0.915093 0.395719
v 0.120120 -0.357674 0.339596
vn 0.752889 -0.655838 0.055080
v 0.125651 -0.357516 0.448133
vn 0.489905 -0.790992 0.366502
v 0.095523 -0.357707 0.477104
vn 0.700372 -0.690349 -0.181375
v -0.453611 -0.357723 -0.350617
vn 0.833228 -0.124788 -0.538664
v 0.345293 -0.326886 -0.413572
vn 0.105287 -0.254160 -0.961414
v -0.426778 0.644382 -0.302210
vn 0.060855 -0.128383 -0.989856
v -0.319166 0.053207 -0.364545
vn -0.628965 0.404166 -0.664118
v -0.448086 0.428277 -0.189281
vn 0.645717 -0.090524 0.758192
v -0.027808 0.450749 0.345151
vn 0.679936 0.437237 0.588652
v 0.603045 0.168770 0.228769
vn -0.376233 0.095224 0.921619
v -0.373554 0.134799 0.425080
vn 0.271310 0.734340 -0.622202
v -0.256150 0.605926 -0.021607
vn 0.218402 -0.375563 -0.900696
v -0.327005 -0.101001 -0.335385
vn 0.112774 0.167508 0.979399
v 0.407520 0.060516 0.357762
vn 0.184150 0.237301 0.953822
v 0.435968 -0.016781 0.362531
vn 0.364173 0.620657 0.694380
v 0.568553 0.191139 0.241374
vn 0.315413 0.913292 0.257704
v 0.175825 0.310419 0.171585
vn -0.905376 0.364857 0.217196
v -0.543151 0.339001 0.206879
vn -0.692098 0.639145 -0.335401
v -0.453127 0.537457 -0.105584
vn -0.237909 -0.058068 -0.969550
v -0.343147 0.204512 -0.324062
vn 0.214453 0.971734 -0.098710
v -0.172507 0.627150 0.200236
vn -0.336881 0.563746 0.754123
v -0.094070 -0.137180 0.467151
vn 0.159285 0.102511 -0.981896
v 0.251849 -0.032605 -0.497207
vn -0.969235 -0.043146 0.242327
v -0.588690 -0.115305 -0.194017
vn 0.600141 0.227459 0.766872
v -0.107266 0.267348 0.417026
vn 0.093920 0.239572 0.966325
v -0.096889 0.457540 0.340839
vn -0.600985 0.235318 -0.763834
v -0.491171 0.266475 -0.220928
vn 0.551814 -0.037368 -0.833129
v 0.003694 0.506921 -0.103937
vn -0.549736 -0.622193 0.557374
v 0.488610 -0.297377 0.396716
vn -0.241304 -0.475811 0.845799
v 0.438574 -0.260844 0.396019
vn -0.455958 0.373014 -0.808061
v -0.543419 -0.112845 -0.379567
vn 0.071714 0.863062 -0.499981
v -0.146008 0.632436 0.098255
vn -0.625549 -0.767932 0.137726
v 0.490253 -0.297925 0.372653
vn -0.864092 -0.453867 0.217601
v -0.613693 -0.295586 0.109938
vn -0.340921 0.016464 -0.939948
v -0.360897 0.244563 -0.338396
vn -0.944697 -0.310636 -0.105132
v -0.655781 -0.129780 -0.029276
vn 0.760649 0.111978 0.639432
v 0.722571 -0.068842 0.249366
vn -0.456086 -0.885338 -0.090341
v -0.178396 -0.358904 0.449925
vn 0.745178 -0.532908 0.400898
v 0.415575 -0.338725 0.330810
vn 0.518429 -0.428507 -0.740009
v 0.808858 -0.357757 0.115677
vn 0.846677 0.252273 -0.468505
v 0.672282 0.049604 -0.315921
vn -0.545915 -0.314377 -0.776623
v -0.330838 -0.317341 -0.264726
vn 0.119895 -0.068373 0.990429
v -0.097620 0.416499 0.344661
vn -0.889161 0.179444 0.420943
v -0.620436 0.244725 0.059039
vn -0.751625 0.639253 -0.162531
v -0.559700 0.481363 0.072120
vn 0.134520 -0.985336 0.104960
v 0.332348 -0.323164 -0.502292
vn -0.487937 -0.819097 0.301658
v 0.344988 -0.316715 -0.462716
vn 0.232580 0.587573 -0.775025
v -0.141537 0.597953 -0.042175
vn 0.192310 0.925567 -0.326102
v -0.110229 0.593700 -0.080984
vn -0.083637 0.996305 -0.019525
v -0.233004 0.606847 0.077796
vn 0.684310 -0.385452 0.618989
v 0.112499 -0.315033 0.518708
vn 0.537554 -0.699447 -0.470967
v -0.394004 -0.237432 -0.319910
vn 0.607830 -0.794044 0.005984
v -0.449270 -0.357703 -0.312961
vn 0.864835 0.492138 -0.099304
v 0.065117 0.489622 0.053194
vn 0.711295 0.151553 -0.686361
v -0.032824 0.376981 -0.261633
vn -0.107467 0.034072 -0.993625
v -0.187760 0.341611 -0.296798
vn 0.477949 0.660577 -0.578967
v 0.549515 0.190236 -0.339213
vn -0.157313 0.976549 -0.146986
v -0.344216 0.587222 0.157439
vn -0.835470 0.103646 0.539673
v -0.529870 0.434817 0.103056
vn -0.217189 0.837760 -0.500987
v -0.440418 0.590106 0.129620
vn 0.290672 0.268227 -0.918457
v 0.390514 0.127914 -0.420489
vn 0.485212 0.017737 -0.874217
v 0.659403 -0.126023 -0.422886
vn -0.984822 -0.138468 0.104654
v -0.639825 -0.024863 0.070586
vn -0.224625 0.252798 -0.941083
v -0.515922 -0.169010 -0.408371
vn 0.882253 0.337369 -0.328347
v 0.711148 -0.010916 -0.217326
vn 0.001815 -0.114658 0.993403
v -0.150977 -0.076263 0.501855
vn -0.900071 0.415215 -0.132167
v -0.496471 0.432409 0.204647
vn 0.845852 0.296393 -0.443493
v 0.693412 0.047549 -0.201815
vn -0.705334 0.703509 0.087062
v -0.495224 0.403788 0.296650
vn -0.834231 0.527421 -0.160890
v -0.490703 0.400988 0.289978
vn 0.446100 0.890652 0.087943
v -0.028996 0.565423 0.146250
vn -0.604421 -0.148046 -0.782788
v -0.167419 -0.050974 -0.420976
vn -0.511960 0.028308 -0.858543
v -0.101217 -0.106498 -0.471421
vn 0.195900 0.554141 -0.809043
v 0.326061 0.175493 -0.426028
vn -0.039099 0.719925 0.692949
v -0.516829 0.517557 0.100198
vn -0.991984 0.088188 0.090504
v -0.468519 0.523383 0.120685
vn 0.856564 -0.510602 0.074723
v 0.798579 -0.357618 -0.233324
vn 0.778053 -0.588089 -0.220872
v 0.793554 -0.357193 -0.259708
vn -0.162477 -0.187289 0.968774
v 0.185182 -0.129333 0.470816
vn 0.108934 0.004992 -0.994036
v 0.602026 -0.085011 -0.445494
vn 0.286029 -0.058733 0.956419
v -0.061194 0.403949 0.330089
vn 0.172069 0.803371 0.570077
v 0.413470 0.236138 0.250504
vn 0.114756 -0.907556 0.403948
v -0.466237 -0.328768 -0.227469
vn 0.350509 -0.147428 0.924883
v -0.516151 -0.326253 -0.208684
vn -0.986446 0.155034 -0.053745
v -0.657832 0.049115 -0.029512
vn 0.362042 0.835603 -0.413150
v -0.114759 0.587135 0.158610
vn 0.190328 0.734446 -0.651432
v 0.450141 0.265707 -0.285271
vn -0.916187 -0.191326 0.352130
v -0.619572 -0.064001 0.216175
vn -0.191324 -0.543102 -0.817579
v -0.013057 -0.299877 -0.462990
vn 0.128091 0.052659 0.990363
v -0.176313 0.146512 0.445818
vn -0.024141 0.051462 0.998383
v -0.245111 0.144808 0.449278
vn -0.232737 -0.091109 0.968263
v -0.235381 -0.056150 0.491660
vn -0.770820 -0.022203 -0.636666
v -0.634291 0.124501 -0.082912
vn 0.175158 0.557780 0.811296
v 0.433521 0.163467 0.327787
vn -0.426753 -0.439328 0.790489
v -0.486670 -0.285480 -0.213594
vn -0.258906 0.047127 -0.964752
v 0.275974 -0.131363 -0.487707
vn -0.013872 0.902937 -0.429549
v 0.153078 0.351592 -0.184081
vn -0.282347 0.497547 -0.820199
v -0.143897 0.052635 -0.421264
vn 0.609150 0.737427 0.291785
v -0.217407 0.561687 0.280093
vn -0.073938 0.797352 -0.598968
v -0.382964 0.604062 0.106577
vn -0.293498 0.355591 0.887363
v -0.270804 0.502360 0.319570
vn -0.031606 0.468796 0.882741
v -0.239702 0.445040 0.356242
vn 0.774532 0.464086 0.429795
v -0.057739 0.548620 0.275783
vn 0.231994 0.021107 -0.972488
v 0.476405 -0.015025 -0.464034
vn 0.762016 -0.642839 -0.078036
v 0.113537 -0.307104 0.427633
vn 0.113379 -0.476686 0.871731
v 0.143840 -0.292441 0.466954
vn -0.965251 0.005248 0.261273
v -0.630009 0.134585 -0.007619
vn 0.083058 0.228766 -0.969932
v 0.015541 0.364996 -0.190711
vn -0.892194 0.290466 0.345859
v -0.582283 0.284245 0.091643
vn -0.893785 0.364551 0.261248
v -0.565532 0.366558 0.059211
vn -0.259558 -0.379688 -0.887956
v -0.332875 -0.221242 -0.299370
vn 0.397903 0.100464 -0.911910
v 0.628878 -0.161290 -0.417158
vn 0.145423 0.260476 0.954465
v -0.128149 0.096233 0.444182
vn 0.169461 -0.090070 -0.981412
v -0.327189 0.026281 -0.352621
vn 0.277560 0.125262 0.952507
v -0.119245 0.154158 0.432944
vn 0.305700 -0.549799 0.777347
v 0.441923 -0.334388 0.303658
vn -0.607961 -0.627208 -0.486820
v -0.578197 -0.269121 -0.095932
vn -0.917538 -0.073052 -0.390880
v -0.647967 0.096590 -0.057849
vn -0.617298 -0.387962 0.684419
v -0.497197 -0.213247 0.381180
vn -0.017965 0.197828 0.980072
v 0.501570 -0.010103 0.362311
vn -0.725406 0.088730 0.682578
v -0.529629 -0.039582 0.326225
vn -0.704235 0.195362 0.682559
v -0.555840 -0.099940 0.323970
vn -0.020283 0.171919 -0.984902
v 0.580980 -0.030121 -0.439463
vn 0.078564 0.951157 0.298543
v 0.370851 0.307523 0.128369
vn 0.029507 0.840278 -0.541352
v -0.223707 0.556085 -0.201110
vn -0.235355 -0.127107 0.963562
v -0.093808 0.444192 0.363057
vn -0.232882 -0.065632 -0.970288
v -0.066965 -0.142490 -0.484413
vn -0.095880 0.579167 -0.809551
v 0.111929 0.199126 -0.428229
vn -0.950119 0.236781 0.202998
v -0.594241 0.215204 0.135723
vn -0.084503 0.855570 -0.510743
v 0.174601 0.288555 -0.324688
vn 0.081975 0.299543 0.950555
v 0.391918 0.133003 0.344142
vn -0.614563 0.784929 -0.078740
v -0.449208 0.556707 -0.014617
vn -0.228975 -0.374721 0.898418
v -0.185593 -0.160746 0.458058
vn -0.557329 0.058659 0.828217
v -0.445859 -0.052435 0.402573
vn 0.923265 0.346506 -0.165878
v 0.097616 0.449842 0.014577
vn -0.715032 0.252225 -0.652006
v -0.227870 0.023343 -0.384565
vn -0.548447 0.318423 -0.773183
v -0.448584 0.303823 -0.239898
vn 0.734067 0.635382 0.239656
v 0.072729 0.353197 -0.188827
vn -0.980525 0.187958 0.056935
v -0.640121 0.075143 0.021018
vn -0.282699 0.661506 -0.694616
v -0.243244 0.548738 -0.205554
vn -0.007329 0.775221 0.631648
v -0.190548 0.554115 0.283453
vn -0.734102 0.336658 -0.589709
v -0.502341 0.376611 -0.158985
vn -0.759956 0.479030 0.439315
v -0.693802 -0.276039 -0.264306
vn -0.846371 0.298900 0.440812
v -0.592720 0.106210 0.204641
vn 0.404373 0.907894 -0.110501
v -0.146035 0.609104 -0.056453
vn -0.873824 0.199269 -0.443535
v -0.523390 0.022634 -0.230287
vn 0.172579 0.687142 -0.705728
v 0.557629 -0.328163 -0.651407
vn 0.152583 0.705871 -0.691711
v 0.513446 -0.240505 -0.579677
vn 0.472703 0.709329 -0.522881
v 0.623618 -0.334650 -0.627686
vn -0.529699 -0.788999 0.311287
v -0.560448 -0.357758 0.129147
vn 0.677135 -0.521021 -0.519640
v 0.123551 0.599664 0.152997
vn -0.689451 -0.376502 0.618792
v -0.567178 -0.208872 0.326638
vn 0.742691 -0.339284 -0.577319
v -0.363859 -0.133665 -0.334958
vn -0.169273 0.821023 0.545223
v -0.362506 0.418703 0.415993
vn -0.054378 0.949433 0.309225
v -0.253429 0.618879 0.227378
vn -0.969944 0.235993 -0.059304
v -0.624414 0.259297 0.019319
vn -0.180434 0.983409 -0.018702
v -0.288516 0.624298 -0.027027
vn 0.062605 0.743023 0.666332
v 0.387940 0.197253 0.303631
vn -0.607089 0.789549 -0.089746
v -0.273579 0.594302 0.191209
vn 0.197056 0.463418 0.863952
v 0.232016 0.154920 0.374948
vn 0.143686 0.316339 0.937702
v 0.265405 0.093682 0.388764
vn -0.439606 0.889435 0.125111
v 0.020478 0.586547 0.159003
vn 0.541214 -0.418795 0.729176
v 0.388577 -0.346397 0.387411
vn -0.121219 0.653257 0.747369
v -0.461993 0.447250 0.243257
vn -0.428407 0.632227 -0.645567
v 0.371261 -0.335772 -0.611088
vn -0.483197 0.314441 -0.817097
v 0.343996 -0.317537 -0.587928
vn 0.566515 0.818372 0.096583
v -0.011143 0.584619 0.004163
vn 0.400364 0.839077 -0.368318
v -0.036413 0.594437 -0.009415
vn 0.513404 0.813988 0.271736
v 0.600811 0.241295 0.115854
vn 0.143639 -0.112830 0.983177
v 0.005206 -0.110155 0.467940
vn 0.165377 0.184829 -0.968756
v -0.124863 0.226391 -0.332538
vn 0.408823 -0.837226 -0.363204
v 0.349122 -0.357758 -0.398090
vn 0.017895 0.095228 0.995295
v -0.266942 0.347747 0.459496
vn 0.337512 0.055937 -0.939658
v 0.341915 0.056662 -0.436402
vn 0.303101 0.820716 0.484310
v 0.524797 0.251700 0.157137
vn 0.761847 0.347026 0.546957
v 0.627942 0.033372 0.278367
vn -0.887370 0.457028 -0.060823
v -0.575302 0.504852 0.057427
vn -0.215457 0.874600 0.434342
v -0.262010 0.622658 0.157333
vn -0.147063 0.505427 -0.850245
v 0.091553 0.619027 0.150090
vn -0.210309 0.274718 -0.938243
v 0.067553 0.101776 -0.489057
vn 0.578947 0.565397 -0.587492
v 0.643625 0.199423 -0.154892
vn 0.034839 -0.498988 0.865909
v 0.339904 -0.204665 0.420020
vn 0.359240 0.930008 -0.077668
v 0.524579 0.316898 -0.071208
vn -0.504389 0.372576 0.778960
v -0.699580 -0.314349 -0.251401
vn -0.144777 -0.605769 0.782358
v -0.514370 -0.258407 -0.203270
vn -0.919310 -0.206439 -0.335040
v -0.656330 -0.103539 -0.058908
vn -0.447960 -0.886532 0.115726
v -0.149153 -0.322639 0.399587
vn -0.072032 0.008220 0.997368
v 0.492933 -0.251512 0.400927
vn 0.071629 0.926575 0.369226
v 0.281786 0.320972 0.116514
vn 0.340344 0.545423 -0.765951
v 0.721151 0.191111 -0.120948
vn -0.699330 0.382518 -0.603836
v -0.453939 0.493735 -0.156163
vn 0.122356 0.822802 -0.555000
v -0.156420 0.534033 -0.198144
vn 0.104211 0.747994 0.655474
v -0.286225 0.398904 0.447231
vn -0.050626 -0.617482 -0.784954
v -0.361542 -0.329848 -0.245185
vn 0.420505 0.059775 -0.905319
v 0.312602 0.023730 -0.447684
vn 0.323821 -0.652987 -0.684651
v -0.517870 -0.357711 -0.462359
vn 0.609499 0.755177 -0.241287
v 0.787400 0.182796 -0.096586
vn 0.736486 -0.570927 -0.362809
v -0.414394 -0.282508 -0.313535
vn -0.375312 -0.545323 -0.749509
v -0.307002 -0.253763 -0.332049
vn -0.102699 0.533278 0.839683
v -0.124278 0.507470 0.298457
vn 0.922897 0.258756 0.285144
v -0.007957 0.474563 0.311595
vn 0.095879 -0.064408 0.993307
v 0.319162 -0.310877 0.407515
vn 0.248882 -0.409709 0.877608
v 0.336807 -0.229202 0.376270
vn -0.232378 -0.822067 0.519813
v 0.017768 -0.357680 0.595992
vn -0.519300 -0.555965 -0.649023
v -0.417185 -0.315623 -0.226358
vn 0.023617 -0.745073 0.666565
v 0.132925 -0.332935 0.358875
vn -0.040857 -0.768068 0.639063
v 0.199943 -0.316223 0.375754
vn 0.590588 -0.046298 0.805644
v -0.030089 0.415936 0.323016
vn -0.410352 -0.753324 -0.513921
v -0.407619 -0.337629 -0.211106
vn -0.542073 0.839931 -0.025959
v -0.275499 0.620771 0.208297
vn 0.342171 -0.246952 0.906606
v 0.277413 -0.247775 0.416114
vn 0.136560 0.988057 0.071373
v -0.156455 0.636760 0.117936
vn -0.327135 0.618974 -0.714041
v -0.459996 0.065369 -0.310158
vn 0.975244 0.221041 -0.006355
v 0.768390 -0.153537 0.035707
vn -0.935889 0.306737 0.173272
v -0.610298 0.176958 0.103179
vn -0.941280 0.204923 0.268327
v -0.603813 0.202309 0.090030
vn -0.942192 -0.110617 0.316287
v 0.543572 -0.328799 0.422002
vn 0.981052 0.180213 0.071139
v 0.744420 -0.079175 -0.009208
vn 0.561665 -0.455687 0.690566
v 0.436476 -0.299531 0.329922
vn -0.109732 0.917734 0.381738
v -0.329026 0.628666 0.074345
vn 0.408574 0.185527 -0.893670
v 0.355501 0.124495 -0.438288
vn -0.588646 0.198974 0.783521
v -0.597452 -0.231071 -0.202419
vn 0.930366 -0.204934 -0.304008
v 0.746787 -0.029783 -0.133728
vn -0.901482 -0.014882 0.432561
v -0.582061 -0.172009 0.310780
vn 0.614752 0.451836 0.646471
v 0.801911 0.148642 -0.054515
vn -0.318013 0.136053 0.938274
v -0.321462 -0.099984 0.460624
vn -0.324888 0.041458 0.944843
v -0.322240 -0.038811 0.451343
vn 0.901664 0.428718 -0.056593
v 0.844971 0.119062 -0.086261
vn 0.693378 0.415718 -0.588562
v 0.076987 0.402023 -0.151938
vn 0.588381 0.200249 0.783395
v 0.743349 0.128168 -0.013658
vn -0.568013 0.476907 0.670762
v -0.501104 0.480464 0.115560
vn -0.720372 -0.690034 -0.070127
v -0.566054 -0.111885 -0.168762
vn 0.551757 0.792446 0.259990
v 0.627010 0.254504 -0.023997
vn 0.758706 -0.634325 -0.148313
v -0.414626 -0.251615 -0.340729
vn -0.232575 0.911814 -0.338385
v -0.405473 0.577753 0.138406
vn 0.418355 -0.355790 0.835699
v -0.185324 -0.317601 0.448444
vn -0.379044 0.882804 -0.277457
v -0.447645 0.558783 0.119230
vn 0.858181 -0.136086 0.494981
v 0.771134 -0.200319 0.130531
vn 0.917428 0.014181 0.397650
v 0.761828 -0.257612 0.125812
vn 0.223331 0.215581 0.950604
v 0.506077 -0.148201 0.402441
vn -0.890453 -0.260772 -0.372950
v -0.619048 -0.188078 -0.097803
vn 0.151276 0.259023 0.953951
v -0.012397 -0.018435 0.466604
vn -0.085205 0.314353 0.945475
v -0.007544 0.058145 0.440058
vn 0.696542 0.495793 0.518670
v -0.009112 0.473367 0.270707
vn -0.003788 0.369122 0.929373
v -0.238708 0.489601 0.330641
vn -0.352027 0.413546 -0.839677
v -0.561976 -0.199953 -0.399163
vn 0.955530 0.285976 0.071967
v 0.717088 -0.015091 0.117049
vn 0.145309 0.913341 -0.380386
v 0.102200 0.338031 -0.194812
vn -0.025546 0.656198 -0.754156
v 0.100407 0.369667 -0.146803
vn -0.197011 -0.351440 0.915247
v -0.348417 -0.210759 0.466742
vn -0.983621 -0.138429 0.115439
v -0.579592 -0.216376 0.267322
vn 0.380530 0.722463 0.577272
v -0.065814 0.530160 0.289148
vn 0.372531 0.099986 0.922618
v 0.014719 0.215910 0.391730
vn -0.411992 0.126951 -0.902301
v -0.236475 0.078515 -0.374370
vn -0.552570 0.729529 0.403055
v -0.489836 0.525845 0.080308
vn -0.322979 -0.632653 0.703872
v -0.169337 -0.190849 0.450422
vn -0.290221 -0.738284 0.608859
v -0.408380 -0.228726 0.401162
vn 0.655575 -0.428824 -0.621555
v 0.838931 -0.357767 0.144254
vn 0.970210 0.113674 0.213943
v 0.786293 -0.208071 0.100881
vn -0.866713 -0.466001 0.177909
v -0.184141 -0.353137 0.467834
vn -0.797088 0.296475 -0.526074
v -0.533854 0.295859 -0.170144
vn 0.837529 0.025482 -0.545798
v 0.765467 -0.281748 -0.311723
vn 0.110401 0.896292 -0.429501
v 0.274467 0.323634 -0.280680
vn -0.875299 -0.482274 0.035538
v -0.591740 -0.335742 0.058046
vn 0.015675 0.974928 -0.221969
v -0.368773 0.610712 0.136351
vn 0.274015 -0.708324 -0.650532
v 0.298337 -0.357723 -0.492772
vn 0.568798 -0.610747 -0.550869
v 0.312199 -0.357796 -0.486352
vn -0.075294 -0.783307 -0.617059
v 0.252935 -0.357761 -0.499971
vn 0.607676 0.656102 -0.447504
v 0.630200 0.167532 -0.280702
vn 0.523919 0.022623 -0.851468
v -0.098976 0.312577 -0.312461
vn 0.661419 -0.056566 -0.747881
v -0.391413 -0.193056 -0.383127
vn 0.120962 -0.749599 -0.650745
v 0.273974 -0.357715 -0.499658
vn -0.656843 -0.661306 -0.362260
v 0.370587 -0.311429 -0.408672
vn -0.217113 -0.922214 0.319974
v -0.473488 -0.357583 0.267084
vn -0.307526 -0.933420 0.184810
v -0.455270 -0.357019 0.293611
vn -0.251980 0.692866 -0.675605
v -0.467830 0.042354 -0.342334
vn -0.783424 0.430250 -0.448478
v -0.628637 -0.170806 -0.343820
vn -0.712696 0.574613 -0.402348
v -0.647823 -0.223584 -0.361068
vn -0.853345 0.374692 0.362504
v -0.154209 -0.247468 0.481754
vn 0.388783 0.915361 0.104699
v 0.127712 0.678873 0.172961
vn 0.427874 -0.463457 0.775971
v 0.223417 -0.264044 0.455895
vn -0.375595 -0.504373 -0.777520
v -0.270417 -0.217995 -0.360440
vn 0.500577 -0.067531 0.863054
v 0.288754 -0.061536 0.409085
vn 0.950531 0.308434 -0.036866
v 0.766169 -0.309565 0.121991
vn -0.180358 0.268878 0.946137
v 0.086747 0.617620 0.182800
vn 0.231634 0.966886 0.107134
v -0.090430 0.594787 0.074743
vn -0.018233 0.897180 -0.441288
v 0.080842 0.301181 -0.276312
vn -0.872984 0.286759 -0.394548
v -0.591447 0.308895 -0.049609
vn 0.710562 0.641084 0.290023
v -0.008291 0.515630 0.215283
vn -0.069112 0.877484 -0.474599
v -0.384102 0.585000 -0.075055
vn 0.161537 0.833745 -0.527991
v -0.397782 0.042788 -0.357492
vn -0.795951 -0.084297 -0.599463
v -0.621166 0.092150 -0.074874
vn 0.001283 0.243875 -0.969806
v 0.141468 0.079938 -0.501017
vn 0.046679 0.990285 -0.130984
v 0.018648 0.570938 0.120778
vn -0.826339 0.065201 -0.559386
v -0.639950 0.004879 -0.092322
vn 0.453577 0.883705 -0.115470
v 0.595905 0.280377 -0.076618
vn 0.258859 0.267514 0.928132
v 0.124120 -0.181222 0.435578
vn -0.102534 0.753175 -0.649780
v -0.293040 0.601423 0.039254
vn -0.119745 0.042916 -0.991877
v -0.019797 -0.177211 -0.489548
vn 0.736390 -0.602084 0.308585
v 0.093611 -0.319594 0.369440
vn 0.163187 -0.735152 0.657968
v -0.552127 -0.357743 -0.200736
vn 0.002137 -0.113667 0.993517
v 0.184476 -0.250613 0.464811
vn -0.451216 -0.483105 0.750342
v -0.437525 -0.272808 0.360893
vn -0.012526 0.142108 -0.989772
v 0.091466 -0.123131 -0.505926
vn 0.709370 -0.671709 0.213542
v -0.453910 -0.347341 -0.279023
vn -0.389904 -0.408050 0.825512
v -0.414369 -0.209337 0.443685
vn 0.242839 0.545607 -0.802086
v 0.504904 0.170177 -0.380634
vn -0.886315 0.463074 0.002892
v -0.649853 -0.212028 -0.299539
vn 0.160929 0.658983 0.734741
v 0.138268 0.240847 0.338917
vn 0.707994 -0.455590 -0.539613
v 0.713724 -0.233177 -0.346518
vn 0.845404 0.010571 -0.534022
v 0.720672 -0.324707 -0.332577
vn 0.445924 0.670995 -0.592384
v -0.092616 0.496415 -0.204772
vn 0.591510 0.680704 0.432155
v -0.020254 0.569354 0.231352
vn 0.930944 0.336206 -0.142511
v 0.732392 -0.172242 -0.294424
vn 0.901855 0.145901 -0.406659
v 0.747123 -0.151708 -0.252827
vn 0.200604 -0.066413 0.977419
v 0.219121 -0.187073 0.468057
vn -0.082873 0.950430 -0.299692
v -0.434024 0.709034 -0.300404
vn -0.028130 -0.442217 -0.896467
v 0.070804 -0.301243 -0.462261
vn 0.968610 0.206317 0.138662
v 0.703948 0.046488 0.140670
vn -0.714577 0.509633 0.479222
v -0.453775 0.492904 0.209255
vn 0.144715 0.136677 0.979988
v 0.551903 -0.207738 0.398724
vn -0.511097 0.298762 -0.805929
v -0.052288 0.120570 -0.423409
vn -0.407944 0.261182 -0.874852
v 0.005842 0.116856 -0.460339
vn -0.639944 -0.283185 -0.714338
v -0.441138 0.644597 -0.296176
vn 0.693484 0.186493 0.695916
v 0.427865 -0.105992 0.412990
vn 0.321605 0.944118 -0.072190
v 0.309630 0.369071 -0.028303
vn -0.561724 -0.332134 -0.757729
v -0.138609 -0.230217 -0.449190
vn 0.047723 -0.939168 0.340126
v 0.138179 -0.313198 0.396944
vn 0.881423 0.443249 0.163170
v 0.687072 0.151887 0.068245
vn 0.747057 0.339414 -0.571580
v 0.709692 -0.199828 -0.372227
vn 0.137332 0.961775 -0.236915
v 0.449934 0.328685 -0.160009
vn -0.612653 -0.133691 -0.778963
v -0.182179 -0.210579 -0.407382
vn -0.599680 -0.246587 -0.761301
v -0.226297 -0.249019 -0.377637
vn -0.468984 0.877424 -0.100902
v -0.412457 0.559154 -0.124072
vn -0.264803 0.902045 -0.340873
v -0.412846 0.567550 -0.105625
vn -0.046326 0.991769 -0.119369
v -0.247436 0.610879 0.090214
vn 0.592895 -0.187188 -0.783222
v -0.385840 0.597418 -0.270747
vn -0.387130 0.921456 0.032396
v -0.276840 0.630279 0.139591
vn 0.792444 0.309115 -0.525815
v 0.657795 -0.051038 -0.394508
vn -0.072022 -0.021240 0.997177
v 0.018213 -0.090920 0.482354
vn 0.054881 0.374421 0.925633
v 0.583990 -0.271548 0.406358
vn 0.231368 0.218649 -0.947978
v 0.374040 -0.057429 -0.450090
vn 0.960710 0.257865 0.102678
v 0.738639 -0.036263 0.050794
vn 0.507804 0.235308 -0.828713
v 0.626034 -0.044597 -0.434690
vn -0.119602 -0.032408 -0.992293
v -0.315908 0.475141 -0.253475
vn 0.183387 0.971964 0.147158
v -0.240366 0.600814 0.202760
vn 0.254446 0.239872 -0.936866
v 0.167836 -0.179012 -0.506866
vn 0.509992 -0.498254 0.701178
v 0.798729 0.057655 -0.059310
vn 0.292091 0.914363 -0.280396
v -0.312117 0.598657 0.113275
vn 0.387790 0.680303 -0.621938
v 0.341928 0.230762 -0.353529
vn 0.069163 0.899989 -0.430391
v -0.263329 0.583018 -0.147565
vn 0.540745 0.531989 -0.651600
v -0.030309 0.317085 -0.253880
vn 0.238187 0.956699 -0.167312
v -0.341563 0.569208 -0.154119
vn -0.048548 0.170530 0.984156
v 0.065952 -0.086228 0.489037
vn 0.966334 -0.244038 0.081509
v 0.796533 -0.332548 0.063046
vn 0.909638 0.247304 0.333765
v 0.712313 0.094509 0.038897
vn 0.243768 -0.384144 0.890512
v -0.065494 0.432360 0.357456
vn -0.501970 0.113806 0.857364
v -0.428449 0.076259 0.407322
vn 0.649446 0.193562 0.735360
v 0.614204 -0.039368 0.324416
vn -0.038379 0.917987 0.394750
v -0.224435 0.615316 0.236957
vn -0.569548 -0.328121 -0.753626
v -0.254751 -0.240423 -0.322593
vn 0.452967 0.719581 -0.526331
v -0.057800 0.497545 -0.200630
vn 0.415346 -0.502524 0.758260
v -0.243925 -0.169927 0.490626
vn -0.585131 0.072455 -0.807696
v -0.396323 0.470926 -0.189426
vn -0.901290 -0.424444 0.086737
v -0.638327 0.033937 0.113365
vn -0.899525 0.436748 -0.010266
v -0.630054 -0.141803 -0.295131
vn -0.057459 0.151864 -0.986730
v -0.288524 0.468159 -0.240960
vn 0.119312 0.308134 0.943832
v 0.487033 -0.088493 0.376571
vn -0.486498 0.851805 -0.194290
v -0.494399 0.519607 0.009821
vn -0.695709 0.600197 0.394655
v -0.565725 0.508781 0.079440
vn -0.394459 -0.535436 0.746801
v -0.462388 -0.336142 0.334297
vn -0.434606 0.518490 0.736401
v -0.052538 -0.321211 0.567811
vn -0.695329 -0.156206 -0.701510
v -0.620826 -0.031685 -0.097575
vn -0.060918 0.227672 -0.971830
v -0.183935 0.269387 -0.319165
vn -0.704963 -0.177487 0.686677
v 0.475082 -0.310536 0.321920
vn -0.751834 0.411858 -0.514897
v -0.524527 0.493740 -0.011169
vn -0.965188 -0.090947 0.245238
v -0.638971 0.004370 0.102482
vn -0.567948 0.009279 0.823012
v -0.441270 0.229192 0.385589
vn -0.866807 0.093197 0.489857
v -0.558868 -0.186184 -0.186169
vn -0.667489 0.013266 0.744501
v -0.566681 0.477190 0.098336
vn -0.982908 0.127853 -0.132459
v -0.480565 0.545910 0.122534
vn 0.941247 0.260183 0.215310
v 0.099158 0.416104 0.120502
vn 0.894632 0.313478 0.318379
v 0.083875 0.413673 0.169556
vn -0.861569 0.376285 0.340748
v -0.470992 0.505700 0.159706
vn 0.907753 0.303820 0.289272
v 0.695336 0.110688 0.133497
vn -0.808818 0.577350 -0.111715
v -0.475331 0.563773 0.132563
vn 0.023842 -0.025424 -0.999392
v 0.128250 -0.060883 -0.490321
vn 0.730153 0.323408 0.601901
v 0.041999 0.346596 0.288434
vn -0.328072 0.417683 -0.847296
v 0.423497 -0.292526 -0.600779
vn 0.421839 0.683878 -0.595284
v -0.262866 0.625145 -0.029215
vn -0.876503 -0.476342 -0.069573
v -0.617714 -0.289544 0.017801
vn -0.246209 0.519391 -0.818299
v -0.242280 0.465902 -0.273367
vn -0.928751 -0.367602 -0.047851
v -0.627834 0.031429 0.175281
vn -0.163589 0.389475 -0.906393
v -0.306248 0.287687 -0.312721
vn -0.094904 -0.015114 -0.995372
v -0.313952 0.219961 -0.334910
vn 0.538158 0.245377 0.806335
v 0.414332 -0.098050 0.437735
vn 0.347294 0.707000 -0.616066
v -0.028644 0.562683 -0.023707
vn 0.054760 0.306231 -0.950381
v -0.259833 0.288542 -0.325377
vn -0.892428 -0.280337 -0.353531
v -0.606818 0.047823 -0.161340
vn -0.987933 -0.028576 -0.152222
v -0.610990 0.067831 -0.126119
vn 0.773729 0.583444 -0.246853
v 0.075881 0.461499 -0.082081
vn 0.153884 0.778190 0.608885
v 0.354870 0.272199 0.220167
vn -0.421439 0.469934 -0.775597
v -0.099806 0.102323 -0.400428
vn -0.754543 0.218790 -0.618705
v -0.541006 0.226873 -0.195689
vn -0.592377 -0.037564 -0.804784
v -0.565744 0.051672 -0.212082
vn -0.291938 0.943426 -0.157221
v -0.527485 0.534272 0.043967
vn 0.978800 0.199261 -0.047384
v 0.787293 -0.276045 -0.081298
vn 0.297735 0.526668 -0.796225
v -0.151779 0.494787 -0.251086
vn -0.299873 0.360219 0.883356
v -0.047058 -0.102858 0.490298
vn -0.783928 0.582579 -0.214613
v -0.692318 -0.267988 -0.345442
vn 0.025951 0.664294 -0.747021
v -0.420207 0.041973 -0.302621
vn 0.262802 0.751721 0.604855
v 0.216785 0.199867 0.340300
vn 0.103784 0.581583 -0.806840
v 0.236738 0.176052 -0.415201
vn 0.118104 0.538225 -0.834485
v 0.193942 0.126548 -0.472253
vn -0.972317 -0.048816 0.228508
v -0.639687 0.046290 0.176582
vn -0.785467 0.470679 0.401875
v -0.615969 0.068322 0.203684
vn 0.090224 0.508895 0.856088
v 0.019088 0.137445 0.383479
vn 0.811670 0.584112 -0.002154
v 0.766338 -0.215267 0.218709
vn 0.432040 0.901184 0.034766
v -0.048915 0.600627 0.166731
vn -0.938279 -0.296840 -0.177535
v -0.579153 0.453474 0.052692
vn 0.525387 0.626606 -0.575616
v 0.649051 -0.309653 -0.577468
vn -0.689777 -0.699335 -0.187455
v -0.607795 -0.276294 -0.014087
vn -0.829492 0.249921 -0.499482
v -0.597757 0.192248 -0.110847
vn -0.874806 0.221839 -0.430700
v -0.560735 0.216922 -0.147423
vn -0.358428 0.524338 -0.772398
v -0.613405 -0.257910 -0.423035
vn -0.832627 -0.548818 0.074367
v -0.572732 -0.334288 0.182743
vn -0.293427 0.152694 0.943708
v -0.533971 0.484357 0.114190
vn 0.483258 0.752406 0.447601
v -0.219938 0.584147 0.296345
vn -0.417483 0.583921 -0.696236
v -0.038319 0.232757 -0.366621
vn -0.983291 -0.037503 0.178137
v -0.640942 -0.092272 0.017342
vn -0.025315 -0.311250 -0.949991
v 0.196451 -0.074737 -0.482874
vn 0.112894 -0.389633 0.914025
v -0.277103 -0.312224 0.423796
vn 0.071359 0.194974 0.978209
v 0.050101 0.017513 0.402038
vn -0.786646 -0.053026 -0.615123
v -0.607607 0.003195 -0.123356
vn -0.234990 0.552641 0.799605
v -0.285890 0.552522 0.297479
vn 0.338219 0.833733 0.436459
v -0.085259 0.576817 0.271204
vn 0.440819 -0.467691 0.766123
v -0.259957 -0.212654 0.444656
vn -0.933274 0.176547 0.312780
v -0.715996 -0.316789 -0.296658
vn -0.564449 0.426914 -0.706500
v -0.079527 0.159002 -0.387211
vn 0.697527 0.195065 -0.689496
v 0.700891 -0.214690 -0.412485
vn -0.185602 -0.766503 0.614838
v -0.322645 -0.345468 0.395148
vn 0.703752 0.697471 0.135161
v 0.643292 0.214390 0.098059
vn -0.087876 0.335575 0.937906
v 0.329971 -0.064268 0.411170
vn -0.914004 0.171784 -0.367543
v -0.605762 0.282237 -0.037063
vn 0.617573 0.144146 0.773192
v 0.110266 -0.221250 0.440193
vn -0.023688 0.211665 -0.977055
v -0.468916 -0.131756 -0.408597
vn -0.790346 0.493203 -0.363462
v -0.543385 -0.027208 -0.305668
vn -0.874122 0.483484 -0.046404
v -0.542455 -0.012802 -0.266140
vn -0.338548 -0.165214 -0.926331
v -0.380326 0.230469 -0.308298
vn 0.325113 0.689112 -0.647631
v -0.240330 0.632700 0.160217
vn 0.126171 0.793751 0.595012
v 0.228961 0.265113 0.233187
vn 0.104310 0.711172 0.695236
v 0.281546 0.242561 0.254414
vn 0.587494 0.748439 -0.307718
v 0.005424 0.532528 -0.043068
vn -0.902619 -0.137382 -0.407929
v -0.602180 0.036626 -0.130767
vn -0.283229 -0.958930 -0.015329
v -0.568471 -0.357761 0.064692
vn -0.445805 0.808004 0.385211
v -0.361651 0.566061 0.222264
vn -0.014696 -0.999686 -0.020299
v -0.430663 -0.273031 -0.239668
vn 0.475211 0.085376 -0.875720
v -0.408821 -0.144031 -0.396875
vn -0.948744 -0.315292 -0.021820
v -0.604646 -0.253484 0.060537
vn -0.994198 -0.099346 -0.041233
v -0.449027 0.593322 -0.249717
vn 0.312411 -0.049092 0.948678
v 0.545089 -0.069407 0.388411
vn 0.823567 -0.387664 -0.414071
v -0.430313 -0.277191 -0.388584
vn 0.177132 -0.240441 0.954365
v -0.265819 -0.270964 0.431349
vn -0.261148 -0.164316 0.951211
v -0.212912 -0.294364 0.446597
vn 0.207321 0.326388 0.922220
v -0.080036 0.066753 0.449594
vn -0.872629 -0.192440 0.448872
v -0.560433 -0.145221 -0.183440
vn -0.171224 -0.142678 -0.974846
v 0.101735 -0.183115 -0.512180
vn 0.155935 0.589193 0.792803
v -0.197445 0.546535 0.310957
vn -0.232170 0.380389 -0.895210
v -0.310696 0.328167 -0.295133
vn 0.179066 0.865905 0.467058
v -0.053513 0.594680 0.186019
vn -0.461795 -0.456100 0.760735
v -0.144324 -0.200704 0.479302
vn 0.615484 -0.206108 0.760723
v 0.259229 -0.226903 0.435445
vn 0.689574 0.674366 -0.264041
v 0.085199 0.489682 0.070691
vn 0.776391 0.623555 0.091629
v 0.072664 0.482696 0.113888
vn -0.015389 -0.157367 -0.987420
v 0.206217 -0.110184 -0.467796
vn -0.207902 -0.957868 0.198156
v -0.402256 -0.357720 0.326457
vn 0.571708 0.172183 -0.802187
v -0.018615 0.515818 -0.169727
vn -0.361628 0.314353 0.877729
v -0.056519 -0.286221 0.547982
vn -0.689403 0.191951 0.698483
v -0.466413 0.373511 0.359957
vn 0.521546 0.572858 0.632316
v 0.568615 0.137104 0.273587
vn 0.775411 0.555293 -0.300645
v 0.058680 0.510294 -0.045218
vn -0.483008 -0.139259 -0.864471
v 0.249687 -0.161973 -0.495241
vn -0.061103 0.910194 -0.409650
v 0.119859 0.324943 -0.229157
vn -0.387016 0.440255 -0.810182
v -0.218204 0.085532 -0.384226
vn -0.091003 -0.867348 0.489313
v -0.185411 -0.323769 0.438360
vn 0.415249 0.832198 0.367444
v 0.524674 0.283668 0.107265
vn 0.490433 0.851886 -0.183756
v -0.048813 0.581421 0.121031
vn 0.337202 0.668966 0.662404
v 0.523148 0.169460 0.267634
vn 0.177889 0.876704 0.446929
v 0.387027 0.289022 0.182201
vn 0.260943 0.430864 0.863866
v 0.650824 -0.252082 0.386417
vn 0.685489 -0.517865 0.511782
v 0.091155 -0.332815 0.487377
vn -0.595041 -0.355689 0.720702
v -0.373870 -0.281157 0.392880
vn -0.316897 -0.541321 0.778812
v -0.346235 -0.344691 0.382275
vn -0.268387 0.732262 -0.625908
v -0.268180 0.531421 -0.202454
vn -0.283130 0.327577 -0.901405
v -0.495570 -0.088397 -0.387224
vn 0.561788 0.323747 0.761303
v 0.000408 0.332452 0.338077
vn 0.522902 0.766211 0.373489
v 0.175953 0.293276 0.223159
vn 0.689144 0.599267 0.407381
v -0.398024 0.636315 -0.264846
vn -0.877412 -0.461217 -0.132011
v -0.628708 -0.132832 -0.059877
vn -0.461566 0.061589 -0.884965
v -0.365665 0.075420 -0.348686
vn 0.930814 0.342286 0.128163
v 0.736861 -0.042626 0.191961
vn 0.570908 -0.031680 0.820403
v 0.409200 -0.289057 0.361074
vn 0.706071 0.492733 0.508605
v 0.733635 -0.214388 0.325675
vn 0.210093 0.301092 -0.930164
v 0.468161 0.105401 -0.406187
vn 0.059686 0.837362 0.543380
v -0.069688 0.518358 0.330187
vn -0.088414 -0.270650 -0.958609
v 0.003773 -0.250758 -0.502462
vn -0.089246 0.452950 0.887058
v 0.261065 0.014532 0.423203
vn -0.607504 0.167905 0.776368
v -0.464935 -0.131102 0.409199
vn -0.268397 -0.033889 0.962712
v -0.327826 0.226914 0.437464
vn -0.211521 0.443471 -0.870972
v -0.137974 0.142334 -0.346899
vn -0.907227 0.349024 0.234778
v -0.634154 0.103766 0.134706
vn -0.218174 -0.641106 0.735787
v 0.389885 -0.250360 0.382483
vn -0.351699 -0.371560 0.859215
v -0.442178 -0.210809 0.436543
vn 0.121273 0.954946 0.270870
v 0.362132 0.322722 0.074997
vn -0.041477 0.339486 0.939696
v -0.117918 -0.163531 0.469953
vn 0.566429 0.523716 -0.636302
v 0.009173 0.479293 -0.147160
vn -0.000854 0.276935 -0.960888
v -0.359896 0.022117 -0.359534
vn 0.268794 0.948105 0.169845
v 0.483867 0.329190 0.051539
vn 0.319999 0.078263 -0.944180
v -0.457461 -0.212543 -0.416955
vn 0.025079 0.690540 0.722860
v -0.320822 0.574294 0.278313
vn 0.441428 0.896800 0.029841
v 0.103995 0.413139 -0.027342
vn 0.298532 0.392203 -0.870089
v 0.382305 -0.091342 -0.462569
vn -0.603678 0.607078 -0.516749
v -0.501561 0.037482 -0.321861
vn 0.829005 0.222457 0.513092
v 0.108139 -0.196846 0.468733
vn -0.162082 0.607119 -0.777905
v 0.010945 0.212489 -0.405165
vn -0.073917 0.286821 0.955128
v -0.007463 -0.084670 0.478308
vn -0.083895 -0.095913 0.991848
v -0.143107 -0.181776 0.483247
vn -0.553605 0.424394 -0.716527
v -0.511288 -0.034821 -0.356726
vn -0.376358 0.900668 -0.217143
v -0.387481 0.581312 -0.037747
vn 0.984058 0.134588 -0.116258
v 0.757639 -0.153526 -0.105627
vn -0.141199 0.597828 -0.789091
v -0.247417 0.517464 -0.220001
vn -0.934148 -0.013736 -0.356621
v -0.556979 -0.170444 -0.165037
vn -0.165859 0.973023 -0.160366
v -0.226592 0.602961 -0.083163
vn 0.315618 -0.922442 0.222457
v -0.471801 -0.357610 -0.272268
vn 0.494257 0.694084 -0.523409
v -0.077138 0.589705 -0.076000
vn -0.637578 0.279495 -0.717898
v -0.475352 0.450054 -0.135184
vn -0.164426 0.392347 -0.905002
v 0.246239 -0.254031 -0.506310
vn -0.577781 -0.426994 0.695590
v -0.149279 -0.200934 0.436666
vn 0.916448 0.262103 -0.302367
v 0.710261 -0.097481 -0.293888
vn -0.998457 0.000055 -0.055528
v -0.665429 -0.044117 -0.039603
vn 0.099432 -0.231244 -0.967802
v 0.592848 -0.150039 -0.446336
vn -0.413574 0.901845 -0.125030
v -0.384059 0.591214 0.104681
vn -0.693741 0.574897 0.433840
v -0.507307 0.439770 0.250451
vn 0.623598 -0.129244 0.770987
v -0.104606 -0.073411 0.458482
vn 0.575846 0.793558 0.196639
v 0.588362 0.261224 0.043125
vn 0.409948 0.905963 0.105710
v 0.519153 0.315372 0.017280
vn 0.095625 0.491700 -0.865498
v 0.544825 -0.145695 -0.435242
vn -0.571287 0.589745 0.570817
v -0.343185 0.575536 0.266579
vn 0.252557 0.836470 0.486346
v 0.450900 0.288059 0.158159
vn 0.064781 0.868715 -0.491058
v -0.350398 0.600885 -0.000575
vn 0.354215 0.810600 -0.466325
v -0.122038 0.626596 0.057555
vn 0.845394 0.277690 0.456287
v 0.111488 -0.261281 0.500689
vn -0.245337 0.959855 0.135971
v -0.317311 0.604767 0.001124
vn -0.388346 0.199444 0.899672
v -0.071816 -0.105286 0.458432
vn -0.619140 0.274275 -0.735825
v -0.493486 0.113797 -0.255630
vn -0.377572 -0.481660 0.790850
v -0.416441 -0.269688 0.374951
vn -0.563279 -0.020506 -0.826012
v -0.114646 -0.050832 -0.460545
vn 0.735838 0.607538 0.299064
v 0.771089 -0.242077 0.282842
vn 0.502058 -0.095371 0.859559
v 0.076030 -0.140897 0.464739
vn -0.164733 0.458950 -0.873057
v -0.291686 0.561405 -0.152383
vn -0.265908 0.788561 -0.554494
v -0.421683 0.589462 -0.014829
vn 0.670066 0.655249 -0.348799
v -0.038671 0.597216 0.131856
vn 0.725325 0.518663 -0.452650
v 0.792267 -0.256252 0.186241
vn -0.805275 -0.237097 -0.543432
v -0.323889 -0.244063 -0.308762
vn 0.228285 0.961123 -0.155338
v 0.290418 0.341231 -0.221340
vn 0.942218 0.277311 0.187948
v 0.075180 0.473476 0.132702
vn 0.650875 -0.118954 0.749808
v 0.844776 0.079312 -0.070337
vn -0.403539 -0.473675 -0.782808
v -0.088174 -0.314246 -0.415606
vn -0.959409 -0.267512 -0.089281
v -0.659333 0.049007 0.113008
vn 0.670767 0.691666 0.267712
v 0.027849 0.498813 0.235024
vn 0.162389 0.370464 0.914542
v 0.473438 0.114504 0.346814
vn -0.462744 0.846304 0.263890
v -0.455849 0.583540 0.072010
vn 0.281489 0.923703 -0.259880
v 0.207147 0.357245 -0.126125
vn 0.260289 0.452844 -0.852749
v -0.317488 0.626313 0.027484
vn -0.083543 0.832079 -0.548330
v -0.362914 0.614862 0.003348
vn -0.504541 -0.122081 0.854713
v -0.612761 -0.016520 0.249200
vn -0.749316 -0.230033 -0.620975
v -0.615875 -0.168105 -0.112742
vn 0.186388 -0.087635 0.978560
v -0.203717 -0.102545 0.477850
vn -0.669653 -0.451530 -0.589649
v -0.504263 -0.274492 -0.174880
vn 0.372061 0.645285 -0.667216
v -0.335332 0.603022 0.021719
vn 0.380751 0.728225 0.569840
v 0.147891 0.294155 0.273672
vn 0.177579 0.816427 0.549467
v 0.263442 0.213103 0.294737
vn -0.772663 0.121830 -0.623017
v -0.520420 0.081811 -0.233169
vn -0.314548 0.307497 -0.898056
v -0.098901 -0.003604 -0.470134
vn 0.350704 0.015291 -0.936362
v 0.178164 -0.113202 -0.479091
vn 0.902649 -0.127649 0.411011
v 0.127412 -0.296464 0.467092
vn -0.279720 0.883534 -0.375666
v -0.361006 0.601150 0.037750
vn 0.988965 0.143488 -0.036865
v 0.745074 -0.088314 -0.156241
vn -0.750951 -0.450652 0.482685
v -0.585135 -0.192861 0.208496
vn 0.540576 0.660955 -0.520495
v -0.023200 0.565380 0.061247
vn -0.610137 0.252563 0.750963
v -0.655031 -0.278250 -0.223538
vn -0.284674 0.147354 -0.947232
v 0.013215 0.041868 -0.472033
vn -0.349281 -0.616690 0.705476
v -0.340036 -0.228368 0.440672
vn -0.031030 0.934020 -0.355870
v -0.157831 0.605586 -0.075900
vn -0.090081 0.921648 -0.377427
v -0.365166 0.599335 0.127456
vn -0.816370 -0.088900 0.570646
v -0.600249 -0.115916 0.244970
vn -0.256134 0.965394 -0.049084
v -0.326823 0.602937 0.109338
vn 0.116838 0.244004 0.962710
v -0.104985 -0.128649 0.452952
vn -0.154274 -0.007408 0.988000
v -0.356272 -0.185549 0.469686
vn 0.315482 0.894854 -0.315766
v 0.340623 0.313029 -0.252566
vn -0.025961 0.992409 -0.120212
v 0.388484 0.326224 -0.132940
vn -0.911438 -0.302424 -0.278965
v -0.657388 -0.200027 0.076056
vn -0.984103 -0.028741 0.175256
v -0.655317 -0.174234 0.126201
vn -0.466181 -0.387904 -0.795114
v -0.154311 -0.275047 -0.408102
vn 0.262714 0.959700 0.099791
v -0.197740 0.626945 0.204718
vn 0.741362 0.341093 0.577961
v 0.048203 0.483693 0.195090
vn 0.462446 0.345973 -0.816362
v -0.095545 0.351845 -0.295649
vn 0.202674 0.962556 -0.180028
v 0.335055 0.331111 -0.101273
vn 0.812517 0.582036 0.032413
v 0.821892 -0.278099 0.236085
vn -0.385398 0.916732 0.105219
v -0.359296 0.626595 0.062336
vn 0.100894 0.892506 -0.439606
v -0.317374 0.619395 0.112307
vn 0.207170 0.971930 -0.111502
v 0.468349 0.333457 -0.120310
vn 0.732393 0.184821 0.655318
v -0.008970 0.435882 0.295949
vn 0.650893 0.349304 0.674036
v 0.024921 0.448138 0.275433
vn 0.250453 0.968127 -0.001718
v -0.031816 0.603863 0.075477
vn 0.593211 0.158762 0.789237
v -0.005760 0.000913 0.457902
vn -0.863084 -0.166785 -0.476727
v -0.568055 -0.222997 -0.156897
vn 0.290727 -0.792464 0.536169
v 0.195745 -0.293041 0.436786
vn 0.784865 0.418620 -0.456886
v 0.662297 0.113707 -0.300899
vn 0.474889 0.372081 -0.797519
v 0.287822 -0.028774 -0.481191
vn 0.491950 0.305220 -0.815369
v 0.320419 -0.086907 -0.514001
vn -0.836186 0.470664 0.281547
v -0.511801 0.447148 0.150344
vn -0.867147 0.390430 0.309225
v -0.529700 0.399937 0.167492
vn -0.678979 0.535342 0.502391
v -0.438105 0.565049 0.181522
vn 0.090744 0.266637 -0.959516
v -0.537382 -0.305452 -0.462947
vn 0.127418 -0.143638 -0.981393
v 0.313356 -0.098791 -0.519107
vn 0.751487 -0.243870 0.613022
v 0.075588 -0.325858 0.524962
vn -0.352568 0.106580 0.929697
v -0.108555 0.472195 0.360279
vn 0.901856 0.104712 0.419155
v 0.734015 -0.152744 0.205884
vn 0.250504 0.019539 0.967918
v -0.164532 0.217424 0.445216
vn -0.759496 -0.259438 -0.596538
v -0.583548 0.044838 -0.197351
vn -0.191755 0.951021 0.242466
v -0.310386 0.591725 0.178121
vn -0.027755 0.181509 -0.982997
v -0.181791 0.396332 -0.308288
vn 0.549982 0.760382 -0.345455
v 0.581395 0.246551 -0.179872
vn -0.113232 0.952676 0.282111
v -0.231806 0.620804 0.169569
vn -0.022428 0.354653 0.934729
v 0.041855 0.092200 0.430443
vn 0.975473 0.184931 -0.119388
v 0.761206 -0.119596 -0.208449
vn -0.995343 0.011592 0.095701
v -0.636324 0.204055 0.018774
vn 0.948378 0.290833 -0.126477
v 0.680819 0.082329 -0.260144
vn 0.951377 0.215162 -0.220424
v 0.697542 0.009161 -0.268403
vn 0.882501 -0.403127 -0.242241
v -0.456139 -0.320802 -0.371079
vn -0.839520 0.539185 -0.066973
v -0.584940 -0.068865 -0.275787
vn 0.419616 0.905341 0.065424
v -0.199746 0.634908 0.154980
vn 0.027528 0.963578 -0.266006
v -0.239758 0.638302 0.119467
vn -0.318101 0.124717 0.939818
v -0.336040 0.362485 0.446725
vn 0.631526 0.775177 0.016609
v 0.051618 0.546136 0.035959
vn -0.198467 -0.002849 -0.980103
v 0.081614 0.049361 -0.495460
vn 0.231523 0.969396 -0.081662
v -0.192137 0.601745 0.177443
vn -0.315982 -0.881306 -0.351363
v -0.444131 -0.344662 -0.194795
vn 0.140541 0.554148 -0.820468
v 0.272433 0.126788 -0.458153
vn 0.574491 0.667860 -0.473205
v -0.097420 0.594235 0.103708
vn 0.241177 0.540836 0.805810
v 0.388800 -0.042695 0.401653
vn 0.054076 0.896952 -0.438809
v -0.316656 0.582496 0.221990
vn 0.294380 0.755195 -0.585680
v 0.310974 0.292746 -0.314036
vn 0.168263 0.924036 -0.343286
v -0.190366 0.601364 0.102821
vn 0.951203 0.191175 0.242210
v 0.722593 0.018246 0.050925
vn -0.327886 -0.660402 -0.675545
v -0.408322 -0.315949 -0.280833
vn 0.588901 0.727311 -0.352442
v -0.202879 0.602756 -0.107895
vn 0.180214 0.891099 -0.416491
v -0.218844 0.574032 -0.161953
vn 0.763227 0.575437 -0.293866
v 0.036623 0.518368 0.096584
vn 0.975638 0.200555 -0.088933
v 0.768215 -0.229606 -0.136909
vn 0.162810 0.184759 0.969204
v -0.018165 -0.096240 0.478660
vn -0.104431 -0.222304 -0.969368
v -0.274068 0.067109 -0.352465
vn -0.875500 -0.252004 -0.412304
v -0.633694 -0.157710 0.029137
vn -0.466525 0.484063 0.740295
v -0.103371 -0.174251 0.497430
vn 0.351796 0.848331 0.395694
v -0.140375 0.625806 0.122054
vn 0.674115 0.684048 0.278654
v -0.142164 0.604060 0.146853
vn -0.030402 0.534117 -0.844864
v 0.109880 0.136572 -0.473371
vn 0.553119 0.538825 -0.635395
v 0.593543 0.132418 -0.340112
vn -0.091279 0.509811 0.855430
v 0.001926 -0.291080 0.587266
vn -0.209593 -0.082411 0.974310
v -0.586076 -0.287858 -0.181339
vn 0.087567 0.655750 -0.749883
v -0.364882 0.581916 -0.064399
vn 0.463264 0.847990 -0.257489
v 0.675599 0.243946 -0.096387
vn 0.280333 0.947060 -0.156497
v 0.224744 0.382202 -0.049628
vn -0.852953 0.085575 0.514926
v -0.539882 0.235806 0.283935
vn 0.239039 -0.329038 0.913562
v 0.107946 -0.099971 0.483472
vn 0.054278 0.072262 0.995908
v 0.148665 -0.087786 0.475638
vn -0.228946 0.000955 0.973439
v -0.313136 -0.145617 0.462926
vn 0.111595 0.883705 -0.454546
v -0.327894 0.598238 -0.106904
vn -0.016777 0.957102 -0.289265
v -0.084958 0.612455 0.041017
vn -0.546561 0.392260 -0.739867
v -0.586140 -0.145682 -0.365012
vn 0.531869 0.632476 -0.563107
v -0.123554 0.603122 0.056614
vn 0.296122 0.352243 -0.887827
v -0.063306 0.368699 -0.275210
vn -0.385178 -0.910200 -0.152228
v -0.541184 -0.357734 -0.004023
vn -0.765853 -0.252976 -0.591162
v -0.616800 -0.113775 -0.138784
vn -0.759880 -0.305499 -0.573806
v -0.607697 -0.105007 -0.156801
vn -0.847248 0.253659 -0.466720
v -0.552737 0.323601 -0.105496
vn 0.045195 0.429921 0.901734
v -0.028068 -0.169880 0.500954
vn -0.970892 -0.012714 -0.239180
v -0.658917 -0.166580 0.070145
vn -0.822184 0.438537 0.362904
v -0.644583 -0.213698 -0.259991
vn 0.012574 0.148630 -0.988813
v 0.033848 -0.066382 -0.487274
vn 0.296822 0.280825 0.912707
v 0.335673 0.089743 0.362565
vn 0.314214 0.260993 0.912772
v 0.347887 0.004647 0.380967
vn -0.329046 0.768692 -0.548490
v -0.482393 0.541414 -0.043042
vn -0.184586 0.293338 0.938020
v -0.129445 0.446356 0.339832
vn -0.761166 0.090312 -0.642238
v -0.601543 0.150399 -0.109425
vn -0.054197 0.866775 -0.495746
v -0.024879 0.299295 -0.306874
vn 0.979283 0.187026 -0.077634
v 0.066148 0.489247 0.024231
vn 0.058661 -0.143298 -0.987940
v -0.343076 -0.151989 -0.311261
vn -0.334327 0.931819 0.141205
v -0.392712 0.608377 0.054365
vn -0.966001 -0.180973 -0.184639
v -0.638417 -0.186122 -0.021458
vn 0.286986 0.611390 -0.737456
v -0.312768 0.581718 -0.095468
vn 0.611706 0.734853 0.292929
v -0.062116 0.547589 0.249989
vn -0.195794 -0.910800 -0.363466
v -0.377260 -0.357718 -0.219919
vn -0.273763 0.357077 -0.893056
v -0.109877 0.193189 -0.333937
vn -0.404801 -0.205310 -0.891058
v 0.428849 -0.358396 -0.701427
vn 0.179895 0.388169 0.903860
v 0.051525 -0.161142 0.478830
vn -0.003642 0.104303 -0.994539
v 0.205687 -0.246523 -0.510419
vn -0.149883 -0.125656 -0.980686
v 0.231836 -0.294084 -0.518843
vn 0.420119 0.812158 0.404845
v -0.139221 0.611543 0.239715
vn 0.376787 0.437041 -0.816717
v -0.098952 0.467515 -0.247682
vn 0.687217 0.411583 -0.598609
v 0.621963 0.068255 -0.364106
vn 0.908137 0.384471 0.165739
v 0.708537 0.018299 0.167354
vn 0.726840 0.440272 0.527129
v 0.704590 0.153433 0.009943
vn 0.296680 0.940342 0.166548
v 0.172564 0.399033 -0.010177
vn 0.111548 0.763489 0.636114
v 0.073369 0.274163 0.310808
vn 0.327488 0.935065 0.135665
v 0.352074 0.338792 0.017092
vn 0.198135 0.849868 0.488331
v -0.251195 0.386276 0.384980
vn 0.356176 -0.090523 -0.930024
v 0.335128 -0.121272 -0.494071
vn 0.242611 0.924453 -0.294153
v 0.278023 0.351060 -0.090663
vn -0.075436 -0.922491 0.378576
v 0.191128 -0.357696 0.337565
vn 0.565845 0.282937 0.774445
v 0.589443 0.051558 0.346074
vn -0.032870 0.912773 -0.407142
v -0.127412 0.592202 -0.099225
vn -0.850947 0.038050 0.523872
v -0.135240 -0.215258 0.469340
vn -0.793528 0.088532 0.602059
v -0.530411 0.164376 0.305045
vn 0.432315 0.883575 0.179996
v -0.112198 0.586139 0.269160
vn 0.149898 0.936481 -0.317071
v -0.141301 0.612365 -0.041888
vn -0.649318 0.064487 -0.757778
v -0.158035 -0.097444 -0.427616
vn 0.002227 -0.451540 -0.892248
v -0.341731 -0.247093 -0.291433
vn 0.376357 0.665927 -0.644125
v 0.598496 -0.254720 -0.559774
vn 0.246984 0.569403 0.784079
v 0.299197 0.170464 0.356927
vn 0.307639 0.613457 -0.727344
v -0.084531 0.585313 -0.030756
vn -0.660691 -0.240397 -0.711124
v -0.500349 -0.323167 -0.166735
vn 0.610471 -0.129047 -0.781455
v -0.047344 0.328816 -0.278851
vn -0.712516 -0.516054 0.475405
v -0.536037 -0.277501 0.278932
vn -0.013229 -0.039780 -0.999121
v 0.006951 -0.112657 -0.492433
vn 0.310323 0.792504 -0.525012
v -0.144498 0.608124 -0.008008
vn 0.489505 0.824640 -0.283469
v 0.510856 0.295884 -0.169144
vn 0.286331 -0.308602 -0.907072
v -0.337658 -0.075766 -0.363833
vn -0.201012 0.633042 0.747564
v 0.092502 0.148582 0.397662
vn -0.032283 -0.714764 0.698620
v 0.361394 -0.215934 0.397646
vn -0.581878 0.549981 -0.599115
v -0.653959 -0.261954 -0.400318
vn -0.678207 0.510695 -0.528419
v -0.575433 -0.099542 -0.343109
vn -0.837064 -0.424591 0.345031
v -0.563260 -0.336568 0.134745
vn 0.160740 0.946528 0.279728
v 0.229505 0.375924 0.008219
vn 0.750293 -0.469359 -0.465578
v -0.346492 -0.218757 -0.324232
vn 0.309973 -0.039410 -0.949928
v -0.382065 -0.080506 -0.363852
vn -0.404334 -0.479911 -0.778588
v -0.331052 -0.257500 -0.288768
vn -0.099789 -0.132497 -0.986147
v 0.158546 -0.218571 -0.510264
vn 0.082959 0.021794 -0.996315
v 0.525980 -0.052386 -0.430640
vn 0.134034 0.826337 -0.546993
v 0.000740 0.307331 -0.249342
vn 0.533321 0.304666 0.789144
v 0.012213 -0.013773 0.429505
vn 0.307806 0.247773 0.918621
v 0.535949 -0.118133 0.374132
vn 0.585095 0.740059 0.331628
v 0.132253 0.340898 0.115311
vn 0.713896 0.574582 -0.400259
v -0.206483 0.586127 -0.114175
vn -0.933220 0.282319 0.222253
v -0.718858 -0.297716 -0.289144
vn -0.435285 -0.712341 0.550544
v -0.468830 -0.230964 0.356777
vn -0.030374 0.826571 -0.562013
v -0.165080 0.582672 -0.141459
vn 0.351148 0.620966 0.700783
v 0.544139 0.115252 0.321287
vn 0.869609 0.309113 0.385005
v 0.068140 0.461717 0.194742
vn -0.190205 0.855829 -0.481019
v -0.194735 0.598934 -0.052862
vn -0.593161 0.067427 -0.802255
v -0.217168 0.011639 -0.409148
vn -0.823835 -0.345696 0.449210
v -0.636184 -0.033284 0.231569
vn -0.192158 0.137340 -0.971706
v -0.223177 0.391831 -0.306836
vn 0.029986 0.205969 0.978099
v 0.110209 0.108453 0.428293
vn -0.924913 0.217441 0.311858
v -0.586970 -0.089507 0.266433
vn 0.439271 -0.244466 0.864452
v 0.035819 0.032194 0.406644
vn 0.966530 0.059750 0.249498
v 0.738164 0.001319 0.000761
vn 0.786286 -0.604581 -0.127421
v 0.333403 -0.311935 -0.439023
vn 0.316583 0.316463 -0.894218
v -0.131833 0.385002 -0.304979
vn 0.279828 0.267765 -0.921953
v 0.337937 -0.033841 -0.451701
vn -0.647946 -0.381281 0.659386
v -0.546835 -0.210516 0.342612
vn -0.982439 -0.132425 0.131440
v -0.582908 -0.156124 0.258726
vn -0.922669 0.384085 -0.034083
v -0.602615 0.318738 0.009917
vn 0.263310 0.792365 0.550296
v 0.423157 0.259756 0.205328
vn -0.780360 0.430225 -0.453811
v -0.477399 0.491907 -0.124828
vn 0.201409 0.204519 -0.957918
v 0.197594 -0.145659 -0.467674
vn 0.194249 0.975161 -0.106432
v 0.343700 0.319086 -0.182780
vn 0.239637 0.968027 -0.074147
v 0.280205 0.340365 -0.147325
vn 0.003019 0.118778 -0.992916
v 0.172085 0.052719 -0.505473
vn -0.026184 -0.136230 -0.990331
v 0.197773 -0.020799 -0.501644
vn -0.943238 0.081656 0.321922
v -0.626001 -0.090812 0.195060
vn 0.141893 0.507812 -0.849702
v 0.372692 -0.140233 -0.490714
vn -0.607483 -0.358537 -0.708812
v -0.645852 -0.196908 0.060376
vn 0.981622 0.134822 0.135058
v 0.745916 -0.210172 0.163486
vn 0.551829 0.548371 -0.628310
v -0.031924 0.447956 -0.224759
vn 0.783064 0.581638 -0.220244
v 0.632456 0.186449 -0.196534
vn 0.247415 -0.021779 0.968665
v 0.017185 0.174302 0.371438
vn 0.982896 0.143890 -0.114937
v 0.771070 -0.263719 -0.192858
vn -0.461605 0.344768 -0.817347
v -0.376806 0.263688 -0.323332
vn 0.657598 0.551689 -0.513035
v 0.000740 0.532984 -0.116860
vn 0.961864 0.157456 -0.223661
v 0.071888 0.497147 0.138569
vn 0.727025 -0.312667 -0.611289
v 0.701756 -0.231607 -0.409010
vn 0.651999 0.290594 0.700323
v 0.652588 -0.044671 0.290065
vn 0.164146 0.514798 -0.841451
v -0.069866 0.599603 -0.036290
vn 0.739614 0.575673 -0.348671
v 0.833898 -0.314961 0.186187
vn 0.528170 0.450586 -0.719728
v -0.120760 0.434954 -0.273133
vn 0.147964 0.482502 -0.863307
v -0.167299 0.441050 -0.289126
vn -0.867788 -0.410111 -0.280632
v -0.615257 -0.267787 -0.047176
vn 0.999459 0.023528 0.022989
v 0.786054 -0.318848 0.005848
vn -0.517652 0.468588 0.715864
v -0.370352 0.534455 0.267904
vn 0.443642 -0.068575 0.893577
v 0.018356 0.051459 0.436928
vn 0.539478 0.839550 -0.064178
v 0.016386 0.547162 0.017304
vn -0.542156 -0.523045 0.657641
v -0.462562 -0.226423 0.414483
vn 0.029126 0.968977 -0.245431
v 0.396827 0.314613 -0.202625
vn -0.841174 0.443462 -0.309464
v -0.520606 0.040992 -0.282317
vn 0.329355 0.941845 0.066734
v -0.048637 0.599697 0.020923
vn 0.778087 0.613893 -0.133099
v 0.745185 -0.332905 -0.485329
vn -0.671631 0.716841 -0.187219
v -0.492003 0.464282 0.219026
vn 0.527560 0.724439 -0.443699
v 0.571995 0.201971 -0.285398
vn 0.579107 0.756132 -0.304795
v 0.594032 0.218810 -0.230772
vn -0.906199 0.202770 -0.371062
v -0.610342 0.227546 -0.023235
vn 0.679249 -0.090627 0.728291
v 0.272069 -0.084230 0.420995
vn 0.521658 0.010324 -0.853092
v -0.076696 0.326244 -0.294144
vn -0.334229 0.385060 -0.860244
v -0.346311 0.377070 -0.262146
vn 0.303936 0.724939 0.618132
v 0.455100 0.199916 0.287750
vn 0.441062 -0.230271 0.867433
v 0.428834 -0.164118 0.408299
vn 0.773511 0.524148 0.356299
v 0.104715 0.366606 0.183281
vn 0.637443 0.305136 0.707502
v 0.006975 0.386099 0.307429
vn 0.440071 0.168631 -0.881987
v -0.087887 0.296120 -0.289483
vn 0.701068 0.046042 0.711607
v 0.053850 -0.295372 0.548120
vn 0.170436 -0.924620 -0.340632
v 0.350322 -0.297415 -0.414957
vn -0.057771 0.990227 -0.126937
v -0.332403 0.605058 0.222529
vn -0.963704 -0.145129 0.224082
v -0.638266 -0.125685 0.015349
vn 0.280291 0.870276 -0.405039
v -0.086362 0.580413 0.236048
vn 0.564245 0.824232 -0.047637
v -0.114574 0.570926 0.221429
vn -0.140848 -0.223232 -0.964536
v -0.273104 -0.024729 -0.352905
vn 0.246477 0.969098 0.009875
v -0.092486 0.562978 0.221340
vn -0.456628 0.342547 -0.821068
v -0.404563 0.367741 -0.237356
vn 0.059708 0.969850 -0.236273
v -0.107530 0.617709 0.161937
vn -0.884914 0.415472 -0.210501
v -0.583984 0.347808 -0.021390
vn 0.126054 0.393585 -0.910605
v -0.291862 0.498699 -0.250159
vn -0.347798 -0.261286 -0.900426
v 0.173815 -0.287301 -0.493580
vn -0.291510 0.686805 -0.665824
v -0.337371 0.630186 0.031552
vn -0.477434 -0.653539 0.587319
v -0.483955 -0.336197 0.276221
vn 0.358196 0.626800 0.691966
v 0.486449 0.151407 0.313455
vn 0.825741 0.336519 0.452666
v 0.037158 0.477249 0.237706
vn -0.001234 0.992240 0.124329
v -0.164968 0.625089 0.164788
vn 0.590994 0.806271 0.025548
v -0.144363 0.596659 0.173292
vn 0.600611 0.770762 -0.212584
v -0.132928 0.615225 0.191576
vn 0.432782 0.772395 -0.464872
v 0.521801 0.241289 -0.277747
vn 0.515110 0.782423 -0.349967
v 0.536771 0.250916 -0.229008
vn -0.107124 -0.225009 0.968450
v 0.418245 -0.235176 0.402586
vn 0.745328 0.572976 0.340860
v 0.822892 -0.305581 0.298325
vn -0.841199 0.411990 -0.350213
v -0.501237 0.478837 -0.049299
vn 0.304311 0.952572 0.000735
v -0.155951 0.604125 0.202578
vn -0.881048 -0.347061 0.321408
v -0.574610 -0.267560 0.228914
vn -0.506610 -0.435607 -0.744038
v -0.588857 -0.124448 -0.141113
vn -0.588044 -0.205059 -0.782403
v -0.308527 -0.218626 -0.348802
vn -0.795571 -0.392490 0.461539
v -0.572985 -0.323712 0.205469
vn -0.000402 0.989859 -0.142053
v -0.216129 0.632335 0.101374
vn 0.176917 0.035646 0.983580
v 0.119377 -0.157606 0.425616
vn -0.936311 0.029411 0.349937
v -0.642243 -0.149098 0.179572
vn -0.572436 -0.435133 0.694965
v -0.362633 -0.266400 0.421767
vn 0.381831 0.780733 0.494632
v 0.571784 0.215848 0.209544
vn 0.383527 0.839256 0.385430
v 0.571961 0.234539 0.160584
vn 0.259468 0.752937 -0.604783
v 0.507122 -0.157529 -0.472091
vn 0.130121 0.703550 -0.698632
v 0.439390 -0.161491 -0.497199
vn 0.989815 0.140056 0.025491
v 0.783696 -0.263861 -0.017536
vn -0.352317 -0.082774 0.932213
v -0.269904 -0.161314 0.489291
vn -0.153465 0.716733 0.680252
v -0.279634 0.598254 0.227865
vn 0.181609 -0.863856 -0.469862
v 0.360174 -0.357745 -0.389718
vn -0.774630 -0.592139 -0.222080
v -0.557778 -0.318386 -0.038009
vn -0.269973 0.384252 0.882873
v -0.006633 -0.322812 0.590252
vn -0.047794 0.949283 0.310771
v -0.324480 0.601175 0.240359
vn -0.522257 -0.458592 -0.718986
v -0.396236 0.082879 -0.310816
vn 0.038768 -0.887917 0.458367
v 0.438354 -0.272938 0.350626
vn -0.529655 -0.112812 -0.840678
v 0.367452 -0.223068 -0.549409
vn -0.130757 0.543269 -0.829314
v 0.458487 -0.261673 -0.603956
vn -0.948681 0.245895 0.198845
v -0.566737 -0.052163 -0.225727
vn 0.177614 0.503172 0.845737
v 0.357368 0.161973 0.336987
vn 0.403788 0.499153 0.766682
v -0.050472 0.496837 0.346222
vn -0.028737 0.225331 0.973858
v -0.185352 -0.033575 0.496109
vn -0.211963 0.498109 -0.840809
v -0.084124 0.042164 -0.444501
vn -0.141406 -0.333333 -0.932145
v 0.107994 -0.235950 -0.488011
vn -0.621386 -0.552479 -0.555560
v -0.251621 -0.335487 -0.325945
vn -0.554573 0.689642 -0.465663
v -0.447980 0.591584 0.036277
vn 0.182987 0.811102 -0.555545
v -0.128946 0.560155 -0.170061
vn 0.959172 0.090689 0.267891
v 0.759837 -0.120229 0.178926
vn 0.079435 0.756352 -0.649324
v 0.461529 -0.199397 -0.540572
vn 0.075636 0.981350 0.176724
v -0.349813 0.597247 0.132768
vn 0.045749 0.996896 0.064066
v 0.407241 0.330112 0.030036
vn 0.481105 -0.226063 0.847015
v 0.109293 -0.146734 0.432039
vn 0.507208 0.569721 0.646652
v 0.084157 0.322886 0.242606
vn -0.421233 0.821335 -0.384670
v -0.416273 0.590876 0.099864
vn -0.721433 -0.530244 0.445394
v -0.570408 -0.252947 0.281340
vn -0.304930 -0.604922 0.735586
v -0.331662 -0.324544 0.430573
vn 0.140746 0.985825 0.091321
v -0.207332 0.638134 0.187305
vn -0.356951 -0.801856 0.479181
v 0.468362 -0.276829 0.331462
vn 0.280883 0.790244 0.544628
v 0.493863 0.227853 0.215621
vn 0.912224 -0.299181 0.279890
v 0.129683 -0.326017 0.472152
vn 0.123261 0.611490 0.781593
v 0.066131 0.174364 0.363073
vn 0.207520 0.593553 0.777580
v 0.067544 0.185911 0.349434
vn -0.525014 0.536810 0.660451
v -0.404142 0.539322 0.241183
vn 0.064763 0.444984 -0.893194
v -0.093093 0.261352 -0.309409
vn 0.850069 -0.228276 0.474628
v 0.754474 0.017685 -0.040738
vn 0.199683 -0.234109 -0.951483
v -0.285067 -0.043761 -0.352260
vn -0.975528 -0.134504 -0.173937
v -0.642114 -0.098524 0.035951
vn 0.107066 0.653969 -0.748906
v 0.209049 0.242355 -0.383628
vn -0.114800 -0.081473 -0.990042
v 0.120887 0.007402 -0.496908
vn -0.378682 0.923636 -0.059133
v -0.408909 0.577322 0.091897
vn 0.437195 -0.040718 -0.898444
v 0.111194 0.604823 0.144102
vn 0.503182 0.218885 -0.836001
v 0.723054 0.085870 -0.170114
vn -0.111870 0.790191 -0.602564
v 0.019438 0.266509 -0.358927
vn 0.564814 0.080449 0.821288
v 0.590285 -0.006219 0.357437
vn -0.240535 0.811920 -0.531910
v -0.370848 0.611133 0.046884
vn 0.580818 0.726213 -0.367786
v 0.023360 0.532580 -0.024542
vn 0.973626 0.077740 -0.214498
v 0.763440 -0.198721 -0.221961
vn -0.841242 0.134375 -0.523693
v -0.556069 0.136145 -0.182172
vn 0.524907 0.691777 -0.495901
v 0.060840 0.371618 -0.198199
vn -0.230246 -0.921890 -0.311617
v -0.403598 -0.357741 -0.192760
vn 0.170443 0.598788 -0.782561
v 0.441101 0.171083 -0.389184
vn -0.668517 -0.718203 0.193050
v 0.346904 -0.334634 -0.550032
vn -0.150325 0.894903 -0.420179
v -0.384654 0.593786 -0.026262
vn 0.111063 0.844355 -0.524146
v -0.112772 0.566693 -0.147409
vn -0.255727 0.911140 -0.323152
v -0.398245 0.604917 0.018473
vn 0.651141 0.425813 -0.628250
v -0.010586 0.431742 -0.217373
vn -0.765579 0.600718 0.230273
v -0.474991 0.563474 0.088688
vn -0.188995 0.096005 -0.977274
v -0.268583 0.097830 -0.366605
vn 0.485813 0.594690 -0.640570
v -0.242379 0.608325 0.002362
vn 0.060527 0.563978 0.823569
v 0.147229 0.174931 0.391205
vn 0.346796 0.736138 -0.581235
v -0.154473 0.585564 -0.090903
vn -0.216853 -0.140067 -0.966104
v 0.250881 -0.065577 -0.499327
vn 0.019747 0.747929 -0.663485
v 0.136080 0.248806 -0.391686
vn 0.306411 0.318606 -0.896996
v -0.134441 0.474065 -0.241702
vn -0.646063 -0.544846 -0.534552
v -0.469788 -0.319867 -0.181042
vn 0.882072 0.468653 -0.048087
v 0.071316 0.527039 0.017793
vn 0.288128 0.695224 -0.658518
v 0.362712 0.193619 -0.393437
vn -0.320333 -0.228745 -0.919273
v -0.072299 -0.227937 -0.482553
vn -0.326770 0.871345 -0.366032
v -0.415397 0.570764 -0.024697
vn 0.249497 0.324088 0.912534
v 0.589909 -0.147586 0.373327
vn 0.117259 -0.640775 0.758721
v -0.192750 -0.333303 0.439788
vn 0.781208 0.562465 0.270825
v 0.732689 -0.188101 0.273887
vn -0.541371 0.834719 -0.100801
v -0.440337 0.565152 -0.063380
vn 0.764061 0.532689 0.363940
v 0.120638 0.366534 0.103404
vn 0.184244 0.370084 -0.910545
v 0.585488 0.025598 -0.424489
vn 0.653525 0.603010 0.457476
v -0.044789 0.517716 0.265817
vn -0.657573 0.205347 -0.724866
v -0.460846 0.195395 -0.257055
vn -0.528035 -0.848021 0.045167
v -0.578623 -0.357540 0.090455
vn 0.365317 0.413616 -0.833946
v 0.547094 0.127599 -0.379923
vn -0.562608 -0.722251 0.402276
v -0.468734 -0.341944 0.322219
vn -0.529927 0.382168 0.757050
v -0.066365 -0.128341 0.463563
vn -0.339206 -0.794064 0.504383
v -0.449296 -0.247183 0.394116
vn 0.630486 0.558278 0.539271
v 0.768501 -0.278272 0.337826
vn -0.111251 0.811463 -0.573716
v -0.339666 0.608238 -0.055234
vn 0.987279 0.157217 -0.023741
v 0.769359 -0.197959 -0.005087
vn 0.881500 -0.089048 -0.463712
v 0.728133 -0.219441 -0.384837
vn -0.137199 0.836810 -0.530025
v -0.322520 0.597870 -0.052989
vn -0.992367 0.089827 0.084496
v -0.642520 0.158905 -0.018560
vn -0.930766 -0.135849 0.339439
v -0.624446 0.180406 0.021240
vn 0.143992 0.940613 -0.307432
v -0.283448 0.592016 -0.082666
vn 0.868503 -0.477676 0.132391
v 0.861729 -0.357749 0.265087
vn 0.806092 -0.417499 0.419417
v 0.837949 -0.357769 0.347964
vn 0.204114 0.413470 -0.887344
v -0.068068 0.438993 -0.248555
vn -0.989303 -0.112397 0.092986
v -0.658832 0.010243 0.064532
vn 0.008424 0.584856 -0.811093
v -0.281017 0.583649 -0.154424
vn 0.950178 0.185619 -0.250414
v 0.747208 -0.196483 -0.257380
vn -0.437845 -0.224902 -0.870466
v 0.297341 -0.188028 -0.522389
vn -0.305473 -0.137982 -0.942150
v -0.265808 -0.058301 -0.349515
vn 0.455697 0.470149 0.755844
v 0.026177 -0.304419 0.587303
vn -0.029822 0.930355 -0.365446
v -0.234381 0.574462 -0.153283
vn -0.886075 0.363719 -0.287367
v -0.607239 0.198224 -0.061079
vn 0.265734 0.913848 -0.307030
v -0.218671 0.618242 0.133572
vn -0.204187 0.506749 -0.837564
v 0.412760 -0.232255 -0.578659
vn 0.163072 0.982676 -0.088062
v -0.227346 0.629814 0.112825
vn 0.153180 0.724093 -0.672477
v -0.176635 0.519944 -0.234164
vn -0.975911 0.216539 -0.026622
v -0.639422 0.083653 0.062478
vn 0.407137 0.513271 0.755508
v 0.707496 -0.257488 0.367598
vn 0.436686 0.545367 -0.715458
v -0.110562 0.498825 -0.236812
vn -0.047331 -0.547886 -0.835213
v -0.571164 -0.357762 -0.476814
vn -0.684774 -0.556977 0.469960
v -0.497909 -0.315906 0.303652
vn 0.283351 0.170674 0.943707
v -0.038247 0.195843 0.390349
vn 0.932929 0.359733 0.015371
v 0.703492 -0.306448 -0.398626
vn 0.808747 -0.092816 -0.580787
v 0.674164 -0.252546 -0.402012
vn -0.635152 0.549645 -0.542653
v -0.440285 0.566470 0.028611
vn -0.522632 0.312292 -0.793303
v -0.373960 0.454688 -0.219408
vn 0.324623 -0.175311 -0.929455
v 0.491428 -0.043243 -0.443211
vn -0.937673 0.125729 0.323977
v -0.639841 0.016668 0.227642
vn 0.058785 0.773086 0.631572
v 0.337300 0.219901 0.268211
vn -0.227297 0.929161 -0.291540
v -0.245216 0.601092 -0.040669
vn -0.395277 -0.108408 0.912143
v 0.192267 -0.173280 0.458770
vn 0.224964 0.738039 -0.636152
v -0.226712 0.614988 -0.035303
vn 0.201919 0.953133 -0.225314
v -0.137530 0.616464 -0.001063
vn -0.015917 0.960324 -0.278432
v -0.168472 0.618065 -0.025152
vn 0.487322 0.763040 -0.424602
v -0.173265 0.606712 -0.037810
vn -0.130357 0.244886 0.960749
v -0.235628 0.021857 0.470596
vn -0.127451 0.902125 -0.412222
v -0.180745 0.612641 -0.054712
vn -0.254943 0.003523 -0.966950
v -0.274927 -0.006861 -0.356270
vn 0.962976 0.251855 0.096157
v 0.752814 -0.081255 0.073830
vn 0.721071 0.691929 -0.035937
v -0.028650 0.578403 0.193472
vn -0.012948 0.987536 -0.156863
v -0.143884 0.622272 0.043502
vn 0.206079 -0.029705 -0.978084
v -0.318016 -0.034792 -0.367348
vn 0.045497 0.995195 0.086698
v -0.176899 0.607327 0.071187
vn -0.458892 0.049681 0.887102
v -0.617147 -0.307817 -0.197466
vn -0.067015 0.320898 0.944740
v -0.247020 0.508644 0.328962
vn -0.472000 0.859785 -0.194899
v -0.486813 0.532829 0.040816
vn 0.188945 0.919865 0.343727
v 0.292652 0.359096 0.048036
vn 0.149944 0.884689 0.441409
v -0.300847 0.562797 0.266140
vn -0.757587 0.504919 -0.413665
v -0.479551 0.518346 -0.055890
vn 0.232098 0.944191 -0.233737
v -0.218071 0.608501 -0.030566
vn 0.720229 -0.210240 -0.661112
v -0.370641 -0.126229 -0.358813
vn -0.000371 0.857829 -0.513935
v -0.208311 0.606147 0.010181
vn 0.054212 0.998162 -0.027082
v -0.168311 0.627546 0.007852
vn -0.607839 0.081645 0.789852
v -0.129522 -0.205409 0.479871
vn 0.164655 0.888908 -0.427470
v 0.142545 0.397934 -0.122902
vn 0.542423 0.833291 -0.106782
v -0.193232 0.612771 0.047307
vn 0.263113 -0.903076 -0.339448
v -0.278170 -0.328490 -0.299567
vn 0.027407 0.346506 0.937647
v 0.401252 -0.092256 0.438476
vn 0.579646 -0.081518 0.810781
v 0.775412 0.089682 -0.034759
vn -0.709506 -0.514431 0.481623
v -0.540366 -0.285855 0.238606
vn -0.983785 -0.122053 0.131413
v -0.636362 -0.201163 -0.009008
vn -0.962401 -0.203837 0.179541
v -0.626057 -0.175504 0.023689
vn -0.008287 -0.376923 0.926207
v -0.304996 -0.256993 0.460633
vn 0.977733 0.148344 -0.148431
v 0.789694 -0.300933 -0.146737
vn 0.245444 0.842077 -0.480274
v -0.289040 0.616515 -0.045975
vn 0.937353 0.296688 0.182610
v 0.102371 0.460456 0.091749
vn -0.067663 0.031648 0.997206
v -0.067928 -0.055453 0.442768
vn 0.439791 0.140674 -0.887015
v 0.297314 0.083767 -0.475310
vn 0.171371 -0.228744 0.958284
v 0.051608 0.074309 0.428512
vn 0.505593 0.416086 -0.755809
v 0.347173 -0.073481 -0.471791
vn 0.436765 0.168513 -0.883651
v -0.102966 0.433310 -0.245057
vn -0.412717 0.715180 -0.564077
v -0.377096 0.034233 -0.330028
vn -0.767934 0.303994 0.563795
v -0.627484 -0.206100 -0.237591
vn 0.607390 0.575067 -0.548066
v 0.017380 0.483714 -0.108129
vn 0.836018 0.539391 -0.100657
v 0.086252 0.427915 -0.013652
vn -0.807387 0.097344 0.581937
v -0.594501 -0.144848 -0.209460
vn -0.601771 -0.769482 -0.213937
v -0.596596 -0.300968 -0.050279
vn -0.412601 -0.037467 -0.910141
v -0.268916 -0.093343 -0.341630
vn -0.887011 -0.277379 -0.369150
v -0.524718 -0.312136 -0.108401
vn -0.355003 0.322301 -0.877550
v -0.248337 0.432775 -0.286895
vn 0.348786 0.261856 0.899878
v -0.054818 0.143991 0.416025
vn 0.788648 -0.475713 -0.389527
v -0.469548 -0.335344 -0.423814
vn -0.522848 0.280881 -0.804821
v -0.451849 0.362358 -0.208720
vn -0.101538 0.975508 0.195127
v -0.331932 0.590208 0.188527
vn 0.108869 0.244782 -0.963447
v -0.227115 0.310239 -0.306019
vn -0.215511 0.243327 -0.945699
v -0.252470 0.344519 -0.297310
vn 0.606507 0.786124 -0.118991
v -0.075981 0.578510 0.249665
vn 0.800466 0.440431 -0.406540
v 0.665244 0.120751 -0.189943
vn 0.368888 0.652765 -0.661680
v -0.082983 0.528395 -0.165172
vn 0.151096 -0.238645 -0.959280
v -0.431305 0.076424 -0.297757
vn -0.556377 0.198338 -0.806912
v -0.412329 0.221174 -0.303026
vn -0.668637 0.286245 0.686286
v -0.616944 0.037312 0.246464
vn 0.167967 -0.912382 -0.373290
v -0.424703 -0.294966 -0.262755
vn -0.269883 -0.111675 -0.956395
v 0.244400 -0.176356 -0.472059
vn -0.483714 0.272612 -0.831687
v 0.298619 -0.267200 -0.551747
vn -0.553911 0.170126 -0.815009
v -0.514798 0.181014 -0.218824
vn -0.775443 0.125393 -0.618841
v -0.542180 0.128150 -0.202160
vn 0.248270 0.968600 -0.013250
v -0.285690 0.634959 0.051722
vn 0.405627 0.430501 0.806310
v 0.437650 -0.064861 0.378310
vn -0.468719 0.120248 -0.875125
v -0.228793 -0.128953 -0.379702
vn -0.737967 -0.013642 -0.674699
v -0.527398 0.112609 -0.238767
vn -0.666833 -0.015952 0.745036
v -0.486837 -0.014288 0.372396
vn 0.530956 0.404508 -0.744620
v 0.047497 0.476331 -0.089618
vn 0.209124 0.145325 0.967030
v -0.085203 0.016077 0.464722
vn -0.055065 0.224192 -0.972988
v -0.254592 0.178840 -0.339293
vn -0.959744 -0.268791 -0.081502
v -0.642606 0.043170 0.097544
vn -0.119578 0.656818 0.744507
v 0.071365 0.267945 0.321110
vn -0.943163 -0.301338 -0.140139
v -0.610799 0.074625 -0.103075
vn 0.203951 -0.140100 0.968904
v 0.380136 -0.262555 0.373904
vn 0.697842 -0.526128 -0.486011
v -0.388352 -0.238015 -0.373084
vn 0.544866 0.029337 0.838010
v 0.571018 -0.075886 0.346244
vn 0.076403 0.832736 0.548374
v -0.149853 0.610318 0.244828
vn 0.254792 0.961834 0.099779
v -0.268487 0.629968 0.070742
vn 0.992882 0.114820 0.031643
v 0.760890 -0.174364 -0.169905
vn -0.715689 -0.228496 -0.659984
v -0.621472 -0.128484 -0.127681
vn -0.887957 0.037058 -0.458431
v -0.574596 -0.021989 -0.178124
vn 0.311566 -0.464734 0.828824
v -0.275571 -0.214175 0.475007
vn 0.752183 0.356183 0.554395
v 0.647446 0.127218 0.187196
vn -0.944619 -0.223992 0.239839
v -0.627507 -0.261382 0.019305
vn -0.822173 -0.272321 -0.499873
v -0.614823 -0.207036 0.056385
vn 0.895096 0.006853 -0.445820
v 0.784848 -0.325247 -0.288414
vn 0.800618 -0.525725 -0.287442
v 0.795194 0.017303 -0.113538
vn 0.395194 0.380226 -0.836212
v 0.766206 0.136695 -0.138821
vn 0.554385 0.098527 -0.826407
v 0.807231 0.099608 -0.127172
vn -0.167179 0.395198 0.903255
v -0.080832 -0.221068 0.523139
vn -0.119504 -0.028840 -0.992415
v 0.045952 -0.173325 -0.494354
vn -0.119103 0.027142 -0.992511
v 0.051958 -0.017310 -0.484582
vn -0.550934 0.049850 -0.833059
v -0.318481 -0.153026 -0.337153
vn -0.124825 0.078070 -0.989102
v -0.046802 -0.069483 -0.507567
vn 0.958089 0.249155 -0.141376
v 0.055164 0.475604 -0.016197
vn -0.193487 0.526144 -0.828092
v 0.028568 0.148016 -0.455275
vn -0.270774 -0.458637 0.846365
v 0.245481 -0.325735 0.386565
vn 0.250909 -0.592836 0.765238
v 0.241115 -0.285198 0.402976
vn 0.461083 0.100840 0.881609
v 0.286014 -0.019017 0.442840
vn -0.076384 0.445536 0.892000
v 0.229573 -0.043848 0.448817
vn 0.619411 0.087528 0.780172
v 0.333479 0.009187 0.390315
vn 0.995659 0.057443 0.073240
v 0.796573 -0.321101 -0.044542
vn 0.655384 0.392373 -0.645379
v 0.062018 0.355913 -0.141403
vn 0.048461 0.981512 -0.185165
v 0.234116 0.348743 -0.203118
vn 0.606345 0.764336 0.219401
v -0.037492 0.516305 0.307620
vn 0.545237 0.809931 0.216169
v 0.134090 0.333938 0.189652
vn 0.408765 0.829871 0.379770
v 0.147374 0.324918 0.241149
vn 0.690249 0.144559 -0.708984
v 0.698261 -0.178391 -0.407262
vn 0.411533 0.690944 0.594337
v 0.079960 0.295588 0.262783
vn 0.419556 -0.589243 -0.690482
v -0.389339 -0.313289 -0.267375
vn -0.707955 0.351586 0.612525
v -0.136828 -0.252933 0.509570
vn -0.148212 0.481737 0.863691
v -0.019164 -0.241295 0.547583
vn -0.863464 0.331760 -0.379955
v -0.551597 0.374495 -0.082829
vn 0.822304 0.150261 -0.548852
v 0.727320 0.001379 -0.182498
vn 0.450568 0.844775 -0.288694
v 0.110956 0.407716 -0.095883
vn 0.088318 0.284252 -0.954673
v 0.412348 0.061660 -0.425586
vn -0.153089 0.616427 -0.772387
v -0.155754 0.100158 -0.375155
vn 0.231895 0.735567 -0.636527
v 0.399164 0.213219 -0.333478
vn 0.422053 -0.556788 0.715443
v -0.233103 -0.175748 0.456693
vn -0.441410 0.068705 -0.894672
v -0.255630 -0.171787 -0.370004
vn 0.167241 0.353818 -0.920241
v 0.243287 0.087039 -0.491133
vn 0.593505 -0.717661 0.364300
v 0.416808 -0.177083 0.434047
vn -0.342994 0.827583 0.444366
v -0.432533 0.424705 0.367084
vn 0.493516 0.575368 -0.652222
v 0.618464 -0.176587 -0.434011
vn 0.846007 0.360302 -0.393006
v 0.763588 -0.284646 0.148701
vn -0.239535 -0.938677 -0.248009
v -0.210933 -0.357732 -0.334184
vn 0.964745 0.257853 -0.052721
v 0.766749 -0.140093 0.144976
vn 0.943441 0.323509 -0.072529
v 0.752450 -0.139415 0.111322
vn 0.545690 -0.172749 0.819988
v 0.290879 -0.242006 0.406766
vn 0.782402 0.278027 0.557268
v 0.682044 -0.119014 0.274147
vn 0.050240 -0.039681 0.997949
v 0.477713 -0.201575 0.402813
vn 0.505463 0.394154 0.767561
v 0.642172 -0.114954 0.347898
vn -0.435549 0.028895 -0.899701
v 0.368493 -0.216513 -0.559108
vn 0.644033 0.390317 -0.657932
v 0.680514 -0.328658 -0.559537
vn 0.671308 0.424549 -0.607539
v 0.719003 -0.325173 -0.531672
vn -0.602803 -0.280031 -0.747135
v 0.305436 -0.196677 -0.509320
vn 0.009359 -0.010110 -0.999905
v 0.310458 -0.135223 -0.491648
vn 0.583950 -0.481236 -0.653770
v 0.306694 -0.337795 -0.488782
vn -0.263769 0.105545 0.958794
v 0.013798 -0.328053 0.604196
vn 0.556300 0.641779 0.527873
v 0.742839 -0.320909 0.411934
vn 0.000212 -1.000000 -0.000170
v 0.021704 -0.357728 0.478488
vn -0.406873 0.488485 -0.771905
v -0.021665 0.182647 -0.417652
vn 0.000280 -1.000000 0.000185
v -0.212234 -0.357761 0.351804
vn -0.001509 -0.999999 -0.000176
v -0.254515 -0.357768 0.351736
vn 0.000534 -1.000000 0.000403
v 0.283145 -0.357694 -0.164660
vn 0.000445 -1.000000 0.000131
v 0.228859 -0.357751 -0.060905
vn 0.729470 -0.682573 -0.044361
v 0.795545 -0.357756 -0.100953
vn -0.643368 0.109251 0.757721
v -0.479701 0.122684 0.363870
vn -0.000097 -1.000000 0.000143
v 0.624704 -0.357754 0.202745
vn -0.043913 0.614126 0.787985
v 0.048521 -0.036608 0.447395
vn -0.000242 -1.000000 0.000323
v 0.440081 -0.357708 0.021787
vn 0.080852 0.308952 0.947635
v -0.151800 0.022909 0.474290
vn -0.000084 -1.000000 -0.000157
v 0.246116 -0.357781 -0.168966
vn 0.000153 -1.000000 0.000138
v -0.678455 -0.357762 -0.341595
vn 0.830276 0.258682 0.493685
v 0.052972 0.401701 0.234124
vn 0.000090 -1.000000 0.000050
v 0.673455 -0.357771 0.277928
vn -0.004647 -0.999986 -0.002476
v 0.214073 -0.357762 -0.139629
vn 0.000557 -1.000000 0.000599
v 0.014659 -0.357728 0.423663
vn -0.000564 -1.000000 -0.000497
v -0.210697 -0.357705 -0.189885
vn -0.000052 -1.000000 -0.000472
v -0.269573 -0.357696 -0.156855
vn 0.000561 -1.000000 0.000255
v -0.211253 -0.357756 -0.136968
vn 0.000377 -1.000000 0.000342
v -0.188864 -0.357708 -0.138979
vn -0.000512 -1.000000 -0.000669
v -0.233487 -0.357745 -0.148311
vn 0.000087 -1.000000 0.000064
v 0.212182 -0.357750 0.051598
vn -0.000453 -1.000000 0.000202
v 0.440652 -0.357738 -0.003016
vn -0.000180 -1.000000 -0.000011
v 0.655004 -0.357768 0.238162
vn -0.000119 -1.000000 0.000002
v 0.575265 -0.357748 0.275717
vn -0.901077 0.127939 0.414357
v -0.569624 0.170849 0.237829
vn -0.000002 -1.000000 0.000140
v 0.628940 -0.357774 0.154068
vn -0.000258 -1.000000 -0.000402
v -0.024810 -0.357768 0.030038
vn 0.000079 -1.000000 0.000312
v 0.023284 -0.357756 -0.037621
vn -0.002684 -0.999996 -0.001188
v 0.475204 -0.357689 -0.506729
vn -0.785236 0.070430 0.615178
v -0.506840 0.303532 0.319392
vn 0.000081 -1.000000 -0.000013
v 0.328988 -0.357742 -0.022053
vn -0.000250 -1.000000 -0.000233
v -0.325581 -0.357753 -0.005228
vn 0.001127 -0.999999 0.000794
v 0.398466 -0.357740 0.001810
vn 0.000864 -0.999999 0.000648
v 0.410671 -0.357713 0.005325
vn -0.000177 -1.000000 -0.000082
v 0.465967 -0.357724 -0.051281
vn -0.000317 -1.000000 -0.000476
v 0.550377 -0.357699 -0.003538
vn -0.000079 -1.000000 0.000140
v 0.481591 -0.357769 -0.555267
vn 0.000069 -1.000000 -0.000106
v 0.445885 -0.357759 -0.608645
vn 0.884504 0.274856 -0.376970
v 0.685156 -0.034761 -0.333159
vn 0.275085 0.731169 -0.624276
v 0.376984 0.276338 -0.289153
vn 0.522070 0.628936 0.576092
v 0.748141 0.181570 -0.040716
vn -0.378564 -0.531085 -0.758049
v -0.083616 -0.275235 -0.449220
vn 0.155450 0.411572 -0.898022
v 0.463045 0.037298 -0.437366
vn -0.000337 -1.000000 0.000037
v -0.129461 -0.357731 0.079797
vn 0.000178 -1.000000 0.000174
v -0.617640 -0.357756 -0.366818
vn -0.000340 -1.000000 -0.000374
v -0.370971 -0.357792 0.127868
vn -0.000555 -1.000000 -0.000280
v -0.144558 -0.357766 -0.140573
vn -0.000160 -1.000000 -0.000196
v -0.145581 -0.357798 -0.052823
vn 0.365511 0.295532 0.882645
v -0.094560 0.346384 0.368928
vn 0.000025 -1.000000 -0.000059
v -0.018309 -0.357809 -0.132657
vn 0.000187 -1.000000 -0.000029
v 0.110358 -0.357770 -0.223144
vn -0.000051 -1.000000 -0.000134
v -0.105544 -0.357798 -0.070411
vn 0.000199 -1.000000 0.000397
v -0.041046 -0.357790 -0.066854
vn -0.000259 -1.000000 -0.000171
v -0.056275 -0.357797 -0.133561
vn 0.166983 0.586958 0.792210
v 0.020821 -0.201995 0.520524
vn -0.000078 -1.000000 -0.000077
v 0.626493 -0.357767 0.053591
vn 0.868759 0.318760 -0.379012
v 0.736544 -0.074801 -0.235319
vn -0.000496 -1.000000 -0.000454
v 0.123627 -0.357753 -0.033287
vn 0.118516 0.918863 0.376358
v 0.202790 0.321791 0.120937
vn -0.707577 0.053657 0.704596
v -0.486253 0.260991 0.347727
vn 0.102509 0.938184 0.330609
v 0.438008 0.321222 0.096341
vn 0.000129 -1.000000 0.000042
v 0.727696 -0.357740 0.331531
vn -0.000047 -1.000000 -0.000131
v 0.713263 -0.357755 0.391222
vn -0.000162 -1.000000 -0.000037
v 0.615124 -0.357767 0.308839
vn -0.629456 0.106065 0.769763
v -0.524989 -0.154056 0.353773
vn 0.278809 0.828064 -0.486390
v 0.575889 -0.183815 -0.479192
vn 0.497903 -0.060868 0.865094
v -0.172027 -0.270303 0.442887
vn 0.177168 0.674377 -0.716817
v 0.546119 -0.281081 -0.609485
vn -0.000168 -1.000000 -0.000116
v 0.528911 -0.357764 0.122715
vn -0.000195 -1.000000 -0.000367
v 0.541588 -0.357760 0.055662
vn -0.099180 0.131804 0.986302
v -0.272790 0.081706 0.455731
vn -0.170761 -0.077831 0.982234
v -0.295490 0.291338 0.452098
vn 0.000027 -1.000000 0.000011
v 0.091039 -0.357755 -0.007112
vn 0.480987 0.841991 -0.244342
v 0.731499 0.213371 -0.096487
vn -0.071168 0.905492 -0.418354
v 0.121394 0.290301 -0.305786
vn -0.871630 0.227395 -0.434227
v -0.578017 0.258936 -0.087167
vn 0.917143 0.245060 -0.314315
v 0.705114 -0.036917 -0.267752
vn -0.872328 0.370309 0.319240
v -0.605067 0.300402 0.045022
vn 0.000114 -1.000000 0.000112
v 0.382680 -0.357755 -0.178572
vn 0.000326 -1.000000 0.000347
v 0.256337 -0.357748 0.130876
vn 0.627975 0.621557 -0.468310
v 0.668824 -0.267923 -0.511858
vn 0.528827 0.742420 0.411284
v 0.686297 0.221386 -0.034554
vn 0.332269 -0.031971 0.942643
v 0.283030 -0.180963 0.419139
vn -0.991389 0.128308 -0.026159
v -0.648047 -0.098616 0.072253
vn -0.000020 -1.000000 -0.000083
v -0.035482 -0.357733 0.002810
vn -0.333913 0.354102 -0.873564
v 0.387861 -0.261459 -0.574564
vn 0.141504 0.764155 -0.629320
v 0.483032 0.211085 -0.330851
vn -0.739714 0.112994 0.663366
v -0.520738 0.079519 0.330988
vn 0.000586 -1.000000 0.000195
v 0.209580 -0.357777 -0.079620
vn 0.123563 0.811639 0.570941
v 0.325596 0.196030 0.309882
vn -0.474574 0.102530 -0.874223
v -0.154878 -0.001991 -0.441735
vn 0.030714 0.889369 0.456156
v 0.237591 0.342690 0.076406
vn -0.000052 -1.000000 -0.000197
v 0.372199 -0.357730 -0.033646
vn -0.095293 -0.436431 -0.894677
v -0.391864 0.526867 -0.241335
vn 0.042899 -0.019088 0.998897
v -0.214659 0.201123 0.449795
vn -0.000364 -1.000000 -0.000195
v 0.478652 -0.357744 0.094307
vn 0.953725 0.299950 -0.020946
v 0.741335 -0.089093 0.133454
vn -0.941992 0.263702 0.207637
v -0.570084 0.279882 0.158546
vn 0.000352 -1.000000 0.000125
v 0.225521 -0.357776 -0.125357
vn 0.000033 -1.000000 -0.000118
v 0.481357 -0.357732 0.001457
vn 0.059260 0.918960 0.389872
v 0.230034 0.300538 0.180804
vn 0.036742 0.116812 0.992474
v 0.473759 0.041471 0.356702
vn 0.834780 0.171167 0.523301
v 0.030101 0.410801 0.271763
vn 0.969455 0.189948 0.155167
v 0.707263 0.064410 0.084095
vn -0.000620 -1.000000 -0.000392
v -0.171392 -0.357759 -0.189530
vn 0.056127 -0.031227 0.997935
v -0.225637 0.277567 0.452209
vn 0.000170 -0.999999 0.001445
v -0.084441 -0.357701 -0.361466
vn 0.356727 0.673460 -0.647455
v 0.592008 -0.295333 -0.604705
vn -0.184186 0.259283 -0.948076
v -0.318826 0.118714 -0.344602
vn -0.670803 0.138241 0.728638
v -0.485500 -0.086079 0.367901
vn 0.000304 -1.000000 0.000168
v -0.429007 -0.357743 -0.103646
vn 0.977346 0.164543 -0.133121
v 0.784023 -0.238980 0.031168
vn 0.493274 0.098708 -0.864256
v -0.484463 -0.292903 -0.444796
vn -0.000081 -1.000000 -0.000069
v 0.584338 -0.357768 0.112661
vn -0.026155 0.138945 -0.989955
v -0.138452 0.332756 -0.316115
vn -0.131927 0.909420 -0.394399
v 0.173195 0.328409 -0.244249
vn 0.000293 -1.000000 0.000132
v 0.716041 -0.357761 0.282784
vn -0.104918 -0.032512 0.993949
v -0.274319 0.211261 0.448995
vn -0.801656 0.307979 -0.512344
v -0.582820 0.093944 -0.168044
vn 0.981765 0.190085 -0.002293
v 0.765176 -0.131677 -0.044242
vn 0.602928 0.791778 -0.097808
v -0.363440 0.589764 -0.208494
vn -0.975761 0.211572 0.055921
v -0.629833 0.134145 0.053206
vn -0.608913 0.332969 -0.719969
v -0.483064 0.345248 -0.197050
vn 0.000672 -1.000000 0.000296
v 0.012106 -0.357751 0.539110
vn 0.000025 -1.000000 -0.000063
v -0.042697 -0.357746 0.524725
vn 0.000081 -1.000000 0.000042
v -0.080419 -0.357758 0.204436
vn 0.000148 -1.000000 0.000102
v -0.080708 -0.357761 0.173732
vn 0.000036 -1.000000 0.000026
v -0.073266 -0.357762 0.330840
vn -0.000157 -1.000000 -0.000171
v 0.287626 -0.357711 0.188616
vn -0.007351 -0.999960 -0.005172
v 0.344644 -0.357701 -0.325577
vn -0.004520 -0.999984 -0.003327
v 0.383232 -0.357784 -0.365098
vn 0.616856 0.475851 0.626941
v -0.144897 0.327959 0.434092
vn -0.000302 -1.000000 -0.000483
v -0.432561 -0.357711 -0.010282
vn -0.000280 -1.000000 -0.000386
v -0.389658 -0.357709 -0.039719
vn -0.000137 -1.000000 -0.000130
v -0.029682 -0.357759 -0.293135
vn -0.000059 -1.000000 -0.000058
v -0.006013 -0.357760 -0.288066
vn 0.000282 -1.000000 0.000495
v 0.308742 -0.357715 0.147516
vn 0.335567 0.351337 0.874046
v -0.021037 0.285954 0.377055
vn -0.000032 -1.000000 0.000162
v -0.174644 -0.357773 0.162125
vn -0.000998 -0.999999 -0.000892
v -0.204889 -0.357776 0.204502
vn -0.000418 -1.000000 -0.000771
v 0.570029 -0.357789 -0.631488
vn 0.000221 -1.000000 0.000207
v 0.511337 -0.357740 -0.273634
vn -0.000516 -1.000000 -0.000312
v 0.521986 -0.357737 -0.615610
vn 0.000750 -1.000000 0.000566
v 0.561892 -0.357747 -0.191840
vn -0.000089 -1.000000 -0.000048
v 0.574365 -0.357731 -0.188934
vn -0.000909 -0.999999 -0.000662
v 0.611882 -0.357745 -0.226715
vn 0.000033 -1.000000 0.000092
v 0.561184 -0.357733 -0.281478
vn -0.000560 -1.000000 -0.000774
v -0.262747 -0.357776 -0.010064
vn -0.000283 -1.000000 -0.000291
v -0.252657 -0.357797 0.037570
vn 0.000330 -1.000000 0.000371
v -0.275944 -0.357815 0.139388
vn -0.000163 -1.000000 -0.000160
v -0.239164 -0.357810 0.099038
vn 0.000258 -1.000000 0.000597
v -0.222131 -0.357816 0.124013
vn 0.000261 -1.000000 -0.000240
v 0.162736 -0.357736 -0.205650
vn 0.179707 0.643172 -0.744335
v 0.288065 0.236665 -0.380743
vn -0.000051 -1.000000 -0.000020
v 0.692646 -0.357772 0.061915
vn -0.000033 -1.000000 -0.000048
v 0.642639 -0.357772 0.106648
vn 0.000048 -1.000000 -0.000128
v 0.706571 -0.357770 0.014063
vn -0.000134 -1.000000 -0.000270
v 0.261169 -0.357648 -0.220901
vn -0.002436 -0.999996 -0.001459
v 0.300264 -0.357694 -0.266616
vn -0.000794 -0.999999 -0.000942
v 0.166971 -0.357721 -0.082353
vn -0.776266 0.043626 0.628895
v -0.535512 0.030851 0.322449
vn 0.000152 -1.000000 0.000082
v -0.319369 -0.357744 -0.193266
vn 0.167445 0.338460 -0.925963
v 0.522311 0.068830 -0.402540
vn -0.000054 -1.000000 -0.000186
v 0.780748 -0.357740 0.310607
vn -0.000123 -1.000000 -0.000232
v 0.420824 -0.357761 0.206114
vn -0.000169 -1.000000 -0.000127
v -0.025118 -0.357754 0.164118
vn 0.726475 0.471104 0.500295
v 0.699077 0.002214 0.234680
vn 0.000050 -1.000000 0.000017
v 0.056618 -0.357758 0.205970
vn 0.000229 -1.000000 0.000398
v -0.494912 -0.357743 -0.037140
vn 0.000016 -1.000000 0.000013
v 0.111525 -0.357758 0.280541
vn -0.000015 -1.000000 -0.000026
v 0.069977 -0.357756 0.333920
vn 0.000032 -1.000000 0.000071
v 0.654784 -0.357750 0.395643
vn -0.000776 -1.000000 0.000298
v -0.452072 -0.357792 0.200301
vn -0.221483 0.056228 0.973542
v -0.321149 0.153356 0.440765
vn -0.529120 0.024543 0.848192
v -0.444723 0.007031 0.404204
vn 0.448082 0.771121 -0.452322
v 0.615128 0.253078 -0.125042
vn -0.978641 0.146978 0.143733
v -0.643125 -0.091719 0.119814
vn 0.001030 -0.999999 0.000635
v 0.234638 -0.357752 0.180693
vn 0.001587 -0.999998 0.000931
v 0.181472 -0.357753 0.237167
vn 0.000181 -1.000000 0.000209
v 0.323959 -0.357746 0.055660
vn 0.003801 -0.999988 0.002961
v 0.426063 -0.357787 -0.407678
vn 0.094020 0.995530 0.008951
v 0.454399 0.326499 -0.027735
vn 0.995112 0.068941 -0.070712
v 0.758252 -0.085613 -0.092204
vn 0.000740 -0.999999 0.000764
v 0.586286 -0.357710 -0.146015
vn -0.991397 -0.056296 0.118163
v -0.645997 -0.009858 0.019856
vn 0.000012 -1.000000 0.000082
v 0.616821 -0.357767 0.355690
vn -0.000725 -0.999999 -0.001026
v -0.051954 -0.357751 -0.302271
vn 0.427600 0.170066 0.887827
v -0.096828 0.206451 0.415305
vn 0.130001 0.442853 0.887120
v -0.181540 0.437127 0.356825
vn 0.000093 -1.000000 0.000004
v 0.715256 -0.357766 -0.058451
vn -0.001695 -0.999998 -0.001293
v 0.443544 -0.357790 -0.442569
vn -0.000110 -1.000000 -0.000086
v 0.071707 -0.357752 0.301057
vn -0.000635 -1.000000 -0.000793
v 0.004056 -0.357760 -0.332967
vn -0.000775 -1.000000 -0.000537
v 0.355132 -0.357745 0.171098
vn -0.918611 0.217468 0.329943
v -0.592641 0.167362 0.176910
vn -0.001093 -0.999999 -0.000893
v -0.350825 -0.357764 0.037155
vn 0.000128 -1.000000 0.000086
v -0.134148 -0.357768 0.184081
vn 0.000117 -1.000000 0.000013
v 0.031677 -0.357761 0.019832
vn 0.000167 -1.000000 0.000167
v -0.252640 -0.357724 -0.223764
vn -0.000229 -1.000000 -0.000066
v -0.353318 -0.357713 -0.097549
vn 0.960516 -0.178058 0.213788
v 0.755483 -0.019202 -0.061993
vn 0.000414 -1.000000 0.000172
v -0.047043 -0.357740 0.477079
vn -0.000628 -1.000000 -0.000293
v -0.230167 -0.357699 0.195103
vn -0.522737 0.119931 0.844016
v -0.399096 0.358115 0.415258
vn -0.000385 -1.000000 -0.000416
v 0.614953 -0.357735 -0.147601
vn 0.000334 -1.000000 -0.000229
v -0.607020 -0.357731 -0.291299
vn 0.000142 -1.000000 0.000105
v -0.190691 -0.357772 0.224135
vn -0.001265 -0.999999 -0.000677
v 0.556166 -0.357749 -0.491255
vn -0.000068 -1.000000 -0.000440
v 0.506471 -0.357620 -0.488215
vn 0.001084 -0.999999 0.001035
v 0.563711 -0.357746 -0.138513
vn -0.000594 -1.000000 -0.000403
v 0.057311 -0.357771 0.080569
vn -0.000176 -1.000000 -0.000108
v 0.022848 -0.357769 0.139413
vn 0.000224 -1.000000 0.000228
v -0.544630 -0.357730 -0.349699
vn -0.000600 -1.000000 -0.000378
v 0.025875 -0.357760 0.114397
vn 0.001247 -0.999999 0.000775
v 0.059696 -0.357711 0.400419
vn 0.000089 -1.000000 -0.000092
v -0.172244 -0.357697 -0.260233
vn -0.000774 -0.999999 -0.001210
v -0.053646 -0.357720 -0.318733
vn -0.000439 -1.000000 0.000335
v -0.375446 -0.357696 0.021077
vn -0.000266 -1.000000 0.000342
v -0.365573 -0.357755 -0.011596
vn -0.000442 -1.000000 -0.000259
v 0.587851 -0.357754 -0.180975
vn 0.000147 -1.000000 0.000111
v -0.376664 -0.357720 -0.170380
vn 0.000113 -1.000000 -0.000146
v 0.167286 -0.357761 -0.170236
vn 0.000096 -1.000000 0.000170
v 0.208824 -0.357741 -0.221489
vn 0.001315 -0.999999 -0.000012
v 0.230397 -0.357755 -0.195892
vn 0.003707 -0.999992 0.001282
v 0.232637 -0.357753 -0.184752
vn -0.001283 -0.999999 -0.000530
v 0.426619 -0.357696 -0.449521
vn 0.000018 -1.000000 -0.000003
v 0.088263 -0.357750 0.245725
vn 0.000956 -0.999999 0.000846
v 0.431021 -0.357761 -0.496478
vn 0.000915 -0.999999 -0.000717
v -0.555806 -0.357688 -0.251839
vn 0.000549 -1.000000 0.000475
v 0.269245 -0.357694 0.167597
vn -0.000142 -1.000000 -0.000283
v 0.683174 -0.357704 -0.165345
vn -0.002291 -0.999997 -0.001178
v 0.396060 -0.357761 -0.553819
vn 0.000142 -1.000000 -0.000043
v 0.071833 -0.357772 -0.314912
vn -0.000127 -1.000000 -0.000114
v 0.152238 -0.357749 -0.330668
vn -0.000209 -1.000000 -0.000184
v 0.170102 -0.357762 -0.314379
vn 0.000209 -1.000000 -0.000092
v 0.115033 -0.357745 -0.310616
vn 0.000243 -1.000000 0.000112
v -0.554723 -0.357752 -0.409536
vn 0.000151 -1.000000 -0.000040
v 0.708633 -0.357768 -0.020138
vn 0.000023 -1.000000 0.000099
v 0.550618 -0.357770 0.188699
vn 0.000141 -1.000000 0.000064
v 0.796618 -0.357726 0.254370
vn -0.000097 -1.000000 -0.000120
v 0.773471 -0.357753 0.358818
vn -0.727850 0.658969 0.189721
v -0.425963 0.577345 -0.173063
vn -0.000160 -1.000000 -0.000222
v 0.663143 -0.357761 -0.065985
vn -0.000045 -1.000000 -0.000150
v 0.537920 -0.357758 -0.194197
vn -0.000003 -1.000000 -0.000111
v 0.448638 -0.357756 -0.091356
vn 0.000258 -1.000000 0.000251
v 0.369153 -0.357751 0.011514
vn 0.792152 0.610261 -0.008714
v 0.716610 -0.295441 -0.457666
vn 0.000318 -1.000000 0.000610
v 0.200298 -0.357759 -0.234762
vn -0.001160 -0.999999 -0.000454
v -0.451848 -0.357777 0.160052
vn 0.004224 -0.999986 0.003112
v 0.426105 -0.357582 -0.382334
vn -0.376839 0.008681 0.926238
v -0.365764 0.197233 0.425228
vn -0.000221 -1.000000 -0.000274
v 0.533011 -0.357727 -0.232164
vn -0.000037 -1.000000 -0.000120
v 0.607550 -0.357740 -0.285360
vn -0.000640 -1.000000 -0.000597
v 0.478615 -0.357759 -0.331748
vn 0.000126 -1.000000 0.000099
v 0.136543 -0.357754 0.274565
vn 0.000276 -1.000000 0.000198
v 0.119069 -0.357752 0.079531
vn 0.000333 -1.000000 0.000265
v 0.099520 -0.357768 0.064596
vn 0.000479 -1.000000 0.000837
v -0.523222 -0.357717 -0.304512
vn -0.000274 -1.000000 -0.000118
v 0.318693 -0.357701 0.178068
vn 0.000340 -1.000000 0.000040
v -0.696953 -0.357748 -0.296263
vn -0.000161 -1.000000 -0.000399
v -0.427054 -0.357751 0.014551
vn -0.698643 0.052059 0.713574
v -0.492241 0.198794 0.345348
vn 0.000441 -1.000000 0.000169
v -0.169894 -0.357728 -0.318295
vn -0.006770 -0.999975 -0.002208
v -0.534001 -0.357631 0.044306
vn -0.000208 -1.000000 -0.000118
v 0.725652 -0.357736 -0.419438
vn 0.000350 -1.000000 0.000565
v 0.779890 -0.357765 0.212878
vn 0.000308 -1.000000 0.000382
v -0.421566 -0.357718 -0.034583
vn 0.000147 -1.000000 0.000105
v -0.009994 -0.357759 0.092072
vn -0.008939 -0.999940 -0.006357
v 0.390612 -0.357685 -0.390210
vn -0.000498 -1.000000 -0.000619
v -0.481642 -0.357723 0.039314
vn -0.233236 -0.792216 -0.563910
v 0.154401 -0.357644 -0.463864
vn -0.000054 -1.000000 -0.000159
v 0.235792 -0.357705 0.259589
vn -0.000208 -1.000000 0.000195
v -0.283134 -0.357778 0.289941
vn -0.001316 -0.999999 -0.000895
v -0.296353 -0.357773 0.284525
vn -0.000544 -1.000000 -0.000338
v 0.642850 -0.357739 -0.277737
vn -0.000743 -1.000000 -0.000659
v 0.672167 -0.357743 -0.305026
vn -0.081846 0.906444 -0.414320
v 0.227446 0.323172 -0.276166
vn 0.460027 0.840787 -0.285399
v 0.544352 0.290461 -0.119007
vn 0.000229 -1.000000 -0.000115
v 0.054999 -0.357778 -0.167848
vn 0.000928 -0.999999 0.001012
v -0.340996 -0.357823 0.235378
vn 0.001363 -0.999999 0.001105
v -0.311250 -0.357795 0.221721
vn -0.000063 -1.000000 -0.000047
v 0.141428 -0.357766 -0.267769
vn 0.888189 -0.250996 0.384866
v 0.086681 0.530153 0.179323
vn -0.006009 -0.999973 -0.004332
v 0.262041 -0.357753 -0.205905
vn 0.000209 -1.000000 0.000333
v 0.361571 -0.357759 0.248280
vn 0.239626 0.357897 0.902490
v -0.137918 0.390711 0.368281
vn 0.000269 -1.000000 0.000222
v -0.039515 -0.357756 0.431743
vn 0.000469 -1.000000 0.000652
v 0.011908 -0.357757 0.403219
vn 0.000670 -1.000000 -0.000041
v 0.252875 -0.357727 -0.118250
vn 0.000126 -1.000000 0.000092
v -0.052975 -0.357758 0.342175
vn 0.000704 -1.000000 -0.000432
v 0.719466 -0.357706 -0.210014
vn 0.011966 -0.999886 0.009216
v 0.519442 -0.357760 -0.531892
vn 0.007407 -0.999960 0.005066
v 0.533341 -0.357580 -0.539805
vn 0.246079 0.035514 0.968599
v -0.176224 0.292126 0.447213
vn 0.701245 -0.707107 0.090860
v 0.791055 -0.357735 -0.018847
vn 0.212824 0.776637 -0.592909
v 0.534649 -0.200891 -0.524946
vn 0.009121 -0.999944 0.005348
v 0.582193 -0.357796 -0.629008
vn 0.010057 -0.999926 0.006807
v 0.535522 -0.357794 -0.558251
vn -0.001922 -0.999998 -0.000320
v 0.490943 -0.357760 -0.514376
vn -0.000027 -1.000000 -0.000061
v 0.174050 -0.357748 0.183190
vn -0.000218 -1.000000 -0.000241
v 0.165034 -0.357749 0.213976
vn 0.000180 -1.000000 -0.000372
v 0.119367 -0.357759 -0.400887
vn -0.000459 -1.000000 -0.000465
v 0.285233 -0.357756 0.290226
vn -0.001037 -0.999999 -0.000521
v 0.274280 -0.357726 0.255741
vn -0.001901 -0.999994 -0.002843
v -0.445025 -0.357757 0.106837
vn -0.001040 -0.999999 -0.001239
v -0.400019 -0.357770 0.096302
vn 0.000152 -1.000000 0.000106
v -0.049406 -0.357764 0.101145
vn -0.007522 0.695125 -0.718849
v 0.374947 -0.187005 -0.527311
vn -0.000395 -1.000000 -0.000152
v 0.591700 -0.357737 -0.082700
vn 0.000526 -1.000000 -0.000870
v 0.367728 -0.357713 -0.281757
vn 0.000098 -1.000000 0.000247
v 0.501264 -0.357751 0.270749
vn 0.000207 -1.000000 0.000359
v 0.519169 -0.357708 -0.067025
vn 0.000744 -0.999999 0.000793
v 0.510466 -0.357716 -0.069626
vn -0.000079 -1.000000 0.000026
v 0.146390 -0.357776 -0.032099
vn 0.000024 -1.000000 0.000034
v 0.720108 -0.357795 0.193497
vn 0.000117 -1.000000 0.000083
v 0.764653 -0.357769 0.161252
vn 0.000258 -1.000000 0.000687
v 0.724628 -0.357759 0.222634
vn -0.000526 -1.000000 -0.000398
v 0.102981 -0.357756 0.009623
vn -0.000575 -1.000000 -0.000769
v -0.136640 -0.357716 -0.250045
vn 0.000185 -1.000000 0.000069
v -0.267530 -0.357677 -0.070036
vn 0.001356 -0.999998 0.001675
v -0.462114 -0.357752 0.078515
vn -0.001753 -0.999998 -0.000706
v 0.027462 -0.357746 -0.382392
vn -0.000631 -0.999999 -0.001179
v 0.057431 -0.357757 -0.388086
vn -0.000298 -1.000000 -0.000050
v 0.657316 -0.357764 -0.259695
vn 0.001216 -0.999999 0.001170
v 0.651741 -0.357758 -0.243236
vn 0.000755 -0.999999 0.000842
v 0.294789 -0.357755 -0.285079
vn 0.001288 -0.999999 -0.000008
v 0.296327 -0.357730 -0.311001
vn 0.007054 -0.999962 0.005064
v 0.180091 -0.357754 -0.117858
vn 0.006585 -0.999976 0.002233
v 0.181702 -0.357660 -0.111605
vn 0.000076 -1.000000 0.000028
v -0.031606 -0.357754 0.358110
vn -0.000106 -0.999999 -0.001106
v -0.436886 -0.357671 0.087626
vn 0.000851 -0.999999 0.000804
v 0.195052 -0.357685 0.254037
vn 0.001999 -0.999997 0.001323
v 0.180428 -0.357702 0.262524
vn 0.000432 -1.000000 0.000461
v 0.348485 -0.357707 0.080563
vn -0.000504 -1.000000 -0.000127
v 0.673423 -0.357725 -0.235896
vn 0.000039 -1.000000 0.000009
v -0.050665 -0.357755 0.393351
vn -0.000022 -1.000000 -0.000043
v -0.022273 -0.357755 0.399939
vn -0.000223 -1.000000 -0.000333
v -0.324439 -0.357808 0.130194
vn 0.000087 -1.000000 -0.000064
v -0.335715 -0.357824 0.182151
vn -0.000338 -1.000000 -0.000382
v -0.358551 -0.357779 0.082664
vn -0.000367 -1.000000 -0.000434
v -0.304104 -0.357772 0.015478
vn 0.000050 -1.000000 -0.000314
v -0.012897 -0.357782 -0.214626
vn 0.000098 -1.000000 -0.000182
v 0.035295 -0.357759 -0.221274
vn -0.000081 -1.000000 -0.000072
v 0.657616 -0.357766 0.008953
vn -0.000238 -1.000000 0.000038
v 0.723993 -0.357770 0.107609
vn -0.000425 -1.000000 -0.000357
v 0.060780 -0.357753 0.055155
vn -0.004145 -0.999988 -0.002429
v 0.420532 -0.357736 -0.422858
vn -0.644270 0.025352 0.764378
v -0.449574 0.313534 0.376848
vn -0.000419 -1.000000 -0.000235
v 0.608459 -0.357761 0.002319
vn 0.000533 -0.999999 0.001208
v 0.205809 -0.357677 -0.141501
vn 0.000078 -1.000000 0.000080
v 0.431146 -0.357759 -0.253853
vn 0.000277 -1.000000 0.000223
v 0.449668 -0.357746 -0.224287
vn -0.000050 -1.000000 -0.000082
v 0.635962 -0.357738 -0.286041
vn 0.000348 -1.000000 0.000108
v 0.473532 -0.357748 -0.098423
vn -0.000335 -1.000000 -0.000375
v -0.397974 -0.357797 0.167145
vn 0.000281 -1.000000 0.000585
v 0.665966 -0.357714 -0.378847
vn -0.000005 -1.000000 -0.000193
v 0.650286 -0.357727 -0.341995
vn -0.000609 -1.000000 -0.000366
v 0.332019 -0.357755 -0.167848
vn -0.000041 -1.000000 -0.000263
v 0.377562 -0.357752 -0.245075
vn 0.001867 -0.999997 0.001615
v 0.140853 -0.357753 0.291514
vn 0.000358 -1.000000 0.000551
v 0.061392 -0.357755 0.360764
vn 0.000110 -1.000000 0.000078
v -0.043781 -0.357759 0.263596
vn -0.000166 -1.000000 -0.000286
v 0.694973 -0.357769 0.172047
vn -0.000192 -1.000000 -0.000030
v 0.515456 -0.357725 -0.117199
vn -0.000844 -0.999999 -0.000631
v 0.537949 -0.357743 -0.130823
vn -0.359505 -0.050918 0.931753
v -0.355612 0.278079 0.431344
vn -0.000236 -1.000000 -0.000091
v 0.126994 -0.357773 0.003200
vn 0.000273 -1.000000 0.000263
v 0.136453 -0.357770 0.004331
vn -0.000333 -1.000000 -0.000475
v -0.470113 -0.357758 0.058831
vn -0.001401 -0.999999 -0.000833
v -0.235153 -0.357762 -0.072138
vn 0.000501 -1.000000 0.000377
v 0.145844 -0.357756 -0.095193
vn -0.000372 -1.000000 -0.000388
v -0.104514 -0.357683 -0.307735
vn 0.000358 -1.000000 0.000289
v -0.110346 -0.357800 0.007049
vn -0.489556 -0.021557 0.871705
v -0.403100 0.274190 0.410564
vn -0.000132 -1.000000 -0.000016
v 0.376867 -0.357705 0.103105
vn -0.000381 -1.000000 -0.000145
v 0.401132 -0.357718 0.091595
vn 0.000364 -1.000000 0.000278
v -0.467815 -0.357724 -0.018626
vn 0.000127 -1.000000 0.000075
v -0.149016 -0.357759 0.285341
vn 0.000151 -1.000000 0.000113
v -0.144506 -0.357761 0.262058
vn 0.000143 -1.000000 0.000108
v -0.211839 -0.357768 0.287666
vn -0.000041 -1.000000 0.000340
v 0.376396 -0.357709 0.088286
vn -0.002755 -0.999993 -0.002479
v 0.301380 -0.357783 -0.251198
vn -0.004640 -0.999984 -0.003257
v 0.291617 -0.357776 -0.242421
vn -0.000326 -1.000000 -0.000139
v -0.096308 -0.357756 -0.218880
vn -0.000519 -1.000000 -0.000324
v -0.109868 -0.357748 -0.219734
vn -0.000353 -1.000000 -0.000467
v -0.305994 -0.357737 -0.102088
vn -0.000439 -1.000000 -0.000452
v -0.309441 -0.357750 -0.082631
vn 0.000044 -1.000000 0.000489
v 0.375273 -0.357727 0.069433
vn 0.000124 -1.000000 0.000091
v -0.090293 -0.357770 0.103893
vn -0.000444 -1.000000 -0.000051
v -0.102979 -0.357773 0.081361
vn -0.000815 -1.000000 -0.000572
v 0.525667 -0.357776 -0.570826
vn 0.000029 -1.000000 0.000061
v 0.314342 -0.357752 -0.084580
vn 0.000180 -1.000000 0.000131
v 0.357730 -0.357744 -0.101816
vn -0.000261 -1.000000 -0.000262
v -0.074083 -0.357761 -0.216148
vn 0.000890 -0.999999 0.000899
v 0.458899 -0.357748 -0.077347
vn 0.001135 -0.999999 0.001208
v 0.477136 -0.357730 -0.085152
vn 0.000574 -1.000000 0.000489
v 0.439364 -0.357713 -0.033020
vn 0.000287 -1.000000 0.000187
v 0.639321 -0.357730 -0.374790
vn -0.000210 -1.000000 -0.000303
v -0.202098 -0.357792 -0.019241
vn -0.000437 -1.000000 -0.000657
v -0.201319 -0.357772 -0.075826
vn -0.000229 -1.000000 -0.000297
v -0.292012 -0.357800 0.079125
vn 0.000013 -1.000000 -0.000636
v -0.171596 -0.357796 0.014337
vn -0.000115 -1.000000 -0.000407
v -0.194403 -0.357812 0.026933
vn 0.000350 -1.000000 -0.000088
v -0.168879 -0.357820 0.034074
vn 0.000221 -1.000000 0.000034
v 0.095388 -0.357759 -0.117703
vn 0.000260 -1.000000 0.000369
v 0.007492 -0.357794 -0.087285
vn -0.001629 -0.999998 -0.001527
v 0.327212 -0.357619 -0.314528
vn -0.000194 -1.000000 -0.000183
v 0.480734 -0.357764 0.173915
vn -0.000021 -1.000000 -0.000050
v 0.031495 -0.357754 0.083064
vn -0.000113 -1.000000 -0.000124
v 0.184105 -0.357753 0.205598
vn 0.000526 -1.000000 0.000548
v 0.196462 -0.357753 0.204953
vn -0.002072 -0.999996 0.002102
v -0.396737 -0.357829 0.249426
vn -0.000423 -1.000000 -0.000252
v 0.303900 -0.357757 -0.122823
vn 0.001055 -0.999999 0.000541
v 0.333899 -0.357723 0.080808
vn 0.000456 -1.000000 0.000424
v 0.297369 -0.357751 0.114115
vn -0.000792 -1.000000 -0.000285
v 0.536849 -0.357725 -0.073266
vn -0.000341 -0.999999 -0.001056
v 0.336160 -0.357784 -0.289370
vn -0.000011 -1.000000 0.000051
v 0.321276 -0.357781 -0.261536
vn 0.000154 -1.000000 0.000123
v 0.662452 -0.357759 0.345274
vn -0.000356 -1.000000 -0.000130
v -0.094535 -0.357760 -0.246543
vn -0.001030 -0.999999 -0.000623
v -0.109537 -0.357748 -0.252416
vn -0.000249 -1.000000 -0.000333
v 0.415902 -0.357726 0.134740
vn 0.000148 -1.000000 0.000112
v -0.173413 -0.357765 0.266691
vn -0.000227 -1.000000 0.000102
v -0.314024 -0.357709 0.270860
vn 0.001101 -0.999999 0.001041
v 0.656947 -0.357717 -0.229710
vn -0.000061 -1.000000 0.000357
v -0.257130 -0.357773 0.301792
vn -0.000254 -1.000000 -0.000143
v -0.071218 -0.357760 0.246956
vn -0.000819 -0.999999 -0.000654
v 0.136309 -0.357774 -0.030419
vn 0.000237 -0.999999 0.001018
v -0.030283 -0.357673 -0.368403
vn -0.001451 -0.999999 0.000041
v 0.008311 -0.357673 -0.377900
vn 0.000094 -1.000000 0.000211
v -0.458735 -0.357673 0.097807
vn 0.001875 -0.999998 0.000926
v -0.294240 -0.357753 -0.060037
vn 0.000914 -1.000000 0.000375
v -0.291158 -0.357758 -0.080100
vn 0.000125 -1.000000 0.000111
v 0.618063 -0.357740 -0.404718
vn 0.000091 -1.000000 0.000364
v 0.513547 -0.357745 -0.091550
vn -0.000195 -1.000000 -0.000050
v 0.547051 -0.357749 0.341873
vn 0.000058 -1.000000 0.000168
v 0.477533 -0.357768 0.239067
vn 0.000169 -1.000000 0.000090
v 0.096740 -0.357761 -0.074524
vn 0.008063 -0.999964 0.002487
v 0.310136 -0.357753 -0.295286
vn 0.000046 -1.000000 0.000001
v 0.192608 -0.357746 0.116104
vn -0.000262 -1.000000 0.000223
v 0.219467 -0.357701 0.247165
vn -0.000070 -1.000000 -0.000042
v 0.292655 -0.357737 0.055248
vn 0.000014 -1.000000 -0.000474
v 0.161956 -0.357767 -0.406268
vn -0.000868 -0.999999 -0.000684
v 0.240643 -0.357782 -0.401058
vn -0.001066 -0.999999 -0.000955
v 0.222693 -0.357739 -0.408030
vn 0.000067 -1.000000 -0.000052
v 0.211681 -0.357730 -0.416428
vn 0.000730 -1.000000 0.000288
v 0.189699 -0.357739 -0.407648
vn -0.000122 -1.000000 -0.000093
v -0.109193 -0.357754 0.278008
vn 0.000015 -1.000000 0.000045
v 0.590669 -0.357762 0.394748
vn -0.000319 -1.000000 -0.000320
v 0.727365 -0.357762 -0.126723
vn 0.000177 -1.000000 0.000145
v 0.429639 -0.357737 -0.153689
vn 0.000385 -1.000000 0.000165
v 0.277585 -0.357739 -0.298231
vn 0.000587 -1.000000 0.000557
v 0.272476 -0.357758 -0.312993
vn 0.000538 -1.000000 0.000226
v 0.329477 -0.357783 -0.258290
vn 0.000115 -1.000000 -0.000205
v 0.430571 -0.357738 -0.122628
vn -0.000010 -1.000000 -0.000195
v 0.453413 -0.357726 -0.129003
vn 0.002411 -0.999992 0.003054
v 0.343028 -0.357763 0.319574
vn -0.000452 -1.000000 -0.000299
v 0.255122 -0.357698 0.258778
vn -0.000976 -0.999999 -0.000813
v 0.668069 -0.357758 -0.288130
vn -0.000016 -1.000000 0.000167
v 0.698982 -0.357735 -0.237888
vn -0.000413 -1.000000 0.000532
v 0.446178 -0.357766 0.241040
vn -0.001388 -0.999999 -0.000388
v -0.505974 -0.357723 0.046032
# 2027 vertices, 0 vertices normals

f 1288//1288 2//2 1092//1092
f 1149//1149 3//3 4//4
f 1476//1476 358//358 914//914
f 15//15 14//14 17//17
f 1471//1471 20//20 44//44
f 1458//1458 1120//1120 1044//1044
f 669//669 1123//1123 461//461
f 17//17 23//23 24//24
f 1545//1545 25//25 91//91
f 789//789 28//28 1188//1188
f 34//34 32//32 33//33
f 35//35 34//34 214//214
f 41//41 419//419 621//621
f 268//268 637//637 42//42
f 37//37 43//43 41//41
f 520//520 1086//1086 1363//1363
f 1494//1494 51//51 1330//1330
f 56//56 67//67 55//55
f 599//599 86//86 57//57
f 1439//1439 216//216 1440//1440
f 56//56 77//77 67//67
f 223//223 73//73 905//905
f 56//56 76//76 77//77
f 81//81 47//47 80//80
f 85//85 1417//1417 84//84
f 80//80 47//47 60//60
f 91//91 89//89 90//90
f 50//50 49//49 92//92
f 94//94 93//93 1143//1143
f 613//613 95//95 96//96
f 1381//1381 103//103 97//97
f 1576//1576 1825//1825 421//421
f 108//108 405//405 135//135
f 113//113 111//111 112//112
f 1240//1240 1344//1344 320//320
f 116//116 1163//1163 115//115
f 107//107 128//128 129//129
f 132//132 284//284 131//131
f 257//257 22//22 133//133
f 776//776 3//3 324//324
f 809//809 111//111 124//124
f 915//915 144//144 112//112
f 144//144 113//113 112//112
f 148//148 146//146 147//147
f 151//151 1170//1170 1016//1016
f 1003//1003 152//152 1197//1197
f 93//93 94//94 153//153
f 1522//1522 155//155 156//156
f 869//869 1324//1324 878//878
f 425//425 158//158 159//159
f 43//43 37//37 106//106
f 172//172 170//170 171//171
f 830//830 220//220 1415//1415
f 177//177 175//175 176//176
f 371//371 108//108 179//179
f 179//179 180//180 371//371
f 182//182 225//225 526//526
f 834//834 890//890 186//186
f 189//189 1026//1026 188//188
f 201//201 200//200 1045//1045
f 711//711 1272//1272 213//213
f 1432//1432 682//682 223//223
f 966//966 1371//1371 1367//1367
f 1605//1605 524//524 1540//1540
f 806//806 1131//1131 813//813
f 1572//1572 236//236 870//870
f 1229//1229 1097//1097 256//256
f 8//8 249//249 7//7
f 171//171 170//170 102//102
f 253//253 210//210 1361//1361
f 367//367 47//47 254//254
f 202//202 114//114 272//272
f 242//242 517//517 984//984
f 267//267 926//926 561//561
f 901//901 1369//1369 673//673
f 118//118 1309//1309 187//187
f 57//57 726//726 279//279
f 1398//1398 1096//1096 562//562
f 1574//1574 282//282 1423//1423
f 87//87 747//747 1384//1384
f 838//838 1490//1490 295//295
f 479//479 202//202 301//301
f 1166//1166 1001//1001 1185//1185
f 1172//1172 302//302 303//303
f 307//307 304//304 294//294
f 469//469 307//307 310//310
f 930//930 313//313 246//246
f 737//737 542//542 439//439
f 322//322 1226//1226 321//321
f 1835//1835 325//325 2027//2027
f 1701//1701 1700//1700 1758//1758
f 292//292 1270//1270 1836//1836
f 600//600 331//331 198//198
f 411//411 742//742 1480//1480
f 816//816 969//969 903//903
f 729//729 837//837 1495//1495
f 369//369 76//76 56//56
f 458//458 1042//1042 1147//1147
f 115//115 1163//1163 873//873
f 181//181 397//397 354//354
f 359//359 338//338 877//877
f 32//32 34//34 265//265
f 23//23 7//7 249//249
f 59//59 60//60 367//367
f 1589//1589 1571//1571 1588//1588
f 180//180 108//108 371//371
f 545//545 351//351 1347//1347
f 422//422 374//374 286//286
f 376//376 375//375 370//370
f 380//380 378//378 379//379
f 381//381 724//724 210//210
f 1508//1508 383//383 384//384
f 226//226 1373//1373 560//560
f 1262//1262 1140//1140 1265//1265
f 445//445 161//161 388//388
f 1200//1200 1013//1013 1415//1415
f 1839//1839 1838//1838 217//217
f 541//541 1414//1414 250//250
f 1221//1221 1039//1039 1126//1126
f 997//997 931//931 422//422
f 656//656 1326//1326 1304//1304
f 641//641 339//339 107//107
f 94//94 1603//1603 403//403
f 297//297 405//405 180//180
f 583//583 1020//1020 1243//1243
f 379//379 378//378 244//244
f 2022//2022 331//331 199//199
f 410//410 756//756 822//822
f 232//232 707//707 1257//1257
f 416//416 415//415 1697//1697
f 418//418 810//810 417//417
f 421//421 15//15 420//420
f 423//423 50//50 255//255
f 1136//1136 548//548 1183//1183
f 118//118 1065//1065 463//463
f 800//800 206//206 191//191
f 843//843 806//806 813//813
f 420//420 15//15 24//24
f 433//433 113//113 297//297
f 1649//1649 500//500 867//867
f 502//502 1536//1536 434//434
f 994//994 509//509 1656//1656
f 420//420 24//24 421//421
f 403//403 259//259 167//167
f 1519//1519 436//436 199//199
f 1841//1841 1840//1840 1918//1918
f 1918//1918 1710//1710 1709//1709
f 1159//1159 613//613 96//96
f 255//255 50//50 92//92
f 423//423 255//255 92//92
f 442//442 609//609 704//704
f 433//433 297//297 111//111
f 1042//1042 458//458 1085//1085
f 1176//1176 450//450 1438//1438
f 1624//1624 454//454 1666//1666
f 455//455 382//382 345//345
f 591//591 126//126 25//25
f 1099//1099 963//963 270//270
f 1382//1382 594//594 1385//1385
f 126//126 630//630 1155//1155
f 467//467 168//168 466//466
f 2//2 469//469 1092//1092
f 79//79 844//844 1098//1098
f 852//852 1006//1006 830//830
f 1304//1304 939//939 656//656
f 193//193 192//192 1048//1048
f 1614//1614 362//362 518//518
f 922//922 475//475 697//697
f 1476//1476 1315//1315 1352//1352
f 806//806 1412//1412 569//569
f 1102//1102 1379//1379 459//459
f 1259//1259 484//484 710//710
f 27//27 1013//1013 525//525
f 838//838 666//666 16//16
f 489//489 1497//1497 1183//1183
f 742//742 490//490 635//635
f 572//572 1135//1135 341//341
f 499//499 549//549 517//517
f 256//256 616//616 1339//1339
f 814//814 500//500 221//221
f 504//504 1246//1246 757//757
f 645//645 446//446 794//794
f 726//726 1007//1007 372//372
f 668//668 821//821 513//513
f 362//362 645//645 518//518
f 109//109 520//520 521//521
f 1489//1489 1675//1675 571//571
f 1016//1016 622//622 151//151
f 282//282 527//527 528//528
f 530//530 729//729 555//555
f 1091//1091 1719//1719 293//293
f 624//624 244//244 378//378
f 682//682 538//538 127//127
f 1643//1643 546//546 547//547
f 99//99 954//954 551//551
f 407//407 230//230 553//553
f 1037//1037 1002//1002 1215//1215
f 522//522 576//576 555//555
f 557//557 1342//1342 305//305
f 517//517 1187//1187 560//560
f 1269//1269 277//277 422//422
f 179//179 697//697 380//380
f 352//352 1462//1462 572//572
f 576//576 522//522 1750//1750
f 1697//1697 163//163 416//416
f 120//120 119//119 586//586
f 1181//1181 325//325 587//587
f 589//589 661//661 688//688
f 590//590 1183//1183 708//708
f 1663//1663 546//546 566//566
f 1416//1416 595//595 519//519
f 1111//1111 1157//1157 1010//1010
f 601//601 228//228 89//89
f 606//606 306//306 879//879
f 113//113 433//433 111//111
f 617//617 1105//1105 730//730
f 320//320 605//605 604//604
f 1108//1108 521//521 622//622
f 653//653 566//566 546//546
f 148//148 571//571 432//432
f 977//977 623//623 473//473
f 626//626 561//561 951//951
f 1372//1372 352//352 819//819
f 484//484 413//413 349//349
f 428//428 348//348 429//429
f 1547//1547 676//676 1222//1222
f 221//221 220//220 830//830
f 640//640 639//639 1496//1496
f 1289//1289 1114//1114 1320//1320
f 596//596 647//647 887//887
f 547//547 66//66 356//356
f 936//936 473//473 623//623
f 1030//1030 687//687 252//252
f 466//466 251//251 654//654
f 1468//1468 552//552 550//550
f 634//634 1639//1639 1606//1606
f 1760//1760 566//566 652//652
f 652//652 948//948 1760//1760
f 870//870 1189//1189 1572//1572
f 64//64 1552//1552 1554//1554
f 665//665 662//662 1004//1004
f 354//354 205//205 181//181
f 692//692 668//668 513//513
f 629//629 562//562 353//353
f 862//862 683//683 40//40
f 686//686 534//534 685//685
f 540//540 1374//1374 1140//1140
f 743//743 950//950 694//694
f 130//130 253//253 565//565
f 1842//1842 700//700 293//293
f 370//370 375//375 124//124
f 1760//1760 581//581 1590//1590
f 44//44 495//495 702//702
f 313//313 993//993 361//361
f 1716//1716 1717//1717 1715//1715
f 259//259 602//602 167//167
f 1846//1846 1989//1989 1845//1845
f 1615//1615 1618//1618 1619//1619
f 81//81 654//654 47//47
f 1617//1617 1619//1619 1618//1618
f 392//392 391//391 710//710
f 711//711 1977//1977 712//712
f 717//717 1339//1339 616//616
f 1309//1309 942//942 187//187
f 679//679 149//149 150//150
f 1339//1339 717//717 588//588
f 645//645 933//933 1256//1256
f 11//11 9//9 880//880
f 271//271 717//717 722//722
f 690//690 1225//1225 1329//1329
f 616//616 256//256 731//731
f 727//727 966//966 1382//1382
f 652//652 1687//1687 948//948
f 77//77 927//927 67//67
f 1405//1405 927//927 77//77
f 44//44 13//13 227//227
f 1436//1436 1213//1213 1282//1282
f 1102//1102 1512//1512 30//30
f 1559//1559 1395//1395 533//533
f 185//185 503//503 364//364
f 1388//1388 1116//1116 1452//1452
f 8//8 32//32 1610//1610
f 1//1 141//141 195//195
f 577//577 562//562 1403//1403
f 70//70 95//95 613//613
f 183//183 754//754 10//10
f 823//823 1061//1061 497//497
f 10//10 754//754 761//761
f 761//761 754//754 443//443
f 277//277 278//278 422//422
f 1049//1049 1175//1175 768//768
f 875//875 421//421 106//106
f 152//152 1043//1043 1197//1197
f 457//457 140//140 886//886
f 1435//1435 1298//1298 1302//1302
f 791//791 1572//1572 777//777
f 356//356 397//397 547//547
f 332//332 934//934 1018//1018
f 960//960 884//884 1243//1243
f 506//506 398//398 90//90
f 346//346 398//398 506//506
f 793//793 1669//1669 1093//1093
f 934//934 888//888 1666//1666
f 1625//1625 1595//1595 1112//1112
f 752//752 751//751 976//976
f 1080//1080 1085//1085 2//2
f 1728//1728 1377//1377 4//4
f 1271//1271 1024//1024 1343//1343
f 804//804 968//968 829//829
f 1621//1621 1720//1720 1721//1721
f 1126//1126 1101//1101 1221//1221
f 1408//1408 808//808 302//302
f 517//517 549//549 978//978
f 251//251 470//470 812//812
f 830//830 802//802 814//814
f 1052//1052 178//178 235//235
f 1827//1827 1570//1570 336//336
f 513//513 1355//1355 692//692
f 720//720 11//11 880//880
f 775//775 615//615 1081//1081
f 1308//1308 595//595 1655//1655
f 340//340 1188//1188 545//545
f 1666//1666 454//454 934//934
f 385//385 1056//1056 706//706
f 821//821 818//818 513//513
f 513//513 818//818 1355//1355
f 1948//1948 1723//1723 1724//1724
f 835//835 233//233 318//318
f 312//312 399//399 751//751
f 837//837 836//836 891//891
f 842//842 583//583 261//261
f 1477//1477 1303//1303 848//848
f 237//237 504//504 21//21
f 102//102 97//97 103//103
f 504//504 237//237 1246//1246
f 1099//1099 270//270 846//846
f 817//817 512//512 807//807
f 853//853 948//948 852//852
f 343//343 957//957 1238//1238
f 857//857 397//397 296//296
f 1136//1136 1515//1515 1286//1286
f 678//678 936//936 409//409
f 223//223 865//865 872//872
f 39//39 1203//1203 559//559
f 211//211 213//213 1447//1447
f 1098//1098 967//967 79//79
f 865//865 223//223 905//905
f 318//318 831//831 835//835
f 1635//1635 1661//1661 1665//1665
f 875//875 1193//1193 14//14
f 1666//1666 888//888 53//53
f 1232//1232 605//605 834//834
f 756//756 1150//1150 684//684
f 1204//1204 348//348 1456//1456
f 889//889 888//888 332//332
f 223//223 74//74 73//73
f 140//140 457//457 1674//1674
f 261//261 1503//1503 871//871
f 898//898 805//805 1190//1190
f 901//901 68//68 900//900
f 558//558 559//559 1675//1675
f 950//950 743//743 431//431
f 1358//1358 849//849 746//746
f 648//648 909//909 1520//1520
f 169//169 1116//1116 790//790
f 911//911 910//910 1097//1097
f 491//491 1097//1097 910//910
f 1314//1314 1137//1137 1353//1353
f 821//821 823//823 818//818
f 890//890 918//918 295//295
f 815//815 1625//1625 1827//1827
f 913//913 1378//1378 712//712
f 295//295 918//918 1517//1517
f 497//497 674//674 823//823
f 39//39 559//559 558//558
f 295//295 1490//1490 266//266
f 430//430 1482//1482 603//603
f 1136//1136 450//450 1515//1515
f 1037//1037 700//700 1002//1002
f 975//975 693//693 68//68
f 938//938 1662//1662 684//684
f 222//222 395//395 82//82
f 1728//1728 226//226 1608//1608
f 1179//1179 862//862 33//33
f 367//367 254//254 368//368
f 741//741 1022//1022 784//784
f 28//28 789//789 492//492
f 360//360 947//947 1539//1539
f 501//501 683//683 468//468
f 812//812 553//553 230//230
f 1020//1020 583//583 842//842
f 102//102 172//172 171//171
f 952//952 459//459 1035//1035
f 1806//1806 1627//1627 1729//1729
f 1370//1370 1066//1066 1552//1552
f 938//938 1316//1316 1662//1662
f 352//352 572//572 341//341
f 961//961 882//882 734//734
f 284//284 1357//1357 827//827
f 449//449 1357//1357 1419//1419
f 143//143 767//767 142//142
f 905//905 578//578 536//536
f 1161//1161 975//975 716//716
f 46//46 196//196 218//218
f 486//486 972//972 357//357
f 758//758 625//625 778//778
f 923//923 982//982 983//983
f 871//871 732//732 891//891
f 1130//1130 1089//1089 452//452
f 743//743 694//694 1291//1291
f 820//820 1197//1197 1577//1577
f 62//62 488//488 989//989
f 961//961 996//996 69//69
f 987//987 990//990 966//966
f 504//504 757//757 821//821
f 118//118 794//794 1309//1309
f 868//868 912//912 1022//1022
f 18//18 110//110 1307//1307
f 1640//1640 724//724 920//920
f 6//6 23//23 17//17
f 94//94 160//160 1603//1603
f 623//623 418//418 417//417
f 1054//1054 1014//1014 969//969
f 423//423 103//103 1562//1562
f 116//116 1263//1263 1277//1277
f 36//36 1375//1375 464//464
f 332//332 849//849 1019//1019
f 1017//1017 987//987 1012//1012
f 994//994 1656//1656 1021//1021
f 8//8 31//31 32//32
f 1011//1011 1012//1012 1024//1024
f 708//708 1497//1497 956//956
f 1011//1011 1024//1024 1271//1271
f 1028//1028 419//419 1431//1431
f 600//600 656//656 939//939
f 1549//1549 675//675 696//696
f 1474//1474 1262//1262 873//873
f 1034//1034 979//979 1032//1032
f 779//779 250//250 959//959
f 787//787 1605//1605 1540//1540
f 1033//1033 188//188 166//166
f 657//657 979//979 1034//1034
f 406//406 1333//1333 1446//1446
f 1632//1632 154//154 162//162
f 247//247 58//58 1533//1533
f 1392//1392 1750//1750 500//500
f 1034//1034 1318//1318 1048//1048
f 1215//1215 1038//1038 1242//1242
f 1126//1126 1039//1039 1040//1040
f 495//495 1048//1048 1318//1318
f 1747//1747 983//983 620//620
f 941//941 1377//1377 1728//1728
f 116//116 1277//1277 1147//1147
f 506//506 228//228 507//507
f 145//145 964//964 185//185
f 1387//1387 1687//1687 652//652
f 1034//1034 1032//1032 1318//1318
f 1//1 140//140 141//141
f 499//499 1530//1530 549//549
f 1000//1000 1046//1046 1233//1233
f 1050//1050 645//645 1256//1256
f 972//972 486//486 1164//1164
f 1048//1048 786//786 1034//1034
f 786//786 1048//1048 192//192
f 932//932 965//965 138//138
f 193//193 20//20 1471//1471
f 495//495 20//20 193//193
f 66//66 1059//1059 496//496
f 1605//1605 1037//1037 264//264
f 839//839 889//889 1416//1416
f 775//775 193//193 1069//1069
f 266//266 890//890 295//295
f 982//982 12//12 983//983
f 617//617 1029//1029 760//760
f 193//193 1471//1471 1069//1069
f 39//39 26//26 27//27
f 7//7 23//23 6//6
f 216//216 284//284 132//132
f 500//500 814//814 1392//1392
f 1137//1137 1314//1314 1009//1009
f 90//90 89//89 506//506
f 1081//1081 615//615 1072//1072
f 1072//1072 887//887 783//783
f 388//388 161//161 801//801
f 1072//1072 1080//1080 1081//1081
f 598//598 373//373 1129//1129
f 501//501 275//275 683//683
f 1055//1055 543//543 765//765
f 1379//1379 991//991 459//459
f 1080//1080 1400//1400 1081//1081
f 1075//1075 481//481 593//593
f 898//898 1190//1190 1498//1498
f 1352//1352 98//98 1476//1476
f 855//855 1066//1066 1370//1370
f 274//274 1363//1363 1086//1086
f 1687//1687 1387//1387 544//544
f 352//352 1372//1372 317//317
f 1122//1122 1123//1123 1285//1285
f 605//605 320//320 834//834
f 1626//1626 923//923 955//955
f 649//649 1085//1085 1275//1275
f 847//847 745//745 715//715
f 891//891 836//836 1068//1068
f 1095//1095 1096//1096 970//970
f 122//122 237//237 21//21
f 45//45 72//72 430//430
f 844//844 1451//1451 1098//1098
f 947//947 1142//1142 876//876
f 364//364 529//529 1015//1015
f 1433//1433 1355//1355 1314//1314
f 1381//1381 1281//1281 995//995
f 852//852 1415//1415 1479//1479
f 1276//1276 1104//1104 1103//1103
f 1103//1103 1104//1104 304//304
f 136//136 1485//1485 131//131
f 1861//1861 123//123 1167//1167
f 304//304 1104//1104 523//523
f 1334//1334 1465//1465 450//450
f 520//520 1363//1363 532//532
f 523//523 1104//1104 1267//1267
f 912//912 533//533 919//919
f 1105//1105 851//851 730//730
f 1561//1561 1397//1397 1107//1107
f 546//546 1643//1643 481//481
f 282//282 528//528 1636//1636
f 988//988 310//310 294//294
f 907//907 1427//1427 856//856
f 327//327 910//910 1453//1453
f 800//800 191//191 1297//1297
f 294//294 1088//1088 988//988
f 425//425 160//160 158//158
f 988//988 723//723 1119//1119
f 1229//1229 1003//1003 911//911
f 657//657 136//136 1271//1271
f 634//634 1606//1606 662//662
f 988//988 1088//1088 723//723
f 1015//1015 206//206 145//145
f 1328//1328 488//488 928//928
f 1139//1139 790//790 1116//1116
f 683//683 104//104 1118//1118
f 845//845 1235//1235 258//258
f 150//150 1454//1454 270//270
f 346//346 345//345 398//398
f 1273//1273 1253//1253 531//531
f 1117//1117 723//723 1244//1244
f 1170//1170 151//151 1363//1363
f 1124//1124 698//698 861//861
f 1395//1395 1481//1481 919//919
f 324//324 3//3 1149//1149
f 830//830 814//814 221//221
f 990//990 1017//1017 735//735
f 572//572 1517//1517 1135//1135
f 56//56 55//55 369//369
f 1514//1514 824//824 1128//1128
f 280//280 1007//1007 726//726
f 1130//1130 451//451 1129//1129
f 681//681 280//280 1374//1374
f 49//49 1405//1405 77//77
f 1532//1532 1094//1094 5//5
f 1244//1244 269//269 1117//1117
f 843//843 813//813 614//614
f 269//269 1119//1119 1117//1117
f 93//93 158//158 1143//1143
f 1270//1270 1145//1145 1146//1146
f 326//326 1336//1336 850//850
f 1562//1562 103//103 1381//1381
f 1232//1232 173//173 1244//1244
f 489//489 548//548 5//5
f 123//123 338//338 1646//1646
f 1344//1344 1364//1364 918//918
f 83//83 766//766 1151//1151
f 468//468 965//965 932//932
f 69//69 996//996 1144//1144
f 1754//1754 539//539 1155//1155
f 1200//1200 1415//1415 220//220
f 644//644 643//643 239//239
f 512//512 843//843 807//807
f 1451//1451 844//844 1524//1524
f 1326//1326 470//470 1304//1304
f 1211//1211 181//181 1268//1268
f 1164//1164 1174//1174 173//173
f 994//994 1165//1165 509//509
f 1302//1302 1298//1298 647//647
f 274//274 273//273 1363//1363
f 1164//1164 173//173 1169//1169
f 692//692 1355//1355 1433//1433
f 137//137 1184//1184 895//895
f 1173//1173 741//741 1513//1513
f 824//824 1218//1218 868//868
f 1143//1143 158//158 160//160
f 1420//1420 1244//1244 173//173
f 1550//1550 651//651 1426//1426
f 173//173 1174//1174 1420//1420
f 1164//1164 1421//1421 1174//1174
f 1466//1466 207//207 311//311
f 1180//1180 803//803 1079//1079
f 1138//1138 1236//1236 117//117
f 1641//1641 861//861 860//860
f 614//614 857//857 52//52
f 875//875 106//106 37//37
f 1152//1152 262//262 1182//1182
f 469//469 1103//1103 304//304
f 752//752 1622//1622 1074//1074
f 484//484 483//483 1350//1350
f 1119//1119 269//269 1420//1420
f 945//945 556//556 950//950
f 1147//1147 1277//1277 1283//1283
f 326//326 851//851 1105//1105
f 829//829 1403//1403 258//258
f 1424//1424 1422//1422 1031//1031
f 810//810 871//871 1503//1503
f 1188//1188 1134//1134 789//789
f 1097//1097 1229//1229 911//911
f 185//185 1035//1035 981//981
f 228//228 601//601 757//757
f 1651//1651 826//826 603//603
f 302//302 212//212 1408//1408
f 1192//1192 1195//1195 353//353
f 580//580 1193//1193 621//621
f 187//187 1065//1065 118//118
f 956//956 895//895 708//708
f 887//887 615//615 596//596
f 1359//1359 1195//1195 1031//1031
f 925//925 1196//1196 917//917
f 1078//1078 899//899 671//671
f 1198//1198 1031//1031 1195//1195
f 562//562 577//577 1398//1398
f 1195//1195 1315//1315 353//353
f 1238//1238 38//38 343//343
f 680//680 679//679 1053//1053
f 39//39 1033//1033 1203//1203
f 1315//1315 1195//1195 1359//1359
f 1456//1456 1239//1239 1204//1204
f 98//98 234//234 1476//1476
f 653//653 481//481 1075//1075
f 1168//1168 597//597 598//598
f 672//672 497//497 13//13
f 222//222 622//622 1016//1016
f 1145//1145 1186//1186 784//784
f 1106//1106 1377//1377 494//494
f 1116//1116 1385//1385 1452//1452
f 599//599 616//616 731//731
f 661//661 1203//1203 1210//1210
f 1269//1269 804//804 782//782
f 453//453 925//925 917//917
f 404//404 234//234 98//98
f 1517//1517 918//918 1135//1135
f 1045//1045 1215//1215 1216//1216
f 1325//1325 1042//1042 1085//1085
f 1338//1338 1047//1047 1137//1137
f 1290//1290 188//188 1033//1033
f 490//490 742//742 971//971
f 1218//1218 1217//1217 29//29
f 1033//1033 1219//1219 1290//1290
f 1222//1222 1066//1066 855//855
f 243//243 46//46 218//218
f 1001//1001 1166//1166 548//548
f 1224//1224 1475//1475 385//385
f 816//816 1463//1463 659//659
f 266//266 1228//1228 186//186
f 590//590 1438//1438 450//450
f 266//266 186//186 890//890
f 1072//1072 783//783 1325//1325
f 1265//1265 1140//1140 750//750
f 804//804 829//829 1467//1467
f 881//881 593//593 1211//1211
f 1212//1212 1327//1327 986//986
f 1282//1282 1213//1213 285//285
f 1376//1376 325//325 471//471
f 716//716 975//975 162//162
f 137//137 99//99 1184//1184
f 762//762 1544//1544 1254//1254
f 294//294 304//304 523//523
f 1463//1463 803//803 1460//1460
f 350//350 867//867 977//977
f 1090//1090 596//596 1069//1069
f 24//24 1576//1576 421//421
f 134//134 1169//1169 834//834
f 408//408 892//892 701//701
f 1132//1132 42//42 74//74
f 1851//1851 1132//1132 1754//1754
f 680//680 1239//1239 1073//1073
f 696//696 675//675 676//676
f 900//900 869//869 314//314
f 1169//1169 1232//1232 834//834
f 1324//1324 869//869 1450//1450
f 490//490 1078//1078 635//635
f 105//105 428//428 598//598
f 1156//1156 959//959 1220//1220
f 591//591 25//25 1545//1545
f 1171//1171 492//492 789//789
f 1852//1852 1902//1902 1853//1853
f 653//653 652//652 566//566
f 1304//1304 949//949 1496//1496
f 768//768 263//263 1242//1242
f 884//884 885//885 1243//1243
f 389//389 390//390 1245//1245
f 1107//1107 1397//1397 1534//1534
f 86//86 856//856 1427//1427
f 667//667 662//662 1606//1606
f 971//971 742//742 260//260
f 1481//1481 1145//1145 784//784
f 228//228 1246//1246 980//980
f 507//507 980//980 346//346
f 287//287 753//753 1648//1648
f 1248//1248 706//706 1247//1247
f 1646//1646 1557//1557 858//858
f 281//281 719//719 798//798
f 1524//1524 1569//1569 1451//1451
f 289//289 1473//1473 906//906
f 604//604 605//605 1244//1244
f 756//756 1669//1669 822//822
f 157//157 724//724 381//381
f 199//199 331//331 639//639
f 1354//1354 22//22 16//16
f 1151//1151 1606//1606 1647//1647
f 660//660 1025//1025 1536//1536
f 73//73 637//637 427//427
f 832//832 1492//1492 457//457
f 893//893 227//227 1331//1331
f 723//723 165//165 1244//1244
f 560//560 781//781 517//517
f 638//638 681//681 1527//1527
f 1004//1004 785//785 19//19
f 1030//1030 252//252 1291//1291
f 165//165 1027//1027 1244//1244
f 508//508 924//924 999//999
f 495//495 193//193 1048//1048
f 489//489 1183//1183 548//548
f 548//548 1166//1166 5//5
f 1427//1427 57//57 86//86
f 1380//1380 950//950 1241//1241
f 1477//1477 650//650 195//195
f 809//809 915//915 112//112
f 1324//1324 1291//1291 929//929
f 1525//1525 686//686 685//685
f 57//57 1427//1427 726//726
f 488//488 62//62 1258//1258
f 1415//1415 1013//1013 1479//1479
f 870//870 348//348 1204//1204
f 1491//1491 334//334 981//981
f 974//974 1482//1482 72//72
f 230//230 337//337 812//812
f 1132//1132 563//563 1065//1065
f 715//715 104//104 1179//1179
f 1380//1380 993//993 694//694
f 350//350 1261//1261 867//867
f 1520//1520 909//909 718//718
f 1263//1263 1262//1262 1265//1265
f 354//354 397//397 857//857
f 281//281 114//114 636//636
f 13//13 702//702 672//672
f 447//447 917//917 95//95
f 1564//1564 876//876 866//866
f 933//933 825//825 1256//1256
f 422//422 931//931 1269//1269
f 1090//1090 1471//1471 1260//1260
f 738//738 521//521 1108//1108
f 62//62 63//63 1258//1258
f 553//553 476//476 407//407
f 559//559 1203//1203 661//661
f 122//122 21//21 346//346
f 272//272 386//386 1444//1444
f 457//457 472//472 832//832
f 1276//1276 1275//1275 1277//1277
f 199//199 639//639 1519//1519
f 1279//1279 1247//1247 1278//1278
f 467//467 625//625 1280//1280
f 1063//1063 1058//1058 1156//1156
f 889//889 839//839 53//53
f 242//242 1294//1294 241//241
f 1433//1433 1412//1412 806//806
f 1275//1275 1283//1283 1277//1277
f 692//692 1433//1433 843//843
f 90//90 398//398 916//916
f 992//992 1243//1243 1020//1020
f 491//491 1364//1364 1083//1083
f 545//545 28//28 351//351
f 966//966 772//772 1371//1371
f 772//772 456//456 1371//1371
f 905//905 536//536 865//865
f 959//959 250//250 241//241
f 536//536 298//298 865//865
f 1001//1001 548//548 1286//1286
f 772//772 966//966 727//727
f 1464//1464 859//859 1236//1236
f 34//34 35//35 265//265
f 771//771 772//772 1109//1109
f 1574//1574 1423//1423 1310//1310
f 254//254 337//337 368//368
f 926//926 986//986 561//561
f 847//847 1179//1179 6//6
f 1420//1420 1440//1440 1430//1430
f 498//498 658//658 511//511
f 220//220 525//525 1200//1200
f 985//985 1260//1260 893//893
f 668//668 1059//1059 821//821
f 1238//1238 985//985 893//893
f 234//234 357//357 358//358
f 66//66 1060//1060 1059//1059
f 1260//1260 985//985 1302//1302
f 583//583 885//885 1307//1307
f 1309//1309 1527//1527 942//942
f 16//16 22//22 344//344
f 864//864 512//512 817//817
f 1253//1253 595//595 531//531
f 1302//1302 1090//1090 1260//1260
f 260//260 400//400 971//971
f 505//505 1536//1536 502//502
f 1577//1577 1668//1668 825//825
f 511//511 1365//1365 498//498
f 535//535 1311//1311 1021//1021
f 1057//1057 460//460 29//29
f 632//632 1057//1057 29//29
f 40//40 214//214 862//862
f 150//150 270//270 963//963
f 355//355 804//804 289//289
f 649//649 469//469 2//2
f 1363//1363 273//273 1170//1170
f 856//856 86//86 999//999
f 1486//1486 762//762 805//805
f 495//495 44//44 20//20
f 244//244 624//624 243//243
f 294//294 310//310 307//307
f 1228//1228 357//357 134//134
f 702//702 1318//1318 1032//1032
f 1091//1091 1037//1037 1605//1605
f 1091//1091 700//700 1037//1037
f 915//915 1107//1107 1534//1534
f 134//134 834//834 186//186
f 957//957 872//872 1435//1435
f 1055//1055 718//718 739//739
f 979//979 537//537 1032//1032
f 776//776 324//324 1604//1604
f 38//38 601//601 91//91
f 1217//1217 851//851 1543//1543
f 672//672 1322//1322 674//674
f 930//930 1324//1324 929//929
f 1168//1168 849//849 597//597
f 497//497 672//672 674//674
f 1129//1129 568//568 1308//1308
f 88//88 1165//1165 300//300
f 674//674 1338//1338 1009//1009
f 135//135 179//179 108//108
f 133//133 914//914 257//257
f 1071//1071 1175//1175 1843//1843
f 1322//1322 1338//1338 674//674
f 1209//1209 556//556 1630//1630
f 570//570 693//693 908//908
f 18//18 1463//1463 461//461
f 672//672 537//537 979//979
f 1110//1110 733//733 670//670
f 1642//1642 976//976 1604//1604
f 1509//1509 785//785 1333//1333
f 672//672 979//979 1322//1322
f 867//867 1335//1335 1649//1649
f 540//540 427//427 689//689
f 661//661 1630//1630 559//559
f 1322//1322 979//979 1338//1338
f 977//977 522//522 732//732
f 1181//1181 863//863 276//276
f 1105//1105 565//565 326//326
f 644//644 239//239 1158//1158
f 445//445 628//628 365//365
f 115//115 1262//1262 1263//1263
f 760//760 1029//1029 308//308
f 1047//1047 1343//1343 1137//1137
f 904//904 741//741 784//784
f 590//590 708//708 1438//1438
f 1104//1104 1276//1276 1267//1267
f 52//52 817//817 807//807
f 298//298 797//797 592//592
f 1056//1056 1149//1149 1106//1106
f 1343//1343 1353//1353 1137//1137
f 666//666 575//575 1347//1347
f 16//16 666//666 1347//1347
f 327//327 1453//1453 341//341
f 491//491 1135//1135 1364//1364
f 235//235 48//48 1083//1083
f 1036//1036 252//252 687//687
f 1306//1306 159//159 158//158
f 402//402 413//413 1350//1350
f 987//987 966//966 1351//1351
f 426//426 159//159 584//584
f 92//92 1737//1737 1628//1628
f 1314//1314 1353//1353 1412//1412
f 1738//1738 1977//1977 711//711
f 422//422 286//286 997//997
f 42//42 637//637 74//74
f 608//608 1142//1142 75//75
f 18//18 461//461 110//110
f 735//735 827//827 594//594
f 307//307 469//469 304//304
f 1024//1024 1353//1353 1343//1343
f 251//251 337//337 254//254
f 1433//1433 1314//1314 1412//1412
f 1373//1373 781//781 560//560
f 215//215 1288//1288 1092//1092
f 859//859 1300//1300 54//54
f 811//811 233//233 1472//1472
f 299//299 1165//1165 510//510
f 1223//1223 1354//1354 492//492
f 1251//1251 1120//1120 1171//1171
f 1335//1335 1101//1101 1126//1126
f 1012//1012 424//424 1353//1353
f 1406//1406 629//629 1315//1315
f 714//714 745//745 803//803
f 615//615 775//775 1069//1069
f 1243//1243 885//885 583//583
f 1012//1012 1353//1353 1024//1024
f 1358//1358 1202//1202 61//61
f 1347//1347 351//351 1354//1354
f 1480//1480 635//635 5//5
f 521//521 532//532 622//622
f 1220//1220 1559//1559 1156//1156
f 486//486 404//404 1160//1160
f 1412//1412 1353//1353 998//998
f 1301//1301 370//370 641//641
f 1158//1158 436//436 1519//1519
f 1080//1080 1072//1072 1325//1325
f 998//998 1353//1353 424//424
f 1371//1371 569//569 1367//1367
f 1469//1469 899//899 1078//1078
f 840//840 308//308 1311//1311
f 1138//1138 678//678 1236//1236
f 1554//1554 1368//1368 194//194
f 569//569 998//998 1367//1367
f 1324//1324 930//930 878//878
f 945//945 1630//1630 556//556
f 176//176 175//175 584//584
f 1240//1240 1083//1083 1364//1364
f 554//554 82//82 395//395
f 121//121 36//36 574//574
f 38//38 91//91 100//100
f 1102//1102 459//459 952//952
f 1620//1620 1144//1144 1125//1125
f 303//303 1209//1209 589//589
f 4//4 3//3 1373//1373
f 1415//1415 852//852 830//830
f 1351//1351 424//424 987//987
f 992//992 1488//1488 1483//1483
f 644//644 765//765 643//643
f 701//701 892//892 1376//1376
f 953//953 1461//1461 344//344
f 1367//1367 998//998 424//424
f 786//786 657//657 1034//1034
f 1464//1464 394//394 1300//1300
f 424//424 1351//1351 1367//1367
f 991//991 1379//1379 846//846
f 1154//1154 1319//1319 201//201
f 1111//1111 1182//1182 763//763
f 1747//1747 200//200 201//201
f 1513//1513 943//943 736//736
f 1185//1185 636//636 114//114
f 727//727 1382//1382 1109//1109
f 192//192 773//773 786//786
f 1387//1387 1386//1386 544//544
f 1382//1382 1385//1385 1109//1109
f 1227//1227 472//472 886//886
f 826//826 153//153 602//602
f 313//313 361//361 246//246
f 260//260 521//521 738//738
f 635//635 1480//1480 742//742
f 1410//1410 1230//1230 747//747
f 605//605 1232//1232 1244//1244
f 1496//1496 939//939 1304//1304
f 408//408 1121//1121 1829//1829
f 564//564 1173//1173 736//736
f 1040//1040 188//188 1290//1290
f 252//252 743//743 1291//1291
f 1329//1329 1225//1225 854//854
f 1139//1139 1388//1388 1393//1393
f 496//496 668//668 864//864
f 1118//1118 104//104 714//714
f 542//542 1023//1023 439//439
f 298//298 872//872 865//865
f 777//777 1572//1572 1189//1189
f 997//997 788//788 931//931
f 1073//1073 1177//1177 854//854
f 730//730 1337//1337 1084//1084
f 749//749 1476//1476 799//799
f 617//617 730//730 1084//1084
f 752//752 1394//1394 751//751
f 788//788 997//997 1393//1393
f 651//651 696//696 1677//1677
f 1479//1479 1013//1013 26//26
f 531//531 568//568 1008//1008
f 1109//1109 169//169 771//771
f 964//964 952//952 185//185
f 920//920 157//157 685//685
f 305//305 1196//1196 1008//1008
f 1855//1855 179//179 1693//1693
f 678//678 554//554 1236//1236
f 297//297 144//144 405//405
f 577//577 968//968 931//931
f 952//952 1441//1441 1102//1102
f 83//83 670//670 982//982
f 1137//1137 1009//1009 1338//1338
f 1267//1267 1276//1276 907//907
f 1448//1448 1261//1261 350//350
f 296//296 864//864 817//817
f 205//205 1268//1268 181//181
f 530//530 1399//1399 860//860
f 1499//1499 1163//1163 116//116
f 76//76 92//92 49//49
f 970//970 1398//1398 84//84
f 564//564 510//510 1516//1516
f 1128//1128 741//741 1173//1173
f 788//788 84//84 1398//1398
f 1194//1194 740//740 1380//1380
f 470//470 168//168 1304//1304
f 1637//1637 1683//1683 1671//1671
f 937//937 444//444 954//954
f 1351//1351 966//966 1367//1367
f 1393//1393 286//286 1139//1139
f 1288//1288 1402//1402 1400//1400
f 1400//1400 1402//1402 1081//1081
f 1303//1303 1459//1459 848//848
f 463//463 1065//1065 563//563
f 187//187 42//42 1065//1065
f 1101//1101 1261//1261 1449//1449
f 1298//1298 1435//1435 298//298
f 1406//1406 1315//1315 749//749
f 164//164 456//456 771//771
f 1534//1534 1512//1512 915//915
f 89//89 228//228 506//506
f 1393//1393 84//84 788//788
f 1439//1439 1440//1440 1421//1421
f 1056//1056 1076//1076 478//478
f 732//732 871//871 418//418
f 1288//1288 1400//1400 2//2
f 640//640 949//949 1178//1178
f 112//112 111//111 809//809
f 1562//1562 1405//1405 49//49
f 773//773 487//487 1500//1500
f 775//775 1081//1081 773//773
f 1129//1129 1523//1523 1130//1130
f 210//210 1341//1341 381//381
f 1703//1703 363//363 1409//1409
f 491//491 327//327 341//341
f 1402//1402 773//773 1081//1081
f 1159//1159 1342//1342 613//613
f 805//805 898//898 557//557
f 302//302 1172//1172 212//212
f 1485//1485 1500//1500 132//132
f 771//771 456//456 772//772
f 1132//1132 480//480 563//563
f 912//912 919//919 1214//1214
f 1028//1028 659//659 1460//1460
f 903//903 1463//1463 816//816
f 136//136 735//735 1011//1011
f 278//278 1413//1413 801//801
f 1153//1153 1018//1018 1531//1531
f 357//357 1228//1228 358//358
f 41//41 621//621 37//37
f 1011//1011 735//735 1017//1017
f 554//554 394//394 1464//1464
f 752//752 976//976 1622//1622
f 1206//1206 484//484 1259//1259
f 85//85 827//827 449//449
f 839//839 267//267 53//53
f 889//889 1019//1019 1416//1416
f 1302//1302 647//647 1090//1090
f 1452//1452 594//594 827//827
f 1292//1292 401//401 1293//1293
f 1327//1327 1253//1253 925//925
f 827//827 85//85 1452//1452
f 1189//1189 870//870 1204//1204
f 1472//1472 233//233 835//835
f 1412//1412 998//998 569//569
f 828//828 408//408 701//701
f 1437//1437 1417//1417 1419//1419
f 970//970 1417//1417 1437//1437
f 1350//1350 413//413 484//484
f 1188//1188 157//157 381//381
f 855//855 1046//1046 1000//1000
f 813//813 1282//1282 354//354
f 487//487 773//773 1288//1288
f 899//899 1497//1497 671//671
f 1360//1360 1058//1058 1063//1063
f 1218//1218 460//460 1360//1360
f 1111//1111 1010//1010 78//78
f 1419//1419 1439//1439 1437//1437
f 1152//1152 1111//1111 78//78
f 172//172 102//102 103//103
f 95//95 917//917 96//96
f 96//96 1196//1196 305//305
f 851//851 850//850 1087//1087
f 1419//1419 1357//1357 1439//1439
f 1033//1033 166//166 1210//1210
f 1480//1480 642//642 411//411
f 1184//1184 99//99 1429//1429
f 264//264 524//524 1605//1605
f 875//875 37//37 621//621
f 874//874 800//800 1504//1504
f 68//68 162//162 975//975
f 68//68 1541//1541 874//874
f 1291//1291 694//694 929//929
f 1420//1420 1174//1174 1421//1421
f 1147//1147 1499//1499 116//116
f 1440//1440 1420//1420 1421//1421
f 1062//1062 214//214 40//40
f 1027//1027 1083//1083 1240//1240
f 645//645 362//362 933//933
f 527//527 552//552 1067//1067
f 1164//1164 1422//1422 1421//1421
f 1447//1447 1172//1172 1323//1323
f 142//142 767//767 1530//1530
f 558//558 1675//1675 1489//1489
f 125//125 139//139 1005//1005
f 1422//1422 1424//1424 1421//1421
f 1331//1331 38//38 1238//1238
f 426//426 584//584 414//414
f 1007//1007 1043//1043 372//372
f 407//407 476//476 198//198
f 1254//1254 209//209 1178//1178
f 1361//1361 565//565 253//253
f 1295//1295 1317//1317 1873//1873
f 274//274 1086//1086 646//646
f 870//870 236//236 348//348
f 410//410 1150//1150 756//756
f 750//750 280//280 1427//1427
f 1119//1119 1428//1428 988//988
f 922//922 1369//1369 46//46
f 1436//1436 1371//1371 456//456
f 1297//1297 191//191 190//190
f 956//956 501//501 883//883
f 1428//1428 1119//1119 1420//1420
f 546//546 481//481 653//653
f 656//656 476//476 553//553
f 782//782 277//277 1269//1269
f 844//844 1296//1296 1524//1524
f 1457//1457 779//779 959//959
f 55//55 67//67 80//80
f 1430//1430 1428//1428 1420//1420
f 628//628 973//973 1213//1213
f 1662//1662 1550//1550 1426//1426
f 1074//1074 1345//1345 752//752
f 749//749 1315//1315 1476//1476
f 912//912 1360//1360 533//533
f 1142//1142 866//866 876//876
f 390//390 342//342 1245//1245
f 879//879 982//982 606//606
f 1430//1430 469//469 310//310
f 1195//1195 1192//1192 1198//1198
f 469//469 1430//1430 1092//1092
f 1516//1516 1173//1173 564//564
f 1314//1314 1355//1355 1009//1009
f 846//846 1125//1125 1099//1099
f 576//576 544//544 555//555
f 1011//1011 1017//1017 1012//1012
f 1139//1139 1116//1116 1388//1388
f 1467//1467 1070//1070 1201//1201
f 1857//1857 1863//1863 1858//1858
f 215//215 216//216 487//487
f 1428//1428 310//310 988//988
f 1320//1320 734//734 1289//1289
f 592//592 1298//1298 298//298
f 401//401 606//606 1293//1293
f 1604//1604 976//976 142//142
f 1366//1366 736//736 943//943
f 1261//1261 1335//1335 867//867
f 204//204 632//632 611//611
f 942//942 689//689 268//268
f 999//999 1088//1088 294//294
f 1366//1366 1607//1607 764//764
f 1170//1170 208//208 1016//1016
f 630//630 126//126 591//591
f 1198//1198 1437//1437 1424//1424
f 59//59 55//55 60//60
f 1295//1295 1873//1873 1220//1220
f 238//238 240//240 748//748
f 858//858 1557//1557 1556//1556
f 71//71 189//189 1040//1040
f 683//683 862//862 104//104
f 1408//1408 712//712 1378//1378
f 1413//1413 1266//1266 291//291
f 1007//1007 280//280 681//681
f 744//744 1349//1349 1652//1652
f 88//88 1199//1199 509//509
f 285//285 973//973 579//579
f 1052//1052 165//165 723//723
f 970//970 1437//1437 1198//1198
f 917//917 1196//1196 96//96
f 678//678 1014//1014 1054//1054
f 1674//1674 444//444 937//937
f 1336//1336 567//567 293//293
f 607//607 1144//1144 377//377
f 819//819 352//352 341//341
f 353//353 562//562 1096//1096
f 14//14 847//847 17//17
f 310//310 1428//1428 1430//1430
f 1041//1041 139//139 770//770
f 270//270 991//991 846//846
f 592//592 783//783 887//887
f 17//17 847//847 6//6
f 1264//1264 1199//1199 88//88
f 908//908 1441//1441 964//964
f 442//442 1206//1206 1259//1259
f 24//24 15//15 17//17
f 215//215 1443//1443 216//216
f 1443//1443 1440//1440 216//216
f 1213//1213 1436//1436 456//456
f 1044//1044 1120//1120 1251//1251
f 1449//1449 1261//1261 1448//1448
f 446//446 638//638 1309//1309
f 671//671 635//635 1078//1078
f 1440//1440 1443//1443 1430//1430
f 105//105 61//61 428//428
f 1172//1172 1447//1447 213//213
f 1443//1443 215//215 1430//1430
f 1397//1397 63//63 1534//1534
f 1144//1144 996//996 377//377
f 747//747 87//87 699//699
f 1333//1333 785//785 1446//1446
f 643//643 765//765 737//737
f 487//487 1288//1288 215//215
f 1307//1307 261//261 583//583
f 1130//1130 452//452 451//451
f 321//321 1451//1451 1569//1569
f 1500//1500 216//216 132//132
f 198//198 476//476 600//600
f 27//27 1033//1033 39//39
f 1500//1500 487//487 216//216
f 47//47 654//654 254//254
f 1373//1373 1728//1728 4//4
f 1527//1527 1374//1374 689//689
f 698//698 1124//1124 579//579
f 898//898 1498//1498 1342//1342
f 734//734 1418//1418 1289//1289
f 335//335 1431//1431 419//419
f 968//968 804//804 1269//1269
f 1050//1050 681//681 638//638
f 1035//1035 991//991 981//981
f 873//873 427//427 540//540
f 1223//1223 799//799 133//133
f 1270//1270 1186//1186 1145//1145
f 1446//1446 785//785 1004//1004
f 1453//1453 911//911 1003//1003
f 604//604 1027//1027 1240//1240
f 1053//1053 963//963 1189//1189
f 1750//1750 977//977 867//867
f 1357//1357 284//284 1439//1439
f 960//960 1243//1243 650//650
f 970//970 1096//1096 1398//1398
f 686//686 1525//1525 666//666
f 1148//1148 1458//1458 1234//1234
f 853//853 852//852 1479//1479
f 1234//1234 1362//1362 1148//1148
f 1396//1396 1487//1487 1465//1465
f 31//31 1179//1179 33//33
f 868//868 1360//1360 912//912
f 1449//1449 1448//1448 1506//1506
f 758//758 1368//1368 677//677
f 1418//1418 739//739 753//753
f 688//688 1284//1284 1323//1323
f 52//52 296//296 817//817
f 902//902 219//219 1468//1468
f 1148//1148 749//749 1391//1391
f 1459//1459 937//937 954//954
f 1209//1209 1630//1630 589//589
f 1148//1148 1391//1391 1458//1458
f 962//962 253//253 130//130
f 686//686 1442//1442 534//534
f 1102//1102 30//30 1379//1379
f 1045//1045 200//200 1038//1038
f 414//414 584//584 175//175
f 502//502 1077//1077 505//505
f 1466//1466 395//395 208//208
f 1185//1185 1001//1001 636//636
f 1099//1099 1125//1125 607//607
f 509//509 1165//1165 88//88
f 344//344 1461//1461 16//16
f 821//821 757//757 1061//1061
f 1356//1356 691//691 1100//1100
f 883//883 932//932 137//137
f 1467//1467 258//258 1070//1070
f 523//523 856//856 999//999
f 838//838 1517//1517 1462//1462
f 816//816 1054//1054 969//969
f 318//318 1492//1492 832//832
f 308//308 1029//1029 309//309
f 1007//1007 1051//1051 1274//1274
f 755//755 943//943 1312//1312
f 554//554 1464//1464 1236//1236
f 468//468 683//683 1118//1118
f 437//437 389//389 1410//1410
f 1050//1050 1051//1051 1007//1007
f 1050//1050 1007//1007 681//681
f 1435//1435 1302//1302 957//957
f 302//302 740//740 1194//1194
f 1268//1268 205//205 1535//1535
f 290//290 445//445 388//388
f 615//615 1069//1069 596//596
f 289//289 1467//1467 1201//1201
f 1283//1283 1275//1275 458//458
f 88//88 1396//1396 1264//1264
f 1184//1184 1438//1438 895//895
f 376//376 124//124 375//375
f 1027//1027 165//165 235//235
f 1070//1070 258//258 1235//1235
f 525//525 1013//1013 1200//1200
f 1490//1490 465//465 266//266
f 801//801 1413//1413 388//388
f 445//445 290//290 1470//1470
f 707//707 1207//1207 1044//1044
f 1446//1446 667//667 406//406
f 1079//1079 1307//1307 885//885
f 1438//1438 1184//1184 1176//1176
f 356//356 496//496 296//296
f 564//564 1366//1366 299//299
f 1473//1473 835//835 906//906
f 835//835 1473//1473 1472//1472
f 465//465 1490//1490 1461//1461
f 1474//1474 873//873 540//540
f 1201//1201 1472//1472 1473//1473
f 581//581 948//948 853//853
f 1187//1187 226//226 560//560
f 322//322 1345//1345 1226//1226
f 774//774 761//761 443//443
f 655//655 780//780 1426//1426
f 169//169 1109//1109 1116//1116
f 668//668 512//512 864//864
f 591//591 1082//1082 630//630
f 1225//1225 690//690 1409//1409
f 1039//1039 896//896 71//71
f 1408//1408 212//212 1272//1272
f 1387//1387 1075//1075 1386//1386
f 823//823 821//821 1061//1061
f 711//711 712//712 1272//1272
f 1064//1064 440//440 928//928
f 940//940 995//995 1370//1370
f 1539//1539 947//947 840//840
f 1075//1075 1249//1249 1386//1386
f 1439//1439 1424//1424 1437//1437
f 208//208 273//273 207//207
f 1227//1227 886//886 1478//1478
f 794//794 446//446 1309//1309
f 234//234 404//404 486//486
f 1478//1478 36//36 1227//1227
f 621//621 1193//1193 875//875
f 1479//1479 396//396 853//853
f 1859//1859 415//415 1671//1671
f 1133//1133 729//729 530//530
f 1444//1444 386//386 333//333
f 522//522 555//555 729//729
f 650//650 1477//1477 713//713
f 1320//1320 996//996 961//961
f 1728//1728 1373//1373 226//226
f 1155//1155 163//163 1754//1754
f 1543//1543 1455//1455 29//29
f 1403//1403 845//845 258//258
f 76//76 369//369 55//55
f 225//225 182//182 1995//1995
f 786//786 773//773 1500//1500
f 1312//1312 1270//1270 292//292
f 1386//1386 555//555 544//544
f 757//757 601//601 38//38
f 707//707 1044//1044 1251//1251
f 860//860 1133//1133 530//530
f 62//62 69//69 63//63
f 543//543 1023//1023 542//542
f 555//555 1386//1386 530//530
f 1399//1399 530//530 1386//1386
f 1072//1072 615//615 887//887
f 1060//1060 21//21 504//504
f 1484//1484 1483//1483 1488//1488
f 682//682 539//539 1754//1754
f 156//156 516//516 287//287
f 1484//1484 174//174 1483//1483
f 1326//1326 553//553 812//812
f 1608//1608 204//204 1538//1538
f 1484//1484 1020//1020 842//842
f 138//138 713//713 728//728
f 428//428 61//61 348//348
f 1494//1494 746//746 1018//1018
f 1485//1485 136//136 657//657
f 305//305 1342//1342 1159//1159
f 145//145 185//185 364//364
f 1432//1432 872//872 538//538
f 1487//1487 88//88 300//300
f 96//96 305//305 1159//1159
f 1488//1488 1020//1020 1484//1484
f 1489//1489 229//229 1726//1726
f 438//438 239//239 643//643
f 1142//1142 1332//1332 866//866
f 1020//1020 1488//1488 992//992
f 1258//1258 63//63 1397//1397
f 1391//1391 799//799 1223//1223
f 896//896 471//471 71//71
f 750//750 1427//1427 907//907
f 1088//1088 999//999 924//924
f 1356//1356 1100//1100 444//444
f 209//209 1544//1544 833//833
f 1445//1445 209//209 833//833
f 1157//1157 1111//1111 763//763
f 48//48 178//178 256//256
f 1278//1278 494//494 1652//1652
f 120//120 586//586 858//858
f 915//915 1301//1301 1107//1107
f 809//809 124//124 376//376
f 1013//1013 27//27 26//26
f 1447//1447 1323//1323 1284//1284
f 70//70 410//410 1505//1505
f 1656//1656 1199//1199 535//535
f 1535//1535 205//205 285//285
f 1247//1247 494//494 1278//1278
f 948//948 581//581 1760//1760
f 1491//1491 149//149 902//902
f 922//922 716//716 154//154
f 329//329 1146//1146 705//705
f 814//814 802//802 1493//1493
f 725//725 1268//1268 1535//1535
f 1157//1157 1045//1045 1216//1216
f 340//340 1347//1347 685//685
f 1373//1373 3//3 781//781
f 290//290 388//388 291//291
f 350//350 977//977 473//473
f 965//965 884//884 960//960
f 1493//1493 1404//1404 1392//1392
f 775//775 773//773 192//192
f 1239//1239 680//680 1053//1053
f 668//668 692//692 512//512
f 1404//1404 1493//1493 1006//1006
f 300//300 1165//1165 299//299
f 747//747 748//748 1410//1410
f 891//891 1495//1495 837//837
f 1257//1257 707//707 1251//1251
f 1551//1551 435//435 648//648
f 1119//1119 723//723 1117//1117
f 1495//1495 891//891 732//732
f 956//956 1497//1497 899//899
f 1381//1381 940//940 1405//1405
f 101//101 1284//1284 1026//1026
f 190//190 529//529 387//387
f 466//466 168//168 470//470
f 1564//1564 759//759 876//876
f 387//387 529//529 1423//1423
f 663//663 664//664 432//432
f 1100//1100 691//691 573//573
f 1740//1740 229//229 1489//1489
f 645//645 1050//1050 446//446
f 1500//1500 1485//1485 657//657
f 432//432 945//945 431//431
f 409//409 936//936 623//623
f 417//417 1502//1502 623//623
f 1098//1098 1226//1226 1501//1501
f 1310//1310 529//529 503//503
f 623//623 1502//1502 409//409
f 914//914 358//358 1228//1228
f 361//361 740//740 808//808
f 1014//1014 1502//1502 1285//1285
f 1502//1502 1122//1122 1285//1285
f 409//409 1502//1502 1014//1014
f 110//110 1503//1503 1307//1307
f 406//406 793//793 1093//1093
f 61//61 105//105 1358//1358
f 874//874 1504//1504 1450//1450
f 156//156 155//155 1114//1114
f 921//921 1199//1199 573//573
f 276//276 1287//1287 101//101
f 1115//1115 1504//1504 1297//1297
f 1162//1162 1590//1590 396//396
f 1416//1416 519//519 839//839
f 321//321 1226//1226 1451//1451
f 1236//1236 859//859 117//117
f 1215//1215 1242//1242 264//264
f 687//687 1504//1504 1115//1115
f 343//343 100//100 538//538
f 1450//1450 1504//1504 687//687
f 1461//1461 1490//1490 16//16
f 1648//1648 909//909 648//648
f 1266//1266 121//121 574//574
f 1248//1248 1224//1224 385//385
f 289//289 1252//1252 355//355
f 687//687 1030//1030 1450//1450
f 1101//1101 1507//1507 1221//1221
f 1221//1221 1507//1507 896//896
f 1230//1230 1411//1411 359//359
f 1507//1507 1101//1101 1449//1449
f 589//589 1630//1630 661//661
f 1590//1590 581//581 396//396
f 993//993 313//313 929//929
f 1506//1506 1507//1507 1449//1449
f 658//658 1087//1087 511//511
f 1286//1286 719//719 636//636
f 766//766 306//306 822//822
f 626//626 1434//1434 1657//1657
f 1177//1177 1202//1202 1358//1358
f 1444//1444 202//202 272//272
f 202//202 479//479 114//114
f 251//251 254//254 654//654
f 733//733 1110//1110 1741//1741
f 277//277 1413//1413 278//278
f 1254//1254 1544//1544 209//209
f 575//575 666//666 1525//1525
f 515//515 1508//1508 322//322
f 1132//1132 74//74 1754//1754
f 515//515 322//322 514//514
f 1261//1261 1101//1101 1335//1335
f 740//740 993//993 1380//1380
f 322//322 1508//1508 699//699
f 1342//1342 557//557 898//898
f 523//523 999//999 294//294
f 1476//1476 133//133 799//799
f 1673//1673 858//858 586//586
f 948//948 1687//1687 1404//1404
f 657//657 1271//1271 1047//1047
f 1098//1098 1451//1451 1226//1226
f 1170//1170 273//273 208//208
f 542//542 737//737 765//765
f 731//731 178//178 924//924
f 1649//1649 1335//1335 1126//1126
f 874//874 900//900 68//68
f 1169//1169 134//134 972//972
f 14//14 421//421 875//875
f 929//929 694//694 993//993
f 1259//1259 1299//1299 442//442
f 510//510 1165//1165 994//994
f 851//851 1087//1087 1543//1543
f 330//330 863//863 328//328
f 1511//1511 1509//1509 1340//1340
f 19//19 1511//1511 665//665
f 261//261 1068//1068 842//842
f 665//665 1511//1511 1510//1510
f 412//412 1510//1510 1340//1340
f 634//634 1510//1510 627//627
f 627//627 1510//1510 412//412
f 665//665 1510//1510 634//634
f 1498//1498 796//796 1342//1342
f 1372//1372 819//819 820//820
f 1296//1296 79//79 1383//1383
f 203//203 1237//1237 1677//1677
f 1296//1296 1677//1677 1237//1237
f 121//121 831//831 1227//1227
f 982//982 923//923 606//606
f 825//825 1668//1668 1256//1256
f 613//613 796//796 1231//1231
f 364//364 1015//1015 145//145
f 1652//1652 1349//1349 1540//1540
f 169//169 790//790 771//771
f 1186//1186 904//904 784//784
f 1312//1312 904//904 1186//1186
f 750//750 1374//1374 280//280
f 904//904 1312//1312 1513//1513
f 453//453 917//917 447//447
f 1194//1194 1380//1380 556//556
f 46//46 1369//1369 196//196
f 1083//1083 1027//1027 235//235
f 309//309 1514//1514 1128//1128
f 829//829 258//258 1467//1467
f 1029//1029 1514//1514 309//309
f 986//986 923//923 1626//1626
f 1128//1128 1516//1516 309//309
f 1529//1529 934//934 1528//1528
f 1173//1173 1516//1516 1128//1128
f 868//868 1218//1218 1360//1360
f 418//418 871//871 810//810
f 268//268 689//689 637//637
f 1209//1209 302//302 556//556
f 1021//1021 309//309 1516//1516
f 768//768 1175//1175 263//263
f 972//972 1164//1164 1169//1169
f 406//406 1151//1151 793//793
f 1021//1021 1516//1516 994//994
f 1518//1518 962//962 130//130
f 1105//1105 1518//1518 130//130
f 716//716 135//135 1533//1533
f 617//617 1518//1518 1105//1105
f 489//489 635//635 671//671
f 1564//1564 962//962 1518//1518
f 617//617 760//760 1518//1518
f 759//759 760//760 308//308
f 589//589 688//688 1323//1323
f 1138//1138 350//350 473//473
f 1564//1564 760//760 759//759
f 1518//1518 760//760 1564//1564
f 34//34 33//33 214//214
f 1427//1427 280//280 726//726
f 648//648 1519//1519 639//639
f 1520//1520 1519//1519 648//648
f 1454//1454 981//981 991//991
f 644//644 1519//1519 1520//1520
f 429//429 944//944 428//428
f 1055//1055 1520//1520 718//718
f 644//644 1520//1520 1055//1055
f 319//319 163//163 1697//1697
f 1465//1465 1515//1515 450//450
f 1521//1521 1250//1250 720//720
f 296//296 397//397 356//356
f 156//156 1250//1250 1521//1521
f 287//287 1250//1250 156//156
f 944//944 1522//1522 1521//1521
f 429//429 1522//1522 944//944
f 1185//1185 631//631 1532//1532
f 1620//1620 69//69 1144//1144
f 1521//1521 1522//1522 156//156
f 503//503 185//185 334//334
f 1267//1267 856//856 523//523
f 1089//1089 880//880 1445//1445
f 1130//1130 880//880 1089//1089
f 778//778 625//625 81//81
f 1504//1504 800//800 1297//1297
f 720//720 880//880 1130//1130
f 845//845 1403//1403 629//629
f 622//622 222//222 1108//1108
f 1521//1521 720//720 1523//1523
f 127//127 100//100 25//25
f 1130//1130 1523//1523 720//720
f 1237//1237 792//792 231//231
f 985//985 957//957 1302//1302
f 316//316 196//196 314//314
f 231//231 1860//1860 1237//1237
f 393//393 710//710 349//349
f 1537//1537 1462//1462 958//958
f 876//876 759//759 840//840
f 208//208 222//222 1016//1016
f 1120//1120 492//492 1171//1171
f 538//538 872//872 343//343
f 1071//1071 1224//1224 1248//1248
f 1219//1219 220//220 221//221
f 766//766 793//793 1151//1151
f 275//275 501//501 956//956
f 1161//1161 693//693 975//975
f 907//907 856//856 1267//1267
f 54//54 408//408 828//828
f 842//842 1068//1068 1484//1484
f 393//393 392//392 710//710
f 467//467 949//949 168//168
f 648//648 435//435 1648//1648
f 290//290 291//291 1470//1470
f 432//432 664//664 148//148
f 380//380 697//697 475//475
f 234//234 358//358 1476//1476
f 1526//1526 1002//1002 1842//1842
f 557//557 305//305 1667//1667
f 1328//1328 439//439 1023//1023
f 926//926 267//267 839//839
f 1470//1470 291//291 1266//1266
f 204//204 1208//1208 632//632
f 525//525 1033//1033 27//27
f 153//153 94//94 403//403
f 232//232 1332//1332 608//608
f 320//320 890//890 834//834
f 1146//1146 709//709 705//705
f 1003//1003 819//819 1453//1453
f 1191//1191 1255//1255 1528//1528
f 1134//1134 1188//1188 381//381
f 1124//1124 861//861 1641//1641
f 425//425 426//426 414//414
f 1404//1404 576//576 1392//1392
f 67//67 778//778 80//80
f 549//549 1530//1530 877//877
f 1044//1044 1207//1207 1234//1234
f 1480//1480 5//5 1094//1094
f 168//168 949//949 1304//1304
f 228//228 757//757 1246//1246
f 638//638 1527//1527 1309//1309
f 519//519 1253//1253 1327//1327
f 1624//1624 1191//1191 454//454
f 643//643 366//366 438//438
f 1123//1123 110//110 461//461
f 1023//1023 882//882 989//989
f 1620//1620 1125//1125 1534//1534
f 1003//1003 1197//1197 820//820
f 698//698 464//464 841//841
f 119//119 184//184 586//586
f 728//728 1459//1459 954//954
f 405//405 108//108 180//180
f 927//927 778//778 67//67
f 447//447 95//95 1505//1505
f 1269//1269 931//931 968//968
f 1321//1321 1531//1531 1529//1529
f 1406//1406 1362//1362 845//845
f 73//73 578//578 905//905
f 468//468 1118//1118 1180//1180
f 1018//1018 1529//1529 1531//1531
f 585//585 1317//1317 1861//1861
f 1577//1577 1255//1255 820//820
f 751//751 399//399 142//142
f 195//195 141//141 1303//1303
f 1655//1655 1416//1416 1019//1019
f 976//976 751//751 142//142
f 1308//1308 568//568 531//531
f 1325//1325 783//783 797//797
f 1514//1514 1084//1084 1337//1337
f 1630//1630 945//945 1675//1675
f 614//614 52//52 482//482
f 1245//1245 342//342 1557//1557
f 338//338 1546//1546 877//877
f 1653//1653 1162//1162 396//396
f 1064//1064 339//339 440//440
f 148//148 147//147 1740//1740
f 58//58 1441//1441 1533//1533
f 1496//1496 949//949 640//640
f 1114//1114 236//236 791//791
f 442//442 1299//1299 609//609
f 752//752 1345//1345 1394//1394
f 620//620 733//733 1843//1843
f 1026//1026 189//189 101//101
f 1263//1263 116//116 115//115
f 104//104 862//862 1179//1179
f 1272//1272 212//212 213//213
f 1330//1330 690//690 1329//1329
f 1241//1241 950//950 556//556
f 135//135 922//922 697//697
f 51//51 690//690 1330//1330
f 716//716 922//922 135//135
f 895//895 883//883 137//137
f 1228//1228 266//266 465//465
f 1136//1136 1183//1183 590//590
f 353//353 1096//1096 1192//1192
f 1468//1468 1225//1225 1409//1409
f 1076//1076 1077//1077 478//478
f 854//854 1225//1225 1468//1468
f 380//380 475//475 46//46
f 974//974 1145//1145 1481//1481
f 1512//1512 58//58 915//915
f 1551//1551 619//619 435//435
f 963//963 679//679 150//150
f 580//580 621//621 419//419
f 1273//1273 1008//1008 1196//1196
f 409//409 1014//1014 678//678
f 247//247 1533//1533 135//135
f 1864//1864 1956//1956 1863//1863
f 273//273 274//274 1676//1676
f 1361//1361 567//567 1336//1336
f 1038//1038 768//768 1242//1242
f 831//831 832//832 472//472
f 75//75 811//811 608//608
f 1535//1535 285//285 579//579
f 775//775 192//192 193//193
f 1425//1425 573//573 1199//1199
f 1425//1425 1429//1429 551//551
f 1500//1500 657//657 786//786
f 99//99 728//728 954//954
f 1176//1176 1429//1429 1334//1334
f 1093//1093 780//780 1205//1205
f 1264//1264 1429//1429 1425//1425
f 1334//1334 1429//1429 1264//1264
f 1453//1453 910//910 911//911
f 1161//1161 1441//1441 908//908
f 68//68 693//693 570//570
f 787//787 1091//1091 1605//1605
f 141//141 937//937 1303//1303
f 738//738 1108//1108 335//335
f 1041//1041 769//769 764//764
f 647//647 596//596 1090//1090
f 332//332 888//888 934//934
f 256//256 1097//1097 48//48
f 6//6 1179//1179 31//31
f 832//832 831//831 318//318
f 1334//1334 1264//1264 1396//1396
f 1464//1464 1300//1300 859//859
f 665//665 1004//1004 19//19
f 1359//1359 1031//1031 1160//1160
f 300//300 1542//1542 1487//1487
f 673//673 922//922 154//154
f 1252//1252 1266//1266 1413//1413
f 792//792 721//721 288//288
f 826//826 158//158 93//93
f 499//499 142//142 1530//1530
f 1455//1455 611//611 632//632
f 1095//1095 970//970 1198//1198
f 977//977 1750//1750 522//522
f 666//666 1537//1537 686//686
f 1562//1562 1381//1381 1405//1405
f 1059//1059 668//668 496//496
f 306//306 401//401 1505//1505
f 1466//1466 394//394 395//395
f 653//653 1387//1387 652//652
f 78//78 958//958 1152//1152
f 205//205 1282//1282 285//285
f 1812//1812 338//338 359//359
f 399//399 87//87 143//143
f 1094//1094 646//646 642//642
f 1647//1647 1639//1639 1110//1110
f 1975//1975 1865//1865 1645//1645
f 759//759 308//308 840//840
f 264//264 263//263 524//524
f 714//714 104//104 715//715
f 1737//1737 59//59 2014//2014
f 1243//1243 992//992 650//650
f 1247//1247 1279//1279 1248//1248
f 1111//1111 1152//1152 1182//1182
f 1399//1399 1249//1249 1641//1641
f 686//686 1537//1537 1442//1442
f 1517//1517 572//572 1462//1462
f 1214//1214 919//919 1481//1481
f 1281//1281 1046//1046 995//995
f 791//791 377//377 1113//1113
f 1084//1084 1029//1029 617//617
f 1242//1242 263//263 264//264
f 491//491 1083//1083 48//48
f 1211//1211 725//725 881//881
f 1254//1254 677//677 762//762
f 1194//1194 556//556 302//302
f 1041//1041 1607//1607 1005//1005
f 1483//1483 1375//1375 992//992
f 505//505 1076//1076 1475//1475
f 1177//1177 1330//1330 1329//1329
f 1330//1330 1177//1177 1358//1358
f 994//994 1516//1516 510//510
f 1307//1307 1503//1503 261//261
f 427//427 637//637 689//689
f 292//292 755//755 1312//1312
f 893//893 44//44 227//227
f 1392//1392 576//576 1750//1750
f 1460//1460 659//659 1463//1463
f 669//669 461//461 903//903
f 455//455 21//21 1060//1060
f 893//893 1471//1471 44//44
f 873//873 1262//1262 115//115
f 868//868 1022//1022 824//824
f 1060//1060 65//65 455//455
f 1183//1183 1497//1497 708//708
f 1140//1140 1374//1374 750//750
f 140//140 1478//1478 886//886
f 1127//1127 745//745 580//580
f 471//471 189//189 71//71
f 1327//1327 1292//1292 612//612
f 1055//1055 765//765 644//644
f 890//890 1344//1344 918//918
f 830//830 1006//1006 802//802
f 651//651 1550//1550 696//696
f 253//253 1341//1341 210//210
f 776//776 142//142 499//499
f 1442//1442 1010//1010 534//534
f 1028//1028 1127//1127 580//580
f 411//411 894//894 109//109
f 456//456 164//164 1213//1213
f 670//670 733//733 12//12
f 223//223 682//682 1754//1754
f 941//941 498//498 1349//1349
f 224//224 755//755 292//292
f 1164//1164 485//485 582//582
f 341//341 1453//1453 819//819
f 1432//1432 223//223 872//872
f 1624//1624 1657//1657 262//262
f 643//643 737//737 366//366
f 326//326 850//850 851//851
f 1487//1487 1396//1396 88//88
f 483//483 484//484 1206//1206
f 604//604 1244//1244 1027//1027
f 744//744 1377//1377 941//941
f 1026//1026 1284//1284 688//688
f 232//232 1257//1257 1332//1332
f 1381//1381 995//995 940//940
f 46//46 624//624 380//380
f 984//984 1294//1294 242//242
f 1468//1468 219//219 854//854
f 30//30 1512//1512 1125//1125
f 1684//1684 1346//1346 1484//1484
f 805//805 677//677 1190//1190
f 1107//1107 1301//1301 1561//1561
f 770//770 769//769 1041//1041
f 914//914 133//133 1476//1476
f 763//763 1045//1045 1157//1157
f 734//734 739//739 1418//1418
f 332//332 1018//1018 746//746
f 309//309 1311//1311 308//308
f 453//453 447//447 1292//1292
f 945//945 950//950 431//431
f 47//47 367//367 60//60
f 748//748 347//347 1410//1410
f 1274//1274 1043//1043 1007//1007
f 1106//1106 494//494 1247//1247
f 468//468 932//932 501//501
f 1153//1153 825//825 51//51
f 167//167 153//153 403//403
f 465//465 1461//1461 257//257
f 687//687 1115//1115 1036//1036
f 1022//1022 912//912 1214//1214
f 531//531 595//595 1308//1308
f 270//270 1454//1454 991//991
f 1614//1614 518//518 480//480
f 709//709 72//72 703//703
f 848//848 1459//1459 728//728
f 928//928 488//488 1064//1064
f 1491//1491 981//981 1454//1454
f 322//322 699//699 312//312
f 1265//1265 750//750 907//907
f 1248//1248 1279//1279 1071//1071
f 1234//1234 1458//1458 1044//1044
f 1496//1496 639//639 600//600
f 699//699 87//87 399//399
f 1062//1062 1407//1407 214//214
f 2023//2023 1868//1868 436//436
f 715//715 745//745 714//714
f 990//990 1382//1382 966//966
f 1422//1422 582//582 1031//1031
f 589//589 1323//1323 303//303
f 66//66 65//65 1060//1060
f 326//326 565//565 1361//1361
f 1109//1109 1385//1385 1116//1116
f 685//685 575//575 1525//1525
f 1122//1122 417//417 810//810
f 790//790 1139//1139 286//286
f 1255//1255 1372//1372 820//820
f 1295//1295 241//241 1294//1294
f 204//204 779//779 1208//1208
f 1191//1191 1372//1372 1255//1255
f 224//224 323//323 755//755
f 111//111 297//297 1690//1690
f 582//582 485//485 1160//1160
f 1280//1280 1178//1178 467//467
f 1321//1321 1529//1529 1528//1528
f 1352//1352 1359//1359 1160//1160
f 132//132 131//131 1485//1485
f 11//11 1250//1250 287//287
f 996//996 1113//1113 377//377
f 847//847 14//14 1193//1193
f 534//534 1010//1010 1526//1526
f 269//269 1244//1244 1420//1420
f 1678//1678 1469//1469 633//633
f 1368//1368 1190//1190 677//677
f 702//702 495//495 1318//1318
f 630//630 610//610 416//416
f 1514//1514 1337//1337 824//824
f 228//228 980//980 507//507
f 598//598 597//597 105//105
f 44//44 702//702 13//13
f 1097//1097 491//491 48//48
f 787//787 1719//1719 1091//1091
f 281//281 798//798 114//114
f 1433//1433 806//806 843//843
f 1219//1219 525//525 220//220
f 823//823 674//674 818//818
f 1526//1526 1842//1842 1681//1681
f 33//33 32//32 31//31
f 1154//1154 201//201 763//763
f 84//84 1417//1417 970//970
f 243//243 624//624 46//46
f 1532//1532 631//631 1141//1141
f 710//710 484//484 349//349
f 550//550 552//552 527//527
f 921//921 573//573 691//691
f 979//979 657//657 1047//1047
f 1078//1078 248//248 1469//1469
f 1284//1284 1287//1287 1447//1447
f 1153//1153 51//51 1494//1494
f 603//603 826//826 602//602
f 1239//1239 1456//1456 1073//1073
f 512//512 692//692 843//843
f 804//804 1467//1467 289//289
f 85//85 1388//1388 1452//1452
f 150//150 149//149 1491//1491
f 188//188 1040//1040 189//189
f 1265//1265 1276//1276 1263//1263
f 261//261 891//891 1068//1068
f 1234//1234 1207//1207 1235//1235
f 474//474 1316//1316 938//938
f 117//117 1448//1448 1138//1138
f 1499//1499 427//427 1163//1163
f 612//612 1292//1292 1293//1293
f 165//165 1052//1052 235//235
f 528//528 527//527 1660//1660
f 284//284 827//827 735//735
f 1204//1204 1239//1239 1053//1053
f 1604//1604 324//324 478//478
f 82//82 1054//1054 816//816
f 22//22 953//953 344//344
f 1210//1210 166//166 688//688
f 1487//1487 1542//1542 1465//1465
f 141//141 140//140 937//937
f 445//445 973//973 628//628
f 1394//1394 312//312 751//751
f 5//5 1166//1166 1532//1532
f 1528//1528 1255//1255 1321//1321
f 978//978 984//984 517//517
f 1125//1125 1512//1512 1534//1534
f 1501//1501 1345//1345 1074//1074
f 246//246 361//361 913//913
f 127//127 539//539 682//682
f 1458//1458 1391//1391 1120//1120
f 594//594 1382//1382 990//990
f 235//235 178//178 48//48
f 1387//1387 653//653 1075//1075
f 1310//1310 503//503 334//334
f 482//482 807//807 614//614
f 930//930 246//246 217//217
f 425//425 159//159 426//426
f 1121//1121 1300//1300 311//311
f 1271//1271 136//136 1011//1011
f 114//114 1313//1313 272//272
f 431//431 1036//1036 663//663
f 1055//1055 739//739 543//543
f 770//770 1313//1313 798//798
f 200//200 768//768 1038//1038
f 1073//1073 1456//1456 1202//1202
f 839//839 519//519 1212//1212
f 680//680 219//219 149//149
f 158//158 826//826 1306//1306
f 167//167 602//602 153//153
f 147//147 795//795 1740//1740
f 1442//1442 1537//1537 78//78
f 1149//1149 1056//1056 478//478
f 1100//1100 1425//1425 551//551
f 710//710 391//391 1259//1259
f 674//674 1355//1355 818//818
f 987//987 1017//1017 990//990
f 735//735 131//131 284//284
f 51//51 933//933 1703//1703
f 1316//1316 675//675 1549//1549
f 16//16 1347//1347 1354//1354
f 341//341 1135//1135 491//491
f 1347//1347 340//340 545//545
f 1342//1342 796//796 613//613
f 1096//1096 1095//1095 1192//1192
f 1285//1285 1123//1123 669//669
f 317//317 262//262 1152//1152
f 1331//1331 1238//1238 893//893
f 276//276 471//471 1181//1181
f 1769//1769 1082//1082 591//591
f 1058//1058 460//460 1057//1057
f 757//757 38//38 1331//1331
f 486//486 357//357 234//234
f 1622//1622 976//976 1642//1642
f 268//268 42//42 187//187
f 1220//1220 959//959 241//241
f 287//287 516//516 753//753
f 1753//1753 363//363 462//462
f 145//145 206//206 570//570
f 1474//1474 540//540 1140//1140
f 684//684 1150//1150 938//938
f 451//451 568//568 1129//1129
f 376//376 1301//1301 809//809
f 449//449 1417//1417 85//85
f 533//533 1360//1360 1063//1063
f 1153//1153 1531//1531 825//825
f 1140//1140 1262//1262 1474//1474
f 1085//1085 1080//1080 1325//1325
f 840//840 1311//1311 535//535
f 824//824 741//741 1128//1128
f 718//718 909//909 753//753
f 691//691 360//360 921//921
f 980//980 1246//1246 237//237
f 701//701 1376//1376 471//471
f 1202//1202 1177//1177 1073//1073
f 1642//1642 1077//1077 502//502
f 714//714 803//803 1180//1180
f 291//291 388//388 1413//1413
f 483//483 45//45 1350//1350
f 636//636 719//719 281//281
f 951//951 1154//1154 1434//1434
f 55//55 80//80 60//60
f 257//257 914//914 1228//1228
f 271//271 1339//1339 588//588
f 1202//1202 1456//1456 348//348
f 1073//1073 854//854 219//219
f 1085//1085 649//649 2//2
f 203//203 676//676 721//721
f 519//519 595//595 1253//1253
f 1624//1624 1666//1666 626//626
f 447//447 401//401 1292//1292
f 1238//1238 957//957 985//985
f 1323//1323 1172//1172 303//303
f 683//683 275//275 40//40
f 233//233 811//811 75//75
f 1505//1505 401//401 447//447
f 1560//1560 45//45 483//483
f 496//496 356//356 66//66
f 519//519 1327//1327 1212//1212
f 466//466 625//625 467//467
f 1344//1344 890//890 320//320
f 117//117 828//828 1506//1506
f 377//377 791//791 607//607
f 782//782 804//804 355//355
f 1680//1680 1207//1207 707//707
f 743//743 252//252 1036//1036
f 1185//1185 479//479 631//631
f 429//429 155//155 1522//1522
f 253//253 962//962 1341//1341
f 979//979 1047//1047 1338//1338
f 54//54 828//828 859//859
f 404//404 1352//1352 1160//1160
f 463//463 563//563 118//118
f 58//58 1512//1512 1102//1102
f 1540//1540 524//524 1652//1652
f 594//594 1452//1452 1385//1385
f 1545//1545 916//916 1769//1769
f 1303//1303 937//937 1459//1459
f 492//492 1120//1120 1391//1391
f 601//601 89//89 91//91
f 1009//1009 1355//1355 674//674
f 78//78 1010//1010 1442//1442
f 427//427 873//873 1163//1163
f 1358//1358 105//105 597//597
f 849//849 1358//1358 597//597
f 1546//1546 984//984 978//978
f 517//517 781//781 499//499
f 1414//1414 241//241 250//250
f 1674//1674 1492//1492 1356//1356
f 195//195 1303//1303 1477//1477
f 1180//1180 1118//1118 714//714
f 1332//1332 1134//1134 866//866
f 866//866 1134//1134 1341//1341
f 634//634 662//662 665//665
f 1288//1288 773//773 1402//1402
f 626//626 951//951 1434//1434
f 713//713 848//848 728//728
f 953//953 22//22 257//257
f 1076//1076 385//385 1475//1475
f 1739//1739 528//528 1683//1683
f 1532//1532 1166//1166 1185//1185
f 794//794 118//118 563//563
f 129//129 641//641 107//107
f 543//543 739//739 882//882
f 846//846 30//30 1125//1125
f 1286//1286 1542//1542 719//719
f 185//185 952//952 1035//1035
f 464//464 1375//1375 1483//1483
f 673//673 1369//1369 922//922
f 538//538 100//100 127//127
f 15//15 421//421 14//14
f 558//558 1489//1489 1726//1726
f 1407//1407 1062//1062 633//633
f 1540//1540 1365//1365 787//787
f 434//434 1536//1536 1025//1025
f 1074//1074 434//434 1025//1025
f 808//808 1408//1408 1378//1378
f 1301//1301 915//915 809//809
f 53//53 888//888 889//889
f 547//547 397//397 181//181
f 1430//1430 215//215 1092//1092
f 1008//1008 568//568 451//451
f 1173//1173 1513//1513 736//736
f 170//170 97//97 102//102
f 1121//1121 408//408 54//54
f 1870//1870 1896//1896 1871//1871
f 410//410 822//822 1505//1505
f 1465//1465 1542//1542 1515//1515
f 1536//1536 505//505 1340//1340
f 956//956 883//883 895//895
f 1515//1515 1542//1542 1286//1286
f 713//713 1477//1477 848//848
f 75//75 1142//1142 947//947
f 387//387 1636//1636 146//146
f 1423//1423 1636//1636 387//387
f 603//603 602//602 259//259
f 1023//1023 488//488 1328//1328
f 963//963 777//777 1189//1189
f 721//721 1547//1547 477//477
f 900//900 314//314 901//901
f 908//908 964//964 570//570
f 734//734 1320//1320 961//961
f 387//387 146//146 148//148
f 857//857 296//296 52//52
f 719//719 770//770 798//798
f 580//580 847//847 1193//1193
f 878//878 930//930 217//217
f 302//302 1209//1209 303//303
f 1228//1228 134//134 186//186
f 1541//1541 206//206 800//800
f 1094//1094 642//642 1480//1480
f 261//261 871//871 891//891
f 1187//1187 517//517 242//242
f 1313//1313 386//386 272//272
f 706//706 1106//1106 1247//1247
f 1548//1548 386//386 1313//1313
f 139//139 1548//1548 1313//1313
f 861//861 174//174 1346//1346
f 736//736 1366//1366 564//564
f 84//84 1393//1393 1388//1388
f 274//274 646//646 1348//1348
f 466//466 654//654 81//81
f 860//860 1399//1399 1641//1641
f 1201//1201 493//493 1472//1472
f 1514//1514 1029//1029 1084//1084
f 1423//1423 529//529 1310//1310
f 1259//1259 391//391 1299//1299
f 1457//1457 1156//1156 1058//1058
f 1192//1192 1095//1095 1198//1198
f 695//695 1233//1233 283//283
f 1432//1432 538//538 682//682
f 190//190 663//663 1297//1297
f 735//735 136//136 131//131
f 466//466 470//470 251//251
f 354//354 1282//1282 205//205
f 1833//1833 1872//1872 1592//1592
f 312//312 1394//1394 322//322
f 732//732 418//418 977//977
f 1565//1565 218//218 196//196
f 97//97 1390//1390 1281//1281
f 97//97 1281//1281 1381//1381
f 54//54 1300//1300 1121//1121
f 607//607 1125//1125 1144//1144
f 520//520 894//894 642//642
f 1356//1356 360//360 691//691
f 1550//1550 1662//1662 1549//1549
f 675//675 1222//1222 676//676
f 1088//1088 1052//1052 723//723
f 1413//1413 782//782 355//355
f 474//474 1231//1231 1552//1552
f 1316//1316 1549//1549 1662//1662
f 684//684 1426//1426 780//780
f 1727//1727 1764//1764 1582//1582
f 346//346 980//980 122//122
f 550//550 527//527 282//282
f 558//558 26//26 39//39
f 306//306 606//606 401//401
f 1394//1394 1345//1345 322//322
f 361//361 993//993 740//740
f 749//749 1148//1148 1406//1406
f 1494//1494 1018//1018 1153//1153
f 1532//1532 1141//1141 1094//1094
f 1361//1361 1336//1336 326//326
f 1538//1538 204//204 611//611
f 1277//1277 1263//1263 1276//1276
f 191//191 1015//1015 190//190
f 1061//1061 227//227 13//13
f 1503//1503 110//110 1123//1123
f 1483//1483 174//174 841//841
f 1240//1240 320//320 604//604
f 586//586 184//184 177//177
f 155//155 236//236 1114//1114
f 730//730 851//851 1217//1217
f 520//520 532//532 521//521
f 879//879 306//306 766//766
f 267//267 561//561 626//626
f 38//38 100//100 343//343
f 1273//1273 925//925 1253//1253
f 1066//1066 474//474 1552//1552
f 806//806 569//569 1131//1131
f 1747//1747 620//620 1049//1049
f 1543//1543 1087//1087 1455//1455
f 1508//1508 515//515 383//383
f 828//828 701//701 896//896
f 1513//1513 741//741 904//904
f 1651//1651 1306//1306 826//826
f 1233//1233 695//695 477//477
f 1133//1133 837//837 729//729
f 1021//1021 1311//1311 309//309
f 902//902 1574//1574 1491//1491
f 1220//1220 1395//1395 1559//1559
f 161//161 445//445 365//365
f 334//334 185//185 981//981
f 1552//1552 64//64 1370//1370
f 1425//1425 1100//1100 573//573
f 403//403 1603//1603 1797//1797
f 1134//1134 381//381 1341//1341
f 1640//1640 920//920 1681//1681
f 755//755 182//182 526//526
f 126//126 127//127 25//25
f 25//25 100//100 91//91
f 1389//1389 1046//1046 1281//1281
f 1320//1320 1114//1114 1113//1113
f 685//685 1347//1347 575//575
f 1614//1614 1851//1851 319//319
f 1287//1287 863//863 211//211
f 1370//1370 64//64 940//940
f 1018//1018 934//934 1529//1529
f 211//211 863//863 330//330
f 78//78 1537//1537 958//958
f 1256//1256 1668//1668 1051//1051
f 1535//1535 1124//1124 725//725
f 980//980 237//237 122//122
f 454//454 1528//1528 934//934
f 721//721 477//477 288//288
f 694//694 950//950 1380//1380
f 1197//1197 1043//1043 1274//1274
f 1129//1129 1308//1308 1168//1168
f 245//245 248//248 1078//1078
f 699//699 1508//1508 384//384
f 444//444 1100//1100 551//551
f 101//101 189//189 276//276
f 1182//1182 1434//1434 763//763
f 1509//1509 1766//1766 660//660
f 1312//1312 1186//1186 1270//1270
f 98//98 1352//1352 404//404
f 164//164 365//365 628//628
f 264//264 1037//1037 1215//1215
f 26//26 558//558 1726//1726
f 663//663 1036//1036 1115//1115
f 926//926 1212//1212 986//986
f 151//151 622//622 532//532
f 612//612 923//923 986//986
f 1065//1065 42//42 1132//1132
f 475//475 922//922 46//46
f 919//919 533//533 1395//1395
f 1647//1647 83//83 1151//1151
f 1001//1001 1286//1286 636//636
f 1574//1574 550//550 282//282
f 669//669 969//969 1285//1285
f 721//721 676//676 1547//1547
f 1131//1131 1436//1436 813//813
f 1216//1216 1215//1215 1002//1002
f 1766//1766 1748//1748 660//660
f 1203//1203 1033//1033 1210//1210
f 797//797 1499//1499 1042//1042
f 441//441 245//245 1078//1078
f 1368//1368 1554//1554 1498//1498
f 698//698 841//841 861//861
f 1560//1560 483//483 1206//1206
f 1114//1114 791//791 1113//1113
f 427//427 1499//1499 578//578
f 963//963 1099//1099 777//777
f 1557//1557 342//342 1556//1556
f 1313//1313 770//770 139//139
f 1005//1005 1607//1607 526//526
f 1747//1747 1049//1049 200//200
f 416//416 610//610 415//415
f 77//77 76//76 49//49
f 525//525 1219//1219 1033//1033
f 628//628 1213//1213 164//164
f 1337//1337 1218//1218 824//824
f 1742//1742 1290//1290 1219//1219
f 1409//1409 690//690 1703//1703
f 240//240 347//347 748//748
f 859//859 828//828 117//117
f 1214//1214 784//784 1022//1022
f 1389//1389 1281//1281 1390//1390
f 1496//1496 600//600 939//939
f 582//582 1160//1160 1031//1031
f 913//913 808//808 1378//1378
f 1541//1541 570//570 206//206
f 359//359 1411//1411 1812//1812
f 907//907 1276//1276 1265//1265
f 275//275 956//956 1678//1678
f 296//296 496//496 864//864
f 1486//1486 833//833 762//762
f 1089//1089 833//833 1486//1486
f 969//969 1014//1014 1285//1285
f 598//598 428//428 944//944
f 142//142 399//399 143//143
f 685//685 157//157 340//340
f 766//766 822//822 1669//1669
f 967//967 1501//1501 1025//1025
f 4//4 1377//1377 1106//1106
f 833//833 1089//1089 1445//1445
f 1254//1254 1178//1178 1280//1280
f 130//130 565//565 1105//1105
f 1448//1448 350//350 1138//1138
f 1147//1147 1042//1042 1499//1499
f 1655//1655 595//595 1416//1416
f 986//986 1327//1327 612//612
f 894//894 411//411 642//642
f 1208//1208 779//779 1457//1457
f 1531//1531 1321//1321 825//825
f 1098//1098 1501//1501 967//967
f 113//113 144//144 297//297
f 951//951 1319//1319 1154//1154
f 406//406 667//667 1151//1151
f 1360//1360 460//460 1058//1058
f 70//70 1150//1150 410//410
f 29//29 460//460 1218//1218
f 1129//1129 1168//1168 598//598
f 630//630 1082//1082 610//610
f 1690//1690 297//297 1767//1767
f 160//160 94//94 1143//1143
f 83//83 982//982 879//879
f 90//90 916//916 1545//1545
f 1436//1436 1131//1131 569//569
f 518//518 645//645 794//794
f 480//480 518//518 794//794
f 1178//1178 949//949 467//467
f 1506//1506 896//896 1507//1507
f 798//798 1313//1313 114//114
f 863//863 1181//1181 328//328
f 852//852 948//948 1006//1006
f 895//895 1438//1438 708//708
f 1469//1469 248//248 633//633
f 138//138 965//965 713//713
f 99//99 137//137 138//138
f 1354//1354 351//351 492//492
f 769//769 299//299 764//764
f 353//353 1315//1315 629//629
f 138//138 728//728 99//99
f 640//640 619//619 1551//1551
f 1405//1405 940//940 64//64
f 1251//1251 1171//1171 1257//1257
f 913//913 361//361 808//808
f 1178//1178 619//619 640//640
f 787//787 1365//1365 511//511
f 744//744 494//494 1377//1377
f 1110//1110 627//627 618//618
f 762//762 833//833 1544//1544
f 618//618 412//412 1475//1475
f 968//968 1403//1403 829//829
f 812//812 470//470 1326//1326
f 925//925 453//453 1327//1327
f 1279//1279 263//263 1175//1175
f 906//906 1252//1252 289//289
f 406//406 1093//1093 1205//1205
f 557//557 452//452 805//805
f 1551//1551 639//639 640//640
f 90//90 1545//1545 91//91
f 68//68 570//570 1541//1541
f 782//782 1413//1413 277//277
f 1059//1059 504//504 821//821
f 1060//1060 504//504 1059//1059
f 1424//1424 1031//1031 1198//1198
f 1316//1316 474//474 1066//1066
f 301//301 1141//1141 631//631
f 534//534 920//920 685//685
f 649//649 1103//1103 469//469
f 577//577 931//931 788//788
f 79//79 1296//1296 844//844
f 1362//1362 1406//1406 1148//1148
f 1390//1390 97//97 170//170
f 1191//1191 1528//1528 454//454
f 406//406 1205//1205 1333//1333
f 1045//1045 1038//1038 1215//1215
f 153//153 826//826 93//93
f 1517//1517 838//838 295//295
f 1167//1167 123//123 1646//1646
f 314//314 196//196 1369//1369
f 677//677 1254//1254 1553//1553
f 226//226 1414//1414 541//541
f 611//611 658//658 498//498
f 1237//1237 203//203 792//792
f 464//464 574//574 36//36
f 991//991 1035//1035 459//459
f 1294//1294 1861//1861 1295//1295
f 1330//1330 746//746 1494//1494
f 195//195 650//650 992//992
f 1233//1233 1046//1046 1389//1389
f 1461//1461 953//953 257//257
f 1689//1689 1563//1563 440//440
f 1000//1000 1233//1233 1547//1547
f 1341//1341 962//962 866//866
f 757//757 1331//1331 1061//1061
f 742//742 411//411 109//109
f 746//746 849//849 332//332
f 279//279 722//722 599//599
f 745//745 1127//1127 803//803
f 688//688 166//166 1026//1026
f 1108//1108 1431//1431 335//335
f 958//958 1462//1462 352//352
f 279//279 726//726 372//372
f 1396//1396 1465//1465 1334//1334
f 201//201 1045//1045 763//763
f 8//8 23//23 249//249
f 897//897 10//10 761//761
f 648//648 639//639 1551//1551
f 138//138 137//137 932//932
f 1533//1533 1441//1441 1161//1161
f 1232//1232 1169//1169 173//173
f 1404//1404 1006//1006 948//948
f 1090//1090 1069//1069 1471//1471
f 1622//1622 1642//1642 502//502
f 1004//1004 662//662 1446//1446
f 803//803 1463//1463 18//18
f 1050//1050 638//638 446//446
f 1366//1366 943//943 1607//1607
f 1471//1471 893//893 1260//1260
f 1164//1164 486//486 485//485
f 1235//1235 1207//1207 1070//1070
f 902//902 1468//1468 550//550
f 149//149 219//219 902//902
f 1577//1577 1321//1321 1255//1255
f 1491//1491 1454//1454 150//150
f 1308//1308 1655//1655 1168//1168
f 1368//1368 1498//1498 1190//1190
f 1659//1659 422//422 278//278
f 807//807 843//843 614//614
f 194//194 64//64 1554//1554
f 646//646 1086//1086 520//520
f 1054//1054 82//82 554//554
f 599//599 731//731 508//508
f 271//271 588//588 717//717
f 95//95 70//70 1505//1505
f 453//453 1292//1292 1327//1327
f 903//903 461//461 1463//1463
f 260//260 742//742 109//109
f 452//452 1089//1089 1486//1486
f 642//642 646//646 520//520
f 16//16 1490//1490 838//838
f 766//766 1669//1669 793//793
f 776//776 781//781 3//3
f 768//768 200//200 1049//1049
f 671//671 1497//1497 489//489
f 1103//1103 1275//1275 1276//1276
f 927//927 194//194 778//778
f 1320//1320 1113//1113 996//996
f 861//861 1346//1346 1133//1133
f 960//960 650//650 713//713
f 1680//1680 493//493 1070//1070
f 1648//1648 753//753 909//909
f 232//232 608//608 811//811
f 5//5 635//635 489//489
f 1403//1403 562//562 629//629
f 416//416 163//163 1155//1155
f 498//498 1538//1538 611//611
f 1549//1549 696//696 1550//1550
f 661//661 1210//1210 688//688
f 631//631 479//479 301//301
f 1543//1543 29//29 1217//1217
f 298//298 536//536 797//797
f 553//553 1326//1326 656//656
f 620//620 983//983 12//12
f 958//958 317//317 1152//1152
f 545//545 1188//1188 28//28
f 1050//1050 1256//1256 1051//1051
f 805//805 452//452 1486//1486
f 820//820 819//819 1003//1003
f 1334//1334 450//450 1176//1176
f 1388//1388 85//85 84//84
f 491//491 910//910 327//327
f 1147//1147 1283//1283 458//458
f 435//435 619//619 9//9
f 1187//1187 1414//1414 226//226
f 655//655 1205//1205 780//780
f 1656//1656 509//509 1199//1199
f 1305//1305 1555//1555 1401//1401
f 314//314 869//869 316//316
f 1455//1455 658//658 611//611
f 1401//1401 1317//1317 1306//1306
f 1278//1278 524//524 263//263
f 637//637 73//73 74//74
f 1439//1439 1421//1421 1424//1424
f 901//901 673//673 1632//1632
f 550//550 1574//1574 902//902
f 1002//1002 700//700 1842//1842
f 402//402 1350//1350 45//45
f 967//967 1025//1025 1748//1748
f 430//430 402//402 45//45
f 1673//1673 176//176 1633//1633
f 603//603 259//259 402//402
f 402//402 430//430 603//603
f 1329//1329 854//854 1177//1177
f 80//80 778//778 81//81
f 1556//1556 197//197 120//120
f 858//858 1556//1556 120//120
f 577//577 1403//1403 968//968
f 1604//1604 142//142 776//776
f 373//373 1523//1523 1129//1129
f 1237//1237 1524//1524 1296//1296
f 845//845 1362//1362 1235//1235
f 222//222 82//82 1108//1108
f 435//435 9//9 1648//1648
f 1410//1410 347//347 437//437
f 696//696 676//676 203//203
f 878//878 315//315 869//869
f 813//813 857//857 614//614
f 989//989 882//882 961//961
f 735//735 594//594 990//990
f 813//813 354//354 857//857
f 1157//1157 1216//1216 1010//1010
f 1481//1481 1395//1395 1558//1558
f 744//744 941//941 1349//1349
f 312//312 699//699 399//399
f 1//1 1478//1478 140//140
f 450//450 1136//1136 590//590
f 1305//1305 1558//1558 1555//1555
f 725//725 1641//1641 881//881
f 1056//1056 385//385 1076//1076
f 262//262 1191//1191 1624//1624
f 324//324 1149//1149 478//478
f 1349//1349 1365//1365 1540//1540
f 570//570 964//964 145//145
f 764//764 1607//1607 1041//1041
f 395//395 222//222 208//208
f 879//879 766//766 83//83
f 1336//1336 293//293 1719//1719
f 1475//1475 1224//1224 618//618
f 624//624 378//378 380//380
f 600//600 639//639 331//331
f 1234//1234 1235//1235 1362//1362
f 1492//1492 318//318 233//233
f 1230//1230 1410//1410 1411//1411
f 1015//1015 529//529 190//190
f 1056//1056 1106//1106 706//706
f 1361//1361 210//210 1640//1640
f 1106//1106 1149//1149 4//4
f 964//964 1441//1441 952//952
f 33//33 862//862 214//214
f 157//157 1188//1188 340//340
f 669//669 903//903 969//969
f 887//887 647//647 592//592
f 1407//1407 35//35 214//214
f 1348//1348 646//646 1141//1141
f 51//51 825//825 933//933
f 569//569 1371//1371 1436//1436
f 1046//1046 855//855 995//995
f 418//418 623//623 977//977
f 1282//1282 813//813 1436//1436
f 1187//1187 242//242 1414//1414
f 549//549 877//877 1546//1546
f 1554//1554 1231//1231 796//796
f 696//696 203//203 1677//1677
f 1435//1435 872//872 298//298
f 672//672 702//702 1032//1032
f 753//753 516//516 1418//1418
f 995//995 855//855 1370//1370
f 1155//1155 539//539 126//126
f 1446//1446 662//662 667//667
f 134//134 357//357 972//972
f 827//827 1357//1357 449//449
f 1478//1478 1375//1375 36//36
f 444//444 551//551 954//954
f 748//748 747//747 699//699
f 593//593 481//481 1643//1643
f 1559//1559 1063//1063 1156//1156
f 1310//1310 334//334 1574//1574
f 1063//1063 1559//1559 533//533
f 348//348 236//236 429//429
f 1123//1123 1122//1122 810//810
f 720//720 1250//1250 11//11
f 72//72 709//709 1146//1146
f 1553//1553 1280//1280 625//625
f 930//930 929//929 313//313
f 599//599 508//508 86//86
f 480//480 794//794 563//563
f 1240//1240 1364//1364 1344//1344
f 1272//1272 712//712 1408//1408
f 1492//1492 75//75 360//360
f 482//482 52//52 807//807
f 1026//1026 166//166 188//188
f 884//884 965//965 1180//1180
f 1134//1134 1257//1257 789//789
f 1181//1181 587//587 328//328
f 921//921 1539//1539 535//535
f 197//197 1556//1556 342//342
f 1227//1227 831//831 472//472
f 678//678 1054//1054 554//554
f 828//828 896//896 1506//1506
f 1523//1523 373//373 1521//1521
f 22//22 1223//1223 133//133
f 886//886 472//472 457//457
f 1176//1176 1184//1184 1429//1429
f 738//738 400//400 260//260
f 1067//1067 552//552 1753//1753
f 554//554 395//395 394//394
f 704//704 1560//1560 1206//1206
f 35//35 32//32 265//265
f 204//204 541//541 250//250
f 267//267 1666//1666 53//53
f 1085//1085 458//458 1275//1275
f 812//812 337//337 251//251
f 204//204 250//250 779//779
f 498//498 1365//1365 1349//1349
f 285//285 1213//1213 973//973
f 1484//1484 1346//1346 174//174
f 1631//1631 1546//1546 123//123
f 1686//1686 935//935 897//897
f 262//262 317//317 1372//1372
f 1040//1040 1039//1039 71//71
f 232//232 1680//1680 707//707
f 1506//1506 1448//1448 117//117
f 1074//1074 1622//1622 434//434
f 333//333 202//202 1444//1444
f 549//549 1546//1546 978//978
f 532//532 1363//1363 151//151
f 289//289 1201//1201 1473//1473
f 1545//1545 1769//1769 591//591
f 618//618 1224//1224 1071//1071
f 633//633 1062//1062 1678//1678
f 1266//1266 1252//1252 121//121
f 649//649 1275//1275 1103//1103
f 1271//1271 1343//1343 1047//1047
f 877//877 1230//1230 359//359
f 178//178 731//731 256//256
f 1325//1325 797//797 1042//1042
f 749//749 799//799 1391//1391
f 789//789 1257//1257 1171//1171
f 933//933 362//362 1703//1703
f 343//343 872//872 957//957
f 586//586 177//177 176//176
f 13//13 497//497 1061//1061
f 1158//1158 1519//1519 644//644
f 593//593 1249//1249 1075//1075
f 492//492 1391//1391 1223//1223
f 869//869 900//900 1450//1450
f 154//154 716//716 162//162
f 520//520 109//109 894//894
f 1608//1608 226//226 541//541
f 114//114 479//479 1185//1185
f 1052//1052 924//924 178//178
f 670//670 83//83 1647//1647
f 125//125 1828//1828 1548//1548
f 262//262 1372//1372 1191//1191
f 772//772 727//727 1109//1109
f 1732//1732 1231//1231 474//474
f 216//216 1439//1439 284//284
f 396//396 581//581 853//853
f 544//544 576//576 1687//1687
f 906//906 831//831 121//121
f 1211//1211 1268//1268 725//725
f 1379//1379 30//30 846//846
f 681//681 1374//1374 1527//1527
f 629//629 1406//1406 845//845
f 1535//1535 579//579 1124//1124
f 486//486 1160//1160 485//485
f 579//579 973//973 445//445
f 974//974 72//72 1145//1145
f 1145//1145 72//72 1146//1146
f 593//593 881//881 1249//1249
f 1005//1005 139//139 1041//1041
f 1418//1418 516//516 1289//1289
f 955//955 923//923 983//983
f 1466//1466 1300//1300 394//394
f 87//87 767//767 143//143
f 767//767 87//87 1384//1384
f 1289//1289 516//516 1114//1114
f 499//499 781//781 776//776
f 847//847 715//715 1179//1179
f 29//29 1455//1455 632//632
f 1264//1264 1425//1425 1199//1199
f 1208//1208 1057//1057 632//632
f 1058//1058 1057//1057 1457//1457
f 1180//1180 965//965 468//468
f 1136//1136 1286//1286 548//548
f 1457//1457 1057//1057 1208//1208
f 1002//1002 1526//1526 1216//1216
f 869//869 315//315 316//316
f 1295//1295 1220//1220 241//241
f 1684//1684 836//836 837//837
f 556//556 1380//1380 1241//1241
f 577//577 788//788 1398//1398
f 925//925 1273//1273 1196//1196
f 672//672 1032//1032 537//537
f 1659//1659 365//365 1807//1807
f 257//257 1228//1228 465//465
f 620//620 12//12 733//733
f 219//219 680//680 1073//1073
f 1141//1141 646//646 1094//1094
f 1352//1352 1315//1315 1359//1359
f 942//942 268//268 187//187
f 841//841 174//174 861//861
f 1071//1071 1279//1279 1175//1175
f 802//802 1006//1006 1493//1493
f 1457//1457 959//959 1156//1156
f 140//140 1674//1674 937//937
f 792//792 203//203 721//721
f 1178//1178 209//209 619//619
f 897//897 183//183 10//10
f 1688//1688 574//574 464//464
f 689//689 1374//1374 540//540
f 238//238 748//748 384//384
f 1688//1688 1470//1470 574//574
f 1530//1530 767//767 877//877
f 139//139 125//125 1548//1548
f 755//755 323//323 182//182
f 1637//1637 1082//1082 1931//1931
f 471//471 325//325 1181//1181
f 877//877 767//767 1384//1384
f 1741//1741 618//618 1071//1071
f 373//373 598//598 944//944
f 824//824 1022//1022 741//741
f 1726//1726 229//229 1653//1653
f 103//103 423//423 172//172
f 212//212 1172//1172 213//213
f 1429//1429 99//99 551//551
f 765//765 543//543 542//542
f 506//506 507//507 346//346
f 1478//1478 1//1 1375//1375
f 1527//1527 689//689 942//942
f 2//2 1400//1400 1080//1080
f 703//703 1560//1560 704//704
f 72//72 1560//1560 703//703
f 947//947 360//360 75//75
f 531//531 1008//1008 1273//1273
f 877//877 1384//1384 1230//1230
f 69//69 62//62 989//989
f 701//701 471//471 896//896
f 1660//1660 527//527 1067//1067
f 1648//1648 9//9 11//11
f 1492//1492 233//233 75//75
f 1301//1301 376//376 370//370
f 747//747 1230//1230 1384//1384
f 803//803 1127//1127 1460//1460
f 473//473 936//936 1138//1138
f 429//429 236//236 155//155
f 360//360 1539//1539 921//921
f 1053//1053 1189//1189 1204//1204
f 618//618 627//627 412//412
f 1688//1688 579//579 445//445
f 920//920 724//724 157//157
f 753//753 739//739 718//718
f 1493//1493 1392//1392 814//814
f 109//109 521//521 260//260
f 1558//1558 1482//1482 974//974
f 231//231 792//792 288//288
f 1466//1466 311//311 1300//1300
f 510//510 564//564 299//299
f 1305//1305 1482//1482 1558//1558
f 208//208 207//207 1466//1466
f 1537//1537 666//666 838//838
f 924//924 508//508 731//731
f 941//941 1538//1538 498//498
f 608//608 1332//1332 1142//1142
f 1450//1450 900//900 874//874
f 45//45 1560//1560 72//72
f 1135//1135 918//918 1364//1364
f 1202//1202 348//348 61//61
f 928//928 439//439 1328//1328
f 1252//1252 1413//1413 355//355
f 440//440 439//439 928//928
f 1222//1222 855//855 1000//1000
f 65//65 547//547 546//546
f 339//339 128//128 107//107
f 1258//1258 128//128 1064//1064
f 790//790 286//286 374//374
f 424//424 1012//1012 987//987
f 1608//1608 1538//1538 941//941
f 1258//1258 1064//1064 488//488
f 641//641 129//129 1561//1561
f 641//641 1561//1561 1301//1301
f 999//999 86//86 508//508
f 1258//1258 129//129 128//128
f 1397//1397 129//129 1258//1258
f 1561//1561 129//129 1397//1397
f 144//144 247//247 405//405
f 847//847 580//580 745//745
f 135//135 405//405 247//247
f 1641//1641 725//725 1124//1124
f 797//797 783//783 592//592
f 915//915 58//58 144//144
f 58//58 247//247 144//144
f 514//514 322//322 321//321
f 647//647 1298//1298 592//592
f 901//901 314//314 1369//1369
f 982//982 670//670 12//12
f 276//276 863//863 1287//1287
f 1542//1542 300//300 769//769
f 659//659 82//82 816//816
f 1180//1180 1079//1079 884//884
f 431//431 663//663 432//432
f 1164//1164 582//582 1422//1422
f 526//526 943//943 755//755
f 861//861 1133//1133 860//860
f 897//897 761//761 774//774
f 1052//1052 1088//1088 924//924
f 874//874 1541//1541 800//800
f 492//492 351//351 28//28
f 697//697 179//179 135//135
f 882//882 1023//1023 543//543
f 1340//1340 505//505 1475//1475
f 706//706 1248//1248 385//385
f 1393//1393 997//997 286//286
f 1860//1860 1524//1524 1237//1237
f 679//679 963//963 1053//1053
f 191//191 206//206 1015//1015
f 1685//1685 655//655 651//651
f 488//488 1023//1023 989//989
f 1434//1434 1154//1154 763//763
f 1003//1003 1229//1229 152//152
f 1221//1221 896//896 1039//1039
f 1641//1641 1249//1249 881//881
f 494//494 744//744 1652//1652
f 777//777 607//607 791//791
f 1099//1099 607//607 777//777
f 1114//1114 516//516 156//156
f 1447//1447 1287//1287 211//211
f 716//716 1533//1533 1161//1161
f 1297//1297 663//663 1115//1115
f 1455//1455 1087//1087 658//658
f 600//600 476//476 656//656
f 704//704 1206//1206 442//442
f 227//227 1061//1061 1331//1331
f 315//315 878//878 217//217
f 908//908 693//693 1161//1161
f 441//441 1078//1078 490//490
f 503//503 529//529 364//364
f 1079//1079 803//803 18//18
f 960//960 713//713 965//965
f 1470//1470 1266//1266 574//574
f 81//81 625//625 466//466
f 1732//1732 70//70 613//613
f 189//189 471//471 276//276
f 299//299 1366//1366 764//764
f 822//822 306//306 1505//1505
f 1102//1102 1441//1441 58//58
f 1419//1419 1417//1417 449//449
f 613//613 1231//1231 1732//1732
f 50//50 1562//1562 49//49
f 1576//1576 24//24 23//23
f 440//440 1563//1563 1580//1580
f 1566//1566 1565//1565 316//316
f 1762//1762 1705//1705 1704//1704
f 791//791 236//236 1572//1572
f 1878//1878 1877//1877 1665//1665
f 825//825 1321//1321 1577//1577
f 1831//1831 1880//1880 1881//1881
f 315//315 217//217 1991//1991
f 1888//1888 1887//1887 323//323
f 1752//1752 1758//1758 1700//1700
f 795//795 1570//1570 229//229
f 1707//1707 1712//1712 1817//1817
f 1890//1890 1889//1889 240//240
f 1629//1629 2001//2001 1589//1589
f 333//333 1727//1727 301//301
f 1892//1892 391//391 392//392
f 1894//1894 1725//1725 1893//1893
f 398//398 345//345 1595//1595
f 1895//1895 1901//1901 1855//1855
f 407//407 198//198 2022//2022
f 331//331 2022//2022 198//198
f 1898//1898 1897//1897 239//239
f 1900//1900 238//238 2025//2025
f 1816//1816 336//336 448//448
f 1596//1596 1658//1658 1811//1811
f 1901//1901 1895//1895 1902//1902
f 1793//1793 1797//1797 1602//1602
f 367//367 368//368 59//59
f 511//511 1087//1087 850//850
f 65//65 546//546 1663//1663
f 1683//1683 1660//1660 1671//1671
f 1904//1904 1920//1920 1611//1611
f 1966//1966 1905//1905 1761//1761
f 362//362 1614//1614 319//319
f 160//160 425//425 1708//1708
f 1617//1617 1613//1613 1612//1612
f 1801//1801 1799//1799 1847//1847
f 1619//1619 1617//1617 1612//1612
f 63//63 69//69 1620//1620
f 1659//1659 774//774 1686//1686
f 1653//1653 1570//1570 1162//1162
f 1653//1653 229//229 1570//1570
f 1794//1794 738//738 335//335
f 147//147 448//448 795//795
f 278//278 801//801 1659//1659
f 1910//1910 1591//1591 1721//1721
f 1679//1679 1721//1721 1591//1591
f 434//434 1622//1622 502//502
f 815//815 1827//1827 336//336
f 880//880 9//9 1445//1445
f 626//626 1657//1657 1624//1624
f 1667//1667 1008//1008 451//451
f 815//815 1939//1939 1913//1913
f 1491//1491 1574//1574 334//334
f 1482//1482 430//430 72//72
f 943//943 526//526 1607//1607
f 951//951 561//561 1626//1626
f 1729//1729 1805//1805 1389//1389
f 559//559 1630//1630 1675//1675
f 259//259 403//403 1797//1797
f 123//123 1861//1861 1631//1631
f 673//673 154//154 1632//1632
f 1633//1633 584//584 159//159
f 801//801 161//161 365//365
f 1077//1077 1076//1076 505//505
f 946//946 1683//1683 1637//1637
f 1423//1423 282//282 1636//1636
f 634//634 627//627 1639//1639
f 382//382 1112//1112 345//345
f 921//921 535//535 1199//1199
f 885//885 884//884 1079//1079
f 1576//1576 23//23 8//8
f 35//35 1610//1610 32//32
f 1659//1659 897//897 774//774
f 1797//1797 402//402 259//259
f 1112//1112 1827//1827 1625//1625
f 585//585 1861//1861 1167//1167
f 210//210 724//724 1640//1640
f 1482//1482 1651//1651 603//603
f 1708//1708 1706//1706 1956//1956
f 1227//1227 36//36 121//121
f 1917//1917 1644//1644 1916//1916
f 415//415 610//610 1671//1671
f 1141//1141 301//301 1786//1786
f 305//305 1008//1008 1667//1667
f 455//455 1663//1663 382//382
f 1841//1841 1918//1918 437//437
f 1919//1919 1960//1960 1810//1810
f 667//667 1606//1606 1151//1151
f 1214//1214 1481//1481 784//784
f 1167//1167 1646//1646 858//858
f 610//610 1082//1082 1637//1637
f 64//64 194//194 927//927
f 1836//1836 1270//1270 329//329
f 1646//1646 338//338 1812//1812
f 1646//1646 1812//1812 1557//1557
f 866//866 962//962 1564//1564
f 659//659 1028//1028 1431//1431
f 11//11 287//287 1648//1648
f 1126//1126 1040//1040 1649//1649
f 1//1 195//195 992//992
f 1093//1093 684//684 780//780
f 1718//1718 1788//1788 1787//1787
f 1401//1401 1306//1306 1651//1651
f 1812//1812 1411//1411 1410//1410
f 1842//1842 567//567 1681//1681
f 1146//1146 329//329 1270//1270
f 1040//1040 1290//1290 1742//1742
f 1077//1077 1604//1604 478//478
f 1676//1676 207//207 273//273
f 423//423 1628//1628 1806//1806
f 1806//1806 172//172 423//423
f 1603//1603 1708//1708 1602//1602
f 1920//1920 1814//1814 1871//1871
f 35//35 1802//1802 1610//1610
f 1655//1655 1019//1019 1168//1168
f 849//849 1168//1168 1019//1019
f 936//936 678//678 1138//1138
f 262//262 1657//1657 1182//1182
f 1922//1922 1818//1818 1963//1963
f 1817//1817 1712//1712 1818//1818
f 1348//1348 1141//1141 1786//1786
f 396//396 1479//1479 26//26
f 1916//1916 1644//1644 1924//1924
f 1671//1671 610//610 1637//1637
f 332//332 1019//1019 889//889
f 422//422 1659//1659 1686//1686
f 1722//1722 1720//1720 1909//1909
f 1635//1635 1634//1634 1661//1661
f 1850//1850 1759//1759 1730//1730
f 1899//1899 1811//1811 1598//1598
f 1820//1820 1744//1744 1925//1925
f 684//684 1662//1662 1426//1426
f 771//771 790//790 1807//1807
f 566//566 382//382 1663//1663
f 1693//1693 379//379 244//244
f 201//201 1319//1319 1747//1747
f 1823//1823 1794//1794 1771//1771
f 1649//1649 1040//1040 1742//1742
f 1824//1824 1694//1694 1702//1702
f 147//147 146//146 448//448
f 181//181 1643//1643 547//547
f 423//423 1562//1562 50//50
f 448//448 336//336 795//795
f 451//451 452//452 1667//1667
f 1928//1928 1910//1910 1881//1881
f 1812//1812 389//389 1245//1245
f 501//501 932//932 883//883
f 1537//1537 838//838 1462//1462
f 1274//1274 1051//1051 1668//1668
f 1274//1274 1668//1668 1577//1577
f 1093//1093 1669//1669 684//684
f 176//176 584//584 1633//1633
f 1319//1319 1626//1626 955//955
f 906//906 835//835 831//831
f 1930//1930 2000//2000 1929//1929
f 462//462 1697//1697 1859//1859
f 1399//1399 1386//1386 1249//1249
f 1937//1937 125//125 1672//1672
f 1651//1651 1482//1482 1305//1305
f 541//541 204//204 1608//1608
f 684//684 1669//1669 756//756
f 586//586 176//176 1673//1673
f 457//457 1492//1492 1674//1674
f 801//801 365//365 1659//1659
f 1197//1197 1274//1274 1577//1577
f 1021//1021 1656//1656 535//535
f 274//274 1348//1348 1676//1676
f 1287//1287 1284//1284 101//101
f 571//571 945//945 432//432
f 945//945 571//571 1675//1675
f 1216//1216 1526//1526 1010//1010
f 68//68 1632//1632 162//162
f 858//858 1673//1673 1167//1167
f 1510//1510 1511//1511 1340//1340
f 1383//1383 651//651 1677//1677
f 1677//1677 1296//1296 1383//1383
f 63//63 1620//1620 1534//1534
f 1207//1207 1680//1680 1070//1070
f 947//947 876//876 840//840
f 655//655 1426//1426 651//651
f 557//557 1667//1667 452//452
f 561//561 986//986 1626//1626
f 606//606 923//923 1293//1293
f 732//732 522//522 1495//1495
f 123//123 1546//1546 338//338
f 1726//1726 1653//1653 396//396
f 1606//1606 1639//1639 1647//1647
f 1933//1933 1932//1932 1879//1879
f 1734//1734 1121//1121 311//311
f 1226//1226 1345//1345 1501//1501
f 920//920 534//534 1681//1681
f 1595//1595 345//345 1112//1112
f 1647//1647 1110//1110 670//670
f 1830//1830 389//389 437//437
f 1689//1689 440//440 339//339
f 1460//1460 1127//1127 1028//1028
f 1771//1771 1825//1825 1576//1576
f 1484//1484 1068//1068 1684//1684
f 836//836 1684//1684 1068//1068
f 762//762 677//677 805//805
f 1874//1874 1770//1770 1808//1808
f 1245//1245 1557//1557 1812//1812
f 1502//1502 417//417 1122//1122
f 956//956 899//899 1678//1678
f 1469//1469 1678//1678 899//899
f 382//382 1590//1590 1112//1112
f 585//585 159//159 1306//1306
f 159//159 585//585 1633//1633
f 1526//1526 1681//1681 534//534
f 528//528 1660//1660 1683//1683
f 1570//1570 795//795 336//336
f 679//679 680//680 149//149
f 1686//1686 774//774 935//935
f 840//840 535//535 1539//1539
f 1631//1631 1861//1861 1294//1294
f 1294//1294 984//984 1631//1631
f 1848//1848 1339//1339 271//271
f 374//374 422//422 1686//1686
f 242//242 241//241 1414//1414
f 444//444 1674//1674 1356//1356
f 1257//1257 1134//1134 1332//1332
f 1739//1739 1683//1683 946//946
f 1211//1211 1643//1643 181//181
f 1760//1760 1590//1590 382//382
f 1935//1935 1713//1713 1885//1885
f 1913//1913 1595//1595 1625//1625
f 1691//1691 1692//1692 1731//1731
f 1772//1772 1705//1705 1762//1762
f 1565//1565 196//196 316//316
f 316//316 315//315 1566//1566
f 1764//1764 386//386 1781//1781
f 722//722 1848//1848 271//271
f 1401//1401 1651//1651 1305//1305
f 1547//1547 1233//1233 477//477
f 1881//1881 695//695 1831//1831
f 1640//1640 1681//1681 567//567
f 65//65 1663//1663 455//455
f 1182//1182 1657//1657 1434//1434
f 1223//1223 22//22 1354//1354
f 839//839 1212//1212 926//926
f 536//536 578//578 1499//1499
f 1499//1499 797//797 536//536
f 427//427 578//578 73//73
f 221//221 1742//1742 1219//1219
f 275//275 1678//1678 1062//1062
f 1062//1062 40//40 275//275
f 1553//1553 1254//1254 1280//1280
f 1278//1278 263//263 1279//1279
f 1718//1718 1813//1813 1788//1788
f 1660//1660 1067//1067 1671//1671
f 677//677 1553//1553 758//758
f 1356//1356 1492//1492 360//360
f 1358//1358 746//746 1330//1330
f 1689//1689 339//339 641//641
f 370//370 124//124 1690//1690
f 462//462 363//363 319//319
f 362//362 319//319 363//363
f 1222//1222 1000//1000 1547//1547
f 57//57 279//279 599//599
f 790//790 374//374 1686//1686
f 811//811 493//493 1680//1680
f 416//416 1155//1155 630//630
f 1495//1495 522//522 729//729
f 897//897 935//935 183//183
f 352//352 317//317 958//958
f 1401//1401 1555//1555 1873//1873
f 1873//1873 1555//1555 1395//1395
f 901//901 1632//1632 68//68
f 967//967 1685//1685 79//79
f 1633//1633 1167//1167 1673//1673
f 1558//1558 1395//1395 1555//1555
f 2026//2026 1730//1730 1973//1973
f 1635//1635 1679//1679 1634//1634
f 1361//1361 1640//1640 567//567
f 992//992 1375//1375 1//1
f 699//699 384//384 748//748
f 593//593 1643//1643 1211//1211
f 1503//1503 1123//1123 810//810
f 1553//1553 625//625 758//758
f 1931//1931 1939//1939 1816//1816
f 1293//1293 923//923 612//612
f 984//984 1546//1546 1631//1631
f 1686//1686 1807//1807 790//790
f 576//576 1404//1404 1687//1687
f 906//906 121//121 1252//1252
f 1665//1665 1601//1601 1635//1635
f 1941//1941 1940//1940 1946//1946
f 690//690 51//51 1703//1703
f 1639//1639 627//627 1110//1110
f 1684//1684 837//837 1133//1133
f 1133//1133 1346//1346 1684//1684
f 1807//1807 897//897 1659//1659
f 445//445 1470//1470 1688//1688
f 1637//1637 1931//1931 946//946
f 1521//1521 373//373 944//944
f 961//961 69//69 989//989
f 464//464 698//698 1688//1688
f 579//579 1688//1688 698//698
f 1025//1025 1501//1501 1074//1074
f 66//66 547//547 65//65
f 92//92 1628//1628 423//423
f 1737//1737 92//92 76//76
f 1431//1431 1108//1108 659//659
f 82//82 659//659 1108//1108
f 743//743 1036//1036 431//431
f 1685//1685 651//651 1383//1383
f 1383//1383 79//79 1685//1685
f 1307//1307 1079//1079 18//18
f 1690//1690 1689//1689 370//370
f 124//124 111//111 1690//1690
f 1988//1988 1943//1943 1565//1565
f 1702//1702 1940//1940 1824//1824
f 1849//1849 1947//1947 1575//1575
f 319//319 1697//1697 462//462
f 1699//1699 1698//1698 1832//1832
f 1582//1582 1581//1581 1585//1585
f 1584//1584 1583//1583 1670//1670
f 1950//1950 1949//1949 1612//1612
f 1998//1998 1951//1951 1585//1585
f 1765//1765 1951//1951 1952//1952
f 1573//1573 1953//1953 1599//1599
f 363//363 1703//1703 362//362
f 1955//1955 1954//1954 1704//1704
f 1708//1708 1956//1956 1602//1602
f 1958//1958 1957//1957 1978//1978
f 1959//1959 1949//1949 1700//1700
f 738//738 1794//1794 400//400
f 1960//1960 1919//1919 1929//1929
f 1961//1961 1929//1929 1600//1600
f 774//774 443//443 754//754
f 1830//1830 1963//1963 1999//1999
f 1882//1882 1880//1880 1831//1831
f 1682//1682 1578//1578 1882//1882
f 700//700 1091//1091 293//293
f 1935//1935 1964//1964 1713//1713
f 1716//1716 1715//1715 1966//1966
f 1968//1968 1967//1967 1969//1969
f 1938//1938 1967//1967 1613//1613
f 1844//1844 1970//1970 1971//1971
f 511//511 850//850 1719//1719
f 1722//1722 1803//1803 1860//1860
f 1621//1621 1909//1909 1720//1720
f 1915//1915 1894//1894 1893//1893
f 1834//1834 1972//1972 393//393
f 1579//1579 1725//1725 1894//1894
f 26//26 1726//1726 396//396
f 19//19 785//785 1509//1509
f 301//301 1727//1727 1786//1786
f 935//935 774//774 754//754
f 1806//1806 1729//1729 1390//1390
f 1390//1390 170//170 1806//1806
f 1974//1974 1911//1911 1779//1779
f 938//938 1150//1150 1732//1732
f 1821//1821 1586//1586 2005//2005
f 1976//1976 1975//1975 1645//1645
f 1866//1866 1865//1865 1975//1975
f 1650//1650 1593//1593 1592//1592
f 493//493 811//811 1472//1472
f 76//76 55//55 1737//1737
f 1628//1628 1737//1737 1984//1984
f 213//213 1738//1738 711//711
f 1636//1636 528//528 1739//1739
f 1306//1306 1317//1317 585//585
f 1740//1740 795//795 229//229
f 1676//1676 1734//1734 207//207
f 1733//1733 1693//1693 1927//1927
f 1978//1978 1923//1923 1958//1958
f 1741//1741 1110//1110 618//618
f 1649//1649 1742//1742 500//500
f 1980//1980 1979//1979 1899//1899
f 1925//1925 1898//1898 438//438
f 1645//1645 2007//2007 1980//1980
f 1858//1858 1863//1863 1862//1862
f 1337//1337 1217//1217 1218//1218
f 1319//1319 955//955 1747//1747
f 983//983 1747//1747 955//955
f 1771//1771 335//335 419//419
f 655//655 1685//1685 1748//1748
f 1981//1981 1877//1877 1749//1749
f 146//146 1739//1739 448//448
f 248//248 245//245 1802//1802
f 941//941 1728//1728 1608//1608
f 1984//1984 1751//1751 1629//1629
f 1629//1629 1578//1578 1984//1984
f 1336//1336 1719//1719 850//850
f 1670//1670 1583//1583 1581//1581
f 808//808 740//740 302//302
f 1899//1899 1953//1953 1946//1946
f 1468//1468 1753//1753 552//552
f 419//419 1028//1028 580//580
f 225//225 1994//1994 1672//1672
f 675//675 1066//1066 1222//1222
f 1278//1278 1652//1652 524//524
f 571//571 1740//1740 1489//1489
f 733//733 1741//1741 1843//1843
f 74//74 223//223 1754//1754
f 19//19 1509//1509 1511//1511
f 190//190 664//664 663//663
f 1621//1621 1679//1679 1635//1635
f 1808//1808 1755//1755 1803//1803
f 730//730 1217//1217 1337//1337
f 148//148 1740//1740 571//571
f 1947//1947 1982//1982 1983//1983
f 1815//1815 1982//1982 1746//1746
f 1735//1735 1736//1736 1757//1757
f 1852//1852 180//180 179//179
f 1628//1628 1984//1984 1627//1627
f 1786//1786 1727//1727 1765//1765
f 1986//1986 1985//1985 1950//1950
f 1949//1949 1985//1985 1700//1700
f 938//938 1732//1732 474//474
f 1873//1873 1317//1317 1401//1401
f 1940//1940 1987//1987 1759//1759
f 1973//1973 1987//1987 1661//1661
f 566//566 1760//1760 382//382
f 758//758 194//194 1368//1368
f 660//660 1748//1748 1025//1025
f 511//511 1719//1719 787//787
f 1468//1468 1409//1409 1753//1753
f 363//363 1753//1753 1409//1409
f 1935//1935 1584//1584 1965//1965
f 1070//1070 493//493 1201//1201
f 1944//1944 1943//1943 1988//1988
f 1872//1872 1692//1692 1954//1954
f 1974//1974 1731//1731 1833//1833
f 1727//1727 333//333 1764//1764
f 1951//1951 1727//1727 1582//1582
f 1676//1676 1786//1786 1765//1765
f 1324//1324 1030//1030 1291//1291
f 1578//1578 1682//1682 1984//1984
f 1333//1333 1205//1205 1766//1766
f 1766//1766 1509//1509 1333//1333
f 1205//1205 655//655 1766//1766
f 1748//1748 1766//1766 655//655
f 1690//1690 1767//1767 1563//1563
f 1580//1580 1563//1563 1767//1767
f 300//300 299//299 769//769
f 1704//1704 1705//1705 1768//1768
f 1839//1839 246//246 1989//1989
f 967//967 1748//1748 1685//1685
f 867//867 500//500 1750//1750
f 1634//1634 1679//1679 1804//1804
f 1552//1552 1231//1231 1554//1554
f 1931//1931 1082//1082 1769//1769
f 1067//1067 1753//1753 462//462
f 1150//1150 70//70 1732//1732
f 1990//1990 238//238 1900//1900
f 1843//1843 1741//1741 1071//1071
f 190//190 387//387 664//664
f 1558//1558 974//974 1481//1481
f 1064//1064 128//128 339//339
f 770//770 1542//1542 769//769
f 1823//1823 1771//1771 1778//1778
f 440//440 1780//1780 439//439
f 1838//1838 1772//1772 1991//1991
f 1924//1924 1567//1567 2019//2019
f 1773//1773 1774//1774 119//119
f 1589//1589 1804//1804 1571//1571
f 1990//1990 1749//1749 1890//1890
f 244//244 243//243 1992//1992
f 1883//1883 1879//1879 1932//1932
f 1778//1778 1610//1610 1802//1802
f 245//245 441//441 1778//1778
f 1778//1778 1802//1802 245//245
f 1779//1779 1776//1776 1777//1777
f 1943//1943 218//218 1565//1565
f 1780//1780 440//440 1580//1580
f 1581//1581 1582//1582 1764//1764
f 1782//1782 1937//1937 1672//1672
f 1995//1995 1887//1887 1758//1758
f 1896//1896 1886//1886 1783//1783
f 1996//1996 1896//1896 1870//1870
f 1997//1997 1885//1885 1597//1597
f 1885//1885 1998//1998 1585//1585
f 1986//1986 1884//1884 1937//1937
f 224//224 1867//1867 1888//1888
f 1758//1758 1752//1752 1782//1782
f 197//197 342//342 390//390
f 1963//1963 1712//1712 1999//1999
f 2000//2000 1775//1775 1878//1878
f 1775//1775 1930//1930 1785//1785
f 1589//1589 1588//1588 1629//1629
f 2001//2001 1629//1629 1751//1751
f 333//333 301//301 202//202
f 333//333 386//386 1764//1764
f 1936//1936 1970//1970 1787//1787
f 2004//2004 1723//1723 1891//1891
f 1602//1602 1594//1594 1793//1793
f 1791//1791 1793//1793 1594//1594
f 393//393 349//349 1791//1791
f 1901//1901 179//179 1855//1855
f 1870//1870 330//330 1996//1996
f 335//335 1771//1771 1794//1794
f 1980//1980 1899//1899 1702//1702
f 2006//2006 1897//1897 1743//1743
f 1795//1795 1702//1702 1694//1694
f 1874//1874 1981//1981 1749//1749
f 1645//1645 2005//2005 2007//2007
f 2007//2007 1745//1745 1980//1980
f 1603//1603 1602//1602 1797//1797
f 349//349 413//413 1793//1793
f 1797//1797 1793//1793 413//413
f 1845//1845 1989//1989 913//913
f 1969//1969 1967//1967 1938//1938
f 1845//1845 1977//1977 1904//1904
f 1964//1964 1613//1613 1967//1967
f 1871//1871 1761//1761 1905//1905
f 1597//1597 1713//1713 1906//1906
f 1867//1867 2008//2008 1801//1801
f 1798//1798 1701//1701 1758//1758
f 414//414 175//175 1706//1706
f 1844//1844 1615//1615 1908//1908
f 2009//2009 2010//2010 703//703
f 1907//1907 1959//1959 1701//1701
f 2009//2009 609//609 2018//2018
f 1908//1908 1907//1907 1701//1701
f 2011//2011 2010//2010 1799//1799
f 2012//2012 2011//2011 1799//1799
f 2012//2012 2008//2008 329//329
f 633//633 248//248 1802//1802
f 1569//1569 1860//1860 1755//1755
f 231//231 1722//1722 1860//1860
f 1722//1722 231//231 1720//1720
f 1876//1876 230//230 2002//2002
f 1992//1992 243//243 2013//2013
f 1883//1883 1776//1776 1911//1911
f 1993//1993 1879//1879 1883//1883
f 1948//1948 1947//1947 1849//1849
f 1834//1834 1695//1695 1972//1972
f 1912//1912 1696//1696 1834//1834
f 1706//1706 1862//1862 1956//1956
f 2015//2015 1796//1796 1856//1856
f 1913//1913 1939//1939 1769//1769
f 152//152 1229//1229 1848//1848
f 1319//1319 951//951 1626//1626
f 1729//1729 1627//1627 1682//1682
f 1389//1389 1805//1805 283//283
f 1390//1390 1729//1729 1389//1389
f 170//170 172//172 1806//1806
f 2014//2014 368//368 2001//2001
f 164//164 771//771 1807//1807
f 2015//2015 321//321 1569//1569
f 1914//1914 1808//1808 1909//1909
f 1893//1893 1936//1936 1787//1787
f 2004//2004 1972//1972 1724//1724
f 1723//1723 1790//1790 1789//1789
f 365//365 164//164 1807//1807
f 413//413 402//402 1797//1797
f 175//175 177//177 184//184
f 1706//1706 1708//1708 414//414
f 1958//1958 1644//1644 2016//2016
f 1773//1773 197//197 1999//1999
f 1348//1348 1786//1786 1676//1676
f 1658//1658 1960//1960 1811//1811
f 1596//1596 1811//1811 1745//1745
f 1809//1809 1709//1709 1919//1919
f 1971//1971 1618//1618 1615//1615
f 2017//2017 1892//1892 1891//1891
f 1892//1892 2018//2018 609//609
f 1642//1642 1604//1604 1077//1077
f 1627//1627 1806//1806 1628//1628
f 425//425 414//414 1708//1708
f 1708//1708 1603//1603 160//160
f 330//330 1814//1814 1738//1738
f 1738//1738 213//213 211//211
f 211//211 330//330 1738//1738
f 1854//1854 1654//1654 1664//1664
f 1815//1815 1774//1774 1773//1773
f 1575//1575 2019//2019 1567//1567
f 1875//1875 2019//2019 1815//1815
f 1407//1407 633//633 1802//1802
f 1802//1802 35//35 1407//1407
f 336//336 1816//1816 815//815
f 1939//1939 815//815 1816//1816
f 146//146 1636//1636 1739//1739
f 500//500 1742//1742 221//221
f 2021//2021 2020//2020 2016//2016
f 1958//1958 2020//2020 1658//1658
f 1818//1818 1809//1809 1817//1817
f 1851//1851 163//163 319//319
f 1854//1854 1567//1567 1978//1978
f 1755//1755 1860//1860 1803//1803
f 2022//2022 1868//1868 1850//1850
f 1976//1976 1645//1645 1743//1743
f 1926//1926 1736//1736 1925//1925
f 1736//1736 1735//1735 1820//1820
f 1853//1853 1736//1736 1926//1926
f 297//297 180//180 1852//1852
f 1823//1823 971//971 1794//1794
f 490//490 971//971 1823//1823
f 400//400 1794//1794 971//971
f 1573//1573 1665//1665 1661//1661
f 1694//1694 2006//2006 1795//1795
f 1837//1837 2023//2023 436//436
f 419//419 106//106 1825//1825
f 421//421 1825//1825 106//106
f 1910//1910 231//231 288//288
f 1588//1588 1578//1578 1629//1629
f 778//778 194//194 758//758
f 1410//1410 389//389 1812//1812
f 1585//1585 1581//1581 1583//1583
f 1826//1826 1934//1934 1835//1835
f 1162//1162 1570//1570 1827//1827
f 2024//2024 1889//1889 1840//1840
f 2024//2024 240//240 1889//1889
f 1785//1785 1710//1710 1711//1711
f 1548//1548 1828//1828 386//386
f 1043//1043 152//152 1848//1848
f 892//892 1829//1829 1376//1376
f 1734//1734 1676//1676 1942//1942
f 1856//1856 2025//2025 383//383
f 1816//1816 1739//1739 946//946
f 2026//2026 2002//2002 230//230
f 1679//1679 1621//1621 1721//1721
f 1804//1804 1973//1973 1634//1634
f 1879//1879 1664//1664 1654//1654
f 1927//1927 244//244 1777//1777
f 207//207 1734//1734 311//311
f 1810//1810 1658//1658 2020//2020
f 1818//1818 1922//1922 1918//1918
f 390//390 389//389 1830//1830
f 1729//1729 1682//1682 1805//1805
f 408//408 1829//1829 892//892
f 1829//1829 1121//1121 1734//1734
f 1934//1934 1886//1886 587//587
f 1952//1952 1951//1951 1998//1998
f 1229//1229 256//256 1848//1848
f 1771//1771 419//419 1825//1825
f 1610//1610 1771//1771 1576//1576
f 441//441 1823//1823 1778//1778
f 1914//1914 1635//1635 1601//1601
f 1876//1876 2001//2001 337//337
f 256//256 1339//1339 1848//1848
f 1609//1609 1938//1938 1955//1955
f 916//916 398//398 1595//1595
f 1595//1595 1913//1913 916//916
f 1943//1943 1944//1944 2013//2013
f 1988//1988 1565//1565 1945//1945
f 1991//1991 1772//1772 1945//1945
f 2003//2003 1970//1970 1936//1936
f 1593//1593 1763//1763 1592//1592
f 1788//1788 1789//1789 1787//1787
f 1781//1781 386//386 1828//1828
f 1937//1937 1828//1828 125//125
f 1581//1581 1764//1764 1781//1781
f 1887//1887 182//182 323//323
f 1884//1884 1781//1781 1937//1937
f 1829//1829 2027//2027 1376//1376
f 279//279 372//372 1848//1848
f 1848//1848 722//722 279//279
f 1769//1769 1939//1939 1931//1931
f 1881//1881 477//477 695//695
f 1882//1882 1805//1805 1682//1682
f 1805//1805 1882//1882 1831//1831
f 1563//1563 1689//1689 1690//1690
f 1813//1813 1718//1718 1847//1847
f 1689//1689 641//641 370//370
f 1680//1680 232//232 811//811
f 754//754 183//183 935//935
f 1850//1850 2026//2026 407//407
f 1730//1730 2026//2026 1850//1850
f 1869//1869 2023//2023 1694//1694
f 1824//1824 1759//1759 1850//1850
f 1942//1942 1832//1832 1698//1698
f 2027//2027 1734//1734 1942//1942
f 441//441 490//490 1823//1823
f 120//120 197//197 1773//1773
f 1731//1731 1692//1692 1872//1872
f 1696//1696 1695//1695 1834//1834
f 1835//1835 2027//2027 1942//1942
f 1698//1698 1699//1699 1826//1826
f 292//292 1836//1836 224//224
f 2006//2006 1694//1694 1837//1837
f 1693//1693 179//179 379//379
f 1705//1705 1772//1772 1838//1838
f 1838//1838 1839//1839 1705//1705
f 1711//1711 1710//1710 1840//1840
f 1840//1840 1841//1841 2024//2024
f 1906//1906 1714//1714 1966//1966
f 567//567 1842//1842 293//293
f 620//620 1843//1843 1049//1049
f 1616//1616 1718//1718 1787//1787
f 1846//1846 1845//1845 1904//1904
f 1715//1715 1717//1717 1768//1768
f 1718//1718 1616//1616 1847//1847
f 1043//1043 1848//1848 372//372
f 1579//1579 1723//1723 1849//1849
f 1112//1112 1162//1162 1827//1827
f 163//163 1851//1851 1754//1754
f 1853//1853 1580//1580 1852//1852
f 297//297 1852//1852 1767//1767
f 1005//1005 225//225 125//125
f 1854//1854 1568//1568 1654//1654
f 1312//1312 943//943 1513//1513
f 1693//1693 1733//1733 1855//1855
f 1445//1445 619//619 209//209
f 1856//1856 515//515 514//514
f 1858//1858 1774//1774 1746//1746
f 1746//1746 1857//1857 1858//1858
f 1751//1751 1984//1984 1737//1737
f 9//9 619//619 1445//1445
f 1697//1697 415//415 1859//1859
f 1536//1536 1509//1509 660//660
f 1340//1340 1509//1509 1536//1536
f 1569//1569 1524//1524 1860//1860
f 346//346 21//21 455//455
f 1863//1863 1956//1956 1862//1862
f 1858//1858 1862//1862 184//184
f 1857//1857 1864//1864 1863//1863
f 1735//1735 1792//1792 1866//1866
f 1865//1865 1866//1866 1792//1792
f 55//55 59//59 1737//1737
f 1751//1751 1737//1737 2014//2014
f 366//366 737//737 439//439
f 1798//1798 1758//1758 1888//1888
f 882//882 739//739 734//734
f 1824//1824 1850//1850 1869//1869
f 1868//1868 1869//1869 1850//1850
f 126//126 539//539 127//127
f 464//464 1483//1483 841//841
f 1871//1871 1814//1814 1870//1870
f 330//330 1870//1870 1814//1814
f 664//664 387//387 148//148
f 1692//1692 1762//1762 1954//1954
f 1872//1872 1833//1833 1731//1731
f 225//225 1005//1005 526//526
f 1768//1768 1717//1717 1704//1704
f 283//283 1233//1233 1389//1389
f 1220//1220 1873//1873 1395//1395
f 1554//1554 796//796 1498//1498
f 626//626 1666//1666 267//267
f 1686//1686 897//897 1807//1807
f 346//346 455//455 345//345
f 1749//1749 1770//1770 1874//1874
f 412//412 1340//1340 1475//1475
f 1815//1815 1773//1773 1819//1819
f 337//337 230//230 1876//1876
f 1775//1775 1749//1749 1877//1877
f 1877//1877 1878//1878 1775//1775
f 1993//1993 1664//1664 1879//1879
f 1882//1882 1578//1578 1588//1588
f 1881//1881 1880//1880 1928//1928
f 1776//1776 1779//1779 1911//1911
f 1937//1937 1782//1782 1752//1752
f 1597//1597 1783//1783 1784//1784
f 328//328 587//587 1886//1886
f 1758//1758 1782//1782 1994//1994
f 1887//1887 1888//1888 1758//1758
f 1775//1775 1785//1785 1890//1890
f 1711//1711 1890//1890 1785//1785
f 2017//2017 1891//1891 1788//1788
f 1789//1789 1788//1788 1891//1891
f 1915//1915 1893//1893 1790//1790
f 1789//1789 1790//1790 1893//1893
f 1895//1895 1855//1855 1792//1792
f 1733//1733 1792//1792 1855//1855
f 1783//1783 1597//1597 1761//1761
f 1743//1743 1795//1795 2006//2006
f 1897//1897 1898//1898 1744//1744
f 1702//1702 1795//1795 1980//1980
f 1599//1599 1962//1962 1587//1587
f 1900//1900 2025//2025 1796//1796
f 1796//1796 1770//1770 1990//1990
f 1902//1902 1852//1852 1901//1901
f 179//179 1901//1901 1852//1852
f 1717//1717 1609//1609 1704//1704
f 1904//1904 1977//1977 1920//1920
f 1903//1903 1904//1904 1611//1611
f 1715//1715 1904//1904 1903//1903
f 1966//1966 1903//1903 1905//1905
f 1906//1906 1966//1966 1761//1761
f 1713//1713 1714//1714 1906//1906
f 1701//1701 1798//1798 1908//1908
f 1799//1799 1800//1800 1847//1847
f 1801//1801 1847//1847 1616//1616
f 1798//1798 1801//1801 1616//1616
f 1808//1808 1803//1803 1909//1909
f 1910//1910 1721//1721 1720//1720
f 1720//1720 231//231 1910//1910
f 1804//1804 1679//1679 1591//1591
f 1779//1779 1731//1731 1974//1974
f 1746//1746 1912//1912 1756//1756
f 1791//1791 1756//1756 1912//1912
f 815//815 1913//1913 1625//1625
f 1790//1790 1723//1723 1579//1579
f 1576//1576 8//8 1610//1610
f 1917//1917 1916//1916 1707//1707
f 1819//1819 1707//1707 1916//1916
f 1709//1709 1809//1809 1818//1818
f 1918//1918 1840//1840 1710//1710
f 1810//1810 2021//2021 1919//1919
f 64//64 927//927 1405//1405
f 1049//1049 1843//1843 1175//1175
f 1317//1317 1295//1295 1861//1861
f 1738//1738 1814//1814 1920//1920
f 1774//1774 1815//1815 1746//1746
f 1858//1858 184//184 119//119
f 437//437 1921//1921 1830//1830
f 1963//1963 1830//1830 1921//1921
f 1924//1924 1644//1644 1923//1923
f 1924//1924 1923//1923 1567//1567
f 1819//1819 1916//1916 1924//1924
f 1722//1722 1909//1909 1803//1803
f 1926//1926 1925//1925 366//366
f 1736//1736 1820//1820 1925//1925
f 1733//1733 1927//1927 1821//1821
f 1822//1822 1821//1821 1927//1927
f 1880//1880 1882//1882 1588//1588
f 1588//1588 1571//1571 1880//1880
f 1835//1835 1934//1934 587//587
f 587//587 325//325 1835//1835
f 1930//1930 1929//1929 1710//1710
f 1710//1710 1785//1785 1930//1930
f 1859//1859 1671//1671 1067//1067
f 1067//1067 462//462 1859//1859
f 125//125 225//225 1672//1672
f 1770//1770 1796//1796 1808//1808
f 1816//1816 946//946 1931//1931
f 1822//1822 1777//1777 1776//1776
f 1932//1932 1933//1933 1822//1822
f 1918//1918 1922//1922 437//437
f 1921//1921 437//437 1922//1922
f 1805//1805 1831//1831 283//283
f 1826//1826 1784//1784 1783//1783
f 1885//1885 1583//1583 1935//1935
f 1612//1612 1965//1965 1584//1584
f 1787//1787 1789//1789 1893//1893
f 1699//1699 1832//1832 1676//1676
f 1112//1112 1590//1590 1162//1162
f 1955//1955 1938//1938 1650//1650
f 1618//1618 1650//1650 1938//1938
f 585//585 1167//1167 1633//1633
f 1759//1759 1824//1824 1940//1940
f 1940//1940 1941//1941 1987//1987
f 1676//1676 1832//1832 1942//1942
f 1762//1762 1691//1691 1944//1944
f 2013//2013 1944//1944 1691//1691
f 1565//1565 1566//1566 1945//1945
f 379//379 179//179 380//380
f 1928//1928 1591//1591 1910//1910
f 1953//1953 1573//1573 1946//1946
f 1941//1941 1946//1946 1573//1573
f 1575//1575 1579//1579 1849//1849
f 1695//1695 1696//1696 1982//1982
f 1947//1947 1948//1948 1724//1724
f 1700//1700 1701//1701 1959//1959
f 1949//1949 1950//1950 1985//1985
f 1784//1784 1699//1699 1952//1952
f 1765//1765 1952//1952 1699//1699
f 1582//1582 1585//1585 1951//1951
f 1951//1951 1765//1765 1727//1727
f 1940//1940 1702//1702 1946//1946
f 1899//1899 1946//1946 1702//1702
f 1762//1762 1704//1704 1954//1954
f 1650//1650 1592//1592 1955//1955
f 1954//1954 1955//1955 1592//1592
f 1864//1864 1602//1602 1956//1956
f 1596//1596 1586//1586 1568//1568
f 1957//1957 1958//1958 1596//1596
f 1612//1612 1584//1584 1670//1670
f 1949//1949 1959//1959 1612//1612
f 1961//1961 1962//1962 1960//1960
f 1811//1811 1960//1960 1598//1598
f 1961//1961 1960//1960 1929//1929
f 1962//1962 1961//1961 1600//1600
f 1598//1598 1960//1960 1962//1962
f 1600//1600 1587//1587 1962//1962
f 1598//1598 1962//1962 1599//1599
f 1712//1712 1707//1707 1819//1819
f 1963//1963 1921//1921 1922//1922
f 1714//1714 1713//1713 1964//1964
f 1612//1612 1613//1613 1965//1965
f 1964//1964 1965//1965 1613//1613
f 1716//1716 1966//1966 1714//1714
f 1613//1613 1617//1617 1938//1938
f 1967//1967 1968//1968 1964//1964
f 1717//1717 1716//1716 1969//1969
f 1968//1968 1969//1969 1716//1716
f 1617//1617 1618//1618 1938//1938
f 1844//1844 1616//1616 1970//1970
f 1971//1971 1970//1970 2003//2003
f 1615//1615 1844//1844 1971//1971
f 599//599 722//722 717//717
f 1725//1725 1623//1623 1936//1936
f 1894//1894 1915//1915 1579//1579
f 1724//1724 1723//1723 2004//2004
f 1972//1972 1695//1695 1724//1724
f 1579//1579 1915//1915 1790//1790
f 599//599 717//717 616//616
f 1661//1661 1634//1634 1973//1973
f 1638//1638 1623//1623 1883//1883
f 1911//1911 1974//1974 1763//1763
f 1865//1865 1733//1733 2005//2005
f 1821//1821 2005//2005 1733//1733
f 1568//1568 1586//1586 1821//1821
f 1976//1976 1735//1735 1975//1975
f 1735//1735 1976//1976 1820//1820
f 1866//1866 1975//1975 1735//1735
f 1735//1735 1757//1757 1792//1792
f 1977//1977 1738//1738 1920//1920
f 712//712 1977//1977 913//913
f 1854//1854 1957//1957 1568//1568
f 1596//1596 1568//1568 1957//1957
f 1745//1745 1811//1811 1979//1979
f 1979//1979 1980//1980 1745//1745
f 1744//1744 1976//1976 1897//1897
f 1898//1898 1925//1925 1744//1744
f 1645//1645 1980//1980 1795//1795
f 1746//1746 1756//1756 1857//1857
f 1864//1864 1857//1857 1756//1756
f 1665//1665 1573//1573 1587//1587
f 1877//1877 1981//1981 1601//1601
f 1599//1599 1587//1587 1573//1573
f 1953//1953 1899//1899 1598//1598
f 1316//1316 1066//1066 675//675
f 1696//1696 1746//1746 1982//1982
f 1982//1982 1947//1947 1695//1695
f 2019//2019 1575//1575 1983//1983
f 1947//1947 1983//1983 1575//1575
f 1902//1902 1757//1757 1736//1736
f 1736//1736 1853//1853 1902//1902
f 1682//1682 1627//1627 1984//1984
f 1752//1752 1700//1700 1985//1985
f 1985//1985 1986//1986 1752//1752
f 1612//1612 1670//1670 1950//1950
f 1884//1884 1950//1950 1670//1670
f 1573//1573 1661//1661 1941//1941
f 1987//1987 1941//1941 1661//1661
f 1730//1730 1759//1759 1987//1987
f 1987//1987 1973//1973 1730//1730
f 1591//1591 1928//1928 1571//1571
f 1880//1880 1571//1571 1928//1928
f 1935//1935 1965//1965 1964//1964
f 1713//1713 1597//1597 1885//1885
f 1944//1944 1988//1988 1762//1762
f 1762//1762 1692//1692 1691//1691
f 1872//1872 1954//1954 1592//1592
f 1592//1592 1763//1763 1833//1833
f 1974//1974 1833//1833 1763//1763
f 1763//1763 1638//1638 1911//1911
f 1450//1450 1030//1030 1324//1324
f 1989//1989 1768//1768 1839//1839
f 1705//1705 1839//1839 1768//1768
f 1990//1990 1900//1900 1796//1796
f 1770//1770 1749//1749 1990//1990
f 238//238 384//384 2025//2025
f 719//719 1542//1542 770//770
f 419//419 43//43 106//106
f 7//7 31//31 8//8
f 7//7 6//6 31//31
f 366//366 439//439 1780//1780
f 1838//1838 1991//1991 217//217
f 217//217 246//246 1839//1839
f 1924//1924 1875//1875 1819//1819
f 1815//1815 1819//1819 1875//1875
f 1774//1774 1858//1858 119//119
f 1591//1591 1571//1571 1804//1804
f 240//240 238//238 1890//1890
f 1990//1990 1890//1890 238//238
f 1749//1749 1775//1775 1890//1890
f 1731//1731 1777//1777 1992//1992
f 244//244 1992//1992 1777//1777
f 1579//1579 1575//1575 1664//1664
f 1664//1664 1993//1993 1725//1725
f 288//288 477//477 1881//1881
f 323//323 224//224 1888//1888
f 1887//1887 1995//1995 182//182
f 330//330 328//328 1996//1996
f 1886//1886 1996//1996 328//328
f 1896//1896 1996//1996 1886//1886
f 1583//1583 1584//1584 1935//1935
f 1885//1885 1997//1997 1998//1998
f 1597//1597 1784//1784 1997//1997
f 1952//1952 1997//1997 1784//1784
f 1670//1670 1581//1581 1781//1781
f 1884//1884 1986//1986 1950//1950
f 1937//1937 1752//1752 1986//1986
f 1836//1836 329//329 2008//2008
f 1888//1888 1867//1867 1798//1798
f 224//224 1836//1836 1867//1867
f 1830//1830 1999//1999 197//197
f 197//197 390//390 1830//1830
f 1665//1665 1587//1587 1878//1878
f 1600//1600 1878//1878 1587//1587
f 1930//1930 1775//1775 2000//2000
f 1878//1878 1600//1600 2000//2000
f 1929//1929 2000//2000 1600//1600
f 368//368 337//337 2001//2001
f 230//230 407//407 2026//2026
f 1616//1616 1787//1787 1970//1970
f 1638//1638 1593//1593 2003//2003
f 1971//1971 2003//2003 1593//1593
f 2004//2004 1891//1891 1892//1892
f 1892//1892 392//392 1972//1972
f 1723//1723 1789//1789 1891//1891
f 1586//1586 1596//1596 2007//2007
f 1902//1902 1895//1895 1757//1757
f 1792//1792 1757//1757 1895//1895
f 1871//1871 1896//1896 1761//1761
f 1783//1783 1761//1761 1896//1896
f 41//41 43//43 419//419
f 438//438 366//366 1925//1925
f 1598//1598 1599//1599 1953//1953
f 1899//1899 1979//1979 1811//1811
f 1795//1795 1743//1743 1645//1645
f 239//239 438//438 1898//1898
f 1897//1897 2006//2006 1158//1158
f 1601//1601 1665//1665 1877//1877
f 1981//1981 1874//1874 1601//1601
f 1865//1865 1792//1792 1733//1733
f 2007//2007 2005//2005 1586//1586
f 1645//1645 1865//1865 2005//2005
f 1596//1596 1745//1745 2007//2007
f 1791//1791 349//349 1793//1793
f 246//246 913//913 1989//1989
f 1715//1715 1768//1768 1846//1846
f 1989//1989 1846//1846 1768//1768
f 1938//1938 1609//1609 1969//1969
f 1717//1717 1969//1969 1609//1609
f 1845//1845 913//913 1977//1977
f 1715//1715 1846//1846 1904//1904
f 1966//1966 1715//1715 1903//1903
f 1905//1905 1903//1903 1611//1611
f 1968//1968 1716//1716 1714//1714
f 1714//1714 1964//1964 1968//1968
f 1905//1905 1611//1611 1871//1871
f 1920//1920 1871//1871 1611//1611
f 1597//1597 1906//1906 1761//1761
f 329//329 705//705 2011//2011
f 2008//2008 1867//1867 1836//1836
f 1844//1844 1908//1908 1616//1616
f 1798//1798 1616//1616 1908//1908
f 703//703 704//704 2009//2009
f 1800//1800 1799//1799 2010//2010
f 2010//2010 2009//2009 1800//1800
f 1619//1619 1612//1612 1959//1959
f 1959//1959 1907//1907 1619//1619
f 1813//1813 1800//1800 2018//2018
f 2009//2009 2018//2018 1800//1800
f 704//704 609//609 2009//2009
f 1615//1615 1619//1619 1907//1907
f 1907//1907 1908//1908 1615//1615
f 709//709 703//703 2010//2010
f 2010//2010 2011//2011 709//709
f 1799//1799 1801//1801 2008//2008
f 705//705 709//709 2011//2011
f 2011//2011 2012//2012 329//329
f 1801//1801 1798//1798 1867//1867
f 2008//2008 2012//2012 1799//1799
f 2002//2002 1973//1973 1804//1804
f 1804//1804 1876//1876 2002//2002
f 1992//1992 2013//2013 1691//1691
f 1731//1731 1779//1779 1777//1777
f 1883//1883 1911//1911 1638//1638
f 1623//1623 1725//1725 1993//1993
f 1993//1993 1883//1883 1623//1623
f 1725//1725 1579//1579 1664//1664
f 1948//1948 1849//1849 1723//1723
f 1724//1724 1695//1695 1947//1947
f 1791//1791 1834//1834 393//393
f 1912//1912 1834//1834 1791//1791
f 1791//1791 1594//1594 1756//1756
f 1912//1912 1746//1746 1696//1696
f 1864//1864 1756//1756 1594//1594
f 1594//1594 1602//1602 1864//1864
f 175//175 184//184 1862//1862
f 1862//1862 1706//1706 175//175
f 1856//1856 383//383 515//515
f 514//514 321//321 1856//1856
f 2015//2015 1856//1856 321//321
f 1808//1808 1796//1796 2015//2015
f 916//916 1913//1913 1769//1769
f 2014//2014 59//59 368//368
f 1751//1751 2014//2014 2001//2001
f 1569//1569 1755//1755 2015//2015
f 1808//1808 2015//2015 1755//1755
f 1914//1914 1909//1909 1621//1621
f 1621//1621 1635//1635 1914//1914
f 1623//1623 1638//1638 2003//2003
f 1936//1936 1893//1893 1725//1725
f 392//392 393//393 1972//1972
f 1972//1972 2004//2004 1892//1892
f 2016//2016 1644//1644 1917//1917
f 1817//1817 1917//1917 1707//1707
f 2020//2020 1958//1958 2016//2016
f 1712//1712 1819//1819 1999//1999
f 1773//1773 1999//1999 1819//1819
f 1960//1960 1658//1658 1810//1810
f 1709//1709 1710//1710 1919//1919
f 1929//1929 1919//1919 1710//1710
f 1593//1593 1650//1650 1618//1618
f 1618//1618 1971//1971 1593//1593
f 1299//1299 391//391 1892//1892
f 1892//1892 2017//2017 2018//2018
f 1788//1788 1813//1813 2017//2017
f 2018//2018 2017//2017 1813//1813
f 1567//1567 1854//1854 1664//1664
f 1982//1982 1815//1815 2019//2019
f 2019//2019 1983//1983 1982//1982
f 1567//1567 1664//1664 1575//1575
f 2019//2019 1875//1875 1924//1924
f 1658//1658 1596//1596 1958//1958
f 2020//2020 2021//2021 1810//1810
f 1917//1917 1817//1817 2016//2016
f 1809//1809 2016//2016 1817//1817
f 480//480 1851//1851 1614//1614
f 1773//1773 119//119 120//120
f 1978//1978 1567//1567 1923//1923
f 1958//1958 1923//1923 1644//1644
f 1957//1957 1854//1854 1978//1978
f 199//199 436//436 1868//1868
f 1868//1868 2022//2022 199//199
f 1976//1976 1743//1743 1897//1897
f 1744//1744 1820//1820 1976//1976
f 1926//1926 366//366 1780//1780
f 1780//1780 1580//1580 1853//1853
f 1853//1853 1926//1926 1780//1780
f 1580//1580 1767//1767 1852//1852
f 1654//1654 1568//1568 1821//1821
f 1821//1821 1822//1822 1933//1933
f 1933//1933 1879//1879 1654//1654
f 1654//1654 1821//1821 1933//1933
f 1158//1158 239//239 1897//1897
f 2006//2006 1837//1837 1158//1158
f 1694//1694 1824//1824 1869//1869
f 2023//2023 1837//1837 1694//1694
f 1881//1881 1910//1910 288//288
f 1698//1698 1826//1826 1835//1835
f 1841//1841 437//437 347//347
f 347//347 240//240 1841//1841
f 1841//1841 240//240 2024//2024
f 1840//1840 1889//1889 1711//1711
f 1890//1890 1711//1711 1889//1889
f 384//384 383//383 2025//2025
f 2025//2025 1856//1856 1796//1796
f 448//448 1739//1739 1816//1816
f 2002//2002 2026//2026 1973//1973
f 1883//1883 1932//1932 1776//1776
f 1822//1822 1776//1776 1932//1932
f 1693//1693 244//244 1927//1927
f 1777//1777 1822//1822 1927//1927
f 1919//1919 2021//2021 1809//1809
f 2016//2016 1809//1809 2021//2021
f 1712//1712 1963//1963 1818//1818
f 1918//1918 1709//1709 1818//1818
f 695//695 283//283 1831//1831
f 1826//1826 1783//1783 1886//1886
f 1886//1886 1934//1934 1826//1826
f 1583//1583 1885//1885 1585//1585
f 1998//1998 1997//1997 1952//1952
f 1826//1826 1699//1699 1784//1784
f 1778//1778 1771//1771 1610//1610
f 1601//1601 1874//1874 1914//1914
f 1808//1808 1914//1914 1874//1874
f 1804//1804 1589//1589 1876//1876
f 2001//2001 1876//1876 1589//1589
f 1955//1955 1704//1704 1609//1609
f 1691//1691 1731//1731 1992//1992
f 1943//1943 2013//2013 243//243
f 243//243 218//218 1943//1943
f 1988//1988 1945//1945 1772//1772
f 1772//1772 1762//1762 1988//1988
f 1991//1991 1945//1945 1566//1566
f 1566//1566 315//315 1991//1991
f 1936//1936 1623//1623 2003//2003
f 1763//1763 1593//1593 1638//1638
f 1781//1781 1828//1828 1937//1937
f 1782//1782 1672//1672 1994//1994
f 1758//1758 1994//1994 1995//1995
f 225//225 1995//1995 1994//1994
f 1670//1670 1781//1781 1884//1884
f 325//325 1376//1376 2027//2027
f 1942//1942 1698//1698 1835//1835
f 2027//2027 1829//1829 1734//1734
f 609//609 1299//1299 1892//1892
f 1813//1813 1847//1847 1800//1800
f 2022//2022 1850//1850 407//407
f 480//480 1132//1132 1851//1851
f 436//436 1158//1158 1837//1837
f 2023//2023 1869//1869 1868//1868
f 1676//1676 1765//1765 1699//1699
# 4050 faces, 0 coords texture

# End of File
