####
#
# OBJ File Generated by Meshlab
#
####
# Object demon_norm.obj
#
# Vertices: 1716
# Faces: 3428
#
####
vn -0.073248 0.575920 -0.814218
v 0.445043 0.187124 -0.313688
vn 0.934469 0.246604 -0.256815
v 0.398351 0.257193 -0.292020
vn 0.786345 0.092871 -0.610767
v 0.318153 0.240718 -0.469613
vn 0.840136 0.020253 -0.541997
v 0.350345 0.196611 -0.428220
vn 0.875396 0.365757 -0.316074
v 0.362936 0.339359 -0.338015
vn 0.846465 0.351824 -0.399646
v 0.350063 0.327265 -0.383357
vn 0.710781 0.601855 -0.364090
v 0.330548 0.372615 -0.364679
vn 0.876594 0.151832 -0.456650
v 0.359536 0.256547 -0.400681
vn 0.922174 0.224604 -0.314878
v 0.378551 0.285865 -0.342229
vn 0.815226 0.221353 -0.535173
v 0.327710 0.294575 -0.441619
vn 0.012668 -0.026449 -0.999570
v 0.005320 0.197829 -0.627536
vn 0.002444 0.351326 -0.936250
v 0.001478 0.353073 -0.601976
vn 0.016888 0.123696 -0.992176
v 0.009391 0.259042 -0.624412
vn 0.347355 0.136750 -0.927709
v 0.139068 0.262858 -0.598864
vn 0.269546 0.244067 -0.931545
v 0.111281 0.306665 -0.599716
vn 0.093044 0.231459 -0.968385
v 0.035801 0.301679 -0.615451
vn 0.202299 0.128974 -0.970794
v 0.083862 0.255521 -0.616220
vn 0.577167 -0.147227 -0.803245
v 0.233471 0.147916 -0.547142
vn 0.394476 0.010457 -0.918847
v 0.157780 0.218422 -0.595150
vn 0.506185 -0.010604 -0.862360
v 0.200969 0.207598 -0.573610
vn 0.441840 -0.142469 -0.885709
v 0.180776 0.155505 -0.580068
vn 0.612210 -0.009754 -0.790635
v 0.245999 0.204758 -0.542991
vn 0.126428 0.005003 -0.991963
v 0.056170 0.212010 -0.624295
vn 0.196634 -0.112382 -0.974015
v 0.078988 0.167862 -0.617754
vn 0.275922 0.004966 -0.961167
v 0.106099 0.211826 -0.613964
vn 0.006849 0.912154 -0.409790
v 0.006797 0.525635 -0.387553
vn 0.351594 0.856196 -0.378564
v 0.151369 0.499708 -0.423593
vn 0.100741 0.491671 -0.864934
v 0.038126 0.408233 -0.573251
vn 0.035870 0.898598 -0.437304
v 0.036621 0.480287 -0.487348
vn 0.050053 0.728658 -0.683046
v 0.023206 0.449166 -0.547752
vn -0.002936 0.914226 -0.405194
v -0.003615 0.495726 -0.454855
vn 0.363226 0.818204 -0.445656
v 0.152267 0.480977 -0.467678
vn 0.172181 0.707543 -0.685374
v 0.084042 0.448859 -0.537352
vn 0.061850 0.915124 -0.398400
v 0.091602 0.491405 -0.456673
vn 0.675690 -0.129000 -0.725812
v 0.275589 0.150244 -0.512231
vn 0.762007 -0.067005 -0.644093
v 0.314716 0.171287 -0.474044
vn 0.679030 0.142366 -0.720174
v 0.270580 0.266295 -0.517188
vn 0.699503 0.021761 -0.714298
v 0.281503 0.219799 -0.512081
vn 0.264868 0.496548 -0.826611
v 0.106858 0.408158 -0.558534
vn 0.172572 0.375287 -0.910702
v 0.070372 0.362634 -0.590595
vn 0.405257 0.614517 -0.676857
v 0.159773 0.433336 -0.519504
vn 0.420351 0.429869 -0.799073
v 0.167937 0.384835 -0.546029
vn 0.311621 0.370280 -0.875092
v 0.124178 0.358552 -0.577967
vn 0.587383 0.653773 -0.477034
v 0.208309 0.425081 -0.484826
vn 0.525883 0.301219 -0.795433
v 0.210439 0.328573 -0.546805
vn 0.416914 0.273655 -0.866773
v 0.168840 0.317766 -0.574087
vn 0.744876 0.473136 -0.470427
v 0.312750 0.350059 -0.432110
vn 0.729001 0.276101 -0.626360
v 0.292357 0.312001 -0.481219
vn 0.642317 0.313569 -0.699360
v 0.255962 0.327398 -0.512353
vn 0.591250 0.142113 -0.793868
v 0.236999 0.268009 -0.544935
vn 0.409015 0.337671 0.847753
v 0.065466 0.357773 0.235036
vn 0.304952 0.753687 0.582203
v 0.060415 0.409018 0.201522
vn 0.737618 -0.275817 0.616316
v 0.346009 0.320395 0.075757
vn 0.608423 -0.073626 0.790190
v 0.313227 0.344003 0.122125
vn 0.292258 0.573121 0.765583
v 0.192697 0.366605 0.193774
vn 0.108675 0.888445 0.445931
v 0.056190 0.471351 0.075711
vn 0.212496 0.284640 0.934786
v 0.171074 0.339353 0.215850
vn -0.030548 0.983302 -0.179398
v 0.451082 0.228643 -0.252154
vn 0.944873 0.019072 0.326881
v 0.377062 0.284617 0.009587
vn 0.934736 -0.183157 -0.304502
v 0.406531 0.390410 -0.045252
vn 0.997061 0.075736 0.011522
v 0.393166 0.348604 -0.089319
vn 0.962851 0.240851 -0.122101
v 0.409731 0.271175 -0.221575
vn 0.055752 0.903762 -0.424389
v 0.074174 0.567571 -0.289240
vn 0.018969 0.939212 0.342814
v 0.036379 0.569883 -0.119815
vn 0.325779 0.874511 -0.359304
v 0.140654 0.553420 -0.308694
vn 0.055203 0.663693 0.745965
v 0.217271 0.421184 0.126019
vn 0.622575 0.445976 -0.643044
v 0.390046 0.495645 -0.052303
vn 0.591573 0.714331 -0.373862
v 0.311453 0.471163 -0.189023
vn 0.103933 0.888659 0.446636
v 0.069177 0.499200 0.015995
vn 0.763014 0.204832 -0.613069
v 0.455934 0.557220 0.025512
vn 0.957173 -0.054060 0.284424
v 0.524986 0.078495 -0.246650
vn 0.714056 -0.437178 -0.546808
v 0.411831 -0.134342 -0.262571
vn 0.747854 -0.202565 -0.632204
v 0.337214 0.071862 -0.422609
vn 0.792791 -0.116443 -0.598267
v 0.339650 0.127229 -0.434223
vn 0.847583 0.004899 -0.530640
v 0.380341 0.149614 -0.376852
vn 0.618024 -0.688875 -0.378811
v 0.357034 -0.438151 -0.072174
vn 0.312307 -0.548447 -0.775674
v 0.251748 -0.025262 -0.459903
vn 0.851780 0.161727 0.498312
v 0.353060 0.259250 0.072685
vn 0.964534 0.121201 0.234486
v 0.411097 0.152695 -0.004079
vn 0.460409 0.451527 0.764295
v 0.462179 0.160257 -0.109257
vn 0.799413 0.362680 0.478960
v 0.455295 0.023146 -0.130598
vn 0.385632 -0.449303 0.805863
v 0.011337 -0.237487 0.283175
vn -0.443866 -0.674260 -0.590217
v 0.115888 -0.325998 0.167935
vn 0.763473 0.513564 0.391613
v 0.128149 -0.146750 0.245987
vn 0.439686 0.602636 0.665963
v 0.139287 -0.037498 0.143902
vn 0.797718 0.077946 0.597972
v 0.360643 -0.127294 -0.091112
vn 0.547371 0.690249 -0.473224
v 0.346808 0.500278 -0.090119
vn 0.094398 0.928897 0.358106
v 0.110060 0.564954 -0.139657
vn 0.284991 0.267045 0.920580
v 0.270824 0.386503 0.137486
vn -0.799179 -0.031841 0.600249
v 0.366636 0.622094 0.132272
vn 0.398128 0.456774 -0.795520
v 0.408822 0.548934 -0.007888
vn 0.524003 0.826017 -0.207649
v 0.211920 0.542446 -0.199917
vn 0.979977 0.143241 -0.138303
v 0.393825 0.370245 -0.128095
vn 0.932402 0.294937 -0.208899
v 0.382846 0.366409 -0.157391
vn -0.056225 0.976971 -0.205833
v 0.068565 0.595390 -0.229557
vn 0.795349 0.517417 -0.315752
v 0.357999 0.369605 -0.315114
vn 0.883636 0.437033 -0.167897
v 0.368362 0.389181 -0.218021
vn 0.982788 0.045426 0.179065
v 0.389808 0.314508 -0.055525
vn 0.331579 0.867293 -0.371292
v 0.146825 0.526218 -0.367725
vn 0.911056 0.407599 -0.061973
v 0.387294 0.340809 -0.220496
vn 0.967700 0.232625 -0.097171
v 0.402916 0.305558 -0.177102
vn 0.050469 0.881313 -0.469830
v 0.361465 0.537714 -0.031506
vn -0.304333 0.652208 -0.694266
v 0.388063 0.579672 0.009973
vn -0.840172 0.454071 -0.296529
v 0.349046 0.572910 0.061561
vn -0.116912 0.916286 0.383083
v 0.208507 0.498878 0.007768
vn -0.287270 0.914085 0.286225
v 0.248665 0.506308 0.033886
vn 0.978868 -0.164452 -0.121542
v 0.466757 0.503782 0.043508
vn 0.943412 -0.222950 -0.245492
v 0.443970 0.431885 0.006149
vn 0.485149 0.794745 -0.364707
v 0.292643 0.506968 -0.144768
vn 0.074287 0.228905 0.970610
v 0.297666 0.423101 0.135105
vn 0.472325 -0.240965 0.847847
v 0.344726 0.372775 0.119127
vn 0.939317 -0.343002 0.005748
v 0.393233 0.336463 -0.014841
vn 0.031325 0.906923 0.420129
v 0.126438 0.518037 -0.030859
vn 0.194247 0.962660 -0.188557
v 0.104983 0.598662 -0.229169
vn 0.948873 0.314006 -0.032262
v 0.403791 0.326056 -0.156882
vn 0.931174 0.293563 0.216186
v 0.402392 0.303872 -0.084073
vn 0.787108 0.580860 -0.207515
v 0.358139 0.392006 -0.262603
vn -0.999442 -0.019829 -0.026880
v 0.357938 0.660987 0.116090
vn 0.723190 -0.514749 0.460467
v 0.384224 0.334138 0.055769
vn 0.955575 0.258502 -0.141606
v 0.400419 0.313665 -0.240114
vn 0.965947 0.226417 0.125225
v 0.416975 0.273198 -0.093227
vn 0.448027 0.818730 -0.359101
v 0.293758 0.531095 -0.093401
vn 0.357741 0.914509 -0.188930
v 0.270255 0.545354 -0.097288
vn 0.356323 0.605559 0.711570
v 0.228417 0.383178 0.163699
vn 0.551717 0.786420 -0.277762
v 0.255540 0.515175 -0.187167
vn 0.932419 0.218134 0.288118
v 0.406516 0.253824 -0.049741
vn 0.583092 -0.095609 0.806760
v 0.285994 0.211899 0.157556
vn 0.155162 0.832456 0.531923
v 0.129845 0.432922 0.137805
vn 0.962225 0.139794 0.233627
v 0.417433 0.187304 -0.043515
vn 0.850139 0.107081 -0.515555
v 0.405886 0.444097 -0.056092
vn 0.338504 0.939168 0.058130
v 0.156547 0.573505 -0.182753
vn 0.737002 0.065966 0.672664
v 0.309623 0.275137 0.131382
vn -0.437837 0.421456 -0.794150
v 0.389016 0.686454 0.084350
vn -0.929168 0.317288 0.189672
v 0.346715 0.579224 0.099610
vn 0.833708 0.294808 -0.466925
v 0.471937 0.659906 0.085952
vn 0.685519 -0.363035 0.631086
v 0.446591 0.511821 0.117431
vn 0.162311 0.561494 -0.811406
v 0.419738 0.601262 0.026090
vn 0.228181 0.812717 -0.536120
v 0.434675 0.723270 0.098210
vn -0.092497 0.951948 0.291956
v 0.264311 0.523379 -0.036738
vn -0.035478 0.463698 -0.885283
v 0.413384 0.657217 0.063934
vn 0.774191 0.126764 -0.620129
v 0.436813 0.492797 -0.007490
vn 0.926610 -0.222499 0.303130
v 0.414165 0.766580 0.171486
vn 0.788909 0.273839 -0.550123
v 0.468297 0.616905 0.060578
vn -0.597605 0.020145 0.801538
v 0.360896 0.572427 0.125903
vn -0.754710 0.398589 -0.521096
v 0.371426 0.631609 0.070581
vn -0.578410 0.697836 0.422453
v 0.310973 0.504307 0.078090
vn -0.389125 -0.235269 0.890635
v 0.385952 0.688321 0.159100
vn 0.486082 0.751347 -0.446320
v 0.357918 0.863646 0.176265
vn -0.193502 -0.129460 0.972521
v 0.362273 0.492248 0.127292
vn -0.921085 -0.314526 0.229511
v 0.351613 0.719892 0.138804
vn 0.884854 0.010133 0.465759
v 0.473648 0.630971 0.124017
vn 0.317618 -0.169110 0.933017
v 0.437635 0.580097 0.145842
vn -0.463931 0.885289 0.032117
v 0.329562 0.522878 0.028909
vn -0.690077 0.229667 -0.686329
v 0.353776 0.721571 0.124252
vn -0.672020 0.168068 0.721209
v 0.338126 0.519344 0.111917
vn 0.454785 0.009210 0.890553
v 0.433517 0.670389 0.156934
vn 0.387342 0.563426 -0.729738
v 0.374210 0.835532 0.154006
vn 0.405655 -0.203907 0.890991
v 0.308322 0.895267 0.241627
vn 0.821681 0.569189 -0.029415
v 0.460323 0.709592 0.109452
vn 0.894026 0.431899 -0.119082
v 0.391686 0.830627 0.167261
vn -0.299263 0.437034 0.848200
v 0.313370 0.473777 0.109034
vn -0.429740 0.396201 -0.811387
v 0.292120 0.889865 0.194008
vn -0.812291 -0.153689 -0.562639
v 0.307942 0.839823 0.174583
vn -0.608712 -0.372479 0.700521
v 0.350658 0.744275 0.158764
vn -0.334451 0.312678 -0.889030
v 0.330877 0.839470 0.157818
vn 0.805833 0.513057 0.295644
v 0.350446 0.875584 0.202071
vn -0.868452 -0.162673 -0.468325
v 0.333976 0.777879 0.149374
vn 0.694279 0.377465 0.612778
v 0.312288 0.904976 0.238177
vn 0.550339 -0.079159 0.831180
v 0.337576 0.868348 0.218874
vn 0.056575 0.673021 -0.737457
v 0.319017 0.886810 0.185937
vn -0.707109 -0.570637 0.417576
v 0.318521 0.814934 0.180776
vn -0.870868 -0.491062 -0.021125
v 0.268262 0.891399 0.222961
vn -0.424037 0.716831 0.553486
v 0.270520 0.925143 0.247675
vn -0.873161 -0.482527 -0.068976
v 0.295134 0.855607 0.195216
vn -0.799689 -0.130990 -0.585951
v 0.285387 0.875939 0.198425
vn -0.126475 -0.593080 0.795148
v 0.283771 0.895712 0.246097
vn 0.578506 0.804941 -0.131910
v 0.324663 0.902709 0.212808
vn -0.489613 -0.309982 0.814979
v 0.269275 0.905809 0.250174
vn -0.982073 0.022615 0.187139
v 0.259286 0.910641 0.239204
vn -0.668510 -0.645007 0.370217
v 0.270087 0.894168 0.235019
vn -0.522824 -0.708893 0.473420
v 0.289647 0.871518 0.222267
vn -0.073592 -0.557842 0.826678
v 0.321907 0.848509 0.215033
vn -0.906019 -0.013172 -0.423032
v 0.263686 0.905006 0.222536
vn -0.498230 0.706594 -0.502485
v 0.269992 0.922264 0.224621
vn 0.050779 0.953248 -0.297891
v 0.281864 0.927022 0.229960
vn 0.399534 0.810358 0.428593
v 0.291086 0.924920 0.244002
vn 0.192418 0.061693 0.979372
v 0.287233 0.911307 0.253405
vn -0.067246 0.971737 0.226285
v 0.015619 0.571680 -0.151373
vn 0.082657 0.890478 0.447457
v 0.106541 0.452946 0.100974
vn 0.452599 0.185095 0.872293
v 0.227559 0.324706 0.200699
vn 0.029547 0.888934 0.457081
v 0.037765 0.534633 -0.056469
vn 0.243823 -0.094397 0.965215
v 0.184993 0.292705 0.213219
vn 0.425752 -0.050902 0.903407
v 0.069475 0.293616 0.237490
vn 0.080514 0.906530 0.414392
v 0.026185 0.455558 0.116395
vn 0.487006 0.001518 0.873398
v 0.076758 0.236635 0.225707
vn 0.343248 -0.057402 0.937489
v 0.020083 0.212426 0.296561
vn -0.154513 -0.071557 0.985396
v -0.002573 0.216613 0.294192
vn 0.318015 0.235115 0.918470
v 0.212442 0.157668 0.187248
vn 0.761256 0.284894 0.582515
v 0.358119 0.192553 0.089929
vn 0.371353 -0.487599 0.790155
v 0.165817 0.033763 0.134240
vn 0.863815 0.037227 0.502432
v 0.430876 0.129034 -0.079667
vn 0.702821 -0.051319 0.709514
v 0.323032 -0.136879 -0.048981
vn 0.975120 -0.186136 0.120395
v 0.417093 0.106485 0.009464
vn 0.367892 -0.528441 0.765118
v 0.137818 0.055430 0.207114
vn 0.522656 0.401861 0.751890
v 0.221455 -0.046618 0.093737
vn 0.799856 -0.485476 0.352906
v 0.264373 -0.132239 0.035419
vn 0.916715 -0.349945 0.192801
v 0.416989 0.092825 -0.052056
vn 0.780999 0.042867 0.623060
v 0.386839 0.004151 -0.019162
vn 0.575161 0.143114 0.805424
v 0.016884 0.047890 0.238301
vn 0.595866 0.415910 0.686995
v 0.016496 0.013208 0.253610
vn 0.546927 -0.119914 0.828548
v 0.071254 0.015055 0.193824
vn 0.749343 0.512206 0.419679
v 0.079099 -0.106646 0.217721
vn 0.918148 -0.080461 0.387983
v 0.283914 -0.084167 0.061882
vn 0.688773 -0.282739 0.667571
v 0.199990 -0.175106 0.081695
vn 0.841394 -0.406046 0.356625
v 0.153775 0.080306 0.182367
vn 0.770070 -0.314863 0.554845
v 0.107183 -0.120088 0.176039
vn 0.789647 0.613329 0.016913
v 0.105320 -0.109117 0.196602
vn 0.689092 0.055689 0.722531
v 0.294147 -0.162416 -0.030294
vn 0.651988 -0.157151 0.741765
v 0.074180 -0.162936 0.297952
vn 0.199832 -0.160543 0.966588
v 0.122773 0.255520 0.214531
vn 0.227594 -0.010215 0.973702
v 0.168564 0.187760 0.199103
vn 0.134016 -0.198881 0.970817
v 0.136466 0.109196 0.247417
vn 0.908169 -0.110181 0.403843
v 0.431786 0.002058 -0.075851
vn 0.787461 -0.094864 0.609020
v 0.476800 0.127280 -0.126391
vn 0.156208 0.517945 0.841030
v 0.182493 -0.353197 0.099985
vn 0.801699 -0.386282 0.456142
v 0.410698 -0.142758 -0.179209
vn 0.617436 -0.641983 0.454567
v 0.445762 -0.108180 -0.172214
vn 0.892345 -0.329930 0.308005
v 0.502891 0.176225 -0.213746
vn 0.608032 0.785983 -0.111926
v 0.422833 0.223978 -0.240410
vn 0.879566 -0.186615 0.437652
v 0.521975 0.184788 -0.252157
vn 0.851503 -0.221134 0.475440
v 0.349341 -0.394881 -0.015273
vn 0.818275 -0.213638 0.533653
v 0.444494 0.001056 -0.114519
vn 0.467919 0.412423 0.781639
v 0.364408 -0.220931 -0.024085
vn 0.683522 -0.359861 0.635057
v 0.389478 -0.110049 -0.129295
vn 0.855890 -0.096864 0.508006
v 0.295126 -0.460868 0.053264
vn 0.690043 -0.387943 -0.611016
v 0.487833 -0.057759 -0.272974
vn 0.924565 -0.380939 -0.008080
v 0.371417 -0.407408 -0.077194
vn 0.676032 -0.177768 -0.715108
v 0.365299 -0.090961 -0.354105
vn 0.845046 -0.137395 -0.516740
v 0.399926 -0.145427 -0.306957
vn 0.409619 -0.889907 0.200694
v 0.128132 -0.684374 0.269909
vn 0.872200 -0.426740 0.239081
v 0.222498 -0.602860 0.174616
vn 0.714988 0.252843 0.651814
v 0.149585 -0.576061 0.323036
vn -0.019896 -0.685936 -0.727390
v 0.116170 -0.595814 0.078383
vn 0.532806 -0.164687 -0.830058
v 0.415391 -0.011205 -0.299115
vn 0.630130 -0.286553 -0.721681
v 0.303897 0.000295 -0.430293
vn 0.709878 -0.197823 -0.675973
v 0.298966 0.105996 -0.478528
vn 0.550679 -0.332017 -0.765844
v 0.249451 0.081023 -0.515602
vn 0.117981 -0.606853 -0.786009
v 0.187682 0.030287 -0.512067
vn 0.782235 -0.367998 0.502679
v 0.129516 -0.638188 0.331555
vn -0.171490 -0.922148 0.346748
v 0.006586 -0.650040 0.352968
vn 0.483260 0.138923 -0.864384
v 0.193624 0.265996 -0.574040
vn 0.801175 0.006246 0.598397
v 0.262800 -0.096074 0.104351
vn 0.910105 0.172281 -0.376866
v 0.387559 0.224158 -0.346864
vn 0.809435 -0.177831 0.559635
v 0.244589 -0.207726 0.046621
vn 0.421527 -0.225847 0.878242
v 0.175935 0.001059 0.112390
vn 0.474674 -0.587953 0.654978
v 0.207631 -0.133306 0.141332
vn 0.448236 0.176089 0.876400
v 0.028694 -0.266084 0.271473
vn 0.743505 -0.562652 0.361417
v 0.257731 -0.125678 0.087665
vn 0.742148 0.299859 0.599417
v 0.049440 -0.134769 0.317825
vn 0.289382 0.072219 0.954485
v 0.147504 -0.079955 0.206188
vn 0.526019 0.419068 0.740058
v 0.175785 -0.075489 0.182531
vn 0.001987 0.112528 0.993647
v 0.118953 -0.076764 0.207918
vn 0.356339 -0.789991 0.498936
v 0.185263 0.110335 0.171612
vn 0.335377 -0.131110 0.932916
v 0.033272 0.187413 0.286503
vn 0.546695 0.470283 0.692791
v 0.096447 -0.047382 0.177386
vn 0.330342 -0.740977 0.584660
v 0.009925 -0.220824 0.302137
vn 0.974444 0.087840 -0.206746
v 0.138155 -0.160773 0.225427
vn 0.154138 0.097134 0.983263
v 0.009901 0.060471 0.240994
vn 0.946024 -0.203025 -0.252624
v 0.114250 -0.184116 0.188973
vn 0.648949 -0.759285 -0.048489
v 0.113881 -0.204483 0.220949
vn 0.552303 -0.025060 0.833267
v 0.118956 -0.023221 0.152290
vn 0.809551 0.382504 0.445329
v 0.026048 -0.051146 0.290958
vn 0.814146 0.397420 0.423349
v 0.063474 -0.097388 0.255131
vn 0.801128 0.330137 0.499203
v 0.032645 -0.103654 0.324992
vn 0.173164 -0.784968 0.594844
v 0.004373 -0.194786 0.353695
vn 0.034957 0.990622 -0.132084
v 0.072743 -0.417024 0.365098
vn 0.418096 0.594675 0.686701
v 0.008843 -0.026597 0.298331
vn 0.664078 0.301778 0.684054
v 0.123285 -0.561822 0.332535
vn 0.763390 0.316433 0.563122
v 0.080530 -0.567406 0.399782
vn 0.196924 -0.699851 0.686607
v 0.051009 -0.642857 0.408078
vn 0.496091 -0.150890 0.855059
v 0.056088 -0.592412 0.437422
vn -0.300869 -0.814082 0.496738
v 0.022576 -0.644928 0.401537
vn -0.191315 -0.981237 0.023916
v 0.035654 -0.670363 0.299355
vn 0.049730 -0.113479 0.992295
v -0.000059 -0.539173 0.463265
vn -0.140622 -0.947647 0.286690
v 0.051920 -0.669561 0.354327
vn 0.428362 -0.772950 0.468032
v 0.095962 -0.666911 0.348000
vn 0.537735 -0.631923 0.558135
v -0.012401 -0.548558 0.453445
vn 0.496530 0.112593 0.860687
v 0.019727 -0.542440 0.451742
vn -0.226078 -0.956521 -0.184274
v 0.084458 -0.681318 0.232996
vn 0.508972 -0.853755 0.109770
v 0.160995 -0.678398 0.222930
vn -0.007477 -0.991668 0.128605
v 0.093339 -0.686126 0.292817
vn -0.067237 -0.967799 -0.242580
v 0.035049 -0.633338 0.163541
vn -0.136807 -0.806680 -0.574936
v 0.110445 -0.643263 0.121112
vn -0.035155 -0.815726 -0.577370
v 0.054443 -0.618492 0.100858
vn -0.009847 -0.685507 -0.728000
v 0.178561 -0.592027 0.072359
vn -0.002027 -0.698767 -0.715346
v -0.013183 -0.564278 0.047116
vn 0.754540 0.128358 0.643579
v 0.122691 -0.589713 0.348210
vn -0.158018 0.887124 -0.433638
v 0.035804 -0.412203 0.383369
vn -0.196700 0.873117 -0.446068
v 0.042987 -0.446641 0.347196
vn 0.578628 -0.138224 0.803793
v 0.038793 -0.458871 0.393807
vn -0.220422 -0.942822 -0.250003
v 0.036357 -0.659232 0.236309
vn -0.173506 -0.939121 -0.296560
v 0.107937 -0.673940 0.184482
vn 0.644829 -0.724511 -0.243473
v 0.258292 -0.594126 0.074296
vn 0.437850 -0.380220 -0.814690
v 0.201402 0.098218 -0.555360
vn 0.645009 -0.185906 -0.741216
v 0.341421 -0.031533 -0.386687
vn 0.849952 -0.018552 0.526534
v 0.274700 -0.466044 0.087081
vn 0.485106 0.177206 0.856312
v 0.353992 -0.274310 0.000245
vn 0.901692 -0.229702 0.366318
v 0.309395 -0.497052 0.015151
vn 0.617756 0.158114 0.770310
v 0.324029 -0.336701 0.024901
vn 0.800656 -0.084262 0.593169
v 0.320401 -0.395531 0.025265
vn 0.907109 -0.243791 0.343103
v 0.251994 -0.569966 0.111299
vn 0.911653 -0.028427 0.409976
v 0.254170 -0.506435 0.119631
vn 0.993945 -0.065666 -0.088103
v 0.404477 -0.245375 -0.158316
vn 0.906828 -0.374527 -0.193372
v 0.384860 -0.343059 -0.122195
vn -0.210060 0.975714 -0.062111
v 0.144090 -0.412135 0.270913
vn 0.562183 0.479022 -0.674157
v 0.215395 0.389708 -0.513238
vn 0.691848 -0.475206 0.543622
v 0.311962 0.015664 0.042838
vn 0.383311 0.469697 0.795272
v 0.279831 0.145953 0.165969
vn 0.574745 -0.632879 0.518780
v 0.378525 0.063943 0.038541
vn 0.832235 -0.244998 0.497354
v 0.411571 0.107820 0.084713
vn 0.256910 -0.360225 0.896792
v 0.254159 0.112075 0.203453
vn 0.468353 -0.016589 0.883385
v 0.250020 0.177900 0.167413
vn 0.592771 -0.255734 0.763690
v 0.354490 0.122968 0.140294
vn 0.450576 -0.351364 0.820686
v 0.290313 0.110756 0.190467
vn 0.568003 0.180220 0.803052
v 0.310172 0.182615 0.134918
vn 0.495307 -0.449191 0.743571
v 0.189972 0.103123 0.228705
vn 0.815357 -0.370330 0.445027
v 0.153116 0.046718 0.170504
vn 0.505468 -0.550184 0.664680
v 0.145784 0.071918 0.214431
vn -0.086081 -0.451076 0.888324
v 0.111632 0.078685 0.213113
vn 0.602132 -0.383654 0.700176
v 0.141827 0.009558 0.153847
vn 0.310507 -0.784633 0.536597
v 0.155199 0.091661 0.226546
vn 0.745211 0.207976 0.633566
v 0.041624 0.213728 0.257503
vn 0.678027 0.052668 0.733147
v 0.036634 0.272665 0.258608
vn 0.359869 0.149868 0.920888
v 0.013596 0.291239 0.279798
vn 0.107663 -0.326460 0.939059
v 0.010999 0.115301 0.246613
vn 0.219134 0.105474 0.969977
v 0.117048 0.322790 0.227600
vn 0.299500 0.242775 0.922692
v 0.016027 0.339829 0.272194
vn 0.315030 0.026836 0.948702
v 0.114369 0.213119 0.209388
vn 0.900407 0.219373 0.375689
v 0.392886 0.214618 0.022669
vn 0.824597 0.282737 0.490000
v 0.402665 0.025726 -0.049546
vn 0.261230 -0.317714 0.911492
v 0.339221 0.021355 0.020977
vn 0.748535 -0.344205 0.566761
v 0.455304 0.089270 -0.104359
vn 0.673882 -0.462972 0.575796
v 0.388055 -0.029949 -0.014526
vn 0.959436 -0.086299 0.268393
v 0.492223 0.140566 -0.140633
vn 0.888947 0.056282 0.454540
v 0.436447 0.045402 -0.135767
vn 0.932995 0.112992 0.341691
v 0.502125 0.181039 -0.170727
vn 0.570090 -0.268932 0.776321
v 0.157844 -0.016138 0.136792
vn 0.364760 0.339160 0.867133
v 0.096703 -0.072827 0.200214
vn 0.422621 -0.454323 0.784208
v 0.164838 -0.094567 0.187054
vn 0.593189 -0.038941 0.804121
v 0.094312 -0.097375 0.195424
vn 0.620456 0.153548 0.769063
v 0.264987 -0.056435 0.070606
vn 0.569617 -0.359003 0.739360
v 0.315180 -0.026170 0.028918
vn 0.766463 -0.360441 0.531617
v 0.306332 -0.079814 -0.014790
vn 0.492708 -0.678639 0.544690
v 0.328263 -0.054410 -0.016012
vn 0.356263 -0.359456 0.862478
v 0.346616 -0.024073 0.015353
vn 0.645388 -0.548322 0.531805
v 0.399364 -0.031712 -0.092904
vn 0.747463 -0.274637 0.604875
v 0.346514 -0.098389 -0.067362
vn 0.561919 -0.414580 0.715801
v 0.387434 -0.072908 -0.107505
vn 0.393165 0.403506 0.826198
v 0.009322 -0.127365 0.371777
vn 0.625552 0.440700 0.643793
v 0.077593 -0.137661 0.292071
vn 0.335148 0.562558 0.755780
v 0.009002 -0.060979 0.328744
vn -0.064744 -0.450193 0.890581
v -0.000915 0.168492 0.264333
vn 0.040224 0.744027 0.666938
v 0.004587 0.410867 0.237086
vn 0.233134 0.644908 0.727834
v 0.123609 0.390380 0.193823
vn 0.166139 0.870265 0.463720
v 0.066560 0.431278 0.156536
vn -0.016768 0.894938 0.445875
v -0.003285 0.489041 0.057357
vn 0.045463 0.920985 0.386937
v 0.022699 0.505085 0.020507
vn -0.015016 0.899956 0.435723
v 0.192009 0.517274 -0.023829
vn 0.578166 0.302210 0.757887
v 0.082963 0.180180 0.234849
vn 0.794333 -0.186644 0.578100
v 0.032852 -0.160453 0.344563
vn 0.252530 0.217008 0.942940
v 0.005850 -0.148088 0.381529
vn 0.549508 -0.669314 0.500060
v 0.059874 -0.179300 0.300359
vn 0.028015 -0.612984 0.789599
v 0.001419 -0.175294 0.378624
vn 0.804908 0.406823 0.431993
v 0.420390 0.026942 -0.091251
vn 0.630474 -0.626424 0.458362
v 0.356316 -0.060452 -0.050104
vn 0.815231 -0.067529 0.575185
v 0.407622 -0.009899 -0.030822
vn 0.925262 -0.225930 0.304707
v 0.392409 0.059928 -0.042678
vn 0.840876 -0.223674 0.492847
v 0.421856 0.054276 -0.105291
vn 0.270985 -0.590402 0.760258
v 0.355387 -0.038304 0.009564
vn 0.533506 -0.373331 0.758944
v 0.436163 -0.063637 -0.117125
vn 0.773050 0.294396 0.561894
v 0.477932 0.021711 -0.167194
vn 0.822507 -0.338172 0.457298
v 0.420538 0.089162 -0.073039
vn 0.912317 0.053668 0.405952
v 0.479865 -0.012905 -0.173994
vn 0.856500 -0.283836 0.431097
v 0.490461 -0.062420 -0.181556
vn 0.873550 0.171305 0.455593
v 0.487224 0.030190 -0.180349
vn 0.894074 0.008581 0.447837
v 0.526008 0.123291 -0.248641
vn 0.872100 -0.484217 0.070531
v 0.493148 -0.082068 -0.216850
vn 0.964706 -0.245394 -0.095519
v 0.518265 0.011901 -0.258420
vn 0.955598 0.258985 0.140569
v 0.483207 0.031194 -0.195102
vn 0.971140 0.083560 0.223393
v 0.486746 0.091890 -0.199775
vn 0.629546 -0.274891 -0.726709
v 0.502200 0.000344 -0.285008
vn 0.699818 -0.650814 -0.294441
v 0.471100 -0.106815 -0.243225
vn 0.840818 0.025559 0.540715
v 0.471703 -0.013867 -0.144571
vn 0.766803 -0.149328 -0.624271
v 0.513758 0.050893 -0.289848
vn 0.967447 -0.132544 -0.215590
v 0.527438 0.104267 -0.270647
vn 0.780340 0.091700 0.618596
v 0.448520 0.047152 -0.167475
vn 0.998761 -0.018459 0.046212
v 0.470775 0.105281 -0.157728
vn 0.372799 -0.607897 0.701058
v 0.353267 0.056236 0.038404
vn -0.172891 -0.684038 0.708661
v 0.118997 0.106417 0.234967
vn 0.333505 -0.144828 0.931557
v 0.085871 0.137340 0.256221
vn 0.365861 0.431031 0.824838
v 0.139336 0.140889 0.215320
vn 0.222904 -0.373540 0.900434
v 0.059628 0.084135 0.211457
vn 0.015213 -0.974117 0.225530
v 0.208606 0.117879 0.181538
vn 0.684675 -0.189500 0.703783
v 0.383277 0.122590 0.115974
vn 0.301462 -0.781661 0.546010
v 0.360793 0.102358 0.089420
vn 0.871137 0.361734 0.332068
v 0.389870 0.154049 0.063566
vn 0.663527 -0.227307 0.712786
v 0.118323 -0.152237 0.145583
vn 0.428384 -0.254724 0.866950
v 0.041939 -0.350611 0.269762
vn 0.968035 -0.072852 0.240002
v 0.108665 -0.192011 0.178122
vn 0.907398 0.191199 0.374262
v 0.112447 -0.180716 0.164782
vn 0.679585 0.180431 0.711062
v 0.089133 -0.260917 0.224684
vn 0.897407 -0.238155 0.371406
v 0.137516 -0.174669 0.247924
vn 0.768241 0.177130 0.615168
v 0.134722 -0.248119 0.170850
vn 0.765960 0.315103 0.560371
v 0.057702 -0.044579 0.225141
vn 0.840772 -0.451427 0.298858
v 0.099047 -0.208834 0.204334
vn 0.692270 -0.169308 0.701496
v 0.013692 -0.161961 0.377528
vn 0.288551 -0.957199 -0.022555
v 0.098098 -0.313433 0.179405
vn 0.325647 0.213400 0.921094
v 0.138876 -0.307714 0.183040
vn 0.638854 0.672026 0.374495
v 0.073001 -0.111101 0.256891
vn 0.550862 -0.236499 0.800387
v 0.157762 -0.170951 0.114917
vn -0.047906 -0.790618 -0.610433
v 0.132501 -0.333812 0.148565
vn 0.959177 -0.263992 -0.101432
v 0.399103 -0.247718 -0.211047
vn 0.715949 -0.271421 0.643233
v 0.214898 -0.249428 0.038428
vn 0.664772 -0.262723 0.699324
v 0.251353 -0.217437 0.019655
vn 0.483448 0.527831 0.698335
v 0.355635 -0.169174 -0.059914
vn 0.982722 -0.068629 0.171895
v 0.405666 -0.190369 -0.179394
vn 0.929469 0.266919 0.254642
v 0.409596 -0.222222 -0.082647
vn 0.438239 0.409418 0.800202
v 0.330412 -0.177554 -0.047332
vn 0.978176 -0.139197 0.154260
v 0.410739 -0.282456 -0.084126
vn 0.750721 0.005366 0.660598
v 0.268146 -0.191030 0.014361
vn 0.910658 0.058638 0.408980
v 0.388770 -0.143710 -0.136148
vn 0.932736 -0.253043 0.256853
v 0.386801 -0.349186 -0.063308
vn 0.316769 0.283717 0.905076
v 0.324620 -0.258460 -0.001249
vn 0.810250 -0.164137 0.562632
v 0.283128 -0.152733 -0.011226
vn 0.175957 0.301111 0.937214
v 0.285416 -0.295174 0.024699
vn 0.686403 0.169278 0.707246
v 0.288168 -0.387948 0.068765
vn 0.969168 -0.191491 -0.155065
v 0.405631 -0.283046 -0.127706
vn 0.145968 0.583416 0.798949
v 0.295016 -0.346958 0.041828
vn 0.293431 0.456615 0.839882
v 0.336319 -0.219394 -0.022645
vn 0.927356 -0.373238 0.026545
v 0.420831 -0.160111 -0.219295
vn 0.769623 -0.088431 0.632345
v 0.352440 -0.338808 -0.003771
vn -0.263059 0.948376 -0.177152
v 0.029108 -0.398578 0.284253
vn 0.419987 0.368900 0.829170
v 0.031544 -0.434034 0.321366
vn -0.103472 0.993818 0.040241
v 0.066248 -0.450512 0.320174
vn -0.272497 0.671597 -0.688987
v 0.020748 -0.384070 0.301033
vn 0.111334 0.976751 0.183201
v 0.021750 -0.372724 0.311484
vn 0.071718 -0.580085 0.811393
v 0.018159 -0.354854 0.283044
vn 0.026926 0.910357 -0.412947
v -0.000231 -0.442745 0.359080
vn -0.621875 0.611706 -0.488964
v 0.041980 -0.389918 0.280262
vn 0.578411 0.570757 0.582818
v 0.072219 -0.437829 0.302749
vn 0.231679 0.951800 0.201003
v 0.077384 -0.450751 0.302570
vn 0.542522 0.787738 0.291786
v 0.159948 -0.415618 0.267489
vn 0.072419 0.971148 0.227214
v 0.056389 -0.364841 0.282501
vn 0.623495 0.601685 0.499229
v 0.100774 -0.423481 0.347955
vn -0.268330 0.928724 -0.255874
v 0.163823 -0.421664 0.243958
vn 0.716360 0.252600 0.650401
v 0.105958 -0.377935 0.181376
vn 0.630656 0.444478 0.636170
v 0.136989 -0.433210 0.305929
vn -0.743646 0.273975 -0.609859
v 0.112108 -0.410027 0.216711
vn -0.022601 0.997512 0.066778
v 0.121036 -0.425685 0.306162
vn -0.697390 0.124865 -0.705731
v 0.092747 -0.401386 0.242583
vn -0.174074 -0.675496 -0.716522
v 0.048544 -0.359252 0.241887
vn 0.338917 0.851586 0.399921
v 0.179496 -0.417041 0.205242
vn -0.930330 0.061492 -0.361532
v 0.148172 -0.385754 0.160576
vn -0.024736 0.998325 0.052304
v 0.139717 -0.443267 0.247012
vn 0.649687 0.117906 0.751003
v 0.085163 -0.369836 0.193211
vn -0.855316 0.164195 -0.491401
v 0.133352 -0.405305 0.191768
vn 0.744491 0.021089 0.667299
v 0.100309 -0.353379 0.186856
vn 0.150891 0.803106 0.576414
v 0.161582 -0.424995 0.200626
vn -0.170601 0.982246 0.078031
v 0.125976 -0.424054 0.187104
vn 0.205452 0.769655 -0.604500
v 0.091687 -0.422120 0.239160
vn 0.747799 0.613951 0.252707
v 0.183055 -0.424863 0.239484
vn 0.518921 0.579799 0.628135
v 0.133721 -0.410064 0.163799
vn -0.609701 0.764187 0.210437
v 0.147730 -0.408500 0.155854
vn 0.756058 0.237527 0.609884
v 0.122459 -0.357264 0.152408
vn -0.278659 0.956991 0.080731
v 0.145025 -0.358632 0.169896
vn 0.652245 0.384887 0.653023
v 0.210883 -0.486676 0.184599
vn 0.931689 0.172617 0.319622
v 0.195097 -0.463660 0.213030
vn 0.504696 0.550129 0.665312
v 0.150367 -0.391672 0.188495
vn 0.705378 0.556097 0.439543
v 0.193928 -0.415360 0.177310
vn -0.319869 0.677300 0.662533
v 0.176712 -0.366163 0.104015
vn 0.634278 0.564070 0.528692
v 0.166131 -0.384117 0.141255
vn -0.682891 0.715657 -0.146609
v 0.154501 -0.370493 0.138504
vn -0.353755 0.826720 -0.437483
v 0.127887 -0.380442 0.193948
vn -0.286176 0.944716 0.160045
v 0.177012 -0.360457 0.114363
vn 0.203868 0.749071 0.630342
v 0.192773 -0.388058 0.133998
vn 0.210947 0.583888 0.783949
v 0.192784 -0.363444 0.108670
vn 0.554880 0.601483 0.574741
v 0.233982 -0.375501 0.104652
vn 0.356704 -0.916993 0.178568
v 0.164302 -0.291982 0.101075
vn 0.575932 -0.673036 -0.464031
v 0.193691 -0.284713 0.078868
vn 0.574633 0.442919 0.688200
v 0.239097 -0.398349 0.102186
vn 0.868208 -0.347510 0.354191
v 0.198433 -0.263716 0.055821
vn 0.504692 0.592732 0.627658
v 0.234884 -0.364743 0.082160
vn 0.591706 0.178156 0.786222
v 0.208921 -0.287019 0.047016
vn 0.833245 -0.495253 0.245818
v 0.183848 -0.280431 0.068452
vn 0.863582 -0.271253 0.425027
v 0.212055 -0.247996 0.087096
vn 0.128768 0.525083 0.841253
v 0.256363 -0.311112 0.025960
vn 0.349550 -0.822979 -0.447795
v 0.189363 -0.312397 0.096663
vn 0.079706 0.235219 0.968669
v 0.267186 -0.280802 0.013317
vn 0.186497 0.086482 0.978642
v 0.273580 -0.236847 0.007918
vn 0.557478 0.207236 0.803910
v 0.279914 -0.200519 0.003240
vn 0.219562 0.241238 0.945302
v 0.292780 -0.232936 0.009639
vn 0.759655 -0.147563 0.633364
v 0.247128 -0.163564 0.031173
vn 0.407964 0.493840 0.767911
v 0.260998 -0.334058 0.049408
vn 0.613070 0.525225 0.590156
v 0.115413 -0.426482 0.256529
vn 0.034078 -0.990287 0.134799
v 0.041056 -0.336077 0.234101
vn 0.923451 -0.286814 0.254903
v 0.107478 -0.322758 0.159675
vn 0.128469 -0.912858 -0.387538
v 0.118333 -0.305932 0.158056
vn 0.384280 -0.910437 -0.153080
v 0.133327 -0.296579 0.132880
vn 0.851813 -0.427789 0.302345
v 0.149486 -0.327337 0.174290
vn -0.101129 0.423493 0.900237
v -0.000218 -0.468875 0.431322
vn 0.452473 0.106397 0.885409
v 0.031363 -0.304175 0.286068
vn 0.347724 0.208662 0.914083
v 0.044433 -0.419961 0.413162
vn 0.304132 0.244442 0.920734
v 0.015344 -0.426835 0.410419
vn 0.363593 0.183881 0.913229
v 0.006040 -0.464853 0.429101
vn 0.642138 -0.272345 0.716580
v 0.079550 -0.312293 0.230900
vn 0.669103 -0.119883 0.733436
v 0.066519 -0.299331 0.261034
vn 0.724140 0.170349 0.668283
v 0.176777 -0.278495 0.129731
vn 0.398484 0.580719 0.709913
v 0.256993 -0.376628 0.074767
vn 0.284832 0.527944 0.800091
v 0.278904 -0.348556 0.042476
vn 0.614953 0.429953 0.661039
v 0.217904 -0.449357 0.155767
vn 0.054600 0.935897 0.348016
v 0.037345 -0.407330 0.402491
vn 0.600066 -0.041724 0.798862
v 0.094608 -0.315163 0.218403
vn 0.803980 -0.130957 0.580057
v 0.122416 -0.293151 0.199928
vn -0.118325 -0.899250 -0.421129
v 0.161018 -0.325910 0.121740
vn 0.542360 -0.497674 0.676880
v 0.033374 -0.318158 0.265307
vn 0.216201 0.392471 0.893993
v 0.305608 -0.314819 0.015058
vn 0.403655 -0.327186 0.854407
v 0.071812 -0.185861 0.236030
vn 0.342035 -0.937640 0.061991
v 0.065069 -0.183575 0.270270
vn 0.106062 -0.979094 0.173570
v 0.090753 -0.190281 0.270948
vn 0.579135 -0.626006 0.522225
v 0.032086 -0.197603 0.308181
vn 0.812268 -0.190387 0.551338
v 0.061844 -0.195493 0.252606
vn 0.754170 -0.480372 0.447739
v 0.048032 -0.195475 0.269637
vn 0.728431 -0.410748 0.548337
v 0.042214 -0.213179 0.274818
vn 0.308625 -0.945869 -0.100414
v 0.075353 -0.172329 0.256954
vn 0.569936 -0.367462 0.734945
v 0.072590 -0.215164 0.247518
vn -0.536892 -0.841771 0.056294
v 0.096405 -0.172937 0.253340
vn 0.176958 -0.808699 0.560974
v 0.110238 -0.198365 0.249567
vn 0.156012 -0.731420 0.663841
v 0.099431 -0.205217 0.240016
vn 0.898825 -0.190478 0.394755
v 0.282486 -0.530158 0.060133
vn 0.544587 -0.790505 -0.280227
v 0.227728 -0.625763 0.104027
vn 0.823192 -0.485790 0.293875
v 0.196536 -0.625526 0.219823
vn 0.955009 -0.071358 0.287864
v 0.237120 -0.539785 0.165680
vn 0.281830 0.368306 0.885959
v 0.322486 -0.319182 0.020737
vn 0.862430 -0.174720 0.475066
v 0.325360 -0.429826 0.011301
vn 0.615452 -0.746010 -0.254337
v 0.425989 -0.149257 -0.233564
vn 0.363114 -0.691630 -0.624336
v 0.430265 -0.136592 -0.259277
vn 0.679238 -0.232032 -0.696273
v 0.410838 -0.092272 -0.287361
vn 0.952606 -0.238125 -0.189310
v 0.408771 -0.149862 -0.249054
vn 0.138384 -0.726673 0.672902
v -0.001196 -0.620207 0.419864
vn 0.748857 0.347574 0.564275
v 0.021000 -0.488525 0.422802
vn 0.716852 -0.284095 0.636720
v 0.097086 -0.626222 0.384375
vn 0.822628 -0.129612 0.553609
v 0.198789 -0.574805 0.261775
vn 0.905118 -0.091798 0.415133
v 0.221773 -0.560406 0.227168
vn 0.730427 0.259675 0.631700
v 0.049552 -0.513754 0.389225
vn 0.702464 0.341062 0.624677
v 0.147583 -0.554267 0.293617
vn 0.631859 0.487479 0.602593
v 0.189096 -0.561515 0.270569
vn 0.764733 0.339766 0.547488
v 0.222041 -0.541323 0.221728
vn 0.711981 0.333904 0.617731
v 0.233527 -0.484569 0.174271
vn 0.651997 0.468843 0.595891
v 0.190556 -0.541907 0.239084
vn 0.558939 0.460028 0.689900
v 0.243783 -0.429614 0.132582
vn 0.709921 0.302550 0.635984
v 0.103676 -0.554270 0.348385
vn 0.665413 0.013588 0.746352
v 0.104942 -0.489336 0.332934
vn 0.850362 0.011524 0.526073
v 0.181673 -0.494266 0.271854
vn 0.501304 0.449835 0.739150
v 0.262202 -0.396438 0.092522
vn 0.778931 0.179525 0.600864
v 0.115082 -0.436286 0.337374
vn 0.502414 0.683369 0.529705
v 0.174380 -0.402302 0.183935
vn 0.679133 0.526719 0.511220
v 0.140342 -0.396384 0.214065
vn 0.860974 0.506398 0.047804
v 0.168304 -0.379295 0.161241
vn 0.330967 0.845304 0.419431
v 0.182943 -0.401332 0.151777
vn 0.420478 0.657927 0.624764
v 0.208126 -0.394188 0.145691
vn 0.306539 0.703072 0.641657
v 0.213556 -0.373891 0.108044
vn -0.745240 0.241180 -0.621651
v 0.110279 -0.384784 0.208562
vn -0.123626 0.964381 -0.233850
v 0.093678 -0.419961 0.334352
vn -0.199701 0.975591 0.091337
v 0.115343 -0.438469 0.275233
vn 0.178173 0.399203 0.899384
v 0.095816 -0.398230 0.267732
vn 0.626361 -0.335838 0.703480
v 0.059203 -0.226585 0.243068
vn 0.048883 0.976317 0.210749
v 0.084720 0.598954 -0.192347
vn 0.121596 0.941767 0.313510
v 0.163817 0.563276 -0.118965
vn -0.248774 0.904275 0.346984
v 0.202013 0.484626 0.045058
vn 0.123781 0.940945 0.315121
v 0.250088 0.544549 -0.070707
vn -0.230401 0.775417 0.587915
v 0.239247 0.483089 0.081976
vn 0.009922 0.998852 0.046867
v 0.300719 0.533469 -0.068060
vn 0.311437 0.950071 -0.019303
v 0.217830 0.551294 -0.133414
vn -0.332155 0.731501 0.595465
v 0.154108 -0.388508 0.132899
vn 0.742865 0.559705 0.367262
v 0.070307 -0.386896 0.270393
vn 0.410672 0.548800 0.728126
v 0.094616 -0.431086 0.272621
vn 0.044985 0.891309 -0.451159
v 0.058380 -0.422488 0.272156
vn 0.697449 0.649307 0.303257
v 0.034299 -0.388015 0.303716
vn 0.123011 0.034325 0.991812
v 0.019732 -0.419482 0.331331
vn 0.422209 0.849821 0.315505
v 0.089267 -0.417469 0.227051
vn 0.179901 0.948825 0.259552
v 0.122976 -0.371664 0.214834
vn 0.519534 0.516371 0.680769
v 0.055946 -0.427876 0.301384
vn -0.185532 0.982213 0.028897
v 0.092973 -0.371071 0.243723
vn -0.020677 0.875603 0.482589
v 0.168206 -0.360050 0.136021
vn 0.103460 0.831879 0.545228
v 0.206583 -0.331920 0.097159
vn 0.069074 0.992963 0.096194
v 0.110643 -0.376720 0.220914
vn 0.618007 0.509307 0.598893
v 0.073107 -0.389268 0.221718
vn 0.348470 0.733985 0.582953
v 0.207836 -0.331567 0.064823
vn 0.397332 0.774215 0.492664
v 0.219874 -0.334574 0.073905
vn -0.567325 0.684494 -0.457833
v 0.075427 -0.385366 0.251306
vn 0.522263 0.718792 0.458890
v 0.047438 -0.389568 0.257874
vn -0.624702 0.533245 -0.570436
v 0.049777 -0.375096 0.275318
vn -0.105901 -0.691031 0.715026
v -0.001442 -0.329441 0.281758
vn -0.372587 -0.858820 -0.351578
v 0.027014 -0.355120 0.256787
vn 0.570296 0.131879 0.810784
v 0.073542 -0.328182 0.240632
vn -0.360732 -0.718195 -0.595037
v 0.072781 -0.336568 0.217945
vn 0.712972 -0.082264 0.696350
v 0.109393 -0.308230 0.208828
vn -0.029814 -0.833955 -0.551026
v 0.116156 -0.341987 0.174426
vn 0.458551 -0.814803 0.354721
v 0.135177 -0.334682 0.180429
vn 0.140951 -0.919478 -0.367006
v 0.142375 -0.311072 0.140185
vn 0.804995 -0.156115 0.572374
v 0.151847 -0.299354 0.151355
vn 0.719915 0.018329 0.693820
v 0.134549 -0.318157 0.123457
vn -0.130565 -0.839916 -0.526777
v 0.173597 -0.310951 0.118355
vn 0.679694 -0.465821 0.566593
v 0.184335 -0.311378 0.136140
vn 0.903370 -0.424941 0.057857
v 0.200662 -0.264337 0.083196
vn 0.862580 -0.168436 0.477059
v 0.132129 -0.326288 0.194409
vn 0.642167 -0.636422 0.427304
v 0.108232 -0.344865 0.217114
vn 0.582407 0.081434 0.808808
v 0.062859 -0.364797 0.216313
vn 0.120536 -0.956002 0.267455
v 0.047472 -0.374003 0.259211
vn 0.691531 -0.204267 0.692864
v 0.103650 -0.303154 0.218342
vn 0.634205 -0.008350 0.773120
v 0.076399 -0.348185 0.211986
vn 0.679290 -0.333062 0.653938
v 0.091031 -0.344098 0.233938
vn -0.288002 -0.896229 -0.337384
v 0.092274 -0.347662 0.204747
vn 0.673695 -0.044491 0.737669
v 0.127230 -0.300537 0.179735
vn 0.845245 0.157472 0.510650
v 0.142525 -0.290651 0.168147
vn 0.721397 0.083420 0.687479
v 0.151328 -0.287976 0.148937
vn 0.112001 0.985804 0.125085
v 0.013840 -0.447261 0.343507
vn 0.306909 0.429941 -0.849092
v 0.418149 0.174828 -0.311808
vn 0.449706 0.687904 -0.569696
v 0.416952 0.195611 -0.289044
vn 0.625894 0.134713 -0.768185
v 0.409654 0.154291 -0.319743
vn 0.894040 -0.010321 -0.447868
v 0.402956 0.128073 -0.343541
vn 0.564542 -0.072806 -0.822187
v 0.505009 0.112874 -0.303723
vn 0.905411 0.389488 -0.168908
v 0.534647 0.194416 -0.271162
vn 0.509951 -0.144080 -0.848051
v 0.410833 0.087326 -0.318119
vn 0.154614 0.979926 0.125854
v 0.430734 0.217729 -0.222706
vn 0.318669 0.336852 -0.885991
v 0.479866 0.175866 -0.313738
vn 0.395525 0.842033 -0.366798
v 0.509820 0.210321 -0.273277
vn 0.361088 0.909058 0.207914
v 0.478334 0.218804 -0.206657
vn 0.809952 -0.021547 0.586101
v 0.502185 0.139584 -0.224516
vn 0.638808 0.508558 0.577316
v 0.489497 0.179736 -0.155968
vn 0.868102 0.385133 0.313164
v 0.513461 0.199812 -0.219935
vn -0.213860 0.973549 0.080418
v 0.439342 0.222588 -0.190196
vn -0.066278 0.972093 0.225037
v 0.449401 0.226492 -0.184188
vn 0.743161 -0.147076 -0.652748
v 0.361019 0.025069 -0.380759
vn 0.815482 -0.111666 -0.567908
v 0.378822 0.089049 -0.373644
vn 0.871804 0.162269 -0.462198
v 0.406762 0.180395 -0.325243
vn 0.886784 0.086957 -0.453929
v 0.376285 0.197232 -0.378575
vn 0.032449 -0.030307 -0.999014
v 0.441388 0.120559 -0.329053
vn 0.256886 -0.180615 -0.949415
v 0.473878 0.069483 -0.311937
vn 0.793970 -0.116715 -0.596648
v 0.391923 -0.030521 -0.341308
vn 0.142475 -0.216373 -0.965859
v 0.451149 0.016219 -0.303244
vn 0.204559 -0.220906 -0.953602
v 0.445403 -0.041686 -0.291291
vn 0.967181 -0.183621 -0.175626
v 0.413717 -0.187554 -0.249092
vn 0.719412 -0.644554 0.258836
v 0.435252 -0.133621 -0.207786
vn 0.698658 0.715447 0.003551
v 0.422967 0.217658 -0.182251
vn 0.961481 0.274859 0.002756
v 0.425351 0.246649 -0.154581
vn 0.324241 0.697380 0.639163
v 0.447029 0.192574 -0.146321
vn 0.952577 0.190773 0.237071
v 0.426769 0.195994 -0.097364
vn 0.968398 0.080505 0.236059
v 0.493876 0.094061 -0.181247
vn 0.950115 -0.308969 -0.042652
v 0.469074 0.148120 -0.171987
vn 0.947958 -0.315422 0.043411
v 0.477345 0.102148 -0.142322
vn 0.924622 -0.007572 -0.380811
v 0.534034 0.142725 -0.283591
vn 0.290692 0.765948 0.573429
v 0.460321 0.205120 -0.156701
vn 0.528584 -0.679706 0.508526
v 0.040069 -0.313754 0.274953
vn -0.151009 0.134768 0.979303
v -0.005608 -0.269103 0.278873
vn 0.650643 -0.439405 0.619343
v 0.408929 0.403216 0.075771
vn 0.031997 0.060304 0.997667
v 0.336762 0.455703 0.117965
vn 0.405292 -0.136947 0.903871
v 0.364522 0.420718 0.106181
vn 0.065898 -0.353338 0.933172
v 0.400440 0.497497 0.132797
vn 0.892669 -0.448967 0.039640
v 0.428992 0.387652 0.020095
vn 0.349036 -0.767616 0.537531
v 0.070987 -0.346118 0.237854
vn 0.203116 -0.961318 0.186040
v 0.085780 -0.374855 0.237403
vn 0.677268 0.650190 -0.344328
v 0.351812 0.481135 -0.125784
vn 0.819323 0.452170 -0.352495
v 0.367971 0.462864 -0.106607
vn 0.785914 0.499322 -0.364716
v 0.355424 0.434028 -0.177479
vn 0.914245 0.319935 -0.248591
v 0.380704 0.426128 -0.137001
vn 0.970395 0.195174 -0.142268
v 0.384211 0.410659 -0.114763
vn 0.963237 0.268655 0.000269
v 0.394663 0.333865 -0.130813
vn 0.979715 0.199308 -0.020828
v 0.412059 0.272812 -0.129305
vn 0.935672 0.223817 -0.272807
v 0.387952 0.308266 -0.280881
vn 0.903277 0.371142 -0.215277
v 0.382667 0.348727 -0.271672
vn -0.103163 0.866659 0.488118
v 0.442223 0.211467 -0.172228
vn 0.640207 0.703693 0.308142
v 0.437811 0.206185 -0.154836
vn 0.943629 -0.094255 0.317301
v 0.508256 0.000646 -0.219684
vn 0.674480 -0.301206 0.674057
v 0.467246 0.075924 -0.172791
vn 0.718640 0.150950 0.678801
v 0.275743 -0.035790 0.069180
vn 0.810423 -0.037258 0.584660
v 0.281417 -0.049009 0.054848
vn 0.470250 0.108810 0.875800
v 0.223111 -0.033403 0.092267
vn 0.503763 0.030124 0.863316
v 0.180812 -0.032447 0.110255
vn -0.782714 -0.065552 -0.618920
v -0.323567 0.167851 -0.465034
vn -0.820759 0.241916 -0.517523
v -0.332684 0.298218 -0.433329
vn -0.822639 0.090765 -0.561272
v -0.336967 0.238893 -0.444822
vn -0.814054 0.479841 -0.327212
v -0.358348 0.360368 -0.328245
vn -0.748110 0.479296 -0.458919
v -0.315305 0.349675 -0.428610
vn -0.707972 0.608275 -0.358855
v -0.329637 0.372545 -0.367233
vn -0.852299 0.344333 -0.393726
v -0.352315 0.324421 -0.381140
vn -0.857870 0.014588 -0.513659
v -0.358936 0.193358 -0.413754
vn -0.922722 0.234268 -0.306108
v -0.379617 0.285179 -0.340634
vn -0.112960 0.211437 -0.970842
v -0.044467 0.294966 -0.616063
vn -0.253651 0.094935 -0.962626
v -0.099992 0.247304 -0.613285
vn -0.118980 0.027179 -0.992525
v -0.047209 0.216002 -0.624746
vn -0.652762 -0.154301 -0.741682
v -0.267225 0.143623 -0.518871
vn -0.335487 -0.261063 -0.905149
v -0.151538 0.145472 -0.592406
vn -0.484997 -0.038632 -0.873662
v -0.194393 0.196626 -0.577185
vn -0.361761 -0.027010 -0.931880
v -0.149046 0.195032 -0.598680
vn -0.218768 -0.132532 -0.966735
v -0.082462 0.171349 -0.617409
vn -0.382190 0.824111 -0.418058
v -0.152632 0.483425 -0.461671
vn -0.079156 0.508937 -0.857157
v -0.029103 0.409407 -0.574181
vn -0.094089 0.763631 -0.638760
v -0.054566 0.456840 -0.535051
vn -0.243231 0.556159 -0.794686
v -0.101177 0.426638 -0.548631
vn -0.010971 0.895767 -0.444388
v -0.020809 0.471724 -0.508652
vn -0.049813 0.908779 -0.414294
v -0.069200 0.551700 -0.324885
vn -0.230141 0.787375 -0.571906
v -0.126732 0.467541 -0.504540
vn -0.549774 0.076175 -0.831833
v -0.221337 0.241305 -0.559890
vn -0.551094 0.208640 -0.807939
v -0.224913 0.292697 -0.548388
vn -0.661560 0.106715 -0.742260
v -0.269115 0.255219 -0.521225
vn -0.745726 0.162866 -0.646040
v -0.299452 0.274291 -0.487099
vn -0.730557 -0.007455 -0.682811
v -0.299775 0.202157 -0.494772
vn -0.171784 0.380682 -0.908610
v -0.069937 0.364298 -0.590194
vn -0.429096 0.465175 -0.774266
v -0.169936 0.395869 -0.538631
vn -0.418544 0.130446 -0.898780
v -0.172008 0.260571 -0.585195
vn -0.311919 0.409031 -0.857554
v -0.125395 0.373080 -0.571609
vn -0.284041 0.250434 -0.925529
v -0.114396 0.314622 -0.596576
vn -0.433728 0.292226 -0.852340
v -0.173577 0.328850 -0.568196
vn -0.562768 0.764244 -0.314997
v -0.182452 0.527563 -0.303501
vn -0.585397 0.583951 -0.562416
v -0.219296 0.405407 -0.497303
vn -0.719599 0.328500 -0.611773
v -0.292597 0.323614 -0.476396
vn -0.570008 0.384931 -0.725892
v -0.225287 0.358281 -0.524423
vn -0.002991 0.916625 0.399736
v -0.004060 0.516767 -0.022944
vn -0.670940 0.741512 -0.000615
v -0.423404 0.217658 -0.182251
vn -0.892813 0.394823 -0.216797
v -0.374841 0.392569 -0.187132
vn -0.938909 0.040461 0.341778
v -0.381381 0.293085 -0.007771
vn -0.957062 0.223535 0.184568
v -0.407284 0.275565 -0.062826
vn -0.963511 0.249766 -0.096249
v -0.396442 0.342677 -0.171194
vn 0.014406 0.912041 -0.409846
v 0.015622 0.573271 -0.283019
vn -0.580191 0.767093 -0.273764
v -0.204625 0.535157 -0.235616
vn -0.057422 0.994216 -0.090761
v -0.077862 0.597396 -0.222444
vn -0.288383 0.947060 -0.141112
v -0.130647 0.590381 -0.231879
vn -0.061305 0.916009 0.396446
v -0.042191 0.507370 0.007574
vn -0.048971 0.930905 0.361964
v -0.189322 0.541888 -0.088198
vn -0.294154 -0.127496 0.947216
v -0.358830 0.429818 0.109763
vn -0.730170 -0.215024 -0.648549
v -0.377713 -0.134039 -0.333707
vn -0.674057 -0.349482 -0.650776
v -0.411328 -0.119410 -0.272062
vn -0.842682 -0.502733 -0.192735
v -0.488719 -0.087406 -0.250240
vn -0.728906 -0.228826 -0.645240
v -0.312544 0.086107 -0.457368
vn -0.810740 -0.108275 -0.575307
v -0.396104 -0.023839 -0.338486
vn -0.645124 -0.230240 -0.728564
v -0.327170 -0.015996 -0.404067
vn -0.595484 -0.216093 -0.773759
v -0.413377 -0.055794 -0.291156
vn -0.602983 -0.341546 -0.720942
v -0.488270 -0.057759 -0.272974
vn -0.618614 -0.266508 -0.739114
v -0.502637 0.000344 -0.285008
vn 0.315950 -0.923147 -0.219030
v -0.081404 -0.674178 0.208433
vn -0.632557 -0.317300 -0.706535
v -0.288238 0.022646 -0.455138
vn -0.737032 -0.203505 -0.644492
v -0.336178 0.054775 -0.418807
vn -0.660240 -0.152587 -0.735392
v -0.357735 -0.034238 -0.372423
vn -0.579387 0.711959 0.396769
v -0.440968 0.199504 -0.150421
vn -0.955850 -0.052729 0.289084
v -0.525423 0.078495 -0.246650
vn -0.451836 0.054172 0.890455
v -0.065670 0.315474 0.239951
vn -0.323130 -0.158705 0.932952
v -0.032837 0.188814 0.287636
vn 0.077182 -0.440042 0.894654
v -0.091343 0.089835 0.211522
vn -0.773193 -0.464407 0.431856
v -0.164910 -0.645459 0.266109
vn -0.626371 0.086755 0.774683
v -0.064899 -0.296220 0.262132
vn -0.882478 0.134419 0.450736
v -0.239362 -0.497377 0.172464
vn -0.809204 0.346823 0.474238
v -0.375172 -0.167611 -0.086479
vn -0.436254 -0.626672 0.645728
v -0.196262 -0.140298 0.135904
vn -0.113797 -0.197172 0.973742
v -0.415477 0.552654 0.146778
vn -0.784207 0.260814 -0.563024
v -0.468734 0.616905 0.060578
vn 0.019642 0.997033 0.074434
v -0.296540 0.533053 -0.061051
vn -0.472510 0.616665 -0.629650
v -0.370836 0.518025 -0.053019
vn -0.481290 0.140908 0.865162
v -0.289499 0.368209 0.137857
vn -0.568619 0.753853 -0.329208
v -0.273937 0.506419 -0.177122
vn -0.632001 0.702699 -0.326786
v -0.243042 0.434285 -0.401300
vn -0.591962 -0.423888 0.685492
v -0.383286 0.360467 0.091520
vn -0.049715 0.527106 0.848344
v -0.245887 0.410253 0.134932
vn 0.003532 0.893110 0.449825
v -0.131433 0.483826 0.044486
vn -0.998078 0.010641 -0.061043
v -0.392529 0.348040 -0.086975
vn -0.458225 0.886239 -0.067899
v -0.166379 0.571861 -0.205063
vn 0.029077 0.736221 0.676117
v -0.205540 0.434786 0.109219
vn 0.829097 -0.059810 0.555897
v -0.367073 0.622094 0.132272
vn 0.712012 0.073112 0.698351
v -0.361332 0.572427 0.125903
vn -0.550260 0.401688 -0.732025
v -0.419165 0.535779 -0.009807
vn -0.595871 0.739003 -0.314346
v -0.262772 0.489457 -0.236952
vn -0.312328 0.871165 -0.378844
v -0.145330 0.507637 -0.412223
vn -0.717095 0.636040 -0.285005
v -0.347732 0.395255 -0.287447
vn -0.932857 -0.351767 0.077704
v -0.394874 0.337907 -0.020023
vn -0.779008 -0.497621 0.381471
v -0.370449 0.318307 0.042267
vn -0.931249 -0.188955 -0.311562
v -0.408339 0.387495 -0.043221
vn -0.007375 0.312939 0.949745
v -0.282043 0.429498 0.133996
vn -0.059995 0.930033 0.362546
v -0.029177 0.568351 -0.112996
vn -0.001552 0.999995 -0.002780
v -0.007713 0.599991 -0.220596
vn -0.136629 0.894387 0.425916
v -0.067640 0.554755 -0.105906
vn -0.392467 0.849420 -0.352784
v -0.147009 0.566577 -0.275014
vn -0.247773 0.889624 -0.383636
v -0.132710 0.538516 -0.344839
vn -0.955454 0.295134 -0.001698
v -0.405609 0.301140 -0.177192
vn -0.900199 0.374006 -0.223074
v -0.383104 0.348727 -0.271672
vn 0.187821 -0.150404 0.970619
v -0.405013 0.630475 0.154351
vn -0.572964 -0.423013 0.701977
v -0.424401 0.451601 0.099080
vn 0.025864 -0.181197 0.983107
v -0.399509 0.706661 0.165072
vn -0.908323 -0.136483 0.395375
v -0.474708 0.574451 0.109837
vn -0.892514 0.014485 0.450788
v -0.472675 0.633592 0.126093
vn 0.230633 0.877815 0.419820
v -0.268208 0.507090 0.059785
vn 0.277130 0.699394 0.658822
v -0.249392 0.479095 0.092411
vn -0.915664 0.026580 0.401064
v -0.367104 0.288423 0.029115
vn 0.004025 0.968651 0.248392
v -0.068673 0.591118 -0.173370
vn -0.783535 0.568697 -0.250311
v -0.355698 0.408650 -0.225615
vn 0.997471 -0.026198 -0.066065
v -0.358375 0.660987 0.116090
vn 0.036052 0.080629 0.996092
v -0.331208 0.459351 0.116471
vn 0.769686 -0.538489 0.342947
v -0.318958 0.814934 0.180776
vn -0.915503 0.391344 -0.093299
v -0.385319 0.348371 -0.221523
vn -0.160467 0.832058 0.530970
v -0.142582 0.434250 0.130374
vn -0.970735 0.230219 -0.068355
v -0.420726 0.257574 -0.176031
vn -0.704556 -0.240012 0.667829
v -0.340060 0.325671 0.091102
vn -0.220266 0.722102 0.655783
v -0.162229 0.400847 0.168535
vn -0.063256 0.875716 -0.478666
v -0.361902 0.537714 -0.031506
vn -0.075415 0.885166 0.459123
v -0.103183 0.458513 0.092808
vn -0.617208 0.117505 0.777976
v -0.267428 0.313758 0.173193
vn 0.034215 0.460385 -0.887060
v -0.413836 0.657347 0.064008
vn 0.765267 0.366266 -0.529354
v -0.371863 0.631609 0.070581
vn -0.723071 0.265381 -0.637763
v -0.404093 0.486178 -0.042094
vn -0.731552 0.081385 0.676911
v -0.298091 0.299917 0.142882
vn -0.654435 0.564105 -0.503489
v -0.360509 0.479938 -0.097474
vn 0.113762 -0.183191 0.976473
v -0.377867 0.505237 0.134595
vn 0.386810 0.921002 -0.046185
v -0.344514 0.537550 -0.008172
vn 0.876534 -0.135339 -0.461922
v -0.334412 0.777879 0.149374
vn -0.873887 0.257516 -0.412318
v -0.388986 0.436515 -0.089380
vn -0.277142 0.921348 -0.272598
v -0.312699 0.533103 -0.075156
vn -0.240747 0.512690 -0.824130
v -0.420674 0.599403 0.024870
vn -0.544301 -0.097610 0.833192
v -0.338013 0.868348 0.218874
vn -0.402822 0.565028 -0.720054
v -0.435112 0.723270 0.098210
vn -0.844863 0.019361 -0.534633
v -0.450502 0.487262 0.006330
vn 0.292949 0.661975 -0.689906
v -0.388500 0.579672 0.009973
vn -0.653516 -0.355242 0.668371
v -0.447929 0.513091 0.117323
vn 0.929901 0.364620 -0.048340
v -0.348695 0.577513 0.083603
vn -0.840445 0.286608 -0.459901
v -0.472374 0.659906 0.085952
vn 0.712924 0.231254 0.662013
v -0.338563 0.519344 0.111917
vn 0.579482 -0.209614 0.787568
v -0.376788 0.677320 0.152007
vn -0.474321 -0.018656 0.880154
v -0.436147 0.669304 0.155930
vn -0.217596 0.656397 -0.722354
v -0.371623 0.838461 0.155263
vn -0.020344 0.613686 -0.789288
v -0.319454 0.886810 0.185937
vn 0.948081 -0.274835 0.160027
v -0.352050 0.719892 0.138804
vn 0.844585 0.029050 -0.534633
v -0.354212 0.721571 0.124252
vn 0.733528 -0.057035 -0.677262
v -0.308378 0.839823 0.174583
vn -0.852992 0.506626 -0.125435
v -0.460760 0.709592 0.109452
vn -0.792196 0.179813 0.583175
v -0.442174 0.727522 0.155297
vn 0.082865 0.452922 -0.887691
v -0.371227 0.812017 0.135208
vn 0.207927 -0.391134 0.896538
v -0.365315 0.774028 0.181613
vn 0.686012 -0.393457 0.612029
v -0.351094 0.744275 0.158764
vn 0.173077 -0.526737 0.832221
v -0.331990 0.830285 0.203933
vn 0.425786 0.342232 -0.837606
v -0.389449 0.691999 0.086355
vn -0.439280 -0.007755 0.898317
v -0.400850 0.759921 0.176722
vn 0.218622 0.368696 -0.903476
v -0.383269 0.755149 0.110935
vn -0.399534 0.810358 0.428593
v -0.291523 0.924920 0.244002
vn -0.192418 0.061693 0.979372
v -0.287670 0.911307 0.253405
vn -0.694279 0.377465 0.612778
v -0.312725 0.904976 0.238177
vn -0.804872 0.515050 0.294795
v -0.350883 0.875584 0.202071
vn -0.490568 0.753123 -0.438349
v -0.358355 0.863646 0.176265
vn -0.833070 0.546932 0.082823
v -0.392123 0.830627 0.167261
vn -0.578506 0.804941 -0.131911
v -0.325100 0.902709 0.212808
vn 0.424032 0.716829 0.553492
v -0.270957 0.925143 0.247675
vn 0.870869 -0.491060 -0.021124
v -0.268699 0.891399 0.222961
vn 0.873164 -0.482522 -0.068973
v -0.295570 0.855607 0.195216
vn -0.019048 -0.540822 0.840922
v -0.312697 0.866733 0.226134
vn 0.489614 -0.309981 0.814978
v -0.269712 0.905809 0.250174
vn 0.982072 0.022605 0.187148
v -0.259723 0.910641 0.239204
vn 0.124553 -0.596192 0.793121
v -0.284208 0.895712 0.246097
vn -0.787550 0.566799 -0.241876
v -0.425342 0.779075 0.135311
vn -0.050785 0.953248 -0.297891
v -0.282301 0.927022 0.229960
vn 0.799687 -0.130965 -0.585959
v -0.285824 0.875939 0.198425
vn 0.498250 0.706587 -0.502475
v -0.270428 0.922264 0.224621
vn 0.493092 -0.710150 0.502541
v -0.290084 0.871518 0.222267
vn 0.668510 -0.645007 0.370217
v -0.270524 0.894168 0.235019
vn -0.406288 -0.205460 0.890346
v -0.308759 0.895267 0.241627
vn 0.414588 0.382073 -0.825916
v -0.292557 0.889865 0.194008
vn 0.906020 -0.013191 -0.423028
v -0.264123 0.905006 0.222536
vn -0.289359 0.331083 0.898140
v -0.193876 0.344699 0.208363
vn -0.216014 0.516165 0.828801
v -0.127810 0.370571 0.207430
vn -0.412525 -0.017983 0.910769
v -0.230939 0.282151 0.198788
vn -0.204472 0.811656 0.547180
v -0.085844 0.424348 0.165214
vn -0.162515 -0.167291 0.972421
v -0.126942 0.256904 0.214465
vn -0.420402 0.122786 0.898991
v -0.254164 0.176448 0.166104
vn -0.609991 -0.048324 0.790933
v -0.281414 0.245549 0.162449
vn 0.065996 -0.556534 0.828200
v -0.077291 0.113932 0.220904
vn -0.377298 -0.398667 0.835890
v -0.341872 0.026285 0.021736
vn -0.814918 0.266072 0.514893
v -0.414049 0.008024 -0.049792
vn -0.962701 -0.228688 0.144597
v -0.416197 0.105731 0.024360
vn -0.823515 0.524463 0.216246
v -0.405097 0.119422 0.070448
vn -0.245561 -0.890110 0.383932
v -0.384492 0.087121 0.061556
vn -0.836752 0.367134 0.406274
v -0.387215 0.161920 0.064837
vn -0.788369 -0.468167 0.399117
v -0.264627 -0.136102 0.032077
vn -0.435625 0.640519 0.632429
v -0.138711 -0.037427 0.144344
vn -0.523656 -0.346372 0.778338
v -0.133092 -0.002623 0.157002
vn -0.704687 -0.160684 0.691084
v -0.383506 0.122155 0.116134
vn -0.308123 -0.478229 0.822410
v -0.342516 -0.028472 0.015989
vn -0.659471 0.540819 0.522124
v -0.240642 -0.068503 0.123042
vn -0.906942 -0.191543 0.375190
v -0.415657 0.106667 0.076422
vn -0.098775 -0.982014 0.160909
v -0.213332 0.117469 0.182357
vn -0.845142 -0.191742 0.498969
v -0.427228 0.097447 -0.074654
vn -0.263212 0.440758 0.858168
v -0.213328 0.141147 0.193355
vn -0.562509 0.351032 0.748572
v -0.087249 0.168807 0.232997
vn -0.195857 -0.114331 0.973945
v -0.186922 0.261416 0.208366
vn -0.345613 0.157938 0.924990
v -0.017424 0.319703 0.275190
vn -0.911875 -0.109524 0.395587
v -0.398647 -0.154110 -0.159301
vn -0.652384 0.434714 0.620822
v -0.369040 -0.195480 -0.049553
vn -0.839418 -0.543438 -0.007271
v -0.423250 -0.155360 -0.220082
vn -0.942786 0.262374 0.205707
v -0.405563 -0.205132 -0.115397
vn -0.973198 -0.201984 -0.109948
v -0.518217 0.007002 -0.257511
vn -0.784980 -0.010707 0.619428
v -0.468580 -0.014292 -0.139046
vn -0.977256 -0.186727 0.100514
v -0.471212 0.105281 -0.157728
vn -0.882700 0.431981 -0.185023
v -0.535084 0.194416 -0.271162
vn -0.614453 -0.458516 0.642036
v -0.388985 -0.055845 -0.099207
vn -0.711086 0.016218 0.702918
v -0.324806 -0.356380 0.024704
vn -0.572048 0.570437 0.589374
v -0.234419 -0.375501 0.104652
vn -0.542290 -0.265010 -0.797302
v -0.308501 -0.064124 -0.402420
vn -0.419338 -0.902825 -0.095203
v -0.177885 -0.673083 0.177348
vn -0.766516 -0.596326 0.238429
v -0.189571 -0.660207 0.203178
vn 0.163180 -0.978243 -0.128111
v -0.036202 -0.663578 0.265031
vn -0.712864 -0.113195 0.692107
v -0.044562 -0.478267 0.387441
vn -0.728563 0.227402 0.646131
v -0.019089 -0.474778 0.417544
vn 0.049568 -0.725180 -0.686773
v -0.117570 -0.612999 0.094403
vn -0.571431 -0.352512 -0.741081
v -0.277399 -0.020421 -0.443403
vn -0.712217 -0.151146 -0.685494
v -0.360356 0.014980 -0.379617
vn -0.551380 -0.149558 -0.820739
v -0.415863 0.012295 -0.304303
vn -0.880636 -0.016300 -0.473513
v -0.401179 0.109948 -0.347032
vn -0.781102 -0.103698 -0.615733
v -0.370382 0.085576 -0.383278
vn -0.636408 -0.284518 -0.716962
v -0.272779 0.074533 -0.493532
vn -0.499251 -0.318312 -0.805870
v -0.233306 0.078442 -0.526806
vn -0.729791 -0.164419 -0.663605
v -0.308378 0.125202 -0.474794
vn -0.769029 -0.306988 0.560671
v -0.129831 -0.633462 0.335296
vn -0.646197 0.289714 -0.706042
v -0.258204 0.318220 -0.514400
vn 0.070041 -0.966195 -0.248118
v -0.133401 -0.681149 0.192304
vn -0.869014 -0.225294 0.440518
v -0.272393 -0.099025 0.082122
vn -0.717252 0.279713 0.638209
v -0.136302 -0.201398 0.148227
vn -0.854896 0.017635 -0.518499
v -0.381280 0.159466 -0.375831
vn -0.496507 0.699312 -0.514241
v -0.417340 0.198925 -0.284876
vn -0.885598 0.155278 -0.437728
v -0.363463 0.257789 -0.395032
vn -0.909030 0.141305 -0.392043
v -0.385681 0.220382 -0.355517
vn -0.402590 -0.231215 0.885698
v -0.011801 -0.253484 0.278542
vn -0.447408 0.513301 0.732358
v -0.230519 -0.048935 0.090945
vn -0.525475 -0.505312 0.684496
v -0.211149 0.104155 0.219296
vn -0.811980 -0.013000 0.583540
v -0.149386 -0.288934 0.149321
vn -0.724081 -0.295340 0.623282
v -0.213513 -0.173568 0.068108
vn -0.658468 -0.593476 0.462824
v -0.233245 -0.141655 0.095706
vn -0.621513 -0.522332 0.583859
v -0.074826 -0.215930 0.245424
vn -0.104793 -0.403431 0.908990
v -0.227247 0.100148 0.166426
vn -0.769224 0.342381 0.539509
v -0.047405 -0.112254 0.298582
vn -0.532810 0.417977 0.735805
v -0.102022 -0.041690 0.168522
vn -0.130053 -0.742777 0.656787
v -0.148021 0.089700 0.226354
vn -0.335117 -0.299545 0.893291
v -0.163932 0.100532 0.241979
vn -0.483279 -0.202517 0.851721
v -0.015078 -0.317434 0.295339
vn -0.371049 0.056574 0.926888
v -0.087679 -0.342029 0.238310
vn -0.412004 -0.473476 0.778507
v -0.164535 0.036195 0.137589
vn -0.811630 -0.473811 0.341701
v -0.147594 0.069228 0.204015
vn -0.524887 -0.095280 0.845823
v -0.129531 -0.027642 0.146472
vn -0.006398 0.084832 0.996375
v -0.119102 -0.076597 0.207859
vn -0.678540 0.149007 0.719292
v -0.054841 -0.002704 0.207681
vn -0.470229 0.586676 0.659315
v -0.010484 -0.033122 0.303199
vn -0.699642 0.692167 0.177217
v -0.112018 -0.117091 0.221295
vn -0.785930 -0.174946 0.593050
v -0.044968 -0.162908 0.324434
vn -0.553802 0.481835 0.679071
v -0.014479 -0.065395 0.325329
vn -0.556354 0.397949 0.729456
v -0.014372 -0.121290 0.363510
vn -0.307421 -0.343247 0.887510
v -0.097572 0.022604 0.186251
vn -0.648362 -0.012765 0.761225
v -0.077430 -0.492383 0.345842
vn -0.360778 -0.450063 0.816874
v -0.042881 -0.606076 0.442718
vn -0.818102 0.219325 0.531606
v -0.048542 -0.500826 0.381960
vn -0.717823 0.474712 0.509293
v -0.071481 -0.539679 0.369995
vn 0.041784 -0.977946 0.204638
v -0.074368 -0.679454 0.319811
vn 0.141454 -0.955924 0.257293
v -0.029176 -0.665689 0.329965
vn 0.103481 -0.901097 0.421089
v -0.006959 -0.649405 0.354074
vn 0.105496 -0.842271 0.528631
v -0.026025 -0.641161 0.411200
vn -0.381019 0.085531 0.920603
v -0.031004 -0.567656 0.453623
vn -0.708709 0.076885 0.701299
v -0.064203 -0.583225 0.428223
vn 0.261510 -0.343372 0.902058
v 0.000068 -0.586886 0.445516
vn 0.169831 -0.345169 0.923047
v -0.015972 -0.591688 0.452891
vn 0.219728 -0.948932 -0.226379
v -0.036625 -0.647035 0.199714
vn 0.127732 -0.947015 -0.294700
v 0.010635 -0.637534 0.128622
vn -0.295051 -0.945739 0.136098
v -0.141429 -0.688000 0.237733
vn 0.043635 -0.921908 -0.384944
v -0.043288 -0.640822 0.133729
vn 0.170976 -0.871768 -0.459117
v -0.077098 -0.647139 0.140843
vn 0.000668 -0.733928 -0.679227
v -0.059772 -0.600156 0.083273
vn -0.011056 -0.764712 -0.644278
v -0.000573 -0.617304 0.099171
vn -0.718464 0.394203 0.573074
v -0.045753 -0.530604 0.424355
vn -0.720866 0.223728 0.655972
v -0.143772 -0.573821 0.327352
vn 0.007675 0.850629 0.525710
v 0.007428 -0.420267 0.408866
vn -0.678751 0.348387 0.646470
v -0.117288 -0.558160 0.341503
vn -0.090482 0.658009 0.747554
v -0.016161 -0.438658 0.327608
vn -0.311931 0.460699 0.830937
v -0.043047 -0.416013 0.411342
vn -0.108484 -0.864108 -0.491475
v -0.174307 -0.662844 0.138853
vn -0.911941 -0.285383 0.294823
v -0.355746 -0.419359 -0.039792
vn -0.885830 -0.174704 0.429865
v -0.303927 -0.493730 0.027794
vn -0.647851 -0.714606 -0.263870
v -0.259171 -0.593476 0.073686
vn -0.874724 -0.375173 0.306763
v -0.241514 -0.597053 0.116801
vn -0.582651 -0.208257 -0.785587
v -0.344546 -0.088177 -0.370925
vn -0.597054 -0.482491 -0.640882
v -0.389259 -0.196977 -0.298606
vn -0.904570 -0.188585 0.382346
v -0.274490 -0.542219 0.074482
vn -0.520355 -0.636040 -0.569810
v -0.377121 -0.323192 -0.180129
vn -0.826845 -0.126231 0.548081
v -0.321082 -0.420922 0.021410
vn -0.343310 0.453035 0.822738
v -0.306670 -0.342396 0.037316
vn -0.564827 0.482248 0.669632
v -0.242192 -0.396593 0.099412
vn -0.956654 -0.230863 0.177525
v -0.402653 -0.308935 -0.080957
vn -0.353254 0.501804 0.789560
v -0.279341 -0.348556 0.042476
vn -0.652940 0.327767 0.682816
v -0.210015 -0.488410 0.187581
vn -0.864131 -0.360066 0.351612
v -0.199205 -0.625682 0.216547
vn -0.538829 -0.240091 0.807478
v -0.359567 0.006814 0.013720
vn -0.973123 0.164102 0.161564
v -0.413497 0.134288 0.008928
vn -0.584322 -0.531699 0.613078
v -0.372961 0.041120 0.026792
vn -0.324031 -0.451731 0.831230
v -0.275128 0.111338 0.193502
vn -0.567047 -0.609805 0.553711
v -0.384622 0.079822 0.047020
vn -0.803262 0.198955 0.561415
v -0.369056 0.194550 0.076484
vn -0.641586 0.242039 0.727863
v -0.332121 0.182116 0.118384
vn -0.687252 0.029823 0.725806
v -0.323679 0.211768 0.126792
vn -0.306821 0.058887 0.949944
v -0.188325 0.171589 0.190830
vn -0.696822 -0.540301 0.471715
v -0.146533 0.034346 0.183692
vn -0.268897 -0.499780 0.823355
v -0.136586 0.052801 0.206354
vn -0.358330 0.381400 0.852135
v -0.141199 0.148447 0.211452
vn -0.105309 -0.147842 0.983388
v -0.119785 0.117207 0.249146
vn -0.383790 -0.663997 0.641727
v -0.129394 0.018497 0.176780
vn -0.816336 -0.513054 0.265276
v -0.154952 0.080971 0.182108
vn -0.275595 -0.275010 0.921096
v -0.070135 0.148635 0.263972
vn -0.348015 0.027028 0.937099
v -0.104605 0.217088 0.211216
vn -0.411550 -0.147195 0.899422
v -0.043100 0.070423 0.215400
vn -0.466691 0.164318 0.869022
v -0.015636 0.245039 0.284827
vn -0.208740 0.038013 0.977232
v -0.129250 0.311973 0.223105
vn -0.227533 0.436416 0.870500
v -0.013888 0.370648 0.262496
vn -0.455025 -0.043851 0.889398
v -0.082327 0.244309 0.222093
vn -0.928074 0.196700 0.316209
v -0.401111 0.183390 0.014173
vn -0.936095 -0.271997 0.223034
v -0.417436 0.094739 -0.045849
vn -0.963498 0.081356 0.255055
v -0.420543 0.162100 -0.052803
vn -0.875831 -0.082212 0.475564
v -0.412655 0.054825 -0.087990
vn -0.696015 -0.430999 0.574284
v -0.391445 -0.027790 -0.015755
vn -0.870645 0.016796 0.491625
v -0.384239 0.024919 -0.015011
vn -0.664948 0.468754 0.581476
v -0.436702 0.168011 -0.112727
vn -0.320408 0.757787 0.568417
v -0.465532 0.198969 -0.151527
vn -0.858378 -0.472586 0.199623
v -0.466742 0.077249 -0.141473
vn -0.937271 0.180144 0.298449
v -0.406200 0.238022 -0.033816
vn -0.454723 0.488547 0.744681
v -0.463623 0.169807 -0.117336
vn -0.808914 0.104017 0.578653
v -0.436201 0.133969 -0.088213
vn -0.572509 -0.262642 0.776693
v -0.350055 0.122769 0.144382
vn -0.232348 0.498915 0.834924
v -0.004168 0.019267 0.258894
vn -0.509200 -0.222104 0.831496
v -0.142812 -0.013678 0.150277
vn -0.786329 0.256194 0.562185
v -0.076592 -0.072189 0.218355
vn -0.300110 0.468076 0.831167
v -0.097878 -0.068716 0.197772
vn -0.261937 0.001404 0.965084
v -0.145924 -0.079870 0.205460
vn -0.605211 -0.056777 0.794038
v -0.091234 -0.088211 0.202820
vn -0.377149 0.802245 0.462777
v -0.190171 -0.058796 0.150207
vn -0.842382 0.319330 0.434074
v -0.057092 -0.078575 0.267437
vn -0.693853 -0.083844 0.715219
v -0.096766 -0.099085 0.193663
vn -0.179599 -0.654209 0.734680
v -0.145771 -0.124262 0.165823
vn -0.682997 0.146830 0.715511
v -0.224399 -0.080445 0.150963
vn -0.725179 -0.056108 0.686271
v -0.286326 -0.036336 0.053304
vn -0.796377 -0.334890 0.503619
v -0.296227 -0.085636 0.005972
vn -0.546352 -0.302853 0.780884
v -0.316622 -0.024435 0.028665
vn -0.352551 -0.524377 0.775072
v -0.357413 -0.037961 0.010068
vn -0.529001 -0.678911 0.509154
v -0.339016 -0.050572 -0.017101
vn -0.644763 0.055433 0.762370
v -0.292389 -0.161846 -0.028584
vn -0.868716 -0.335079 0.364766
v -0.424238 -0.003548 -0.063203
vn -0.760756 -0.223765 0.609244
v -0.339901 -0.102654 -0.059972
vn -0.619120 0.068821 0.782275
v -0.320057 -0.147559 -0.045464
vn -0.581343 -0.453569 0.675511
v -0.401627 -0.105988 -0.137274
vn -0.710214 0.559295 0.427534
v -0.075583 -0.108265 0.236599
vn -0.375765 0.457695 0.805802
v -0.073787 0.370505 0.224552
vn -0.343655 0.748571 0.567047
v -0.036516 0.410695 0.208872
vn -0.030840 0.917198 0.397237
v -0.010253 0.439234 0.168542
vn -0.094100 0.903313 0.418535
v -0.039155 0.458514 0.107019
vn -0.065462 0.901423 0.427961
v -0.071647 0.530656 -0.047572
vn -0.029003 0.878314 0.477204
v -0.018370 0.549400 -0.071747
vn -0.034278 0.901064 0.432329
v -0.108606 0.503473 -0.001433
vn -0.359357 -0.783343 0.507185
v -0.008209 -0.210318 0.322579
vn -0.270469 -0.704283 0.656378
v -0.007641 -0.227246 0.296017
vn -0.914311 -0.331323 0.232940
v -0.387483 0.057867 -0.019372
vn -0.710145 -0.522437 0.471968
v -0.420232 -0.013102 -0.095631
vn -0.931908 -0.137503 0.335620
v -0.442055 0.009477 -0.097214
vn -0.887494 -0.008216 0.460746
v -0.433287 0.047093 -0.131719
vn -0.516237 -0.445960 0.731176
v -0.436654 -0.070924 -0.120891
vn -0.752990 0.391363 0.529001
v -0.459037 0.021926 -0.135142
vn -0.789333 0.030543 0.613205
v -0.403260 -0.006415 -0.029581
vn -0.743915 -0.321559 0.585825
v -0.455741 0.089270 -0.104359
vn -0.789262 0.100496 0.605777
v -0.446754 0.045942 -0.162828
vn -0.765915 0.116066 0.632378
v -0.483090 0.026135 -0.173356
vn -0.863345 -0.283811 0.417236
v -0.488560 -0.053371 -0.175508
vn -0.699673 -0.237098 0.673975
v -0.467683 0.075924 -0.172791
vn -0.970884 0.115130 0.210069
v -0.494313 0.094061 -0.181247
vn -0.926595 -0.041001 0.373820
v -0.508693 0.000646 -0.219684
vn -0.950251 -0.308221 -0.044981
v -0.469511 0.148120 -0.171987
vn -0.791234 -0.000641 0.611514
v -0.507194 0.134386 -0.231002
vn -0.967852 -0.135231 -0.212074
v -0.527875 0.104267 -0.270647
vn -0.693911 -0.354941 0.626502
v -0.289698 -0.007110 0.047250
vn 0.082896 -0.552220 0.829567
v -0.027159 0.160457 0.264581
vn -0.710163 0.197590 0.675742
v -0.046962 0.212378 0.253837
vn -0.153210 -0.322741 0.934005
v -0.009020 0.120550 0.248537
vn -0.445744 -0.890641 0.089843
v -0.173415 0.095645 0.210205
vn -0.369519 -0.787791 0.492788
v -0.186127 0.108168 0.169863
vn -0.308818 -0.832259 0.460408
v -0.360060 0.110123 0.108520
vn -0.285189 -0.802371 0.524278
v -0.361297 0.093169 0.068120
vn -0.708839 -0.515685 0.481264
v -0.333380 0.079965 0.087380
vn -0.732095 0.218276 0.645285
v -0.111723 -0.246237 0.196343
vn -0.615650 -0.308863 0.724968
v -0.042803 -0.230782 0.257291
vn -0.646162 0.448118 0.617790
v -0.101112 -0.135036 0.268225
vn -0.875262 -0.319541 0.363056
v -0.098491 -0.208491 0.204187
vn -0.601909 -0.150193 0.784313
v -0.013934 -0.160677 0.378017
vn -0.802067 -0.199174 0.563044
v -0.117870 -0.155826 0.147536
vn -0.710741 0.146949 0.687934
v -0.104579 -0.282288 0.221401
vn -0.530089 -0.246626 0.811284
v -0.146884 -0.165649 0.122526
vn -0.137163 0.781145 0.609097
v -0.128294 -0.056994 0.189344
vn 0.047892 -0.790612 -0.610442
v -0.132938 -0.333812 0.148565
vn -0.912712 0.027590 0.407671
v -0.138441 -0.170205 0.245874
vn -0.989076 0.121947 -0.082816
v -0.138591 -0.160773 0.225427
vn -0.990480 -0.108275 -0.085011
v -0.407187 -0.244530 -0.154718
vn -0.933437 -0.297845 -0.199962
v -0.395340 -0.266785 -0.203645
vn -0.095389 0.227555 0.969082
v -0.267623 -0.280802 0.013317
vn -0.662043 0.216578 0.717491
v -0.201675 -0.299590 0.056999
vn -0.765480 -0.171695 0.620130
v -0.244956 -0.163502 0.034207
vn -0.376707 0.247847 0.892560
v -0.319364 -0.290301 0.006648
vn -0.724282 -0.023194 0.689114
v -0.364318 -0.309320 -0.011689
vn -0.687839 0.166444 0.706522
v -0.381947 -0.255990 -0.024323
vn -0.584343 -0.654277 -0.480067
v -0.360618 -0.413286 -0.095525
vn -0.484491 0.472137 0.736448
v -0.260397 -0.342436 0.057973
vn -0.043477 0.593199 0.803881
v -0.259673 -0.314925 0.027979
vn -0.442199 0.417211 0.793974
v -0.244249 -0.309994 0.032650
vn -0.981045 0.028899 0.191611
v -0.414452 -0.257095 -0.087724
vn -0.833544 -0.165603 0.527049
v -0.353461 -0.373491 -0.012144
vn -0.928771 -0.321530 -0.184400
v -0.394856 -0.308683 -0.140762
vn -0.539859 0.426000 0.726000
v -0.267552 -0.392684 0.088323
vn -0.978712 -0.194734 -0.064811
v -0.419371 -0.169799 -0.221126
vn -0.650313 -0.584161 0.485643
v -0.438762 -0.111521 -0.170819
vn -0.060631 0.901219 -0.429101
v -0.000180 -0.422031 0.383846
vn 0.191709 0.185154 0.963829
v -0.001820 -0.361014 0.252648
vn 0.234016 -0.956626 -0.173503
v -0.005181 -0.334750 0.258179
vn -0.195215 0.952059 0.235532
v -0.050949 -0.450143 0.325387
vn 0.174558 0.511546 0.841339
v -0.010533 -0.387406 0.318716
vn 0.020644 0.403176 0.914890
v -0.001598 -0.432759 0.323392
vn 0.136687 0.977130 0.162889
v -0.023734 -0.411860 0.400602
vn -0.466105 0.726847 0.504420
v -0.046463 -0.389884 0.259981
vn -0.058462 0.840599 0.538493
v -0.007666 -0.399496 0.278544
vn -0.429802 0.461514 0.776064
v -0.024341 -0.376181 0.250160
vn 0.256842 0.725393 0.638622
v 0.014368 -0.377873 0.261025
vn -0.537029 0.483870 0.690992
v -0.047799 -0.433236 0.314125
vn 0.153568 0.918099 -0.365390
v -0.047988 -0.446496 0.346171
vn 0.387716 0.838232 -0.383463
v -0.034266 -0.400221 0.286460
vn 0.241171 0.954182 -0.177125
v -0.146863 -0.413662 0.265402
vn -0.332205 -0.942674 -0.031695
v -0.073102 -0.326376 0.211178
vn -0.278881 -0.957767 0.070058
v -0.037018 -0.336265 0.239188
vn -0.547032 0.206080 0.811349
v -0.090202 -0.421918 0.276063
vn -0.356571 0.392258 0.847933
v -0.059810 -0.380279 0.285075
vn 0.010574 0.992119 0.124849
v -0.081090 -0.449941 0.301935
vn -0.251237 0.155230 0.955397
v -0.025464 -0.416393 0.330468
vn 0.232414 0.972595 -0.006477
v -0.119990 -0.438374 0.274113
vn -0.389994 0.547990 0.740008
v -0.090221 -0.435942 0.277657
vn -0.606559 0.365674 0.705952
v -0.104940 -0.422446 0.263748
vn -0.256052 0.937569 0.235374
v -0.101492 -0.418027 0.210705
vn -0.057543 0.993620 -0.096997
v -0.078754 -0.416586 0.361051
vn -0.696608 0.385787 0.604902
v -0.101436 -0.427067 0.352802
vn -0.684181 0.421441 0.595217
v -0.126030 -0.413629 0.228926
vn -0.681715 0.059310 0.729210
v -0.139919 -0.460732 0.314288
vn -0.576524 0.620855 0.531187
v -0.141143 -0.426512 0.296726
vn 0.158851 0.978350 -0.132653
v -0.109568 -0.422932 0.317256
vn 0.185254 0.980410 0.066906
v -0.126413 -0.424054 0.187104
vn -0.764519 0.329773 0.553859
v -0.170657 -0.441497 0.273633
vn 0.250017 0.941222 -0.227140
v -0.164260 -0.421664 0.243958
vn -0.048871 0.460581 0.886271
v -0.001633 -0.432226 0.424498
vn 0.715641 0.309172 -0.626316
v -0.112544 -0.410027 0.216711
vn 0.855316 0.164195 -0.491400
v -0.133789 -0.405305 0.191768
vn -0.653774 0.513159 0.556101
v -0.140778 -0.396384 0.214065
vn 0.026686 0.914512 0.403678
v -0.152049 -0.430467 0.228379
vn -0.725610 0.220992 0.651654
v -0.106395 -0.377935 0.181376
vn -0.516503 0.579911 0.630023
v -0.134158 -0.410064 0.163799
vn 0.021208 0.960258 0.278309
v -0.149876 -0.359826 0.172219
vn 0.931392 0.027128 -0.363005
v -0.148608 -0.385754 0.160576
vn -0.867141 -0.379364 0.322721
v -0.107915 -0.322758 0.159675
vn -0.737987 0.251208 0.626314
v -0.125011 -0.360018 0.151132
vn -0.480284 0.549885 0.683340
v -0.150803 -0.391672 0.188495
vn -0.330928 0.866951 0.372669
v -0.179933 -0.417041 0.205242
vn 0.333453 0.732067 0.594043
v -0.154545 -0.388508 0.132899
vn -0.352942 0.715586 0.602800
v -0.205219 -0.400647 0.154416
vn 0.320879 0.676655 0.662703
v -0.177149 -0.366163 0.104015
vn -0.229981 0.839581 0.492151
v -0.183380 -0.401332 0.151777
vn -0.238132 0.730798 0.639710
v -0.193210 -0.388058 0.133998
vn -0.120117 0.773291 0.622570
v -0.233932 -0.366210 0.081627
vn -0.204574 0.496739 0.843446
v -0.182930 -0.353197 0.099985
vn -0.720233 0.017395 0.693514
v -0.134985 -0.318157 0.123457
vn -0.347077 0.736029 0.581205
v -0.208273 -0.331567 0.064823
vn -0.389170 0.744198 0.542877
v -0.220311 -0.334574 0.073905
vn -0.874599 -0.233747 0.424781
v -0.213889 -0.245616 0.086574
vn -0.823829 -0.218364 0.523090
v -0.243715 -0.208577 0.046828
vn -0.178100 0.321233 0.930102
v -0.284275 -0.298954 0.026458
vn -0.697135 0.142200 0.702696
v -0.268583 -0.191030 0.014361
vn -0.656667 -0.335236 0.675578
v -0.250228 -0.210925 0.022206
vn -0.443410 0.227745 0.866902
v -0.294964 -0.223206 0.004446
vn -0.407319 0.341222 0.847147
v -0.335358 -0.226261 -0.017508
vn 0.130568 -0.839919 -0.526772
v -0.174034 -0.310951 0.118355
vn -0.349531 -0.822981 -0.447807
v -0.189799 -0.312397 0.096663
vn 0.284992 -0.828298 -0.482391
v -0.064578 -0.347758 0.228551
vn 0.354970 -0.852172 -0.384447
v -0.092711 -0.347662 0.204747
vn -0.072460 -0.974848 -0.210763
v -0.091159 -0.315338 0.192202
vn 0.652282 -0.574032 -0.494991
v -0.109062 -0.337953 0.183677
vn 0.133164 -0.780962 -0.610218
v -0.116593 -0.341987 0.174426
vn -0.128467 -0.912850 -0.387557
v -0.118770 -0.305932 0.158056
vn -0.384259 -0.910445 -0.153087
v -0.133764 -0.296579 0.132880
vn -0.140961 -0.919455 -0.367059
v -0.142811 -0.311072 0.140185
vn -0.517736 -0.037550 0.854716
v -0.009486 -0.467560 0.426597
vn -0.554792 -0.271532 0.786432
v -0.041210 -0.309533 0.281739
vn -0.818260 -0.081840 0.568993
v -0.152283 -0.299354 0.151355
vn -0.547414 0.447784 0.706985
v -0.228374 -0.494116 0.184810
vn -0.679105 -0.459237 0.572640
v -0.184772 -0.311378 0.136140
vn -0.163484 0.346810 0.923578
v -0.307440 -0.312423 0.012208
vn -0.743129 0.075228 0.664906
v -0.177205 -0.279127 0.129363
vn -0.869746 0.016120 0.493237
v -0.184644 -0.485882 0.268351
vn -0.788139 -0.260187 0.557799
v -0.116966 -0.297864 0.207675
vn -0.798833 -0.018973 0.601253
v -0.132753 -0.286366 0.185768
vn -0.751051 0.028642 0.659622
v -0.160858 -0.264307 0.149629
vn -0.174414 -0.500662 0.847890
v -0.002805 -0.330570 0.307593
vn -0.648518 0.410346 0.641125
v -0.218782 -0.541892 0.224758
vn 0.415100 -0.704757 -0.575335
v -0.116324 -0.325998 0.167935
vn -0.435931 -0.899843 0.015703
v -0.065687 -0.182540 0.268887
vn -0.650987 -0.541347 0.532127
v -0.049751 -0.183406 0.304265
vn -0.646994 -0.568862 0.507736
v -0.035764 -0.211358 0.282263
vn -0.227004 -0.282091 0.932145
v -0.079575 -0.187071 0.232846
vn -0.217094 -0.963995 -0.153573
v -0.077333 -0.170301 0.259215
vn 0.634180 -0.722608 0.275052
v -0.097373 -0.176681 0.246521
vn -0.125269 -0.673156 0.728813
v -0.097350 -0.204086 0.241533
vn -0.034231 -0.910604 0.411860
v -0.107009 -0.199448 0.246871
vn -0.068447 -0.907419 0.414615
v -0.091190 -0.190281 0.270948
vn -0.772447 -0.634682 -0.022455
v -0.131420 -0.189735 0.236560
vn -0.524672 -0.481220 0.702243
v -0.118221 -0.188452 0.259232
vn -0.845669 -0.006452 0.533669
v -0.279045 -0.451810 0.081056
vn -0.936227 -0.159557 0.313082
v -0.243331 -0.551011 0.141173
vn -0.910509 -0.326622 0.253559
v -0.222376 -0.591224 0.185811
vn -0.534565 -0.786899 -0.308270
v -0.230285 -0.623420 0.101859
vn -0.914978 -0.045214 0.400962
v -0.226423 -0.550776 0.216138
vn -0.264989 0.404893 0.875124
v -0.325624 -0.310913 0.017267
vn -0.553419 -0.619671 -0.556539
v -0.466370 -0.107797 -0.260210
vn -0.789407 -0.159282 -0.592845
v -0.390393 -0.077693 -0.335987
vn -0.230158 -0.296024 -0.927037
v -0.452426 -0.062250 -0.284088
vn -0.745974 -0.639566 0.185683
v -0.466409 -0.112433 -0.218175
vn -0.254646 0.320205 0.912483
v -0.017897 -0.426511 0.409629
vn -0.826438 -0.110076 0.552162
v -0.199226 -0.574805 0.261775
vn -0.771184 0.343398 0.536054
v -0.098158 -0.573073 0.380751
vn -0.782656 0.089129 0.616041
v -0.123132 -0.586716 0.347235
vn -0.636898 0.434489 0.636852
v -0.189533 -0.561515 0.270569
vn -0.641235 0.467502 0.608490
v -0.193152 -0.539915 0.234278
vn -0.769462 0.308099 0.559467
v -0.241173 -0.436368 0.139521
vn -0.694705 0.347222 0.629938
v -0.161733 -0.550030 0.276439
vn -0.178840 0.847979 0.498947
v -0.162018 -0.424995 0.200626
vn -0.771114 0.602785 0.205019
v -0.183702 -0.424787 0.239264
vn -0.883906 0.182696 0.430503
v -0.200667 -0.467141 0.202078
vn -0.519705 0.698716 0.491633
v -0.175912 -0.403674 0.184079
vn -0.937133 0.266436 0.225374
v -0.186815 -0.439822 0.214103
vn -0.625878 0.619281 0.474097
v -0.194365 -0.415360 0.177310
vn -0.197477 0.956546 0.214529
v -0.123413 -0.371664 0.214834
vn -0.887973 0.459857 -0.005915
v -0.168741 -0.379295 0.161241
vn -0.638297 0.532499 0.555897
v -0.166568 -0.384117 0.141255
vn -0.682574 0.514538 0.518983
v -0.122910 -0.426598 0.245728
vn -0.411704 0.895960 0.166598
v -0.160227 -0.415815 0.261468
vn 0.096428 0.994982 0.026702
v -0.139247 -0.443991 0.249223
vn -0.682889 0.054805 0.728463
v -0.130326 -0.524681 0.318392
vn -0.486055 0.523365 0.699885
v -0.173888 -0.070600 0.182869
vn -0.458942 -0.360983 0.811828
v -0.179689 -0.097561 0.181219
vn -0.640815 -0.235618 0.730644
v -0.185392 -0.179742 0.094069
vn -0.601018 0.226755 0.766394
v -0.067553 -0.254205 0.241214
vn -0.192699 0.952001 0.237827
v -0.181612 0.565559 -0.130951
vn 0.044337 0.968789 0.243890
v -0.240396 0.531936 -0.050134
vn -0.338541 0.934643 -0.108774
v -0.255158 0.542727 -0.123041
vn 0.203269 0.848049 0.489382
v -0.207338 0.480526 0.056080
vn -0.058068 0.836391 0.545050
v -0.159276 0.458341 0.085801
vn 0.217748 0.944019 0.247817
v -0.275121 0.523811 0.009640
vn -0.513676 0.822889 -0.242880
v -0.225927 0.537917 -0.185849
vn 0.314228 0.828887 -0.462825
v -0.128324 -0.380442 0.193948
vn 0.787030 0.578120 0.215315
v -0.141308 -0.368372 0.174714
vn 0.678448 0.715454 -0.166837
v -0.154938 -0.370493 0.138504
vn 0.609715 0.764178 0.210427
v -0.148167 -0.408500 0.155854
vn 0.653170 0.720143 -0.234017
v -0.044187 -0.386566 0.282149
vn -0.617149 0.411402 0.670727
v -0.049815 -0.420903 0.299416
vn -0.081858 0.996425 0.020907
v 0.001568 -0.388956 0.311814
vn -0.646602 0.417166 0.638653
v -0.031310 -0.394673 0.313845
vn 0.003236 0.999970 -0.007094
v -0.021846 -0.372772 0.306546
vn 0.133803 0.947848 -0.289278
v -0.088719 -0.422012 0.237616
vn -0.473336 0.350894 0.807977
v -0.100823 -0.404469 0.266488
vn -0.034890 0.843995 -0.535214
v -0.000464 -0.409972 0.306447
vn 0.527373 0.795694 -0.297908
v -0.072080 -0.388545 0.258515
vn -0.005633 0.999849 -0.016427
v -0.109350 -0.376154 0.221543
vn 0.719828 0.231912 -0.654266
v -0.110715 -0.384784 0.208562
vn 0.307414 0.937380 0.163755
v -0.177448 -0.360457 0.114363
vn -0.148586 0.795647 0.587254
v -0.207020 -0.331920 0.097159
vn -0.874950 0.367321 0.315495
v -0.122074 -0.401269 0.239200
vn -0.656411 0.382605 0.650183
v -0.071572 -0.383617 0.213098
vn 0.061021 0.953226 -0.296035
v -0.068129 -0.424026 0.262161
vn -0.846460 0.519503 0.116714
v -0.168648 -0.394402 0.155714
vn -0.336759 0.614944 0.713048
v -0.204620 -0.366082 0.107699
vn 0.055940 0.950744 0.304888
v -0.090526 -0.371393 0.248972
vn 0.020664 0.875600 0.482595
v -0.168643 -0.360050 0.136021
vn 0.723861 0.442564 -0.529304
v -0.086244 -0.378582 0.240473
vn -0.612049 -0.000829 0.790820
v -0.057703 -0.358804 0.221335
vn -0.055845 0.995630 0.074853
v -0.059468 -0.363691 0.278931
vn 0.005400 -0.959739 -0.280842
v 0.000304 -0.355390 0.264677
vn -0.513905 -0.021229 0.857585
v -0.042468 -0.343664 0.267813
vn 0.340863 -0.837708 -0.426683
v -0.029127 -0.355882 0.254768
vn 0.334871 -0.661576 -0.670953
v -0.079810 -0.345240 0.219815
vn -0.842211 -0.399626 0.361911
v -0.149923 -0.327337 0.174290
vn -0.863611 -0.029264 0.503308
v -0.142962 -0.290651 0.168147
vn 0.118321 -0.899250 -0.421129
v -0.161455 -0.325910 0.121740
vn -0.331280 -0.914860 0.230833
v -0.164739 -0.291982 0.101075
vn -0.904096 -0.415617 0.099362
v -0.201098 -0.264337 0.083196
vn -0.421520 -0.659150 -0.622770
v -0.194128 -0.284713 0.078868
vn -0.810235 -0.280401 0.514678
v -0.204285 -0.257459 0.047005
vn -0.589247 -0.329482 0.737719
v -0.063698 -0.315248 0.240827
vn -0.519241 -0.811547 0.267918
v -0.114971 -0.346028 0.201239
vn -0.051100 -0.973898 0.221160
v -0.047201 -0.374974 0.257602
vn -0.183311 -0.629383 0.755165
v -0.022387 -0.358345 0.282857
vn -0.539385 -0.043768 0.840921
v -0.073740 -0.346539 0.215021
vn -0.604792 -0.584555 0.540853
v -0.074265 -0.307885 0.247746
vn -0.746227 -0.581236 0.324516
v -0.098947 -0.345703 0.222859
vn -0.752205 0.100989 0.651144
v -0.098977 -0.354637 0.188699
vn -0.525969 0.107867 0.843636
v -0.073665 -0.328886 0.240953
vn -0.733908 -0.180800 0.654744
v -0.112708 -0.307607 0.203630
vn -0.819541 -0.285900 0.496603
v -0.133867 -0.330962 0.191083
vn -0.541030 -0.800325 0.258391
v -0.135614 -0.334682 0.180429
vn -0.749354 0.025858 0.661664
v -0.132270 -0.301097 0.181308
vn -0.943833 0.084673 0.319390
v -0.502561 0.181039 -0.170727
vn -0.405934 0.385438 -0.828647
v -0.418586 0.174828 -0.311808
vn -0.685741 0.094851 -0.721639
v -0.410091 0.154291 -0.319743
vn -0.325381 -0.169621 -0.930245
v -0.479071 0.067150 -0.309765
vn -0.872413 0.166440 -0.459558
v -0.407199 0.180395 -0.325243
vn -0.541569 -0.131521 -0.830304
v -0.410874 0.074558 -0.315664
vn -0.535366 0.827267 -0.170333
v -0.425926 0.222447 -0.231743
vn -0.336882 0.161575 -0.927580
v -0.490534 0.153796 -0.314972
vn -0.871345 0.366636 0.326094
v -0.513898 0.199812 -0.219935
vn -0.933860 -0.015178 -0.357316
v -0.534471 0.142725 -0.283591
vn -0.893800 -0.316416 0.317810
v -0.503327 0.176225 -0.213746
vn -0.946226 0.016565 0.323082
v -0.492500 0.045000 -0.181151
vn -0.933069 0.246406 -0.262043
v -0.401903 0.245890 -0.290960
vn -0.962015 0.217913 -0.164439
v -0.411119 0.261587 -0.224005
vn -0.030331 -0.083123 -0.996078
v -0.441247 0.095031 -0.325214
vn -0.844398 -0.063991 -0.531881
v -0.400918 0.036699 -0.340452
vn -0.147781 -0.225308 -0.963014
v -0.450257 0.013988 -0.302688
vn -0.812388 -0.403787 -0.420693
v -0.409208 -0.149862 -0.249054
vn -0.960531 0.170299 0.219950
v -0.425419 0.213506 -0.087168
vn -0.971964 -0.154997 0.176813
v -0.490087 0.134326 -0.138294
vn -0.880860 -0.185803 0.435387
v -0.522412 0.184788 -0.252157
vn -0.882506 0.009884 0.470197
v -0.526444 0.123291 -0.248641
vn -0.770615 -0.148857 -0.619673
v -0.514195 0.050893 -0.289848
vn -0.574988 -0.112379 -0.810407
v -0.505820 0.109713 -0.302968
vn -0.788684 -0.528747 0.313694
v -0.410215 0.358368 0.053444
vn -0.934507 -0.198324 -0.295573
v -0.440808 0.427148 0.000353
vn 0.501812 0.795154 0.340462
v -0.312466 0.509697 0.063320
vn 0.280790 0.494526 0.822558
v -0.313807 0.473777 0.109034
vn -0.621881 -0.302667 0.722258
v -0.403440 0.404414 0.082998
vn -0.871650 -0.372654 0.318364
v -0.431189 0.410008 0.051557
vn -0.915485 -0.390068 -0.098660
v -0.429706 0.389652 0.008354
vn -0.058220 -0.926953 0.370633
v -0.085028 -0.378690 0.241985
vn -0.586259 0.709494 -0.391049
v -0.316397 0.490641 -0.141926
vn -0.787613 0.526007 -0.320909
v -0.360467 0.436151 -0.160325
vn -0.964280 0.196507 -0.177621
v -0.390250 0.386768 -0.124376
vn -0.981172 0.189861 0.035424
v -0.397130 0.328033 -0.123414
vn -0.981565 0.023968 0.189620
v -0.393081 0.312203 -0.042790
vn -0.948933 0.303148 0.087332
v -0.416079 0.256381 -0.113439
vn -0.952959 0.263438 -0.149897
v -0.402008 0.311225 -0.237823
vn -0.939035 0.216101 -0.267421
v -0.390528 0.303286 -0.278092
vn -0.902434 0.415988 -0.112104
v -0.428988 0.220218 -0.162461
vn -0.950572 0.288345 0.115198
v -0.430775 0.224528 -0.126389
vn -0.197610 0.838634 0.507586
v -0.440071 0.209220 -0.170902
vn -0.105947 0.899431 0.424027
v -0.455010 0.223583 -0.178953
vn -0.926430 0.177171 0.332171
v -0.492077 0.012029 -0.192368
vn -0.983920 0.169932 0.054993
v -0.483712 0.029920 -0.197205
vn -0.979520 0.078679 0.185339
v -0.486834 0.088708 -0.199223
vn -0.849297 -0.025595 0.527294
v -0.276728 -0.058367 0.060720
vn -0.615564 0.174282 0.768575
v -0.271061 -0.038153 0.073757
vn -0.303304 -0.334381 0.892298
v -0.206553 -0.023069 0.098042
vn -0.546030 0.250890 0.799316
v -0.188564 -0.034896 0.104348
vn 0.068637 -0.386468 -0.919745
v 0.046457 0.145674 -0.620374
vn 0.161833 -0.451006 -0.877726
v 0.105691 0.127680 -0.603525
vn 0.357129 -0.889733 -0.284315
v 0.178051 -0.663693 0.143968
vn -0.007962 -0.691093 -0.722722
v 0.132367 -0.545475 0.028609
vn 0.651072 -0.697059 -0.300357
v 0.282016 -0.555997 0.038490
vn 0.265361 -0.541144 -0.797964
v 0.274047 -0.063543 -0.423955
vn 0.161673 -0.613599 -0.772890
v 0.161745 0.079576 -0.558353
vn 0.289006 -0.501269 -0.815601
v 0.229282 0.015505 -0.498186
vn 0.322988 -0.134012 -0.936867
v 0.122060 0.160258 -0.605193
vn 0.529424 -0.523650 -0.667458
v 0.390109 -0.198701 -0.297034
vn 0.368469 -0.475781 -0.798663
v 0.362151 -0.152616 -0.340306
vn 0.562826 -0.600266 -0.568249
v 0.391683 -0.243579 -0.254890
vn 0.466317 -0.640479 -0.610192
v 0.364124 -0.378435 -0.128252
vn 0.565725 -0.606024 -0.559187
v 0.381067 -0.304659 -0.197532
vn -0.048797 -0.382043 -0.922855
v -0.026197 0.148327 -0.622914
vn 0.002267 -0.690475 -0.723353
v -0.086342 -0.521394 0.005996
vn 0.010338 -0.685977 -0.727549
v -0.173785 -0.595158 0.075398
vn -0.667000 -0.687300 -0.287630
v -0.288874 -0.547473 0.030486
vn -0.245572 -0.564047 -0.788381
v -0.270295 -0.058743 -0.428462
vn -0.194912 -0.518614 -0.832496
v -0.154721 0.088629 -0.566854
vn -0.305214 -0.541962 -0.783021
v -0.229243 0.017627 -0.500178
vn -0.324217 -0.489401 -0.809549
v -0.352800 -0.142352 -0.349948
vn -0.611052 -0.544833 -0.574259
v -0.392742 -0.232079 -0.265689
vn -0.512775 -0.641313 -0.570771
v -0.367790 -0.364499 -0.141339
vn -0.660616 -0.657993 -0.361430
v -0.349850 -0.449672 -0.061356
vn -0.635957 -0.655463 0.407342
v -0.295651 0.011616 0.094735
vn -0.710602 -0.552932 0.435100
v -0.328546 0.040649 0.050937
vn -0.483763 -0.637205 0.599953
v -0.311975 0.102536 0.126630
vn -0.785452 -0.370961 0.495432
v -0.317750 0.048765 0.103463
vn -0.356940 -0.460865 0.812525
v -0.218419 0.038601 0.154285
vn -0.338104 -0.699748 0.629317
v -0.276607 0.103870 0.154501
vn -0.369940 -0.186564 0.910131
v -0.228103 0.021180 0.142089
vn -0.111115 -0.316451 0.942079
v -0.252494 0.016392 0.136023
vn -0.624717 -0.068738 0.777820
v -0.259000 -0.025259 0.069142
vn 0.449431 -0.115379 0.885832
v -0.249239 0.054834 0.098270
vn -0.226304 -0.600221 0.767152
v -0.238591 0.061832 0.158761
vn 0.278081 -0.878085 0.389407
v -0.247437 0.068023 0.109619
vn 0.071789 -0.342671 0.936708
v -0.266464 0.034046 0.141936
vn -0.357322 -0.193340 0.913751
v -0.180820 -0.003320 0.109491
vn -0.391053 0.331067 0.858762
v -0.229328 0.041775 0.098934
vn -0.048983 -0.527389 0.848211
v -0.267786 0.049006 0.149284
vn -0.811432 -0.508409 0.288269
v -0.222116 0.058248 0.114707
vn -0.242792 -0.411606 0.878426
v -0.180088 0.078971 0.156669
vn 0.684420 -0.545732 0.483472
v 0.335334 0.061126 0.064226
vn -0.010971 -0.587076 0.809457
v 0.229140 0.100878 0.166580
vn 0.485331 -0.705385 0.516610
v 0.307006 0.103956 0.132722
vn 0.710870 -0.274957 0.647351
v 0.273987 -0.016517 0.056387
vn 0.163619 -0.252726 0.953603
v 0.238098 0.068081 0.164246
vn 0.135348 -0.903808 0.405970
v 0.239367 0.061621 0.157552
vn 0.482711 -0.020607 0.875537
v 0.246723 -0.028199 0.076744
vn 0.240516 -0.238914 0.940783
v 0.240877 0.015644 0.137973
vn 0.362097 -0.900828 0.239571
v 0.231823 0.067262 0.114828
vn 0.103948 -0.492485 0.864091
v 0.271105 0.043368 0.145574
vn 0.731094 -0.525720 0.434880
v 0.309272 0.027778 0.095607
vn 0.303020 -0.371044 0.877785
v 0.218182 0.025237 0.147654
vn -0.020003 -0.401926 0.915454
v 0.265785 0.028425 0.139059
vn -0.580284 -0.764755 0.280036
v 0.250722 0.063553 0.111444
vn 0.217291 0.399794 0.890477
v 0.234098 0.042371 0.098491
vn 0.426634 -0.550419 0.717651
v 0.221310 0.045974 0.155366
vn -0.454678 -0.229810 0.860497
v 0.249093 0.055557 0.099041
vn 0.856844 -0.127637 0.499527
v 0.220653 0.051721 0.108637
vn 0.339685 -0.401916 0.850340
v 0.174436 0.072122 0.154632
vn 0.622883 0.710066 -0.328364
v 0.289638 0.418442 -0.345415
vn 0.045514 0.910964 -0.409967
v 0.070173 0.528355 -0.376779
vn 0.066314 0.910588 -0.407961
v 0.100074 0.544148 -0.337179
vn 0.077499 0.907744 -0.412305
v 0.108221 0.512485 -0.406638
vn 0.036697 0.912294 -0.407889
v 0.046793 0.507677 -0.424283
vn 0.030747 0.909898 -0.413691
v 0.036527 0.547204 -0.337607
vn 0.614407 0.724991 -0.311274
v 0.243878 0.470061 -0.316544
vn 0.585880 0.751477 -0.303361
v 0.188517 0.504777 -0.346720
vn 0.635785 0.694523 -0.336772
v 0.235533 0.421947 -0.439860
vn 0.619971 0.207087 0.756803
v 0.271718 0.329200 0.166021
vn 0.688189 0.661574 -0.297851
v 0.333235 0.429059 -0.238293
vn 0.022730 0.875372 0.482915
v 0.157828 0.498009 0.016811
vn -0.013596 0.876189 0.481775
v 0.161215 0.476077 0.049787
vn 0.200094 -0.133786 0.970600
v 0.182422 0.233737 0.204346
vn 0.780933 -0.418732 0.463473
v 0.161952 -0.631214 0.276655
vn 0.609937 0.724207 -0.321716
v 0.286986 0.450958 -0.277810
vn 0.600023 0.741130 -0.301162
v 0.238690 0.502270 -0.252082
vn 0.624967 0.712637 -0.318692
v 0.232835 0.452923 -0.379358
vn 0.641932 0.697580 -0.318285
v 0.324474 0.406530 -0.305106
vn 0.583220 0.755192 -0.299232
v 0.196464 0.515865 -0.302824
vn 0.301529 0.218272 -0.928137
v 0.378025 0.793626 0.126611
vn 0.035371 -0.162724 0.986037
v 0.417937 0.623810 0.153220
vn 0.338951 -0.170590 0.925209
v 0.372331 0.813044 0.195737
vn -0.015562 0.910042 -0.414223
v -0.020417 0.543620 -0.347116
vn 0.515423 -0.035474 0.856201
v 0.252047 0.259449 0.182909
vn 0.553082 -0.258028 -0.792163
v 0.313622 -0.063324 -0.399221
vn 0.668662 -0.294550 -0.682738
v 0.297096 0.058772 -0.462608
vn 0.670770 0.549514 -0.498099
v 0.264653 0.380294 -0.469016
vn 0.640028 0.684547 -0.348941
v 0.280762 0.399749 -0.400673
vn 0.614213 0.715032 -0.333874
v 0.202266 0.454839 -0.434097
vn 0.744906 0.099109 0.659767
v 0.331758 0.227446 0.115660
vn 0.685201 -0.121974 0.718068
v 0.080641 -0.471404 0.362037
vn 0.698545 0.236940 0.675200
v 0.154449 -0.207758 0.131486
vn 0.043134 0.908475 0.415708
v 0.064553 0.521806 -0.025179
vn 0.053153 0.907674 0.416296
v 0.100186 0.544142 -0.080346
vn 0.204296 0.765690 0.609903
v 0.174971 0.413898 0.146458
vn -0.020678 0.929247 0.368879
v 0.060550 0.584419 -0.156081
vn -0.151593 0.964421 0.216591
v 0.301922 0.528713 0.010111
vn -0.629020 0.703848 -0.330048
v -0.302447 0.412426 -0.336084
vn -0.640049 0.684236 -0.349512
v -0.273540 0.402590 -0.408826
vn -0.031431 0.912144 -0.408663
v -0.042110 0.511987 -0.415126
vn -0.531401 0.786098 -0.315693
v -0.175170 0.512289 -0.356971
vn -0.043647 0.910223 -0.411811
v -0.060261 0.484940 -0.474388
vn -0.612682 0.724046 -0.316824
v -0.272525 0.455892 -0.294407
vn -0.630941 0.712141 -0.307845
v -0.309429 0.438166 -0.263680
vn -0.611692 0.698833 -0.370765
v -0.214633 0.437778 -0.447639
vn -0.641547 0.692149 -0.330676
v -0.317180 0.457904 -0.206575
vn -0.807374 -0.119336 -0.577846
v -0.342135 0.126885 -0.430889
vn -0.205688 -0.080925 0.975266
v -0.161242 0.205493 0.202444
vn -0.602373 0.728736 -0.325717
v -0.198756 0.469462 -0.409345
vn -0.618181 0.721208 -0.312589
v -0.233068 0.470900 -0.336691
vn -0.081203 0.906928 -0.413386
v -0.106976 0.570167 -0.279356
vn -0.030540 0.913080 -0.406636
v -0.038366 0.574969 -0.277928
vn -0.461444 0.368356 0.807083
v -0.241874 0.348268 0.181912
vn -0.088550 0.894172 0.438879
v -0.070461 0.483237 0.046795
vn -0.952001 -0.296684 0.075320
v -0.462253 0.482190 0.050304
vn -0.392619 -0.148132 0.907694
v -0.437368 0.606692 0.149125
vn -0.461734 -0.079551 0.883444
v -0.367151 0.823668 0.199540
vn 0.092095 0.956971 0.275181
v -0.022562 0.580238 -0.172876
vn -0.760016 0.077939 0.645214
v -0.320842 0.262151 0.120276
vn -0.941178 -0.316065 0.119527
v -0.387406 -0.359716 -0.075340
vn -0.900997 -0.268333 0.340885
v -0.322792 -0.483935 -0.008623
vn -0.669673 0.555498 -0.492911
v -0.267759 0.379002 -0.465939
vn -0.684281 0.233448 0.690841
v -0.185643 -0.215756 0.103957
vn -0.778305 0.433466 0.454255
v -0.039194 -0.046558 0.262915
vn -0.302366 -0.800469 0.517517
v -0.086714 -0.663236 0.358251
vn 0.019193 -0.993938 0.108253
v -0.102263 -0.685595 0.270823
vn -0.589807 -0.689461 0.420441
v -0.132123 -0.663704 0.304749
vn -0.365398 -0.186340 0.912010
v -0.225367 0.221206 0.192232
vn -0.891506 0.230457 0.390009
v -0.386828 0.236485 0.022586
vn -0.841328 -0.037828 0.539199
v -0.367919 -0.117603 -0.101781
vn -0.012578 0.915707 0.401649
v -0.140112 0.527944 -0.050913
vn -0.648789 0.002720 0.760963
v -0.046750 0.275756 0.251453
vn -0.667605 -0.740671 -0.075567
v -0.208088 -0.645470 0.132570
vn -0.790949 -0.190638 0.581426
v -0.158530 -0.598162 0.303249
vn -0.895579 -0.036569 0.443397
v -0.268810 -0.491629 0.095401
vn -0.174767 0.953763 0.244524
v -0.122441 0.581079 -0.175141
vn -0.045095 0.909593 0.413046
v -0.115872 0.555937 -0.116989
vn 0.054378 0.904190 0.423654
v -0.179007 0.502711 0.005692
vn -0.842464 0.164493 0.513027
v -0.354466 0.247731 0.077038
vn 0.293394 -0.493482 -0.818777
v 0.318099 -0.108080 -0.382130
vn 0.229991 -0.457022 -0.859206
v 0.142251 0.111268 -0.586272
vn -0.285029 -0.495168 -0.820711
v -0.311548 -0.100547 -0.389206
vn -0.305813 -0.554985 -0.773609
v -0.252146 -0.024045 -0.461046
vn -0.517802 -0.631127 -0.577546
v -0.384932 -0.277635 -0.222909
vn 0.000000 -0.684547 -0.728969
v -0.235713 -0.224981 -0.272354
vn 0.000000 -0.684547 -0.728969
v 0.056599 -0.155768 -0.337350
vn 0.000000 -0.684547 -0.728969
v 0.035878 -0.280809 -0.219929
vn -0.000097 -0.684454 -0.729056
v -0.353480 -0.232682 -0.265123
vn 0.000000 -0.684547 -0.728969
v 0.010570 0.016273 -0.498907
vn -0.199602 -0.542803 -0.815797
v -0.186271 0.058529 -0.538588
vn -0.138251 -0.502565 -0.853414
v -0.071836 0.133004 -0.608525
vn 0.000000 -0.684547 -0.728969
v 0.135672 0.043263 -0.524253
vn 0.000000 -0.684547 -0.728969
v 0.000077 -0.034640 -0.451097
vn 0.000000 -0.684547 -0.728969
v 0.027425 -0.067652 -0.420097
vn -0.000004 -0.684531 -0.728983
v 0.356785 -0.193642 -0.301784
vn 0.000000 -0.684547 -0.728969
v -0.052277 0.018165 -0.500684
vn 0.000000 -0.684547 -0.728969
v -0.005463 0.074425 -0.553516
vn 0.000101 -0.684487 -0.729025
v -0.022480 0.116205 -0.592750
vn 0.000000 -0.684547 -0.728969
v -0.214393 -0.445195 -0.065560
vn 0.000000 -0.684547 -0.728969
v -0.220267 -0.488067 -0.025301
vn -0.629920 -0.702919 -0.330313
v -0.319362 -0.498573 -0.015435
vn 0.000000 -0.684547 -0.728969
v -0.188208 -0.534034 0.017866
vn 0.005423 -0.688052 -0.725641
v -0.151538 -0.550539 0.033365
vn 0.043008 -0.697764 -0.715036
v -0.162184 -0.627321 0.105481
vn 0.014776 -0.695792 -0.718091
v -0.112036 -0.568739 0.051602
vn 0.004095 -0.692256 -0.721641
v 0.013125 -0.531083 0.015095
vn 0.641096 -0.701153 -0.312058
v 0.310148 -0.511805 -0.003009
vn 0.000000 -0.684547 -0.728969
v 0.223579 -0.488279 -0.025101
vn 0.000000 -0.684547 -0.728969
v 0.207916 -0.446309 -0.064513
vn 0.489270 -0.654085 -0.576878
v 0.372596 -0.341547 -0.162892
vn 0.000000 -0.684547 -0.728969
v -0.250942 -0.404270 -0.103991
vn 0.000000 -0.684547 -0.728969
v 0.314235 -0.383338 -0.123647
vn 0.000000 -0.684547 -0.728969
v -0.042638 -0.321692 -0.181537
vn -0.067923 0.961776 0.265281
v 0.033621 0.588826 -0.194462
vn 0.002186 -0.698801 -0.715313
v 0.049984 -0.577268 0.061121
vn 0.161949 -0.667194 0.727066
v 0.148434 -0.123928 0.164525
vn 0.910180 0.330237 0.250032
v 0.392729 -0.180582 -0.111606
vn 0.832322 -0.002886 0.554285
v 0.391523 -0.271650 -0.045339
vn 0.674118 0.034862 0.737801
v 0.137198 -0.509796 0.313229
vn -0.616669 0.718460 -0.321767
v -0.260989 0.440724 -0.351714
vn -0.047417 0.911355 -0.408882
v -0.076840 0.525867 -0.381559
vn -0.059219 0.909829 -0.410737
v -0.097481 0.493900 -0.450674
vn -0.606922 0.734995 -0.302369
v -0.226669 0.497780 -0.287427
vn -0.614719 -0.054480 -0.786863
v -0.248825 0.185366 -0.540558
vn -0.706295 -0.272409 0.653407
v -0.096274 -0.615361 0.390318
vn 0.158947 -0.842985 -0.513918
v -0.114222 -0.658353 0.145650
vn -0.667876 -0.670479 0.323110
v -0.373853 -0.045491 -0.054236
vn -0.510716 0.168850 0.843006
v -0.293778 0.179892 0.143449
vn -0.993576 -0.113162 0.000734
v -0.408806 -0.210062 -0.192062
vn -0.068432 0.709857 -0.701014
v -0.466382 0.203156 -0.301063
vn -0.238312 0.966812 -0.092097
v -0.482225 0.226067 -0.241768
vn -0.414902 -0.139640 0.899087
v -0.351094 0.384430 0.117100
vn -0.003647 -0.699910 -0.714222
v -0.057299 -0.551251 0.035536
vn 0.000000 -0.684547 -0.728969
v -0.112772 -0.171355 -0.322713
vn 0.000000 -0.684547 -0.728969
v 0.043223 -0.213568 -0.283072
vn 0.000000 -0.684547 -0.728969
v -0.119393 -0.241392 -0.256944
vn -0.000264 -0.684559 -0.728957
v -0.336759 -0.183147 -0.311639
vn 0.000000 -0.684547 -0.728969
v -0.124430 -0.010381 -0.473877
vn 0.000000 -0.684547 -0.728969
v -0.115444 -0.045039 -0.441331
vn 0.000000 -0.684547 -0.728969
v 0.172000 -0.097563 -0.392008
vn 0.000000 -0.684547 -0.728969
v 0.179672 -0.146077 -0.346450
vn 0.000000 -0.684547 -0.728969
v 0.042232 -0.111732 -0.378703
vn -0.000042 -0.684375 -0.729131
v 0.055105 0.105413 -0.582616
vn 0.000000 -0.684547 -0.728969
v 0.078898 0.066537 -0.546108
vn -0.004312 -0.692627 -0.721283
v -0.035180 -0.528538 0.012705
vn -0.006348 -0.696188 -0.717831
v 0.161798 -0.624740 0.103061
vn 0.000000 -0.684547 -0.728969
v 0.175639 -0.515477 0.000440
vn 0.000000 -0.684547 -0.728969
v -0.160094 -0.469658 -0.042587
vn -0.000001 -0.684550 -0.728966
v -0.243575 -0.535182 0.018944
vn 0.000000 -0.684547 -0.728969
v 0.193254 -0.414147 -0.094716
vn 0.000000 -0.684547 -0.728969
v 0.234456 -0.519712 0.004416
vn 0.000000 -0.684547 -0.728969
v 0.273967 -0.491697 -0.021891
vn 0.000000 -0.684547 -0.728969
v 0.023829 -0.471329 -0.041018
vn 0.000000 -0.684547 -0.728969
v -0.057584 -0.421596 -0.087721
vn 0.000000 -0.684547 -0.728969
v 0.054153 -0.376806 -0.129781
vn 0.000000 -0.684547 -0.728969
v -0.211148 -0.324357 -0.179034
vn 0.000000 -0.684547 -0.728969
v -0.318980 -0.291287 -0.210089
vn 0.000000 -0.684547 -0.728969
v -0.192946 -0.276834 -0.223661
vn 0.586719 0.741426 -0.325649
v 0.184653 0.488315 -0.393873
vn 0.382950 0.872603 -0.303173
v 0.135854 0.576841 -0.254723
vn 0.379113 -0.134370 0.915542
v 0.230591 0.208834 0.190296
vn 0.008093 0.922248 0.386513
v 0.177532 0.535880 -0.073281
vn 0.054655 0.921089 0.385497
v -0.201102 0.522490 -0.032513
vn 0.268992 0.901647 0.338638
v -0.235352 0.503353 0.016411
vn 0.000000 -0.684547 -0.728969
v -0.290769 -0.149766 -0.342986
vn 0.000000 -0.684547 -0.728969
v -0.175433 -0.110053 -0.380279
vn 0.000000 -0.684547 -0.728969
v 0.229328 -0.197731 -0.297944
vn 0.000000 -0.684547 -0.728969
v 0.209742 -0.261361 -0.238191
vn 0.000000 -0.684547 -0.728969
v -0.107018 -0.101984 -0.387857
vn 0.000000 -0.684547 -0.728969
v 0.122924 -0.000071 -0.483559
vn 0.000000 -0.684547 -0.728969
v 0.138836 -0.044406 -0.441925
vn 0.000000 -0.684547 -0.728969
v 0.195659 -0.174263 -0.319982
vn 0.000000 -0.684547 -0.728969
v -0.115040 0.050795 -0.531326
vn 0.000000 -0.684547 -0.728969
v -0.076487 0.085198 -0.563632
vn 0.004767 -0.682292 -0.731064
v 0.093329 0.088569 -0.566798
vn -0.083671 -0.617574 -0.782050
v -0.091613 0.107858 -0.584912
vn 0.000000 -0.684547 -0.728969
v -0.304294 -0.393459 -0.114143
vn 0.000000 -0.684547 -0.728969
v -0.279220 -0.470258 -0.042024
vn 0.000506 -0.684975 -0.728566
v -0.215187 -0.572818 0.054286
vn -0.004783 -0.697506 -0.716563
v 0.075622 -0.544092 0.028227
vn -0.000067 -0.684639 -0.728882
v 0.209368 -0.550134 0.032985
vn 0.658191 -0.699300 -0.278862
v 0.338280 -0.467613 -0.044508
vn 0.000000 -0.684547 -0.728969
v 0.288223 -0.456297 -0.055134
vn 0.000000 -0.684547 -0.728969
v 0.290267 -0.417036 -0.092003
vn 0.000000 -0.684547 -0.728969
v -0.293717 -0.427206 -0.082453
vn 0.000000 -0.684547 -0.728969
v -0.299351 -0.370104 -0.136075
vn 0.000000 -0.684547 -0.728969
v -0.268472 -0.500628 -0.013505
vn 0.000000 -0.684547 -0.728969
v 0.255094 -0.364496 -0.141342
vn 0.000000 -0.684547 -0.728969
v 0.145364 -0.471519 -0.040840
vn 0.000000 -0.684547 -0.728969
v 0.105742 -0.365992 -0.139936
vn 0.000000 -0.684547 -0.728969
v 0.206071 -0.297888 -0.203891
vn 0.145517 0.839050 -0.524233
v 0.103439 0.471844 -0.500590
vn 0.537550 0.810487 -0.232705
v 0.183679 0.549895 -0.239856
vn 0.965978 -0.141373 0.216565
v 0.476504 0.563098 0.097290
vn 0.605598 -0.421652 0.674878
v 0.428690 0.459114 0.100394
vn -0.009589 0.843866 0.536469
v 0.164889 0.455054 0.090192
vn 0.831121 -0.416260 0.368736
v 0.434321 0.429276 0.067335
vn 0.492121 -0.137427 -0.859611
v 0.414730 0.037992 -0.309100
vn -0.225978 0.682315 0.695255
v -0.210684 0.395383 0.157607
vn -0.971438 -0.029840 -0.235411
v -0.475896 0.537396 0.054133
vn -0.505875 -0.223945 -0.833030
v -0.218032 0.132956 -0.554487
vn -0.457766 0.630469 -0.626865
v -0.162370 0.442668 -0.510342
vn -0.944846 -0.298520 -0.134731
v -0.505951 -0.040875 -0.252100
vn -0.545534 -0.403464 0.734581
v -0.312880 0.116105 0.169021
vn 0.000000 -0.684547 -0.728969
v -0.038033 -0.194380 -0.301091
vn 0.000000 -0.684547 -0.728969
v -0.039739 -0.227547 -0.269945
vn 0.000000 -0.684547 -0.728969
v -0.118254 -0.206381 -0.289821
vn 0.000000 -0.684547 -0.728969
v -0.199082 -0.052666 -0.434169
vn 0.000000 -0.684547 -0.728969
v 0.110844 -0.121664 -0.369376
vn 0.000000 -0.684547 -0.728969
v -0.136201 -0.497755 -0.016202
vn 0.000000 -0.684547 -0.728969
v -0.016526 -0.447335 -0.063550
vn 0.000000 -0.684547 -0.728969
v -0.001571 -0.399063 -0.108881
vn 0.000000 -0.684547 -0.728969
v 0.050386 -0.425312 -0.084231
vn 0.000000 -0.684547 -0.728969
v -0.270365 -0.277731 -0.222819
vn 0.041947 0.890560 0.452928
v 0.108746 0.489234 0.032619
vn 0.000000 -0.684547 -0.728969
v -0.208166 -0.149271 -0.343451
vn 0.000000 -0.684547 -0.728969
v 0.144742 -0.207871 -0.288422
vn 0.000000 -0.684547 -0.728969
v 0.218762 -0.230110 -0.267538
vn 0.000000 -0.684547 -0.728969
v 0.127348 -0.237498 -0.260601
vn 0.000000 -0.684547 -0.728969
v -0.032767 -0.107318 -0.382847
vn 0.000000 -0.684547 -0.728969
v -0.035088 -0.141566 -0.350686
vn 0.000000 -0.684547 -0.728969
v -0.110891 -0.136786 -0.355176
vn 0.000000 -0.684547 -0.728969
v -0.175606 -0.233029 -0.264797
vn 0.000000 -0.684547 -0.728969
v -0.258665 -0.185860 -0.309092
vn 0.000000 -0.684547 -0.728969
v -0.285832 -0.200747 -0.295111
vn 0.000000 -0.684547 -0.728969
v 0.183788 -0.009934 -0.474297
vn 0.000000 -0.684547 -0.728969
v -0.195616 -0.021091 -0.463820
vn 0.000000 -0.684547 -0.728969
v 0.121521 -0.194345 -0.301124
vn 0.000000 -0.684547 -0.728969
v -0.053178 -0.060647 -0.426674
vn 0.000000 -0.684547 -0.728969
v 0.099417 -0.082952 -0.405729
vn 0.000000 -0.684547 -0.728969
v 0.125376 -0.158486 -0.334797
vn 0.000000 -0.684547 -0.728969
v -0.168060 0.015442 -0.498127
vn 0.000000 -0.684547 -0.728969
v -0.052726 0.047622 -0.528346
vn 0.001141 -0.686759 -0.726885
v 0.045287 -0.501855 -0.012353
vn -0.002781 -0.687882 -0.725817
v 0.094732 -0.510951 -0.003811
vn 0.000000 -0.684547 -0.728969
v 0.116276 -0.408672 -0.099857
vn 0.000000 -0.684547 -0.728969
v -0.109055 -0.445101 -0.065648
vn 0.000000 -0.684547 -0.728969
v -0.162678 -0.409828 -0.098772
vn 0.000000 -0.684547 -0.728969
v -0.111316 -0.387409 -0.119825
vn 0.000000 -0.684547 -0.728969
v -0.217847 -0.373226 -0.133143
vn 0.000000 -0.684547 -0.728969
v -0.167017 -0.351619 -0.153433
vn 0.000000 -0.684547 -0.728969
v 0.118197 -0.290851 -0.210499
vn 0.000000 -0.684547 -0.728969
v 0.121338 -0.270677 -0.229443
vn 0.000000 -0.684547 -0.728969
v 0.226065 -0.332178 -0.171690
vn 0.000000 -0.684547 -0.728969
v 0.172224 -0.356556 -0.148798
vn 0.000000 -0.684547 -0.728969
v 0.148507 -0.324476 -0.178922
vn 0.685268 0.224567 0.692804
v 0.224762 -0.084264 0.149758
vn 0.000000 -0.684547 -0.728969
v -0.176731 -0.197041 -0.298592
vn 0.000000 -0.684547 -0.728969
v -0.026798 -0.165688 -0.328035
vn 0.000000 -0.684547 -0.728969
v 0.039267 -0.248489 -0.250279
vn 0.000000 -0.684547 -0.728969
v -0.042737 -0.260575 -0.238929
vn 0.000000 -0.684547 -0.728969
v -0.295393 -0.226764 -0.270680
vn 0.000000 -0.684547 -0.728969
v -0.062647 -0.012160 -0.472207
vn 0.000004 -0.684546 -0.728970
v 0.247012 -0.144566 -0.347869
vn 0.000000 -0.684547 -0.728969
v -0.088188 0.012038 -0.494930
vn 0.000000 -0.684547 -0.728969
v 0.076218 0.022148 -0.504424
vn 0.000000 -0.684547 -0.728969
v 0.242128 -0.407772 -0.100702
vn 0.000000 -0.684547 -0.728969
v 0.090523 -0.460452 -0.051233
vn 0.000000 -0.684547 -0.728969
v -0.019403 -0.497882 -0.016083
vn 0.000000 -0.684547 -0.728969
v -0.071839 -0.471480 -0.040877
vn 0.000000 -0.684547 -0.728969
v -0.047313 -0.371275 -0.134975
vn 0.000000 -0.684547 -0.728969
v 0.014791 -0.343436 -0.161118
vn 0.000000 -0.684547 -0.728969
v -0.125892 -0.322261 -0.181003
vn 0.000000 -0.684547 -0.728969
v -0.117299 -0.295005 -0.206597
vn 0.000000 -0.684547 -0.728969
v -0.291362 -0.324250 -0.179135
vn 0.000000 -0.684547 -0.728969
v -0.296367 -0.251395 -0.247550
vn 0.421786 0.305449 0.853696
v 0.402772 0.733894 0.171124
vn 0.000000 -0.684547 -0.728969
v -0.078371 -0.280973 -0.219774
vn 0.000000 -0.684547 -0.728969
v -0.003705 -0.300852 -0.201107
vn 0.000000 -0.684547 -0.728969
v -0.231066 -0.111877 -0.378566
vn 0.000000 -0.684547 -0.728969
v 0.301198 -0.210123 -0.286307
vn 0.000000 -0.684547 -0.728969
v 0.300378 -0.252926 -0.246113
vn 0.000000 -0.684547 -0.728969
v -0.187060 -0.081506 -0.407087
vn 0.000000 -0.684547 -0.728969
v 0.069297 -0.031759 -0.453802
vn 0.000000 -0.684547 -0.728969
v 0.215896 -0.065132 -0.422462
vn 0.000012 -0.684541 -0.728974
v 0.288132 -0.164102 -0.329524
vn 0.000005 -0.684548 -0.728968
v 0.242662 -0.098749 -0.390895
vn 0.000000 -0.684547 -0.728969
v -0.337123 -0.346793 -0.157965
vn 0.000000 -0.684547 -0.728969
v 0.147462 -0.382726 -0.124222
vn 0.000000 -0.684547 -0.728969
v 0.261442 -0.328126 -0.175495
vn 0.000000 -0.684547 -0.728969
v 0.221716 -0.385359 -0.121750
vn 0.000000 -0.684547 -0.728969
v 0.343595 -0.331897 -0.171954
vn 0.000000 -0.684547 -0.728969
v 0.063225 -0.317562 -0.185415
vn 0.000000 -0.684547 -0.728969
v -0.087197 -0.348466 -0.156394
vn 0.000000 -0.684547 -0.728969
v -0.255487 -0.350046 -0.154911
vn 0.000000 -0.684547 -0.728969
v 0.292065 -0.283012 -0.217860
vn 0.000000 -0.684547 -0.728969
v 0.293946 -0.302539 -0.199523
# 1716 vertices, 0 vertices normals

f 9//9 680//680 2//2
f 246//246 35//35 36//36
f 36//36 3//3 4//4
f 74//74 36//36 4//4
f 10//10 8//8 4//4
f 75//75 74//74 4//4
f 10//10 47//47 6//6
f 8//8 9//9 253//253
f 647//647 8//8 253//253
f 9//9 8//8 6//6
f 9//9 6//6 5//5
f 15//15 17//17 16//16
f 14//14 17//17 15//15
f 13//13 17//17 23//23
f 11//11 13//13 23//23
f 40//40 16//16 12//12
f 40//40 15//15 16//16
f 17//17 13//13 16//16
f 13//13 699//699 16//16
f 304//304 21//21 18//18
f 20//20 21//21 19//19
f 23//23 24//24 11//11
f 24//24 1367//1367 11//11
f 19//19 1375//1375 25//25
f 21//21 1375//1375 19//19
f 25//25 17//17 14//14
f 14//14 19//19 25//25
f 1375//1375 21//21 1510//1510
f 23//23 17//17 25//25
f 25//25 24//24 23//23
f 25//25 1375//1375 24//24
f 99//99 1432//1432 1431//1431
f 26//26 1430//1430 1433//1433
f 1436//1436 1435//1435 1446//1446
f 1458//1458 27//27 1588//1588
f 32//32 27//27 1458//1458
f 1588//1588 27//27 99//99
f 29//29 33//33 30//30
f 32//32 34//34 27//27
f 1432//1432 27//27 34//34
f 50//50 20//20 251//251
f 37//37 49//49 48//48
f 3//3 37//37 48//48
f 38//38 37//37 3//3
f 40//40 12//12 28//28
f 28//28 39//39 40//40
f 41//41 39//39 33//33
f 41//41 42//42 39//39
f 14//14 15//15 46//46
f 46//46 42//42 45//45
f 46//46 15//15 43//43
f 42//42 43//43 39//39
f 43//43 15//15 40//40
f 39//39 43//43 40//40
f 7//7 6//6 47//47
f 1458//1458 1446//1446 1437//1437
f 251//251 20//20 19//19
f 251//251 19//19 14//14
f 251//251 45//45 50//50
f 316//316 42//42 41//41
f 47//47 10//10 48//48
f 50//50 49//49 37//37
f 316//316 45//45 42//42
f 55//55 124//124 1464//1464
f 678//678 115//115 94//94
f 247//247 18//18 35//35
f 247//247 35//35 246//246
f 654//654 545//545 392//392
f 236//236 392//392 547//547
f 1611//1611 76//76 237//237
f 396//396 345//345 81//81
f 684//684 383//383 384//384
f 369//369 195//195 332//332
f 454//454 459//459 573//573
f 516//516 511//511 664//664
f 330//330 255//255 200//200
f 66//66 89//89 110//110
f 1464//1464 124//124 66//66
f 1444//1444 1439//1439 1447//1447
f 1429//1429 1457//1457 1446//1446
f 89//89 66//66 124//124
f 89//89 54//54 111//111
f 96//96 7//7 1447//1447
f 59//59 98//98 112//112
f 120//120 100//100 101//101
f 65//65 99//99 1431//1431
f 126//126 116//116 98//98
f 1622//1622 131//131 92//92
f 61//61 98//98 116//116
f 153//153 146//146 104//104
f 666//666 119//119 670//670
f 66//66 110//110 581//581
f 125//125 109//109 68//68
f 60//60 112//112 98//98
f 119//119 59//59 112//112
f 1445//1445 1448//1448 1622//1622
f 1435//1435 1445//1445 1444//1444
f 678//678 93//93 116//116
f 114//114 63//63 95//95
f 137//137 70//70 91//91
f 105//105 106//106 139//139
f 136//136 669//669 1624//1624
f 163//163 167//167 171//171
f 87//87 109//109 122//122
f 92//92 583//583 125//125
f 53//53 78//78 59//59
f 78//78 339//339 59//59
f 53//53 132//132 78//78
f 91//91 102//102 103//103
f 55//55 190//190 124//124
f 55//55 1464//1464 364//364
f 1438//1438 132//132 54//54
f 67//67 141//141 130//130
f 122//122 583//583 123//123
f 164//164 167//167 150//150
f 137//137 140//140 143//143
f 140//140 137//137 145//145
f 143//143 151//151 1623//1623
f 103//103 145//145 137//137
f 130//130 674//674 67//67
f 67//67 102//102 91//91
f 67//67 91//91 141//141
f 107//107 141//141 70//70
f 70//70 1623//1623 107//107
f 91//91 70//70 141//141
f 143//143 1623//1623 70//70
f 145//145 104//104 134//134
f 146//146 581//581 161//161
f 149//149 155//155 667//667
f 155//155 149//149 144//144
f 143//143 140//140 135//135
f 143//143 135//135 151//151
f 137//137 143//143 70//70
f 140//140 133//133 138//138
f 152//152 669//669 136//136
f 137//137 91//91 103//103
f 152//152 1450//1450 144//144
f 164//164 171//171 167//167
f 103//103 104//104 145//145
f 145//145 133//133 140//140
f 138//138 1696//1696 159//159
f 163//163 171//171 174//174
f 159//159 135//135 138//138
f 145//145 90//90 118//118
f 151//151 156//156 1450//1450
f 156//156 151//151 159//159
f 157//157 170//170 148//148
f 90//90 147//147 118//118
f 150//150 154//154 118//118
f 133//133 145//145 118//118
f 133//133 118//118 154//154
f 90//90 134//134 144//144
f 90//90 1450//1450 147//147
f 182//182 171//171 1451//1451
f 151//151 135//135 159//159
f 148//148 170//170 177//177
f 154//154 138//138 133//133
f 167//167 154//154 150//150
f 160//160 1451//1451 142//142
f 1696//1696 154//154 1449//1449
f 168//168 186//186 187//187
f 1450//1450 156//156 147//147
f 138//138 135//135 140//140
f 134//134 90//90 145//145
f 150//150 118//118 147//147
f 150//150 147//147 164//164
f 168//168 166//166 177//177
f 186//186 177//177 185//185
f 185//185 184//184 173//173
f 186//186 173//173 187//187
f 185//185 173//173 186//186
f 170//170 165//165 162//162
f 166//166 160//160 148//148
f 1696//1696 147//147 156//156
f 162//162 163//163 175//175
f 177//177 166//166 148//148
f 1449//1449 165//165 157//157
f 1449//1449 157//157 142//142
f 1449//1449 167//167 165//165
f 169//169 168//168 158//158
f 157//157 165//165 170//170
f 178//178 187//187 173//173
f 179//179 173//173 184//184
f 178//178 179//179 180//180
f 178//178 173//173 179//179
f 175//175 174//174 172//172
f 163//163 162//162 165//165
f 182//182 181//181 171//171
f 1451//1451 160//160 166//166
f 1451//1451 166//166 169//169
f 182//182 1451//1451 169//169
f 174//174 171//171 181//181
f 174//174 181//181 172//172
f 163//163 174//174 175//175
f 166//166 168//168 169//169
f 170//170 185//185 177//177
f 181//181 182//182 176//176
f 171//171 164//164 1451//1451
f 160//160 142//142 157//157
f 184//184 162//162 183//183
f 182//182 169//169 158//158
f 178//178 176//176 187//187
f 180//180 176//176 178//178
f 176//176 182//182 158//158
f 184//184 185//185 162//162
f 162//162 185//185 170//170
f 177//177 186//186 168//168
f 168//168 187//187 158//158
f 180//180 172//172 181//181
f 180//180 181//181 176//176
f 179//179 184//184 183//183
f 180//180 183//183 172//172
f 179//179 183//183 180//180
f 183//183 162//162 175//175
f 183//183 175//175 172//172
f 176//176 158//158 187//187
f 57//57 364//364 336//336
f 1452//1452 1434//1434 26//26
f 52//52 363//363 51//51
f 192//192 190//190 57//57
f 56//56 366//366 194//194
f 1442//1442 338//338 221//221
f 1543//1543 789//789 1487//1487
f 1433//1433 34//34 29//29
f 353//353 687//687 213//213
f 377//377 382//382 207//207
f 327//327 204//204 330//330
f 216//216 1545//1545 262//262
f 129//129 339//339 79//79
f 201//201 129//129 79//79
f 343//343 376//376 208//208
f 206//206 258//258 214//214
f 272//272 414//414 210//210
f 272//272 210//210 277//277
f 265//265 414//414 348//348
f 402//402 209//209 211//211
f 1428//1428 327//327 200//200
f 331//331 215//215 263//263
f 211//211 210//210 414//414
f 357//357 202//202 86//86
f 57//57 55//55 364//364
f 79//79 406//406 203//203
f 353//353 357//357 375//375
f 223//223 232//232 81//81
f 313//313 426//426 1546//1546
f 441//441 231//231 432//432
f 660//660 661//661 397//397
f 422//422 426//426 313//313
f 357//357 86//86 234//234
f 309//309 310//310 441//441
f 1378//1378 653//653 422//422
f 1377//1377 238//238 239//239
f 644//644 305//305 245//245
f 73//73 644//644 245//245
f 18//18 22//22 35//35
f 304//304 18//18 247//247
f 247//247 248//248 304//304
f 286//286 285//285 291//291
f 286//286 291//291 240//240
f 37//37 22//22 50//50
f 38//38 3//3 36//36
f 38//38 36//36 35//35
f 38//38 22//22 37//37
f 22//22 38//38 35//35
f 48//48 49//49 1456//1456
f 48//48 1456//1456 47//47
f 10//10 3//3 48//48
f 22//22 20//20 50//50
f 20//20 18//18 21//21
f 22//22 18//18 20//20
f 50//50 45//45 49//49
f 251//251 14//14 46//46
f 251//251 46//46 45//45
f 252//252 351//351 205//205
f 5//5 6//6 7//7
f 5//5 7//7 96//96
f 680//680 5//5 96//96
f 680//680 9//9 5//5
f 6//6 8//8 10//10
f 253//253 9//9 2//2
f 645//645 74//74 75//75
f 327//327 328//328 204//204
f 258//258 256//256 214//214
f 252//252 213//213 351//351
f 399//399 331//331 222//222
f 516//516 411//411 257//257
f 260//260 261//261 85//85
f 259//259 273//273 274//274
f 286//286 551//551 280//280
f 286//286 280//280 285//285
f 249//249 286//286 240//240
f 551//551 281//281 280//280
f 285//285 283//283 291//291
f 280//280 281//281 971//971
f 280//280 282//282 285//285
f 549//549 967//967 250//250
f 279//279 551//551 297//297
f 249//249 551//551 286//286
f 289//289 283//283 301//301
f 289//289 302//302 290//290
f 289//289 291//291 283//283
f 289//289 301//301 302//302
f 974//974 294//294 292//292
f 293//293 302//302 292//292
f 294//294 293//293 292//292
f 521//521 512//512 276//276
f 1443//1443 240//240 290//290
f 301//301 283//283 915//915
f 243//243 293//293 294//294
f 303//303 311//311 540//540
f 302//302 293//293 1369//1369
f 539//539 1371//1371 308//308
f 1374//1374 1455//1455 77//77
f 1374//1374 248//248 247//247
f 1455//1455 247//247 246//246
f 304//304 1373//1373 1510//1510
f 304//304 1510//1510 21//21
f 1374//1374 247//247 1455//1455
f 1454//1454 245//245 305//305
f 305//305 644//644 650//650
f 305//305 238//238 1454//1454
f 310//310 309//309 436//436
f 249//249 240//240 1443//1443
f 41//41 33//33 1621//1621
f 1457//1457 1456//1456 1437//1437
f 316//316 1456//1456 49//49
f 316//316 49//49 45//45
f 44//44 316//316 41//41
f 44//44 1456//1456 316//316
f 32//32 44//44 41//41
f 1410//1410 398//398 405//405
f 199//199 404//404 406//406
f 1459//1459 132//132 127//127
f 405//405 398//398 319//319
f 322//322 198//198 318//318
f 1453//1453 127//127 132//132
f 127//127 325//325 1459//1459
f 319//319 320//320 405//405
f 325//325 199//199 1459//1459
f 79//79 339//339 406//406
f 199//199 406//406 339//339
f 215//215 327//327 1428//1428
f 331//331 326//326 222//222
f 215//215 328//328 327//327
f 328//328 215//215 331//331
f 209//209 402//402 268//268
f 264//264 362//362 335//335
f 268//268 335//335 1088//1088
f 195//195 220//220 193//193
f 1037//1037 209//209 268//268
f 333//333 196//196 332//332
f 402//402 399//399 400//400
f 51//51 193//193 336//336
f 337//337 334//334 333//333
f 334//334 196//196 333//333
f 337//337 363//363 1022//1022
f 220//220 192//192 336//336
f 51//51 363//363 337//337
f 336//336 193//193 220//220
f 1411//1411 403//403 263//263
f 203//203 406//406 320//320
f 319//319 398//398 341//341
f 208//208 340//340 377//377
f 208//208 376//376 340//340
f 661//661 224//224 342//342
f 223//223 376//376 343//343
f 344//344 640//640 224//224
f 81//81 374//374 223//223
f 80//80 663//663 657//657
f 80//80 201//201 224//224
f 211//211 209//209 210//210
f 210//210 1037//1037 277//277
f 271//271 347//347 330//330
f 1037//1037 210//210 209//209
f 271//271 689//689 347//347
f 265//265 260//260 85//85
f 211//211 330//330 204//204
f 262//262 260//260 265//265
f 261//261 689//689 85//85
f 1545//1545 260//260 262//262
f 1545//1545 256//256 349//349
f 252//252 258//258 213//213
f 200//200 327//327 330//330
f 206//206 213//213 258//258
f 214//214 256//256 420//420
f 353//353 352//352 687//687
f 317//317 352//352 341//341
f 343//343 354//354 375//375
f 379//379 343//343 355//355
f 355//355 352//352 354//354
f 357//357 234//234 358//358
f 356//356 232//232 223//223
f 356//356 358//358 380//380
f 232//232 381//381 81//81
f 381//381 232//232 393//393
f 380//380 358//358 234//234
f 268//268 402//402 335//335
f 359//359 274//274 361//361
f 272//272 273//273 414//414
f 273//273 272//272 274//274
f 51//51 336//336 364//364
f 52//52 51//51 364//364
f 364//364 365//365 52//52
f 189//189 194//194 365//365
f 56//56 367//367 366//366
f 1462//1462 69//69 113//113
f 365//365 128//128 189//189
f 1644//1644 69//69 56//56
f 412//412 84//84 360//360
f 219//219 259//259 370//370
f 370//370 372//372 219//219
f 266//266 370//370 275//275
f 1066//1066 266//266 275//275
f 266//266 530//530 370//370
f 274//274 370//370 259//259
f 353//353 434//434 202//202
f 353//353 375//375 354//354
f 375//375 357//357 358//358
f 375//375 358//358 356//356
f 223//223 340//340 376//376
f 208//208 319//319 355//355
f 354//354 379//379 355//355
f 355//355 343//343 208//208
f 356//356 223//223 343//343
f 352//352 355//355 341//341
f 354//354 352//352 353//353
f 232//232 356//356 380//380
f 374//374 378//378 340//340
f 377//377 378//378 382//382
f 378//378 374//374 345//345
f 379//379 354//354 343//343
f 223//223 374//374 340//340
f 380//380 393//393 232//232
f 340//340 378//378 377//377
f 385//385 383//383 684//684
f 227//227 384//384 380//380
f 659//659 660//660 397//397
f 660//660 659//659 390//390
f 392//392 387//387 227//227
f 684//684 384//384 387//387
f 236//236 391//391 388//388
f 392//392 236//236 387//387
f 396//396 685//685 661//661
f 387//387 384//384 227//227
f 661//661 660//660 344//344
f 342//342 201//201 382//382
f 207//207 382//382 201//201
f 398//398 317//317 341//341
f 206//206 353//353 213//213
f 1413//1413 352//352 317//317
f 197//197 362//362 264//264
f 264//264 196//196 197//197
f 193//193 337//337 333//333
f 369//369 332//332 264//264
f 195//195 338//338 220//220
f 51//51 337//337 193//193
f 195//195 193//193 333//333
f 400//400 369//369 264//264
f 333//333 332//332 195//195
f 195//195 369//369 338//338
f 332//332 196//196 264//264
f 401//401 369//369 400//400
f 197//197 196//196 334//334
f 222//222 400//400 399//399
f 401//401 400//400 222//222
f 401//401 221//221 338//338
f 401//401 338//338 369//369
f 402//402 400//400 335//335
f 329//329 399//399 402//402
f 399//399 328//328 331//331
f 329//329 328//328 399//399
f 211//211 329//329 402//402
f 264//264 335//335 400//400
f 401//401 326//326 198//198
f 263//263 326//326 331//331
f 263//263 215//215 1428//1428
f 321//321 198//198 326//326
f 403//403 321//321 326//326
f 204//204 329//329 211//211
f 221//221 401//401 198//198
f 324//324 318//318 321//321
f 324//324 321//321 1411//1411
f 318//318 198//198 321//321
f 325//325 318//318 323//323
f 405//405 404//404 323//323
f 404//404 320//320 406//406
f 320//320 404//404 405//405
f 1411//1411 1412//1412 324//324
f 405//405 1412//1412 1410//1410
f 1412//1412 323//323 324//324
f 318//318 324//324 323//323
f 319//319 203//203 320//320
f 377//377 207//207 203//203
f 203//203 207//207 79//79
f 377//377 319//319 208//208
f 323//323 1412//1412 405//405
f 326//326 401//401 222//222
f 329//329 204//204 328//328
f 1088//1088 335//335 362//362
f 270//270 576//576 415//415
f 1067//1067 266//266 1066//1066
f 257//257 511//511 516//516
f 414//414 273//273 348//348
f 419//419 259//259 360//360
f 217//217 419//419 84//84
f 217//217 267//267 269//269
f 211//211 414//414 265//265
f 82//82 665//665 257//257
f 212//212 350//350 348//348
f 270//270 269//269 267//267
f 370//370 274//274 359//359
f 370//370 373//373 275//275
f 275//275 373//373 1098//1098
f 528//528 372//372 532//532
f 416//416 373//373 370//370
f 373//373 416//416 371//371
f 416//416 370//370 371//371
f 219//219 360//360 259//259
f 277//277 361//361 272//272
f 361//361 274//274 272//272
f 259//259 419//419 273//273
f 360//360 84//84 419//419
f 267//267 217//217 84//84
f 267//267 84//84 412//412
f 412//412 270//270 267//267
f 359//359 371//371 370//370
f 654//654 227//227 226//226
f 422//422 653//653 426//426
f 86//86 202//202 428//428
f 307//307 233//233 439//439
f 492//492 487//487 518//518
f 518//518 503//503 492//492
f 314//314 437//437 429//429
f 1380//1380 422//422 313//313
f 226//226 426//426 440//440
f 440//440 426//426 653//653
f 432//432 1547//1547 441//441
f 234//234 431//431 226//226
f 86//86 1546//1546 431//431
f 437//437 313//313 427//427
f 427//427 313//313 1546//1546
f 436//436 306//306 235//235
f 503//503 496//496 599//599
f 425//425 233//233 427//427
f 431//431 234//234 86//86
f 314//314 1380//1380 437//437
f 431//431 1546//1546 426//426
f 1546//1546 425//425 427//427
f 231//231 544//544 1611//1611
f 231//231 1611//1611 237//237
f 544//544 308//308 1611//1611
f 234//234 226//226 227//227
f 380//380 234//234 227//227
f 431//431 426//426 226//226
f 429//429 1547//1547 432//432
f 314//314 432//432 237//237
f 429//429 432//432 314//314
f 603//603 664//664 1209//1209
f 443//443 627//627 444//444
f 445//445 442//442 1276//1276
f 1124//1124 298//298 448//448
f 601//601 1134//1134 442//442
f 298//298 299//299 448//448
f 444//444 592//592 443//443
f 1124//1124 521//521 298//298
f 1125//1125 597//597 618//618
f 470//470 460//460 458//458
f 451//451 459//459 574//574
f 457//457 563//563 452//452
f 567//567 596//596 464//464
f 505//505 606//606 461//461
f 443//443 1129//1129 627//627
f 458//458 572//572 466//466
f 417//417 505//505 621//621
f 467//467 456//456 474//474
f 464//464 315//315 455//455
f 462//462 471//471 477//477
f 456//456 472//472 474//474
f 474//474 584//584 480//480
f 571//571 485//485 570//570
f 488//488 612//612 225//225
f 485//485 569//569 570//570
f 479//479 520//520 570//570
f 225//225 484//484 486//486
f 496//496 493//493 598//598
f 494//494 493//493 491//491
f 423//423 493//493 498//498
f 491//491 423//423 254//254
f 254//254 423//423 424//424
f 491//491 254//254 495//495
f 498//498 493//493 496//496
f 430//430 254//254 424//424
f 424//424 500//500 430//430
f 424//424 499//499 500//500
f 424//424 423//423 499//499
f 500//500 499//499 501//501
f 499//499 498//498 501//501
f 500//500 218//218 430//430
f 434//434 430//430 218//218
f 500//500 501//501 439//439
f 218//218 439//439 428//428
f 439//439 218//218 500//500
f 499//499 423//423 498//498
f 615//615 491//491 495//495
f 299//299 298//298 276//276
f 606//606 671//671 461//461
f 606//606 505//505 417//417
f 609//609 608//608 83//83
f 507//507 612//612 508//508
f 498//498 496//496 435//435
f 435//435 496//496 503//503
f 498//498 435//435 501//501
f 512//512 513//513 300//300
f 413//413 411//411 523//523
f 519//519 518//518 564//564
f 620//620 522//522 607//607
f 624//624 616//616 609//609
f 626//626 413//413 625//625
f 611//611 614//614 626//626
f 511//511 1209//1209 664//664
f 573//573 299//299 276//276
f 1126//1126 505//505 604//604
f 613//613 614//614 524//524
f 1460//1460 512//512 300//300
f 276//276 298//298 521//521
f 533//533 531//531 532//532
f 535//535 533//533 576//576
f 531//531 533//533 535//535
f 532//532 531//531 528//528
f 372//372 530//530 532//532
f 372//372 528//528 529//529
f 528//528 534//534 529//529
f 534//534 536//536 529//529
f 533//533 532//532 530//530
f 534//534 528//528 531//531
f 538//538 535//535 270//270
f 538//538 527//527 535//535
f 536//536 538//538 537//537
f 536//536 537//537 529//529
f 370//370 530//530 372//372
f 219//219 372//372 529//529
f 270//270 412//412 537//537
f 412//412 529//529 537//537
f 219//219 412//412 360//360
f 529//529 412//412 219//219
f 527//527 534//534 531//531
f 537//537 538//538 270//270
f 527//527 531//531 535//535
f 527//527 538//538 536//536
f 534//534 527//527 536//536
f 429//429 437//437 427//427
f 526//526 307//307 433//433
f 312//312 542//542 311//311
f 311//311 539//539 312//312
f 306//306 539//539 235//235
f 303//303 1371//1371 539//539
f 311//311 303//303 539//539
f 540//540 311//311 241//241
f 1547//1547 307//307 441//441
f 241//241 542//542 553//553
f 1369//1369 541//541 290//290
f 543//543 438//438 309//309
f 235//235 308//308 544//544
f 235//235 539//539 308//308
f 76//76 1379//1379 237//237
f 544//544 310//310 235//235
f 436//436 235//235 310//310
f 544//544 231//231 310//310
f 231//231 441//441 310//310
f 288//288 971//971 281//281
f 971//971 288//288 287//287
f 549//549 282//282 971//971
f 282//282 280//280 971//971
f 282//282 549//549 250//250
f 250//250 285//285 282//282
f 250//250 967//967 966//966
f 285//285 250//250 283//283
f 966//966 283//283 250//250
f 283//283 966//966 915//915
f 294//294 974//974 979//979
f 284//284 287//287 288//288
f 288//288 550//550 284//284
f 284//284 550//550 510//510
f 550//550 514//514 510//510
f 513//513 1158//1158 514//514
f 1158//1158 513//513 982//982
f 555//555 278//278 242//242
f 542//542 557//557 553//553
f 1124//1124 982//982 521//521
f 514//514 554//554 300//300
f 513//513 514//514 300//300
f 513//513 521//521 982//982
f 554//554 288//288 279//279
f 550//550 288//288 554//554
f 550//550 554//554 514//514
f 513//513 512//512 521//521
f 281//281 279//279 288//288
f 1460//1460 300//300 554//554
f 554//554 562//562 1460//1460
f 552//552 553//553 556//556
f 555//555 559//559 563//563
f 541//541 241//241 553//553
f 553//553 552//552 541//541
f 541//541 552//552 1443//1443
f 542//542 312//312 558//558
f 558//558 312//312 560//560
f 278//278 1548//1548 561//561
f 297//297 249//249 242//242
f 556//556 555//555 242//242
f 278//278 297//297 242//242
f 559//559 555//555 556//556
f 1548//1548 562//562 561//561
f 552//552 556//556 242//242
f 553//553 557//557 556//556
f 556//556 557//557 559//559
f 477//477 559//559 476//476
f 559//559 557//557 476//476
f 557//557 558//558 476//476
f 520//520 476//476 558//558
f 542//542 558//558 557//557
f 558//558 560//560 520//520
f 560//560 306//306 564//564
f 564//564 518//518 490//490
f 306//306 436//436 564//564
f 564//564 436//436 438//438
f 436//436 309//309 438//438
f 564//564 438//438 519//519
f 518//518 519//519 503//503
f 435//435 503//503 519//519
f 438//438 526//526 519//519
f 435//435 519//519 526//526
f 441//441 543//543 309//309
f 526//526 543//543 307//307
f 307//307 543//543 441//441
f 543//543 526//526 438//438
f 435//435 526//526 433//433
f 307//307 439//439 433//433
f 425//425 439//439 233//233
f 218//218 428//428 202//202
f 439//439 425//425 428//428
f 428//428 425//425 86//86
f 202//202 357//357 353//353
f 434//434 218//218 202//202
f 290//290 541//541 1443//1443
f 311//311 542//542 241//241
f 1369//1369 290//290 302//302
f 468//468 464//464 462//462
f 478//478 468//468 566//566
f 477//477 479//479 462//462
f 471//471 462//462 455//455
f 464//464 468//468 567//567
f 462//462 464//464 455//455
f 477//477 563//563 559//559
f 596//596 567//567 591//591
f 471//471 455//455 452//452
f 566//566 468//468 462//462
f 566//566 568//568 475//475
f 479//479 566//566 462//462
f 476//476 520//520 477//477
f 479//479 570//570 569//569
f 520//520 479//479 477//477
f 475//475 568//568 482//482
f 570//570 520//520 490//490
f 484//484 594//594 485//485
f 490//490 487//487 570//570
f 485//485 571//571 486//486
f 571//571 570//570 487//487
f 595//595 486//486 571//571
f 520//520 560//560 490//490
f 490//490 560//560 564//564
f 487//487 492//492 571//571
f 490//490 518//518 487//487
f 452//452 455//455 315//315
f 444//444 573//573 451//451
f 276//276 454//454 573//573
f 565//565 454//454 1460//1460
f 457//457 459//459 565//565
f 459//459 451//451 573//573
f 454//454 565//565 459//459
f 562//562 457//457 565//565
f 457//457 315//315 459//459
f 565//565 1460//1460 562//562
f 561//561 562//562 554//554
f 464//464 574//574 315//315
f 279//279 297//297 561//561
f 279//279 561//561 554//554
f 278//278 561//561 297//297
f 297//297 551//551 249//249
f 279//279 281//281 551//551
f 256//256 258//258 1676//1676
f 261//261 260//260 349//349
f 262//262 265//265 348//348
f 262//262 348//348 350//350
f 265//265 271//271 211//211
f 348//348 273//273 212//212
f 212//212 217//217 350//350
f 260//260 1545//1545 349//349
f 212//212 273//273 419//419
f 261//261 349//349 1676//1676
f 349//349 256//256 1676//1676
f 217//217 269//269 216//216
f 216//216 410//410 407//407
f 216//216 269//269 410//410
f 216//216 262//262 350//350
f 407//407 1545//1545 216//216
f 410//410 420//420 407//407
f 420//420 1545//1545 407//407
f 502//502 214//214 254//254
f 502//502 206//206 214//214
f 430//430 502//502 254//254
f 206//206 502//502 434//434
f 430//430 434//434 502//502
f 1461//1461 420//420 410//410
f 269//269 409//409 410//410
f 409//409 413//413 1461//1461
f 409//409 269//269 270//270
f 409//409 1461//1461 410//410
f 415//415 409//409 270//270
f 415//415 411//411 413//413
f 576//576 411//411 415//415
f 415//415 413//413 409//409
f 82//82 257//257 576//576
f 212//212 419//419 217//217
f 350//350 217//217 216//216
f 46//46 43//43 42//42
f 188//188 788//788 64//64
f 64//64 1463//1463 88//88
f 88//88 131//131 577//577
f 1064//1064 191//191 64//64
f 131//131 114//114 577//577
f 95//95 1543//1543 577//577
f 69//69 1462//1462 367//367
f 583//583 131//131 578//578
f 88//88 578//578 131//131
f 105//105 139//139 368//368
f 580//580 123//123 583//583
f 1464//1464 66//66 1625//1625
f 1625//1625 581//581 579//579
f 1625//1625 66//66 581//581
f 579//579 581//581 106//106
f 1466//1466 153//153 102//102
f 123//123 139//139 582//582
f 191//191 1463//1463 64//64
f 64//64 788//788 1064//1064
f 1465//1465 188//188 64//64
f 1465//1465 88//88 577//577
f 577//577 114//114 95//95
f 1543//1543 95//95 789//789
f 56//56 69//69 367//367
f 1462//1462 729//729 367//367
f 191//191 729//729 1462//1462
f 88//88 1463//1463 578//578
f 189//189 56//56 194//194
f 56//56 189//189 1644//1644
f 189//189 1441//1441 1644//1644
f 1440//1440 368//368 113//113
f 1441//1441 1625//1625 579//579
f 123//123 582//582 122//122
f 139//139 123//123 580//580
f 189//189 128//128 1625//1625
f 106//106 1466//1466 139//139
f 102//102 582//582 1466//1466
f 582//582 139//139 1466//1466
f 122//122 102//102 87//87
f 271//271 265//265 85//85
f 473//473 472//472 469//469
f 590//590 470//470 458//458
f 450//450 451//451 586//586
f 460//460 590//590 587//587
f 444//444 451//451 450//450
f 444//444 627//627 299//299
f 469//469 463//463 473//473
f 472//472 590//590 469//469
f 587//587 449//449 602//602
f 451//451 574//574 586//586
f 587//587 590//590 601//601
f 1271//1271 589//589 446//446
f 445//445 1276//1276 1271//1271
f 588//588 592//592 449//449
f 588//588 589//589 592//592
f 1132//1132 1276//1276 442//442
f 446//446 589//589 588//588
f 589//589 443//443 592//592
f 1271//1271 446//446 445//445
f 450//450 586//586 592//592
f 586//586 574//574 504//504
f 587//587 600//600 460//460
f 483//483 478//478 475//475
f 572//572 460//460 593//593
f 469//469 458//458 466//466
f 572//572 596//596 591//591
f 478//478 567//567 468//468
f 590//590 456//456 597//597
f 597//597 456//456 465//465
f 456//456 467//467 465//465
f 475//475 463//463 483//483
f 584//584 472//472 473//473
f 482//482 463//463 475//475
f 480//480 584//584 484//484
f 480//480 484//484 225//225
f 225//225 612//612 480//480
f 474//474 480//480 612//612
f 482//482 594//594 484//484
f 492//492 503//503 599//599
f 464//464 504//504 574//574
f 596//596 575//575 504//504
f 590//590 460//460 470//470
f 600//600 586//586 575//575
f 567//567 483//483 591//591
f 590//590 458//458 469//469
f 585//585 586//586 600//600
f 460//460 572//572 458//458
f 469//469 466//466 463//463
f 483//483 463//463 466//466
f 478//478 566//566 475//475
f 572//572 483//483 466//466
f 473//473 463//463 584//584
f 584//584 474//474 472//472
f 482//482 481//481 594//594
f 484//484 584//584 482//482
f 486//486 595//595 225//225
f 595//595 571//571 599//599
f 599//599 598//598 595//595
f 492//492 599//599 571//571
f 595//595 598//598 225//225
f 598//598 599//599 496//496
f 586//586 504//504 575//575
f 596//596 593//593 575//575
f 591//591 483//483 572//572
f 478//478 483//483 567//567
f 484//484 485//485 486//486
f 493//493 494//494 598//598
f 597//597 465//465 618//618
f 602//602 449//449 453//453
f 601//601 597//597 1134//1134
f 1125//1125 1134//1134 597//597
f 446//446 588//588 445//445
f 505//505 1126//1126 618//618
f 447//447 604//604 408//408
f 525//525 408//408 605//605
f 606//606 672//672 671//671
f 623//623 622//622 606//606
f 417//417 623//623 606//606
f 608//608 616//616 623//623
f 623//623 83//83 608//608
f 506//506 83//83 417//417
f 417//417 83//83 623//623
f 507//507 83//83 506//506
f 507//507 506//506 612//612
f 421//421 507//507 508//508
f 611//611 509//509 421//421
f 610//610 611//611 421//421
f 614//614 611//611 610//610
f 614//614 610//610 524//524
f 613//613 524//524 508//508
f 508//508 488//488 613//613
f 517//517 626//626 614//614
f 497//497 614//614 613//613
f 614//614 497//497 615//615
f 517//517 614//614 615//615
f 497//497 489//489 615//615
f 489//489 488//488 494//494
f 489//489 494//494 491//491
f 489//489 491//491 615//615
f 493//493 423//423 491//491
f 489//489 497//497 488//488
f 488//488 497//497 613//613
f 447//447 408//408 525//525
f 505//505 461//461 604//604
f 604//604 447//447 1292//1292
f 603//603 447//447 525//525
f 447//447 603//603 1292//1292
f 1125//1125 618//618 1126//1126
f 515//515 516//516 664//664
f 620//620 516//516 515//515
f 671//671 619//619 461//461
f 622//622 522//522 605//605
f 616//616 607//607 617//617
f 417//417 467//467 474//474
f 506//506 417//417 474//474
f 474//474 612//612 506//506
f 83//83 507//507 421//421
f 421//421 609//609 83//83
f 625//625 509//509 611//611
f 610//610 421//421 508//508
f 488//488 225//225 494//494
f 610//610 508//508 524//524
f 612//612 488//488 508//508
f 615//615 495//495 517//517
f 225//225 598//598 494//494
f 517//517 413//413 626//626
f 525//525 664//664 603//603
f 604//604 1292//1292 1126//1126
f 408//408 604//604 619//619
f 671//671 605//605 408//408
f 604//604 461//461 619//619
f 671//671 408//408 619//619
f 618//618 621//621 505//505
f 618//618 465//465 621//621
f 671//671 622//622 605//605
f 622//622 617//617 522//522
f 617//617 607//607 522//522
f 672//672 606//606 622//622
f 623//623 617//617 622//622
f 616//616 624//624 607//607
f 607//607 523//523 620//620
f 523//523 607//607 624//624
f 418//418 624//624 609//609
f 616//616 608//608 609//609
f 509//509 418//418 609//609
f 624//624 625//625 523//523
f 625//625 611//611 626//626
f 413//413 523//523 625//625
f 624//624 418//418 625//625
f 418//418 509//509 625//625
f 515//515 664//664 525//525
f 525//525 605//605 515//515
f 605//605 522//522 515//515
f 516//516 620//620 411//411
f 515//515 522//522 620//620
f 523//523 411//411 620//620
f 1271//1271 1129//1129 589//589
f 1129//1129 443//443 589//589
f 984//984 448//448 627//627
f 1129//1129 984//984 627//627
f 585//585 592//592 586//586
f 464//464 596//596 504//504
f 463//463 482//482 584//584
f 481//481 566//566 479//479
f 568//568 566//566 481//481
f 479//479 569//569 481//481
f 481//481 482//482 568//568
f 569//569 485//485 481//481
f 481//481 485//485 594//594
f 444//444 450//450 592//592
f 315//315 574//574 459//459
f 444//444 299//299 573//573
f 299//299 627//627 448//448
f 585//585 600//600 602//602
f 453//453 449//449 592//592
f 585//585 602//602 453//453
f 453//453 592//592 585//585
f 609//609 421//421 509//509
f 442//442 1134//1134 1132//1132
f 449//449 442//442 445//445
f 587//587 442//442 449//449
f 449//449 445//445 588//588
f 600//600 587//587 602//602
f 601//601 590//590 597//597
f 587//587 601//601 442//442
f 456//456 590//590 472//472
f 55//55 57//57 190//190
f 130//130 141//141 108//108
f 637//637 633//633 636//636
f 655//655 635//635 229//229
f 58//58 637//637 1//1
f 1//1 637//637 636//636
f 229//229 58//58 629//629
f 635//635 58//58 229//229
f 642//642 635//635 655//655
f 344//344 346//346 640//640
f 638//638 346//346 641//641
f 230//230 228//228 639//639
f 395//395 386//386 71//71
f 381//381 393//393 383//383
f 393//393 384//384 383//383
f 74//74 246//246 36//36
f 73//73 246//246 74//74
f 1627//1627 650//650 644//644
f 4//4 647//647 75//75
f 10//10 4//4 3//3
f 644//644 73//73 645//645
f 645//645 73//73 74//74
f 629//629 1//1 628//628
f 1//1 629//629 58//58
f 629//629 253//253 2//2
f 646//646 628//628 630//630
f 646//646 629//629 628//628
f 646//646 630//630 631//631
f 648//648 1//1 636//636
f 646//646 75//75 647//647
f 647//647 253//253 646//646
f 646//646 631//631 75//75
f 646//646 253//253 629//629
f 75//75 631//631 645//645
f 648//648 634//634 630//630
f 1//1 648//648 628//628
f 648//648 632//632 649//649
f 648//648 649//649 634//634
f 634//634 631//631 630//630
f 634//634 1627//1627 645//645
f 649//649 391//391 651//651
f 644//644 645//645 1627//1627
f 634//634 645//645 631//631
f 651//651 1627//1627 649//649
f 651//651 244//244 1627//1627
f 651//651 391//391 652//652
f 651//651 652//652 244//244
f 650//650 1627//1627 244//244
f 244//244 547//547 650//650
f 652//652 547//547 244//244
f 652//652 236//236 547//547
f 391//391 236//236 652//652
f 238//238 650//650 547//547
f 547//547 546//546 72//72
f 239//239 547//547 72//72
f 546//546 547//547 392//392
f 239//239 72//72 653//653
f 392//392 545//545 546//546
f 545//545 72//72 546//546
f 545//545 548//548 72//72
f 545//545 440//440 548//548
f 72//72 548//548 653//653
f 653//653 548//548 440//440
f 440//440 654//654 226//226
f 440//440 545//545 654//654
f 239//239 238//238 547//547
f 229//229 629//629 2//2
f 628//628 648//648 630//630
f 58//58 635//635 638//638
f 62//62 229//229 2//2
f 642//642 638//638 635//635
f 683//683 658//658 657//657
f 663//663 80//80 640//640
f 658//658 129//129 201//201
f 342//342 382//382 378//378
f 378//378 345//345 342//342
f 396//396 661//661 345//345
f 81//81 381//381 396//396
f 661//661 342//342 345//345
f 660//660 390//390 639//639
f 344//344 224//224 661//661
f 344//344 660//660 346//346
f 228//228 660//660 639//639
f 346//346 228//228 641//641
f 638//638 640//640 346//346
f 386//386 230//230 639//639
f 386//386 639//639 71//71
f 71//71 390//390 389//389
f 71//71 389//389 684//684
f 388//388 71//71 684//684
f 224//224 640//640 80//80
f 660//660 228//228 346//346
f 637//637 638//638 641//641
f 633//633 230//230 662//662
f 388//388 391//391 394//394
f 684//684 387//387 236//236
f 394//394 649//649 632//632
f 636//636 632//632 648//648
f 391//391 649//649 394//394
f 227//227 654//654 392//392
f 1453//1453 192//192 1442//1442
f 78//78 132//132 1459//1459
f 207//207 201//201 79//79
f 201//201 342//342 224//224
f 403//403 1411//1411 321//321
f 403//403 326//326 263//263
f 345//345 374//374 81//81
f 511//511 665//665 948//948
f 511//511 948//948 1209//1209
f 457//457 452//452 315//315
f 563//563 471//471 452//452
f 1548//1548 563//563 457//457
f 477//477 471//471 563//563
f 257//257 665//665 511//511
f 82//82 266//266 1067//1067
f 535//535 576//576 270//270
f 411//411 576//576 257//257
f 82//82 576//576 533//533
f 82//82 533//533 530//530
f 266//266 82//82 530//530
f 1438//1438 89//89 124//124
f 54//54 132//132 53//53
f 670//670 119//119 112//112
f 111//111 119//119 666//666
f 54//54 53//53 111//111
f 53//53 59//59 119//119
f 60//60 670//670 112//112
f 108//108 141//141 107//107
f 119//119 111//111 53//53
f 1438//1438 54//54 89//89
f 67//67 87//87 102//102
f 1466//1466 106//106 146//146
f 581//581 146//146 106//106
f 581//581 110//110 161//161
f 667//667 161//161 110//110
f 155//155 161//161 667//667
f 149//149 667//667 668//668
f 155//155 134//134 146//146
f 155//155 146//146 161//161
f 667//667 111//111 668//668
f 666//666 670//670 1626//1626
f 60//60 108//108 670//670
f 108//108 60//60 130//130
f 111//111 666//666 668//668
f 104//104 146//146 134//134
f 103//103 153//153 104//104
f 102//102 153//153 103//103
f 134//134 155//155 144//144
f 593//593 600//600 575//575
f 600//600 593//593 460//460
f 622//622 671//671 672//672
f 623//623 616//616 617//617
f 417//417 621//621 467//467
f 467//467 621//621 465//465
f 596//596 572//572 593//593
f 87//87 67//67 674//674
f 673//673 109//109 87//87
f 674//674 673//673 87//87
f 676//676 673//673 674//674
f 675//675 673//673 676//676
f 674//674 677//677 676//676
f 130//130 677//677 674//674
f 130//130 60//60 677//677
f 677//677 93//93 676//676
f 676//676 93//93 94//94
f 678//678 94//94 93//93
f 61//61 93//93 677//677
f 93//93 61//61 116//116
f 677//677 60//60 61//61
f 116//116 121//121 678//678
f 60//60 98//98 61//61
f 121//121 115//115 678//678
f 121//121 116//116 126//126
f 126//126 98//98 59//59
f 658//658 121//121 126//126
f 97//97 1439//1439 675//675
f 675//675 94//94 97//97
f 117//117 1439//1439 97//97
f 676//676 94//94 675//675
f 117//117 97//97 100//100
f 94//94 115//115 100//100
f 115//115 101//101 100//100
f 115//115 679//679 101//101
f 679//679 115//115 121//121
f 101//101 679//679 656//656
f 121//121 658//658 679//679
f 126//126 129//129 658//658
f 656//656 679//679 658//658
f 656//656 658//658 683//683
f 117//117 681//681 96//96
f 681//681 680//680 96//96
f 120//120 680//680 681//681
f 681//681 117//117 100//100
f 680//680 120//120 62//62
f 62//62 2//2 680//680
f 101//101 62//62 120//120
f 120//120 681//681 100//100
f 62//62 656//656 655//655
f 229//229 62//62 655//655
f 636//636 633//633 662//662
f 662//662 632//632 636//636
f 637//637 58//58 638//638
f 228//228 230//230 641//641
f 637//637 641//641 633//633
f 230//230 633//633 641//641
f 386//386 662//662 230//230
f 395//395 632//632 662//662
f 386//386 395//395 662//662
f 394//394 632//632 395//395
f 683//683 657//657 663//663
f 682//682 683//683 663//663
f 640//640 638//638 663//663
f 643//643 682//682 663//663
f 682//682 643//643 642//642
f 663//663 638//638 643//643
f 683//683 655//655 656//656
f 655//655 682//682 642//642
f 655//655 683//683 682//682
f 642//642 643//643 638//638
f 684//684 389//389 385//385
f 381//381 383//383 385//385
f 381//381 385//385 396//396
f 385//385 685//685 396//396
f 389//389 659//659 385//385
f 385//385 659//659 685//685
f 390//390 659//659 389//389
f 659//659 397//397 685//685
f 397//397 661//661 685//685
f 686//686 1413//1413 1416//1416
f 687//687 352//352 1413//1413
f 351//351 687//687 686//686
f 687//687 1413//1413 686//686
f 687//687 351//351 213//213
f 688//688 686//686 1416//1416
f 686//686 688//688 351//351
f 351//351 688//688 205//205
f 255//255 688//688 1416//1416
f 205//205 688//688 689//689
f 255//255 347//347 688//688
f 689//689 688//688 347//347
f 347//347 255//255 330//330
f 85//85 689//689 271//271
f 330//330 211//211 271//271
f 214//214 495//495 254//254
f 433//433 439//439 501//501
f 501//501 435//435 433//433
f 214//214 1461//1461 495//495
f 517//517 495//495 1461//1461
f 1355//1355 698//698 1328//1328
f 702//702 926//926 690//690
f 691//691 692//692 934//934
f 932//932 935//935 697//697
f 691//691 696//696 694//694
f 698//698 934//934 935//935
f 934//934 697//697 935//935
f 691//691 934//934 696//696
f 696//696 698//698 693//693
f 16//16 699//699 12//12
f 719//719 12//12 699//699
f 13//13 701//701 699//699
f 13//13 11//11 701//701
f 719//719 699//699 723//723
f 701//701 700//700 699//699
f 700//700 723//723 699//699
f 721//721 705//705 704//704
f 714//714 704//704 1553//1553
f 701//701 11//11 1381//1381
f 700//700 721//721 723//723
f 705//705 721//721 700//700
f 700//700 706//706 705//705
f 700//700 701//701 706//706
f 703//703 705//705 706//706
f 1550//1550 1452//1452 1469//1469
f 12//12 708//708 28//28
f 28//28 708//708 30//30
f 29//29 30//30 711//711
f 711//711 30//30 709//709
f 30//30 708//708 709//709
f 29//29 711//711 31//31
f 1471//1471 31//31 711//711
f 1631//1631 707//707 713//713
f 707//707 782//782 1551//1551
f 1471//1471 1551//1551 1469//1469
f 1470//1470 792//792 782//782
f 716//716 715//715 714//714
f 718//718 717//717 716//716
f 708//708 12//12 719//719
f 710//710 709//709 708//708
f 710//710 708//708 719//719
f 722//722 720//720 710//710
f 723//723 721//721 724//724
f 722//722 723//723 724//724
f 719//719 723//723 722//722
f 722//722 710//710 719//719
f 1472//1472 1467//1467 1473//1473
f 696//696 695//695 694//694
f 1474//1474 771//771 1478//1478
f 694//694 727//727 691//691
f 720//720 728//728 726//726
f 717//717 928//928 716//716
f 717//717 727//727 928//928
f 715//715 728//728 724//724
f 724//724 728//728 720//720
f 875//875 812//812 874//874
f 786//786 775//775 1352//1352
f 1630//1630 925//925 702//702
f 702//702 925//925 924//924
f 1232//1232 744//744 1229//1229
f 1476//1476 690//690 926//926
f 744//744 749//749 1229//1229
f 1229//1229 749//749 1231//1231
f 753//753 745//745 752//752
f 1077//1077 1073//1073 1076//1076
f 1095//1095 936//936 1067//1067
f 762//762 1224//1224 1227//1227
f 804//804 1349//1349 1475//1475
f 772//772 1344//1344 1340//1340
f 1262//1262 814//814 774//774
f 811//811 769//769 1561//1561
f 1475//1475 781//781 1473//1473
f 801//801 773//773 777//777
f 739//739 729//729 1063//1063
f 1470//1470 1478//1478 1479//1479
f 786//786 1352//1352 784//784
f 1549//1549 1467//1467 1472//1472
f 790//790 788//788 803//803
f 1063//1063 1500//1500 1065//1065
f 1480//1480 738//738 737//737
f 769//769 773//773 787//787
f 738//738 1505//1505 737//737
f 776//776 738//738 791//791
f 804//804 783//783 794//794
f 736//736 725//725 1552//1552
f 732//732 785//785 784//784
f 776//776 791//791 736//736
f 1480//1480 791//791 738//738
f 725//725 792//792 1470//1470
f 1629//1629 826//826 780//780
f 811//811 785//785 802//802
f 821//821 831//831 796//796
f 823//823 841//841 807//807
f 1348//1348 825//825 1260//1260
f 770//770 1260//1260 1264//1264
f 793//793 810//810 1353//1353
f 1260//1260 770//770 1348//1348
f 768//768 780//780 813//813
f 813//813 780//780 830//830
f 809//809 812//812 877//877
f 777//777 773//773 1628//1628
f 818//818 820//820 824//824
f 1482//1482 874//874 1628//1628
f 1488//1488 819//819 811//811
f 819//819 880//880 815//815
f 1350//1350 786//786 824//824
f 849//849 797//797 845//845
f 823//823 846//846 839//839
f 816//816 826//826 766//766
f 826//826 816//816 817//817
f 799//799 766//766 798//798
f 817//817 830//830 826//826
f 768//768 818//818 780//780
f 829//829 818//818 1341//1341
f 798//798 766//766 1629//1629
f 829//829 1629//1629 780//780
f 865//865 850//850 828//828
f 801//801 800//800 1343//1343
f 835//835 797//797 795//795
f 834//834 821//821 806//806
f 821//821 834//834 779//779
f 831//831 1484//1484 796//796
f 816//816 766//766 833//833
f 833//833 766//766 799//799
f 848//848 816//816 828//828
f 821//821 765//765 831//831
f 1484//1484 831//831 1629//1629
f 780//780 826//826 830//830
f 778//778 795//795 765//765
f 779//779 765//765 821//821
f 807//807 846//846 823//823
f 832//832 830//830 817//817
f 848//848 817//817 816//816
f 843//843 828//828 842//842
f 799//799 842//842 833//833
f 865//865 828//828 843//843
f 797//797 835//835 846//846
f 807//807 841//841 860//860
f 833//833 842//842 828//828
f 778//778 817//817 805//805
f 849//849 1486//1486 856//856
f 1485//1485 799//799 798//798
f 842//842 836//836 843//843
f 838//838 837//837 855//855
f 1485//1485 765//765 795//795
f 835//835 778//778 805//805
f 840//840 839//839 805//805
f 817//817 848//848 805//805
f 805//805 848//848 840//840
f 840//840 848//848 850//850
f 832//832 778//778 779//779
f 849//849 856//856 865//865
f 795//795 778//778 835//835
f 847//847 1486//1486 845//845
f 807//807 847//847 845//845
f 838//838 855//855 857//857
f 1485//1485 798//798 765//765
f 765//765 798//798 831//831
f 828//828 850//850 848//848
f 840//840 823//823 839//839
f 849//849 865//865 843//843
f 823//823 840//840 850//850
f 850//850 865//865 844//844
f 851//851 853//853 852//852
f 836//836 795//795 797//797
f 833//833 828//828 816//816
f 778//778 832//832 817//817
f 805//805 839//839 835//835
f 835//835 839//839 846//846
f 854//854 853//853 857//857
f 857//857 851//851 866//866
f 868//868 866//866 858//858
f 858//858 851//851 852//852
f 858//858 866//866 851//851
f 841//841 838//838 872//872
f 856//856 854//854 855//855
f 797//797 849//849 843//843
f 841//841 872//872 867//867
f 854//854 857//857 855//855
f 841//841 844//844 837//837
f 837//837 844//844 865//865
f 823//823 844//844 841//841
f 853//853 827//827 871//871
f 841//841 837//837 838//838
f 852//852 862//862 858//858
f 858//858 863//863 868//868
f 863//863 862//862 870//870
f 858//858 862//862 863//863
f 860//860 867//867 859//859
f 845//845 797//797 846//846
f 869//869 847//847 807//807
f 854//854 856//856 1486//1486
f 827//827 854//854 1486//1486
f 1486//1486 847//847 827//827
f 827//827 847//847 861//861
f 807//807 860//860 869//869
f 869//869 860//860 859//859
f 860//860 841//841 867//867
f 853//853 854//854 827//827
f 866//866 838//838 857//857
f 869//869 861//861 847//847
f 861//861 869//869 864//864
f 846//846 807//807 845//845
f 837//837 856//856 855//855
f 872//872 868//868 873//873
f 827//827 861//861 871//871
f 864//864 862//862 852//852
f 864//864 870//870 862//862
f 861//861 864//864 871//871
f 866//866 868//868 872//872
f 866//866 872//872 838//838
f 851//851 857//857 853//853
f 852//852 853//853 871//871
f 859//859 870//870 869//869
f 869//869 870//870 864//864
f 868//868 863//863 873//873
f 873//873 870//870 859//859
f 873//873 863//863 870//870
f 872//872 873//873 867//867
f 867//867 873//873 859//859
f 871//871 864//864 852//852
f 1060//1060 1022//1022 363//363
f 1061//1061 194//194 1062//1062
f 899//899 874//874 876//876
f 1481//1481 789//789 735//735
f 1497//1497 876//876 880//880
f 1550//1550 782//782 792//792
f 1469//1469 26//26 31//31
f 880//880 1009//1009 1557//1557
f 880//880 819//819 1488//1488
f 892//892 1051//1051 1052//1052
f 1365//1365 1366//1366 1038//1038
f 1498//1498 1033//1033 1024//1024
f 1046//1046 1045//1045 953//953
f 1033//1033 1026//1026 1024//1024
f 953//953 1045//1045 1042//1042
f 1099//1099 956//956 1045//1045
f 1363//1363 1364//1364 1048//1048
f 1074//1074 1028//1028 1051//1051
f 886//886 1006//1006 1092//1092
f 1049//1049 930//930 1363//1363
f 887//887 1024//1024 1003//1003
f 874//874 1482//1482 876//876
f 876//876 1482//1482 815//815
f 876//876 815//815 880//880
f 1034//1034 755//755 1031//1031
f 1072//1072 1123//1123 1057//1057
f 1073//1073 1077//1077 906//906
f 1335//1335 1082//1082 907//907
f 754//754 991//991 1230//1230
f 754//754 747//747 991//991
f 747//747 754//754 920//920
f 963//963 980//980 917//917
f 754//754 746//746 920//920
f 747//747 753//753 752//752
f 717//717 718//718 692//692
f 922//922 923//923 1331//1331
f 926//926 924//924 745//745
f 926//926 702//702 924//924
f 924//924 752//752 745//745
f 714//714 1553//1553 716//716
f 716//716 1553//1553 718//718
f 718//718 1553//1553 702//702
f 692//692 691//691 717//717
f 717//717 691//691 727//727
f 727//727 694//694 1491//1491
f 928//928 727//727 1491//1491
f 928//928 715//715 716//716
f 724//724 721//721 715//715
f 715//715 721//721 714//714
f 1130//1130 1124//1124 1136//1136
f 934//934 698//698 696//696
f 696//696 693//693 695//695
f 698//698 1355//1355 693//693
f 698//698 935//935 1328//1328
f 1364//1364 937//937 1365//1365
f 895//895 943//943 1090//1090
f 1015//1015 1012//1012 1011//1011
f 1049//1049 888//888 930//930
f 1020//1020 1087//1087 758//758
f 946//946 1014//1014 947//947
f 1090//1090 943//943 1409//1409
f 930//930 1047//1047 893//893
f 1312//1312 1311//1311 1303//1303
f 960//960 952//952 945//945
f 1257//1257 761//761 665//665
f 1015//1015 1011//1011 950//950
f 1043//1043 1254//1254 889//889
f 959//959 359//359 958//958
f 1037//1037 1493//1493 955//955
f 966//966 965//965 915//915
f 966//966 1494//1494 965//965
f 1554//1554 962//962 970//970
f 549//549 968//968 967//967
f 962//962 1554//1554 968//968
f 915//915 751//751 973//973
f 965//965 1495//1495 915//915
f 965//965 1494//1494 1496//1496
f 1495//1495 975//975 751//751
f 973//973 751//751 977//977
f 292//292 973//973 974//974
f 973//973 977//977 976//976
f 1495//1495 751//751 915//915
f 929//929 751//751 975//975
f 977//977 751//751 1555//1555
f 978//978 976//976 977//977
f 976//976 978//978 979//979
f 918//918 977//977 1555//1555
f 296//296 979//979 978//978
f 977//977 918//918 978//978
f 1158//1158 982//982 1233//1233
f 975//975 760//760 914//914
f 978//978 1562//1562 296//296
f 978//978 918//918 1534//1534
f 913//913 975//975 914//914
f 1555//1555 929//929 986//986
f 1533//1533 1383//1383 918//918
f 929//929 975//975 913//913
f 1490//1490 987//987 1391//1391
f 919//919 747//747 752//752
f 925//925 1387//1387 924//924
f 704//704 705//705 703//703
f 1519//1519 1630//1630 1386//1386
f 919//919 912//912 747//747
f 1230//1230 991//991 742//742
f 920//920 753//753 747//747
f 912//912 991//991 747//747
f 910//910 1119//1119 995//995
f 1390//1390 1489//1489 1120//1120
f 910//910 995//995 1121//1121
f 1153//1153 1154//1154 1138//1138
f 713//713 710//710 1631//1631
f 726//726 728//728 1491//1491
f 1491//1491 728//728 928//928
f 928//928 728//728 715//715
f 726//726 1631//1631 720//720
f 709//709 710//710 713//713
f 1002//1002 1050//1050 882//882
f 1393//1393 1093//1093 1092//1092
f 891//891 1008//1008 887//887
f 1036//1036 891//891 1091//1091
f 894//894 886//886 891//891
f 1004//1004 882//882 1092//1092
f 1004//1004 1092//1092 1006//1006
f 891//891 886//886 1091//1091
f 1498//1498 1024//1024 1007//1007
f 1089//1089 938//938 895//895
f 951//951 946//946 1089//1089
f 1011//1011 1012//1012 951//951
f 946//946 951//951 1012//1012
f 950//950 1011//1011 1016//1016
f 951//951 1016//1016 1011//1011
f 1016//1016 951//951 1089//1089
f 1477//1477 1018//1018 878//878
f 897//897 1013//1013 1010//1010
f 890//890 1015//1015 950//950
f 1017//1017 881//881 1086//1086
f 758//758 1017//1017 1086//1086
f 1087//1087 1018//1018 898//898
f 1087//1087 1023//1023 1018//1018
f 268//268 1019//1019 1037//1037
f 875//875 874//874 1021//1021
f 1022//1022 757//757 900//900
f 900//900 337//337 1022//1022
f 1018//1018 1023//1023 878//878
f 1008//1008 1007//1007 887//887
f 1035//1035 896//896 1026//1026
f 1074//1074 1029//1029 883//883
f 887//887 1003//1003 885//885
f 1051//1051 892//892 1074//1074
f 1357//1357 1030//1030 1334//1334
f 755//755 1034//1034 1030//1030
f 1035//1035 1335//1335 1075//1075
f 952//952 960//960 890//890
f 955//955 277//277 1037//1037
f 954//954 1040//1040 1039//1039
f 1102//1102 945//945 889//889
f 890//890 960//960 1015//1015
f 1102//1102 953//953 1040//1040
f 1041//1041 1046//1046 953//953
f 1085//1085 882//882 1050//1050
f 1048//1048 1050//1050 1049//1049
f 1049//1049 1052//1052 1055//1055
f 892//892 1050//1050 1002//1002
f 1074//1074 892//892 1002//1002
f 1050//1050 892//892 1052//1052
f 1050//1050 1052//1052 1049//1049
f 1054//1054 1070//1070 1069//1069
f 1056//1056 1049//1049 1055//1055
f 1499//1499 1055//1055 909//909
f 1054//1054 1028//1028 1074//1074
f 906//906 1069//1069 1073//1073
f 909//909 1069//1069 1072//1072
f 958//958 359//359 361//361
f 1044//1044 958//958 1493//1493
f 1060//1060 877//877 1059//1059
f 877//877 812//812 875//875
f 1063//1063 1065//1065 739//739
f 1064//1064 729//729 191//191
f 1059//1059 757//757 1022//1022
f 757//757 1059//1059 1021//1021
f 1021//1021 1059//1059 875//875
f 1060//1060 1059//1059 1022//1022
f 957//957 1098//1098 959//959
f 959//959 1098//1098 371//371
f 959//959 944//944 957//957
f 1213//1213 1066//1066 957//957
f 1218//1218 1217//1217 1219//1219
f 1070//1070 1054//1054 883//883
f 1027//1027 883//883 1029//1029
f 1029//1029 1004//1004 1068//1068
f 1004//1004 1029//1029 1002//1002
f 1556//1556 1028//1028 1054//1054
f 1070//1070 883//883 1027//1027
f 1068//1068 1004//1004 884//884
f 1029//1029 1068//1068 1027//1027
f 883//883 1054//1054 1074//1074
f 884//884 1025//1025 1068//1068
f 1556//1556 1052//1052 1028//1028
f 1052//1052 1051//1051 1028//1028
f 906//906 1077//1077 1360//1360
f 1069//1069 1070//1070 1073//1073
f 909//909 1072//1072 1057//1057
f 1077//1077 1076//1076 1079//1079
f 906//906 1078//1078 1072//1072
f 1078//1078 1360//1360 1081//1081
f 1361//1361 1327//1327 1362//1362
f 1072//1072 1069//1069 906//906
f 1078//1078 1123//1123 1072//1072
f 1082//1082 1080//1080 907//907
f 1075//1075 1335//1335 1032//1032
f 1080//1080 1082//1082 1362//1362
f 750//750 749//749 1632//1632
f 744//744 1232//1232 1078//1078
f 1079//1079 1076//1076 1032//1032
f 1632//1632 905//905 750//750
f 1123//1123 1078//1078 1232//1232
f 1025//1025 1027//1027 1068//1068
f 1002//1002 882//882 1004//1004
f 1048//1048 1049//1049 1363//1363
f 1074//1074 1002//1002 1029//1029
f 362//362 197//197 758//758
f 1020//1020 197//197 334//334
f 362//362 758//758 1086//1086
f 1501//1501 757//757 1023//1023
f 900//900 1020//1020 334//334
f 898//898 1017//1017 1087//1087
f 1020//1020 900//900 1501//1501
f 1017//1017 898//898 1014//1014
f 197//197 1020//1020 758//758
f 1017//1017 1014//1014 881//881
f 1014//1014 898//898 1013//1013
f 1019//1019 881//881 759//759
f 1017//1017 758//758 1087//1087
f 1014//1014 759//759 881//881
f 1088//1088 881//881 1019//1019
f 946//946 759//759 1014//1014
f 1477//1477 1010//1010 1013//1013
f 1013//1013 947//947 1014//1014
f 1012//1012 759//759 946//946
f 947//947 1089//1089 946//946
f 1089//1089 947//947 938//938
f 938//938 947//947 1013//1013
f 898//898 1018//1018 1013//1013
f 1015//1015 960//960 1012//1012
f 1016//1016 1090//1090 1409//1409
f 759//759 1012//1012 960//960
f 1016//1016 1409//1409 950//950
f 1497//1497 1010//1010 1477//1477
f 1010//1010 879//879 897//897
f 1557//1557 1008//1008 1036//1036
f 1036//1036 1091//1091 1394//1394
f 1009//1009 1007//1007 1008//1008
f 1092//1092 1091//1091 886//886
f 891//891 885//885 894//894
f 1093//1093 1091//1091 1092//1092
f 1394//1394 1397//1397 1036//1036
f 1397//1397 1005//1005 1633//1633
f 887//887 885//885 891//891
f 1036//1036 1008//1008 891//891
f 884//884 886//886 894//894
f 886//886 884//884 1006//1006
f 884//884 894//894 885//885
f 1007//1007 1024//1024 887//887
f 882//882 1393//1393 1092//1092
f 885//885 1003//1003 884//884
f 1025//1025 884//884 1003//1003
f 1003//1003 1024//1024 1026//1026
f 1026//1026 1025//1025 1003//1003
f 1006//1006 884//884 1004//1004
f 895//895 1005//1005 1397//1397
f 1090//1090 1089//1089 895//895
f 1088//1088 1086//1086 881//881
f 1086//1086 1088//1088 362//362
f 1099//1099 1105//1105 956//956
f 371//371 359//359 959//959
f 1208//1208 1094//1094 931//931
f 1097//1097 1099//1099 931//931
f 275//275 1098//1098 1066//1066
f 1066//1066 1098//1098 957//957
f 1094//1094 1100//1100 1257//1257
f 1105//1105 1099//1099 1097//1097
f 1094//1094 1097//1097 931//931
f 1045//1045 1058//1058 1042//1042
f 1097//1097 1221//1221 1105//1105
f 1039//1039 1044//1044 1493//1493
f 1133//1133 1125//1125 1126//1126
f 1098//1098 373//373 371//371
f 944//944 1096//1096 957//957
f 1207//1207 1100//1100 1094//1094
f 959//959 958//958 944//944
f 277//277 955//955 361//361
f 361//361 955//955 958//958
f 1044//1044 1058//1058 944//944
f 1058//1058 1044//1044 1039//1039
f 956//956 1105//1105 1096//1096
f 1104//1104 1222//1222 1096//1096
f 1096//1096 1105//1105 1104//1104
f 1222//1222 1104//1104 1221//1221
f 1221//1221 1104//1104 1105//1105
f 902//902 904//904 1118//1118
f 1057//1057 901//901 1499//1499
f 987//987 1489//1489 1114//1114
f 911//911 1115//1115 997//997
f 999//999 1183//1183 1203//1203
f 763//763 902//902 1056//1056
f 994//994 1120//1120 1107//1107
f 903//903 1122//1122 901//901
f 1118//1118 1113//1113 902//902
f 763//763 1499//1499 901//901
f 1118//1118 904//904 1106//1106
f 1499//1499 763//763 1055//1055
f 1112//1112 1111//1111 1113//1113
f 1228//1228 1112//1112 910//910
f 1055//1055 763//763 1056//1056
f 904//904 763//763 901//901
f 987//987 1114//1114 1391//1391
f 904//904 901//901 1558//1558
f 1389//1389 1107//1107 1558//1558
f 1120//1120 998//998 1106//1106
f 988//988 1223//1223 995//995
f 994//994 1390//1390 1120//1120
f 901//901 1057//1057 1123//1123
f 1118//1118 1106//1106 998//998
f 998//998 1120//1120 1489//1489
f 910//910 1112//1112 1119//1119
f 1232//1232 903//903 1123//1123
f 1187//1187 902//902 1113//1113
f 902//902 763//763 904//904
f 1124//1124 1130//1130 982//982
f 1136//1136 1124//1124 448//448
f 1154//1154 1149//1149 1143//1143
f 1130//1130 1136//1136 1149//1149
f 1143//1143 1127//1127 1135//1135
f 1143//1143 1149//1149 1136//1136
f 1270//1270 1141//1141 1146//1146
f 1136//1136 1127//1127 1143//1143
f 1145//1145 1147//1147 1250//1250
f 1290//1290 1139//1139 1307//1307
f 1144//1144 1270//1270 1135//1135
f 1290//1290 1140//1140 1139//1139
f 1289//1289 1274//1274 1159//1159
f 1154//1154 1143//1143 1145//1145
f 1151//1151 1161//1161 1162//1162
f 1149//1149 985//985 1130//1130
f 1279//1279 1159//1159 1160//1160
f 1139//1139 1310//1310 1307//1307
f 1163//1163 1310//1310 1168//1168
f 1138//1138 1252//1252 1157//1157
f 1170//1170 1245//1245 1242//1242
f 1164//1164 1163//1163 1168//1168
f 1171//1171 1168//1168 1173//1173
f 1175//1175 1286//1286 911//911
f 1178//1178 1299//1299 1177//1177
f 1174//1174 1175//1175 1172//1172
f 1280//1280 1177//1177 1286//1286
f 1115//1115 911//911 1176//1176
f 1109//1109 1117//1117 1179//1179
f 1109//1109 1299//1299 1302//1302
f 1302//1302 1108//1108 1117//1117
f 1185//1185 1302//1302 1182//1182
f 1182//1182 1302//1302 1181//1181
f 1109//1109 1302//1302 1117//1117
f 1117//1117 1108//1108 1116//1116
f 1182//1182 1184//1184 1185//1185
f 1302//1302 1185//1185 1108//1108
f 1186//1186 1185//1185 1184//1184
f 1108//1108 1185//1185 1186//1186
f 1053//1053 1186//1186 1184//1184
f 1184//1184 1110//1110 1053//1053
f 1302//1302 1300//1300 1181//1181
f 1305//1305 1311//1311 1190//1190
f 1190//1190 1295//1295 1139//1139
f 1193//1193 1192//1192 1191//1191
f 1167//1167 1139//1139 1192//1192
f 1194//1194 1314//1314 1211//1211
f 1193//1193 1211//1211 1192//1192
f 1178//1178 1195//1195 1196//1196
f 1176//1176 1180//1180 1115//1115
f 1116//1116 1108//1108 1183//1183
f 1180//1180 1117//1117 1116//1116
f 1116//1116 1183//1183 1115//1115
f 1183//1183 1108//1108 1186//1186
f 916//916 917//917 1233//1233
f 1308//1308 1199//1199 761//761
f 761//761 1199//1199 665//665
f 1094//1094 1208//1208 1207//1207
f 997//997 999//999 1121//1121
f 1257//1257 1100//1100 761//761
f 1313//1313 1315//1315 1314//1314
f 1207//1207 1312//1312 1206//1206
f 1204//1204 1200//1200 939//939
f 603//603 1209//1209 948//948
f 1202//1202 1188//1188 1298//1298
f 1214//1214 1067//1067 1066//1066
f 1213//1213 957//957 1096//1096
f 1214//1214 1066//1066 1213//1213
f 1214//1214 1212//1212 1215//1215
f 1212//1212 1213//1213 1220//1220
f 1212//1212 1214//1214 1213//1213
f 1215//1215 942//942 1214//1214
f 1216//1216 1212//1212 1220//1220
f 1095//1095 1214//1214 942//942
f 942//942 1218//1218 1097//1097
f 1215//1215 1217//1217 1218//1218
f 1095//1095 942//942 1097//1097
f 1218//1218 942//942 1215//1215
f 1219//1219 1221//1221 1218//1218
f 1217//1217 1216//1216 1220//1220
f 1096//1096 1220//1220 1213//1213
f 1220//1220 1222//1222 1219//1219
f 1220//1220 1219//1219 1217//1217
f 1222//1222 1220//1220 1096//1096
f 1218//1218 1221//1221 1097//1097
f 1219//1219 1222//1222 1221//1221
f 1212//1212 1216//1216 1215//1215
f 1215//1215 1216//1216 1217//1217
f 1490//1490 988//988 995//995
f 993//993 1224//1224 1504//1504
f 990//990 1224//1224 993//993
f 1226//1226 990//990 989//989
f 762//762 1504//1504 1224//1224
f 989//989 990//990 993//993
f 990//990 1226//1226 1502//1502
f 998//998 1112//1112 1113//1113
f 1225//1225 1224//1224 990//990
f 1113//1113 1118//1118 998//998
f 1502//1502 986//986 913//913
f 1225//1225 1502//1502 914//914
f 1112//1112 998//998 1489//1489
f 914//914 1001//1001 1225//1225
f 993//993 988//988 1384//1384
f 1119//1119 1489//1489 987//987
f 987//987 1490//1490 995//995
f 1229//1229 903//903 1232//1232
f 971//971 972//972 549//549
f 972//972 287//287 969//969
f 962//962 972//972 969//969
f 549//549 972//972 968//968
f 971//971 287//287 972//972
f 968//968 972//972 962//962
f 1494//1494 967//967 968//968
f 967//967 1494//1494 966//966
f 973//973 976//976 974//974
f 979//979 974//974 976//976
f 969//969 287//287 284//284
f 510//510 917//917 980//980
f 1198//1198 917//917 510//510
f 969//969 284//284 980//980
f 1198//1198 514//514 1158//1158
f 1233//1233 1198//1198 1158//1158
f 917//917 1198//1198 1233//1233
f 514//514 1198//1198 510//510
f 982//982 1130//1130 1233//1233
f 983//983 1240//1240 981//981
f 1503//1503 927//927 1236//1236
f 1496//1496 927//927 760//760
f 1201//1201 1227//1227 1210//1210
f 980//980 284//284 510//510
f 985//985 1233//1233 1130//1130
f 916//916 1233//1233 985//985
f 916//916 963//963 917//917
f 964//964 980//980 963//963
f 970//970 969//969 980//980
f 961//961 963//963 916//916
f 964//964 963//963 961//961
f 962//962 969//969 970//970
f 1235//1235 980//980 964//964
f 1235//1235 970//970 980//980
f 981//981 1236//1236 983//983
f 1210//1210 1234//1234 1237//1237
f 1225//1225 1001//1001 1227//1227
f 1234//1234 1227//1227 1001//1001
f 1234//1234 1001//1001 760//760
f 1224//1224 1225//1225 1227//1227
f 1504//1504 762//762 1239//1239
f 1503//1503 1236//1236 981//981
f 983//983 1236//1236 1235//1235
f 1240//1240 1237//1237 981//981
f 1253//1253 983//983 964//964
f 1503//1503 981//981 1237//1237
f 1205//1205 1240//1240 1253//1253
f 1253//1253 1240//1240 983//983
f 1238//1238 1237//1237 1240//1240
f 1240//1240 1205//1205 1238//1238
f 1237//1237 1234//1234 1503//1503
f 1205//1205 1243//1243 1238//1238
f 1210//1210 1227//1227 1234//1234
f 1210//1210 1237//1237 1238//1238
f 1000//1000 1210//1210 1238//1238
f 1201//1201 1210//1210 1000//1000
f 762//762 1227//1227 1201//1201
f 1239//1239 762//762 1201//1201
f 1239//1239 1172//1172 997//997
f 1000//1000 1239//1239 1201//1201
f 1239//1239 1121//1121 1223//1223
f 996//996 1121//1121 999//999
f 999//999 997//997 1115//1115
f 1115//1115 1183//1183 999//999
f 1203//1203 996//996 999//999
f 996//996 910//910 1121//1121
f 996//996 1203//1203 1228//1228
f 996//996 1228//1228 910//910
f 1111//1111 1203//1203 1183//1183
f 1203//1203 1111//1111 1228//1228
f 1111//1111 1112//1112 1228//1228
f 1187//1187 1113//1113 1111//1111
f 902//902 1187//1187 1056//1056
f 1049//1049 1056//1056 1053//1053
f 1001//1001 914//914 760//760
f 1495//1495 965//965 1496//1496
f 913//913 986//986 929//929
f 916//916 1150//1150 961//961
f 1150//1150 1152//1152 961//961
f 1162//1162 1241//1241 1170//1170
f 1241//1241 1169//1169 1244//1244
f 1246//1246 1245//1245 1170//1170
f 1170//1170 1242//1242 1157//1157
f 1241//1241 1162//1162 1161//1161
f 1162//1162 1170//1170 1157//1157
f 1242//1242 1245//1245 1205//1205
f 1245//1245 1243//1243 1205//1205
f 1252//1252 1162//1162 1157//1157
f 1161//1161 1151//1151 1247//1247
f 1157//1157 1242//1242 1251//1251
f 1241//1241 1244//1244 1170//1170
f 1243//1243 1245//1245 1246//1246
f 1246//1246 1244//1244 1285//1285
f 1244//1244 1246//1246 1170//1170
f 1172//1172 1246//1246 1174//1174
f 1246//1246 1172//1172 1239//1239
f 1248//1248 1165//1165 1267//1267
f 1239//1239 1000//1000 1243//1243
f 1172//1172 911//911 997//997
f 1174//1174 1285//1285 1249//1249
f 1172//1172 1175//1175 911//911
f 1288//1288 1280//1280 1175//1175
f 1239//1239 997//997 1121//1121
f 1176//1176 911//911 1286//1286
f 1247//1247 1151//1151 1278//1278
f 1242//1242 1205//1205 1156//1156
f 1153//1153 1251//1251 1156//1156
f 1157//1157 1251//1251 1138//1138
f 1145//1145 1252//1252 1138//1138
f 1150//1150 1149//1149 1154//1154
f 1150//1150 985//985 1149//1149
f 1153//1153 1152//1152 1150//1150
f 1154//1154 1153//1153 1150//1150
f 961//961 1152//1152 1253//1253
f 961//961 1253//1253 964//964
f 1154//1154 1145//1145 1138//1138
f 1153//1153 1138//1138 1251//1251
f 1275//1275 1277//1277 1287//1287
f 1236//1236 1554//1554 1235//1235
f 1554//1554 970//970 1235//1235
f 1235//1235 964//964 983//983
f 1554//1554 1236//1236 927//927
f 941//941 1047//1047 930//930
f 764//764 1047//1047 941//941
f 930//930 888//888 941//941
f 1255//1255 1047//1047 764//764
f 1041//1041 1254//1254 1255//1255
f 1254//1254 1041//1041 1102//1102
f 1047//1047 1043//1043 893//893
f 1254//1254 1047//1047 1255//1255
f 1255//1255 764//764 1046//1046
f 1040//1040 953//953 1042//1042
f 1040//1040 954//954 945//945
f 1041//1041 953//953 1102//1102
f 1039//1039 1493//1493 954//954
f 945//945 954//954 960//960
f 1040//1040 945//945 1102//1102
f 1039//1039 1040//1040 1042//1042
f 1058//1058 1039//1039 1042//1042
f 956//956 1058//1058 1045//1045
f 1102//1102 889//889 1254//1254
f 1046//1046 1041//1041 1255//1255
f 1099//1099 1045//1045 1046//1046
f 1101//1101 1099//1099 1046//1046
f 1101//1101 931//931 1099//1099
f 1256//1256 1101//1101 764//764
f 1101//1101 1256//1256 931//931
f 941//941 1256//1256 764//764
f 1492//1492 1256//1256 1182//1182
f 1256//1256 940//940 1182//1182
f 941//941 888//888 940//940
f 941//941 940//940 1256//1256
f 940//940 888//888 1110//1110
f 940//940 1110//1110 1182//1182
f 1110//1110 1184//1184 1182//1182
f 888//888 1053//1053 1110//1110
f 888//888 1049//1049 1053//1053
f 1097//1097 1094//1094 1257//1257
f 1257//1257 1095//1095 1097//1097
f 956//956 1096//1096 1058//1058
f 764//764 1101//1101 1046//1046
f 722//722 724//724 720//720
f 790//790 1506//1506 1500//1500
f 1505//1505 803//803 737//737
f 738//738 776//776 1505//1505
f 1483//1483 1062//1062 366//366
f 729//729 1064//1064 1063//1063
f 740//740 1258//1258 1260//1260
f 1260//1260 1258//1258 1264//1264
f 1264//1264 1258//1258 776//776
f 1258//1258 1506//1506 1505//1505
f 1061//1061 1060//1060 363//363
f 1061//1061 1062//1062 877//877
f 1262//1262 774//774 1261//1261
f 1260//1260 1259//1259 740//740
f 825//825 767//767 1260//1260
f 787//787 773//773 801//801
f 801//801 777//777 1261//1261
f 790//790 1064//1064 788//788
f 188//188 1487//1487 788//788
f 1506//1506 790//790 803//803
f 1481//1481 737//737 789//789
f 729//729 739//739 367//367
f 739//739 1483//1483 366//366
f 366//366 1062//1062 194//194
f 739//739 366//366 367//367
f 1500//1500 1063//1063 790//790
f 1506//1506 1258//1258 740//740
f 736//736 1264//1264 776//776
f 1258//1258 1505//1505 776//776
f 1062//1062 1483//1483 814//814
f 1507//1507 774//774 1065//1065
f 1260//1260 767//767 1259//1259
f 809//809 777//777 1628//1628
f 809//809 1262//1262 777//777
f 877//877 814//814 809//809
f 809//809 814//814 1262//1262
f 1262//1262 1261//1261 777//777
f 1261//1261 774//774 1507//1507
f 800//800 801//801 1261//1261
f 822//822 1263//1263 767//767
f 813//813 822//822 767//767
f 825//825 813//813 767//767
f 1259//1259 767//767 1263//1263
f 822//822 813//813 830//830
f 945//945 952//952 889//889
f 952//952 890//890 1038//1038
f 1164//1164 1268//1268 1155//1155
f 1287//1287 1282//1282 1275//1275
f 1274//1274 1148//1148 1159//1159
f 1143//1143 1135//1135 1146//1146
f 1146//1146 1141//1141 1147//1147
f 1135//1135 984//984 1144//1144
f 1269//1269 1272//1272 1273//1273
f 1127//1127 984//984 1135//1135
f 984//984 1129//1129 1144//1144
f 1166//1166 1155//1155 1268//1268
f 1148//1148 1164//1164 1155//1155
f 1145//1145 1143//1143 1146//1146
f 1274//1274 1284//1284 1131//1131
f 1142//1142 1141//1141 1270//1270
f 1129//1129 1128//1128 1144//1144
f 1271//1271 1273//1273 1128//1128
f 1128//1128 1129//1129 1271//1271
f 1272//1272 1128//1128 1273//1273
f 1128//1128 1272//1272 1144//1144
f 1131//1131 1137//1137 1132//1132
f 1132//1132 1133//1133 1131//1131
f 1144//1144 1272//1272 1270//1270
f 1146//1146 1135//1135 1270//1270
f 1141//1141 1275//1275 1147//1147
f 1145//1145 1146//1146 1147//1147
f 1142//1142 1277//1277 1141//1141
f 1169//1169 1265//1265 1266//1266
f 1289//1289 1279//1279 1278//1278
f 1159//1159 1155//1155 1160//1160
f 1278//1278 1279//1279 1247//1247
f 1161//1161 1169//1169 1241//1241
f 1163//1163 1148//1148 1283//1283
f 1166//1166 1266//1266 1265//1265
f 1164//1164 1171//1171 1268//1268
f 1165//1165 1244//1244 1169//1169
f 1166//1166 1267//1267 1266//1266
f 1266//1266 1267//1267 1165//1165
f 1171//1171 1173//1173 1280//1280
f 1280//1280 1173//1173 1177//1177
f 1178//1178 1177//1177 1173//1173
f 1173//1173 1168//1168 1178//1178
f 1288//1288 1267//1267 1280//1280
f 1282//1282 1151//1151 1250//1250
f 1250//1250 1252//1252 1145//1145
f 1275//1275 1282//1282 1147//1147
f 1151//1151 1162//1162 1252//1252
f 1282//1282 1278//1278 1151//1151
f 1289//1289 1277//1277 1274//1274
f 1277//1277 1275//1275 1141//1141
f 1250//1250 1147//1147 1282//1282
f 1284//1284 1274//1274 1277//1277
f 1265//1265 1161//1161 1247//1247
f 1148//1148 1274//1274 1283//1283
f 1159//1159 1148//1148 1155//1155
f 1279//1279 1289//1289 1159//1159
f 1160//1160 1155//1155 1166//1166
f 1166//1166 1265//1265 1160//1160
f 1165//1165 1169//1169 1266//1266
f 1165//1165 1248//1248 1244//1244
f 1265//1265 1279//1279 1160//1160
f 1166//1166 1268//1268 1171//1171
f 1168//1168 1171//1171 1164//1164
f 1249//1249 1267//1267 1288//1288
f 1171//1171 1280//1280 1267//1267
f 1281//1281 1286//1286 1177//1177
f 1286//1286 1281//1281 1180//1180
f 1179//1179 1180//1180 1281//1281
f 1180//1180 1176//1176 1286//1286
f 1179//1179 1281//1281 1177//1177
f 1180//1180 1179//1179 1117//1117
f 1116//1116 1115//1115 1180//1180
f 1137//1137 1284//1284 1269//1269
f 1265//1265 1247//1247 1279//1279
f 1278//1278 1282//1282 1287//1287
f 1265//1265 1169//1169 1161//1161
f 1175//1175 1280//1280 1286//1286
f 1177//1177 1299//1299 1179//1179
f 1277//1277 1289//1289 1287//1287
f 1270//1270 1269//1269 1142//1142
f 1283//1283 1131//1131 1133//1133
f 1271//1271 1276//1276 1273//1273
f 1132//1132 1125//1125 1133//1133
f 1272//1272 1269//1269 1270//1270
f 603//603 1293//1293 1306//1306
f 1290//1290 1133//1133 1140//1140
f 1293//1293 1303//1303 1311//1311
f 1140//1140 1190//1190 1139//1139
f 1347//1347 1295//1295 1190//1190
f 1309//1309 1191//1191 1295//1295
f 1295//1295 1347//1347 1309//1309
f 1304//1304 1194//1194 1193//1193
f 1313//1313 1194//1194 1304//1304
f 1211//1211 1193//1193 1194//1194
f 1211//1211 1167//1167 1192//1192
f 1211//1211 1195//1195 1167//1167
f 1167//1167 1195//1195 1178//1178
f 1195//1195 1103//1103 1196//1196
f 1296//1296 1200//1200 1103//1103
f 1200//1200 1197//1197 1103//1103
f 1200//1200 1202//1202 1197//1197
f 1197//1197 1202//1202 1298//1298
f 1298//1298 1188//1188 1196//1196
f 1299//1299 1196//1196 1188//1188
f 1200//1200 1204//1204 1202//1202
f 1202//1202 1189//1189 1188//1188
f 1189//1189 1202//1202 1300//1300
f 1202//1202 1204//1204 1300//1300
f 1301//1301 1189//1189 1300//1300
f 1299//1299 1301//1301 1302//1302
f 1302//1302 1301//1301 1300//1300
f 1140//1140 1126//1126 1294//1294
f 1193//1193 1191//1191 1304//1304
f 1313//1313 1304//1304 1312//1312
f 1189//1189 1301//1301 1299//1299
f 1189//1189 1299//1299 1188//1188
f 1126//1126 1140//1140 1133//1133
f 948//948 1199//1199 603//603
f 1283//1283 1133//1133 1290//1290
f 1293//1293 1305//1305 1294//1294
f 1190//1190 1311//1311 949//949
f 1190//1190 1140//1140 1305//1305
f 1312//1312 1304//1304 1309//1309
f 1310//1310 1139//1139 1167//1167
f 1139//1139 1191//1191 1192//1192
f 1100//1100 1207//1207 1206//1206
f 1310//1310 1167//1167 1168//1168
f 1178//1178 1168//1168 1167//1167
f 1195//1195 1211//1211 1103//1103
f 1314//1314 1103//1103 1211//1211
f 1296//1296 1297//1297 1200//1200
f 1103//1103 1197//1197 1196//1196
f 1208//1208 1204//1204 939//939
f 1196//1196 1197//1197 1298//1298
f 1299//1299 1178//1178 1196//1196
f 1208//1208 1181//1181 1204//1204
f 1181//1181 1300//1300 1204//1204
f 1109//1109 1179//1179 1299//1299
f 1292//1292 603//603 1306//1306
f 1305//1305 1293//1293 1311//1311
f 1293//1293 603//603 1303//1303
f 1294//1294 1306//1306 1293//1293
f 949//949 1311//1311 1312//1312
f 1303//1303 1308//1308 1312//1312
f 1190//1190 949//949 1347//1347
f 1312//1312 1309//1309 949//949
f 949//949 1309//1309 1347//1347
f 1308//1308 1206//1206 1312//1312
f 1304//1304 1191//1191 1309//1309
f 1312//1312 1315//1315 1313//1313
f 1194//1194 1313//1313 1314//1314
f 1315//1315 1296//1296 1314//1314
f 1297//1297 1315//1315 1207//1207
f 1200//1200 1297//1297 939//939
f 1208//1208 939//939 1297//1297
f 1207//1207 1208//1208 1297//1297
f 1296//1296 1315//1315 1297//1297
f 1303//1303 1199//1199 1308//1308
f 603//603 1199//1199 1303//1303
f 1308//1308 761//761 1100//1100
f 1100//1100 1206//1206 1308//1308
f 1312//1312 1207//1207 1315//1315
f 1151//1151 1252//1252 1250//1250
f 1267//1267 1166//1166 1171//1171
f 1285//1285 1248//1248 1249//1249
f 1244//1244 1248//1248 1285//1285
f 1174//1174 1246//1246 1285//1285
f 1267//1267 1249//1249 1248//1248
f 1175//1175 1174//1174 1249//1249
f 1175//1175 1249//1249 1288//1288
f 984//984 1136//1136 448//448
f 1136//1136 984//984 1127//1127
f 1139//1139 1295//1295 1191//1191
f 1277//1277 1291//1291 1269//1269
f 1277//1277 1142//1142 1291//1291
f 1269//1269 1291//1291 1142//1142
f 1294//1294 1292//1292 1306//1306
f 1126//1126 1292//1292 1294//1294
f 1305//1305 1140//1140 1294//1294
f 1103//1103 1314//1314 1296//1296
f 1132//1132 1134//1134 1125//1125
f 1137//1137 1276//1276 1132//1132
f 1273//1273 1137//1137 1269//1269
f 1284//1284 1277//1277 1269//1269
f 1274//1274 1131//1131 1283//1283
f 1273//1273 1276//1276 1137//1137
f 1131//1131 1284//1284 1137//1137
f 1148//1148 1163//1163 1164//1164
f 1629//1629 829//829 1484//1484
f 1322//1322 730//730 1329//1329
f 1322//1322 1359//1359 730//730
f 1083//1083 756//756 1362//1362
f 1326//1326 1336//1336 1083//1083
f 1337//1337 1084//1084 756//756
f 745//745 753//753 1476//1476
f 692//692 690//690 697//697
f 746//746 1331//1331 920//920
f 697//697 934//934 692//692
f 1476//1476 923//923 932//932
f 690//690 692//692 718//718
f 753//753 920//920 923//923
f 750//750 1332//1332 1231//1231
f 754//754 1230//1230 746//746
f 933//933 1322//1322 1328//1328
f 933//933 1317//1317 1559//1559
f 935//935 1320//1320 1328//1328
f 1317//1317 1320//1320 1318//1318
f 933//933 1320//1320 1317//1317
f 1322//1322 1329//1329 1328//1328
f 1323//1323 908//908 1559//1559
f 1318//1318 1320//1320 922//922
f 1317//1317 1318//1318 1330//1330
f 935//935 932//932 1320//1320
f 922//922 1320//1320 932//932
f 1328//1328 1320//1320 933//933
f 1339//1339 1330//1330 1319//1319
f 922//922 932//932 923//923
f 1317//1317 1330//1330 1323//1323
f 1321//1321 1330//1330 1318//1318
f 922//922 1321//1321 1318//1318
f 1331//1331 1321//1321 922//922
f 750//750 1319//1319 1332//1332
f 923//923 920//920 1331//1331
f 921//921 1321//1321 1331//1331
f 1330//1330 1332//1332 1319//1319
f 1321//1321 1332//1332 1330//1330
f 1231//1231 1332//1332 748//748
f 749//749 750//750 1231//1231
f 1331//1331 746//746 921//921
f 743//743 748//748 1230//1230
f 1230//1230 748//748 746//746
f 743//743 1231//1231 748//748
f 1229//1229 1231//1231 743//743
f 742//742 743//743 1230//1230
f 1333//1333 1229//1229 743//743
f 743//743 992//992 1333//1333
f 903//903 1229//1229 1333//1333
f 1333//1333 1122//1122 903//903
f 742//742 992//992 743//743
f 1333//1333 1389//1389 1122//1122
f 1333//1333 992//992 1389//1389
f 1123//1123 903//903 901//901
f 1560//1560 1322//1322 933//933
f 1329//1329 730//730 810//810
f 1026//1026 1334//1334 1030//1030
f 1035//1035 1030//1030 1034//1034
f 1030//1030 1035//1035 1026//1026
f 1034//1034 1031//1031 1316//1316
f 1335//1335 1035//1035 1034//1034
f 1075//1075 1032//1032 1071//1071
f 896//896 1075//1075 1027//1027
f 1071//1071 1027//1027 1075//1075
f 1073//1073 1071//1071 1076//1076
f 1076//1076 1071//1071 1032//1032
f 1082//1082 1335//1335 1316//1316
f 1326//1326 1316//1316 1324//1324
f 1082//1082 1326//1326 1083//1083
f 1336//1336 1337//1337 1083//1083
f 1083//1083 1337//1337 756//756
f 1361//1361 756//756 1081//1081
f 1335//1335 1034//1034 1316//1316
f 1326//1326 1082//1082 1316//1316
f 1560//1560 1324//1324 1359//1359
f 1336//1336 908//908 1325//1325
f 750//750 905//905 1338//1338
f 1081//1081 905//905 1632//1632
f 1319//1319 1338//1338 1339//1339
f 1339//1339 1323//1323 1330//1330
f 1319//1319 750//750 1338//1338
f 1508//1508 1009//1009 1488//1488
f 1075//1075 896//896 1035//1035
f 1016//1016 1089//1089 1090//1090
f 896//896 1025//1025 1026//1026
f 1027//1027 1025//1025 896//896
f 1070//1070 1071//1071 1073//1073
f 948//948 665//665 1199//1199
f 1152//1152 1156//1156 1205//1205
f 1242//1242 1156//1156 1251//1251
f 1156//1156 1152//1152 1153//1153
f 1205//1205 1253//1253 1152//1152
f 936//936 1257//1257 665//665
f 82//82 936//936 665//665
f 82//82 1067//1067 936//936
f 936//936 1095//1095 1257//1257
f 1095//1095 1067//1067 1214//1214
f 811//811 819//819 769//769
f 772//772 811//811 1561//1561
f 1508//1508 1488//1488 811//811
f 785//785 1340//1340 784//784
f 785//785 732//732 802//802
f 772//772 785//785 811//811
f 1346//1346 784//784 1340//1340
f 1352//1352 732//732 784//784
f 1346//1346 786//786 784//784
f 1341//1341 824//824 786//786
f 829//829 1341//1341 1484//1484
f 1341//1341 818//818 824//824
f 1340//1340 785//785 772//772
f 819//819 815//815 769//769
f 769//769 787//787 1561//1561
f 1263//1263 1342//1342 800//800
f 1343//1343 800//800 1342//1342
f 787//787 801//801 1343//1343
f 1343//1343 806//806 787//787
f 1343//1343 834//834 806//806
f 806//806 741//741 787//787
f 741//741 1561//1561 787//787
f 741//741 821//821 796//796
f 806//806 821//821 741//741
f 832//832 834//834 1342//1342
f 1342//1342 834//834 1343//1343
f 1345//1345 1344//1344 796//796
f 1484//1484 1345//1345 796//796
f 1340//1340 1344//1344 1345//1345
f 1341//1341 1345//1345 1484//1484
f 1345//1345 1346//1346 1340//1340
f 1346//1346 1345//1345 1341//1341
f 1341//1341 786//786 1346//1346
f 834//834 832//832 779//779
f 1278//1278 1287//1287 1289//1289
f 1307//1307 1310//1310 1290//1290
f 1163//1163 1283//1283 1290//1290
f 1310//1310 1163//1163 1290//1290
f 820//820 768//768 825//825
f 1348//1348 820//820 825//825
f 818//818 768//768 820//820
f 820//820 1348//1348 1349//1349
f 1349//1349 1348//1348 1475//1475
f 820//820 1349//1349 824//824
f 1349//1349 1350//1350 824//824
f 1349//1349 731//731 1350//1350
f 775//775 786//786 1350//1350
f 775//775 1350//1350 1351//1351
f 775//775 733//733 1352//1352
f 1352//1352 733//733 1033//1033
f 733//733 1334//1334 1033//1033
f 1349//1349 804//804 731//731
f 808//808 804//804 794//794
f 731//731 804//804 808//808
f 731//731 734//734 1350//1350
f 734//734 731//731 808//808
f 1351//1351 1350//1350 734//734
f 793//793 734//734 808//808
f 808//808 1354//1354 793//793
f 734//734 793//793 1351//1351
f 1353//1353 1351//1351 793//793
f 733//733 1351//1351 1353//1353
f 1353//1353 1357//1357 1334//1334
f 1033//1033 1334//1334 1026//1026
f 1355//1355 794//794 693//693
f 1355//1355 1354//1354 794//794
f 794//794 783//783 693//693
f 1328//1328 1329//1329 1355//1355
f 1329//1329 810//810 1354//1354
f 1354//1354 810//810 793//793
f 1329//1329 1354//1354 1355//1355
f 794//794 1354//1354 808//808
f 810//810 1357//1357 1353//1353
f 1357//1357 810//810 1356//1356
f 1356//1356 755//755 1357//1357
f 755//755 1030//1030 1357//1357
f 908//908 1323//1323 1325//1325
f 1339//1339 1325//1325 1323//1323
f 1336//1336 1326//1326 1324//1324
f 1324//1324 1560//1560 908//908
f 908//908 1336//1336 1324//1324
f 1325//1325 1337//1337 1336//1336
f 1339//1339 1084//1084 1325//1325
f 1084//1084 1337//1337 1325//1325
f 1339//1339 1338//1338 1084//1084
f 1031//1031 1358//1358 1359//1359
f 1358//1358 755//755 1356//1356
f 1031//1031 755//755 1358//1358
f 1359//1359 1324//1324 1031//1031
f 1324//1324 1316//1316 1031//1031
f 730//730 1358//1358 1356//1356
f 1358//1358 730//730 1359//1359
f 1356//1356 810//810 730//730
f 1361//1361 1081//1081 1360//1360
f 1360//1360 1327//1327 1361//1361
f 1327//1327 1360//1360 1077//1077
f 1078//1078 906//906 1360//1360
f 1079//1079 1327//1327 1077//1077
f 1080//1080 1362//1362 1327//1327
f 1080//1080 1327//1327 1079//1079
f 907//907 1080//1080 1079//1079
f 1032//1032 907//907 1079//1079
f 907//907 1032//1032 1335//1335
f 1400//1400 1048//1048 1364//1364
f 930//930 893//893 1363//1363
f 1364//1364 1363//1363 937//937
f 1400//1400 1364//1364 1365//1365
f 1363//1363 893//893 937//937
f 937//937 1366//1366 1365//1365
f 1365//1365 1038//1038 1405//1405
f 950//950 1405//1405 890//890
f 889//889 952//952 1366//1366
f 1366//1366 952//952 1038//1038
f 1038//1038 890//890 1405//1405
f 958//958 1044//1044 944//944
f 1058//1058 1096//1096 944//944
f 1187//1187 1111//1111 1186//1186
f 1183//1183 1186//1186 1111//1111
f 1492//1492 1181//1181 1208//1208
f 1376//1376 1377//1377 239//239
f 1509//1509 1372//1372 1454//1454
f 239//239 653//653 1376//1376
f 1535//1535 1544//1544 296//296
f 1372//1372 77//77 245//245
f 1372//1372 245//245 1454//1454
f 1373//1373 304//304 248//248
f 1375//1375 1510//1510 1368//1368
f 1367//1367 24//24 1368//1368
f 24//24 1375//1375 1368//1368
f 1376//1376 653//653 1378//1378
f 314//314 237//237 1379//1379
f 1380//1380 1378//1378 422//422
f 992//992 742//742 1388//1388
f 752//752 1387//1387 1512//1512
f 912//912 1385//1385 1511//1511
f 742//742 991//991 1388//1388
f 1562//1562 978//978 1534//1534
f 1385//1385 912//912 919//919
f 1512//1512 1385//1385 919//919
f 703//703 1386//1386 1630//1630
f 1513//1513 994//994 1107//1107
f 1114//1114 1489//1489 1390//1390
f 1636//1636 1634//1634 1635//1635
f 1513//1513 1389//1389 1517//1517
f 1519//1519 925//925 1630//1630
f 1520//1520 706//706 1381//1381
f 1381//1381 11//11 1367//1367
f 1509//1509 1377//1377 1705//1705
f 1524//1524 1376//1376 1378//1378
f 1527//1527 1520//1520 1381//1381
f 1530//1530 1384//1384 1490//1490
f 1226//1226 989//989 1608//1608
f 1562//1562 1382//1382 1574//1574
f 1664//1664 1576//1576 1370//1370
f 314//314 1379//1379 1539//1539
f 1532//1532 1382//1382 1534//1534
f 1226//1226 1383//1383 1533//1533
f 1538//1538 1618//1618 1579//1579
f 1581//1581 1536//1536 1580//1580
f 1642//1642 1640//1640 1641//1641
f 895//895 1397//1397 943//943
f 1393//1393 882//882 1085//1085
f 1394//1394 1091//1091 1093//1093
f 1085//1085 1048//1048 1400//1400
f 1085//1085 1050//1050 1048//1048
f 943//943 1402//1402 1396//1396
f 1399//1399 1400//1400 1365//1365
f 1400//1400 1399//1399 1392//1392
f 1407//1407 1397//1397 1395//1395
f 1404//1404 1407//1407 1395//1395
f 1392//1392 1404//1404 1395//1395
f 1401//1401 1404//1404 1406//1406
f 1408//1408 1403//1403 1401//1401
f 1399//1399 1365//1365 1398//1398
f 1392//1392 1399//1399 1404//1404
f 1407//1407 1402//1402 1397//1397
f 1399//1399 1406//1406 1404//1404
f 1403//1403 1408//1408 1402//1402
f 1402//1402 1407//1407 1403//1403
f 1396//1396 1402//1402 1408//1408
f 1398//1398 1396//1396 1406//1406
f 1398//1398 1406//1406 1399//1399
f 1407//1407 1404//1404 1403//1403
f 1403//1403 1404//1404 1401//1401
f 1408//1408 1401//1401 1406//1406
f 1396//1396 1408//1408 1406//1406
f 1397//1397 1394//1394 1395//1395
f 1393//1393 1392//1392 1395//1395
f 943//943 1396//1396 1409//1409
f 950//950 1409//1409 1396//1396
f 1402//1402 943//943 1397//1397
f 1392//1392 1085//1085 1400//1400
f 1365//1365 1405//1405 1398//1398
f 950//950 1396//1396 1398//1398
f 950//950 1398//1398 1405//1405
f 1394//1394 1093//1093 1395//1395
f 1393//1393 1395//1395 1093//1093
f 1392//1392 1393//1393 1085//1085
f 1410//1410 317//317 398//398
f 1428//1428 1411//1411 263//263
f 1411//1411 1414//1414 1412//1412
f 1417//1417 1421//1421 255//255
f 1420//1420 1422//1422 1417//1417
f 255//255 1416//1416 1417//1417
f 1423//1423 1418//1418 1426//1426
f 1419//1419 1422//1422 1420//1420
f 1420//1420 1412//1412 1419//1419
f 1425//1425 1415//1415 1414//1414
f 1421//1421 1428//1428 200//200
f 1427//1427 1424//1424 1426//1426
f 1422//1422 1424//1424 1417//1417
f 1428//1428 1421//1421 1425//1425
f 1417//1417 1427//1427 1421//1421
f 1427//1427 1425//1425 1421//1421
f 1425//1425 1414//1414 1428//1428
f 1414//1414 1415//1415 1419//1419
f 1414//1414 1419//1419 1412//1412
f 1424//1424 1422//1422 1426//1426
f 1415//1415 1425//1425 1418//1418
f 1419//1419 1415//1415 1423//1423
f 1423//1423 1415//1415 1418//1418
f 1418//1418 1425//1425 1427//1427
f 1427//1427 1417//1417 1424//1424
f 1422//1422 1419//1419 1423//1423
f 1426//1426 1418//1418 1427//1427
f 1422//1422 1423//1423 1426//1426
f 1420//1420 317//317 1410//1410
f 317//317 1420//1420 1413//1413
f 1428//1428 1414//1414 1411//1411
f 1412//1412 1420//1420 1410//1410
f 200//200 255//255 1421//1421
f 4//4 8//8 647//647
f 1432//1432 34//34 1433//1433
f 1431//1431 1430//1430 1434//1434
f 1431//1431 1432//1432 1430//1430
f 1434//1434 63//63 1431//1431
f 1433//1433 1430//1430 1432//1432
f 26//26 1434//1434 1430//1430
f 1436//1436 1448//1448 1435//1435
f 1446//1446 1435//1435 1429//1429
f 1588//1588 1436//1436 1446//1446
f 1621//1621 33//33 29//29
f 99//99 27//27 1432//1432
f 1458//1458 1437//1437 44//44
f 95//95 735//735 789//789
f 105//105 368//368 1440//1440
f 1440//1440 1441//1441 105//105
f 1442//1442 192//192 220//220
f 242//242 249//249 1443//1443
f 1444//1444 68//68 1439//1439
f 1447//1447 1439//1439 117//117
f 1429//1429 1444//1444 1447//1447
f 1439//1439 68//68 675//675
f 125//125 68//68 1444//1444
f 1447//1447 7//7 1429//1429
f 1457//1457 1429//1429 7//7
f 117//117 96//96 1447//1447
f 1431//1431 63//63 65//65
f 1589//1589 65//65 63//63
f 1445//1445 1622//1622 92//92
f 92//92 125//125 1445//1445
f 1435//1435 1448//1448 1445//1445
f 1444//1444 1445//1445 125//125
f 1429//1429 1435//1435 1444//1444
f 1448//1448 65//65 1589//1589
f 1436//1436 65//65 1448//1448
f 65//65 1436//1436 99//99
f 1588//1588 99//99 1436//1436
f 190//190 192//192 1453//1453
f 1644//1644 1441//1441 1440//1440
f 144//144 149//149 669//669
f 167//167 1449//1449 154//154
f 136//136 107//107 1623//1623
f 152//152 144//144 669//669
f 1450//1450 90//90 144//144
f 156//156 159//159 1696//1696
f 142//142 1451//1451 164//164
f 163//163 165//165 167//167
f 160//160 157//157 148//148
f 1438//1438 190//190 1453//1453
f 735//735 63//63 1434//1434
f 1434//1434 1452//1452 735//735
f 63//63 735//735 95//95
f 1433//1433 29//29 31//31
f 31//31 26//26 1433//1433
f 1590//1590 1453//1453 1442//1442
f 77//77 1455//1455 245//245
f 7//7 47//47 1457//1457
f 289//289 290//290 240//240
f 979//979 1544//1544 294//294
f 979//979 296//296 1544//1544
f 241//241 1369//1369 540//540
f 650//650 238//238 305//305
f 1458//1458 44//44 32//32
f 1457//1457 47//47 1456//1456
f 1437//1437 1456//1456 44//44
f 1446//1446 1457//1457 1437//1437
f 1438//1438 1453//1453 132//132
f 338//338 1442//1442 220//220
f 57//57 336//336 192//192
f 339//339 129//129 126//126
f 1464//1464 128//128 364//364
f 365//365 364//364 128//128
f 375//375 356//356 343//343
f 393//393 380//380 384//384
f 325//325 322//322 318//318
f 127//127 322//322 325//325
f 313//313 437//437 1380//1380
f 231//231 237//237 432//432
f 242//242 1443//1443 552//552
f 312//312 306//306 560//560
f 420//420 1461//1461 214//214
f 191//191 1462//1462 1463//1463
f 583//583 578//578 1591//1591
f 577//577 1543//1543 1465//1465
f 1543//1543 188//188 1465//1465
f 64//64 88//88 1465//1465
f 1463//1463 1462//1462 113//113
f 1591//1591 113//113 368//368
f 1644//1644 1440//1440 113//113
f 106//106 105//105 579//579
f 1441//1441 579//579 105//105
f 139//139 580//580 368//368
f 1625//1625 128//128 1464//1464
f 71//71 639//639 390//390
f 73//73 1455//1455 246//246
f 245//245 1455//1455 73//73
f 395//395 71//71 394//394
f 388//388 394//394 71//71
f 198//198 322//322 1590//1590
f 78//78 1459//1459 199//199
f 199//199 339//339 78//78
f 190//190 1438//1438 124//124
f 153//153 1466//1466 146//146
f 666//666 1624//1624 668//668
f 1624//1624 149//149 668//668
f 339//339 126//126 59//59
f 656//656 62//62 101//101
f 413//413 517//517 1461//1461
f 1468//1468 695//695 1467//1467
f 783//783 1467//1467 693//693
f 1481//1481 735//735 1452//1452
f 1550//1550 712//712 1452//1452
f 1469//1469 1452//1452 26//26
f 1551//1551 1550//1550 1469//1469
f 1471//1471 711//711 709//709
f 709//709 713//713 1471//1471
f 713//713 707//707 1551//1551
f 1473//1473 781//781 1472//1472
f 1474//1474 1631//1631 726//726
f 923//923 1476//1476 753//753
f 745//745 1476//1476 926//926
f 899//899 1477//1477 878//878
f 781//781 1475//1475 770//770
f 1473//1473 783//783 804//804
f 804//804 1475//1475 1473//1473
f 695//695 693//693 1467//1467
f 732//732 1352//1352 1033//1033
f 1470//1470 782//782 1478//1478
f 1479//1479 1478//1478 771//771
f 1552//1552 1470//1470 1479//1479
f 725//725 736//736 791//791
f 1549//1549 771//771 1468//1468
f 1473//1473 1467//1467 783//783
f 792//792 1480//1480 712//712
f 1481//1481 712//712 1480//1480
f 1264//1264 736//736 781//781
f 1480//1480 737//737 1481//1481
f 791//791 792//792 725//725
f 791//791 1480//1480 792//792
f 802//802 1498//1498 1508//1508
f 815//815 1482//1482 769//769
f 774//774 1483//1483 1065//1065
f 829//829 780//780 818//818
f 844//844 823//823 850//850
f 778//778 765//765 779//779
f 836//836 799//799 1485//1485
f 799//799 836//836 842//842
f 836//836 1485//1485 795//795
f 797//797 843//843 836//836
f 849//849 845//845 1486//1486
f 865//865 856//856 837//837
f 899//899 1021//1021 874//874
f 899//899 878//878 1021//1021
f 792//792 712//712 1550//1550
f 737//737 1487//1487 789//789
f 1551//1551 782//782 1550//1550
f 1471//1471 1469//1469 31//31
f 880//880 879//879 1497//1497
f 880//880 1488//1488 1009//1009
f 988//988 1490//1490 1384//1384
f 695//695 1468//1468 694//694
f 1492//1492 1182//1182 1181//1181
f 937//937 893//893 1043//1043
f 1043//1043 1366//1366 937//937
f 955//955 1493//1493 958//958
f 1554//1554 1494//1494 968//968
f 760//760 975//975 1496//1496
f 1555//1555 1533//1533 918//918
f 752//752 924//924 1387//1387
f 707//707 1478//1478 782//782
f 1478//1478 707//707 1474//1474
f 707//707 1631//1631 1474//1474
f 1491//1491 771//771 1474//1474
f 1491//1491 1474//1474 726//726
f 694//694 1468//1468 1491//1491
f 879//879 1010//1010 1497//1497
f 876//876 1497//1497 899//899
f 1477//1477 899//899 1497//1497
f 802//802 732//732 1498//1498
f 1033//1033 1498//1498 732//732
f 1009//1009 1008//1008 1557//1557
f 1366//1366 1043//1043 889//889
f 1057//1057 1499//1499 909//909
f 877//877 875//875 1059//1059
f 814//814 877//877 1062//1062
f 960//960 1019//1019 759//759
f 900//900 334//334 337//337
f 900//900 757//757 1501//1501
f 1020//1020 1501//1501 1087//1087
f 1023//1023 1087//1087 1501//1501
f 1013//1013 897//897 938//938
f 879//879 1005//1005 897//897
f 1037//1037 954//954 1493//1493
f 1120//1120 1106//1106 1107//1107
f 1226//1226 986//986 1502//1502
f 1112//1112 1489//1489 1119//1119
f 913//913 914//914 1502//1502
f 1119//1119 987//987 995//995
f 301//301 915//915 973//973
f 1494//1494 927//927 1496//1496
f 760//760 927//927 1503//1503
f 760//760 1503//1503 1234//1234
f 1495//1495 1496//1496 975//975
f 1043//1043 1047//1047 1254//1254
f 931//931 1256//1256 1492//1492
f 803//803 788//788 1487//1487
f 1506//1506 803//803 1505//1505
f 877//877 1060//1060 1061//1061
f 737//737 803//803 1487//1487
f 1065//1065 1483//1483 739//739
f 1483//1483 774//774 814//814
f 1500//1500 1507//1507 1065//1065
f 740//740 1259//1259 1592//1592
f 1593//1593 1507//1507 1592//1592
f 1593//1593 1263//1263 800//800
f 813//813 825//825 768//768
f 1083//1083 1362//1362 1082//1082
f 1476//1476 932//932 697//697
f 697//697 690//690 1476//1476
f 1362//1362 756//756 1361//1361
f 756//756 1084//1084 1338//1338
f 756//756 1338//1338 905//905
f 1007//1007 1009//1009 1508//1508
f 1508//1508 1498//1498 1007//1007
f 769//769 1482//1482 773//773
f 802//802 1508//1508 811//811
f 822//822 1342//1342 1263//1263
f 741//741 796//796 1344//1344
f 1475//1475 1348//1348 770//770
f 775//775 1351//1351 733//733
f 733//733 1353//1353 1334//1334
f 931//931 1492//1492 1208//1208
f 1509//1509 1454//1454 238//238
f 238//238 1377//1377 1509//1509
f 1370//1370 295//295 243//243
f 1511//1511 1388//1388 991//991
f 991//991 912//912 1511//1511
f 1562//1562 1534//1534 1382//1382
f 752//752 1512//1512 919//919
f 1513//1513 1107//1107 1389//1389
f 1648//1648 1646//1646 1647//1647
f 1566//1566 992//992 1388//1388
f 1695//1695 1513//1513 1517//1517
f 1651//1651 1649//1649 1650//1650
f 1587//1587 1514//1514 1652//1652
f 1654//1654 1653//1653 1514//1514
f 1387//1387 925//925 1519//1519
f 703//703 706//706 1520//1520
f 1373//1373 248//248 1521//1521
f 1522//1522 1682//1682 1525//1525
f 1705//1705 1377//1377 1524//1524
f 1646//1646 1648//1648 1657//1657
f 1638//1638 1571//1571 1659//1659
f 1377//1377 1376//1376 1524//1524
f 1520//1520 1527//1527 1605//1605
f 1572//1572 1604//1604 1573//1573
f 1605//1605 1603//1603 1386//1386
f 1662//1662 1518//1518 1525//1525
f 1367//1367 1527//1527 1381//1381
f 1572//1572 1527//1527 1367//1367
f 1614//1614 1606//1606 1540//1540
f 1391//1391 1530//1530 1490//1490
f 1608//1608 1578//1578 1531//1531
f 986//986 1533//1533 1555//1555
f 918//918 1383//1383 1534//1534
f 293//293 243//243 1575//1575
f 308//308 1536//1536 1611//1611
f 1613//1613 1612//1612 1538//1538
f 314//314 1539//1539 1380//1380
f 1606//1606 1615//1615 1540//1540
f 1532//1532 1639//1639 1382//1382
f 1578//1578 1616//1616 1529//1529
f 1532//1532 1534//1534 1383//1383
f 1383//1383 1226//1226 1608//1608
f 1226//1226 1533//1533 986//986
f 1616//1616 1530//1530 1607//1607
f 1614//1614 1528//1528 1607//1607
f 1663//1663 1582//1582 1687//1687
f 1612//1612 1611//1611 1581//1581
f 1576//1576 1537//1537 1580//1580
f 1610//1610 295//295 1370//1370
f 1668//1668 1666//1666 1667//1667
f 1670//1670 1667//1667 1669//1669
f 1672//1672 1671//1671 1516//1516
f 1675//1675 1673//1673 1674//1674
f 28//28 33//33 39//39
f 30//30 33//33 28//28
f 114//114 131//131 1589//1589
f 188//188 1543//1543 1487//1487
f 243//243 294//294 1544//1544
f 420//420 256//256 1545//1545
f 404//404 325//325 323//323
f 1547//1547 427//427 233//233
f 86//86 425//425 1546//1546
f 555//555 563//563 1548//1548
f 555//555 1548//1548 278//278
f 252//252 1676//1676 258//258
f 1676//1676 252//252 205//205
f 1676//1676 205//205 689//689
f 365//365 194//194 1061//1061
f 1061//1061 52//52 365//365
f 388//388 684//684 236//236
f 562//562 1548//1548 457//457
f 97//97 94//94 100//100
f 1468//1468 1467//1467 1549//1549
f 721//721 704//704 714//714
f 706//706 701//701 1381//1381
f 1479//1479 1549//1549 1472//1472
f 736//736 1552//1552 781//781
f 766//766 826//826 1629//1629
f 690//690 718//718 702//702
f 1019//1019 954//954 1037//1037
f 1494//1494 1554//1554 927//927
f 751//751 929//929 1555//1555
f 960//960 954//954 1019//1019
f 1055//1055 1556//1556 909//909
f 1054//1054 1069//1069 1556//1556
f 909//909 1556//1556 1069//1069
f 1071//1071 1070//1070 1027//1027
f 1055//1055 1052//1052 1556//1556
f 1018//1018 1477//1477 1013//1013
f 938//938 1005//1005 895//895
f 1633//1633 879//879 1557//1557
f 904//904 1558//1558 1106//1106
f 1122//1122 1558//1558 901//901
f 1107//1107 1106//1106 1558//1558
f 1389//1389 1558//1558 1122//1122
f 1053//1053 1056//1056 1187//1187
f 1384//1384 989//989 993//993
f 1238//1238 1243//1243 1000//1000
f 985//985 1150//1150 916//916
f 1064//1064 790//790 1063//1063
f 740//740 1500//1500 1506//1506
f 908//908 1560//1560 1559//1559
f 933//933 1559//1559 1560//1560
f 1323//1323 1559//1559 1317//1317
f 748//748 1332//1332 921//921
f 748//748 921//921 746//746
f 1344//1344 772//772 1561//1561
f 1344//1344 1561//1561 741//741
f 1322//1322 1560//1560 1359//1359
f 1609//1609 1370//1370 243//243
f 243//243 1544//1544 1609//1609
f 1371//1371 1536//1536 308//308
f 1652//1652 1677//1677 1636//1636
f 1634//1634 1563//1563 1678//1678
f 1680//1680 1635//1635 1679//1679
f 1681//1681 1654//1654 1514//1514
f 1658//1658 1568//1568 1682//1682
f 1660//1660 1638//1638 1570//1570
f 1682//1682 1684//1684 1525//1525
f 1525//1525 1518//1518 1522//1522
f 1603//1603 1662//1662 1602//1602
f 1527//1527 1572//1572 1526//1526
f 1521//1521 1685//1685 1573//1573
f 1526//1526 1573//1573 1685//1685
f 1529//1529 1528//1528 1577//1577
f 1562//1562 1574//1574 296//296
f 1535//1535 296//296 1574//1574
f 243//243 295//295 1575//1575
f 295//295 303//303 540//540
f 1538//1538 1537//1537 1618//1618
f 1576//1576 1618//1618 1537//1537
f 1577//1577 1639//1639 1531//1531
f 1578//1578 1529//1529 1531//1531
f 1580//1580 1536//1536 1371//1371
f 1537//1537 1581//1581 1580//1580
f 1575//1575 295//295 540//540
f 540//540 1369//1369 1575//1575
f 1665//1665 1687//1687 1642//1642
f 1640//1640 1688//1688 1689//1689
f 1691//1691 1641//1641 1690//1690
f 1693//1693 1542//1542 1692//1692
f 1586//1586 1643//1643 1694//1694
f 1681//1681 1514//1514 1695//1695
f 1446//1446 1458//1458 1588//1588
f 114//114 1589//1589 63//63
f 1589//1589 1622//1622 1448//1448
f 1696//1696 142//142 164//164
f 127//127 1453//1453 1590//1590
f 307//307 1547//1547 233//233
f 363//363 52//52 1061//1061
f 1591//1591 368//368 580//580
f 580//580 583//583 1591//1591
f 578//578 1463//1463 1591//1591
f 113//113 1591//1591 1463//1463
f 322//322 127//127 1590//1590
f 198//198 1590//1590 221//221
f 1442//1442 221//221 1590//1590
f 669//669 149//149 1624//1624
f 712//712 1481//1481 1452//1452
f 713//713 1551//1551 1471//1471
f 1552//1552 1472//1472 781//781
f 1479//1479 771//771 1549//1549
f 725//725 1470//1470 1552//1552
f 770//770 1264//1264 781//781
f 897//897 1005//1005 938//938
f 757//757 878//878 1023//1023
f 880//880 1557//1557 879//879
f 292//292 301//301 973//973
f 1507//1507 1500//1500 1592//1592
f 740//740 1592//1592 1500//1500
f 1592//1592 1259//1259 1593//1593
f 1263//1263 1593//1593 1259//1259
f 1261//1261 1507//1507 1593//1593
f 1261//1261 1593//1593 800//800
f 756//756 905//905 1081//1081
f 1698//1698 1697//1697 1680//1680
f 1693//1693 1697//1697 1542//1542
f 1677//1677 1653//1653 1645//1645
f 1699//1699 1595//1595 1645//1645
f 1651//1651 1563//1563 1645//1645
f 1672//1672 1679//1679 1648//1648
f 1660//1660 1601//1601 1657//1657
f 1701//1701 1647//1647 1700//1700
f 1517//1517 1389//1389 992//992
f 994//994 1513//1513 1586//1586
f 1702//1702 1595//1595 1699//1699
f 1643//1643 1586//1586 1695//1695
f 1388//1388 1511//1511 1594//1594
f 1594//1594 1566//1566 1388//1388
f 1685//1685 1703//1703 1518//1518
f 1637//1637 1656//1656 1567//1567
f 1655//1655 1704//1704 1600//1600
f 1703//1703 1659//1659 1523//1523
f 1706//1706 1509//1509 1683//1683
f 1702//1702 1385//1385 1637//1637
f 1649//1649 1598//1598 1658//1658
f 1678//1678 1563//1563 1650//1650
f 1704//1704 1706//1706 1569//1569
f 1705//1705 1700//1700 1596//1596
f 248//248 1655//1655 1599//1599
f 1599//1599 1685//1685 1521//1521
f 1662//1662 1525//1525 1684//1684
f 1661//1661 1387//1387 1519//1519
f 1602//1602 1519//1519 1386//1386
f 1386//1386 1603//1603 1602//1602
f 1373//1373 1521//1521 1573//1573
f 1573//1573 1604//1604 1373//1373
f 1386//1386 703//703 1605//1605
f 1520//1520 1605//1605 703//703
f 1510//1510 1373//1373 1604//1604
f 1604//1604 1572//1572 1368//1368
f 1603//1603 1605//1605 1527//1527
f 1368//1368 1510//1510 1604//1604
f 1368//1368 1572//1572 1367//1367
f 1114//1114 1390//1390 1606//1606
f 1606//1606 1614//1614 1114//1114
f 1528//1528 1529//1529 1607//1607
f 989//989 1384//1384 1578//1578
f 1578//1578 1608//1608 989//989
f 1531//1531 1532//1532 1608//1608
f 1544//1544 1535//1535 1609//1609
f 293//293 1575//1575 1369//1369
f 303//303 1610//1610 1371//1371
f 295//295 1610//1610 303//303
f 1541//1541 76//76 1613//1613
f 1612//1612 1613//1613 76//76
f 1537//1537 1538//1538 1612//1612
f 1540//1540 1528//1528 1614//1614
f 1390//1390 994//994 1707//1707
f 1707//1707 1606//1606 1390//1390
f 1530//1530 1391//1391 1607//1607
f 1531//1531 1529//1529 1577//1577
f 1639//1639 1532//1532 1531//1531
f 1384//1384 1530//1530 1616//1616
f 1616//1616 1578//1578 1384//1384
f 1383//1383 1608//1608 1532//1532
f 1616//1616 1607//1607 1529//1529
f 1614//1614 1607//1607 1391//1391
f 1391//1391 1114//1114 1614//1614
f 1535//1535 1574//1574 1688//1688
f 1709//1709 1673//1673 1620//1620
f 1686//1686 1579//1579 1710//1710
f 1664//1664 1663//1663 1687//1687
f 1370//1370 1609//1609 1664//1664
f 1612//1612 76//76 1611//1611
f 1581//1581 1611//1611 1536//1536
f 1537//1537 1612//1612 1581//1581
f 1610//1610 1580//1580 1371//1371
f 1576//1576 1580//1580 1610//1610
f 1610//1610 1370//1370 1576//1576
f 1379//1379 1541//1541 1711//1711
f 1711//1711 1539//1539 1379//1379
f 1686//1686 1538//1538 1579//1579
f 1698//1698 1712//1712 1691//1691
f 1713//1713 1690//1690 1668//1668
f 1666//1666 1689//1689 1639//1639
f 1692//1692 1713//1713 1670//1670
f 1714//1714 1669//1669 1540//1540
f 1694//1694 1714//1714 1615//1615
f 1701//1701 1715//1715 1597//1597
f 1716//1716 1715//1715 1380//1380
f 1712//1712 1671//1671 1675//1675
f 1709//1709 1716//1716 1711//1711
f 1708//1708 1674//1674 1710//1710
f 34//34 32//32 1621//1621
f 131//131 583//583 92//92
f 1589//1589 131//131 1622//1622
f 109//109 583//583 122//122
f 152//152 136//136 1623//1623
f 151//151 152//152 1623//1623
f 136//136 1624//1624 107//107
f 142//142 1696//1696 1449//1449
f 301//301 292//292 302//302
f 41//41 1621//1621 32//32
f 434//434 353//353 206//206
f 377//377 203//203 319//319
f 541//541 1369//1369 241//241
f 189//189 1625//1625 1441//1441
f 108//108 107//107 1626//1626
f 1624//1624 1626//1626 107//107
f 649//649 1627//1627 634//634
f 670//670 108//108 1626//1626
f 111//111 667//667 110//110
f 666//666 1626//1626 1624//1624
f 1628//1628 874//874 812//812
f 809//809 1628//1628 812//812
f 1482//1482 1628//1628 773//773
f 798//798 1629//1629 831//831
f 1553//1553 704//704 1630//1630
f 704//704 703//703 1630//1630
f 1088//1088 1019//1019 268//268
f 744//744 1632//1632 749//749
f 1397//1397 1633//1633 1036//1036
f 988//988 1504//1504 1223//1223
f 1225//1225 990//990 1502//1502
f 993//993 1504//1504 988//988
f 1223//1223 1121//1121 995//995
f 1504//1504 1239//1239 1223//1223
f 1246//1246 1239//1239 1243//1243
f 921//921 1332//1332 1321//1321
f 1081//1081 1632//1632 1078//1078
f 744//744 1078//1078 1632//1632
f 1636//1636 1563//1563 1634//1634
f 1635//1635 1634//1634 1564//1564
f 1565//1565 1636//1636 1635//1635
f 1570//1570 1638//1638 1569//1569
f 1661//1661 1567//1567 1656//1656
f 1642//1642 1582//1582 1640//1640
f 1641//1641 1640//1640 1583//1583
f 1584//1584 1642//1642 1641//1641
f 1587//1587 1585//1585 1643//1643
f 1694//1694 1643//1643 1585//1585
f 34//34 1621//1621 29//29
f 673//673 68//68 109//109
f 125//125 583//583 109//109
f 151//151 1450//1450 152//152
f 289//289 240//240 291//291
f 539//539 306//306 312//312
f 69//69 1644//1644 113//113
f 1491//1491 1468//1468 771//771
f 1595//1595 1651//1651 1645//1645
f 1648//1648 1564//1564 1657//1657
f 1647//1647 1646//1646 1596//1596
f 1597//1597 1648//1648 1647//1647
f 1651//1651 1598//1598 1649//1649
f 1650//1650 1649//1649 1571//1571
f 1563//1563 1651//1651 1650//1650
f 1693//1693 1652//1652 1565//1565
f 1566//1566 1594//1594 1654//1654
f 1653//1653 1654//1654 1594//1594
f 1567//1567 1568//1568 1637//1637
f 1599//1599 1600//1600 1703//1703
f 1646//1646 1657//1657 1601//1601
f 1601//1601 1596//1596 1646//1646
f 1638//1638 1659//1659 1569//1569
f 1598//1598 1568//1568 1658//1658
f 1600//1600 1569//1569 1659//1659
f 1570//1570 1601//1601 1660//1660
f 1603//1603 1526//1526 1662//1662
f 1572//1572 1573//1573 1526//1526
f 1535//1535 1688//1688 1663//1663
f 1618//1618 1664//1664 1687//1687
f 1619//1619 1665//1665 1584//1584
f 1668//1668 1583//1583 1666//1666
f 1667//1667 1666//1666 1577//1577
f 1670//1670 1668//1668 1667//1667
f 1669//1669 1667//1667 1528//1528
f 1585//1585 1670//1670 1669//1669
f 1597//1597 1620//1620 1672//1672
f 1671//1671 1672//1672 1620//1620
f 1675//1675 1620//1620 1673//1673
f 1710//1710 1673//1673 1617//1617
f 1619//1619 1675//1675 1674//1674
f 138//138 154//154 1696//1696
f 80//80 657//657 201//201
f 341//341 355//355 319//319
f 199//199 325//325 404//404
f 429//429 427//427 1547//1547
f 512//512 454//454 276//276
f 512//512 1460//1460 454//454
f 689//689 261//261 1676//1676
f 201//201 657//657 658//658
f 111//111 110//110 89//89
f 1552//1552 1479//1479 1472//1472
f 702//702 1553//1553 1630//1630
f 710//710 720//720 1631//1631
f 1036//1036 1633//1633 1557//1557
f 1005//1005 879//879 1633//1633
f 1053//1053 1187//1187 1186//1186
f 1652//1652 1514//1514 1677//1677
f 1636//1636 1677//1677 1563//1563
f 1565//1565 1652//1652 1636//1636
f 1634//1634 1678//1678 1564//1564
f 1515//1515 1564//1564 1678//1678
f 1680//1680 1565//1565 1635//1635
f 1679//1679 1635//1635 1564//1564
f 1516//1516 1680//1680 1679//1679
f 1517//1517 1566//1566 1681//1681
f 1654//1654 1681//1681 1566//1566
f 1682//1682 1568//1568 1567//1567
f 1682//1682 1522//1522 1658//1658
f 1522//1522 1523//1523 1658//1658
f 1571//1571 1523//1523 1659//1659
f 1570//1570 1569//1569 1706//1706
f 1515//1515 1571//1571 1638//1638
f 1638//1638 1660//1660 1515//1515
f 1567//1567 1661//1661 1684//1684
f 1684//1684 1682//1682 1567//1567
f 1526//1526 1685//1685 1518//1518
f 1662//1662 1526//1526 1518//1518
f 1617//1617 1613//1613 1686//1686
f 1584//1584 1665//1665 1642//1642
f 1640//1640 1582//1582 1688//1688
f 1689//1689 1688//1688 1382//1382
f 1583//1583 1640//1640 1689//1689
f 1691//1691 1584//1584 1641//1641
f 1690//1690 1641//1641 1583//1583
f 1542//1542 1691//1691 1690//1690
f 1693//1693 1692//1692 1587//1587
f 1585//1585 1587//1587 1692//1692
f 1707//1707 1586//1586 1694//1694
f 1681//1681 1695//1695 1517//1517
f 1586//1586 1513//1513 1695//1695
f 1420//1420 1417//1417 1416//1416
f 1420//1420 1416//1416 1413//1413
f 675//675 68//68 673//673
f 164//164 147//147 1696//1696
f 102//102 122//122 582//582
f 1021//1021 878//878 757//757
f 1342//1342 830//830 832//832
f 1342//1342 822//822 830//830
f 1698//1698 1542//1542 1697//1697
f 1680//1680 1697//1697 1565//1565
f 1516//1516 1698//1698 1680//1680
f 1587//1587 1652//1652 1693//1693
f 1697//1697 1693//1693 1565//1565
f 1677//1677 1514//1514 1653//1653
f 1645//1645 1653//1653 1594//1594
f 1563//1563 1677//1677 1645//1645
f 1645//1645 1594//1594 1699//1699
f 1511//1511 1699//1699 1594//1594
f 1598//1598 1651//1651 1595//1595
f 1672//1672 1516//1516 1679//1679
f 1648//1648 1679//1679 1564//1564
f 1597//1597 1672//1672 1648//1648
f 1657//1657 1564//1564 1515//1515
f 1515//1515 1660//1660 1657//1657
f 1701//1701 1597//1597 1647//1647
f 1700//1700 1647//1647 1596//1596
f 1378//1378 1701//1701 1700//1700
f 1517//1517 992//992 1566//1566
f 1511//1511 1385//1385 1699//1699
f 1702//1702 1699//1699 1385//1385
f 1598//1598 1595//1595 1702//1702
f 1695//1695 1514//1514 1643//1643
f 1587//1587 1643//1643 1514//1514
f 1512//1512 1387//1387 1656//1656
f 1661//1661 1656//1656 1387//1387
f 1522//1522 1518//1518 1703//1703
f 1685//1685 1599//1599 1703//1703
f 1385//1385 1512//1512 1637//1637
f 1656//1656 1637//1637 1512//1512
f 1374//1374 77//77 1655//1655
f 1600//1600 1599//1599 1655//1655
f 77//77 1372//1372 1704//1704
f 1704//1704 1655//1655 77//77
f 1523//1523 1522//1522 1703//1703
f 1659//1659 1703//1703 1600//1600
f 1683//1683 1705//1705 1596//1596
f 1596//1596 1601//1601 1683//1683
f 1524//1524 1378//1378 1700//1700
f 1706//1706 1683//1683 1570//1570
f 1509//1509 1705//1705 1683//1683
f 1702//1702 1637//1637 1568//1568
f 1568//1568 1598//1598 1702//1702
f 1649//1649 1658//1658 1523//1523
f 1523//1523 1571//1571 1649//1649
f 1678//1678 1650//1650 1515//1515
f 1571//1571 1515//1515 1650//1650
f 1569//1569 1600//1600 1704//1704
f 1372//1372 1509//1509 1706//1706
f 1706//1706 1704//1704 1372//1372
f 1601//1601 1570//1570 1683//1683
f 1705//1705 1524//1524 1700//1700
f 1655//1655 248//248 1374//1374
f 1661//1661 1602//1602 1684//1684
f 1662//1662 1684//1684 1602//1602
f 1602//1602 1661//1661 1519//1519
f 1527//1527 1526//1526 1603//1603
f 1599//1599 1521//1521 248//248
f 1379//1379 76//76 1541//1541
f 1606//1606 1707//1707 1615//1615
f 1574//1574 1382//1382 1688//1688
f 1687//1687 1582//1582 1642//1642
f 1663//1663 1688//1688 1582//1582
f 1579//1579 1665//1665 1708//1708
f 1619//1619 1708//1708 1665//1665
f 1541//1541 1617//1617 1709//1709
f 1673//1673 1709//1709 1617//1617
f 1686//1686 1710//1710 1617//1617
f 1617//1617 1541//1541 1613//1613
f 1609//1609 1535//1535 1663//1663
f 1663//1663 1664//1664 1609//1609
f 1618//1618 1687//1687 1665//1665
f 1665//1665 1579//1579 1618//1618
f 1576//1576 1664//1664 1618//1618
f 1380//1380 1539//1539 1711//1711
f 1613//1613 1538//1538 1686//1686
f 1698//1698 1516//1516 1712//1712
f 1584//1584 1712//1712 1619//1619
f 1542//1542 1698//1698 1691//1691
f 1712//1712 1584//1584 1691//1691
f 1713//1713 1542//1542 1690//1690
f 1668//1668 1690//1690 1583//1583
f 1666//1666 1583//1583 1689//1689
f 1639//1639 1689//1689 1382//1382
f 1577//1577 1666//1666 1639//1639
f 1528//1528 1667//1667 1577//1577
f 1540//1540 1669//1669 1528//1528
f 1692//1692 1542//1542 1713//1713
f 1670//1670 1713//1713 1668//1668
f 1585//1585 1692//1692 1670//1670
f 1714//1714 1585//1585 1669//1669
f 1615//1615 1714//1714 1540//1540
f 1694//1694 1585//1585 1714//1714
f 1707//1707 1694//1694 1615//1615
f 994//994 1586//1586 1707//1707
f 1378//1378 1380//1380 1701//1701
f 1715//1715 1701//1701 1380//1380
f 1620//1620 1597//1597 1715//1715
f 1715//1715 1716//1716 1620//1620
f 1712//1712 1516//1516 1671//1671
f 1675//1675 1671//1671 1620//1620
f 1619//1619 1712//1712 1675//1675
f 1709//1709 1620//1620 1716//1716
f 1711//1711 1716//1716 1380//1380
f 1541//1541 1709//1709 1711//1711
f 1708//1708 1619//1619 1674//1674
f 1710//1710 1674//1674 1673//1673
f 1579//1579 1708//1708 1710//1710
# 3428 faces, 0 coords texture

# End of File
