####
#
# OBJ File Generated by Meshlab
#
####
# Object dragon_norm.obj
#
# Vertices: 2851
# Faces: 5698
#
####
vn 0.593406 0.450502 -0.667020
v 0.193846 0.917184 0.121486
vn 0.167129 0.760920 -0.626952
v 0.162142 0.958723 0.135928
vn -0.949824 -0.061120 -0.306754
v -0.274363 0.727711 -0.013024
vn -0.517205 0.568520 -0.639752
v 0.131115 0.954831 0.139141
vn 0.213823 0.795091 0.567547
v 0.149053 0.968011 0.201482
vn 0.621564 0.783194 0.016275
v 0.171215 0.967193 0.163845
vn 0.847700 0.244693 0.470670
v 0.173382 0.917126 0.188493
vn 0.893003 0.375132 0.248638
v 0.197418 0.915963 0.149831
vn 0.885506 -0.361152 0.292315
v 0.144833 0.007974 -0.442640
vn -0.981023 -0.122157 -0.150569
v -0.256487 0.672021 -0.030694
vn 0.491904 0.276167 0.825689
v 0.154998 0.902440 0.233764
vn -0.179483 0.426939 0.886289
v 0.136747 0.938510 0.222471
vn 0.851378 0.429547 -0.301073
v -0.159654 0.677022 -0.180049
vn 0.805829 0.133557 -0.576890
v -0.165651 0.725769 -0.174789
vn 0.198036 0.174249 0.964583
v 0.150148 0.863551 0.245801
vn 0.944445 0.045087 -0.325562
v -0.114761 0.917993 0.148535
vn 0.502510 0.582854 -0.638565
v -0.131593 0.954831 0.139141
vn 0.763692 0.644506 0.037248
v -0.148803 0.649662 -0.240364
vn -0.167113 0.760921 -0.626955
v -0.162619 0.958723 0.135928
vn -0.323235 0.942961 -0.079648
v 0.136069 0.975159 0.170074
vn -0.922897 0.384909 0.010314
v 0.111352 0.947064 0.176392
vn -0.939546 0.048046 -0.339035
v 0.111886 0.904436 0.152678
vn 0.248985 0.370211 -0.894958
v -0.205743 0.739159 -0.198619
vn -0.594274 0.145598 0.790974
v 0.134531 0.889655 0.235224
vn -0.720394 0.518934 0.460153
v 0.121208 0.950358 0.205164
vn -0.536523 0.719742 -0.440584
v -0.245792 0.718063 -0.211825
vn 0.964654 -0.192573 -0.179883
v -0.100507 0.400097 -0.599823
vn -0.202782 0.764618 0.611751
v -0.149531 0.968011 0.201482
vn 0.686596 0.479422 0.546572
v -0.121685 0.950358 0.205164
vn 0.952537 0.300688 0.047548
v -0.111830 0.947064 0.176392
vn 0.323235 0.942961 -0.079648
v -0.136547 0.975159 0.170074
vn -0.621443 0.783256 0.017875
v -0.171693 0.967193 0.163845
vn -0.921853 0.344286 0.177917
v -0.264242 0.684346 -0.155437
vn 0.521427 0.684172 -0.509924
v -0.194529 0.696563 -0.215430
vn 0.571036 0.800269 0.182994
v -0.175603 0.676873 -0.258049
vn -0.168488 0.974206 -0.150116
v -0.230215 0.694871 -0.253911
vn 0.622144 0.199292 0.757113
v -0.136017 0.897961 0.233312
vn -0.894374 0.373114 0.246741
v -0.197896 0.915963 0.149831
vn -0.590817 0.484210 -0.645349
v -0.194324 0.917184 0.121486
vn 0.167482 -0.016005 -0.985745
v -0.125753 0.422810 -0.683057
vn -0.436827 0.361567 -0.823682
v -0.142908 0.452880 -0.674287
vn -0.907165 0.135119 -0.398492
v -0.166932 0.446716 -0.624282
vn -0.766862 -0.063886 -0.638624
v -0.155580 0.407154 -0.665880
vn 0.902908 0.163402 -0.397565
v -0.100462 0.443270 -0.657782
vn -0.839912 0.229856 0.491645
v -0.176801 0.865515 0.203130
vn -0.873933 0.392281 -0.286979
v -0.247455 0.681316 -0.309515
vn -0.172080 0.215072 0.961318
v -0.150626 0.863551 0.245801
vn 0.985153 0.171256 -0.012034
v 0.170642 0.720356 0.407647
vn 0.699418 0.696948 0.158359
v 0.155050 0.764921 0.415424
vn 0.756003 -0.482925 -0.441863
v -0.108571 0.407556 -0.664760
vn 0.717211 0.534742 -0.446833
v 0.157970 0.754585 0.397748
vn 0.153768 0.809407 0.566758
v 0.136591 0.767436 0.430732
vn -0.147497 0.614512 0.774997
v 0.125953 0.754873 0.443325
vn -0.103205 0.992190 -0.070056
v 0.133514 0.771451 0.414381
vn -0.039420 0.767928 -0.639322
v 0.136799 0.764284 0.395505
vn -0.675640 0.736969 -0.019703
v 0.109527 0.760267 0.416918
vn -0.802550 0.416934 -0.426708
v 0.100193 0.737230 0.403101
vn -0.894166 0.447646 0.008985
v 0.085175 0.711797 0.426147
vn -0.610201 0.532757 0.586366
v 0.099307 0.725130 0.444891
vn 0.398626 0.445763 0.801494
v 0.136591 0.710884 0.462716
vn -0.717220 0.534727 -0.446836
v -0.158448 0.754585 0.397748
vn 0.039417 0.767927 -0.639323
v -0.137277 0.764284 0.395505
vn -0.506191 0.308145 -0.805492
v -0.154276 0.736533 0.382401
vn 0.721844 0.691890 -0.015118
v -0.110005 0.760267 0.416918
vn 0.889588 0.443794 -0.108076
v -0.085653 0.711797 0.426147
vn 0.178587 0.617459 0.766062
v -0.126430 0.754873 0.443325
vn -0.153752 0.809410 0.566759
v -0.137068 0.767436 0.430732
vn -0.699418 0.696947 0.158367
v -0.155528 0.764921 0.415424
vn 0.103225 0.992188 -0.070059
v -0.133991 0.771451 0.414381
vn -0.985820 0.167757 0.004139
v -0.171119 0.720356 0.407647
vn -0.388121 0.393728 0.833271
v -0.137068 0.710884 0.462716
vn 0.853470 0.520612 -0.023508
v -0.121709 0.615942 -0.191724
vn 0.570922 0.664303 0.482441
v 0.124038 0.626325 0.530499
vn 0.371090 0.887460 0.273326
v 0.081299 0.636124 0.562763
vn 0.034140 0.997943 0.054264
v 0.014581 0.654537 0.532614
vn -0.962989 -0.115426 -0.243576
v 0.106716 -0.069698 -0.414425
vn -0.881722 -0.207674 -0.423601
v 0.081521 -0.001237 -0.379807
vn -0.211058 0.958706 0.190625
v -0.032711 0.642054 0.636434
vn -0.062624 0.951051 0.302623
v -0.008426 0.633421 0.693579
vn -0.936913 -0.023207 -0.348790
v -0.188570 0.420381 -0.570710
vn -0.195374 0.973267 0.120750
v -0.042841 0.647891 0.565759
vn -0.518456 0.822711 0.233132
v -0.097027 0.618951 0.605993
vn 0.896155 0.440885 0.050265
v -0.093725 0.564416 -0.151939
vn 0.466470 0.830847 0.303478
v 0.069152 0.613216 0.689050
vn -0.969535 -0.031264 -0.242948
v -0.196807 0.376507 -0.527860
vn 0.841383 0.435088 0.320583
v 0.131428 0.551507 0.701496
vn 0.750065 -0.233109 -0.618920
v -0.060738 0.027273 -0.354986
vn -0.925866 0.075545 -0.370223
v -0.183896 0.351438 -0.597780
vn 0.095352 -0.251001 -0.963279
v -0.002953 0.036976 -0.319792
vn 0.946592 0.244695 0.209972
v 0.146655 0.508713 0.658961
vn -0.519553 -0.251331 -0.816638
v 0.041590 0.012075 -0.324372
vn 0.395685 -0.203845 -0.895478
v -0.035965 -0.027182 -0.309555
vn 0.706180 -0.056420 -0.705781
v -0.070628 -0.088792 -0.327280
vn -0.442537 -0.169150 -0.880653
v 0.041743 -0.059935 -0.306998
vn -0.452929 0.774090 0.442311
v -0.066323 0.593548 0.741222
vn -0.901273 -0.029365 -0.432256
v -0.153952 -0.007894 -0.343197
vn 0.717193 0.490927 0.494596
v 0.103309 0.535512 0.771148
vn 0.969612 0.221508 0.103855
v 0.149940 0.505727 0.674173
vn 0.823961 0.486855 0.289932
v 0.176638 0.468971 0.630591
vn -0.981524 -0.189524 0.026307
v -0.150002 0.057632 -0.380140
vn -0.959896 -0.215762 0.179017
v -0.161748 0.126557 -0.376969
vn 0.882183 -0.174056 -0.437559
v -0.079248 0.072209 -0.408954
vn -0.821746 -0.398373 0.407472
v -0.173017 0.050065 -0.448962
vn 0.894613 -0.171804 -0.412493
v -0.090605 -0.038503 -0.374833
vn 0.930418 -0.099272 -0.352799
v -0.105391 0.052880 -0.463333
vn -0.871618 0.046292 -0.487996
v -0.171681 0.032890 -0.311682
vn -0.977118 0.006435 0.212602
v -0.251281 0.633205 -0.091023
vn -0.745618 0.146966 -0.649966
v -0.228627 0.080984 -0.229938
vn -0.898748 0.082925 -0.430553
v -0.142321 -0.119072 -0.367317
vn 0.922175 0.028804 0.385698
v 0.163185 0.490975 0.633191
vn 0.825513 0.301840 0.476887
v 0.165427 0.482116 0.626519
vn 0.445673 -0.261453 0.856165
v 0.075032 0.480713 0.814350
vn -0.965293 0.112775 -0.235565
v 0.144234 0.069286 -0.574003
vn -0.992883 0.076518 -0.091260
v 0.134412 -0.007100 -0.585570
vn -0.947570 -0.153529 -0.280251
v 0.145023 -0.084857 -0.655552
vn 0.898145 0.346196 0.271080
v 0.162350 0.482888 0.639608
vn 0.674365 0.078541 0.734210
v 0.044737 0.485281 0.834218
vn -0.983166 0.180358 -0.029263
v 0.128570 0.659004 0.050505
vn 0.146417 0.740105 0.656359
v 0.025101 0.567761 0.802436
vn -0.245147 0.569130 0.784853
v -0.017238 0.519438 0.844870
vn 0.924522 0.138468 0.355086
v 0.188632 0.467550 0.610543
vn 0.901535 0.248938 0.353929
v 0.166835 0.446825 0.719304
vn 0.899275 0.360773 0.247281
v 0.156562 0.461547 0.729388
vn 0.284556 0.489584 0.824218
v 0.024134 0.520288 0.843808
vn -0.844201 0.484311 -0.229711
v 0.159738 0.732790 0.027773
vn 0.715709 0.560243 -0.417000
v -0.161994 0.104477 -0.605553
vn 0.137059 -0.035230 0.989936
v 0.008730 0.472343 0.872172
vn -0.334308 0.301480 0.892944
v -0.012806 0.492525 0.867131
vn 0.988929 0.035437 -0.144096
v -0.133443 -0.016305 -0.559452
vn -0.242779 0.596574 0.764956
v -0.010355 0.505107 0.857329
vn -0.767254 0.227768 0.599536
v -0.036115 0.480123 0.850861
vn -0.698529 0.441660 0.563022
v -0.029857 0.486007 0.857745
vn 0.980917 0.167475 -0.098765
v -0.139327 0.026982 -0.626761
vn 0.951508 0.158600 0.263588
v 0.185764 0.432953 0.672116
vn -0.939376 -0.159173 0.303705
v 0.133787 0.609623 0.105917
vn -0.560450 0.152939 0.813945
v -0.039973 0.496285 0.841355
vn -0.522575 0.143571 0.840418
v -0.072317 0.503275 0.826207
vn 0.332858 0.380835 0.862653
v 0.012328 0.492525 0.867131
vn -0.987131 -0.127718 0.096233
v 0.128235 0.672633 0.126054
vn -0.668283 -0.395300 0.630188
v 0.165166 0.589265 0.148737
vn 0.882443 0.143576 0.447973
v 0.147750 0.464524 0.750485
vn 0.994326 -0.023047 0.103849
v 0.194575 0.417631 0.595239
vn -0.950841 0.227546 -0.210057
v -0.214921 0.064301 -0.652604
vn -0.464814 0.746962 -0.475390
v -0.199205 0.093864 -0.653831
vn -0.915271 0.400215 0.045904
v 0.093305 0.558211 -0.106395
vn -0.928739 0.202773 -0.310366
v -0.215416 0.097627 -0.615149
vn 0.651551 -0.044391 0.757305
v 0.041556 0.450746 0.853140
vn -0.976640 -0.110029 -0.184573
v -0.233615 0.114391 -0.563037
vn 0.927253 -0.342442 0.151443
v 0.185156 0.341203 0.567138
vn -0.995821 -0.091244 0.003788
v -0.219355 0.048306 -0.585732
vn -0.616726 0.390289 -0.683610
v -0.199903 0.055851 -0.716268
vn -0.473855 -0.106990 0.874079
v -0.030711 0.456603 0.861544
vn -0.756493 0.155040 0.635359
v -0.062316 0.447437 0.827324
vn -0.875406 -0.260740 0.407038
v -0.204268 -0.002236 -0.539897
vn 0.991144 0.118344 -0.060234
v -0.128930 0.676819 0.073531
vn 0.943180 0.326496 -0.061741
v -0.132901 0.663355 0.006769
vn -0.755809 0.609351 0.239676
v -0.136753 0.570691 0.648038
vn -0.840429 0.415069 0.348422
v -0.131906 0.551507 0.701496
vn -0.905093 0.204901 0.372589
v -0.148123 0.540360 0.669719
vn -0.884398 -0.335082 0.324900
v -0.215919 0.059215 -0.503598
vn 0.942632 -0.179097 -0.281727
v -0.146803 -0.083396 -0.661299
vn 0.942386 -0.060699 -0.328975
v -0.144660 -0.136996 -0.628288
vn -0.637783 0.546895 0.542346
v -0.092106 0.538414 0.780662
vn 0.695294 -0.245523 -0.675489
v -0.163897 -0.078824 -0.710222
vn 0.916848 -0.326585 0.229633
v 0.166939 0.301579 0.522507
vn 0.878846 -0.255595 0.402865
v 0.151817 0.286635 0.536616
vn 0.857233 0.069992 0.510149
v 0.174448 0.275878 0.508606
vn 0.964885 -0.076439 0.251304
v 0.173249 0.309703 0.493942
vn 0.718651 -0.677663 0.155931
v 0.163915 0.296465 0.558109
vn 0.718487 -0.594894 0.360386
v 0.144100 0.285728 0.556730
vn 0.882872 0.164199 0.439973
v 0.150148 0.279773 0.543439
vn 0.921061 0.027409 0.388452
v 0.145299 0.284819 0.548432
vn 0.786427 -0.056720 0.615074
v 0.153121 0.261605 0.544138
vn 0.631324 -0.713764 0.303267
v 0.148375 0.288593 0.547740
vn -0.989626 -0.125914 -0.069176
v -0.242646 0.610136 -0.026506
vn -0.960240 0.063697 -0.271813
v -0.244032 0.546526 -0.000334
vn 0.942134 -0.208611 0.262420
v -0.130588 0.686908 0.157659
vn 0.947775 -0.147772 0.282642
v -0.133320 0.618630 0.102163
vn 0.725585 -0.276537 0.630121
v -0.159510 0.551689 0.117005
vn 0.930868 0.047880 0.362204
v 0.198383 0.258251 0.475557
vn -0.967426 0.097167 0.233765
v -0.245366 0.699889 0.119830
vn -0.682778 0.205995 0.700985
v -0.102548 0.496209 0.803326
vn -0.729217 0.071432 0.680544
v -0.119391 0.476052 0.790225
vn -0.768727 0.103275 -0.631184
v -0.206030 0.012650 -0.719381
vn -0.661332 -0.163706 -0.732011
v -0.204596 -0.031390 -0.717962
vn 0.607449 -0.401168 0.685616
v -0.164936 0.622089 0.171285
vn -0.939222 0.252924 -0.232146
v -0.281410 0.483208 0.041192
vn -0.927332 -0.037436 0.372363
v -0.275462 0.558151 0.140305
vn -0.927166 -0.087254 0.364350
v -0.281910 0.508758 0.110458
vn 0.951103 0.152313 0.268709
v -0.095665 0.521783 -0.015029
vn -0.923158 0.092678 -0.373082
v -0.222898 -0.054334 -0.686690
vn -0.587801 -0.091458 -0.803819
v -0.214579 -0.094186 -0.705194
vn -0.960205 0.134210 -0.244937
v -0.237003 -0.096479 -0.664847
vn -0.004966 -0.157919 -0.987440
v -0.182230 -0.065132 -0.721767
vn 0.998826 -0.046036 -0.015078
v 0.195671 0.230321 0.466725
vn 0.945551 -0.217910 -0.241762
v 0.194576 0.239828 0.464298
vn 0.857612 -0.484972 0.171186
v 0.197705 0.244377 0.458785
vn 0.988883 -0.038180 0.143709
v 0.187797 0.224758 0.450286
vn 0.939991 -0.331886 -0.079178
v 0.188580 0.235947 0.455719
vn 0.673697 -0.346630 0.652672
v 0.194055 0.232665 0.444929
vn 0.755931 -0.473102 0.452486
v 0.150148 0.181030 0.509555
vn 0.840144 -0.093613 0.534223
v -0.123687 0.496849 0.056301
vn 0.482924 -0.370891 -0.793237
v 0.162350 0.348079 -0.633519
vn 0.614470 -0.381099 -0.690789
v 0.150513 0.377880 -0.658581
vn 0.830837 -0.038048 -0.555214
v 0.173666 0.341937 -0.619754
vn 0.652148 -0.224576 -0.724064
v 0.175126 0.322629 -0.613171
vn -0.191152 -0.387190 -0.901967
v 0.169077 0.301224 -0.606498
vn -0.311008 -0.627985 -0.713379
v 0.156927 0.317317 -0.613269
vn 0.588903 -0.068386 -0.805305
v 0.182061 0.296266 -0.602480
vn 0.959789 0.144050 0.240944
v 0.146550 0.519265 0.670845
vn 0.980709 0.054236 -0.187796
v -0.127913 -0.143363 -0.559076
vn 0.985166 0.071489 -0.156007
v -0.118095 -0.133549 -0.481703
vn -0.800218 -0.024897 0.599192
v -0.204362 -0.066854 -0.558680
vn 0.901318 0.259553 0.346782
v 0.147646 0.540360 0.669719
vn 0.884013 0.324725 0.336267
v 0.148323 0.505564 0.687472
vn 0.769670 0.601684 0.213503
v 0.135287 0.511304 0.694388
vn 0.976839 0.100901 0.188693
v 0.130855 0.513248 0.714582
vn 0.866477 0.268923 0.420592
v 0.135339 0.518260 0.685956
vn 0.125884 -0.498458 -0.857725
v 0.162350 0.330338 -0.624151
vn 0.923944 0.292287 0.246772
v 0.129864 0.516478 0.738495
vn 0.867061 0.407015 0.287304
v 0.138624 0.480863 0.708975
vn 0.763269 0.645592 -0.025121
v 0.138989 0.478006 0.717661
vn 0.841600 0.540041 0.008074
v 0.144986 0.479693 0.736704
vn 0.746376 0.658725 -0.094887
v 0.149319 0.470662 0.718020
vn -0.986006 0.084609 0.143640
v -0.219328 -0.033823 -0.610731
vn -0.959823 0.242157 0.141773
v -0.239404 -0.110984 -0.616239
vn 0.771903 0.223980 -0.594978
v 0.216181 0.263644 -0.576170
vn 0.939729 0.195631 0.280424
v 0.131533 0.495923 0.714828
vn -0.782086 0.150943 0.604614
v -0.236207 -0.136475 -0.583201
vn 0.865317 0.464417 0.188533
v 0.146185 0.471055 0.698737
vn -0.157571 -0.164541 -0.973703
v 0.175934 0.257061 -0.594226
vn 0.462370 0.040790 -0.885748
v 0.207406 0.195035 -0.587903
vn -0.942695 -0.051314 -0.329685
v 0.116071 0.041008 -0.495899
vn -0.959336 -0.089963 -0.267546
v 0.108412 -0.014898 -0.458790
vn 0.034983 0.882772 -0.468498
v 0.181410 0.091280 -0.678281
vn 0.992419 -0.098299 0.073767
v 0.124054 -0.068838 -0.443184
vn 0.869968 -0.061992 0.489196
v 0.138318 -0.095537 -0.502670
vn 0.962295 0.074430 -0.261627
v 0.128652 -0.131423 -0.401219
vn 0.669698 0.456290 -0.585921
v 0.199426 0.055851 -0.716268
vn -0.845598 0.366214 -0.388396
v 0.152666 0.046998 -0.700343
vn -0.835090 -0.147847 -0.529874
v 0.080548 -0.060001 -0.347597
vn 0.236947 0.798955 -0.552744
v 0.187745 0.073789 -0.708526
vn -0.927439 0.029199 -0.372834
v 0.100694 -0.113899 -0.377039
vn -0.703731 0.118390 -0.700533
v 0.067389 -0.127418 -0.324528
vn -0.880064 0.285520 -0.379428
v 0.093169 -0.172240 -0.384759
vn -0.400684 0.375523 -0.835724
v 0.170902 0.046853 -0.722039
vn -0.095758 -0.018386 -0.995235
v 0.014994 -0.099684 -0.292415
vn -0.078487 0.083175 -0.993439
v 0.179611 0.017676 -0.729686
vn -0.242873 0.197061 -0.949831
v 0.018749 -0.158957 -0.300488
vn 0.784842 0.069084 -0.615833
v 0.205553 0.012650 -0.719381
vn 0.136849 -0.067610 -0.988282
v 0.189153 -0.009131 -0.729097
vn -0.693204 -0.040339 -0.719612
v 0.160256 -0.003353 -0.719625
vn 0.061583 -0.191561 -0.979547
v 0.181753 -0.065132 -0.721767
vn 0.876795 0.145792 0.458230
v 0.145116 -0.177133 -0.500201
vn 0.984211 0.115800 0.133864
v 0.127123 -0.144317 -0.455826
vn -0.411171 -0.593252 -0.692091
v 0.130594 0.379269 -0.664370
vn -0.090273 -0.364318 -0.926889
v 0.134088 0.395795 -0.676300
vn 0.967674 0.220757 -0.121954
v 0.136151 -0.201545 -0.422110
vn -0.647054 0.635194 -0.421722
v 0.061547 -0.247217 -0.399605
vn 0.890725 0.365342 0.270433
v 0.133410 0.499531 0.747195
vn 0.681810 0.067022 0.728453
v 0.118913 0.476052 0.790225
vn -0.576999 -0.596297 -0.558124
v 0.135276 0.340871 -0.620006
vn -0.807888 -0.383936 -0.447113
v 0.125914 0.323426 -0.581859
vn -0.969784 0.214583 -0.116075
v -0.278486 0.762095 0.011144
vn -0.520799 -0.346201 -0.780329
v -0.162828 0.348079 -0.633519
vn -0.518309 -0.454694 -0.724299
v -0.150991 0.377880 -0.658581
vn -0.993607 0.067449 0.090526
v -0.126224 -0.132395 -0.449137
vn -0.955099 -0.168829 0.243481
v -0.128561 -0.058774 -0.461009
vn 0.256271 -0.537436 0.803422
v 0.078553 0.461257 0.804488
vn -0.973807 0.227323 0.004951
v -0.293746 0.641035 -0.205844
vn -0.927896 0.001434 0.372837
v -0.279880 0.602768 -0.143500
vn 0.081465 -0.497489 -0.863637
v -0.134565 0.395795 -0.676300
vn 0.978616 -0.072106 -0.192641
v -0.110029 -0.071719 -0.442274
vn -0.912124 -0.019630 -0.409445
v -0.169256 0.387514 -0.629050
vn 0.487861 -0.599527 -0.634476
v -0.141442 0.346971 -0.633134
vn 0.485488 0.053886 -0.872581
v -0.045571 -0.133012 -0.310103
vn -0.978451 -0.014818 -0.205946
v -0.128531 -0.077645 -0.400643
vn 0.510892 0.305663 -0.803468
v 0.153799 0.736533 0.382401
vn 0.049632 -0.370135 -0.927651
v -0.169555 0.301224 -0.606498
vn 0.345865 -0.589328 -0.730116
v -0.157405 0.317317 -0.613269
vn -0.225705 -0.515804 -0.826440
v -0.162828 0.330338 -0.624151
vn -0.802525 -0.041856 0.595148
v -0.152248 -0.102821 -0.522204
vn -0.928627 0.181294 -0.323704
v -0.140301 -0.186883 -0.390833
vn 0.965716 0.200385 -0.165038
v 0.181644 0.656820 0.410637
vn -0.821692 0.114097 0.558395
v -0.154087 -0.170834 -0.515752
vn 0.790382 -0.223342 -0.570451
v -0.131899 0.285181 -0.562647
vn -0.806568 0.008707 -0.591077
v -0.174143 0.341937 -0.619754
vn -0.792500 0.015105 -0.609684
v -0.190100 0.309258 -0.597261
vn -0.576040 -0.255723 -0.776392
v -0.175603 0.322629 -0.613171
vn 0.960245 0.185922 -0.208235
v -0.113627 -0.200893 -0.516476
vn 0.620201 0.058210 0.782280
v 0.064474 0.461692 0.807792
vn 0.504795 -0.156263 0.848978
v 0.077562 0.454775 0.800005
vn 0.115499 -0.672532 0.730999
v 0.074851 0.460547 0.803173
vn 0.471720 -0.026970 -0.881336
v 0.162075 0.599276 0.378896
vn -0.623162 0.063942 -0.779474
v -0.204858 0.242970 -0.586748
vn -0.248994 -0.448520 0.858389
v 0.210334 0.543616 0.153096
vn -0.231262 -0.442242 0.866568
v 0.198984 0.614345 0.188631
vn -0.969687 0.180943 0.164214
v -0.135993 -0.201344 -0.459487
vn -0.947346 0.315706 -0.053539
v -0.145596 -0.250796 -0.439018
vn 0.652157 0.623226 -0.431602
v -0.059786 -0.249947 -0.397177
vn 0.647771 0.510823 -0.565202
v -0.054729 -0.214666 -0.352469
vn -0.782484 0.367031 -0.502999
v -0.174153 -0.250080 -0.365316
vn 0.508848 -0.035583 -0.860120
v -0.165703 0.209937 -0.584536
vn 0.948064 0.071555 -0.309928
v 0.353828 -0.010796 -0.102182
vn 0.663894 0.407202 0.627241
v 0.152625 0.663387 0.476299
vn 0.852141 0.293543 -0.433229
v -0.153079 0.044956 -0.700837
vn -0.116327 0.777355 -0.618213
v -0.188223 0.073789 -0.708526
vn 0.420468 0.365083 -0.830615
v -0.171380 0.046853 -0.722039
vn 0.111651 0.088869 -0.989766
v -0.180088 0.017676 -0.729686
vn -0.158096 -0.073979 -0.984649
v -0.189631 -0.009131 -0.729097
vn 0.602469 -0.083993 -0.793710
v -0.166388 -0.017369 -0.721519
vn 0.967117 -0.092052 -0.237088
v 0.351690 -0.065953 -0.090495
vn 0.921325 0.269422 0.280306
v 0.182269 0.608961 0.464832
vn 0.863471 0.104015 0.493557
v 0.333568 0.015107 -0.029311
vn 0.792206 0.280563 0.541935
v 0.314910 -0.092317 0.041800
vn 0.746947 0.095733 0.657956
v 0.313592 -0.191061 0.215562
vn 0.981807 -0.080197 0.172114
v 0.336881 -0.219469 0.176030
vn 0.915008 -0.071206 0.397102
v 0.305959 -0.216666 0.213753
vn 0.446832 -0.679395 0.582034
v 0.103791 0.360460 0.742991
vn 0.517944 -0.707818 0.480342
v 0.132393 0.336849 0.694437
vn 0.988254 0.076079 -0.132536
v 0.308566 -0.235294 0.231329
vn 0.997678 0.056270 -0.038376
v 0.192849 0.517699 0.468829
vn 0.889934 0.455966 0.010615
v 0.301820 -0.192982 0.265567
vn 0.763991 0.577681 0.287405
v 0.150880 0.579884 0.570634
vn 0.961518 -0.227623 0.153854
v 0.314405 -0.270537 0.280043
vn 0.755577 -0.587221 0.290302
v 0.331301 -0.229778 0.180110
vn 0.780884 0.028240 -0.624038
v 0.236519 -0.062335 -0.245894
vn 0.960429 -0.039566 -0.275701
v 0.345460 -0.135412 -0.075550
vn 0.537552 -0.465654 0.702997
v 0.095993 0.392892 0.788413
vn 0.732078 -0.362591 0.576705
v 0.058112 0.368137 0.776828
vn 0.537378 -0.597846 0.594815
v 0.058946 0.374708 0.783407
vn 0.885027 -0.005653 -0.465505
v 0.268449 -0.198181 -0.190991
vn 0.916300 -0.270365 0.295461
v 0.321967 -0.239466 0.172603
vn 0.935550 -0.326288 -0.135210
v 0.329789 -0.233067 0.150354
vn 0.873589 0.199447 0.443919
v 0.320742 -0.252798 0.178039
vn 0.977278 0.091403 0.191244
v 0.309296 -0.264166 0.221158
vn 0.895710 0.262643 0.358780
v 0.174030 0.516265 0.618593
vn 0.995378 0.087606 -0.039342
v 0.301213 -0.241890 0.217200
vn 0.527355 -0.538042 0.657577
v 0.078870 0.338161 0.748603
vn 0.668133 0.451157 0.591655
v 0.268321 -0.063978 0.076279
vn 0.654380 -0.350569 0.669991
v 0.290002 -0.276949 0.319643
vn 0.662744 -0.088038 0.743653
v 0.287499 -0.263874 0.324050
vn 0.549175 -0.568129 0.612892
v 0.098055 0.351597 0.736131
vn 0.372445 -0.743169 0.555864
v 0.096439 0.357993 0.740067
vn 0.553952 -0.530236 0.641862
v 0.091224 0.355679 0.744589
vn 0.783141 0.444061 0.435317
v 0.276288 -0.107971 0.097948
vn 0.856608 0.476023 0.199060
v 0.263617 -0.097558 0.113264
vn 0.959200 0.134970 0.248431
v 0.350350 -0.141991 -0.002042
vn 0.539493 -0.676073 0.501868
v 0.102696 0.341380 0.717975
vn 0.636596 -0.667230 0.386716
v 0.099880 0.317277 0.677420
vn 0.797098 0.522541 0.302633
v 0.315814 -0.149875 0.101401
vn 0.763724 0.476789 0.435199
v 0.298085 -0.161549 0.121938
vn 0.507276 -0.744964 0.433243
v 0.085436 0.307724 0.709894
vn 0.687259 -0.226851 0.690082
v 0.271197 -0.339668 0.311026
vn 0.878576 -0.236850 0.414736
v 0.282467 -0.310137 0.290337
vn 0.133932 -0.853101 0.504262
v 0.039870 0.317608 0.742327
vn 0.929347 0.312498 0.196620
v 0.268153 -0.109010 0.121189
vn 0.855729 0.438619 0.274483
v 0.271099 -0.119591 0.123473
vn 0.985210 0.134432 0.106250
v 0.265911 -0.112581 0.131584
vn 0.787750 0.573352 -0.225207
v 0.269822 -0.121669 0.139774
vn 0.760143 0.641994 0.100132
v 0.280407 -0.137086 0.127087
vn 0.586776 -0.258390 0.767417
v 0.199895 -0.260339 0.355752
vn 0.644553 0.122931 0.754612
v 0.211367 -0.285596 0.351612
vn 0.038515 -0.919027 0.392308
v -0.005950 0.297781 0.686486
vn 0.452245 -0.282818 0.845866
v 0.250528 -0.287819 0.333558
vn -0.081160 -0.834717 0.544666
v -0.012255 0.328067 0.765847
vn 0.884119 0.142696 0.444940
v 0.193742 -0.270264 0.369154
vn 0.733946 -0.326352 0.595665
v 0.185972 -0.269762 0.384420
vn 0.724476 0.168074 0.668495
v 0.191135 -0.280712 0.378706
vn 0.962163 0.237441 0.133658
v 0.185999 0.513424 0.547447
vn 0.843845 -0.203801 0.496377
v 0.193325 -0.257147 0.365127
vn 0.553270 -0.272704 0.787099
v 0.241716 -0.335788 0.329054
vn -0.249382 -0.830433 0.498186
v -0.055157 0.310114 0.730842
vn 0.940225 0.312446 0.135479
v 0.265911 -0.102558 0.154620
vn 0.839088 0.533552 0.106083
v 0.290889 -0.150706 0.126164
vn 0.773494 0.428978 -0.466566
v 0.297876 -0.158360 0.132485
vn 0.483080 -0.498713 0.719666
v 0.056596 0.402674 0.823936
vn 0.912535 0.399178 -0.089089
v 0.324280 -0.182543 0.160320
vn 0.122267 -0.527719 0.840573
v 0.013906 0.421990 0.855313
vn 0.968175 0.216745 -0.125134
v 0.321185 -0.255212 0.140192
vn 0.788909 0.522272 -0.323812
v 0.303588 -0.152922 0.142177
vn 0.966797 0.251652 0.044430
v 0.341613 -0.285727 0.157121
vn 0.893453 0.449029 -0.010679
v 0.301996 -0.170361 0.126968
vn 0.921720 0.317141 0.223281
v 0.332083 -0.281036 0.124051
vn 0.924272 0.348033 0.156827
v 0.323740 -0.263058 0.124528
vn 0.922544 0.303543 0.238272
v 0.324014 -0.169155 0.050474
vn 0.811236 -0.184969 0.554691
v 0.333676 -0.325608 0.204805
vn -0.301289 -0.553653 0.776333
v -0.032842 0.413268 0.844340
vn 0.929602 0.333911 0.156023
v 0.310287 -0.191595 0.122572
vn 0.808113 0.374984 0.454248
v 0.316127 -0.202396 0.120225
vn 0.982175 -0.122044 0.142960
v 0.337220 -0.321852 0.121801
vn -0.029810 -0.622444 0.782096
v -0.000239 0.401357 0.826567
vn 0.264820 -0.520982 0.811448
v 0.023753 0.390847 0.816185
vn 0.901060 -0.421133 -0.103619
v 0.328277 -0.346484 0.121980
vn -0.009005 -0.315843 0.948769
v -0.000239 0.385840 0.824501
vn 0.592010 -0.220224 0.775259
v 0.042468 0.372074 0.803907
vn 0.647082 -0.464763 0.604385
v 0.052689 0.362226 0.786727
vn 0.795767 0.257672 -0.548052
v 0.321863 -0.199193 0.135907
vn 0.845815 0.193037 -0.497326
v 0.328381 -0.215583 0.135943
vn 0.927703 -0.373081 0.013311
v 0.343503 -0.353742 0.151713
vn 0.465614 0.203868 -0.861186
v 0.321602 -0.209128 0.136088
vn 0.851464 0.160110 0.499374
v 0.333880 -0.211809 0.106681
vn 0.912719 0.228891 -0.338456
v 0.314928 -0.203305 0.129345
vn 0.858777 0.433167 -0.273620
v 0.321863 -0.217398 0.129850
vn 0.928731 -0.032768 0.369303
v 0.327964 -0.222975 0.119271
vn 0.954169 -0.292423 0.063646
v 0.323584 -0.227913 0.126760
vn -0.477551 -0.445426 0.757325
v -0.042659 0.384392 0.804592
vn 0.945688 -0.324373 0.021383
v 0.318630 -0.234878 0.128392
vn 0.942516 -0.165277 -0.290427
v 0.319204 -0.239267 0.136477
vn 0.973320 0.229237 0.009952
v 0.346803 -0.211996 0.067926
vn 0.959464 0.080988 0.269944
v 0.338393 -0.226978 0.017946
vn 0.979910 0.065431 0.188399
v 0.361337 -0.204265 -0.011520
vn 0.994686 0.000533 0.102952
v 0.364361 -0.273688 -0.018105
vn -0.640207 -0.260381 0.722728
v -0.042946 0.372074 0.803907
vn -0.333031 -0.455570 0.825558
v -0.031474 0.368957 0.809402
vn -0.531977 -0.546782 0.646552
v -0.059424 0.374708 0.783407
vn -0.622772 -0.471449 0.624413
v -0.053166 0.362226 0.786727
vn -0.649398 -0.243096 0.720546
v -0.058589 0.368137 0.776828
vn 0.151533 -0.714599 0.682924
v 0.017676 0.349544 0.795234
vn 0.940722 -0.068744 0.332140
v 0.296833 -0.339445 0.227671
vn -0.470754 -0.558161 0.683262
v -0.069331 0.362917 0.769532
vn -0.866463 0.268917 0.420624
v -0.135817 0.518260 0.685956
vn -0.964815 0.098023 0.243974
v -0.147028 0.519265 0.670845
vn 0.932346 -0.030551 0.360274
v 0.321863 -0.244006 0.113582
vn 0.992786 0.051966 -0.108058
v 0.192751 0.460497 0.547210
vn 0.987650 0.099427 0.121086
v 0.301735 -0.350092 0.250188
vn 0.897662 -0.295928 0.326542
v 0.346893 -0.242642 0.084865
vn 0.997836 -0.061571 -0.023093
v 0.191552 0.470825 0.535607
vn 0.994865 0.051766 0.086970
v 0.343660 -0.257032 0.065790
vn -0.946611 0.026016 0.321326
v -0.147132 0.508713 0.658961
vn 0.959837 -0.024717 0.279469
v 0.196871 0.390053 0.456618
vn 0.990796 0.124630 0.052821
v 0.343608 -0.266056 0.035050
vn -0.976838 0.100896 0.188701
v -0.131332 0.513248 0.714582
vn -0.901444 0.331755 0.278097
v -0.130341 0.516478 0.738495
vn -0.921041 0.287824 0.262377
v -0.148801 0.505564 0.687472
vn -0.769668 0.601677 0.213531
v -0.135764 0.511304 0.694388
vn 0.990471 -0.079221 -0.112654
v 0.176117 0.440006 0.513517
vn 0.958715 -0.050045 0.279931
v 0.299597 -0.371531 0.216141
vn 0.929684 0.015817 0.368017
v 0.269248 0.586303 0.153168
vn 0.591998 -0.145772 0.792647
v 0.249929 0.610300 0.181166
vn 0.835401 -0.489933 0.249141
v 0.300066 -0.381415 0.243589
vn 0.843565 -0.536831 -0.014504
v 0.295008 -0.389861 0.231497
vn -0.743242 0.662288 -0.094688
v -0.149598 0.470986 0.717979
vn -0.773902 0.630458 -0.059993
v -0.139467 0.478006 0.717661
vn -0.866496 0.408712 0.286599
v -0.139102 0.480863 0.708975
vn -0.942356 0.204898 0.264542
v -0.132010 0.495923 0.714828
vn 0.890475 -0.453881 -0.032345
v 0.288699 -0.395720 0.225061
vn 0.692684 -0.562715 0.451155
v 0.279469 -0.411283 0.220681
vn 0.734163 -0.458140 0.501112
v 0.260019 -0.399900 0.263664
vn 0.823562 -0.272727 0.497359
v 0.255881 -0.424427 0.267913
vn 0.599898 -0.702799 0.382355
v 0.278704 -0.407799 0.240055
vn 0.877730 -0.447831 0.170401
v 0.264920 -0.423488 0.225411
vn 0.629808 -0.684638 0.366896
v 0.270135 -0.418327 0.223313
vn 0.601859 -0.441086 0.665739
v 0.245105 -0.387534 0.294980
vn 0.603930 0.054440 0.795176
v 0.190248 -0.294310 0.384465
vn 0.752122 -0.031330 0.658279
v 0.166209 -0.285465 0.392426
vn 0.532641 -0.313988 0.785942
v 0.161568 -0.268793 0.417829
vn 0.971527 0.048120 0.231992
v 0.165010 -0.280956 0.401278
vn 0.612916 -0.254959 0.747883
v 0.162820 -0.298368 0.401469
vn 0.256084 -0.505230 0.824114
v 0.137389 -0.326204 0.402179
vn -0.876867 0.328282 0.351190
v -0.162828 0.482888 0.639608
vn -0.844254 0.247119 0.475571
v -0.165904 0.482116 0.626519
vn -0.862851 0.475944 0.170192
v -0.146663 0.471055 0.698737
vn 0.419688 -0.410181 0.809700
v 0.182905 -0.368481 0.364636
vn 0.430623 -0.380018 0.818627
v 0.261375 0.476477 0.120390
vn 0.550341 -0.258706 0.793849
v 0.275666 0.435412 0.095362
vn -0.903488 0.234523 0.358760
v -0.172711 0.517211 0.623140
vn -0.815431 0.495696 0.298929
v -0.177116 0.468971 0.630591
vn -0.756412 -0.230116 0.612281
v 0.147774 0.533131 0.097210
vn -0.947686 0.138700 0.287494
v -0.186241 0.432953 0.672116
vn -0.870838 0.478858 0.111071
v -0.145463 0.479693 0.736704
vn -0.864642 0.163518 0.475032
v -0.148227 0.464524 0.750485
vn -0.280665 -0.387037 0.878311
v 0.206602 0.474820 0.118129
vn 0.917399 0.137027 0.373635
v 0.352420 -0.295670 0.104584
vn 0.934197 0.090920 -0.344977
v 0.187389 0.438492 0.432128
vn 0.831745 -0.005029 -0.555135
v 0.251674 -0.126004 -0.221151
vn -0.308524 -0.106473 0.945239
v -0.078040 0.454775 0.800005
vn -0.510655 0.025019 0.859422
v -0.082315 0.449086 0.797877
vn 0.714090 0.167630 -0.679688
v 0.152050 0.436160 0.378322
vn -0.414615 -0.274339 0.867659
v -0.097467 0.470239 0.801793
vn -0.175029 -0.524098 0.833479
v -0.079030 0.461257 0.804488
vn -0.115520 -0.672516 0.731011
v -0.075328 0.460547 0.803173
vn -0.611086 -0.040324 0.790536
v -0.064951 0.461692 0.807792
vn 0.848196 0.160306 -0.504843
v 0.233414 -0.192517 -0.265073
vn 0.812615 -0.199064 0.547750
v 0.187589 0.403030 0.473005
vn 0.997541 0.039307 0.058031
v 0.175700 0.407976 0.488373
vn 0.902531 0.189461 -0.386708
v 0.179715 0.392451 0.485684
vn 0.936649 0.055394 0.345861
v 0.181905 0.382278 0.470767
vn 0.995881 0.017855 -0.088893
v 0.194733 0.378606 0.505554
vn -0.646714 -0.169218 0.743725
v -0.117879 0.445207 0.784915
vn -0.912323 0.323409 0.251143
v -0.157040 0.461547 0.729388
vn -0.884918 0.210576 0.415425
v -0.167312 0.446825 0.719304
vn -0.537672 -0.555434 0.634351
v -0.105363 0.381121 0.768705
vn -0.584914 -0.300648 0.753317
v -0.081970 0.412464 0.811017
vn 0.912997 -0.405461 0.045130
v 0.319569 -0.359101 0.112861
vn 0.973030 0.214850 -0.083972
v 0.326452 -0.384355 0.146428
vn 0.955811 -0.281216 -0.085690
v 0.324679 -0.374867 0.151523
vn 0.873756 0.067012 -0.481726
v 0.285213 -0.271499 -0.149874
vn 0.854013 0.169823 -0.491754
v 0.193377 0.388001 0.489777
vn 0.946528 -0.020934 -0.321943
v 0.186181 0.373190 0.482170
vn -0.749709 -0.376477 0.544243
v -0.146369 0.391788 0.733062
vn -0.927145 0.176164 0.330708
v -0.189109 0.467550 0.610543
vn -0.991907 -0.024302 0.124621
v -0.193933 0.420004 0.608010
vn 0.852793 -0.053157 -0.519537
v 0.187902 0.357244 0.488415
vn 0.982487 -0.182220 0.038930
v 0.195723 0.345609 0.432983
vn 0.823988 -0.078243 0.561180
v 0.188110 0.366089 0.464260
vn 0.995201 -0.018911 0.096005
v 0.198435 0.354738 0.447793
vn 0.985821 -0.143143 0.087562
v 0.177420 0.362301 0.474024
vn 0.946133 0.057516 -0.318629
v 0.196036 0.361338 0.496758
vn 0.937094 -0.298603 -0.180809
v 0.193325 0.348152 0.499629
vn 0.729428 -0.347350 -0.589307
v 0.188632 0.348392 0.489715
vn 0.929444 -0.337566 -0.148937
v 0.178776 0.342310 0.484990
vn 0.899327 0.041372 0.435315
v 0.183834 0.345611 0.469669
vn -0.372516 -0.743152 0.555838
v -0.096916 0.357993 0.740067
vn -0.466829 -0.734728 0.492184
v -0.104269 0.360460 0.742991
vn -0.606847 -0.517098 0.603611
v -0.098533 0.351597 0.736131
vn 0.966656 0.005130 0.256029
v 0.196558 0.344030 0.453474
vn -0.577551 -0.533390 0.618004
v -0.091702 0.355679 0.744589
vn 0.976598 -0.095629 -0.192642
v 0.322854 -0.377715 0.131681
vn -0.560519 -0.582824 0.588332
v -0.086335 0.338150 0.742127
vn 0.920137 0.141031 0.365319
v 0.327416 -0.387445 0.178837
vn 0.721077 -0.684790 -0.105406
v 0.323584 -0.372352 0.144349
vn 0.976342 0.175403 -0.126454
v 0.320090 -0.377603 0.148243
vn 0.829698 -0.491075 -0.265417
v 0.328538 -0.368812 0.135170
vn -0.531640 -0.690619 0.490310
v -0.104133 0.340894 0.716627
vn -0.445722 -0.754276 0.482078
v -0.100358 0.317277 0.677420
vn -0.577291 -0.665631 0.472938
v -0.141780 0.332331 0.681310
vn 0.967672 0.002982 -0.252193
v 0.196923 0.325521 0.379289
vn 0.654525 0.325463 -0.682401
v 0.182414 0.334815 0.361780
vn 0.772333 -0.076579 -0.630585
v 0.186650 0.313371 0.359411
vn 0.697120 0.325837 -0.638634
v 0.170329 0.310522 0.350469
vn 0.947149 0.229716 -0.223919
v 0.260820 -0.276808 -0.230461
vn 0.873096 0.409968 -0.263873
v 0.270674 -0.314743 -0.293612
vn 0.928395 0.368581 -0.047231
v 0.289142 -0.364054 -0.246288
vn 0.898481 0.329854 -0.289703
v 0.287570 -0.349773 -0.180774
vn 0.986673 -0.007456 -0.162546
v 0.363996 -0.318538 -0.046428
vn 0.858036 0.034229 -0.512448
v 0.338669 -0.266512 -0.084133
vn 0.989752 0.053179 0.132525
v 0.347101 -0.311570 0.002831
vn 0.856830 -0.314255 0.408762
v 0.334222 -0.388701 0.047880
vn 0.850158 -0.412334 0.327433
v 0.347571 -0.378961 0.036522
vn 0.893016 -0.298724 0.336580
v 0.331905 -0.446931 0.047942
vn 0.998807 -0.048829 0.001057
v 0.317952 -0.409766 0.095160
vn 0.986950 -0.057437 -0.150435
v 0.330613 -0.429350 0.118676
vn 0.878209 -0.455757 -0.145029
v 0.325200 -0.460918 0.112724
vn 0.759501 -0.532534 -0.373584
v 0.316909 -0.465921 0.102507
vn 0.780813 -0.351089 -0.516787
v 0.309452 -0.465973 0.093149
vn 0.921146 -0.388486 0.023836
v 0.304707 -0.460543 0.081772
vn 0.805300 -0.584606 0.098627
v 0.312998 -0.468435 0.113573
vn 0.240383 -0.567101 0.787790
v 0.275767 -0.430893 0.210707
vn 0.602086 -0.487776 0.632113
v 0.290054 -0.438358 0.199114
vn 0.999553 -0.020334 -0.021909
v 0.361073 -0.338324 0.034120
vn 0.982715 0.077289 -0.168222
v 0.352837 -0.331678 0.009216
vn 0.257725 -0.807881 0.530006
v 0.266902 -0.424281 0.217805
vn 0.882227 -0.384690 0.271458
v 0.259966 -0.428145 0.213871
vn 0.826546 -0.427658 0.365966
v 0.344770 -0.349961 0.090593
vn -0.072320 -0.666523 0.741968
v 0.279365 -0.438161 0.205909
vn 0.426539 -0.453808 0.782383
v 0.279469 -0.441740 0.200550
vn 0.288937 -0.359892 0.887126
v 0.269561 -0.438310 0.205753
vn 0.805826 0.109887 0.581867
v 0.262678 -0.442530 0.207830
vn 0.955631 -0.172141 0.239032
v 0.356227 -0.336362 -0.023402
vn 0.997569 -0.041705 -0.055823
v 0.358625 -0.378353 -0.063699
vn 0.884146 0.246541 -0.396867
v 0.179976 0.296512 0.357852
vn 0.959603 -0.280216 -0.025309
v 0.337142 -0.384208 -0.011460
vn 0.894354 -0.437109 -0.095226
v 0.356175 -0.381715 0.015073
vn 0.990180 -0.062985 0.124804
v 0.341052 -0.414110 0.025147
vn 0.833793 -0.082870 0.545823
v 0.288959 -0.454125 0.185032
vn 0.922001 -0.381901 -0.063762
v 0.339645 -0.393713 0.015488
vn 0.941551 0.134963 -0.308652
v 0.338654 -0.410388 -0.001641
vn 0.887489 -0.348016 -0.302072
v 0.339905 -0.392818 0.001913
vn 0.693579 0.049152 -0.718701
v 0.339801 -0.400948 -0.003864
vn 0.762105 -0.030056 -0.646755
v 0.334691 -0.399460 -0.003971
vn 0.996565 0.026013 -0.078625
v 0.330050 -0.410075 -0.014104
vn 0.872373 0.305688 -0.381472
v 0.323914 -0.382706 -0.142059
vn 0.595374 -0.723643 0.349100
v 0.141713 0.300047 0.615116
vn 0.967851 0.084646 -0.236852
v 0.188840 0.315281 0.425594
vn 0.938645 -0.220581 0.265123
v 0.349859 -0.417761 -0.056524
vn 0.934438 -0.248865 0.254739
v 0.188684 0.331474 0.431609
vn 0.918071 0.018112 -0.396003
v 0.190509 0.331312 0.436632
vn 0.995154 0.048483 -0.085546
v 0.348716 -0.448287 -0.122317
vn 0.937192 0.155438 -0.312266
v 0.341157 -0.433494 -0.015934
vn 0.988872 -0.117648 0.091060
v 0.340687 -0.447836 -0.000146
vn 0.673224 -0.578315 0.460783
v 0.127152 0.279995 0.576714
vn 0.920053 -0.220395 -0.323926
v 0.337767 -0.438518 -0.027090
vn 0.868618 -0.494577 -0.029955
v 0.333909 -0.440161 -0.026836
vn 0.430226 -0.896295 0.107523
v 0.334847 -0.442221 -0.029625
vn 0.922940 0.200898 -0.328362
v 0.337715 -0.453141 -0.024388
vn 0.968658 0.187761 -0.162629
v 0.331875 -0.427815 -0.022644
vn 0.991950 -0.122432 -0.032322
v 0.330884 -0.443712 -0.035451
vn 0.917515 -0.301333 0.259548
v 0.343363 -0.451080 -0.065946
vn 0.870170 -0.004657 -0.492730
v 0.343295 -0.471018 -0.033881
vn 0.801480 0.161364 -0.575841
v 0.332814 -0.464300 -0.038140
vn 0.977019 0.213035 0.007031
v 0.211289 0.265213 0.427973
vn 0.993138 -0.006282 0.116782
v 0.343347 -0.468807 -0.017902
vn 0.823773 -0.358243 0.439386
v 0.335264 -0.471013 -0.004789
vn 0.831342 -0.455294 0.318714
v 0.341835 -0.481752 -0.014630
vn 0.746746 -0.625903 -0.224978
v 0.336620 -0.486885 -0.029314
vn 0.995028 0.022994 -0.096906
v 0.185972 0.295603 0.389452
vn 0.798936 0.125647 0.588145
v 0.280251 -0.457469 0.200326
vn 0.815761 -0.235921 0.528087
v 0.260404 -0.457428 0.236294
vn 0.877455 -0.460601 0.133863
v 0.327338 -0.470991 -0.053873
vn 0.851736 -0.268934 0.449689
v 0.335317 -0.477151 -0.070443
vn 0.927405 -0.288457 0.238144
v 0.313728 -0.485607 -0.059258
vn 0.765737 -0.281378 -0.578337
v 0.327130 -0.480763 -0.041980
vn 0.654115 -0.714084 0.249436
v 0.327234 -0.490112 -0.012648
vn 0.846349 -0.503820 0.172798
v 0.316231 -0.499875 -0.032493
vn 0.990749 0.039357 -0.129873
v 0.316127 -0.498058 -0.050732
vn 0.914472 0.320475 -0.247056
v 0.193776 0.268076 0.387953
vn 0.979653 -0.140906 -0.142920
v 0.185607 0.299464 0.377821
vn -0.863347 0.470400 0.182635
v -0.264094 -0.097558 0.113264
vn 0.944000 -0.023042 0.329139
v 0.204223 0.257197 0.453765
vn 0.723211 -0.506681 0.469298
v 0.132315 0.279334 0.567680
vn 0.745836 -0.092457 0.659682
v 0.138155 0.275871 0.557762
vn 0.826213 -0.146976 0.543848
v 0.209438 0.224133 0.430250
vn -0.119996 0.226958 -0.966484
v 0.135183 0.725290 0.375205
vn -0.463853 0.350352 -0.813691
v 0.116410 0.737035 0.384820
vn 0.782381 -0.035701 0.621776
v 0.135913 0.268520 0.563410
vn 0.766563 0.113804 0.632004
v 0.131376 0.274618 0.566354
vn 0.236832 0.067917 -0.969174
v 0.146834 0.678634 0.371578
vn -0.811111 0.490645 0.318380
v -0.281719 -0.115479 0.092504
vn -0.790025 0.437851 0.429124
v -0.272177 -0.122076 0.124261
vn -0.786080 0.571148 -0.236366
v -0.270299 -0.121669 0.139774
vn -0.986952 0.123364 0.103480
v -0.266388 -0.112581 0.131584
vn -0.878439 0.375044 0.296120
v -0.268631 -0.109010 0.121189
vn -0.754170 0.550763 0.357614
v -0.295289 -0.132617 0.109775
vn 0.954860 0.072531 0.288065
v 0.304342 -0.469159 0.148872
vn 0.408462 0.267401 -0.872729
v -0.030283 -0.180973 -0.307530
vn -0.618240 0.460242 -0.637148
v 0.047713 -0.206121 -0.339501
vn 0.766693 -0.478666 0.427856
v 0.313468 -0.456516 0.153376
vn 0.929180 -0.322485 0.180631
v 0.307002 -0.465164 0.138685
vn -0.575527 0.719236 0.389190
v 0.075633 0.678866 0.463148
vn -0.027679 0.540382 -0.840964
v -0.000239 -0.212457 -0.312362
vn -0.023283 0.812213 -0.582896
v -0.000239 -0.256092 -0.355616
vn -0.698429 0.706799 -0.112390
v 0.059520 0.666280 0.443859
vn -0.789681 0.121044 -0.601458
v -0.216160 -0.148646 -0.280620
vn 0.840231 0.265642 0.472700
v 0.298293 -0.468999 0.177815
vn -0.869853 0.021938 -0.492823
v -0.254732 -0.162762 -0.219159
vn 0.999797 0.014578 0.013899
v 0.320336 -0.491191 0.145834
vn 0.621678 -0.218983 0.752039
v 0.274955 -0.495946 0.209410
vn 0.746734 -0.518920 0.416066
v 0.108797 0.277546 0.602613
vn -0.923758 0.216897 -0.315636
v -0.252940 -0.233378 -0.251079
vn -0.928502 0.048102 -0.368199
v -0.266501 -0.243774 -0.187650
vn -0.734483 0.340489 -0.587028
v -0.217956 -0.235385 -0.308732
vn -0.879188 0.374614 -0.294436
v -0.258619 -0.266200 -0.279644
vn -0.685917 0.468796 -0.556551
v -0.215691 -0.301673 -0.356798
vn -0.763511 0.489355 -0.421405
v -0.210412 -0.358662 -0.418972
vn 0.577449 -0.674251 0.460367
v 0.101288 0.303493 0.655640
vn 0.879500 -0.452002 0.148911
v 0.097690 0.301104 0.660670
vn 0.878568 -0.372834 0.298519
v 0.095187 0.300461 0.655940
vn 0.010911 0.069478 -0.997524
v 0.107325 0.585200 0.374903
vn -0.552604 0.556632 -0.620314
v 0.041206 0.636012 0.422468
vn 0.839157 -0.287228 0.461861
v 0.303039 -0.461539 0.159637
vn 0.961322 0.234842 -0.143908
v 0.314511 -0.487942 0.112001
vn 0.991539 -0.094023 0.089501
v 0.305959 -0.470485 0.125366
vn 0.750746 -0.528274 0.396620
v 0.096387 0.291208 0.653588
vn -0.962422 0.265333 -0.057805
v -0.266420 -0.303940 -0.237607
vn 0.650291 0.696170 -0.304087
v -0.059997 0.666280 0.443859
vn -0.914939 0.357264 -0.187745
v -0.276844 -0.320775 -0.286487
vn 0.571337 -0.721891 0.390445
v 0.089764 0.293989 0.677525
vn 0.241746 0.381412 -0.892235
v -0.057584 0.595242 0.388672
vn -0.811504 0.047409 -0.582421
v -0.317864 0.000842 -0.145056
vn -0.982491 0.002633 -0.186291
v -0.354150 -0.044011 -0.085783
vn 0.833223 -0.005760 0.552908
v 0.315251 -0.508479 0.172790
vn -0.844732 0.108647 0.524046
v -0.333195 0.003767 -0.027372
vn -0.984826 -0.033285 -0.170323
v -0.351793 -0.118701 -0.061069
vn -0.052955 0.461891 -0.885354
v 0.024403 0.567519 0.383760
vn -0.051473 0.431976 -0.900415
v -0.034615 0.525892 0.360472
vn -0.935048 0.166822 0.312818
v -0.345195 -0.077791 -0.022382
vn 0.620736 -0.497686 0.605802
v 0.095709 0.247649 0.617607
vn -0.098319 -0.696034 0.711245
v 0.077510 0.241551 0.617195
vn -0.080393 -0.813549 0.575913
v 0.060435 0.263990 0.638451
vn -0.308401 -0.674339 0.670937
v 0.046770 0.249753 0.602422
vn -0.905679 0.331034 0.264880
v -0.324491 -0.169155 0.050474
vn 0.532856 0.387120 -0.752464
v -0.116888 0.737035 0.384820
vn 0.045847 0.262651 -0.963801
v -0.135660 0.725290 0.375205
vn -0.054796 -0.629098 0.775393
v 0.076676 0.207610 0.582995
vn 0.989599 -0.137009 0.043851
v 0.298763 -0.476116 0.073805
vn -0.766635 0.622233 0.158419
v -0.280885 -0.137086 0.127087
vn -0.732160 0.645081 -0.218660
v -0.274054 -0.115970 0.152592
vn 0.890817 -0.265683 -0.368590
v 0.301891 -0.470346 0.087780
vn 0.919964 -0.179994 -0.348237
v 0.304811 -0.474099 0.097195
vn 0.503110 0.751380 0.426975
v -0.076110 0.678866 0.463148
vn 0.657302 -0.606488 -0.447355
v 0.306480 -0.471193 0.091936
vn 0.948070 -0.166035 0.271286
v 0.298554 -0.518951 -0.009148
vn 0.999058 -0.041391 0.013073
v 0.297172 -0.509165 0.032944
vn 0.826855 -0.556564 0.080917
v 0.309922 -0.502462 -0.018880
vn 0.967436 0.154770 -0.200286
v 0.314018 -0.533500 0.056317
vn -0.852991 0.517609 0.066991
v -0.291366 -0.150706 0.126164
vn -0.815025 0.467551 0.342243
v -0.298562 -0.161549 0.121938
vn -0.801180 0.440752 -0.404781
v -0.298354 -0.158360 0.132485
vn -0.880314 0.474392 0.000298
v -0.302473 -0.170361 0.126968
vn -0.778130 0.340804 0.527604
v -0.296520 -0.153742 0.212414
vn -0.835474 0.513498 -0.195714
v -0.306539 -0.151543 0.149115
vn -0.363256 0.048105 -0.930447
v -0.151239 0.657267 0.372472
vn -0.959919 0.174194 -0.219571
v -0.180778 0.662758 0.405914
vn 0.385775 -0.502296 0.773871
v 0.269691 -0.538373 0.191740
vn 0.513270 0.182212 -0.838661
v -0.103097 0.668026 0.381191
vn -0.845863 0.411334 0.339587
v -0.332221 -0.177649 0.097258
vn -0.932526 0.314252 0.177882
v -0.310764 -0.191595 0.122572
vn -0.845243 0.232272 -0.481262
v -0.322340 -0.199193 0.135907
vn -0.912711 0.228901 -0.338472
v -0.315405 -0.203305 0.129345
vn -0.465565 0.203863 -0.861214
v -0.322080 -0.209128 0.136088
vn -0.850685 0.218805 -0.477974
v -0.328859 -0.215583 0.135943
vn -0.961964 -0.241192 0.128266
v -0.324061 -0.227913 0.126760
vn -0.935552 -0.326280 -0.135216
v -0.330267 -0.233067 0.150354
vn -0.833035 0.349860 0.428544
v -0.316604 -0.202396 0.120225
vn -0.858766 0.433167 -0.273656
v -0.322340 -0.217398 0.129850
vn -0.874903 0.128009 0.467074
v -0.328441 -0.222975 0.119271
vn -0.851322 -0.050412 -0.522216
v -0.179491 0.522531 0.415191
vn -0.236173 0.109738 -0.965495
v -0.108174 0.540541 0.375923
vn -0.578798 -0.104723 -0.808719
v -0.167273 0.586386 0.381608
vn 0.509987 0.580274 0.634977
v 0.135235 0.646124 0.498879
vn -0.966986 -0.083584 0.240734
v -0.339913 -0.216452 0.022866
vn -0.162260 -0.915872 0.367220
v 0.018012 0.262652 0.611194
vn 0.053629 0.749254 0.660108
v 0.103033 0.667943 0.490782
vn -0.287975 -0.535877 0.793666
v 0.020515 0.254179 0.593403
vn -0.991726 -0.047050 -0.119441
v -0.364474 -0.318538 -0.046428
vn -0.993530 0.035719 0.107804
v -0.363092 -0.229873 -0.013598
vn 0.003747 -0.342692 0.939440
v -0.000239 0.246754 0.591965
vn 0.042645 -0.804507 0.592410
v 0.008730 0.261852 0.594937
vn 0.000000 -0.867122 0.498095
v -0.000239 0.259401 0.598508
vn 0.277087 -0.554986 0.784355
v -0.020993 0.254179 0.593403
vn -0.042645 -0.804507 0.592410
v -0.009208 0.261852 0.594937
vn 0.154820 -0.917127 0.367300
v -0.018490 0.262652 0.611194
vn -0.156105 -0.804916 0.572488
v -0.070105 0.274157 0.656928
vn -0.832429 -0.057026 0.551190
v -0.349813 -0.208594 0.012984
vn 0.824096 -0.485152 0.292393
v 0.320446 -0.593118 0.116516
vn -0.784553 0.043354 0.618545
v -0.337828 -0.237505 0.013026
vn 0.344696 -0.625027 0.700376
v -0.047248 0.249753 0.602422
vn 0.911070 -0.110501 0.397166
v 0.146968 0.169104 0.509274
vn 0.197621 -0.730420 0.653784
v 0.142711 -0.507142 0.266633
vn -0.946506 -0.000169 0.322686
v -0.349560 -0.227909 0.087730
vn -0.013127 0.958836 -0.283658
v 0.005445 0.644141 0.464146
vn 0.902124 -0.131348 0.410999
v 0.146133 0.171083 0.502069
vn -0.983184 0.159219 -0.089437
v -0.350275 -0.216286 0.064376
vn 0.471607 -0.531670 0.703501
v 0.096126 0.224405 0.597792
vn 0.150829 0.981613 0.116994
v -0.035391 0.655095 0.487146
vn 0.435218 -0.477783 0.763092
v 0.111574 0.182019 0.559405
vn 0.064956 -0.134886 0.988730
v 0.040750 -0.299963 0.431399
vn 0.183021 -0.268680 0.945682
v 0.128175 -0.267433 0.430266
vn -0.051268 -0.358997 0.931930
v 0.022418 0.151939 0.533986
vn 0.655506 0.722543 0.219642
v 0.116014 0.599039 0.620358
vn -0.953958 -0.147485 -0.261176
v -0.319681 -0.239267 0.136477
vn -0.950206 -0.290737 0.112164
v -0.319107 -0.234878 0.128392
vn -0.925770 0.077355 0.370090
v -0.326721 -0.254947 0.108924
vn 0.067598 -0.247917 0.966420
v 0.120175 -0.391755 0.368511
vn -0.790370 0.413082 0.452413
v -0.167320 0.641259 0.469482
vn 0.019704 -0.513677 0.857758
v -0.004730 0.208054 0.576981
vn -0.424917 0.805954 0.412169
v -0.115140 0.634978 0.530279
vn -0.982853 0.089758 -0.161072
v -0.191082 0.604211 0.421461
vn -0.988441 0.106640 0.107762
v -0.189230 0.572521 0.465566
vn 0.048673 -0.379167 0.924047
v -0.033273 0.152921 0.531953
vn -0.650206 -0.710398 0.269383
v -0.153159 0.296841 0.583279
vn -0.906825 -0.325427 0.267891
v -0.347370 -0.242642 0.084865
vn -0.996198 0.067610 0.054946
v -0.344137 -0.257032 0.065790
vn 0.218843 -0.707073 0.672425
v 0.058112 -0.365860 0.379944
vn 0.162658 -0.384338 0.908750
v 0.075476 -0.370201 0.369654
vn 0.172387 -0.601766 0.779847
v 0.084028 -0.361879 0.371724
vn 0.056013 -0.261155 0.963670
v 0.093362 -0.367572 0.367555
vn 0.144756 -0.478291 0.866189
v 0.073330 -0.324012 0.419425
vn 0.006305 -0.597012 0.802207
v 0.003280 -0.349770 0.409057
vn 0.025008 -0.236662 0.971270
v -0.031131 -0.305985 0.429855
vn -0.172192 -0.747652 0.641379
v -0.058589 -0.365860 0.379944
vn -0.857488 0.125698 0.498914
v -0.346379 -0.251039 0.011971
vn -0.778532 0.570980 0.260519
v -0.149328 0.577500 0.584202
vn -0.975900 0.217404 -0.018834
v -0.344085 -0.266056 0.035050
vn -0.976716 -0.151886 0.151513
v -0.352141 -0.323966 -0.010285
vn 0.020132 -0.345123 0.938342
v 0.032001 -0.416014 0.365399
vn 0.112076 -0.579056 0.807547
v 0.107626 -0.429099 0.351825
vn -0.956198 0.257560 0.139098
v -0.182572 0.519577 0.560173
vn -0.979358 0.163957 0.118219
v -0.359477 -0.299067 0.066994
vn -0.889811 0.261207 -0.374176
v -0.284430 -0.326615 -0.168488
vn -0.561095 0.224542 -0.796714
v -0.127318 0.476674 0.372253
vn -0.659305 -0.723442 0.204816
v -0.164392 0.296465 0.558109
vn -0.878847 -0.255588 0.402868
v -0.152295 0.286635 0.536616
vn -0.631283 -0.713786 0.303299
v -0.148853 0.288593 0.547740
vn -0.847334 -0.497152 0.186719
v -0.167417 0.301579 0.522507
vn 0.000470 -0.265430 0.964130
v 0.010086 -0.394750 0.361918
vn -0.993798 0.095830 0.056406
v -0.191317 0.524500 0.493669
vn 0.010104 -0.251089 0.967911
v -0.025186 -0.414936 0.365466
vn -0.990519 0.097609 -0.096666
v -0.192636 0.466612 0.556121
vn -0.982581 -0.176004 0.059646
v -0.187388 0.462106 0.522292
vn -0.997232 0.014993 -0.072821
v -0.194097 0.464743 0.468989
vn -0.977672 -0.043760 0.205528
v -0.365334 -0.291894 -0.020533
vn -0.987917 -0.096835 -0.121005
v -0.353315 -0.331678 0.009216
vn -0.706329 -0.537689 0.460424
v -0.127630 0.279995 0.576714
vn -0.722741 -0.599885 0.343194
v -0.144577 0.285728 0.556730
vn -0.961430 -0.267357 -0.064588
v -0.337619 -0.384208 -0.011460
vn -0.882857 0.164171 0.440013
v -0.150626 0.279773 0.543439
vn -0.921049 0.027399 0.388483
v -0.145776 0.284819 0.548432
vn -0.709995 -0.520006 0.474869
v -0.132792 0.279334 0.567680
vn -0.766566 0.113765 0.632008
v -0.131854 0.274618 0.566354
vn -0.999158 -0.038192 -0.015011
v -0.356097 -0.401786 -0.076640
vn -0.972480 -0.201410 0.117119
v -0.176594 0.440006 0.513517
vn -0.745836 -0.092457 0.659682
v -0.138632 0.275871 0.557762
vn -0.786921 -0.065129 0.613608
v -0.153598 0.261605 0.544138
vn -0.753881 -0.497416 0.429232
v -0.109275 0.277546 0.602613
vn -0.057363 -0.666875 0.742959
v -0.045759 -0.454195 0.342804
vn -0.791166 -0.022965 0.611170
v -0.136390 0.268520 0.563410
vn -0.030260 0.403558 -0.914453
v -0.008416 0.321719 0.258924
vn 0.369751 0.337050 -0.865841
v 0.094922 0.470825 0.349660
vn -0.930841 -0.363658 -0.035883
v -0.356652 -0.381715 0.015073
vn -0.675132 -0.137446 0.724779
v -0.258150 0.585936 0.169270
vn -0.380444 -0.400759 0.833460
v -0.255094 0.531203 0.145966
vn 0.224578 -0.417690 0.880398
v -0.217971 0.520557 0.143772
vn -0.933013 -0.287667 0.216184
v -0.185548 0.341858 0.568797
vn -0.896120 -0.339000 0.286441
v -0.348048 -0.378961 0.036522
vn -0.993190 -0.087962 0.076400
v -0.341530 -0.414110 0.025147
vn -0.912011 -0.179853 0.368630
v -0.334699 -0.388701 0.047880
vn -0.922006 -0.381891 -0.063754
v -0.340122 -0.393713 0.015488
vn -0.888843 -0.443839 0.113863
v -0.188066 0.317893 0.542248
vn -0.553385 -0.200242 0.808498
v -0.200373 -0.260339 0.355752
vn -0.601845 -0.149059 0.784579
v -0.219145 -0.296351 0.347782
vn -0.881225 0.147473 0.449104
v -0.194219 -0.270264 0.369154
vn -0.868883 -0.174304 0.463315
v -0.193802 -0.257147 0.365127
vn -0.857444 0.080443 0.508251
v -0.174926 0.275878 0.508606
vn -0.286458 0.390851 -0.874744
v -0.073561 0.477107 0.342851
vn 0.490138 -0.322300 0.809869
v -0.176191 0.469994 0.103155
vn -0.887481 -0.348034 -0.302076
v -0.340383 -0.392818 0.001913
vn -0.762096 -0.030075 -0.646765
v -0.335168 -0.399460 -0.003971
vn -0.835894 0.148739 -0.528354
v -0.326164 -0.326674 -0.110368
vn -0.868664 0.383033 -0.314178
v -0.317109 -0.389967 -0.161997
vn -0.963264 -0.055849 0.262685
v -0.173726 0.309703 0.493942
vn -0.496798 -0.265799 0.826161
v -0.245169 -0.268063 0.346513
vn -0.777437 -0.269250 0.568415
v -0.282945 -0.310137 0.290337
vn -0.173700 -0.320516 0.931181
v -0.252376 0.388689 0.088255
vn -0.538956 -0.713336 0.447971
v -0.101766 0.303493 0.655640
vn -0.690203 -0.462161 0.556801
v -0.096864 0.291208 0.653588
vn -0.725023 -0.610443 0.318905
v -0.098168 0.301104 0.660670
vn -0.878547 -0.372882 0.298520
v -0.095665 0.300461 0.655940
vn -0.990453 -0.086258 -0.107533
v -0.331362 -0.443712 -0.035451
vn -0.956726 0.205738 -0.205782
v -0.332352 -0.427815 -0.022644
vn -0.650893 -0.680756 0.336021
v -0.150961 0.311182 0.627276
vn -0.941546 0.134965 -0.308669
v -0.339131 -0.410388 -0.001641
vn -0.693533 0.049137 -0.718748
v -0.340278 -0.400948 -0.003864
vn -0.991354 0.041225 -0.124567
v -0.330527 -0.410075 -0.014104
vn -0.920069 -0.220402 -0.323875
v -0.338245 -0.438518 -0.027090
vn -0.430285 -0.896267 0.107517
v -0.335325 -0.442221 -0.029625
vn -0.937187 0.155463 -0.312269
v -0.341634 -0.433494 -0.015934
vn -0.868622 -0.494570 -0.029925
v -0.334386 -0.440161 -0.026836
vn -0.922941 0.200892 -0.328363
v -0.338193 -0.453141 -0.024388
vn -0.612681 -0.541765 0.575424
v -0.262113 -0.404956 0.257861
vn -0.985002 -0.124619 0.119340
v -0.341165 -0.447836 -0.000146
vn -0.993139 -0.006296 0.116771
v -0.343824 -0.468807 -0.017902
vn -0.844543 -0.332453 0.419789
v -0.335742 -0.471013 -0.004789
vn -0.877557 -0.451707 0.160792
v -0.266493 -0.421062 0.231273
vn -0.826850 -0.556567 0.080944
v -0.310399 -0.502462 -0.018880
vn -0.846343 -0.503829 0.172801
v -0.316709 -0.499875 -0.032493
vn -0.253076 -0.528930 0.810053
v -0.087480 -0.327995 0.414991
vn 0.073766 -0.648128 0.757950
v -0.077570 0.224580 0.600095
vn -0.546511 -0.519840 0.656576
v -0.096395 0.236027 0.607700
vn -0.990750 0.039355 -0.129869
v -0.316604 -0.498058 -0.050732
vn -0.927396 -0.288473 0.238158
v -0.314206 -0.485607 -0.059258
vn -0.765741 -0.281377 -0.578331
v -0.327607 -0.480763 -0.041980
vn -0.907377 -0.406657 0.106290
v -0.327816 -0.470991 -0.053873
vn -0.831337 -0.455297 0.318723
v -0.342312 -0.481752 -0.014630
vn -0.746759 -0.625888 -0.224978
v -0.337098 -0.486885 -0.029314
vn -0.870164 -0.004651 -0.492740
v -0.343772 -0.471018 -0.033881
vn -0.801500 0.161332 -0.575821
v -0.333291 -0.464300 -0.038140
vn -0.829935 -0.250367 0.498522
v -0.335794 -0.477151 -0.070443
vn 0.704341 0.285960 -0.649716
v 0.150008 0.374948 0.355552
vn 0.487059 0.343651 -0.802918
v 0.103416 0.399034 0.319668
vn 0.609999 0.380347 -0.695152
v 0.130566 0.341992 0.322329
vn 0.534288 -0.118803 -0.836913
v 0.214331 -0.100267 -0.704386
vn -0.455764 -0.341059 -0.822166
v 0.176915 -0.127222 -0.698134
vn -0.480932 -0.478671 0.734560
v -0.163766 -0.274874 0.409553
vn -0.445318 -0.550744 0.705955
v -0.166687 -0.285465 0.392426
vn 0.348189 0.367564 -0.862358
v 0.071654 0.336242 0.276363
vn -0.724129 -0.409148 0.555190
v -0.150626 0.181030 0.509555
vn -0.145470 -0.504847 0.850863
v -0.110265 -0.356160 0.375508
vn -0.164962 -0.772419 0.613316
v -0.092275 -0.355696 0.381638
vn -0.890761 -0.096722 0.444061
v -0.147445 0.169104 0.509274
vn -0.908770 -0.130295 0.396434
v -0.146611 0.171083 0.502069
vn 0.619450 0.486086 -0.616443
v 0.155050 0.306714 0.307654
vn -0.911875 -0.027117 0.409572
v -0.198860 0.258251 0.475557
vn 0.020563 -0.155231 -0.987664
v 0.208942 -0.196995 -0.686632
vn 0.408953 0.382886 -0.828345
v 0.102396 0.290274 0.277099
vn -0.018440 -0.412518 0.910763
v -0.093840 -0.367572 0.367555
vn -0.129937 -0.717618 0.684208
v -0.084506 -0.361879 0.371724
vn -0.177755 -0.373133 0.910590
v -0.075954 -0.370201 0.369654
vn -0.132290 -0.456290 0.879943
v -0.103168 -0.416552 0.360178
vn -0.994242 -0.030025 -0.102866
v -0.196149 0.230321 0.466725
vn -0.857613 -0.484975 0.171170
v -0.198182 0.244377 0.458785
vn -0.934534 -0.246392 -0.256784
v -0.195054 0.239828 0.464298
vn -0.683927 -0.028000 -0.729013
v 0.169041 -0.223509 -0.662984
vn -0.827830 0.120682 -0.547845
v -0.172711 0.440622 0.404954
vn -0.702759 0.233559 -0.671997
v -0.132010 0.444501 0.364935
vn -0.934075 -0.356158 0.025594
v -0.189057 0.235947 0.455719
vn -0.713559 -0.348622 0.607698
v -0.194532 0.232665 0.444929
vn -0.751011 -0.209330 0.626229
v -0.181808 0.201090 0.494727
vn -0.737778 0.065135 -0.671893
v -0.134304 0.411972 0.356829
vn -0.568412 0.298184 -0.766808
v -0.111928 0.420374 0.334258
vn -0.544484 0.185458 -0.818012
v -0.135191 0.420282 0.366117
vn -0.634273 0.142597 -0.759845
v -0.143013 0.413378 0.365318
vn -0.430288 -0.391718 0.813270
v -0.115218 0.143505 0.533257
vn 0.959045 0.023178 0.282304
v 0.199791 0.169944 0.458609
vn 0.999020 -0.043952 0.005169
v 0.192699 0.142698 0.420381
vn 0.986932 -0.015280 -0.160410
v 0.198644 0.157116 0.427246
vn 0.928642 -0.078736 0.362526
v 0.198252 0.170852 0.424384
vn 0.721818 -0.233156 0.651627
v 0.196453 0.146839 0.412880
vn 0.604581 -0.263102 0.751837
v 0.206830 0.158998 0.413186
vn 0.828679 -0.191066 0.526104
v 0.224977 0.152903 0.394373
vn 0.832666 -0.067144 0.549691
v 0.158492 0.143907 0.492048
vn 0.948836 0.133462 0.286178
v 0.163080 0.140686 0.485249
vn 0.885759 -0.117012 0.449153
v 0.161412 0.142450 0.481984
vn 0.962488 0.144113 0.229886
v 0.162976 0.134890 0.480954
vn 0.721592 -0.058972 0.689802
v 0.167461 0.124139 0.471228
vn 0.512395 -0.333856 0.791196
v 0.169338 0.156844 0.485189
vn -0.114881 -0.318359 0.940983
v -0.136181 -0.383771 0.368612
vn 0.613626 -0.254977 0.747295
v 0.187172 0.142713 0.468626
vn -0.731219 0.120621 -0.671394
v -0.134669 0.401513 0.359393
vn -0.738476 -0.014914 0.674115
v -0.191612 -0.280712 0.378706
vn 0.623193 -0.111433 0.774088
v 0.180914 0.115932 0.460708
vn 0.993077 0.062631 0.099380
v 0.205683 0.130689 0.444752
vn 0.913731 -0.316491 0.254811
v 0.230296 0.135623 0.375377
vn 0.802782 -0.284545 0.523999
v 0.220701 0.129254 0.380352
vn 0.960979 0.100557 -0.257699
v 0.231808 0.149037 0.365918
vn 0.821562 -0.041358 0.568617
v 0.213349 0.130568 0.391809
vn 0.812761 0.174892 0.555726
v 0.202189 0.129058 0.406353
vn 0.856842 0.379835 0.348637
v 0.223204 0.107642 0.396404
vn 0.958205 0.186244 0.217155
v 0.201459 0.110837 0.425236
vn -0.807024 -0.220012 0.548003
v -0.186450 -0.269762 0.384420
vn 0.886968 -0.220842 0.405607
v 0.205214 0.119971 0.447337
vn 0.957392 -0.135042 0.255273
v 0.200782 0.105302 0.431913
vn 0.787782 0.154353 0.596300
v 0.179767 0.099953 0.466131
vn 0.766756 -0.169818 0.619069
v 0.191083 0.102632 0.449550
vn 0.451034 -0.168230 -0.876508
v 0.220440 -0.256474 -0.666139
vn 0.687941 -0.068450 0.722532
v 0.159920 0.109210 0.489273
vn 0.849923 0.255505 0.460813
v 0.195358 0.084472 0.440991
vn 0.871668 -0.193849 0.450132
v 0.196349 0.099986 0.437371
vn -0.456576 -0.054208 -0.888032
v 0.175568 -0.272673 -0.662405
vn 0.910391 0.034939 0.412272
v 0.249727 -0.209259 -0.588542
vn 0.650137 0.099006 0.753339
v 0.198236 -0.188461 -0.553625
vn 0.772150 -0.030960 0.634686
v 0.215533 -0.263701 -0.560775
vn 0.986043 -0.137610 0.093713
v 0.250945 -0.261631 -0.616361
vn 0.814272 0.476260 -0.331871
v 0.206199 -0.377949 -0.446799
vn 0.745661 0.201782 0.635039
v 0.206268 0.087787 0.424516
vn 0.695615 -0.504402 0.511564
v 0.197549 0.105847 0.445846
vn 0.953532 -0.125471 0.273922
v 0.240276 -0.303123 -0.609337
vn -0.922748 0.265702 -0.279176
v -0.197087 0.344404 0.387196
vn -0.977749 -0.005754 0.209701
v -0.197348 0.390053 0.456618
vn 0.919319 -0.107329 -0.378593
v 0.240085 -0.292511 -0.638103
vn -0.996581 0.076104 0.032155
v -0.176177 0.407976 0.488373
vn -0.878253 -0.241377 0.412806
v -0.188965 0.427758 0.487030
vn 0.936464 0.336718 -0.098264
v 0.224195 0.108537 0.377086
vn 0.999143 0.036347 0.019810
v 0.238669 -0.356497 -0.623954
vn 0.568417 0.186357 -0.801358
v 0.217823 -0.344448 -0.666262
vn -0.379526 0.290619 -0.878351
v 0.167879 -0.326417 -0.661293
vn 0.882320 0.060790 0.466707
v 0.207102 -0.336002 -0.557477
vn -0.180410 -0.696312 0.694695
v -0.109596 -0.461451 0.312650
vn 0.923828 0.216066 0.316003
v 0.220410 -0.403768 -0.560499
vn 0.834683 0.378334 -0.400209
v 0.165579 -0.262477 -0.388071
vn -0.106325 0.464383 -0.879229
v 0.182322 -0.408576 -0.722893
vn -0.936430 -0.038073 0.348783
v -0.182382 0.382278 0.470767
vn -0.902296 0.226743 -0.366674
v -0.180192 0.392451 0.485684
vn 0.815052 0.243199 0.525875
v 0.224997 0.073412 0.410445
vn 0.861921 0.298619 -0.409780
v 0.234156 -0.386043 -0.664426
vn -0.996086 0.043009 -0.077225
v -0.195210 0.378606 0.505554
vn -0.946535 -0.020919 -0.321924
v -0.186658 0.373190 0.482170
vn -0.854013 0.169823 -0.491754
v -0.193854 0.388001 0.489777
vn -0.852799 -0.053150 -0.519527
v -0.188379 0.357244 0.488415
vn -0.946146 0.057509 -0.318591
v -0.196514 0.361338 0.496758
vn 0.946167 0.319592 0.051276
v 0.245697 0.065764 0.374204
vn 0.781516 0.189404 0.594439
v 0.199217 0.067808 0.451970
vn -0.907923 -0.354339 -0.223872
v -0.193802 0.348152 0.499629
vn -0.994860 -0.001441 0.101247
v -0.198912 0.354738 0.447793
vn -0.823995 -0.078225 0.561171
v -0.188588 0.366089 0.464260
vn -0.390509 0.546229 -0.741038
v 0.156719 -0.359750 -0.673318
vn -0.163796 0.662279 -0.731134
v 0.170485 -0.378578 -0.701262
vn -0.279103 -0.602610 0.747638
v -0.161173 -0.424614 0.337509
vn 0.583862 -0.206805 0.785072
v 0.194107 0.052529 0.456971
vn -0.988270 -0.150117 -0.028078
v -0.196201 0.345609 0.432983
vn -0.944765 -0.082671 -0.317151
v -0.194637 0.337571 0.440295
vn 0.083501 0.561020 -0.823580
v 0.188788 -0.362489 -0.685740
vn -0.191409 0.785678 -0.588279
v 0.174448 -0.373164 -0.683127
vn 0.957079 0.194035 0.215290
v 0.240264 -0.416458 -0.612211
vn 0.954992 0.296400 -0.011768
v 0.258309 -0.444795 -0.654839
vn 0.459843 0.480335 -0.746875
v 0.217341 -0.423346 -0.725337
vn 0.734580 0.222886 -0.640870
v 0.251069 -0.459971 -0.720881
vn -0.950271 -0.196704 0.241439
v -0.189161 0.331474 0.431609
vn -0.948865 -0.315008 0.020635
v -0.179254 0.342310 0.484990
vn -0.729446 -0.347323 -0.589300
v -0.189109 0.348392 0.489715
vn -0.985820 -0.143132 0.087588
v -0.177898 0.362301 0.474024
vn 0.550146 0.567128 -0.612948
v 0.211642 -0.394161 -0.700107
vn 0.945004 0.219779 0.242209
v 0.239886 -0.456057 -0.580401
vn -0.555796 -0.504576 0.660677
v -0.212200 -0.422441 0.312177
vn 0.982051 0.186287 -0.029552
v 0.256004 0.024967 0.364936
vn -0.950302 0.033279 0.309547
v -0.197035 0.344030 0.453474
vn -0.915016 0.092152 0.392751
v -0.184312 0.345611 0.469669
vn 0.988330 0.046118 0.145181
v 0.249091 -0.555734 -0.561120
vn 0.984185 0.175683 -0.022725
v 0.238650 -0.500074 -0.523598
vn 0.933635 -0.078336 -0.349556
v 0.271272 -0.527484 -0.685182
vn -0.970444 0.206618 0.124688
v -0.206421 0.303390 0.446765
vn -0.018866 -0.824835 0.565059
v 0.054065 -0.585888 0.165795
vn 0.040186 -0.834022 0.550266
v 0.021720 -0.577079 0.187655
vn -0.013882 -0.780499 0.625003
v 0.013704 -0.612656 0.124332
vn 0.035897 -0.805680 0.591262
v -0.049380 -0.621929 0.118720
vn 0.005778 -0.850240 0.526363
v -0.029313 -0.576062 0.189718
vn 0.016493 -0.868682 0.495096
v -0.028713 -0.585826 0.157623
vn 0.172464 -0.184098 -0.967659
v 0.204527 -0.523435 -0.731423
vn 0.728726 -0.009074 0.684745
v 0.233164 0.015469 0.419803
vn 0.880289 -0.103326 0.463049
v 0.251258 -0.012249 0.395358
vn 0.595279 -0.397412 0.698360
v 0.237231 -0.021915 0.406208
vn 0.605470 -0.403662 0.685903
v 0.240047 -0.032396 0.393627
vn 0.615662 -0.055143 0.786079
v 0.191395 0.012109 0.444659
vn 0.451169 -0.309025 0.837228
v 0.163915 0.049877 0.464120
vn 0.507620 -0.069496 0.858774
v 0.163959 -0.022709 0.472931
vn 0.891667 0.029262 0.451746
v 0.268518 -0.039680 0.318784
vn 0.925383 0.378945 0.008223
v 0.260121 -0.009602 0.297699
vn 0.954329 -0.101123 0.281124
v 0.275923 -0.073681 0.298010
vn 0.988962 0.137210 0.055918
v 0.247452 -0.008635 0.336138
vn 0.935118 0.143348 -0.324046
v 0.257359 0.011276 0.357606
vn 0.965376 0.138825 0.220853
v 0.238326 0.020268 0.316870
vn 0.909279 -0.077096 0.408984
v 0.241663 0.020821 0.308698
vn 0.878714 -0.410635 0.243395
v 0.251675 -0.034044 0.383379
vn 0.930751 -0.324802 -0.167948
v 0.246409 -0.021278 0.347692
vn 0.903208 -0.100147 0.417356
v 0.237700 -0.047918 0.386555
vn 0.968077 -0.213369 -0.131528
v 0.241194 -0.047794 0.373417
vn 0.750121 -0.449922 0.484653
v 0.232695 -0.029770 0.399123
vn 0.785439 -0.101878 0.610497
v 0.229566 -0.038357 0.401948
vn 0.750933 -0.334796 0.569220
v 0.243854 -0.029405 0.342103
vn 0.938770 -0.284049 0.195004
v 0.230191 -0.045259 0.344023
vn 0.987834 0.021415 0.154031
v 0.246878 -0.074089 0.379767
vn -0.781020 0.305421 -0.544726
v -0.193281 0.324180 0.435997
vn 0.252341 -0.511388 -0.821466
v 0.220133 -0.582346 -0.712026
vn -0.644741 0.358818 -0.674951
v -0.133887 0.358761 0.336740
vn -0.344981 0.336917 -0.876057
v -0.070503 0.293999 0.258335
vn -0.485476 0.389282 -0.782798
v -0.120929 0.312403 0.299383
vn -0.742770 0.385814 -0.547211
v -0.167260 0.313783 0.346888
vn -0.676542 0.447617 -0.584748
v -0.159572 0.311440 0.318508
vn 0.112760 -0.790620 0.601834
v 0.078575 -0.519243 0.271105
vn -0.658632 0.387358 -0.645103
v -0.182926 0.344495 0.369291
vn 0.070434 -0.794990 0.602520
v 0.106991 -0.531689 0.227540
vn -0.954096 -0.218646 -0.204681
v -0.197400 0.325521 0.379289
vn -0.806055 -0.043833 -0.590215
v -0.187128 0.313371 0.359411
vn -0.973297 -0.222062 0.058153
v -0.194711 0.324657 0.394338
vn -0.923314 0.090684 -0.373186
v -0.180453 0.296512 0.357852
vn 0.044671 -0.837708 0.544288
v 0.048960 -0.543098 0.221053
vn -0.877864 0.293001 -0.378821
v -0.189318 0.315281 0.425594
vn -0.715594 0.550990 -0.429344
v -0.198078 0.315839 0.430456
vn -0.812579 0.060432 -0.579710
v -0.190986 0.331312 0.436632
vn 0.041088 -0.699136 0.713807
v 0.012579 -0.481735 0.305234
vn -0.823304 0.403941 -0.398752
v -0.198130 0.299067 0.415428
vn -0.970991 0.078192 -0.225969
v -0.186450 0.295603 0.389452
vn -0.939566 -0.158622 0.303406
v -0.204701 0.257197 0.453765
vn -0.988604 0.150103 -0.011449
v -0.212992 0.258462 0.424182
vn -0.795490 -0.147564 0.587725
v -0.209915 0.224133 0.430250
vn 0.971348 0.083296 -0.222587
v 0.291916 0.632557 -0.237701
vn 0.959408 -0.196034 0.202747
v 0.231339 -0.096702 0.333117
vn 0.700646 -0.396029 0.593513
v 0.229566 -0.104560 0.329735
vn -0.074649 -0.556113 -0.827748
v 0.179956 -0.580642 -0.714712
vn -0.155013 -0.149712 -0.976503
v 0.151118 -0.533790 -0.720067
vn -0.216322 -0.961988 -0.166687
v 0.156295 -0.639700 -0.621651
vn 0.711271 -0.598358 -0.368865
v 0.257411 -0.624186 -0.646097
vn -0.036388 -0.832222 0.553247
v -0.010841 -0.531786 0.256070
vn 0.987258 -0.150864 -0.050615
v 0.245731 -0.122712 0.359224
vn 0.009589 -0.797029 0.603864
v -0.061353 -0.541764 0.222795
vn 0.006637 -0.796786 0.604226
v -0.000239 -0.550685 0.211451
vn 0.018031 -0.733571 0.679373
v 0.100091 -0.562356 0.204506
vn 0.604175 -0.548059 -0.578450
v 0.251157 -0.597184 -0.688645
vn -0.374721 -0.877111 -0.300434
v 0.175427 -0.649951 -0.605498
vn 0.858031 -0.432767 -0.276578
v 0.227741 -0.105715 0.333695
vn -0.949675 0.041053 -0.310536
v 0.132829 -0.185630 -0.592423
vn 0.677957 -0.111456 0.726603
v 0.207402 -0.069885 0.438632
vn -0.002204 -0.789411 0.613861
v -0.086077 -0.570577 0.199722
vn 0.313702 -0.324573 0.892325
v 0.139134 -0.108792 0.462429
vn 0.912435 0.044319 -0.406816
v 0.252048 0.630437 -0.311333
vn -0.240375 -0.567099 0.787794
v -0.276244 -0.430893 0.210707
vn -0.288932 -0.359906 0.887122
v -0.270039 -0.438310 0.205753
vn -0.766089 -0.491668 0.413969
v -0.260444 -0.428145 0.213871
vn 0.621436 -0.335350 0.708066
v 0.205368 -0.141951 0.415432
vn -0.625866 -0.698310 0.347356
v -0.270612 -0.418327 0.223313
vn -0.241406 -0.810824 0.533186
v -0.267379 -0.424281 0.217805
vn -0.854130 -0.135313 0.502147
v -0.263573 -0.452335 0.234278
vn 0.929922 -0.162343 -0.329986
v 0.261639 0.570451 -0.277288
vn 0.326524 -0.453777 0.829137
v 0.152808 -0.148076 0.433048
vn -0.791000 0.112121 0.601455
v -0.263155 -0.442530 0.207830
vn -0.748373 0.225324 0.623833
v -0.280728 -0.457469 0.200326
vn -0.751749 0.032655 0.658640
v -0.278069 -0.472415 0.212394
vn 0.466544 -0.278799 -0.839409
v -0.179606 -0.133329 -0.697566
vn 0.960737 -0.006378 -0.277389
v 0.269509 -0.103828 0.253062
vn -0.435712 -0.446274 0.781662
v -0.256222 -0.508728 0.213982
vn 0.012561 -0.812376 0.582999
v -0.114230 -0.600512 0.149366
vn 0.701212 0.453875 0.549817
v 0.244401 -0.145803 0.326504
vn 0.941796 0.173410 0.288010
v 0.258715 -0.136053 0.289924
vn 0.975791 -0.146423 0.162456
v 0.290725 0.570631 -0.176012
vn -0.199433 -0.647615 0.735406
v -0.214112 -0.540504 0.206188
vn 0.881570 -0.190003 0.432127
v 0.258440 0.545664 -0.127045
vn 0.924229 0.379368 0.043377
v 0.260436 -0.125096 0.230424
vn 0.990785 -0.098801 0.092650
v 0.261948 -0.132142 0.238120
vn 0.801766 0.200595 0.562969
v 0.263825 -0.136257 0.232050
vn -0.170407 -0.730478 0.661335
v -0.248732 -0.621345 0.128248
vn 0.949391 0.067934 -0.306663
v -0.130453 -0.195947 -0.587054
vn -0.102697 -0.744212 0.660002
v -0.145486 -0.561974 0.198536
vn -0.047057 -0.730876 0.680886
v -0.197575 -0.593755 0.158027
vn 0.813257 -0.072596 -0.577359
v -0.157629 -0.192486 -0.650095
vn 0.931561 -0.335782 0.139440
v 0.266052 0.488100 -0.178783
vn -0.150635 -0.733929 0.662312
v -0.122714 -0.500822 0.275005
vn -0.893122 0.025505 -0.449091
v -0.243556 -0.153093 -0.664090
vn 0.960295 -0.180413 -0.212801
v 0.252774 0.508602 -0.256664
vn -0.267900 -0.669899 0.692434
v -0.168316 -0.471141 0.288543
vn -0.091408 -0.748710 0.656566
v -0.056897 -0.496706 0.287286
vn 0.994604 0.066289 -0.079805
v 0.236129 0.526185 -0.344462
vn 0.999209 0.002991 0.039655
v 0.237946 0.460459 -0.312192
vn 0.767283 0.161985 0.620514
v 0.258298 -0.151784 0.240168
vn 0.999838 -0.002678 -0.017783
v 0.262887 -0.143111 0.270684
vn 0.999442 0.032012 0.009492
v 0.254135 0.462920 -0.381321
vn 0.998050 0.062402 0.001742
v 0.254439 -0.151766 0.248023
vn 0.605985 0.342982 0.717737
v 0.280491 -0.159438 0.227511
vn 0.972292 -0.221753 -0.073989
v 0.246845 0.453711 -0.243395
vn 0.974918 -0.157571 0.157185
v 0.234221 0.388949 -0.271752
vn -0.962938 0.071176 0.260164
v -0.256570 -0.174896 -0.603454
vn -0.076528 -0.772128 0.630842
v -0.092315 -0.530123 0.239772
vn 0.847797 0.514588 0.128215
v 0.258037 -0.163294 0.246821
vn 0.998070 -0.042919 -0.044882
v 0.225873 0.506094 -0.071949
vn 0.820932 0.270577 -0.502850
v 0.248984 0.439858 -0.043562
vn -0.933635 0.096767 0.344908
v -0.306436 -0.216666 0.213753
vn 0.736305 0.390809 -0.552379
v 0.273324 0.378496 -0.056051
vn 0.970758 -0.227315 0.077179
v 0.229284 0.417475 -0.173482
vn 0.893084 0.332858 -0.302665
v 0.300285 0.403646 0.000214
vn -0.897247 0.437450 -0.059881
v -0.305237 -0.207566 0.244664
vn -0.988462 0.017820 -0.150414
v -0.309043 -0.235294 0.231329
vn 0.000774 -0.183210 -0.983073
v -0.205118 -0.188218 -0.689709
vn -0.972604 0.217572 -0.081881
v -0.321663 -0.255212 0.140192
vn -0.911415 -0.292316 0.289610
v -0.322445 -0.239466 0.172603
vn -0.979390 -0.038339 0.198306
v -0.337358 -0.219469 0.176030
vn 0.966412 0.146027 -0.211482
v 0.226220 0.388906 -0.119823
vn -0.760059 -0.575447 0.301946
v -0.331779 -0.229778 0.180110
vn -0.999974 -0.005889 -0.004151
v -0.301691 -0.241890 0.217200
vn 0.615064 -0.185044 0.766456
v 0.288527 0.395313 0.072990
vn 0.969334 0.219862 -0.109786
v 0.322807 0.332560 -0.015837
vn -0.310269 -0.224006 -0.923880
v -0.219406 -0.217912 -0.682428
vn 0.757380 0.247629 -0.604199
v 0.296882 0.245594 -0.109739
vn -0.940169 -0.158695 0.301493
v -0.311280 -0.299419 0.233128
vn 0.878281 0.439288 -0.188808
v 0.264660 -0.155723 0.270216
vn -0.884773 -0.043724 0.463967
v -0.307207 -0.248035 0.298588
vn 0.790377 0.471804 0.390776
v 0.277366 -0.171457 0.305925
vn 0.830126 0.179382 0.527933
v 0.295219 -0.223411 0.312964
vn 0.953319 -0.287291 0.092986
v 0.223986 -0.112073 0.331452
vn 0.855103 -0.043072 -0.516665
v 0.225707 -0.116405 0.336917
vn 0.914004 -0.006345 0.405656
v 0.224038 -0.118980 0.327933
vn 0.855926 0.502200 0.123229
v 0.226906 -0.133043 0.330435
vn 0.958167 -0.161081 -0.236579
v 0.235824 0.381434 -0.421930
vn 0.721733 0.094833 0.685644
v 0.240986 -0.127914 0.313741
vn 0.467329 -0.146226 0.871907
v 0.235029 -0.233667 0.364884
vn 0.887766 0.338214 -0.312224
v 0.232277 -0.135291 0.339135
vn 0.944373 -0.051141 -0.324875
v 0.234780 -0.138559 0.344967
vn 0.994282 0.037093 -0.100134
v 0.209464 0.306353 -0.470116
vn 0.863629 0.170749 0.474331
v 0.235875 -0.146966 0.335926
vn 0.974099 -0.226007 0.007236
v 0.214406 0.263990 -0.404437
vn 0.822080 0.007933 0.569316
v 0.232639 -0.168576 0.352816
vn 0.975824 -0.214410 0.042383
v 0.247359 0.341532 -0.339606
vn 0.932187 -0.357788 0.054908
v 0.215352 0.265529 -0.343474
vn 0.958933 -0.283556 -0.006627
v 0.201772 0.249039 -0.288797
vn 0.955746 0.060610 -0.287883
v 0.214876 0.291938 -0.195452
vn 0.777175 0.198042 -0.597309
v 0.244497 0.227569 -0.171689
vn -0.795101 -0.092932 -0.599315
v -0.238421 -0.208502 -0.668389
vn -0.475400 -0.180754 -0.861001
v -0.220918 -0.256474 -0.666139
vn 0.461516 -0.098546 -0.881642
v -0.180110 -0.247359 -0.666740
vn -0.366798 -0.062450 -0.928202
v -0.212053 -0.295472 -0.669890
vn -0.837156 0.378642 -0.394716
v 0.102732 -0.278681 -0.546489
vn 0.770093 0.279965 -0.573216
v 0.252600 0.288726 -0.135389
vn 0.960678 0.252928 0.114564
v 0.146532 -0.248996 -0.463503
vn -0.469509 0.777459 -0.418472
v 0.056913 -0.298712 -0.483580
vn -0.454570 0.765863 -0.454774
v 0.075528 -0.323629 -0.554821
vn 0.115045 0.891134 -0.438914
v -0.015023 -0.283143 -0.417795
vn -0.273922 0.862163 -0.426194
v 0.027752 -0.291955 -0.441086
vn 0.456773 0.809809 -0.368196
v -0.057390 -0.298712 -0.483580
vn 0.641222 0.664485 -0.383789
v -0.062079 -0.277589 -0.451916
vn -0.704891 0.500419 -0.502703
v 0.113229 -0.323728 -0.604012
vn -0.464737 0.595255 -0.655508
v 0.127044 -0.348200 -0.641279
vn -0.236791 0.865078 -0.442232
v 0.068597 -0.350999 -0.603245
vn 0.845312 0.436622 -0.307911
v -0.088635 -0.262919 -0.493145
vn -0.822390 -0.026850 0.568290
v -0.244693 -0.214483 -0.582855
vn 0.959478 0.138600 -0.245341
v 0.329129 0.260147 -0.060069
vn 0.683560 -0.290858 0.669438
v 0.148636 -0.159297 0.428151
vn 0.976243 0.133694 -0.170517
v 0.330441 0.206998 -0.065712
vn 0.958681 -0.054060 -0.279301
v 0.204629 0.240795 -0.235121
vn 0.748788 -0.086818 0.657099
v 0.194316 -0.218481 0.384971
vn 0.808740 0.112698 -0.577268
v 0.220230 0.177758 -0.215849
vn 0.945093 -0.060036 -0.321238
v 0.193308 0.192769 -0.262619
vn -0.760444 0.560595 0.327808
v 0.143280 0.665730 -0.300671
vn -0.809334 0.581468 0.082905
v 0.129330 0.627626 -0.256268
vn -0.758883 -0.018445 0.650966
v -0.207500 -0.261549 -0.552887
vn -0.961952 -0.155838 0.224418
v -0.245538 -0.285582 -0.613222
vn -0.935331 0.350625 0.047103
v -0.183028 -0.350159 -0.488602
vn -0.920214 0.224882 0.320365
v -0.167093 -0.290744 -0.500340
vn 0.531412 0.739726 -0.412804
v -0.074389 -0.315754 -0.538861
vn 0.636393 0.594741 -0.491210
v -0.101890 -0.325366 -0.592200
vn 0.805463 0.152709 -0.572634
v -0.140621 -0.270922 -0.623883
vn 0.134790 0.229597 -0.963907
v -0.185478 -0.325523 -0.670280
vn 0.452803 0.568990 -0.686455
v -0.126478 -0.353723 -0.649495
vn 0.106329 0.854121 -0.509089
v -0.069202 -0.372368 -0.640695
vn -0.935353 -0.122605 -0.331788
v -0.246469 -0.273628 -0.632003
vn -0.816707 0.010282 -0.576961
v -0.232868 -0.322429 -0.650390
vn -0.718012 0.415782 -0.558197
v -0.227933 -0.377368 -0.676756
vn -0.942115 0.207750 0.263170
v -0.237620 -0.431404 -0.595473
vn -0.932892 0.234717 0.273167
v -0.211687 -0.388156 -0.550591
vn 0.087390 0.461536 -0.882807
v 0.087131 -0.426854 -0.696573
vn -0.293471 0.532413 -0.793984
v 0.131366 -0.394239 -0.687331
vn 0.266389 0.312537 -0.911788
v 0.049722 -0.463446 -0.734217
vn -0.295086 0.163330 -0.941407
v 0.145585 -0.457074 -0.721910
vn 0.014889 0.871629 -0.489940
v -0.000239 -0.379058 -0.691747
vn -0.011743 0.589437 -0.807729
v -0.000239 -0.401264 -0.719427
vn -0.954458 0.231321 -0.188417
v 0.110111 0.593004 -0.374042
vn -0.878162 0.449408 -0.163901
v 0.072247 0.524245 -0.337638
vn -0.886964 0.458624 0.054396
v 0.072147 0.530311 -0.211835
vn -0.885869 0.461294 0.049448
v 0.095787 0.569971 -0.162422
vn -0.076667 0.614748 -0.784989
v -0.079760 -0.404697 -0.684240
vn -0.163277 0.326967 -0.930824
v -0.021733 -0.459114 -0.736757
vn 0.109961 0.070913 -0.991403
v 0.111665 -0.500975 -0.717239
vn 0.602027 0.058917 -0.796299
v 0.077041 -0.542672 -0.736784
vn 0.409946 -0.419211 -0.810066
v 0.059127 -0.555439 -0.754426
vn 0.808933 -0.110344 0.577453
v 0.189362 -0.239627 0.407928
vn -0.971791 0.226141 0.066950
v -0.336754 -0.279766 0.150227
vn -0.960179 0.256463 0.110832
v -0.332561 -0.281036 0.124051
vn 0.123245 -0.635804 -0.761948
v 0.104544 -0.584876 -0.708039
vn -0.150576 -0.629077 -0.762619
v -0.105021 -0.584876 -0.708039
vn 0.421509 0.467816 -0.776839
v 0.043250 -0.508700 -0.745549
vn 0.819267 0.472412 -0.325005
v -0.038189 0.445844 -0.365596
vn -0.814223 0.481266 -0.324692
v 0.032521 0.444759 -0.356684
vn -0.850293 0.504897 0.148594
v 0.038678 0.462641 -0.201727
vn -0.861507 0.507580 -0.012939
v 0.050290 0.491629 -0.267798
vn 0.886459 0.462680 0.010883
v -0.054297 0.499551 -0.262756
vn -0.432878 0.476441 -0.765258
v -0.043728 -0.508700 -0.745549
vn 0.029824 0.687759 -0.725326
v -0.000239 -0.498994 -0.748777
vn 0.006535 0.535553 -0.844476
v -0.000239 -0.510476 -0.787808
vn 0.504694 0.589880 -0.630337
v 0.031466 -0.513334 -0.766956
vn -0.501784 0.605792 -0.617437
v -0.031943 -0.513334 -0.766956
vn 0.013896 -0.393622 -0.919167
v -0.000239 -0.535100 -0.786474
vn 0.521043 -0.383715 0.762415
v 0.155884 -0.280863 0.414368
vn 0.801485 0.595975 -0.049350
v -0.030131 0.455018 -0.293097
vn 0.859218 0.378914 0.343755
v -0.028142 0.412395 -0.145987
vn -0.410385 -0.399139 -0.819922
v -0.052640 -0.551558 -0.760541
vn -0.596802 0.068321 -0.799475
v -0.077518 -0.542672 -0.736784
vn -0.000100 -0.993042 -0.117760
v 0.130229 -0.635957 -0.627550
vn -0.025582 -0.651985 -0.757800
v 0.144988 -0.588217 -0.702775
vn 0.216310 -0.961944 -0.166956
v 0.104111 -0.639700 -0.621651
vn 0.394231 -0.340113 0.853760
v 0.121436 0.124050 0.518977
vn -0.052168 0.235278 -0.970527
v -0.103799 -0.474993 -0.713072
vn 0.308783 0.472001 -0.825753
v -0.131923 -0.402193 -0.692801
vn 0.836641 0.530666 0.135742
v -0.033067 0.453520 -0.212203
vn 0.381113 0.526838 -0.759733
v -0.157196 -0.359750 -0.673318
vn -0.017954 0.950084 -0.311476
v -0.000239 0.423337 -0.316611
vn -0.041775 0.995809 0.081359
v -0.000239 0.423503 -0.260428
vn -0.037009 0.892908 0.448716
v -0.000239 0.408141 -0.199338
vn -0.027394 0.529399 -0.847931
v -0.189266 -0.362489 -0.685740
vn 0.191417 0.785673 -0.588283
v -0.174926 -0.373164 -0.683127
vn -0.991128 -0.092498 0.095444
v -0.346814 -0.333391 0.147398
vn 0.189371 0.631308 -0.752056
v -0.170963 -0.378578 -0.701262
vn -0.962436 0.270538 0.022918
v -0.254940 -0.435174 -0.654642
vn -0.243097 0.519308 -0.819282
v -0.205722 -0.402704 -0.712077
vn 0.078685 0.180745 -0.980377
v -0.187815 -0.453609 -0.737235
vn -0.600700 0.333972 -0.726376
v -0.241887 -0.445876 -0.723983
vn -0.955876 0.198520 -0.216542
v -0.268669 -0.474332 -0.691414
vn -0.967719 0.247954 0.045154
v -0.236727 -0.470205 -0.535895
vn 0.179271 -0.152025 -0.971983
v -0.157137 -0.525852 -0.722952
vn -0.206193 -0.135730 -0.969052
v -0.114144 -0.545658 -0.713151
vn 0.041394 -0.630824 -0.774821
v -0.144858 -0.588253 -0.702718
vn 0.062130 -0.549891 -0.832923
v -0.184939 -0.579951 -0.715801
vn -0.473705 -0.176054 -0.862907
v -0.241955 -0.503649 -0.730756
vn -0.898025 -0.099841 -0.428466
v -0.268813 -0.517471 -0.699147
vn -0.120669 -0.227990 -0.966157
v -0.207586 -0.534125 -0.728577
vn -0.236236 -0.539439 -0.808207
v -0.223067 -0.583035 -0.710941
vn 0.188515 -0.970561 -0.149911
v -0.156772 -0.639700 -0.621651
vn -0.992061 -0.113736 0.053667
v -0.336823 -0.327152 0.121622
vn -0.216320 -0.961929 -0.167030
v -0.104588 -0.639700 -0.621651
vn 0.007816 -0.992115 -0.125085
v -0.130706 -0.635957 -0.627550
vn 0.881080 0.471859 0.032360
v -0.082048 0.553504 -0.231872
vn -0.551262 -0.586414 -0.593489
v -0.251634 -0.597184 -0.688645
vn 0.039047 -0.321084 0.946245
v 0.047214 0.116908 0.528460
vn 0.372473 -0.218392 0.901980
v 0.125747 0.074338 0.498821
vn 0.728145 0.485785 -0.483548
v 0.207698 -0.334669 -0.394953
vn 0.696684 0.445106 -0.562593
v 0.222932 -0.292490 -0.341814
vn 0.755889 0.425666 -0.497435
v 0.252068 -0.398428 -0.400005
vn 0.872659 0.326635 -0.363009
v 0.243670 -0.448646 -0.457808
vn 0.875530 0.279097 -0.394400
v 0.292591 -0.417315 -0.349840
vn 0.934079 0.075319 -0.349031
v 0.303832 -0.481362 -0.348761
vn 0.942430 0.041753 -0.331788
v 0.261133 -0.527603 -0.449837
vn 0.952707 -0.031321 -0.302274
v 0.316738 -0.524957 -0.310339
vn -0.909315 -0.038235 -0.414349
v -0.251958 0.612432 -0.310153
vn 0.925360 -0.064992 -0.373476
v 0.279694 -0.571054 -0.397115
vn 0.925678 -0.068731 0.372017
v 0.327234 -0.524646 -0.069272
vn 0.966389 -0.171450 0.191565
v 0.336544 -0.602849 -0.127180
vn 0.975125 -0.072826 -0.209350
v 0.332544 -0.567664 -0.244694
vn -0.894785 -0.429430 -0.122269
v -0.328754 -0.346484 0.121980
vn -0.959391 -0.281041 -0.024202
v -0.325156 -0.374867 0.151523
vn -0.909055 0.198611 0.366296
v -0.295851 -0.339217 0.267404
vn -0.967127 -0.007138 0.254193
v -0.289750 -0.326631 0.247475
vn 0.956717 -0.012704 -0.290744
v 0.257410 -0.609646 -0.447108
vn 0.707966 -0.618750 -0.340488
v 0.249346 -0.669991 -0.573861
vn -0.432664 -0.761252 -0.483009
v 0.182412 -0.663918 -0.583489
vn -0.014857 -0.162287 0.986632
v -0.000239 0.130830 0.535133
vn -0.993071 0.115300 0.022730
v -0.239129 0.498368 -0.352616
vn -0.923051 -0.136219 -0.359753
v -0.281664 0.585672 -0.249287
vn -0.943112 -0.063944 0.326268
v -0.297311 -0.339445 0.227671
vn -0.974250 0.165496 0.153127
v -0.302212 -0.350092 0.250188
vn -0.959989 -0.276021 0.047262
v -0.238887 0.420189 -0.235126
vn -0.999050 0.043525 -0.002223
v -0.303464 -0.361549 0.244400
vn -0.896009 -0.123106 0.426629
v -0.314409 -0.360955 0.192552
vn -0.826784 -0.159100 0.539551
v -0.298510 -0.363217 0.267366
vn -0.964873 -0.186768 0.184765
v -0.303151 -0.369365 0.250001
vn -0.954054 -0.126902 0.271433
v -0.300074 -0.371531 0.216141
vn 0.996506 -0.022261 0.080498
v 0.249160 -0.617713 -0.558277
vn -0.880323 -0.449623 0.151229
v -0.300544 -0.381415 0.243589
vn -0.829541 -0.556237 -0.049634
v -0.295486 -0.389861 0.231497
vn -0.903946 -0.427636 0.003040
v -0.289176 -0.395720 0.225061
vn -0.656775 -0.559845 0.505193
v -0.279946 -0.411283 0.220681
vn -0.606656 -0.604981 0.515719
v -0.287110 -0.387688 0.260994
vn -0.995316 0.019443 0.094697
v -0.320620 -0.386626 0.099593
vn -0.985054 -0.042912 -0.166817
v -0.323331 -0.377715 0.131681
vn -0.593008 -0.249812 0.765465
v 0.151924 0.396768 0.055736
vn -0.814107 -0.006648 0.580677
v 0.071392 0.357089 -0.042374
vn -0.812684 0.176021 0.555484
v 0.035942 0.357685 -0.096831
vn 0.916367 0.353605 0.187712
v -0.055517 0.471164 -0.129045
vn -0.374440 -0.645431 -0.665743
v 0.175427 -0.677913 -0.561438
vn -0.061024 -0.270553 0.960769
v -0.035406 0.121275 0.529683
vn -0.934323 -0.356125 0.014698
v -0.320046 -0.359101 0.112861
vn -0.065006 -0.352891 0.933403
v 0.010845 0.084349 0.514816
vn -0.043187 -0.323740 0.945160
v -0.030705 0.076952 0.508214
vn -0.866952 -0.456476 -0.200060
v -0.329015 -0.368812 0.135170
vn -0.984648 0.157118 0.076045
v -0.326929 -0.384355 0.146428
vn -0.976342 0.175403 -0.126454
v -0.320567 -0.377603 0.148243
vn -0.721076 -0.684791 -0.105407
v -0.324061 -0.372352 0.144349
vn -0.938696 -0.042113 0.342164
v -0.336492 -0.409152 0.070795
vn -0.992583 -0.081884 -0.089853
v -0.331215 -0.429012 0.119784
vn -0.954409 -0.291433 0.064577
v -0.315509 -0.435902 0.086541
vn -0.780912 -0.380356 -0.495485
v -0.309930 -0.465973 0.093149
vn -0.879307 -0.450669 -0.153999
v -0.325678 -0.460918 0.112724
vn -0.767864 -0.505080 -0.394055
v -0.317387 -0.465921 0.102507
vn -0.805282 -0.584626 0.098659
v -0.313476 -0.468435 0.113573
vn -0.991536 -0.094033 0.089521
v -0.306436 -0.470485 0.125366
vn -0.925475 -0.334324 0.178113
v -0.307479 -0.465164 0.138685
vn -0.216350 -0.559937 -0.799790
v 0.156295 -0.688137 -0.545327
vn -0.318913 -0.354815 -0.878864
v 0.143265 -0.637829 -0.540129
vn -0.552677 -0.479829 -0.681405
v 0.152808 -0.632687 -0.548230
vn -0.011709 -0.097990 0.995118
v -0.059658 0.051825 0.505962
vn -0.870732 -0.228314 0.435544
v -0.318704 -0.417907 0.178034
vn -0.564318 -0.491966 0.662959
v -0.290532 -0.438358 0.199114
vn 0.072345 -0.666529 0.741960
v -0.279842 -0.438161 0.205909
vn -0.773184 -0.499676 0.390525
v -0.313945 -0.456516 0.153376
vn -0.426541 -0.453802 0.782385
v -0.279946 -0.441740 0.200550
vn -0.818795 -0.114523 0.562547
v -0.289437 -0.454125 0.185032
vn -0.000117 -0.529012 -0.848614
v 0.130229 -0.691879 -0.539430
vn -0.318867 -0.946259 0.054024
v 0.143265 -0.613604 -0.578301
vn -0.552857 -0.820962 -0.142726
v 0.152808 -0.618717 -0.570244
vn -0.638452 -0.649798 -0.412482
v 0.156302 -0.625702 -0.559237
vn 0.000013 -0.992146 0.125086
v 0.130229 -0.611732 -0.581251
vn 0.394273 -0.056941 0.917228
v 0.128819 0.025592 0.494342
vn -0.858089 0.288638 0.424702
v -0.298771 -0.468999 0.177815
vn 0.023007 0.405321 0.913885
v -0.000239 0.335082 -0.125674
vn 0.030334 -0.212909 0.976601
v 0.066549 0.039216 0.505631
vn 0.641661 -0.509547 -0.573265
v 0.261379 -0.734316 -0.472560
vn -0.454773 -0.740489 -0.494830
v 0.182412 -0.747797 -0.451318
vn -0.374432 -0.645435 -0.665744
v 0.175427 -0.761791 -0.429266
vn -0.100656 -0.045959 0.993859
v 0.041534 -0.012647 0.490403
vn -0.424524 -0.868698 -0.255231
v 0.175427 -0.733802 -0.473370
vn -0.208693 -0.966933 -0.146590
v 0.156295 -0.723578 -0.489480
vn -0.731425 -0.679951 0.051806
v 0.165939 -0.711959 -0.450605
vn 0.715206 0.039921 0.697773
v -0.049568 0.288883 -0.069836
vn 0.826236 0.021398 0.562917
v -0.066912 0.362985 -0.050403
vn -0.953210 0.048388 0.298413
v -0.304820 -0.469159 0.148872
vn -0.831629 -0.322925 0.451789
v -0.303516 -0.461539 0.159637
vn -0.455957 -0.861158 -0.224742
v 0.152808 -0.702596 -0.438072
vn -0.276609 -0.939440 0.202336
v 0.143265 -0.697482 -0.446130
vn -0.608634 -0.643924 -0.463601
v 0.156302 -0.709581 -0.427066
vn -0.695012 -0.157410 0.701555
v -0.298128 -0.503301 0.191063
vn -0.387481 -0.557941 0.733867
v -0.274543 -0.563366 0.174220
vn -0.853454 -0.408282 0.323916
v -0.325224 -0.465637 0.044155
vn -0.896965 -0.442028 0.008030
v -0.305185 -0.460543 0.081772
vn -0.935601 0.316770 -0.155910
v -0.314988 -0.487942 0.112001
vn -0.915222 -0.185713 -0.357602
v -0.305289 -0.474099 0.097195
vn -0.657302 -0.606488 -0.447355
v -0.306958 -0.471193 0.091936
vn -0.895195 -0.251133 -0.368182
v -0.302369 -0.470346 0.087780
vn -0.974131 -0.188873 0.124083
v -0.299240 -0.476116 0.073805
vn -0.998442 -0.054794 0.010580
v -0.299240 -0.490809 0.064357
vn -0.654196 -0.721653 0.226373
v -0.327711 -0.490112 -0.012648
vn -0.988985 -0.138080 0.053325
v -0.297650 -0.509165 0.032944
vn -0.948078 -0.166020 0.271265
v -0.299031 -0.518951 -0.009148
vn -0.922993 0.065897 0.379133
v -0.326896 -0.508881 0.155508
vn -0.997537 -0.008079 -0.069676
v -0.335629 -0.541938 0.109492
vn 0.935884 -0.124693 -0.329504
v 0.314928 -0.709204 -0.330049
vn 0.927177 0.091931 -0.363168
v 0.302816 -0.673390 -0.339065
vn -0.803148 -0.471043 0.364789
v -0.322049 -0.582704 0.121675
vn 0.903969 -0.179292 0.388193
v 0.309296 -0.550058 -0.024752
vn 0.987930 0.154228 -0.014427
v 0.304029 -0.537380 -0.005219
vn 0.975132 -0.196735 -0.102049
v 0.313488 -0.703360 -0.259169
vn 0.986233 -0.120983 -0.112726
v 0.308108 -0.599602 0.030865
vn 0.975880 -0.145150 0.163066
v 0.299324 -0.587411 -0.032187
vn 0.768240 -0.581242 0.268264
v 0.299818 -0.640024 0.065998
vn 0.535893 -0.668339 0.515889
v 0.260620 -0.697984 0.029983
vn -0.061142 -0.772195 0.632437
v 0.162751 -0.639551 0.097693
vn 0.941573 -0.175909 0.287221
v 0.302568 -0.684610 -0.085367
vn 0.000002 -0.292211 0.956354
v -0.000239 -0.007603 0.487981
vn 0.083766 0.120356 0.989190
v 0.014727 -0.013312 0.486272
vn 0.082172 -0.246271 0.965711
v -0.000239 0.003975 0.497861
vn 0.102573 -0.170137 0.980067
v 0.017178 0.001456 0.488110
vn 0.950660 0.086915 -0.297811
v 0.286689 -0.715076 -0.394523
vn -0.056808 0.123542 0.990712
v -0.015204 -0.013312 0.486272
vn 0.050108 -0.096427 0.994078
v -0.020575 -0.033446 0.494740
vn -0.136402 -0.201318 0.969982
v -0.017655 0.001456 0.488110
vn 0.917558 -0.388863 -0.082899
v 0.298658 -0.746443 -0.346888
vn -0.011578 -0.069039 0.997547
v 0.020098 -0.033446 0.494740
vn 0.017101 -0.187181 0.982177
v -0.011815 -0.094881 0.465665
vn 0.197105 -0.382006 0.902896
v -0.034133 -0.079097 0.470525
vn 0.030484 -0.307872 0.950939
v -0.056018 -0.050801 0.491330
vn 0.708227 -0.635574 -0.307342
v 0.288484 -0.774501 -0.409239
vn -0.769781 -0.143381 0.621996
v -0.158969 0.143907 0.492048
vn -0.593201 -0.273290 0.757249
v -0.169815 0.156844 0.485189
vn -0.948831 0.133533 0.286163
v -0.163558 0.140686 0.485249
vn -0.962484 0.143885 0.230049
v -0.163454 0.134890 0.480954
vn -0.923268 -0.257065 0.285471
v -0.262310 0.514485 -0.146251
vn -0.659113 -0.130328 0.740665
v -0.167938 0.124139 0.471228
vn -0.994538 -0.095493 0.042143
v -0.225185 0.517858 -0.072225
vn -0.885787 -0.116930 0.449119
v -0.161889 0.142450 0.481984
vn -0.722115 0.121428 0.681033
v -0.180244 0.099953 0.466131
vn -0.953306 -0.021129 0.301266
v -0.200268 0.169944 0.458609
vn -0.909222 -0.126787 0.396535
v -0.198730 0.170852 0.424384
vn -0.600646 -0.305054 0.739031
v -0.207308 0.158998 0.413186
vn 0.432088 -0.774033 -0.462787
v 0.248776 -0.808145 -0.356225
vn -0.623183 -0.111450 0.774094
v -0.181392 0.115932 0.460708
vn -0.607908 -0.204933 0.767105
v -0.187649 0.142713 0.468626
vn -0.999677 0.018462 -0.017443
v -0.206161 0.130689 0.444752
vn -0.941785 -0.241138 0.234295
v -0.205691 0.119971 0.447337
vn -0.992343 -0.064402 0.105398
v -0.193176 0.142698 0.420381
vn -0.799451 0.150338 0.581616
v -0.202667 0.129058 0.406353
vn -0.723038 -0.229666 0.651514
v -0.196931 0.146839 0.412880
vn -0.803609 -0.242078 0.543701
v -0.221178 0.129254 0.380352
vn -0.836974 0.004788 0.547222
v -0.213826 0.130568 0.391809
vn -0.861897 0.358108 0.359016
v -0.223681 0.107642 0.396404
vn 0.928860 -0.180901 0.323254
v 0.315108 -0.631142 -0.089465
vn 0.958636 -0.236996 0.157638
v 0.295237 -0.654881 -0.022146
vn -0.907257 -0.303839 0.290803
v -0.230773 0.135623 0.375377
vn -0.937887 0.328830 -0.110629
v -0.224672 0.108537 0.377086
vn -0.766752 -0.169807 0.619077
v -0.191560 0.102632 0.449550
vn -0.696046 -0.504303 0.511077
v -0.198026 0.105847 0.445846
vn -0.932750 -0.037639 0.358553
v -0.196827 0.099986 0.437371
vn -0.844628 0.263888 0.465796
v -0.195836 0.084472 0.440991
vn -0.759007 0.133150 0.637323
v -0.199695 0.067808 0.451970
vn -0.425917 -0.777774 -0.462236
v 0.182412 -0.831675 -0.319147
vn -0.216351 -0.559930 -0.799794
v 0.156295 -0.772015 -0.413156
vn 0.314120 -0.896338 -0.312900
v 0.260439 -0.785485 -0.391931
vn -0.230698 -0.965259 -0.122693
v 0.156295 -0.807457 -0.357309
vn -0.473458 -0.838326 0.270273
v 0.151888 -0.787347 -0.327354
vn -0.552670 -0.479837 -0.681404
v 0.152808 -0.716566 -0.416059
vn 0.920992 -0.217820 -0.322999
v 0.280353 -0.818235 -0.274983
vn 0.810920 -0.381151 0.443996
v 0.280785 -0.725958 -0.037683
vn -0.030009 -0.714047 0.699454
v 0.197094 -0.691281 0.050081
vn -0.095372 -0.274609 0.956815
v -0.087009 0.074020 0.506800
vn 0.112278 -0.039206 0.992903
v -0.070218 0.069783 0.502383
vn -0.559032 -0.147459 0.815928
v -0.150987 0.094938 0.490697
vn 0.968444 -0.164570 0.187173
v 0.321305 -0.686788 -0.138955
vn 0.837764 -0.178606 0.515995
v 0.293249 -0.831158 -0.114925
vn -0.922881 0.368746 -0.110987
v -0.244678 0.067894 0.361912
vn -0.972418 -0.209524 -0.102479
v -0.221387 0.117090 0.368865
vn -0.967963 -0.241618 0.068326
v -0.215755 0.108466 0.355302
vn 0.511512 -0.458220 0.726905
v 0.253589 -0.793460 -0.055157
vn 0.514559 -0.668475 -0.537001
v 0.267372 -0.862660 -0.270323
vn -0.431256 -0.601469 -0.672498
v 0.175427 -0.845642 -0.297139
vn 0.579765 -0.612484 -0.537341
v 0.261718 -0.831512 -0.319404
vn -0.387063 -0.865182 -0.318814
v 0.175427 -0.817680 -0.341199
vn -0.723545 -0.238669 -0.647704
v 0.164733 -0.817464 -0.284794
vn -0.186670 -0.554334 -0.811090
v 0.156295 -0.855893 -0.280985
vn -0.005151 -0.843538 -0.537044
v 0.130774 -0.788287 -0.291447
vn -0.624310 -0.761811 -0.172864
v 0.152808 -0.786474 -0.305901
vn -0.698333 -0.644083 -0.312231
v 0.156302 -0.793459 -0.294895
vn -0.128860 -0.630465 0.765447
v 0.179187 -0.786882 -0.039295
vn -0.460188 -0.577513 -0.674319
v 0.152808 -0.800445 -0.283887
vn -0.271100 -0.362180 -0.891813
v 0.143265 -0.805557 -0.275830
vn -0.805435 0.467660 -0.364100
v -0.230591 0.069720 0.342200
vn -0.846848 0.448235 -0.286243
v -0.177725 -0.310229 -0.423696
vn 0.172434 -0.448381 0.877052
v 0.228618 -0.849884 -0.075802
vn -0.865012 0.307408 -0.396553
v -0.289478 -0.415812 -0.356756
vn -0.767013 0.422049 -0.483286
v -0.249612 -0.405482 -0.410372
vn -0.906717 0.247441 -0.341522
v -0.252075 -0.468958 -0.456313
vn -0.923241 0.196604 -0.330110
v -0.240107 0.041482 0.333173
vn -0.969425 0.226968 0.093278
v -0.238386 0.046194 0.327888
vn -0.999421 -0.033391 0.006522
v -0.237656 0.029576 0.324877
vn -0.435176 -0.862342 -0.258819
v -0.085508 -0.733802 -0.473370
vn -0.859901 -0.071406 0.505442
v -0.251736 -0.012249 0.395358
vn -0.623968 -0.315522 0.714920
v -0.237709 -0.021915 0.406208
vn 0.216201 -0.962010 -0.166715
v 0.104111 -0.723578 -0.489480
vn -0.605456 -0.403663 0.685915
v -0.240524 -0.032396 0.393627
vn -0.000000 -0.993071 -0.117516
v 0.130229 -0.719835 -0.495379
vn 0.381407 -0.882532 -0.275075
v 0.085031 -0.733802 -0.473370
vn 0.906541 0.415430 0.074845
v 0.333022 -0.882704 -0.168475
vn 0.785141 -0.095387 0.611927
v -0.101234 0.384175 0.000066
vn -0.375194 -0.876959 -0.300287
v -0.085508 -0.649951 -0.605498
vn 0.381908 -0.882358 -0.274936
v 0.085031 -0.649951 -0.605498
vn 0.219450 -0.569875 -0.791886
v 0.104111 -0.688137 -0.545327
vn 0.498804 -0.734860 -0.459538
v 0.078045 -0.663918 -0.583489
vn -0.433009 -0.761113 -0.482918
v -0.078523 -0.663918 -0.583489
vn 0.360247 -0.628138 -0.689685
v 0.085031 -0.677913 -0.561438
vn 0.839790 -0.410241 -0.355605
v 0.089094 -0.724084 -0.433483
vn 0.498888 -0.734752 -0.459619
v 0.078045 -0.747797 -0.451318
vn -0.335947 -0.097745 0.936795
v -0.133040 0.034079 0.491230
vn -0.200520 -0.185491 0.961969
v -0.112924 -0.048814 0.488292
vn 0.842484 0.066200 0.534639
v 0.301213 -0.869215 -0.136693
vn -0.005153 -0.845072 -0.534627
v 0.130774 -0.704257 -0.423858
vn -0.318922 -0.354839 -0.878850
v 0.143265 -0.721707 -0.407958
vn 0.963998 0.163451 -0.209741
v 0.306112 -0.854593 -0.184810
vn 0.526581 -0.426180 -0.735584
v 0.107598 -0.716566 -0.416059
vn 0.339218 -0.351567 -0.872543
v 0.117140 -0.721707 -0.407958
vn 0.530152 -0.720729 -0.446641
v 0.104104 -0.709581 -0.427066
vn 0.513650 -0.846991 -0.137004
v 0.107598 -0.702596 -0.438072
vn 0.319110 -0.946309 0.051650
v 0.117140 -0.697482 -0.446130
vn -0.026588 -0.990648 0.133828
v 0.130229 -0.695582 -0.449124
vn 0.477438 -0.576903 -0.662749
v 0.284827 -0.892303 -0.223612
vn -0.000043 -0.310022 -0.950729
v 0.130229 -0.639700 -0.537179
vn 0.339196 -0.351554 -0.872557
v 0.117140 -0.637829 -0.540129
vn 0.839830 -0.410274 -0.355472
v 0.089094 -0.640207 -0.565651
vn 0.530152 -0.720733 -0.446635
v 0.104104 -0.625702 -0.559237
vn -0.005151 -0.845092 -0.534596
v 0.130774 -0.620381 -0.556025
vn 0.526557 -0.426225 -0.735575
v 0.107598 -0.632687 -0.548230
vn 0.513732 -0.846953 -0.136931
v 0.107598 -0.618717 -0.570244
vn 0.318289 -0.946561 0.052096
v 0.117140 -0.613604 -0.578301
vn -0.940072 -0.312408 0.136624
v -0.237726 0.434527 -0.171818
vn -0.723482 -0.015865 0.690161
v -0.208872 -0.013622 0.427250
vn -0.998532 -0.024660 0.048231
v -0.249096 -0.602159 -0.543438
vn -0.711784 -0.637550 -0.294776
v -0.256063 -0.646383 -0.611121
vn -0.689442 -0.630581 -0.356423
v -0.247130 -0.676849 -0.563113
vn -0.355935 -0.884887 -0.300474
v 0.098272 -0.911612 -0.193186
vn -0.313790 -0.885751 -0.342025
v 0.100930 -0.916149 -0.186038
vn -0.801972 -0.122841 0.584594
v -0.230043 -0.038357 0.401948
vn 0.436848 -0.862320 -0.256064
v -0.175904 -0.649951 -0.605498
vn 0.407453 -0.751710 -0.518570
v -0.182890 -0.663918 -0.583489
vn 0.358435 -0.664043 -0.656179
v -0.175904 -0.677913 -0.561438
vn -0.235104 -0.588911 -0.773246
v -0.104588 -0.688137 -0.545327
vn -0.353796 -0.648394 -0.674102
v -0.085508 -0.677913 -0.561438
vn 0.190609 -0.969622 -0.153304
v -0.156772 -0.723578 -0.489480
vn 0.245743 -0.567640 -0.785745
v -0.156772 -0.688137 -0.545327
vn -0.189916 -0.970506 -0.148494
v -0.104588 -0.723578 -0.489480
vn -0.004548 -0.461746 -0.887001
v -0.130706 -0.691879 -0.539430
vn 0.715120 -0.693652 0.086319
v -0.165479 -0.627055 -0.586933
vn 0.022168 -0.004303 -0.999745
v -0.132626 -0.661266 -0.532762
vn -0.007318 -0.432912 -0.901407
v -0.130706 -0.639700 -0.537179
vn -0.441681 -0.281059 -0.852012
v -0.117618 -0.637829 -0.540129
vn 0.995714 0.023176 0.089537
v 0.340322 -0.907763 -0.173755
vn 0.347914 -0.390889 -0.852151
v -0.143743 -0.637829 -0.540129
vn 0.583889 -0.481091 -0.653930
v -0.153285 -0.632687 -0.548230
vn 0.005157 -0.845092 -0.534596
v -0.131252 -0.620381 -0.556025
vn 0.718098 -0.529985 -0.451056
v -0.156779 -0.625702 -0.559237
vn 0.465262 -0.853430 -0.234920
v -0.153285 -0.618717 -0.570244
vn 0.267177 -0.962456 0.047917
v -0.143743 -0.613604 -0.578301
vn -0.000023 -0.992146 0.125085
v -0.130706 -0.611732 -0.581251
vn -0.318432 -0.946510 0.052146
v -0.117618 -0.613604 -0.578301
vn 0.686777 -0.437014 -0.580824
v 0.335949 -0.917293 -0.184235
vn -0.292221 -0.026903 0.955972
v 0.034073 -0.109760 0.470767
vn -0.226803 -0.191531 0.954922
v 0.047214 -0.092800 0.472946
vn 0.429759 -0.192916 0.882095
v 0.130594 -0.151499 0.437176
vn 0.572422 0.029896 0.819414
v 0.145247 -0.163535 0.432008
vn 0.547707 -0.819801 0.167164
v 0.329432 -0.926860 -0.169160
vn -0.550881 -0.821861 -0.145171
v -0.108075 -0.618717 -0.570244
vn -0.635562 -0.651822 -0.413750
v -0.104582 -0.625702 -0.559237
vn -0.545821 -0.450578 -0.706441
v -0.108075 -0.632687 -0.548230
vn -0.673171 -0.527893 -0.517852
v -0.253937 -0.717412 -0.499197
vn 0.424709 -0.865361 -0.266032
v -0.175904 -0.733802 -0.473370
vn -0.185778 -0.377594 0.907143
v 0.033656 -0.079097 0.470525
vn -0.617993 -0.521113 -0.588665
v -0.269373 -0.748774 -0.449779
vn 0.427900 -0.753234 -0.499541
v -0.182890 -0.747797 -0.451318
vn 0.000088 -0.990991 -0.133931
v -0.130706 -0.719835 -0.495379
vn -0.032313 -0.122896 0.991893
v 0.022914 -0.095808 0.465911
vn -0.450447 -0.744412 -0.492897
v -0.078523 -0.747797 -0.451318
vn 0.708493 -0.701309 0.078755
v -0.163737 -0.709801 -0.453256
vn 0.536584 -0.300615 0.788485
v 0.280903 -0.897681 -0.121956
vn -0.299553 0.045577 0.952991
v 0.036628 -0.095429 0.464730
vn -0.977291 -0.025777 -0.210326
v -0.212108 0.276606 -0.220271
vn 0.478445 -0.400888 0.781268
v 0.246585 -0.937823 -0.117567
vn 0.264593 -0.183803 0.946682
v -0.047691 -0.092800 0.472946
vn 0.319797 0.049952 0.946168
v -0.037105 -0.095429 0.464730
vn 0.745321 -0.499549 -0.441528
v -0.156779 -0.709581 -0.427066
vn 0.619412 -0.508448 -0.598172
v -0.153285 -0.716566 -0.416059
vn 0.005159 -0.845072 -0.534627
v -0.131252 -0.704257 -0.423858
vn 0.254446 -0.428707 -0.866872
v -0.143743 -0.721707 -0.407958
vn 0.468982 -0.851519 -0.234460
v -0.153285 -0.702596 -0.438072
vn 0.270128 -0.961535 0.049803
v -0.143743 -0.697482 -0.446130
vn -0.017119 -0.990552 0.136063
v -0.130706 -0.695582 -0.449124
vn -0.259724 -0.960596 0.098994
v -0.117618 -0.697482 -0.446130
vn -0.466473 -0.852266 -0.236740
v -0.108075 -0.702596 -0.438072
vn 0.224561 -0.067595 0.972113
v -0.034550 -0.109760 0.470767
vn -0.780749 0.332568 -0.528989
v -0.252754 0.363618 -0.091054
vn -0.905480 0.180674 -0.384010
v -0.229071 0.325951 -0.151306
vn -0.821845 0.426479 -0.377737
v 0.071729 0.482131 -0.405212
vn -0.809134 0.264944 -0.524507
v 0.041046 0.400827 -0.409604
vn -0.683728 -0.717836 0.131254
v -0.096358 -0.710691 -0.455004
vn -0.614556 -0.646575 -0.451953
v -0.104582 -0.709581 -0.427066
vn -0.550710 -0.482412 -0.681174
v -0.108075 -0.716566 -0.416059
vn 0.864552 0.085470 -0.495221
v -0.066646 0.367971 -0.456915
vn 0.022953 0.395387 -0.918228
v -0.000239 0.368685 -0.375010
vn -0.881304 0.333877 -0.334410
v 0.087639 0.447244 -0.468604
vn 0.823276 -0.124071 -0.553917
v -0.068852 0.244284 -0.453595
vn 0.009541 -0.029656 -0.999515
v -0.000239 0.292862 -0.384266
vn -0.015367 -0.249663 -0.968211
v -0.000239 0.235911 -0.376142
vn 0.729364 -0.238013 -0.641387
v -0.043595 0.186292 -0.396325
vn 0.629785 -0.776679 -0.011845
v 0.250617 -0.949539 -0.133424
vn 0.167694 -0.979275 -0.113577
v -0.018137 -0.869526 -0.259503
vn -0.443545 -0.749854 -0.490904
v -0.078523 -0.831675 -0.319147
vn 0.420837 -0.902186 -0.094638
v 0.252434 -0.947100 -0.137266
vn 0.366572 -0.669380 -0.646185
v 0.085031 -0.845642 -0.297139
vn -0.169085 -0.978763 -0.115902
v 0.017660 -0.869526 -0.259503
vn -0.525824 -0.558909 0.641194
v 0.030736 -0.848024 -0.228670
vn 0.153999 -0.873712 0.461423
v 0.227853 -0.959142 -0.118292
vn -0.898134 -0.127968 -0.420690
v 0.099542 0.325873 -0.516743
vn -0.009175 -0.536804 -0.843657
v 0.130229 -0.859637 -0.275087
vn 0.386263 -0.760512 -0.521941
v 0.078045 -0.831675 -0.319147
vn 0.425501 -0.863052 -0.272197
v 0.085031 -0.817680 -0.341199
vn -0.374909 -0.645233 -0.665671
v -0.085508 -0.761791 -0.429266
vn 0.197594 -0.969866 -0.142540
v 0.104111 -0.807457 -0.357309
vn 0.360215 -0.628157 -0.689684
v 0.085031 -0.761791 -0.429266
vn 0.016132 -0.990875 -0.133814
v 0.130229 -0.803714 -0.363207
vn -0.203511 -0.889494 0.409126
v 0.194277 -0.959318 -0.118014
vn -0.000114 -0.529008 -0.848617
v 0.130229 -0.775758 -0.407259
vn 0.219450 -0.569880 -0.791883
v 0.104111 -0.772015 -0.413156
vn 0.216320 -0.560700 -0.799263
v 0.104111 -0.855893 -0.280985
vn -0.487683 -0.328616 0.808812
v 0.163267 -0.898217 -0.118745
vn -0.347808 -0.890130 -0.294445
v -0.085508 -0.817680 -0.341199
vn 0.000011 -0.309253 -0.950980
v 0.130229 -0.807430 -0.272880
vn 0.318442 -0.355818 -0.878629
v 0.117140 -0.805557 -0.275830
vn 0.595085 -0.484062 -0.641528
v 0.107598 -0.800445 -0.283887
vn 0.779068 -0.460625 -0.425297
v 0.104104 -0.793459 -0.294895
vn 0.156473 -0.159311 0.974749
v 0.086116 -0.153234 0.466206
vn -0.256579 -0.965443 -0.045678
v 0.143265 -0.781333 -0.314003
vn 0.483227 -0.843391 -0.234910
v 0.107598 -0.786474 -0.305901
vn 0.227609 -0.961364 0.154836
v 0.117140 -0.781333 -0.314003
vn 0.657859 -0.742110 0.128429
v 0.098295 -0.793157 -0.323447
vn 0.118270 -0.928639 0.351629
v 0.130229 -0.779461 -0.316953
vn -0.000037 -0.310024 -0.950729
v 0.130229 -0.723579 -0.405008
vn -0.145629 -0.755145 0.639178
v 0.129937 -0.671423 0.055475
vn -0.920017 -0.372200 -0.122621
v -0.294766 -0.753663 -0.291854
vn -0.082512 -0.137500 0.987059
v 0.031197 -0.149580 0.461625
vn -0.422096 -0.784576 -0.454175
v -0.249254 -0.808145 -0.356225
vn 0.374721 -0.645292 -0.665720
v -0.175904 -0.845642 -0.297139
vn -0.521551 -0.653875 -0.548118
v -0.267637 -0.860249 -0.274122
vn 0.432650 -0.761169 -0.483152
v -0.182890 -0.831675 -0.319147
vn 0.048743 -0.153279 0.986980
v -0.041668 -0.159969 0.457092
vn 0.299807 -0.952588 -0.051885
v -0.090743 -0.907642 -0.199443
vn 0.468016 -0.873907 -0.131333
v -0.098238 -0.911295 -0.193686
vn 0.005884 -0.523658 -0.851908
v -0.130706 -0.859637 -0.275087
vn 0.216322 -0.560417 -0.799461
v -0.156772 -0.855893 -0.280985
vn -0.980551 -0.152730 -0.123263
v -0.251937 0.387670 -0.384956
vn -0.980675 -0.124626 0.150815
v -0.241466 0.384308 -0.300773
vn -0.957413 -0.288020 -0.020121
v -0.202525 0.250544 -0.288355
vn 0.962729 -0.008888 -0.270323
v -0.091316 0.383920 -0.512545
vn -0.917023 -0.213716 -0.336741
v -0.224550 0.394621 -0.452214
vn 0.017955 -0.898968 0.437646
v 0.014188 -0.638068 0.094799
vn -0.986396 0.042181 -0.158883
v -0.206831 0.324379 -0.473001
vn -0.933578 -0.187637 -0.305328
v -0.228620 0.338766 -0.410774
vn -0.988582 -0.147700 0.029837
v -0.215957 0.265057 -0.417419
vn -0.684898 0.094850 0.722439
v 0.030288 0.276061 -0.091354
vn -0.179349 0.283481 0.942057
v 0.011253 0.209104 -0.096083
vn -0.985649 -0.161715 0.048420
v -0.218998 0.365426 -0.217764
vn -0.803615 0.239452 -0.544854
v -0.241353 0.270815 -0.158678
vn -0.045066 -0.282101 0.958326
v -0.082616 -0.219773 0.450989
vn -0.310072 -0.894185 -0.322938
v -0.260916 -0.785485 -0.391931
vn 0.401011 -0.645111 -0.650401
v -0.175904 -0.761791 -0.429266
vn 0.374435 -0.877197 -0.300538
v -0.175904 -0.817680 -0.341199
vn 0.224265 -0.520076 -0.824152
v -0.156772 -0.772015 -0.413156
vn 0.216351 -0.962083 -0.166101
v -0.156772 -0.807457 -0.357309
vn -0.224942 -0.534584 -0.814630
v -0.104588 -0.855893 -0.280985
vn 0.347093 -0.096213 0.932883
v 0.122455 -0.191483 0.452627
vn 0.067338 -0.342470 0.937112
v 0.038657 -0.211376 0.454421
vn -0.378949 -0.653674 -0.655063
v -0.085508 -0.845642 -0.297139
vn 0.000114 -0.993092 -0.117339
v -0.130706 -0.803714 -0.363207
vn -0.005512 -0.529506 -0.848288
v -0.130706 -0.775758 -0.407259
vn 0.052875 -0.299171 0.952733
v 0.054931 -0.248804 0.427302
vn -0.161922 -0.939852 0.300766
v 0.031124 -0.648295 0.042115
vn -0.216370 -0.560202 -0.799599
v -0.104588 -0.772015 -0.413156
vn -0.220571 -0.957838 -0.184107
v -0.104588 -0.807457 -0.357309
vn -0.511812 -0.074158 -0.855891
v -0.108918 -0.825888 -0.277212
vn 0.011517 -0.317569 -0.948165
v -0.130706 -0.807430 -0.272880
vn -0.288467 -0.397672 -0.871002
v -0.117618 -0.805557 -0.275830
vn 0.318882 -0.354008 -0.879200
v -0.143743 -0.805557 -0.275830
vn 0.552866 -0.478694 -0.682050
v -0.153285 -0.800445 -0.283887
vn 0.113070 -0.914442 0.388601
v -0.041069 -0.646047 0.075216
vn 0.005157 -0.843538 -0.537044
v -0.131252 -0.788287 -0.291447
vn 0.638451 -0.649894 -0.412332
v -0.156779 -0.793459 -0.294895
vn 0.552680 -0.820850 -0.144052
v -0.153285 -0.786474 -0.305901
vn 0.318938 -0.946285 0.053141
v -0.143743 -0.781333 -0.314003
vn 0.000025 -0.992245 0.124298
v -0.130706 -0.779461 -0.316953
vn -0.348365 -0.935728 0.055266
v -0.117618 -0.781333 -0.314003
vn 0.159133 -0.920174 0.357711
v -0.018154 -0.654010 0.001857
vn -0.314860 -0.778714 0.542649
v 0.035413 -0.683527 -0.039710
vn -0.585442 -0.473509 -0.658064
v -0.108075 -0.800445 -0.283887
vn -0.554103 -0.829830 -0.065973
v -0.108075 -0.786474 -0.305901
vn -0.842127 -0.513355 -0.165196
v -0.093341 -0.805019 -0.309460
vn -0.621300 -0.646417 -0.442867
v -0.104582 -0.793459 -0.294895
vn -0.866949 0.014757 -0.498178
v -0.195074 0.142926 -0.259171
vn -0.731730 0.154508 -0.663851
v -0.274542 0.103487 -0.175368
vn -0.794501 0.159003 -0.586077
v -0.239418 0.206702 -0.185624
vn 0.546773 -0.136795 -0.826031
v -0.155816 -0.737535 -0.409439
vn -0.282609 -0.332507 -0.899762
v -0.117618 -0.721707 -0.407958
vn -0.121373 -0.025372 -0.992283
v -0.130706 -0.723579 -0.405008
vn 0.374932 -0.772856 0.511976
v -0.084085 -0.687402 0.019493
vn -0.723194 0.320735 -0.611653
v -0.276893 0.292684 -0.109083
vn 0.364623 -0.731613 0.576015
v -0.041504 -0.698041 -0.059913
vn -0.199873 -0.682497 0.703028
v 0.144559 -0.720627 0.010955
vn -0.347139 -0.775355 0.527560
v 0.087056 -0.678146 0.032715
vn -0.926022 0.332596 -0.178502
v -0.302274 -0.393247 -0.291330
vn -0.039419 -0.358860 0.932559
v -0.026546 -0.227053 0.452099
vn -0.081600 -0.769416 0.633514
v -0.225589 -0.657651 0.083207
vn 0.203297 -0.665328 0.718338
v -0.148564 -0.713068 0.018939
vn 0.582725 -0.568109 0.581106
v -0.078570 -0.780049 -0.087186
vn 0.430789 -0.646766 0.629376
v -0.109612 -0.742712 -0.024125
vn 0.420687 -0.550129 0.721374
v -0.136101 -0.830942 -0.093667
vn -0.155879 0.219257 0.963135
v -0.006288 -0.277372 0.423562
vn 0.022215 0.155968 0.987512
v -0.000239 -0.285926 0.430424
vn 0.007560 -0.280715 0.959761
v -0.000239 -0.270545 0.426721
vn 0.115735 -0.289171 0.950255
v 0.012537 -0.265864 0.424504
vn -0.975719 -0.218765 0.010727
v -0.292393 0.566334 -0.199288
vn 0.221983 0.164329 0.961103
v 0.005810 -0.277372 0.423562
vn -0.079205 -0.314214 0.946042
v -0.013014 -0.265864 0.424504
vn 0.054678 -0.660025 0.749251
v -0.186368 -0.752202 -0.005869
vn -0.041332 -0.582756 0.811595
v -0.215363 -0.795756 -0.042307
vn -0.582740 -0.531227 0.614990
v -0.260477 -0.740698 -0.015162
vn -0.967297 0.076151 -0.241945
v -0.331015 -0.499033 -0.266395
vn -0.982286 0.109089 -0.152359
v -0.345368 -0.483256 -0.191622
vn 0.059531 0.208840 0.976136
v -0.015517 -0.281719 0.427103
vn -0.446662 -0.660456 0.603565
v 0.041091 -0.773023 -0.136815
vn -0.953708 -0.157164 0.256399
v -0.337294 -0.552049 -0.100841
vn -0.927260 -0.041568 0.372104
v -0.327711 -0.524646 -0.069272
vn -0.959239 0.061487 0.275827
v -0.238804 0.020268 0.316870
vn -0.905885 -0.089302 0.414003
v -0.242141 0.020821 0.308698
vn 0.201409 -0.756524 0.622178
v -0.012680 -0.805226 -0.189409
vn -0.985595 0.040891 -0.164105
v -0.257837 0.011276 0.357606
vn -0.612301 -0.295966 0.733138
v 0.127778 -0.885310 -0.141596
vn -0.938745 0.342623 -0.036972
v -0.259288 -0.005208 0.293333
vn -0.573922 -0.807221 0.137867
v 0.048459 -0.897208 -0.215883
vn -0.656270 -0.461132 0.597216
v 0.068838 -0.874465 -0.185129
vn -0.966743 -0.001267 -0.255748
v -0.310130 -0.641429 -0.309651
vn -0.957165 -0.067207 -0.281634
v -0.322828 -0.560059 -0.286141
vn -0.947892 -0.243520 -0.205421
v -0.265708 0.516577 -0.233864
vn -0.671391 -0.300492 0.677450
v 0.109319 -0.886696 -0.159460
vn -0.959684 0.266236 -0.090138
v -0.313554 0.376627 0.007173
vn -0.825896 0.368577 -0.426670
v -0.282831 0.429412 -0.003785
vn -0.942694 0.068562 -0.326537
v -0.289921 -0.724693 -0.394261
vn -0.975299 0.206222 0.079154
v -0.303218 0.415466 0.042617
vn -0.807058 -0.082275 0.584712
v 0.107024 -0.910126 -0.160494
vn -0.294166 -0.756809 -0.583701
v 0.101179 -0.916756 -0.185081
vn -0.924150 -0.354903 0.141387
v 0.100506 -0.915784 -0.184960
vn -0.457081 -0.844447 -0.279261
v 0.100807 -0.916077 -0.186150
vn -0.774479 -0.565646 0.283243
v 0.097064 -0.910096 -0.191294
vn -0.688733 -0.647403 -0.326367
v 0.100888 -0.916941 -0.184789
vn -0.629478 -0.679025 -0.377734
v 0.106315 -0.923694 -0.174148
vn -0.758722 -0.583343 -0.289917
v 0.104926 -0.926065 -0.170412
vn -0.893492 -0.201524 0.401324
v 0.104365 -0.922527 -0.163239
vn -0.989134 0.055668 0.136073
v -0.323439 0.326485 -0.003071
vn -0.980266 -0.099961 -0.170550
v -0.315405 -0.709204 -0.330049
vn -0.980058 -0.162121 -0.114907
v -0.314833 -0.700708 -0.259229
vn -0.784162 -0.310520 0.537278
v 0.102175 -0.895682 -0.171771
vn -0.702334 -0.637555 -0.316624
v -0.288961 -0.774501 -0.409239
vn -0.363754 -0.926600 -0.095371
v 0.093757 -0.909310 -0.196814
vn -0.989072 0.145297 -0.025009
v -0.329056 0.298710 -0.031025
vn -0.878712 -0.410637 0.243399
v -0.252153 -0.034044 0.383379
vn -0.750133 -0.449943 0.484614
v -0.233172 -0.029770 0.399123
vn -0.897843 -0.427856 -0.104006
v -0.299136 -0.746443 -0.346888
vn 0.977847 0.167772 0.125173
v 0.298898 0.436084 0.054044
vn 0.427171 -0.248872 0.869245
v 0.279959 0.338264 0.063808
vn -0.423899 0.112543 -0.898690
v 0.136278 0.870991 -0.171542
vn 0.447125 0.339658 -0.827473
v 0.153069 0.873223 -0.167470
vn -0.957172 -0.265337 -0.115836
v -0.246886 -0.021278 0.347692
vn -0.868469 -0.150645 0.472300
v -0.238178 -0.047918 0.386555
vn -0.816033 -0.315842 0.484081
v -0.244331 -0.029405 0.342103
vn 0.561799 0.827021 -0.020458
v 0.188371 0.736334 -0.376070
vn 0.222197 0.969670 -0.101824
v 0.169286 0.745906 -0.400011
vn 0.492822 0.865574 0.088927
v 0.210063 0.723083 -0.328526
vn -0.917769 -0.246271 0.311529
v -0.230669 -0.045259 0.344023
vn -0.377577 0.827244 0.416056
v 0.168004 0.729609 -0.343577
vn -0.969793 -0.208118 -0.127236
v -0.241672 -0.047794 0.373417
vn 0.993790 0.109931 -0.017223
v 0.329340 0.291887 -0.027889
vn -0.179680 0.895606 0.406946
v 0.200555 0.705463 -0.286627
vn -0.458240 -0.652099 0.603972
v 0.031098 -0.815494 -0.193166
vn -0.985634 0.106895 0.130766
v -0.247355 -0.074089 0.379767
vn 0.424071 0.797719 -0.428728
v 0.134140 0.923930 -0.139737
vn -0.650025 0.506492 -0.566510
v 0.109371 0.920932 -0.141825
vn -0.706403 0.707676 0.013811
v 0.108171 0.928898 -0.119538
vn 0.115383 0.515268 -0.849226
v 0.140449 0.894867 -0.164789
vn -0.225898 0.784614 -0.577366
v -0.134617 0.923930 -0.139737
vn 0.323072 0.110178 -0.939939
v -0.136755 0.870991 -0.171542
vn -0.124831 0.592350 -0.795952
v -0.140927 0.894867 -0.164789
vn -0.448597 0.344865 -0.824517
v -0.153546 0.873223 -0.167470
vn 0.141238 0.007262 -0.989949
v -0.150574 0.848404 -0.173710
vn -0.162475 -0.180982 0.969973
v 0.203284 0.221087 0.032235
vn -0.617606 0.759726 0.203419
v 0.145038 0.739596 -0.391478
vn -0.925770 0.328004 0.188051
v 0.122654 0.672465 -0.362711
vn 0.605130 0.764105 0.223517
v -0.145516 0.739596 -0.391478
vn -0.307313 0.943714 -0.122324
v -0.169763 0.745906 -0.400011
vn 0.689531 -0.442491 0.573366
v -0.055924 -0.845706 -0.185255
vn -0.085455 -0.008574 0.996305
v 0.199640 0.143949 0.021289
vn 0.542581 -0.568129 0.618736
v -0.031213 -0.848024 -0.228670
vn 0.523695 -0.841998 0.129545
v -0.053267 -0.900180 -0.211200
vn 0.609862 -0.325629 0.722519
v -0.058505 -0.879146 -0.191546
vn -0.438587 -0.869269 0.228064
v 0.129346 -0.937061 -0.153085
vn -0.962749 0.090042 0.254964
v -0.273080 -0.052856 0.302588
vn 0.617149 -0.539292 0.572968
v -0.087317 -0.839893 -0.135944
vn -0.437999 -0.199606 0.876535
v 0.163261 0.276229 0.029313
vn 0.579345 0.373826 -0.724302
v 0.155117 0.265743 0.289337
vn -0.730414 -0.220005 0.646601
v -0.255159 -0.103528 0.310738
vn -0.897715 0.023561 -0.439947
v -0.239377 -0.092236 0.343793
vn -0.936932 -0.304653 0.171307
v -0.231816 -0.096702 0.333117
vn -0.712051 -0.388991 0.584525
v -0.230043 -0.104560 0.329735
vn -0.969092 -0.238484 -0.063131
v -0.224464 -0.112073 0.331452
vn -0.894422 -0.415387 -0.165719
v -0.228218 -0.105715 0.333695
vn 0.907995 0.307741 -0.284326
v 0.188466 0.271921 0.341424
vn -0.170356 -0.289541 0.941884
v -0.098691 -0.122106 0.470955
vn -0.394198 -0.182409 0.900741
v -0.131071 -0.151499 0.437176
vn -0.538118 0.076044 0.839432
v -0.145724 -0.163535 0.432008
vn -0.607538 -0.286136 0.740961
v -0.149114 -0.159297 0.428151
vn -0.277634 -0.411955 0.867878
v -0.153285 -0.148076 0.433048
vn -0.374684 -0.322964 0.869084
v -0.155890 -0.101455 0.459188
vn 0.505617 0.352083 -0.787648
v 0.158580 0.214334 0.266021
vn 0.375742 0.821955 -0.428029
v -0.145098 0.738590 -0.430037
vn 0.544691 0.014683 -0.838508
v 0.176534 0.171981 0.259986
vn -0.694042 -0.088826 0.714433
v -0.216928 -0.081162 0.430982
vn 0.791358 0.509300 -0.338180
v 0.198018 0.224635 0.354914
vn 0.891133 0.388977 -0.233623
v 0.196453 0.228632 0.359612
vn 0.996885 0.076510 -0.019169
v 0.199947 0.216942 0.343486
vn 0.995292 -0.094197 -0.022817
v 0.198279 0.189109 0.313964
vn 0.929485 0.149124 -0.337370
v 0.198800 0.187866 0.339670
vn 0.845019 -0.053188 0.532085
v 0.194263 0.180329 0.314567
vn 0.555574 -0.388215 0.735273
v -0.128256 -0.885310 -0.141596
vn 0.718929 -0.309324 0.622463
v -0.109796 -0.886696 -0.159460
vn 0.800526 -0.357320 0.481124
v -0.100097 -0.902889 -0.181533
vn 0.792935 -0.078356 0.604247
v -0.107502 -0.910126 -0.160494
vn 0.899585 -0.105724 0.423757
v -0.104842 -0.922527 -0.163239
vn 0.761488 -0.538096 -0.361370
v -0.105403 -0.926065 -0.170412
vn 0.625931 -0.679623 -0.382523
v -0.106792 -0.923694 -0.174148
vn 0.453022 -0.843183 0.289507
v -0.111926 -0.931724 -0.161496
vn 0.381072 -0.368021 0.848142
v -0.178097 -0.897803 -0.111098
vn -0.379386 -0.614797 -0.691441
v -0.285304 -0.892303 -0.223612
vn 0.949370 0.205674 -0.237478
v 0.195046 0.169481 0.314044
vn 0.939771 -0.174660 -0.293810
v 0.183886 0.170674 0.282872
vn 0.415731 -0.885304 0.208337
v -0.151829 -0.942452 -0.144426
vn 0.223228 -0.880064 0.419113
v -0.197024 -0.959143 -0.118289
vn 0.093296 -0.492177 0.865481
v -0.204935 -0.851791 -0.079508
vn 0.787341 0.537053 0.302767
v -0.142404 0.665665 -0.301731
vn -0.809281 0.432272 -0.397749
v -0.192587 0.699361 -0.424490
vn 0.978287 0.205659 0.025662
v 0.227662 0.173827 0.385294
vn -0.493592 -0.427905 0.757142
v -0.198682 -0.144316 0.419719
vn -0.914695 -0.282911 0.288607
v -0.246412 -0.137026 0.383378
vn -0.883989 0.087440 -0.459257
v -0.269987 -0.103828 0.253062
vn -0.727145 0.106837 0.678119
v -0.241463 -0.127914 0.313741
vn -0.922557 -0.004982 0.385828
v -0.224516 -0.118980 0.327933
vn -0.870990 0.481670 0.096796
v -0.227384 -0.133043 0.330435
vn -0.746647 0.421374 0.514745
v -0.244879 -0.145803 0.326504
vn -0.333093 -0.385827 0.860341
v -0.243070 -0.925135 -0.109076
vn -0.387717 -0.919174 0.069252
v -0.263153 -0.943047 -0.143275
vn -0.217605 -0.904216 0.367481
v -0.229209 -0.959023 -0.118478
vn 0.240480 0.883941 0.401021
v -0.189206 0.712769 -0.301903
vn -0.816109 0.229911 0.530195
v -0.236353 -0.146966 0.335926
vn -0.914847 0.084511 0.394859
v -0.259192 -0.136053 0.289924
vn -0.994215 -0.107249 -0.005775
v -0.262425 -0.132142 0.238120
vn -0.936588 0.315143 0.153260
v -0.260913 -0.125096 0.230424
vn -0.783370 0.174901 0.596440
v -0.264303 -0.136257 0.232050
vn 0.963874 0.112013 -0.241663
v 0.219554 0.127592 0.346380
vn 0.920271 -0.358606 -0.156537
v 0.222578 0.119748 0.358447
vn -0.725545 0.664054 0.180600
v -0.238647 0.699758 -0.287003
vn 0.709011 0.563516 -0.423974
v 0.181916 0.726174 -0.421883
vn 0.127098 0.353489 -0.926764
v 0.161777 0.700149 -0.468143
vn -0.107572 0.637823 -0.762634
v 0.153590 0.722702 -0.455314
vn -0.397017 0.844102 -0.360375
v 0.144621 0.738590 -0.430037
vn 0.693334 0.131126 -0.708586
v 0.200443 0.622839 -0.458966
vn -0.250796 -0.071646 -0.965385
v 0.155624 0.641710 -0.471817
vn 0.879925 0.266593 -0.393268
v 0.219062 0.589692 -0.436664
vn 0.976304 0.203428 -0.073813
v 0.229144 0.560569 -0.394461
vn 0.345110 0.432466 -0.832990
v 0.209855 0.555402 -0.466808
vn -0.387276 0.265720 -0.882842
v 0.154201 0.555340 -0.458563
vn -0.987060 0.160125 0.008571
v -0.304507 -0.537380 -0.005219
vn -0.995733 -0.091509 0.011873
v -0.297759 -0.596923 -0.010008
vn -0.935910 -0.094592 0.339300
v -0.309773 -0.550058 -0.024752
vn 0.219482 0.939489 -0.263037
v 0.183469 0.513173 -0.527945
vn 0.607165 0.656695 -0.447329
v 0.179897 0.495725 -0.580057
vn 0.787094 0.386751 -0.480528
v 0.219554 0.492058 -0.512874
vn 0.827385 0.330580 -0.454039
v 0.236814 0.525020 -0.464966
vn 0.848192 0.252177 -0.465808
v 0.233790 0.495272 -0.489033
vn 0.052913 0.784301 -0.618120
v 0.185972 0.524896 -0.491726
vn 0.946368 -0.141226 -0.290592
v 0.237885 0.441732 -0.462259
vn 0.874089 0.124598 -0.469515
v 0.186077 0.181096 0.272873
vn 0.838547 -0.311735 -0.446835
v 0.184356 0.167606 0.266783
vn 0.805957 -0.244492 -0.539126
v 0.175752 0.159026 0.267945
vn 0.531226 0.236782 -0.813470
v 0.167669 0.149410 0.261102
vn 0.600135 0.495243 -0.628150
v 0.183209 0.137892 0.264168
vn 0.576537 0.451849 -0.680763
v 0.187276 0.100422 0.235941
vn 0.900018 0.027483 -0.434986
v 0.177108 0.157485 0.274070
vn 0.696461 0.461825 -0.549236
v 0.190978 0.149300 0.281907
vn 0.972419 -0.209506 -0.102508
v 0.220910 0.117090 0.368865
vn 0.949054 0.298483 -0.101016
v 0.233949 0.056830 0.333057
vn 0.926281 0.015113 0.376530
v 0.216790 0.106201 0.350406
vn 0.992507 -0.111256 0.050512
v 0.215278 0.108466 0.355302
vn 0.854170 0.519837 -0.012799
v 0.249642 0.051183 0.288008
vn 0.966155 -0.087352 0.242723
v 0.250111 0.031841 0.302721
vn 0.431809 -0.026445 0.901578
v 0.277621 0.135930 0.010484
vn -0.944244 -0.176999 0.277623
v -0.315217 -0.608247 -0.076037
vn -0.663747 -0.635082 0.395109
v -0.285637 -0.669938 0.041618
vn 0.934982 0.057440 0.350012
v 0.335060 0.163107 -0.039739
vn -0.976183 0.037466 -0.213687
v -0.315539 -0.561161 0.048925
vn -0.958133 -0.286261 -0.006025
v -0.309136 -0.625782 0.042197
vn -0.431868 -0.087934 0.897640
v 0.153693 0.204174 0.011659
vn 0.142016 0.133115 0.980873
v 0.227256 0.088696 0.022795
vn -0.409362 0.131011 0.902917
v 0.130803 0.133829 -0.000634
vn -0.995897 -0.090353 -0.005021
v -0.263364 -0.143111 0.270684
vn -0.855854 0.415681 -0.307770
v -0.265137 -0.155723 0.270216
vn -0.999631 0.023200 -0.014100
v -0.254917 -0.151766 0.248023
vn 0.971135 0.124871 -0.203232
v 0.347276 0.039193 -0.092940
vn -0.524984 -0.703803 0.478595
v -0.289742 -0.632940 0.094963
vn -0.881808 0.467606 0.061313
v -0.258515 -0.163294 0.246821
vn -0.798984 0.117859 0.589690
v -0.258775 -0.151784 0.240168
vn 0.804900 -0.091474 -0.586318
v 0.155102 0.407154 -0.665880
vn 0.916054 -0.081486 -0.392689
v 0.202286 0.439569 -0.537736
vn 0.655849 0.307577 0.689390
v 0.289647 -0.012709 0.021497
vn 0.958196 -0.073140 -0.276606
v 0.200722 0.379539 -0.506211
vn -0.724459 -0.015605 0.689141
v -0.166165 -0.182100 0.415717
vn -0.953755 0.212433 -0.212658
v -0.232755 -0.135291 0.339135
vn 0.502521 0.102079 0.858518
v 0.284567 0.065326 0.007261
vn 0.316024 0.441105 0.839974
v 0.227023 0.035040 0.037848
vn -0.985587 0.089918 0.143295
v -0.234241 -0.156526 0.348850
vn -0.785355 -0.012184 -0.618926
v 0.132800 0.655061 -0.454020
vn -0.718059 -0.086114 0.690634
v -0.230773 -0.180299 0.357017
vn -0.979225 0.006079 -0.202686
v 0.117841 0.644344 -0.414159
vn -0.099040 0.524655 0.845534
v 0.154989 0.068012 0.025107
vn -0.769601 -0.011422 -0.638424
v 0.135955 0.597831 -0.440235
vn -0.979439 -0.134972 0.149938
v -0.317794 -0.730541 -0.144516
vn -0.981627 -0.063728 -0.179853
v -0.307720 -0.812282 -0.198580
vn -0.804536 -0.247152 0.540035
v -0.283154 -0.795391 -0.082884
vn -0.752573 -0.025490 0.658016
v -0.194793 -0.218481 0.384971
vn -0.726489 0.458876 -0.511514
v 0.117193 0.516845 -0.449650
vn -0.857266 -0.072399 0.509759
v -0.296010 -0.848814 -0.120769
vn 0.688973 0.630337 0.357759
v -0.143038 0.714515 -0.351767
vn 0.112579 0.666316 -0.737122
v -0.154067 0.722702 -0.455314
vn 0.588401 0.333963 -0.736378
v 0.183991 0.082268 0.221023
vn 0.451770 0.599523 -0.660664
v 0.155612 0.058344 0.178149
vn 0.429428 0.608435 -0.667381
v 0.140554 0.088471 0.195872
vn 0.515075 0.384616 -0.766008
v 0.163472 0.089213 0.218885
vn 0.680527 0.465601 -0.565773
v 0.185555 0.054247 0.213308
vn -0.021439 0.372400 -0.927825
v -0.162254 0.700149 -0.468143
vn 0.953458 0.162591 -0.253933
v -0.124164 0.682627 -0.421838
vn -0.458217 -0.160481 0.874233
v -0.216903 -0.226209 0.374570
vn -0.708734 0.202921 0.675662
v -0.258294 -0.191908 0.337723
vn 0.769111 0.589447 -0.247023
v 0.198644 0.033770 0.195064
vn 0.910967 0.399290 0.103471
v 0.189518 0.044031 0.209357
vn -0.974644 0.223730 -0.003752
v -0.310054 -0.857528 -0.173938
vn 0.832441 0.429592 -0.349991
v 0.193898 0.038482 0.214112
vn 0.774019 0.215800 -0.595252
v 0.199895 0.034630 0.220375
vn 0.919801 0.392072 0.015698
v 0.199687 0.025992 0.211311
vn 0.772139 -0.071170 -0.631455
v 0.240151 0.018239 0.251847
vn 0.971651 -0.012157 -0.236107
v 0.253500 0.028056 0.269564
vn 0.927403 -0.066264 -0.368148
v 0.244584 0.010445 0.268021
vn 0.997931 0.054164 0.034642
v 0.246722 0.016651 0.285979
vn 0.967873 -0.251244 0.009876
v 0.245887 0.020946 0.296240
vn -0.909124 -0.062585 -0.411797
v -0.297519 -0.846258 -0.217049
vn 0.948589 0.300860 0.098299
v 0.245887 0.013492 0.299909
vn -0.082414 -0.154588 0.984536
v -0.085474 -0.174864 0.462131
vn -0.625018 -0.763618 0.161988
v -0.330137 -0.926534 -0.169674
vn -0.844701 -0.395455 -0.360687
v -0.336426 -0.917293 -0.184235
vn 0.934558 0.173330 -0.310738
v 0.201981 0.019060 0.220190
vn -0.499477 -0.341541 0.796161
v -0.271989 -0.869508 -0.100279
vn 0.887780 0.405870 0.217061
v 0.206361 -0.016308 0.215779
vn 0.780773 0.109149 -0.615207
v 0.206309 -0.000657 0.229849
vn 0.886023 0.446681 0.124254
v 0.211628 -0.023160 0.217915
vn 0.754153 0.315118 -0.576155
v 0.214652 -0.022786 0.225502
vn 0.979242 -0.007074 -0.202569
v 0.202554 0.006714 0.223781
vn -0.848782 0.018808 0.528408
v -0.320948 -0.889509 -0.148455
vn 0.940848 0.166400 -0.295154
v 0.238297 0.230607 -0.552695
vn 0.956265 0.094076 0.276960
v 0.237705 0.200028 -0.498247
vn 0.954574 -0.273525 -0.118209
v 0.181336 0.194194 -0.314003
vn 0.930136 -0.307833 0.200215
v 0.189438 0.203505 -0.384299
vn -0.444361 -0.002029 -0.895845
v 0.163975 0.208047 -0.585622
vn -0.395878 0.039703 -0.917445
v 0.173558 0.160727 -0.590947
vn -0.355274 -0.061452 0.932740
v -0.129125 -0.197673 0.450453
vn -0.788198 -0.036603 -0.614332
v 0.134401 0.195927 -0.560178
vn 0.545624 0.401069 -0.735825
v 0.209490 0.124196 -0.603539
vn 0.823431 -0.158075 0.544953
v 0.204275 -0.005860 0.216542
vn 0.799669 0.292020 0.524647
v 0.215226 -0.017888 0.208539
vn -0.682797 0.187441 -0.706155
v 0.154216 0.133783 -0.577382
vn -0.813707 -0.029482 -0.580527
v 0.141440 0.154636 -0.560659
vn 0.825800 0.562888 -0.034804
v 0.230547 -0.018964 0.177776
vn 0.979967 -0.082712 -0.181175
v 0.230548 0.095004 -0.565928
vn 0.802881 -0.338147 0.490957
v 0.183385 0.073529 -0.446914
vn 0.873462 -0.156866 0.460930
v 0.214531 0.153899 -0.452854
vn 0.971584 -0.229608 0.057487
v 0.146945 0.048859 -0.390774
vn -0.679844 0.062634 0.730678
v -0.170493 -0.208603 0.426629
vn -0.807923 -0.138577 0.572763
v -0.189839 -0.239627 0.407928
vn -0.850575 0.497317 0.170874
v -0.293560 -0.182628 0.284254
vn 0.474909 0.797516 0.372062
v 0.154268 0.911369 -0.075080
vn 0.661916 0.712985 0.231344
v 0.173379 0.892870 -0.069094
vn 0.807518 0.510943 -0.294706
v 0.189518 0.833848 -0.153303
vn 0.769022 0.498013 -0.400735
v 0.171528 0.863310 -0.155449
vn 0.835563 0.528902 -0.148651
v 0.269196 0.777290 0.002383
vn 0.814710 0.517803 -0.261011
v 0.258089 0.787129 -0.016818
vn 0.675476 0.733378 0.076741
v 0.264034 0.781627 0.013843
vn 0.977364 0.204391 -0.054623
v 0.278009 0.762095 0.011144
vn 0.200043 0.923998 0.325898
v 0.240777 0.790756 0.015128
vn -0.000472 0.966829 -0.255423
v 0.240777 0.790244 0.028390
vn -0.046817 0.664908 0.745457
v 0.205579 0.811000 -0.004511
vn -0.138715 0.405530 0.903495
v 0.165513 0.856196 -0.030653
vn -0.433627 0.308098 0.846784
v 0.171220 0.821479 -0.019296
vn 0.393930 0.861436 0.320542
v 0.239056 0.800425 -0.001277
vn 0.736564 0.675202 -0.039691
v 0.245366 0.803392 -0.021134
vn 0.891683 0.284943 -0.351722
v 0.236707 0.763794 -0.062732
vn -0.350008 0.927705 0.129836
v 0.219841 0.786139 0.022790
vn 0.828538 0.065691 -0.556067
v -0.131331 0.598320 -0.434347
vn 0.866183 0.499722 -0.002027
v 0.214339 -0.028552 0.219990
vn 0.901986 0.240221 -0.358769
v 0.212045 -0.025075 0.221517
vn 0.676842 0.106169 -0.728432
v 0.228419 -0.003276 0.245851
vn 0.361225 -0.040175 -0.931613
v -0.156101 0.641710 -0.471817
vn 0.917428 0.328094 -0.225122
v 0.222630 -0.050125 0.219824
vn 0.626913 0.446285 -0.638600
v 0.217103 -0.033860 0.223291
vn 0.000325 -0.118044 -0.993008
v -0.173778 0.617160 -0.469919
vn 0.405315 0.755464 0.514775
v 0.176148 0.010690 0.081311
vn 0.510760 0.561064 0.651407
v 0.231445 -0.018366 0.076391
vn 0.906545 0.366764 -0.208949
v -0.097774 0.564592 -0.360691
vn 0.538718 0.806272 -0.244353
v 0.156197 0.009039 0.131753
vn 0.560037 0.785089 -0.264563
v 0.211732 -0.031087 0.114501
vn 0.779983 0.387459 -0.491428
v -0.114814 0.529382 -0.433006
vn 0.342702 0.562808 -0.752199
v -0.163480 0.538982 -0.471665
vn 0.292214 0.773549 -0.562346
v 0.139250 0.029408 0.150360
vn -0.166573 0.899590 -0.403721
v -0.179565 0.516810 -0.518436
vn 0.922384 0.373155 0.099814
v 0.256113 -0.067006 0.162243
vn 0.550173 0.670052 0.498337
v 0.218667 -0.037211 0.101475
vn 0.732921 0.665079 0.143170
v 0.225186 -0.046050 0.109761
vn -0.672260 0.073995 -0.736608
v -0.200920 0.622839 -0.458966
vn 0.477890 0.874623 0.081589
v 0.211993 -0.033876 0.106926
vn -0.840128 0.251222 -0.480701
v -0.218362 0.591477 -0.441183
vn 0.750618 0.636077 -0.178825
v 0.273576 -0.115970 0.152592
vn -0.353461 0.448197 -0.821087
v -0.213670 0.556150 -0.464727
vn -0.991459 0.005096 -0.130321
v -0.256094 0.464692 -0.425074
vn -0.631779 0.771521 -0.074904
v 0.118497 0.489805 -0.594437
vn -0.457159 0.858527 -0.232245
v 0.125484 0.492143 -0.628619
vn -0.895026 0.444246 -0.039681
v 0.104956 0.465089 -0.535473
vn -0.573623 0.794957 -0.197484
v 0.133686 0.502989 -0.504440
vn -0.734187 0.482375 0.477791
v 0.187024 0.765555 0.006934
vn -0.881244 -0.080687 0.465723
v 0.152181 0.773157 -0.041871
vn 0.824544 0.220903 0.520893
v 0.235980 -0.046608 0.201923
vn 0.823025 0.367496 0.433100
v 0.221535 -0.035146 0.211791
vn 0.480888 0.705178 -0.521029
v 0.146863 0.485707 -0.642709
vn 0.884890 0.451628 -0.114021
v 0.218563 0.880481 0.131050
vn 0.978345 -0.183339 -0.096059
v 0.161457 0.142243 -0.338941
vn 0.956881 -0.047757 -0.286526
v 0.158187 0.082271 -0.331568
vn -0.772821 0.547813 -0.320388
v 0.157501 0.091642 -0.622406
vn 0.979935 0.081414 -0.181933
v 0.217341 0.056862 -0.613746
vn 0.931180 -0.206800 0.300228
v 0.210244 0.007944 -0.552652
vn 0.753191 -0.239341 0.612714
v 0.180561 -0.043237 -0.534795
vn 0.715693 -0.118896 -0.688221
v 0.204119 -0.031390 -0.717962
vn 0.993341 0.110993 0.030885
v 0.220743 -0.026293 -0.630507
vn 0.903256 0.101914 -0.416823
v 0.221516 -0.052862 -0.688240
vn -0.689437 -0.205368 -0.694623
v 0.162663 -0.065759 -0.714021
vn 0.834458 0.368664 0.409594
v 0.224716 -0.053358 0.212462
vn 0.840255 0.166451 0.516009
v 0.228627 -0.058910 0.211284
vn 0.931561 0.359722 -0.052863
v 0.228940 -0.072051 0.214864
vn 0.850441 0.349809 -0.392918
v 0.244427 -0.090290 0.230464
vn 0.826035 0.494249 0.270895
v 0.256134 -0.102514 0.178734
vn -0.614064 -0.068013 0.786320
v 0.107017 0.246589 -0.015324
vn -0.065621 -0.315906 0.946518
v -0.240630 0.335188 0.070328
vn -0.742003 -0.161031 0.650770
v -0.298862 0.357443 0.052607
vn 0.612870 -0.203606 0.763502
v -0.140645 0.355625 0.034357
vn 0.379778 -0.139552 0.914491
v -0.168717 0.224326 0.020307
vn 0.019568 0.365418 -0.930638
v 0.012440 0.180691 0.203614
vn 0.463012 0.285272 -0.839190
v 0.137730 0.174789 0.245673
vn 0.190572 0.377244 -0.906294
v 0.040433 0.284845 0.246856
vn -0.973434 0.215159 -0.078307
v 0.098394 0.446271 -0.591937
vn 0.450147 0.362569 -0.816034
v 0.142431 0.452880 -0.674287
vn -0.554809 0.607319 -0.568639
v 0.119122 0.472882 -0.660358
vn -0.930329 -0.024164 -0.365928
v 0.102579 0.425941 -0.652805
vn -0.278988 -0.066506 -0.957989
v 0.125275 0.422810 -0.683057
vn -0.190510 0.254839 -0.948031
v 0.164580 0.873330 0.102660
vn 0.210232 0.603085 -0.769474
v 0.207423 0.840892 0.090071
vn -0.934522 -0.286904 -0.210605
v 0.102856 0.390416 -0.611817
vn 0.886195 0.462676 0.024270
v 0.241351 0.838521 0.115229
vn 0.701304 0.034005 0.712051
v 0.179553 -0.117573 -0.549100
vn -0.977579 -0.050508 -0.204421
v 0.093392 0.390533 -0.536267
vn -0.497204 0.514221 -0.698831
v 0.182315 0.799257 0.069195
vn 0.878399 0.136222 0.458103
v 0.226456 0.790422 0.150603
vn 0.585910 0.191248 0.787486
v 0.176743 0.806395 0.242632
vn 0.047019 0.088704 0.994948
v 0.165948 0.786124 0.249468
vn -0.454287 -0.139077 0.879932
v 0.153225 0.783428 0.246708
vn 0.383716 0.912317 -0.142969
v -0.142316 0.506394 -0.548079
vn -0.447451 0.791116 -0.417042
v -0.167782 0.496653 -0.599818
vn 0.306152 -0.154109 0.939426
v 0.187432 0.736240 0.237420
vn 0.679021 0.666366 -0.308037
v -0.129359 0.503426 -0.488687
vn 0.551856 0.748616 -0.367462
v 0.245308 0.806944 0.063316
vn -0.720905 0.598079 -0.350139
v -0.192968 0.494795 -0.560297
vn -0.880885 0.149450 -0.449117
v -0.210490 0.470083 -0.534986
vn -0.849881 0.331862 -0.409353
v -0.237291 0.525020 -0.464966
vn 0.902390 0.155350 0.401944
v 0.241923 -0.131269 -0.593197
vn 0.764793 0.122748 -0.632475
v 0.190826 -0.157470 -0.309507
vn -0.822007 -0.114498 -0.557848
v 0.119746 0.252008 -0.536955
vn -0.832487 -0.144218 -0.534945
v 0.078311 0.224554 -0.463354
vn -0.041329 -0.320000 -0.946516
v -0.000239 0.162082 -0.352914
vn 0.664987 -0.237672 -0.708028
v -0.043083 0.105382 -0.359907
vn -0.908274 -0.054529 -0.414806
v 0.119672 0.117936 -0.512463
vn -0.977196 0.211616 -0.017541
v -0.228430 0.249723 -0.505992
vn -0.882895 0.091693 -0.460531
v -0.235519 0.482959 -0.488897
vn 0.436788 0.354660 -0.826700
v 0.132784 0.102529 0.202138
vn 0.496954 0.444971 -0.745008
v 0.140867 0.103011 0.206828
vn 0.204376 0.464722 -0.861547
v 0.075841 0.087710 0.172353
vn -0.065233 0.420338 -0.905020
v -0.019587 0.120898 0.181503
vn 0.552270 -0.097311 0.827966
v 0.220649 0.678964 0.213763
vn 0.938297 0.336947 -0.077887
v -0.100493 0.450891 -0.540800
vn 0.381362 0.678055 -0.628335
v -0.119599 0.472882 -0.660358
vn 0.735817 0.663658 -0.134652
v -0.109118 0.477775 -0.630017
vn -0.438513 -0.411289 0.799092
v 0.169814 0.678774 0.210380
vn -0.415622 0.354709 -0.837520
v -0.113133 0.230687 0.258642
vn 0.480846 0.459742 -0.746609
v 0.201355 0.802615 -0.173866
vn 0.246525 0.310493 -0.918052
v 0.187172 0.814559 -0.172152
vn -0.368093 0.803651 -0.467602
v -0.147341 0.485707 -0.642709
vn -0.867645 0.146243 -0.475190
v -0.186554 0.181096 0.272873
vn -0.917627 -0.296136 0.265073
v -0.189707 0.193766 -0.394043
vn -0.909277 -0.198755 0.365667
v -0.229504 0.127278 -0.482798
vn -0.924919 -0.059090 0.375544
v -0.221678 0.191532 -0.458600
vn 0.918374 -0.019029 -0.395256
v -0.124443 0.098050 -0.520593
vn 0.736266 0.145428 -0.660880
v -0.154693 0.133783 -0.577382
vn 0.086363 0.096170 -0.991611
v -0.185589 0.170414 -0.593514
vn -0.998767 0.012837 0.047946
v -0.246384 0.173718 -0.524177
vn -0.451488 0.477592 -0.753701
v -0.209967 0.124196 -0.603539
vn -0.827217 -0.279948 0.487177
v -0.189314 0.095377 -0.440218
vn 0.798559 0.569878 -0.193758
v 0.258537 0.716904 -0.190047
vn 0.461426 0.541505 -0.702751
v 0.220466 0.765185 -0.186657
vn -0.227982 0.446201 -0.865407
v 0.206870 0.733185 -0.202232
vn -0.892522 0.299532 -0.337173
v -0.198495 0.224635 0.354914
vn -0.980504 0.187681 -0.058204
v -0.200425 0.216942 0.343486
vn -0.917939 0.153426 -0.365854
v -0.199277 0.187866 0.339670
vn -0.913700 0.258296 -0.313746
v -0.215140 0.210564 0.372688
vn -0.845019 -0.053224 0.532081
v -0.194741 0.180329 0.314567
vn -0.997564 -0.057638 -0.039287
v -0.198756 0.189109 0.313964
vn -0.951364 0.188983 -0.243296
v -0.195523 0.169481 0.314044
vn -0.967326 0.089721 -0.237130
v -0.232285 0.149037 0.365918
vn -0.244980 0.413465 -0.876945
v -0.062537 0.171644 0.206304
vn -0.445705 0.380566 -0.810257
v -0.126855 0.168346 0.242615
vn -0.205892 0.480575 -0.852441
v -0.076319 0.087710 0.172353
vn -0.445328 0.452572 -0.772568
v -0.118022 0.127486 0.202801
vn -0.479573 0.345763 -0.806510
v -0.133261 0.102529 0.202138
vn -0.499272 0.450467 -0.740140
v -0.141344 0.103011 0.206828
vn -0.838537 -0.311734 -0.446853
v -0.184833 0.167606 0.266783
vn -0.485068 -0.024253 -0.874140
v -0.177011 0.171981 0.259986
vn -0.961629 0.228810 0.151382
v 0.160421 0.723682 -0.029538
vn 0.799576 0.573446 -0.178432
v 0.275997 0.685903 -0.221038
vn -0.932540 0.178475 -0.313874
v 0.154397 0.704918 -0.147937
vn -0.666687 0.612950 -0.424052
v 0.178359 0.688884 -0.205218
vn 0.711514 0.654946 -0.254544
v 0.257967 0.681693 -0.267243
vn 0.007165 0.950564 -0.310446
v 0.224679 0.696478 -0.238293
vn -0.592241 -0.295370 -0.749671
v 0.036224 0.063497 -0.341895
vn -0.632145 0.769469 0.091155
v 0.171829 0.670270 -0.250446
vn -0.812404 0.569262 -0.126257
v 0.145978 0.647027 -0.206217
vn 0.933720 0.163524 0.318475
v 0.282187 0.634313 -0.159790
vn 0.969103 -0.109645 0.220946
v 0.244009 0.595009 -0.084966
vn 0.988125 -0.153628 -0.002590
v 0.266636 0.683613 0.020794
vn 0.933943 0.155993 -0.321584
v 0.255974 0.547553 0.029361
vn 0.989691 -0.082138 -0.117323
v 0.252120 0.663501 -0.044358
vn 0.980150 -0.015013 -0.197688
v 0.232240 0.550215 -0.029671
vn -0.581299 0.594964 0.555076
v 0.117975 0.922167 -0.087619
vn 0.320214 0.943828 0.081559
v 0.131637 0.931026 -0.106639
vn -0.969086 -0.140405 -0.202874
v 0.105126 0.862532 -0.129693
vn -0.939773 -0.174626 -0.293823
v -0.184364 0.170674 0.282872
vn -0.716593 -0.144237 -0.682415
v -0.176229 0.159026 0.267945
vn -0.907253 0.049167 -0.417702
v -0.177585 0.157485 0.274070
vn -0.735153 0.439756 -0.515912
v -0.191456 0.149300 0.281907
vn -0.951431 0.307842 0.003616
v -0.216694 0.096853 0.352873
vn -0.886575 -0.075579 0.456369
v -0.217268 0.106201 0.350406
vn -0.920270 -0.358615 -0.156522
v -0.223056 0.119748 0.358447
vn -0.962495 0.108404 -0.248701
v -0.220031 0.127592 0.346380
vn -0.942014 0.319749 0.101830
v -0.225037 0.080790 0.343296
vn -0.654318 0.471886 -0.590924
v -0.186033 0.054247 0.213308
vn -0.469397 0.301727 0.829836
v 0.061831 0.122921 -0.037054
vn -0.616251 0.112105 0.779530
v 0.060278 0.202440 -0.054706
vn -0.049078 0.289983 0.955773
v 0.004261 0.168276 -0.083109
vn 0.043601 0.506692 0.861024
v -0.000239 0.099912 -0.059222
vn -0.269547 0.799048 0.537463
v 0.089512 0.045749 0.027341
vn 0.301872 0.661088 0.686904
v -0.062470 0.058897 -0.004988
vn 0.562347 0.101307 0.820672
v -0.091584 0.180452 -0.027608
vn 0.296811 0.424414 0.855439
v -0.133787 0.081624 0.013030
vn 0.107350 0.973085 0.203917
v -0.086363 0.030040 0.058356
vn -0.015197 0.566181 0.824141
v -0.168269 0.056282 0.033388
vn -0.505171 0.015896 0.862873
v -0.290600 0.097828 0.001240
vn -0.229180 0.257797 0.938625
v -0.228471 0.065863 0.025003
vn -0.565232 0.256014 0.784200
v -0.280585 0.025257 0.015913
vn 0.445581 0.543845 -0.711119
v 0.127309 0.093271 0.196386
vn 0.414768 0.587678 -0.694695
v 0.137164 0.096882 0.202568
vn 0.338029 0.531568 -0.776641
v 0.125014 0.083214 0.182161
vn 0.439829 0.746740 -0.498928
v 0.091224 0.060241 0.157637
vn 0.490375 0.576778 -0.653345
v 0.084654 0.070594 0.167111
vn 0.431404 0.643717 -0.632075
v 0.080691 0.070949 0.159739
vn 0.058552 0.838931 -0.541079
v 0.048191 0.053554 0.133709
vn 0.304101 0.900868 -0.309772
v 0.098318 0.044786 0.133038
vn 0.372088 0.706683 -0.601788
v 0.105199 0.051243 0.158968
vn -0.910613 -0.325979 -0.254011
v 0.120628 0.818386 -0.129290
vn 0.000228 0.635956 -0.771725
v 0.001723 0.074942 0.154539
vn -0.877977 -0.079315 0.472086
v 0.125070 0.841210 -0.067180
vn 0.476494 0.666786 0.573019
v -0.118452 0.922167 -0.087619
vn -0.494867 0.823983 0.275968
v -0.154745 0.911369 -0.075080
vn 0.880497 0.084715 0.466422
v -0.108516 0.897175 -0.089482
vn -0.077815 0.334680 -0.939113
v -0.177720 0.874036 0.101307
vn 0.656230 0.732754 -0.180093
v -0.108649 0.928898 -0.119538
vn 0.946647 0.093327 -0.308462
v -0.099719 0.889830 -0.132315
vn -0.315594 0.945243 0.083162
v -0.132114 0.931026 -0.106639
vn -0.814262 0.543238 -0.204623
v -0.165563 0.883084 -0.112296
vn 0.125976 0.566177 0.814600
v -0.149357 0.897108 -0.055710
vn -0.740702 0.650463 0.168100
v -0.173857 0.892870 -0.069094
vn 0.956221 -0.280447 0.083614
v -0.120158 0.820123 -0.103775
vn -0.763335 0.495538 -0.414442
v -0.172005 0.863310 -0.155449
vn 0.820499 -0.279877 -0.498448
v -0.116746 0.847291 -0.150863
vn 0.586662 -0.212029 -0.781583
v -0.145864 0.812195 -0.166699
vn -0.827548 0.544903 -0.135078
v -0.194723 0.853143 -0.074925
vn -0.807759 0.494951 -0.320232
v -0.189996 0.833848 -0.153303
vn -0.868248 0.436277 -0.236235
v -0.204030 0.822303 -0.093050
vn 0.727044 -0.025637 0.686112
v -0.140829 0.834256 -0.044809
vn -0.749558 0.646416 0.142506
v -0.228010 0.828267 -0.031719
vn -0.469252 0.734542 0.490154
v -0.211584 0.838158 -0.021613
vn 0.592007 0.784438 0.184892
v -0.207270 0.781096 0.017718
vn 0.135177 0.559895 0.817462
v -0.206056 0.811000 -0.004511
vn -0.212205 0.958475 -0.190513
v -0.241254 0.790244 0.028390
vn -0.393928 0.861437 0.320540
v -0.239534 0.800425 -0.001277
vn -0.147364 0.929253 0.338782
v -0.241254 0.790756 0.015128
vn -0.775022 0.631891 -0.007357
v -0.245843 0.803392 -0.021134
vn -0.923700 0.306703 -0.229592
v -0.227180 0.768911 -0.084858
vn 0.591997 0.589161 -0.549935
v -0.184484 0.776893 0.042257
vn -0.622523 0.779561 0.068917
v -0.264511 0.781627 0.013843
vn -0.791499 0.515308 -0.328615
v -0.258567 0.787129 -0.016818
vn -0.837391 0.525954 -0.148826
v -0.269674 0.777290 0.002383
vn -0.356999 0.227308 -0.906026
v 0.147698 0.903326 0.111888
vn -0.043195 0.855137 -0.516600
v -0.053836 0.052405 0.131429
vn -0.116363 0.990042 0.079218
v 0.048029 0.021105 0.058721
vn 0.037196 0.941670 -0.334477
v -0.011161 0.024136 0.096706
vn -0.434864 0.659837 -0.612787
v -0.081168 0.070949 0.159739
vn -0.441252 0.615535 -0.653003
v -0.085131 0.070594 0.167111
vn -0.330874 0.717521 -0.612932
v -0.091702 0.060241 0.157637
vn -0.488700 0.377053 -0.786767
v -0.123250 0.100229 0.194131
vn -0.510454 0.488327 -0.707795
v -0.127786 0.093271 0.196386
vn -0.319903 0.562172 -0.762643
v -0.125492 0.083214 0.182161
vn -0.420225 0.590339 -0.689138
v -0.141031 0.088471 0.195872
vn -0.414660 0.587681 -0.694758
v -0.137642 0.096882 0.202568
vn -0.597176 0.456763 -0.659355
v -0.174194 0.086060 0.221898
vn -0.417764 0.697886 -0.581746
v -0.105677 0.051243 0.158968
vn -0.368025 0.854187 -0.367318
v -0.124866 0.037165 0.149231
vn -0.483388 0.874721 -0.034633
v -0.133470 0.034525 0.138600
vn -0.479551 0.739268 -0.472773
v -0.139727 0.029408 0.150360
vn -0.493213 -0.043815 0.868804
v 0.143552 0.820684 0.245323
vn -0.946293 -0.119286 0.300501
v 0.120773 0.780871 0.200292
vn -0.815797 0.537380 -0.213772
v -0.199121 0.033770 0.195064
vn -0.664217 0.325997 -0.672713
v -0.217087 0.054272 0.236660
vn -0.826498 0.409668 -0.386099
v -0.194376 0.038482 0.214112
vn -0.910968 0.399298 0.103429
v -0.189996 0.044031 0.209357
vn -0.906502 0.420755 0.034925
v -0.200164 0.025992 0.211311
vn -0.765627 0.144141 -0.626927
v -0.200373 0.034630 0.220375
vn -0.774175 -0.104222 -0.624332
v -0.240629 0.018239 0.251847
vn -0.967140 -0.003410 -0.254221
v -0.253978 0.028056 0.269564
vn -0.999208 -0.003549 0.039627
v -0.247199 0.016651 0.285979
vn -0.967115 -0.014517 0.253924
v -0.250588 0.031841 0.302721
vn -0.905928 -0.204459 -0.370798
v -0.245061 0.010445 0.268021
vn -0.708912 0.120174 -0.694984
v -0.228896 -0.003276 0.245851
vn -0.939270 0.338053 0.059103
v -0.246365 0.013492 0.299909
vn -0.967888 -0.251191 0.009832
v -0.246365 0.020946 0.296240
vn -0.923868 0.141539 -0.355576
v -0.202458 0.019060 0.220190
vn -0.979236 -0.007065 -0.202601
v -0.203032 0.006714 0.223781
vn -0.780798 0.109127 -0.615179
v -0.206786 -0.000657 0.229849
vn -0.790575 -0.339515 0.509628
v 0.145753 0.648242 0.165916
vn -0.970922 -0.180245 0.157548
v 0.121710 0.721289 0.162811
vn 0.977758 0.016259 -0.209106
v -0.113682 0.855572 0.151945
vn 0.382651 0.240840 -0.891950
v -0.148175 0.903326 0.111888
vn 0.624637 0.118088 -0.771935
v -0.147862 0.849061 0.104069
vn 0.577268 0.329271 -0.747224
v -0.161595 0.816812 0.087870
vn -0.902502 0.419852 -0.095997
v -0.219041 0.880481 0.131050
vn -0.863456 0.371184 0.341563
v -0.226497 0.859369 0.138527
vn -0.389367 0.618721 -0.682333
v -0.215305 0.841104 0.091620
vn -0.930175 0.308082 0.199649
v -0.255490 0.798166 0.105245
vn -0.603540 0.196020 0.772862
v -0.177220 0.806395 0.242632
vn -0.823456 0.417670 0.384021
v -0.215703 -0.017888 0.208539
vn -0.823416 -0.158079 0.544975
v -0.204753 -0.005860 0.216542
vn -0.887792 0.405834 0.217082
v -0.206839 -0.016308 0.215779
vn -0.886018 0.446698 0.124232
v -0.212105 -0.023160 0.217915
vn -0.866169 0.499747 -0.002027
v -0.214817 -0.028552 0.219990
vn -0.627021 0.446269 -0.638505
v -0.217580 -0.033860 0.223291
vn -0.733405 0.329044 -0.594850
v -0.215130 -0.022786 0.225502
vn -0.901966 0.240238 -0.358808
v -0.212522 -0.025075 0.221517
vn -0.788476 0.269378 -0.552938
v -0.254068 -0.052094 0.245956
vn -0.298648 0.922819 -0.243338
v -0.110041 0.039647 0.122340
vn -0.434870 0.871816 0.225442
v -0.151090 0.019858 0.102394
vn 0.478056 -0.053022 0.876727
v -0.144029 0.820684 0.245323
vn 0.017778 0.131197 0.991197
v -0.166426 0.786124 0.249468
vn 0.479774 -0.098114 0.871889
v -0.153702 0.783428 0.246708
vn -0.569599 0.792454 -0.218114
v -0.156675 0.009039 0.131753
vn 0.678051 -0.329812 0.656864
v -0.147335 0.736976 0.225112
vn 0.010709 -0.267691 0.963445
v -0.172840 0.756927 0.245453
vn -0.448560 0.567901 0.690132
v -0.218711 0.001516 0.067580
vn -0.621991 0.109359 0.775350
v -0.178941 0.786922 0.245096
vn -0.596639 0.683577 -0.420411
v -0.194756 0.014224 0.159917
vn -0.867989 0.242844 0.433153
v -0.197724 0.800637 0.199676
vn -0.753783 0.557052 -0.348574
v -0.240048 -0.043210 0.130411
vn -0.883514 0.110777 0.455117
v -0.231669 0.778708 0.145700
vn -0.720211 0.637340 -0.274032
v -0.212209 -0.031087 0.114501
vn 0.920360 0.195180 -0.338883
v -0.135334 0.745017 0.088118
vn 0.994572 -0.056757 -0.087213
v -0.116421 0.777858 0.152694
vn 0.857918 0.461415 -0.225994
v -0.156776 0.722923 0.024399
vn -0.639512 0.658988 0.395930
v -0.219145 -0.037211 0.101475
vn -0.519143 0.853150 0.051230
v -0.212470 -0.033876 0.106926
vn -0.700441 0.713425 -0.020166
v -0.225663 -0.046050 0.109761
vn -0.895678 0.195844 0.399256
v -0.223779 0.727393 0.191096
vn -0.433825 -0.132545 0.891195
v -0.202980 0.715554 0.229387
vn -0.506166 -0.161851 0.847113
v -0.231894 0.656815 0.203413
vn -0.797387 0.298542 0.524449
v -0.236457 -0.046608 0.201923
vn -0.900448 0.335136 -0.277268
v -0.223108 -0.050125 0.219824
vn -0.833292 0.373299 0.407765
v -0.222013 -0.035146 0.211791
vn -0.834463 0.368667 0.409581
v -0.225194 -0.053358 0.212462
vn -0.820483 0.178948 0.542941
v -0.229105 -0.058910 0.211284
vn -0.937889 0.342951 -0.052424
v -0.229417 -0.072051 0.214864
vn -0.837242 0.399299 -0.373613
v -0.244905 -0.090290 0.230464
vn -0.939303 0.273558 0.207066
v -0.260257 -0.074000 0.166350
vn -0.953613 0.270113 0.132896
v -0.266388 -0.102558 0.154620
vn -0.808614 0.552680 0.201715
v -0.256611 -0.102514 0.178734
vn -0.734447 0.662049 0.149261
v -0.280977 -0.116965 0.192861
vn -0.822623 -0.056326 0.565790
v -0.317454 0.229720 -0.004063
vn -0.969069 0.052467 0.241147
v -0.335438 0.188286 -0.036085
vn -0.956329 0.170110 -0.237691
v -0.335450 0.156924 -0.080648
vn -0.864802 0.054361 0.499162
v -0.337139 0.076737 -0.036864
vn -0.798541 0.139391 -0.585579
v -0.314494 0.126456 -0.125600
vn -0.990123 0.076708 -0.117353
v -0.350761 0.047064 -0.081210
vn -0.550966 -0.059469 -0.832406
v 0.161431 0.790668 -0.172125
vn 0.877610 -0.221637 -0.425063
v -0.144456 0.767210 -0.145893
vn 0.371933 0.143246 -0.917140
v -0.181650 0.779605 -0.178583
vn -0.227367 0.347379 -0.909743
v -0.187649 0.814559 -0.172152
vn -0.535837 0.482338 -0.692985
v -0.201833 0.802615 -0.173866
vn -0.596204 0.559350 -0.575907
v -0.231555 0.748651 -0.193351
vn 0.944163 0.268482 0.190980
v -0.160898 0.723682 -0.029538
vn -0.887323 0.152123 -0.435334
v -0.253948 0.741770 -0.042454
vn 0.300532 0.932303 0.201225
v 0.048047 0.637791 0.633164
vn 0.079576 0.989003 0.124662
v 0.014381 0.650324 0.593487
vn -0.536454 0.792949 0.288875
v -0.087640 0.603986 0.682410
vn 0.907380 0.420079 -0.013953
v -0.119716 0.613901 -0.117276
vn -0.942180 -0.048411 -0.331593
v -0.167483 0.104021 -0.311639
vn -0.958080 0.253683 -0.133142
v 0.141612 0.040461 -0.642128
vn -0.990604 0.018063 -0.135564
v 0.126147 -0.053561 -0.537084
vn -0.992745 -0.023728 -0.117870
v 0.134941 -0.056113 -0.603283
vn -0.982218 -0.011797 -0.187372
v 0.133748 -0.110931 -0.587180
vn 0.961611 0.126200 -0.243676
v -0.138963 0.059362 -0.568157
vn -0.952474 0.303659 0.024177
v 0.117697 0.620422 -0.014067
vn -0.927016 0.374386 -0.021852
v 0.112671 0.603826 -0.068445
vn -0.962727 0.081179 0.258004
v 0.115907 0.583110 0.038617
vn -0.657210 -0.226043 0.719013
v 0.146210 0.463063 0.074591
vn -0.796523 -0.423673 0.431337
v -0.166258 0.006244 -0.482266
vn -0.988391 -0.072519 -0.133505
v -0.255115 0.620689 0.029423
vn -0.972811 0.169765 -0.157536
v -0.268790 0.564629 0.079229
vn -0.994945 0.060429 -0.080209
v -0.217741 0.016754 -0.648854
vn -0.959350 -0.157580 0.234130
v -0.241499 0.573847 -0.082202
vn 0.987824 -0.013757 -0.154968
v -0.134687 -0.083465 -0.592026
vn 0.956449 0.062410 0.285149
v -0.115055 0.567977 0.038910
vn -0.600793 0.038088 0.798497
v -0.191974 -0.136590 -0.554874
vn -0.871453 0.255285 -0.418807
v -0.247690 0.473939 -0.025505
vn 0.917788 0.012083 -0.396887
v 0.139061 -0.067794 -0.371532
vn 0.981338 -0.139538 -0.132310
v 0.131613 -0.020797 -0.398852
vn -0.987008 -0.015197 -0.159950
v 0.118319 -0.077976 -0.483698
vn -0.932871 0.282286 -0.223754
v 0.103411 -0.200838 -0.458860
vn 0.984764 0.008885 -0.173672
v -0.124103 -0.072050 -0.520641
vn -0.972644 -0.231773 0.015663
v -0.134203 -0.007650 -0.410427
vn -0.874210 -0.003086 -0.485538
v -0.149198 -0.059303 -0.351145
vn 0.542094 0.015219 -0.840180
v 0.154725 0.518758 0.387280
vn 0.796139 -0.028546 -0.604440
v 0.287495 -0.063165 -0.180378
vn 0.785258 -0.004066 -0.619155
v 0.320582 -0.025246 -0.139289
vn 0.941634 0.130772 0.310200
v 0.343700 -0.062815 -0.029658
vn 0.837832 -0.070222 -0.541393
v 0.312369 -0.189728 -0.122539
vn 0.773853 -0.391492 0.497882
v 0.157802 0.383886 0.712949
vn 0.876794 0.371943 0.304779
v 0.174954 0.576864 0.515003
vn 0.942934 -0.040921 0.330455
v 0.280670 0.515530 0.109409
vn 0.430660 -0.363928 0.825886
v 0.257732 0.531834 0.145292
vn 0.819946 -0.080670 -0.566728
v 0.291602 -0.123667 -0.167242
vn 0.965135 0.138726 -0.221967
v 0.196885 0.366739 0.419446
vn 0.731127 0.323675 -0.600573
v 0.193908 -0.225988 -0.326543
vn 0.748147 0.450252 -0.487391
v 0.261549 -0.353111 -0.348476
vn 0.834773 0.157156 -0.527689
v 0.322727 -0.323052 -0.112727
vn 0.942129 0.040192 -0.332834
v 0.353039 -0.207654 -0.056638
vn 0.924935 0.333680 -0.182079
v 0.324315 -0.425621 -0.202070
vn -0.805117 0.056617 -0.590407
v -0.229105 -0.105111 -0.260358
vn -0.770687 0.434173 -0.466407
v -0.262122 -0.353267 -0.346654
vn -0.733090 0.415016 -0.538834
v -0.248011 -0.294967 -0.317571
vn -0.746823 0.278864 0.603730
v -0.312052 -0.039437 0.009322
vn -0.858338 -0.107229 -0.501755
v -0.326771 -0.115966 -0.114801
vn -0.817555 -0.066543 -0.571993
v -0.286756 -0.107856 -0.177719
vn -0.816696 -0.067607 -0.573094
v -0.313717 -0.059765 -0.146174
vn -0.840867 -0.092705 -0.533243
v -0.295954 -0.177115 -0.149690
vn 0.522475 -0.517777 0.677441
v 0.225605 -0.445864 0.282422
vn -0.771435 0.014949 -0.636133
v -0.274602 -0.036617 -0.197252
vn -0.797525 0.029143 -0.602582
v -0.245670 -0.080231 -0.233161
vn -0.024325 -0.896485 0.442405
v 0.044646 0.291064 0.678121
vn 0.107583 -0.681200 0.724150
v 0.205090 -0.568845 0.182610
vn 0.752616 -0.223676 0.619305
v 0.172885 0.204364 0.504250
vn -0.121206 0.682982 -0.720309
v 0.013462 0.617167 0.426000
vn -0.010584 -0.547566 0.836695
v 0.067021 0.166049 0.549401
vn 0.266156 -0.665993 0.696860
v 0.162571 -0.461670 0.300550
vn -0.945664 -0.241475 0.217737
v -0.358827 -0.338525 0.070121
vn -0.824906 0.022145 -0.564836
v -0.303011 -0.252661 -0.127268
vn -0.913100 -0.016197 -0.407413
v -0.340821 -0.192464 -0.078077
vn 0.087175 0.415650 -0.905337
v 0.020636 0.379587 0.286406
vn 0.176858 -0.424437 0.888017
v -0.214841 0.579340 0.174297
vn -0.901232 -0.324954 0.286681
v -0.177653 0.374381 0.653035
vn -0.874765 -0.139363 -0.464073
v 0.152016 -0.154281 -0.647562
vn 0.790888 -0.049660 -0.609943
v 0.234605 -0.176758 -0.675529
vn 0.167410 0.411665 -0.895827
v 0.037868 0.433703 0.313537
vn -0.153939 0.413488 -0.897402
v -0.039610 0.424859 0.307991
vn 0.045100 -0.599550 0.799066
v -0.072473 0.177621 0.559148
vn -0.457283 -0.494211 0.739356
v -0.106902 0.196147 0.572201
vn 0.939379 -0.026490 -0.341855
v 0.247203 -0.234560 -0.637552
vn 0.906334 0.395715 -0.148217
v 0.170943 -0.313401 -0.448038
vn 0.935904 0.330850 0.120922
v 0.188061 -0.364038 -0.503136
vn 0.766755 0.142331 0.625962
v 0.213691 0.057582 0.434175
vn -0.950909 0.184641 -0.248353
v -0.196044 0.370514 0.417325
vn 0.010648 -0.789347 0.613855
v 0.131869 -0.593614 0.159708
vn -0.811214 -0.062762 0.581371
v -0.289460 0.429374 0.080761
vn 0.976101 0.093760 0.196049
v 0.257085 -0.511278 -0.608802
vn 0.994082 -0.063773 0.087940
v 0.261352 -0.576178 -0.621327
vn -0.486216 -0.130383 -0.864057
v -0.216239 -0.138874 -0.693854
vn -0.631775 0.096891 0.769073
v -0.203515 -0.188393 -0.556360
vn 0.975825 0.094451 -0.197089
v 0.224738 0.439288 -0.089581
vn 0.799972 0.334909 -0.497876
v 0.241471 0.398472 -0.081742
vn 0.995404 -0.005962 0.095584
v 0.249009 0.409618 -0.337250
vn 0.952920 -0.242912 -0.181485
v 0.228578 0.321846 -0.399153
vn 0.962566 -0.232714 0.138963
v 0.217621 0.306963 -0.279528
vn 0.988407 -0.149213 0.028048
v 0.215779 0.353941 -0.219000
vn 0.955837 0.084067 -0.281619
v 0.223667 0.343826 -0.160943
vn -0.848234 0.162189 -0.504176
v 0.133331 -0.270304 -0.611952
vn -0.945898 0.188282 -0.264246
v 0.114569 -0.219299 -0.536672
vn -0.810172 0.480457 -0.335831
v 0.084553 -0.259826 -0.478617
vn -0.061253 0.917137 -0.393838
v 0.020925 -0.328764 -0.548927
vn -0.006784 0.925959 -0.377562
v -0.000257 -0.358363 -0.613122
vn 0.158824 0.893086 -0.420918
v -0.045946 -0.338579 -0.571528
vn 0.726814 0.176987 -0.663639
v 0.271827 0.152739 -0.165023
vn -0.909635 0.412933 0.045277
v 0.110962 0.604237 -0.313536
vn -0.826598 0.158386 0.540047
v -0.163304 -0.225997 -0.513398
vn -0.881309 0.038923 0.470934
v -0.206410 -0.322533 -0.557627
vn -0.970470 -0.107060 -0.216164
v -0.251087 -0.232914 -0.632659
vn -0.885851 0.430700 -0.172527
v -0.212376 -0.411067 -0.480878
vn -0.909255 0.401302 0.110509
v 0.066326 0.505482 -0.147750
vn 0.873701 0.457344 -0.165780
v -0.059028 0.500511 -0.335495
vn 0.820235 0.427529 -0.380044
v -0.077934 0.495193 -0.400350
vn -0.873796 0.486291 -0.001273
v 0.087623 0.563400 -0.266211
vn -0.817599 0.566448 -0.103291
v 0.037855 0.463803 -0.310263
vn 0.899327 0.426826 0.095030
v -0.066219 0.510288 -0.182526
vn -0.975563 0.112961 0.188461
v -0.260373 -0.500370 -0.621178
vn 0.000000 -0.844328 -0.535827
v -0.174049 -0.610538 -0.667603
vn 0.872720 0.486784 0.037438
v -0.108885 0.599015 -0.278633
vn -0.980708 0.001237 0.195477
v -0.259033 -0.567235 -0.606789
vn -0.991902 -0.118182 -0.046509
v -0.270152 -0.568443 -0.656602
vn 0.000000 -0.844328 -0.535827
v -0.105093 -0.614496 -0.661366
vn 0.879561 0.175782 -0.442123
v 0.279040 -0.465692 -0.400046
vn 0.992576 0.043441 -0.113605
v 0.345910 -0.504934 -0.186679
vn -0.946525 -0.119431 -0.299710
v -0.246107 0.539720 -0.292937
vn 0.978314 -0.093214 0.184970
v 0.344001 -0.524779 -0.113394
vn 0.994813 -0.095167 -0.035920
v 0.343029 -0.564790 -0.170166
vn 0.995539 0.001374 -0.094338
v 0.247474 -0.585189 -0.502014
vn 0.877427 0.475925 -0.060144
v -0.074997 0.537413 -0.295404
vn -0.993909 -0.075478 -0.080294
v -0.241485 0.460112 -0.282909
vn 0.000208 -0.844392 -0.535725
v 0.211280 -0.648505 -0.607776
vn -0.918419 0.064290 0.390350
v 0.086893 0.471690 -0.019806
vn -0.817210 -0.123154 0.563028
v 0.113337 0.451521 0.032534
vn -0.787777 -0.092759 0.608937
v 0.101520 0.396058 0.002805
vn -0.894518 0.104680 0.434603
v 0.061909 0.417082 -0.060672
vn 0.989133 0.046054 -0.139624
v 0.245709 -0.660815 -0.494134
vn -0.886120 0.341620 0.313189
v 0.037083 0.427779 -0.136463
vn 0.000210 -0.844289 -0.535888
v 0.202513 -0.679336 -0.559195
vn 0.941173 0.106379 -0.320746
v 0.268064 -0.674619 -0.430993
vn -0.008991 0.666157 0.745758
v -0.000239 0.378457 -0.166577
vn -0.750896 0.001814 0.660418
v 0.063672 0.292068 -0.052173
vn 0.043038 0.179945 0.982735
v -0.000239 0.261328 -0.112295
vn 0.123094 -0.211728 0.969546
v 0.094971 -0.035147 0.493688
vn 0.000000 -0.844328 -0.535827
v 0.163847 -0.704782 -0.519098
vn 0.811044 0.209707 0.546105
v -0.034242 0.363310 -0.100662
vn 0.945861 -0.046198 -0.321267
v 0.306101 -0.597035 -0.325474
vn 0.004237 -0.751154 0.660113
v 0.203275 -0.609438 0.140587
vn 0.907816 0.188016 0.374860
v -0.055442 0.427207 -0.082352
vn 0.894573 0.062442 0.442538
v -0.081149 0.438201 -0.029509
vn 0.939825 0.250958 0.231838
v -0.078147 0.499274 -0.065200
vn 0.925821 0.362608 0.106633
v -0.080897 0.526858 -0.110456
vn 0.000000 -0.844328 -0.535827
v 0.225348 -0.761790 -0.429268
vn -0.993092 0.041898 -0.109608
v -0.224099 0.437752 -0.100181
vn 0.000000 -0.844328 -0.535827
v 0.192917 -0.788351 -0.387415
vn 0.000000 -0.844328 -0.535827
v 0.205184 -0.730117 -0.479178
vn -0.012305 -0.403627 0.914841
v -0.071046 0.120950 0.528273
vn 0.914056 -0.193344 0.356537
v 0.300156 -0.752816 -0.103008
vn 0.178946 -0.675215 0.715586
v 0.217720 -0.745009 0.000359
vn 0.858398 -0.507517 -0.074694
v 0.288009 -0.759183 -0.320643
vn 0.891238 -0.357276 -0.279371
v 0.270526 -0.788649 -0.314786
vn -0.834887 0.149974 0.529596
v -0.227103 0.058880 0.414337
vn -0.404805 -0.609066 0.682035
v 0.125611 -0.797851 -0.070641
vn -0.985031 0.052522 -0.164183
v -0.250090 -0.539568 -0.489761
vn 0.949858 -0.223105 -0.219074
v 0.298346 -0.770394 -0.247553
vn 0.000000 -0.844328 -0.535827
v 0.024539 -0.630330 -0.636416
vn 0.000000 -0.844328 -0.535827
v 0.111115 -0.704853 -0.518987
vn -0.986278 0.037039 -0.160887
v -0.224325 0.388288 -0.137603
vn -0.990366 0.068386 0.120411
v -0.248737 -0.540530 -0.561352
vn -0.560286 -0.078757 0.824546
v -0.176342 -0.019516 0.466009
vn 0.938617 -0.143664 -0.313623
v 0.294750 -0.830754 -0.224125
vn 0.000000 -0.844328 -0.535827
v -0.203712 -0.637242 -0.625524
vn 0.000000 -0.844328 -0.535827
v -0.011254 -0.665569 -0.580889
vn 0.000000 -0.844328 -0.535827
v -0.108026 -0.705593 -0.517820
vn -0.966106 -0.022858 -0.257133
v -0.254833 -0.607491 -0.456374
vn -0.987882 0.032931 -0.151671
v -0.245375 -0.654124 -0.490241
vn 0.000000 -0.844328 -0.535827
v -0.195266 -0.710995 -0.509308
vn -0.787169 0.365728 -0.496597
v -0.264958 0.404598 -0.048029
vn -0.775080 0.384797 -0.501181
v -0.300255 0.336889 -0.057113
vn -0.882908 0.053837 -0.466450
v 0.071525 0.365307 -0.465598
vn 0.000000 -0.844328 -0.535827
v 0.026332 -0.800848 -0.367723
vn 0.000000 -0.844328 -0.535827
v 0.266809 -0.919141 -0.181323
vn -0.993000 0.048606 0.107652
v -0.248527 0.436266 -0.344232
vn -0.079860 -0.839932 0.536783
v 0.080645 -0.635480 0.100887
vn 0.000000 -0.844328 -0.535827
v -0.205516 -0.855715 -0.281266
vn -0.964965 -0.262253 0.008150
v -0.240488 0.319417 -0.355476
vn -0.921602 -0.380705 0.075582
v -0.209824 0.251531 -0.349966
vn 0.563822 0.151830 0.811821
v -0.045202 0.210150 -0.070645
vn 0.000000 -0.844328 -0.535827
v -0.228518 -0.756870 -0.437020
vn 0.000000 -0.844328 -0.535827
v -0.198279 -0.785908 -0.391264
vn -0.924407 -0.036962 -0.379613
v -0.200795 0.202367 -0.248388
vn -0.956873 -0.253276 0.142288
v -0.223603 0.308892 -0.290518
vn -0.960787 -0.259810 -0.096882
v -0.178071 0.185284 -0.321252
vn -0.745540 0.117742 -0.655978
v -0.272648 0.040306 -0.191322
vn -0.728761 0.237397 -0.642301
v -0.285224 0.226292 -0.129694
vn 0.070305 -0.821390 0.566017
v -0.101035 -0.645660 0.085620
vn -0.880462 0.179636 -0.438769
v -0.280161 -0.459559 -0.397445
vn -0.946448 0.158581 -0.281226
v -0.312328 -0.456605 -0.315894
vn -0.932127 0.314151 -0.180135
v -0.323421 -0.436477 -0.233070
vn -0.941880 0.264074 -0.207670
v -0.341244 -0.434754 -0.157566
vn -0.915566 0.394394 -0.078692
v -0.293389 -0.374065 -0.231848
vn 0.219941 -0.722866 0.655050
v -0.023901 -0.723054 -0.098420
vn -0.434259 -0.643027 0.630821
v 0.109691 -0.751517 -0.033569
vn -0.618969 -0.527076 0.582296
v 0.079068 -0.826416 -0.131291
vn -0.409471 -0.515371 0.752812
v 0.151893 -0.852355 -0.099584
vn -0.997165 -0.075222 -0.001934
v -0.347700 -0.528903 -0.158798
vn -0.959086 -0.282824 -0.012840
v -0.259944 0.468013 -0.214741
vn -0.983201 -0.070894 -0.168196
v -0.340549 -0.547836 -0.220788
vn -0.930201 -0.009246 -0.366934
v -0.273779 -0.540537 -0.419321
vn -0.935379 0.003220 -0.353633
v -0.281227 -0.621351 -0.386617
vn -0.931877 -0.066856 -0.356562
v -0.297925 -0.571179 -0.352360
vn -0.934983 0.002272 -0.354685
v -0.305749 -0.511177 -0.345660
vn -0.937574 0.100463 -0.332960
v -0.268060 -0.681968 -0.434154
vn -0.975558 -0.173007 -0.135479
v -0.309884 -0.760184 -0.211283
vn -0.978320 -0.109686 -0.175668
v -0.326312 -0.629676 -0.239966
vn 0.000000 -0.844328 -0.535827
v 0.092344 -0.880944 -0.241512
vn -0.926333 0.171969 -0.335162
v -0.325244 0.253910 -0.070790
vn 0.938078 0.020689 0.345806
v 0.308142 0.365788 0.035139
vn 0.775343 -0.178585 0.605764
v 0.308010 0.300038 0.024195
vn -0.879165 -0.404260 -0.252275
v -0.271003 -0.788649 -0.314786
vn -0.223713 -0.300418 0.927201
v 0.204978 0.318202 0.058705
vn -0.188033 -0.352363 0.916779
v 0.207940 0.409705 0.091896
vn 0.791133 -0.131106 0.597428
v 0.312449 0.234141 0.000627
vn 0.493153 -0.637709 0.591715
v -0.046109 -0.786770 -0.146634
vn -0.555392 -0.211445 0.804258
v 0.152654 0.343347 0.040331
vn 0.139734 -0.279479 0.949930
v 0.246638 0.265812 0.047452
vn 0.281926 -0.626053 0.727032
v -0.159362 -0.793658 -0.051827
vn 0.916641 0.008820 0.399613
v 0.216778 0.192135 0.408627
vn 0.000000 -0.844328 -0.535827
v -0.211182 -0.891698 -0.224566
vn 0.000000 -0.844328 -0.535827
v -0.155617 -0.881365 -0.240848
vn -0.000362 -0.844600 -0.535398
v -0.206614 -0.930366 -0.163635
vn -0.380680 -0.498379 0.778911
v -0.249650 -0.807532 -0.057282
vn 0.000036 -0.845147 -0.534534
v -0.274734 -0.915961 -0.186334
vn 0.945003 0.129183 -0.300469
v 0.221092 0.627135 -0.382891
vn 0.951337 0.004946 -0.308114
v 0.235348 0.585843 -0.340184
vn 0.981154 0.180542 -0.068860
v 0.246404 0.508522 -0.415834
vn 0.765319 0.375294 -0.522917
v 0.222316 0.066343 0.252149
vn 0.906811 0.147156 -0.395017
v 0.329347 0.151354 -0.094639
vn 0.376095 -0.177774 0.909368
v 0.270789 0.189999 0.020803
vn 0.917002 0.075250 -0.391721
v 0.169651 0.431773 -0.618024
vn 0.805103 0.118349 -0.581208
v 0.314114 0.054970 -0.137714
vn 0.797207 0.008132 0.603652
v 0.327622 0.088914 -0.027693
vn 0.950598 0.230283 -0.208167
v 0.205014 0.315124 -0.543825
vn -0.959077 -0.146604 0.242236
v -0.315498 -0.667242 -0.111786
vn -0.953078 -0.241338 0.182749
v -0.294340 -0.667252 -0.031164
vn -0.916310 -0.180723 0.357374
v -0.298432 -0.728980 -0.085998
vn -0.862281 0.353502 -0.362640
v 0.102919 0.539979 -0.401220
vn -0.919717 -0.218068 -0.326445
v -0.287109 -0.810827 -0.258678
vn 0.963440 0.267586 0.013500
v -0.117226 0.636748 -0.354748
vn -0.877857 0.346787 -0.330311
v -0.275145 0.658006 -0.267627
vn -0.983505 0.074524 -0.164818
v -0.230802 0.567914 -0.362580
vn -0.969823 0.243810 -0.000612
v -0.238847 0.531916 -0.410743
vn 0.743367 0.149617 -0.651936
v 0.241968 0.087517 -0.213832
vn 0.761187 0.088394 -0.642480
v 0.246848 -0.002118 -0.227466
vn 0.857666 0.052472 -0.511524
v 0.192291 0.121898 -0.265360
vn 0.761156 0.083986 -0.643108
v 0.205983 -0.012804 -0.276065
vn 0.966517 0.197802 -0.163457
v 0.214267 0.022974 -0.676606
vn 0.965427 0.119003 -0.231923
v 0.235641 -0.092998 -0.668997
vn 0.911838 0.102969 0.397429
v 0.222800 -0.072949 -0.592302
vn -0.680215 -0.116234 0.723738
v 0.106932 0.316118 -0.003652
vn 0.355021 -0.309377 0.882182
v -0.191008 0.394881 0.079963
vn -0.156336 -0.374513 0.913947
v -0.246773 0.453079 0.111838
vn 0.715697 -0.088746 0.692750
v -0.096709 0.311784 -0.017113
vn 0.370138 -0.279271 0.886005
v -0.188355 0.332712 0.056394
vn 0.164011 0.376422 -0.911815
v 0.041929 0.229085 0.224499
vn -0.136644 0.363050 -0.921696
v -0.025206 0.243704 0.229150
vn 0.373142 0.370521 -0.850576
v 0.094737 0.230619 0.244567
vn 0.104625 0.400409 -0.910344
v 0.042651 0.130071 0.185051
vn 0.841444 0.223934 0.491758
v 0.191014 0.850193 0.183703
vn 0.873304 0.178429 0.453324
v 0.208047 0.766922 0.201132
vn 0.961260 0.109678 0.252882
v 0.262284 0.762677 0.083500
vn 0.815706 0.071099 -0.574080
v 0.163486 -0.115360 -0.336587
vn 0.849099 0.185318 -0.494660
v 0.155011 -0.182136 -0.359906
vn 0.794985 0.140378 0.590163
v 0.168157 -0.229349 -0.518341
vn 0.853074 -0.148002 -0.500361
v -0.085003 0.183674 -0.459824
vn -0.747736 -0.137597 -0.649583
v 0.040310 0.249334 -0.417347
vn -0.866733 -0.154883 -0.474115
v 0.083050 0.155781 -0.449563
vn -0.905569 -0.129593 -0.403919
v 0.094624 0.091090 -0.451924
vn -0.744101 -0.226608 -0.628461
v 0.047996 0.190033 -0.404180
vn 0.867396 -0.093639 -0.488728
v -0.091220 0.300924 -0.496094
vn 0.939118 0.109509 0.325676
v 0.237839 0.721843 0.139343
vn -0.910505 -0.208933 -0.356830
v -0.219890 0.439570 -0.500620
vn -0.960391 0.190487 -0.203382
v -0.205749 0.310006 -0.548000
vn 0.947722 0.230921 0.220223
v 0.250838 0.654613 0.157252
vn 0.894925 -0.125292 -0.428266
v -0.096539 0.118122 -0.464191
vn 0.855779 -0.185956 -0.482766
v -0.072209 0.137515 -0.421973
vn 0.857846 -0.058926 -0.510518
v -0.119964 0.166855 -0.520751
vn -0.840934 -0.198799 0.503299
v -0.196907 0.147543 -0.431576
vn 0.871590 0.484666 -0.073684
v 0.222495 0.774806 -0.154886
vn -0.892813 -0.067681 0.445315
v -0.221570 0.170711 0.403341
vn 0.970613 0.119679 -0.208776
v 0.242139 0.712506 -0.070170
vn 0.924876 0.029804 -0.379099
v 0.265590 0.736054 -0.026606
vn -0.066091 -0.301967 -0.951025
v 0.002201 0.088509 -0.332894
vn -0.855693 -0.190450 -0.481164
v 0.072818 0.059794 -0.391279
vn 0.961990 0.168608 0.214819
v 0.251505 0.667815 -0.116248
vn 0.968757 -0.078519 0.235253
v 0.260676 0.717474 0.071645
vn 0.970378 0.196551 -0.140482
v 0.270160 0.566252 0.083562
vn 0.991247 0.121420 0.051823
v 0.252803 0.647622 0.101932
vn 0.996573 0.001322 -0.082708
v 0.255034 0.621243 0.047676
vn 0.878684 0.277943 -0.388152
v 0.264563 0.481236 0.003654
vn -0.876905 0.399100 -0.267874
v -0.226857 0.100449 0.287726
vn -0.543916 0.045953 0.837881
v 0.108083 0.177197 -0.016192
vn 0.052492 0.709028 0.703224
v -0.000239 0.063464 -0.026166
vn -0.374627 0.430778 0.821027
v 0.089231 0.090497 -0.007620
vn 0.051071 0.936524 0.346863
v -0.011860 0.026773 0.028393
vn -0.261916 0.709855 0.653839
v 0.042753 0.054793 -0.007225
vn 0.456976 0.251011 0.853327
v -0.090235 0.115023 -0.016453
vn 0.421545 0.059870 0.904829
v -0.139440 0.158459 0.002348
vn -0.204120 -0.060423 0.977079
v -0.245217 0.133554 0.019151
vn -0.837452 -0.007661 -0.546457
v 0.120439 0.870139 0.132830
vn -0.921650 0.041985 -0.385745
v 0.122574 0.804917 0.133127
vn -0.417645 0.595459 -0.686296
v -0.151638 0.056083 0.175815
vn 0.928222 -0.075793 0.364224
v -0.124885 0.816933 0.214776
vn -0.796071 0.205570 0.569220
v -0.206193 0.845187 0.161295
vn -0.651907 0.438128 0.618920
v -0.267682 -0.049357 0.067494
vn -0.984133 -0.129492 0.121303
v -0.269804 0.703097 0.043196
vn -0.927934 -0.053030 0.368952
v -0.257811 0.751924 0.091614
vn 0.411221 -0.425404 0.806182
v -0.168476 0.692225 0.216687
vn -0.943511 0.195616 0.267435
v -0.248106 0.664389 0.166306
vn -0.980291 0.190150 0.053601
v -0.262336 0.618030 0.125353
vn -0.559447 -0.234091 0.795123
v -0.288344 0.276105 0.037183
vn -0.890401 0.008000 0.455107
v -0.333596 0.130986 -0.034093
vn -0.843007 0.182933 -0.505841
v -0.317528 0.184359 -0.104917
vn -0.949499 0.312190 -0.031448
v 0.140545 0.666443 -0.078613
vn -0.848477 0.528962 0.016922
v 0.106949 0.593304 -0.213028
vn -0.911933 0.408611 -0.037633
v -0.227326 0.766420 -0.137488
vn 0.995490 -0.081674 0.048250
v -0.143731 0.740694 -0.093689
vn 0.944710 0.292706 -0.147802
v -0.145358 0.669685 -0.135777
vn 0.964081 -0.057857 -0.259232
v -0.110033 -0.009458 -0.462505
vn -0.974661 -0.025998 -0.222173
v 0.137562 -0.022313 -0.665450
vn -0.750235 -0.294888 0.591767
v -0.165601 -0.036201 -0.518428
vn 0.876571 -0.393643 0.276893
v 0.175697 0.363157 0.648785
vn 0.995638 -0.020830 -0.090944
v -0.136062 -0.033847 -0.626708
vn 0.935279 0.345095 0.078505
v -0.097659 0.565445 -0.079655
vn -0.982274 0.079358 -0.169821
v 0.112734 -0.129741 -0.436946
vn 0.961131 0.017982 -0.275508
v -0.105960 -0.117883 -0.397413
vn 0.944063 -0.005803 -0.329714
v 0.188683 0.579099 0.413830
vn 0.405837 -0.540925 0.736679
v 0.179033 -0.419916 0.334001
vn -0.728643 0.321612 -0.604686
v 0.077376 0.679147 0.408785
vn 0.343973 -0.607264 0.716180
v 0.213324 -0.503219 0.237556
vn -0.803231 0.263044 0.534441
v -0.323373 -0.100141 0.033867
vn 0.072617 -0.010269 -0.997307
v -0.117571 0.604977 0.372277
vn -0.971236 0.091983 0.219633
v -0.354639 -0.160076 -0.002337
vn -0.038340 0.687940 0.724754
v -0.107770 0.671900 0.485618
vn 0.098334 -0.679441 0.727111
v 0.088175 -0.467399 0.309805
vn 0.011795 0.069670 -0.997500
v 0.198313 -0.459941 -0.738630
vn 0.106585 -0.733361 0.671432
v 0.151748 -0.547424 0.211631
vn -0.201479 -0.707831 0.677038
v -0.167228 -0.514526 0.244047
vn 0.762717 -0.258675 0.592748
v 0.254912 -0.106006 0.310872
vn 0.000000 -0.844328 -0.535827
v 0.043139 -0.592510 -0.696011
vn 0.000000 -0.844328 -0.535827
v 0.088322 -0.617281 -0.656978
vn 0.949647 0.245063 -0.195228
v 0.316404 -0.438606 -0.283104
vn 0.973351 0.107520 -0.202550
v 0.333481 -0.487902 -0.251193
vn 0.686323 -0.576210 -0.443782
v 0.247472 -0.702313 -0.522989
vn 0.987524 -0.139098 -0.073806
v 0.332016 -0.640429 -0.200235
vn 0.981665 -0.172846 -0.080359
v 0.320868 -0.711367 -0.204524
vn 0.989777 -0.140440 0.024848
v 0.312335 -0.774904 -0.170807
vn 0.000000 -0.844328 -0.535827
v -0.037083 -0.602976 -0.679519
vn 0.000000 -0.844328 -0.535827
v -0.053140 -0.637673 -0.624845
vn 0.000000 -0.844328 -0.535827
v -0.047767 -0.786442 -0.390424
vn 0.000000 -0.844328 -0.535827
v 0.071707 -0.785301 -0.392220
vn 0.000000 -0.844328 -0.535827
v -0.032635 -0.826737 -0.326928
vn 0.000000 -0.844328 -0.535827
v 0.024044 -0.762420 -0.428275
vn -0.626596 -0.538380 0.563493
v 0.069735 -0.769512 -0.086345
vn -0.985528 -0.155918 0.066515
v -0.339400 -0.604657 -0.160870
vn 0.000000 -0.844328 -0.535827
v 0.224095 -0.897637 -0.215208
vn 0.837328 0.303285 -0.454863
v 0.186672 0.225568 0.302347
vn 0.902295 0.279511 -0.328233
v 0.213330 0.216407 0.373595
vn 0.879641 0.297353 -0.371232
v 0.203700 0.685669 -0.404456
vn 0.859368 0.405929 -0.310980
v 0.217337 0.125193 0.290271
vn 0.953489 0.297084 0.050994
v 0.226444 0.260271 -0.520582
vn 0.967610 0.046150 0.248196
v 0.217169 0.233381 -0.459605
vn 0.821680 0.533937 -0.199384
v 0.166622 0.878834 -0.114877
vn 0.020144 0.157002 -0.987393
v -0.179610 0.578386 -0.466137
vn -0.324318 0.935041 -0.143232
v 0.144195 0.507445 -0.551563
vn 0.786413 0.112460 -0.607377
v 0.200896 0.044711 -0.271227
vn 0.754966 -0.440041 0.486201
v 0.175339 0.016833 -0.485118
vn -0.464938 0.605409 -0.645998
v -0.209473 0.516790 -0.495319
vn 0.781912 0.068785 -0.619582
v 0.212735 -0.109799 -0.278817
vn -0.836527 -0.057304 -0.544921
v 0.074384 0.292168 -0.470754
vn -0.848382 0.171190 -0.500941
v -0.235828 0.194353 -0.564482
vn 0.990807 0.121232 0.060031
v 0.290692 0.482083 0.070923
vn -0.342652 0.427160 0.836734
v 0.140790 0.889390 -0.055370
vn 0.151355 0.017197 0.988330
v -0.191144 0.143756 0.019629
vn 0.633593 -0.040355 0.772614
v -0.096554 0.240044 -0.025405
vn 0.803914 -0.024138 0.594256
v -0.155212 0.788393 -0.036098
vn 0.159658 0.982361 0.097349
v 0.114604 0.029719 0.090059
vn -0.806662 0.590316 0.028703
v -0.238091 -0.027770 0.165602
vn -0.574049 -0.085914 0.814301
v -0.301653 0.162787 -0.000237
vn -0.980365 0.196592 -0.015347
v -0.242886 0.705691 -0.094859
vn -0.765087 0.128188 -0.631039
v -0.201970 0.032189 -0.272971
vn -0.768445 0.072564 -0.635789
v -0.183989 -0.100008 -0.310478
vn -0.895098 -0.002161 0.445864
v 0.110229 0.511649 0.035598
vn -0.997254 0.069522 0.025516
v -0.255620 0.637810 0.081254
vn 0.873483 -0.018006 -0.486522
v 0.176385 0.496895 0.412631
vn 0.833065 -0.115429 -0.540998
v 0.323982 -0.104613 -0.122244
vn -0.775514 0.069999 -0.627438
v -0.195076 -0.038436 -0.291401
vn -0.881498 0.069352 -0.467067
v -0.346106 -0.265021 -0.074150
vn 0.116344 0.455730 -0.882482
v 0.032405 0.495017 0.342905
vn -0.334331 0.381168 -0.861936
v -0.068359 0.361884 0.286239
vn 0.745996 0.362405 -0.558706
v 0.293634 0.308898 -0.079212
vn -0.957280 0.236311 0.166650
v 0.094851 0.550769 -0.030357
vn -0.938786 0.265200 0.219886
v 0.067150 0.485851 -0.082697
vn 0.980683 -0.051913 -0.188587
v 0.317341 -0.646024 -0.276154
vn 0.859124 -0.046278 0.509670
v -0.104712 0.448374 0.014602
vn 0.000000 -0.844328 -0.535827
v -0.046743 -0.702652 -0.522455
vn -0.753690 0.092653 -0.650666
v -0.232443 0.003333 -0.243375
vn -0.992723 -0.070649 0.097522
v -0.349787 -0.481476 -0.115072
vn 0.000000 -0.844328 -0.535827
v 0.143824 -0.901913 -0.208470
vn -0.988357 -0.151446 -0.014656
v -0.327322 -0.687172 -0.189274
vn -0.797392 0.117121 -0.591987
v -0.310827 0.066601 -0.140718
vn 0.000000 -0.844328 -0.535827
v 0.205843 -0.934930 -0.156443
vn -0.000075 -0.844617 -0.535371
v -0.146236 -0.915382 -0.187246
vn -0.972483 -0.102285 0.209320
v -0.308333 -0.791466 -0.137427
vn 0.783235 0.058709 -0.618948
v 0.180718 -0.057296 -0.309034
vn 0.877321 0.004426 -0.479883
v 0.160169 0.002537 -0.331205
vn -0.874215 -0.107444 -0.473503
v 0.109557 0.194191 -0.507415
vn 0.450726 0.327579 0.830384
v -0.041565 0.124676 -0.049517
vn -0.941997 0.168978 -0.289981
v 0.130169 0.730305 0.094436
vn -0.297333 0.702862 0.646203
v -0.039205 0.566016 0.797651
vn 0.646968 0.689982 -0.324589
v -0.161636 0.082056 -0.672000
vn 0.745474 -0.388697 0.541465
v 0.287126 -0.369457 0.276425
vn 0.768302 0.563503 0.303605
v 0.300460 -0.141940 0.198864
vn 0.992855 -0.090443 0.077839
v 0.194164 0.454658 0.479427
vn 0.915060 -0.206303 0.346561
v 0.331073 -0.551154 0.142558
vn -0.841817 0.423198 0.335034
v -0.170477 0.587024 0.517311
vn 0.801954 0.374747 -0.465225
v 0.237413 -0.252509 -0.298147
vn 0.917532 0.347448 -0.193428
v 0.296841 -0.380999 -0.303300
vn 0.041361 -0.345175 0.937626
v 0.062504 -0.056492 0.491360
vn -0.012485 -0.327876 0.944638
v 0.214838 -0.912594 -0.102196
vn -0.767580 0.138145 -0.625889
v -0.232853 0.147046 -0.208285
vn 0.000000 -0.844328 -0.535827
v -0.096490 -0.882906 -0.238420
vn 0.059163 0.024131 -0.997957
v 0.183202 0.585632 -0.465907
vn 0.713827 0.658697 0.237841
v 0.207896 0.850271 -0.046873
vn 0.122849 -0.276789 0.953046
v -0.218350 0.274919 0.049002
vn -0.650214 0.427040 -0.628378
v -0.190999 0.126204 0.260961
vn -0.033499 0.570126 0.820874
v -0.178301 0.854955 -0.027620
vn -0.982811 -0.048121 0.178234
v 0.112245 0.867899 0.189171
vn 0.954860 0.296740 -0.013677
v -0.138516 0.663326 -0.065646
vn -0.924101 0.377137 -0.061681
v 0.137326 0.668916 -0.021991
vn 0.899538 0.189146 0.393770
v 0.170525 -0.290554 -0.506298
vn 0.000000 -0.844328 -0.535827
v 0.193132 -0.613540 -0.662872
vn 0.891324 0.280938 -0.355831
v -0.112605 -0.260451 -0.556125
vn 0.000000 -0.844328 -0.535827
v -0.021036 -0.573171 -0.726485
vn -0.561018 -0.632823 -0.533661
v -0.259994 -0.832024 -0.318597
vn -0.173985 -0.305161 0.936273
v 0.209277 0.360697 0.074862
vn 0.873540 -0.318741 0.367874
v 0.218959 0.077717 -0.494584
vn 0.831622 -0.113775 -0.543562
v -0.111524 0.235855 -0.518683
vn -0.921561 0.373975 0.104250
v -0.273059 0.773743 0.053356
vn 0.000000 -0.844328 -0.535827
v 0.040100 -0.698149 -0.529551
vn 0.999476 0.031462 -0.007613
v 0.346351 0.096060 -0.068825
vn -0.804386 0.105024 -0.584750
v -0.192483 0.082851 -0.271986
vn 0.747087 -0.262944 0.610509
v 0.138867 0.417989 0.756497
vn -0.184826 0.967553 0.172278
v 0.049281 0.658250 0.496608
vn 0.273856 -0.676629 0.683503
v 0.266461 -0.599680 0.146691
vn 0.915777 -0.183432 0.357360
v 0.323051 -0.570946 -0.074379
vn 0.113384 -0.744234 0.658225
v -0.155878 -0.669770 0.061981
vn 0.042420 -0.780521 0.623688
v -0.172745 -0.632603 0.109291
vn -0.090244 -0.695462 0.712873
v -0.215342 -0.700096 0.040450
vn -0.725835 0.181826 -0.663403
v -0.276750 0.157454 -0.159114
vn -0.910791 0.274588 -0.308321
v 0.124860 0.701079 -0.432868
vn -0.086030 -0.278143 0.956679
v -0.081638 -0.269363 0.434492
vn 0.688624 -0.211515 0.693583
v -0.137308 0.425187 0.052241
vn -0.158126 -0.196228 0.967725
v -0.246177 0.207405 0.032559
vn -0.971879 -0.235425 -0.005142
v 0.135389 0.767656 -0.100323
vn -0.999516 -0.025797 0.017369
v -0.278427 -0.093098 0.275786
vn -0.972001 0.116486 -0.204071
v -0.343268 0.097601 -0.083733
vn -0.903374 0.426852 -0.041386
v 0.126173 0.624006 -0.143133
vn 0.912769 0.315616 -0.259307
v -0.098311 -0.201695 -0.432001
vn 0.800123 0.124494 -0.586774
v 0.308438 0.114912 -0.133983
vn 0.886900 0.434630 -0.156540
v 0.207319 0.808081 -0.107607
vn 0.761171 0.092088 -0.641980
v 0.280361 0.024247 -0.184981
vn 0.000000 -0.844328 -0.535827
v -0.147611 -0.707007 -0.515592
vn 0.740115 0.144792 -0.656707
v 0.277756 0.088880 -0.174389
vn 0.496816 0.371677 0.784239
v 0.062884 0.527610 0.825514
vn 0.829642 -0.328722 0.451261
v 0.145342 -0.029389 -0.486055
vn 0.274387 0.395590 -0.876482
v 0.070087 0.181711 0.211866
vn 0.372195 0.426391 -0.824416
v 0.104762 0.126913 0.196096
vn -0.730974 0.362116 -0.578402
v -0.176600 0.241718 0.299444
vn -0.288818 0.838612 -0.461859
v -0.233211 0.808192 0.057407
vn -0.989653 -0.048041 0.135198
v 0.148600 0.725960 -0.076026
vn -0.770488 0.179541 -0.611648
v -0.175800 -0.172993 -0.329900
vn 0.782285 0.346944 -0.517359
v 0.249094 0.348099 -0.105516
vn 0.528666 -0.193621 0.826452
v -0.146728 0.288713 0.022828
vn -0.676882 -0.394916 0.621186
v 0.145734 0.715032 0.213615
vn 0.897002 0.193938 -0.397209
v 0.270378 -0.066590 0.263723
vn -0.354680 0.391688 0.848989
v -0.150042 0.916907 0.228071
vn 0.079746 0.879709 0.468779
v 0.011562 0.612238 0.744142
vn 0.131870 0.248804 -0.959535
v 0.085538 0.534486 0.372520
vn -0.992155 0.053818 0.112840
v -0.237752 -0.355903 -0.622914
vn 0.006299 -0.093097 0.995637
v -0.063312 -0.007632 0.496230
vn 0.879955 -0.292639 -0.374222
v -0.112060 0.338258 -0.560654
vn 0.954509 0.295595 0.039185
v 0.237948 0.735076 -0.116955
vn -0.769805 -0.227405 -0.596396
v 0.058559 0.113095 -0.386536
vn 0.982905 -0.130944 -0.129430
v 0.246278 0.613247 -0.005294
vn 0.950806 0.307691 0.035973
v -0.113298 0.604705 -0.041277
vn 0.962289 -0.008247 -0.271903
v -0.122082 0.019204 -0.509106
vn 0.956707 -0.023292 -0.290118
v -0.140544 -0.020061 -0.678091
vn 0.038133 0.940885 -0.336573
v -0.012532 -0.308346 -0.493311
vn 0.924313 -0.028804 -0.380546
v 0.291357 -0.526369 -0.378378
vn 0.930931 0.047951 -0.362032
v 0.280094 -0.645722 -0.385947
vn 0.150526 -0.749630 0.644513
v 0.236416 -0.654348 0.090048
vn 0.000000 -0.844328 -0.535827
v 0.023312 -0.837962 -0.309240
vn 0.000000 -0.844328 -0.535827
v 0.203273 -0.866232 -0.264694
vn -0.921271 0.131448 -0.366034
v -0.293369 -0.676903 -0.365070
vn -0.046269 0.454108 -0.889745
v -0.014619 0.470725 0.328253
vn 0.000000 -0.844328 -0.535827
v -0.037838 -0.751648 -0.445250
vn -0.485824 0.874052 0.003060
v -0.201376 0.727653 -0.353668
vn -0.434515 -0.312935 0.844552
v -0.188550 -0.364318 0.365248
vn -0.448445 -0.546017 0.707645
v -0.221032 -0.482622 0.253501
vn 0.777421 0.198393 -0.596873
v 0.301152 0.190811 -0.123462
vn 0.907770 -0.248482 0.337949
v 0.169364 0.129497 -0.398555
vn 0.882550 0.308553 -0.354824
v -0.083810 0.438042 -0.463784
vn -0.932756 -0.120392 -0.339812
v 0.098021 0.034382 -0.438762
vn -0.662094 -0.281548 0.694523
v -0.247143 -0.360578 0.310611
vn 0.817520 0.296291 -0.493835
v -0.051112 0.419426 -0.417825
vn -0.401470 -0.682842 0.610368
v 0.039841 -0.720420 -0.079175
vn 0.887603 0.299920 -0.349584
v 0.229695 0.679335 -0.350874
vn 0.996530 -0.080459 -0.021321
v 0.245492 0.146630 -0.526411
vn 0.852073 0.222132 -0.473951
v -0.089412 -0.160013 -0.361674
vn 0.000000 -0.844328 -0.535827
v 0.003595 -0.729853 -0.479592
vn 0.499009 0.724774 0.475070
v 0.069844 0.577235 0.763009
vn -0.999647 -0.014884 -0.022010
v -0.196508 0.399967 0.557457
vn 0.934159 0.356764 0.008173
v 0.216466 -0.429389 -0.517044
vn 0.938423 -0.217995 0.268033
v 0.230841 0.471266 -0.126959
vn 0.936785 0.034692 -0.348180
v 0.183588 0.380015 -0.587394
vn -0.924844 0.193061 -0.327704
v -0.224309 0.648394 -0.373738
vn 0.933618 -0.149194 -0.325728
v -0.096138 -0.000432 -0.418478
vn 0.725460 -0.138475 -0.674190
v -0.036206 0.251709 -0.411700
vn 0.984123 0.161646 0.073300
v -0.122906 0.622081 0.031931
vn 0.086553 0.812591 -0.576372
v 0.053207 -0.385094 -0.671365
vn -0.303607 0.225424 -0.925747
v 0.089001 0.624545 0.382375
vn -0.751891 0.058175 -0.656716
v 0.029766 0.336234 -0.409106
vn 0.772624 0.051931 -0.632736
v -0.040208 0.340656 -0.422431
vn -0.974264 0.021642 -0.224371
v 0.126637 0.001558 -0.525250
vn -0.983753 0.085780 -0.157711
v 0.119757 -0.146130 -0.510344
# 2851 vertices, 0 vertices normals

f 7//7 8//8 6//6
f 2584//2584 11//11 15//15
f 20//20 5//5 6//6
f 7//7 5//5 11//11
f 6//6 5//5 7//7
f 12//12 11//11 5//5
f 5//5 20//20 21//21
f 4//4 6//6 2//2
f 6//6 4//4 20//20
f 4//4 22//22 21//21
f 4//4 21//21 20//20
f 21//21 22//22 2753//2753
f 11//11 12//12 24//24
f 5//5 21//21 25//25
f 2753//2753 25//25 21//21
f 26//26 23//23 34//34
f 25//25 24//24 12//12
f 12//12 5//5 25//25
f 34//34 36//36 26//26
f 24//24 15//15 11//11
f 2234//2234 15//15 24//24
f 30//30 28//28 29//29
f 28//28 30//30 31//31
f 17//17 30//30 16//16
f 14//14 13//13 34//34
f 17//17 31//31 30//30
f 28//28 31//31 32//32
f 17//17 19//19 32//32
f 29//29 28//28 37//37
f 16//16 30//30 37//37
f 37//37 30//30 29//29
f 18//18 35//35 34//34
f 35//35 36//36 34//34
f 37//37 28//28 2802//2802
f 32//32 31//31 17//17
f 39//39 2259//2259 38//38
f 39//39 38//38 32//32
f 43//43 42//42 41//41
f 44//44 50//50 40//40
f 40//40 43//43 41//41
f 2802//2802 32//32 38//38
f 270//270 33//33 26//26
f 36//36 46//46 2565//2565
f 49//49 60//60 48//48
f 49//49 48//48 51//51
f 55//55 54//54 49//49
f 53//53 52//52 56//56
f 52//52 60//60 49//49
f 54//54 55//55 56//56
f 55//55 49//49 51//51
f 54//54 56//56 52//52
f 54//54 52//52 49//49
f 56//56 57//57 58//58
f 53//53 56//56 59//59
f 56//56 58//58 59//59
f 2565//2565 26//26 36//36
f 60//60 52//52 53//53
f 60//60 53//53 59//59
f 13//13 18//18 34//34
f 63//63 61//61 62//62
f 65//65 64//64 66//66
f 67//67 71//71 66//66
f 62//62 68//68 69//69
f 68//68 70//70 71//71
f 70//70 68//68 61//61
f 68//68 71//71 67//67
f 67//67 66//66 64//64
f 64//64 62//62 69//69
f 68//68 62//62 61//61
f 64//64 69//69 67//67
f 67//67 69//69 68//68
f 71//71 681//681 66//66
f 74//74 75//75 2323//2323
f 78//78 82//82 2324//2324
f 72//72 18//18 13//13
f 86//86 741//741 84//84
f 97//97 86//86 2837//2837
f 2837//2837 86//86 84//84
f 91//91 92//92 89//89
f 214//214 90//90 337//337
f 94//94 247//247 92//92
f 241//241 94//94 91//91
f 92//92 91//91 94//94
f 101//101 2326//2326 2508//2508
f 2350//2350 100//100 103//103
f 107//107 10//10 2705//2705
f 93//93 104//104 92//92
f 87//87 92//92 104//104
f 106//106 2326//2326 100//100
f 337//337 110//110 111//111
f 2790//2790 112//112 261//261
f 2790//2790 261//261 97//97
f 2705//2705 33//33 107//107
f 113//113 2037//2037 2327//2327
f 2645//2645 114//114 2327//2327
f 117//117 112//112 2790//2790
f 2329//2329 2328//2328 114//114
f 230//230 116//116 98//98
f 116//116 110//110 98//98
f 121//121 337//337 111//111
f 111//111 116//116 99//99
f 110//110 116//116 111//111
f 99//99 121//121 111//111
f 2790//2790 124//124 117//117
f 138//138 117//117 124//124
f 124//124 120//120 130//130
f 138//138 124//124 130//130
f 130//130 128//128 138//138
f 132//132 130//130 131//131
f 98//98 215//215 230//230
f 133//133 126//126 2331//2331
f 136//136 131//131 130//130
f 134//134 230//230 122//122
f 120//120 136//136 130//130
f 136//136 483//483 131//131
f 136//136 120//120 137//137
f 127//127 138//138 128//128
f 139//139 118//118 135//135
f 147//147 138//138 127//127
f 142//142 99//99 134//134
f 142//142 121//121 99//99
f 2755//2755 2332//2332 118//118
f 2332//2332 2717//2717 2334//2334
f 128//128 130//130 132//132
f 379//379 147//147 127//127
f 143//143 146//146 144//144
f 143//143 2339//2339 150//150
f 132//132 152//152 127//127
f 128//128 132//132 127//127
f 131//131 153//153 152//152
f 132//132 131//131 152//152
f 2324//2324 157//157 158//158
f 79//79 95//95 2803//2803
f 82//82 157//157 2324//2324
f 159//159 158//158 157//157
f 95//95 158//158 163//163
f 150//150 154//154 160//160
f 160//160 148//148 150//150
f 142//142 134//134 2647//2647
f 2648//2648 129//129 2341//2341
f 2735//2735 95//95 163//163
f 167//167 166//166 171//171
f 168//168 510//510 165//165
f 169//169 165//165 149//149
f 166//166 167//167 165//165
f 2735//2735 163//163 137//137
f 136//136 137//137 481//481
f 483//483 136//136 481//481
f 149//149 574//574 169//169
f 2631//2631 3//3 10//10
f 172//172 170//170 171//171
f 170//170 173//173 171//171
f 165//165 169//169 166//166
f 166//166 169//169 174//174
f 2337//2337 10//10 175//175
f 10//10 2337//2337 2631//2631
f 2845//2845 156//156 155//155
f 174//174 169//169 170//170
f 167//167 180//180 168//168
f 168//168 165//165 167//167
f 2381//2381 167//167 173//173
f 171//171 173//173 167//167
f 225//225 154//154 150//150
f 175//175 107//107 2340//2340
f 143//143 184//184 2339//2339
f 194//194 191//191 185//185
f 191//191 184//184 185//185
f 107//107 175//175 10//10
f 162//162 161//161 2341//2341
f 180//180 2381//2381 195//195
f 180//180 196//196 197//197
f 195//195 196//196 180//180
f 167//167 2381//2381 180//180
f 196//196 195//195 198//198
f 199//199 196//196 198//198
f 197//197 196//196 199//199
f 197//197 199//199 200//200
f 198//198 200//200 199//199
f 201//201 733//733 2381//2381
f 2341//2341 129//129 2349//2349
f 2841//2841 205//205 203//203
f 208//208 206//206 207//207
f 207//207 206//206 209//209
f 90//90 210//210 98//98
f 90//90 214//214 210//210
f 741//741 86//86 214//214
f 210//210 215//215 98//98
f 217//217 216//216 86//86
f 216//216 215//215 218//218
f 215//215 210//210 218//218
f 86//86 216//216 218//218
f 214//214 86//86 218//218
f 208//208 219//219 206//206
f 204//204 2841//2841 203//203
f 2841//2841 206//206 205//205
f 205//205 206//206 219//219
f 203//203 205//205 219//219
f 210//210 214//214 218//218
f 86//86 220//220 217//217
f 221//221 215//215 217//217
f 220//220 86//86 97//97
f 224//224 222//222 223//223
f 224//224 223//223 123//123
f 224//224 221//221 222//222
f 213//213 154//154 225//225
f 2558//2558 209//209 2841//2841
f 215//215 216//216 217//217
f 2342//2342 178//178 179//179
f 228//228 222//222 221//221
f 228//228 220//220 222//222
f 217//217 220//220 228//228
f 221//221 217//217 228//228
f 337//337 90//90 110//110
f 213//213 229//229 2343//2343
f 224//224 123//123 122//122
f 110//110 90//90 98//98
f 213//213 226//226 229//229
f 122//122 230//230 224//224
f 221//221 230//230 215//215
f 221//221 224//224 230//230
f 227//227 232//232 231//231
f 231//231 209//209 227//227
f 209//209 231//231 207//207
f 2558//2558 227//227 209//209
f 231//231 1965//1965 2084//2084
f 232//232 1965//1965 231//231
f 213//213 225//225 226//226
f 234//234 2347//2347 76//76
f 241//241 244//244 94//94
f 235//235 2572//2572 242//242
f 242//242 246//246 240//240
f 245//245 244//244 243//243
f 244//244 241//241 243//243
f 92//92 247//247 93//93
f 246//246 239//239 248//248
f 242//242 239//239 246//246
f 249//249 247//247 244//244
f 255//255 237//237 236//236
f 250//250 251//251 248//248
f 239//239 250//250 248//248
f 246//246 248//248 252//252
f 246//246 252//252 240//240
f 252//252 2645//2645 240//240
f 248//248 251//251 252//252
f 2044//2044 251//251 253//253
f 256//256 203//203 262//262
f 203//203 256//256 204//204
f 257//257 204//204 256//256
f 256//256 2061//2061 257//257
f 627//627 244//244 245//245
f 222//222 260//260 223//223
f 141//141 123//123 223//223
f 222//222 220//220 260//260
f 260//260 141//141 223//223
f 260//260 220//220 97//97
f 261//261 141//141 260//260
f 262//262 208//208 263//263
f 262//262 203//203 219//219
f 262//262 219//219 208//208
f 207//207 263//263 208//208
f 262//262 263//263 2065//2065
f 261//261 260//260 97//97
f 263//263 207//207 231//231
f 275//275 265//265 266//266
f 272//272 275//275 266//266
f 3//3 2631//2631 264//264
f 269//269 261//261 112//112
f 268//268 2336//2336 2646//2646
f 2350//2350 2336//2336 268//268
f 270//270 26//26 2565//2565
f 271//271 33//33 270//270
f 33//33 271//271 107//107
f 266//266 43//43 272//272
f 107//107 271//271 2340//2340
f 50//50 272//272 40//40
f 272//272 50//50 27//27
f 40//40 272//272 43//43
f 2338//2338 187//187 189//189
f 43//43 266//266 274//274
f 275//275 272//272 27//27
f 51//51 278//278 55//55
f 278//278 51//51 48//48
f 277//277 267//267 109//109
f 275//275 280//280 281//281
f 2807//2807 275//275 27//27
f 93//93 276//276 2835//2835
f 48//48 618//618 278//278
f 275//275 281//281 265//265
f 280//280 275//275 2807//2807
f 268//268 282//282 267//267
f 2646//2646 282//282 268//268
f 283//283 109//109 267//267
f 284//284 48//48 60//60
f 48//48 284//284 618//618
f 286//286 280//280 2807//2807
f 279//279 280//280 286//286
f 265//265 287//287 88//88
f 274//274 88//88 80//80
f 288//288 289//289 279//279
f 280//280 289//289 281//281
f 281//281 289//289 287//287
f 287//287 265//265 281//281
f 279//279 289//289 280//280
f 88//88 2598//2598 85//85
f 274//274 265//265 88//88
f 298//298 267//267 285//285
f 292//292 291//291 147//147
f 292//292 261//261 269//269
f 85//85 80//80 88//88
f 88//88 289//289 288//288
f 269//269 112//112 291//291
f 289//289 88//88 287//287
f 88//88 288//288 2598//2598
f 294//294 284//284 2652//2652
f 267//267 298//298 283//283
f 295//295 288//288 279//279
f 276//276 626//626 2835//2835
f 2598//2598 288//288 295//295
f 2784//2784 301//301 300//300
f 292//292 293//293 291//291
f 269//269 293//293 292//292
f 269//269 291//291 293//293
f 147//147 291//291 117//117
f 117//117 291//291 112//112
f 299//299 283//283 298//298
f 279//279 303//303 295//295
f 240//240 2645//2645 2327//2327
f 306//306 133//133 2813//2813
f 306//306 307//307 2736//2736
f 2736//2736 307//307 144//144
f 2768//2768 123//123 141//141
f 143//143 144//144 307//307
f 307//307 308//308 151//151
f 307//307 306//306 308//308
f 151//151 308//308 309//309
f 311//311 308//308 306//306
f 184//184 310//310 185//185
f 305//305 284//284 60//60
f 143//143 151//151 184//184
f 308//308 311//311 309//309
f 310//310 184//184 309//309
f 185//185 310//310 194//194
f 151//151 309//309 184//184
f 309//309 311//311 310//310
f 311//311 2813//2813 164//164
f 310//310 164//164 194//194
f 378//378 316//316 317//317
f 329//329 261//261 292//292
f 318//318 316//316 1113//1113
f 316//316 318//318 326//326
f 326//326 318//318 333//333
f 318//318 1113//1113 323//323
f 304//304 314//314 2355//2355
f 2652//2652 313//313 322//322
f 321//321 318//318 323//323
f 317//317 316//316 326//326
f 312//312 2355//2355 328//328
f 131//131 483//483 153//153
f 333//333 317//317 326//326
f 318//318 338//338 333//333
f 338//338 335//335 333//333
f 324//324 741//741 337//337
f 336//336 335//335 338//338
f 321//321 338//338 318//318
f 338//338 321//321 336//336
f 345//345 331//331 330//330
f 345//345 329//329 331//331
f 336//336 321//321 325//325
f 325//325 1137//1137 342//342
f 342//342 341//341 325//325
f 330//330 339//339 345//345
f 365//365 342//342 1144//1144
f 345//345 343//343 344//344
f 319//319 345//345 344//344
f 329//329 345//345 319//319
f 319//319 344//344 343//343
f 574//574 2647//2647 320//320
f 320//320 2647//2647 2357//2357
f 2357//2357 122//122 2768//2768
f 349//349 320//320 319//319
f 320//320 350//350 574//574
f 386//386 348//348 315//315
f 386//386 315//315 346//346
f 320//320 349//349 350//350
f 319//319 343//343 349//349
f 349//349 339//339 353//353
f 339//339 343//343 345//345
f 341//341 355//355 325//325
f 343//343 339//339 349//349
f 350//350 349//349 353//353
f 353//353 339//339 356//356
f 346//346 357//357 358//358
f 360//360 358//358 359//359
f 358//358 357//357 359//359
f 347//347 357//357 346//346
f 360//360 361//361 358//358
f 363//363 365//365 362//362
f 214//214 337//337 741//741
f 365//365 341//341 342//342
f 341//341 365//365 355//355
f 365//365 1144//1144 362//362
f 365//365 354//354 355//355
f 362//362 367//367 363//363
f 367//367 368//368 369//369
f 324//324 337//337 370//370
f 2358//2358 324//324 370//370
f 337//337 121//121 370//370
f 362//362 371//371 367//367
f 372//372 354//354 365//365
f 374//374 360//360 359//359
f 346//346 351//351 386//386
f 147//147 117//117 138//138
f 377//377 329//329 292//292
f 377//377 292//292 147//147
f 381//381 375//375 361//361
f 375//375 376//376 352//352
f 329//329 377//377 331//331
f 375//375 351//351 361//361
f 351//351 346//346 361//361
f 361//361 346//346 358//358
f 351//351 375//375 352//352
f 335//335 382//382 333//333
f 334//334 317//317 333//333
f 381//381 378//378 389//389
f 393//393 377//377 379//379
f 2738//2738 316//316 378//378
f 333//333 380//380 334//334
f 333//333 382//382 380//380
f 379//379 377//377 147//147
f 379//379 388//388 392//392
f 376//376 375//375 381//381
f 381//381 383//383 376//376
f 387//387 335//335 336//336
f 410//410 386//386 351//351
f 387//387 382//382 335//335
f 380//380 382//382 384//384
f 351//351 389//389 390//390
f 384//384 382//382 391//391
f 352//352 383//383 351//351
f 391//391 400//400 394//394
f 377//377 393//393 331//331
f 392//392 393//393 379//379
f 393//393 392//392 395//395
f 393//393 395//395 396//396
f 394//394 555//555 391//391
f 389//389 378//378 398//398
f 396//396 331//331 393//393
f 378//378 399//399 398//398
f 400//400 387//387 497//497
f 399//399 401//401 398//398
f 402//402 410//410 351//351
f 389//389 403//403 390//390
f 389//389 398//398 403//403
f 403//403 398//398 401//401
f 390//390 404//404 405//405
f 390//390 402//402 351//351
f 390//390 403//403 404//404
f 399//399 404//404 401//401
f 406//406 404//404 399//399
f 405//405 404//404 406//406
f 403//403 401//401 404//404
f 406//406 399//399 334//334
f 407//407 392//392 388//388
f 409//409 408//408 406//406
f 399//399 378//378 317//317
f 334//334 409//409 406//406
f 334//334 399//399 317//317
f 381//381 389//389 383//383
f 383//383 352//352 376//376
f 389//389 351//351 383//383
f 328//328 348//348 2366//2366
f 2366//2366 348//348 412//412
f 412//412 348//348 386//386
f 412//412 386//386 411//411
f 414//414 392//392 407//407
f 414//414 395//395 392//392
f 414//414 407//407 417//417
f 407//407 416//416 417//417
f 417//417 416//416 418//418
f 413//413 412//412 411//411
f 395//395 414//414 415//415
f 397//397 330//330 331//331
f 397//397 331//331 396//396
f 397//397 396//396 419//419
f 339//339 397//397 356//356
f 356//356 397//397 419//419
f 397//397 339//339 330//330
f 366//366 419//419 415//415
f 356//356 419//419 366//366
f 419//419 395//395 415//415
f 419//419 396//396 395//395
f 336//336 420//420 387//387
f 415//415 414//414 417//417
f 421//421 417//417 418//418
f 386//386 410//410 411//411
f 336//336 325//325 355//355
f 355//355 426//426 420//420
f 402//402 427//427 410//410
f 427//427 402//402 424//424
f 390//390 405//405 402//402
f 380//380 409//409 334//334
f 424//424 402//402 405//405
f 366//366 417//417 373//373
f 415//415 417//417 366//366
f 423//423 435//435 422//422
f 159//159 422//422 158//158
f 423//423 422//422 159//159
f 406//406 408//408 424//424
f 380//380 385//385 409//409
f 425//425 121//121 142//142
f 370//370 121//121 425//425
f 405//405 406//406 424//424
f 408//408 385//385 424//424
f 409//409 385//385 408//408
f 385//385 384//384 474//474
f 384//384 385//385 380//380
f 336//336 355//355 420//420
f 420//420 497//497 387//387
f 429//429 427//427 424//424
f 428//428 370//370 425//425
f 385//385 474//474 429//429
f 385//385 429//429 424//424
f 354//354 426//426 355//355
f 430//430 435//435 423//423
f 159//159 430//430 423//423
f 437//437 2739//2739 428//428
f 410//410 432//432 411//411
f 454//454 354//354 372//372
f 429//429 410//410 427//427
f 432//432 410//410 429//429
f 432//432 429//429 551//551
f 158//158 433//433 434//434
f 158//158 434//434 163//163
f 413//413 411//411 432//432
f 441//441 420//420 426//426
f 425//425 489//489 437//437
f 437//437 489//489 499//499
f 428//428 425//425 437//437
f 521//521 497//497 438//438
f 440//440 2360//2360 439//439
f 433//433 436//436 435//435
f 436//436 433//433 158//158
f 497//497 420//420 438//438
f 422//422 436//436 158//158
f 435//435 436//436 422//422
f 438//438 420//420 441//441
f 438//438 441//441 442//442
f 445//445 443//443 444//444
f 445//445 446//446 433//433
f 445//445 444//444 446//446
f 438//438 447//447 521//521
f 442//442 448//448 447//447
f 442//442 447//447 438//438
f 442//442 441//441 2737//2737
f 450//450 452//452 449//449
f 451//451 2737//2737 449//449
f 453//453 451//451 452//452
f 452//452 451//451 449//449
f 453//453 448//448 451//451
f 451//451 442//442 2737//2737
f 448//448 442//442 451//451
f 354//354 454//454 2737//2737
f 449//449 454//454 450//450
f 2737//2737 454//454 449//449
f 363//363 369//369 455//455
f 296//296 2360//2360 440//440
f 363//363 367//367 369//369
f 455//455 369//369 456//456
f 368//368 456//456 369//369
f 1213//1213 456//456 368//368
f 458//458 456//456 457//457
f 459//459 456//456 458//458
f 459//459 455//455 456//456
f 460//460 455//455 459//459
f 433//433 446//446 434//434
f 430//430 159//159 467//467
f 455//455 464//464 372//372
f 372//372 363//363 455//455
f 430//430 461//461 463//463
f 435//435 430//430 463//463
f 435//435 445//445 433//433
f 445//445 435//435 463//463
f 460//460 464//464 455//455
f 443//443 445//445 463//463
f 467//467 502//502 462//462
f 454//454 464//464 2653//2653
f 439//439 2360//2360 2359//2359
f 462//462 468//468 461//461
f 461//461 430//430 467//467
f 461//461 467//467 462//462
f 473//473 296//296 469//469
f 443//443 471//471 444//444
f 183//183 471//471 472//472
f 471//471 446//446 444//444
f 434//434 446//446 471//471
f 163//163 434//434 182//182
f 551//551 429//429 474//474
f 474//474 384//384 391//391
f 474//474 391//391 555//555
f 153//153 477//477 478//478
f 322//322 475//475 2710//2710
f 475//475 2362//2362 479//479
f 483//483 477//477 153//153
f 482//482 481//481 477//477
f 137//137 480//480 481//481
f 483//483 481//481 482//482
f 482//482 477//477 483//483
f 137//137 182//182 480//480
f 486//486 487//487 485//485
f 487//487 488//488 485//485
f 437//437 486//486 485//485
f 183//183 480//480 182//182
f 494//494 153//153 478//478
f 431//431 485//485 488//488
f 481//481 478//478 477//477
f 478//478 481//481 480//480
f 183//183 472//472 490//490
f 183//183 490//490 480//480
f 490//490 478//478 480//480
f 494//494 478//478 490//490
f 492//492 443//443 463//463
f 471//471 491//491 472//472
f 492//492 463//463 470//470
f 492//492 491//491 443//443
f 501//501 491//491 492//492
f 491//491 471//471 443//443
f 472//472 491//491 501//501
f 493//493 494//494 490//490
f 493//493 490//490 501//501
f 490//490 472//472 501//501
f 555//555 495//495 539//539
f 394//394 495//495 555//555
f 484//484 476//476 332//332
f 486//486 499//499 487//487
f 500//500 488//488 487//487
f 487//487 499//499 500//500
f 499//499 486//486 437//437
f 468//468 502//502 503//503
f 332//332 498//498 532//532
f 462//462 502//502 468//468
f 332//332 532//532 484//484
f 489//489 500//500 499//499
f 489//489 504//504 500//500
f 431//431 505//505 2362//2362
f 431//431 506//506 507//507
f 505//505 507//507 578//578
f 505//505 431//431 507//507
f 508//508 506//506 500//500
f 488//488 506//506 431//431
f 500//500 506//506 488//488
f 504//504 489//489 509//509
f 500//500 504//504 508//508
f 504//504 510//510 511//511
f 510//510 504//504 509//509
f 510//510 489//489 149//149
f 510//510 509//509 489//489
f 421//421 418//418 416//416
f 511//511 510//510 512//512
f 512//512 504//504 511//511
f 510//510 149//149 165//165
f 504//504 512//512 513//513
f 508//508 513//513 506//506
f 508//508 504//504 513//513
f 516//516 514//514 515//515
f 168//168 513//513 512//512
f 513//513 168//168 517//517
f 514//514 518//518 515//515
f 421//421 493//493 518//518
f 542//542 519//519 496//496
f 373//373 421//421 520//520
f 518//518 514//514 516//516
f 516//516 520//520 518//518
f 519//519 522//522 496//496
f 497//497 521//521 496//496
f 497//497 496//496 523//523
f 520//520 421//421 518//518
f 373//373 417//417 421//421
f 497//497 524//524 400//400
f 522//522 523//523 496//496
f 524//524 522//522 519//519
f 522//522 497//497 523//523
f 522//522 524//524 497//497
f 524//524 394//394 400//400
f 495//495 524//524 519//519
f 394//394 524//524 495//495
f 496//496 543//543 542//542
f 521//521 543//543 496//496
f 493//493 501//501 515//515
f 516//516 501//501 525//525
f 501//501 516//516 515//515
f 510//510 168//168 512//512
f 513//513 517//517 506//506
f 507//507 506//506 517//517
f 578//578 517//517 592//592
f 507//507 517//517 578//578
f 479//479 2362//2362 860//860
f 529//529 860//860 2362//2362
f 528//528 529//529 2362//2362
f 527//527 501//501 2390//2390
f 495//495 519//519 542//542
f 526//526 525//525 527//527
f 501//501 527//527 525//525
f 520//520 516//516 525//525
f 530//530 529//529 528//528
f 531//531 529//529 530//530
f 2742//2742 484//484 532//532
f 532//532 498//498 535//535
f 529//529 531//531 860//860
f 533//533 532//532 534//534
f 539//539 495//495 542//542
f 535//535 534//534 532//532
f 413//413 537//537 2366//2366
f 2356//2356 537//537 498//498
f 551//551 538//538 432//432
f 541//541 539//539 542//542
f 542//542 543//543 545//545
f 544//544 545//545 543//543
f 542//542 546//546 547//547
f 545//545 544//544 548//548
f 538//538 413//413 432//432
f 521//521 448//448 550//550
f 448//448 549//549 550//550
f 448//448 453//453 549//549
f 447//447 448//448 521//521
f 538//538 551//551 552//552
f 549//549 553//553 554//554
f 539//539 540//540 555//555
f 550//550 556//556 557//557
f 549//549 557//557 556//556
f 559//559 558//558 554//554
f 551//551 555//555 540//540
f 551//551 540//540 564//564
f 873//873 531//531 1802//1802
f 413//413 560//560 536//536
f 561//561 536//536 560//560
f 373//373 525//525 526//526
f 531//531 530//530 562//562
f 525//525 373//373 520//520
f 538//538 552//552 560//560
f 560//560 413//413 538//538
f 552//552 563//563 560//560
f 539//539 565//565 540//540
f 558//558 557//557 549//549
f 549//549 556//556 550//550
f 558//558 549//549 554//554
f 521//521 550//550 566//566
f 566//566 550//550 557//557
f 567//567 540//540 565//565
f 564//564 540//540 567//567
f 552//552 551//551 564//564
f 564//564 563//563 552//552
f 539//539 541//541 565//565
f 569//569 567//567 568//568
f 568//568 570//570 569//569
f 569//569 570//570 571//571
f 567//567 569//569 564//564
f 563//563 571//571 572//572
f 563//563 564//564 569//569
f 569//569 571//571 563//563
f 2365//2365 535//535 498//498
f 535//535 2365//2365 573//573
f 573//573 2365//2365 561//561
f 498//498 537//537 2365//2365
f 452//452 599//599 559//559
f 531//531 562//562 1802//1802
f 599//599 452//452 450//450
f 153//153 388//388 152//152
f 388//388 153//153 494//494
f 493//493 416//416 494//494
f 494//494 416//416 407//407
f 421//421 416//416 493//493
f 2365//2365 536//536 561//561
f 575//575 505//505 577//577
f 575//575 577//577 578//578
f 578//578 577//577 505//505
f 535//535 573//573 2367//2367
f 579//579 561//561 576//576
f 573//573 579//579 2367//2367
f 561//561 560//560 563//563
f 563//563 576//576 561//561
f 505//505 575//575 528//528
f 528//528 608//608 530//530
f 572//572 576//576 563//563
f 571//571 568//568 572//572
f 568//568 571//571 570//570
f 568//568 580//580 572//572
f 580//580 568//568 565//565
f 565//565 568//568 567//567
f 528//528 2362//2362 505//505
f 584//584 583//583 580//580
f 583//583 584//584 585//585
f 584//584 580//580 586//586
f 583//583 587//587 580//580
f 587//587 576//576 572//572
f 588//588 576//576 587//587
f 583//583 588//588 587//587
f 588//588 584//584 586//586
f 584//584 588//588 585//585
f 580//580 587//587 572//572
f 580//580 565//565 581//581
f 581//581 565//565 541//541
f 168//168 592//592 517//517
f 592//592 575//575 578//578
f 591//591 586//586 590//590
f 588//588 586//586 591//591
f 588//588 583//583 585//585
f 594//594 593//593 581//581
f 594//594 595//595 593//593
f 596//596 593//593 595//595
f 596//596 590//590 593//593
f 593//593 586//586 581//581
f 593//593 590//590 586//586
f 586//586 580//580 581//581
f 553//553 453//453 452//452
f 452//452 554//554 553//553
f 559//559 554//554 452//452
f 549//549 453//453 553//553
f 557//557 558//558 598//598
f 576//576 588//588 589//589
f 599//599 598//598 559//559
f 589//589 600//600 601//601
f 601//601 600//600 602//602
f 603//603 591//591 590//590
f 598//598 566//566 557//557
f 595//595 604//604 596//596
f 590//590 596//596 603//603
f 591//591 603//603 600//600
f 600//600 588//588 591//591
f 605//605 596//596 604//604
f 606//606 596//596 605//605
f 603//603 596//596 606//606
f 600//600 603//603 602//602
f 589//589 588//588 600//600
f 603//603 606//606 602//602
f 1802//1802 608//608 597//597
f 608//608 1802//1802 562//562
f 562//562 530//530 608//608
f 1802//1802 597//597 607//607
f 528//528 597//597 608//608
f 575//575 597//597 528//528
f 574//574 170//170 169//169
f 592//592 168//168 610//610
f 575//575 592//592 607//607
f 611//611 170//170 574//574
f 612//612 170//170 611//611
f 170//170 612//612 173//173
f 582//582 611//611 574//574
f 559//559 598//598 558//558
f 610//610 613//613 592//592
f 197//197 610//610 180//180
f 610//610 168//168 180//180
f 610//610 200//200 613//613
f 197//197 200//200 610//610
f 614//614 278//278 618//618
f 278//278 615//615 55//55
f 614//614 615//615 278//278
f 166//166 174//174 171//171
f 174//174 170//170 172//172
f 171//171 174//174 172//172
f 173//173 612//612 616//616
f 582//582 616//616 617//617
f 2654//2654 615//615 614//614
f 56//56 615//615 57//57
f 55//55 615//615 56//56
f 612//612 611//611 616//616
f 611//611 617//617 616//616
f 617//617 611//611 582//582
f 618//618 2654//2654 614//614
f 622//622 620//620 621//621
f 623//623 620//620 622//622
f 620//620 623//623 624//624
f 623//623 609//609 624//624
f 2835//2835 626//626 301//301
f 247//247 276//276 93//93
f 249//249 631//631 626//626
f 627//627 249//249 244//244
f 714//714 305//305 60//60
f 629//629 544//544 628//628
f 543//543 521//521 628//628
f 626//626 631//631 301//301
f 632//632 259//259 1165//1165
f 300//300 632//632 1165//1165
f 630//630 58//58 633//633
f 627//627 632//632 631//631
f 630//630 59//59 58//58
f 643//643 642//642 2370//2370
f 642//642 643//643 640//640
f 646//646 574//574 350//350
f 646//646 350//350 647//647
f 648//648 646//646 647//647
f 650//650 633//633 2654//2654
f 651//651 635//635 625//625
f 625//625 635//635 637//637
f 651//651 625//625 628//628
f 625//625 629//629 628//628
f 637//637 629//629 625//625
f 653//653 629//629 652//652
f 652//652 629//629 637//637
f 654//654 646//646 648//648
f 647//647 654//654 648//648
f 655//655 640//640 643//643
f 655//655 641//641 640//640
f 566//566 635//635 651//651
f 521//521 651//651 628//628
f 544//544 629//629 653//653
f 653//653 548//548 544//544
f 771//771 641//641 655//655
f 647//647 658//658 654//654
f 350//350 658//658 647//647
f 2847//2847 618//618 294//294
f 353//353 356//356 2379//2379
f 2379//2379 658//658 353//353
f 598//598 635//635 566//566
f 521//521 566//566 651//651
f 638//638 662//662 635//635
f 638//638 598//598 599//599
f 638//638 635//635 598//598
f 637//637 635//635 662//662
f 2387//2387 2372//2372 2375//2375
f 661//661 664//664 667//667
f 2375//2375 2372//2372 2373//2373
f 2376//2376 599//599 450//450
f 2374//2374 2377//2377 2373//2373
f 658//658 670//670 654//654
f 353//353 658//658 350//350
f 665//665 649//649 2804//2804
f 650//650 665//665 2382//2382
f 735//735 616//616 582//582
f 574//574 646//646 639//639
f 574//574 639//639 582//582
f 735//735 582//582 639//639
f 2847//2847 665//665 650//650
f 2382//2382 665//665 659//659
f 665//665 666//666 659//659
f 2656//2656 2371//2371 667//667
f 541//541 594//594 581//581
f 541//541 542//542 547//547
f 545//545 546//546 542//542
f 548//548 653//653 652//652
f 656//656 2382//2382 659//659
f 669//669 668//668 670//670
f 670//670 658//658 2379//2379
f 670//670 668//668 654//654
f 2656//2656 672//672 619//619
f 63//63 673//673 674//674
f 671//671 675//675 669//669
f 541//541 547//547 676//676
f 669//669 670//670 671//671
f 673//673 63//63 62//62
f 677//677 620//620 624//624
f 62//62 64//64 673//673
f 684//684 541//541 676//676
f 678//678 677//677 692//692
f 676//676 547//547 679//679
f 620//620 677//677 621//621
f 675//675 671//671 747//747
f 654//654 668//668 639//639
f 680//680 676//676 679//679
f 547//547 546//546 679//679
f 63//63 70//70 61//61
f 693//693 63//63 674//674
f 609//609 619//619 624//624
f 548//548 680//680 545//545
f 679//679 546//546 682//682
f 546//546 680//680 682//682
f 682//682 680//680 679//679
f 545//545 680//680 546//546
f 548//548 652//652 680//680
f 684//684 594//594 541//541
f 684//684 604//604 594//594
f 683//683 685//685 604//604
f 594//594 604//604 595//595
f 685//685 605//605 604//604
f 680//680 686//686 676//676
f 652//652 686//686 680//680
f 697//697 619//619 672//672
f 676//676 686//686 684//684
f 677//677 687//687 692//692
f 624//624 687//687 677//677
f 687//687 624//624 688//688
f 687//687 688//688 689//689
f 688//688 624//624 697//697
f 688//688 697//697 690//690
f 656//656 696//696 65//65
f 696//696 693//693 674//674
f 696//696 674//674 673//673
f 65//65 696//696 673//673
f 691//691 692//692 1125//1125
f 694//694 70//70 693//693
f 693//693 70//70 63//63
f 662//662 652//652 637//637
f 2740//2740 652//652 662//662
f 662//662 638//638 695//695
f 662//662 695//695 2740//2740
f 692//692 687//687 689//689
f 71//71 694//694 746//746
f 690//690 692//692 689//689
f 70//70 694//694 71//71
f 692//692 699//699 1125//1125
f 693//693 749//749 694//694
f 693//693 710//710 749//749
f 619//619 697//697 624//624
f 697//697 672//672 734//734
f 688//688 690//690 689//689
f 698//698 699//699 690//690
f 692//692 690//690 699//699
f 698//698 700//700 699//699
f 697//697 698//698 690//690
f 2657//2657 696//696 659//659
f 699//699 701//701 702//702
f 666//666 709//709 659//659
f 702//702 1125//1125 699//699
f 701//701 699//699 700//700
f 698//698 705//705 700//700
f 706//706 702//702 701//701
f 706//706 705//705 707//707
f 706//706 701//701 700//700
f 2657//2657 709//709 710//710
f 706//706 700//700 705//705
f 703//703 702//702 706//706
f 704//704 702//702 703//703
f 703//703 707//707 744//744
f 706//706 707//707 703//703
f 698//698 697//697 705//705
f 704//704 1125//1125 702//702
f 2656//2656 667//667 2658//2658
f 2387//2387 2658//2658 664//664
f 2387//2387 717//717 2658//2658
f 2658//2658 672//672 2656//2656
f 305//305 714//714 711//711
f 711//711 2358//2358 313//313
f 305//305 711//711 313//313
f 373//373 724//724 364//364
f 723//723 713//713 364//364
f 723//723 364//364 724//724
f 2379//2379 356//356 364//364
f 713//713 671//671 670//670
f 713//713 670//670 2379//2379
f 672//672 725//725 712//712
f 725//725 727//727 712//712
f 664//664 2372//2372 2387//2387
f 715//715 671//671 713//713
f 747//747 715//715 718//718
f 715//715 719//719 718//718
f 719//719 720//720 718//718
f 747//747 718//718 721//721
f 718//718 722//722 721//721
f 720//720 722//722 718//718
f 747//747 671//671 715//715
f 715//715 713//713 719//719
f 720//720 719//719 713//713
f 2769//2769 74//74 714//714
f 720//720 713//713 723//723
f 725//725 717//717 763//763
f 725//725 763//763 727//727
f 2769//2769 714//714 630//630
f 2740//2740 695//695 2770//2770
f 633//633 2769//2769 630//630
f 724//724 728//728 723//723
f 728//728 721//721 723//723
f 722//722 723//723 721//721
f 720//720 723//723 722//722
f 728//728 747//747 721//721
f 73//73 714//714 74//74
f 201//201 737//737 729//729
f 2358//2358 711//711 73//73
f 731//731 697//697 734//734
f 2381//2381 737//737 201//201
f 733//733 201//201 729//729
f 712//712 734//734 672//672
f 633//633 650//650 732//732
f 732//732 650//650 2382//2382
f 668//668 669//669 735//735
f 656//656 736//736 732//732
f 735//735 737//737 616//616
f 2662//2662 2380//2380 2655//2655
f 2655//2655 2380//2380 695//695
f 669//669 675//675 735//735
f 759//759 460//460 739//739
f 736//736 75//75 732//732
f 75//75 2769//2769 732//732
f 656//656 732//732 2382//2382
f 324//324 73//73 74//74
f 324//324 2358//2358 73//73
f 2383//2383 737//737 675//675
f 743//743 742//742 703//703
f 741//741 74//74 2322//2322
f 744//744 742//742 743//743
f 703//703 744//744 743//743
f 736//736 656//656 681//681
f 736//736 681//681 2659//2659
f 705//705 731//731 707//707
f 697//697 731//731 705//705
f 731//731 753//753 707//707
f 707//707 753//753 744//744
f 71//71 746//746 2659//2659
f 849//849 747//747 728//728
f 81//81 736//736 748//748
f 748//748 82//82 81//81
f 740//740 2383//2383 747//747
f 751//751 740//740 747//747
f 464//464 758//758 745//745
f 460//460 758//758 464//464
f 734//734 753//753 731//731
f 746//746 749//749 750//750
f 749//749 746//746 694//694
f 2741//2741 746//746 750//750
f 748//748 764//764 82//82
f 2741//2741 764//764 748//748
f 82//82 764//764 157//157
f 770//770 1215//1215 754//754
f 754//754 744//744 753//753
f 757//757 755//755 756//756
f 758//758 757//757 756//756
f 777//777 756//756 755//755
f 755//755 757//757 759//759
f 758//758 460//460 757//757
f 759//759 757//757 460//460
f 738//738 1705//1705 760//760
f 761//761 760//760 1705//1705
f 760//760 759//759 738//738
f 759//759 760//760 755//755
f 762//762 760//760 848//848
f 760//760 762//762 777//777
f 2653//2653 745//745 768//768
f 734//734 754//754 753//753
f 712//712 754//754 734//734
f 754//754 712//712 727//727
f 727//727 765//765 754//754
f 758//758 756//756 745//745
f 768//768 745//745 756//756
f 765//765 763//763 766//766
f 2653//2653 768//768 2384//2384
f 159//159 157//157 467//467
f 764//764 467//467 157//157
f 770//770 766//766 784//784
f 727//727 763//763 765//765
f 709//709 708//708 710//710
f 775//775 773//773 774//774
f 776//776 774//774 773//773
f 772//772 709//709 816//816
f 641//641 771//771 2386//2386
f 2386//2386 2375//2375 641//641
f 777//777 779//779 767//767
f 655//655 2516//2516 771//771
f 2516//2516 655//655 657//657
f 750//750 708//708 778//778
f 502//502 780//780 503//503
f 780//780 769//769 781//781
f 769//769 778//778 781//781
f 781//781 778//778 782//782
f 782//782 778//778 708//708
f 820//820 2713//2713 2386//2386
f 716//716 766//766 783//783
f 783//783 766//766 763//763
f 783//783 763//763 717//717
f 781//781 782//782 943//943
f 786//786 752//752 773//773
f 2660//2660 767//767 1041//1041
f 2385//2385 770//770 784//784
f 2660//2660 768//768 767//767
f 775//775 786//786 773//773
f 774//774 788//788 775//775
f 789//789 786//786 775//775
f 788//788 789//789 775//775
f 784//784 766//766 787//787
f 789//789 788//788 786//786
f 787//787 716//716 792//792
f 786//786 790//790 752//752
f 793//793 781//781 943//943
f 790//790 786//786 794//794
f 788//788 795//795 786//786
f 1101//1101 1041//1041 797//797
f 794//794 798//798 790//790
f 790//790 785//785 752//752
f 791//791 785//785 790//790
f 785//785 791//791 798//798
f 791//791 790//790 798//798
f 780//780 781//781 793//793
f 802//802 188//188 803//803
f 2389//2389 186//186 2296//2296
f 179//179 2389//2389 804//804
f 186//186 2389//2389 179//179
f 808//808 806//806 807//807
f 801//801 809//809 806//806
f 801//801 806//806 784//784
f 803//803 2389//2389 802//802
f 808//808 807//807 1324//1324
f 807//807 806//806 809//809
f 811//811 813//813 814//814
f 832//832 805//805 752//752
f 822//822 815//815 776//776
f 776//776 810//810 822//822
f 803//803 2577//2577 804//804
f 709//709 666//666 816//816
f 818//818 809//809 801//801
f 784//784 787//787 801//801
f 787//787 818//818 801//801
f 819//819 818//818 787//787
f 771//771 821//821 820//820
f 817//817 179//179 804//804
f 792//792 820//820 821//821
f 2577//2577 803//803 189//189
f 803//803 188//188 189//189
f 776//776 773//773 810//810
f 773//773 752//752 805//805
f 810//810 773//773 805//805
f 814//814 813//813 1980//1980
f 812//812 813//813 811//811
f 823//823 812//812 811//811
f 812//812 823//823 824//824
f 824//824 823//823 1135//1135
f 2352//2352 2710//2710 479//479
f 828//828 827//827 724//724
f 526//526 826//826 828//828
f 829//829 828//828 826//826
f 829//829 827//827 828//828
f 826//826 827//827 829//829
f 824//824 2830//2830 812//812
f 821//821 2515//2515 792//792
f 716//716 787//787 766//766
f 792//792 830//830 831//831
f 826//826 526//526 527//527
f 796//796 752//752 785//785
f 826//826 832//832 796//796
f 809//809 833//833 807//807
f 818//818 833//833 809//809
f 834//834 833//833 818//818
f 835//835 787//787 792//792
f 831//831 835//835 792//792
f 831//831 838//838 835//835
f 819//819 787//787 835//835
f 835//835 838//838 833//833
f 833//833 819//819 835//835
f 833//833 834//834 819//819
f 834//834 818//818 819//819
f 836//836 831//831 830//830
f 837//837 836//836 830//830
f 838//838 807//807 833//833
f 839//839 838//838 836//836
f 839//839 840//840 838//838
f 836//836 837//837 839//839
f 826//826 527//527 832//832
f 2390//2390 832//832 527//527
f 724//724 526//526 828//828
f 724//724 373//373 526//526
f 838//838 831//831 836//836
f 837//837 830//830 839//839
f 838//838 842//842 807//807
f 861//861 479//479 860//860
f 842//842 843//843 844//844
f 842//842 838//838 840//840
f 841//841 845//845 1073//1073
f 752//752 796//796 832//832
f 724//724 850//850 849//849
f 850//850 724//724 827//827
f 854//854 852//852 853//853
f 844//844 843//843 855//855
f 843//843 856//856 855//855
f 856//856 843//843 857//857
f 843//843 842//842 840//840
f 857//857 843//843 840//840
f 839//839 830//830 840//840
f 858//858 857//857 840//840
f 840//840 830//830 858//858
f 830//830 792//792 854//854
f 830//830 854//854 858//858
f 854//854 792//792 859//859
f 858//858 853//853 857//857
f 847//847 856//856 851//851
f 856//856 853//853 851//851
f 853//853 856//856 857//857
f 859//859 852//852 854//854
f 853//853 858//858 854//854
f 849//849 728//728 724//724
f 827//827 826//826 796//796
f 796//796 785//785 850//850
f 785//785 798//798 850//850
f 794//794 795//795 798//798
f 786//786 795//795 794//794
f 253//253 863//863 864//864
f 848//848 865//865 866//866
f 2392//2392 864//864 863//863
f 861//861 860//860 862//862
f 531//531 862//862 860//860
f 868//868 889//889 872//872
f 868//868 795//795 889//889
f 869//869 870//870 848//848
f 894//894 868//868 871//871
f 894//894 2396//2396 868//868
f 868//868 872//872 871//871
f 822//822 874//874 815//815
f 875//875 2392//2392 926//926
f 869//869 877//877 870//870
f 762//762 878//878 879//879
f 870//870 878//878 762//762
f 879//879 877//877 880//880
f 878//878 877//877 879//879
f 2392//2392 875//875 864//864
f 788//788 815//815 795//795
f 815//815 774//774 776//776
f 815//815 788//788 774//774
f 883//883 874//874 882//882
f 883//883 881//881 874//874
f 2391//2391 875//875 884//884
f 875//875 2391//2391 864//864
f 772//772 885//885 708//708
f 772//772 886//886 885//885
f 883//883 882//882 887//887
f 772//772 708//708 709//709
f 883//883 887//887 881//881
f 882//882 888//888 887//887
f 815//815 874//874 889//889
f 815//815 889//889 795//795
f 850//850 798//798 2396//2396
f 893//893 886//886 892//892
f 892//892 890//890 893//893
f 886//886 890//890 892//892
f 2395//2395 747//747 849//849
f 2396//2396 2395//2395 849//849
f 762//762 879//879 777//777
f 878//878 870//870 877//877
f 877//877 869//869 908//908
f 848//848 870//870 762//762
f 195//195 895//895 198//198
f 895//895 2381//2381 909//909
f 200//200 198//198 613//613
f 895//895 898//898 198//198
f 898//898 895//895 897//897
f 896//896 899//899 897//897
f 613//613 198//198 898//898
f 2543//2543 898//898 900//900
f 2543//2543 900//900 901//901
f 733//733 729//729 902//902
f 904//904 902//902 903//903
f 906//906 905//905 902//902
f 907//907 902//902 904//904
f 733//733 907//907 2381//2381
f 907//907 733//733 902//902
f 902//902 905//905 903//903
f 869//869 866//866 2824//2824
f 869//869 848//848 866//866
f 890//890 910//910 893//893
f 907//907 909//909 2381//2381
f 909//909 904//904 906//906
f 909//909 906//906 912//912
f 909//909 907//907 904//904
f 905//905 904//904 903//903
f 904//904 905//905 906//906
f 927//927 902//902 729//729
f 902//902 927//927 906//906
f 913//913 897//897 895//895
f 915//915 914//914 901//901
f 901//901 916//916 1836//1836
f 900//900 917//917 901//901
f 900//900 898//898 899//899
f 812//812 911//911 813//813
f 919//919 918//918 920//920
f 917//917 918//918 919//919
f 915//915 901//901 917//917
f 917//917 900//900 918//918
f 899//899 896//896 918//918
f 920//920 918//918 896//896
f 899//899 918//918 900//900
f 896//896 897//897 913//913
f 896//896 913//913 920//920
f 899//899 898//898 897//897
f 813//813 911//911 921//921
f 920//920 913//913 922//922
f 922//922 913//913 909//909
f 909//909 913//913 895//895
f 923//923 920//920 922//922
f 925//925 912//912 924//924
f 912//912 906//906 924//924
f 924//924 906//906 927//927
f 925//925 928//928 929//929
f 928//928 925//925 924//924
f 875//875 926//926 930//930
f 884//884 875//875 930//930
f 926//926 946//946 930//930
f 930//930 946//946 947//947
f 2392//2392 2082//2082 931//931
f 931//931 2082//2082 932//932
f 931//931 2397//2397 2392//2392
f 933//933 934//934 931//931
f 931//931 934//934 2397//2397
f 2824//2824 866//866 911//911
f 885//885 886//886 893//893
f 779//779 880//880 797//797
f 880//880 779//779 879//879
f 880//880 877//877 908//908
f 912//912 922//922 909//909
f 908//908 969//969 880//880
f 929//929 928//928 936//936
f 923//923 929//929 936//936
f 923//923 922//922 937//937
f 920//920 923//923 936//936
f 923//923 937//937 929//929
f 937//937 912//912 925//925
f 926//926 2397//2397 941//941
f 934//934 941//941 2397//2397
f 941//941 934//934 938//938
f 938//938 934//934 933//933
f 893//893 910//910 2401//2401
f 910//910 1031//1031 2401//2401
f 2401//2401 1031//1031 939//939
f 922//922 912//912 937//937
f 929//929 937//937 925//925
f 926//926 941//941 946//946
f 940//940 942//942 943//943
f 917//917 944//944 915//915
f 919//919 944//944 917//917
f 955//955 962//962 919//919
f 938//938 945//945 941//941
f 945//945 946//946 941//941
f 930//930 947//947 2415//2415
f 938//938 948//948 945//945
f 950//950 945//945 948//948
f 793//793 943//943 942//942
f 954//954 942//942 940//940
f 954//954 940//940 953//953
f 782//782 940//940 943//943
f 944//944 919//919 962//962
f 956//956 946//946 945//945
f 780//780 2838//2838 503//503
f 959//959 954//954 958//958
f 793//793 942//942 959//959
f 793//793 959//959 957//957
f 954//954 959//959 942//942
f 954//954 953//953 958//958
f 961//961 957//957 960//960
f 920//920 955//955 919//919
f 961//961 964//964 957//957
f 958//958 957//957 959//959
f 964//964 805//805 957//957
f 2401//2401 940//940 885//885
f 966//966 940//940 965//965
f 1199//1199 968//968 952//952
f 969//969 949//949 880//880
f 936//936 955//955 920//920
f 2400//2400 955//955 936//936
f 924//924 963//963 928//928
f 924//924 970//970 963//963
f 972//972 965//965 971//971
f 940//940 971//971 965//965
f 946//946 973//973 947//947
f 956//956 973//973 946//946
f 974//974 973//973 968//968
f 947//947 973//973 967//967
f 974//974 968//968 967//967
f 967//967 973//973 974//974
f 956//956 975//975 976//976
f 975//975 956//956 945//945
f 978//978 977//977 976//976
f 979//979 972//972 971//971
f 966//966 953//953 940//940
f 971//971 940//940 2401//2401
f 953//953 966//966 958//958
f 981//981 960//960 980//980
f 982//982 960//960 958//958
f 964//964 960//960 981//981
f 960//960 964//964 961//961
f 952//952 968//968 983//983
f 968//968 973//973 983//983
f 952//952 983//983 977//977
f 976//976 983//983 956//956
f 977//977 983//983 976//976
f 956//956 983//983 973//973
f 952//952 977//977 2661//2661
f 945//945 950//950 975//975
f 984//984 976//976 975//975
f 950//950 984//984 975//975
f 1885//1885 962//962 986//986
f 2830//2830 841//841 985//985
f 958//958 960//960 957//957
f 964//964 810//810 805//805
f 981//981 980//980 964//964
f 965//965 987//987 966//966
f 982//982 988//988 960//960
f 988//988 980//980 960//960
f 982//982 966//966 988//988
f 987//987 988//988 966//966
f 982//982 958//958 966//966
f 991//991 978//978 976//976
f 810//810 980//980 822//822
f 964//964 980//980 810//810
f 2402//2402 993//993 2499//2499
f 976//976 2404//2404 991//991
f 991//991 999//999 978//978
f 986//986 1000//1000 1001//1001
f 962//962 955//955 1000//1000
f 1030//1030 730//730 2660//2660
f 1011//1011 986//986 1001//1001
f 2384//2384 2660//2660 730//730
f 2400//2400 1000//1000 955//955
f 1000//1000 1002//1002 1001//1001
f 1003//1003 1001//1001 1002//1002
f 963//963 970//970 2400//2400
f 2400//2400 970//970 1004//1004
f 1004//1004 970//970 1005//1005
f 1006//1006 1004//1004 1005//1005
f 924//924 927//927 970//970
f 1004//1004 1002//1002 1000//1000
f 2400//2400 1004//1004 1000//1000
f 1021//1021 1009//1009 1007//1007
f 1007//1007 1008//1008 1010//1010
f 1010//1010 986//986 1011//1011
f 1010//1010 1008//1008 1012//1012
f 1012//1012 1008//1008 1013//1013
f 1885//1885 986//986 1010//1010
f 1011//1011 1001//1001 1014//1014
f 1010//1010 1011//1011 1015//1015
f 1017//1017 1014//1014 1016//1016
f 1003//1003 1014//1014 1001//1001
f 1014//1014 1003//1003 1016//1016
f 1003//1003 1018//1018 1019//1019
f 1002//1002 1018//1018 1003//1003
f 1015//1015 1011//1011 1014//1014
f 1015//1015 1014//1014 1017//1017
f 1020//1020 1015//1015 1021//1021
f 1020//1020 1010//1010 1015//1015
f 1020//1020 1007//1007 1010//1010
f 1015//1015 1017//1017 1021//1021
f 1017//1017 1022//1022 1048//1048
f 1017//1017 1016//1016 1022//1022
f 1020//1020 1021//1021 1007//1007
f 1017//1017 1048//1048 1021//1021
f 980//980 992//992 822//822
f 988//988 987//987 992//992
f 992//992 980//980 988//988
f 965//965 972//972 987//987
f 999//999 1024//1024 1050//1050
f 999//999 991//991 1024//1024
f 2394//2394 2715//2715 891//891
f 886//886 772//772 891//891
f 1029//1029 1025//1025 1027//1027
f 890//890 891//891 910//910
f 1025//1025 910//910 891//891
f 1030//1030 2660//2660 1041//1041
f 1028//1028 1025//1025 1029//1029
f 1036//1036 1028//1028 1029//1029
f 730//730 1030//1030 1032//1032
f 2662//2662 730//730 1032//1032
f 1034//1034 1028//1028 1036//1036
f 1031//1031 1034//1034 1033//1033
f 1037//1037 1032//1032 1030//1030
f 1039//1039 1023//1023 1038//1038
f 1038//1038 979//979 971//971
f 1040//1040 979//979 1023//1023
f 1023//1023 979//979 1038//1038
f 972//972 1040//1040 1023//1023
f 979//979 1040//1040 972//972
f 939//939 1031//1031 1033//1033
f 1039//1039 1038//1038 1042//1042
f 971//971 1035//1035 1038//1038
f 1035//1035 1043//1043 1038//1038
f 1054//1054 1030//1030 1041//1041
f 939//939 1035//1035 2401//2401
f 2401//2401 1035//1035 971//971
f 1033//1033 1035//1035 939//939
f 992//992 1023//1023 1039//1039
f 987//987 972//972 992//992
f 992//992 1042//1042 1045//1045
f 1039//1039 1042//1042 992//992
f 972//972 1023//1023 992//992
f 1044//1044 874//874 992//992
f 992//992 874//874 822//822
f 882//882 874//874 1044//1044
f 1042//1042 1038//1038 1043//1043
f 1043//1043 1034//1034 1036//1036
f 1035//1035 1034//1034 1043//1043
f 1033//1033 1034//1034 1035//1035
f 1042//1042 1043//1043 1045//1045
f 888//888 1044//1044 1046//1046
f 882//882 1044//1044 888//888
f 1044//1044 1045//1045 1046//1046
f 1041//1041 1101//1101 1054//1054
f 1046//1046 1417//1417 888//888
f 2403//2403 2577//2577 189//189
f 1049//1049 2664//2664 1048//1048
f 1054//1054 1112//1112 1056//1056
f 991//991 1059//1059 1024//1024
f 1037//1037 1058//1058 1032//1032
f 2662//2662 1032//1032 1058//1058
f 1058//1058 1037//1037 993//993
f 2757//2757 1060//1060 1052//1052
f 993//993 2402//2402 1058//1058
f 930//930 2415//2415 884//884
f 1049//1049 1048//1048 1061//1061
f 1061//1061 1048//1048 1055//1055
f 1009//1009 1048//1048 2664//2664
f 1062//1062 2851//2851 2330//2330
f 2391//2391 2330//2330 115//115
f 1057//1057 1037//1037 1054//1054
f 1022//1022 1019//1019 1063//1063
f 1019//1019 1004//1004 1063//1063
f 1063//1063 1004//1004 1006//1006
f 2415//2415 1062//1062 884//884
f 994//994 1057//1057 997//997
f 1057//1057 994//994 1037//1037
f 994//994 993//993 1037//1037
f 998//998 997//997 1064//1064
f 1004//1004 1019//1019 1002//1002
f 1019//1019 1022//1022 1016//1016
f 1016//1016 1003//1003 1019//1019
f 1002//1002 1019//1019 1018//1018
f 1006//1006 1065//1065 1063//1063
f 997//997 1057//1057 1056//1056
f 994//994 998//998 993//993
f 997//997 998//998 994//994
f 1069//1069 1067//1067 1068//1068
f 1063//1063 1070//1070 1022//1022
f 1072//1072 1071//1071 1067//1067
f 1055//1055 1048//1048 1022//1022
f 845//845 1071//1071 1072//1072
f 1022//1022 1070//1070 1055//1055
f 1069//1069 1072//1072 1067//1067
f 1069//1069 845//845 1072//1072
f 1073//1073 845//845 1069//1069
f 194//194 164//164 1079//1079
f 1063//1063 1065//1065 1070//1070
f 1070//1070 1065//1065 1075//1075
f 2801//2801 1009//1009 1080//1080
f 1077//1077 1076//1076 1068//1068
f 1076//1076 1069//1069 1068//1068
f 1073//1073 1069//1069 1076//1076
f 1076//1076 1078//1078 1073//1073
f 841//841 2825//2825 985//985
f 1073//1073 1078//1078 1081//1081
f 1079//1079 164//164 161//161
f 1079//1079 192//192 194//194
f 192//192 1079//1079 2406//2406
f 1136//1136 1084//1084 1083//1083
f 1082//1082 998//998 1064//1064
f 996//996 998//998 1082//1082
f 1047//1047 1085//1085 1074//1074
f 1090//1090 1088//1088 1089//1089
f 1080//1080 1089//1089 1088//1088
f 1079//1079 162//162 1095//1095
f 1101//1101 949//949 1097//1097
f 226//226 193//193 1098//1098
f 193//193 192//192 2406//2406
f 1100//1100 949//949 969//969
f 1074//1074 1085//1085 1099//1099
f 949//949 1100//1100 1097//1097
f 2840//2840 1096//1096 1087//1087
f 1101//1101 1112//1112 1054//1054
f 1074//1074 1102//1102 2550//2550
f 1102//1102 1074//1074 1099//1099
f 1080//1080 1107//1107 1089//1089
f 1106//1106 1102//1102 1103//1103
f 1108//1108 316//316 2738//2738
f 1102//1102 1099//1099 1103//1103
f 1111//1111 2407//2407 229//229
f 1099//1099 1109//1109 1103//1103
f 229//229 226//226 1111//1111
f 1112//1112 1101//1101 1097//1097
f 1097//1097 2663//2663 1112//1112
f 1104//1104 1107//1107 1113//1113
f 1109//1109 1096//1096 1118//1118
f 1090//1090 1104//1104 1108//1108
f 316//316 1108//1108 1113//1113
f 1109//1109 1110//1110 1103//1103
f 1104//1104 1113//1113 1108//1108
f 1090//1090 1108//1108 2738//2738
f 1088//1088 1090//1090 2738//2738
f 1100//1100 985//985 2825//2825
f 1104//1104 1089//1089 1107//1107
f 1089//1089 1104//1104 1090//1090
f 1093//1093 1064//1064 1112//1112
f 2663//2663 1093//1093 1112//1112
f 1086//1086 1093//1093 2663//2663
f 1056//1056 1112//1112 1064//1064
f 1056//1056 1064//1064 997//997
f 1064//1064 1093//1093 1082//1082
f 1125//1125 1116//1116 691//691
f 2840//2840 1114//1114 2408//2408
f 1904//1904 1116//1116 1120//1120
f 1121//1121 1120//1120 1116//1116
f 1135//1135 1120//1120 1121//1121
f 1981//1981 1120//1120 1135//1135
f 1116//1116 1127//1127 1124//1124
f 742//742 704//704 703//703
f 704//704 742//742 1123//1123
f 1755//1755 1119//1119 2615//2615
f 2409//2409 2408//2408 1115//1115
f 1118//1118 1126//1126 2414//2414
f 1127//1127 1116//1116 1125//1125
f 1127//1127 1125//1125 1124//1124
f 1116//1116 1128//1128 1121//1121
f 1105//1105 1107//1107 1080//1080
f 1134//1134 1105//1105 1084//1084
f 1084//1084 1105//1105 1080//1080
f 1124//1124 1128//1128 1116//1116
f 1122//1122 1095//1095 1158//1158
f 1095//1095 1122//1122 1079//1079
f 1122//1122 2406//2406 1079//1079
f 1156//1156 1111//1111 1098//1098
f 1156//1156 1098//1098 1122//1122
f 1156//1156 1122//1122 1131//1131
f 2716//2716 1130//1130 1768//1768
f 2409//2409 1115//1115 1117//1117
f 1121//1121 1128//1128 1133//1133
f 1136//1136 323//323 1134//1134
f 1113//1113 1134//1134 323//323
f 1113//1113 1105//1105 1134//1134
f 1134//1134 1084//1084 1136//1136
f 323//323 1136//1136 1137//1137
f 2048//2048 1080//1080 1088//1088
f 1140//1140 1138//1138 1139//1139
f 1140//1140 1139//1139 1141//1141
f 1140//1140 1143//1143 1049//1049
f 1143//1143 2664//2664 1049//1049
f 1141//1141 1143//1143 1140//1140
f 1049//1049 1138//1138 1140//1140
f 1049//1049 1061//1061 1138//1138
f 1061//1061 1139//1139 1138//1138
f 1055//1055 1139//1139 1061//1061
f 2664//2664 1080//1080 1009//1009
f 2664//2664 1084//1084 1080//1080
f 1083//1083 1084//1084 1143//1143
f 2410//2410 1110//1110 1151//1151
f 1121//1121 1133//1133 1135//1135
f 1141//1141 1083//1083 1143//1143
f 2411//2411 1142//1142 1151//1151
f 1107//1107 1105//1105 1113//1113
f 1151//1151 1142//1142 2410//2410
f 1146//1146 1145//1145 1055//1055
f 1055//1055 1150//1150 1146//1146
f 1147//1147 1142//1142 2411//2411
f 1147//1147 1909//1909 1142//1142
f 1141//1141 1145//1145 1083//1083
f 1148//1148 1136//1136 1083//1083
f 1083//1083 1145//1145 1148//1148
f 1145//1145 1139//1139 1055//1055
f 1141//1141 1139//1139 1145//1145
f 1150//1150 1148//1148 1146//1146
f 1146//1146 1148//1148 1145//1145
f 1151//1151 1152//1152 2411//2411
f 1152//1152 1149//1149 2411//2411
f 1151//1151 2412//2412 1152//1152
f 1070//1070 1150//1150 1055//1055
f 1098//1098 2406//2406 1122//1122
f 1189//1189 1158//1158 1095//1095
f 1122//1122 1158//1158 1131//1131
f 1157//1157 1156//1156 1131//1131
f 1157//1157 1131//1131 1158//1158
f 1159//1159 1157//1157 1158//1158
f 1190//1190 1159//1159 1158//1158
f 1157//1157 1159//1159 1193//1193
f 2798//2798 1161//1161 2414//2414
f 2851//2851 1062//1062 2416//2416
f 2417//2417 259//259 2348//2348
f 2348//2348 2416//2416 2417//2417
f 258//258 254//254 255//255
f 2417//2417 1163//1163 1166//1166
f 1166//1166 259//259 2417//2417
f 1168//1168 1165//1165 1167//1167
f 300//300 1165//1165 1168//1168
f 1169//1169 1160//1160 2415//2415
f 1164//1164 1160//1160 1169//1169
f 1164//1164 1171//1171 2418//2418
f 1170//1170 967//967 1199//1199
f 1170//1170 1171//1171 1169//1169
f 1171//1171 1164//1164 1169//1169
f 2415//2415 1170//1170 1169//1169
f 967//967 1170//1170 947//947
f 2415//2415 947//947 1170//1170
f 2418//2418 1163//1163 1164//1164
f 2418//2418 2419//2419 2420//2420
f 290//290 1092//1092 211//211
f 2758//2758 290//290 1172//1172
f 2407//2407 1111//1111 1173//1173
f 1070//1070 1175//1175 1178//1178
f 1154//1154 2414//2414 1161//1161
f 1175//1175 1070//1070 1075//1075
f 1178//1178 1175//1175 1213//1213
f 2412//2412 1154//1154 1177//1177
f 1179//1179 1155//1155 2421//2421
f 1150//1150 1178//1178 1144//1144
f 2407//2407 285//285 2343//2343
f 1183//1183 2407//2407 1173//1173
f 1173//1173 1111//1111 2425//2425
f 2425//2425 1184//1184 1173//1173
f 1183//1183 1173//1173 1184//1184
f 1168//1168 1172//1172 2784//2784
f 2784//2784 1172//1172 290//290
f 1168//1168 2784//2784 300//300
f 1172//1172 1168//1168 1167//1167
f 1470//1470 299//299 1186//1186
f 299//299 2423//2423 1186//1186
f 1189//1189 2758//2758 1188//1188
f 1189//1189 1190//1190 1158//1158
f 1188//1188 2420//2420 1192//1192
f 1189//1189 1188//1188 1191//1191
f 1190//1190 1189//1189 1191//1191
f 1157//1157 1193//1193 2425//2425
f 2425//2425 1193//1193 1184//1184
f 1194//1194 1190//1190 1246//1246
f 1190//1190 1194//1194 1159//1159
f 1159//1159 1194//1194 1193//1193
f 1194//1194 1184//1184 1193//1193
f 2805//2805 1184//1184 1194//1194
f 2805//2805 1197//1197 2424//2424
f 2424//2424 1185//1185 1186//1186
f 1170//1170 1199//1199 2846//2846
f 2846//2846 1171//1171 1170//1170
f 1199//1199 1198//1198 2846//2846
f 1202//1202 2419//2419 2846//2846
f 1192//1192 2419//2419 1202//1202
f 371//371 362//362 1144//1144
f 1204//1204 1205//1205 2422//2422
f 1200//1200 1198//1198 1210//1210
f 1210//1210 1198//1198 1201//1201
f 1051//1051 2661//2661 999//999
f 1051//1051 1210//1210 1201//1201
f 1135//1135 1133//1133 824//824
f 1213//1213 371//371 1178//1178
f 371//371 1213//1213 367//367
f 1144//1144 1178//1178 371//371
f 704//704 1123//1123 1124//1124
f 744//744 1123//1123 742//742
f 1123//1123 1214//1214 1124//1124
f 1124//1124 1125//1125 704//704
f 1214//1214 1128//1128 1124//1124
f 1214//1214 1123//1123 1215//1215
f 744//744 754//754 1215//1215
f 1215//1215 1123//1123 744//744
f 1216//1216 1212//1212 1211//1211
f 1211//1211 1218//1218 1200//1200
f 1236//1236 1216//1216 1051//1051
f 1216//1216 1210//1210 1051//1051
f 2661//2661 1051//1051 1201//1201
f 1051//1051 999//999 1050//1050
f 1206//1206 1222//1222 1221//1221
f 2431//2431 1222//1222 1205//1205
f 1133//1133 1128//1128 1214//1214
f 1227//1227 1226//1226 1225//1225
f 1225//1225 1226//1226 1228//1228
f 1229//1229 1226//1226 1212//1212
f 1227//1227 1212//1212 1226//1226
f 1227//1227 1211//1211 1212//1212
f 457//457 739//739 1230//1230
f 1229//1229 1233//1233 1226//1226
f 1233//1233 1228//1228 1226//1226
f 1211//1211 1227//1227 1218//1218
f 1218//1218 1227//1227 1225//1225
f 458//458 1230//1230 459//459
f 457//457 1230//1230 458//458
f 1299//1299 1133//1133 1214//1214
f 1200//1200 1210//1210 1211//1211
f 368//368 367//367 1213//1213
f 1234//1234 1224//1224 1228//1228
f 1228//1228 1233//1233 1234//1234
f 1224//1224 1225//1225 1228//1228
f 1051//1051 1050//1050 1236//1236
f 1347//1347 1235//1235 1052//1052
f 1213//1213 457//457 456//456
f 729//729 1238//1238 927//927
f 1192//1192 1202//1202 1208//1208
f 1191//1191 1192//1192 1208//1208
f 1240//1240 1208//1208 1239//1239
f 1240//1240 1191//1191 1208//1208
f 1231//1231 1223//1223 1241//1241
f 1244//1244 1231//1231 1241//1241
f 1222//1222 2431//2431 1244//1244
f 1190//1190 1191//1191 1242//1242
f 1190//1190 1242//1242 1246//1246
f 1246//1246 1242//1242 1247//1247
f 1214//1214 1265//1265 1248//1248
f 1239//1239 1252//1252 1240//1240
f 1215//1215 1265//1265 1214//1214
f 770//770 1265//1265 1215//1215
f 1247//1247 1242//1242 1249//1249
f 1246//1246 1247//1247 1249//1249
f 1194//1194 1246//1246 1195//1195
f 1195//1195 1250//1250 2805//2805
f 1246//1246 1249//1249 1251//1251
f 1246//1246 1251//1251 1195//1195
f 1251//1251 1249//1249 1252//1252
f 1195//1195 1253//1253 1250//1250
f 1253//1253 1195//1195 1251//1251
f 2805//2805 1196//1196 1197//1197
f 1196//1196 1250//1250 2433//2433
f 1196//1196 2805//2805 1250//1250
f 1255//1255 1196//1196 2433//2433
f 1255//1255 1197//1197 1196//1196
f 1249//1249 1240//1240 1252//1252
f 1256//1256 1252//1252 1239//1239
f 1224//1224 1239//1239 1209//1209
f 1234//1234 1217//1217 1257//1257
f 1233//1233 1217//1217 1234//1234
f 1257//1257 1217//1217 1258//1258
f 1256//1256 1257//1257 1258//1258
f 1234//1234 1257//1257 1239//1239
f 1256//1256 1258//1258 1259//1259
f 1256//1256 1239//1239 1257//1257
f 1254//1254 1250//1250 1253//1253
f 1253//1253 1251//1251 1252//1252
f 1261//1261 1254//1254 1260//1260
f 1252//1252 1260//1260 1253//1253
f 1253//1253 1260//1260 1254//1254
f 1259//1259 1262//1262 1256//1256
f 1252//1252 1262//1262 1260//1260
f 1261//1261 1262//1262 1263//1263
f 1262//1262 1259//1259 1263//1263
f 1260//1260 1262//1262 1261//1261
f 1320//1320 1248//1248 1285//1285
f 2383//2383 1238//1238 737//737
f 1270//1270 1271//1271 1238//1238
f 2437//2437 1519//1519 2436//2436
f 2433//2433 2436//2436 2484//2484
f 1269//1269 1519//1519 2437//2437
f 2437//2437 1261//1261 1269//1269
f 1263//1263 1269//1269 1261//1261
f 2438//2438 1266//1266 1267//1267
f 927//927 1238//1238 1271//1271
f 927//927 1271//1271 970//970
f 1552//1552 1545//1545 1487//1487
f 2433//2433 1261//1261 2437//2437
f 1261//1261 2433//2433 1254//1254
f 2398//2398 1272//1272 935//935
f 1273//1273 1272//1272 951//951
f 935//935 1272//1272 1274//1274
f 534//534 535//535 2367//2367
f 970//970 1271//1271 1005//1005
f 1271//1271 1270//1270 1351//1351
f 2667//2667 2367//2367 2668//2668
f 2668//2668 2367//2367 2440//2440
f 1282//1282 602//602 606//606
f 1282//1282 606//606 605//605
f 1282//1282 601//601 602//602
f 1265//1265 1285//1285 1248//1248
f 2385//2385 1285//1285 1265//1265
f 1299//1299 1214//1214 1248//1248
f 1286//1286 1248//1248 1320//1320
f 1299//1299 1248//1248 1286//1286
f 1275//1275 990//990 2839//2839
f 824//824 1288//1288 1287//1287
f 1411//1411 2340//2340 271//271
f 824//824 1133//1133 1288//1288
f 2445//2445 2428//2428 2009//2009
f 1219//1219 2429//2429 2428//2428
f 1303//1303 1290//1290 1053//1053
f 1292//1292 1270//1270 740//740
f 1316//1316 1292//1292 751//751
f 1292//1292 740//740 751//751
f 1292//1292 1318//1318 1270//1270
f 1318//1318 1351//1351 1270//1270
f 2441//2441 1293//1293 2446//2446
f 1287//1287 1288//1288 1296//1296
f 1287//1287 1296//1296 1298//1298
f 1298//1298 1296//1296 1295//1295
f 1296//1296 1288//1288 1295//1295
f 1295//1295 1288//1288 1133//1133
f 1295//1295 1299//1299 1302//1302
f 2830//2830 824//824 1287//1287
f 1287//1287 1300//1300 2830//2830
f 2405//2405 989//989 1303//1303
f 1298//1298 1300//1300 1287//1287
f 1301//1301 1300//1300 1298//1298
f 1299//1299 1295//1295 1133//1133
f 1295//1295 1302//1302 1298//1298
f 1301//1301 1298//1298 1304//1304
f 1298//1298 1302//1302 1304//1304
f 1302//1302 1305//1305 1304//1304
f 1307//1307 1305//1305 1306//1306
f 1337//1337 1302//1302 1299//1299
f 1302//1302 1306//1306 1305//1305
f 1302//1302 1337//1337 1306//1306
f 1307//1307 1306//1306 1337//1337
f 1308//1308 2830//2830 1300//1300
f 841//841 2830//2830 1308//1308
f 1305//1305 1307//1307 845//845
f 1305//1305 845//845 1308//1308
f 845//845 1307//1307 1071//1071
f 1308//1308 1304//1304 1305//1305
f 1308//1308 1300//1300 1301//1301
f 1301//1301 1304//1304 1308//1308
f 845//845 841//841 1308//1308
f 1232//1232 1245//1245 1241//1241
f 2454//2454 2447//2447 1290//1290
f 1292//1292 1316//1316 1318//1318
f 1316//1316 2472//2472 1449//1449
f 1318//1318 1316//1316 1319//1319
f 1310//1310 1317//1317 1309//1309
f 808//808 1317//1317 2385//2385
f 1285//1285 2385//2385 1317//1317
f 808//808 1309//1309 1317//1317
f 1320//1320 1317//1317 1310//1310
f 1337//1337 1299//1299 1286//1286
f 1322//1322 1321//1321 1286//1286
f 1323//1323 1321//1321 1322//1322
f 1310//1310 1321//1321 1323//1323
f 1310//1310 1309//1309 1325//1325
f 1321//1321 1325//1325 1337//1337
f 1320//1320 1310//1310 1323//1323
f 1323//1323 1322//1322 1286//1286
f 1286//1286 1320//1320 1323//1323
f 1337//1337 1286//1286 1321//1321
f 1325//1325 1321//1321 1310//1310
f 1320//1320 1285//1285 1317//1317
f 1245//1245 2453//2453 1221//1221
f 1309//1309 808//808 1324//1324
f 806//806 808//808 2385//2385
f 1327//1327 1325//1325 1326//1326
f 1330//1330 1328//1328 1329//1329
f 1331//1331 1328//1328 1330//1330
f 1331//1331 1332//1332 1328//1328
f 1309//1309 1326//1326 1325//1325
f 1335//1335 1315//1315 1334//1334
f 1328//1328 1325//1325 1329//1329
f 1324//1324 1326//1326 1309//1309
f 1307//1307 1338//1338 1067//1067
f 1339//1339 1067//1067 1338//1338
f 1307//1307 1067//1067 1071//1071
f 1338//1338 1307//1307 1337//1337
f 1068//1068 1341//1341 1077//1077
f 1067//1067 1341//1341 1068//1068
f 1339//1339 1341//1341 1067//1067
f 1339//1339 1338//1338 1341//1341
f 1341//1341 1342//1342 1077//1077
f 1333//1333 1334//1334 1315//1315
f 1342//1342 1341//1341 1338//1338
f 1060//1060 1345//1345 1052//1052
f 1291//1291 1346//1346 1060//1060
f 1345//1345 1060//1060 1346//1346
f 1052//1052 1345//1345 1344//1344
f 1291//1291 1315//1315 1335//1335
f 1346//1346 1291//1291 1335//1335
f 1245//1245 1244//1244 1241//1241
f 1221//1221 1222//1222 1244//1244
f 1347//1347 1052//1052 1344//1344
f 1337//1337 1342//1342 1338//1338
f 1325//1325 1328//1328 1340//1340
f 1078//1078 1077//1077 1349//1349
f 1076//1076 1077//1077 1078//1078
f 1348//1348 1006//1006 1005//1005
f 1005//1005 1271//1271 1348//1348
f 1271//1271 1351//1351 1348//1348
f 1232//1232 2456//2456 1245//1245
f 1337//1337 1325//1325 1340//1340
f 1349//1349 1077//1077 1342//1342
f 2453//2453 1245//1245 2456//2456
f 2452//2452 1352//1352 2669//2669
f 2450//2450 1312//1312 2575//2575
f 2669//2669 2460//2460 2454//2454
f 1366//1366 1078//1078 1349//1349
f 1340//1340 1332//1332 1361//1361
f 1362//1362 1337//1337 1340//1340
f 1337//1337 1362//1362 1342//1342
f 1342//1342 1362//1362 1349//1349
f 1349//1349 1362//1362 1361//1361
f 1340//1340 1361//1361 1362//1362
f 2459//2459 2744//2744 1548//1548
f 1358//1358 1363//1363 1364//1364
f 1357//1357 1356//1356 1358//1358
f 1365//1365 1363//1363 1358//1358
f 1356//1356 1353//1353 1358//1358
f 1328//1328 1332//1332 1340//1340
f 1349//1349 1361//1361 1379//1379
f 1361//1361 1332//1332 1379//1379
f 1349//1349 1379//1379 1366//1366
f 1366//1366 1081//1081 1078//1078
f 807//807 1368//1368 1324//1324
f 842//842 1368//1368 807//807
f 1368//1368 842//842 844//844
f 1326//1326 1324//1324 1368//1368
f 1326//1326 1369//1369 1327//1327
f 1329//1329 1325//1325 1327//1327
f 1371//1371 1370//1370 1330//1330
f 1330//1330 1370//1370 1331//1331
f 1330//1330 1329//1329 1371//1371
f 1371//1371 1327//1327 1372//1372
f 1327//1327 1373//1373 1372//1372
f 1327//1327 1369//1369 1373//1373
f 1372//1372 1373//1373 1371//1371
f 1329//1329 1327//1327 1371//1371
f 1332//1332 1331//1331 1370//1370
f 1370//1370 1379//1379 1332//1332
f 1369//1369 1326//1326 1368//1368
f 1374//1374 1373//1373 1369//1369
f 1368//1368 1374//1374 1369//1369
f 1375//1375 1380//1380 1371//1371
f 1373//1373 1375//1375 1371//1371
f 1368//1368 1375//1375 1374//1374
f 1370//1370 1371//1371 1380//1380
f 1373//1373 1374//1374 1375//1375
f 844//844 1376//1376 1368//1368
f 844//844 855//855 1376//1376
f 846//846 1378//1378 1376//1376
f 846//846 1376//1376 847//847
f 1376//1376 856//856 847//847
f 1376//1376 855//855 856//856
f 1368//1368 1377//1377 1375//1375
f 1379//1379 1370//1370 1380//1380
f 1359//1359 1350//1350 2461//2461
f 1648//1648 1313//1313 1350//1350
f 1366//1366 1367//1367 1081//1081
f 1379//1379 1383//1383 1367//1367
f 1006//1006 1348//1348 2459//2459
f 1086//1086 1081//1081 1367//1367
f 1383//1383 1379//1379 1380//1380
f 1894//1894 1380//1380 1375//1375
f 1375//1375 1377//1377 1894//1894
f 2816//2816 1281//1281 2462//2462
f 2806//2806 1400//1400 1336//1336
f 1385//1385 683//683 684//684
f 1385//1385 684//684 686//686
f 1384//1384 685//685 683//683
f 683//683 1385//1385 1384//1384
f 1387//1387 1385//1385 686//686
f 605//605 685//685 1384//1384
f 1282//1282 605//605 1384//1384
f 1387//1387 1388//1388 1385//1385
f 1388//1388 1384//1384 1385//1385
f 2817//2817 1391//1391 1447//1447
f 1392//1392 1431//1431 1446//1446
f 1395//1395 1393//1393 1394//1394
f 1396//1396 1318//1318 1319//1319
f 1396//1396 1319//1319 1395//1395
f 1395//1395 1319//1319 1400//1400
f 1396//1396 1394//1394 1355//1355
f 1396//1396 1395//1395 1394//1394
f 1351//1351 1396//1396 1355//1355
f 1398//1398 1393//1393 1395//1395
f 1398//1398 2806//2806 1399//1399
f 1398//1398 1395//1395 1400//1400
f 1382//1382 1381//1381 1401//1401
f 1319//1319 1336//1336 1400//1400
f 1400//1400 2806//2806 1398//1398
f 1402//1402 1355//1355 1394//1394
f 1402//1402 1394//1394 1393//1393
f 1402//1402 1557//1557 2744//2744
f 1355//1355 1402//1402 2744//2744
f 2806//2806 1405//1405 1399//1399
f 1393//1393 1398//1398 1399//1399
f 1393//1393 1399//1399 1402//1402
f 1314//1314 1241//1241 2432//2432
f 1404//1404 1557//1557 1399//1399
f 1399//1399 1557//1557 1402//1402
f 1561//1561 1404//1404 1403//1403
f 1401//1401 1397//1397 1382//1382
f 1407//1407 1450//1450 894//894
f 1407//1407 871//871 872//872
f 1407//1407 1409//1409 1410//1410
f 1408//1408 872//872 889//889
f 1407//1407 872//872 1408//1408
f 1413//1413 2340//2340 1411//1411
f 1410//1410 1412//1412 1407//1407
f 1407//1407 1412//1412 1450//1450
f 1413//1413 2344//2344 176//176
f 1412//1412 1414//1414 1421//1421
f 1410//1410 1409//1409 1414//1414
f 2469//2469 2493//2493 2344//2344
f 1407//1407 1408//1408 1414//1414
f 1409//1409 1407//1407 1414//1414
f 1412//1412 1410//1410 1414//1414
f 889//889 874//874 881//881
f 887//887 1416//1416 881//881
f 887//887 888//888 1417//1417
f 887//887 1417//1417 1416//1416
f 1426//1426 1416//1416 1417//1417
f 1408//1408 1421//1421 1414//1414
f 1412//1412 1421//1421 1420//1420
f 1408//1408 1416//1416 1421//1421
f 1421//1421 1416//1416 1422//1422
f 1423//1423 1421//1421 1422//1422
f 1416//1416 1408//1408 889//889
f 1426//1426 1418//1418 1425//1425
f 1418//1418 1426//1426 1417//1417
f 1424//1424 1416//1416 1426//1426
f 1416//1416 1424//1424 1422//1422
f 1423//1423 1424//1424 1436//1436
f 1428//1428 2605//2605 1427//1427
f 1425//1425 1418//1418 1428//1428
f 1428//1428 1429//1429 1425//1425
f 1426//1426 1425//1425 1424//1424
f 1425//1425 1436//1436 1424//1424
f 1425//1425 1429//1429 1436//1436
f 1428//1428 1418//1418 2605//2605
f 1432//1432 1427//1427 2605//2605
f 2605//2605 1418//1418 1417//1417
f 1433//1433 1429//1429 1428//1428
f 1415//1415 1412//1412 1420//1420
f 1415//1415 1420//1420 1434//1434
f 1412//1412 1415//1415 1450//1450
f 1421//1421 1423//1423 1420//1420
f 1423//1423 1435//1435 1420//1420
f 1423//1423 1422//1422 1424//1424
f 1434//1434 1436//1436 1437//1437
f 1434//1434 1437//1437 1415//1415
f 1437//1437 1438//1438 1415//1415
f 1435//1435 1423//1423 1436//1436
f 1420//1420 1435//1435 1434//1434
f 2475//2475 1419//1419 1441//1441
f 1401//1401 2475//2475 1441//1441
f 1441//1441 1406//1406 1401//1401
f 2468//2468 1354//1354 1353//1353
f 2468//2468 1441//1441 2470//2470
f 1353//1353 1354//1354 1444//1444
f 1365//1365 1358//1358 1353//1353
f 1444//1444 1365//1365 1353//1353
f 1440//1440 1499//1499 1354//1354
f 1440//1440 1611//1611 1626//1626
f 1436//1436 1434//1434 1435//1435
f 751//751 2472//2472 1316//1316
f 1446//1446 1431//1431 1390//1390
f 1431//1431 1389//1389 1390//1390
f 1389//1389 1431//1431 1387//1387
f 2474//2474 1446//1446 1390//1390
f 1336//1336 1449//1449 1448//1448
f 1319//1319 1449//1449 1336//1336
f 1316//1316 1449//1449 1319//1319
f 1448//1448 1449//1449 2472//2472
f 2472//2472 894//894 1448//1448
f 1448//1448 894//894 1450//1450
f 1455//1455 1433//1433 1454//1454
f 1433//1433 1428//1428 1427//1427
f 1433//1433 1427//1427 1454//1454
f 1453//1453 1429//1429 1433//1433
f 2477//2477 1429//1429 1453//1453
f 2474//2474 1456//1456 1446//1446
f 2476//2476 2480//2480 1445//1445
f 2476//2476 1419//1419 2475//2475
f 1419//1419 1439//1439 1460//1460
f 1411//1411 1516//1516 2469//2469
f 1413//1413 1411//1411 2469//2469
f 2466//2466 2465//2465 2464//2464
f 1462//1462 1461//1461 1458//1458
f 1603//1603 1461//1461 1462//1462
f 1442//1442 1460//1460 1443//1443
f 1439//1439 1461//1461 1443//1443
f 1465//1465 1463//1463 1464//1464
f 1465//1465 1464//1464 1443//1443
f 2477//2477 1437//1437 1429//1429
f 1429//1429 1437//1437 1436//1436
f 1460//1460 1439//1439 1443//1443
f 1461//1461 1465//1465 1443//1443
f 1458//1458 1461//1461 1439//1439
f 1466//1466 1456//1456 2474//2474
f 1465//1465 1461//1461 1467//1467
f 1468//1468 1467//1467 1461//1461
f 645//645 644//644 1470//1470
f 302//302 299//299 1470//1470
f 1466//1466 1471//1471 1456//1456
f 644//644 302//302 1470//1470
f 1471//1471 1466//1466 2520//2520
f 1469//1469 1475//1475 1453//1453
f 1469//1469 1476//1476 1475//1475
f 1475//1475 1476//1476 1477//1477
f 1723//1723 1453//1453 1475//1475
f 1475//1475 1477//1477 1723//1723
f 2426//2426 1255//1255 1474//1474
f 1453//1453 1723//1723 1479//1479
f 1480//1480 2477//2477 1479//1479
f 1453//1453 1479//1479 2477//2477
f 1480//1480 1479//1479 1482//1482
f 2460//2460 1357//1357 1483//1483
f 2482//2482 1343//1343 2460//2460
f 1494//1494 1484//1484 1493//1493
f 1450//1450 1495//1495 1448//1448
f 1336//1336 1448//1448 1495//1495
f 1452//1452 2473//2473 1456//1456
f 1363//1363 1498//1498 1364//1364
f 1363//1363 1365//1365 1498//1498
f 1365//1365 1444//1444 1498//1498
f 1498//1498 1444//1444 1499//1499
f 1354//1354 1499//1499 1444//1444
f 1502//1502 1501//1501 1498//1498
f 1503//1503 1498//1498 1501//1501
f 1501//1501 1493//1493 1503//1503
f 1504//1504 1498//1498 1503//1503
f 1504//1504 1503//1503 1493//1493
f 1505//1505 1498//1498 1504//1504
f 1506//1506 1498//1498 1505//1505
f 1506//1506 1364//1364 1498//1498
f 1504//1504 1481//1481 1505//1505
f 1484//1484 1504//1504 1493//1493
f 1504//1504 1484//1484 1481//1481
f 1483//1483 1506//1506 1505//1505
f 1483//1483 1505//1505 1481//1481
f 1357//1357 1358//1358 1506//1506
f 1483//1483 1357//1357 1506//1506
f 1364//1364 1506//1506 1358//1358
f 1457//1457 2486//2486 1507//1507
f 1508//1508 1334//1334 1333//1333
f 1343//1343 1508//1508 1333//1333
f 1489//1489 1509//1509 1343//1343
f 1509//1509 1508//1508 1343//1343
f 1510//1510 1509//1509 1489//1489
f 1489//1489 1492//1492 1510//1510
f 1490//1490 1510//1510 1492//1492
f 1490//1490 1488//1488 1510//1510
f 1512//1512 1344//1344 1345//1345
f 1345//1345 1346//1346 1512//1512
f 1346//1346 1335//1335 1512//1512
f 1335//1335 1334//1334 1512//1512
f 1334//1334 1508//1508 1512//1512
f 1508//1508 1509//1509 1512//1512
f 1512//1512 1509//1509 1513//1513
f 1510//1510 1513//1513 1509//1509
f 1511//1511 1512//1512 1513//1513
f 1511//1511 1513//1513 1510//1510
f 1514//1514 1512//1512 1511//1511
f 1511//1511 1510//1510 1514//1514
f 1514//1514 1237//1237 1515//1515
f 1515//1515 1512//1512 1514//1514
f 1488//1488 1514//1514 1510//1510
f 1488//1488 1237//1237 1514//1514
f 1347//1347 1512//1512 1515//1515
f 1347//1347 1237//1237 1235//1235
f 1515//1515 1237//1237 1347//1347
f 1347//1347 1344//1344 1512//1512
f 2485//2485 1496//1496 1495//1495
f 1399//1399 1405//1405 1404//1404
f 1474//1474 1255//1255 2479//2479
f 1450//1450 1415//1415 1438//1438
f 1450//1450 1438//1438 1495//1495
f 2477//2477 1517//1517 1438//1438
f 1517//1517 2477//2477 1480//1480
f 1507//1507 2486//2486 1500//1500
f 1812//1812 1517//1517 1523//1523
f 1517//1517 1812//1812 2485//2485
f 1523//1523 1517//1517 1480//1480
f 2479//2479 1255//1255 2484//2484
f 1492//1492 1489//1489 2765//2765
f 1065//1065 1006//1006 2459//2459
f 1526//1526 1525//1525 1533//1533
f 2459//2459 1548//1548 1065//1065
f 1525//1525 1524//1524 1533//1533
f 1534//1534 1535//1535 1536//1536
f 1532//1532 1530//1530 1534//1534
f 1534//1534 1538//1538 1535//1535
f 1530//1530 1526//1526 1534//1534
f 1526//1526 1538//1538 1534//1534
f 1526//1526 1533//1533 1539//1539
f 1535//1535 1540//1540 1536//1536
f 1535//1535 1538//1538 1540//1540
f 1540//1540 1538//1538 1539//1539
f 1526//1526 1539//1539 1538//1538
f 1541//1541 1540//1540 1539//1539
f 1539//1539 1533//1533 1541//1541
f 1542//1542 1540//1540 1541//1541
f 1543//1543 1540//1540 1542//1542
f 1542//1542 1541//1541 1533//1533
f 1524//1524 1264//1264 1533//1533
f 1533//1533 1264//1264 1267//1267
f 1540//1540 1543//1543 1544//1544
f 1543//1543 1267//1267 1544//1544
f 1533//1533 1543//1543 1542//1542
f 1543//1543 1533//1533 1267//1267
f 1545//1545 1540//1540 1544//1544
f 1546//1546 1485//1485 1537//1537
f 1485//1485 1507//1507 1500//1500
f 1546//1546 1507//1507 1485//1485
f 1075//1075 1549//1549 1550//1550
f 1175//1175 1550//1550 1213//1213
f 1485//1485 1500//1500 1497//1497
f 2497//2497 1546//1546 1551//1551
f 1528//1528 1527//1527 1534//1534
f 1534//1534 1554//1554 1528//1528
f 1532//1532 1534//1534 1527//1527
f 1552//1552 1540//1540 1545//1545
f 1553//1553 1540//1540 1552//1552
f 1491//1491 1553//1553 1487//1487
f 1487//1487 1545//1545 1266//1266
f 1487//1487 1553//1553 1552//1552
f 1553//1553 1554//1554 1540//1540
f 1491//1491 1554//1554 1553//1553
f 1554//1554 1536//1536 1540//1540
f 1534//1534 1536//1536 1554//1554
f 1491//1491 1528//1528 1554//1554
f 1267//1267 1266//1266 1544//1544
f 1545//1545 1544//1544 1266//1266
f 1526//1526 2492//2492 1520//1520
f 2491//2491 1520//1520 1555//1555
f 2528//2528 2491//2491 1555//1555
f 1555//1555 1558//1558 2528//2528
f 1075//1075 1065//1065 1549//1549
f 1175//1175 1075//1075 1550//1550
f 2744//2744 1557//1557 1548//1548
f 1404//1404 1561//1561 1557//1557
f 2489//2489 1560//1560 2788//2788
f 1556//1556 1555//1555 2492//2492
f 1537//1537 1551//1551 1546//1546
f 1559//1559 1556//1556 1563//1563
f 1557//1557 1561//1561 1565//1565
f 1548//1548 1557//1557 1565//1565
f 1547//1547 1548//1548 1565//1565
f 1650//1650 1516//1516 1297//1297
f 1452//1452 1564//1564 1497//1497
f 1561//1561 1547//1547 1565//1565
f 1564//1564 1567//1567 1597//1597
f 1564//1564 1597//1597 1551//1551
f 1564//1564 1551//1551 1537//1537
f 1547//1547 1561//1561 1629//1629
f 1568//1568 1404//1404 1405//1405
f 1568//1568 1569//1569 1404//1404
f 1573//1573 1571//1571 1572//1572
f 1570//1570 1572//1572 1571//1571
f 1570//1570 1571//1571 1563//1563
f 1574//1574 1572//1572 1570//1570
f 1563//1563 1574//1574 1570//1570
f 1564//1564 1452//1452 1471//1471
f 1456//1456 1471//1471 1452//1452
f 1575//1575 1572//1572 1574//1574
f 1576//1576 1572//1572 1575//1575
f 1576//1576 1577//1577 1572//1572
f 1556//1556 1529//1529 1563//1563
f 1529//1529 1560//1560 1563//1563
f 1576//1576 1575//1575 1560//1560
f 1563//1563 1575//1575 1574//1574
f 1560//1560 1575//1575 1563//1563
f 1531//1531 1478//1478 1584//1584
f 1404//1404 1569//1569 1403//1403
f 1572//1572 1577//1577 1578//1578
f 1579//1579 1569//1569 1568//1568
f 1403//1403 1569//1569 1579//1579
f 1581//1581 1580//1580 2483//2483
f 1584//1584 1578//1578 1577//1577
f 1585//1585 1572//1572 1578//1578
f 1585//1585 1578//1578 1584//1584
f 1478//1478 1562//1562 1584//1584
f 1586//1586 1572//1572 1585//1585
f 2745//2745 2520//2520 1614//1614
f 2745//2745 1567//1567 1564//1564
f 1220//1220 1583//1583 1588//1588
f 2431//2431 1243//1243 1244//1244
f 1220//1220 1243//1243 2431//2431
f 1243//1243 1231//1231 1244//1244
f 2848//2848 1583//1583 2495//2495
f 1213//1213 1550//1550 1659//1659
f 1592//1592 2591//2591 2594//2594
f 1584//1584 1560//1560 1531//1531
f 1584//1584 1576//1576 1560//1560
f 1584//1584 1577//1577 1576//1576
f 1567//1567 1594//1594 1597//1597
f 1620//1620 1065//1065 1548//1548
f 1611//1611 1442//1442 1609//1609
f 1594//1594 2727//2727 1597//1597
f 1610//1610 1614//1614 1791//1791
f 1616//1616 1468//1468 1603//1603
f 1468//1468 1461//1461 1603//1603
f 1613//1613 1616//1616 1603//1603
f 1617//1617 1616//1616 1613//1613
f 1598//1598 1617//1617 1613//1613
f 1618//1618 1617//1617 1598//1598
f 1618//1618 1598//1598 1624//1624
f 1598//1598 1604//1604 1624//1624
f 1604//1604 1605//1605 1624//1624
f 1659//1659 1549//1549 1620//1620
f 1549//1549 1659//1659 1550//1550
f 1620//1620 1549//1549 1065//1065
f 1601//1601 1594//1594 1567//1567
f 1567//1567 1610//1610 1601//1601
f 2498//2498 2446//2446 1293//1293
f 1621//1621 1464//1464 1463//1463
f 1443//1443 1464//1464 1621//1621
f 1465//1465 1467//1467 1463//1463
f 1467//1467 1468//1468 1463//1463
f 1468//1468 1616//1616 1463//1463
f 1616//1616 1617//1617 1463//1463
f 1617//1617 1618//1618 1463//1463
f 1619//1619 1463//1463 1618//1618
f 1618//1618 1624//1624 1619//1619
f 1622//1622 1463//1463 1619//1619
f 1619//1619 1624//1624 1622//1622
f 1623//1623 1463//1463 1622//1622
f 1624//1624 1623//1623 1622//1622
f 1547//1547 1629//1629 1620//1620
f 1625//1625 1463//1463 1623//1623
f 1625//1625 1621//1621 1463//1463
f 1605//1605 1607//1607 1624//1624
f 1607//1607 1609//1609 1624//1624
f 1443//1443 1624//1624 1609//1609
f 1443//1443 1623//1623 1624//1624
f 1625//1625 1623//1623 1443//1443
f 1442//1442 1443//1443 1609//1609
f 1621//1621 1625//1625 1443//1443
f 1499//1499 1626//1626 1498//1498
f 2463//2463 1391//1391 2817//2817
f 1391//1391 2402//2402 2499//2499
f 1502//1502 1498//1498 1626//1626
f 1612//1612 1502//1502 1611//1611
f 1499//1499 1440//1440 1626//1626
f 1626//1626 1611//1611 1502//1502
f 1447//1447 1391//1391 1627//1627
f 993//993 998//998 995//995
f 995//995 998//998 996//996
f 2499//2499 993//993 995//995
f 1612//1612 1608//1608 1493//1493
f 1493//1493 1502//1502 1612//1612
f 1502//1502 1493//1493 1501//1501
f 1494//1494 1493//1493 1608//1608
f 1403//1403 1634//1634 1629//1629
f 1803//1803 1634//1634 1579//1579
f 1403//1403 1579//1579 1634//1634
f 1297//1297 1640//1640 1650//1650
f 2446//2446 1640//1640 1297//1297
f 2501//2501 2507//2507 1640//1640
f 2501//2501 1640//1640 1639//1639
f 1642//1642 2595//2595 2807//2807
f 1639//1639 1643//1643 1646//1646
f 1644//1644 995//995 996//996
f 1644//1644 2499//2499 995//995
f 1645//1645 1643//1643 85//85
f 1647//1647 2501//2501 1646//1646
f 2507//2507 2501//2501 2502//2502
f 1647//1647 1646//1646 1645//1645
f 2502//2502 2501//2501 1647//1647
f 1313//1313 2457//2457 1312//1312
f 2458//2458 1649//1649 1648//1648
f 2483//2483 1516//1516 1650//1650
f 2535//2535 1653//1653 1630//1630
f 739//739 1213//1213 1659//1659
f 1629//1629 1660//1660 1620//1620
f 1661//1661 2677//2677 1595//1595
f 996//996 1673//1673 1644//1644
f 1660//1660 1664//1664 1659//1659
f 759//759 1664//1664 738//738
f 1659//1659 1664//1664 739//739
f 739//739 1664//1664 759//759
f 2675//2675 1666//1666 1606//1606
f 2504//2504 1654//1654 2505//2505
f 1631//1631 1633//1633 1675//1675
f 1668//1668 1669//1669 1670//1670
f 1669//1669 1637//1637 1638//1638
f 1637//1637 1669//1669 1668//1668
f 1638//1638 1671//1671 1669//1669
f 1638//1638 1631//1631 1671//1671
f 1670//1670 1669//1669 1674//1674
f 1669//1669 1671//1671 1674//1674
f 1671//1671 1672//1672 1674//1674
f 1673//1673 1680//1680 1665//1665
f 1675//1675 1674//1674 1672//1672
f 1631//1631 1672//1672 1671//1671
f 1672//1672 1631//1631 1675//1675
f 1676//1676 1674//1674 1675//1675
f 996//996 2511//2511 1673//1673
f 1673//1673 1665//1665 1644//1644
f 1665//1665 2499//2499 1644//1644
f 1677//1677 1674//1674 1676//1676
f 1676//1676 1633//1633 1655//1655
f 1676//1676 1675//1675 1633//1633
f 1678//1678 1674//1674 1677//1677
f 1696//1696 1665//1665 1681//1681
f 1678//1678 1679//1679 1674//1674
f 1665//1665 1680//1680 1681//1681
f 1661//1661 1668//1668 1684//1684
f 1658//1658 1668//1668 1661//1661
f 1670//1670 1674//1674 1682//1682
f 1668//1668 1682//1682 1684//1684
f 1658//1658 1637//1637 1668//1668
f 1674//1674 1679//1679 1683//1683
f 1684//1684 1683//1683 1679//1679
f 1615//1615 1596//1596 1684//1684
f 1683//1683 1685//1685 1674//1674
f 1685//1685 1683//1683 1684//1684
f 1661//1661 1684//1684 1596//1596
f 1682//1682 1674//1674 1685//1685
f 1682//1682 1685//1685 1684//1684
f 1682//1682 1668//1668 1670//1670
f 1678//1678 1662//1662 1679//1679
f 1615//1615 1684//1684 1667//1667
f 1677//1677 1676//1676 1655//1655
f 1677//1677 1655//1655 1657//1657
f 1581//1581 1693//1693 1580//1580
f 1686//1686 2508//2508 2326//2326
f 1566//1566 1641//1641 2506//2506
f 2507//2507 1641//1641 1566//1566
f 2508//2508 2506//2506 1641//1641
f 2767//2767 1686//1686 2326//2326
f 1678//1678 1657//1657 1662//1662
f 1679//1679 1667//1667 1684//1684
f 1657//1657 1678//1678 1677//1677
f 1662//1662 1667//1667 1679//1679
f 1654//1654 1559//1559 1689//1689
f 1563//1563 1689//1689 1559//1559
f 1572//1572 1690//1690 1691//1691
f 1689//1689 1691//1691 1690//1690
f 1692//1692 1694//1694 1680//1680
f 1573//1573 1572//1572 1691//1691
f 1689//1689 1573//1573 1691//1691
f 1663//1663 1656//1656 1689//1689
f 1694//1694 2517//2517 2832//2832
f 1627//1627 1695//1695 1447//1447
f 1656//1656 1654//1654 1689//1689
f 1573//1573 1689//1689 1571//1571
f 1563//1563 1571//1571 1689//1689
f 1690//1690 1606//1606 1666//1666
f 1562//1562 1606//1606 1586//1586
f 1586//1586 1606//1606 1690//1690
f 1586//1586 1690//1690 1572//1572
f 1585//1585 1584//1584 1562//1562
f 1585//1585 1562//1562 1586//1586
f 1666//1666 1663//1663 1690//1690
f 1663//1663 1689//1689 1690//1690
f 2516//2516 657//657 1697//1697
f 1695//1695 1466//1466 2474//2474
f 1693//1693 1651//1651 2510//2510
f 2565//2565 1294//1294 270//270
f 1697//1697 657//657 2369//2369
f 1383//1383 1091//1091 1367//1367
f 2773//2773 1091//1091 1699//1699
f 1710//1710 1698//1698 1652//1652
f 1652//1652 1698//1698 1634//1634
f 1660//1660 1629//1629 1698//1698
f 1694//1694 1692//1692 1702//1702
f 1673//1673 1692//1692 1680//1680
f 1692//1692 2511//2511 2772//2772
f 1294//1294 1708//1708 270//270
f 270//270 1708//1708 271//271
f 2514//2514 2516//2516 1697//1697
f 2774//2774 1700//1700 2772//2772
f 1706//1706 1704//1704 1705//1705
f 738//738 1707//1707 1709//1709
f 1707//1707 738//738 1664//1664
f 1706//1706 1709//1709 1707//1707
f 1706//1706 1705//1705 1709//1709
f 271//271 1708//1708 1411//1411
f 1711//1711 1702//1702 1700//1700
f 1706//1706 1710//1710 1704//1704
f 1660//1660 1707//1707 1664//1664
f 1660//1660 1706//1706 1707//1707
f 1698//1698 1706//1706 1660//1660
f 738//738 1709//1709 1705//1705
f 761//761 1705//1705 1716//1716
f 1704//1704 1716//1716 1705//1705
f 1716//1716 1710//1710 2777//2777
f 1704//1704 1710//1710 1716//1716
f 1710//1710 1706//1706 1698//1698
f 2513//2513 1714//1714 2514//2514
f 2514//2514 1714//1714 1715//1715
f 2514//2514 821//821 2516//2516
f 2723//2723 2515//2515 1715//1715
f 792//792 2515//2515 2723//2723
f 859//859 792//792 2723//2723
f 2521//2521 2723//2723 1715//1715
f 2679//2679 2832//2832 1717//1717
f 852//852 859//859 1719//1719
f 1717//1717 2539//2539 1722//1722
f 1759//1759 1477//1477 1720//1720
f 1720//1720 1721//1721 1725//1725
f 852//852 1719//1719 851//851
f 847//847 851//851 1719//1719
f 1759//1759 1723//1723 1477//1477
f 852//852 851//851 853//853
f 2679//2679 2478//2478 2518//2518
f 2478//2478 2679//2679 2519//2519
f 1720//1720 1725//1725 1759//1759
f 2519//2519 1717//1717 1770//1770
f 2520//2520 2519//2519 1731//1731
f 1761//1761 1759//1759 1725//1725
f 1715//1715 2523//2523 2521//2521
f 1770//1770 1727//1727 2519//2519
f 1730//1730 2446//2446 2522//2522
f 2523//2523 2530//2530 2680//2680
f 2521//2521 2680//2680 1718//1718
f 1708//1708 1294//1294 1730//1730
f 2441//2441 1730//1730 1294//1294
f 1724//1724 2520//2520 1731//1731
f 1516//1516 2522//2522 1297//1297
f 1411//1411 1708//1708 1730//1730
f 2528//2528 1558//1558 1734//1734
f 187//187 1733//1733 1735//1735
f 1732//1732 1735//1735 1733//1733
f 2527//2527 2524//2524 2526//2526
f 1736//1736 1724//1724 1731//1731
f 1738//1738 1522//1522 1737//1737
f 1522//1522 1738//1738 1739//1739
f 1739//1739 1738//1738 1740//1740
f 1738//1738 1737//1737 1741//1741
f 1742//1742 1741//1741 1737//1737
f 1742//1742 1743//1743 1744//1744
f 1744//1744 1736//1736 1742//1742
f 2403//2403 189//189 187//187
f 1748//1748 1742//1742 1736//1736
f 1736//1736 1731//1731 1748//1748
f 1742//1742 1738//1738 1741//1741
f 1738//1738 1742//1742 1748//1748
f 1740//1740 1748//1748 1727//1727
f 1748//1748 1731//1731 1727//1727
f 1738//1738 1748//1748 1740//1740
f 1740//1740 1750//1750 1521//1521
f 1739//1739 1740//1740 1521//1521
f 1734//1734 1558//1558 1749//1749
f 1740//1740 1727//1727 1750//1750
f 1727//1727 1726//1726 1750//1750
f 2532//2532 1693//1693 2510//2510
f 1792//1792 1761//1761 1725//1725
f 1723//1723 1752//1752 1479//1479
f 1752//1752 1482//1482 1479//1479
f 1480//1480 1753//1753 1523//1523
f 1482//1482 1753//1753 1480//1480
f 1746//1746 1734//1734 1754//1754
f 1653//1653 2535//2535 1754//1754
f 1628//1628 1754//1754 2535//2535
f 1754//1754 1749//1749 1653//1653
f 2533//2533 1755//1755 1129//1129
f 2563//2563 1628//1628 2535//2535
f 1760//1760 1482//1482 1752//1752
f 2537//2537 466//466 473//473
f 1763//1763 1762//1762 1856//1856
f 2537//2537 2335//2335 1311//1311
f 1765//1765 1759//1759 1761//1761
f 1766//1766 1762//1762 1763//1763
f 1764//1764 1762//1762 1766//1766
f 1752//1752 1723//1723 1759//1759
f 1765//1765 1767//1767 1759//1759
f 1769//1769 2137//2137 1764//1764
f 1767//1767 1752//1752 1759//1759
f 1769//1769 1764//1764 1766//1766
f 1722//1722 1770//1770 1717//1717
f 1769//1769 1766//1766 1181//1181
f 1523//1523 1760//1760 1812//1812
f 1774//1774 1772//1772 1773//1773
f 1775//1775 1758//1758 1757//1757
f 1773//1773 1772//1772 1775//1775
f 1775//1775 2150//2150 1773//1773
f 1130//1130 2534//2534 1768//1768
f 1778//1778 2191//2191 1777//1777
f 1778//1778 1777//1777 1779//1779
f 1760//1760 1752//1752 1767//1767
f 1767//1767 1771//1771 1760//1760
f 1779//1779 1777//1777 1780//1780
f 1763//1763 1782//1782 1766//1766
f 1770//1770 1722//1722 1600//1600
f 1722//1722 2539//2539 1786//1786
f 1793//1793 1786//1786 2539//2539
f 1600//1600 1726//1726 1727//1727
f 1770//1770 1600//1600 1727//1727
f 1600//1600 1599//1599 1726//1726
f 1599//1599 1613//1613 2531//2531
f 1788//1788 1722//1722 1786//1786
f 1595//1595 1599//1599 1600//1600
f 1790//1790 1788//1788 1786//1786
f 1724//1724 1736//1736 1791//1791
f 1791//1791 1744//1744 1743//1743
f 1744//1744 1791//1791 1736//1736
f 1614//1614 1724//1724 1791//1791
f 1701//1701 2539//2539 2517//2517
f 2542//2542 1703//1703 1701//1701
f 1702//1702 2542//2542 1701//1701
f 2542//2542 1711//1711 1712//1712
f 1765//1765 1797//1797 1771//1771
f 1767//1767 1765//1765 1771//1771
f 1712//1712 1713//1713 2547//2547
f 1833//1833 1703//1703 2542//2542
f 1765//1765 1761//1761 1798//1798
f 1798//1798 1792//1792 1796//1796
f 2542//2542 1712//1712 1833//1833
f 1796//1796 1792//1792 2781//2781
f 1798//1798 1761//1761 1792//1792
f 2547//2547 1833//1833 1712//1712
f 1797//1797 1765//1765 1798//1798
f 1799//1799 1798//1798 1796//1796
f 1798//1798 1801//1801 1797//1797
f 1798//1798 1799//1799 1801//1801
f 1809//1809 1795//1795 2682//2682
f 1795//1795 873//873 1802//1802
f 1795//1795 1802//1802 2682//2682
f 1803//1803 1568//1568 1496//1496
f 1808//1808 1803//1803 1496//1496
f 1806//1806 1805//1805 1807//1807
f 1807//1807 1805//1805 1804//1804
f 1804//1804 1808//1808 1807//1807
f 1803//1803 1808//1808 1804//1804
f 2823//2823 1926//1926 1784//1784
f 1523//1523 1753//1753 1482//1482
f 1523//1523 1482//1482 1760//1760
f 1810//1810 1785//1785 1784//1784
f 1771//1771 1812//1812 1760//1760
f 1809//1809 1811//1811 2056//2056
f 2485//2485 1812//1812 1808//1808
f 2683//2683 607//607 592//592
f 1814//1814 607//607 2683//2683
f 1813//1813 1814//1814 2683//2683
f 1814//1814 1815//1815 1802//1802
f 2682//2682 1815//1815 1816//1816
f 1815//1815 2682//2682 1802//1802
f 1802//1802 607//607 1814//1814
f 1815//1815 1814//1814 1813//1813
f 2683//2683 2543//2543 1836//1836
f 1817//1817 1836//1836 916//916
f 2543//2543 2683//2683 592//592
f 2543//2543 901//901 1836//1836
f 592//592 613//613 2543//2543
f 1817//1817 1813//1813 2683//2683
f 613//613 898//898 2543//2543
f 1817//1817 1815//1815 1813//1813
f 1817//1817 1818//1818 1815//1815
f 1793//1793 1701//1701 1703//1703
f 1793//1793 1819//1819 1820//1820
f 1786//1786 1821//1821 1790//1790
f 1635//1635 1789//1789 1790//1790
f 1790//1790 1821//1821 1635//1635
f 1820//1820 1786//1786 1793//1793
f 1636//1636 1635//1635 1821//1821
f 2747//2747 1658//1658 1595//1595
f 1826//1826 1822//1822 1831//1831
f 1820//1820 1819//1819 1822//1822
f 1823//1823 1824//1824 1825//1825
f 1825//1825 1822//1822 1823//1823
f 1821//1821 1822//1822 1825//1825
f 1825//1825 1636//1636 1821//1821
f 1821//1821 1820//1820 1822//1822
f 1825//1825 1824//1824 1826//1826
f 2500//2500 2760//2760 1633//1633
f 1638//1638 2545//2545 2500//2500
f 1827//1827 1819//1819 1703//1703
f 1824//1824 1823//1823 1826//1826
f 1829//1829 1853//1853 2685//2685
f 1826//1826 1823//1823 1822//1822
f 1829//1829 1816//1816 1818//1818
f 1817//1817 1853//1853 1829//1829
f 1819//1819 1831//1831 1822//1822
f 1818//1818 1817//1817 1829//1829
f 1816//1816 1815//1815 1818//1818
f 1816//1816 1829//1829 1876//1876
f 1816//1816 1876//1876 2682//2682
f 2728//2728 1826//1826 1831//1831
f 1954//1954 1833//1833 2547//2547
f 1827//1827 1831//1831 1819//1819
f 1827//1827 1832//1832 1831//1831
f 1844//1844 1827//1827 1833//1833
f 2823//2823 1784//1784 1785//1785
f 2823//2823 1847//1847 1926//1926
f 18//18 1834//1834 35//35
f 1847//1847 35//35 1834//1834
f 1812//1812 1771//1771 1838//1838
f 1835//1835 2823//2823 1785//1785
f 901//901 914//914 916//916
f 1807//1807 1808//1808 1837//1837
f 1808//1808 1812//1812 1837//1837
f 1837//1837 1812//1812 1838//1838
f 1841//1841 1799//1799 1840//1840
f 1840//1840 1799//1799 1796//1796
f 1800//1800 1799//1799 1841//1841
f 1842//1842 1800//1800 1841//1841
f 1840//1840 1842//1842 1841//1841
f 1843//1843 1842//1842 1840//1840
f 1846//1846 1845//1845 2546//2546
f 1954//1954 1844//1844 1833//1833
f 1844//1844 1846//1846 1832//1832
f 1847//1847 36//36 35//35
f 1801//1801 1800//1800 1797//1797
f 1800//1800 1801//1801 1799//1799
f 1844//1844 1832//1832 1827//1827
f 1844//1844 1845//1845 1846//1846
f 1796//1796 1849//1849 1840//1840
f 1840//1840 1849//1849 1843//1843
f 1850//1850 2781//2781 1839//1839
f 2303//2303 1851//1851 1839//1839
f 1852//1852 1851//1851 691//691
f 1854//1854 1853//1853 916//916
f 1850//1850 1851//1851 1852//1852
f 1839//1839 1851//1851 1850//1850
f 916//916 1853//1853 1817//1817
f 1855//1855 46//46 36//36
f 1847//1847 1855//1855 36//36
f 1856//1856 1762//1762 2684//2684
f 1858//1858 1856//1856 1857//1857
f 1859//1859 1763//1763 1856//1856
f 1857//1857 1861//1861 1915//1915
f 2833//2833 1764//1764 2137//2137
f 2833//2833 1762//1762 1764//1764
f 1066//1066 2549//2549 2833//2833
f 2549//2549 1066//1066 2550//2550
f 1857//1857 1860//1860 1861//1861
f 2684//2684 2549//2549 1860//1860
f 2748//2748 1860//1860 1862//1862
f 1863//1863 2549//2549 2550//2550
f 1860//1860 2549//2549 1862//1862
f 1862//1862 2549//2549 1863//1863
f 1864//1864 1874//1874 1865//1865
f 1866//1866 1378//1378 1868//1868
f 1377//1377 1378//1378 1866//1866
f 1894//1894 1377//1377 1866//1866
f 1867//1867 1894//1894 1866//1866
f 1869//1869 1870//1870 2690//2690
f 1870//1870 1871//1871 1907//1907
f 1874//1874 1873//1873 1871//1871
f 1874//1874 1872//1872 1873//1873
f 1872//1872 1864//1864 1862//1862
f 1864//1864 1872//1872 1874//1874
f 1871//1871 1870//1870 1869//1869
f 1875//1875 1106//1106 1142//1142
f 1873//1873 1872//1872 2551//2551
f 1875//1875 1873//1873 2551//2551
f 1809//1809 1876//1876 1811//1811
f 1811//1811 1876//1876 1877//1877
f 1877//1877 1876//1876 1830//1830
f 1811//1811 1878//1878 1879//1879
f 1877//1877 1878//1878 1811//1811
f 2056//2056 1811//1811 1879//1879
f 1878//1878 1880//1880 1879//1879
f 1881//1881 1879//1879 1880//1880
f 1877//1877 1830//1830 1882//1882
f 1883//1883 1829//1829 2685//2685
f 1882//1882 1830//1830 1883//1883
f 1883//1883 1830//1830 1829//1829
f 1880//1880 1882//1882 1883//1883
f 1878//1878 1877//1877 1882//1882
f 1878//1878 1882//1882 1880//1880
f 1829//1829 1830//1830 1876//1876
f 944//944 1884//1884 915//915
f 915//915 1884//1884 914//914
f 914//914 1884//1884 1854//1854
f 1885//1885 1853//1853 1886//1886
f 1854//1854 1886//1886 1853//1853
f 1887//1887 1854//1854 1884//1884
f 1887//1887 1886//1886 1854//1854
f 1854//1854 916//916 914//914
f 1887//1887 1884//1884 944//944
f 1888//1888 1885//1885 1889//1889
f 1887//1887 962//962 1885//1885
f 1888//1888 2552//2552 1885//1885
f 1887//1887 944//944 962//962
f 1885//1885 1886//1886 1887//1887
f 1853//1853 1885//1885 2685//2685
f 1889//1889 1885//1885 1012//1012
f 2541//2541 2554//2554 2538//2538
f 1174//1174 1768//1768 2538//2538
f 1768//1768 1174//1174 2716//2716
f 1907//1907 1871//1871 1873//1873
f 1868//1868 1867//1867 1866//1866
f 846//846 847//847 1868//1868
f 1378//1378 846//846 1868//1868
f 1891//1891 1868//1868 1718//1718
f 1868//1868 847//847 1719//1719
f 1718//1718 1868//1868 1719//1719
f 1891//1891 1867//1867 1868//1868
f 1895//1895 1894//1894 1867//1867
f 1380//1380 1894//1894 1383//1383
f 1896//1896 1787//1787 1781//1781
f 1899//1899 2781//2781 1850//1850
f 1896//1896 1898//1898 1787//1787
f 1875//1875 1907//1907 1873//1873
f 1699//1699 1903//1903 1892//1892
f 1903//1903 1383//1383 1895//1895
f 2553//2553 2766//2766 2785//2785
f 1902//1902 304//304 2354//2354
f 1116//1116 1904//1904 1905//1905
f 1899//1899 1904//1904 1900//1900
f 1901//1901 1905//1905 1904//1904
f 1852//1852 1905//1905 1901//1901
f 1901//1901 1850//1850 1852//1852
f 1904//1904 1899//1899 1901//1901
f 2766//2766 2557//2557 1902//1902
f 1849//1849 1899//1899 1900//1900
f 1849//1849 1900//1900 1981//1981
f 1899//1899 1849//1849 2781//2781
f 1805//1805 1967//1967 1804//1804
f 2555//2555 1907//1907 2841//2841
f 206//206 2841//2841 209//209
f 1870//1870 1907//1907 2555//2555
f 2558//2558 2841//2841 1909//1909
f 1807//1807 1837//1837 1910//1910
f 1910//1910 1806//1806 1807//1807
f 1843//1843 1911//1911 1842//1842
f 2558//2558 1909//1909 1147//1147
f 1907//1907 1909//1909 2841//2841
f 1782//1782 1763//1763 1859//1859
f 1859//1859 1856//1856 1858//1858
f 2560//2560 1867//1867 1891//1891
f 2559//2559 1891//1891 2680//2680
f 2560//2560 1895//1895 1867//1867
f 1902//1902 2557//2557 314//314
f 304//304 1902//1902 314//314
f 1908//1908 2355//2355 314//314
f 1771//1771 1797//1797 1838//1838
f 1911//1911 1800//1800 1842//1842
f 314//314 2557//2557 1912//1912
f 1913//1913 1908//1908 1912//1912
f 1800//1800 1911//1911 1797//1797
f 1908//1908 314//314 1912//1912
f 1911//1911 1838//1838 1797//1797
f 1914//1914 1911//1911 1848//1848
f 1859//1859 1858//1858 2776//2776
f 1911//1911 1914//1914 1838//1838
f 1857//1857 1915//1915 1858//1858
f 1848//1848 1936//1936 1914//1914
f 1936//1936 1848//1848 1843//1843
f 1916//1916 1914//1914 1936//1936
f 1915//1915 1917//1917 2776//2776
f 1838//1838 1914//1914 1916//1916
f 1766//1766 1782//1782 1783//1783
f 1897//1897 1912//1912 1890//1890
f 1897//1897 1890//1890 1787//1787
f 1848//1848 1911//1911 1843//1843
f 1913//1913 2008//2008 1908//1908
f 1783//1783 2422//2422 1181//1181
f 1897//1897 1913//1913 1912//1912
f 1204//1204 2422//2422 1783//1783
f 1917//1917 1783//1783 2776//2776
f 1915//1915 1861//1861 1919//1919
f 1897//1897 1787//1787 1918//1918
f 1892//1892 2560//2560 1713//1713
f 1895//1895 2560//2560 1892//1892
f 1915//1915 1919//1919 1917//1917
f 1919//1919 2562//2562 1204//1204
f 2562//2562 1205//1205 1204//1204
f 1783//1783 1917//1917 1204//1204
f 1917//1917 1919//1919 1204//1204
f 1918//1918 1913//1913 1897//1897
f 1910//1910 1837//1837 1916//1916
f 1919//1919 1865//1865 1924//1924
f 1865//1865 1919//1919 2748//2748
f 2547//2547 1713//1713 1922//1922
f 1922//1922 1713//1713 2561//2561
f 1919//1919 1924//1924 2562//2562
f 1922//1922 1925//1925 1954//1954
f 1934//1934 1784//1784 1926//1926
f 1927//1927 1810//1810 1934//1934
f 1930//1930 1931//1931 1929//1929
f 1881//1881 1928//1928 1931//1931
f 1929//1929 1931//1931 1932//1932
f 1933//1933 1835//1835 1927//1927
f 1927//1927 1934//1934 1933//1933
f 1933//1933 1934//1934 2003//2003
f 1834//1834 18//18 2435//2435
f 1916//1916 1837//1837 1838//1838
f 1916//1916 1935//1935 1923//1923
f 1916//1916 1923//1923 1910//1910
f 1980//1980 813//813 921//921
f 811//811 1935//1935 823//823
f 1923//1923 1935//1935 814//814
f 814//814 1935//1935 811//811
f 1929//1929 1937//1937 2010//2010
f 1937//1937 1929//1929 1932//1932
f 1937//1937 1932//1932 1938//1938
f 1925//1925 1939//1939 1960//1960
f 1932//1932 1940//1940 1938//1938
f 1932//1932 2552//2552 1940//1940
f 1940//1940 1941//1941 1942//1942
f 1941//1941 1940//1940 2552//2552
f 1928//1928 1932//1932 1931//1931
f 1881//1881 1932//1932 1928//1928
f 1939//1939 1925//1925 2729//2729
f 1945//1945 1943//1943 1944//1944
f 2552//2552 1888//1888 1944//1944
f 1948//1948 1939//1939 1921//1921
f 1943//1943 2552//2552 1944//1944
f 1948//1948 1828//1828 1952//1952
f 1889//1889 1946//1946 1888//1888
f 1946//1946 1889//1889 1947//1947
f 1947//1947 1889//1889 1949//1949
f 1948//1948 1921//1921 2563//2563
f 1946//1946 1944//1944 1888//1888
f 1945//1945 1944//1944 1946//1946
f 1946//1946 1947//1947 1949//1949
f 1949//1949 1889//1889 1013//1013
f 1935//1935 1916//1916 1936//1936
f 1008//1008 1949//1949 1013//1013
f 1946//1946 1949//1949 1008//1008
f 1936//1936 1135//1135 823//823
f 823//823 1935//1935 1936//1936
f 1889//1889 1012//1012 1013//1013
f 1634//1634 1950//1950 1652//1652
f 1967//1967 1950//1950 1804//1804
f 1943//1943 1953//1953 1941//1941
f 2548//2548 1951//1951 1952//1952
f 1957//1957 1955//1955 1956//1956
f 1956//1956 1958//1958 1957//1957
f 1953//1953 1943//1943 1959//1959
f 1952//1952 1951//1951 1960//1960
f 1950//1950 1803//1803 1804//1804
f 1803//1803 1579//1579 1568//1568
f 1961//1961 227//227 2686//2686
f 227//227 1961//1961 232//232
f 1149//1149 1964//1964 2687//2687
f 232//232 1961//1961 2834//2834
f 1966//1966 1965//1965 232//232
f 1973//1973 1968//1968 1966//1966
f 1968//1968 1965//1965 1966//1966
f 1961//1961 1962//1962 2834//2834
f 1969//1969 232//232 1975//1975
f 1966//1966 232//232 1969//1969
f 1955//1955 1970//1970 1956//1956
f 1970//1970 1971//1971 1959//1959
f 2435//2435 2009//2009 2564//2564
f 1972//1972 1973//1973 1966//1966
f 1972//1972 1969//1969 2037//2037
f 1966//1966 1969//1969 1972//1972
f 1974//1974 2010//2010 1937//1937
f 1971//1971 1953//1953 1959//1959
f 1942//1942 1974//1974 1937//1937
f 2564//2564 1926//1926 1834//1834
f 1955//1955 1971//1971 1970//1970
f 1957//1957 1971//1971 1955//1955
f 1937//1937 1938//1938 1940//1940
f 1941//1941 1953//1953 1942//1942
f 2552//2552 1943//1943 1941//1941
f 1975//1975 2834//2834 2762//2762
f 1937//1937 1940//1940 1942//1942
f 1942//1942 1953//1953 1974//1974
f 1970//1970 1959//1959 1956//1956
f 1943//1943 1956//1956 1959//1959
f 2777//2777 1967//1967 865//865
f 2827//2827 1977//1977 1964//1964
f 1980//1980 865//865 1979//1979
f 1967//1967 1979//1979 865//865
f 1806//1806 1910//1910 1979//1979
f 1910//1910 1923//1923 1979//1979
f 1806//1806 1979//1979 1805//1805
f 1805//1805 1979//1979 1967//1967
f 1923//1923 1980//1980 1979//1979
f 865//865 1980//1980 921//921
f 921//921 911//911 865//865
f 1980//1980 1923//1923 814//814
f 866//866 865//865 911//911
f 1936//1936 1843//1843 1849//1849
f 1849//1849 1981//1981 1936//1936
f 1981//1981 1900//1900 1904//1904
f 1981//1981 1904//1904 1120//1120
f 1852//1852 691//691 1905//1905
f 1116//1116 1905//1905 691//691
f 1981//1981 1135//1135 1936//1936
f 2688//2688 1982//1982 1983//1983
f 2688//2688 1985//1985 1775//1775
f 1985//1985 1758//1758 1775//1775
f 2102//2102 1758//1758 1984//1984
f 1758//1758 1985//1985 1984//1984
f 1986//1986 1987//1987 1995//1995
f 1986//1986 1988//1988 1989//1989
f 1992//1992 1996//1996 2749//2749
f 1994//1994 2029//2029 1992//1992
f 1990//1990 1995//1995 1992//1992
f 1991//1991 1990//1990 1998//1998
f 1998//1998 1990//1990 1992//1992
f 1987//1987 1997//1997 1996//1996
f 2749//2749 1996//1996 1997//1997
f 1996//1996 1995//1995 1987//1987
f 1986//1986 1995//1995 1988//1988
f 1996//1996 1992//1992 1995//1995
f 1988//1988 1995//1995 1990//1990
f 1990//1990 1991//1991 1988//1988
f 1971//1971 1974//1974 1953//1953
f 2842//2842 2823//2823 1835//1835
f 2001//2001 2000//2000 1957//1957
f 2002//2002 1943//1943 1945//1945
f 1810//1810 1835//1835 1785//1785
f 1810//1810 1927//1927 1835//1835
f 2002//2002 1945//1945 2801//2801
f 1945//1945 1008//1008 2801//2801
f 1945//1945 1946//1946 1008//1008
f 1957//1957 1958//1958 2001//2001
f 2801//2801 1958//1958 2002//2002
f 2001//2001 1958//1958 2000//2000
f 2565//2565 1280//1280 1294//1294
f 2801//2801 2004//2004 1958//1958
f 1943//1943 2002//2002 1956//1956
f 2000//2000 1958//1958 2005//2005
f 1958//1958 1956//1956 2002//2002
f 340//340 346//346 315//315
f 1934//1934 1999//1999 2003//2003
f 2006//2006 2003//2003 1999//1999
f 2008//2008 2007//2007 2020//2020
f 1913//1913 1918//1918 2007//2007
f 2008//2008 1913//1913 2007//2007
f 2009//2009 1999//1999 2564//2564
f 2009//2009 2012//2012 1999//1999
f 2010//2010 2011//2011 2020//2020
f 1974//1974 2011//2011 2010//2010
f 2007//2007 2010//2010 2020//2020
f 2013//2013 2077//2077 2015//2015
f 1999//1999 2012//2012 2013//2013
f 2019//2019 2842//2842 1835//1835
f 2011//2011 2017//2017 2020//2020
f 1974//1974 2016//2016 2018//2018
f 2019//2019 1835//1835 1933//1933
f 2021//2021 2019//2019 2006//2006
f 2018//2018 2008//2008 2017//2017
f 2019//2019 2003//2003 2006//2006
f 2011//2011 2018//2018 2017//2017
f 1974//1974 2018//2018 2011//2011
f 2003//2003 2019//2019 1933//1933
f 2020//2020 2017//2017 2008//2008
f 2018//2018 340//340 2008//2008
f 2018//2018 347//347 340//340
f 340//340 347//347 346//346
f 2019//2019 2021//2021 2842//2842
f 2018//2018 2016//2016 347//347
f 2689//2689 2021//2021 2006//2006
f 2021//2021 2567//2567 2566//2566
f 2738//2738 381//381 2022//2022
f 2022//2022 361//361 360//360
f 2022//2022 381//381 361//361
f 2842//2842 2021//2021 2566//2566
f 2441//2441 2566//2566 1293//1293
f 1280//1280 2842//2842 2566//2566
f 2022//2022 360//360 374//374
f 2013//2013 2023//2023 2689//2689
f 374//374 357//357 2016//2016
f 374//374 359//359 357//357
f 2016//2016 357//357 347//347
f 2049//2049 2048//2048 1088//1088
f 2022//2022 2049//2049 2738//2738
f 2049//2049 1088//1088 2738//2738
f 2567//2567 1293//1293 2566//2566
f 2690//2690 1870//1870 2025//2025
f 2025//2025 1870//1870 2026//2026
f 2690//2690 2025//2025 2027//2027
f 2058//2058 2027//2027 2025//2025
f 1869//1869 2028//2028 1874//1874
f 2690//2690 2027//2027 2028//2028
f 1998//1998 1992//1992 2029//2029
f 1582//1582 1205//1205 2562//2562
f 1220//1220 1205//1205 1582//1582
f 374//374 2049//2049 2022//2022
f 1998//1998 2029//2029 125//125
f 2016//2016 1974//1974 2031//2031
f 1971//1971 2032//2032 1974//1974
f 2570//2570 2036//2036 2035//2035
f 1963//1963 2570//2570 2035//2035
f 1180//1180 2570//2570 1963//1963
f 1963//1963 2035//2035 1964//1964
f 2787//2787 2556//2556 2354//2354
f 2570//2570 1180//1180 1179//1179
f 1978//1978 9//9 1976//1976
f 1978//1978 1976//1976 2827//2827
f 2038//2038 1969//1969 1975//1975
f 235//235 2037//2037 1969//1969
f 2037//2037 113//113 1972//1972
f 235//235 1969//1969 2038//2038
f 1972//1972 113//113 1973//1973
f 2572//2572 239//239 242//242
f 235//235 2038//2038 2572//2572
f 2037//2037 235//235 2327//2327
f 242//242 240//240 235//235
f 2039//2039 2038//2038 1975//1975
f 2039//2039 1975//1975 2762//2762
f 2572//2572 250//250 239//239
f 250//250 2572//2572 2041//2041
f 253//253 2041//2041 2043//2043
f 2043//2043 2042//2042 2573//2573
f 251//251 250//250 2041//2041
f 2044//2044 2645//2645 252//252
f 251//251 2041//2041 253//253
f 2044//2044 253//253 864//864
f 864//864 115//115 2044//2044
f 2044//2044 115//115 2645//2645
f 863//863 2043//2043 2573//2573
f 2391//2391 115//115 864//864
f 2039//2039 2574//2574 2042//2042
f 2039//2039 2040//2040 2574//2574
f 2032//2032 1971//1971 1957//1957
f 2000//2000 2032//2032 1957//1957
f 2005//2005 2032//2032 2000//2000
f 1974//1974 2032//2032 2031//2031
f 2045//2045 2031//2031 2032//2032
f 2004//2004 2045//2045 2032//2032
f 2046//2046 2045//2045 2004//2004
f 2046//2046 2031//2031 2045//2045
f 2047//2047 2004//2004 2801//2801
f 2047//2047 2046//2046 2004//2004
f 2005//2005 2004//2004 2032//2032
f 2005//2005 1958//1958 2004//2004
f 2048//2048 2047//2047 2801//2801
f 2049//2049 2047//2047 2048//2048
f 2046//2046 2047//2047 2016//2016
f 2049//2049 2016//2016 2047//2047
f 2031//2031 2046//2046 2016//2016
f 2049//2049 374//374 2016//2016
f 1794//1794 2050//2050 1896//1896
f 2577//2577 825//825 817//817
f 2403//2403 825//825 2577//2577
f 2051//2051 825//825 2052//2052
f 876//876 873//873 1795//1795
f 867//867 876//876 2057//2057
f 862//862 873//873 876//876
f 1809//1809 2056//2056 2582//2582
f 2059//2059 2033//2033 2555//2555
f 2026//2026 2061//2061 2058//2058
f 1870//1870 2033//2033 2026//2026
f 2026//2026 2033//2033 2060//2060
f 8//8 2034//2034 1//1
f 2026//2026 2060//2060 2061//2061
f 8//8 2584//2584 2034//2034
f 2026//2026 2058//2058 2025//2025
f 2065//2065 2058//2058 2061//2061
f 2059//2059 2555//2555 1906//1906
f 1//1 2034//2034 2063//2063
f 2059//2059 2060//2060 2033//2033
f 2059//2059 2062//2062 2060//2060
f 2062//2062 2059//2059 1906//1906
f 2062//2062 1906//1906 257//257
f 2062//2062 257//257 2061//2061
f 257//257 1906//1906 204//204
f 2583//2583 2792//2792 2793//2793
f 2061//2061 2060//2060 2062//2062
f 11//11 2584//2584 7//7
f 262//262 2065//2065 256//256
f 2065//2065 2061//2061 256//256
f 8//8 7//7 2584//2584
f 2058//2058 2065//2065 2068//2068
f 2034//2034 2064//2064 2063//2063
f 2068//2068 1589//1589 2027//2027
f 2063//2063 2064//2064 2069//2069
f 2068//2068 1602//1602 2495//2495
f 1602//1602 2068//2068 263//263
f 2070//2070 2586//2586 2066//2066
f 2096//2096 2098//2098 2074//2074
f 2073//2073 2072//2072 2071//2071
f 2071//2071 2072//2072 2076//2076
f 2015//2015 2074//2074 2079//2079
f 2098//2098 2075//2075 2074//2074
f 2072//2072 2073//2073 2076//2076
f 2074//2074 2015//2015 2077//2077
f 2096//2096 2074//2074 2077//2077
f 1989//1989 1988//1988 2586//2586
f 2077//2077 2013//2013 2012//2012
f 2429//2429 2012//2012 2009//2009
f 1642//1642 2096//2096 2828//2828
f 1988//1988 2078//2078 2586//2586
f 2078//2078 2064//2064 2066//2066
f 1998//1998 2069//2069 1991//1991
f 1991//1991 2078//2078 1988//1988
f 2069//2069 2078//2078 1991//1991
f 1998//1998 125//125 2069//2069
f 2079//2079 2074//2074 2075//2075
f 42//42 2079//2079 2075//2075
f 2064//2064 2078//2078 2069//2069
f 2693//2693 2081//2081 2023//2023
f 2586//2586 2078//2078 2066//2066
f 2574//2574 2040//2040 2067//2067
f 237//237 2067//2067 2040//2040
f 2574//2574 2573//2573 2042//2042
f 2574//2574 2067//2067 2082//2082
f 2083//2083 2694//2694 484//484
f 2587//2587 2588//2588 238//238
f 2083//2083 484//484 2363//2363
f 2067//2067 254//254 932//932
f 237//237 254//254 2067//2067
f 932//932 254//254 2589//2589
f 2084//2084 1602//1602 263//263
f 231//231 2084//2084 263//263
f 1965//1965 1968//1968 2084//2084
f 2732//2732 2084//2084 1968//1968
f 2087//2087 1593//1593 2086//2086
f 2088//2088 2732//2732 1973//1973
f 2089//2089 1647//1647 1645//1645
f 2081//2081 2021//2021 2023//2023
f 2056//2056 1879//1879 2793//2793
f 2596//2596 2586//2586 2070//2070
f 2090//2090 2081//2081 2693//2693
f 2081//2081 2090//2090 2024//2024
f 2081//2081 2024//2024 2567//2567
f 2091//2091 2174//2174 2793//2793
f 2793//2793 2092//2092 2091//2091
f 1879//1879 2092//2092 2793//2793
f 1931//1931 2092//2092 1881//1881
f 1879//1879 1881//1881 2092//2092
f 2184//2184 2583//2583 2093//2093
f 2015//2015 2079//2079 2080//2080
f 2583//2583 2793//2793 2093//2093
f 2580//2580 2581//2581 2057//2057
f 2080//2080 80//80 2597//2597
f 2597//2597 2024//2024 2090//2090
f 2090//2090 2080//2080 2597//2597
f 27//27 2098//2098 2096//2096
f 44//44 2097//2097 2098//2098
f 2098//2098 27//27 44//44
f 44//44 27//27 50//50
f 2696//2696 2111//2111 2089//2089
f 2794//2794 1029//1029 1027//1027
f 440//440 439//439 2599//2599
f 2099//2099 2095//2095 2076//2076
f 2100//2100 2132//2132 2794//2794
f 1027//1027 2100//2100 2794//2794
f 2102//2102 2101//2101 2314//2314
f 41//41 2097//2097 40//40
f 2075//2075 2103//2103 42//42
f 41//41 2103//2103 2097//2097
f 2075//2075 2098//2098 2103//2103
f 2098//2098 2097//2097 2103//2103
f 41//41 42//42 2103//2103
f 1757//1757 2102//2102 2314//2314
f 2097//2097 44//44 40//40
f 2502//2502 1647//1647 2105//2105
f 1647//1647 2107//2107 2105//2105
f 1647//1647 2089//2089 2107//2107
f 279//279 286//286 303//303
f 303//303 2109//2109 2110//2110
f 126//126 2112//2112 2109//2109
f 2331//2331 126//126 2109//2109
f 2109//2109 2108//2108 2331//2331
f 2109//2109 2112//2112 2110//2110
f 2331//2331 2812//2812 129//129
f 303//303 2110//2110 295//295
f 2696//2696 295//295 2110//2110
f 2107//2107 2089//2089 2111//2111
f 2696//2696 2110//2110 2112//2112
f 2736//2736 144//144 2112//2112
f 2112//2112 144//144 146//146
f 2736//2736 2112//2112 126//126
f 148//148 2112//2112 146//146
f 2696//2696 2112//2112 148//148
f 2111//2111 2696//2696 148//148
f 150//150 148//148 146//146
f 2106//2106 2111//2111 148//148
f 2113//2113 101//101 2603//2603
f 2113//2113 100//100 101//101
f 100//100 2113//2113 103//103
f 2106//2106 2603//2603 2107//2107
f 2336//2336 103//103 160//160
f 148//148 160//160 2106//2106
f 2102//2102 1757//1757 1758//1758
f 2101//2101 2102//2102 1984//1984
f 1984//1984 2604//2604 2101//2101
f 2786//2786 2604//2604 1984//1984
f 2101//2101 2604//2604 2115//2115
f 2101//2101 2115//2115 2314//2314
f 2116//2116 2314//2314 2115//2115
f 1986//1986 1989//1989 2607//2607
f 1986//1986 2607//2607 1987//1987
f 2749//2749 1997//1997 2786//2786
f 2808//2808 1997//1997 2606//2606
f 1045//1045 1043//1043 2120//2120
f 2120//2120 1043//1043 2117//2117
f 2117//2117 2119//2119 2120//2120
f 2119//2119 2118//2118 2121//2121
f 2118//2118 2117//2117 2794//2794
f 2605//2605 2120//2120 2124//2124
f 2120//2120 2605//2605 1045//1045
f 1046//1046 1045//1045 2605//2605
f 2119//2119 2117//2117 2118//2118
f 2123//2123 2121//2121 2122//2122
f 2123//2123 2158//2158 2119//2119
f 2119//2119 2121//2121 2123//2123
f 2794//2794 2122//2122 2118//2118
f 2121//2121 2118//2118 2122//2122
f 2122//2122 2104//2104 2123//2123
f 1454//1454 1427//1427 1432//1432
f 2119//2119 2158//2158 2124//2124
f 1432//1432 2605//2605 2124//2124
f 2581//2581 2100//2100 1026//1026
f 2126//2126 2132//2132 2100//2100
f 2132//2132 2126//2126 2152//2152
f 2128//2128 2125//2125 2127//2127
f 2125//2125 2128//2128 2126//2126
f 2126//2126 2130//2130 2751//2751
f 2129//2129 2128//2128 2224//2224
f 2751//2751 2130//2130 2229//2229
f 2130//2130 2126//2126 2128//2128
f 2128//2128 2129//2129 2130//2130
f 2132//2132 2131//2131 2104//2104
f 1987//1987 2607//2607 1997//1997
f 1997//1997 2607//2607 2606//2606
f 2029//2029 2133//2133 125//125
f 2607//2607 2146//2146 2606//2606
f 2142//2142 1047//1047 2134//2134
f 2138//2138 2116//2116 2134//2134
f 2115//2115 2114//2114 2116//2116
f 2134//2134 2116//2116 2114//2114
f 2138//2138 2136//2136 2116//2116
f 2314//2314 2116//2116 2135//2135
f 2136//2136 2135//2135 2116//2116
f 2833//2833 2137//2137 1066//1066
f 1047//1047 1066//1066 2137//2137
f 2137//2137 1769//1769 2138//2138
f 1047//1047 2137//2137 2134//2134
f 2137//2137 2138//2138 2134//2134
f 2827//2827 2036//2036 1978//1978
f 2036//2036 2827//2827 2035//2035
f 1593//1593 2590//2590 1590//1590
f 2087//2087 89//89 87//87
f 2139//2139 89//89 2608//2608
f 89//89 2139//2139 91//91
f 2086//2086 2594//2594 2809//2809
f 91//91 77//77 241//241
f 2139//2139 2609//2609 77//77
f 2139//2139 77//77 91//91
f 1978//1978 2346//2346 9//9
f 2140//2140 2138//2138 1769//1769
f 2136//2136 2141//2141 2135//2135
f 2140//2140 2136//2136 2138//2138
f 2141//2141 2136//2136 2140//2140
f 1047//1047 2142//2142 1085//1085
f 2142//2142 2114//2114 2610//2610
f 1085//1085 2142//2142 1087//1087
f 2611//2611 2144//2144 1989//1989
f 1989//1989 2144//2144 2607//2607
f 2144//2144 2146//2146 2607//2607
f 2810//2810 2146//2146 2144//2144
f 469//469 296//296 140//140
f 297//297 140//140 296//296
f 2810//2810 2143//2143 2146//2146
f 2810//2810 2147//2147 2143//2143
f 2615//2615 2697//2697 1755//1755
f 2145//2145 2810//2810 2614//2614
f 2810//2810 2145//2145 2147//2147
f 2147//2147 2145//2145 2615//2615
f 1982//1982 2149//2149 2148//2148
f 2149//2149 1774//1774 2148//2148
f 1982//1982 2698//2698 1983//1983
f 2698//2698 1982//1982 2148//2148
f 2688//2688 1772//1772 2149//2149
f 2149//2149 1772//1772 1774//1774
f 2149//2149 1982//1982 2688//2688
f 2150//2150 1774//1774 1773//1773
f 1774//1774 2150//2150 2148//2148
f 1772//1772 2688//2688 1775//1775
f 2148//2148 2185//2185 2698//2698
f 2698//2698 1993//1993 1983//1983
f 2148//2148 2150//2150 2185//2185
f 2131//2131 2151//2151 2104//2104
f 2131//2131 2132//2132 2152//2152
f 2794//2794 2132//2132 2104//2104
f 2616//2616 2158//2158 2123//2123
f 2151//2151 2153//2153 2154//2154
f 2123//2123 2154//2154 2616//2616
f 2131//2131 2153//2153 2151//2151
f 2153//2153 2131//2131 2152//2152
f 2151//2151 2154//2154 2123//2123
f 2104//2104 2151//2151 2123//2123
f 2156//2156 2159//2159 2155//2155
f 1433//1433 2155//2155 1453//1453
f 1455//1455 2156//2156 2155//2155
f 2155//2155 1433//1433 1455//1455
f 1454//1454 1432//1432 2157//2157
f 2157//2157 2158//2158 2156//2156
f 2157//2157 1455//1455 1454//1454
f 2157//2157 2156//2156 1455//1455
f 2158//2158 2159//2159 2156//2156
f 2616//2616 2243//2243 2245//2245
f 2155//2155 1469//1469 1453//1453
f 2155//2155 2159//2159 1469//1469
f 2159//2159 2158//2158 2616//2616
f 2157//2157 1432//1432 2124//2124
f 2157//2157 2124//2124 2158//2158
f 2616//2616 2245//2245 1476//1476
f 2616//2616 1476//1476 2159//2159
f 1720//1720 1477//1477 2245//2245
f 1477//1477 1476//1476 2245//2245
f 1469//1469 2159//2159 1476//1476
f 2733//2733 2163//2163 2503//2503
f 1649//1649 2503//2503 2163//2163
f 2162//2162 1649//1649 2163//2163
f 2162//2162 1648//1648 1649//1649
f 2617//2617 1898//1898 1896//1896
f 1898//1898 1918//1918 1787//1787
f 2733//2733 2164//2164 2163//2163
f 2619//2619 1898//1898 2161//2161
f 2621//2621 2219//2219 2165//2165
f 2700//2700 2503//2503 1359//1359
f 2169//2169 2166//2166 2168//2168
f 2169//2169 2620//2620 2166//2166
f 2622//2622 2167//2167 2623//2623
f 2168//2168 2623//2623 2699//2699
f 2170//2170 2168//2168 2699//2699
f 2172//2172 2699//2699 2624//2624
f 2699//2699 2172//2172 2170//2170
f 2171//2171 2173//2173 2172//2172
f 1930//1930 2174//2174 2091//2091
f 2092//2092 2175//2175 2091//2091
f 1930//1930 2175//2175 2092//2092
f 2174//2174 1930//1930 2176//2176
f 2176//2176 1930//1930 1929//1929
f 2176//2176 2182//2182 2178//2178
f 2793//2793 2174//2174 2176//2176
f 2175//2175 1930//1930 2091//2091
f 1931//1931 1930//1930 2092//2092
f 2793//2793 2176//2176 2093//2093
f 2182//2182 2177//2177 2178//2178
f 2178//2178 2093//2093 2176//2176
f 2179//2179 2093//2093 2178//2178
f 2184//2184 2093//2093 2179//2179
f 2177//2177 2180//2180 2179//2179
f 2180//2180 2177//2177 2181//2181
f 2181//2181 2182//2182 2014//2014
f 2182//2182 1929//1929 2014//2014
f 2182//2182 2176//2176 1929//1929
f 2177//2177 2182//2182 2181//2181
f 2178//2178 2177//2177 2179//2179
f 2179//2179 2180//2180 2184//2184
f 2698//2698 2185//2185 1993//1993
f 2185//2185 1994//1994 1993//1993
f 2030//2030 1994//1994 2185//2185
f 2194//2194 2186//2186 2187//2187
f 2190//2190 2186//2186 2188//2188
f 2190//2190 2188//2188 2191//2191
f 2186//2186 2190//2190 2192//2192
f 2186//2186 2192//2192 2187//2187
f 2195//2195 2187//2187 2193//2193
f 2192//2192 2193//2193 2187//2187
f 1776//1776 2192//2192 2190//2190
f 2195//2195 2193//2193 2200//2200
f 2186//2186 2194//2194 2188//2188
f 2187//2187 2195//2195 2194//2194
f 2194//2194 2203//2203 2188//2188
f 2203//2203 2196//2196 2188//2188
f 2188//2188 2196//2196 2191//2191
f 2191//2191 2196//2196 2198//2198
f 2193//2193 1778//1778 2197//2197
f 1779//1779 2197//2197 1778//1778
f 2193//2193 1776//1776 1778//1778
f 2192//2192 1776//1776 2193//2193
f 2317//2317 1779//1779 1780//1780
f 2199//2199 1780//1780 2198//2198
f 1780//1780 1777//1777 2198//2198
f 1777//1777 2191//2191 2198//2198
f 2194//2194 2195//2195 2752//2752
f 2195//2195 2200//2200 2752//2752
f 1779//1779 2201//2201 2197//2197
f 2197//2197 2202//2202 2193//2193
f 2202//2202 2200//2200 2193//2193
f 2752//2752 2203//2203 2194//2194
f 2204//2204 2752//2752 2200//2200
f 2752//2752 2204//2204 2205//2205
f 2752//2752 2205//2205 2207//2207
f 2207//2207 2205//2205 2204//2204
f 2206//2206 2210//2210 2208//2208
f 2207//2207 2209//2209 2210//2210
f 2210//2210 2206//2206 2207//2207
f 2202//2202 2204//2204 2200//2200
f 2202//2202 2211//2211 2204//2204
f 2211//2211 2207//2207 2204//2204
f 2202//2202 2212//2212 2211//2211
f 2752//2752 2701//2701 2203//2203
f 2207//2207 2701//2701 2752//2752
f 2701//2701 2207//2207 2206//2206
f 2214//2214 2209//2209 2216//2216
f 264//264 2214//2214 2216//2216
f 2209//2209 2211//2211 2215//2215
f 2209//2209 2207//2207 2211//2211
f 2210//2210 2209//2209 2214//2214
f 2210//2210 2214//2214 2208//2208
f 2209//2209 2215//2215 2216//2216
f 2216//2216 2215//2215 3//3
f 2215//2215 2211//2211 2321//2321
f 22//22 4//4 2217//2217
f 2217//2217 4//4 2//2
f 1//1 2217//2217 2//2
f 1//1 2063//2063 2217//2217
f 2007//2007 2702//2702 2010//2010
f 2007//2007 1918//1918 2702//2702
f 2219//2219 2702//2702 2165//2165
f 2702//2702 2180//2180 2181//2181
f 2180//2180 2220//2220 2184//2184
f 2219//2219 2180//2180 2702//2702
f 2702//2702 2014//2014 2010//2010
f 2184//2184 2220//2220 2218//2218
f 2180//2180 2219//2219 2220//2220
f 2127//2127 2094//2094 2184//2184
f 2221//2221 2127//2127 2184//2184
f 2226//2226 2222//2222 2223//2223
f 2127//2127 2222//2222 2226//2226
f 2222//2222 2127//2127 2221//2221
f 2225//2225 2129//2129 2224//2224
f 2127//2127 2224//2224 2128//2128
f 2226//2226 2225//2225 2224//2224
f 2224//2224 2127//2127 2226//2226
f 2225//2225 2227//2227 2129//2129
f 2130//2130 2228//2228 2227//2227
f 2129//2129 2228//2228 2130//2130
f 2227//2227 2228//2228 2129//2129
f 2227//2227 2225//2225 2226//2226
f 2229//2229 2130//2130 2227//2227
f 2229//2229 2227//2227 2627//2627
f 2627//2627 2227//2227 2226//2226
f 2218//2218 2273//2273 2223//2223
f 2627//2627 2230//2230 2231//2231
f 2231//2231 2230//2230 2273//2273
f 2231//2231 2273//2273 2232//2232
f 2223//2223 2273//2273 2230//2230
f 2226//2226 2223//2223 2230//2230
f 2223//2223 2222//2222 2221//2221
f 2218//2218 2221//2221 2184//2184
f 2221//2221 2218//2218 2223//2223
f 2627//2627 2226//2226 2230//2230
f 2283//2283 2627//2627 2233//2233
f 2626//2626 2753//2753 2625//2625
f 2231//2231 2233//2233 2627//2627
f 2231//2231 2232//2232 2233//2233
f 2063//2063 2626//2626 2625//2625
f 2071//2071 2234//2234 2073//2073
f 2753//2753 2234//2234 24//24
f 2627//2627 2160//2160 2229//2229
f 2235//2235 2234//2234 2753//2753
f 2627//2627 2283//2283 2236//2236
f 2160//2160 2627//2627 2236//2236
f 2237//2237 2160//2160 2238//2238
f 2160//2160 2239//2239 2238//2238
f 2239//2239 2160//2160 2236//2236
f 2238//2238 2240//2240 2241//2241
f 2241//2241 2237//2237 2238//2238
f 2242//2242 2243//2243 2237//2237
f 2243//2243 2244//2244 2245//2245
f 2244//2244 2243//2243 2246//2246
f 2246//2246 2242//2242 2247//2247
f 2242//2242 2246//2246 2243//2243
f 2245//2245 1721//1721 1720//1720
f 1721//1721 2248//2248 1725//1725
f 2248//2248 2244//2244 1725//1725
f 2249//2249 2245//2245 2244//2244
f 2248//2248 2249//2249 2244//2244
f 2249//2249 2248//2248 2245//2245
f 2245//2245 2248//2248 1721//1721
f 2236//2236 2283//2283 2264//2264
f 2240//2240 2236//2236 2250//2250
f 2240//2240 2250//2250 2241//2241
f 2240//2240 2238//2238 2236//2236
f 2236//2236 2238//2238 2239//2239
f 2242//2242 2241//2241 2250//2250
f 2237//2237 2241//2241 2242//2242
f 2251//2251 2250//2250 2264//2264
f 2242//2242 2250//2250 2251//2251
f 2251//2251 2252//2252 2242//2242
f 2734//2734 125//125 118//118
f 2254//2254 2235//2235 2626//2626
f 139//139 135//135 2253//2253
f 140//140 2253//2253 135//135
f 2254//2254 139//139 2253//2253
f 2253//2253 140//140 297//297
f 17//17 16//16 2256//2256
f 17//17 2256//2256 19//19
f 2256//2256 2255//2255 2257//2257
f 2256//2256 39//39 19//19
f 2255//2255 16//16 37//37
f 2257//2257 2258//2258 2189//2189
f 2189//2189 39//39 2256//2256
f 2189//2189 2259//2259 39//39
f 2259//2259 2260//2260 2629//2629
f 38//38 2259//2259 2629//2629
f 2261//2261 2189//2189 2258//2258
f 2189//2189 2261//2261 2259//2259
f 2275//2275 37//37 47//47
f 2236//2236 2264//2264 2250//2250
f 2251//2251 2264//2264 2265//2265
f 2251//2251 2265//2265 2252//2252
f 2266//2266 2252//2252 2265//2265
f 2252//2252 2266//2266 2267//2267
f 2266//2266 2264//2264 2267//2267
f 2264//2264 2266//2266 2265//2265
f 2270//2270 2268//2268 2269//2269
f 2271//2271 2270//2270 2267//2267
f 2270//2270 2252//2252 2267//2267
f 2268//2268 2271//2271 2267//2267
f 2268//2268 2270//2270 2271//2271
f 1725//1725 2272//2272 1792//1792
f 1725//1725 2244//2244 2246//2246
f 2272//2272 1725//1725 2247//2247
f 2247//2247 1725//1725 2246//2246
f 2247//2247 2252//2252 2270//2270
f 2247//2247 2242//2242 2252//2252
f 2218//2218 2220//2220 2169//2169
f 2169//2169 2220//2220 2620//2620
f 2232//2232 2273//2273 2274//2274
f 2274//2274 2169//2169 2170//2170
f 2218//2218 2169//2169 2273//2273
f 2255//2255 2628//2628 2289//2289
f 2277//2277 2263//2263 2276//2276
f 2278//2278 2232//2232 2274//2274
f 2232//2232 2278//2278 2233//2233
f 2628//2628 2277//2277 2279//2279
f 2628//2628 2275//2275 2277//2277
f 2277//2277 2276//2276 2280//2280
f 2263//2263 2282//2282 2276//2276
f 2263//2263 2277//2277 2275//2275
f 2282//2282 2280//2280 2276//2276
f 2283//2283 2233//2233 2278//2278
f 2284//2284 2263//2263 45//45
f 2703//2703 2283//2283 2285//2285
f 2263//2263 2284//2284 2282//2282
f 2274//2274 2292//2292 2278//2278
f 2274//2274 2281//2281 2292//2292
f 2292//2292 2287//2287 2283//2283
f 2292//2292 2283//2283 2278//2278
f 2283//2283 2287//2287 2285//2285
f 2258//2258 2289//2289 2288//2288
f 2173//2173 2281//2281 2172//2172
f 2289//2289 2257//2257 2255//2255
f 2630//2630 2281//2281 2173//2173
f 2288//2288 2290//2290 2213//2213
f 2291//2291 2292//2292 2281//2281
f 2291//2291 2287//2287 2292//2292
f 2293//2293 2287//2287 2291//2291
f 2630//2630 2293//2293 2291//2291
f 155//155 2290//2290 2288//2288
f 2291//2291 2281//2281 2630//2630
f 2293//2293 2285//2285 2287//2287
f 2304//2304 609//609 623//623
f 2258//2258 2288//2288 2213//2213
f 2261//2261 2213//2213 2795//2795
f 2213//2213 2261//2261 2258//2258
f 2764//2764 2214//2214 264//264
f 2262//2262 2261//2261 2795//2795
f 2208//2208 2795//2795 2206//2206
f 2206//2206 2795//2795 2213//2213
f 2795//2795 2208//2208 2764//2764
f 2764//2764 2208//2208 2214//2214
f 2290//2290 2206//2206 2213//2213
f 181//181 2632//2632 2631//2631
f 186//186 178//178 177//177
f 2279//2279 2280//2280 2295//2295
f 177//177 178//178 155//155
f 2633//2633 177//177 2279//2279
f 2286//2286 181//181 2294//2294
f 2280//2280 2282//2282 2295//2295
f 2282//2282 2284//2284 2294//2294
f 2295//2295 2294//2294 2296//2296
f 2282//2282 2294//2294 2295//2295
f 2389//2389 2296//2296 802//802
f 609//609 2285//2285 2293//2293
f 2293//2293 2630//2630 609//609
f 2299//2299 2298//2298 2269//2269
f 2299//2299 2269//2269 2268//2268
f 2267//2267 2299//2299 2268//2268
f 2267//2267 2264//2264 2299//2299
f 2299//2299 2703//2703 2297//2297
f 2300//2300 2298//2298 2299//2299
f 2299//2299 2264//2264 2703//2703
f 2300//2300 2301//2301 2298//2298
f 2247//2247 2270//2270 2272//2272
f 2298//2298 2272//2272 2270//2270
f 2270//2270 2269//2269 2298//2298
f 2781//2781 2272//2272 1839//1839
f 2300//2300 2299//2299 2297//2297
f 2301//2301 2302//2302 2298//2298
f 2297//2297 2301//2301 2300//2300
f 2298//2298 2302//2302 2272//2272
f 2272//2272 2302//2302 2303//2303
f 1839//1839 2272//2272 2303//2303
f 2304//2304 2306//2306 2302//2302
f 2297//2297 2304//2304 2301//2301
f 2703//2703 2304//2304 2297//2297
f 2285//2285 609//609 2304//2304
f 2703//2703 2285//2285 2304//2304
f 2306//2306 2305//2305 678//678
f 678//678 621//621 677//677
f 621//621 678//678 2305//2305
f 2305//2305 2306//2306 2304//2304
f 2305//2305 622//622 621//621
f 2305//2305 623//623 622//622
f 2305//2305 2304//2304 623//623
f 2306//2306 2303//2303 2302//2302
f 2303//2303 2306//2306 2307//2307
f 2303//2303 2307//2307 1851//1851
f 2304//2304 2302//2302 2301//2301
f 2306//2306 678//678 2307//2307
f 1751//1751 2636//2636 1745//1745
f 2403//2403 1735//1735 2052//2052
f 2051//2051 2052//2052 2636//2636
f 2532//2532 2308//2308 1751//1751
f 2309//2309 2637//2637 2704//2704
f 2308//2308 2532//2532 2309//2309
f 2638//2638 2309//2309 2532//2532
f 2782//2782 2637//2637 2310//2310
f 2313//2313 661//661 663//663
f 2313//2313 663//663 2311//2311
f 2726//2726 660//660 2313//2313
f 2171//2171 2704//2704 2637//2637
f 2173//2173 663//663 2371//2371
f 2173//2173 2311//2311 663//663
f 2171//2171 2311//2311 2173//2173
f 2307//2307 678//678 692//692
f 2307//2307 691//691 1851//1851
f 2307//2307 692//692 691//691
f 2630//2630 2173//2173 2371//2371
f 2296//2296 2634//2634 802//802
f 1757//1757 2314//2314 2183//2183
f 1757//1757 2183//2183 2150//2150
f 2183//2183 2185//2185 2150//2150
f 2780//2780 2185//2185 2183//2183
f 2780//2780 2183//2183 2314//2314
f 2796//2796 2030//2030 2780//2780
f 2141//2141 2140//2140 1182//1182
f 1181//1181 1182//1182 2140//2140
f 1207//1207 1206//1206 2427//2427
f 2783//2783 2333//2333 2639//2639
f 2135//2135 2783//2783 2639//2639
f 2640//2640 2430//2430 1206//1206
f 2198//2198 2196//2196 2199//2199
f 2199//2199 2196//2196 2315//2315
f 2196//2196 2642//2642 2315//2315
f 14//14 2643//2643 13//13
f 14//14 2315//2315 2642//2642
f 2315//2315 14//14 2316//2316
f 2315//2315 2316//2316 2199//2199
f 2199//2199 2316//2316 2317//2317
f 2316//2316 2318//2318 2317//2317
f 1780//1780 2199//2199 2317//2317
f 2201//2201 1779//1779 2317//2317
f 2318//2318 2201//2201 2317//2317
f 2318//2318 2641//2641 2201//2201
f 2212//2212 2202//2202 2641//2641
f 34//34 23//23 14//14
f 23//23 2316//2316 14//14
f 2318//2318 2316//2316 23//23
f 2319//2319 23//23 26//26
f 23//23 2319//2319 2318//2318
f 2318//2318 2319//2319 2641//2641
f 33//33 2319//2319 26//26
f 2641//2641 2705//2705 2212//2212
f 2320//2320 2642//2642 2701//2701
f 2320//2320 2206//2206 2290//2290
f 2206//2206 2320//2320 2701//2701
f 2754//2754 2642//2642 2320//2320
f 14//14 2642//2642 2643//2643
f 2321//2321 2211//2211 2212//2212
f 2705//2705 2641//2641 33//33
f 2321//2321 2705//2705 10//10
f 2705//2705 2321//2321 2212//2212
f 3//3 2215//2215 2321//2321
f 10//10 3//3 2321//2321
f 75//75 736//736 81//81
f 81//81 2323//2323 75//75
f 741//741 2322//2322 84//84
f 78//78 79//79 2322//2322
f 81//81 82//82 78//78
f 2323//2323 81//81 78//78
f 78//78 2324//2324 79//79
f 2829//2829 234//234 77//77
f 2803//2803 2837//2837 84//84
f 95//95 79//79 2324//2324
f 2326//2326 101//101 100//100
f 2350//2350 96//96 100//100
f 2843//2843 87//87 104//104
f 106//106 100//100 96//96
f 2326//2326 106//106 2767//2767
f 113//113 2327//2327 114//114
f 2850//2850 233//233 113//113
f 119//119 2803//2803 2735//2735
f 2328//2328 2329//2329 2330//2330
f 2329//2329 115//115 2330//2330
f 119//119 120//120 124//124
f 125//125 2133//2133 2755//2755
f 2717//2717 2332//2332 2333//2333
f 2334//2334 118//118 2332//2332
f 2334//2334 135//135 118//118
f 2708//2708 2334//2334 2717//2717
f 2717//2717 2448//2448 2708//2708
f 135//135 2334//2334 469//469
f 2708//2708 469//469 2334//2334
f 160//160 154//154 2336//2336
f 129//129 2648//2648 133//133
f 95//95 2324//2324 158//158
f 149//149 142//142 2647//2647
f 134//134 2357//2357 2647//2647
f 134//134 122//122 2357//2357
f 149//149 2647//2647 574//574
f 150//150 2339//2339 225//225
f 191//191 225//225 2339//2339
f 175//175 2340//2340 176//176
f 176//176 2337//2337 175//175
f 2339//2339 184//184 191//191
f 150//150 146//146 143//143
f 179//179 178//178 186//186
f 2341//2341 2349//2349 211//211
f 211//211 162//162 2341//2341
f 211//211 2349//2349 212//212
f 225//225 191//191 193//193
f 213//213 2343//2343 282//282
f 2709//2709 2337//2337 2338//2338
f 176//176 2338//2338 2337//2337
f 193//193 226//226 225//225
f 2829//2829 233//233 234//234
f 76//76 2347//2347 2650//2650
f 77//77 234//234 76//76
f 2346//2346 2345//2345 236//236
f 241//241 76//76 243//243
f 2330//2330 2347//2347 2328//2328
f 2850//2850 2347//2347 234//234
f 243//243 76//76 2650//2650
f 237//237 255//255 254//254
f 245//245 259//259 627//627
f 259//259 245//245 2348//2348
f 2349//2349 2644//2644 273//273
f 2350//2350 268//268 277//277
f 267//267 277//277 268//268
f 189//189 188//188 2338//2338
f 2338//2338 176//176 187//187
f 2351//2351 109//109 2707//2707
f 2350//2350 2351//2351 96//96
f 277//277 2351//2351 2350//2350
f 93//93 2835//2835 2651//2651
f 273//273 104//104 2651//2651
f 93//93 2651//2651 104//104
f 212//212 2349//2349 273//273
f 2651//2651 212//212 273//273
f 211//211 212//212 290//290
f 282//282 285//285 267//267
f 266//266 265//265 274//274
f 290//290 212//212 2784//2784
f 618//618 284//284 294//294
f 283//283 299//299 302//302
f 2787//2787 2354//2354 2353//2353
f 2354//2354 304//304 312//312
f 476//476 327//327 2353//2353
f 2569//2569 2353//2353 327//327
f 2787//2787 2353//2353 2569//2569
f 328//328 2356//2356 2711//2711
f 328//328 2711//2711 312//312
f 1908//1908 315//315 2355//2355
f 348//348 2355//2355 315//315
f 320//320 2357//2357 319//319
f 2357//2357 2768//2768 319//319
f 329//329 319//319 2768//2768
f 366//366 373//373 364//364
f 363//363 372//372 365//365
f 328//328 2355//2355 348//348
f 2366//2366 2356//2356 328//328
f 440//440 297//297 296//296
f 2360//2360 465//465 2359//2359
f 454//454 372//372 464//464
f 473//473 2360//2360 296//296
f 745//745 2653//2653 464//464
f 475//475 479//479 2710//2710
f 2354//2354 312//312 2711//2711
f 2356//2356 2361//2361 2711//2711
f 332//332 476//476 2361//2361
f 2361//2361 2356//2356 332//332
f 476//476 2353//2353 2361//2361
f 475//475 431//431 2362//2362
f 2694//2694 476//476 484//484
f 498//498 332//332 2356//2356
f 533//533 1273//1273 2742//2742
f 2363//2363 1273//1273 951//951
f 1273//1273 533//533 2364//2364
f 2366//2366 537//537 2356//2356
f 413//413 536//536 537//537
f 474//474 555//555 551//551
f 515//515 518//518 493//493
f 537//537 536//536 2365//2365
f 573//573 561//561 579//579
f 576//576 589//589 579//579
f 2722//2722 2378//2378 2377//2377
f 58//58 57//57 2654//2654
f 626//626 276//276 249//249
f 247//247 249//249 276//276
f 631//631 249//249 627//627
f 632//632 300//300 301//301
f 631//631 632//632 301//301
f 259//259 632//632 627//627
f 634//634 2368//2368 2707//2707
f 2654//2654 633//633 58//58
f 634//634 636//636 2368//2368
f 2797//2797 109//109 283//283
f 636//636 2378//2378 2368//2368
f 57//57 615//615 2654//2654
f 636//636 641//641 2375//2375
f 2370//2370 644//644 2369//2369
f 645//645 2369//2369 644//644
f 2370//2370 642//642 644//644
f 643//643 657//657 655//655
f 661//661 2372//2372 664//664
f 2372//2372 2374//2374 2373//2373
f 450//450 454//454 2376//2376
f 2653//2653 2376//2376 454//454
f 2655//2655 599//599 2376//2376
f 2374//2374 2372//2372 661//661
f 2374//2374 661//661 660//660
f 2373//2373 2377//2377 2378//2378
f 660//660 2509//2509 2377//2377
f 2377//2377 2374//2374 660//660
f 636//636 2373//2373 2378//2378
f 713//713 2379//2379 364//364
f 668//668 735//735 639//639
f 654//654 639//639 646//646
f 681//681 65//65 66//66
f 65//65 673//673 64//64
f 659//659 696//696 656//656
f 693//693 696//696 2657//2657
f 2387//2387 2713//2713 717//717
f 2375//2375 2386//2386 2387//2387
f 173//173 737//737 2381//2381
f 737//737 173//173 616//616
f 2376//2376 2653//2653 2384//2384
f 730//730 2662//2662 2655//2655
f 2769//2769 75//75 74//74
f 747//747 2383//2383 675//675
f 737//737 735//735 675//675
f 2390//2390 805//805 832//832
f 467//467 764//764 769//769
f 768//768 2660//2660 2384//2384
f 2370//2370 657//657 643//643
f 749//749 708//708 750//750
f 749//749 710//710 708//708
f 2386//2386 2713//2713 2387//2387
f 2713//2713 716//716 783//783
f 771//771 820//820 2386//2386
f 797//797 1041//1041 767//767
f 665//665 2804//2804 2714//2714
f 2393//2393 2714//2714 800//800
f 2838//2838 2390//2390 503//503
f 2389//2389 803//803 804//804
f 792//792 716//716 820//820
f 820//820 716//716 2713//2713
f 2778//2778 202//202 817//817
f 804//804 2577//2577 817//817
f 800//800 2352//2352 479//479
f 479//479 861//861 800//800
f 760//760 761//761 848//848
f 861//861 2393//2393 800//800
f 827//827 796//796 850//850
f 2573//2573 2392//2392 863//863
f 2393//2393 861//861 2388//2388
f 867//867 2388//2388 861//861
f 876//876 867//867 862//862
f 861//861 862//862 867//867
f 867//867 799//799 2388//2388
f 2715//2715 2394//2394 2388//2388
f 2472//2472 751//751 2395//2395
f 751//751 747//747 2395//2395
f 849//849 850//850 2396//2396
f 894//894 2472//2472 2395//2395
f 2395//2395 2396//2396 894//894
f 895//895 195//195 2381//2381
f 886//886 891//891 890//890
f 908//908 2824//2824 969//969
f 2397//2397 926//926 2392//2392
f 948//948 938//938 933//933
f 2401//2401 885//885 893//893
f 885//885 940//940 782//782
f 2398//2398 2399//2399 2756//2756
f 935//935 2399//2399 2398//2398
f 950//950 948//948 2399//2399
f 2399//2399 2839//2839 950//950
f 1162//1162 951//951 2398//2398
f 935//935 2839//2839 2399//2399
f 2838//2838 805//805 2390//2390
f 968//968 1199//1199 967//967
f 928//928 963//963 2400//2400
f 928//928 2400//2400 936//936
f 2380//2380 2402//2402 2463//2463
f 891//891 772//772 816//816
f 816//816 2394//2394 891//891
f 891//891 2715//2715 1025//1025
f 1025//1025 2715//2715 1027//1027
f 1054//1054 1037//1037 1030//1030
f 1045//1045 1044//1044 992//992
f 990//990 989//989 2404//2404
f 984//984 2404//2404 976//976
f 2404//2404 984//984 990//990
f 2405//2405 991//991 2404//2404
f 2405//2405 2404//2404 989//989
f 2405//2405 1053//1053 1059//1059
f 1059//1059 991//991 2405//2405
f 1024//1024 2757//2757 1050//1050
f 1060//1060 2757//2757 2447//2447
f 2757//2757 1059//1059 1053//1053
f 1053//1053 2447//2447 2757//2757
f 1053//1053 1290//1290 2447//2447
f 1062//1062 2330//2330 2391//2391
f 2391//2391 884//884 1062//1062
f 1073//1073 1081//1081 2825//2825
f 2825//2825 841//841 1073//1073
f 191//191 192//192 193//193
f 1094//1094 1086//1086 1367//1367
f 1367//1367 1091//1091 1094//1094
f 211//211 1092//1092 162//162
f 1095//1095 162//162 1092//1092
f 226//226 1098//1098 1111//1111
f 193//193 2406//2406 1098//1098
f 985//985 1100//1100 969//969
f 1099//1099 1096//1096 1109//1109
f 2407//2407 2343//2343 229//229
f 282//282 2343//2343 285//285
f 1100//1100 2825//2825 2663//2663
f 1081//1081 1086//1086 2825//2825
f 1094//1094 1093//1093 1086//1086
f 1115//1115 2408//2408 1114//1114
f 2615//2615 1119//1119 1115//1115
f 1117//1117 1115//1115 1119//1119
f 2408//2408 2409//2409 1126//1126
f 2408//2408 1126//1126 2840//2840
f 1130//1130 1119//1119 2533//2533
f 1119//1119 1130//1130 1117//1117
f 2716//2716 2798//2798 1117//1117
f 1130//1130 2716//2716 1117//1117
f 1106//1106 1103//1103 2410//2410
f 1142//1142 1106//1106 2410//2410
f 1118//1118 2413//2413 1110//1110
f 2412//2412 1151//1151 1110//1110
f 2413//2413 2412//2412 1110//1110
f 1964//1964 1152//1152 1963//1963
f 1152//1152 2412//2412 1153//1153
f 1154//1154 1155//1155 1177//1177
f 1179//1179 1177//1177 1155//1155
f 245//245 2650//2650 2348//2348
f 2851//2851 2348//2348 2650//2650
f 2416//2416 2348//2348 2851//2851
f 2414//2414 1154//1154 2413//2413
f 2412//2412 2413//2413 1154//1154
f 2414//2414 2413//2413 1118//1118
f 2798//2798 2414//2414 1126//1126
f 2416//2416 2415//2415 1160//1160
f 1062//1062 2415//2415 2416//2416
f 1163//1163 2417//2417 1160//1160
f 1162//1162 2589//2589 254//254
f 1162//1162 2756//2756 2589//2589
f 1162//1162 2398//2398 2756//2756
f 2417//2417 2416//2416 1160//1160
f 1166//1166 1165//1165 259//259
f 2419//2419 2418//2418 1171//1171
f 1187//1187 1167//1167 2814//2814
f 1187//1187 2758//2758 1172//1172
f 1189//1189 1092//1092 2758//2758
f 290//290 2758//2758 1092//1092
f 1189//1189 1095//1095 1092//1092
f 1161//1161 1155//1155 1154//1154
f 1161//1161 1132//1132 1155//1155
f 1179//1179 1180//1180 1177//1177
f 1155//1155 1132//1132 2826//2826
f 2422//2422 1182//1182 1181//1181
f 2407//2407 1183//1183 2423//2423
f 285//285 2423//2423 298//298
f 1183//1183 1186//1186 2423//2423
f 299//299 298//298 2423//2423
f 1167//1167 1187//1187 1172//1172
f 1187//1187 2420//2420 1188//1188
f 2420//2420 2419//2419 1192//1192
f 2424//2424 1183//1183 1184//1184
f 1157//1157 2425//2425 1156//1156
f 1111//1111 1156//1156 2425//2425
f 1186//1186 1183//1183 2424//2424
f 1197//1197 1185//1185 2424//2424
f 2426//2426 1185//1185 1197//1197
f 2426//2426 1197//1197 1255//1255
f 1185//1185 645//645 1470//1470
f 645//645 1185//1185 2426//2426
f 2419//2419 1171//1171 2846//2846
f 1207//1207 2640//2640 1206//1206
f 2430//2430 2422//2422 1205//1205
f 1211//1211 1210//1210 1216//1216
f 1219//1219 2428//2428 1231//1231
f 2428//2428 1223//1223 1231//1231
f 2009//2009 2428//2428 2429//2429
f 2431//2431 1205//1205 1220//1220
f 1222//1222 1206//1206 2430//2430
f 1206//1206 1221//1221 2427//2427
f 2428//2428 2445//2445 1223//1223
f 2759//2759 1233//1233 1229//1229
f 1235//1235 1237//1237 2666//2666
f 2757//2757 1235//1235 1236//1236
f 1216//1216 1236//1236 2666//2666
f 737//737 1238//1238 729//729
f 1241//1241 1223//1223 2432//2432
f 1240//1240 1249//1249 1242//1242
f 1224//1224 1234//1234 1239//1239
f 1255//1255 2433//2433 2484//2484
f 2434//2434 1263//1263 1259//1259
f 2434//2434 2438//2438 1267//1267
f 1258//1258 1217//1217 2438//2438
f 2383//2383 1270//1270 1238//1238
f 2383//2383 740//740 1270//1270
f 2436//2436 1519//1519 1518//1518
f 2436//2436 1518//1518 2484//2484
f 2433//2433 2437//2437 2436//2436
f 1264//1264 2434//2434 1267//1267
f 2438//2438 2434//2434 1258//1258
f 1250//1250 1254//1254 2433//2433
f 951//951 1272//1272 2398//2398
f 1275//1275 935//935 1274//1274
f 1272//1272 1273//1273 2364//2364
f 2364//2364 1274//1274 1272//1272
f 1274//1274 1276//1276 2439//2439
f 2439//2439 1275//1275 1274//1274
f 2839//2839 935//935 1275//1275
f 1276//1276 1277//1277 2439//2439
f 534//534 2367//2367 2667//2667
f 2367//2367 579//579 2440//2440
f 589//589 601//601 579//579
f 2441//2441 1294//1294 1280//1280
f 579//579 2442//2442 2440//2440
f 2443//2443 2440//2440 2442//2442
f 72//72 83//83 1268//1268
f 2325//2325 83//83 72//72
f 2435//2435 18//18 72//72
f 72//72 1268//1268 2435//2435
f 2432//2432 1223//1223 1268//1268
f 2771//2771 1282//1282 1384//1384
f 2443//2443 2670//2670 1284//1284
f 2443//2443 1284//1284 2440//2440
f 1284//1284 2462//2462 1279//1279
f 1277//1277 2667//2667 2668//2668
f 2815//2815 1281//1281 1278//1278
f 2445//2445 2009//2009 2435//2435
f 2435//2435 1268//1268 2445//2445
f 2445//2445 1268//1268 1223//1223
f 1219//1219 2831//2831 2429//2429
f 2441//2441 2446//2446 1730//1730
f 1053//1053 2405//2405 1303//1303
f 989//989 2444//2444 1303//1303
f 2448//2448 2449//2449 2708//2708
f 2708//2708 2449//2449 2335//2335
f 1311//1311 2449//2449 2450//2450
f 2449//2449 2448//2448 2450//2450
f 2451//2451 2448//2448 2718//2718
f 1232//1232 1241//1241 1314//1314
f 2448//2448 2717//2717 2718//2718
f 2444//2444 2452//2452 1303//1303
f 1278//1278 1289//1289 2444//2444
f 2447//2447 2454//2454 1291//1291
f 2427//2427 1221//1221 2453//2453
f 145//145 2718//2718 2717//2717
f 2427//2427 2453//2453 2718//2718
f 2453//2453 1313//1313 2451//2451
f 1291//1291 1060//1060 2447//2447
f 1315//1315 1291//1291 2454//2454
f 2757//2757 1024//1024 1059//1059
f 2454//2454 2460//2460 1315//1315
f 2461//2461 1232//1232 2464//2464
f 1314//1314 2464//2464 1232//1232
f 1352//1352 2452//2452 2455//2455
f 1289//1289 2455//2455 2452//2452
f 1232//1232 2461//2461 2456//2456
f 2461//2461 1350//1350 2456//2456
f 1350//1350 1313//1313 2456//2456
f 2453//2453 2456//2456 1313//1313
f 2540//2540 2450//2450 2575//2575
f 1313//1313 1312//1312 2451//2451
f 2450//2450 2448//2448 2451//2451
f 1351//1351 2459//2459 1348//1348
f 1356//1356 1357//1357 2471//2471
f 1353//1353 1356//1356 2471//2471
f 2669//2669 1352//1352 2471//2471
f 2468//2468 1353//1353 2471//2471
f 2471//2471 1357//1357 2460//2460
f 1315//1315 2460//2460 1333//1333
f 1355//1355 2459//2459 1351//1351
f 1377//1377 1376//1376 1378//1378
f 1289//1289 1281//1281 2816//2816
f 1382//1382 2816//2816 2462//2462
f 2462//2462 1281//1281 2815//2815
f 1284//1284 2719//2719 2462//2462
f 2719//2719 2670//2670 1386//1386
f 2671//2671 1386//1386 2670//2670
f 2480//2480 1386//1386 2671//2671
f 1381//1381 1386//1386 2475//2475
f 2480//2480 2475//2475 1386//1386
f 2463//2463 2817//2817 2770//2770
f 2770//2770 2380//2380 2463//2463
f 2465//2465 1360//1360 2464//2464
f 2461//2461 2464//2464 1360//1360
f 1397//1397 1352//1352 2455//2455
f 2816//2816 2455//2455 1289//1289
f 1382//1382 1397//1397 2816//2816
f 2466//2466 1314//1314 2467//2467
f 1314//1314 2432//2432 2467//2467
f 83//83 2467//2467 2432//2432
f 2340//2340 1413//1413 176//176
f 1397//1397 1401//1401 1406//1406
f 1413//1413 2469//2469 2344//2344
f 1416//1416 889//889 881//881
f 1419//1419 1460//1460 2470//2470
f 1419//1419 2470//2470 1441//1441
f 2470//2470 1440//1440 1354//1354
f 1354//1354 2468//2468 2470//2470
f 1442//1442 2470//2470 1460//1460
f 1406//1406 2468//2468 1352//1352
f 2471//2471 1352//1352 2468//2468
f 1406//1406 1441//1441 2468//2468
f 1388//1388 1431//1431 1430//1430
f 1430//1430 1392//1392 1451//1451
f 1447//1447 2474//2474 1390//1390
f 894//894 871//871 1407//1407
f 1447//1447 1390//1390 2817//2817
f 2672//2672 2473//2473 1452//1452
f 2473//2473 1392//1392 1446//1446
f 2473//2473 1451//1451 1392//1392
f 1456//1456 2473//2473 1446//1446
f 1381//1381 2475//2475 1401//1401
f 1445//1445 1457//1457 1459//1459
f 1459//1459 2476//2476 1445//1445
f 2480//2480 2476//2476 2475//2475
f 1419//1419 2476//2476 1459//1459
f 1419//1419 1459//1459 1439//1439
f 1458//1458 1459//1459 2819//2819
f 1457//1457 2819//2819 1459//1459
f 2465//2465 2466//2466 190//190
f 1458//1458 1439//1439 1459//1459
f 2477//2477 1438//1438 1437//1437
f 1466//1466 2478//2478 2520//2520
f 1473//1473 1472//1472 2369//2369
f 1473//1473 2369//2369 645//645
f 1474//1474 2479//2479 2524//2524
f 645//645 2426//2426 1473//1473
f 1473//1473 2426//2426 1474//1474
f 1483//1483 1481//1481 2482//2482
f 2460//2460 1483//1483 2482//2482
f 1343//1343 1333//1333 2460//2460
f 1360//1360 2465//2465 1486//1486
f 1235//1235 2666//2666 1236//1236
f 2481//2481 2666//2666 1488//1488
f 2482//2482 1489//1489 1343//1343
f 1492//1492 2765//2765 1490//1490
f 1452//1452 1500//1500 2672//2672
f 2483//2483 2469//2469 1516//1516
f 2806//2806 1496//1496 1405//1405
f 2486//2486 1457//1457 1445//1445
f 1445//1445 2480//2480 2486//2486
f 1519//1519 1520//1520 1518//1518
f 2479//2479 2484//2484 1518//1518
f 1519//1519 1269//1269 2487//2487
f 1525//1525 1519//1519 2487//2487
f 1524//1524 1525//1525 2487//2487
f 1532//1532 1527//1527 2489//2489
f 2492//2492 1526//1526 1530//1530
f 1519//1519 1525//1525 1520//1520
f 1526//1526 1520//1520 1525//1525
f 1520//1520 2492//2492 1555//1555
f 2528//2528 2490//2490 2491//2491
f 1558//1558 1555//1555 2504//2504
f 2524//2524 2479//2479 2490//2490
f 1518//1518 1520//1520 2491//2491
f 2490//2490 2479//2479 1518//1518
f 1518//1518 2491//2491 2490//2490
f 2504//2504 1555//1555 1559//1559
f 1529//1529 1556//1556 2492//2492
f 1531//1531 1560//1560 2489//2489
f 2678//2678 2836//2836 1494//1494
f 1555//1555 1556//1556 1559//1559
f 1566//1566 1581//1581 1650//1650
f 1507//1507 1546//1546 2497//2497
f 1597//1597 2497//2497 1551//1551
f 1359//1359 2461//2461 1360//1360
f 1486//1486 2778//2778 2053//2053
f 1580//1580 2494//2494 2493//2493
f 1220//1220 1582//1582 1583//1583
f 1243//1243 1219//1219 1231//1231
f 2745//2745 1564//1564 1471//1471
f 1588//1588 1219//1219 1243//1243
f 1243//1243 1220//1220 1588//1588
f 1589//1589 2495//2495 1583//1583
f 2848//2848 2495//2495 2695//2695
f 2848//2848 2695//2695 2591//2591
f 1598//1598 1613//1613 1599//1599
f 1611//1611 1607//1607 1612//1612
f 1440//1440 2470//2470 1442//1442
f 1609//1609 1607//1607 1611//1611
f 1607//1607 2676//2676 1612//1612
f 1440//1440 1442//1442 1611//1611
f 1613//1613 1603//1603 2531//2531
f 1462//1462 2724//2724 1603//1603
f 2681//2681 2819//2819 1457//1457
f 1462//1462 1458//1458 2819//2819
f 1598//1598 1599//1599 1604//1604
f 2677//2677 1661//1661 1596//1596
f 1599//1599 1595//1595 2818//2818
f 1639//1639 2498//2498 2024//2024
f 2024//2024 2498//2498 1293//1293
f 2402//2402 1391//1391 2463//2463
f 1391//1391 2499//2499 1627//1627
f 1631//1631 2500//2500 1633//1633
f 1636//1636 2747//2747 1635//1635
f 2545//2545 1637//1637 2747//2747
f 2024//2024 1643//1643 1639//1639
f 2498//2498 1639//1639 1640//1640
f 1640//1640 2446//2446 2498//2498
f 2507//2507 1650//1650 1640//1640
f 1646//1646 2501//2501 1639//1639
f 1646//1646 1643//1643 1645//1645
f 2598//2598 2089//2089 1645//1645
f 85//85 2598//2598 1645//1645
f 1641//1641 2507//2507 2502//2502
f 1641//1641 2502//2502 2508//2508
f 2457//2457 1313//1313 1648//1648
f 2457//2457 2575//2575 1312//1312
f 2700//2700 1359//1359 2578//2578
f 1581//1581 2483//2483 1650//1650
f 1651//1651 1581//1581 1566//1566
f 1655//1655 1633//1633 1630//1630
f 1595//1595 1658//1658 1661//1661
f 1630//1630 2505//2505 1655//1655
f 2505//2505 1657//1657 1655//1655
f 1559//1559 1654//1654 2504//2504
f 1656//1656 1663//1663 1662//1662
f 1663//1663 1666//1666 1662//1662
f 1657//1657 2505//2505 1656//1656
f 1604//1604 2818//2818 2496//2496
f 2675//2675 1667//1667 1666//1666
f 1562//1562 2822//2822 1606//1606
f 1658//1658 2747//2747 1637//1637
f 2505//2505 1630//1630 1653//1653
f 1656//1656 2505//2505 1654//1654
f 2505//2505 1653//1653 2504//2504
f 1749//1749 2504//2504 1653//1653
f 1651//1651 1693//1693 1581//1581
f 2506//2506 2508//2508 1686//1686
f 1566//1566 1650//1650 2507//2507
f 1688//1688 2506//2506 2746//2746
f 2722//2722 2377//2377 2509//2509
f 1695//1695 1627//1627 1696//1696
f 1447//1447 1695//1695 2474//2474
f 2370//2370 2369//2369 657//657
f 2511//2511 996//996 1082//1082
f 2510//2510 1651//1651 1688//1688
f 1082//1082 1094//1094 2773//2773
f 1091//1091 2773//2773 1094//1094
f 2369//2369 1472//1472 1697//1697
f 1383//1383 1903//1903 1091//1091
f 1701//1701 2517//2517 1702//1702
f 1700//1700 1692//1692 2772//2772
f 1692//1692 1673//1673 2511//2511
f 1692//1692 1700//1700 1702//1702
f 1699//1699 2774//2774 2772//2772
f 1711//1711 1700//1700 2774//2774
f 2512//2512 1474//1474 2524//2524
f 2524//2524 2527//2527 2512//2512
f 1472//1472 1473//1473 2512//2512
f 1474//1474 2512//2512 1473//1473
f 2512//2512 2527//2527 2513//2513
f 2527//2527 1714//1714 2513//2513
f 2513//2513 1472//1472 2512//2512
f 761//761 1716//1716 2777//2777
f 2513//2513 2514//2514 1697//1697
f 1697//1697 1472//1472 2513//2513
f 821//821 2514//2514 2515//2515
f 859//859 2723//2723 1719//1719
f 2539//2539 1717//1717 2517//2517
f 1694//1694 1702//1702 2517//2517
f 1466//1466 1695//1695 2518//2518
f 2478//2478 2519//2519 2520//2520
f 2523//2523 1715//1715 1714//1714
f 1411//1411 1730//1730 2522//2522
f 1297//1297 2522//2522 2446//2446
f 2680//2680 2521//2521 2523//2523
f 2530//2530 2523//2523 1729//1729
f 1729//1729 1728//1728 2530//2530
f 2522//2522 1516//1516 1411//1411
f 2525//2525 2526//2526 2524//2524
f 2525//2525 2524//2524 2490//2490
f 1728//1728 2820//2820 1746//1746
f 1729//1729 2527//2527 2526//2526
f 187//187 1735//1735 2403//2403
f 1732//1732 1733//1733 2493//2493
f 1732//1732 2493//2493 2494//2494
f 187//187 2344//2344 1733//1733
f 1745//1745 2494//2494 1751//1751
f 2494//2494 1745//1745 1732//1732
f 2052//2052 1735//1735 1732//1732
f 1601//1601 1610//1610 2727//2727
f 2525//2525 2490//2490 2528//2528
f 2526//2526 1728//1728 1729//1729
f 2527//2527 1729//1729 1714//1714
f 2525//2525 1728//1728 2526//2526
f 1747//1747 1746//1746 1628//1628
f 1628//1628 2529//2529 1747//1747
f 1522//1522 1739//1739 1521//1521
f 2820//2820 2528//2528 1734//1734
f 2519//2519 1727//1727 1731//1731
f 1750//1750 1726//1726 2531//2531
f 1693//1693 2494//2494 1580//1580
f 1693//1693 2532//2532 2494//2494
f 1751//1751 2494//2494 2532//2532
f 2726//2726 2509//2509 660//660
f 2313//2313 660//660 661//661
f 2638//2638 2510//2510 2775//2775
f 1749//1749 1558//1558 2504//2504
f 1746//1746 1754//1754 1628//1628
f 2534//2534 2533//2533 1756//1756
f 2563//2563 2529//2529 1628//1628
f 1129//1129 1755//1755 466//466
f 2697//2697 2359//2359 465//465
f 2535//2535 2760//2760 2563//2563
f 2760//2760 2535//2535 1630//1630
f 2761//2761 1129//1129 2537//2537
f 466//466 2537//2537 1129//1129
f 473//473 2335//2335 2537//2537
f 1768//1768 2534//2534 2538//2538
f 2533//2533 2534//2534 1130//1130
f 2541//2541 2538//2538 2534//2534
f 2534//2534 1756//1756 2541//2541
f 1783//1783 1181//1181 1766//1766
f 1793//1793 2539//2539 1701//1701
f 2536//2536 2540//2540 1794//1794
f 2536//2536 2761//2761 2540//2540
f 2541//2541 1781//1781 2554//2554
f 1726//1726 1599//1599 2531//2531
f 1614//1614 2520//2520 1724//1724
f 2724//2724 2727//2727 1791//1791
f 1702//1702 1711//1711 2542//2542
f 1711//1711 2774//2774 1713//1713
f 1713//1713 1712//1712 1711//1711
f 1405//1405 1496//1496 1568//1568
f 1789//1789 1635//1635 2747//2747
f 1821//1821 1786//1786 1820//1820
f 2728//2728 2545//2545 1636//1636
f 1630//1630 1633//1633 2760//2760
f 2500//2500 2545//2545 2544//2544
f 1638//1638 1637//1637 2545//2545
f 1819//1819 1793//1793 1703//1703
f 1703//1703 1833//1833 1827//1827
f 1954//1954 2547//2547 1922//1922
f 1831//1831 1832//1832 2546//2546
f 2546//2546 1832//1832 1846//1846
f 1844//1844 1954//1954 1845//1845
f 1857//1857 1856//1856 2684//2684
f 2684//2684 1762//1762 2833//2833
f 2549//2549 2684//2684 2833//2833
f 1863//1863 2550//2550 1102//1102
f 1872//1872 1863//1863 2551//2551
f 2551//2551 1863//1863 1102//1102
f 1871//1871 1869//1869 1874//1874
f 1862//1862 1863//1863 1872//1872
f 1885//1885 2552//2552 2685//2685
f 1174//1174 2538//2538 1176//1176
f 2554//2554 1890//1890 1893//1893
f 1893//1893 2553//2553 1176//1176
f 1383//1383 1894//1894 1895//1895
f 1787//1787 2554//2554 1781//1781
f 1787//1787 1890//1890 2554//2554
f 1142//1142 1909//1909 1875//1875
f 2785//2785 2421//2421 2826//2826
f 1903//1903 1699//1699 1091//1091
f 1903//1903 1895//1895 1892//1892
f 1870//1870 2555//2555 2033//2033
f 2766//2766 1902//1902 2556//2556
f 1912//1912 2557//2557 1890//1890
f 2555//2555 204//204 1906//1906
f 1875//1875 1909//1909 1907//1907
f 2559//2559 2560//2560 1891//1891
f 1713//1713 2560//2560 2561//2561
f 2561//2561 2559//2559 1920//1920
f 2725//2725 1920//1920 2559//2559
f 2729//2729 1922//1922 2561//2561
f 1921//1921 2529//2529 2563//2563
f 1925//1925 1922//1922 2729//2729
f 1847//1847 1834//1834 1926//1926
f 2010//2010 2014//2014 1929//1929
f 2685//2685 1880//1880 1883//1883
f 1880//1880 2685//2685 1881//1881
f 1932//1932 1881//1881 2552//2552
f 2729//2729 1920//1920 2529//2529
f 1921//1921 1939//1939 2729//2729
f 1948//1948 1632//1632 1828//1828
f 1948//1948 2563//2563 1632//1632
f 2548//2548 1845//1845 1951//1951
f 1828//1828 2548//2548 1952//1952
f 2687//2687 1977//1977 1962//1962
f 1964//1964 1977//1977 2687//2687
f 2435//2435 2564//2564 1834//1834
f 1977//1977 1976//1976 2762//2762
f 1976//1976 1977//1977 2827//2827
f 2834//2834 1962//1962 1977//1977
f 46//46 1280//1280 2565//2565
f 2008//2008 340//340 1908//1908
f 340//340 315//315 1908//1908
f 1280//1280 2566//2566 2441//2441
f 2562//2562 1924//1924 1582//1582
f 1582//1582 1589//1589 1583//1583
f 2354//2354 2556//2556 1902//1902
f 2570//2570 1179//1179 2568//2568
f 2731//2731 1978//1978 2036//2036
f 2570//2570 2691//2691 2036//2036
f 2731//2731 2036//2036 2691//2691
f 2691//2691 2571//2571 2731//2731
f 2692//2692 2039//2039 2762//2762
f 2791//2791 2692//2692 9//9
f 2039//2039 2692//2692 2040//2040
f 2572//2572 2038//2038 2042//2042
f 2042//2042 2038//2038 2039//2039
f 2041//2041 2572//2572 2043//2043
f 2042//2042 2043//2043 2572//2572
f 2575//2575 2050//2050 1794//1794
f 1794//1794 2540//2540 2575//2575
f 2540//2540 1311//1311 2450//2450
f 2579//2579 2576//2576 2051//2051
f 825//825 2051//2051 2576//2576
f 2576//2576 817//817 825//825
f 2052//2052 825//825 2403//2403
f 1486//1486 2578//2578 1360//1360
f 2799//2799 2053//2053 2579//2579
f 2750//2750 2054//2054 2799//2799
f 2579//2579 2750//2750 2799//2799
f 2636//2636 2750//2750 2051//2051
f 2057//2057 876//876 2582//2582
f 2582//2582 2580//2580 2057//2057
f 2057//2057 2581//2581 799//799
f 1809//1809 2582//2582 1795//1795
f 2070//2070 2066//2066 2584//2584
f 2695//2695 2495//2495 1602//1602
f 2068//2068 2495//2495 1589//1589
f 2076//2076 2095//2095 2585//2585
f 2800//2800 2076//2076 2073//2073
f 2828//2828 2012//2012 2429//2429
f 2080//2080 2079//2079 80//80
f 2082//2082 2573//2573 2574//2574
f 2588//2588 2587//2587 2083//2083
f 2345//2345 2346//2346 2731//2731
f 2730//2730 2345//2345 2731//2731
f 2363//2363 2588//2588 2083//2083
f 2588//2588 951//951 258//258
f 2082//2082 2067//2067 932//932
f 933//933 932//932 2589//2589
f 2084//2084 2695//2695 1602//1602
f 2695//2695 2085//2085 2591//2591
f 2695//2695 2084//2084 2085//2085
f 2594//2594 2085//2085 2592//2592
f 1593//1593 1592//1592 2086//2086
f 1592//1592 2594//2594 2086//2086
f 2592//2592 2809//2809 2594//2594
f 1973//1973 113//113 2088//2088
f 113//113 233//233 2088//2088
f 2732//2732 1968//1968 1973//1973
f 1587//1587 2849//2849 2595//2595
f 286//286 2595//2595 2763//2763
f 2081//2081 2567//2567 2021//2021
f 2024//2024 1293//1293 2567//2567
f 2611//2611 2596//2596 2613//2613
f 2613//2613 2614//2614 2611//2611
f 2585//2585 2095//2095 2596//2596
f 2584//2584 2585//2585 2070//2070
f 2584//2584 2071//2071 2585//2585
f 2055//2055 2581//2581 2580//2580
f 2125//2125 2094//2094 2127//2127
f 85//85 2597//2597 80//80
f 1643//1643 2597//2597 85//85
f 799//799 1026//1026 2715//2715
f 1026//1026 799//799 2581//2581
f 440//440 2599//2599 2095//2095
f 1027//1027 1026//1026 2100//2100
f 274//274 42//42 43//43
f 80//80 2079//2079 42//42
f 274//274 80//80 42//42
f 2603//2603 2105//2105 2107//2107
f 2602//2602 2109//2109 303//303
f 2602//2602 2108//2108 2109//2109
f 2602//2602 2763//2763 2590//2590
f 2590//2590 2601//2601 2600//2600
f 2331//2331 2108//2108 2812//2812
f 2106//2106 2107//2107 2111//2111
f 2108//2108 2602//2602 2600//2600
f 2590//2590 2600//2600 2602//2602
f 2108//2108 105//105 2812//2812
f 105//105 2644//2644 2812//2812
f 105//105 2600//2600 102//102
f 2108//2108 2600//2600 105//105
f 2603//2603 101//101 2105//2105
f 102//102 2600//2600 2601//2601
f 2113//2113 2603//2603 2106//2106
f 160//160 103//103 2113//2113
f 2106//2106 160//160 2113//2113
f 2114//2114 2115//2115 2604//2604
f 2120//2120 2119//2119 2124//2124
f 1046//1046 2605//2605 1417//1417
f 2581//2581 2125//2125 2100//2100
f 2125//2125 2126//2126 2100//2100
f 2610//2610 2114//2114 2808//2808
f 89//89 2087//2087 2608//2608
f 2086//2086 2608//2608 2087//2087
f 2590//2590 1593//1593 2601//2601
f 1593//1593 2087//2087 2601//2601
f 102//102 2087//2087 87//87
f 2601//2601 2087//2087 102//102
f 2608//2608 2086//2086 2809//2809
f 2809//2809 2139//2139 2608//2608
f 2346//2346 1978//1978 2731//2731
f 2592//2592 2593//2593 2809//2809
f 2809//2809 2609//2609 2139//2139
f 2610//2610 2143//2143 2142//2142
f 2610//2610 2606//2606 2146//2146
f 2143//2143 2610//2610 2146//2146
f 2586//2586 2611//2611 1989//1989
f 2586//2586 2596//2596 2611//2611
f 2144//2144 2611//2611 2614//2614
f 439//439 2613//2613 2599//2599
f 2599//2599 2596//2596 2095//2095
f 469//469 140//140 135//135
f 2147//2147 1114//1114 2143//2143
f 2533//2533 1119//1119 1755//1755
f 2697//2697 2612//2612 2359//2359
f 2145//2145 2612//2612 2697//2697
f 2697//2697 2615//2615 2145//2145
f 2612//2612 2613//2613 439//439
f 439//439 2359//2359 2612//2612
f 2612//2612 2145//2145 2614//2614
f 1114//1114 2615//2615 1115//1115
f 2050//2050 2162//2162 2617//2617
f 2458//2458 2503//2503 1649//1649
f 1898//1898 2617//2617 2161//2161
f 2050//2050 2617//2617 1896//1896
f 2733//2733 2618//2618 2164//2164
f 2621//2621 2165//2165 2619//2619
f 2163//2163 2164//2164 2161//2161
f 2162//2162 2163//2163 2161//2161
f 2621//2621 2619//2619 2161//2161
f 2618//2618 2621//2621 2164//2164
f 2165//2165 1918//1918 2619//2619
f 1898//1898 2619//2619 1918//1918
f 2618//2618 2166//2166 2620//2620
f 2733//2733 2166//2166 2618//2618
f 2733//2733 2503//2503 2167//2167
f 2733//2733 2167//2167 2622//2622
f 2624//2624 2699//2699 2779//2779
f 2168//2168 2622//2622 2623//2623
f 2168//2168 2166//2166 2622//2622
f 2622//2622 2166//2166 2733//2733
f 2172//2172 2624//2624 2171//2171
f 22//22 2217//2217 2625//2625
f 2073//2073 2234//2234 2235//2235
f 2616//2616 2229//2229 2237//2237
f 2237//2237 2243//2243 2616//2616
f 2069//2069 2626//2626 2063//2063
f 2734//2734 2626//2626 2069//2069
f 2254//2254 2626//2626 2734//2734
f 2099//2099 2254//2254 2253//2253
f 297//297 2099//2099 2253//2253
f 2800//2800 2235//2235 2254//2254
f 2734//2734 118//118 139//139
f 139//139 2254//2254 2734//2734
f 16//16 2255//2255 2256//2256
f 2280//2280 2279//2279 2277//2277
f 2284//2284 45//45 2629//2629
f 2286//2286 2284//2284 2629//2629
f 2258//2258 2257//2257 2289//2289
f 156//156 2290//2290 155//155
f 609//609 2630//2630 619//619
f 2262//2262 2764//2764 2632//2632
f 177//177 2289//2289 2279//2279
f 2289//2289 177//177 2288//2288
f 155//155 2288//2288 177//177
f 186//186 177//177 2633//2633
f 2286//2286 2294//2294 2284//2284
f 181//181 2634//2634 2294//2294
f 2279//2279 2295//2295 2633//2633
f 2296//2296 2633//2633 2295//2295
f 802//802 2634//2634 2635//2635
f 2052//2052 1732//1732 1745//1745
f 1745//1745 2636//2636 2052//2052
f 2636//2636 1751//1751 2308//2308
f 2636//2636 2308//2308 2779//2779
f 2704//2704 2779//2779 2308//2308
f 2310//2310 2637//2637 2309//2309
f 2704//2704 2308//2308 2309//2309
f 2532//2532 2510//2510 2638//2638
f 2310//2310 2309//2309 2638//2638
f 2775//2775 2312//2312 2638//2638
f 2637//2637 2311//2311 2171//2171
f 2371//2371 2656//2656 2630//2630
f 2635//2635 188//188 802//802
f 2635//2635 2338//2338 188//188
f 2634//2634 181//181 2635//2635
f 2296//2296 2294//2294 2634//2634
f 186//186 2633//2633 2296//2296
f 2755//2755 2639//2639 2333//2333
f 2141//2141 1182//1182 2640//2640
f 145//145 1207//1207 2427//2427
f 2783//2783 145//145 2333//2333
f 2755//2755 2333//2333 2332//2332
f 145//145 2783//2783 1207//1207
f 2640//2640 2783//2783 2141//2141
f 2202//2202 2201//2201 2641//2641
f 33//33 2641//2641 2319//2319
f 2811//2811 2754//2754 156//156
f 2754//2754 2325//2325 2643//2643
f 2642//2642 2754//2754 2643//2643
f 25//25 2753//2753 24//24
f 2323//2323 2322//2322 74//74
f 72//72 13//13 2643//2643
f 89//89 92//92 87//87
f 2843//2843 2644//2644 105//105
f 2645//2645 2329//2329 114//114
f 127//127 152//152 379//379
f 388//388 379//379 152//152
f 2803//2803 95//95 2735//2735
f 154//154 213//213 2646//2646
f 161//161 164//164 2813//2813
f 2631//2631 2337//2337 2709//2709
f 192//192 191//191 194//194
f 2347//2347 2851//2851 2650//2650
f 238//238 258//258 255//255
f 2764//2764 264//264 2631//2631
f 277//277 109//109 2351//2351
f 301//301 2784//2784 2835//2835
f 2352//2352 294//294 2652//2652
f 151//151 143//143 307//307
f 312//312 304//304 2355//2355
f 356//356 366//366 364//364
f 428//428 2739//2739 322//322
f 2694//2694 327//327 476//476
f 533//533 2742//2742 532//532
f 388//388 494//494 407//407
f 109//109 2797//2797 2707//2707
f 641//641 636//636 640//640
f 638//638 599//599 2655//2655
f 695//695 638//638 2655//2655
f 664//664 2658//2658 667//667
f 709//709 2657//2657 659//659
f 693//693 2657//2657 710//710
f 725//725 672//672 2658//2658
f 711//711 714//714 73//73
f 736//736 2659//2659 748//748
f 748//748 2659//2659 746//746
f 71//71 2659//2659 681//681
f 746//746 2741//2741 748//748
f 502//502 769//769 780//780
f 502//502 467//467 769//769
f 885//885 782//782 708//708
f 771//771 2516//2516 821//821
f 873//873 862//862 531//531
f 879//879 779//779 777//777
f 2396//2396 795//795 868//868
f 931//931 932//932 933//933
f 978//978 2661//2661 977//977
f 2661//2661 978//978 999//999
f 910//910 1025//1025 1028//1028
f 1101//1101 797//797 949//949
f 1058//1058 2402//2402 2662//2662
f 2380//2380 2662//2662 2402//2402
f 1097//1097 1100//1100 2663//2663
f 1110//1110 2410//2410 1103//1103
f 1021//1021 1048//1048 1009//1009
f 1143//1143 1084//1084 2664//2664
f 1162//1162 258//258 951//951
f 1165//1165 1166//1166 2814//2814
f 1164//1164 1163//1163 1160//1160
f 1178//1178 1150//1150 1070//1070
f 2805//2805 1194//1194 1195//1195
f 1200//1200 1203//1203 1198//1198
f 1201//1201 1198//1198 1199//1199
f 952//952 1201//1201 1199//1199
f 2661//2661 1201//1201 952//952
f 1205//1205 1222//1222 2430//2430
f 1224//1224 1209//1209 1225//1225
f 2666//2666 2481//2481 2665//2665
f 2673//2673 2665//2665 2481//2481
f 1278//1278 1275//1275 2439//2439
f 1284//1284 1279//1279 2668//2668
f 2757//2757 1052//1052 1235//1235
f 1303//1303 2452//2452 1290//1290
f 2669//2669 1290//1290 2452//2452
f 2719//2719 1284//1284 2670//2670
f 1388//1388 2771//2771 1384//1384
f 1396//1396 1351//1351 1318//1318
f 2671//2671 2670//2670 1451//1451
f 1451//1451 2672//2672 2671//2671
f 1438//1438 1517//1517 2485//2485
f 2520//2520 2745//2745 1471//1471
f 2844//2844 1590//1590 2849//2849
f 2591//2591 1591//1591 2848//2848
f 2678//2678 2496//2496 2675//2675
f 2678//2678 2676//2676 2496//2496
f 2677//2677 2675//2675 2496//2496
f 1688//1688 1651//1651 1566//1566
f 1686//1686 2746//2746 2506//2506
f 2523//2523 1714//1714 1729//1729
f 2530//2530 2725//2725 2680//2680
f 1776//1776 2191//2191 1778//1778
f 2541//2541 1756//1756 2536//2536
f 1595//1595 1788//1788 1789//1789
f 1600//1600 1722//1722 1788//1788
f 1876//1876 1809//1809 2682//2682
f 1817//1817 2683//2683 1836//1836
f 2544//2544 1632//1632 2500//2500
f 1860//1860 1857//1857 2684//2684
f 2551//2551 1106//1106 1875//1875
f 2557//2557 2766//2766 1893//1893
f 2559//2559 2680//2680 2725//2725
f 1920//1920 2725//2725 2529//2529
f 1810//1810 1784//1784 1934//1934
f 2546//2546 2544//2544 2728//2728
f 1948//1948 1952//1952 1939//1939
f 2686//2686 1962//1962 1961//1961
f 2686//2686 1147//1147 2687//2687
f 1147//1147 1149//1149 2687//2687
f 2006//2006 1999//1999 2689//2689
f 2023//2023 2021//2021 2689//2689
f 2013//2013 2689//2689 1999//1999
f 2028//2028 1869//1869 2690//2690
f 2028//2028 2027//2027 1589//1589
f 2030//2030 2029//2029 1994//1994
f 9//9 2692//2692 1976//1976
f 863//863 253//253 2043//2043
f 2579//2579 2051//2051 2750//2750
f 2693//2693 2015//2015 2080//2080
f 2095//2095 297//297 440//440
f 2099//2099 297//297 2095//2095
f 2122//2122 2794//2794 2104//2104
f 2237//2237 2229//2229 2160//2160
f 2140//2140 1769//1769 1181//1181
f 2165//2165 2702//2702 1918//1918
f 2219//2219 2620//2620 2220//2220
f 2779//2779 2699//2699 2054//2054
f 2054//2054 2699//2699 2623//2623
f 2201//2201 2202//2202 2197//2197
f 2642//2642 2203//2203 2701//2701
f 2014//2014 2702//2702 2181//2181
f 2753//2753 2626//2626 2235//2235
f 2257//2257 2189//2189 2256//2256
f 38//38 2629//2629 45//45
f 2264//2264 2283//2283 2703//2703
f 2779//2779 2704//2704 2624//2624
f 2624//2624 2704//2704 2171//2171
f 79//79 84//84 2322//2322
f 2322//2322 2323//2323 78//78
f 72//72 2643//2643 2325//2325
f 2767//2767 106//106 2706//2706
f 2706//2706 108//108 2767//2767
f 108//108 2706//2706 2722//2722
f 2706//2706 106//106 2712//2712
f 96//96 2712//2712 106//106
f 2712//2712 96//96 2351//2351
f 2722//2722 2706//2706 2712//2712
f 115//115 2329//2329 2645//2645
f 154//154 2646//2646 2336//2336
f 2467//2467 83//83 2649//2649
f 2649//2649 83//83 2325//2325
f 161//161 2648//2648 2341//2341
f 243//243 2650//2650 245//245
f 2351//2351 2707//2707 2712//2712
f 322//322 313//313 2358//2358
f 2652//2652 322//322 2710//2710
f 2353//2353 2711//2711 2361//2361
f 2366//2366 412//412 413//413
f 575//575 607//607 597//597
f 2378//2378 2722//2722 2712//2712
f 2378//2378 2712//2712 2368//2368
f 2707//2707 2368//2368 2712//2712
f 2797//2797 634//634 2707//2707
f 663//663 667//667 2371//2371
f 661//661 667//667 663//663
f 2655//2655 2384//2384 730//730
f 806//806 2385//2385 784//784
f 2713//2713 783//783 717//717
f 666//666 2714//2714 2821//2821
f 2396//2396 798//798 795//795
f 2394//2394 2393//2393 2388//2388
f 2821//2821 2393//2393 2394//2394
f 2715//2715 2388//2388 799//799
f 2715//2715 1026//1026 1027//1027
f 1074//1074 2550//2550 1066//1066
f 1132//1132 1161//1161 2716//2716
f 1179//1179 2421//2421 2568//2568
f 1188//1188 1192//1192 1191//1191
f 1212//1212 1216//1216 2665//2665
f 2665//2665 2759//2759 1212//1212
f 1216//1216 2666//2666 2665//2665
f 1269//1269 1263//1263 2434//2434
f 1269//1269 2434//2434 2487//2487
f 1276//1276 1274//1274 2364//2364
f 2432//2432 1268//1268 83//83
f 2670//2670 2443//2443 1283//1283
f 2440//2440 1284//1284 2668//2668
f 469//469 2708//2708 2335//2335
f 2333//2333 145//145 2717//2717
f 2427//2427 2718//2718 145//145
f 2460//2460 2669//2669 2471//2471
f 2454//2454 1290//1290 2669//2669
f 2672//2672 2480//2480 2671//2671
f 2466//2466 2464//2464 1314//1314
f 1430//1430 2771//2771 1388//1388
f 2473//2473 2672//2672 1451//1451
f 1486//1486 2465//2465 2720//2720
f 1237//1237 1488//1488 2666//2666
f 2481//2481 1490//1490 2488//2488
f 1495//1495 2806//2806 1336//1336
f 1452//1452 1497//1497 1500//1500
f 2672//2672 1500//1500 2486//2486
f 2486//2486 2480//2480 2672//2672
f 176//176 2344//2344 187//187
f 1457//1457 1507//1507 2681//2681
f 1527//1527 1528//1528 2721//2721
f 2488//2488 2721//2721 1528//1528
f 2438//2438 1217//1217 2673//2673
f 2673//2673 2674//2674 2438//2438
f 1266//1266 2438//2438 2674//2674
f 1528//1528 1491//1491 2488//2488
f 1487//1487 2674//2674 1491//1491
f 1487//1487 1266//1266 2674//2674
f 2488//2488 1491//1491 2674//2674
f 1531//1531 2489//2489 2721//2721
f 2489//2489 1527//1527 2721//2721
f 2788//2788 1529//1529 2492//2492
f 2765//2765 1489//1489 2482//2482
f 2765//2765 2482//2482 1481//1481
f 1478//1478 1531//1531 2721//2721
f 1560//1560 1529//1529 2788//2788
f 1484//1484 1494//1494 2836//2836
f 2836//2836 2678//2678 2822//2822
f 2778//2778 2720//2720 202//202
f 2591//2591 1592//1592 1591//1591
f 2676//2676 1605//1605 2496//2496
f 1494//1494 1608//1608 2678//2678
f 2724//2724 1462//1462 2819//2819
f 2676//2676 1607//1607 1605//1605
f 1608//1608 1612//1612 2676//2676
f 2676//2676 2678//2678 1608//1608
f 2496//2496 1605//1605 1604//1604
f 1604//1604 1599//1599 2818//2818
f 1507//1507 2497//2497 2681//2681
f 1791//1791 2727//2727 1610//1610
f 2457//2457 1648//1648 2162//2162
f 1596//1596 1615//1615 2677//2677
f 1666//1666 1667//1667 1662//1662
f 1657//1657 1656//1656 1662//1662
f 2496//2496 2818//2818 2677//2677
f 1615//1615 1667//1667 2675//2675
f 2675//2675 2677//2677 1615//1615
f 108//108 2509//2509 1687//1687
f 108//108 2722//2722 2509//2509
f 1686//1686 108//108 2746//2746
f 1715//1715 2515//2515 2514//2514
f 2521//2521 1718//1718 2723//2723
f 1718//1718 1719//1719 2723//2723
f 2679//2679 1717//1717 2519//2519
f 1718//1718 2680//2680 1891//1891
f 1737//1737 1522//1522 2724//2724
f 1597//1597 2727//2727 2497//2497
f 2681//2681 2497//2497 2727//2727
f 1742//1742 1737//1737 2724//2724
f 2725//2725 1747//1747 2529//2529
f 1521//1521 2724//2724 1522//1522
f 1687//1687 2509//2509 2726//2726
f 1687//1687 2746//2746 108//108
f 1129//1129 1756//1756 2533//2533
f 465//465 466//466 2697//2697
f 1755//1755 2697//2697 466//466
f 2761//2761 1311//1311 2540//2540
f 2727//2727 2724//2724 2681//2681
f 1791//1791 1743//1743 1742//1742
f 2724//2724 1791//1791 1742//1742
f 1496//1496 2485//2485 1808//1808
f 2728//2728 1636//1636 1825//1825
f 1831//1831 2546//2546 2728//2728
f 1825//1825 1826//1826 2728//2728
f 2545//2545 2747//2747 1636//1636
f 2728//2728 2544//2544 2545//2545
f 1828//1828 2544//2544 2548//2548
f 1845//1845 2548//2548 2546//2546
f 1174//1174 1176//1176 1132//1132
f 1713//1713 2774//2774 1892//1892
f 1176//1176 2553//2553 2826//2826
f 2553//2553 1893//1893 2766//2766
f 2556//2556 2789//2789 2785//2785
f 2785//2785 2766//2766 2556//2556
f 227//227 2558//2558 2686//2686
f 2561//2561 2560//2560 2559//2559
f 2729//2729 2561//2561 1920//1920
f 2552//2552 1881//1881 2685//2685
f 1632//1632 2544//2544 1828//1828
f 2546//2546 2548//2548 2544//2544
f 1985//1985 2688//2688 2786//2786
f 2787//2787 2789//2789 2556//2556
f 2569//2569 2691//2691 2568//2568
f 2569//2569 2571//2571 2691//2691
f 2730//2730 327//327 2694//2694
f 2053//2053 2578//2578 1486//1486
f 2779//2779 2750//2750 2636//2636
f 2058//2058 2068//2068 2027//2027
f 2730//2730 2694//2694 2587//2587
f 2731//2731 2571//2571 2730//2730
f 2587//2587 2345//2345 2730//2730
f 2587//2587 238//238 2345//2345
f 2588//2588 2363//2363 951//951
f 2084//2084 2732//2732 2085//2085
f 2592//2592 2088//2088 2593//2593
f 2184//2184 2094//2094 2583//2583
f 2055//2055 2583//2583 2094//2094
f 2125//2125 2055//2055 2094//2094
f 103//103 2336//2336 2350//2350
f 2612//2612 2614//2614 2613//2613
f 2621//2621 2620//2620 2219//2219
f 2069//2069 125//125 2734//2734
f 181//181 2631//2631 2709//2709
f 2726//2726 2313//2313 2782//2782
f 2312//2312 1687//1687 2726//2726
f 2726//2726 2782//2782 2312//2312
f 181//181 2709//2709 2635//2635
f 2802//2802 28//28 32//32
f 119//119 2735//2735 120//120
f 120//120 2735//2735 137//137
f 182//182 137//137 163//163
f 817//817 202//202 179//179
f 238//238 255//255 236//236
f 258//258 238//238 2588//2588
f 213//213 282//282 2646//2646
f 126//126 133//133 2736//2736
f 306//306 2736//2736 133//133
f 313//313 284//284 305//305
f 441//441 426//426 2737//2737
f 378//378 381//381 2738//2738
f 322//322 2739//2739 475//475
f 354//354 2737//2737 426//426
f 465//465 473//473 466//466
f 465//465 2360//2360 473//473
f 473//473 469//469 2335//2335
f 2739//2739 437//437 485//485
f 485//485 431//431 2739//2739
f 683//683 604//604 684//684
f 59//59 714//714 60//60
f 732//732 2769//2769 633//633
f 769//769 764//764 2741//2741
f 754//754 765//765 770//770
f 765//765 766//766 770//770
f 778//778 769//769 2741//2741
f 800//800 2714//2714 2804//2804
f 949//949 797//797 880//880
f 2399//2399 948//948 2756//2756
f 1031//1031 910//910 1028//1028
f 1147//1147 2411//2411 1149//1149
f 1162//1162 254//254 258//258
f 1203//1203 1200//1200 1209//1209
f 1262//1262 1252//1252 1256//1256
f 534//534 2743//2743 533//533
f 2743//2743 2364//2364 533//533
f 579//579 601//601 2442//2442
f 2444//2444 989//989 990//990
f 1355//1355 2744//2744 2459//2459
f 2720//2720 2465//2465 190//190
f 1567//1567 2745//2745 1610//1610
f 1610//1610 2745//2745 1614//1614
f 1698//1698 1629//1629 1634//1634
f 108//108 1686//1686 2767//2767
f 2775//2775 1688//1688 2746//2746
f 1757//1757 2150//2150 1775//1775
f 1788//1788 1790//1790 1789//1789
f 1789//1789 2747//2747 1595//1595
f 1631//1631 1638//1638 2500//2500
f 1861//1861 1860//1860 2748//2748
f 1864//1864 2748//2748 1862//1862
f 1919//1919 1861//1861 2748//2748
f 1865//1865 2748//2748 1864//1864
f 2801//2801 1007//1007 1009//1009
f 1634//1634 1803//1803 1950//1950
f 1652//1652 1950//1950 1967//1967
f 1983//1983 1993//1993 2749//2749
f 1994//1994 2749//2749 1993//1993
f 2023//2023 2013//2013 2693//2693
f 2576//2576 2053//2053 2778//2778
f 2066//2066 2064//2064 2034//2034
f 2068//2068 2065//2065 263//263
f 2015//2015 2693//2693 2013//2013
f 2082//2082 2392//2392 2573//2573
f 2844//2844 1592//1592 1593//1593
f 295//295 2089//2089 2598//2598
f 101//101 2508//2508 2105//2105
f 2126//2126 2751//2751 2152//2152
f 2153//2153 2152//2152 2751//2751
f 2029//2029 2030//2030 2133//2133
f 2154//2154 2153//2153 2751//2751
f 2169//2169 2168//2168 2170//2170
f 2625//2625 2753//2753 22//22
f 2229//2229 2616//2616 2751//2751
f 2259//2259 2261//2261 2260//2260
f 1792//1792 2272//2272 2781//2781
f 125//125 2755//2755 118//118
f 129//129 133//133 2331//2331
f 2342//2342 179//179 202//202
f 238//238 236//236 2345//2345
f 431//431 475//475 2739//2739
f 484//484 2742//2742 2363//2363
f 1276//1276 2364//2364 2743//2743
f 601//601 1282//1282 2442//2442
f 2384//2384 2655//2655 2376//2376
f 778//778 2741//2741 750//750
f 948//948 933//933 2756//2756
f 1093//1093 1094//1094 1082//1082
f 1188//1188 2758//2758 1187//1187
f 1212//1212 2759//2759 1229//1229
f 1050//1050 2757//2757 1236//1236
f 1208//1208 1202//1202 1203//1203
f 1191//1191 1240//1240 1242//1242
f 2363//2363 2742//2742 1273//1273
f 2743//2743 2667//2667 1276//1276
f 2442//2442 1283//1283 2443//2443
f 1276//1276 2667//2667 1277//1277
f 2335//2335 2449//2449 1311//1311
f 2450//2450 2451//2451 1312//1312
f 1368//1368 1376//1376 1377//1377
f 1283//1283 1451//1451 2670//2670
f 1478//1478 2822//2822 1562//1562
f 2050//2050 2575//2575 2457//2457
f 2578//2578 1359//1359 1360//1360
f 1566//1566 2506//2506 1688//1688
f 1717//1717 2832//2832 2517//2517
f 1521//1521 1750//1750 2724//2724
f 1632//1632 2563//2563 2760//2760
f 1756//1756 1129//1129 2761//2761
f 2761//2761 2537//2537 1311//1311
f 2536//2536 1794//1794 2541//2541
f 1632//1632 2760//2760 2500//2500
f 1890//1890 2557//2557 1893//1893
f 2686//2686 2558//2558 1147//1147
f 2729//2729 2529//2529 1921//1921
f 1589//1589 1582//1582 1924//1924
f 2570//2570 2568//2568 2691//2691
f 327//327 2571//2571 2569//2569
f 2692//2692 2762//2762 1976//1976
f 2579//2579 2053//2053 2576//2576
f 2779//2779 2054//2054 2750//2750
f 2589//2589 2756//2756 933//933
f 2732//2732 2592//2592 2085//2085
f 2070//2070 2585//2585 2596//2596
f 2596//2596 2599//2599 2613//2613
f 2616//2616 2154//2154 2751//2751
f 2620//2620 2621//2621 2618//2618
f 2656//2656 619//619 2630//2630
f 2312//2312 2782//2782 2310//2310
f 1207//1207 2783//2783 2640//2640
f 2632//2632 2764//2764 2631//2631
f 370//370 322//322 2358//2358
f 630//630 714//714 59//59
f 1282//1282 2771//2771 2442//2442
f 2720//2720 190//190 202//202
f 2759//2759 2665//2665 2673//2673
f 1495//1495 1438//1438 2485//2485
f 2190//2190 2191//2191 1776//1776
f 2687//2687 1962//1962 2686//2686
f 2167//2167 2054//2054 2623//2623
f 202//202 190//190 2342//2342
f 2568//2568 2421//2421 2789//2789
f 1283//1283 2771//2771 1430//1430
f 1283//1283 1430//1430 1451//1451
f 2765//2765 1484//1484 2836//2836
f 2488//2488 1490//1490 2765//2765
f 1481//1481 1484//1484 2765//2765
f 1486//1486 2720//2720 2778//2778
f 2675//2675 1606//1606 2822//2822
f 1728//1728 1747//1747 2530//2530
f 1756//1756 2761//2761 2536//2536
f 327//327 2730//2730 2571//2571
f 240//240 2327//2327 235//235
f 247//247 94//94 244//244
f 123//123 2768//2768 122//122
f 261//261 2768//2768 141//141
f 329//329 2768//2768 261//261
f 634//634 2797//2797 642//642
f 2740//2740 2770//2770 726//726
f 1118//1118 1110//1110 1109//1109
f 1161//1161 2798//2798 2716//2716
f 1177//1177 1153//1153 2412//2412
f 1177//1177 1180//1180 1153//1153
f 1153//1153 1180//1180 1963//1963
f 1524//1524 2487//2487 1264//1264
f 1275//1275 1278//1278 990//990
f 1283//1283 2442//2442 2771//2771
f 2849//2849 1590//1590 2595//2595
f 1620//1620 1660//1660 1659//1659
f 2511//2511 2773//2773 2772//2772
f 2773//2773 1699//1699 2772//2772
f 2725//2725 2530//2530 1747//1747
f 2510//2510 1688//1688 2775//2775
f 1781//1781 1794//1794 1896//1896
f 1892//1892 2774//2774 1699//1699
f 1939//1939 1952//1952 1960//1960
f 1951//1951 1845//1845 1960//1960
f 1934//1934 1926//1926 2564//2564
f 2564//2564 1999//1999 1934//1934
f 848//848 2777//2777 865//865
f 817//817 2576//2576 2778//2778
f 2700//2700 2799//2799 2054//2054
f 2792//2792 2580//2580 2582//2582
f 2693//2693 2080//2080 2090//2090
f 2185//2185 2780//2780 2030//2030
f 2260//2260 2262//2262 2286//2286
f 2286//2286 2629//2629 2260//2260
f 2281//2281 2274//2274 2170//2170
f 2172//2172 2281//2281 2170//2170
f 2311//2311 2637//2637 2782//2782
f 2782//2782 2313//2313 2311//2311
f 2133//2133 2639//2639 2755//2755
f 2030//2030 2796//2796 2133//2133
f 2135//2135 2141//2141 2783//2783
f 264//264 2216//2216 3//3
f 2651//2651 2784//2784 212//212
f 1153//1153 1963//1963 1152//1152
f 2789//2789 2421//2421 2785//2785
f 534//534 2667//2667 2743//2743
f 2451//2451 2718//2718 2453//2453
f 2531//2531 1603//1603 2724//2724
f 2511//2511 1082//1082 2773//2773
f 761//761 2777//2777 848//848
f 2724//2724 1750//1750 2531//2531
f 2541//2541 1794//1794 1781//1781
f 2569//2569 2568//2568 2787//2787
f 2583//2583 2055//2055 2792//2792
f 1985//1985 2786//2786 1984//1984
f 2235//2235 2800//2800 2073//2073
f 15//15 2071//2071 2584//2584
f 767//767 756//756 777//777
f 1056//1056 1057//1057 1054//1054
f 770//770 2385//2385 1265//1265
f 1277//1277 2668//2668 1279//1279
f 2488//2488 2674//2674 2481//2481
f 1710//1710 1652//1652 2777//2777
f 1590//1590 2763//2763 2595//2595
f 2481//2481 1488//1488 1490//1490
f 1530//1530 2788//2788 2492//2492
f 1530//1530 1532//1532 2788//2788
f 2489//2489 2788//2788 1532//1532
f 1594//1594 1601//1601 2727//2727
f 2088//2088 2592//2592 2732//2732
f 797//797 767//767 779//779
f 1031//1031 1028//1028 1034//1034
f 1209//1209 1218//1218 1225//1225
f 1564//1564 1537//1537 1497//1497
f 1403//1403 1629//1629 1561//1561
f 1782//1782 2776//2776 1783//1783
f 2801//2801 1008//1008 1007//1007
f 2134//2134 2114//2114 2142//2142
f 1200//1200 1218//1218 1209//1209
f 2674//2674 2673//2673 2481//2481
f 1259//1259 1258//1258 2434//2434
f 2444//2444 990//990 1278//1278
f 2028//2028 1589//1589 1924//1924
f 2262//2262 2632//2632 2286//2286
f 2638//2638 2312//2312 2310//2310
f 99//99 116//116 134//134
f 463//463 461//461 470//470
f 457//457 1213//1213 739//739
f 1859//1859 2776//2776 1782//1782
f 2789//2789 2787//2787 2568//2568
f 119//119 124//124 2790//2790
f 9//9 236//236 2791//2791
f 310//310 311//311 164//164
f 986//986 962//962 1000//1000
f 1010//1010 1012//1012 1885//1885
f 1047//1047 1074//1074 1066//1066
f 2048//2048 2801//2801 1080//1080
f 1264//1264 2487//2487 2434//2434
f 1431//1431 1392//1392 1430//1430
f 1548//1548 1547//1547 1620//1620
f 2781//2781 1849//1849 1796//1796
f 2776//2776 1858//1858 1915//1915
f 1901//1901 1899//1899 1850//1850
f 1960//1960 1954//1954 1925//1925
f 1960//1960 1845//1845 1954//1954
f 2791//2791 236//236 237//237
f 237//237 2040//2040 2791//2791
f 2056//2056 2793//2793 2792//2792
f 2056//2056 2792//2792 2582//2582
f 1043//1043 1036//1036 2117//2117
f 2260//2260 2261//2261 2262//2262
f 2262//2262 2795//2795 2764//2764
f 2314//2314 2135//2135 2780//2780
f 2639//2639 2133//2133 2796//2796
f 2845//2845 2342//2342 2811//2811
f 2797//2797 283//283 302//302
f 302//302 642//642 2797//2797
f 642//642 302//302 644//644
f 2409//2409 2798//2798 1126//1126
f 2502//2502 2105//2105 2508//2508
f 2493//2493 1733//1733 2344//2344
f 2538//2538 1893//1893 1176//1176
f 2040//2040 2692//2692 2791//2791
f 2053//2053 2799//2799 2578//2578
f 2597//2597 1643//1643 2024//2024
f 2099//2099 2076//2076 2800//2800
f 1359//1359 2503//2503 2458//2458
f 2254//2254 2099//2099 2800//2800
f 2780//2780 2135//2135 2796//2796
f 2639//2639 2796//2796 2135//2135
f 717//717 725//725 2658//2658
f 1117//1117 2798//2798 2409//2409
f 1382//1382 2462//2462 2719//2719
f 2578//2578 2799//2799 2700//2700
f 2312//2312 2775//2775 1687//1687
f 2071//2071 15//15 2234//2234
f 2777//2777 1652//1652 1967//1967
f 1992//1992 2749//2749 1994//1994
f 2803//2803 119//119 2837//2837
f 911//911 812//812 2824//2824
f 1648//1648 1350//1350 2458//2458
f 2458//2458 1350//1350 1359//1359
f 251//251 2044//2044 252//252
f 2055//2055 2580//2580 2792//2792
f 9//9 2346//2346 236//236
f 1289//1289 1278//1278 1281//1281
f 768//768 756//756 767//767
f 2217//2217 2063//2063 2625//2625
f 382//382 400//400 391//391
f 382//382 387//387 400//400
f 760//760 777//777 755//755
f 2719//2719 1381//1381 1382//1382
f 1537//1537 1485//1485 1497//1497
f 1874//1874 1924//1924 1865//1865
f 1386//1386 1381//1381 2719//2719
f 2632//2632 181//181 2286//2286
f 6//6 8//8 1//1
f 6//6 1//1 2//2
f 32//32 19//19 39//39
f 241//241 77//77 76//76
f 116//116 230//230 134//134
f 183//183 434//434 471//471
f 183//183 182//182 434//434
f 461//461 468//468 470//470
f 1137//1137 321//321 323//323
f 1137//1137 325//325 321//321
f 1209//1209 1208//1208 1203//1203
f 1209//1209 1239//1239 1208//1208
f 1397//1397 1406//1406 1352//1352
f 459//459 1230//1230 460//460
f 460//460 1230//1230 739//739
f 2823//2823 1855//1855 1847//1847
f 46//46 1855//1855 2823//2823
f 2028//2028 1924//1924 1874//1874
f 47//47 2263//2263 2275//2275
f 45//45 2263//2263 47//47
f 1734//1734 1749//1749 1754//1754
f 37//37 2802//2802 47//47
f 79//79 2803//2803 84//84
f 2843//2843 104//104 273//273
f 306//306 2813//2813 311//311
f 544//544 543//543 628//628
f 2352//2352 800//800 2804//2804
f 869//869 2824//2824 908//908
f 1079//1079 161//161 162//162
f 1166//1166 1163//1163 2814//2814
f 2423//2423 285//285 2407//2407
f 2424//2424 1184//1184 2805//2805
f 1221//1221 1244//1244 1245//1245
f 1366//1366 1379//1379 1367//1367
f 726//726 1387//1387 686//686
f 1389//1389 1387//1387 726//726
f 867//867 2057//2057 799//799
f 2584//2584 2066//2066 2034//2034
f 2085//2085 2594//2594 2591//2591
f 286//286 2807//2807 2595//2595
f 2604//2604 2786//2786 2808//2808
f 2786//2786 1997//1997 2808//2808
f 2593//2593 2609//2609 2809//2809
f 2144//2144 2614//2614 2810//2810
f 37//37 2275//2275 2628//2628
f 2273//2273 2169//2169 2274//2274
f 156//156 2320//2320 2290//2290
f 2754//2754 2811//2811 2325//2325
f 102//102 87//87 2843//2843
f 129//129 2812//2812 2349//2349
f 133//133 2648//2648 2813//2813
f 2649//2649 2811//2811 190//190
f 2850//2850 234//234 233//233
f 656//656 65//65 681//681
f 2380//2380 2770//2770 695//695
f 666//666 665//665 2714//2714
f 470//470 468//468 503//503
f 1149//1149 1152//1152 1964//1964
f 1163//1163 2418//2418 2814//2814
f 2814//2814 2418//2418 2420//2420
f 2420//2420 1187//1187 2814//2814
f 1186//1186 1185//1185 1470//1470
f 2815//2815 1277//1277 1279//1279
f 2439//2439 2815//2815 1278//1278
f 2462//2462 2815//2815 1279//1279
f 2455//2455 2816//2816 1397//1397
f 1389//1389 2817//2817 1390//1390
f 1495//1495 1496//1496 2806//2806
f 1595//1595 2677//2677 2818//2818
f 1696//1696 1681//1681 2518//2518
f 1728//1728 2525//2525 2820//2820
f 2820//2820 2525//2525 2528//2528
f 1746//1746 2820//2820 1734//1734
f 1106//1106 2551//2551 1102//1102
f 2582//2582 876//876 1795//1795
f 2071//2071 2076//2076 2585//2585
f 2694//2694 2083//2083 2587//2587
f 303//303 2763//2763 2602//2602
f 2349//2349 2812//2812 2644//2644
f 2610//2610 2808//2808 2606//2606
f 2147//2147 2615//2615 1114//1114
f 2709//2709 2338//2338 2635//2635
f 1182//1182 2430//2430 2640//2640
f 2422//2422 2430//2430 1182//1182
f 102//102 2843//2843 105//105
f 161//161 2813//2813 2648//2648
f 2325//2325 2811//2811 2649//2649
f 1165//1165 2814//2814 1167//1167
f 2439//2439 1277//1277 2815//2815
f 1595//1595 1600//1600 1788//1788
f 2055//2055 2125//2125 2581//2581
f 2196//2196 2203//2203 2642//2642
f 2649//2649 2466//2466 2467//2467
f 2466//2466 2649//2649 190//190
f 2394//2394 816//816 2821//2821
f 666//666 2821//2821 816//816
f 2714//2714 2393//2393 2821//2821
f 1174//1174 1132//1132 2716//2716
f 2724//2724 2819//2819 2681//2681
f 45//45 47//47 2802//2802
f 45//45 2802//2802 38//38
f 2652//2652 284//284 313//313
f 1687//1687 2775//2775 2746//2746
f 2696//2696 2089//2089 295//295
f 2162//2162 2050//2050 2457//2457
f 286//286 2763//2763 303//303
f 2675//2675 2822//2822 2678//2678
f 1746//1746 1747//1747 1728//1728
f 2114//2114 2604//2604 2808//2808
f 37//37 2628//2628 2255//2255
f 2811//2811 2342//2342 190//190
f 46//46 2823//2823 2842//2842
f 969//969 2824//2824 985//985
f 2663//2663 2825//2825 1086//1086
f 2553//2553 2785//2785 2826//2826
f 1964//1964 2035//2035 2827//2827
f 2077//2077 2012//2012 2828//2828
f 2279//2279 2289//2289 2628//2628
f 2609//2609 2829//2829 77//77
f 2593//2593 2088//2088 233//233
f 2824//2824 812//812 2830//2830
f 2824//2824 2830//2830 985//985
f 1155//1155 2826//2826 2421//2421
f 2452//2452 2444//2444 1289//1289
f 1387//1387 1431//1431 1388//1388
f 2849//2849 1587//1587 2831//2831
f 2518//2518 1681//1681 2832//2832
f 2518//2518 2832//2832 2679//2679
f 2762//2762 2834//2834 1977//1977
f 2831//2831 2828//2828 2429//2429
f 2829//2829 2609//2609 2593//2593
f 1114//1114 2840//2840 1087//1087
f 2621//2621 2161//2161 2164//2164
f 2320//2320 156//156 2754//2754
f 27//27 1642//1642 2807//2807
f 2651//2651 2835//2835 2784//2784
f 2096//2096 2077//2077 2828//2828
f 636//636 2375//2375 2373//2373
f 2721//2721 2836//2836 1478//1478
f 1176//1176 2826//2826 1132//1132
f 428//428 322//322 370//370
f 2763//2763 1590//1590 2590//2590
f 1036//1036 2794//2794 2117//2117
f 1478//1478 2836//2836 2822//2822
f 649//649 294//294 2352//2352
f 470//470 503//503 2390//2390
f 2846//2846 1203//1203 1202//1202
f 1588//1588 2831//2831 1219//1219
f 2096//2096 1642//1642 27//27
f 97//97 2837//2837 2790//2790
f 178//178 2845//2845 155//155
f 793//793 957//957 2838//2838
f 2838//2838 780//780 793//793
f 950//950 2839//2839 984//984
f 1118//1118 2840//2840 1126//1126
f 1136//1136 1148//1148 1137//1137
f 2848//2848 1588//1588 1583//1583
f 2555//2555 2841//2841 204//204
f 46//46 2842//2842 1280//1280
f 2342//2342 2845//2845 178//178
f 2330//2330 2851//2851 2347//2347
f 2644//2644 2843//2843 273//273
f 957//957 805//805 2838//2838
f 984//984 2839//2839 990//990
f 2538//2538 2554//2554 1893//1893
f 1642//1642 1587//1587 2595//2595
f 2617//2617 2162//2162 2161//2161
f 2721//2721 2765//2765 2836//2836
f 1591//1591 2844//2844 2849//2849
f 2354//2354 2711//2711 2353//2353
f 1217//1217 2759//2759 2673//2673
f 1591//1591 1592//1592 2844//2844
f 1590//1590 2844//2844 1593//1593
f 2488//2488 2765//2765 2721//2721
f 2167//2167 2700//2700 2054//2054
f 2790//2790 2837//2837 119//119
f 156//156 2845//2845 2811//2811
f 470//470 2390//2390 492//492
f 1695//1695 1696//1696 2518//2518
f 1137//1137 1150//1150 342//342
f 1694//1694 1681//1681 1680//1680
f 2593//2593 233//233 2829//2829
f 726//726 2770//2770 1389//1389
f 1114//1114 1087//1087 2143//2143
f 1694//1694 2832//2832 1681//1681
f 1217//1217 1233//1233 2759//2759
f 2786//2786 1983//1983 2749//2749
f 1029//1029 2794//2794 1036//1036
f 2740//2740 726//726 686//686
f 2804//2804 649//649 2352//2352
f 1198//1198 1203//1203 2846//2846
f 2847//2847 2654//2654 618//618
f 650//650 2654//2654 2847//2847
f 649//649 2847//2847 294//294
f 649//649 665//665 2847//2847
f 74//74 741//741 324//324
f 1085//1085 1096//1096 1099//1099
f 1580//1580 2469//2469 2483//2483
f 1591//1591 2849//2849 1588//1588
f 232//232 2834//2834 1975//1975
f 2142//2142 2143//2143 1087//1087
f 2167//2167 2503//2503 2700//2700
f 114//114 2850//2850 113//113
f 114//114 2328//2328 2850//2850
f 1580//1580 2493//2493 2469//2469
f 1466//1466 2518//2518 2478//2478
f 2710//2710 2352//2352 2652//2652
f 2499//2499 1696//1696 1627//1627
f 2499//2499 1665//1665 1696//1696
f 1085//1085 1087//1087 1096//1096
f 2328//2328 2347//2347 2850//2850
f 1587//1587 2828//2828 2831//2831
f 1588//1588 2849//2849 2831//2831
f 1096//1096 2840//2840 1118//1118
f 1148//1148 1150//1150 1137//1137
f 1591//1591 1588//1588 2848//2848
f 2390//2390 501//501 492//492
f 640//640 634//634 642//642
f 1150//1150 1144//1144 342//342
f 1642//1642 2828//2828 1587//1587
f 2770//2770 2817//2817 1389//1389
f 2688//2688 1983//1983 2786//2786
f 142//142 489//489 425//425
f 149//149 489//489 142//142
f 640//640 636//636 634//634
f 652//652 2740//2740 686//686
# 5698 faces, 0 coords texture

# End of File
