####
#
# OBJ File Generated by Meshlab
#
####
# Object frog_norm.obj
#
# Vertices: 1470
# Faces: 2936
#
####
vn 0.615979 -0.547135 -0.566757
v 0.324115 0.101447 0.190351
vn 0.783870 -0.399127 -0.475653
v 0.339990 0.124864 0.190478
vn 0.615204 0.232211 -0.753393
v 0.350804 0.126344 0.200575
vn 0.965652 -0.196986 -0.169451
v 0.361774 0.152870 0.214975
vn 0.988452 0.058982 -0.139588
v 0.367840 0.182237 0.269183
vn 0.274148 -0.946999 0.167438
v 0.258167 0.047133 0.274237
vn 0.738316 -0.201249 0.643730
v 0.335440 0.158275 0.385521
vn 0.921074 0.091062 0.378589
v 0.372946 0.131242 0.321194
vn 0.911911 -0.325306 0.250190
v 0.369597 0.193468 0.334217
vn 0.303251 -0.703778 0.642445
v 0.138541 0.042153 0.386008
vn 0.270529 -0.691028 0.670295
v 0.225417 0.092675 0.393997
vn 0.305819 -0.589274 0.747818
v 0.178505 0.139324 0.459629
vn -0.384154 0.555416 0.737522
v 0.503158 -0.136958 0.342061
vn 0.070788 0.869012 0.489702
v 0.555348 -0.167772 0.430963
vn 0.308205 0.911977 -0.270754
v 0.692401 -0.170929 0.349942
vn 0.276244 0.893887 0.353066
v 0.680108 -0.171525 0.378013
vn 0.332309 0.934087 -0.130585
v 0.618076 -0.130522 0.328355
vn -0.255274 0.887248 0.384223
v 0.529481 -0.139537 0.354877
vn 0.011064 0.938243 0.345799
v 0.584902 -0.138485 0.384624
vn -0.310536 0.926068 0.214395
v 0.528517 -0.163826 0.412261
vn 0.356568 0.928060 0.107538
v 0.580691 -0.125635 0.310172
vn 0.670230 -0.367359 0.644856
v 0.735582 -0.219511 0.639385
vn 0.613480 -0.218587 -0.758856
v 0.555950 -0.171815 0.237607
vn 0.185526 0.976617 -0.108627
v 0.701857 -0.167966 0.546550
vn 0.780438 0.608303 -0.144510
v 0.756567 -0.184835 0.564546
vn 0.282642 -0.911764 -0.297992
v 0.705885 -0.219511 0.516931
vn 0.543409 0.720708 -0.430449
v 0.710270 -0.184485 0.520691
vn -0.206373 0.978189 0.023610
v 0.645533 -0.170675 0.493354
vn 0.618685 0.779176 -0.100565
v 0.666207 -0.181308 0.433377
vn 0.241130 0.954162 -0.177289
v 0.673751 -0.171860 0.488293
vn 0.525655 -0.575634 -0.626365
v 0.839291 -0.219505 0.333592
vn 0.640592 0.640286 -0.423883
v 0.844471 -0.187234 0.350353
vn 0.932815 0.333267 -0.137075
v 0.855567 -0.198606 0.368408
vn 0.798536 -0.599934 0.049194
v 0.857811 -0.218816 0.380162
vn 0.823353 0.424133 0.377096
v 0.848086 -0.194202 0.403391
vn 0.581405 0.437083 -0.686242
v 0.654597 -0.163960 0.310154
vn -0.006118 0.917653 -0.397336
v 0.771253 -0.171773 0.360953
vn -0.095372 0.439674 -0.893079
v 0.790902 -0.198976 0.325319
vn -0.177078 -0.756228 0.629891
v 0.743529 -0.219460 0.410589
vn -0.247441 0.463556 0.850816
v 0.782667 -0.189549 0.429942
vn 0.252883 0.651067 0.715655
v 0.815541 -0.180343 0.426985
vn 0.279589 0.514731 -0.810483
v 0.824339 -0.193668 0.330130
vn 0.312122 0.948801 0.048554
v 0.821514 -0.168390 0.389411
vn -0.291773 0.483469 0.825304
v 0.748359 -0.186410 0.411108
vn -0.096249 0.945012 0.312551
v 0.741924 -0.170718 0.389501
vn -0.117602 0.194178 -0.973891
v 0.747027 -0.199573 0.339536
vn 0.449003 0.489345 0.747621
v 0.689069 -0.199498 0.408746
vn 0.437222 -0.170150 -0.883111
v 0.681804 -0.199111 0.331663
vn 0.432663 0.502783 -0.748340
v 0.690555 -0.178767 0.337514
vn 0.321006 0.769087 0.552685
v 0.710065 -0.178981 0.634459
vn -0.320471 0.529262 0.785608
v 0.670776 -0.187207 0.641434
vn 0.304687 0.167453 0.937617
v 0.711145 -0.204384 0.648480
vn -0.235919 -0.741170 -0.628498
v 0.525628 -0.199322 0.246257
vn -0.982294 -0.035186 0.184012
v 0.637966 -0.204395 0.537895
vn -0.718374 -0.693408 0.055895
v 0.636481 -0.219539 0.606355
vn -0.777727 0.307097 0.548482
v 0.648284 -0.196043 0.626941
vn -0.557750 0.810450 0.179126
v 0.651797 -0.172817 0.599070
vn -0.645281 0.743597 0.175145
v 0.644537 -0.178344 0.535065
vn -0.597862 -0.162383 0.784979
v 0.408576 -0.218567 0.517966
vn -0.308668 0.837150 0.451557
v 0.450781 -0.190862 0.568200
vn -0.740307 0.669090 -0.065297
v 0.412573 -0.204906 0.490241
vn -0.598240 0.582434 -0.550345
v 0.432779 -0.205221 0.459096
vn -0.010301 0.922806 0.385126
v 0.524056 -0.166263 0.456928
vn -0.919602 -0.153068 -0.361805
v 0.495565 -0.201512 0.394128
vn -0.725954 0.603274 -0.330229
v 0.463961 -0.192668 0.440992
vn 0.275552 0.496571 0.823096
v 0.571157 -0.199521 0.457173
vn -0.096446 0.935718 0.339307
v 0.616211 -0.176620 0.447787
vn -0.677818 0.712198 -0.182584
v 0.494953 -0.180781 0.410976
vn -0.862793 0.384144 0.328667
v 0.506421 -0.165475 0.362073
vn -0.964795 -0.249386 0.083528
v 0.505243 -0.198343 0.338473
vn 0.432688 -0.087720 -0.897266
v 0.628767 -0.200161 0.293193
vn 0.576609 0.411311 -0.705935
v 0.601619 -0.150325 0.288310
vn -0.754931 -0.643265 -0.127627
v 0.505069 -0.199487 0.313049
vn -0.787580 -0.468501 0.400280
v 0.475141 -0.164695 0.312905
vn 0.377132 0.869274 0.319586
v 0.645125 -0.156094 0.391900
vn -0.039126 -0.965455 0.257614
v 0.588807 -0.219511 0.445867
vn -0.684427 -0.359555 0.634255
v 0.609079 -0.207489 0.475657
vn -0.485669 0.734772 0.473535
v 0.601872 -0.187426 0.459551
vn 0.860506 0.011433 -0.509311
v 0.703214 -0.199000 0.496229
vn -0.272890 0.236110 0.932622
v 0.459040 -0.095710 0.308415
vn 0.676010 0.695286 0.244105
v 0.543800 -0.083477 0.273063
vn -0.078695 -0.721244 -0.688197
v 0.486687 -0.159804 0.206981
vn 0.596258 -0.327083 -0.733139
v 0.516192 -0.116077 0.183098
vn 0.455365 0.709298 -0.538089
v 0.415987 0.063657 0.189378
vn -0.879315 -0.449964 -0.156004
v 0.347207 -0.041743 0.198335
vn 0.777074 0.626371 0.061772
v 0.433669 0.059869 0.223063
vn -0.657312 0.202328 -0.725950
v 0.344563 0.054669 0.175578
vn -0.597939 0.112710 -0.793578
v 0.348752 0.036584 0.166680
vn -0.132324 0.412478 -0.901306
v 0.355884 0.090464 0.184885
vn -0.853733 -0.417260 -0.311504
v 0.329253 -0.009305 0.205952
vn 0.505854 -0.373179 0.777720
v 0.343445 0.090016 0.365887
vn 0.793571 0.577070 -0.192963
v 0.393209 0.115516 0.244163
vn 0.857105 0.422052 0.295370
v 0.409659 0.090278 0.267905
vn -0.268175 -0.822402 0.501734
v 0.303477 0.026447 0.318065
vn -0.504339 -0.776112 0.378539
v 0.337845 -0.017352 0.270786
vn -0.439544 -0.024587 -0.897885
v 0.337255 0.089547 0.196026
vn 0.253784 -0.857172 -0.448163
v 0.293175 0.068576 0.233133
vn -0.711320 -0.573444 -0.406431
v 0.293486 0.038556 0.252020
vn -0.185813 -0.982004 0.033778
v 0.261919 0.046386 0.295658
vn 0.040672 -0.838533 0.543331
v 0.264246 0.055780 0.339337
vn 0.708949 0.705031 0.017939
v 0.476594 0.025907 0.199219
vn -0.396995 0.044706 -0.916731
v 0.397412 -0.031530 0.134406
vn -0.343838 -0.353599 -0.869910
v 0.409977 -0.066834 0.130515
vn -0.562596 -0.425124 0.709053
v 0.385908 -0.048564 0.266552
vn 0.559027 0.275119 0.782175
v 0.436520 0.002888 0.277892
vn 0.869995 0.278320 -0.406997
v 0.517646 -0.040257 0.173695
vn 0.342667 -0.168649 -0.924195
v 0.476311 -0.063380 0.130493
vn -0.251199 -0.736664 -0.627874
v 0.434476 -0.120567 0.177664
vn -0.580221 -0.808996 -0.094171
v 0.440821 -0.154906 0.235066
vn -0.736923 -0.361542 0.571167
v 0.420389 -0.113850 0.278718
vn 0.273208 0.408976 0.870687
v 0.467404 -0.047269 0.288431
vn 0.906783 0.421318 -0.015357
v 0.536010 -0.070178 0.237684
vn -0.774939 -0.620401 -0.120713
v 0.380718 -0.099069 0.201245
vn -0.146679 -0.112420 0.982775
v 0.417743 -0.032549 0.278911
vn 0.143350 -0.890532 -0.431744
v 0.687408 -0.219510 0.344247
vn 0.933688 0.355496 0.043001
v 0.677750 -0.202736 0.434387
vn 0.306302 -0.807680 -0.503817
v 0.573174 -0.219508 0.277866
vn -0.185603 -0.835675 -0.516914
v 0.536695 -0.219513 0.259253
vn 0.082522 0.885324 -0.457592
v 0.057879 0.387375 0.051590
vn 0.221788 0.836389 -0.501262
v 0.143677 0.381516 0.068684
vn 0.289249 0.569930 -0.769100
v 0.232094 0.404627 0.129913
vn 0.312684 0.350138 -0.882968
v 0.287370 0.444732 0.165873
vn 0.170570 0.770919 -0.613669
v 0.170439 0.404339 0.111974
vn 0.850200 0.091670 -0.518418
v 0.328525 0.302279 0.167247
vn 0.894788 0.261042 -0.362231
v 0.302257 0.251013 0.092828
vn 0.698619 0.444118 -0.560973
v 0.275485 0.327698 0.105935
vn 0.942135 0.005260 -0.335194
v 0.358611 0.241931 0.232167
vn 0.931333 0.055767 -0.359874
v 0.336618 0.204792 0.164662
vn 0.950201 0.302362 0.075469
v 0.410442 0.497960 0.337197
vn 0.944178 -0.327011 -0.039904
v 0.391545 0.232208 0.345661
vn 0.896132 -0.192548 0.399840
v 0.393476 0.264900 0.376800
vn 0.978891 -0.098680 -0.178980
v 0.388891 0.240367 0.316904
vn 0.481402 -0.378396 0.790613
v 0.263543 0.210514 0.459156
vn 0.400653 -0.483777 0.778098
v 0.191248 0.203269 0.495090
vn 0.055284 -0.622613 0.780574
v 0.037735 0.173198 0.517550
vn 0.178265 -0.606676 0.774704
v 0.103100 0.153202 0.493843
vn -0.361037 0.766221 0.531562
v 0.209873 0.566956 0.414219
vn 0.105971 0.053992 0.992902
v 0.005636 0.448395 0.705072
vn 0.093774 0.834288 0.543296
v 0.013469 0.491300 0.678812
vn 0.452620 0.775932 0.439391
v 0.090204 0.484019 0.646947
vn 0.587073 -0.369345 0.720367
v 0.179997 0.317568 0.574507
vn 0.386575 -0.537380 0.749522
v 0.116641 0.309629 0.611769
vn 0.378359 -0.537995 0.753264
v 0.147052 0.247513 0.548134
vn 0.677522 -0.172518 0.714984
v 0.234421 0.363164 0.542916
vn 0.747710 0.234829 0.621117
v 0.247164 0.366017 0.528985
vn 0.172346 -0.621632 0.764114
v 0.081381 0.220614 0.551323
vn 0.008792 -0.671493 0.740959
v -0.000626 0.231827 0.569808
vn 0.287644 -0.561506 0.775868
v 0.136841 0.185688 0.508408
vn 0.514435 -0.376549 0.770433
v 0.223105 0.265603 0.513487
vn 0.733909 0.262374 0.626528
v 0.340458 0.320637 0.450095
vn 0.522074 -0.374907 0.766083
v 0.331462 0.311414 0.457738
vn 0.506889 -0.411442 0.757482
v 0.295576 0.313309 0.474451
vn -0.109129 0.993922 0.014462
v 0.045246 0.517779 0.420539
vn -0.305158 0.943600 -0.128447
v 0.066370 0.516998 0.347152
vn 0.032021 0.991745 -0.124160
v -0.008393 0.511510 0.375698
vn 0.227403 0.390179 -0.892216
v 0.316058 0.498346 0.197776
vn 0.754458 -0.092886 -0.649742
v 0.396155 0.428411 0.231600
vn 0.701869 -0.003063 -0.712299
v 0.350240 0.381561 0.193291
vn 0.887558 -0.148916 -0.435965
v 0.364861 0.323833 0.230476
vn -0.421116 0.890299 0.173290
v 0.127886 0.544540 0.394039
vn -0.341030 0.863890 -0.370666
v 0.093233 0.509679 0.267302
vn -0.058716 0.961804 -0.267369
v 0.008637 0.496032 0.301047
vn -0.106040 0.905663 -0.410525
v 0.031936 0.471054 0.223687
vn 0.003743 0.905276 -0.424807
v 0.004518 0.440438 0.154460
vn -0.206188 0.778550 -0.592745
v 0.118163 0.477754 0.198413
vn -0.292046 0.720201 -0.629301
v 0.174585 0.522724 0.220787
vn -0.523116 0.834964 -0.170837
v 0.138774 0.557337 0.325568
vn -0.323175 0.866655 -0.380089
v 0.229253 0.607008 0.285963
vn 0.020852 0.999782 0.001427
v 0.027382 0.515124 0.536297
vn 0.617740 0.740552 0.264537
v 0.118263 0.482602 0.599325
vn 0.361663 0.910083 0.202357
v 0.102118 0.509789 0.544445
vn 0.195947 0.963324 0.183334
v 0.054244 0.515670 0.597018
vn 0.137991 0.457234 0.878576
v 0.265515 0.523065 0.461212
vn 0.794676 0.423523 0.434878
v 0.172049 0.415669 0.603811
vn 0.039272 -0.639805 0.767533
v 0.009215 0.290856 0.626989
vn 0.227260 -0.543851 0.807824
v 0.065321 0.337755 0.653146
vn -0.021708 0.997775 0.063031
v 0.064069 0.516075 0.485245
vn 0.422494 0.692125 0.585202
v 0.152606 0.510303 0.470208
vn 0.280775 0.390540 0.876723
v 0.052990 0.458683 0.700942
vn 0.055653 -0.464243 0.883958
v 0.016308 0.383179 0.689311
vn 0.590577 -0.349277 0.727479
v 0.145379 0.354781 0.622654
vn 0.372221 -0.127547 0.919338
v 0.079819 0.420351 0.695889
vn 0.551614 -0.252705 0.794897
v 0.111334 0.402200 0.672323
vn 0.693864 0.362191 0.622392
v 0.125680 0.442899 0.660225
vn 0.755759 -0.000913 0.654850
v 0.174347 0.400303 0.605402
vn 0.565571 -0.297613 0.769127
v 0.245233 0.342083 0.520711
vn 0.616215 -0.230450 0.753108
v 0.288937 0.281041 0.476537
vn 0.823749 -0.478947 0.303391
v 0.387090 0.224467 0.350948
vn 0.170488 -0.663948 0.728085
v 0.092144 0.074495 0.432973
vn -0.031576 -0.657910 0.752434
v -0.020687 0.078084 0.444988
vn 0.040371 -0.701719 0.711309
v 0.021215 0.044322 0.413968
vn 0.091565 0.864074 -0.494967
v 0.097895 0.409469 0.102969
vn 0.010741 0.896393 -0.443130
v 0.011221 0.417762 0.107421
vn 0.450129 0.728518 -0.516378
v 0.213873 0.350659 0.065160
vn 0.302032 0.850010 -0.431579
v 0.163658 0.344674 0.012609
vn 0.972432 0.057031 -0.226106
v 0.316333 0.172621 0.091507
vn 0.942488 -0.242186 -0.230352
v 0.325117 0.127366 0.148252
vn 0.857763 -0.504059 0.100830
v 0.298258 0.062887 0.184068
vn 0.810468 -0.540039 0.226935
v 0.266796 -0.000492 0.163139
vn 0.717392 -0.614433 0.328360
v 0.251282 0.015384 0.234260
vn 0.573858 -0.717553 0.394721
v 0.205251 -0.044172 0.212169
vn 0.520541 -0.713570 0.468886
v 0.196748 -0.020728 0.264587
vn 0.361614 -0.745649 0.559682
v 0.190500 0.044536 0.355382
vn 0.308585 -0.774646 0.551995
v 0.133322 -0.032626 0.295322
vn 0.931254 0.119086 0.344362
v 0.405421 0.402193 0.343161
vn 0.985468 0.166974 0.031178
v 0.424462 0.448826 0.275149
vn 0.840216 -0.414604 0.349487
v 0.397867 0.403353 0.385444
vn 0.396786 -0.070703 0.915184
v 0.296312 0.441916 0.472982
vn -0.019228 0.714033 -0.699848
v 0.157925 0.442208 0.152355
vn -0.038137 0.589874 -0.806594
v 0.201235 0.464920 0.168204
vn 0.008777 0.797311 -0.603505
v 0.125048 0.432241 0.142529
vn -0.433652 -0.053134 0.899512
v 0.442116 -0.151096 -0.152997
vn -0.488847 -0.385285 0.782678
v 0.395738 -0.153766 -0.178897
vn -0.063992 0.985572 0.156695
v 0.560786 -0.170946 -0.000545
vn 0.591592 0.225566 0.774041
v 0.500779 -0.139706 -0.150356
vn 0.324342 0.926409 0.191228
v 0.582026 -0.162101 -0.072179
vn 0.164880 0.845436 0.507989
v 0.603250 -0.172649 -0.066718
vn -0.068212 0.996826 0.041049
v 0.527424 -0.149177 -0.085086
vn -0.358271 0.924473 0.130350
v 0.487682 -0.161940 -0.102898
vn -0.990778 0.076211 0.112032
v 0.457024 -0.192225 -0.110411
vn 0.248608 0.951721 -0.180060
v 0.560653 -0.150555 -0.106546
vn 0.659164 0.490133 -0.570327
v 0.548391 -0.169292 -0.141005
vn 0.221212 0.971704 -0.082798
v 0.532178 -0.154218 -0.127105
vn -0.697430 0.215139 0.683598
v 0.442363 -0.169808 -0.143849
vn 0.637722 0.539275 0.549993
v 0.687232 -0.171500 0.145602
vn 0.717153 0.693406 0.069859
v 0.695294 -0.168206 0.125748
vn 0.987584 0.091751 0.127514
v 0.702208 -0.187986 0.124298
vn 0.593881 -0.622693 0.509470
v 0.684614 -0.219495 0.157222
vn 0.980246 -0.032203 -0.195142
v 0.536847 -0.176331 -0.191140
vn 0.735142 0.677671 -0.018129
v 0.529663 -0.152531 -0.167714
vn 0.703651 0.478338 -0.525422
v 0.684646 -0.177108 0.074571
vn 0.741474 -0.612080 -0.274909
v 0.699197 -0.219465 0.092917
vn 0.728460 0.104256 -0.677110
v 0.648644 -0.191760 0.040002
vn 0.462441 -0.780249 -0.421140
v 0.649158 -0.219510 0.048589
vn 0.305086 0.895483 -0.324088
v 0.627171 -0.169710 0.035104
vn -0.178411 0.969895 0.165748
v 0.577085 -0.165719 0.027690
vn 0.928887 0.367683 -0.044480
v 0.768416 -0.190207 -0.087279
vn 0.710284 -0.579662 -0.399360
v 0.765880 -0.219491 -0.107580
vn 0.642900 -0.598426 0.478085
v 0.758984 -0.219424 -0.043950
vn 0.422060 0.901900 0.091881
v 0.737452 -0.163957 -0.080417
vn 0.876438 0.313535 0.365448
v 0.763139 -0.196197 -0.055344
vn -0.052403 0.746911 0.662856
v 0.705574 -0.167764 -0.034745
vn -0.112863 0.980457 0.161138
v 0.679864 -0.159007 -0.072676
vn -0.028281 0.876474 -0.480618
v 0.700815 -0.158054 -0.112600
vn 0.164143 0.058067 -0.984726
v 0.723142 -0.196476 -0.136203
vn 0.011441 -0.749309 -0.662122
v 0.711828 -0.219511 -0.129670
vn -0.254749 0.044579 0.965979
v 0.677954 -0.197032 -0.032249
vn 0.344431 0.524295 0.778769
v 0.730631 -0.177219 -0.028481
vn 0.107122 -0.632805 0.766866
v 0.724453 -0.219509 -0.025629
vn 0.494995 0.626802 -0.601747
v 0.742163 -0.171457 -0.120533
vn -0.128435 0.865506 -0.484152
v 0.646442 -0.168897 -0.105389
vn -0.134873 0.144482 -0.980273
v 0.648938 -0.194155 -0.121730
vn 0.632959 0.746188 0.206315
v 0.588559 -0.183100 -0.045979
vn 0.288313 0.472192 0.833013
v 0.622101 -0.198655 -0.045800
vn 0.190644 0.978131 -0.083158
v 0.581643 -0.170557 -0.011648
vn 0.125013 0.442889 -0.887818
v 0.623771 -0.182133 -0.119379
vn -0.393754 0.651181 0.648785
v 0.609220 -0.171517 0.171619
vn 0.358135 0.400539 0.843390
v 0.656068 -0.180111 0.172274
vn -0.012985 0.052359 0.998544
v 0.632485 -0.199749 0.181904
vn -0.255749 -0.856729 0.447892
v 0.405336 -0.210702 -0.205045
vn -0.893929 0.406091 0.189689
v 0.567823 -0.193183 0.086495
vn -0.575561 0.104255 0.811086
v 0.596447 -0.193480 0.171022
vn -0.869182 0.185191 0.458505
v 0.579384 -0.199718 0.154113
vn 0.011758 0.921145 0.389043
v 0.639120 -0.156282 0.154624
vn -0.786842 0.595027 0.163773
v 0.375769 -0.177627 0.077565
vn -0.516857 0.126844 0.846622
v 0.400307 -0.197135 0.120209
vn -0.133467 0.721488 0.679443
v 0.420983 -0.171957 0.117960
vn 0.425342 0.853045 0.302321
v 0.447616 -0.163240 0.093961
vn 0.398072 0.215273 0.891738
v 0.441793 -0.193182 0.124849
vn -0.439824 0.881068 -0.173995
v 0.395056 -0.162314 0.052846
vn 0.610209 0.684146 0.399486
v 0.484194 -0.180002 0.031412
vn -0.799487 0.224606 -0.557111
v 0.417194 -0.192894 -0.001577
vn -0.014658 0.942523 0.333819
v 0.509594 -0.159394 -0.020350
vn 0.478949 0.146912 0.865462
v 0.505497 -0.195048 0.005530
vn -0.597776 0.662935 0.450756
v 0.548361 -0.179767 0.017285
vn -0.942671 -0.041399 -0.331145
v 0.446984 -0.194140 -0.081818
vn 0.335966 0.246294 -0.909102
v 0.581550 -0.182447 -0.136636
vn -0.526959 -0.817082 -0.233862
v 0.459636 -0.219510 -0.089156
vn -0.681287 0.695401 -0.228617
v 0.450195 -0.173042 -0.074395
vn -0.810003 -0.583322 0.060256
v 0.467865 -0.212119 -0.113018
vn 0.875193 0.478541 0.070957
v 0.607667 -0.199746 -0.027325
vn -0.631949 0.246221 0.734858
v 0.538791 -0.198457 0.012419
vn 0.870599 0.181543 0.457274
v 0.486961 -0.194822 0.032552
vn -0.213399 0.652241 0.727354
v 0.650564 -0.178984 -0.049352
vn -0.434531 0.876395 -0.207642
v 0.430458 -0.172030 -0.002366
vn -0.221080 0.974501 0.038372
v 0.359093 0.012572 -0.331014
vn -0.236649 0.954282 0.182600
v 0.372069 0.015559 -0.257387
vn 0.094965 0.994624 0.041300
v 0.433146 0.022413 -0.282600
vn 0.721864 0.687881 -0.075720
v 0.504897 -0.000700 -0.280056
vn 0.892827 -0.350276 -0.283137
v 0.504676 -0.196161 -0.291344
vn -0.611148 0.790040 -0.048335
v 0.269291 -0.013946 -0.626123
vn -0.075442 0.978981 -0.189487
v 0.328072 0.013817 -0.614916
vn 0.849084 -0.284995 -0.444787
v 0.338917 -0.158426 -0.664487
vn 0.413804 -0.886444 -0.207321
v 0.295075 -0.219511 -0.666154
vn 0.546022 0.131809 -0.827337
v 0.266100 -0.101096 -0.789501
vn 0.487890 -0.238116 -0.839800
v 0.257535 -0.146302 -0.792471
vn -0.300553 0.119008 -0.946311
v 0.222072 -0.115998 -0.803118
vn -0.836347 0.531419 -0.134602
v 0.195488 -0.087014 -0.748776
vn -0.268360 0.480496 -0.834929
v 0.228939 -0.083503 -0.798595
vn -0.195252 -0.387064 -0.901143
v 0.196148 -0.197187 -0.789549
vn -0.528585 -0.817369 -0.229143
v 0.186094 -0.219247 -0.762664
vn -0.804671 -0.169187 -0.569105
v 0.176848 -0.191372 -0.780673
vn 0.829152 -0.515846 0.215431
v 0.519629 -0.123517 -0.152580
vn 0.957812 0.284139 -0.043141
v 0.516562 -0.130584 -0.198487
vn 0.970768 -0.072147 -0.228919
v 0.503070 -0.118761 -0.275310
vn 0.942872 0.267524 -0.198554
v 0.508741 -0.127737 -0.262851
vn -0.882052 0.441116 0.165531
v 0.216444 -0.093350 -0.670588
vn -0.924758 0.278002 0.259879
v 0.202972 -0.154491 -0.638574
vn 0.903382 0.074448 -0.422326
v 0.336257 -0.075612 -0.695569
vn 0.907622 -0.037311 -0.418126
v 0.348700 -0.093888 -0.641650
vn 0.425639 0.852692 -0.302898
v 0.364409 0.013479 -0.586222
vn 0.850571 -0.071664 -0.520954
v 0.371316 -0.104338 -0.598637
vn 0.863067 -0.159859 -0.479124
v 0.397915 -0.111056 -0.548075
vn 0.847394 -0.171258 -0.502588
v 0.382779 -0.156778 -0.599402
vn -0.996716 0.077717 0.022765
v 0.192029 -0.211257 -0.620077
vn -0.832723 -0.541171 0.117077
v 0.182131 -0.204054 -0.672693
vn -0.901719 0.288990 0.321540
v 0.180114 -0.164389 -0.695949
vn -0.451326 0.727616 0.516605
v 0.364393 -0.017783 -0.183561
vn -0.611609 0.345338 0.711812
v 0.362940 -0.063765 -0.148009
vn -0.294806 0.667265 0.683993
v 0.420568 -0.034126 -0.125046
vn 0.072683 0.720084 0.690070
v 0.503007 -0.036946 -0.101953
vn -0.172715 0.946816 -0.271494
v 0.297698 -0.004093 -0.679894
vn 0.545603 0.617631 -0.566436
v 0.316550 -0.019127 -0.703141
vn 0.611291 0.622995 -0.488058
v 0.338807 -0.004220 -0.653136
vn 0.801463 0.200782 -0.563332
v 0.398899 -0.029614 -0.592853
vn 0.851402 -0.226221 -0.473221
v 0.430153 -0.075873 -0.538762
vn -0.793561 0.607606 -0.032798
v 0.244947 -0.043165 -0.657297
vn 0.947157 -0.009708 -0.320623
v 0.486089 -0.053730 -0.405953
vn 0.680523 0.710097 -0.180697
v 0.484228 0.008519 -0.358564
vn 0.933398 0.031428 -0.357465
v 0.452178 -0.119490 -0.431839
vn 0.954356 -0.065224 -0.291462
v 0.480018 -0.120018 -0.359249
vn 0.960840 0.123564 -0.248028
v 0.490519 -0.128781 -0.325276
vn 0.912817 0.258053 -0.316501
v 0.472658 -0.141453 -0.411365
vn 0.916222 -0.273477 -0.292827
v 0.489597 -0.179761 -0.365833
vn -0.477984 0.875953 0.065094
v 0.312551 0.007564 -0.492526
vn 0.053696 0.997288 -0.050330
v 0.389934 0.030625 -0.443497
vn -0.025385 0.999040 0.035694
v 0.399983 0.028746 -0.365779
vn -0.572835 0.818702 0.039834
v 0.283471 -0.005987 -0.552117
vn 0.669572 0.704694 -0.234689
v 0.456738 0.006228 -0.434205
vn 0.909785 -0.018579 -0.414665
v 0.422545 -0.116410 -0.495743
vn 0.866596 0.297544 -0.400598
v 0.440180 -0.138320 -0.485289
vn 0.862171 -0.193017 -0.468407
v 0.422088 -0.160010 -0.528345
vn 0.408137 -0.890181 -0.202490
v 0.401893 -0.219512 -0.475047
vn -0.505334 -0.418492 0.754654
v 0.333081 -0.154848 -0.220910
vn -0.183586 0.982593 0.028421
v 0.318135 0.005602 -0.323892
vn -0.270816 0.959657 0.075611
v 0.278857 0.001956 -0.345376
vn -0.459010 0.819595 0.342892
v 0.316962 -0.004988 -0.264984
vn 0.060560 0.984695 -0.163425
v 0.277810 -0.012704 -0.433865
vn -0.199503 0.976078 -0.086437
v 0.299149 -0.004127 -0.387722
vn -0.260760 0.958341 -0.116567
v 0.284104 -0.016930 -0.446706
vn -0.202147 0.926842 -0.316386
v 0.238043 -0.051760 -0.567443
vn -0.424972 0.797685 -0.427899
v 0.231515 -0.076000 -0.606417
vn -0.130248 0.972345 -0.193858
v 0.256054 -0.035180 -0.516408
vn -0.976851 -0.097337 0.190491
v 0.160560 -0.065172 -0.508293
vn -0.839374 0.492675 0.229613
v 0.173801 -0.051387 -0.478737
vn -0.788137 0.565521 0.242953
v 0.197966 -0.041643 -0.411747
vn -0.505311 0.861135 0.055744
v 0.180383 -0.029409 -0.531760
vn -0.624431 0.781000 -0.011158
v 0.162072 -0.037899 -0.556697
vn -0.930172 0.317170 0.184885
v 0.157004 -0.051749 -0.533020
vn 0.653007 -0.029725 -0.756768
v 0.178665 -0.126982 -0.681019
vn 0.101090 0.945108 -0.310729
v 0.203083 -0.024905 -0.556920
vn -0.672794 0.389238 0.629159
v 0.302557 -0.062057 -0.205932
vn -0.575150 -0.314618 0.755128
v 0.333060 -0.109402 -0.165864
vn -0.242591 -0.094428 0.965522
v 0.444509 -0.076301 -0.094101
vn -0.483286 -0.095124 0.870279
v 0.393626 -0.080181 -0.117576
vn 0.888782 -0.205257 0.409801
v 0.538642 -0.067759 -0.114368
vn 0.842937 0.473127 0.256142
v 0.536874 -0.047321 -0.116847
vn 0.458152 -0.594213 0.661065
v 0.512172 -0.100174 -0.108266
vn 0.512645 0.549161 0.660013
v 0.523885 -0.043358 -0.104605
vn 0.994868 -0.075518 -0.067337
v 0.538954 -0.080138 -0.194923
vn 0.359185 0.626024 -0.692156
v 0.278746 -0.043550 -0.755440
vn -0.404488 0.875073 -0.265774
v 0.259197 -0.028834 -0.729152
vn -0.304992 0.304193 -0.902467
v 0.220543 -0.103905 -0.621819
vn -0.794585 0.224364 0.564177
v 0.241608 -0.085227 -0.260035
vn -0.624802 -0.336775 0.704418
v 0.270738 -0.124859 -0.229335
vn -0.645494 0.640106 0.416656
v 0.258794 -0.033904 -0.287705
vn -0.528241 0.833737 0.160761
v 0.239260 -0.011602 -0.367773
vn 0.043133 0.996989 -0.064443
v 0.236946 -0.005237 -0.472820
vn 0.752796 -0.553266 -0.356644
v 0.173120 -0.054936 -0.543745
vn 0.728698 -0.670189 -0.140876
v 0.175088 -0.047536 -0.563268
vn 0.911566 -0.334674 -0.238830
v 0.197061 -0.043874 -0.473747
vn -0.354875 -0.800371 -0.483187
v 0.157683 -0.067353 -0.546490
vn 0.614541 0.568552 -0.546890
v 0.170048 -0.039213 -0.606506
vn -0.940023 -0.139933 -0.311087
v 0.153745 -0.048349 -0.558883
vn -0.697800 -0.686838 -0.203295
v 0.156580 -0.052952 -0.571750
vn 0.224436 0.012646 -0.974407
v 0.096423 -0.138418 -0.724011
vn 0.493115 0.421655 -0.760950
v 0.132642 -0.077095 -0.684828
vn 0.043764 0.889459 -0.454915
v 0.014874 0.148944 -0.460031
vn 0.267682 0.814858 -0.514152
v 0.070285 0.081296 -0.569766
vn -0.042913 0.876253 -0.479936
v -0.016170 0.113258 -0.530314
vn 0.594604 0.671250 -0.442571
v 0.143959 0.067775 -0.520356
vn 0.673804 0.568675 -0.471802
v 0.152779 0.021887 -0.589235
vn -0.027340 0.896769 -0.441653
v -0.015694 0.229038 -0.303517
vn 0.106984 0.899867 -0.422840
v 0.047149 0.247550 -0.259685
vn 0.473788 0.782112 -0.404754
v 0.191148 0.210250 -0.237855
vn 0.294941 0.853835 -0.428923
v 0.119648 0.225025 -0.274145
vn 0.335822 0.831698 -0.442156
v 0.127830 0.193750 -0.328374
vn 0.636699 0.661465 -0.396331
v 0.218999 0.176866 -0.259903
vn 0.770477 0.486736 -0.411647
v 0.229135 0.129135 -0.316943
vn 0.978150 -0.051377 -0.201451
v 0.278199 0.062474 -0.212580
vn 0.937588 -0.286263 -0.197440
v 0.255274 -0.012925 -0.249519
vn 0.956843 0.044859 -0.287124
v 0.256537 0.059829 -0.298434
vn 0.954332 -0.277275 -0.111215
v 0.272770 -0.004005 -0.157028
vn 0.889160 -0.430976 -0.153796
v 0.243232 -0.062269 -0.212167
vn 0.879377 -0.434189 -0.195389
v 0.219112 -0.058926 -0.317304
vn 0.947407 -0.232910 -0.219483
v 0.240067 -0.002888 -0.331909
vn 0.785701 -0.608719 -0.110160
v 0.213918 -0.114588 -0.195674
vn 0.653902 -0.751357 -0.088744
v 0.154776 -0.167080 -0.252159
vn 0.565051 -0.823711 -0.047104
v 0.133906 -0.186818 -0.201245
vn 0.588239 -0.808642 0.008528
v 0.142367 -0.182117 -0.129318
vn 0.056213 0.910355 -0.409993
v 0.026798 0.281236 -0.189128
vn 0.157348 0.899151 -0.408373
v 0.080933 0.294339 -0.147618
vn 0.335805 0.849031 -0.407899
v 0.151322 0.283389 -0.127995
vn 0.519457 0.760110 -0.390381
v 0.203657 0.275061 -0.090293
vn 0.490119 0.782375 -0.384281
v 0.195838 0.244347 -0.163102
vn 0.709551 0.624276 -0.326829
v 0.238402 0.199109 -0.187343
vn 0.909431 0.357246 -0.212862
v 0.277404 0.167235 -0.128779
vn 0.871739 0.369298 -0.322010
v 0.259518 0.134328 -0.246722
vn 0.983954 -0.161025 -0.076844
v 0.291279 0.050286 -0.086976
vn 0.991455 -0.014607 -0.129633
v 0.288977 0.081674 -0.146924
vn 0.940181 0.265273 -0.213753
v 0.278066 0.130790 -0.185280
vn 0.927478 -0.372501 -0.032074
v 0.271374 -0.027537 -0.075701
vn 0.873082 -0.484024 -0.058727
v 0.246509 -0.073643 -0.133248
vn 0.799984 -0.598600 0.041271
v 0.234619 -0.093862 -0.045499
vn 0.753603 -0.643893 0.132229
v 0.228758 -0.090964 0.036239
vn 0.738670 -0.674047 -0.005166
v 0.210625 -0.125254 -0.117576
vn 0.649829 -0.758048 0.055548
v 0.179836 -0.151360 -0.067980
vn 0.584428 -0.779960 0.223846
v 0.163602 -0.145887 0.048154
vn 0.654766 -0.744847 0.128392
v 0.187166 -0.135992 0.006987
vn 0.425296 0.743162 -0.516559
v 0.109472 0.050466 -0.588165
vn 0.298594 0.726776 -0.618578
v 0.074589 0.036213 -0.630275
vn 0.102466 0.666589 -0.738349
v 0.019805 0.006890 -0.680243
vn 0.039491 0.775255 -0.630412
v 0.006794 0.042904 -0.642427
vn 0.068741 0.836393 -0.543802
v 0.017765 0.078083 -0.591594
vn 0.030974 0.529148 -0.847964
v 0.006273 -0.041674 -0.719282
vn 0.350249 0.349704 -0.868926
v 0.063337 -0.069790 -0.721818
vn 0.068120 -0.306644 -0.949383
v 0.011537 -0.186690 -0.725693
vn 0.706182 -0.698310 -0.116922
v 0.154664 -0.158439 -0.318592
vn 0.565307 -0.821299 -0.076781
v 0.108875 -0.194559 -0.308457
vn 0.855357 -0.475762 -0.204975
v 0.222182 -0.080661 -0.261423
vn 0.955804 -0.216171 -0.199273
v 0.222528 -0.009458 -0.412180
vn 0.500344 0.741531 -0.446976
v 0.172712 0.149743 -0.365380
vn 0.680417 0.579884 -0.448072
v 0.191429 0.113908 -0.396090
vn 0.272393 0.846122 -0.458126
v 0.096927 0.169950 -0.392667
vn 0.916734 0.211343 -0.339018
v 0.186921 0.004480 -0.532857
vn 0.942990 0.087062 -0.321233
v 0.213929 0.014313 -0.457359
vn 0.886729 -0.434044 -0.159117
v 0.202396 -0.060003 -0.398668
vn 0.365530 0.561404 -0.742437
v 0.081916 -0.021597 -0.682065
vn 0.564863 0.541809 -0.622392
v 0.128519 -0.001940 -0.637224
vn 0.071633 0.143323 -0.987080
v 0.012590 -0.100405 -0.746689
vn 0.233178 -0.161061 -0.959003
v 0.032337 -0.131940 -0.740912
vn 0.274969 0.045341 -0.960383
v 0.078048 -0.125147 -0.723492
vn -0.043867 -0.194846 -0.979852
v 0.064637 -0.197703 -0.702678
vn -0.486856 -0.385550 0.783788
v 0.275345 -0.155234 -0.261486
vn -0.440948 -0.264310 -0.857733
v 0.208193 -0.157684 -0.613003
vn 0.489441 -0.236748 0.839285
v 0.130613 -0.197777 -0.411585
vn 0.504000 -0.632247 0.588428
v 0.118125 -0.188988 -0.395578
vn -0.846188 0.068962 0.528403
v 0.171047 -0.192104 -0.352310
vn 0.838828 -0.527573 -0.134293
v 0.178930 -0.114534 -0.363157
vn -0.864057 0.234833 0.445262
v 0.150537 -0.185660 -0.410381
vn -0.276578 -0.918536 -0.282483
v 0.175552 -0.099687 -0.437084
vn -0.998039 0.009245 0.061901
v 0.175967 -0.085562 -0.435699
vn 0.095173 -0.969606 -0.225404
v 0.177814 -0.087350 -0.454636
vn -0.942065 0.274229 0.193163
v 0.178805 -0.083422 -0.408568
vn -0.885408 0.209109 0.415121
v 0.172581 -0.144958 -0.359916
vn -0.744904 0.379156 0.548961
v 0.162012 -0.144592 -0.414921
vn 0.492914 -0.186599 0.849833
v 0.157713 -0.143801 -0.417099
vn 0.721961 -0.673852 0.157148
v 0.132107 -0.171324 -0.384660
vn -0.839334 0.366957 0.401075
v 0.204231 -0.076969 -0.342161
vn -0.487902 0.861249 0.142132
v 0.212366 -0.017664 -0.451548
vn 0.720187 0.254395 -0.645456
v 0.205721 -0.096124 -0.648161
vn -0.729251 -0.018067 0.684008
v 0.220482 -0.161312 -0.297040
vn -0.308308 -0.820342 0.481648
v 0.399722 -0.204450 -0.190492
vn -0.515086 -0.373166 0.771644
v 0.392834 -0.198474 -0.189235
vn 0.354127 -0.866876 -0.350886
v 0.537202 -0.219511 -0.141562
vn -0.719635 -0.440986 0.536337
v 0.435012 -0.200340 -0.152415
vn 0.460679 -0.757154 -0.463134
v 0.264786 -0.219512 -0.740885
vn -0.997249 0.006316 0.073858
v 0.165051 -0.176365 -0.723222
vn -0.464732 -0.394300 0.792813
v 0.270301 -0.216664 -0.262922
vn -0.219042 -0.822940 0.524204
v 0.343974 -0.214567 -0.225363
vn -0.777364 0.195234 -0.597988
v 0.201413 -0.196097 -0.609576
vn 0.594249 -0.185858 -0.782512
v 0.189579 -0.199319 -0.610177
vn 0.534258 -0.309219 -0.786735
v 0.127155 -0.184770 -0.693334
vn -0.000542 -0.974879 -0.222733
v 0.189125 -0.219510 -0.607567
vn 0.464298 -0.885672 -0.003594
v 0.096813 -0.211745 -0.164896
vn 0.397490 -0.916258 -0.049732
v 0.086313 -0.213090 -0.262395
vn 0.098676 -0.936451 0.336634
v 0.028261 -0.210412 0.052658
vn 0.401246 -0.849663 0.342161
v 0.093050 -0.192466 0.052187
vn 0.343968 -0.922085 0.177327
v 0.083505 -0.213730 0.001305
vn 0.548593 -0.835605 0.028455
v 0.120389 -0.196333 -0.083045
vn 0.747351 -0.323152 -0.580550
v 0.173037 -0.181576 -0.651798
vn -0.681719 -0.398932 0.613280
v 0.190123 -0.215737 -0.328514
vn 0.179138 0.896169 -0.405944
v 0.098661 0.339761 -0.033842
vn -0.080388 0.912324 -0.401500
v -0.044071 0.330812 -0.073584
vn 0.038168 0.909687 -0.413538
v 0.017574 0.355126 -0.021928
vn 0.514707 0.760880 -0.395143
v 0.214133 0.308890 -0.012131
vn 0.345918 0.848611 -0.400250
v 0.169085 0.309452 -0.058195
vn 0.906894 0.361793 -0.215982
v 0.280972 0.200588 -0.045114
vn 0.732038 0.592457 -0.336327
v 0.246294 0.264218 -0.041502
vn 0.734871 0.604953 -0.306589
v 0.246284 0.229859 -0.105234
vn 0.734473 0.568464 -0.370672
v 0.256370 0.294023 0.029489
vn 0.993514 -0.084055 -0.076586
v 0.300660 0.094196 -0.025530
vn 0.984351 0.101771 -0.143862
v 0.303695 0.145214 0.004982
vn 0.954777 -0.297302 -0.003529
v 0.292894 0.033096 0.048220
vn 0.968815 -0.246364 -0.026511
v 0.289813 0.027563 -0.015936
vn 0.983039 -0.157617 -0.093765
v 0.308419 0.097576 0.068164
vn 0.841990 -0.521949 0.136463
v 0.262590 -0.031358 0.091702
vn 0.667285 -0.677415 0.309580
v 0.221632 -0.059828 0.155181
vn 0.037235 -0.833812 0.550791
v 0.012744 -0.105364 0.221618
vn 0.058227 -0.835555 0.546313
v 0.015582 -0.141211 0.166226
vn 0.018307 -0.855073 0.518184
v 0.007116 -0.185801 0.098092
vn 0.221552 -0.834426 0.504627
v 0.065474 -0.164394 0.119339
vn 0.444154 -0.803528 0.396322
v 0.133446 -0.143986 0.106474
vn 0.057967 -0.786688 0.614623
v 0.028847 -0.023720 0.335775
vn 0.142958 -0.790734 0.595234
v 0.073437 -0.035698 0.312412
vn 0.164892 -0.821639 0.545637
v 0.077294 -0.074229 0.256364
vn 0.339062 -0.805055 0.486748
v 0.132496 -0.073282 0.231475
vn 0.474708 0.143238 -0.868410
v 0.350131 0.461709 0.200353
vn 0.586921 0.264572 -0.765197
v 0.298908 0.373051 0.150043
vn 0.415795 0.454955 -0.787484
v 0.370876 0.536522 0.227088
vn 0.633171 -0.273028 0.724259
v 0.322038 0.222545 0.422333
vn 0.877718 0.153778 0.453831
v 0.377886 0.296898 0.405842
vn 0.561134 -0.465166 0.684653
v 0.367399 0.285426 0.416527
vn 0.688524 0.267134 0.674221
v 0.295334 0.338817 0.488674
vn 0.456351 -0.405568 0.791996
v 0.284506 0.331571 0.496299
vn 0.641071 -0.265764 0.719998
v 0.198617 0.366495 0.572409
vn 0.759013 -0.272071 0.591503
v 0.360041 0.223463 0.385678
vn 0.659764 0.407586 0.631336
v 0.294995 0.357125 0.465682
vn 0.256264 0.903277 0.344121
v 0.251381 0.595149 0.344870
vn 0.237526 0.747881 0.619884
v 0.218488 0.584705 0.379155
vn -0.043228 0.772054 0.634086
v 0.183920 0.577929 0.409715
vn 0.124765 0.569097 0.812750
v 0.190434 0.546685 0.421636
vn 0.240532 0.352373 0.904421
v 0.222924 0.453712 0.471123
vn 0.171130 0.454463 0.874173
v 0.199797 0.485055 0.465341
vn 0.366452 0.163176 0.916017
v 0.255126 0.420788 0.470739
vn 0.538466 -0.002038 0.842645
v 0.307983 0.396876 0.447127
vn 0.914791 -0.042311 0.401705
v 0.409972 0.381443 0.350516
vn 0.083270 0.936522 0.340578
v 0.263950 0.594536 0.377309
vn 0.495530 0.795312 0.349183
v 0.299300 0.590568 0.301505
vn 0.640445 0.762861 -0.088733
v 0.362741 0.574192 0.258290
vn 0.739614 0.653184 0.162238
v 0.371985 0.552685 0.279799
vn 0.827035 0.262875 0.496900
v 0.390351 0.516619 0.268177
vn 0.919131 0.227459 0.321653
v 0.413985 0.446086 0.290685
vn 0.997130 -0.062427 -0.042838
v 0.424964 0.417946 0.286014
vn 0.930024 -0.362597 -0.059823
v 0.408421 0.367566 0.307972
vn 0.902668 0.380872 0.200318
v 0.406648 0.507637 0.258841
vn 0.749494 0.333320 -0.571976
v 0.396741 0.516992 0.234587
vn 0.998100 0.043077 0.044045
v 0.388816 0.299080 0.346716
vn 0.827038 0.128671 0.547221
v 0.362845 0.334988 0.399978
vn -0.127493 0.137399 0.982276
v -0.025135 0.461578 0.710354
vn 0.386269 0.666613 0.637513
v 0.300603 0.555923 0.422910
vn 0.328358 0.884140 0.332382
v 0.321657 0.570907 0.359660
vn 0.551017 0.590585 0.589568
v 0.334672 0.543344 0.399274
vn 0.556009 0.272135 0.785364
v 0.338787 0.485743 0.430870
vn 0.841411 0.303785 0.446925
v 0.402354 0.496366 0.370990
vn 0.252112 0.965305 0.068020
v 0.284878 0.597093 0.344173
vn 0.156369 0.953961 0.255943
v 0.248378 0.613874 0.325808
vn 0.049364 0.870189 0.490240
v 0.208197 0.600399 0.378157
vn 0.671035 -0.248585 0.698511
v 0.361979 0.381637 0.408751
vn 0.617580 -0.082910 0.782126
v 0.373652 0.422954 0.423570
vn 0.512679 0.793194 0.328638
v 0.356877 0.565239 0.359581
vn 0.326941 0.940885 0.088573
v 0.300282 0.608717 0.281237
vn 0.880526 -0.248202 0.403819
v 0.395213 0.354279 0.361562
vn -0.045938 0.731727 0.680048
v 0.168281 0.551696 0.429900
vn 0.554298 0.612897 0.563126
v 0.188291 0.445084 0.494642
vn -0.019282 0.924234 0.381340
v 0.133339 0.523599 0.458395
vn 0.627131 0.618848 0.473005
v 0.207614 0.416999 0.512744
vn 0.632236 0.474178 0.612726
v 0.254786 0.386387 0.487301
vn 0.966908 -0.142719 -0.211470
v 0.382626 0.303331 0.295652
vn -0.072377 0.552191 -0.830570
v 0.280835 0.557299 0.225328
vn -0.361257 0.706129 -0.608996
v 0.205492 0.559070 0.247537
vn 0.148919 0.747417 -0.647450
v 0.314908 0.592469 0.242257
vn -0.020073 0.545799 -0.837676
v 0.249507 0.507578 0.193612
vn 0.226934 -0.069568 0.971422
v 0.506565 -0.068550 -0.089558
vn 0.729680 0.680303 0.068956
v 0.512204 -0.009102 -0.219990
vn 0.902670 -0.246160 -0.352976
v 0.463957 -0.078266 -0.463807
vn 0.885467 0.255510 -0.388153
v 0.452302 -0.022288 -0.482156
vn 0.068658 0.957498 0.280151
v 0.447703 0.016090 -0.204211
vn -0.071420 0.995722 -0.058633
v 0.350076 0.024947 -0.527687
vn -0.662446 -0.603518 -0.443770
v -0.325180 0.101447 0.190351
vn -0.489150 0.221753 -0.843539
v -0.351869 0.126344 0.200575
vn -0.270451 -0.859110 -0.434496
v -0.294239 0.068576 0.233134
vn -0.825052 -0.290585 -0.484612
v -0.341055 0.124864 0.190478
vn -0.881597 0.090987 -0.463149
v -0.362839 0.152870 0.214975
vn -0.836865 -0.530281 0.135867
v -0.295952 0.059285 0.195191
vn -0.478340 -0.707670 0.519995
v -0.191797 0.004858 0.307533
vn -0.556105 -0.370551 0.743934
v -0.343394 0.091384 0.367232
vn -0.755839 -0.278424 0.592611
v -0.347381 0.172305 0.377010
vn -0.578613 -0.327626 0.746906
v -0.301762 0.211806 0.435091
vn -0.341504 -0.817117 0.464430
v -0.225533 0.051804 0.335861
vn -0.257175 -0.713019 0.652277
v -0.204235 0.090896 0.399890
vn -0.334814 -0.700289 0.630472
v -0.154991 0.044647 0.380053
vn -0.356780 -0.501322 0.788280
v -0.275679 0.122675 0.415804
vn -0.298871 -0.575762 0.761035
v -0.199282 0.142435 0.453740
vn -0.275382 -0.643901 0.713832
v -0.146617 0.103244 0.441808
vn 0.626619 -0.106446 0.772022
v -0.439747 -0.113140 0.295943
vn -0.226365 0.544302 0.807771
v -0.493155 -0.057174 0.291848
vn -0.049149 0.921973 0.384122
v -0.600282 -0.171784 0.433992
vn 0.067243 0.929012 0.363890
v -0.551138 -0.160345 0.420811
vn -0.674438 0.730956 0.104098
v -0.564458 -0.111184 0.293062
vn -0.254641 0.959284 0.122201
v -0.679868 -0.166515 0.364161
vn -0.326409 0.784534 -0.527223
v -0.690499 -0.173060 0.345112
vn -0.567742 0.567316 -0.596508
v -0.645071 -0.158045 0.311557
vn 0.039168 0.921459 0.386497
v -0.570891 -0.137055 0.375447
vn -0.166206 0.963164 0.211400
v -0.565614 -0.123864 0.329390
vn 0.475070 0.643659 0.600009
v -0.514110 -0.148562 0.354813
vn 0.278583 0.590810 0.757189
v -0.511720 -0.131495 0.343705
vn -0.745121 -0.612885 0.262996
v -0.764877 -0.219432 0.603553
vn -0.758246 0.387459 0.524345
v -0.758765 -0.187246 0.610907
vn -0.490630 -0.579689 0.650571
v -0.737319 -0.219511 0.638886
vn -0.787363 0.172671 -0.591814
v -0.574497 -0.154829 0.255944
vn -0.310051 -0.535589 -0.785502
v -0.526286 -0.169584 0.219309
vn -0.641692 -0.592558 -0.486936
v -0.754449 -0.219450 0.546311
vn -0.980378 0.079845 -0.180231
v -0.766470 -0.201177 0.575574
vn -0.599032 0.700281 -0.388288
v -0.750255 -0.182444 0.553730
vn -0.404786 0.911168 0.076948
v -0.758626 -0.175954 0.594849
vn -0.769230 0.032047 -0.638167
v -0.712969 -0.201499 0.514831
vn -0.463820 0.810723 -0.357210
v -0.704035 -0.180119 0.517407
vn 0.035086 0.985747 0.164537
v -0.624385 -0.174734 0.451033
vn -0.403131 0.579107 -0.708605
v -0.836679 -0.192181 0.337023
vn -0.856497 0.397688 -0.329024
v -0.851373 -0.194497 0.353475
vn -0.801926 0.406174 0.438106
v -0.849336 -0.197489 0.405623
vn 0.068216 0.855676 0.512997
v -0.793484 -0.172065 0.415703
vn 0.003144 0.968575 -0.248701
v -0.770092 -0.168128 0.373916
vn 0.098195 -0.468478 -0.878001
v -0.789083 -0.219507 0.322966
vn -0.118930 -0.528027 0.840859
v -0.807859 -0.219512 0.443227
vn 0.201448 0.347649 0.915729
v -0.797391 -0.199576 0.436851
vn -0.449191 0.592416 0.668783
v -0.823060 -0.184870 0.426667
vn -0.415029 0.909455 -0.025350
v -0.825134 -0.170284 0.380493
vn 0.151169 0.805723 0.572676
v -0.749621 -0.175341 0.400417
vn 0.215338 -0.782448 0.584299
v -0.750663 -0.219480 0.413704
vn 0.007001 0.211869 -0.977273
v -0.741397 -0.201112 0.339714
vn 0.244008 0.111166 0.963381
v -0.740174 -0.203576 0.413202
vn 0.049009 0.400489 0.914990
v -0.707007 -0.190329 0.407693
vn -0.262332 -0.056297 -0.963334
v -0.684199 -0.191768 0.330116
vn -0.520839 0.843462 -0.131525
v -0.667491 -0.182238 0.434952
vn -0.588722 0.744351 0.315194
v -0.674260 -0.191127 0.415613
vn -0.260052 0.919065 0.296129
v -0.636072 -0.170186 0.423416
vn -0.366725 0.549436 0.750755
v -0.727833 -0.193062 0.640597
vn 0.703998 -0.706395 -0.073440
v -0.499367 -0.193204 0.305048
vn 0.570538 -0.748194 -0.338662
v -0.515480 -0.205063 0.260310
vn 0.547367 0.801673 0.240229
v -0.653501 -0.172654 0.600323
vn 0.009892 0.997098 0.075480
v -0.677206 -0.163533 0.586252
vn 0.995417 -0.021787 0.093114
v -0.638498 -0.203013 0.541356
vn 0.969907 -0.074946 0.231653
v -0.635081 -0.207242 0.599259
vn 0.896278 0.431631 0.101884
v -0.638205 -0.189378 0.591357
vn 0.836990 0.194458 0.511501
v -0.643076 -0.199800 0.618656
vn 0.403701 0.152397 0.902109
v -0.668601 -0.201689 0.644047
vn 0.177157 0.732966 0.656792
v -0.675795 -0.178867 0.635573
vn 0.771236 0.614343 0.166664
v -0.642901 -0.184069 0.534602
vn 0.224465 0.973729 -0.038300
v -0.658955 -0.172107 0.531780
vn 0.801510 -0.209981 0.559902
v -0.611862 -0.198869 0.483806
vn 0.911182 -0.404807 0.076671
v -0.409931 -0.218576 0.506481
vn 0.507392 0.283426 0.813771
v -0.446681 -0.201098 0.568334
vn 0.150957 0.768335 0.621991
v -0.462884 -0.174885 0.559214
vn 0.933283 -0.084367 -0.349092
v -0.495221 -0.200508 0.396019
vn -0.455582 0.812727 0.363208
v -0.516940 -0.169479 0.517463
vn 0.772811 0.300715 -0.558868
v -0.427674 -0.198105 0.465985
vn 0.560716 -0.675314 -0.479112
v -0.429560 -0.219512 0.465883
vn 0.514580 0.851724 -0.098864
v -0.442200 -0.168377 0.487300
vn -0.181925 0.981143 0.065284
v -0.517838 -0.164572 0.471597
vn -0.802490 0.419192 0.424604
v -0.543404 -0.187272 0.479195
vn 0.628636 0.269719 -0.729431
v -0.466756 -0.203108 0.440657
vn 0.511559 0.785290 -0.348750
v -0.489136 -0.178830 0.432615
vn 0.174091 -0.934517 0.310436
v -0.602001 -0.219511 0.453689
vn 0.007801 0.266247 0.963873
v -0.574728 -0.197877 0.455467
vn 0.768097 0.620396 0.158541
v -0.508710 -0.170333 0.384263
vn -0.544217 -0.213993 -0.811193
v -0.582066 -0.190782 0.263225
vn 0.934816 -0.279556 0.219015
v -0.503009 -0.183278 0.340306
vn 0.749301 0.064865 0.659045
v -0.494379 -0.149908 0.338021
vn 0.748281 -0.605534 0.270933
v -0.472844 -0.169283 0.300912
vn 0.710118 0.606237 0.358063
v -0.515021 -0.209021 0.334490
vn -0.587122 0.698290 -0.409487
v -0.592944 -0.137310 0.294422
vn -0.143606 -0.896371 0.419401
v -0.698423 -0.219510 0.399543
vn -0.844624 0.509926 0.163051
v -0.521919 -0.042167 0.240721
vn -0.691357 0.720882 0.048534
v -0.484702 0.019336 0.217299
vn -0.758108 -0.069366 -0.648430
v -0.532895 -0.118676 0.202286
vn 0.276897 -0.817182 -0.505511
v -0.486093 -0.168358 0.216560
vn 0.286507 -0.644495 0.708900
v -0.357800 -0.011996 0.290932
vn -0.209188 -0.281277 0.936549
v -0.396335 0.007137 0.300525
vn -0.721782 0.269858 0.637344
v -0.427907 0.039544 0.281658
vn -0.759564 0.637686 0.128138
v -0.437441 0.055321 0.248266
vn -0.222123 0.661245 -0.716531
v -0.417466 0.032609 0.159407
vn 0.561665 0.140610 -0.815329
v -0.347722 0.045626 0.171129
vn 0.831779 -0.303607 -0.464721
v -0.350980 -0.023199 0.176970
vn 0.242527 -0.836762 0.490927
v -0.302367 0.027995 0.318649
vn -0.689519 -0.042219 0.723036
v -0.388224 0.072885 0.323384
vn -0.870644 0.490039 -0.042906
v -0.399412 0.108015 0.252718
vn -0.809493 0.383192 -0.444842
v -0.369238 0.140698 0.220309
vn -0.460855 0.551920 -0.694979
v -0.377795 0.092510 0.188755
vn 0.437506 -0.030159 -0.898709
v -0.338320 0.089547 0.196026
vn 0.198513 0.385592 -0.901061
v -0.356949 0.090464 0.184885
vn 0.724853 -0.530571 -0.439412
v -0.294551 0.038556 0.252020
vn -0.283089 -0.943004 0.174940
v -0.259231 0.047133 0.274237
vn 0.250966 -0.965485 0.069672
v -0.262984 0.046386 0.295658
vn -0.072308 -0.791801 0.606484
v -0.262681 0.072334 0.370089
vn 0.340776 0.222171 -0.913516
v -0.399222 -0.008952 0.142699
vn 0.510256 -0.356171 -0.782804
v -0.394612 -0.067230 0.134894
vn 0.646094 -0.503986 0.573203
v -0.380272 -0.051076 0.262940
vn -0.125440 -0.267095 -0.955471
v -0.449270 -0.060049 0.122996
vn 0.410083 -0.750025 -0.518936
v -0.419108 -0.112725 0.173772
vn -0.208400 -0.538345 -0.816550
v -0.474959 -0.113668 0.169041
vn 0.696729 -0.707234 0.119955
v -0.419415 -0.134075 0.244502
vn 0.118910 -0.178026 0.976815
v -0.413935 -0.037294 0.276987
vn -0.144129 0.128303 0.981206
v -0.445346 -0.017987 0.278962
vn -0.352635 0.449991 -0.820462
v -0.468633 -0.005723 0.128049
vn -0.827357 0.195910 -0.526402
v -0.512001 -0.034102 0.160079
vn 0.835245 -0.546768 0.058405
v -0.380298 -0.093761 0.219802
vn -0.616605 0.410899 0.671536
v -0.454157 0.008480 0.267206
vn -0.962889 0.263408 -0.058836
v -0.681531 -0.201981 0.440987
vn -0.182010 0.877458 -0.443778
v -0.110816 0.365343 0.024138
vn -0.014403 0.559334 -0.828817
v -0.224527 0.472369 0.172237
vn -0.349750 0.429491 -0.832594
v -0.263035 0.415650 0.144786
vn -0.444375 0.642369 -0.624415
v -0.226343 0.365260 0.094350
vn -0.142370 0.672471 -0.726301
v -0.195183 0.416515 0.129560
vn -0.229939 0.818171 -0.526995
v -0.155976 0.382220 0.074795
vn -0.683232 0.063853 -0.727405
v -0.332480 0.371905 0.175237
vn -0.700319 0.297979 -0.648661
v -0.294904 0.340171 0.134277
vn -0.856651 0.249317 -0.451654
v -0.308635 0.283575 0.127865
vn -0.887667 0.055842 -0.457087
v -0.341912 0.278796 0.187241
vn -0.931768 0.028894 -0.361904
v -0.353995 0.186172 0.198246
vn -0.912719 0.104035 -0.395121
v -0.329425 0.229502 0.149496
vn -0.971433 -0.005048 -0.237261
v -0.366067 0.221088 0.251362
vn -0.955972 0.292160 -0.027572
v -0.413385 0.490845 0.320140
vn -0.754133 0.544464 -0.367210
v -0.382924 0.540886 0.280588
vn -0.911601 0.048389 0.408219
v -0.412057 0.456318 0.374809
vn -0.850326 -0.250224 0.462962
v -0.389605 0.275519 0.389797
vn -0.589700 -0.428501 0.684574
v -0.364484 0.262968 0.390303
vn -0.475288 -0.407992 0.779516
v -0.245690 0.235619 0.481938
vn -0.417251 -0.400832 0.815620
v -0.243802 0.177967 0.455451
vn -0.243565 -0.582938 0.775151
v -0.114672 0.195569 0.522846
vn -0.225705 -0.591182 0.774314
v -0.125739 0.140878 0.479468
vn -0.032195 -0.628432 0.777198
v -0.030082 0.178682 0.522106
vn -0.019758 -0.613608 0.789364
v -0.018230 0.116610 0.476254
vn -0.392518 0.357904 0.847251
v -0.067821 0.453973 0.698215
vn -0.296667 -0.213515 0.930806
v -0.069952 0.417916 0.698950
vn -0.341278 -0.579478 0.740091
v -0.111069 0.289136 0.598721
vn -0.296665 -0.524840 0.797830
v -0.084329 0.346653 0.654845
vn -0.691191 0.429189 0.581422
v -0.238844 0.372282 0.535616
vn -0.570083 -0.245017 0.784202
v -0.250656 0.353956 0.528782
vn -0.558256 -0.262412 0.787077
v -0.281384 0.323026 0.488811
vn -0.673370 0.046999 0.737810
v -0.276423 0.349415 0.505544
vn -0.257173 0.393349 0.882688
v -0.283068 0.507870 0.467112
vn -0.516418 -0.396165 0.759187
v -0.210869 0.269624 0.523559
vn -0.375422 -0.540051 0.753262
v -0.148383 0.246836 0.547453
vn -0.366870 -0.505807 0.780747
v -0.175929 0.197541 0.500569
vn -0.712971 0.456498 0.532242
v -0.386607 0.512196 0.386168
vn -0.449789 0.860391 0.239619
v -0.322920 0.570662 0.360196
vn -0.507284 0.758898 0.408334
v -0.300584 0.589612 0.301181
vn 0.166520 0.754348 0.635004
v -0.229537 0.563804 0.421444
vn 0.076042 0.997100 0.003020
v -0.040950 0.517244 0.422131
vn -0.208495 0.395527 -0.894476
v -0.305477 0.504073 0.196891
vn -0.355675 0.325059 -0.876260
v -0.301703 0.451837 0.172916
vn -0.894332 -0.169733 -0.413958
v -0.372532 0.325653 0.244472
vn -0.977951 -0.129701 -0.163672
v -0.385142 0.293972 0.306518
vn 0.451881 0.852179 0.263809
v -0.138105 0.549727 0.401007
vn 0.321319 0.946835 0.016030
v -0.088568 0.526293 0.385390
vn -0.553298 0.496993 0.668475
v -0.152664 0.506911 0.474578
vn 0.426339 0.834754 -0.348454
v -0.099947 0.513998 0.271252
vn 0.152983 0.922288 -0.354939
v -0.039181 0.484823 0.256835
vn 0.059769 0.905851 -0.419359
v -0.034981 0.461084 0.199667
vn 0.242644 0.812490 -0.530080
v -0.098994 0.477119 0.210620
vn 0.012946 0.876282 -0.481624
v -0.063585 0.437590 0.151491
vn 0.296577 0.694536 -0.655486
v -0.204709 0.548051 0.235447
vn 0.427808 0.762067 -0.486039
v -0.142987 0.529774 0.249665
vn 0.306374 0.933205 -0.187788
v -0.066753 0.512903 0.325801
vn 0.545418 0.822844 -0.159523
v -0.126805 0.545580 0.319259
vn -0.491967 0.788085 0.369988
v -0.097359 0.483223 0.639658
vn -0.114306 0.977806 0.175583
v -0.020950 0.517466 0.606434
vn -0.475461 0.849831 0.227431
v -0.118873 0.500432 0.550035
vn -0.666279 0.631396 0.396750
v -0.196001 0.415085 0.532738
vn -0.090564 -0.549464 0.830595
v -0.032023 0.340595 0.662068
vn -0.331793 0.869533 0.365824
v -0.131040 0.506552 0.494536
vn 0.104863 0.976446 0.188567
v -0.096729 0.520474 0.450550
vn -0.711185 0.630719 0.310499
v -0.151855 0.472796 0.523727
vn -0.266510 0.810072 0.522260
v -0.048055 0.485800 0.677588
vn -0.559606 -0.390405 0.731044
v -0.135733 0.348646 0.627486
vn -0.000396 0.008181 0.999967
v -0.006545 0.434029 0.711590
vn -0.656570 0.342295 0.672124
v -0.116781 0.442713 0.671013
vn -0.543438 -0.226376 0.808349
v -0.108311 0.406488 0.676609
vn -0.651924 -0.253078 0.714806
v -0.179716 0.383364 0.594540
vn -0.808595 0.225277 0.543530
v -0.173069 0.411918 0.610829
vn -0.752963 0.091441 0.651679
v -0.211018 0.378447 0.567339
vn -0.503119 -0.414225 0.758478
v -0.236859 0.347859 0.530187
vn -0.599611 -0.231959 0.765939
v -0.282965 0.287138 0.485000
vn -0.126482 -0.631601 0.764907
v -0.075561 0.104713 0.462248
vn -0.176578 -0.737636 0.651700
v -0.089181 0.019621 0.378005
vn -0.188744 -0.675622 0.712678
v -0.100111 0.068312 0.425062
vn 0.012876 0.784894 -0.619497
v -0.134998 0.434909 0.144702
vn -0.288718 0.856255 -0.428333
v -0.157321 0.344594 0.006959
vn -0.722722 0.527612 -0.446430
v -0.265549 0.310919 0.071603
vn -0.623650 0.688629 -0.369934
v -0.231300 0.298680 -0.010103
vn -0.917317 0.238121 -0.319104
v -0.306896 0.237701 0.092743
vn -0.974433 0.129631 -0.183513
v -0.309046 0.174157 0.048938
vn -0.963580 -0.067716 -0.258705
v -0.324327 0.155904 0.125153
vn -0.987965 -0.135614 -0.074387
v -0.309026 0.098752 0.060211
vn -0.837380 -0.516301 0.179520
v -0.273533 0.001848 0.147006
vn -0.559806 -0.705911 0.433943
v -0.206495 -0.022824 0.251189
vn -0.379174 -0.791973 0.478546
v -0.160677 -0.051243 0.248680
vn -0.726178 -0.613338 0.310616
v -0.249433 -0.001440 0.212441
vn -0.269563 -0.771589 0.576183
v -0.125414 -0.019083 0.318078
vn -0.189004 0.720106 -0.667627
v -0.319718 0.588439 0.240664
vn -0.605062 0.706025 0.368008
v -0.349220 0.568010 0.277208
vn -0.660305 -0.148192 0.736231
v -0.354530 0.383261 0.416680
vn -0.957333 -0.058285 0.283050
v -0.415906 0.383907 0.338136
vn -0.160923 0.518679 0.839688
v -0.193941 0.507062 0.453604
vn -0.088681 0.819214 0.566590
v -0.224594 0.586943 0.375999
vn -0.196270 0.613186 0.765168
v -0.191811 0.545123 0.422285
vn -0.137124 0.972901 0.186172
v -0.252821 0.613332 0.323295
vn 0.217042 0.675046 -0.705128
v -0.170369 0.497535 0.199161
vn -0.331998 0.941057 -0.064723
v -0.517279 -0.153370 -0.121702
vn 0.079011 0.213582 0.973725
v -0.485470 -0.143222 -0.142774
vn 0.065652 0.989351 0.129903
v -0.469873 -0.161595 -0.009425
vn -0.722409 0.591077 0.358821
v -0.486055 -0.174573 0.023846
vn -0.866605 0.237805 0.438685
v -0.508703 -0.136700 -0.155221
vn -0.799154 0.599100 -0.049322
v -0.527788 -0.146384 -0.184813
vn -0.097916 0.986772 0.129202
v -0.529019 -0.153850 -0.050113
vn 0.327695 0.933434 -0.146005
v -0.482947 -0.153913 -0.074636
vn -0.395359 0.780316 -0.484559
v -0.553157 -0.161976 -0.135532
vn 0.621104 0.782009 0.051880
v -0.477181 -0.170613 -0.104113
vn -0.093999 0.995572 -0.000296
v -0.521818 -0.149461 -0.097876
vn -0.456176 0.818304 -0.349687
v -0.672507 -0.157640 0.080067
vn -0.900002 0.106489 -0.422679
v -0.701785 -0.190938 0.092524
vn -0.496206 -0.717008 -0.489570
v -0.665144 -0.219507 0.059131
vn -0.762766 0.544189 0.349352
v -0.699913 -0.173116 0.122642
vn -0.710281 0.648853 -0.272929
v -0.608745 -0.196448 -0.027508
vn -0.390749 0.919574 0.041222
v -0.575771 -0.168568 -0.029290
vn -0.843422 0.165202 -0.511222
v -0.759178 -0.195535 -0.117095
vn -0.812745 0.381884 0.440012
v -0.760492 -0.188344 -0.050410
vn -0.992904 0.061033 -0.102060
v -0.770761 -0.196567 -0.083477
vn 0.069389 0.877841 0.473900
v -0.702948 -0.160196 -0.045006
vn 0.150339 0.974495 -0.166607
v -0.662073 -0.162459 -0.092097
vn 0.044961 0.927200 -0.371859
v -0.697798 -0.156727 -0.105440
vn -0.112161 0.218492 -0.969372
v -0.728665 -0.196376 -0.133831
vn 0.138869 0.503683 -0.852654
v -0.672394 -0.181933 -0.123089
vn 0.159924 -0.027347 -0.986750
v -0.682266 -0.199962 -0.128089
vn 0.017164 -0.694020 0.719751
v -0.707198 -0.219498 -0.025274
vn -0.008621 0.226996 0.973858
v -0.709905 -0.189851 -0.020779
vn -0.371520 0.654604 -0.658382
v -0.736660 -0.173728 -0.123865
vn -0.489695 0.870534 -0.048677
v -0.740986 -0.164609 -0.083008
vn -0.480140 0.654594 0.583928
v -0.740750 -0.171325 -0.040106
vn 0.218277 0.209728 0.953084
v -0.648528 -0.195572 -0.043316
vn -0.127441 0.985590 -0.111230
v -0.598383 -0.166127 -0.095471
vn 0.156324 0.721664 0.674362
v -0.629203 -0.176850 -0.056415
vn -0.455434 0.827360 0.328718
v -0.611218 -0.204756 -0.042654
vn -0.113876 -0.021585 -0.993261
v -0.615342 -0.197354 -0.118995
vn -0.201510 0.642877 -0.738987
v -0.608684 -0.176711 -0.116016
vn -0.269887 0.944614 0.186721
v -0.595922 -0.166103 -0.074336
vn 0.578968 0.221170 0.784780
v -0.428497 -0.169923 -0.157095
vn 0.201240 -0.959129 0.198932
v -0.439335 -0.219511 -0.185900
vn 0.613242 -0.421264 0.668185
v -0.590249 -0.219511 0.158560
vn 0.765940 0.569612 0.298123
v -0.574960 -0.177231 0.081517
vn 0.856510 -0.078848 0.510071
v -0.547346 -0.200316 0.025785
vn 0.969795 0.007142 0.243817
v -0.569961 -0.199148 0.082907
vn 0.585032 0.609438 0.535091
v -0.543104 -0.184679 0.012122
vn 0.312557 0.949682 0.020306
v -0.594958 -0.161225 0.072406
vn 0.122237 0.978981 0.163260
v -0.567324 -0.169417 -0.001720
vn 0.361263 0.643130 0.675183
v -0.408552 -0.171443 0.113006
vn 0.782988 0.282854 0.554007
v -0.380480 -0.195604 0.098980
vn 0.865222 0.497542 -0.061998
v -0.375466 -0.182971 0.068938
vn 0.276509 -0.593008 0.756231
v -0.407993 -0.219507 0.122944
vn -0.145733 0.083041 0.985833
v -0.441410 -0.196329 0.124864
vn 0.895464 0.240242 -0.374737
v -0.447653 -0.187319 -0.086082
vn -0.635377 0.769899 0.059594
v -0.479846 -0.171182 0.042725
vn -0.952468 0.183156 0.243431
v -0.488939 -0.189909 0.080235
vn -0.179289 0.703179 0.688037
v -0.443079 -0.169989 0.115515
vn -0.773045 0.146077 0.617303
v -0.476400 -0.191321 0.107739
vn 0.407737 0.912688 -0.027414
v -0.399930 -0.159559 0.070622
vn -0.345919 0.922378 0.171929
v -0.458618 -0.161938 0.084354
vn 0.774492 0.340894 -0.532873
v -0.416271 -0.191704 0.001250
vn -0.970594 -0.034594 0.238223
v -0.487186 -0.198976 0.033106
vn 0.927108 0.162106 -0.337924
v -0.432084 -0.192787 -0.033773
vn 0.378232 0.908687 -0.176713
v -0.435760 -0.167354 0.008089
vn 0.327076 0.203734 0.922775
v -0.526839 -0.198243 0.005995
vn -0.050810 0.874500 0.482357
v -0.524837 -0.163040 -0.018054
vn 0.630064 0.752839 -0.190401
v -0.452943 -0.168194 -0.058810
vn 0.999213 -0.038038 0.011297
v -0.457708 -0.196916 -0.110753
vn 0.531932 -0.823736 -0.196233
v -0.460630 -0.219511 -0.087678
vn -0.759088 0.587606 -0.280185
v -0.546030 -0.164874 -0.146612
vn 0.842455 -0.523494 -0.127373
v -0.470158 -0.213534 -0.113599
vn -0.681414 0.329126 -0.653721
v -0.641538 -0.185252 0.035173
vn -0.226233 0.915401 -0.332956
v -0.622793 -0.164968 0.044864
vn 0.260841 0.791261 0.553054
v -0.663863 -0.170741 -0.054381
vn 0.207215 0.960269 0.186940
v -0.392791 0.016505 -0.265753
vn 0.465230 0.727594 0.504150
v -0.366208 -0.019101 -0.181393
vn -0.906458 -0.356333 -0.226629
v -0.512486 -0.192660 -0.280355
vn -0.950309 0.223281 -0.216931
v -0.505522 -0.144830 -0.325961
vn -0.350038 0.869596 -0.348249
v -0.334910 0.000296 -0.649727
vn -0.813462 -0.307510 -0.493678
v -0.307521 -0.163936 -0.726760
vn 0.976562 0.150530 -0.153843
v -0.173034 -0.144790 -0.744951
vn 0.984845 -0.079757 0.154010
v -0.180074 -0.197935 -0.680112
vn -0.584548 -0.027970 -0.810877
v -0.269503 -0.122288 -0.790179
vn -0.043208 0.287550 -0.956790
v -0.232971 -0.084663 -0.798332
vn 0.216129 -0.233291 -0.948084
v -0.220189 -0.155036 -0.801326
vn -0.007265 0.003393 0.999968
v -0.222932 -0.219511 -0.774025
vn 0.478215 -0.381657 0.790979
v -0.395131 -0.153649 -0.179891
vn -0.983075 -0.038173 -0.179184
v -0.505005 -0.119615 -0.268539
vn 0.875360 0.451925 0.171781
v -0.212783 -0.085324 -0.706409
vn 0.712293 0.701120 0.032713
v -0.229496 -0.047994 -0.736081
vn 0.155961 0.828378 -0.538021
v -0.240924 -0.043192 -0.769525
vn 0.655065 0.522003 -0.546262
v -0.211564 -0.069488 -0.785841
vn -0.796016 -0.213637 -0.566320
v -0.353382 -0.077464 -0.668007
vn -0.873663 -0.282262 -0.396284
v -0.334343 -0.101212 -0.663028
vn -0.846169 0.044304 -0.531071
v -0.317880 -0.097771 -0.717638
vn -0.748999 -0.463895 -0.473077
v -0.375035 -0.087739 -0.624522
vn -0.832012 -0.268272 -0.485578
v -0.396782 -0.110929 -0.552634
vn -0.790620 -0.385587 -0.475650
v -0.372380 -0.104338 -0.598637
vn -0.850557 -0.249691 -0.462825
v -0.344046 -0.163517 -0.656187
vn -0.812805 -0.342889 -0.470930
v -0.380196 -0.183376 -0.585864
vn 0.801444 -0.597227 0.031749
v -0.190487 -0.209704 -0.657745
vn 0.497148 0.867664 -0.001756
v -0.291215 -0.002228 -0.540453
vn 0.452553 0.890778 0.041353
v -0.316091 0.006962 -0.460297
vn 0.320278 0.738890 0.592843
v -0.412406 -0.014966 -0.149479
vn -0.767311 0.615242 0.180863
v -0.522923 -0.027562 -0.178195
vn -0.744098 0.667801 -0.018969
v -0.503533 0.002156 -0.281955
vn -0.920037 0.315027 -0.233002
v -0.504955 -0.024703 -0.352836
vn 0.318907 0.943549 -0.089515
v -0.290569 -0.005684 -0.665575
vn -0.330247 0.790998 -0.515033
v -0.303379 -0.012135 -0.699855
vn -0.716274 0.543344 -0.437869
v -0.411658 -0.008487 -0.557443
vn -0.361917 0.919910 -0.150933
v -0.433552 0.027830 -0.414086
vn -0.957189 0.010765 -0.289265
v -0.481083 -0.120018 -0.359249
vn -0.904266 0.265096 -0.334704
v -0.480780 -0.143132 -0.395376
vn -0.896857 -0.199118 -0.394967
v -0.467663 -0.166877 -0.435175
vn -0.893284 -0.319617 -0.316051
v -0.494015 -0.176436 -0.362002
vn -0.698473 -0.635163 -0.329703
v -0.447988 -0.198933 -0.432907
vn -0.188870 0.978317 0.084988
v -0.455691 0.025373 -0.284289
vn -0.487674 0.863805 -0.126551
v -0.466026 0.022538 -0.354379
vn -0.393300 0.887285 -0.240915
v -0.413790 0.022366 -0.487615
vn -0.840335 0.406996 -0.358037
v -0.456575 -0.014244 -0.471498
vn -0.879800 -0.218037 -0.422388
v -0.440951 -0.076009 -0.518198
vn -0.916290 0.031693 -0.399260
v -0.422830 -0.117408 -0.494884
vn -0.919745 -0.018135 -0.392098
v -0.453243 -0.119490 -0.431839
vn -0.864034 0.302151 -0.402677
v -0.446455 -0.139048 -0.475613
vn 0.280295 0.959908 -0.003314
v -0.334715 0.007869 -0.376640
vn 0.397384 0.860472 0.318863
v -0.323002 -0.001408 -0.265016
vn 0.619961 0.652522 0.435733
v -0.263016 -0.034791 -0.281575
vn 0.690209 0.353228 0.631539
v -0.290612 -0.067245 -0.214481
vn -0.201681 0.949227 -0.241440
v -0.278875 -0.012704 -0.433865
vn 0.193513 0.976690 -0.092891
v -0.291215 -0.011392 -0.416353
vn 0.328198 0.939658 0.096588
v -0.279993 0.002126 -0.347424
vn -0.542723 -0.239101 -0.805160
v -0.209568 -0.134496 -0.621661
vn 0.748525 -0.074537 -0.658904
v -0.214345 -0.137995 -0.619229
vn 0.932171 0.356167 0.064817
v -0.219517 -0.109631 -0.625547
vn 0.956261 0.187379 0.224618
v -0.160396 -0.061593 -0.513346
vn 0.575306 -0.324717 0.750721
v -0.325425 -0.111708 -0.174180
vn 0.615854 0.336435 0.712415
v -0.349718 -0.064678 -0.160674
vn 0.153522 0.032638 0.987606
v -0.445573 -0.076301 -0.094101
vn 0.511523 -0.019276 0.859053
v -0.394691 -0.080181 -0.117576
vn 0.176745 -0.632050 0.754503
v -0.438979 -0.121748 -0.120056
vn -0.626268 0.085676 0.774886
v -0.521133 -0.070145 -0.100057
vn -0.922240 0.382034 -0.059361
v -0.527191 -0.032549 -0.233939
vn -0.915688 -0.250842 -0.313995
v -0.492987 -0.081731 -0.393721
vn -0.825412 0.176273 -0.536304
v -0.398343 -0.047094 -0.600389
vn -0.890243 -0.228725 -0.393895
v -0.467503 -0.077969 -0.458285
vn -0.848894 -0.271804 -0.453323
v -0.416597 -0.078931 -0.566262
vn 0.333724 0.924006 -0.186656
v -0.263240 -0.028125 -0.723740
vn -0.429028 0.661366 -0.615248
v -0.274489 -0.037696 -0.751474
vn 0.759080 0.648687 0.054804
v -0.249517 -0.036063 -0.657788
vn 0.255226 0.957484 -0.134479
v -0.207789 -0.017316 -0.506693
vn 0.231257 0.963563 -0.134413
v -0.260148 -0.032288 -0.504839
vn 0.370477 0.785550 -0.495639
v -0.230509 -0.080520 -0.610849
vn 0.331232 0.909873 -0.249832
v -0.241832 -0.048194 -0.559548
vn 0.502495 -0.359933 0.786096
v -0.277836 -0.155851 -0.262149
vn 0.814764 0.208957 0.540829
v -0.226128 -0.086912 -0.282891
vn 0.717340 0.598997 0.355846
v -0.228808 -0.040427 -0.331322
vn 0.460160 0.878898 0.125663
v -0.237887 -0.009789 -0.381391
vn -0.790275 -0.459725 -0.405116
v -0.174185 -0.054936 -0.543745
vn 0.356023 -0.809127 -0.467505
v -0.158748 -0.067353 -0.546490
vn 0.695878 0.134837 -0.705388
v -0.155818 -0.050752 -0.558628
vn -0.116943 -0.100182 -0.988073
v -0.097488 -0.138418 -0.724011
vn -0.710919 0.638019 -0.295846
v -0.169635 -0.039971 -0.608457
vn -0.550205 0.584058 -0.596784
v -0.155404 -0.052163 -0.647335
vn -0.348054 0.139093 -0.927099
v -0.110425 -0.117386 -0.720312
vn -0.435867 0.432855 -0.789086
v -0.114980 -0.086050 -0.702925
vn -0.262815 0.837666 -0.478794
v -0.074986 0.109408 -0.519375
vn -0.449166 0.756236 -0.475770
v -0.112744 0.105969 -0.494928
vn -0.658255 0.624658 -0.420123
v -0.159666 0.056627 -0.516662
vn -0.189921 0.873493 -0.448264
v -0.069840 0.200114 -0.348777
vn -0.383495 0.810187 -0.443315
v -0.153060 0.193245 -0.307884
vn -0.593591 0.693412 -0.408448
v -0.214257 0.178563 -0.266403
vn -0.757830 0.512834 -0.403355
v -0.231785 0.131531 -0.311188
vn -0.828783 0.383193 -0.407777
v -0.219449 0.082704 -0.387489
vn -0.980224 -0.079096 -0.181394
v -0.278810 0.058587 -0.212680
vn -0.927449 0.225461 -0.298338
v -0.266255 0.105442 -0.260890
vn -0.943022 -0.273647 -0.189281
v -0.258425 -0.008683 -0.246286
vn -0.882470 -0.447690 -0.144292
v -0.242259 -0.067227 -0.211105
vn -0.770706 -0.628763 -0.103295
v -0.208281 -0.122230 -0.200261
vn -0.701013 -0.713147 0.001499
v -0.200767 -0.136499 -0.110183
vn -0.699819 -0.704486 -0.118118
v -0.171776 -0.151858 -0.261059
vn -0.630236 -0.775243 -0.042431
v -0.165769 -0.164877 -0.182437
vn -0.105457 0.909462 -0.402192
v -0.056209 0.293301 -0.157043
vn -0.055627 0.906602 -0.418305
v -0.033214 0.259414 -0.237562
vn -0.189857 0.876822 -0.441743
v -0.080462 0.237299 -0.271124
vn -0.301168 0.851762 -0.428719
v -0.128309 0.239176 -0.240569
vn -0.460072 0.785310 -0.414272
v -0.182113 0.210437 -0.249237
vn -0.741957 0.600786 -0.297584
v -0.248216 0.228408 -0.106257
vn -0.836504 0.486193 -0.252739
v -0.265520 0.180355 -0.158096
vn -0.787902 0.517790 -0.333323
v -0.250626 0.159860 -0.231438
vn -0.633292 0.688959 -0.352528
v -0.230391 0.206380 -0.189910
vn -0.985868 -0.116203 -0.120667
v -0.288909 0.054249 -0.140221
vn -0.953478 0.214425 -0.211899
v -0.280731 0.126496 -0.183035
vn -0.988718 -0.133167 -0.068585
v -0.300650 0.080463 -0.020422
vn -0.964199 -0.263376 -0.030883
v -0.294507 0.037770 0.014437
vn -0.985807 -0.153665 -0.067611
v -0.292884 0.052853 -0.085275
vn -0.952553 -0.304053 -0.013978
v -0.283087 0.001015 -0.042197
vn -0.846485 -0.529700 -0.053671
v -0.239831 -0.087877 -0.130376
vn -0.940301 -0.332815 -0.071196
v -0.274764 -0.017325 -0.109516
vn -0.943811 -0.307429 -0.121278
v -0.269590 -0.013030 -0.166799
vn -0.875490 -0.483163 0.008458
v -0.256237 -0.062891 -0.050195
vn -0.764367 -0.642466 0.054591
v -0.225867 -0.106467 -0.042666
vn -0.647584 -0.757458 0.083016
v -0.187854 -0.143368 -0.041919
vn -0.603882 -0.778281 0.172061
v -0.163413 -0.152378 0.022969
vn -0.594236 -0.803869 0.026049
v -0.153244 -0.173621 -0.100545
vn -0.209341 0.808493 -0.550015
v -0.052860 0.069997 -0.596642
vn -0.430697 0.758880 -0.488469
v -0.105171 0.069817 -0.562113
vn -0.198854 0.712787 -0.672601
v -0.046383 0.026126 -0.654955
vn -0.934268 -0.280886 -0.219652
v -0.236163 -0.014705 -0.334612
vn -0.869205 -0.463039 -0.173430
v -0.205702 -0.071373 -0.354186
vn -0.927704 -0.327172 -0.179786
v -0.214746 -0.035799 -0.408585
vn -0.926678 0.170979 -0.334716
v -0.215330 0.021839 -0.454554
vn -0.959055 0.016361 -0.282748
v -0.235782 0.037340 -0.373584
vn -0.663049 0.593598 -0.456077
v -0.198833 0.115949 -0.384841
vn -0.643993 0.599920 -0.474730
v -0.171549 0.088929 -0.456977
vn -0.354397 0.822357 -0.445120
v -0.129819 0.161518 -0.386375
vn -0.488939 0.735692 -0.468718
v -0.153627 0.128229 -0.421999
vn -0.141992 0.879329 -0.454553
v -0.053819 0.168479 -0.415509
vn -0.424185 0.649231 -0.631322
v -0.096580 0.018218 -0.638637
vn -0.716723 0.518082 -0.466797
v -0.152797 0.019009 -0.591881
vn -0.898019 0.184517 -0.399394
v -0.194880 0.006864 -0.513092
vn -0.938111 -0.250369 -0.239297
v -0.206827 -0.025297 -0.469164
vn -0.437411 0.500246 -0.747279
v -0.089863 -0.044757 -0.694837
vn -0.267786 0.294024 -0.917519
v -0.056562 -0.081300 -0.729618
vn -0.212100 -0.200174 -0.956527
v -0.034129 -0.140062 -0.738100
vn -0.285482 0.123894 -0.950342
v -0.087366 -0.107139 -0.722433
vn -0.130002 -0.149139 -0.980233
v -0.080030 -0.133382 -0.720821
vn 0.499077 -0.423967 0.755761
v -0.334146 -0.154848 -0.220910
vn 0.176921 -0.174706 -0.968595
v -0.207021 -0.164215 -0.610989
vn 0.873131 0.198215 0.445368
v -0.151780 -0.184440 -0.406626
vn 0.199317 -0.863862 -0.462618
v -0.175609 -0.103422 -0.430194
vn -0.031041 -0.950787 -0.308287
v -0.179364 -0.087749 -0.452025
vn 0.932191 0.314976 0.178353
v -0.173773 -0.109256 -0.403168
vn 0.979134 0.193043 0.063495
v -0.175319 -0.079199 -0.442666
vn -0.057366 -0.446251 0.893067
v -0.152648 -0.156005 -0.415272
vn -0.795039 -0.598522 -0.098414
v -0.166459 -0.138685 -0.349923
vn -0.635257 -0.561512 0.530239
v -0.114605 -0.195146 -0.398095
vn 0.825177 0.507980 0.247063
v -0.203313 -0.049434 -0.378977
vn 0.399563 0.916175 -0.031182
v -0.218444 -0.010989 -0.455005
vn -0.619363 0.302229 -0.724602
v -0.170258 -0.092280 -0.676264
vn 0.699543 -0.122409 0.704028
v -0.235487 -0.144110 -0.281050
vn 0.800900 0.074433 0.594154
v -0.188487 -0.182803 -0.331944
vn 0.885952 0.220913 0.407782
v -0.185957 -0.115352 -0.348037
vn 0.736314 -0.345796 0.581608
v -0.440647 -0.196870 -0.144800
vn 0.249760 -0.885774 0.391184
v -0.540324 -0.219511 0.006319
vn -0.738612 -0.035663 -0.673186
v -0.550430 -0.187848 -0.144334
vn 0.336412 -0.821599 0.460219
v -0.632895 -0.219511 -0.050663
vn -0.477169 0.129975 0.869147
v -0.505300 -0.195154 0.005440
vn 0.946150 0.233892 0.223820
v -0.187711 -0.155167 -0.690009
vn 0.388193 -0.609868 0.690917
v -0.319316 -0.210652 -0.233873
vn 0.040949 -0.991988 0.119510
v -0.320950 -0.219511 -0.266619
vn 0.912964 0.359521 0.192983
v -0.194259 -0.212739 -0.617037
vn 0.771977 0.170398 -0.612386
v -0.201893 -0.201610 -0.608143
vn -0.594193 -0.203066 -0.778267
v -0.190421 -0.199555 -0.610274
vn 0.922424 0.250868 0.293598
v -0.196637 -0.183157 -0.637575
vn 0.375842 -0.691462 0.616947
v -0.261721 -0.217116 -0.269806
vn 0.457515 -0.715863 0.527466
v -0.217620 -0.219511 -0.302782
vn 0.010249 -0.004878 -0.999936
v -0.064132 -0.202571 -0.701777
vn -0.013587 -0.208779 -0.977869
v -0.081561 -0.186811 -0.710701
vn -0.541148 -0.839201 -0.053851
v -0.112874 -0.199104 -0.231238
vn -0.106679 -0.937913 0.330059
v -0.032652 -0.210803 0.050573
vn -0.405782 -0.880150 0.246328
v -0.094380 -0.200776 0.030419
vn -0.237610 -0.848228 0.473341
v -0.064090 -0.184299 0.088358
vn -0.644628 -0.192515 -0.739860
v -0.156436 -0.158019 -0.688167
vn -0.536923 -0.765654 -0.354242
v -0.171415 -0.219511 -0.636855
vn 0.770274 -0.363470 0.523991
v -0.172771 -0.214457 -0.346889
vn -0.205566 0.888112 -0.411097
v -0.119407 0.335606 -0.034351
vn -0.417629 0.815034 -0.401628
v -0.192447 0.313423 -0.029229
vn -0.516858 0.761411 -0.391295
v -0.202833 0.277062 -0.088899
vn -0.335088 0.850143 -0.406168
v -0.165698 0.308546 -0.063557
vn -0.862576 0.412616 -0.292764
v -0.280411 0.249550 0.021937
vn -0.901448 0.368055 -0.227876
v -0.284907 0.207019 -0.024550
vn -0.970863 0.186493 -0.150483
v -0.297958 0.159973 -0.028381
vn -0.933434 0.311924 -0.177211
v -0.285526 0.159063 -0.106402
vn -0.994906 0.003371 -0.100748
v -0.306655 0.125944 0.013222
vn -0.952490 -0.304181 0.015362
v -0.300455 0.053580 0.096754
vn -0.870356 -0.488564 0.061528
v -0.261342 -0.049025 0.017436
vn -0.785870 -0.589293 0.187465
v -0.248986 -0.051717 0.095473
vn -0.720313 -0.679846 0.137687
v -0.218597 -0.103943 0.031016
vn -0.911922 -0.407090 0.051723
v -0.280940 -0.002486 0.066535
vn -0.340703 -0.808334 0.480122
v -0.127406 -0.096406 0.196309
vn -0.602964 -0.716928 0.349928
v -0.209547 -0.063476 0.171368
vn -0.473715 -0.787046 0.395162
v -0.160056 -0.118317 0.127749
vn -0.486991 -0.805896 0.336707
v -0.135479 -0.157216 0.076629
vn -0.633000 -0.731075 0.254635
v -0.199678 -0.106877 0.088639
vn -0.145550 -0.829354 0.539433
v -0.057555 -0.105924 0.213325
vn -0.104970 -0.836539 0.537758
v -0.034548 -0.147184 0.154859
vn -0.300601 -0.821687 0.484221
v -0.097903 -0.140708 0.141726
vn -0.083048 -0.704886 0.704442
v -0.047240 0.042004 0.409135
vn -0.026513 -0.757783 0.651968
v -0.014648 0.005324 0.372356
vn -0.101464 -0.794172 0.599163
v -0.053035 -0.031987 0.321942
vn -0.189646 -0.818101 0.542905
v -0.084558 -0.070294 0.259967
vn 0.095593 0.570248 -0.815891
v -0.248754 0.535998 0.213841
vn -0.718287 0.557067 -0.416822
v -0.390097 0.536644 0.239743
vn -0.494783 -0.470556 0.730593
v -0.328290 0.296968 0.444845
vn -0.687062 -0.228824 0.689627
v -0.364318 0.297532 0.431053
vn -0.636219 -0.080633 0.767284
v -0.336884 0.316091 0.457867
vn -0.575605 -0.379746 0.724205
v -0.174530 0.313834 0.577987
vn -0.739992 -0.226805 0.633223
v -0.362658 0.226815 0.386567
vn -0.952536 -0.234211 0.194476
v -0.388436 0.224231 0.350319
vn -0.724761 0.284307 0.627608
v -0.320715 0.349187 0.448677
vn 0.023321 0.955700 0.293418
v -0.219000 0.609480 0.354599
vn -0.549057 0.593648 0.588318
v -0.191307 0.446310 0.492385
vn -0.363335 0.186553 0.912790
v -0.256429 0.422277 0.469222
vn -0.178863 0.314680 0.932193
v -0.222013 0.455486 0.471582
vn -0.584895 0.074813 0.807651
v -0.312325 0.398593 0.446735
vn -0.879228 -0.138755 0.455747
v -0.396042 0.392280 0.365682
vn -0.839266 0.449062 0.306554
v -0.394857 0.508716 0.269759
vn -0.960372 0.278162 0.017631
v -0.415187 0.492390 0.260186
vn -0.982183 0.122527 0.142491
v -0.424980 0.432751 0.285234
vn -0.878534 0.292489 0.377661
v -0.413828 0.431832 0.298130
vn -0.959297 -0.232597 0.160152
v -0.393836 0.337388 0.339824
vn -0.635869 0.264608 -0.725019
v -0.392777 0.519191 0.230877
vn -0.545904 0.618300 0.565415
v -0.329980 0.546588 0.405464
vn -0.593571 0.137112 0.793016
v -0.335676 0.469234 0.434069
vn -0.734849 -0.243490 0.633016
v -0.389143 0.410516 0.402718
vn 0.533297 0.845346 0.031377
v -0.173482 0.588271 0.352558
vn -0.250207 0.818219 0.517605
v -0.287041 0.571824 0.409983
vn -0.045720 0.750672 0.659091
v -0.184808 0.576206 0.410633
vn -0.156007 0.710484 0.686203
v -0.175823 0.539783 0.437701
vn -0.410208 0.900687 0.143150
v -0.311376 0.604218 0.277516
vn -0.688307 0.716217 0.115182
v -0.377014 0.548792 0.320232
vn -0.229768 -0.041885 0.972344
v -0.278700 0.453710 0.479659
vn -0.931263 -0.338194 -0.135550
v -0.400633 0.353856 0.302836
vn -0.669012 0.743242 0.003840
v -0.360731 0.577974 0.258361
vn -0.837383 0.125411 0.532036
v -0.367389 0.335539 0.398239
vn 0.138351 0.881435 -0.451588
v -0.267469 0.606716 0.264848
vn 0.449569 0.830987 -0.327640
v -0.189305 0.585694 0.299002
vn -0.624405 0.062246 -0.778617
v -0.369814 0.436317 0.208988
vn -0.861509 0.390955 -0.323970
v -0.486917 -0.018099 -0.400551
vn -0.134668 0.955895 0.261016
v -0.454196 0.016084 -0.201905
vn 0.087931 0.994955 0.048307
v -0.408543 0.030701 -0.348496
vn 0.159435 0.987207 0.001904
v -0.378388 0.028142 -0.433417
vn 0.050479 0.989790 -0.133294
v -0.365399 0.025256 -0.507664
vn 0.589053 0.807959 -0.014776
v -0.271646 -0.013906 -0.592937
vn 0.851983 -0.458509 0.252774
v 0.765091 -0.219510 0.592770
vn 0.495015 -0.544390 0.677200
v 0.834679 -0.219494 0.428513
vn -0.078887 -0.617532 -0.782580
v 0.790043 -0.219511 0.322967
vn -0.117631 -0.578682 0.807026
v 0.789852 -0.219512 0.437196
vn -0.151670 -0.646297 0.747862
v 0.684206 -0.219511 0.647044
vn -0.295548 -0.947567 0.121524
v 0.635399 -0.219920 0.490635
vn 0.297559 -0.773735 -0.559279
v 0.626931 -0.219595 0.298306
vn 0.656167 -0.614731 -0.437664
v 0.750613 -0.219512 0.546108
vn -0.024362 -0.998212 0.054591
v 0.628293 -0.220451 0.458742
vn -0.762116 -0.489003 -0.424329
v 0.374279 -0.219089 0.031540
vn -0.813969 -0.417466 0.403953
v 0.437063 -0.219512 0.566216
vn -0.565313 -0.699614 -0.436991
v 0.426488 -0.219512 0.468808
vn -0.389043 -0.849650 -0.356007
v 0.477633 -0.219511 0.437507
vn 0.135808 -0.914112 0.382041
v 0.695637 -0.219510 0.401602
vn 0.365870 -0.785264 -0.499499
v 0.638808 -0.219511 0.306540
vn -0.427767 -0.891676 -0.148087
v 0.508293 -0.219510 0.389473
vn -0.246174 -0.967722 -0.053971
v 0.474678 -0.219511 -0.108092
vn 0.382478 -0.909296 -0.163985
v 0.457731 -0.219511 -0.351551
vn 0.951983 -0.161154 0.260304
v 0.510255 -0.219511 0.563017
vn 0.346953 -0.322533 0.880679
v 0.539970 -0.219509 0.508829
vn 0.534204 -0.358500 0.765574
v 0.622416 -0.219553 0.473402
vn -0.498855 -0.662265 0.559061
v 0.653306 -0.219511 0.631938
vn -0.065200 -0.869154 -0.490225
v 0.739660 -0.219512 0.348165
vn -0.653044 -0.693725 0.303776
v 0.579572 -0.219511 0.147619
vn 0.229904 -0.646068 0.727833
v 0.650746 -0.219511 0.178169
vn 0.742664 -0.607874 0.280961
v 0.479603 -0.219512 0.064995
vn -0.463398 -0.833850 -0.299928
v 0.427637 -0.219512 -0.007744
vn 0.529850 -0.836845 -0.137656
v 0.513110 -0.219511 -0.209499
vn 0.748783 -0.509830 0.423552
v 0.470994 -0.219511 0.101391
vn 0.070281 -0.844589 -0.530782
v 0.615240 -0.219511 -0.110982
vn -0.351223 -0.521247 -0.777782
v -0.829981 -0.219506 0.325574
vn 0.175335 -0.807884 -0.562656
v 0.219003 -0.219511 -0.774127
vn -0.269889 -0.941567 -0.201524
v 0.202764 -0.219511 -0.650186
vn 0.467394 -0.766652 -0.440213
v 0.157922 -0.219511 -0.654285
vn -0.116210 -0.878187 0.463986
v 0.137424 -0.219511 -0.414928
vn -0.288161 -0.709108 0.643529
v 0.608057 -0.219511 0.173003
vn 0.053901 -0.885285 0.461914
v 0.637462 -0.219510 -0.051348
vn -0.778728 -0.546604 0.307907
v 0.368838 -0.219518 0.089594
vn 0.108730 -0.927697 0.357149
v 0.505808 -0.219511 -0.001820
vn 0.416664 -0.904435 -0.091590
v 0.605590 -0.219511 -0.006494
vn -0.426522 -0.884108 0.190871
v 0.568848 -0.219512 0.048253
vn -0.027160 -0.652600 0.757215
v 0.424601 -0.219512 0.125578
vn -0.229951 -0.900810 0.368325
v 0.265979 -0.219511 -0.268511
vn -0.188651 -0.966556 0.173724
v 0.434785 -0.219511 -0.196909
vn -0.035199 -0.989380 0.141024
v 0.371512 -0.219511 -0.238116
vn 0.301060 -0.854830 0.422644
v 0.082569 -0.219511 -0.388614
vn 0.166740 -0.747155 -0.643394
v 0.028745 -0.219511 -0.713392
vn -0.161170 -0.687104 -0.708457
v -0.030537 -0.219511 -0.713658
vn 0.228746 -0.970645 0.074327
v 0.065211 -0.219508 -0.375613
vn 0.297968 -0.953499 0.045332
v 0.082682 -0.219152 -0.046529
vn 0.025138 -0.698461 -0.715206
v 0.081419 -0.219511 -0.707946
vn 0.030941 -0.815920 -0.577336
v 0.061022 -0.219511 -0.701015
vn 0.016781 -0.996886 0.077054
v 0.010911 -0.219511 -0.009898
vn -0.725080 -0.609024 0.321481
v 0.147142 -0.219511 -0.393524
vn -0.598872 -0.702296 0.384881
v 0.165255 -0.219511 -0.362420
vn -0.445524 -0.707294 0.548857
v 0.228575 -0.219511 -0.293260
vn -0.842795 -0.528890 0.099856
v -0.860900 -0.219389 0.385079
vn 0.431529 -0.893253 0.126022
v -0.642836 -0.219511 0.522950
vn 0.320215 -0.946153 0.047514
v -0.474632 -0.219511 -0.120353
vn 0.116075 -0.862001 -0.493438
v -0.744575 -0.219508 0.345708
vn 0.021507 -0.570274 0.821173
v -0.694753 -0.219511 0.650138
vn -0.122452 -0.862343 -0.491294
v -0.686460 -0.219511 0.343507
vn -0.195612 -0.503745 0.841414
v -0.477184 -0.219512 0.574222
vn 0.526011 -0.681121 0.509301
v -0.654354 -0.219511 0.630999
vn -0.691319 -0.454823 0.561440
v -0.532418 -0.219512 0.542026
vn -0.295470 -0.809283 -0.507698
v -0.557872 -0.219511 -0.132950
vn 0.118054 -0.873645 -0.472026
v -0.534798 -0.219512 0.261680
vn -0.371931 -0.875092 0.309648
v -0.542592 -0.219511 0.468431
vn -0.767082 -0.624299 0.147767
v -0.704044 -0.219537 0.117267
vn -0.626311 -0.606097 0.490287
v -0.759340 -0.219504 -0.043216
vn 0.074778 -0.988119 0.134272
v -0.390821 -0.219511 -0.239895
vn -0.391097 -0.898223 -0.200593
v -0.388664 -0.219511 -0.504149
vn -0.305358 -0.911262 0.276331
v -0.487537 -0.219511 0.010296
vn -0.388295 -0.909025 -0.151327
v -0.458944 -0.219511 -0.351575
vn -0.186446 -0.805194 -0.562939
v -0.579349 -0.219511 -0.124316
vn -0.378843 -0.699791 0.605616
v -0.457576 -0.219511 0.116031
vn -0.612324 -0.762960 0.207250
v -0.478471 -0.219511 0.081786
vn 0.669399 -0.666619 -0.327909
v -0.178519 -0.219513 -0.744921
vn 0.026518 -0.980087 -0.196788
v -0.192863 -0.219511 -0.604383
vn -0.396424 -0.891161 -0.220635
v -0.355834 -0.219511 -0.572194
vn 0.779710 -0.415319 0.468574
v -0.425375 -0.219509 0.553989
vn 0.078352 -0.916818 0.391542
v -0.137899 -0.219511 -0.417681
vn 0.720823 -0.600972 0.345320
v -0.149458 -0.219511 -0.389777
vn -0.122746 -0.403901 0.906530
v -0.644660 -0.219511 0.179770
vn -0.499963 -0.822587 -0.270902
v -0.624522 -0.219511 0.021643
vn 0.472930 -0.866000 0.162421
v -0.572017 -0.219511 0.059044
vn -0.361577 -0.582763 -0.727770
v -0.741024 -0.219512 -0.135025
vn 0.787304 -0.532055 0.311559
v -0.577247 -0.219511 0.131730
vn 0.746716 -0.592717 0.301832
v -0.373064 -0.219510 0.091397
vn 0.772156 -0.505683 -0.384785
v -0.373851 -0.219511 0.038151
vn 0.493152 -0.802370 -0.336159
v -0.424617 -0.219511 -0.004297
vn 0.031000 -0.836940 -0.546416
v -0.634275 -0.219512 -0.113176
vn -0.449636 -0.864115 -0.226124
v -0.530960 -0.219516 -0.158343
vn -0.404621 -0.888909 -0.214764
v -0.293799 -0.219511 -0.669753
vn -0.333237 -0.793863 -0.508659
v -0.256653 -0.219511 -0.753611
vn -0.087075 -0.661423 -0.744941
v -0.077008 -0.219511 -0.707602
vn -0.316496 -0.947922 0.035690
v -0.087810 -0.217887 -0.075195
vn -0.369533 -0.929167 -0.009703
v -0.098498 -0.212374 -0.150873
vn -0.350013 -0.761005 -0.546226
v -0.129126 -0.219510 -0.683761
vn -0.175690 -0.979495 0.098606
v -0.057921 -0.219511 -0.013472
vn -0.282078 -0.958853 -0.032153
v -0.073647 -0.219518 -0.284981
vn -0.263971 -0.941440 0.209786
v -0.076119 -0.219511 -0.385780
vn 0.485841 -0.868652 -0.096969
v 0.676081 -0.219511 0.454443
vn 0.281119 -0.959320 -0.026039
v 0.067882 -0.219512 -0.321942
vn 0.263032 -0.964245 -0.032333
v 0.078297 -0.219514 -0.219705
vn 0.662188 -0.743499 0.093362
v -0.637740 -0.219513 0.594206
vn 0.416738 -0.892289 -0.173636
v -0.507423 -0.219507 0.394803
vn -0.355405 -0.871475 -0.337964
v -0.708673 -0.219511 0.519980
vn -0.445611 -0.892336 -0.071883
v -0.676595 -0.219512 0.455093
vn -0.214288 -0.976228 0.032544
v -0.063511 -0.219511 -0.363887
vn 0.282244 -0.649997 0.705580
v 0.148769 0.092770 0.430299
vn -0.018890 0.456122 -0.889717
v 0.397669 0.027823 0.155607
vn 0.493034 -0.228424 0.839488
v 0.388499 0.038303 0.317274
vn 0.078382 -0.628193 0.774099
v 0.050302 0.103638 0.463854
vn 0.208990 -0.637462 0.741596
v 0.079066 0.266803 0.592222
vn 0.009238 0.999604 0.026589
v -0.011803 0.516061 0.472562
vn -0.131212 0.986286 0.100116
v -0.059698 0.513670 0.545315
vn -0.025047 0.869788 -0.492790
v 0.064939 0.438442 0.153488
vn -0.124964 -0.763505 -0.633596
v 0.663534 -0.219511 -0.120326
vn 0.760709 -0.418581 -0.496097
v 0.290546 -0.188721 -0.728880
vn 0.453750 0.863971 0.218323
v 0.507128 -0.022319 -0.144602
vn 0.882040 -0.246773 -0.401383
v 0.459329 -0.164842 -0.451877
vn 0.478914 0.741957 -0.469191
v 0.143172 0.119518 -0.443883
vn 0.388896 0.793572 -0.467978
v 0.100981 0.097459 -0.519932
vn 0.135427 0.883758 -0.447919
v 0.055132 0.212147 -0.329268
vn 0.510711 0.741790 -0.434652
v 0.187608 0.174315 -0.305232
vn 0.265659 0.870377 -0.414571
v 0.116116 0.258393 -0.206703
vn 0.581685 -0.804242 0.121809
v 0.129908 -0.184150 -0.019378
vn 0.790960 -0.592048 -0.154472
v 0.190042 -0.124225 -0.280143
vn 0.245787 0.855038 -0.456616
v 0.078818 0.143729 -0.452294
vn 0.058239 0.886636 -0.458786
v 0.020534 0.182421 -0.394827
vn -0.464721 -0.317702 0.826499
v 0.331567 -0.207569 -0.226079
vn 0.070557 0.914768 -0.397770
v 0.037488 0.327457 -0.082350
vn 0.217719 0.893950 -0.391729
v 0.114456 0.310889 -0.092851
vn 0.005651 0.915473 -0.402340
v 0.001264 0.310493 -0.123674
vn 0.906110 0.332635 -0.261377
v 0.288718 0.227126 0.022867
vn 0.986195 0.098897 -0.132811
v 0.296278 0.122245 -0.073134
vn 0.930422 -0.365071 0.032219
v 0.298283 0.050895 0.118315
vn 0.637039 -0.723018 0.267258
v 0.203295 -0.097838 0.102986
vn 0.455161 -0.787683 0.415191
v 0.161414 -0.102770 0.155016
vn 0.247593 -0.826528 0.505518
v 0.090125 -0.120094 0.179019
vn 0.249062 -0.751778 0.610572
v 0.116892 -0.001264 0.342983
vn 0.961829 -0.078036 -0.262288
v 0.512746 -0.067099 -0.325390
vn 0.435058 0.695908 0.571346
v -0.599012 -0.185152 0.466647
vn -0.010198 0.898582 -0.438687
v -0.011572 0.386981 0.044093
vn -0.100539 0.896460 -0.431569
v -0.060047 0.364373 0.004370
vn -0.109726 -0.607592 0.786634
v -0.069930 0.158262 0.503325
vn -0.722927 0.627111 0.290014
v -0.145644 0.455464 0.593368
vn -0.449954 0.786605 -0.422840
v -0.204503 0.333931 0.024400
vn 0.123002 -0.789692 -0.601046
v -0.687649 -0.219512 -0.124101
vn -0.850942 -0.209768 -0.481555
v -0.429912 -0.163952 -0.514093
vn -0.808741 0.185518 -0.558141
v -0.370056 -0.050293 -0.645567
vn -0.122415 0.882975 -0.453178
v -0.045374 0.139230 -0.474483
vn -0.545940 0.715287 -0.436250
v -0.190436 0.149252 -0.345977
vn -0.964257 -0.077829 -0.253283
v -0.258355 0.047405 -0.293114
vn -0.920032 0.195328 -0.339688
v -0.248151 0.078707 -0.323019
vn -0.891367 -0.401627 -0.210143
v -0.234818 -0.043970 -0.291015
vn -0.601828 -0.796434 -0.059126
v -0.121984 -0.186791 -0.303920
vn -0.181422 0.894485 -0.408635
v -0.086403 0.263853 -0.212115
vn -0.260823 0.877156 -0.403199
v -0.123089 0.271517 -0.174793
vn -0.511959 0.771328 -0.378089
v -0.197033 0.246495 -0.158574
vn -0.417506 0.815393 -0.401027
v -0.169206 0.237487 -0.208304
vn -0.832310 -0.522330 -0.185557
v -0.208605 -0.096396 -0.284758
vn -0.310305 0.833001 -0.458062
v -0.099390 0.135457 -0.456842
vn 0.463314 -0.581450 0.668772
v -0.382864 -0.202543 -0.195459
vn -0.533706 -0.839377 0.102978
v -0.121171 -0.192818 -0.027994
vn -0.220478 0.890193 -0.398681
v -0.118269 0.306851 -0.100349
vn -0.364031 0.841448 -0.399309
v -0.162012 0.272243 -0.143589
vn -0.733723 0.592172 -0.333140
v -0.246543 0.262495 -0.046119
vn -0.995167 0.003896 -0.098118
v -0.301117 0.110647 -0.043764
vn -0.990018 0.057660 -0.128606
v -0.295298 0.111951 -0.099014
vn -0.980738 -0.103942 -0.165374
v -0.517132 -0.066173 -0.309598
vn 0.003000 -0.999995 0.000224
v 0.796894 -0.219509 0.380649
vn 0.000219 -0.999998 -0.002160
v 0.631649 -0.219703 0.369887
vn -0.007629 -0.999968 -0.002550
v 0.598981 -0.219529 0.403095
vn 0.000000 -1.000000 0.000000
v 0.410587 -0.219511 -0.273544
vn -0.619696 -0.780706 0.080468
v 0.644352 -0.219716 0.561287
vn 0.000010 -1.000000 -0.000009
v 0.467261 -0.219511 -0.007992
vn 0.000000 -1.000000 0.000000
v 0.532910 -0.219511 -0.094780
vn 0.370573 -0.917499 -0.144468
v 0.485420 -0.219511 -0.280525
vn 0.000000 -1.000000 0.000000
v 0.286298 -0.219511 -0.560994
vn 0.000000 -1.000000 0.000000
v 0.275507 -0.219511 -0.499105
vn -0.632327 -0.771689 0.068253
v 0.574210 -0.219512 0.097936
vn -0.001544 -0.999999 -0.000601
v 0.444275 -0.219512 0.048848
vn 0.000006 -1.000000 -0.000003
v 0.578312 -0.219511 -0.043415
vn 0.389136 -0.902557 -0.184292
v 0.429812 -0.219511 -0.413299
vn -0.000003 -1.000000 0.000000
v 0.322095 -0.219511 -0.468041
vn 0.426108 -0.867604 -0.256313
v 0.336608 -0.219511 -0.600914
vn 0.000028 -1.000000 -0.000010
v 0.027542 -0.219511 -0.376663
vn -0.000005 -1.000000 0.000009
v 0.021692 -0.219511 -0.326611
vn 0.000001 -1.000000 0.000002
v 0.065912 -0.219510 -0.530568
vn 0.216853 -0.976142 0.011014
v 0.076688 -0.219513 -0.131348
vn -0.000009 -1.000000 0.000006
v 0.103486 -0.219511 -0.553760
vn -0.000442 -1.000000 0.000182
v -0.791846 -0.219510 0.381422
vn 0.000000 -1.000000 0.000000
v -0.400238 -0.219511 -0.349709
vn 0.000015 -1.000000 0.000000
v -0.436840 -0.219511 -0.279757
vn -0.317150 -0.937104 -0.145782
v -0.429276 -0.219511 -0.416521
vn 0.000013 -1.000000 0.000004
v -0.646799 -0.219511 0.453568
vn -0.398770 -0.721100 -0.566566
v -0.626452 -0.219511 0.299713
vn 0.375592 -0.924254 -0.068444
v -0.521110 -0.219509 0.328242
vn 0.000042 -1.000000 -0.000010
v -0.547405 -0.219511 0.395798
vn 0.000003 -1.000000 -0.000002
v -0.150723 -0.219511 -0.569149
vn -0.000003 -1.000000 0.000008
v -0.576365 -0.219511 -0.017821
vn 0.000006 -1.000000 0.000010
v -0.438124 -0.219511 0.046548
vn -0.000003 -1.000000 -0.000002
v -0.523125 -0.219513 -0.064963
vn -0.397596 -0.909325 -0.122658
v -0.490451 -0.219513 -0.267036
vn 0.000000 -1.000000 0.000000
v -0.340309 -0.219511 -0.407105
vn -0.391224 -0.881487 -0.264431
v -0.324817 -0.219511 -0.620974
vn -0.000001 -1.000000 -0.000006
v -0.217958 -0.219511 -0.585694
vn 0.000026 -1.000000 -0.000022
v -0.031449 -0.219511 -0.347431
vn 0.000000 -1.000000 0.000000
v -0.086953 -0.219511 -0.543628
vn -0.000880 -1.000000 0.000224
v 0.559647 -0.219512 0.367666
vn 0.001497 -0.999999 0.000617
v 0.696303 -0.219511 0.575528
vn -0.380808 -0.920922 -0.082998
v 0.522494 -0.219512 0.324363
vn -0.000031 -1.000000 0.000030
v 0.526544 -0.219510 0.444995
vn -0.003438 -0.999994 0.000821
v 0.475218 -0.219511 0.501048
vn 0.000371 -1.000000 -0.000075
v 0.651605 -0.219509 0.126213
vn 0.000000 -1.000000 0.000000
v 0.197280 -0.219511 -0.434521
vn 0.417227 -0.881042 -0.222905
v 0.376173 -0.219511 -0.527107
vn 0.000000 -1.000000 0.000000
v 0.403245 -0.219511 -0.345658
vn 0.000000 -1.000000 0.000000
v 0.214077 -0.219511 -0.482488
vn 0.005675 -0.999983 -0.000989
v -0.457587 -0.219511 0.519984
vn 0.000010 -1.000000 -0.000021
v -0.503764 -0.219509 0.471328
vn 0.000104 -1.000000 -0.000110
v -0.620612 -0.219511 0.098816
vn 0.000000 -1.000000 0.000000
v -0.289900 -0.219511 -0.523481
vn 0.216708 -0.961357 0.169794
v -0.183539 -0.219511 -0.346280
vn 0.362304 -0.930591 0.052314
v -0.198112 -0.219512 -0.667831
vn -0.232998 -0.972465 -0.004954
v -0.075570 -0.219517 -0.219860
vn 0.141125 0.888360 -0.436921
v 0.083921 0.364391 0.012183
vn 0.711640 0.633165 0.304418
v 0.160687 0.455525 0.536852
vn -0.107805 0.986069 -0.126673
v 0.632902 -0.151819 0.092629
vn 0.970344 -0.170317 -0.171537
v 0.513330 -0.121880 -0.214244
vn 0.816169 -0.048074 -0.575809
v 0.310699 -0.111160 -0.739756
vn 0.679959 0.636721 -0.363651
v 0.423558 0.000320 -0.521498
vn -0.371983 0.927126 0.045460
v 0.334904 0.012121 -0.416942
vn 0.163245 0.866782 -0.471211
v 0.049227 0.111446 -0.524920
vn 0.750061 0.510252 -0.420775
v 0.192578 0.063327 -0.458295
vn 0.660100 -0.749915 -0.043538
v 0.174081 -0.158088 -0.176348
vn 0.924871 0.195495 -0.326184
v 0.231820 0.055459 -0.374444
vn 0.121084 -0.743445 0.657745
v 0.059936 0.017754 0.381329
vn 0.854156 -0.294282 -0.428736
v 0.390546 0.363768 0.255810
vn -0.935833 0.345292 -0.070640
v -0.375075 0.149092 0.262831
vn 0.811203 -0.566429 -0.145287
v -0.309487 0.010021 0.246769
vn -0.979031 0.019794 0.202745
v -0.368307 0.158687 0.309743
vn -0.146364 -0.646255 0.748954
v -0.047856 0.279276 0.611435
vn -0.075594 0.874648 -0.478828
v -0.081438 0.407882 0.096948
vn 0.165992 0.868843 0.466431
v -0.627371 -0.151749 0.134268
vn -0.241507 0.914812 -0.323719
v -0.355779 0.011970 -0.597690
vn 0.623087 -0.395951 0.674526
v -0.283339 -0.127160 -0.219239
vn -0.237992 0.586417 -0.774257
v -0.052382 -0.020327 -0.694906
vn -0.026992 0.891593 -0.452033
v -0.013922 0.203565 -0.353651
vn -0.006344 -0.818631 0.574284
v -0.003303 -0.067376 0.277765
vn -0.378178 0.837009 0.395472
v -0.261688 0.596205 0.338327
vn 0.000000 -1.000000 0.000000
v 0.453509 -0.219511 -0.276049
vn 0.000000 -1.000000 0.000000
v 0.236951 -0.219511 -0.382060
vn -0.000002 -1.000000 -0.000001
v 0.144214 -0.219511 -0.488920
vn 0.000004 -1.000000 -0.000000
v -0.601258 -0.219511 0.374120
vn -0.000005 -1.000000 -0.000001
v -0.649964 -0.219511 0.385472
vn -0.903557 -0.423453 0.065370
v -0.629398 -0.219512 -0.045767
vn 0.000000 -1.000000 0.000000
v -0.351428 -0.219511 -0.484185
vn 0.000000 -1.000000 0.000000
v -0.210731 -0.219511 -0.409741
vn -0.003076 -0.999975 0.006326
v -0.236787 -0.219511 -0.359357
vn -0.000006 -1.000000 0.000005
v -0.240636 -0.219511 -0.496321
vn 0.000485 -1.000000 0.000181
v 0.714215 -0.219510 -0.082938
vn -0.000001 -1.000000 -0.000007
v 0.191150 -0.219511 -0.565929
vn 0.000000 -1.000000 0.000000
v -0.015883 -0.219511 -0.516690
vn -0.000002 -1.000000 -0.000006
v 0.080017 -0.219511 -0.459758
vn 0.002195 -0.999997 0.001418
v 0.039922 -0.219511 -0.090875
vn 0.000062 -1.000000 -0.000000
v -0.013164 -0.219511 -0.254427
vn -0.000033 -1.000000 0.000116
v -0.708860 -0.219506 -0.078010
vn -0.000002 -1.000000 -0.000004
v -0.114226 -0.219511 -0.621585
vn 0.000000 -1.000000 0.000000
v -0.273756 -0.219511 -0.437544
vn 0.000000 -1.000000 0.000000
v -0.051814 -0.219511 -0.651649
vn -0.054544 -0.998372 -0.016688
v -0.058447 -0.219511 -0.103274
vn 0.000000 -1.000000 0.000000
v -0.025998 -0.219511 -0.431896
vn 0.000004 -1.000000 0.000002
v -0.151355 -0.219511 -0.491177
vn -0.168924 -0.636206 0.752799
v -0.072625 0.231411 0.563035
vn -0.125788 0.778475 0.614943
v -0.467197 -0.018320 -0.132623
vn -0.061742 -0.997318 -0.039313
v 0.233244 -0.219511 -0.654897
vn -0.000002 -1.000000 0.000001
v 0.255554 -0.219511 -0.632355
vn 0.000003 -1.000000 -0.000000
v 0.112892 -0.219511 -0.614486
vn 0.000007 -1.000000 0.000001
v 0.016611 -0.219511 -0.545846
vn 0.000000 -1.000000 0.000002
v 0.056627 -0.219511 -0.614733
vn 0.000009 -1.000000 0.000005
v -0.470466 -0.219511 -0.007344
vn -0.000011 -1.000000 -0.000003
v -0.572057 -0.219511 -0.069227
vn -0.000003 -1.000000 -0.000002
v -0.269048 -0.219511 -0.575497
vn 0.000000 -1.000000 0.000000
v -0.340894 -0.219511 -0.326592
vn -0.000009 -1.000000 -0.000002
v -0.244385 -0.219511 -0.699926
vn 0.000000 -1.000000 0.000000
v -0.039885 -0.219511 -0.607982
vn 0.000000 -1.000000 0.000000
v 0.478700 -0.219511 -0.146735
vn 0.000000 -1.000000 0.000000
v 0.346245 -0.219511 -0.321322
vn -0.000002 -1.000000 0.000004
v 0.368958 -0.219511 -0.410265
vn -0.025473 -0.999672 0.002591
v -0.019841 -0.219511 -0.161583
vn -0.000026 -1.000000 -0.000003
v 0.032338 -0.219511 -0.172357
vn 0.000003 -1.000000 0.000002
v 0.034481 -0.219511 -0.450649
vn 0.061577 -0.998062 -0.008938
v 0.049787 -0.219509 -0.260188
vn -0.000400 -1.000000 -0.000045
v -0.688564 -0.219511 0.579939
vn -0.000006 -1.000000 0.000002
v -0.250425 -0.219511 -0.634409
vn 0.000000 -1.000000 0.000000
v -0.369408 -0.219511 -0.295829
vn 0.006041 -0.999950 0.007977
v -0.292693 -0.219511 -0.347465
vn 0.000000 -1.000000 0.000000
v -0.088420 -0.219511 -0.460758
vn 0.345297 -0.523436 0.778964
v 0.216906 0.155657 0.454387
vn -0.042314 0.985660 0.163352
v 0.464446 -0.219511 0.507943
vn 0.392520 -0.475517 0.787281
v 0.290100 0.135047 0.414732
vn 0.399849 0.569395 -0.718269
v 0.461377 0.019041 0.149797
vn 0.685804 0.578123 0.442093
v 0.495712 -0.011844 0.246699
vn 0.756186 0.479505 0.445261
v 0.207714 0.390432 0.564583
vn 0.898466 -0.437208 0.040095
v 0.269879 -0.029742 0.015314
vn 0.510645 -0.498261 0.700698
v 0.344991 0.279023 0.418137
vn -0.562909 0.821931 -0.086963
v 0.172073 0.585073 0.335565
vn 0.984835 0.011101 -0.173139
v 0.527477 -0.061046 -0.261306
vn -0.281043 0.941213 0.187438
v -0.616197 -0.138798 0.365882
vn -0.925504 -0.375989 -0.045546
v -0.307605 0.076545 0.144998
vn -0.948527 -0.159637 -0.273520
v -0.530976 -0.186163 -0.216954
vn -0.975600 -0.216632 -0.035708
v -0.537573 -0.092731 -0.191750
vn 0.224300 0.971535 0.076215
v -0.346443 0.009787 -0.319918
vn -0.887462 -0.197522 -0.416409
v -0.415058 0.410881 0.261985
vn 0.000040 -1.000000 0.000004
v -0.467266 -0.219511 -0.205206
vn -0.091410 -0.994737 0.046293
v 0.225763 -0.219511 -0.718623
vn 0.000000 -1.000000 0.000000
v 0.001906 -0.219511 -0.633133
vn 0.000000 -1.000000 0.000000
v 0.096331 -0.219511 -0.666303
vn 0.000000 -1.000000 0.000000
v 0.271334 -0.219511 -0.324464
vn 0.000000 -1.000000 0.000000
v 0.252500 -0.219511 -0.432694
vn -0.000002 -1.000000 -0.000000
v -0.209798 -0.219512 -0.534407
vn 0.000000 -1.000000 0.000000
v 0.301415 -0.219511 -0.394345
vn -0.005695 -0.999983 0.001496
v -0.020052 -0.219511 -0.083954
vn 0.000000 -1.000000 0.000005
v -0.195249 -0.219511 -0.468687
# 1470 vertices, 0 vertices normals

f 1//1 3//3 96//96
f 97//97 1//1 96//96
f 1//1 97//97 198//198
f 3//3 1//1 2//2
f 4//4 3//3 2//2
f 5//5 3//3 4//4
f 198//198 97//97 200//200
f 97//97 6//6 200//200
f 198//198 200//200 199//199
f 8//8 5//5 9//9
f 11//11 12//12 1254//1254
f 1445//1445 11//11 1447//1447
f 13//13 81//81 80//80
f 69//69 20//20 18//18
f 68//68 20//20 69//69
f 49//49 17//17 15//15
f 16//16 15//15 17//17
f 16//16 75//75 47//47
f 36//36 17//17 49//49
f 17//17 19//19 75//75
f 75//75 19//19 67//67
f 75//75 16//16 17//17
f 19//19 14//14 67//67
f 14//14 19//19 20//20
f 20//20 19//19 18//18
f 69//69 18//18 13//13
f 17//17 21//21 19//19
f 21//21 18//18 19//19
f 21//21 81//81 13//13
f 22//22 1144//1144 52//52
f 72//72 81//81 21//21
f 112//112 23//23 83//83
f 23//23 53//53 82//82
f 82//82 83//83 23//23
f 25//25 24//24 50//50
f 25//25 1151//1151 79//79
f 1144//1144 25//25 50//50
f 79//79 27//27 25//25
f 27//27 79//79 29//29
f 27//27 24//24 25//25
f 30//30 24//24 27//27
f 24//24 30//30 28//28
f 28//28 29//29 67//67
f 29//29 28//28 30//30
f 32//32 31//31 42//42
f 31//31 32//32 33//33
f 43//43 33//33 32//32
f 35//35 43//43 41//41
f 43//43 35//35 33//33
f 35//35 41//41 1145//1145
f 33//33 35//35 34//34
f 71//71 36//36 48//48
f 40//40 41//41 45//45
f 45//45 41//41 43//43
f 40//40 45//45 44//44
f 43//43 37//37 45//45
f 37//37 38//38 46//46
f 38//38 1146//1146 46//46
f 1147//1147 40//40 44//44
f 39//39 1147//1147 44//44
f 37//37 42//42 38//38
f 43//43 32//32 37//37
f 37//37 32//32 42//42
f 44//44 45//45 47//47
f 46//46 15//15 37//37
f 37//37 15//15 45//45
f 16//16 47//47 45//45
f 115//115 48//48 46//46
f 48//48 49//49 46//46
f 75//75 116//116 47//47
f 29//29 116//116 75//75
f 29//29 75//75 67//67
f 49//49 48//48 36//36
f 52//52 1144//1144 50//50
f 52//52 50//50 51//51
f 74//74 13//13 80//80
f 109//109 82//82 53//53
f 24//24 57//57 50//50
f 55//55 58//58 54//54
f 57//57 55//55 56//56
f 57//57 58//58 55//55
f 57//57 56//56 51//51
f 51//51 50//50 57//57
f 24//24 58//58 57//57
f 58//58 77//77 54//54
f 67//67 78//78 28//28
f 1446//1446 59//59 1154//1154
f 69//69 64//64 68//68
f 1446//1446 63//63 65//65
f 1163//1163 63//63 1446//1446
f 1155//1155 61//61 62//62
f 1446//1446 65//65 62//62
f 1446//1446 62//62 61//61
f 64//64 1156//1156 65//65
f 66//66 67//67 14//14
f 78//78 66//66 77//77
f 66//66 78//78 67//67
f 20//20 68//68 63//63
f 14//14 20//20 63//63
f 72//72 17//17 36//36
f 21//21 17//17 72//72
f 69//69 70//70 64//64
f 74//74 70//70 69//69
f 74//74 69//69 13//13
f 70//70 74//74 73//73
f 72//72 36//36 71//71
f 72//72 117//117 23//23
f 72//72 23//23 81//81
f 74//74 53//53 73//73
f 53//53 74//74 109//109
f 116//116 29//29 79//79
f 78//78 77//77 58//58
f 66//66 14//14 63//63
f 28//28 58//58 24//24
f 58//58 28//28 78//78
f 15//15 46//46 49//49
f 15//15 16//16 45//45
f 39//39 44//44 47//47
f 68//68 65//65 63//63
f 64//64 65//65 68//68
f 111//111 80//80 81//81
f 112//112 83//83 106//106
f 113//113 109//109 110//110
f 110//110 109//109 74//74
f 82//82 109//109 108//108
f 86//86 105//105 101//101
f 88//88 102//102 85//85
f 88//88 1255//1255 102//102
f 88//88 89//89 1255//1255
f 90//90 104//104 95//95
f 90//90 85//85 104//104
f 85//85 90//90 88//88
f 1256//1256 91//91 94//94
f 1256//1256 105//105 93//93
f 105//105 86//86 93//93
f 92//92 93//93 86//86
f 84//84 92//92 86//86
f 87//87 89//89 88//88
f 95//95 98//98 90//90
f 88//88 90//90 87//87
f 92//92 84//84 3//3
f 84//84 89//89 3//3
f 98//98 96//96 87//87
f 96//96 89//89 87//87
f 98//98 95//95 94//94
f 87//87 90//90 98//98
f 5//5 8//8 92//92
f 92//92 3//3 5//5
f 97//97 96//96 98//98
f 89//89 96//96 3//3
f 98//98 6//6 97//97
f 203//203 99//99 100//100
f 6//6 99//99 203//203
f 98//98 99//99 6//6
f 98//98 94//94 99//99
f 203//203 100//100 11//11
f 100//100 99//99 94//94
f 94//94 91//91 100//100
f 91//91 8//8 7//7
f 93//93 8//8 91//91
f 92//92 8//8 93//93
f 86//86 101//101 84//84
f 1448//1448 1255//1255 84//84
f 102//102 1255//1255 1448//1448
f 103//103 85//85 102//102
f 104//104 85//85 113//113
f 105//105 1256//1256 114//114
f 95//95 104//104 114//114
f 106//106 83//83 107//107
f 108//108 107//107 83//83
f 82//82 108//108 83//83
f 110//110 80//80 114//114
f 81//81 112//112 111//111
f 1448//1448 101//101 106//106
f 107//107 1448//1448 106//106
f 107//107 102//102 1448//1448
f 107//107 103//103 102//102
f 108//108 103//103 107//107
f 85//85 103//103 113//113
f 108//108 113//113 103//103
f 104//104 110//110 114//114
f 104//104 113//113 110//110
f 114//114 111//111 105//105
f 111//111 114//114 80//80
f 111//111 112//112 1449//1449
f 1449//1449 112//112 106//106
f 39//39 47//47 1157//1157
f 1166//1166 115//115 46//46
f 1157//1157 47//47 116//116
f 71//71 48//48 1158//1158
f 72//72 71//71 117//117
f 118//118 23//23 117//117
f 118//118 53//53 23//23
f 1288//1288 119//119 1372//1372
f 119//119 120//120 1372//1372
f 119//119 192//192 120//120
f 121//121 126//126 194//194
f 123//123 121//121 194//194
f 194//194 120//120 123//123
f 125//125 126//126 124//124
f 127//127 159//159 569//569
f 127//127 124//124 159//159
f 124//124 128//128 125//125
f 128//128 124//124 127//127
f 4//4 2//2 197//197
f 4//4 127//127 5//5
f 542//542 541//541 129//129
f 569//569 548//548 132//132
f 188//188 9//9 5//5
f 188//188 132//132 130//130
f 188//188 131//131 1452//1452
f 132//132 127//127 569//569
f 149//149 133//133 187//187
f 149//149 134//134 133//133
f 1447//1447 521//521 133//133
f 1445//1445 133//133 134//134
f 12//12 136//136 1254//1254
f 1445//1445 134//134 12//12
f 148//148 136//136 12//12
f 133//133 1445//1445 1447//1447
f 136//136 135//135 1257//1257
f 138//138 182//182 179//179
f 180//180 182//182 778//778
f 170//170 140//140 184//184
f 1258//1258 175//175 147//147
f 1258//1258 143//143 142//142
f 142//142 143//143 141//141
f 568//568 567//567 145//145
f 145//145 524//524 568//568
f 146//146 135//135 136//136
f 143//143 149//149 141//141
f 143//143 146//146 148//148
f 151//151 150//150 524//524
f 523//523 151//151 152//152
f 539//539 561//561 541//541
f 155//155 153//153 154//154
f 157//157 518//518 547//547
f 158//158 518//518 157//157
f 122//122 210//210 573//573
f 156//156 518//518 122//122
f 158//158 157//157 1384//1384
f 160//160 153//153 566//566
f 154//154 162//162 155//155
f 161//161 162//162 154//154
f 163//163 162//162 161//161
f 760//760 163//163 761//761
f 165//165 1261//1261 163//163
f 761//761 163//163 164//164
f 164//164 163//163 1261//1261
f 166//166 571//571 573//573
f 160//160 154//154 153//153
f 154//154 167//167 161//161
f 167//167 154//154 160//160
f 169//169 769//769 172//172
f 171//171 169//169 172//172
f 170//170 171//171 172//172
f 153//153 177//177 566//566
f 178//178 566//566 171//171
f 171//171 177//177 169//169
f 1373//1373 178//178 171//171
f 1373//1373 170//170 174//174
f 170//170 1373//1373 171//171
f 565//565 1373//1373 567//567
f 769//769 139//139 172//172
f 139//139 140//140 172//172
f 179//179 184//184 140//140
f 142//142 183//183 176//176
f 183//183 182//182 176//176
f 176//176 182//182 180//180
f 181//181 142//142 141//141
f 183//183 142//142 181//181
f 183//183 181//181 185//185
f 526//526 185//185 181//181
f 526//526 186//186 144//144
f 187//187 133//133 521//521
f 1254//1254 136//136 189//189
f 136//136 1257//1257 189//189
f 1257//1257 734//734 190//190
f 734//734 1257//1257 135//135
f 190//190 191//191 1257//1257
f 189//189 191//191 1383//1383
f 191//191 189//189 1257//1257
f 189//189 10//10 1254//1254
f 10//10 189//189 1383//1383
f 1261//1261 192//192 193//193
f 193//193 192//192 119//119
f 120//120 195//195 1372//1372
f 195//195 120//120 194//194
f 496//496 195//195 194//194
f 1372//1372 195//195 493//493
f 125//125 501//501 126//126
f 194//194 501//501 496//496
f 501//501 194//194 126//126
f 125//125 128//128 196//196
f 125//125 196//196 1279//1279
f 197//197 196//196 128//128
f 503//503 1279//1279 196//196
f 1281//1281 504//504 506//506
f 196//196 197//197 506//506
f 1//1 197//197 2//2
f 1//1 198//198 197//197
f 197//197 198//198 1281//1281
f 199//199 200//200 201//201
f 6//6 202//202 200//200
f 202//202 201//201 200//200
f 201//201 508//508 199//199
f 517//517 201//201 202//202
f 204//204 517//517 202//202
f 202//202 203//203 204//204
f 203//203 202//202 6//6
f 1285//1285 203//203 10//10
f 203//203 1285//1285 204//204
f 564//564 160//160 566//566
f 209//209 210//210 121//121
f 209//209 165//165 210//210
f 210//210 165//165 166//166
f 192//192 123//123 120//120
f 123//123 192//192 211//211
f 123//123 209//209 121//121
f 209//209 123//123 211//211
f 211//211 165//165 209//209
f 165//165 211//211 1261//1261
f 1261//1261 211//211 192//192
f 224//224 212//212 213//213
f 230//230 215//215 223//223
f 230//230 304//304 215//215
f 253//253 216//216 255//255
f 216//216 218//218 214//214
f 256//256 277//277 221//221
f 216//216 253//253 217//217
f 273//273 218//218 279//279
f 216//216 221//221 218//218
f 216//216 256//256 221//221
f 218//218 219//219 279//279
f 221//221 222//222 223//223
f 273//273 214//214 218//218
f 223//223 218//218 221//221
f 224//224 220//220 219//219
f 215//215 212//212 219//219
f 219//219 212//212 224//224
f 219//219 218//218 223//223
f 223//223 215//215 219//219
f 227//227 225//225 228//228
f 227//227 226//226 225//225
f 258//258 225//225 264//264
f 258//258 228//228 225//225
f 229//229 230//230 222//222
f 1171//1171 229//229 222//222
f 1374//1374 264//264 226//226
f 235//235 231//231 233//233
f 233//233 231//231 234//234
f 232//232 231//231 227//227
f 231//231 226//226 227//227
f 226//226 264//264 225//225
f 231//231 1374//1374 226//226
f 233//233 1183//1183 281//281
f 281//281 253//253 235//235
f 235//235 255//255 236//236
f 255//255 214//214 236//236
f 250//250 240//240 237//237
f 237//237 238//238 250//250
f 240//240 248//248 241//241
f 239//239 241//241 248//248
f 237//237 240//240 241//241
f 242//242 243//243 284//284
f 252//252 244//244 245//245
f 245//245 246//246 1262//1262
f 249//249 247//247 1180//1180
f 248//248 247//247 249//249
f 242//242 247//247 248//248
f 242//242 284//284 247//247
f 239//239 248//248 249//249
f 245//245 250//250 238//238
f 244//244 250//250 245//245
f 250//250 244//244 240//240
f 242//242 248//248 240//240
f 243//243 240//240 244//244
f 240//240 243//243 242//242
f 252//252 251//251 244//244
f 251//251 243//243 244//244
f 243//243 217//217 284//284
f 217//217 243//243 251//251
f 1180//1180 247//247 254//254
f 1262//1262 252//252 245//245
f 256//256 251//251 252//252
f 281//281 254//254 217//217
f 216//216 214//214 255//255
f 235//235 253//253 255//255
f 256//256 252//252 1173//1173
f 256//256 216//216 251//251
f 217//217 251//251 216//216
f 281//281 217//217 253//253
f 258//258 257//257 259//259
f 258//258 1168//1168 228//228
f 259//259 1168//1168 258//258
f 224//224 474//474 476//476
f 213//213 474//474 224//224
f 476//476 260//260 1187//1187
f 257//257 264//264 1374//1374
f 257//257 261//261 263//263
f 1179//1179 259//259 262//262
f 263//263 1179//1179 262//262
f 262//262 259//259 257//257
f 263//263 262//262 257//257
f 264//264 257//257 258//258
f 275//275 282//282 261//261
f 214//214 275//275 236//236
f 265//265 266//266 267//267
f 265//265 1181//1181 266//266
f 1185//1185 269//269 266//266
f 266//266 269//269 267//267
f 272//272 270//270 285//285
f 271//271 285//285 270//270
f 1153//1153 270//270 272//272
f 268//268 283//283 271//271
f 269//269 268//268 267//267
f 265//265 270//270 1153//1153
f 265//265 268//268 270//270
f 271//271 270//270 268//268
f 267//267 268//268 265//265
f 276//276 285//285 279//279
f 272//272 285//285 276//276
f 285//285 271//271 273//273
f 274//274 282//282 273//273
f 275//275 214//214 273//273
f 273//273 279//279 285//285
f 277//277 222//222 221//221
f 279//279 219//219 220//220
f 278//278 220//220 280//280
f 223//223 222//222 230//230
f 220//220 224//224 476//476
f 284//284 217//217 254//254
f 271//271 283//283 274//274
f 275//275 273//273 282//282
f 273//273 271//271 274//274
f 235//235 233//233 281//281
f 236//236 275//275 261//261
f 236//236 261//261 235//235
f 247//247 284//284 254//254
f 288//288 287//287 578//578
f 578//578 287//287 318//318
f 292//292 324//324 322//322
f 1376//1376 293//293 1263//1263
f 308//308 307//307 317//317
f 295//295 1376//1376 296//296
f 302//302 297//297 300//300
f 297//297 302//302 298//298
f 297//297 295//295 296//296
f 295//295 297//297 299//299
f 301//301 300//300 1175//1175
f 300//300 301//301 302//302
f 300//300 297//297 296//296
f 1175//1175 300//300 296//296
f 1263//1263 296//296 1376//1376
f 296//296 1263//1263 1175//1175
f 215//215 304//304 303//303
f 305//305 304//304 306//306
f 304//304 305//305 1375//1375
f 230//230 229//229 304//304
f 229//229 306//306 304//304
f 298//298 317//317 307//307
f 371//371 299//299 372//372
f 293//293 309//309 310//310
f 1376//1376 309//309 293//293
f 312//312 293//293 310//310
f 312//312 314//314 293//293
f 315//315 317//317 316//316
f 338//338 292//292 291//291
f 319//319 320//320 318//318
f 1264//1264 320//320 321//321
f 1264//1264 321//321 369//369
f 322//322 324//324 323//323
f 322//322 323//323 372//372
f 324//324 292//292 311//311
f 351//351 338//338 291//291
f 291//291 327//327 351//351
f 332//332 305//305 306//306
f 332//332 331//331 305//305
f 306//306 290//290 332//332
f 333//333 330//330 331//331
f 332//332 334//334 331//331
f 1265//1265 333//333 334//334
f 331//331 334//334 333//333
f 329//329 288//288 289//289
f 338//338 335//335 579//579
f 336//336 579//579 335//335
f 579//579 336//336 1377//1377
f 1377//1377 336//336 339//339
f 341//341 330//330 333//333
f 341//341 313//313 340//340
f 1362//1362 314//314 342//342
f 313//313 342//342 314//314
f 1265//1265 341//341 333//333
f 1265//1265 1329//1329 343//343
f 347//347 346//346 376//376
f 345//345 346//346 347//347
f 347//347 287//287 345//345
f 286//286 345//345 287//287
f 347//347 376//376 362//362
f 318//318 347//347 362//362
f 350//350 348//348 349//349
f 349//349 346//346 345//345
f 346//346 349//349 348//348
f 1378//1378 349//349 286//286
f 286//286 349//349 345//345
f 1378//1378 350//350 349//349
f 373//373 308//308 455//455
f 351//351 353//353 338//338
f 327//327 352//352 351//351
f 353//353 335//335 338//338
f 350//350 353//353 348//348
f 355//355 359//359 354//354
f 355//355 354//354 462//462
f 358//358 357//357 361//361
f 358//358 359//359 357//357
f 386//386 360//360 483//483
f 383//383 358//358 361//361
f 363//363 375//375 344//344
f 375//375 363//363 362//362
f 344//344 213//213 363//363
f 362//362 363//363 319//319
f 320//320 364//364 321//321
f 365//365 320//320 319//319
f 320//320 365//365 364//364
f 365//365 319//319 363//363
f 212//212 365//365 213//213
f 213//213 365//365 363//363
f 364//364 212//212 368//368
f 212//212 364//364 365//365
f 574//574 364//364 368//368
f 368//368 215//215 303//303
f 368//368 212//212 215//215
f 303//303 370//370 368//368
f 1454//1454 305//305 1286//1286
f 1375//1375 370//370 303//303
f 1286//1286 305//305 331//331
f 331//331 328//328 1286//1286
f 328//328 331//331 330//330
f 576//576 340//340 326//326
f 340//340 576//576 330//330
f 330//330 576//576 328//328
f 313//313 326//326 340//340
f 326//326 312//312 325//325
f 313//313 312//312 326//326
f 324//324 310//310 309//309
f 310//310 325//325 312//312
f 372//372 323//323 371//371
f 309//309 371//371 323//323
f 307//307 327//327 372//372
f 298//298 307//307 372//372
f 307//307 352//352 327//327
f 352//352 307//307 373//373
f 373//373 307//307 308//308
f 387//387 360//360 386//386
f 383//383 352//352 471//471
f 352//352 383//383 351//351
f 351//351 361//361 353//353
f 361//361 351//351 383//383
f 471//471 352//352 373//373
f 455//455 471//471 373//373
f 472//472 454//454 375//375
f 375//375 454//454 344//344
f 472//472 375//375 374//374
f 362//362 374//374 375//375
f 374//374 376//376 469//469
f 374//374 362//362 376//376
f 377//377 348//348 470//470
f 348//348 377//377 346//346
f 377//377 469//469 376//376
f 377//377 376//376 346//346
f 348//348 353//353 378//378
f 445//445 379//379 380//380
f 354//354 463//463 462//462
f 463//463 354//354 382//382
f 379//379 463//463 382//382
f 384//384 359//359 358//358
f 359//359 384//384 382//382
f 379//379 384//384 380//380
f 384//384 379//379 382//382
f 359//359 382//382 354//354
f 445//445 380//380 383//383
f 358//358 385//385 384//384
f 385//385 380//380 384//384
f 1194//1194 452//452 386//386
f 1194//1194 386//386 483//483
f 387//387 383//383 471//471
f 383//383 385//385 358//358
f 385//385 383//383 380//380
f 1379//1379 390//390 388//388
f 389//389 434//434 1379//1379
f 1379//1379 1267//1267 389//389
f 391//391 445//445 392//392
f 393//393 394//394 1268//1268
f 1269//1269 442//442 397//397
f 1269//1269 399//399 442//442
f 421//421 400//400 418//418
f 418//418 400//400 402//402
f 402//402 400//400 401//401
f 399//399 418//418 402//402
f 423//423 404//404 403//403
f 403//403 404//404 401//401
f 440//440 401//401 404//404
f 402//402 401//401 406//406
f 423//423 426//426 407//407
f 423//423 407//407 404//404
f 426//426 1381//1381 407//407
f 1272//1272 408//408 438//438
f 404//404 407//407 440//440
f 407//407 1381//1381 1272//1272
f 409//409 1381//1381 410//410
f 408//408 486//486 439//439
f 408//408 439//439 438//438
f 1381//1381 408//408 1272//1272
f 411//411 412//412 1270//1270
f 500//500 415//415 414//414
f 415//415 500//500 416//416
f 500//500 417//417 416//416
f 416//416 417//417 421//421
f 416//416 421//421 418//418
f 398//398 395//395 416//416
f 416//416 395//395 415//415
f 398//398 416//416 418//418
f 420//420 421//421 417//417
f 421//421 420//420 400//400
f 505//505 419//419 502//502
f 419//419 422//422 403//403
f 422//422 419//419 505//505
f 422//422 423//423 403//403
f 420//420 403//403 400//400
f 420//420 419//419 403//403
f 1451//1451 424//424 422//422
f 425//425 424//424 1451//1451
f 423//423 424//424 426//426
f 424//424 425//425 429//429
f 429//429 425//425 428//428
f 427//427 424//424 429//429
f 429//429 1271//1271 427//427
f 1271//1271 490//490 427//427
f 410//410 427//427 490//490
f 427//427 426//426 424//424
f 430//430 449//449 431//431
f 431//431 389//389 430//430
f 430//430 392//392 449//449
f 430//430 391//391 392//392
f 389//389 431//431 434//434
f 434//434 431//431 433//433
f 432//432 433//433 431//431
f 448//448 435//435 432//432
f 435//435 436//436 450//450
f 448//448 432//432 431//431
f 436//436 435//435 448//448
f 438//438 439//439 468//468
f 1272//1272 459//459 405//405
f 405//405 459//459 447//447
f 405//405 406//406 401//401
f 405//405 447//447 406//406
f 447//447 441//441 406//406
f 406//406 1382//1382 402//402
f 441//441 446//446 1382//1382
f 441//441 1382//1382 406//406
f 1382//1382 443//443 399//399
f 1380//1380 391//391 1266//1266
f 397//397 444//444 1268//1268
f 1266//1266 442//442 443//443
f 442//442 444//444 397//397
f 444//444 442//442 1266//1266
f 1266//1266 1267//1267 1273//1273
f 1274//1274 444//444 1273//1273
f 388//388 1274//1274 1273//1273
f 392//392 383//383 449//449
f 392//392 445//445 383//383
f 449//449 383//383 387//387
f 446//446 445//445 1380//1380
f 446//446 441//441 381//381
f 445//445 381//381 379//379
f 381//381 445//445 446//446
f 447//447 381//381 441//441
f 387//387 448//448 449//449
f 448//448 387//387 436//436
f 449//449 448//448 431//431
f 452//452 387//387 386//386
f 436//436 451//451 450//450
f 452//452 436//436 387//387
f 436//436 452//452 451//451
f 453//453 452//452 1194//1194
f 451//451 452//452 453//453
f 474//474 344//344 1275//1275
f 454//454 1275//1275 344//344
f 455//455 308//308 481//481
f 1247//1247 468//468 439//439
f 437//437 451//451 453//453
f 467//467 468//468 456//456
f 468//468 457//457 456//456
f 458//458 460//460 1197//1197
f 458//458 465//465 460//460
f 459//459 461//461 447//447
f 466//466 467//467 460//460
f 466//466 460//460 465//465
f 463//463 461//461 462//462
f 463//463 379//379 381//381
f 461//461 463//463 447//447
f 464//464 461//461 465//465
f 461//461 464//464 462//462
f 469//469 464//464 465//465
f 355//355 462//462 464//464
f 356//356 464//464 469//469
f 464//464 356//356 355//355
f 465//465 461//461 466//466
f 467//467 461//461 459//459
f 467//467 466//466 461//461
f 459//459 468//468 467//467
f 438//438 459//459 1272//1272
f 438//438 468//468 459//459
f 457//457 468//468 1192//1192
f 355//355 470//470 357//357
f 470//470 355//355 356//356
f 377//377 470//470 356//356
f 361//361 357//357 378//378
f 348//348 378//378 470//470
f 470//470 378//378 357//357
f 361//361 378//378 353//353
f 360//360 387//387 471//471
f 360//360 471//471 455//455
f 491//491 360//360 455//455
f 472//472 458//458 492//492
f 465//465 472//472 469//469
f 374//374 469//469 472//472
f 256//256 1173//1173 277//277
f 473//473 476//476 474//474
f 473//473 260//260 476//476
f 276//276 1170//1170 272//272
f 279//279 220//220 276//276
f 220//220 278//278 276//276
f 476//476 280//280 220//220
f 1184//1184 282//282 1182//1182
f 1263//1263 294//294 477//477
f 302//302 301//301 478//478
f 316//316 317//317 478//478
f 316//316 478//478 301//301
f 298//298 302//302 478//478
f 317//317 298//298 478//478
f 315//315 481//481 308//308
f 1275//1275 480//480 473//473
f 260//260 473//473 480//480
f 473//473 474//474 1275//1275
f 481//481 484//484 482//482
f 481//481 482//482 455//455
f 491//491 482//482 484//484
f 479//479 1275//1275 454//454
f 472//472 1199//1199 479//479
f 472//472 479//479 454//454
f 460//460 1178//1178 1197//1197
f 1178//1178 460//460 467//467
f 1192//1192 1189//1189 457//457
f 409//409 485//485 1248//1248
f 410//410 485//485 409//409
f 487//487 488//488 512//512
f 410//410 490//490 485//485
f 488//488 489//489 1271//1271
f 456//456 1178//1178 467//467
f 468//468 1247//1247 1192//1192
f 1189//1189 1178//1178 456//456
f 457//457 1189//1189 456//456
f 491//491 483//483 360//360
f 1177//1177 491//491 484//484
f 1277//1277 1276//1276 493//493
f 1278//1278 494//494 1276//1276
f 497//497 496//496 414//414
f 413//413 414//414 415//415
f 1277//1277 497//497 413//413
f 498//498 500//500 499//499
f 1279//1279 501//501 125//125
f 499//499 500//500 414//414
f 502//502 419//419 1280//1280
f 498//498 503//503 1280//1280
f 417//417 498//498 1280//1280
f 503//503 498//498 1279//1279
f 505//505 1451//1451 422//422
f 502//502 506//506 504//504
f 503//503 506//506 502//502
f 1451//1451 507//507 425//425
f 1451//1451 504//504 507//507
f 1281//1281 198//198 199//199
f 1283//1283 513//513 1282//1282
f 1282//1282 425//425 507//507
f 1282//1282 428//428 425//425
f 508//508 507//507 199//199
f 1282//1282 507//507 508//508
f 510//510 1284//1284 509//509
f 512//512 511//511 487//487
f 510//510 512//512 1284//1284
f 512//512 510//510 511//511
f 1284//1284 512//512 513//513
f 512//512 488//488 513//513
f 1283//1283 517//517 1284//1284
f 1383//1383 1285//1285 10//10
f 1285//1285 1383//1383 514//514
f 1285//1285 514//514 515//515
f 515//515 516//516 204//204
f 1395//1395 509//509 516//516
f 516//516 509//509 1284//1284
f 516//516 517//517 204//204
f 517//517 516//516 1284//1284
f 573//573 156//156 122//122
f 570//570 573//573 571//571
f 122//122 158//158 519//519
f 122//122 519//519 121//121
f 210//210 122//122 121//121
f 166//166 573//573 210//210
f 158//158 122//122 518//518
f 159//159 158//158 1384//1384
f 161//161 167//167 166//166
f 161//161 166//166 165//165
f 167//167 571//571 166//166
f 126//126 121//121 519//519
f 158//158 124//124 519//519
f 158//158 159//159 124//124
f 124//124 126//126 519//519
f 527//527 1452//1452 521//521
f 523//523 150//150 151//151
f 1452//1452 187//187 521//521
f 151//151 525//525 152//152
f 151//151 524//524 525//525
f 152//152 525//525 186//186
f 525//525 145//145 186//186
f 525//525 524//524 145//145
f 149//149 187//187 186//186
f 186//186 145//145 144//144
f 1450//1450 567//567 1373//1373
f 1450//1450 174//174 185//185
f 182//182 138//138 778//778
f 527//527 521//521 7//7
f 527//527 9//9 188//188
f 7//7 9//9 527//527
f 131//131 522//522 523//523
f 522//522 131//131 548//548
f 188//188 130//130 131//131
f 548//548 131//131 130//130
f 522//522 548//548 549//549
f 522//522 549//549 150//150
f 140//140 139//139 179//179
f 530//530 531//531 532//532
f 531//531 530//530 558//558
f 565//565 533//533 534//534
f 208//208 533//533 535//535
f 535//535 567//567 568//568
f 567//567 535//535 533//533
f 559//559 563//563 537//537
f 552//552 561//561 539//539
f 157//157 544//544 1384//1384
f 520//520 540//540 547//547
f 161//161 165//165 163//163
f 550//550 138//138 179//179
f 179//179 139//139 550//550
f 179//179 182//182 184//184
f 183//183 184//184 182//182
f 5//5 127//127 132//132
f 5//5 132//132 188//188
f 9//9 7//7 8//8
f 130//130 132//132 548//548
f 1452//1452 131//131 523//523
f 1452//1452 527//527 188//188
f 1452//1452 523//523 152//152
f 522//522 150//150 523//523
f 152//152 187//187 1452//1452
f 185//185 526//526 144//144
f 141//141 526//526 181//181
f 184//184 183//183 185//185
f 553//553 561//561 552//552
f 553//553 552//552 551//551
f 551//551 554//554 553//553
f 208//208 536//536 554//554
f 556//556 552//552 539//539
f 555//555 560//560 207//207
f 554//554 555//555 553//553
f 555//555 554//554 560//560
f 173//173 532//532 534//534
f 173//173 137//137 532//532
f 178//178 565//565 534//534
f 528//528 559//559 536//536
f 549//549 559//559 528//528
f 129//129 205//205 543//543
f 543//543 206//206 542//542
f 533//533 173//173 534//534
f 559//559 560//560 536//536
f 554//554 536//536 560//560
f 561//561 553//553 555//555
f 529//529 556//556 539//539
f 556//556 538//538 552//552
f 538//538 551//551 552//552
f 173//173 533//533 208//208
f 528//528 568//568 524//524
f 559//559 537//537 205//205
f 559//559 205//205 207//207
f 536//536 535//535 568//568
f 536//536 208//208 535//535
f 559//559 207//207 560//560
f 537//537 544//544 205//205
f 542//542 129//129 543//543
f 540//540 539//539 541//541
f 562//562 539//539 540//540
f 137//137 173//173 551//551
f 530//530 532//532 137//137
f 529//529 558//558 530//530
f 529//529 539//539 557//557
f 539//539 562//562 557//557
f 546//546 540//540 541//541
f 546//546 541//541 542//542
f 547//547 540//540 546//546
f 206//206 546//546 542//542
f 547//547 206//206 157//157
f 206//206 547//547 546//546
f 543//543 544//544 206//206
f 544//544 157//157 206//206
f 545//545 1384//1384 544//544
f 544//544 543//543 205//205
f 537//537 545//545 544//544
f 549//549 563//563 559//559
f 528//528 536//536 568//568
f 531//531 160//160 564//564
f 532//532 531//531 564//564
f 534//534 532//532 564//564
f 565//565 567//567 533//533
f 178//178 1373//1373 565//565
f 572//572 540//540 520//520
f 566//566 178//178 564//564
f 545//545 537//537 563//563
f 528//528 524//524 150//150
f 528//528 150//150 549//549
f 548//548 563//563 549//549
f 569//569 159//159 1384//1384
f 545//545 563//563 569//569
f 569//569 563//563 548//548
f 554//554 551//551 208//208
f 561//561 129//129 541//541
f 561//561 555//555 129//129
f 562//562 540//540 572//572
f 538//538 137//137 551//551
f 137//137 538//538 530//530
f 564//564 178//178 534//534
f 168//168 1453//1453 558//558
f 558//558 557//557 168//168
f 529//529 530//530 538//538
f 529//529 538//538 556//556
f 558//558 529//529 557//557
f 572//572 520//520 570//570
f 168//168 570//570 571//571
f 562//562 168//168 557//557
f 156//156 570//570 520//520
f 573//573 570//570 156//156
f 570//570 168//168 572//572
f 547//547 518//518 520//520
f 520//520 518//518 156//156
f 321//321 364//364 574//574
f 367//367 1264//1264 369//369
f 369//369 321//321 574//574
f 369//369 574//574 366//366
f 578//578 320//320 1264//1264
f 320//320 578//578 318//318
f 288//288 286//286 287//287
f 370//370 367//367 366//366
f 370//370 366//366 368//368
f 367//367 369//369 366//366
f 318//318 287//287 347//347
f 328//328 339//339 329//329
f 329//329 1286//1286 328//328
f 339//339 337//337 329//329
f 577//577 328//328 576//576
f 577//577 576//576 326//326
f 1377//1377 339//339 577//577
f 578//578 575//575 289//289
f 288//288 329//329 337//337
f 288//288 337//337 286//286
f 339//339 336//336 337//337
f 1378//1378 286//286 337//337
f 311//311 579//579 1377//1377
f 579//579 311//311 292//292
f 1377//1377 325//325 311//311
f 324//324 311//311 325//325
f 291//291 292//292 322//322
f 372//372 327//327 322//322
f 291//291 322//322 327//327
f 295//295 299//299 371//371
f 371//371 309//309 1376//1376
f 368//368 366//366 574//574
f 428//428 1282//1282 513//513
f 428//428 488//488 1271//1271
f 428//428 513//513 488//488
f 1283//1283 201//201 517//517
f 581//581 580//580 691//691
f 580//580 582//582 691//691
f 582//582 580//580 585//585
f 580//580 581//581 583//583
f 581//581 584//584 583//583
f 581//581 689//689 584//584
f 582//582 585//585 800//800
f 694//694 582//582 800//800
f 590//590 586//586 592//592
f 590//590 694//694 586//586
f 593//593 589//589 588//588
f 592//592 591//591 590//590
f 591//591 592//592 595//595
f 696//696 593//593 587//587
f 593//593 696//696 591//591
f 593//593 591//591 594//594
f 730//730 593//593 594//594
f 591//591 595//595 594//594
f 597//597 607//607 596//596
f 599//599 667//667 606//606
f 1287//1287 599//599 598//598
f 638//638 601//601 637//637
f 638//638 1455//1455 601//601
f 1455//1455 602//602 601//601
f 1455//1455 603//603 602//602
f 605//605 1455//1455 604//604
f 605//605 604//604 607//607
f 606//606 607//607 604//604
f 599//599 604//604 598//598
f 1455//1455 598//598 604//604
f 599//599 606//606 604//604
f 1455//1455 605//605 673//673
f 607//607 600//600 605//605
f 597//597 600//600 607//607
f 609//609 616//616 614//614
f 608//608 639//639 609//609
f 639//639 608//608 610//610
f 600//600 677//677 611//611
f 675//675 677//677 600//600
f 677//677 612//612 611//611
f 618//618 615//615 643//643
f 609//609 614//614 608//608
f 614//614 615//615 613//613
f 616//616 615//615 614//614
f 609//609 639//639 616//616
f 615//615 616//616 639//639
f 618//618 617//617 615//615
f 617//617 613//613 615//615
f 620//620 621//621 629//629
f 621//621 622//622 628//628
f 621//621 628//628 629//629
f 628//628 622//622 626//626
f 1200//1200 622//622 621//621
f 602//602 603//603 635//635
f 624//624 623//623 630//630
f 627//627 626//626 631//631
f 630//630 623//623 633//633
f 627//627 633//633 623//623
f 627//627 631//631 633//633
f 627//627 623//623 628//628
f 1174//1174 620//620 625//625
f 624//624 620//620 629//629
f 623//623 629//629 628//628
f 623//623 624//624 629//629
f 630//630 633//633 634//634
f 1203//1203 625//625 632//632
f 632//632 620//620 624//624
f 632//632 625//625 620//620
f 634//634 601//601 630//630
f 630//630 601//601 624//624
f 602//602 635//635 632//632
f 624//624 601//601 602//602
f 710//710 636//636 637//637
f 638//638 637//637 636//636
f 638//638 636//636 619//619
f 639//639 1204//1204 649//649
f 1204//1204 648//648 649//649
f 607//607 670//670 596//596
f 640//640 678//678 671//671
f 641//641 612//612 678//678
f 641//641 1210//1210 612//612
f 646//646 645//645 644//644
f 645//645 646//646 647//647
f 646//646 642//642 647//647
f 642//642 646//646 650//650
f 647//647 649//649 648//648
f 649//649 647//647 642//642
f 642//642 643//643 649//649
f 643//643 615//615 639//639
f 649//649 643//643 639//639
f 1249//1249 644//644 645//645
f 644//644 650//650 646//646
f 650//650 651//651 642//642
f 651//651 618//618 643//643
f 651//651 643//643 642//642
f 650//650 619//619 651//651
f 654//654 660//660 655//655
f 653//653 660//660 654//654
f 654//654 655//655 1206//1206
f 653//653 654//654 1224//1224
f 669//669 667//667 656//656
f 661//661 657//657 660//660
f 658//658 659//659 663//663
f 1208//1208 655//655 657//657
f 1208//1208 1206//1206 655//655
f 658//658 660//660 653//653
f 655//655 660//660 657//657
f 661//661 662//662 657//657
f 662//662 1208//1208 657//657
f 656//656 663//663 1250//1250
f 663//663 664//664 658//658
f 664//664 660//660 658//658
f 664//664 661//661 660//660
f 638//638 598//598 1455//1455
f 638//638 619//619 598//598
f 664//664 656//656 667//667
f 664//664 599//599 661//661
f 667//667 599//599 664//664
f 673//673 668//668 603//603
f 668//668 673//673 611//611
f 670//670 606//606 667//667
f 669//669 670//670 667//667
f 669//669 672//672 671//671
f 656//656 672//672 669//669
f 668//668 611//611 612//612
f 1210//1210 668//668 612//612
f 605//605 600//600 673//673
f 673//673 600//600 611//611
f 670//670 669//669 671//671
f 670//670 607//607 606//606
f 671//671 672//672 640//640
f 640//640 641//641 678//678
f 636//636 710//710 618//618
f 634//634 637//637 601//601
f 599//599 1287//1287 666//666
f 1287//1287 652//652 666//666
f 599//599 662//662 661//661
f 662//662 599//599 666//666
f 619//619 650//650 1287//1287
f 598//598 619//619 1287//1287
f 617//617 1252//1252 1251//1251
f 710//710 1252//1252 617//617
f 617//617 618//618 710//710
f 652//652 650//650 644//644
f 664//664 663//663 656//656
f 597//597 675//675 600//600
f 707//707 702//702 677//677
f 612//612 677//677 702//702
f 596//596 671//671 703//703
f 703//703 678//678 701//701
f 701//701 678//678 702//702
f 678//678 612//612 702//702
f 682//682 709//709 681//681
f 697//697 684//684 685//685
f 692//692 683//683 690//690
f 683//683 684//684 697//697
f 679//679 699//699 1386//1386
f 699//699 685//685 1386//1386
f 686//686 687//687 679//679
f 687//687 680//680 679//679
f 688//688 690//690 682//682
f 690//690 683//683 682//682
f 686//686 587//587 687//687
f 680//680 687//687 681//681
f 681//681 687//687 688//688
f 688//688 682//682 681//681
f 690//690 688//688 689//689
f 691//691 693//693 684//684
f 692//692 691//691 684//684
f 1386//1386 693//693 686//686
f 1386//1386 684//684 693//693
f 1386//1386 685//685 684//684
f 689//689 581//581 690//690
f 1385//1385 688//688 1387//1387
f 691//691 582//582 693//693
f 581//581 692//692 690//690
f 691//691 692//692 581//581
f 694//694 693//693 582//582
f 695//695 694//694 590//590
f 695//695 693//693 694//694
f 686//686 693//693 695//695
f 695//695 590//590 696//696
f 695//695 696//696 686//686
f 696//696 590//590 591//591
f 587//587 686//686 696//696
f 588//588 587//587 593//593
f 1387//1387 587//587 588//588
f 587//587 1387//1387 687//687
f 1387//1387 688//688 687//687
f 676//676 682//682 683//683
f 706//706 676//676 683//683
f 697//697 706//706 683//683
f 697//697 698//698 700//700
f 685//685 698//698 697//697
f 685//685 708//708 698//698
f 685//685 699//699 708//708
f 680//680 681//681 705//705
f 680//680 704//704 679//679
f 704//704 680//680 705//705
f 699//699 679//679 704//704
f 709//709 705//705 681//681
f 707//707 677//677 675//675
f 707//707 700//700 702//702
f 596//596 699//699 704//704
f 704//704 597//597 596//596
f 675//675 597//597 709//709
f 707//707 676//676 706//706
f 707//707 706//706 700//700
f 697//697 700//700 706//706
f 698//698 701//701 700//700
f 701//701 702//702 700//700
f 701//701 708//708 703//703
f 708//708 701//701 698//698
f 703//703 699//699 596//596
f 704//704 705//705 597//597
f 705//705 709//709 597//597
f 676//676 709//709 682//682
f 707//707 675//675 676//676
f 674//674 634//634 633//633
f 635//635 1205//1205 632//632
f 674//674 710//710 637//637
f 674//674 637//637 634//634
f 1250//1250 672//672 656//656
f 1211//1211 662//662 666//666
f 716//716 1389//1389 711//711
f 1289//1289 711//711 1389//1389
f 711//711 1289//1289 1075//1075
f 1289//1289 495//495 494//494
f 718//718 714//714 791//791
f 718//718 713//713 714//714
f 713//713 715//715 714//714
f 716//716 714//714 715//715
f 720//720 717//717 718//718
f 719//719 720//720 718//718
f 791//791 719//719 718//718
f 722//722 721//721 720//720
f 722//722 719//719 793//793
f 720//720 719//719 722//722
f 583//583 584//584 721//721
f 583//583 721//721 795//795
f 795//795 721//721 722//722
f 721//721 723//723 720//720
f 746//746 729//729 730//730
f 729//729 589//589 730//730
f 730//730 589//589 593//593
f 595//595 732//732 594//594
f 746//746 732//732 731//731
f 732//732 746//746 594//594
f 594//594 746//746 730//730
f 1290//1290 731//731 732//732
f 734//734 135//135 733//733
f 1290//1290 734//734 733//733
f 732//732 786//786 1290//1290
f 776//776 550//550 139//139
f 772//772 180//180 736//736
f 778//778 736//736 180//180
f 779//779 1291//1291 782//782
f 784//784 740//740 741//741
f 740//740 739//739 742//742
f 147//147 1420//1420 733//733
f 731//731 1290//1290 1420//1420
f 1420//1420 1290//1290 733//733
f 745//745 744//744 746//746
f 745//745 1420//1420 737//737
f 745//745 731//731 1420//1420
f 731//731 745//745 746//746
f 746//746 744//744 729//729
f 729//729 785//785 589//589
f 155//155 751//751 153//153
f 751//751 155//155 757//757
f 1259//1259 153//153 751//751
f 713//713 717//717 753//753
f 1137//1137 752//752 753//753
f 805//805 1120//1120 1134//1134
f 774//774 757//757 756//756
f 751//751 757//757 774//774
f 774//774 756//756 1128//1128
f 155//155 766//766 757//757
f 766//766 155//155 162//162
f 759//759 766//766 760//760
f 766//766 162//162 760//760
f 760//760 761//761 762//762
f 761//761 763//763 762//762
f 810//810 1101//1101 764//764
f 752//752 1101//1101 712//712
f 767//767 756//756 757//757
f 766//766 767//767 757//757
f 756//756 767//767 1125//1125
f 1136//1136 767//767 765//765
f 1260//1260 769//769 169//169
f 775//775 771//771 1291//1291
f 775//775 770//770 773//773
f 1291//1291 770//770 775//775
f 1260//1260 770//770 768//768
f 1291//1291 779//779 768//768
f 783//783 771//771 739//739
f 176//176 180//180 175//175
f 1388//1388 175//175 772//772
f 738//738 1388//1388 772//772
f 1260//1260 1259//1259 774//774
f 773//773 1128//1128 758//758
f 773//773 1260//1260 774//774
f 773//773 774//774 1128//1128
f 1260//1260 773//773 770//770
f 773//773 758//758 775//775
f 139//139 769//769 776//776
f 769//769 768//768 776//776
f 776//776 768//768 779//779
f 780//780 738//738 736//736
f 738//738 777//777 737//737
f 777//777 738//738 780//780
f 550//550 735//735 138//138
f 736//736 735//735 779//779
f 780//780 779//779 782//782
f 777//777 780//780 782//782
f 741//741 785//785 784//784
f 784//784 785//785 744//744
f 588//588 1107//1107 1108//1108
f 595//595 786//786 732//732
f 595//595 788//788 786//786
f 734//734 786//786 190//190
f 190//190 1097//1097 191//191
f 788//788 190//190 786//786
f 592//592 787//787 788//788
f 592//592 788//788 595//595
f 788//788 1097//1097 190//190
f 787//787 1097//1097 788//788
f 763//763 761//761 164//164
f 193//193 763//763 164//164
f 1389//1389 789//789 763//763
f 193//193 1288//1288 1389//1389
f 716//716 1292//1292 714//714
f 790//790 1292//1292 716//716
f 790//790 716//716 711//711
f 791//791 714//714 1292//1292
f 791//791 1292//1292 792//792
f 790//790 711//711 1075//1075
f 1076//1076 790//790 1078//1078
f 1079//1079 791//791 792//792
f 791//791 1079//1079 793//793
f 791//791 793//793 719//719
f 722//722 793//793 795//795
f 1083//1083 794//794 1081//1081
f 794//794 795//795 793//793
f 793//793 1079//1079 794//794
f 583//583 795//795 1456//1456
f 1084//1084 795//795 796//796
f 1456//1456 580//580 583//583
f 580//580 1456//1456 585//585
f 797//797 585//585 1456//1456
f 800//800 585//585 797//797
f 798//798 694//694 800//800
f 799//799 1090//1090 1089//1089
f 1090//1090 799//799 798//798
f 800//800 1090//1090 798//798
f 797//797 1090//1090 800//800
f 799//799 801//801 586//586
f 798//798 586//586 694//694
f 586//586 798//798 799//799
f 586//586 801//801 592//592
f 810//810 762//762 789//789
f 810//810 715//715 712//712
f 810//810 789//789 715//715
f 715//715 789//789 716//716
f 789//789 762//762 763//763
f 812//812 849//849 896//896
f 817//817 813//813 818//818
f 813//813 817//817 875//875
f 813//813 875//875 814//814
f 811//811 816//816 879//879
f 815//815 816//816 811//811
f 812//812 815//815 811//811
f 847//847 843//843 819//819
f 818//818 876//876 863//863
f 817//817 848//848 827//827
f 821//821 817//817 818//818
f 818//818 820//820 821//821
f 819//819 848//848 817//817
f 843//843 848//848 819//819
f 820//820 818//818 863//863
f 819//819 817//817 821//821
f 821//821 811//811 819//819
f 821//821 812//812 811//811
f 820//820 849//849 812//812
f 879//879 819//819 811//811
f 856//856 882//882 822//822
f 823//823 822//822 881//881
f 825//825 823//823 1212//1212
f 822//822 823//823 825//825
f 881//881 822//822 882//882
f 823//823 881//881 824//824
f 826//826 882//882 827//827
f 882//882 826//826 881//881
f 856//856 857//857 882//882
f 827//827 882//882 857//857
f 839//839 830//830 840//840
f 828//828 830//830 839//839
f 830//830 828//828 1230//1230
f 840//840 830//830 829//829
f 829//829 841//841 840//840
f 1054//1054 847//847 819//819
f 833//833 831//831 832//832
f 883//883 832//832 831//831
f 835//835 833//833 832//832
f 839//839 833//833 835//835
f 839//839 835//835 834//834
f 836//836 834//834 835//835
f 838//838 883//883 831//831
f 841//841 829//829 1213//1213
f 838//838 841//841 1213//1213
f 841//841 838//838 831//831
f 834//834 1230//1230 828//828
f 828//828 839//839 834//834
f 833//833 839//839 840//840
f 840//840 831//831 833//833
f 831//831 840//840 841//841
f 883//883 838//838 842//842
f 838//838 837//837 842//842
f 843//843 883//883 844//844
f 836//836 1235//1235 1293//1293
f 846//846 1235//1235 836//836
f 847//847 846//846 835//835
f 843//843 835//835 832//832
f 843//843 847//847 835//835
f 827//827 857//857 817//817
f 1054//1054 846//846 847//847
f 844//844 848//848 843//843
f 1227//1227 825//825 1212//1212
f 1308//1308 849//849 1052//1052
f 849//849 1308//1308 896//896
f 1052//1052 850//850 1308//1308
f 1390//1390 1227//1227 851//851
f 822//822 1390//1390 856//856
f 822//822 825//825 1390//1390
f 852//852 851//851 1231//1231
f 851//851 852//852 1390//1390
f 852//852 856//856 1390//1390
f 853//853 854//854 1229//1229
f 853//853 855//855 854//854
f 855//855 857//857 856//856
f 858//858 860//860 868//868
f 1232//1232 860//860 859//859
f 859//859 858//858 861//861
f 862//862 861//861 858//858
f 862//862 858//858 866//866
f 869//869 868//868 864//864
f 868//868 860//860 870//870
f 868//868 873//873 864//864
f 1233//1233 870//870 860//860
f 873//873 868//868 870//870
f 865//865 867//867 869//869
f 865//865 869//869 864//864
f 869//869 867//867 866//866
f 866//866 867//867 862//862
f 862//862 867//867 1219//1219
f 859//859 860//860 858//858
f 868//868 869//869 866//866
f 858//858 868//868 866//866
f 864//864 871//871 865//865
f 1216//1216 871//871 1056//1056
f 872//872 876//876 873//873
f 876//876 813//813 873//873
f 874//874 1056//1056 875//875
f 857//857 875//875 817//817
f 855//855 875//875 857//857
f 876//876 872//872 863//863
f 876//876 818//818 813//813
f 813//813 814//814 864//864
f 820//820 863//863 877//877
f 877//877 878//878 880//880
f 1457//1457 1054//1054 879//879
f 1457//1457 879//879 816//816
f 879//879 1054//1054 819//819
f 849//849 820//820 1052//1052
f 845//845 827//827 848//848
f 844//844 842//842 845//845
f 845//845 842//842 1055//1055
f 827//827 845//845 826//826
f 845//845 848//848 844//844
f 874//874 875//875 855//855
f 1056//1056 814//814 875//875
f 853//853 874//874 855//855
f 814//814 1056//1056 871//871
f 856//856 852//852 855//855
f 852//852 854//854 855//855
f 835//835 846//846 836//836
f 883//883 843//843 832//832
f 842//842 844//844 883//883
f 842//842 837//837 1055//1055
f 871//871 864//864 814//814
f 864//864 873//873 813//813
f 872//872 873//873 870//870
f 884//884 1139//1139 885//885
f 915//915 1139//1139 926//926
f 886//886 897//897 887//887
f 1457//1457 816//816 897//897
f 850//850 1214//1214 1308//1308
f 888//888 917//917 918//918
f 908//908 904//904 889//889
f 891//891 910//910 1221//1221
f 892//892 893//893 894//894
f 890//890 1221//1221 894//894
f 890//890 894//894 901//901
f 893//893 901//901 894//894
f 894//894 1238//1238 892//892
f 889//889 892//892 1238//1238
f 950//950 812//812 949//949
f 815//815 812//812 950//950
f 815//815 1458//1458 897//897
f 898//898 890//890 901//901
f 898//898 1057//1057 890//890
f 899//899 900//900 956//956
f 900//900 957//957 956//956
f 901//901 893//893 900//900
f 957//957 900//900 893//893
f 899//899 898//898 901//901
f 899//899 901//901 900//900
f 904//904 892//892 889//889
f 904//904 957//957 892//892
f 903//903 902//902 904//904
f 903//903 904//904 908//908
f 1391//1391 1142//1142 911//911
f 903//903 905//905 902//902
f 905//905 903//903 907//907
f 907//907 906//906 905//905
f 908//908 907//907 903//903
f 1060//1060 910//910 891//891
f 943//943 1057//1057 898//898
f 943//943 942//942 1057//1057
f 888//888 918//918 1295//1295
f 1295//1295 953//953 1391//1391
f 953//953 919//919 1391//1391
f 1315//1315 921//921 897//897
f 887//887 921//921 922//922
f 921//921 887//887 897//897
f 922//922 932//932 933//933
f 922//922 921//921 932//932
f 925//925 924//924 923//923
f 923//923 922//922 933//933
f 924//924 922//922 923//923
f 886//886 887//887 924//924
f 924//924 887//887 922//922
f 924//924 925//925 1217//1217
f 926//926 927//927 915//915
f 926//926 1140//1140 927//927
f 1140//1140 926//926 884//884
f 928//928 1142//1142 919//919
f 1141//1141 1142//1142 928//928
f 955//955 919//919 953//953
f 919//919 930//930 929//929
f 933//933 932//932 931//931
f 906//906 933//933 931//931
f 933//933 1294//1294 923//923
f 925//925 923//923 1294//1294
f 925//925 1294//1294 1215//1215
f 963//963 1392//1392 1036//1036
f 945//945 896//896 1036//1036
f 1392//1392 945//945 1036//1036
f 940//940 935//935 936//936
f 940//940 934//934 1459//1459
f 936//936 935//935 937//937
f 946//946 885//885 913//913
f 935//935 885//885 937//937
f 939//939 934//934 940//940
f 939//939 940//940 938//938
f 1063//1063 1057//1057 942//942
f 1143//1143 962//962 961//961
f 911//911 962//962 1143//1143
f 961//961 958//958 1143//1143
f 960//960 962//962 911//911
f 960//960 939//939 938//938
f 939//939 960//960 912//912
f 939//939 912//912 934//934
f 959//959 944//944 969//969
f 1047//1047 1042//1042 959//959
f 944//944 959//959 1042//1042
f 971//971 961//961 962//962
f 969//969 962//962 959//959
f 945//945 937//937 946//946
f 947//947 948//948 913//913
f 946//946 913//913 948//948
f 946//946 948//948 945//945
f 948//948 949//949 896//896
f 948//948 896//896 945//945
f 949//949 948//948 947//947
f 950//950 1458//1458 815//815
f 951//951 897//897 1458//1458
f 897//897 951//951 1315//1315
f 916//916 952//952 1315//1315
f 921//921 952//952 932//932
f 919//919 955//955 930//930
f 954//954 932//932 952//952
f 932//932 954//954 931//931
f 955//955 905//905 906//906
f 905//905 1295//1295 902//902
f 953//953 905//905 955//955
f 918//918 902//902 1295//1295
f 958//958 899//899 956//956
f 918//918 956//956 957//957
f 899//899 958//958 898//898
f 943//943 898//898 958//958
f 961//961 943//943 958//958
f 943//943 961//961 941//941
f 943//943 941//941 942//942
f 1072//1072 973//973 970//970
f 959//959 962//962 960//960
f 1392//1392 963//963 1049//1049
f 1392//1392 1049//1049 964//964
f 945//945 1392//1392 937//937
f 1392//1392 964//964 937//937
f 936//936 964//964 965//965
f 936//936 937//937 964//964
f 938//938 966//966 1047//1047
f 966//966 938//938 940//940
f 936//936 965//965 940//940
f 966//966 940//940 965//965
f 1030//1030 967//967 1040//1040
f 1040//1040 944//944 1042//1042
f 944//944 1040//1040 968//968
f 969//969 944//944 968//968
f 967//967 969//969 968//968
f 1035//1035 1067//1067 970//970
f 970//970 1067//1067 1072//1072
f 974//974 1048//1048 972//972
f 961//961 971//971 972//972
f 972//972 1048//1048 961//961
f 971//971 969//969 967//967
f 973//973 1048//1048 974//974
f 1296//1296 1026//1026 388//388
f 975//975 1307//1307 1296//1296
f 1014//1014 975//975 390//390
f 1014//1014 390//390 434//434
f 1023//1023 977//977 1020//1020
f 393//393 992//992 394//394
f 393//393 978//978 993//993
f 979//979 995//995 994//994
f 979//979 993//993 978//978
f 993//993 979//979 994//994
f 998//998 984//984 1001//1001
f 981//981 984//984 998//998
f 981//981 980//980 1297//1297
f 983//983 1001//1001 984//984
f 983//983 984//984 1298//1298
f 983//983 1298//1298 985//985
f 1299//1299 984//984 981//981
f 983//983 985//985 1008//1008
f 1008//1008 986//986 1006//1006
f 986//986 1008//1008 985//985
f 985//985 1298//1298 1017//1017
f 1006//1006 986//986 987//987
f 987//987 988//988 1006//1006
f 990//990 1013//1013 988//988
f 990//990 1241//1241 1013//1013
f 989//989 990//990 987//987
f 990//990 1068//1068 1241//1241
f 989//989 1068//1068 990//990
f 411//411 992//992 991//991
f 992//992 411//411 394//394
f 1305//1305 995//995 999//999
f 1304//1304 996//996 1077//1077
f 996//996 1304//1304 999//999
f 1082//1082 997//997 1001//1001
f 997//997 996//996 999//999
f 997//997 999//999 998//998
f 1001//1001 997//997 998//998
f 995//995 980//980 999//999
f 1305//1305 999//999 1304//1304
f 998//998 980//980 981//981
f 1001//1001 1000//1000 1314//1314
f 1000//1000 1001//1001 983//983
f 1004//1004 1005//1005 1002//1002
f 1005//1005 1009//1009 1085//1085
f 1007//1007 1009//1009 1005//1005
f 1004//1004 1007//1007 1005//1005
f 1008//1008 1006//1006 1007//1007
f 1007//1007 1006//1006 1009//1009
f 1008//1008 1000//1000 983//983
f 1087//1087 1085//1085 1010//1010
f 1087//1087 1010//1010 1011//1011
f 1085//1085 1009//1009 1010//1010
f 1006//1006 1010//1010 1009//1009
f 1010//1010 1006//1006 988//988
f 1010//1010 988//988 1011//1011
f 1087//1087 1012//1012 1093//1093
f 1087//1087 1011//1011 1012//1012
f 1093//1093 1012//1012 1092//1092
f 1011//1011 988//988 1013//1013
f 1027//1027 1015//1015 1014//1014
f 1028//1028 1015//1015 1027//1027
f 977//977 1015//1015 1028//1028
f 432//432 1016//1016 433//433
f 1014//1014 433//433 1016//1016
f 433//433 1014//1014 434//434
f 1016//1016 1027//1027 1014//1014
f 432//432 1393//1393 1016//1016
f 1393//1393 432//432 435//435
f 1031//1031 1027//1027 1393//1393
f 1306//1306 1044//1044 989//989
f 1300//1300 1306//1306 986//986
f 1021//1021 1017//1017 1298//1298
f 1020//1020 1019//1019 1021//1021
f 1021//1021 1019//1019 1017//1017
f 1025//1025 1022//1022 1297//1297
f 1023//1023 1020//1020 982//982
f 1023//1023 982//982 1022//1022
f 1025//1025 1023//1023 1022//1022
f 979//979 978//978 1024//1024
f 1297//1297 979//979 1024//1024
f 1026//1026 1296//1296 1307//1307
f 1307//1307 1025//1025 1024//1024
f 388//388 1026//1026 1274//1274
f 1028//1028 1027//1027 972//972
f 971//971 1028//1028 972//972
f 977//977 1029//1029 1020//1020
f 1029//1029 977//977 1028//1028
f 967//967 1029//1029 1028//1028
f 971//971 967//967 1028//1028
f 1029//1029 1030//1030 1020//1020
f 1030//1030 1019//1019 1020//1020
f 1029//1029 967//967 1030//1030
f 1019//1019 1039//1039 1018//1018
f 1040//1040 1039//1039 1019//1019
f 972//972 1031//1031 974//974
f 1031//1031 972//972 1027//1027
f 435//435 1032//1032 1393//1393
f 1032//1032 435//435 450//450
f 1393//1393 1032//1032 1031//1031
f 1032//1032 450//450 1033//1033
f 974//974 1034//1034 973//973
f 1034//1034 1032//1032 1033//1033
f 1032//1032 1034//1034 974//974
f 973//973 1035//1035 970//970
f 1035//1035 973//973 1034//1034
f 1035//1035 1034//1034 1033//1033
f 1031//1031 1032//1032 974//974
f 1308//1308 1036//1036 896//896
f 1058//1058 1036//1036 1308//1308
f 941//941 1037//1037 942//942
f 1037//1037 941//941 1062//1062
f 1063//1063 942//942 1061//1061
f 942//942 1037//1037 1061//1061
f 1049//1049 963//963 1064//1064
f 1301//1301 1045//1045 1253//1253
f 1033//1033 1066//1066 1035//1035
f 1067//1067 1035//1035 1066//1066
f 450//450 451//451 1033//1033
f 437//437 1033//1033 451//451
f 1044//1044 1018//1018 1039//1039
f 1043//1043 1038//1038 1225//1225
f 1042//1042 1039//1039 1040//1040
f 1039//1039 1042//1042 1041//1041
f 1042//1042 1046//1046 1041//1041
f 1051//1051 1038//1038 1041//1041
f 1041//1041 1043//1043 1039//1039
f 1038//1038 1043//1043 1041//1041
f 1043//1043 1045//1045 1044//1044
f 1044//1044 1039//1039 1043//1043
f 1044//1044 1301//1301 989//989
f 1045//1045 1301//1301 1044//1044
f 1046//1046 1042//1042 1047//1047
f 1041//1041 1046//1046 1051//1051
f 965//965 1051//1051 1046//1046
f 1046//1046 966//966 965//965
f 1047//1047 966//966 1046//1046
f 1072//1072 1048//1048 973//973
f 941//941 961//961 1048//1048
f 1051//1051 1050//1050 1038//1038
f 1051//1051 1049//1049 1050//1050
f 964//964 1049//1049 1051//1051
f 1051//1051 965//965 964//964
f 1218//1218 846//846 1054//1054
f 874//874 1053//1053 1056//1056
f 872//872 878//878 863//863
f 1209//1209 1218//1218 1054//1054
f 877//877 863//863 878//878
f 877//877 880//880 1052//1052
f 877//877 1052//1052 820//820
f 845//845 1055//1055 826//826
f 1053//1053 874//874 853//853
f 872//872 870//870 1234//1234
f 1057//1057 891//891 1221//1221
f 1057//1057 1221//1221 890//890
f 891//891 1057//1057 1063//1063
f 1060//1060 891//891 1063//1063
f 1058//1058 1308//1308 1214//1214
f 1222//1222 1061//1061 1062//1062
f 1062//1062 1061//1061 1037//1037
f 1061//1061 1060//1060 1063//1063
f 1073//1073 1062//1062 1072//1072
f 1072//1072 1062//1062 941//941
f 1064//1064 963//963 1058//1058
f 1064//1064 1065//1065 1049//1049
f 1226//1226 1225//1225 1038//1038
f 1067//1067 1066//1066 1239//1239
f 1072//1072 1067//1067 1242//1242
f 1069//1069 1070//1070 1243//1243
f 1070//1070 1071//1071 1092//1092
f 1071//1071 1070//1070 1069//1069
f 511//511 1069//1069 487//487
f 1069//1069 511//511 1071//1071
f 1045//1045 1043//1043 1225//1225
f 437//437 1066//1066 1033//1033
f 1244//1244 1068//1068 1301//1301
f 1065//1065 1050//1050 1049//1049
f 1074//1074 1050//1050 1065//1065
f 1050//1050 1074//1074 1038//1038
f 494//494 1310//1310 1075//1075
f 792//792 1076//1076 1077//1077
f 1077//1077 1311//1311 1304//1304
f 1311//1311 1303//1303 1305//1305
f 1078//1078 790//790 1075//1075
f 1312//1312 1080//1080 1079//1079
f 996//996 1080//1080 1312//1312
f 1080//1080 1082//1082 1081//1081
f 1082//1082 1080//1080 996//996
f 1312//1312 792//792 1077//1077
f 1313//1313 1002//1002 1083//1083
f 1314//1314 1004//1004 1313//1313
f 1005//1005 1003//1003 1002//1002
f 1003//1003 1085//1085 1088//1088
f 796//796 794//794 1083//1083
f 794//794 796//796 795//795
f 797//797 1088//1088 1086//1086
f 1086//1086 1088//1088 1085//1085
f 1087//1087 1086//1086 1085//1085
f 1084//1084 1088//1088 797//797
f 1091//1091 1090//1090 1093//1093
f 1089//1089 1091//1091 1096//1096
f 1087//1087 1093//1093 1086//1086
f 1086//1086 1090//1090 797//797
f 1086//1086 1093//1093 1090//1090
f 1095//1095 510//510 509//509
f 1096//1096 1095//1095 1094//1094
f 1095//1095 1096//1096 1071//1071
f 1095//1095 511//511 510//510
f 511//511 1095//1095 1071//1071
f 801//801 787//787 592//592
f 1097//1097 1098//1098 191//191
f 787//787 1098//1098 1097//1097
f 1099//1099 514//514 1098//1098
f 1099//1099 1098//1098 787//787
f 1100//1100 1099//1099 801//801
f 1395//1395 1099//1099 1100//1100
f 509//509 1094//1094 1095//1095
f 799//799 1100//1100 801//801
f 1100//1100 799//799 1089//1089
f 1094//1094 1089//1089 1096//1096
f 753//753 752//752 712//712
f 1137//1137 753//753 717//717
f 810//810 764//764 765//765
f 765//765 764//764 1136//1136
f 713//713 712//712 715//715
f 810//810 712//712 1101//1101
f 712//712 713//713 753//753
f 764//764 1135//1135 1136//1136
f 1460//1460 717//717 754//754
f 765//765 767//767 759//759
f 1136//1136 1125//1125 767//767
f 767//767 766//766 759//759
f 759//759 762//762 765//765
f 762//762 759//759 760//760
f 762//762 810//810 765//765
f 713//713 718//718 717//717
f 717//717 720//720 754//754
f 1107//1107 1103//1103 728//728
f 728//728 1104//1104 727//727
f 1103//1103 1107//1107 589//589
f 589//589 785//785 1103//1103
f 1103//1103 741//741 1105//1105
f 1103//1103 785//785 741//741
f 741//741 742//742 1105//1105
f 741//741 740//740 742//742
f 784//784 744//744 1106//1106
f 784//784 1106//1106 781//781
f 777//777 781//781 1106//1106
f 738//738 772//772 736//736
f 744//744 785//785 729//729
f 589//589 1107//1107 588//588
f 727//727 755//755 1108//1108
f 1120//1120 755//755 727//727
f 1134//1134 1104//1104 1105//1105
f 1134//1134 1105//1105 1109//1109
f 742//742 1109//1109 1105//1105
f 808//808 1110//1110 807//807
f 806//806 808//808 750//750
f 1113//1113 1111//1111 758//758
f 1119//1119 805//805 1115//1115
f 803//803 749//749 1129//1129
f 1129//1129 1133//1133 803//803
f 1130//1130 1116//1116 724//724
f 1119//1119 724//724 1116//1116
f 1119//1119 1116//1116 1118//1118
f 1133//1133 1129//1129 802//802
f 138//138 735//735 778//778
f 735//735 736//736 778//778
f 780//780 736//736 779//779
f 740//740 784//784 783//783
f 755//755 723//723 1108//1108
f 777//777 1106//1106 737//737
f 745//745 1106//1106 744//744
f 772//772 175//175 180//180
f 735//735 550//550 776//776
f 779//779 735//735 776//776
f 1108//1108 728//728 727//727
f 1107//1107 728//728 1108//1108
f 1103//1103 1104//1104 728//728
f 1103//1103 1105//1105 1104//1104
f 783//783 739//739 740//740
f 784//784 781//781 783//783
f 783//783 781//781 782//782
f 782//782 771//771 783//783
f 748//748 1122//1122 1126//1126
f 1122//1122 748//748 747//747
f 1122//1122 1123//1123 743//743
f 1123//1123 1122//1122 747//747
f 726//726 1124//1124 1123//1123
f 1114//1114 1112//1112 1131//1131
f 804//804 1109//1109 1114//1114
f 726//726 1119//1119 1115//1115
f 803//803 1116//1116 725//725
f 1113//1113 743//743 1131//1131
f 1124//1124 804//804 1114//1114
f 1114//1114 1123//1123 1124//1124
f 748//748 749//749 1130//1130
f 1396//1396 748//748 1126//1126
f 743//743 1126//1126 1122//1122
f 1131//1131 743//743 1123//1123
f 1123//1123 1114//1114 1131//1131
f 806//806 750//750 743//743
f 764//764 1101//1101 1135//1135
f 1115//1115 804//804 1124//1124
f 1131//1131 1112//1112 1113//1113
f 1113//1113 1112//1112 1111//1111
f 805//805 1134//1134 1115//1115
f 1119//1119 1118//1118 805//805
f 749//749 803//803 1130//1130
f 1113//1113 806//806 743//743
f 808//808 807//807 750//750
f 808//808 1127//1127 1110//1110
f 1129//1129 749//749 809//809
f 1396//1396 809//809 749//749
f 1135//1135 802//802 1129//1129
f 1130//1130 803//803 725//725
f 802//802 1102//1102 1133//1133
f 1133//1133 1102//1102 1117//1117
f 1116//1116 803//803 1133//1133
f 1121//1121 1117//1117 1102//1102
f 1116//1116 1130//1130 725//725
f 1118//1118 1116//1116 1117//1117
f 1460//1460 1118//1118 1117//1117
f 1115//1115 1124//1124 726//726
f 1115//1115 1134//1134 804//804
f 1114//1114 1109//1109 742//742
f 1112//1112 1114//1114 742//742
f 756//756 1127//1127 1128//1128
f 1127//1127 808//808 1128//1128
f 808//808 806//806 1128//1128
f 758//758 1128//1128 806//806
f 1127//1127 756//756 1125//1125
f 775//775 758//758 1111//1111
f 1112//1112 739//739 771//771
f 809//809 1110//1110 1136//1136
f 775//775 1111//1111 771//771
f 754//754 1132//1132 1460//1460
f 1134//1134 1120//1120 727//727
f 1104//1104 1134//1134 727//727
f 1119//1119 726//726 724//724
f 1109//1109 804//804 1134//1134
f 1120//1120 805//805 1132//1132
f 755//755 1132//1132 754//754
f 717//717 1460//1460 1137//1137
f 1120//1120 1132//1132 755//755
f 1123//1123 747//747 726//726
f 1126//1126 743//743 750//750
f 747//747 748//748 1130//1130
f 747//747 1130//1130 724//724
f 724//724 726//726 747//747
f 750//750 807//807 1126//1126
f 806//806 1113//1113 758//758
f 1127//1127 1125//1125 1110//1110
f 1110//1110 1125//1125 1136//1136
f 1110//1110 809//809 1396//1396
f 1129//1129 809//809 1135//1135
f 1135//1135 1101//1101 802//802
f 1135//1135 809//809 1136//1136
f 1117//1117 1121//1121 1137//1137
f 1121//1121 752//752 1137//1137
f 1421//1421 947//947 913//913
f 913//913 885//885 1139//1139
f 884//884 885//885 935//935
f 915//915 916//916 1315//1315
f 920//920 1138//1138 927//927
f 927//927 1138//1138 916//916
f 927//927 916//916 915//915
f 952//952 1138//1138 954//954
f 952//952 916//916 1138//1138
f 954//954 929//929 930//930
f 928//928 919//919 929//929
f 920//920 928//928 929//929
f 951//951 914//914 1139//1139
f 1139//1139 884//884 926//926
f 1140//1140 884//884 1459//1459
f 920//920 1141//1141 928//928
f 1141//1141 1140//1140 934//934
f 1141//1141 934//934 912//912
f 919//919 1142//1142 1391//1391
f 1143//1143 917//917 888//888
f 1143//1143 958//958 917//917
f 918//918 917//917 956//956
f 917//917 958//958 956//956
f 957//957 902//902 918//918
f 893//893 892//892 957//957
f 947//947 950//950 949//949
f 1012//1012 1070//1070 1092//1092
f 1092//1092 1091//1091 1093//1093
f 1096//1096 1091//1091 1092//1092
f 1096//1096 1092//1092 1071//1071
f 1316//1316 31//31 34//34
f 1317//1317 1158//1158 115//115
f 1319//1319 1363//1363 1397//1397
f 70//70 73//73 1159//1159
f 1179//1179 1360//1360 1168//1168
f 1171//1171 1397//1397 1323//1323
f 1398//1398 1466//1466 1468//1468
f 261//261 1184//1184 1326//1326
f 1181//1181 1327//1327 1172//1172
f 1328//1328 1180//1180 1183//1183
f 1262//1262 246//246 1407//1407
f 1329//1329 1161//1161 1363//1363
f 1335//1335 490//490 1193//1193
f 1230//1230 1213//1213 830//830
f 1217//1217 1338//1338 1339//1339
f 1343//1343 640//640 1250//1250
f 1203//1203 1205//1205 674//674
f 1347//1347 1233//1233 1232//1232
f 1220//1220 1347//1347 1219//1219
f 1419//1419 1345//1345 1354//1354
f 1346//1346 1428//1428 1348//1348
f 1347//1347 1232//1232 861//861
f 1415//1415 1404//1404 1405//1405
f 1371//1371 1412//1412 1436//1436
f 1144//1144 22//22 1356//1356
f 34//34 1145//1145 1316//1316
f 239//239 249//249 1407//1407
f 1316//1316 39//39 1166//1166
f 1166//1166 1157//1157 115//115
f 39//39 1157//1157 1166//1166
f 1246//1246 1149//1149 1152//1152
f 118//118 73//73 53//53
f 1357//1357 1159//1159 73//73
f 1355//1355 1358//1358 1159//1159
f 1358//1358 1359//1359 1156//1156
f 1150//1150 1355//1355 1357//1357
f 1320//1320 1356//1356 1165//1165
f 228//228 1168//1168 1360//1360
f 1160//1160 1321//1321 278//278
f 1183//1183 1184//1184 1328//1328
f 1398//1398 1199//1199 1198//1198
f 1410//1410 1189//1189 1438//1438
f 1439//1439 1437//1437 1412//1412
f 1440//1440 608//608 613//613
f 1337//1337 626//626 1200//1200
f 631//631 626//626 1337//1337
f 653//653 1224//1224 1365//1365
f 1440//1440 613//613 1251//1251
f 1401//1401 674//674 1205//1205
f 659//659 1366//1366 1250//1250
f 1250//1250 1344//1344 1343//1343
f 674//674 631//631 1203//1203
f 1413//1413 1213//1213 1230//1230
f 1224//1224 1206//1206 1365//1365
f 860//860 1232//1232 1233//1233
f 1346//1346 1228//1228 1402//1402
f 1348//1348 1428//1428 1209//1209
f 1415//1415 1368//1368 1406//1406
f 1417//1417 1469//1469 1240//1240
f 1222//1222 1352//1352 1370//1370
f 1151//1151 25//25 1144//1144
f 1151//1151 26//26 79//79
f 33//33 34//34 31//31
f 35//35 1145//1145 34//34
f 1166//1166 46//46 1146//1146
f 1145//1145 41//41 1147//1147
f 1147//1147 41//41 40//40
f 1146//1146 38//38 42//42
f 42//42 31//31 1146//1146
f 1148//1148 52//52 51//51
f 52//52 1148//1148 22//22
f 1165//1165 56//56 55//55
f 51//51 1165//1165 1148//1148
f 1165//1165 51//51 56//56
f 60//60 1154//1154 1162//1162
f 59//59 61//61 1155//1155
f 1156//1156 62//62 65//65
f 1155//1155 62//62 1156//1156
f 1246//1246 116//116 79//79
f 1158//1158 48//48 115//115
f 54//54 1149//1149 1320//1320
f 54//54 1165//1165 55//55
f 1152//1152 77//77 1164//1164
f 76//76 77//77 66//66
f 1156//1156 64//64 1159//1159
f 1150//1150 71//71 1158//1158
f 1159//1159 64//64 70//70
f 117//117 71//71 1150//1150
f 116//116 1246//1246 1157//1157
f 1164//1164 77//77 76//76
f 1246//1246 79//79 26//26
f 77//77 1152//1152 1149//1149
f 1149//1149 54//54 77//77
f 1163//1163 66//66 63//63
f 76//76 66//66 1163//1163
f 227//227 228//228 232//232
f 234//234 231//231 232//232
f 239//239 238//238 237//237
f 239//239 237//237 241//241
f 246//246 245//245 238//238
f 1167//1167 263//263 261//261
f 263//263 1167//1167 1179//1179
f 1168//1168 259//259 1179//1179
f 1185//1185 266//266 1181//1181
f 268//268 1172//1172 1169//1169
f 1172//1172 269//269 1185//1185
f 1172//1172 268//268 269//269
f 1181//1181 265//265 1153//1153
f 1169//1169 283//283 268//268
f 1182//1182 282//282 274//274
f 280//280 1160//1160 278//278
f 280//280 1187//1187 1160//1160
f 1187//1187 280//280 476//476
f 1176//1176 315//315 316//316
f 315//315 1176//1176 484//484
f 1188//1188 260//260 480//480
f 484//484 481//481 315//315
f 1171//1171 222//222 475//475
f 277//277 1173//1173 475//475
f 1180//1180 254//254 281//281
f 1184//1184 261//261 282//282
f 272//272 1170//1170 1153//1153
f 283//283 1169//1169 1182//1182
f 1182//1182 274//274 283//283
f 475//475 222//222 277//277
f 276//276 278//278 1170//1170
f 1180//1180 281//281 1183//1183
f 1183//1183 233//233 234//234
f 1323//1323 290//290 1171//1171
f 477//477 1175//1175 1263//1263
f 1331//1331 314//314 1362//1362
f 293//293 314//314 1331//1331
f 1161//1161 1329//1329 334//334
f 480//480 1186//1186 1188//1188
f 1186//1186 480//480 479//479
f 458//458 1197//1197 1198//1198
f 1177//1177 483//483 491//491
f 1186//1186 479//479 1199//1199
f 1195//1195 453//453 1194//1194
f 1248//1248 486//486 409//409
f 487//487 489//489 488//488
f 1196//1196 489//489 487//487
f 489//489 1196//1196 1193//1193
f 1191//1191 437//437 1190//1190
f 453//453 1195//1195 1190//1190
f 1190//1190 437//437 453//453
f 483//483 1177//1177 1194//1194
f 1198//1198 492//492 458//458
f 1199//1199 492//492 1198//1198
f 1251//1251 613//613 617//617
f 608//608 614//614 613//613
f 1174//1174 621//621 620//620
f 1174//1174 1200//1200 621//621
f 622//622 1200//1200 626//626
f 626//626 627//627 628//628
f 610//610 1204//1204 639//639
f 1249//1249 645//645 647//647
f 647//647 1207//1207 1249//1249
f 1207//1207 647//647 648//648
f 1207//1207 648//648 1204//1204
f 659//659 658//658 653//653
f 631//631 674//674 633//633
f 1205//1205 635//635 603//603
f 644//644 1249//1249 1201//1201
f 1201//1201 665//665 652//652
f 1342//1342 603//603 668//668
f 668//668 1210//1210 1342//1342
f 672//672 1250//1250 640//640
f 674//674 1252//1252 710//710
f 665//665 666//666 652//652
f 1211//1211 666//666 665//665
f 1201//1201 652//652 644//644
f 1203//1203 632//632 1205//1205
f 1211//1211 1208//1208 662//662
f 1212//1212 823//823 824//824
f 1213//1213 829//829 830//830
f 1230//1230 834//834 836//836
f 1213//1213 837//837 838//838
f 1052//1052 1202//1202 850//850
f 1231//1231 854//854 852//852
f 1229//1229 854//854 1231//1231
f 1232//1232 859//859 861//861
f 1219//1219 861//861 862//862
f 1219//1219 867//867 865//865
f 865//865 1220//1220 1219//1219
f 880//880 878//878 1202//1202
f 1202//1202 1052//1052 880//880
f 1056//1056 1053//1053 1216//1216
f 895//895 1238//1238 1221//1221
f 910//910 1222//1222 1370//1370
f 1222//1222 910//910 1060//1060
f 1058//1058 1214//1214 1059//1059
f 1222//1222 1060//1060 1061//1061
f 1236//1236 1054//1054 1457//1457
f 1228//1228 824//824 881//881
f 1228//1228 881//881 826//826
f 1235//1235 826//826 1055//1055
f 846//846 1218//1218 1235//1235
f 1053//1053 853//853 1229//1229
f 1234//1234 870//870 1233//1233
f 878//878 872//872 1234//1234
f 1209//1209 1054//1054 1236//1236
f 865//865 871//871 1220//1220
f 871//871 1216//1216 1220//1220
f 1349//1349 1457//1457 886//886
f 1237//1237 908//908 889//889
f 1237//1237 889//889 1238//1238
f 1351//1351 908//908 1237//1237
f 1351//1351 909//909 908//908
f 1223//1223 1215//1215 909//909
f 1340//1340 1217//1217 925//925
f 1226//1226 1038//1038 1074//1074
f 1062//1062 1073//1073 1222//1222
f 1443//1443 1415//1415 1405//1405
f 1059//1059 1064//1064 1058//1058
f 1239//1239 1242//1242 1067//1067
f 1245//1245 1253//1253 1045//1045
f 1371//1371 1241//1241 1068//1068
f 1196//1196 487//487 1069//1069
f 1069//1069 1243//1243 1196//1196
f 1070//1070 1309//1309 1243//1243
f 1240//1240 1243//1243 1309//1309
f 1191//1191 1066//1066 437//437
f 1239//1239 1066//1066 1191//1191
f 1244//1244 1301//1301 1253//1253
f 1045//1045 1225//1225 1245//1245
f 1073//1073 1072//1072 1242//1242
f 1074//1074 1065//1065 1369//1369
f 654//654 1206//1206 1224//1224
f 203//203 11//11 1254//1254
f 74//74 80//80 110//110
f 89//89 84//84 1255//1255
f 1256//1256 94//94 95//95
f 91//91 1256//1256 93//93
f 109//109 113//113 108//108
f 193//193 119//119 1288//1288
f 12//12 134//134 148//148
f 143//143 148//148 134//134
f 176//176 175//175 1258//1258
f 146//146 1258//1258 147//147
f 142//142 176//176 1258//1258
f 146//146 143//143 1258//1258
f 134//134 149//149 143//143
f 177//177 153//153 1259//1259
f 162//162 163//163 760//760
f 169//169 177//177 1259//1259
f 1259//1259 1260//1260 169//169
f 566//566 177//177 171//171
f 164//164 1261//1261 193//193
f 497//497 195//195 496//496
f 197//197 1281//1281 506//506
f 1173//1173 252//252 1262//1262
f 314//314 312//312 313//313
f 1329//1329 1265//1265 334//334
f 290//290 334//334 332//332
f 341//341 340//340 330//330
f 313//313 341//341 342//342
f 1265//1265 342//342 341//341
f 1265//1265 343//343 342//342
f 342//342 343//343 1362//1362
f 353//353 350//350 335//335
f 575//575 370//370 1454//1454
f 391//391 1267//1267 1266//1266
f 389//389 1267//1267 430//430
f 394//394 396//396 1268//1268
f 396//396 395//395 1269//1269
f 396//396 1269//1269 397//397
f 395//395 398//398 1269//1269
f 398//398 399//399 1269//1269
f 1382//1382 399//399 402//402
f 401//401 400//400 403//403
f 405//405 401//401 440//440
f 409//409 486//486 408//408
f 396//396 394//394 1270//1270
f 411//411 1270//1270 394//394
f 415//415 395//395 1270//1270
f 396//396 1270//1270 395//395
f 412//412 413//413 1270//1270
f 398//398 418//418 399//399
f 424//424 423//423 422//422
f 430//430 1267//1267 391//391
f 440//440 1272//1272 405//405
f 446//446 1380//1380 1382//1382
f 443//443 442//442 399//399
f 1380//1380 443//443 1382//1382
f 1380//1380 1266//1266 443//443
f 397//397 1268//1268 396//396
f 1267//1267 1379//1379 1273//1273
f 1266//1266 1273//1273 444//444
f 1268//1268 1274//1274 1394//1394
f 1268//1268 444//444 1274//1274
f 388//388 1273//1273 1379//1379
f 213//213 344//344 474//474
f 355//355 357//357 359//359
f 377//377 356//356 469//469
f 294//294 1263//1263 293//293
f 315//315 308//308 317//317
f 479//479 480//480 1275//1275
f 1276//1276 1277//1277 412//412
f 1276//1276 412//412 1278//1278
f 411//411 1278//1278 412//412
f 495//495 493//493 1276//1276
f 495//495 1276//1276 494//494
f 1270//1270 413//413 415//415
f 414//414 413//413 497//497
f 413//413 412//412 1277//1277
f 493//493 195//195 497//497
f 497//497 1277//1277 493//493
f 498//498 499//499 1279//1279
f 498//498 417//417 500//500
f 499//499 501//501 1279//1279
f 496//496 499//499 414//414
f 501//501 499//499 496//496
f 420//420 1280//1280 419//419
f 1280//1280 503//503 502//502
f 417//417 1280//1280 420//420
f 1451//1451 505//505 504//504
f 502//502 504//504 505//505
f 196//196 506//506 503//503
f 507//507 1281//1281 199//199
f 1281//1281 507//507 504//504
f 1282//1282 508//508 1283//1283
f 201//201 1283//1283 508//508
f 204//204 1285//1285 515//515
f 515//515 1395//1395 516//516
f 514//514 1395//1395 515//515
f 152//152 186//186 187//187
f 186//186 526//526 141//141
f 572//572 168//168 562//562
f 1264//1264 575//575 578//578
f 328//328 577//577 339//339
f 337//337 336//336 1378//1378
f 292//292 338//338 579//579
f 428//428 1271//1271 429//429
f 513//513 1283//1283 1284//1284
f 670//670 671//671 596//596
f 650//650 652//652 1287//1287
f 692//692 684//684 683//683
f 676//676 675//675 709//709
f 1289//1289 1389//1389 1288//1288
f 495//495 1289//1289 1288//1288
f 786//786 734//734 1290//1290
f 737//737 1420//1420 1388//1388
f 1388//1388 738//738 737//737
f 774//774 1259//1259 751//751
f 771//771 782//782 1291//1291
f 1076//1076 792//792 1292//1292
f 1292//1292 790//790 1076//1076
f 1003//1003 1084//1084 796//796
f 821//821 820//820 812//812
f 836//836 1293//1293 1230//1230
f 1391//1391 911//911 1143//1143
f 909//909 906//906 907//907
f 907//907 908//908 909//909
f 933//933 906//906 1294//1294
f 909//909 1215//1215 1294//1294
f 906//906 909//909 1294//1294
f 937//937 885//885 946//946
f 912//912 960//960 911//911
f 1315//1315 952//952 921//921
f 931//931 954//954 930//930
f 930//930 955//955 931//931
f 906//906 931//931 955//955
f 953//953 1295//1295 905//905
f 390//390 1296//1296 388//388
f 975//975 1296//1296 390//390
f 977//977 1023//1023 976//976
f 976//976 1023//1023 1025//1025
f 976//976 975//975 1015//1015
f 393//393 993//993 992//992
f 1305//1305 994//994 995//995
f 980//980 995//995 979//979
f 979//979 1297//1297 980//980
f 1299//1299 981//981 982//982
f 982//982 1021//1021 1299//1299
f 1021//1021 1298//1298 1299//1299
f 984//984 1299//1299 1298//1298
f 986//986 985//985 1300//1300
f 989//989 1301//1301 1068//1068
f 991//991 992//992 1302//1302
f 993//993 1302//1302 992//992
f 1303//1303 991//991 1302//1302
f 994//994 1305//1305 1303//1303
f 993//993 994//994 1302//1302
f 1303//1303 1302//1302 994//994
f 999//999 980//980 998//998
f 1011//1011 1309//1309 1012//1012
f 1013//1013 1309//1309 1011//1011
f 975//975 1014//1014 1015//1015
f 976//976 1015//1015 977//977
f 986//986 1306//1306 987//987
f 1018//1018 1044//1044 1306//1306
f 987//987 1306//1306 989//989
f 1017//1017 1300//1300 985//985
f 1300//1300 1018//1018 1306//1306
f 1018//1018 1300//1300 1017//1017
f 1018//1018 1017//1017 1019//1019
f 1021//1021 982//982 1020//1020
f 1022//1022 982//982 981//981
f 1022//1022 981//981 1297//1297
f 1297//1297 1024//1024 1025//1025
f 975//975 976//976 1307//1307
f 1307//1307 1024//1024 1026//1026
f 978//978 1026//1026 1024//1024
f 976//976 1025//1025 1307//1307
f 1394//1394 1026//1026 978//978
f 1030//1030 1040//1040 1019//1019
f 1058//1058 963//963 1036//1036
f 1240//1240 1309//1309 1013//1013
f 1241//1241 1240//1240 1013//1013
f 1075//1075 1289//1289 494//494
f 991//991 1303//1303 1310//1310
f 1310//1310 494//494 991//991
f 494//494 1278//1278 991//991
f 411//411 991//991 1278//1278
f 1077//1077 1078//1078 1311//1311
f 1304//1304 1311//1311 1305//1305
f 1076//1076 1078//1078 1077//1077
f 1078//1078 1310//1310 1311//1311
f 1303//1303 1311//1311 1310//1310
f 1078//1078 1075//1075 1310//1310
f 1082//1082 996//996 997//997
f 996//996 1312//1312 1077//1077
f 1079//1079 792//792 1312//1312
f 1004//1004 1002//1002 1313//1313
f 1000//1000 1004//1004 1314//1314
f 1314//1314 1313//1313 1081//1081
f 1083//1083 1081//1081 1313//1313
f 1081//1081 1082//1082 1314//1314
f 1005//1005 1085//1085 1003//1003
f 1003//1003 1088//1088 1084//1084
f 796//796 1002//1002 1003//1003
f 796//796 1083//1083 1002//1002
f 1090//1090 1091//1091 1089//1089
f 787//787 801//801 1099//1099
f 1094//1094 1395//1395 1100//1100
f 1100//1100 1089//1089 1094//1094
f 737//737 1106//1106 745//745
f 752//752 802//802 1101//1101
f 1460//1460 1117//1117 1137//1137
f 950//950 947//947 1421//1421
f 914//914 1458//1458 950//950
f 915//915 1315//1315 951//951
f 1138//1138 929//929 954//954
f 1138//1138 920//920 929//929
f 927//927 1140//1140 920//920
f 1140//1140 1141//1141 920//920
f 1141//1141 912//912 1142//1142
f 1142//1142 912//912 911//911
f 1143//1143 888//888 1391//1391
f 1309//1309 1070//1070 1012//1012
f 1166//1166 1146//1146 1316//1316
f 1146//1146 31//31 1316//1316
f 1150//1150 1158//1158 1317//1317
f 1164//1164 76//76 1152//1152
f 115//115 1157//1157 1317//1317
f 1246//1246 1317//1317 1157//1157
f 1357//1357 117//117 1150//1150
f 1149//1149 26//26 1320//1320
f 232//232 1360//1360 234//234
f 1160//1160 1322//1322 1182//1182
f 1462//1462 1175//1175 477//477
f 1408//1408 1336//1336 1424//1424
f 261//261 1326//1326 1167//1167
f 1153//1153 1170//1170 1327//1327
f 1327//1327 1181//1181 1153//1153
f 1184//1184 234//234 1326//1326
f 1170//1170 278//278 1321//1321
f 1173//1173 1180//1180 1328//1328
f 1322//1322 1173//1173 1328//1328
f 1262//1262 1407//1407 1180//1180
f 1180//1180 1173//1173 1262//1262
f 1363//1363 1161//1161 1397//1397
f 1325//1325 1362//1362 1330//1330
f 1463//1463 1190//1190 1195//1195
f 1248//1248 485//485 1335//1335
f 490//490 1335//1335 485//485
f 1335//1335 1437//1437 1248//1248
f 1464//1464 1426//1426 1195//1195
f 625//625 1203//1203 1337//1337
f 665//665 1201//1201 1341//1341
f 1217//1217 1340//1340 1338//1338
f 1401//1401 1400//1400 1341//1341
f 1210//1210 641//641 1343//1343
f 640//640 1343//1343 641//641
f 1400//1400 1210//1210 1343//1343
f 1234//1234 1233//1233 1347//1347
f 1073//1073 1242//1242 1414//1414
f 1055//1055 1293//1293 1235//1235
f 1427//1427 1234//1234 1347//1347
f 1209//1209 1236//1236 1202//1202
f 1235//1235 1218//1218 1402//1402
f 1348//1348 1216//1216 1053//1053
f 1349//1349 1217//1217 1339//1339
f 1236//1236 1461//1461 1202//1202
f 1461//1461 850//850 1202//1202
f 1403//1403 1368//1368 1415//1415
f 1414//1414 1416//1416 1432//1432
f 1222//1222 1073//1073 1345//1345
f 1145//1145 1147//1147 1316//1316
f 1147//1147 39//39 1316//1316
f 1359//1359 59//59 1155//1155
f 1155//1155 1156//1156 1359//1359
f 76//76 1163//1163 1358//1358
f 1359//1359 1154//1154 59//59
f 26//26 1356//1356 1320//1320
f 1317//1317 1246//1246 1152//1152
f 1246//1246 26//26 1149//1149
f 1165//1165 1356//1356 1148//1148
f 118//118 1357//1357 73//73
f 1355//1355 1318//1318 1358//1358
f 1357//1357 1355//1355 1159//1159
f 118//118 117//117 1357//1357
f 1156//1156 1159//1159 1358//1358
f 1163//1163 1162//1162 1359//1359
f 1359//1359 1358//1358 1163//1163
f 1355//1355 1150//1150 1317//1317
f 1358//1358 1318//1318 76//76
f 22//22 1148//1148 1356//1356
f 1356//1356 1151//1151 1144//1144
f 1151//1151 1356//1356 26//26
f 1318//1318 1317//1317 1152//1152
f 228//228 1360//1360 232//232
f 249//249 1180//1180 1407//1407
f 238//238 239//239 1407//1407
f 1321//1321 1169//1169 1327//1327
f 1433//1433 1322//1322 1160//1160
f 1171//1171 1433//1433 1187//1187
f 1197//1197 1361//1361 1198//1198
f 1360//1360 1179//1179 1167//1167
f 1183//1183 234//234 1184//1184
f 1360//1360 1167//1167 1326//1326
f 1326//1326 234//234 1360//1360
f 1172//1172 1185//1185 1181//1181
f 1184//1184 1182//1182 1328//1328
f 1322//1322 1328//1328 1182//1182
f 343//343 1435//1435 1330//1330
f 1434//1434 1186//1186 1465//1465
f 1319//1319 1434//1434 1363//1363
f 1329//1329 1363//1363 1435//1435
f 1364//1364 1361//1361 1399//1399
f 1324//1324 1364//1364 1408//1408
f 1193//1193 1196//1196 1411//1411
f 1411//1411 1335//1335 1193//1193
f 1438//1438 1334//1334 1410//1410
f 1332//1332 1247//1247 1333//1333
f 1248//1248 1437//1437 1439//1439
f 1334//1334 1425//1425 1426//1426
f 1399//1399 1410//1410 1334//1334
f 1361//1361 1197//1197 1178//1178
f 1337//1337 1200//1200 1174//1174
f 1174//1174 625//625 1337//1337
f 631//631 1337//1337 1203//1203
f 1365//1365 1206//1206 1208//1208
f 659//659 1365//1365 1366//1366
f 1204//1204 610//610 1440//1440
f 608//608 1440//1440 610//610
f 1252//1252 674//674 1401//1401
f 1440//1440 1201//1201 1249//1249
f 1365//1365 1208//1208 1366//1366
f 1344//1344 1366//1366 1211//1211
f 1211//1211 665//665 1344//1344
f 1366//1366 1208//1208 1211//1211
f 1250//1250 1366//1366 1344//1344
f 1400//1400 1344//1344 665//665
f 1055//1055 837//837 1413//1413
f 653//653 1365//1365 659//659
f 1367//1367 851//851 1212//1212
f 824//824 1228//1228 1229//1229
f 851//851 1227//1227 1212//1212
f 1428//1428 1402//1402 1218//1218
f 1229//1229 1367//1367 824//824
f 1231//1231 851//851 1367//1367
f 1228//1228 1346//1346 1229//1229
f 861//861 1219//1219 1347//1347
f 1053//1053 1229//1229 1346//1346
f 1346//1346 1348//1348 1053//1053
f 1427//1427 1347//1347 1216//1216
f 1339//1339 1461//1461 1349//1349
f 1347//1347 1220//1220 1216//1216
f 1340//1340 1350//1350 1338//1338
f 1442//1442 1339//1339 1338//1338
f 1214//1214 850//850 1461//1461
f 1442//1442 1430//1430 1059//1059
f 1419//1419 1444//1444 1225//1225
f 1443//1443 1059//1059 1430//1430
f 1409//1409 1444//1444 1354//1354
f 1244//1244 1253//1253 1353//1353
f 1226//1226 1369//1369 1404//1404
f 1404//1404 1369//1369 1405//1405
f 54//54 1320//1320 1165//1165
f 1161//1161 334//334 290//290
f 293//293 1331//1331 294//294
f 1323//1323 1161//1161 290//290
f 1247//1247 439//439 486//486
f 603//603 1342//1342 1205//1205
f 910//910 1370//1370 1221//1221
f 826//826 1235//1235 1402//1402
f 1217//1217 886//886 924//924
f 1223//1223 909//909 1351//1351
f 925//925 1215//1215 1340//1340
f 1244//1244 1371//1371 1068//1068
f 1074//1074 1369//1369 1226//1226
f 521//521 1447//1447 7//7
f 1447//1447 100//100 91//91
f 1162//1162 1446//1446 60//60
f 1288//1288 1372//1372 495//495
f 495//495 1372//1372 493//493
f 147//147 135//135 146//146
f 147//147 733//733 135//135
f 184//184 174//174 170//170
f 174//174 1450//1450 1373//1373
f 235//235 1374//1374 231//231
f 1374//1374 235//235 261//261
f 261//261 257//257 1374//1374
f 299//299 297//297 298//298
f 304//304 1375//1375 303//303
f 325//325 1377//1377 326//326
f 326//326 1377//1377 577//577
f 318//318 362//362 319//319
f 335//335 350//350 1378//1378
f 305//305 1454//1454 1375//1375
f 370//370 1375//1375 1454//1454
f 325//325 310//310 324//324
f 390//390 1379//1379 434//434
f 1380//1380 445//445 391//391
f 407//407 1272//1272 440//440
f 409//409 408//408 1381//1381
f 463//463 381//381 447//447
f 482//482 491//491 455//455
f 492//492 1199//1199 472//472
f 490//490 1271//1271 1193//1193
f 489//489 1193//1193 1271//1271
f 1098//1098 514//514 1383//1383
f 1098//1098 1383//1383 191//191
f 571//571 1453//1453 168//168
f 184//184 185//185 174//174
f 569//569 1384//1384 545//545
f 571//571 167//167 1453//1453
f 578//578 289//289 288//288
f 371//371 1376//1376 295//295
f 584//584 689//689 1385//1385
f 1108//1108 1387//1387 588//588
f 651//651 636//636 618//618
f 632//632 624//624 602//602
f 686//686 679//679 1386//1386
f 689//689 688//688 1385//1385
f 699//699 703//703 708//708
f 723//723 584//584 1385//1385
f 1385//1385 1387//1387 723//723
f 175//175 1388//1388 147//147
f 1291//1291 768//768 770//770
f 777//777 782//782 781//781
f 193//193 1389//1389 763//763
f 1084//1084 1456//1456 795//795
f 1227//1227 1390//1390 825//825
f 1221//1221 1238//1238 894//894
f 1295//1295 1391//1391 888//888
f 971//971 962//962 969//969
f 1047//1047 960//960 938//938
f 987//987 990//990 988//988
f 1007//1007 1000//1000 1008//1008
f 1007//1007 1004//1004 1000//1000
f 1027//1027 1016//1016 1393//1393
f 1274//1274 1026//1026 1394//1394
f 941//941 1048//1048 1072//1072
f 1395//1395 1094//1094 509//509
f 1108//1108 723//723 1387//1387
f 1396//1396 749//749 748//748
f 807//807 1396//1396 1126//1126
f 807//807 1110//1110 1396//1396
f 739//739 1112//1112 742//742
f 1112//1112 771//771 1111//1111
f 1139//1139 1421//1421 913//913
f 915//915 951//951 1139//1139
f 1319//1319 1397//1397 1187//1187
f 475//475 1322//1322 1433//1433
f 1334//1334 1336//1336 1399//1399
f 1350//1350 1403//1403 1415//1415
f 1415//1415 1406//1406 1404//1404
f 1244//1244 1353//1353 1412//1412
f 1412//1412 1371//1371 1244//1244
f 1364//1364 1399//1399 1408//1408
f 1398//1398 1198//1198 1361//1361
f 1361//1361 1364//1364 1466//1466
f 316//316 1462//1462 1422//1422
f 1425//1425 1409//1409 1432//1432
f 1192//1192 1247//1247 1332//1332
f 1192//1192 1438//1438 1189//1189
f 1335//1335 1411//1411 1437//1437
f 1412//1412 1333//1333 1439//1439
f 1293//1293 1413//1413 1230//1230
f 1354//1354 1345//1345 1414//1414
f 1406//1406 1368//1368 1429//1429
f 1352//1352 1429//1429 1441//1441
f 1253//1253 1418//1418 1353//1353
f 1239//1239 1191//1191 1416//1416
f 1436//1436 1241//1241 1371//1371
f 1417//1417 1240//1240 1241//1241
f 1241//1241 1436//1436 1417//1417
f 1444//1444 1409//1409 1418//1418
f 1225//1225 1470//1470 1419//1419
f 1405//1405 1065//1065 1064//1064
f 1064//1064 1443//1443 1405//1405
f 1268//1268 1394//1394 393//393
f 1099//1099 1395//1395 514//514
f 149//149 186//186 141//141
f 335//335 1378//1378 336//336
f 1388//1388 1420//1420 147//147
f 393//393 1394//1394 978//978
f 950//950 1421//1421 914//914
f 1421//1421 1139//1139 914//914
f 951//951 1458//1458 914//914
f 1321//1321 1182//1182 1169//1169
f 1169//1169 1172//1172 1327//1327
f 484//484 1176//1176 1423//1423
f 1423//1423 1408//1408 484//484
f 1324//1324 1325//1325 1364//1364
f 1408//1408 1423//1423 1324//1324
f 1464//1464 1194//1194 1177//1177
f 1408//1408 1424//1424 484//484
f 1177//1177 484//484 1424//1424
f 1188//1188 1186//1186 1434//1434
f 1362//1362 1324//1324 1331//1331
f 1399//1399 1336//1336 1408//1408
f 1422//1422 1462//1462 294//294
f 1438//1438 1418//1418 1409//1409
f 1332//1332 1333//1333 1353//1353
f 1409//1409 1425//1425 1438//1438
f 1336//1336 1334//1334 1426//1426
f 1426//1426 1424//1424 1336//1336
f 1249//1249 1207//1207 1440//1440
f 1400//1400 665//665 1341//1341
f 1400//1400 1401//1401 1342//1342
f 1205//1205 1342//1342 1401//1401
f 1401//1401 1341//1341 1252//1252
f 1216//1216 1348//1348 1427//1427
f 878//878 1348//1348 1202//1202
f 1225//1225 1226//1226 1470//1470
f 1073//1073 1414//1414 1345//1345
f 1218//1218 1209//1209 1428//1428
f 1348//1348 1209//1209 1202//1202
f 1236//1236 1349//1349 1461//1461
f 1351//1351 1237//1237 1441//1441
f 1429//1429 1368//1368 1223//1223
f 1443//1443 1430//1430 1350//1350
f 1223//1223 1351//1351 1429//1429
f 1368//1368 1403//1403 1223//1223
f 895//895 1221//1221 1370//1370
f 1370//1370 1441//1441 1431//1431
f 1416//1416 1191//1191 1463//1463
f 1418//1418 1253//1253 1245//1245
f 1414//1414 1239//1239 1416//1416
f 1239//1239 1414//1414 1242//1242
f 1467//1467 1345//1345 1419//1419
f 1152//1152 76//76 1318//1318
f 238//238 1407//1407 246//246
f 1321//1321 1327//1327 1170//1170
f 1321//1321 1160//1160 1182//1182
f 1187//1187 1433//1433 1160//1160
f 1171//1171 475//475 1433//1433
f 1397//1397 1171//1171 1187//1187
f 1331//1331 1423//1423 294//294
f 1435//1435 1363//1363 1434//1434
f 1362//1362 343//343 1330//1330
f 1434//1434 1468//1468 1435//1435
f 1468//1468 1466//1466 1330//1330
f 1434//1434 1319//1319 1188//1188
f 1329//1329 1435//1435 343//343
f 1423//1423 1176//1176 1422//1422
f 1465//1465 1199//1199 1398//1398
f 1466//1466 1398//1398 1361//1361
f 1436//1436 1437//1437 1411//1411
f 1411//1411 1196//1196 1469//1469
f 1412//1412 1437//1437 1436//1436
f 1332//1332 1438//1438 1192//1192
f 486//486 1439//1439 1247//1247
f 1333//1333 1247//1247 1439//1439
f 1334//1334 1438//1438 1425//1425
f 1178//1178 1189//1189 1410//1410
f 1410//1410 1399//1399 1178//1178
f 1361//1361 1178//1178 1399//1399
f 1251//1251 1252//1252 1341//1341
f 1207//1207 1204//1204 1440//1440
f 1251//1251 1341//1341 1201//1201
f 1201//1201 1440//1440 1251//1251
f 1055//1055 1413//1413 1293//1293
f 837//837 1213//1213 1413//1413
f 1346//1346 1402//1402 1428//1428
f 1231//1231 1367//1367 1229//1229
f 1234//1234 1427//1427 878//878
f 1348//1348 878//878 1427//1427
f 1237//1237 1238//1238 1431//1431
f 1441//1441 1429//1429 1351//1351
f 1215//1215 1223//1223 1403//1403
f 1059//1059 1214//1214 1442//1442
f 1339//1339 1442//1442 1214//1214
f 1338//1338 1350//1350 1430//1430
f 1430//1430 1442//1442 1338//1338
f 1245//1245 1225//1225 1444//1444
f 1419//1419 1354//1354 1444//1444
f 1238//1238 895//895 1431//1431
f 1350//1350 1415//1415 1443//1443
f 1431//1431 1441//1441 1237//1237
f 1467//1467 1406//1406 1429//1429
f 1429//1429 1352//1352 1467//1467
f 1417//1417 1436//1436 1469//1469
f 1412//1412 1353//1353 1333//1333
f 1444//1444 1418//1418 1245//1245
f 1414//1414 1432//1432 1354//1354
f 1409//1409 1354//1354 1432//1432
f 1369//1369 1065//1065 1405//1405
f 1404//1404 1470//1470 1226//1226
f 1406//1406 1467//1467 1470//1470
f 1352//1352 1441//1441 1370//1370
f 895//895 1370//1370 1431//1431
f 1345//1345 1467//1467 1352//1352
f 1352//1352 1222//1222 1345//1345
f 826//826 1402//1402 1228//1228
f 1217//1217 1349//1349 886//886
f 1064//1064 1059//1059 1443//1443
f 12//12 11//11 1445//1445
f 21//21 13//13 18//18
f 81//81 23//23 112//112
f 60//60 1446//1446 1154//1154
f 59//59 1446//1446 61//61
f 91//91 7//7 1447//1447
f 101//101 1448//1448 84//84
f 114//114 1256//1256 95//95
f 111//111 1449//1449 105//105
f 101//101 105//105 1449//1449
f 101//101 1449//1449 106//106
f 4//4 128//128 127//127
f 4//4 197//197 128//128
f 144//144 145//145 1450//1450
f 146//146 136//136 148//148
f 140//140 170//170 172//172
f 290//290 229//229 1171//1171
f 290//290 306//306 229//229
f 324//324 309//309 323//323
f 299//299 298//298 372//372
f 1381//1381 426//426 410//410
f 427//427 410//410 426//426
f 145//145 567//567 1450//1450
f 144//144 1450//1450 185//185
f 129//129 207//207 205//205
f 558//558 1453//1453 531//531
f 167//167 160//160 531//531
f 531//531 1453//1453 167//167
f 551//551 173//173 208//208
f 555//555 207//207 129//129
f 370//370 1264//1264 367//367
f 575//575 1454//1454 289//289
f 289//289 1454//1454 1286//1286
f 673//673 603//603 1455//1455
f 636//636 651//651 619//619
f 671//671 678//678 703//703
f 584//584 723//723 721//721
f 769//769 1260//1260 768//768
f 789//789 1389//1389 716//716
f 797//797 1456//1456 1084//1084
f 886//886 1457//1457 897//897
f 896//896 949//949 812//812
f 897//897 816//816 815//815
f 940//940 1459//1459 935//935
f 884//884 935//935 1459//1459
f 1001//1001 1314//1314 1082//1082
f 794//794 1080//1080 1081//1081
f 1079//1079 1080//1080 794//794
f 1132//1132 805//805 1118//1118
f 1118//1118 1460//1460 1132//1132
f 723//723 754//754 720//720
f 1140//1140 1459//1459 934//934
f 904//904 902//902 957//957
f 1339//1339 1214//1214 1461//1461
f 1173//1173 1322//1322 475//475
f 260//260 1188//1188 1187//1187
f 10//10 203//203 1254//1254
f 472//472 465//465 458//458
f 575//575 1264//1264 370//370
f 329//329 289//289 1286//1286
f 294//294 1462//1462 477//477
f 1324//1324 1362//1362 1325//1325
f 1463//1463 1195//1195 1426//1426
f 1426//1426 1425//1425 1463//1463
f 1424//1424 1426//1426 1464//1464
f 1343//1343 1344//1344 1400//1400
f 1400//1400 1342//1342 1210//1210
f 1162//1162 1154//1154 1359//1359
f 1355//1355 1317//1317 1318//1318
f 1434//1434 1465//1465 1468//1468
f 1398//1398 1468//1468 1465//1465
f 1367//1367 1212//1212 824//824
f 1403//1403 1340//1340 1215//1215
f 1419//1419 1470//1470 1467//1467
f 663//663 659//659 1250//1250
f 1349//1349 1236//1236 1457//1457
f 1447//1447 11//11 100//100
f 1163//1163 1446//1446 1162//1162
f 959//959 960//960 1047//1047
f 1102//1102 802//802 1121//1121
f 755//755 754//754 723//723
f 1121//1121 802//802 752//752
f 1422//1422 1176//1176 316//316
f 301//301 1175//1175 1462//1462
f 1462//1462 316//316 301//301
f 1191//1191 1190//1190 1463//1463
f 1350//1350 1340//1340 1403//1403
f 29//29 30//30 27//27
f 1040//1040 967//967 968//968
f 1116//1116 1133//1133 1117//1117
f 1464//1464 1177//1177 1424//1424
f 1195//1195 1194//1194 1464//1464
f 1422//1422 294//294 1423//1423
f 1332//1332 1353//1353 1418//1418
f 1418//1418 1438//1438 1332//1332
f 1416//1416 1463//1463 1432//1432
f 1425//1425 1432//1432 1463//1463
f 1161//1161 1323//1323 1397//1397
f 1324//1324 1423//1423 1331//1331
f 1330//1330 1435//1435 1468//1468
f 1325//1325 1330//1330 1466//1466
f 1187//1187 1188//1188 1319//1319
f 1186//1186 1199//1199 1465//1465
f 1364//1364 1325//1325 1466//1466
f 1411//1411 1469//1469 1436//1436
f 1248//1248 1439//1439 486//486
f 1196//1196 1243//1243 1469//1469
f 1240//1240 1469//1469 1243//1243
f 1406//1406 1470//1470 1404//1404
# 2936 faces, 0 coords texture

# End of File
