####
#
# OBJ File Generated by Meshlab
#
####
# Object 59333.obj
#
# Vertices: 2340
# Faces: 4676
#
####
vn -2.683361 -3.842023 3.307186
v -3.300953 -2.033392 3.718633
vn -2.007949 -3.893846 3.262119
v -4.653077 -2.487195 3.194271
vn -3.445428 -3.941579 2.104801
v -3.896507 -2.957768 2.423104
vn -3.741364 -2.092703 -1.033490
v -3.905927 -4.351155 1.069597
vn -3.668652 -2.721484 1.968183
v -3.728328 -4.283530 2.084494
vn -1.019966 -4.238104 -1.301991
v -3.292169 -4.767003 1.000546
vn -1.220319 -4.585237 2.779403
v -3.324160 -4.468719 2.148057
vn -3.174909 -3.510417 3.872058
v -2.913225 -2.832890 3.616434
vn -0.508372 -4.786234 3.585497
v -1.494140 -2.124816 5.404493
vn -2.410068 -4.289821 3.673164
v -2.286485 -1.985551 5.211996
vn -4.603347 -3.108605 2.769922
v -2.432904 0.710908 7.580676
vn 4.466384 -0.738835 -2.062615
v 3.326837 -4.729248 1.168169
vn 5.718553 -0.576966 -1.126699
v 3.661179 -1.477340 1.715571
vn 4.388534 -2.514149 1.205386
v 3.290556 -4.900136 1.584482
vn 6.019919 -0.612815 -0.648056
v 3.291811 -3.252379 2.012918
vn 2.320933 -5.043817 -2.347291
v 4.271923 0.092532 1.918866
vn 3.544941 -2.611281 2.691245
v 3.102747 -4.419367 2.486687
vn 1.363538 -5.943501 0.598004
v 4.336568 0.054454 3.020498
vn 2.613410 -4.788447 0.857768
v 3.794507 0.316634 4.637926
vn 2.501745 -4.667277 -1.634702
v 3.900457 0.277113 6.175108
vn 3.144550 -1.599102 -3.600416
v 4.460754 -0.165564 7.286734
vn 2.938111 -2.693483 -3.032634
v 4.269126 0.013300 6.968837
vn 5.181561 -2.854820 1.945305
v 3.457748 -0.429761 4.219053
vn 2.641277 -2.937258 4.028450
v 2.531277 -2.250737 4.366145
vn 3.670417 -2.890208 -1.913874
v 3.062803 -0.273638 5.559861
vn 1.820925 -0.471859 -5.302078
v 3.228551 -1.724205 5.597996
vn -1.750307 -3.487701 -0.781146
v 1.489126 -1.120221 6.093360
vn 1.323982 -2.773372 -1.204578
v 2.218675 -0.810561 5.541168
vn -1.365727 -5.035144 3.244446
v -1.019875 -0.929610 6.840036
vn 0.715642 -5.115602 3.424853
v 0.707701 -2.244803 4.460676
vn -0.240489 -4.078616 3.225826
v -1.653228 -3.048341 3.033501
vn -0.055987 -4.850618 3.729331
v -2.477643 -3.052435 3.545871
vn -0.604977 -4.668502 3.604338
v -0.820921 -3.313848 3.461729
vn -0.410663 -5.070977 3.366318
v -1.988653 -4.423723 2.060350
vn -1.130594 -5.689391 -0.078769
v -2.151383 -4.613974 1.367347
vn -0.779923 -2.389054 -5.179085
v -1.952295 -4.204526 0.749311
vn -2.013991 -3.931081 0.078005
v -1.337056 -5.415160 0.940634
vn -2.166039 -1.483205 -4.324678
v -1.176815 -5.053481 0.312721
vn 0.342462 -2.844739 -2.399175
v -0.748812 -5.415290 0.357255
vn 0.131748 0.002473 -5.940399
v -0.549765 -3.958971 0.279182
vn -0.479316 -4.217626 2.647765
v 0.749491 -2.561559 3.494404
vn -0.448294 -3.204256 4.595126
v 0.631319 -3.511363 2.699650
vn 0.043216 -4.089325 3.981600
v -0.302019 -4.779490 2.299257
vn -0.760708 -4.542977 3.784708
v 0.780107 -4.765201 1.915840
vn -1.747053 -4.080238 4.322240
v 1.567332 -3.086933 3.603764
vn -0.029525 -4.044020 4.776931
v 2.080631 -3.036389 3.747061
vn -1.209635 -3.474417 4.420264
v 1.618139 -4.370325 2.880445
vn -2.028762 -4.683676 1.951274
v 1.385351 -5.386757 1.623128
vn 1.210670 -3.913050 4.391828
v 2.479965 -4.462788 2.734851
vn 1.791770 -5.385655 -2.232192
v 0.432861 -4.978254 1.092467
vn 1.132319 -5.466885 1.914896
v 0.222857 -5.079164 1.709929
vn -1.901401 -5.242450 -1.564939
v 0.879842 -5.004932 1.232395
vn 1.752266 -2.436956 -5.226393
v 0.538278 -4.613128 0.738795
vn 0.144726 -0.793368 -5.937334
v 0.780758 -3.841449 0.724016
vn -0.409228 -5.272918 1.763184
v 2.094197 -5.710912 1.217159
vn -2.879419 -3.733610 -2.581129
v 1.609486 -5.482225 0.793700
vn -1.497583 -1.810460 -5.600727
v 0.998911 -4.537036 0.744596
vn -0.108315 -3.527553 -1.631302
v 2.155481 -5.803563 0.722834
vn 0.916714 -0.910100 -4.319297
v 2.259326 -4.990652 0.248338
vn 2.473402 -4.559828 1.823376
v 2.725752 -5.542800 1.306334
vn 3.125520 -3.043567 -1.552786
v 2.804567 -5.543422 0.934546
vn 1.584474 -0.416059 -5.167689
v 2.241620 -3.290717 0.275643
vn -1.585278 -3.875517 -4.510816
v 3.293538 -5.588542 11.804970
vn 0.236111 -5.571161 1.289973
v 4.075930 -6.886539 14.516603
vn -2.074379 -5.479506 0.346893
v -2.085105 -5.627024 15.893196
vn -1.309386 -5.475695 -2.103591
v 2.703103 -6.593931 13.375597
vn -4.964366 -2.013299 -0.702492
v -1.407654 -3.041285 10.067649
vn -4.389132 -2.815257 -0.891005
v -0.977478 -3.853475 9.976105
vn -3.495302 -3.142560 -2.031064
v -1.053560 -2.773636 11.516067
vn -2.512091 -4.336425 1.696289
v -0.272646 -4.555279 10.313852
vn -5.209104 -1.374269 -2.398040
v -0.408115 -3.155908 9.034320
vn -5.122140 -3.274835 -1.205794
v -0.162717 -4.473364 9.398738
vn -4.938642 -1.303442 -2.093973
v -0.329281 -3.619847 7.712671
vn -1.967759 -1.421728 -5.173318
v 0.072449 -2.929343 7.084172
vn -4.464817 -1.434552 -2.818886
v -0.488168 -1.143782 8.502118
vn -3.048512 -3.772503 -0.810422
v -0.262853 -0.894280 7.263928
vn -3.102690 -0.099305 -3.661388
v -0.161987 -1.849744 6.975868
vn -1.667931 -2.352164 -1.843047
v 1.173169 -0.993614 6.815846
vn -1.570656 -4.023794 -0.986934
v 0.887446 -3.840306 11.567448
vn -1.974285 -5.126882 0.164389
v 0.249163 -4.942120 9.093648
vn -4.760589 -3.087383 -1.513555
v -0.056303 -4.532465 8.237299
vn -2.644611 -2.511813 -4.521624
v 0.083335 -3.981857 7.511084
vn -1.512201 -3.891818 -1.938499
v 0.392237 -4.949693 7.995216
vn -1.439713 -2.876170 -4.751611
v 0.511055 -4.470839 7.580767
vn -0.629073 -4.055240 -4.440966
v 1.381520 -4.475258 7.603314
vn -0.236110 -5.821611 1.715160
v 1.283957 -4.776589 10.182701
vn 0.602821 -6.005284 -0.987375
v 1.898751 -4.794347 8.179404
vn -2.998066 -1.704166 -4.241469
v 1.327055 -3.282917 7.166377
vn -3.709802 -0.973201 -3.765738
v 1.637214 -2.923218 6.028289
vn -1.347436 -2.270147 -3.957033
v 2.125762 -3.726246 5.933860
vn -3.040177 -4.228015 -3.005293
v 1.695869 -4.440789 7.379889
vn 0.179822 -4.090898 -2.476733
v 2.522712 -4.551172 6.641634
vn 2.828733 -1.955419 -4.431341
v 3.745876 -3.190680 6.124625
vn 2.988590 -4.213587 -2.038929
v 3.886573 -4.062970 7.019268
vn 4.559425 0.537383 -4.200561
v 4.051111 -1.208800 6.379003
vn 4.629618 -1.556268 -3.482758
v 4.483675 -3.058339 6.887304
vn 4.319305 -3.140998 -2.579947
v 5.103567 -3.226620 8.081586
vn 2.363550 -5.742359 -0.785996
v 3.306690 -4.376433 8.287398
vn -0.648528 -4.736129 -2.194877
v 3.028156 -4.513673 11.248614
vn 1.306832 -5.941283 -0.038349
v 3.183632 -4.717474 9.895124
vn 0.105632 -4.109621 -3.041507
v 4.132138 -4.382849 10.999970
vn -2.421304 -1.267722 -5.417753
v 6.516616 -4.091273 10.306276
vn -3.210956 -5.285729 -0.875896
v -5.379433 -3.458070 15.181418
vn -3.153321 -4.850088 -1.351575
v -6.938377 -2.656432 14.690378
vn -3.467091 -4.880848 1.070493
v -7.316400 -2.360784 16.294189
vn -2.596418 -1.922597 -4.866791
v -5.636384 -1.321733 12.166970
vn -2.279615 0.779165 -5.668391
v -4.623362 0.104655 11.645746
vn -1.257450 -0.983527 -5.624348
v -3.850085 -0.782553 11.329884
vn -2.599048 -1.845646 -5.022950
v -2.358814 -0.388001 11.194412
vn -4.838599 -2.586057 -2.877455
v -2.250492 0.234239 10.631138
vn -4.653010 -4.061723 0.169704
v -1.640796 0.126875 8.570773
vn -4.468213 -2.644278 -1.901100
v -1.404422 -0.213769 9.235835
vn -3.687087 -0.439062 -4.087260
v -1.406958 -1.339719 8.935187
vn -4.781014 -1.631412 -1.449486
v -1.547920 -0.450935 10.448408
vn -1.504230 -2.571989 -5.492178
v -2.634485 -2.356928 11.828061
vn -5.364186 -0.193146 -1.056058
v -1.799231 -1.332652 9.611820
vn -3.627401 -2.043727 -3.313442
v -1.529468 -1.936687 11.409716
vn -2.029869 -3.728501 -4.507815
v -3.835505 -2.751422 12.451007
vn -2.768938 -4.865732 -2.642738
v -3.871941 -4.030018 14.040457
vn -3.499083 -4.937962 0.078873
v -4.444688 -4.318497 16.102384
vn 1.943953 -4.597146 3.720418
v 12.972328 -0.784372 5.046962
vn 4.711196 -1.294469 3.188979
v 14.265782 -1.456129 3.724065
vn 4.626875 -3.565477 -0.388444
v 11.337161 0.279360 8.539949
vn 4.270918 -3.334149 2.903421
v 12.471874 0.483041 6.885065
vn 2.040286 -4.967903 3.102918
v 11.519064 -0.372158 6.529107
vn 3.337881 -2.792819 4.326835
v 12.600184 -2.678463 3.482643
vn 0.056233 -3.629535 4.279739
v 12.380767 -3.550813 3.053283
vn 1.593345 -5.008142 2.755893
v 11.723304 -4.549625 1.725614
vn 1.955589 -4.270439 1.088337
v 13.229345 -4.668310 1.479196
vn 2.931069 -3.063083 3.116291
v 13.253410 -4.104256 2.221890
vn 0.435191 -3.785303 -2.515451
v 12.762273 -4.665256 0.681910
vn 4.012746 -1.945988 -1.068060
v 13.605140 -4.315894 1.097888
vn 3.736567 -3.666565 2.037375
v 13.618184 -2.956414 2.176198
vn 1.715942 -3.706636 3.609192
v 12.969559 -1.872781 3.517661
vn 3.052038 -4.750983 -1.284075
v 16.444102 -2.708822 14.172732
vn 3.143704 -3.645780 -3.530555
v 15.519798 -2.537156 12.866572
vn 5.177267 -0.757689 -2.312763
v 14.335385 -2.813637 12.077794
vn 4.978115 -2.938667 -1.424314
v 14.419002 -3.144263 12.474271
vn 3.333297 -5.204018 0.287865
v 14.245299 -3.648250 14.048374
vn 1.945228 -5.858135 1.096793
v 15.413304 -2.956075 15.489545
vn 5.385150 -2.497931 1.203854
v 13.936883 -3.983626 13.345031
vn 5.500170 -2.109469 -0.492743
v 14.247123 -4.169732 11.832502
vn 4.737698 -0.815990 -3.855166
v 11.294290 -0.485716 9.002971
vn 2.816109 1.267842 -3.844949
v 13.801564 -2.554331 9.879140
vn 3.701742 1.267042 -4.843943
v 11.849738 -1.379633 9.445580
vn 2.670051 -3.494146 -4.157136
v 10.080300 -0.709383 7.894516
vn 4.078665 0.767369 -1.676085
v 14.462699 -2.751617 10.544924
vn 4.888438 2.444891 -2.625769
v 13.878196 -1.952087 11.133022
vn 3.633034 2.656527 -4.331982
v 12.746429 -1.545196 10.097108
vn 3.824384 -0.181647 -4.789162
v 14.132986 -1.505133 11.570134
vn 4.558544 -0.594983 -3.084447
v 11.959390 0.692474 10.313271
vn 3.761822 1.138426 -4.736466
v 12.754837 -0.379762 10.750843
vn 2.806335 -0.528676 -5.298393
v 15.394605 -0.727731 11.980924
vn 0.668357 -4.704680 3.892443
v 8.235628 -5.484014 15.037116
vn 1.058316 -5.850999 1.836559
v 8.752189 -6.135010 13.537587
vn 0.557564 -5.944620 0.672998
v 5.377288 -6.847050 13.713385
vn 1.422259 -4.919982 3.432907
v 6.291460 -6.201522 14.703518
vn -0.939402 -4.270348 -3.064563
v 9.086622 -5.857340 9.238281
vn -0.025501 -6.095211 -0.728422
v 9.019713 -6.335384 11.384034
vn -1.998685 -2.014095 -5.261515
v 8.974338 -5.463423 9.027506
vn 0.927811 -6.079604 -0.190068
v 7.743967 -6.564172 12.263834
vn -2.868914 -1.038180 -5.249590
v 8.583298 -4.863203 9.139294
vn -1.907403 -2.165581 -3.557664
v 8.632970 -4.525830 8.782498
vn -3.470791 -0.078229 -4.730511
v 8.045270 -3.996048 9.670481
vn -2.359468 -2.161788 -4.287624
v 7.807507 -5.287728 9.547005
vn -2.765294 -1.203508 -4.959097
v 6.804879 -5.052732 10.035049
vn 1.338725 -5.808983 1.708324
v 7.221512 -6.495471 13.551578
vn 0.437147 -6.046062 -0.588588
v 6.414193 -6.770064 12.592669
vn -0.749487 -5.086812 -2.974176
v 6.608774 -6.401973 11.338574
vn -1.901122 -3.052047 -4.890985
v 5.388302 -5.563067 11.022850
vn 0.004470 -3.250402 -3.889098
v 5.782741 -3.755267 10.494935
vn -1.812449 -3.236903 -5.014946
v 6.440732 -3.237026 9.793756
vn 1.392610 -3.299112 -4.669613
v 6.467640 -2.409708 9.217440
vn 1.915943 -2.251664 -4.596258
v 5.911567 -1.313285 8.541868
vn 4.752829 -0.020402 -4.033933
v 5.316549 -1.349077 7.855790
vn 1.546642 -2.907510 -4.159001
v 4.973933 -0.245220 7.602888
vn -3.315423 -1.019829 -3.952238
v 8.328039 -3.288910 9.411329
vn -0.808764 -4.537228 -3.980409
v 6.649729 -0.688929 7.991201
vn -0.438521 -5.239917 -3.228858
v 8.253704 -0.642004 7.404993
vn 1.724013 -5.702206 0.343601
v 10.347105 -0.330672 7.405363
vn -1.162129 -3.776150 -4.792526
v 8.556162 -1.226772 7.958946
vn 0.863599 -2.193999 -5.787538
v 9.433694 -1.498366 8.070136
vn -2.637474 -1.610048 -5.386392
v 9.035813 -2.740626 8.460120
vn -4.361511 0.461214 -3.897238
v 8.506642 -3.633293 8.863516
vn 2.542826 -0.796670 -5.633711
v 10.306128 -2.056453 8.495675
vn -0.476550 -0.624474 -5.940259
v 9.421403 -2.942610 8.342365
vn 1.682624 0.010317 -6.006196
v 10.755944 -3.016579 8.736129
vn 2.276048 1.549593 -5.603641
v 11.541228 -2.532565 9.015319
vn 1.619558 0.220806 -5.144817
v 11.908213 -3.323414 8.768587
vn 2.972037 0.865895 -5.336548
v 12.865900 -2.886318 9.558507
vn 3.522715 -2.283301 -4.391970
v 13.491680 -3.557915 10.021742
vn 2.938387 -1.781598 -3.898888
v 12.657866 -4.204054 9.289878
vn 4.553792 -2.722894 -2.499759
v 12.859856 -4.372025 9.702563
vn 3.268469 -3.295692 -2.955015
v 13.952552 -4.064430 10.702846
vn 2.053091 -1.486016 -5.612228
v 11.157826 -4.033134 8.944956
vn 3.386122 -3.706571 -2.917388
v 12.251654 -5.326027 10.123429
vn 3.915124 -3.708731 -3.052521
v 13.652062 -4.882019 11.748087
vn 3.360192 -2.850750 -2.964826
v 12.812332 -4.760016 11.186668
vn 4.077831 -2.681210 1.712168
v 13.740580 -5.458747 13.412797
vn 3.463671 -4.103740 -0.521378
v 13.644966 -5.631777 12.733795
vn 2.003668 -4.035075 2.623960
v 13.096017 -5.677973 13.926684
vn 1.894503 -2.631296 -4.534862
v 10.528404 -5.025529 8.720490
vn 1.193835 -0.498620 -5.789675
v 10.121471 -4.131405 8.406043
vn -1.849065 -1.458550 -5.412787
v 9.216768 -4.124897 8.496277
vn -1.462936 -2.218581 -3.911620
v 9.163865 -4.514218 8.966104
vn -1.129714 -1.930002 -5.278549
v 9.688914 -4.793722 8.537051
vn 3.069192 -4.384908 -1.991188
v 12.188677 -6.031237 11.047599
vn 0.638225 -5.513793 -2.138747
v 10.109814 -6.193548 10.143083
vn 1.490598 -5.326173 -1.131985
v 11.647609 -6.322739 11.141996
vn 0.223023 -6.152254 0.587912
v 11.012299 -6.336570 11.779729
vn 0.343254 -5.994530 1.746409
v 10.580673 -6.044046 13.114453
vn -2.481369 -4.580457 -2.693262
v 5.219229 0.196515 1.842723
vn -4.023967 -2.144629 3.421195
v 6.756689 -3.546595 2.908741
vn -3.628620 -1.544488 1.760717
v 6.343551 -4.628905 1.973651
vn -5.821614 -0.964579 -0.437729
v 6.097662 -2.215826 1.570199
vn -5.131901 -1.445722 -0.318170
v 6.294043 -4.638340 1.349606
vn -5.822980 -0.218375 -0.992542
v 6.323461 -3.717596 1.221015
vn -3.620063 -0.090660 -4.572171
v 6.755723 -3.504862 0.445333
vn -0.027779 -0.922381 -5.494051
v 7.334315 -4.556017 0.241689
vn -0.125748 -0.279413 -6.258233
v 8.667545 -1.912705 0.384293
vn -0.617604 -0.395859 -6.084289
v 9.414592 -3.136242 0.367242
vn -3.433637 -1.862519 -3.440408
v 6.695104 -4.920239 0.565618
vn 0.442205 -3.221646 -3.101255
v 7.378103 -5.298787 0.491753
vn -2.541043 -4.042881 0.095937
v 6.737912 -5.307618 1.088499
vn 0.688379 -4.751480 0.152371
v 7.417916 -5.467420 0.982552
vn -0.271682 -4.430334 1.826095
v 6.865594 -5.105073 1.722118
vn 0.845301 -2.685229 -5.318406
v 8.673526 -4.389479 0.806280
vn -2.948199 -2.987084 -4.274030
v 9.065169 -4.524428 0.765141
vn -2.856685 -3.752852 -2.651913
v 9.883595 -5.377693 0.487153
vn -0.876840 -5.551914 -1.037375
v 8.912768 -4.783425 1.270137
vn -1.099276 -5.274855 2.926075
v 8.972063 -4.636493 1.779806
vn -0.738626 -4.866242 0.726343
v 10.123224 -5.630593 1.110188
vn -2.745195 -4.527125 1.582165
v 9.539263 -5.222676 1.452303
vn -0.754116 -0.526511 -4.937136
v 9.962020 -4.745560 0.109509
vn 0.334799 -3.180698 -3.177473
v 10.362584 -5.463991 0.326098
vn 2.352099 -2.781724 -2.669739
v 10.801199 -5.374847 0.457118
vn 2.364234 -4.229599 1.853846
v 11.024151 -5.300617 1.513587
vn 1.680007 -5.006764 -2.072334
v 11.727906 -4.536427 1.129987
vn 0.323413 -3.802704 4.133003
v 7.611309 -4.425117 2.657150
vn 2.533118 -3.810052 4.137644
v 8.008775 -2.936831 3.512769
vn 0.017593 -3.894462 4.676597
v 8.878494 -4.273706 2.237033
vn 0.063861 -4.294769 4.119818
v 10.300784 -4.889586 2.143074
vn -0.532842 -3.729457 4.805252
v 10.109955 -4.062310 2.852532
vn 1.356639 -3.584207 3.833000
v 8.656480 -2.718290 2.997680
vn -1.399171 -3.239143 4.628080
v 7.418225 -2.802586 3.770719
vn -1.554793 -2.897253 4.562024
v 8.929401 -2.942438 2.851151
vn -2.793488 -3.439261 4.410135
v 9.614330 -3.224991 3.251378
vn 2.190270 -3.233258 4.554005
v 10.761058 -4.096030 2.730273
vn 0.599945 -3.496067 3.451495
v 11.218564 -2.793385 3.000528
vn 2.240785 -3.883280 4.280354
v 10.499112 -2.915281 3.579721
vn -0.230834 -4.492696 4.056866
v 12.074629 -2.801122 3.579496
vn 1.406698 -4.507424 3.736945
v 11.537447 -1.603896 5.249267
vn 0.795764 -4.998085 3.106155
v 11.000811 -2.323766 3.907924
vn 0.032975 -4.979697 3.592949
v 10.313952 -2.157688 4.601393
vn -0.598035 -4.522161 4.273788
v 10.000714 -2.670523 3.904418
vn -2.505233 -4.354734 3.633019
v 9.572021 -2.185436 4.296493
vn -0.508332 -4.186114 3.289798
v 8.952394 -1.908532 3.958037
vn -0.725204 -5.288016 3.191187
v 9.606219 -1.038237 5.889320
vn -0.161695 -4.789190 3.929990
v 8.442225 -1.457054 4.827307
vn -2.431827 -3.775891 3.939333
v 7.477189 -0.935991 5.223792
vn -0.956648 -6.042474 -0.204146
v 8.467615 -0.468290 6.817089
vn -1.960627 -5.702858 -1.208891
v 7.038202 0.024807 6.297249
vn -0.358446 -5.557957 -1.993347
v 5.523060 0.390814 6.595808
vn -1.538293 -5.143798 0.719420
v 5.961482 0.591176 5.096418
vn -2.408572 -5.393078 1.026058
v 5.570113 -0.006566 2.951809
vn 4.965604 -3.003639 1.905191
v 13.664375 -2.576279 27.603634
vn 3.115330 -4.638132 2.534794
v 13.062383 -3.634246 26.925847
vn 3.041557 -5.063248 1.795047
v 12.742085 -3.245060 27.820901
vn 1.880809 -4.740016 -0.410312
v 11.506304 -3.433363 28.480398
vn 3.243376 -4.443452 -2.616855
v 10.180850 -4.843843 29.407268
vn 1.981155 -4.187592 -2.848294
v 10.133355 -4.690577 28.411567
vn 0.036460 -3.519784 -3.875961
v 9.493943 -4.404094 28.326845
vn 3.037603 -4.544149 2.926573
v 11.310137 -4.106478 27.440600
vn 2.560605 -4.516174 2.344067
v 10.732196 -4.168623 27.863363
vn -0.896822 -1.578621 5.752263
v 10.119843 -5.130561 27.449837
vn 2.066438 -3.149955 3.685426
v 10.583994 -4.909004 27.564096
vn 3.388142 -4.675524 2.434343
v 11.125263 -4.946568 26.304103
vn 3.516728 -4.734474 1.212288
v 11.381875 -5.804430 24.433207
vn 3.399306 -4.935488 1.526608
v 12.568962 -4.517889 25.444460
vn 4.342010 -4.419220 -0.630891
v 12.579974 -4.626088 23.785978
vn 5.088398 -1.566091 -1.006845
v 15.076602 -1.980760 24.111013
vn 4.181758 -4.185735 -1.329406
v 13.740480 -3.701677 24.072250
vn 4.369499 -3.573066 0.824939
v 14.309428 -3.350783 25.345958
vn 5.623757 -1.108225 1.826049
v 14.880582 -1.538049 25.860303
vn -0.161435 -4.633165 4.140148
v 6.349105 -5.527638 30.889626
vn 4.942415 -2.586778 0.490673
v 7.020203 -6.270354 27.927353
vn 0.868217 -5.613210 1.030529
v 7.239793 -6.344880 29.718349
vn 2.993879 -3.881684 1.385431
v 6.907789 -6.826296 28.617570
vn 3.792110 -3.266579 1.467469
v 7.611403 -5.662355 27.068645
vn 5.293349 -2.514988 2.134470
v 7.400812 -6.192198 27.227835
vn 2.310839 -4.658230 1.606355
v 6.731739 -7.459836 27.482277
vn 4.899123 -3.369849 1.611199
v 7.026242 -7.176209 27.090943
vn 0.291622 -5.726989 2.537292
v 5.183376 -7.283996 27.818398
vn 1.452594 -5.692823 2.046303
v 6.496936 -7.812010 26.080150
vn 3.363334 -4.452367 2.458398
v 7.327281 -7.658313 25.637739
vn 1.476140 -4.581352 -3.161759
v 5.252055 -9.159196 21.907605
vn 0.499867 -5.571587 0.108888
v 5.630284 -9.489212 22.822784
vn 0.964436 -4.024359 -4.306760
v 5.795897 -9.149512 22.265671
vn 0.758614 -5.521331 2.808268
v 5.910871 -8.657105 24.508408
vn 0.005501 -3.910115 -3.158296
v 6.656246 -9.229753 22.043879
vn 1.631301 -5.084510 0.068602
v 6.858975 -9.361126 22.557658
vn 2.861588 -4.820039 2.043202
v 7.317483 -8.632584 23.870489
vn 3.218216 -3.388775 -0.988917
v 7.579727 -8.911454 22.315900
vn 3.535251 -3.984610 3.056187
v 8.064913 -7.456321 24.822357
vn 3.454696 -5.150826 0.235894
v 8.487959 -7.761916 22.878448
vn 2.394858 -4.208116 2.367952
v 9.548453 -7.191248 24.351314
vn 3.348988 -5.294042 -0.088964
v 9.285674 -7.316282 22.228012
vn 2.845858 -3.466186 3.548317
v 8.300966 -6.611073 25.143897
vn 0.727337 -5.474733 2.008907
v 8.318647 -5.592189 26.672033
vn 2.335544 -5.428984 1.846960
v 10.265284 -5.571317 26.231191
vn 1.343130 -3.891287 2.801497
v 9.989708 -5.533177 27.242055
vn 2.441209 -1.481185 4.200186
v 8.915174 -4.826098 27.348464
vn -0.992075 -1.879148 3.552712
v 10.011525 -4.479297 27.309205
vn 0.707313 -2.329027 0.258781
v 9.104163 -3.948660 27.756848
vn 2.766669 -5.200594 -1.833677
v 9.258295 -5.369638 29.144075
vn 3.221806 -2.436690 -2.759137
v 8.668337 -4.810020 28.270857
vn 0.490998 -3.396052 2.447996
v 8.962946 -5.705170 27.359685
vn 1.600181 -4.137044 -2.085097
v 8.897301 -5.540340 28.565901
vn 2.028193 -5.171821 -1.211244
v 8.945860 -6.019013 29.875136
vn 2.069479 -4.815842 0.909964
v 8.180441 -5.245451 27.880126
vn 2.022848 -5.274035 -2.034089
v 8.097591 -5.643678 28.969637
vn 2.160400 -4.562515 0.107177
v 7.863841 -5.298721 27.825981
vn 0.365164 -4.663381 2.476040
v 7.990218 -6.223442 30.468928
vn 0.877887 -3.265132 -4.842869
v 5.855023 -8.253960 17.063787
vn 0.838277 -3.777598 -4.569534
v 5.146258 -6.374622 16.212238
vn 2.839044 -2.263917 -4.905479
v 7.110773 -6.628466 16.808828
vn 3.436762 -3.540127 -3.205509
v 6.581942 -5.281918 16.021681
vn 2.381753 -4.212887 2.755512
v 6.747168 -5.077242 15.520428
vn 3.766161 -2.970258 -1.651215
v 7.084854 -4.550263 16.167712
vn 0.648062 -5.471905 2.997328
v 9.708196 -5.419716 14.729533
vn 1.716545 -3.826632 1.299666
v 7.796358 -3.929317 16.163515
vn 0.693195 -5.178985 3.240973
v 11.414365 -5.443053 14.533319
vn -0.009947 -4.538626 4.170569
v 10.033793 -4.573131 15.966011
vn 0.943435 -4.180739 0.944995
v 9.087447 -3.334827 16.759105
vn 2.834784 -2.778140 4.495902
v 12.769100 -4.956458 14.603585
vn 1.173805 -5.372408 2.407832
v 11.873929 -4.446244 15.469780
vn 4.014367 -3.406107 2.820166
v 13.118373 -4.341540 14.523204
vn 3.480232 -4.511761 -0.412613
v 13.759898 -3.591410 15.232643
vn 1.492758 -5.883448 -0.014302
v 12.780963 -4.391963 15.221590
vn -0.010503 -5.414199 2.564706
v 11.618644 -4.356320 16.271485
vn -0.704668 -3.402746 5.134755
v 10.405664 -3.729423 16.740880
vn 1.548966 -4.657313 1.907153
v 13.405394 -4.265032 16.366802
vn 0.106953 -3.862257 4.486520
v 12.409647 -4.047204 16.764893
vn 4.217819 -1.792443 -3.983672
v 9.842595 -4.387468 18.017674
vn 3.762816 -2.045992 -4.501756
v 8.360033 -5.558274 17.351453
vn 3.179469 -3.134103 -3.648713
v 8.577244 -3.797426 17.058128
vn 1.756942 -5.752528 0.327244
v 11.061919 -3.035917 17.790270
vn 3.775026 -4.278971 -2.193707
v 10.368501 -3.538046 18.099759
vn 4.172251 -3.803224 -0.321996
v 10.280925 -5.741717 19.595293
vn 4.421238 -2.627434 -3.022797
v 10.107621 -5.567244 18.965667
vn 3.717019 -2.634368 -1.607354
v 9.751585 -5.830443 20.360921
vn 3.589214 -1.487576 -2.669474
v 10.785144 -6.078353 21.026797
vn 3.983443 -4.803638 -0.341425
v 10.738625 -6.310598 22.695581
vn 4.119319 -3.185141 -2.401559
v 8.983081 -6.727657 20.018748
vn 3.979539 -4.149841 -1.451337
v 8.901520 -6.845995 19.021094
vn 3.647460 -3.739357 -1.926044
v 9.032235 -7.537528 20.456933
vn 2.595956 -4.465092 -0.693567
v 7.590450 -8.851289 19.848158
vn 3.242482 -4.467193 -1.121908
v 7.505053 -8.213222 21.782955
vn 0.482050 -5.477696 -0.578764
v 6.581739 -8.606223 21.567148
vn 3.250879 -2.927684 -3.455644
v 7.676790 -8.509492 19.446300
vn 0.003091 -2.471816 -1.486323
v 5.996102 -8.384625 22.103425
vn 0.009060 -5.798988 1.849007
v 5.906006 -8.933635 20.977537
vn -0.409409 -5.772674 -1.161347
v 5.174724 -8.735018 21.273843
vn -3.302656 -4.915700 0.197538
v 5.174350 -8.770925 20.892064
vn -1.155434 -4.668933 -0.749634
v 5.867167 -9.226321 19.842913
vn -0.367624 -4.918132 -1.004151
v 4.849650 -8.406131 20.622680
vn -2.595634 -4.698272 1.214393
v 5.475823 -8.698615 19.480616
vn -0.365343 -3.528329 1.038390
v 4.888187 -8.168551 19.613369
vn 3.859498 -3.534275 -2.672804
v 7.615779 -7.843158 19.151615
vn 4.188949 -3.288022 -2.869077
v 7.977052 -7.184991 17.961203
vn 3.225722 -3.715968 -2.634124
v 6.782962 -8.431213 17.640418
vn 1.933440 -5.566033 -0.876549
v 6.296426 -8.886345 19.116035
vn 0.660337 -4.065823 -1.394374
v 5.640665 -9.438780 18.087212
vn 0.419343 -5.098592 3.113285
v 4.981844 -9.308058 18.813577
vn 0.159900 -5.434184 -0.858364
v 4.840045 -9.431399 18.432753
vn -0.467219 -2.938908 -5.334165
v 4.384673 -7.775365 16.795293
vn 2.202783 -5.540376 1.458533
v 16.284833 -2.584041 16.084385
vn 1.191518 -5.527386 2.619537
v 15.245501 -1.812850 18.124990
vn 2.441147 -5.136078 1.905057
v 16.865561 -1.901346 17.460605
vn 0.438927 -5.759741 2.424039
v 15.075713 -1.190476 19.877281
vn 1.286886 -5.362549 1.551371
v 14.580275 -0.488205 21.175445
vn 4.125277 -4.080346 -1.853306
v 13.952277 -0.964896 21.597975
vn 3.944559 -3.633886 -1.898282
v 12.689062 -1.663244 20.974642
vn 2.304976 -5.010775 1.291046
v 13.366868 -1.111178 20.281396
vn 4.171231 -3.315241 -2.993328
v 12.550260 -3.202967 21.715577
vn 4.500936 -2.905959 -3.173544
v 13.796162 -2.604478 22.751172
vn 3.822206 -2.372471 -3.751751
v 12.557373 -4.180694 22.736271
vn 3.807505 -3.610651 -3.265183
v 13.080271 -3.481906 22.680575
vn 2.822786 -2.340695 -2.945233
v 12.066021 -3.751699 22.484045
vn 4.280319 -2.286134 -2.651827
v 11.826602 -5.168531 22.314112
vn 4.182563 -0.928146 -3.508566
v 10.894570 -4.799324 21.632976
vn 4.257935 -3.751109 -1.187693
v 11.765003 -4.062598 21.369704
vn 4.078958 -3.732951 -0.276722
v 10.527827 -4.917885 21.033905
vn 4.435145 -3.568886 0.013097
v 11.063768 -4.774103 20.551733
vn 4.866757 -2.530925 -2.738631
v 11.447538 -2.969926 20.226006
vn 5.381364 -1.455995 -2.299829
v 11.074276 -4.378474 19.986717
vn 4.284408 -4.305063 -0.451110
v 11.638508 -2.663811 20.120196
vn 4.339016 -2.876083 -1.818457
v 10.571529 -3.497443 19.138370
vn 0.059529 -4.331642 4.016737
v 11.590345 -3.225377 17.113518
vn 3.919947 -3.643533 -1.422736
v 13.988899 -3.909646 15.831755
vn 3.278032 -2.608554 2.221385
v 14.102487 -3.776347 16.557502
vn 1.463619 -4.174527 4.301651
v 13.434714 -3.131151 17.143035
vn 3.567123 -4.507102 0.792699
v 14.355624 -3.169441 15.921302
vn 2.126777 -5.351050 2.021299
v 12.362623 -2.478870 18.462555
vn 2.307746 -5.043343 2.406602
v 13.078932 -1.765855 19.189405
vn 3.121605 -4.064599 3.074744
v 14.162221 -2.979466 16.777411
vn -4.848978 -3.422363 1.784983
v -3.906689 -2.628982 27.844991
vn -4.715672 -2.891188 2.028060
v -4.640989 -2.693638 26.490469
vn -5.471441 -1.474320 1.281450
v -5.407058 -1.744499 25.504442
vn -5.193594 -1.608957 -1.588261
v -5.451095 -1.658336 23.839172
vn -3.681242 -3.517730 1.379760
v -5.694232 0.447778 23.820954
vn -5.050160 -2.165877 -2.981199
v -4.839068 -1.304392 22.847736
vn -3.176263 -4.820023 2.153250
v -3.363101 -3.558041 27.115538
vn -4.222788 -4.179589 -0.138315
v -4.190433 -3.733230 24.593733
vn -4.425689 -4.247511 -0.909752
v -2.558635 -4.912422 23.570687
vn -3.582443 -4.738555 1.635830
v -2.919920 -4.542321 25.475006
vn -3.215069 -4.261594 1.972024
v -1.594377 -5.897968 25.254004
vn -2.260350 -4.981923 1.893026
v -0.364873 -6.800148 24.754729
vn -2.645008 -4.801816 2.855992
v -0.753047 -5.504981 26.181159
vn -0.686189 -2.116705 3.323449
v -0.717419 -5.063441 27.571128
vn -3.556393 -4.698092 -1.490489
v -0.543063 -4.640516 28.947457
vn -1.564853 -4.709481 -0.139878
v -1.949057 -3.367552 28.389216
vn -3.183664 -4.302395 2.096580
v -1.073886 -4.157083 27.884188
vn -2.922475 -4.624456 2.968233
v -1.633428 -4.051341 27.517527
vn -2.404833 -5.519406 -1.216825
v -2.453498 -3.489490 28.918507
vn -4.305322 -3.880588 1.293370
v -8.207570 -0.330076 20.436595
vn -3.376575 -5.055394 1.332315
v -5.895067 -3.087028 16.481538
vn -2.230360 -4.024723 3.249239
v -3.726346 -1.630754 19.584863
vn -2.651159 -4.967188 2.718087
v -5.958732 -2.317424 17.934004
vn -1.654505 -4.206877 4.294713
v -4.537768 -2.352831 18.859922
vn -2.548491 -4.747914 2.296885
v -3.687752 -4.650529 17.015229
vn -2.894492 -4.309271 3.171752
v -4.596147 -3.598723 17.660040
vn -2.018331 -4.334432 4.014827
v -2.967694 -3.137191 18.857946
vn -1.262661 -4.739665 3.676829
v -2.282499 -4.858314 17.408203
vn -2.049721 -4.917763 2.486730
v -0.416041 -4.797205 17.743397
vn -2.039124 -4.578971 3.105500
v -1.429170 -3.712936 18.561805
vn -5.000247 -1.758892 -3.098935
v -1.750163 -3.925533 20.381007
vn -3.999314 -3.591236 -0.329616
v -0.911498 -4.818263 21.084526
vn -3.958756 0.135362 -3.915220
v -0.840465 -5.166078 21.223790
vn -4.413625 -3.875209 -0.856104
v -1.459657 -6.105940 21.990934
vn -3.869809 -1.768156 -4.016018
v -2.439561 -4.385210 22.491930
vn -3.598206 -2.832457 -0.751495
v -1.645591 -2.944428 20.076799
vn -2.133234 -2.040790 -2.439575
v -2.130738 -3.861649 22.402912
vn -4.266317 -4.148543 -0.282020
v -1.687553 -4.398124 20.917636
vn -3.271716 -3.927334 -3.145981
v -3.024635 -3.338533 22.325033
vn -4.256930 -3.414574 -2.809178
v -3.987660 -3.189696 22.999686
vn -4.235800 -2.541635 -3.794503
v -3.659373 -2.151175 21.722305
vn -2.757589 -4.319783 0.578631
v -5.334108 -0.006078 22.625107
vn -4.460088 -2.545007 -3.493326
v -2.787161 -2.923704 21.284893
vn -3.530597 -3.515527 -1.800381
v -3.093585 -1.630023 21.020134
vn -3.982433 -4.250445 -1.000267
v -4.402853 -0.838720 21.570907
vn -3.329970 -4.861881 1.668477
v -3.325512 -1.576484 20.358453
vn -1.131954 -5.242595 2.234136
v -4.846011 -0.723461 20.628376
vn 1.194107 -5.549893 1.327222
v 4.779753 -6.121623 15.406425
vn -3.437614 -2.685607 -4.436562
v 2.006637 -6.220106 17.332924
vn -1.243546 -4.384576 -1.959092
v 3.037045 -6.054712 16.498006
vn -2.227362 -2.763674 -4.614950
v 3.181030 -7.867714 17.046427
vn -0.414762 -4.378852 -1.837538
v 4.050948 -9.458587 18.121300
vn -0.387734 -5.027541 3.020348
v 4.220271 -9.300802 18.873363
vn -2.501604 -4.349676 -0.079795
v 3.342999 -9.257113 18.469227
vn -1.127264 -5.527066 0.698198
v 3.530108 -8.890299 19.210489
vn 2.556536 -4.182517 1.071460
v 4.337544 -8.457773 19.601285
vn -0.345973 -5.704718 -1.011979
v 4.304018 -8.674958 21.347802
vn 0.957498 -4.340900 -0.800579
v 3.788317 -9.225293 19.840539
vn -0.332055 -2.709057 -1.954787
v 3.681018 -8.457909 22.136542
vn -3.721631 -4.022619 -1.586332
v 2.542682 -8.464109 18.205147
vn -3.582664 -4.684690 -0.493798
v 2.761237 -8.472260 18.979624
vn -4.109869 -4.316001 -0.617697
v 0.927551 -6.989900 18.846513
vn -3.958031 -3.517146 -1.535724
v 1.508796 -7.303761 19.480238
vn -0.794730 -3.582781 -3.026234
v 2.948276 -9.231984 22.056286
vn -2.938580 -3.870570 -1.408479
v 1.713693 -8.521465 19.906011
vn -1.355936 -5.503185 -0.820848
v 2.829915 -8.571431 21.541274
vn -3.524183 -4.911591 -0.515214
v 1.666114 -7.928901 22.111743
vn -3.443417 -3.148420 -2.628443
v 0.103067 -7.073916 20.497564
vn -3.745260 -2.026035 -4.534331
v 0.753376 -7.046341 20.075136
vn -4.399111 -1.283897 -4.095082
v -0.064722 -5.973009 20.363096
vn -3.633803 -0.740965 -3.387467
v -1.249661 -5.886547 21.090499
vn -4.072113 -4.044427 -0.247841
v 0.180422 -6.080552 20.014652
vn -4.483526 -3.008545 -2.827713
v -0.164068 -5.791467 18.903348
vn -3.306131 -3.793467 -3.404644
v 0.124440 -5.303862 18.291678
vn -3.989882 -4.135709 0.152773
v -0.625069 -5.675013 19.755292
vn -4.748611 -1.976385 -2.732092
v -0.969179 -5.088416 19.551129
vn -4.305013 -2.523731 -0.999105
v -0.641696 -4.132106 19.072637
vn -4.742053 -3.576359 0.446698
v -0.287847 -4.793035 18.110052
vn -0.870313 -5.227859 3.083538
v -0.917190 -5.650577 16.669638
vn -1.038664 -5.564313 1.215896
v 0.068450 -6.232396 15.796767
vn -1.811018 -4.362166 0.351424
v 1.313741 -5.350366 17.067546
vn -0.244935 -5.232476 2.972498
v 1.715051 -6.188370 16.247547
vn 0.042721 -5.349007 2.982694
v 3.660826 -7.017837 28.882638
vn 0.057113 -4.601173 4.187809
v 4.968410 -5.308956 31.149366
vn 0.270954 -5.098253 3.594658
v 3.358604 -6.009654 30.299564
vn -4.797115 -2.785454 0.410247
v 2.586421 -6.251139 28.172049
vn -4.589953 -3.175048 1.928308
v 2.048055 -5.917809 26.939353
vn -2.468765 -4.914492 -1.741374
v 1.877797 -5.726419 28.954049
vn -3.123925 -4.106220 1.776325
v 2.804494 -6.941092 28.742595
vn -2.484859 -4.988043 -1.230646
v 0.264441 -5.878253 29.915659
vn -1.725082 -5.588086 0.435826
v 2.241931 -6.272435 29.613588
vn -2.190256 -5.398250 -2.061695
v 0.696862 -5.553313 29.141939
vn -1.881408 -4.126075 -2.539000
v 0.761240 -5.527754 28.546488
vn -3.740518 -2.340192 -4.017640
v 1.047092 -5.191348 28.269227
vn -2.337267 -4.817186 -1.373156
v -0.464447 -4.736948 28.427171
vn -1.435023 -2.865697 -3.214555
v 0.547509 -4.323783 28.298564
vn -0.726015 -2.658512 0.382738
v 0.549708 -3.970788 27.736430
vn -3.037891 -3.960591 0.125674
v 1.757226 -5.298777 27.765922
vn -2.733273 -1.631391 3.084814
v 0.901224 -4.713301 27.403587
vn -0.316856 -5.694612 2.324304
v 0.603911 -5.718906 26.556938
vn 1.117876 -2.199556 3.402142
v -0.247405 -4.533225 27.260237
vn -0.802836 -3.330520 2.690083
v -0.078002 -5.653700 27.263493
vn -3.837738 -4.964404 0.128882
v -0.877707 -6.436981 23.658630
vn -2.312524 -5.212795 1.663085
v 0.309141 -7.249986 24.210083
vn -3.439048 -4.315692 2.788244
v 1.523761 -7.474804 24.662998
vn -1.597582 -4.822063 2.643428
v 1.532493 -5.659870 26.637532
vn -2.959431 -3.425243 3.191280
v 1.502142 -6.740042 25.199027
vn -2.069460 -4.837286 0.010347
v 2.849103 -9.373195 22.617773
vn -3.304516 -5.242738 0.365518
v 1.107053 -7.753767 23.142575
vn -0.569128 -5.143491 -1.978399
v 4.020226 -9.380049 22.406561
vn -0.373446 -5.735777 2.129354
v 4.137617 -9.249815 23.523414
vn -1.399483 -5.636790 2.197079
v 3.206765 -7.854948 26.010409
vn -4.653602 -3.300800 1.982768
v 2.271376 -7.107115 26.579308
vn -1.927800 -5.079693 1.565356
v 3.011548 -7.521558 27.648428
vn -4.759269 0.088105 2.305531
v -4.321156 -0.973075 29.481796
vn -3.966510 -4.442580 0.894843
v -2.639060 -3.540333 29.721533
vn -3.727890 -4.465790 -0.646417
v -0.975713 -5.008531 29.990625
vn -4.622887 -2.009002 2.515014
v -3.686659 -2.222821 30.105672
vn -4.453252 -2.153202 3.399110
v -2.531220 -1.677859 31.749732
vn -3.444987 -4.557828 1.938311
v -2.107930 -1.341815 32.982286
vn -2.784412 -4.519118 2.466251
v -2.227942 -0.863559 34.105403
vn -0.227610 -3.140254 5.054437
v -3.995670 3.052526 37.255537
vn -0.144201 -2.433864 4.899980
v -5.323237 3.991309 37.883465
vn -0.352233 -0.475157 1.505327
v -2.713781 -0.636365 31.370607
vn -2.687052 -4.311353 3.379647
v -4.008247 1.702099 35.858285
vn -4.290812 -3.654858 0.725649
v -4.068130 1.087593 34.680664
vn -4.283471 -1.109712 -0.898841
v -3.810170 0.719876 33.888954
vn -3.464531 -3.828601 1.495155
v -5.377824 3.055259 36.760731
vn -3.412651 -1.969097 0.394899
v -6.432178 4.366936 37.734742
vn -4.999232 -3.117161 -0.891475
v -5.034405 2.672035 35.985638
vn -4.660784 0.329246 -3.672408
v -4.634154 2.344149 35.297192
vn -4.883513 -0.962904 -3.289526
v -5.808611 3.786879 36.931610
vn -4.679151 -4.083154 0.599398
v -3.281153 -0.062539 33.079175
vn -5.205629 -2.068856 0.549531
v -3.229893 -0.226407 31.759185
vn -4.953220 3.205839 -0.107218
v -3.118925 0.378642 31.652629
vn -4.251684 0.435633 -4.163805
v -3.547987 2.705320 34.615473
vn -4.248092 -1.204638 -3.420545
v -4.604054 3.854256 35.802579
vn -3.796639 3.954859 -2.124079
v -2.721263 0.829308 32.584049
vn -4.525274 -0.078049 -2.602511
v -2.391125 2.245049 33.389477
vn -4.042352 -0.379178 0.563860
v -1.875864 2.050357 32.077499
vn -3.787195 -3.682858 -1.361707
v -3.589990 3.875275 34.162537
vn -3.491357 -3.927837 1.078398
v -2.739823 3.299985 32.284378
vn -4.145865 -0.045093 4.230245
v -2.961865 1.292008 30.840551
vn -3.619138 2.277041 1.170734
v -2.321844 0.837985 31.602143
vn -3.803067 -3.160999 -1.776621
v -4.004054 1.820869 30.214882
vn -5.334799 -2.111075 -0.567578
v -3.855281 2.061903 29.883198
vn -3.740846 -2.856468 2.185639
v -3.668088 1.420242 30.475022
vn -4.900029 2.340769 2.829340
v -3.121174 0.705754 31.006334
vn -5.518181 -1.225149 2.281259
v -3.463430 1.065091 30.287787
vn -5.563558 0.775786 2.580070
v -3.607268 0.191260 29.844490
vn -5.797617 -1.599061 1.587151
v -4.515865 2.538584 28.495637
vn -5.500586 -0.543234 2.025110
v -3.780636 1.096653 28.842992
vn -0.022861 -4.718093 3.278652
v 1.936033 -6.013247 30.700088
vn -0.372975 -3.737454 4.948315
v 3.154623 -4.639129 31.755010
vn 0.507017 -2.839248 5.428589
v 3.302435 -0.206409 34.673356
vn 0.059796 -2.488816 5.425021
v 4.813957 0.269619 34.399012
vn -0.132217 -2.621700 5.628072
v 4.879035 1.965665 35.373387
vn 0.562490 -4.035211 4.736137
v 1.096646 -0.779461 34.112591
vn 2.068572 -1.579286 5.661854
v -0.510577 3.498566 36.671293
vn 0.226490 -2.839458 5.385103
v -2.344306 2.183585 36.724892
vn 1.548457 -2.293023 5.477069
v -0.928108 1.521204 36.188540
vn -1.444599 -3.741653 4.138982
v -2.227311 0.347861 35.633603
vn 0.186439 -4.390275 3.971705
v -0.717247 -0.820763 34.729396
vn 0.731156 -2.772187 5.495924
v 1.223308 0.420791 34.986223
vn 1.734747 -2.920193 4.922508
v 0.189564 0.190031 35.308425
vn -2.474961 -3.739848 4.182480
v -0.916940 -2.385310 32.160651
vn -2.901592 -3.779737 2.745771
v -0.692331 -5.102348 30.846123
vn -1.217600 -3.050972 5.000487
v 0.026770 -4.346131 31.692014
vn -0.536647 -3.698977 4.929745
v 0.514204 -2.649091 32.683551
vn -1.374560 -4.762731 2.061097
v 0.668491 -6.024513 30.453908
vn -0.663008 -3.429345 5.191856
v 1.034420 -5.161350 31.171196
vn -0.372934 0.386240 5.968576
v 1.277010 6.505567 36.086967
vn -0.959223 -0.256440 6.172504
v -0.068195 9.037654 36.165424
vn -1.086071 1.559981 5.828709
v -1.096349 8.207595 35.995045
vn 0.182764 3.283107 4.852167
v -2.154672 7.080507 36.745126
vn 0.915105 1.251924 5.909106
v -0.258443 6.887316 36.182860
vn 1.663049 0.873854 5.783473
v -1.450200 5.319864 37.217450
vn 0.904438 0.442152 6.031202
v -3.389387 5.141489 37.625203
vn 1.426616 0.647577 5.982166
v 0.528574 5.256489 36.575865
vn -0.388638 -0.812055 6.147838
v 2.167895 4.884420 36.320036
vn 1.287609 -1.173295 5.841923
v -2.140194 3.938525 37.357189
vn 0.960713 -1.519562 6.002528
v 1.406574 4.483610 36.305432
vn -0.070279 -2.033622 5.906518
v 3.709958 3.203412 36.054139
vn -1.327785 -2.410559 5.460005
v -5.282328 8.657237 32.620860
vn -1.846806 -3.455496 4.586814
v -6.427588 7.729367 31.747129
vn -2.937322 -2.630316 4.465070
v -4.635962 7.469465 31.914708
vn -4.688816 0.549160 0.655876
v -4.237501 6.042175 31.707791
vn -4.590624 4.007668 -1.005415
v -4.464422 6.530369 33.199912
vn -4.468716 -0.051424 -1.395436
v -5.585227 5.023912 32.626160
vn -4.473973 -2.173190 -0.748281
v -6.080081 5.087903 34.579485
vn -4.994974 -0.991951 0.938645
v -4.382124 5.166629 30.690954
vn -5.081535 -0.569036 -1.187960
v -4.192206 3.436529 30.211491
vn -4.996247 1.205678 -3.440671
v -4.851854 4.248073 31.104119
vn -4.485659 -0.199985 -1.900892
v -4.912193 3.755106 30.917097
vn -4.873162 -1.102104 -2.902756
v -4.451868 2.763399 30.409278
vn -3.915088 -2.706246 1.807274
v -4.594716 2.890186 30.878788
vn -5.030727 1.034116 -2.179767
v -5.244367 4.620923 31.741320
vn -4.684437 -1.209693 -1.134143
v -5.212089 4.152346 31.550922
vn -3.735535 -3.419421 0.689790
v -5.193447 4.280212 32.419434
vn -3.276487 -3.129396 0.411309
v -4.992778 3.662318 31.500092
vn -2.683917 -4.690888 2.908634
v -4.526583 3.489511 31.456509
vn -2.275247 -5.457574 1.736954
v -4.702979 4.159369 32.411888
vn -3.357106 -5.251088 0.074337
v -5.225225 4.603408 33.597153
vn -3.649714 -4.853619 -0.966299
v -5.133709 4.578283 35.488556
vn -2.755054 -2.565697 4.180297
v -3.051223 2.528346 31.067233
vn -1.967404 -0.526211 2.307935
v -6.569343 5.086449 38.299638
vn -3.871650 -2.375819 -3.150094
v -6.139819 4.871764 37.353802
vn -4.602820 -3.455846 -1.896936
v -6.308781 5.032837 37.375513
vn -0.234283 2.245703 4.215588
v -6.192683 5.984203 38.203483
vn -4.928866 -1.260726 -0.936129
v -6.507479 5.439399 36.413664
vn -4.497341 3.304994 -1.269195
v -5.992280 5.815746 34.800953
vn -4.373411 3.680898 -0.985718
v -6.340524 5.778312 36.175722
vn -2.549842 2.639917 0.988084
v -6.516904 6.153655 37.894460
vn -1.170577 5.312309 2.881285
v -3.124420 7.003584 36.635423
vn -0.704588 5.482329 1.840271
v -5.077978 6.399805 37.362222
vn 0.856509 2.583226 5.383111
v -4.101441 6.134803 37.502426
vn -3.014570 4.955860 2.065248
v -3.155445 7.395238 35.755868
vn -4.032001 2.499470 3.824647
v -2.347663 8.395857 35.302125
vn -4.168556 4.082559 1.077361
v -3.252930 7.400584 34.833573
vn -5.388729 1.796746 2.368439
v -3.850989 7.651175 32.980177
vn -3.483551 -0.258082 4.198838
v -3.443020 8.947513 33.030892
vn 5.123961 -0.351015 1.750654
v 14.035626 -1.049857 29.127948
vn 5.747016 -0.376475 2.122812
v 14.041336 -0.300094 27.526200
vn 5.327426 -1.044303 1.810366
v 13.432265 1.146783 28.928899
vn 5.673251 0.872976 2.410577
v 13.373319 0.407856 29.525762
vn 5.641097 -1.171604 0.560784
v 12.940596 -0.077545 31.158460
vn 5.025316 -1.389430 3.112175
v 13.078096 1.120014 30.553705
vn 5.652188 -2.506022 0.287425
v 13.764065 2.182024 30.190263
vn 4.942882 2.422494 2.621987
v 12.764964 0.631114 31.081566
vn 4.954139 3.350693 0.305484
v 12.773829 0.382559 31.620289
vn 3.746715 1.994141 3.881877
v 12.368768 0.915708 31.192045
vn 3.581828 2.627418 0.864108
v 12.019840 0.798116 31.622395
vn 3.414073 -0.504462 0.369238
v 11.511278 1.972253 32.048111
vn 4.150644 -0.200465 -2.115653
v 12.040340 2.188119 33.362103
vn 4.361608 -0.029749 -3.635929
v 13.304923 2.887340 34.762040
vn 4.527889 0.838444 -4.146631
v 14.516935 2.842271 35.746910
vn 4.261259 1.924315 -4.063876
v 13.428586 1.359549 33.972527
vn 4.800846 -0.066786 -2.704945
v 14.052215 1.767398 34.801136
vn 4.762478 -0.624785 -1.496893
v 13.184811 0.440682 33.136650
vn 4.859140 -2.156082 -0.751017
v 13.459357 0.686324 33.864479
vn 4.807508 -0.827827 -2.887955
v 15.251213 3.488866 36.684287
vn 3.665752 -3.314713 1.318115
v 15.751582 3.914125 37.645693
vn 4.782911 -2.691275 -0.192521
v 14.393142 2.162107 35.600990
vn 3.948498 -4.333454 1.782911
v 14.585638 2.544506 36.219620
vn 4.479767 -3.780290 0.813845
v 13.703221 1.055624 34.655449
vn 4.631434 -2.887199 0.406360
v 12.924842 -0.106055 32.394624
vn 4.829301 -3.392202 0.952661
v 12.151363 -0.642734 32.459075
vn 0.808737 -3.400085 4.542558
v 15.501115 3.909233 37.789686
vn 0.829385 -3.535120 4.531315
v 14.449100 3.151155 37.314038
vn 3.541996 -4.407244 2.726108
v 13.494457 1.636678 35.990175
vn 1.302179 -3.561046 4.527068
v 13.547904 2.284510 36.854524
vn 0.709572 -3.345059 4.768584
v 12.408810 1.326857 36.460865
vn 3.023539 -4.428739 2.963975
v 12.681722 0.558683 35.407241
vn 5.169138 -1.889280 1.902213
v 12.650115 -0.505896 30.864340
vn 4.449967 -2.080791 3.195116
v 12.210287 -1.780052 31.694049
vn 2.750341 -4.511432 2.227833
v 11.948472 -0.771573 34.227683
vn 3.984422 -3.791647 2.115020
v 11.821730 -1.402496 32.671599
vn 2.701215 -3.452717 4.111068
v 10.672903 -2.287873 32.102092
vn 3.755018 -3.470509 3.198583
v 11.598313 -3.543583 30.890731
vn 3.196463 -4.930107 -0.598313
v 11.977361 -3.728795 29.233731
vn 4.505306 -3.017348 2.087199
v 13.040590 -2.716486 29.773581
vn 1.217616 -2.539912 5.536280
v 14.524218 8.634184 32.618538
vn 5.309059 0.060230 1.283392
v 13.748741 7.088614 32.370269
vn 5.073040 3.348590 -1.298085
v 14.201137 6.293735 32.872517
vn 4.145957 -1.141768 3.540862
v 13.869711 7.711810 32.316450
vn 4.285641 3.137935 1.793779
v 12.617050 7.678946 34.542979
vn 4.673023 3.668104 0.395335
v 13.768081 6.830157 33.560361
vn 3.213002 5.336950 -0.593138
v 14.562161 6.552973 35.132180
vn 1.864855 5.532158 1.604541
v 13.698803 6.987246 36.309842
vn 1.073654 4.345282 3.793274
v 12.655575 7.226397 36.351831
vn -0.911700 3.983326 4.250159
v 13.648035 6.399184 37.282408
vn -0.967866 0.552584 5.481760
v 15.174729 5.475992 38.311140
vn 0.377088 2.953193 4.138637
v 15.784845 5.979134 38.193340
vn 1.966168 -1.303085 4.179198
v 16.000051 4.877827 38.266054
vn 4.590407 -1.231885 -0.029746
v 16.274092 4.883109 37.845271
vn 1.675413 5.820754 0.597215
v 15.228434 6.326388 37.100543
vn 2.171782 1.877693 1.165908
v 16.272759 6.100245 37.984619
vn 4.666978 2.982694 -0.751427
v 16.093911 5.820405 36.685682
vn 4.821620 -1.574695 -0.791902
v 16.147404 5.353408 36.316018
vn 4.344019 1.942968 -1.934730
v 15.625406 5.714814 34.456589
vn 5.724842 -1.184979 -1.860961
v 16.157390 5.255601 37.556703
vn 4.355737 -3.224814 -2.531948
v 15.768940 4.870161 37.286376
vn 4.185282 -0.593724 -3.680886
v 15.051604 4.260414 36.789215
vn 4.688473 -0.682643 -3.581039
v 14.586268 4.064630 36.183405
vn 4.088840 -3.789588 -1.661758
v 14.340891 4.247071 35.612136
vn 3.320942 -4.163269 -0.315167
v 13.357186 4.152240 33.586791
vn 2.881944 -3.455403 2.858241
v 12.909436 3.182851 31.521373
vn 4.004189 -2.511837 1.409305
v 14.250397 2.891935 30.869961
vn 2.437713 -4.723104 2.982106
v 14.186328 3.483792 31.451868
vn 4.512934 -0.335355 -2.043845
v 14.561459 3.757068 30.913328
vn 5.352556 -0.186394 -1.303716
v 13.928419 3.541875 30.302731
vn 2.041133 -5.510072 2.005576
v 14.355410 4.154708 32.406693
vn 2.429231 -5.761206 0.155167
v 14.872968 4.597667 33.590748
vn 3.716189 -3.447235 0.699341
v 14.845627 4.274306 32.415604
vn 3.322301 -3.157790 0.432635
v 14.648358 3.662724 31.494476
vn 4.762267 -1.282570 -1.085889
v 14.865326 4.152271 31.547235
vn 4.601927 1.272464 -3.778635
v 14.550607 4.242807 31.133721
vn 4.135817 -2.602417 -1.359332
v 15.384311 4.812477 34.133686
vn 5.096083 1.232071 -1.757843
v 14.906420 4.638441 31.739323
vn 4.987752 -2.147328 2.385344
v 14.133332 4.902696 30.236055
vn 5.133819 0.152902 -0.038149
v 14.009128 5.538138 31.268393
vn 0.442721 -0.725321 5.937146
v 5.252480 6.858249 37.218731
vn 0.437202 -0.972506 6.121086
v 7.453445 4.680385 36.305402
vn -0.956213 -1.231902 5.982110
v 3.720343 5.603812 36.799850
vn 0.043467 -1.822744 5.934404
v 7.812792 3.662775 35.997054
vn -1.441934 -1.192081 5.792299
v 11.329839 4.035151 37.279423
vn -1.877463 0.245099 5.763628
v 10.153812 4.903248 36.999387
vn -1.050887 -1.243798 6.019055
v 13.307347 4.334452 37.582596
vn -1.759663 1.460063 5.666952
v 13.342844 5.487920 37.643099
vn -1.605221 -0.923341 5.851088
v 8.778099 4.420785 36.478527
vn -1.057665 1.325536 5.842083
v 9.800810 6.864274 36.160235
vn 0.284991 0.353381 5.950128
v 8.405131 6.274428 36.099123
vn 0.816303 -0.670087 6.186963
v 9.439678 9.964395 36.257676
vn 0.168223 -2.874443 5.537926
v 4.854252 -1.598288 33.829088
vn 0.668320 -3.624601 4.999524
v 6.239990 -4.017266 32.232964
vn 0.409201 -3.358819 5.271072
v 7.762627 -4.665003 31.500625
vn 2.000686 -4.394444 2.696363
v 9.316569 -5.748035 30.617360
vn 3.281465 -4.208916 -0.068777
v 10.719785 -4.966130 29.981262
vn 1.837176 -3.024338 4.472781
v 9.988836 -4.108557 31.855335
vn 0.538256 -3.286324 5.041439
v 8.117366 -2.959036 32.256255
vn 0.691391 -3.944317 4.714610
v 9.487554 -2.188762 32.948957
vn 1.009142 -5.055135 3.423806
v 10.211944 -1.693356 33.385563
vn 0.694977 -4.066315 4.482740
v 11.677896 0.452568 35.796865
vn -0.731648 -2.100551 5.856377
v 12.453990 2.656941 36.960255
vn -1.167822 -2.503214 5.514680
v 11.145818 1.266366 36.276630
vn 0.020703 -4.092861 4.695310
v 8.449324 -1.445446 33.563430
vn -0.529787 -3.924863 4.381595
v 10.177752 -0.514185 35.035839
vn -0.758793 -2.441158 5.602661
v 8.528417 0.714315 35.050559
vn -2.327533 -1.899176 5.403866
v 9.686248 1.317011 35.821059
vn -2.010028 -1.842458 5.640562
v 10.512936 2.865702 36.565265
vn -1.115140 -1.722248 5.526982
v 8.824871 2.560975 35.594103
vn 0.113553 -1.818778 5.865083
v 6.942039 2.177076 35.840273
vn -0.520731 -2.935802 5.282588
v 6.616572 0.417720 35.128746
vn -0.597927 -3.448792 5.136001
v 8.319385 -0.202353 34.550807
vn -0.106166 -3.197553 5.365607
v 6.365944 -0.892441 34.149728
vn 5.099858 1.820005 3.024822
v 14.845276 18.650078 32.254145
vn 3.542031 2.027686 4.533485
v 13.566435 18.628994 33.842924
vn 2.751730 2.170653 5.138055
v 12.544166 17.570312 34.836537
vn 3.328834 1.511859 5.032761
v 12.930362 15.947179 35.211303
vn 5.506495 1.016738 2.514124
v 15.444340 16.856783 32.132327
vn -0.030769 2.409669 5.756944
v 4.767949 17.348256 36.501142
vn 0.635340 1.707366 5.878085
v 5.815899 16.222978 36.929879
vn 2.171621 0.984255 5.641478
v 11.175057 15.125170 36.392876
vn 0.656449 1.500384 5.934013
v 9.399714 15.883144 36.626737
vn 1.941713 2.278776 5.422585
v 10.952690 16.669033 35.975881
vn 0.470057 2.656242 5.592855
v 7.508339 18.864991 35.725462
vn 0.025826 -0.301467 6.043285
v 4.830511 10.180111 37.370614
vn 1.181617 -0.599378 6.067950
v 7.952657 10.411171 36.416661
vn 1.163279 1.070159 5.894062
v 10.748709 8.416040 35.934477
vn 4.469604 2.012698 3.516668
v 12.048959 8.448854 35.205622
vn 2.955102 -0.447175 5.314349
v 11.170364 10.097870 35.892848
vn 0.815336 -0.198364 6.003792
v 9.857637 13.701038 36.862199
vn -0.070926 -0.263836 5.982690
v 4.810100 12.062749 37.528895
vn 1.393765 -1.696103 5.872133
v 13.969654 10.368796 33.218272
vn 1.724580 -1.370610 5.722287
v 15.669596 10.158284 32.922588
vn 2.134601 -2.798279 4.957169
v 16.287213 8.325853 32.004472
vn 3.607928 -1.857337 4.658781
v 13.486917 12.195629 34.005142
vn 2.223218 -0.282057 5.828819
v 15.070772 11.938495 33.236638
vn 3.947026 2.829067 3.821797
v 16.789657 14.179147 31.703570
vn 4.515465 1.421838 3.928154
v 15.435728 14.762550 32.464588
vn 3.147234 1.420738 5.121335
v 16.311356 13.069617 32.609632
vn 3.961367 0.153868 4.712023
v 14.952287 13.696180 33.212786
vn 5.212377 1.925588 2.519062
v 15.767974 15.734986 31.432754
vn 4.553912 0.558226 3.916783
v 14.376893 15.448034 34.196036
vn 3.601494 -0.132637 4.918377
v 12.982255 14.523184 35.459429
vn 4.313059 -1.434646 4.204217
v 13.865232 13.752029 34.491324
vn 4.027681 -1.604674 4.530173
v 12.419168 12.767708 35.378949
vn 4.856892 -1.007924 3.730013
v 12.087770 10.880945 34.973982
vn 3.718696 -1.122825 3.595464
v 12.601158 10.492734 33.637782
vn -5.715414 0.973138 2.010045
v -5.942445 17.334814 31.516122
vn -3.721959 2.019477 4.414922
v -4.034175 18.144290 33.969615
vn -2.244478 2.504653 5.268429
v -2.429732 17.903111 34.911234
vn -3.590068 2.567110 4.280986
v -3.619741 21.711789 32.417583
vn -2.708098 -0.085090 5.270706
v -6.911723 11.409975 32.778316
vn -2.267986 -0.224820 5.804325
v -5.216290 12.000747 33.278249
vn -3.615503 -1.867899 4.678103
v -3.929015 12.308134 33.952016
vn -3.793570 -1.167422 3.900126
v -2.906716 10.568344 33.710396
vn -3.980239 -0.274048 4.556552
v -1.905436 9.817275 35.546696
vn -2.956493 -0.442169 5.452306
v -1.916983 13.805392 36.197204
vn -3.796864 -1.225099 4.783922
v -3.342853 13.836128 35.250342
vn -3.375562 0.560844 5.056956
v -3.329495 15.133583 35.430346
vn -4.444094 -0.637528 3.878093
v -4.785073 14.404465 34.233772
vn -5.415953 0.456676 3.087259
v -5.762076 15.145846 32.502995
vn -4.033773 0.132763 4.547085
v -5.396741 13.681136 33.041585
vn -1.093834 -0.602379 6.071112
v 1.632039 10.350208 36.387150
vn -1.230490 0.101243 6.112761
v 3.305553 13.315387 37.198170
vn -0.755389 1.268089 6.042488
v 3.822515 15.432616 37.057514
vn -1.937421 1.213936 5.620519
v -1.318739 15.386337 36.437067
vn -0.960913 -0.140793 5.950305
v -0.265189 13.647021 36.882748
vn -2.041187 -0.956059 5.669509
v -0.955044 12.275064 36.516204
vn -0.484101 -0.931671 6.192318
v 0.390396 10.985548 36.432091
vn -0.502271 -0.193184 6.230351
v 1.480360 13.427880 36.839092
vn -2.110550 -0.978086 5.686997
v -0.984431 10.767887 36.230080
vn 0.100843 3.844098 4.860085
v 4.646193 19.849048 34.794926
vn -0.894873 2.522876 5.666273
v 1.523515 18.657206 35.684230
vn 0.020262 2.869234 5.509237
v 3.333078 18.766161 35.818851
vn -1.635513 2.714990 5.404675
v -0.572771 17.931497 35.546431
vn -0.671719 0.923214 6.159615
v 1.974086 15.087917 36.724150
vn -4.941215 2.413702 2.852287
v -4.529788 22.116262 30.991622
vn -1.352878 2.696134 5.336248
v -2.095391 21.246049 33.459570
vn -1.492835 2.942973 5.327599
v -1.244381 19.519777 34.369481
vn -3.724214 3.284961 3.567245
v -3.536309 23.279709 31.384985
vn -0.862401 3.208333 5.174434
v -1.569867 22.965989 32.627293
vn -1.823815 5.134458 2.810487
v -1.537793 25.912140 29.626892
vn -3.459642 4.237982 2.567488
v -3.148364 24.891378 29.953929
vn -1.875668 4.130094 4.075524
v -2.052889 24.478097 31.318761
vn -4.617958 3.674370 2.089687
v -4.245403 24.416474 28.279834
vn -5.252395 2.720160 2.111357
v -5.356068 22.394799 28.529253
vn -4.883395 3.153875 2.218249
v -4.311233 23.440718 29.906969
vn -0.060376 3.330241 5.058832
v 2.430775 20.190701 35.112271
vn 0.437740 4.339287 4.435066
v 4.485467 24.298945 30.945971
vn 0.734897 4.454242 4.310577
v 3.028827 24.642128 31.058069
vn 0.571699 4.395282 4.444422
v 1.392894 24.597925 31.215789
vn -0.182047 4.729467 3.866462
v -0.362196 25.467816 30.648873
vn -0.051693 3.867421 4.827440
v -0.404213 24.204385 31.849001
vn -0.425758 3.414576 5.219977
v 0.206644 22.575934 32.800250
vn -0.102524 3.925114 4.767236
v 2.073135 21.899945 33.723915
vn 0.187363 6.023223 1.643632
v 3.323977 28.478986 24.799949
vn 0.520313 5.672378 2.587566
v 2.249056 27.823775 26.741492
vn 0.274207 6.085042 1.467109
v 1.863715 28.362395 25.025196
vn -0.019273 6.175062 0.973399
v 2.422666 28.819232 23.215856
vn -1.275352 6.106272 -0.193625
v -0.185300 28.746703 21.440145
vn 0.054041 6.223886 0.745126
v 0.836089 28.685587 23.457742
vn -0.143600 5.773692 1.860805
v 0.421094 28.454812 25.640910
vn -1.403507 5.662536 0.323383
v -0.738501 28.819406 23.368692
vn -1.434094 5.518104 1.358941
v -0.606251 28.646502 24.731745
vn -2.355099 5.192551 2.479001
v -1.088096 27.761085 26.206541
vn -2.078948 5.250958 2.688340
v -1.155575 26.730321 28.041272
vn 0.453064 5.119201 3.596813
v 2.040378 26.825320 28.452447
vn -3.961122 4.681647 0.802278
v -3.712439 26.717099 24.462412
vn -5.718845 2.340552 -0.869305
v -5.306444 24.153798 21.394268
vn -5.146386 3.315462 0.196673
v -5.029914 25.292776 24.162877
vn -3.903091 4.413867 1.718221
v -3.862754 26.298906 25.604620
vn -3.141090 4.899166 2.325660
v -2.637298 26.566838 26.782704
vn -4.417939 4.337089 -0.084844
v -3.899305 26.665218 22.570873
vn -4.866537 3.738034 -0.654039
v -4.210205 26.228410 21.542347
vn 5.205476 2.785886 2.118954
v 14.774718 22.844255 28.584630
vn 4.883050 3.130970 2.204006
v 13.967107 23.445445 29.952751
vn 4.185571 4.095117 2.191836
v 13.572268 24.892357 28.069963
vn 3.598179 4.164582 2.511578
v 12.857127 24.854179 29.979571
vn 3.473919 3.540965 3.608936
v 13.017894 23.673702 31.165968
vn 2.014319 4.728924 3.261247
v 11.545256 25.410877 30.356007
vn 1.074594 3.515648 4.737781
v 11.276787 23.760192 32.146552
vn 2.898696 2.815734 4.612127
v 12.727328 22.193685 32.541719
vn 1.311776 3.048014 5.298292
v 10.539027 20.177738 34.041249
vn 0.962572 2.849846 5.425220
v 11.587232 21.912806 33.102510
vn 4.492958 2.593670 3.282717
v 13.835908 22.378431 31.379248
vn 4.945055 3.661801 -0.752090
v 13.962605 26.040290 21.571786
vn 5.211271 3.060372 -1.194598
v 13.586042 25.587601 17.747227
vn 3.858871 4.891592 -0.208789
v 12.481515 27.539823 22.007100
vn 3.504352 4.957586 1.415456
v 12.689230 27.029014 25.059530
vn 3.239152 4.876376 2.251866
v 12.126163 26.572969 27.015714
vn 4.120657 4.200900 1.703621
v 13.895007 25.804970 26.026000
vn 4.914064 3.130141 1.781980
v 14.870581 24.246056 26.845787
vn 4.289628 4.423546 0.142227
v 13.618510 26.628910 23.266719
vn 4.673372 3.953464 0.722531
v 14.176019 25.902851 24.554281
vn -0.061778 6.258374 0.490828
v 5.023467 28.902467 21.784193
vn -0.017451 6.072324 1.583133
v 5.002044 28.394648 24.634919
vn -0.064796 5.748037 2.499022
v 4.642803 27.803747 26.422290
vn -0.287765 4.704320 4.043651
v 5.059977 25.855677 29.260793
vn -0.243832 5.778517 2.319344
v 6.362462 27.999229 26.331034
vn -0.390415 5.297578 3.283079
v 6.113208 27.181625 27.881483
vn -0.497216 5.894802 2.079608
v 8.016111 28.072040 26.148204
vn 0.830221 5.353697 3.118943
v 10.071302 26.421666 29.056256
vn -0.145660 5.152660 3.570297
v 8.181071 26.787772 28.594728
vn 0.177290 5.261362 2.820728
v 9.065769 27.903981 27.137226
vn 1.091649 5.479465 1.934448
v 9.860770 28.326570 26.002491
vn 2.955195 5.151182 1.925053
v 11.103213 27.855529 25.584677
vn -0.001784 6.133502 1.198956
v 8.882440 28.574281 24.663336
vn 0.758989 6.120088 0.359971
v 9.836478 28.814871 22.817068
vn 0.421141 6.256176 0.231127
v 8.669407 28.852812 21.795948
vn -0.530593 3.931540 4.622091
v 6.947088 21.761367 33.903812
vn 1.348704 3.522469 4.994771
v 8.649347 20.842064 34.302564
vn 0.108432 3.775448 4.999536
v 8.955074 23.301921 32.295803
vn 0.295992 4.665637 3.835513
v 10.329018 25.486816 30.683440
vn -0.600367 4.669147 3.985702
v 6.560798 26.132522 29.483510
vn -0.501578 4.356530 4.472139
v 7.549479 24.177560 31.566192
vn 5.553331 2.773629 -0.306655
v 14.013624 24.234317 11.279571
vn 5.298638 3.291905 -0.013676
v 14.232678 23.563748 9.406138
vn 0.416191 5.644401 -1.875609
v 8.310010 27.688162 4.685762
vn -1.501449 5.587088 -2.151351
v 5.264247 27.016468 5.693327
vn 1.309302 5.602543 -2.080307
v 4.461904 26.923782 5.553335
vn -0.691318 5.960014 -1.638209
v 5.744888 27.651635 7.322791
vn 1.004661 6.110365 -0.870696
v 8.300252 28.050814 8.800417
vn 1.713241 5.684328 -1.408867
v 9.470438 28.806861 12.025756
vn 3.328074 4.948582 -1.408628
v 10.965979 27.936591 11.489193
vn 3.394244 5.010625 -1.620063
v 10.826162 27.280932 9.739305
vn 4.842114 3.843129 -0.803424
v 12.355856 25.494669 5.899745
vn 3.522335 4.903314 -1.233138
v 11.103741 26.620704 5.126539
vn 2.124804 5.617071 -0.999174
v 9.636043 27.602197 5.741040
vn 0.053882 6.271806 0.187609
v 4.503529 28.932024 20.087671
vn 0.816013 6.097165 0.162056
v 8.605290 29.271699 15.045305
vn 0.293438 6.255143 0.373410
v 7.308447 29.062053 18.476340
vn 1.736962 6.007599 -0.097632
v 9.366635 28.703000 19.173826
vn 2.431681 5.598098 -0.034434
v 10.998631 28.545590 22.264348
vn 3.250850 5.356296 -0.009106
v 10.671466 28.095600 17.806610
vn 3.663443 4.980805 -0.273281
v 10.982967 28.180412 13.281935
vn 3.017119 5.389225 0.271685
v 10.101108 28.768608 14.863189
vn 2.002084 5.777771 -0.406801
v 9.527834 29.047468 13.759946
vn 0.310618 6.124414 -0.927872
v 8.061747 29.183252 12.963162
vn 0.094812 6.275378 -0.101807
v 6.850479 29.218317 14.460597
vn 0.039054 6.183221 -0.357320
v 4.871147 29.369235 13.844322
vn -0.062296 6.259142 0.414383
v 4.661837 29.195434 17.140257
vn 4.428790 4.328453 -0.702309
v 12.215895 26.934065 16.719946
vn 5.763114 2.418996 0.504992
v 13.817121 24.386456 13.307318
vn 5.124408 3.305693 0.300321
v 13.142055 26.021128 13.714774
vn 5.618927 2.579206 -0.588354
v 13.367271 25.088263 16.031581
vn -4.250333 4.415382 -1.267045
v -2.620499 26.135709 9.665146
vn -4.536807 4.285273 -0.633195
v -2.665565 25.721211 8.198077
vn -5.186171 3.492800 0.020635
v -4.914071 22.987320 8.936499
vn -5.106888 3.502632 -0.795798
v -3.288302 24.812257 6.553874
vn -5.024977 3.706917 0.345663
v -2.808491 26.498762 15.586872
vn -4.992216 3.518426 -1.216502
v -3.609733 26.031424 18.211521
vn -3.633348 5.027251 -0.349390
v -2.568065 27.743553 21.608999
vn -4.027943 4.666374 0.261833
v -1.800452 27.886647 14.442103
vn -4.988345 3.614235 0.254430
v -3.077343 26.524596 13.953166
vn -5.075457 3.469386 -0.759741
v -3.744730 25.323761 11.136013
vn -5.663192 2.628305 0.295501
v -4.197610 24.550127 12.521191
vn 0.152282 6.268848 0.257270
v 3.062793 28.998308 20.804986
vn 0.020837 6.272650 0.291670
v 3.202548 29.012155 18.808435
vn -0.113117 6.275281 0.227121
v 3.545456 29.209637 15.519602
vn -0.071403 6.228104 -0.695874
v 2.747135 29.174131 13.387993
vn -0.518652 6.166436 0.133625
v 1.435926 29.301068 14.935863
vn -0.778288 5.950070 -0.984654
v 1.046641 29.191000 12.923223
vn -3.400598 4.839472 -1.482039
v -1.486120 27.821178 11.438315
vn -2.758357 5.383286 -0.888605
v -0.659588 28.606594 12.749518
vn -2.431207 5.643475 0.184734
v -0.167682 28.931066 14.619620
vn -3.957828 4.828025 -0.049977
v -1.709741 27.569612 16.656005
vn -3.653489 4.907978 -0.839324
v -2.238568 27.608333 18.611446
vn -2.614387 5.685776 -0.147851
v -0.540740 28.359412 18.009171
vn -0.406337 6.222867 0.456438
v 1.499904 28.962717 21.672114
vn 0.276218 5.977539 -1.716882
v 3.480374 27.833588 7.952551
vn 1.384394 5.623179 -1.529600
v 2.748592 27.654586 4.946339
vn -0.062132 5.475001 -2.616091
v 1.650975 27.323913 3.808529
vn -3.627452 4.342949 -2.342422
v -1.646533 26.011221 3.764062
vn -1.292076 5.781805 -0.909931
v 0.596986 27.875748 5.912467
vn -4.479370 4.010352 -0.878001
v -2.377698 25.972801 5.438150
vn -3.501434 5.148230 -0.668688
v -1.231044 27.048332 8.818329
vn -1.893840 5.907529 -0.820438
v 0.329854 27.816784 8.906671
vn -0.637649 6.167275 -0.410406
v 1.369068 28.025199 7.927171
vn -2.188165 5.550290 -1.759470
v -0.158204 27.974763 10.049456
vn -0.296519 6.173778 -1.066959
v 4.157196 29.053492 12.105640
vn -0.400906 5.976871 -1.657154
v 4.070705 28.695594 10.068685
vn 0.324903 6.065218 -1.401059
v 5.358644 28.851454 10.724500
vn -0.685885 6.052374 -1.490266
v 2.025211 28.317438 9.831340
vn -4.086252 -1.662179 3.092782
v -4.725307 -1.327503 4.003279
vn -5.071026 -1.263947 2.189483
v -5.339039 -2.002155 2.688681
vn -4.793964 0.361780 -1.053060
v -5.647839 -1.881332 1.503266
vn -4.992063 1.644364 -1.731619
v -4.610222 1.851459 2.123018
vn -2.052847 1.611815 -5.112624
v -2.971138 2.162584 0.703250
vn -3.134260 0.442173 -4.467254
v -4.129686 0.149069 0.865909
vn -1.162435 -0.317931 -6.080843
v -2.781172 -0.546246 0.799344
vn -2.759661 -1.704394 -4.094467
v -3.908377 -2.686002 1.181651
vn -1.374740 0.718275 -5.904959
v -2.657023 -2.246442 0.544870
vn -0.063791 -1.937717 -4.549411
v -2.949723 -4.103634 0.279228
vn -2.614525 -0.211303 -4.306208
v -3.479177 -3.737802 0.354724
vn -2.038237 0.798720 -5.070702
v -4.200309 -0.720295 0.854925
vn 0.574938 -0.831928 -5.487904
v -4.630143 -1.926477 0.715664
vn -2.801021 0.449548 -3.649494
v -5.238817 -1.827999 0.810210
vn -1.861353 -3.282921 -2.525542
v -5.086776 -2.607421 1.062019
vn -4.875721 -2.651983 0.106900
v -5.546760 -2.252955 1.709467
vn -2.570113 -4.763327 0.964422
v -4.912323 -2.788307 2.299893
vn -5.749453 1.573639 -1.644480
v -3.424032 7.887056 3.810830
vn -5.619843 1.303978 -1.987576
v -3.709696 6.243421 2.652539
vn -4.407786 -0.833252 -3.759577
v -3.142537 9.146841 3.906438
vn -3.067937 -0.319522 -5.316668
v -2.022287 10.129645 2.528544
vn -4.578267 2.259262 -3.127325
v -2.958487 7.284211 1.793552
vn -4.106839 2.652401 -3.778347
v -2.243956 8.591465 2.235515
vn -3.785758 0.323304 -4.416815
v -3.080604 5.666565 1.395669
vn -3.001847 0.913198 -5.114344
v -2.888824 3.639685 1.297012
vn -5.594145 1.095812 -2.230659
v -3.913785 3.650613 2.596382
vn -6.178097 0.557420 0.704174
v -4.135175 2.911737 4.169191
vn -6.069345 0.537839 -0.631268
v -4.115853 5.046741 3.660817
vn 3.551541 0.021992 -4.556791
v -0.194423 12.551754 2.125488
vn 4.854868 3.877071 0.027421
v 1.502919 10.987640 4.234771
vn 0.899942 1.869989 -5.788017
v 0.150988 10.384935 2.228470
vn 4.792175 3.535471 1.873709
v 0.911634 11.178050 6.495906
vn 4.642995 3.314571 2.624199
v 0.330650 10.669699 8.198925
vn 4.860703 3.677147 1.443043
v 1.802055 10.240125 5.829386
vn 4.593623 3.238768 2.797621
v 0.651448 9.386313 9.164494
vn 5.455282 2.945824 0.445292
v 0.153020 8.096678 12.461819
vn 5.736834 2.243682 -0.303259
v -0.670307 9.681033 13.144483
vn 4.661435 3.349744 2.476366
v 1.600490 9.554469 7.577287
vn 4.669378 2.992953 2.944582
v 1.554435 7.616426 9.746353
vn 3.910255 2.797324 -3.620983
v 0.839805 11.175999 2.789498
vn 4.565789 3.242773 2.824758
v 2.105579 8.224545 8.286232
vn 5.544571 2.864466 -0.687814
v 0.917040 6.946108 14.450444
vn 5.794426 2.309068 -0.729230
v -0.389502 9.928295 15.187829
vn 5.397791 3.118721 -0.665697
v 1.434463 6.561154 16.488148
vn 5.575417 2.593087 -1.184324
v 0.588770 9.352996 21.120087
vn 4.987751 3.147769 1.584776
v 1.876192 5.035231 11.785075
vn 4.795826 3.729378 -0.506161
v 2.092096 4.494135 13.348441
vn 2.611318 3.690158 -1.714297
v 2.541438 5.116806 21.996948
vn 2.440942 2.252350 -4.347184
v 2.294374 9.331330 25.435249
vn -0.243525 4.149392 -3.540881
v 5.001550 5.500033 23.271179
vn -0.001985 2.023010 -5.121863
v 5.074952 9.686626 26.352943
vn 3.077284 5.055782 -1.165427
v 3.442363 3.650251 15.155758
vn -0.271453 5.898191 -1.435020
v 4.925103 3.458356 15.901223
vn 4.164769 3.220965 3.238000
v 2.493881 5.709492 9.946847
vn 3.679966 4.269973 1.417029
v 2.908412 3.620295 11.818015
vn 0.987806 4.202211 4.019887
v 4.530651 4.969912 8.981472
vn 1.980719 5.307557 -0.102129
v 3.859272 2.877095 12.917105
vn -0.041452 5.978364 -0.636828
v 4.899552 2.807771 13.311102
vn 1.480549 4.417298 3.245277
v 4.132691 3.492731 10.596330
vn -0.501521 4.960869 2.391051
v 4.882816 3.098299 11.076644
vn 3.992819 4.526855 1.433555
v 2.698383 9.554885 4.509231
vn 2.528725 4.819158 -2.222858
v 2.595711 9.819881 2.634312
vn 4.472889 3.794884 2.195287
v 2.715278 8.678535 6.362155
vn 3.261858 4.146969 3.227288
v 3.477956 7.182525 7.387031
vn 2.434373 4.823031 2.856673
v 3.842997 8.108009 5.518245
vn 0.844812 5.882756 1.355514
v 4.395877 9.047361 3.524079
vn 0.613045 2.483162 -5.475537
v 1.936854 8.119720 0.903664
vn 0.437330 4.650266 -3.557432
v 3.782310 8.952195 1.636945
vn 0.485669 1.797277 -5.873228
v 3.514169 8.037760 1.076127
vn -0.479883 0.190350 -6.166457
v 5.482688 7.163234 1.069249
vn 0.611945 -0.997315 -6.014251
v 4.464527 5.604472 1.432186
vn 0.324272 1.319957 -5.925605
v 0.945190 7.280999 0.543952
vn 1.279200 -0.617297 -6.084307
v 2.386527 5.315733 0.815780
vn -0.224462 -0.326683 -6.230460
v 0.346497 4.231036 0.836841
vn 0.562701 -0.435763 -6.131283
v 1.126437 6.062252 0.510203
vn -2.674533 2.132193 -4.585383
v -2.043217 7.520689 1.011077
vn -1.289903 2.374673 -5.259905
v -1.096470 7.804262 0.792984
vn -1.546339 2.192469 -5.578055
v -0.963238 9.598510 1.984192
vn -0.646594 -0.242816 -6.163366
v -1.073906 10.763013 2.158033
vn -2.073321 -1.058123 -5.560737
v 5.323122 1.114657 1.138781
vn 1.659166 -0.752914 -5.714519
v 4.378841 1.252793 1.101308
vn 2.790535 -0.478670 -5.008846
v 3.000036 -0.206208 0.548611
vn 3.169600 -0.576918 -4.030910
v 3.007452 -2.074356 0.448636
vn 0.470649 0.007390 -6.258090
v 1.832439 -0.956194 0.415408
vn -0.145643 -0.344323 -6.256695
v 0.378376 -2.113722 0.399077
vn -0.240907 -0.016697 -6.190500
v -1.513293 -2.843363 0.596745
vn -0.258014 -0.211004 -6.198566
v -0.147509 -0.023374 0.192930
vn -0.595395 1.259240 -5.971511
v -1.020216 2.968036 0.980771
vn -0.483509 1.072670 -6.001187
v -0.755745 1.368681 0.277430
vn -0.050745 1.270382 -6.139639
v 0.868896 2.489987 0.606823
vn 1.127240 0.450666 -6.118539
v 2.354037 3.832504 0.915715
vn 0.924963 -0.093213 -6.037843
v 4.161612 4.353514 1.511002
vn 1.220622 0.974991 -5.941567
v 4.178011 2.752887 1.372078
vn 1.397235 0.970268 -5.885002
v 2.765205 1.994503 0.566717
vn -5.019281 3.296662 -1.782860
v -3.977041 23.267557 5.779920
vn -2.013355 5.268844 -2.437088
v -0.044409 27.014743 3.950689
vn 0.194683 3.875189 -4.528923
v 1.945478 25.651138 1.471683
vn 2.537977 4.931974 -2.589422
v 3.730509 26.677544 3.581168
vn 2.286997 4.432867 -3.684492
v 4.707895 25.373539 2.816369
vn 2.593124 3.783403 -3.962824
v 3.661995 25.586648 2.021011
vn -1.440320 3.842027 -4.548216
v 0.375191 25.421894 1.589762
vn 1.817374 2.503272 -5.100859
v 3.057819 24.634392 1.020191
vn 0.670002 2.675548 -5.140991
v 4.612336 24.181704 1.822272
vn 1.109101 1.081716 -5.968013
v 4.525530 22.125626 1.103049
vn 1.458999 1.178583 -5.830089
v 2.739046 23.268922 0.525141
vn 1.484512 -1.370165 -5.874867
v 4.216349 20.675944 0.989263
vn 0.030876 -1.013835 -6.022294
v 0.357857 19.983551 0.273699
vn 1.629302 -0.213510 -5.890425
v 3.059007 21.602635 0.443137
vn -1.036485 0.844606 -6.035038
v 0.104204 22.100295 0.328883
vn -2.253194 2.385397 -4.971475
v -0.746610 24.033235 1.013301
vn 0.390229 -0.024520 -6.168489
v 1.516059 21.558380 0.226138
vn -1.450881 0.288026 -5.950459
v -0.941551 20.808578 0.389188
vn -4.371655 2.059506 -3.838271
v -3.054646 21.393615 1.704322
vn -4.626760 2.339151 -3.302673
v -2.598947 23.310144 2.260549
vn -4.893855 2.800184 -2.683855
v -3.644781 21.833880 3.231911
vn -4.925300 2.979417 -2.089401
v -2.641645 24.875204 3.818894
vn -3.483202 3.277722 -3.697891
v -1.560896 24.860149 2.152633
vn -2.402842 4.530111 -3.434562
v -0.646908 26.004387 2.738242
vn 0.507881 -6.109663 -0.380790
v 4.432905 20.311138 6.016769
vn -0.374504 -6.212477 -0.763839
v 5.590255 20.021189 7.533403
vn 0.601718 -6.209787 -0.552703
v 3.573206 19.978573 7.618572
vn -0.026092 -6.263164 -0.355563
v 4.864382 19.844299 8.922798
vn 0.115364 -6.279481 -0.026208
v 3.892857 19.852265 10.515006
vn 0.256197 -6.261582 0.276394
v 3.776125 19.825613 12.233376
vn -0.050095 -6.254247 0.406090
v 4.956896 19.831606 12.259206
vn 0.393083 -6.147271 1.171721
v 4.200825 20.124025 14.243033
vn 1.049988 -6.141070 -0.168584
v 2.285016 19.772338 11.300219
vn 1.348398 -6.093579 0.463823
v 2.564099 19.780727 13.401982
vn 2.460948 -5.731710 -0.348994
v 1.337246 19.411990 12.586908
vn 3.294576 -5.004527 -0.615281
v 0.341062 19.161659 11.363685
vn 2.962792 -5.233653 1.723346
v 2.718106 19.415705 4.202645
vn 2.033688 -5.795090 0.683662
v 2.659386 19.873686 5.930684
vn 2.113876 -5.729768 0.507979
v 1.475255 19.649899 7.559433
vn 3.786863 -4.679105 0.321894
v 0.018512 19.018328 8.648180
vn 4.686008 -3.893464 -0.094977
v -0.534854 18.464610 9.845551
vn 4.643299 -3.297538 2.313332
v 0.038841 17.937458 5.560842
vn 4.336992 -3.960293 1.349013
v -0.178009 18.528334 7.104836
vn 5.570896 -2.471005 0.659929
v -1.039771 17.469382 8.215077
vn 5.663291 -1.485776 1.579165
v -1.080183 16.617475 6.747952
vn 1.021608 -5.946057 0.471655
v 3.654906 20.643212 16.520768
vn -0.158771 -6.181457 -0.649140
v 4.976606 20.536008 19.573069
vn 2.300203 -5.658595 0.656148
v 2.287311 20.070688 15.462853
vn 3.095227 -5.294496 -0.356709
v 2.052201 20.004962 17.638134
vn 1.881043 -5.085536 -1.806215
v 3.094923 20.029673 22.393337
vn -0.194060 -5.197774 -2.556281
v 5.004504 20.054657 22.970066
vn 1.696150 -3.677715 -4.222689
v 2.771775 17.954510 25.127022
vn -0.501716 -2.953895 -5.451364
v 5.681173 17.153790 25.751218
vn 3.689920 -3.364114 -2.068641
v 0.650818 18.096195 23.494389
vn 3.449941 -5.112288 0.115180
v 0.995744 19.272361 14.205172
vn 4.322559 -4.384859 -0.315832
v 0.658708 18.998355 16.136984
vn 4.485639 -4.226234 -0.719595
v -0.042090 18.476168 12.813185
vn 5.247457 -3.290667 -0.394612
v -0.577410 17.563602 14.567979
vn 5.110458 -3.564394 -0.712262
v 0.155912 18.020779 17.664957
vn 5.544753 -2.824973 -0.569176
v -0.441279 16.797118 19.218913
vn 0.696994 -2.280133 -5.693628
v 3.777035 16.245017 26.183586
vn 1.835903 -0.447766 -5.605952
v 2.605918 14.111879 26.601556
vn 4.091818 -1.592327 -3.314059
v 0.355315 15.906591 24.979500
vn 4.182188 0.400478 -3.451864
v 0.214882 13.917396 25.200798
vn 2.392615 1.050155 -5.422497
v 2.578726 12.348677 26.397233
vn 5.040016 1.836915 -2.415610
v 0.162703 11.706251 24.035269
vn 5.921005 -1.103804 -1.011392
v -0.958075 15.206235 20.445076
vn 6.002881 1.027527 -1.286623
v -0.723740 12.835661 21.125613
vn 5.852513 1.973017 -0.673167
v -0.817810 11.592498 18.757268
vn 6.050866 1.599991 -0.421403
v -0.987874 11.378735 14.394569
vn 5.392657 -2.818934 -0.601073
v -0.927726 17.704357 11.230141
vn 5.928155 -1.813180 -0.030676
v -1.252732 17.004964 9.588598
vn 5.840617 -2.010282 -0.444226
v -1.200002 16.602464 12.712460
vn 6.202817 -0.765890 -0.170242
v -1.472731 15.574678 10.779011
vn 6.244885 0.427542 -0.116384
v -1.504264 13.695102 11.478731
vn 6.121060 -0.367600 0.686061
v -1.490287 15.518775 8.476166
vn 6.106295 0.579074 0.656403
v -1.539518 13.996479 9.183882
vn 6.235941 0.624550 -0.171074
v -1.384064 13.298275 13.553916
vn 6.137238 1.254168 -0.194555
v -1.195790 11.805192 12.691639
vn 5.980107 1.569383 0.501786
v -1.303203 12.212195 10.568349
vn 5.318224 2.654684 1.865525
v -0.782083 11.661083 9.120071
vn 5.688177 1.960215 1.477453
v -1.214953 12.798889 8.863994
vn 4.992170 3.089968 2.192532
v -0.235202 12.174601 7.245894
vn 4.099483 -3.776175 -1.972523
v 0.914927 17.441784 1.915441
vn 4.443217 -3.999606 1.734285
v 1.015342 17.939866 3.878039
vn 5.621814 -1.367133 2.093211
v -0.425751 16.204210 4.847519
vn 5.703995 -2.286613 -0.190421
v 0.180430 16.156418 2.752610
vn 5.845644 1.181514 1.773014
v -0.452960 14.415941 5.013367
vn 6.151819 0.367393 0.405106
v -0.093943 14.712029 3.487865
vn 5.365708 2.936623 1.325082
v 0.179300 12.775486 5.225578
vn 5.642696 2.262123 -0.867184
v 0.426191 12.680169 3.518967
vn 1.470276 -0.984563 -5.769993
v -0.804132 13.232177 1.718135
vn 4.559268 -0.567663 -3.737202
v -0.454139 14.680531 1.773152
vn -0.779786 -1.488779 -5.992634
v -2.128491 13.382376 1.718028
vn 3.537203 -1.874701 -4.297006
v -0.076674 16.583039 1.488983
vn 0.932761 -1.361794 -6.025624
v -0.986873 16.441837 1.241365
vn -0.676396 -0.960544 -6.125495
v -1.391771 18.729284 0.732427
vn 1.393951 -1.909538 -5.648944
v -0.597008 16.887006 1.160459
vn 1.517132 -2.140906 -5.518656
v 2.129372 19.867604 0.584828
vn 1.525143 -4.358117 -3.738041
v 3.918534 19.690295 1.392056
vn 2.858514 -4.076086 -3.645143
v 1.891346 18.826607 1.234607
vn 1.258637 -5.991996 0.154413
v 4.122358 19.458079 2.416413
vn 3.230186 -5.228221 -0.248381
v 2.489229 18.771321 2.328384
vn 1.249144 -5.763714 1.321832
v 4.063107 20.170881 4.553552
vn -3.334605 -2.438530 -4.686074
v -4.021325 10.785634 3.528818
vn -4.270746 -1.188253 -4.254467
v -5.551130 14.659937 2.940913
vn -4.325374 1.414385 -3.973708
v -5.007552 18.904096 2.401671
vn -2.986008 -0.660480 -5.041484
v -4.469939 15.846638 1.684635
vn -2.508888 0.224290 -5.533194
v -3.367552 18.423106 1.132600
vn -0.943953 -0.817497 -6.023081
v -2.727718 16.922582 1.060909
vn -2.213242 -1.795639 -5.422783
v -3.664030 13.971170 1.874635
vn -2.168894 -1.951252 -5.537127
v -2.768348 12.203188 2.298458
vn 5.008671 2.546660 -2.375310
v 15.804440 19.951052 4.920436
vn 4.651362 2.608403 -3.276701
v 13.572392 20.965809 2.656872
vn 3.719226 -1.599587 -4.647711
v 14.608909 14.831564 2.504498
vn 2.975471 -2.438187 -4.851348
v 13.711583 11.235560 3.523429
vn 3.666610 -1.435826 -4.521455
v 12.468434 9.936298 3.675809
vn 1.135365 -1.820918 -5.786536
v 11.612582 12.986948 1.877191
vn 1.032451 -0.919568 -5.987282
v 12.564364 16.247379 1.180758
vn 5.137715 1.141252 -3.114279
v 15.837990 18.103501 3.726372
vn 3.210366 -0.783457 -4.992814
v 14.143286 16.081930 1.746372
vn -5.595979 2.665635 -0.036434
v 9.349586 12.761951 4.057108
vn -5.069028 3.479203 1.099400
v 8.920327 11.810107 5.403923
vn -5.240837 2.924021 1.813387
v 9.900374 12.960571 6.004759
vn -5.728791 1.612470 1.853174
v 10.553326 13.836286 6.656752
vn -5.932730 0.149040 -1.415747
v 9.740028 13.856442 2.659454
vn -5.833420 -1.836590 -0.341070
v 9.536369 15.885033 2.578208
vn -5.914024 1.468085 1.353007
v 9.922850 13.949069 4.635549
vn -5.979182 0.009902 1.498500
v 10.940730 15.330278 7.108545
vn -6.090002 -0.327454 1.442328
v 9.857053 15.405975 3.936184
vn -5.856117 -0.071976 1.993701
v 10.453973 15.353585 5.556840
vn -5.388833 -2.183338 2.116423
v 9.904605 16.701990 4.765086
vn -5.458715 -2.187048 1.544286
v 10.569038 17.166006 6.853701
vn -4.777874 3.472114 2.133887
v 9.643407 12.004280 6.937617
vn -5.109321 2.900188 2.125337
v 10.147257 11.335299 8.873367
vn -5.421750 2.313750 1.729778
v 10.631187 12.733047 7.942368
vn -5.540703 2.351705 1.376161
v 10.521049 10.749769 10.560067
vn -6.046894 1.489190 0.010146
v 10.866520 11.455640 11.819843
vn -5.786938 2.196491 -0.204781
v 10.377728 9.854192 12.687960
vn -5.991042 1.788312 -0.524345
v 10.558413 11.099487 14.173255
vn -6.192068 0.965673 -0.306291
v 10.969958 12.571943 13.099345
vn -6.173129 1.118131 -0.137631
v 10.981299 12.976240 15.129563
vn -5.980184 1.424941 0.705317
v 11.058434 12.646935 10.176701
vn -6.250023 0.333720 -0.073814
v 11.208791 13.867222 10.835104
vn -6.123367 -0.195121 -0.341674
v 11.194169 14.445803 15.842757
vn -6.260566 0.155694 -0.063794
v 11.128130 14.168404 13.620987
vn -5.711641 2.537016 -0.605009
v 10.011441 10.098798 15.882502
vn -5.747794 2.307403 -0.571894
v 10.424389 11.189865 17.659369
vn -5.633049 2.607678 -0.905800
v 9.163994 9.487828 20.543912
vn -5.288212 2.074632 -1.863414
v 9.793274 11.584494 23.337893
vn -6.050484 0.820175 -0.783264
v 10.793447 13.107538 19.488019
vn -4.553932 0.648929 -2.936183
v 9.857718 13.738339 24.713936
vn -3.464236 2.439073 -3.702641
v 7.795123 9.297650 25.080048
vn -2.884556 1.060367 -5.113246
v 7.684712 12.495573 26.200725
vn -2.130995 -0.332494 -5.548322
v 7.430093 14.192649 26.473523
vn -6.038347 -1.172231 -0.778585
v 10.688789 15.025814 19.576862
vn -4.438388 -1.435601 -2.911813
v 9.738840 15.745518 24.599941
vn -5.696833 -2.524746 -0.552399
v 10.262832 16.486815 18.608676
vn -2.129687 -2.000340 -5.171312
v 7.481608 15.809771 26.118439
vn -1.634653 -3.863915 -4.334197
v 6.666223 17.922436 25.097594
vn -6.104227 0.475707 0.722798
v 11.202287 14.366275 8.847309
vn -6.251352 -0.486088 -0.123253
v 11.179123 15.056158 10.876769
vn -6.144541 -1.091991 -0.098847
v 11.097540 16.064375 10.080906
vn -6.094704 -1.215102 -0.309869
v 11.050587 15.810229 12.895042
vn -5.226172 -3.377111 -0.458411
v 10.160003 17.682938 13.989488
vn -6.053569 -1.090471 0.602759
v 11.061463 16.220872 8.283076
vn -5.468017 -2.752667 0.240673
v 10.711279 17.491030 8.921291
vn -5.312327 -3.010023 -0.382756
v 10.583269 17.701446 10.984247
vn -4.093844 -4.513085 -0.524364
v 9.637667 18.718142 12.088839
vn -5.240864 -3.348912 -0.777894
v 9.697345 17.793484 17.373515
vn -4.446343 -4.266515 -0.346491
v 9.164895 18.849294 15.969340
vn -3.370828 -5.147927 -0.361281
v 7.840026 19.857246 17.606176
vn -2.028052 -5.264509 -1.693713
v 6.587718 19.970529 22.293319
vn -1.895833 -5.889588 -0.573362
v 6.509175 20.333552 19.019331
vn -3.520022 -5.077157 0.000414
v 8.786031 19.181299 14.091903
vn -2.536610 -5.576617 0.587048
v 7.602041 19.959872 15.435711
vn -2.241026 -5.828854 -0.187769
v 8.300774 19.414449 12.529653
vn -1.689138 -6.014762 0.550287
v 7.314267 19.723860 13.559704
vn -1.394219 -5.912508 0.404839
v 6.356252 20.547644 16.570360
vn -0.718833 -6.135120 1.057515
v 6.003781 20.071726 14.185761
vn -4.486023 -3.932132 1.845438
v 8.717007 17.773782 3.779365
vn -4.565291 -3.755166 -1.367860
v 8.712719 17.418166 2.154336
vn -4.208613 -4.134457 1.173439
v 9.695910 18.675616 7.141028
vn -3.577696 -4.870498 -0.055764
v 9.503285 19.026280 9.602217
vn -2.260009 -5.651239 -0.059120
v 8.567148 19.544952 8.255566
vn -4.221270 -3.934037 2.154504
v 9.298831 18.356874 5.661362
vn -2.461078 -5.497091 0.853933
v 8.240327 19.587439 6.939840
vn -1.658060 -5.885472 -0.139386
v 7.948586 19.703167 10.950675
vn -0.650827 -6.231347 0.124935
v 6.524513 19.799171 12.104946
vn -0.776617 -6.202629 -0.121472
v 6.947034 19.804550 9.304410
vn -0.737628 -6.213877 -0.323872
v 6.811091 19.859645 8.226487
vn -1.736252 -5.907216 0.387309
v 6.875600 19.950626 6.237640
vn -3.297519 -4.949678 1.854738
v 7.782734 19.169250 4.848794
vn -0.688908 -5.961188 0.634753
v 5.290462 20.327603 5.142844
vn -2.238404 -5.578976 1.508416
v 6.264042 19.909191 4.523318
vn -1.072707 -5.833565 1.731872
v 5.467774 19.716712 3.166224
vn -1.736912 -5.861223 -0.603556
v 5.737106 19.438069 2.147674
vn -3.237824 -5.219367 1.021722
v 7.017496 18.931211 2.924234
vn -3.044060 -4.518453 -2.591234
v 7.459718 18.708537 1.603299
vn -1.686491 -2.669781 -5.037002
v 8.948456 18.394490 0.865705
vn -1.257114 -3.930884 -4.225094
v 5.584787 19.757642 1.477199
vn -2.121739 -1.115802 -5.610944
v 6.487774 20.895760 0.607473
vn -1.617096 -2.243370 -5.350201
v 7.393727 19.880916 0.606909
vn -0.006956 -0.919355 -6.059433
v 9.118905 20.185531 0.292737
vn 0.323075 -1.116204 -6.151444
v 10.665439 19.095123 0.644337
vn 1.577010 0.270948 -5.910454
v 10.934544 20.597533 0.493312
vn 3.542826 1.362766 -4.823240
v 12.931474 19.953467 1.327039
vn -0.585018 -1.386820 -6.091945
v 10.775643 16.995116 1.132912
vn -3.099306 -2.188343 -4.419560
v 9.688020 16.635404 1.419213
vn -2.274760 2.371002 -5.174944
v 5.922781 24.185363 1.206029
vn -0.766557 3.814124 -4.599527
v 7.444653 25.597741 1.517988
vn -2.275621 3.938021 -4.315468
v 5.068629 24.797590 2.147104
vn 0.123779 4.820886 -2.906194
v 4.850579 25.925774 3.665890
vn -1.927318 5.168242 -2.602186
v 6.510715 26.899660 3.576043
vn -0.576185 1.938105 -5.671423
v 7.778143 23.898059 0.495933
vn 2.513013 3.184146 -4.429945
v 10.370101 24.822669 1.476928
vn 0.735160 3.159456 -5.151594
v 8.737199 24.783200 0.939227
vn 0.344853 5.191276 -3.200106
v 8.217380 26.821713 2.990010
vn 1.305484 4.601363 -3.814586
v 9.115079 26.093904 2.190337
vn 2.987548 4.498609 -2.784337
v 10.886181 26.011326 3.189191
vn 4.354603 2.983235 -2.819792
v 11.947553 24.842855 2.949234
vn 4.572161 3.781706 -1.321476
v 12.066990 25.661353 4.686444
vn 3.651330 1.873268 -4.352861
v 12.200440 22.017562 1.359998
vn -0.131088 0.087549 -6.119755
v 8.303235 21.856905 0.187205
vn -1.722232 0.589126 -5.800282
v 6.753369 22.548078 0.423949
vn 1.527509 1.633936 -5.666751
v 9.626818 23.424467 0.551542
vn -1.513662 0.434454 -5.971141
v 5.353617 22.042927 1.033085
vn 5.057480 1.452811 -1.422045
v 14.712331 -0.135279 1.782813
vn 3.636839 0.276992 -2.667456
v 15.140445 -1.884499 0.982420
vn 4.677261 -1.367832 1.428717
v 15.161941 -2.188159 1.955101
vn 2.203508 -1.754477 -4.511189
v 13.532400 -2.606909 1.231184
vn 2.146497 -4.795688 0.759317
v 14.511757 -2.810380 1.978643
vn 3.487108 -2.209174 -1.588434
v 15.160469 -2.327248 1.192083
vn 0.687778 -3.707855 -3.518300
v 14.475450 -2.537818 0.979517
vn 0.680959 -0.870179 -5.930181
v 13.105050 -1.840085 1.030190
vn 2.168253 0.172512 -4.146010
v 13.095499 -3.737273 0.314086
vn 0.010644 -0.366503 -5.329188
v 12.438361 -3.662555 0.223052
vn 0.842968 -0.174976 -5.003090
v 14.494015 -1.816422 0.656878
vn 1.623879 0.860930 -5.625537
v 13.895034 -0.859141 0.829044
vn 2.363853 0.567281 -5.584234
v 13.032782 1.024944 0.699272
vn 1.215289 0.250295 -6.059409
v 11.739885 -1.762172 0.487932
vn 1.128124 -0.270793 -6.168133
v 11.728914 -0.493688 0.526984
vn 1.648325 1.456435 -5.468561
v 12.394946 1.900039 0.558171
vn 4.970814 1.144851 -3.371191
v 13.181851 3.708346 2.060459
vn 4.170038 1.856786 -3.612495
v 13.824749 1.715022 1.365488
vn 5.779278 1.742112 -0.447123
v 14.178926 1.947855 2.669021
vn -3.311372 -0.074031 -4.431762
v 6.530540 -1.618882 0.468290
vn -4.740637 -1.853318 -3.450531
v 5.927762 -0.186799 1.226962
vn -5.611174 -2.446965 0.239828
v 5.870547 -0.606907 2.053236
vn -1.107012 0.858531 -5.935920
v 5.458439 2.991996 1.424737
vn -1.617228 0.684312 -5.567245
v 6.679012 1.480158 0.358955
vn -1.042905 1.160809 -6.029298
v 7.075596 3.321883 0.945217
vn -0.963495 -0.583844 -6.146587
v 7.648783 4.454189 0.899176
vn 0.148149 0.666393 -6.037684
v 9.392602 3.296660 0.983093
vn 2.350540 0.919958 -5.573634
v 12.169905 3.597157 1.228269
vn 0.459241 -1.585486 -5.638118
v 11.479740 -4.121202 0.742724
vn -0.054711 -0.455013 -6.183520
v 11.014950 -2.670085 0.557611
vn -1.842950 -0.011840 -5.844044
v 6.920819 -0.495415 0.465662
vn -0.099942 -0.005570 -6.118953
v 7.461417 -2.587176 0.261072
vn -0.294089 3.667821 -4.629609
v 5.508210 8.751229 1.469024
vn -1.257041 5.869735 -0.994959
v 5.717970 9.292854 2.485207
vn -0.902491 5.191364 3.068387
v 5.109999 8.234003 4.962871
vn -0.629603 4.775852 3.444857
v 5.051900 7.189922 6.512829
vn -0.285828 4.107862 3.981074
v 4.972226 5.825773 8.020516
vn -2.664972 4.183580 3.421892
v 6.167049 4.359522 10.147632
vn -2.831556 5.072626 2.024472
v 6.182472 9.007964 4.332338
vn -3.699789 3.872496 3.186091
v 6.417080 7.146395 7.732737
vn -3.802093 4.172314 2.539461
v 6.577164 8.280434 6.267827
vn -2.278916 5.184728 0.103434
v 5.952300 2.934515 12.996735
vn -3.257028 4.989120 -1.319700
v 6.409885 3.788177 15.221586
vn -4.552279 3.798412 -0.729822
v 7.462401 4.277833 13.923864
vn -3.010210 3.623907 -1.672679
v 7.441307 5.347163 21.856937
vn -5.582674 2.821530 -0.517798
v 8.512495 7.192230 16.901698
vn -4.591269 3.086762 2.849570
v 7.412735 5.646615 10.356585
vn -5.214282 3.047867 0.811367
v 8.181100 5.442174 12.394497
vn -4.547668 3.186274 2.914945
v 7.826174 8.343934 8.602684
vn -4.772290 3.009704 2.749093
v 8.518580 7.784586 10.190470
vn -5.313881 2.855304 0.789372
v 9.641546 8.191204 11.988404
vn -3.489990 4.903327 -0.778924
v 7.423421 10.155109 3.497332
vn -4.710598 3.524133 2.193638
v 7.397420 8.834755 7.144111
vn -4.613699 3.385561 2.514776
v 8.235606 9.579134 7.835999
vn -4.719948 3.847437 1.442060
v 7.787872 10.142308 5.632905
vn -4.701550 3.152633 2.678312
v 9.348468 9.691584 9.311140
vn -4.693724 3.466941 2.251086
v 8.898936 10.827173 7.339564
vn -0.265572 2.729270 -5.478126
v 8.416214 8.299768 0.927641
vn -1.085139 4.347430 -4.068868
v 7.733626 9.504995 1.848238
vn 1.412670 2.718051 -4.999267
v 10.415935 8.119200 0.890016
vn -4.805506 3.374625 -1.478201
v 8.489375 11.294172 3.610809
vn -1.686236 2.447645 -5.086327
v 9.140670 10.463831 2.217475
vn -3.637445 0.649244 -4.239938
v 9.713118 12.271071 2.246193
vn -2.169864 -0.611424 -5.331469
v 10.259530 12.829502 1.900623
vn 0.740946 -0.901365 -6.059238
v 10.784063 11.370024 2.163971
vn 0.898149 3.289475 -5.228708
v 9.820397 9.229644 1.671211
vn 2.833371 0.601739 -5.344444
v 11.214096 10.016414 2.408617
vn 3.731946 2.461725 -4.212953
v 11.437232 8.763298 2.042134
vn 0.103474 -0.733225 -6.156098
v 9.422329 5.261649 0.579915
vn -1.053571 -0.146088 -5.993143
v 7.424806 6.321715 0.605269
vn -1.235423 -0.460249 -5.991345
v 5.933123 4.937521 1.416444
vn -0.706543 2.174658 -5.728177
v 7.137660 8.095487 0.983350
vn 3.599441 -2.838471 -4.126297
v 14.132500 9.302277 4.890609
vn 4.875333 -1.072034 -3.088651
v 13.203399 8.427181 4.748687
vn 6.004356 0.728716 -0.795855
v 13.650878 5.417967 3.482167
vn 2.111420 1.171042 -5.057967
v 11.314407 6.802550 0.672959
vn 3.488731 2.059545 -2.735488
v 13.015243 6.714198 1.746105
vn 5.369624 2.223059 -2.014447
v 12.963724 7.596968 3.414567
vn 4.810829 1.501828 -3.706577
v 11.878787 9.222805 2.881494
vn 5.906339 -0.806347 1.661726
v 14.206302 1.836775 27.928888
vn 5.693999 -1.476287 -1.456464
v 15.052389 -0.830565 23.520921
vn 5.842233 -0.782369 1.950202
v 15.140431 0.541615 25.258606
vn 3.491234 -3.816308 2.365379
v 15.498997 0.646414 24.118874
vn 2.935865 -2.964932 4.210234
v 15.415504 1.573423 25.231154
vn 2.061249 -3.914305 4.085180
v 17.282307 1.495037 24.693014
vn 4.747483 -1.850097 3.021346
v 18.640947 3.499045 24.912335
vn 2.276191 -3.577634 4.266267
v 16.841051 3.347255 26.440863
vn 2.053717 -4.243658 4.077277
v 16.353018 4.210685 27.258166
vn 2.237223 -3.853705 3.864701
v 14.907614 3.375971 26.719877
vn 4.687439 -0.994229 2.667221
v 14.400575 2.362561 26.454650
vn 4.508946 -2.355090 1.879073
v 14.360705 3.231814 27.108387
vn 3.708072 -4.088637 0.997519
v 17.903856 -0.356203 20.864447
vn 5.407665 -2.982392 0.856375
v 18.246643 0.117013 19.036554
vn 5.879913 -2.075409 0.504583
v 18.634166 1.396608 19.620098
vn 6.075742 -0.047142 -0.803298
v 19.227028 3.368523 18.514056
vn 5.906320 -2.018555 -0.560659
v 19.144151 2.743812 19.776136
vn 5.713690 -2.475980 0.557848
v 18.776216 1.712777 21.695838
vn 3.634743 -3.189622 2.684259
v 18.183497 1.389410 24.035978
vn 2.471692 -4.133727 0.163957
v 14.943170 -0.024122 22.577720
vn 3.404539 -4.032967 1.717225
v 17.954462 0.057778 22.083624
vn 0.513449 -5.478994 2.670789
v 16.224042 -0.143775 22.633904
vn 3.701859 2.988413 -4.042125
v 18.123222 8.193164 19.654019
vn 2.602230 3.640723 -4.067474
v 17.466550 10.263415 20.571537
vn 4.262364 3.430098 2.015741
v 14.754510 11.810487 18.940189
vn 3.116444 3.848939 -3.575287
v 15.803143 10.673178 20.347432
vn 4.801207 3.521109 -1.024916
v 15.149967 11.150629 19.966167
vn 5.439237 2.092614 -0.908506
v 19.670251 8.840609 22.214240
vn 5.413809 2.694654 -0.110614
v 19.155764 10.069322 23.519282
vn 5.971009 0.885794 1.413959
v 19.665356 8.147595 23.527880
vn 5.992464 0.823104 -0.372717
v 20.007319 7.166974 22.048798
vn 6.057734 0.997019 -0.274921
v 19.277124 9.048263 24.466848
vn 5.650607 -1.367555 2.270751
v 19.092398 5.384115 24.438942
vn 5.730191 -0.327222 1.939529
v 19.856188 6.345096 23.439707
vn 5.767135 -1.173740 1.266009
v 19.916614 4.837387 22.573838
vn 5.894994 -0.075690 -1.723773
v 19.432386 4.215170 19.418638
vn 5.644849 0.329672 -1.568481
v 20.009734 5.823813 20.831548
vn 4.850887 1.928122 -3.125655
v 19.409200 7.526875 20.528927
vn 2.835775 3.545416 -4.275279
v 16.872275 9.175876 19.616734
vn 4.900478 0.285258 3.722870
v 18.244627 11.059246 31.319539
vn 3.996952 -2.190387 4.083797
v 18.243400 8.384790 30.679729
vn 2.317822 -3.864564 4.039242
v 16.956396 7.187558 30.842386
vn 2.943453 -3.254875 4.261451
v 14.702613 6.893924 31.306489
vn 3.301163 -4.224663 3.069031
v 15.274491 4.643994 28.483721
vn 4.826557 -2.792931 2.708299
v 18.245209 4.870080 26.033150
vn 2.666037 -4.656898 3.199983
v 17.046995 5.481534 28.364166
vn 3.535345 -4.175932 3.058642
v 17.967134 5.376198 27.160324
vn 5.990346 -0.475012 0.845550
v 19.293995 7.127624 24.592132
vn 5.807388 -2.110219 0.519624
v 19.220306 6.418220 25.649046
vn 5.955931 -0.954741 -0.875817
v 19.794890 8.222829 26.231862
vn 5.414511 -1.979778 0.677643
v 19.919033 8.099761 27.771045
vn 5.817020 1.218467 -1.553109
v 19.764425 10.088244 26.371986
vn 6.045347 0.451567 0.016575
v 20.045692 9.652478 27.750091
vn 5.168122 -1.025513 2.373963
v 19.818320 8.969730 29.026683
vn 5.563621 -0.444112 2.649541
v 13.556463 1.009034 5.547468
vn 6.112927 0.469179 1.309103
v 13.719543 2.423037 4.621084
vn 5.451711 -2.834314 -0.541310
v 12.232329 1.599257 9.687012
vn 5.810687 -1.217175 1.869875
v 13.252519 2.007830 6.524851
vn 6.146499 0.995563 0.247588
v 13.376969 6.807673 5.042394
vn 5.032806 -1.497432 -0.945702
v 13.145483 6.758051 6.468691
vn 3.973515 -3.627386 -3.210223
v 14.415126 7.803647 6.721744
vn 4.951943 -2.738211 -2.683608
v 16.478004 8.943428 8.615302
vn 3.542167 -4.129721 -3.126408
v 14.146847 6.390634 8.227293
vn 4.216269 -3.524578 -3.018021
v 15.165526 7.461202 8.156915
vn 4.630577 -3.128096 -2.796318
v 16.138455 7.330973 9.696169
vn 5.501627 -1.916125 -2.285358
v 17.555726 10.166474 9.740006
vn 4.521970 -3.000874 -3.145285
v 16.325706 6.474533 11.008395
vn 3.871579 -3.696136 -3.259403
v 14.811391 5.837077 9.603277
vn 4.782321 -2.764984 -2.525218
v 13.422960 4.359089 9.723205
vn 4.287795 -2.655742 -2.985374
v 13.466477 3.462275 11.137535
vn 4.305076 -1.106707 -0.937791
v 12.842657 5.452421 8.206867
vn 6.050262 -1.082370 -0.077968
v 13.225177 3.889039 9.194942
vn 6.104038 0.656108 1.065994
v 13.346928 4.580340 7.223441
vn 4.815182 0.799466 3.600514
v 16.766692 11.115129 17.625394
vn 5.037081 2.432973 2.674858
v 15.795049 10.510804 18.994941
vn 5.882293 0.921765 1.477428
v 16.520520 9.151204 18.093713
vn 4.480996 2.967433 -2.300570
v 16.772186 8.394308 18.781439
vn 4.971402 2.059161 -1.798948
v 16.885739 7.027158 17.433118
vn 4.250678 3.046068 -3.327274
v 17.940201 6.582179 18.029647
vn 3.967218 2.929205 -3.721943
v 17.741819 5.121458 16.496836
vn 4.839244 1.089678 -1.923017
v 16.800449 5.836130 16.308791
vn 5.028409 -1.993353 -2.019353
v 15.853352 4.033273 13.965239
vn 4.469720 -3.245696 -2.800545
v 15.141105 3.519281 12.621586
vn 5.827373 -2.107334 0.805631
v 17.245379 6.681214 14.489103
vn 4.967143 -3.122901 -0.793093
v 16.702150 5.034264 13.119250
vn 5.824736 -1.913716 0.246441
v 17.923937 7.977369 13.498126
vn 3.800597 -3.734961 -3.304056
v 15.038713 4.886178 10.959494
vn 4.348134 -3.206176 -3.023190
v 16.327656 5.407509 11.873432
vn 5.149628 -2.465090 -2.613736
v 17.123848 8.270297 10.654413
vn 5.263063 -2.483038 -1.677481
v 17.258168 6.620775 12.249823
vn 5.713476 -1.586888 -1.666586
v 18.197126 10.069440 11.290923
vn 6.053735 -1.015204 0.637698
v 18.326008 9.850514 13.501502
vn 5.741736 -1.085511 1.898964
v 17.850348 8.814344 15.029086
vn 6.018682 -0.604167 1.334536
v 18.472303 11.196595 13.694924
vn 5.774129 -0.393879 2.417406
v 17.742693 10.799790 15.568985
vn 4.187355 -3.796277 -0.096899
v 17.875046 -1.813596 15.388087
vn 5.016010 -0.503274 -2.409847
v 18.529858 -0.051232 14.659387
vn 4.316801 -1.887009 -3.148378
v 17.780411 -1.062355 13.800641
vn 3.705909 0.159158 -4.762204
v 16.912342 -0.353455 12.931045
vn 2.964846 2.194242 -4.875638
v 15.687783 1.390497 12.565254
vn 4.509420 -1.267105 -3.533333
v 12.867849 1.939965 11.133758
vn 3.851271 0.442821 -4.335097
v 14.741170 2.560865 12.751081
vn 3.620818 1.915132 -4.284658
v 16.076394 3.092932 14.237581
vn 4.136941 1.987560 -4.058154
v 16.625716 4.347059 15.168506
vn 5.349757 2.045017 -2.415316
v 18.701482 4.767116 17.736131
vn 3.666957 2.559671 -4.249693
v 17.700473 3.260789 15.177937
vn 4.982733 3.173706 -1.596287
v 15.889492 21.031535 6.665467
vn 4.932507 3.807439 -0.538971
v 15.045902 22.364810 7.913580
vn 4.916135 3.595665 1.407432
v 15.494545 21.635187 9.264154
vn 4.694822 2.968924 1.253294
v 15.061430 20.654231 11.940295
vn 5.774707 1.186049 -1.924109
v 14.109156 23.907601 17.486868
vn 5.993904 0.867894 -0.936651
v 14.017263 22.403529 17.023024
vn 5.847159 1.501728 1.213396
v 14.359375 21.008119 15.792761
vn 5.580688 1.047198 1.750614
v 15.241401 19.869307 14.897592
vn 3.948464 1.643535 4.056033
v 15.214866 17.851697 15.130835
vn 4.735826 2.761879 1.860559
v 15.386787 19.466050 13.413072
vn 5.810559 1.996529 0.269487
v 14.681792 22.731602 12.673030
vn 2.127923 2.349447 3.399814
v 13.774458 14.170844 17.062589
vn 3.038823 2.266443 4.891265
v 16.218762 12.750418 17.466022
vn 3.386579 1.973491 4.543650
v 17.135460 14.465986 16.265638
vn 4.977744 0.553852 3.448072
v 17.496773 12.801949 16.347219
vn 6.003779 -0.878563 -0.884462
v 18.603821 11.445058 11.782262
vn 6.143454 -0.265007 0.740124
v 18.690317 12.615347 12.994853
vn 6.135858 0.299501 -0.040935
v 18.786312 14.251261 12.060832
vn 5.884563 1.637515 -0.343093
v 18.226619 17.307066 10.893571
vn 4.436233 3.201567 2.206341
v 17.584297 18.083079 13.035270
vn 5.042042 2.153709 2.538281
v 18.005584 16.199981 14.179767
vn 5.196815 1.206584 3.019768
v 17.878099 14.715331 15.247563
vn 3.444850 2.690167 4.167078
v 17.185023 15.939474 15.443010
vn 3.194316 3.559002 3.944752
v 16.644302 17.462288 14.608416
vn 1.688931 2.931884 5.148947
v 15.904533 16.858064 15.488594
vn 0.402327 3.336121 5.207470
v 14.709468 14.936129 16.730493
vn 1.649095 2.822545 5.337626
v 16.387959 15.484311 16.021197
vn 2.621924 1.848409 4.715640
v 14.293811 15.920102 16.102627
vn 5.027471 -0.580175 2.413235
v 13.977543 16.491350 16.330027
vn 5.519600 -0.035430 1.114789
v 13.376120 14.817116 17.580870
vn 5.304709 0.090451 -3.201317
v 16.433639 15.876228 4.449748
vn 4.668418 -1.444863 -3.615332
v 16.276992 13.686554 4.507302
vn 5.664495 -0.503815 -2.498264
v 17.100766 14.406080 5.835978
vn 5.782707 0.823822 -2.007015
v 17.216927 16.511746 6.212425
vn 5.787003 1.681692 -1.760439
v 16.978056 18.430558 7.198616
vn 5.097114 3.064300 0.620659
v 17.572697 19.019343 10.879874
vn 6.002086 0.845152 -1.640814
v 17.890366 16.506570 9.070845
vn 6.032382 0.201562 -1.668554
v 17.696754 14.916995 7.658308
vn 6.040174 0.201402 -1.709473
v 18.096893 14.503977 9.225264
vn 5.779877 -0.952427 -2.094050
v 17.558913 13.046575 7.437960
vn 5.310652 -1.955247 -2.580409
v 16.986875 11.674421 6.944759
vn 5.770095 1.275995 2.020775
v 15.552948 19.204478 30.188394
vn 5.298093 2.303202 2.430030
v 14.513859 21.802931 30.525358
vn 6.122469 0.729088 1.080072
v 15.949038 17.783594 29.122890
vn 6.180192 0.579082 0.198814
v 16.137835 17.377730 27.133117
vn 5.672290 2.209968 1.133546
v 15.580944 22.808646 26.612286
vn 3.109719 -0.006441 5.078400
v 16.962679 11.336292 32.595046
vn 4.479185 1.638200 3.698196
v 17.811336 12.799473 31.530028
vn 3.764088 -1.237937 4.611753
v 17.644874 9.997572 31.869234
vn 5.493937 1.435824 1.682222
v 19.665302 11.111326 28.960275
vn 5.733501 2.183517 -0.363143
v 19.526994 11.691461 27.759822
vn 5.385828 2.700057 -1.524653
v 18.756866 10.799909 24.557863
vn 5.268549 2.954975 -0.430654
v 18.936332 13.042233 27.795108
vn 4.801267 3.726830 0.009795
v 17.954848 14.575614 28.651382
vn 4.843415 3.517572 -1.788920
v 17.949489 13.909095 26.699350
vn 5.434069 2.894707 0.000775
v 16.492786 16.060789 28.138389
vn 5.482973 2.360531 1.402510
v 16.074638 16.377569 29.934572
vn 4.776821 3.045374 2.121033
v 17.958541 14.074276 30.256779
vn 4.299083 1.297580 -3.998461
v 15.427183 13.334905 22.159494
vn 4.399560 2.635894 -2.848656
v 14.777680 12.175740 20.844009
vn 4.806298 -0.647015 -2.931036
v 13.967735 16.009862 20.527058
vn 5.501277 1.391457 0.080446
v 13.427320 13.974853 18.263504
vn 3.534204 3.370803 2.212762
v 14.119674 12.728784 18.338614
vn 5.069080 0.336076 -2.873128
v 14.015976 14.343733 20.664414
vn 6.066712 -1.184346 -0.374505
v 13.698324 15.912638 18.729464
vn 5.190530 -1.673821 -2.903264
v 14.366756 18.371879 19.885869
vn 5.823008 -1.360719 -0.731923
v 13.937642 17.171213 19.687416
vn 5.441852 -1.058716 -2.869929
v 15.383315 19.078513 20.973926
vn 6.190428 -0.281720 -0.559442
v 16.346723 18.871654 24.185905
vn 5.397230 -0.346876 -3.100336
v 15.707763 16.485065 22.033770
vn 6.031612 0.187446 -1.488820
v 16.135752 17.137213 23.065365
vn 5.993099 1.168657 -1.104473
v 16.534985 15.546445 24.179785
vn 4.913276 3.009889 -2.463443
v 17.741523 12.856371 25.049473
vn 5.488066 2.361362 -1.771549
v 17.004974 14.288963 25.046413
vn 5.049025 2.064038 -2.931680
v 16.725732 13.465326 23.680303
vn 4.639749 3.624473 -2.068973
v 17.872421 11.752964 23.619255
vn 5.808144 0.903005 -1.965142
v 14.639594 23.070108 18.624091
vn 5.817740 0.248723 -2.160702
v 15.189532 21.774223 19.848562
vn 5.789554 1.868548 -1.229001
v 15.005678 23.539109 20.315935
vn 5.990625 1.128785 -0.774368
v 16.164689 21.292498 23.209706
vn 6.052218 0.870975 0.004475
v 16.393522 20.682223 24.809086
vn 5.407254 -1.325755 -2.858065
v 14.943219 19.941897 19.802879
vn 5.829734 -1.249606 -1.008521
v 14.400818 19.176162 19.271043
vn 6.154220 0.310262 0.294871
v 14.626329 19.686819 17.567636
vn 6.004883 0.303733 -1.199913
v 14.347610 21.168260 18.038567
vn 5.795541 -0.202714 -1.984731
v 15.797877 20.503734 21.295854
vn -5.662924 1.622577 1.853513
v -6.158817 20.629959 28.666610
vn -6.013610 1.156791 0.825618
v -6.567423 20.898365 26.568577
vn -6.003109 1.651661 -0.064801
v -6.515492 21.539919 24.830368
vn -6.131347 0.202279 -0.213862
v -6.815857 19.890628 24.639042
vn -6.158615 0.335378 0.951855
v -6.506187 18.985376 28.078965
vn -5.658993 1.503840 1.781280
v -6.081772 16.438182 30.991132
vn -6.033773 1.111827 1.072341
v -6.348147 17.265594 29.170215
vn -5.799355 1.205663 1.897860
v -6.019542 18.836394 30.168157
vn -5.807194 1.399177 -1.615247
v -5.305194 23.227712 19.726889
vn -5.987691 0.929070 -1.134716
v -6.433960 21.121453 22.721463
vn -5.987785 0.991517 -0.629440
v -4.290706 22.589840 16.855852
vn -6.000168 0.371404 -1.192466
v -4.677436 21.182062 18.009340
vn -5.761248 -0.251925 -2.333374
v -5.367697 21.464492 19.485675
vn -5.856420 -0.491398 -1.175465
v -4.786941 19.963446 18.928183
vn -3.731671 2.291330 1.576282
v -4.076939 13.120472 18.181070
vn -5.373400 2.372914 -1.763996
v -4.733915 12.655000 20.336961
vn -5.751878 0.649246 -1.902483
v -4.210140 14.379823 20.159601
vn -4.903249 -0.768097 -2.752841
v -4.229644 16.038976 20.462097
vn -4.717262 -0.066047 -3.921535
v -6.074119 14.456259 22.309769
vn -3.578993 3.499603 -3.207183
v -5.700175 11.511900 20.993637
vn -4.160145 0.465833 -3.806869
v -5.053632 13.621553 21.740681
vn -3.678329 2.086851 -3.980155
v -5.487275 12.771961 21.877813
vn -3.971354 2.073534 -4.168184
v -6.322765 12.945014 22.497803
vn -4.305111 3.788317 -2.454426
v -7.902747 11.959164 23.373571
vn -5.126189 2.132686 -2.825061
v -7.107338 13.613943 23.829982
vn -6.013279 0.175498 -1.480174
v -6.523455 16.561565 23.357483
vn -4.900980 -0.674900 -3.627074
v -5.790223 16.203215 21.707529
vn -5.288911 2.744398 -1.802335
v -7.440561 14.267979 25.438540
vn -5.837415 1.445704 -1.462264
v -6.935885 15.141247 24.281210
vn -5.970239 1.096252 -0.310406
v -6.506716 16.486243 25.430300
vn -6.207812 -0.331519 -0.597093
v -6.626305 18.037191 24.070365
vn -5.528782 -0.862833 -2.757322
v -5.827083 19.188320 21.114667
vn -5.488342 -1.226890 -2.779365
v -5.096274 19.858960 19.550199
vn -5.308230 -1.655408 -2.594636
v -4.905985 18.834295 19.928018
vn -6.060931 -1.324034 -0.258254
v -4.698736 18.590888 19.293018
vn -6.155862 0.302298 0.296463
v -4.967410 19.734575 17.709981
vn -6.018337 -1.414222 0.391014
v -4.746582 17.677292 17.858493
vn -5.275299 -1.646037 -1.583999
v -4.299744 17.234058 19.856387
vn -6.052019 -0.616918 0.072397
v -3.929824 15.572349 18.464327
vn -4.864507 -0.758989 3.711727
v -9.218698 9.556798 30.368704
vn -5.553956 1.025165 2.329035
v -9.867702 10.987544 29.255858
vn -4.063803 -0.628244 4.466107
v -8.176756 10.360032 31.735934
vn -5.141378 2.597457 2.076901
v -8.657781 13.478115 30.096216
vn -4.607566 1.039852 3.874439
v -8.325657 12.067609 31.471363
vn -4.396137 2.633034 3.565985
v -6.272784 15.325237 31.664756
vn -4.354721 2.721088 3.102653
v -7.902238 14.003920 31.071819
vn -4.601013 3.860119 1.631255
v -7.399238 15.224960 29.988747
vn -5.196473 3.383929 0.518929
v -6.927997 15.975983 28.862543
vn -5.151027 3.351987 -1.081339
v -7.407411 15.093629 26.914292
vn -5.009927 3.242404 -1.498719
v -8.890764 13.336188 27.002060
vn -5.414877 2.197567 -1.934523
v -9.688880 11.352162 26.230019
vn -4.821165 3.687585 0.016020
v -8.359371 14.497801 28.527213
vn -5.551316 2.181181 0.078382
v -9.931902 11.838915 28.083321
vn -5.985227 0.631884 0.107081
v -10.344844 10.068025 27.825793
vn -4.837276 3.847090 0.312827
v -6.302989 21.269343 8.849079
vn -5.032479 3.050458 -1.522216
v -6.364031 20.918103 6.788682
vn -5.228306 1.452916 -2.830016
v -6.288105 18.443469 4.079328
vn -3.925608 4.395406 1.808566
v -6.602230 20.470385 10.914314
vn -5.926267 -0.481167 -1.713215
v -8.051216 14.104023 7.446921
vn -5.955743 1.231793 -1.157883
v -8.541983 17.311501 10.409965
vn -6.036671 0.572606 -1.619189
v -8.289605 15.884179 9.015209
vn -5.709363 -0.057255 -2.431312
v -7.485297 14.972769 5.792814
vn -5.928572 0.725250 -1.802171
v -7.859162 15.926675 7.074745
vn -5.814533 1.357007 -1.888669
v -7.438854 17.510689 6.699028
vn -5.655359 -0.368388 2.577255
v -7.700994 10.688690 16.698896
vn -4.216716 1.375631 4.067686
v -7.510067 12.887061 16.739472
vn -3.902023 1.740927 4.087145
v -7.771585 14.642029 15.886139
vn -2.654424 2.640519 4.964967
v -6.222743 12.921826 17.542318
vn -2.310000 1.790999 2.675546
v -4.134399 14.277865 16.921144
vn -5.179841 -0.734237 2.210556
v -4.264857 16.304464 16.574076
vn -2.876652 1.113474 4.679301
v -5.134700 16.810243 15.635227
vn -5.636784 -0.996600 1.895675
v -4.735846 17.742090 16.361216
vn -0.441942 3.402928 5.148178
v -5.021724 14.273712 17.113597
vn -4.198600 1.575553 3.986894
v -5.622153 17.902362 15.124365
vn -4.805260 2.489405 2.237745
v -5.832836 19.074584 13.909838
vn -5.481500 2.462366 0.053448
v -8.351408 18.263847 10.945118
vn -4.704125 2.064141 3.080464
v -8.291137 15.711773 14.677591
vn -5.800232 1.212156 1.216138
v -8.903205 15.538927 13.251572
vn -6.057067 0.421675 -0.980886
v -8.943289 15.201991 10.872800
vn -5.907676 -0.958695 -1.310915
v -8.866646 11.507549 11.281410
vn -6.023409 -0.775811 0.712217
v -8.901746 11.025094 13.230802
vn -5.754383 0.260596 2.196028
v -8.656613 13.869002 14.539062
vn -5.790146 2.247024 -0.443516
v -3.870068 24.591816 16.164391
vn -5.786735 2.009117 1.290732
v -4.685277 22.129975 14.997108
vn -5.928742 1.794418 0.192269
v -5.299852 21.959903 12.445316
vn -4.664817 2.700695 1.264094
v -5.522625 20.260507 12.487628
vn -3.367984 4.403241 2.873033
v -6.544208 19.659599 12.412605
vn -4.546359 3.560902 1.899438
v -7.762954 18.878672 11.933307
vn -5.796724 1.699803 0.873901
v -5.536850 20.830306 14.143453
vn -5.737508 1.113771 1.789963
v -5.584943 20.085897 14.794210
vn -5.948627 0.182320 1.547244
v -4.946536 19.336509 16.235791
vn -6.003031 -1.379734 0.737397
v -3.215089 3.206152 8.706005
vn -5.586220 -2.308736 -0.936294
v -2.486958 1.725562 9.913375
vn -4.465954 -3.015279 -1.253749
v -8.365751 -1.536777 14.853940
vn -5.210432 -3.003982 0.339288
v -8.674722 -0.938492 16.166769
vn -3.884575 -0.163763 -4.022700
v -8.058421 -0.065193 13.454257
vn -3.845844 2.430067 -4.136381
v -8.141751 2.019464 14.459561
vn -5.657508 0.909232 -2.490605
v -9.457081 4.862547 19.033929
vn -3.748140 2.285042 -4.247264
v -6.694140 3.432798 14.571624
vn -4.930806 0.777891 -2.460357
v -7.050153 5.058704 15.623209
vn -3.829577 1.457982 -4.502391
v -5.536944 2.649718 13.161822
vn -3.039792 0.396842 -5.406561
v -3.671265 1.411095 11.612999
vn -3.127915 1.121741 -5.199386
v -4.487919 1.719055 12.161218
vn -3.163899 2.714043 -4.613791
v -7.187166 1.827542 13.628405
vn -4.721839 3.392733 -0.985199
v -6.586015 9.471554 19.086564
vn -5.713639 0.604215 2.348308
v -6.800524 9.464883 18.216949
vn -4.677286 0.911924 3.699154
v -7.205318 11.006465 17.638308
vn -4.948350 2.969006 1.864562
v -5.944200 10.551876 19.172962
vn -4.196063 3.350254 1.790778
v -4.937696 11.963949 18.870136
vn -5.842430 -0.770633 2.138203
v -7.305503 8.689052 16.745698
vn -5.842327 -1.387216 1.631526
v -7.722380 7.805656 15.403373
vn -5.920663 -0.340260 2.035136
v -8.343371 11.225461 15.075901
vn -5.863106 -1.807908 -0.048176
v -8.450462 8.948620 12.921613
vn -4.261136 -3.401610 -2.862614
v -5.872374 4.625320 12.102547
vn -3.830618 -3.721898 -3.295569
v -4.769002 4.632523 11.016849
vn -5.249376 -2.588710 -1.838005
v -7.879774 7.945337 11.979891
vn -4.392691 -1.358216 -3.652207
v -3.297666 2.359925 11.343077
vn -4.195929 -1.844932 -4.077401
v -4.909473 3.278679 12.431631
vn -5.071176 -1.004380 -2.988167
v -6.249895 3.870267 14.135732
vn -5.568563 -2.578453 -0.816561
v -7.137909 5.663562 13.849037
vn -4.309986 2.860291 -3.291555
v -8.321186 5.531385 17.089003
vn -6.036578 -1.454779 0.793828
v -7.242488 6.259721 15.297195
vn -5.853656 -0.064778 -0.197588
v -7.119556 7.122207 16.715122
vn -4.728812 1.264351 -2.846623
v -7.213689 6.534992 16.979650
vn -5.281496 2.078291 -0.676876
v -6.883922 8.672003 18.326317
vn -4.670323 -3.090934 -2.764383
v -5.992490 9.529457 6.543344
vn -4.372086 -3.880226 -1.898485
v -3.412684 6.793508 6.737920
vn -4.901468 -2.601727 -2.574298
v -3.768302 8.151942 5.062703
vn -6.134584 0.366400 1.009409
v -4.001655 4.665785 5.373724
vn -6.058755 0.394682 1.422932
v -3.577180 4.316419 7.336951
vn -4.988838 -1.467971 -1.446396
v -3.231577 5.132474 8.583786
vn -4.939405 -2.712039 -2.212310
v -3.530907 3.983558 10.196287
vn -4.277957 -3.322614 -3.171230
v -5.827903 6.148459 10.680236
vn -4.973048 -2.791550 -2.623204
v -7.328577 8.846052 10.243435
vn -5.597277 -1.848090 -1.696344
v -8.499095 9.891936 11.432840
vn -5.434808 -2.076364 -2.319911
v -7.964924 10.502364 9.810959
vn -4.920489 -3.096973 -2.334166
v -6.657258 9.118093 8.386570
vn -4.471954 -3.477662 -2.691227
v -5.861939 7.507615 9.095472
vn -3.729958 -4.001291 -3.071980
v -4.269043 6.585947 8.069602
vn -4.263546 -1.275505 -0.758268
v -3.069240 6.062652 7.554662
vn -5.641563 -0.857414 2.522094
v -4.693919 -1.438538 26.876992
vn -2.586993 -2.574983 4.564834
v -5.609498 1.979491 25.516279
vn -5.726469 -0.318758 2.410587
v -4.742104 1.163889 27.281674
vn -4.520181 -1.846529 1.985029
v -4.687745 3.126241 26.959054
vn -3.748026 -3.680649 2.541553
v -5.180815 4.480321 28.485179
vn -2.133343 -3.784951 3.901456
v -5.260443 3.326254 26.602397
vn -1.862813 -4.516572 3.906843
v -6.489560 4.088695 27.222270
vn -3.539562 -3.015676 4.087348
v -7.862896 4.112209 26.434841
vn -5.047812 -1.632180 2.922751
v -8.935088 3.555434 25.048024
vn -2.381414 -3.636284 4.335867
v -6.083206 1.463795 25.057863
vn -5.792559 -1.114224 1.815808
v -5.553728 0.483925 25.029188
vn -3.045693 -3.643822 3.800928
v -8.047761 7.211687 30.350012
vn -3.493145 -2.155770 4.502680
v -7.990343 8.550224 31.329104
vn -5.397444 -0.838649 2.179033
v -10.146537 9.174274 28.939312
vn -5.955920 0.513811 -1.333770
v -10.185745 9.500866 26.319929
vn -5.727166 2.087915 -1.006789
v -9.368728 10.109286 24.518774
vn -5.584810 -1.792866 0.576250
v -10.182256 7.893739 27.438862
vn -5.943303 -1.247115 -0.753115
v -9.952431 7.604184 25.766159
vn -4.830349 -2.764779 2.673902
v -8.589662 5.147272 26.167561
vn -2.644559 -4.540166 3.403894
v -5.822875 5.195712 29.075795
vn -2.556342 -3.904279 3.920554
v -5.643171 6.419787 30.424131
vn -2.806302 -4.618846 3.143825
v -7.396529 5.475938 28.341849
vn -3.722949 -3.831484 2.200289
v -9.005775 6.401687 28.536258
vn -1.981766 -4.647649 3.688114
v -7.101729 6.417495 29.917938
vn -2.972288 4.071107 -3.665180
v -6.952599 11.854702 21.974486
vn -5.163027 2.317991 -1.098447
v -9.851601 9.390271 22.226807
vn -4.364838 2.677989 -3.370174
v -9.315410 8.960447 20.895547
vn -2.939917 4.141452 -3.588632
v -6.606890 10.245425 20.180785
vn -2.592759 3.422565 -4.340428
v -7.976654 9.580691 20.177410
vn -3.116287 3.540701 -3.900167
v -7.267143 9.222754 19.682444
vn -3.822684 2.777542 -4.041194
v -8.410657 7.596276 19.321397
vn -3.927479 2.338778 -4.118126
v -8.991916 7.924400 19.875275
vn -4.873053 2.122660 -3.294938
v -9.149630 5.962977 19.092643
vn -5.417695 1.035814 -2.200585
v -10.183472 6.287518 20.547236
vn -5.590267 1.574378 -1.762924
v -10.075087 7.657884 21.328846
vn -5.728995 -0.809395 -1.333602
v -10.219659 4.380131 20.445947
vn -5.746467 -0.707252 1.107199
v -10.414687 5.414876 22.460713
vn -5.737817 -1.252517 2.190299
v -9.488483 5.306643 24.360760
vn -6.039197 -0.712504 0.921563
v -9.612798 6.751544 24.591757
vn -6.042095 0.629077 0.027951
v -9.634331 8.809173 24.496642
vn -4.767428 3.681698 -1.019928
v -9.124891 10.623055 22.952942
vn -3.433487 3.988262 -3.037893
v -8.515742 10.570699 21.591813
vn -2.272586 -4.753479 2.417260
v -7.722102 0.184959 22.850078
vn -4.612143 -2.728427 2.183948
v -8.939578 2.052034 23.915198
vn -5.587337 -2.240391 0.813729
v -10.030706 3.643077 21.734172
vn -5.601603 1.165504 -1.588362
v -9.496968 2.758608 16.930067
vn -6.121531 -0.563360 -0.568725
v -9.494896 3.151193 18.947500
vn -5.830578 -2.174763 0.539357
v -8.951855 1.422825 19.865022
vn -5.749231 -1.046857 0.077261
v -9.607115 1.465701 17.448360
vn -2.617574 -3.874776 4.173167
v -2.381886 -0.836994 6.196374
vn -2.849335 -4.422722 3.257594
v -3.410734 -1.508398 4.814497
vn -4.037709 -2.228330 3.857080
v -3.579106 -0.308297 5.791978
vn 5.713846 -1.605516 1.893118
v 3.341723 -1.727479 3.235135
vn 4.946545 -3.344908 0.039077
v 3.845571 -0.308289 2.627628
vn 0.344451 -5.668735 2.233259
v 0.234625 -1.024915 6.466698
vn -1.791253 -3.963760 -4.349741
v 1.381490 -5.245274 12.216442
vn -1.975542 -5.247783 -2.567343
v 0.785610 -5.952853 13.504261
vn -0.992089 -5.845150 0.229324
v 1.708454 -6.612977 14.813356
vn -2.914945 -5.299230 -0.959229
v -3.113356 -5.075596 15.556035
vn -2.157238 -3.813910 -4.371897
v -2.050154 -3.762214 12.468674
vn -2.634206 -4.591344 -3.045259
v -5.525883 -2.911263 13.583444
vn -2.517187 -4.961630 -2.753661
v -2.220721 -4.941940 14.068187
vn 1.686151 -3.790365 3.537711
v 13.980390 -1.998766 3.645677
vn 3.419916 -2.626712 3.290243
v 13.584404 -0.598504 5.084082
vn 2.915594 1.167171 -5.379811
v 13.862804 0.673054 11.451054
vn -1.555332 -3.313367 -4.974237
v 7.690205 -2.195561 8.948067
vn -4.643877 -3.429536 2.165819
v 6.256950 -0.163111 4.039794
vn -5.111306 -1.906521 2.778744
v 6.541504 -1.607444 3.626998
vn -2.634351 -5.174188 1.899332
v 7.443533 -0.170773 6.002079
vn 0.298307 -5.354918 3.246140
v 5.157593 -6.359180 29.504917
vn 0.415948 -5.762837 2.162989
v 16.197241 -0.711028 21.204526
vn -0.990025 -5.350738 2.982373
v -5.923575 -1.553663 19.506641
vn 0.380139 -5.891351 1.926596
v 3.247402 -6.154996 15.826986
vn -3.276706 -5.333948 -0.099364
v -0.038826 -7.082081 22.330019
vn -4.005385 -2.977546 -3.567981
v 1.458737 -7.167245 18.179394
vn -2.303390 -5.026449 2.419857
v 2.667356 -8.393392 24.728773
vn -0.260062 -5.574033 2.874945
v 4.071955 -8.448015 24.906792
vn 0.130931 -5.922553 2.076521
v 4.794368 -7.823494 26.350848
vn -5.691306 0.568680 1.877565
v -4.237278 -0.170942 27.859992
vn -3.585817 -3.319126 3.669517
v -1.931199 -3.458551 30.984489
vn -0.379388 -3.188643 5.216671
v 1.471605 -3.411343 32.041256
vn -0.906624 -3.366963 5.167475
v 3.216350 -2.670646 33.107365
vn -0.491264 -3.666500 4.950159
v 1.779325 -1.790607 33.224086
vn 0.159004 -2.281266 5.725735
v 2.726219 1.270391 35.439990
vn 1.420588 -1.843742 5.573992
v 0.665339 2.284971 35.571795
vn 0.683485 -0.187386 6.129588
v 5.160461 8.595203 37.259323
vn -1.294492 -0.292678 6.110158
v 4.188000 8.669944 37.169699
vn -1.718694 -0.469305 5.999906
v 3.338838 7.178236 36.865963
vn -1.146796 -0.270773 6.086724
v 1.409589 8.362687 36.217830
vn -2.000348 -0.189169 5.950801
v 2.746726 8.950294 36.729766
vn -2.387964 -1.662099 5.497654
v -6.611758 9.583075 32.437654
vn -2.758661 5.573118 0.091117
v -4.522144 6.758791 35.476215
vn 5.604164 -1.934128 1.690624
v 14.259873 3.625375 29.031842
vn 3.227194 -0.266957 4.413628
v 13.235435 9.102272 32.977116
vn 5.539885 0.697737 2.841516
v 12.467002 9.299381 34.249201
vn 1.875190 -0.119208 5.995070
v 6.679727 8.618233 36.791308
vn 1.852704 -0.276788 5.993002
v 6.328846 10.275311 36.912705
vn 0.843719 -1.456086 5.957328
v 6.009001 5.350733 36.750511
vn 0.163451 -1.975264 5.943590
v 5.847573 3.788849 36.228681
vn -1.057440 1.302803 5.854903
v 11.932572 5.278672 37.392203
vn -1.202354 2.224498 5.580584
v 10.873111 6.497088 36.772465
vn 1.925151 -0.470205 5.959620
v 6.909485 6.590946 36.631827
vn 1.112651 -0.234835 6.139361
v 8.584065 8.221162 36.194638
vn 0.878419 -3.461701 5.116112
v 6.607209 -2.469920 33.197441
vn 5.245969 1.965200 2.808757
v 14.742701 20.450444 31.107169
vn 4.223175 2.286459 3.957286
v 13.760438 20.486680 32.559719
vn 2.180488 2.536243 5.177612
v 12.385535 20.465866 33.594545
vn 4.516481 1.410780 3.991542
v 14.392234 16.955410 33.651321
vn 0.638551 1.928797 5.939072
v 8.054561 17.326189 36.183008
vn -0.004103 3.125917 5.422122
v 5.517638 18.616312 35.812511
vn 0.355814 0.754328 6.103150
v 5.285451 14.324925 37.348162
vn 0.823333 1.025125 6.122417
v 7.350311 15.225793 36.747510
vn 0.356312 0.189355 6.249114
v 8.400883 13.985849 36.816626
vn 1.673778 2.678904 5.397787
v 11.845991 19.256401 34.310944
vn 1.745710 2.917296 5.281661
v 10.554521 18.299061 35.176757
vn 1.205566 2.534281 5.594638
v 9.227335 17.792214 35.866045
vn 0.828827 -0.932037 6.145983
v 8.521171 11.949746 36.598556
vn 1.310140 -0.149051 6.102131
v 6.929972 13.045494 37.093130
vn 1.626782 -0.790011 6.005836
v 6.661497 11.479065 36.911647
vn 5.336027 0.530211 3.265453
v 14.971705 15.604336 33.087503
vn 2.912405 -0.556402 5.391838
v 11.561798 13.505688 36.257722
vn 2.451229 -1.067414 5.391860
v 11.001949 11.862849 36.311280
vn -4.856476 2.052990 3.344093
v -4.512792 20.490029 32.073897
vn -3.598374 2.309185 4.436249
v -3.758998 20.007525 33.227088
vn -5.123839 1.304682 3.281374
v -5.238908 16.999790 32.974679
vn -4.551809 1.089948 4.016334
v -4.687560 16.208237 34.023163
vn -3.214719 1.736699 5.058226
v -3.430974 16.743184 34.866064
vn -2.136833 2.508282 5.312912
v -2.731553 19.589027 33.966845
vn -3.233057 1.644466 4.933110
v -6.829026 13.147020 32.455789
vn -1.507879 -1.267869 5.955388
v -5.012386 10.441624 33.102660
vn -1.849398 -1.654697 5.763238
v -3.961167 10.975986 33.486832
vn -4.110700 -1.457568 4.384493
v -2.472079 12.045268 35.453315
vn -1.066030 -0.844969 6.096508
v 1.970623 11.919801 36.676418
vn -1.824630 -0.412404 5.992947
v 3.265493 10.834320 36.931271
vn -0.295623 1.053301 6.143052
v 0.464010 15.131700 36.727500
vn -0.863748 1.976184 5.819715
v 0.498874 16.790337 36.338891
vn -1.521412 3.035038 5.252202
v 0.576979 19.457865 35.083363
vn -1.510020 3.476422 5.001589
v 0.485302 20.763819 34.174723
vn -0.735810 3.078417 5.345220
v -0.727609 21.213737 33.465719
vn -2.465562 3.213300 4.717260
v -2.706668 22.840818 32.281484
vn -3.408166 4.789092 2.110528
v -2.953773 25.744792 28.135091
vn -5.041877 2.982864 2.175384
v -5.253179 23.605832 27.351923
vn -5.567628 2.323418 1.578306
v -5.945760 22.383514 27.128749
vn 1.316809 3.985411 4.669899
v 3.835198 21.557856 33.613218
vn 0.929881 4.157827 4.532440
v 3.148972 23.269416 32.375665
vn 0.669473 4.747370 4.003809
v 3.433772 25.727480 29.788667
vn 0.091859 4.075984 4.764953
v 1.442400 23.455862 32.224272
vn 0.143024 6.208851 0.925103
v 4.189365 28.751507 23.018261
vn -2.654426 5.595470 -0.574016
v -1.420244 28.256688 20.147212
vn -2.847687 5.521932 -0.164177
v -1.571485 28.367657 22.321413
vn -0.323682 5.176327 3.451580
v 0.272647 26.578871 28.929476
vn -0.409314 5.268822 3.016440
v 0.640230 27.631249 27.516149
vn 0.461044 4.844569 3.966873
v 1.726584 25.514444 30.126528
vn 0.183280 5.216989 3.471819
v 4.111046 26.943250 27.990206
vn -5.298098 3.055334 -1.189983
v -4.438055 25.307677 19.766651
vn -5.598939 2.719963 -0.505278
v -5.212410 24.707250 22.776847
vn -5.327597 2.871833 0.975489
v -5.492081 24.203231 25.745107
vn -5.861083 2.238410 -0.189200
v -5.819369 23.378500 24.437995
vn -5.864123 2.138851 0.526294
v -6.093327 22.622379 25.706832
vn -4.415745 3.920282 1.893952
v -4.488847 25.297671 26.370793
vn -3.220248 5.127119 1.588459
v -2.262713 27.497617 25.105698
vn -3.505860 5.158190 0.618223
v -2.398380 27.744625 23.424678
vn 5.694841 2.513354 -0.779776
v 14.793434 24.425032 21.570183
vn 5.425936 2.966950 -0.238122
v 14.724797 25.157201 23.402687
vn 5.473186 2.760637 -1.106568
v 14.164238 25.020643 19.352440
vn 4.509815 4.257999 -0.776798
v 13.061801 26.765542 20.211544
vn 4.070364 4.613259 -0.880604
v 12.543640 27.013499 18.605383
vn 3.219752 5.235307 -0.813162
v 11.732812 27.927889 20.333801
vn 2.120185 5.621773 1.060126
v 10.737705 28.430510 24.327424
vn 3.434191 5.175671 0.791705
v 11.951388 27.781663 23.757564
vn 2.638419 5.096590 2.349159
v 11.647522 26.176892 28.632513
vn 5.531816 2.808492 0.493997
v 15.075424 24.289773 25.299907
vn -0.020265 6.231928 0.772602
v 7.929118 28.754816 23.251654
vn -0.005909 6.243829 0.554878
v 6.705231 28.935096 21.928068
vn -0.153927 6.184704 1.070164
v 5.814170 28.724479 23.292473
vn -0.208180 6.111349 1.393037
v 7.044803 28.537520 24.497686
vn -0.445169 5.510138 2.944306
v 7.584647 27.460926 27.344790
vn -0.473649 4.616005 4.225472
v 7.633420 25.359798 30.264769
vn 1.262822 5.175109 3.234126
v 9.850869 27.216691 27.851066
vn -0.454054 5.014209 3.692274
v 9.073261 25.964630 29.844737
vn 2.429155 5.133962 2.659196
v 10.768408 27.409686 26.840416
vn 1.640132 5.987474 -0.543057
v 10.157170 28.648922 20.820264
vn -0.642136 4.276135 4.478369
v 6.916585 22.916866 32.749740
vn -1.429993 4.034007 4.589617
v 5.616769 21.875643 33.245448
vn -0.877481 3.548390 5.058465
v 6.227785 20.248837 34.861405
vn 0.783957 4.009828 4.741789
v 8.275985 22.262884 33.287461
vn 0.584139 3.251833 5.285553
v 10.079229 21.939930 33.077362
vn -0.537659 4.173900 4.624883
v 9.168544 24.666939 31.298405
vn -0.763481 4.455527 4.357886
v 5.981202 24.811696 30.645569
vn 4.774783 3.599535 -1.849923
v 14.618919 22.399310 6.370863
vn 4.962744 3.731603 -0.847822
v 13.790690 23.960699 7.635078
vn 4.531900 4.300887 -0.367892
v 12.361715 25.711927 7.500381
vn 4.835057 3.909595 -0.821172
v 13.197782 24.971402 9.449504
vn 4.352482 4.253861 -1.369733
v 12.305088 26.452930 10.699400
vn 0.105578 6.161001 -0.596144
v 7.926739 28.002780 7.000885
vn 0.133738 5.875802 -2.168766
v 4.914483 28.202083 8.698572
vn 0.254873 6.199106 -0.963803
v 6.101028 29.071939 12.560292
vn 0.533135 6.039804 -1.630956
v 7.607432 28.666839 11.019692
vn 1.768021 5.724515 -1.752776
v 9.333482 28.174120 10.176105
vn 4.078895 4.671469 -0.718938
v 11.860435 26.173987 8.847331
vn 3.740005 4.938707 -0.220022
v 11.222337 26.781055 7.098511
vn 5.258447 2.903155 -1.789954
v 13.036945 23.956909 4.940837
vn 2.990926 5.467351 -0.409094
v 10.244744 27.349091 8.364661
vn -0.036287 6.259652 0.499353
v 5.467006 29.042126 18.444771
vn 0.089436 6.267200 0.394535
v 6.462476 29.155235 17.317782
vn -0.007259 6.274100 0.281337
v 7.561037 29.168790 16.098734
vn -0.127621 6.277552 0.229943
v 6.316793 28.992939 19.977908
vn 0.847028 6.150132 0.538600
v 8.485939 29.108829 17.247450
vn 0.585448 6.210983 0.060767
v 8.040862 29.011229 20.170921
vn 2.699420 5.598446 -0.814922
v 10.931030 28.096830 19.178297
vn 2.473131 5.674774 0.512212
v 9.578825 28.841248 16.974182
vn 3.978758 4.808412 0.267568
v 11.060619 27.989635 15.781764
vn 0.095213 6.275545 0.258618
v 5.492643 29.238588 15.711614
vn 5.669234 2.497961 0.613164
v 13.452268 25.055510 14.890462
vn 5.178445 3.388864 -0.597136
v 13.365201 25.392553 11.590147
vn 4.502337 4.281940 -0.524414
v 12.311284 26.912698 12.682979
vn 4.496472 4.298683 0.521863
v 12.130940 27.081525 14.320251
vn 4.972902 3.765393 0.321575
v 12.440646 26.417244 15.409538
vn -4.748561 3.882111 -1.140771
v -5.300566 22.338824 7.225106
vn -5.011569 3.665001 -0.880506
v -3.799146 24.691794 9.552371
vn -4.348156 4.292809 -1.255253
v -2.546636 26.688180 11.114617
vn -4.180036 4.640416 -0.158169
v -1.964006 26.390606 6.973722
vn -4.945096 3.758202 -0.860162
v -4.057019 24.017892 7.830939
vn -5.405864 2.908522 -1.329031
v -3.127293 24.621982 5.401591
vn -5.672148 2.574371 0.561670
v -3.794093 25.065648 14.486742
vn -4.268804 4.470118 -0.853748
v -3.141958 27.032982 20.123793
vn -4.360173 4.444465 -0.565461
v -2.205691 27.367903 12.769962
vn -5.166803 3.461930 -0.190454
v -3.493335 25.852986 12.736821
vn -0.557115 6.223192 0.076301
v 1.536667 29.019575 20.055196
vn -0.151501 6.266573 0.403639
v 2.592630 29.122616 16.784295
vn -0.429549 6.097297 -1.387500
v 2.643061 28.759401 11.499643
vn -1.214413 5.804033 -1.817621
v 0.687089 28.682418 11.405881
vn -1.542781 5.959217 0.554633
v 0.711930 29.063166 16.499932
vn -3.297687 5.283247 0.671642
v -0.711893 28.423593 16.013742
vn -1.705637 6.033211 -0.309425
v 0.172226 28.711815 19.584060
vn 0.970857 5.828720 -1.635906
v 3.971139 27.378685 6.752943
vn 0.774801 6.144062 -0.545634
v 2.203332 27.949477 6.887649
vn -3.198684 5.156645 -1.042397
v -1.074790 26.997229 5.449398
vn -2.740337 5.572572 -0.147324
v -0.422415 27.503047 7.400408
vn -3.594930 4.873723 -1.569408
v -1.500047 27.063518 9.976676
vn -5.757756 1.399319 -0.009591
v -5.047230 -0.315031 2.613983
vn -6.000169 0.958497 1.533387
v -4.522332 0.955021 3.755083
vn -1.183054 -0.228981 -6.159037
v -2.069208 0.450375 0.521279
vn -0.907573 -0.268212 -6.193304
v -1.321723 -0.889680 0.420391
vn -6.001451 1.399804 0.184369
v -3.904117 6.400207 4.323611
vn 5.237750 2.722126 1.907119
v -0.473939 10.414752 9.961957
vn 5.075871 3.046901 1.928054
v 0.154027 8.811952 10.747421
vn 5.724873 2.294913 0.725805
v -0.677803 9.911280 11.819140
vn 5.576057 2.775192 -0.792693
v 0.010218 8.715712 14.359478
vn 5.569305 2.793964 -0.799625
v 0.610243 8.137768 16.229567
vn 5.581423 2.806856 -0.668554
v 0.339130 9.020260 17.628086
vn 5.508610 2.855596 0.386643
v 1.185067 6.127037 12.617744
vn 5.161742 3.332556 -1.066649
v 1.707293 5.488697 14.567210
vn 5.421043 3.103044 -0.306969
v 1.877413 5.978783 18.520419
vn 5.615979 2.308339 -1.378568
v 1.567889 7.279377 21.628397
vn 5.370212 2.522583 -2.014554
v 1.486381 8.851439 22.937742
vn 0.856475 4.962587 -3.146075
v 3.771494 5.308419 22.634064
vn 1.345442 3.307415 -5.127638
v 3.646290 8.592378 25.214109
vn -0.200002 3.738809 -4.811308
v 5.014088 7.789604 24.950011
vn 4.921640 3.743353 -0.808801
v 2.561223 4.929134 15.797750
vn 2.965688 4.838310 -0.731395
v 2.991901 4.383528 18.576353
vn 0.067704 6.056860 -1.597513
v 4.411711 4.458171 19.534887
vn 3.780279 3.592130 3.386605
v 3.077853 4.424930 10.616617
vn 3.684345 3.507590 3.514868
v 3.018267 6.422992 8.664779
vn -0.097985 5.863636 -1.567578
v 4.912328 3.133064 14.606163
vn -0.101296 3.207326 -5.376566
v 0.315221 8.740909 1.280554
vn 1.095109 -0.199784 -6.145234
v 3.239261 6.580444 0.942530
vn -0.141937 -1.339305 -5.987883
v -1.345135 12.166972 1.915149
vn 0.496722 0.455041 -6.182544
v 1.096173 0.810885 0.258721
vn -4.572276 3.610124 -2.324454
v -5.071387 21.736813 5.505154
vn -4.602808 3.050211 -2.871136
v -5.058116 20.557087 3.801245
vn -4.847908 3.117584 -2.390157
v -3.987077 22.351857 4.522465
vn -5.197524 2.532828 -2.281666
v -6.186666 20.030594 5.345476
vn 1.238996 4.980592 -3.411782
v 2.758433 26.502632 2.708690
vn -0.781410 4.979740 -3.582970
v 1.126406 26.538345 2.658522
vn -3.109382 1.721814 -4.986908
v -1.936812 22.272332 1.082246
vn -4.062249 2.045910 -4.128670
v -3.873741 20.148581 1.888394
vn -5.441430 2.434662 -1.956661
v -3.297130 23.575338 4.178210
vn 0.625120 -6.238774 -0.123048
v 2.672408 19.814223 9.147056
vn 3.302352 -4.912581 1.795743
v 1.280169 19.131055 5.669751
vn -0.214222 -6.134921 1.187939
v 5.087335 20.483357 15.635404
vn 1.396707 -6.036665 -0.532950
v 3.601878 20.484661 18.565237
vn -0.312955 -6.191261 -0.177388
v 5.187926 20.682731 17.680350
vn 1.381177 -6.031576 -0.593760
v 3.558803 20.264722 20.678938
vn -0.123100 -6.198848 -0.849306
v 4.942814 20.284988 21.336091
vn 2.416054 -4.870028 -2.938959
v 2.305300 18.960405 23.381478
vn 0.573315 -4.823416 -3.915101
v 4.265794 19.034208 24.060147
vn 3.462433 -5.050879 -0.490277
v 1.869780 19.662265 19.819493
vn 3.104880 -5.275906 -0.963197
v 2.301326 19.704700 21.503632
vn 4.118811 -4.463791 -0.792808
v 1.087483 18.798184 21.734938
vn 4.562179 -4.259307 -0.644289
v 1.027339 18.978138 18.247124
vn 4.939881 -3.852029 -0.389445
v 0.580744 18.233830 19.680080
vn 5.395117 -3.097677 -0.484602
v 0.142618 17.533448 21.247796
vn 5.307659 -3.251118 -0.755918
v -0.420851 17.449693 16.264254
vn 5.707071 -2.433110 -0.771650
v -0.914734 16.231638 17.406750
vn 4.481064 -2.553085 -2.872564
v 0.503067 17.001393 24.236944
vn 2.860627 -3.548415 -4.271812
v 1.540710 17.405904 24.668395
vn 2.341402 -2.117810 -5.289071
v 1.913396 16.028103 25.759720
vn 0.196169 -0.504041 -6.128780
v 4.320425 14.049584 26.786555
vn 0.188254 0.735352 -6.177487
v 4.394040 12.581188 26.698607
vn 0.829113 1.364594 -5.964527
v 4.249278 10.999480 26.435376
vn 2.641105 1.611351 -5.200639
v 2.436274 10.738739 25.893588
vn 3.144659 -0.080790 -5.329009
v 1.238582 14.254671 25.779186
vn 3.937520 1.469346 -4.655764
v 1.329323 12.107323 25.256606
vn 4.652764 2.078267 -3.316553
v 1.228538 10.518791 24.735259
vn 5.414700 2.737974 -1.527057
v 0.394757 10.550726 22.644396
vn 5.768186 -2.239110 -1.002252
v -0.289161 16.506576 21.436063
vn 5.951490 -1.244995 -1.471014
v -0.281638 15.657994 22.668185
vn 6.069328 0.329462 -1.523057
v -0.271765 13.622580 23.204071
vn 6.080153 -0.797332 -0.671371
v -1.232614 14.782790 18.618121
vn 6.178844 0.927178 -0.480585
v -1.201049 13.081591 17.732023
vn 5.749985 2.241536 -1.156007
v -0.099020 11.038368 21.290483
vn 5.647537 2.576183 -0.898483
v -0.145725 10.507663 19.920741
vn 5.929441 1.963124 -0.403506
v -0.892910 11.437211 16.578055
vn 5.820446 -1.908027 -0.239579
v -1.318954 15.951278 15.531424
vn 6.245831 -0.320814 -0.204403
v -1.494906 14.816405 12.324249
vn 5.951802 0.359027 1.725888
v -1.071564 15.168863 6.495533
vn 1.705142 -0.794640 -5.754089
v -0.895502 14.837007 1.479750
vn -2.609932 0.664331 -5.449291
v -2.460877 20.282362 0.872824
vn 1.509006 -2.696322 -5.143186
v 0.513157 18.293875 0.847268
vn -3.395833 -2.160029 -4.749076
v -4.614747 12.810171 2.952963
vn -4.620844 -1.807597 -3.773366
v -6.203041 12.947473 4.403242
vn -4.131919 -2.300488 -4.086573
v -5.420464 11.442345 4.347179
vn -4.736553 0.181685 -4.056758
v -5.546917 16.740672 2.796902
vn -3.354194 0.183979 -5.188895
v -4.298470 17.210461 1.653559
vn -0.573297 -1.167780 -6.094428
v -2.538964 15.148639 1.386629
vn 4.538258 3.557703 -2.482396
v 14.660589 21.170346 4.750801
vn 4.579442 2.858750 -3.090240
v 14.857027 20.172451 3.660550
vn 5.005779 2.901645 -2.373764
v 13.488521 22.315563 4.107375
vn 3.955106 -2.306100 -4.300013
v 14.726063 10.920530 4.575284
vn 3.715412 -2.223579 -4.547478
v 14.771628 12.917474 3.601342
vn 2.711717 -2.305386 -5.127414
v 13.388809 13.087413 2.519956
vn 2.533936 -2.090517 -5.315483
v 12.133803 11.756904 2.639510
vn 1.681387 -1.731032 -5.638142
v 12.865731 14.735194 1.582462
vn -0.435252 -1.178800 -6.096795
v 11.154451 14.785736 1.452695
vn 0.797578 -0.848462 -6.047982
v 11.852060 18.015730 0.840577
vn 1.887262 0.113454 -5.837493
v 12.056429 19.278643 0.787012
vn 4.282161 1.632738 -4.114039
v 14.403640 19.042390 2.306703
vn 3.037814 0.263651 -5.334359
v 13.537860 18.024276 1.416258
vn 4.522037 0.221903 -4.181732
v 15.028247 17.189599 2.535295
vn 4.835868 -0.357571 -3.970559
v 15.534768 16.095827 3.284285
vn -3.592267 -0.896934 -4.333533
v 10.097036 14.439272 1.752169
vn -6.262819 0.010873 -0.238366
v 11.175463 14.434262 12.061173
vn -5.999675 1.772043 -0.246444
v 10.687502 11.800878 16.310211
vn -5.558701 2.845602 -0.661003
v 9.607167 9.836754 18.129469
vn -5.431199 2.917272 -1.078514
v 9.508830 10.638308 22.014703
vn -6.115488 1.238673 -0.475769
v 10.800995 12.627591 17.798546
vn -5.979344 1.419262 -0.992192
v 10.280356 12.318417 21.450120
vn -5.217527 1.613949 -2.452790
v 9.825496 12.661417 24.025914
vn -5.458042 2.598737 -1.540369
v 8.490599 9.385182 22.843360
vn -4.955753 2.396082 -2.607981
v 8.794199 10.441072 24.208970
vn -3.385868 1.603477 -4.801281
v 7.757172 10.825036 25.610754
vn -2.001688 2.709998 -5.206330
v 6.440560 9.431093 25.669174
vn -1.312348 1.199394 -5.950210
v 6.208429 11.508525 26.393571
vn -4.379879 1.654427 -4.163557
v 8.812016 12.373968 24.971638
vn -3.692087 -0.030818 -4.988722
v 8.657523 14.242203 25.609518
vn -0.795445 0.199675 -6.157946
v 6.191453 13.516396 26.665067
vn -6.144447 -0.543202 -0.667505
v 10.972774 14.420053 17.702841
vn -6.098965 -1.185867 -0.802930
v 10.020801 15.904784 22.485517
vn -5.814556 -2.092270 -0.825489
v 10.703011 16.006531 16.892227
vn -5.581789 -2.748645 -0.330796
v 9.962806 16.935214 20.385883
vn -5.788412 -2.181020 -0.640654
v 9.925315 16.773291 21.531017
vn -0.419157 -1.592830 -5.961892
v 5.746428 15.339206 26.515814
vn -3.035255 -3.612661 -4.030113
v 8.440823 17.303616 24.487571
vn -5.872749 -1.822903 -0.271364
v 10.970009 16.011794 14.788543
vn -5.117183 -3.617951 -0.299953
v 9.301385 17.967016 19.336101
vn -4.366242 -4.135070 -0.746818
v 8.915303 18.567612 21.452073
vn -5.384112 -3.125486 -0.653787
v 10.144549 17.442422 15.814928
vn -4.707118 -4.095099 -0.663866
v 8.746550 18.891316 18.087504
vn -2.924288 -4.688198 -2.645600
v 7.726114 18.847342 23.210769
vn -1.265934 -4.776030 -3.775798
v 6.090965 19.000750 23.965596
vn -3.836297 -4.833969 -0.442208
v 8.058131 19.465661 19.679234
vn -2.903373 -5.416724 -0.826893
v 7.276196 19.800650 21.030186
vn -1.247008 -6.087747 -0.735125
v 6.004826 20.243212 20.773881
vn 2.185106 5.300401 -2.427940
v 9.874924 26.833608 3.939102
vn 3.482878 2.230103 -4.552634
v 11.396302 23.326749 1.419634
vn 5.041198 2.430217 -2.765733
v 12.635506 23.033425 2.798688
vn 1.761355 0.931853 -5.823170
v 10.397989 21.978880 0.501364
vn 5.924959 0.450425 1.748171
v 14.217484 0.626277 3.852327
vn 0.238976 1.926685 -5.949442
v 10.630939 2.189366 0.570248
vn 0.467285 0.595270 -5.953742
v 10.781254 3.446908 1.105681
vn 0.522307 0.302772 -6.158048
v 10.649149 0.718762 0.250455
vn 0.274390 -0.289816 -6.243267
v 9.980258 -1.098264 0.284095
vn -0.322243 -0.202868 -6.265433
v 8.505703 -0.025527 0.296007
vn -0.042761 1.077215 -6.075747
v 8.622537 1.480111 0.285151
vn -3.446616 4.663821 -0.564456
v 6.925596 4.567670 18.539262
vn -0.995009 6.011447 -1.380326
v 6.037142 4.420068 18.993298
vn -1.420492 4.918640 -3.036522
v 6.221429 5.423598 22.564058
vn -3.963206 2.873977 -3.087504
v 7.662442 7.816218 23.871381
vn -5.499654 2.842766 -0.995026
v 8.198655 5.878891 14.453057
vn -5.277442 3.253940 -0.928257
v 7.888667 5.896544 15.751075
vn -5.741599 2.482766 -0.537095
v 8.834230 8.293286 18.515454
vn -5.790855 2.070303 -1.132791
v 8.285851 7.497488 21.423001
vn -4.150635 3.079005 3.506641
v 6.991485 6.520070 9.034098
vn -3.923680 4.100888 1.882459
v 6.922811 4.058586 11.499998
vn -5.224702 2.921376 1.667094
v 8.632140 6.738419 11.583970
vn -5.563169 2.865154 -0.347510
v 8.891879 6.977788 13.356593
vn -5.569335 2.782194 -0.830983
v 9.040871 7.595855 14.582263
vn -5.690659 2.516630 -0.807539
v 9.841028 9.115567 14.161407
vn -5.641859 2.643327 -0.799039
v 9.239562 8.577281 16.220795
vn -5.225432 2.846025 1.763144
v 9.826357 9.166410 10.926630
vn 2.000657 -0.532941 -5.707783
v 11.644310 5.062108 0.877820
vn -0.017038 0.960354 -6.105461
v 9.184499 7.217489 0.582242
vn 6.151984 0.655863 -0.292983
v 13.735072 3.751314 3.793977
vn 4.760709 -0.045294 -3.498195
v 13.148543 5.062449 1.881222
vn 5.723856 -0.050321 2.422558
v 14.682872 0.339567 26.554329
vn 1.924896 -3.712857 4.538365
v 16.661720 2.467858 25.709233
vn 2.635416 -5.110710 1.471745
v 17.143883 -1.147724 19.290161
vn 5.024100 -3.408310 1.266425
v 18.191232 -0.583304 17.472194
vn 5.844165 -0.840121 0.073000
v 19.197065 1.683829 17.609371
vn 5.805231 -1.809471 -0.047226
v 19.743388 3.780702 21.358791
vn 1.646044 -5.099504 3.272439
v 17.425086 0.727389 23.437238
vn 4.549017 3.117087 -0.586124
v 15.961077 9.772469 19.373803
vn 4.454537 2.895100 -3.115749
v 18.981760 9.207608 21.215244
vn 3.311336 3.857804 -3.618048
v 16.477982 11.865578 21.914278
vn 5.114098 1.828068 -3.109688
v 18.934757 5.984544 19.269780
vn 5.049053 -0.080834 3.589299
v 18.926634 10.171058 30.344389
vn 2.336005 -4.431399 3.641154
v 15.859233 6.111687 29.763081
vn 6.206131 -0.214125 0.896438
v 13.525303 3.544368 5.909786
vn 6.032154 -1.185805 0.987217
v 13.243028 3.140247 7.667784
vn 5.310264 -2.816963 1.688481
v 12.564369 1.565727 8.030166
vn 6.189493 0.482907 0.711306
v 13.578241 4.993665 5.520818
vn 4.518106 -2.646904 -3.315169
v 15.756555 10.299269 5.948403
vn 5.223928 -2.421834 -2.476997
v 16.843548 10.395253 7.915996
vn 5.676309 -2.301273 -0.352653
v 12.781798 2.877136 9.645738
vn 5.693943 -0.580398 2.581665
v 17.147037 9.446449 16.598746
vn 6.007526 -0.644488 1.391878
v 16.926030 7.523459 16.387793
vn 5.664867 -1.866603 -1.529273
v 17.877234 8.381512 12.049706
vn 5.764730 -1.754720 -0.101657
v 18.790464 0.109227 16.164512
vn 3.643951 2.291824 -4.369801
v 17.211155 1.722716 13.862276
vn 3.633932 0.482580 -4.861441
v 13.466486 1.755208 11.624955
vn 5.265770 0.876502 -2.575750
v 18.740202 1.502165 15.455064
vn 4.881503 3.663791 0.213556
v 16.216044 20.993045 8.644363
vn 5.549122 2.414651 0.788389
v 14.647054 22.108990 10.673217
vn 4.379268 3.973340 1.792132
v 15.277988 21.144709 10.602224
vn 3.607811 4.341058 2.685885
v 16.388160 19.526567 12.258740
vn 5.015341 3.442546 -0.105401
v 17.038500 19.850666 9.635520
vn 5.604451 2.419532 -1.335218
v 16.816409 19.712948 8.073421
vn 5.713251 1.379053 -2.170559
v 16.505436 17.977322 5.337536
vn 5.811707 1.774669 -1.328164
v 17.552312 18.419515 9.033596
vn 5.717964 1.934683 -1.734235
v 16.399585 19.524960 6.472657
vn 5.880140 1.052771 -1.038244
v 13.692267 23.745896 16.527303
vn 5.893649 1.863606 0.987403
v 14.017697 23.067478 14.872594
vn 5.826522 1.778880 0.968959
v 14.971671 21.305242 13.960588
vn 0.200422 3.460963 4.948538
v 14.414571 13.832457 17.534554
vn 6.039795 -0.464789 -1.324213
v 18.605619 13.275025 10.877320
vn 5.951184 0.560679 1.646904
v 18.514667 14.380262 13.735238
vn 5.924724 1.492665 0.728161
v 18.476659 16.117420 12.514626
vn 1.745145 2.808700 5.338712
v 16.192419 14.232823 16.720628
vn 4.504477 -2.165601 -3.691506
v 16.028290 12.043662 5.166443
vn 4.345823 -1.234583 -4.231838
v 15.547732 14.511384 3.490012
vn 5.376730 -1.533964 -2.844337
v 16.837793 12.907320 6.011286
vn 5.990609 1.073916 -1.543196
v 17.468965 17.061193 7.817720
vn 6.043245 0.643077 -1.257332
v 18.470361 15.443035 10.502903
vn 5.975742 -0.652220 -1.718906
v 18.052579 13.236095 9.042796
vn 5.835481 -1.200503 -1.967628
v 18.084061 11.820219 10.248016
vn 5.745948 -1.606096 -1.912626
v 17.598366 11.637179 8.647565
vn 5.521994 1.971042 2.160076
v 15.339518 20.910447 29.492094
vn 5.921149 1.177453 1.652446
v 15.656312 17.664589 30.831100
vn 5.997312 0.554050 1.169473
v 16.189899 19.400021 28.118135
vn 6.252078 -0.261074 0.288339
v 16.310259 18.803231 26.097480
vn 6.042040 1.252832 0.736936
v 16.189814 20.945062 26.341146
vn 5.652090 1.982621 1.729323
v 15.727703 21.465877 27.845759
vn 5.434554 1.971181 2.044752
v 18.876844 12.444532 29.717741
vn 6.180726 0.388343 -0.017190
v 16.152125 17.224700 25.160765
vn 4.430660 3.952501 1.695821
v 16.978235 15.352944 29.987024
vn 5.537286 2.410682 -1.130680
v 14.037510 12.978224 19.547054
vn 4.397099 -0.722102 -4.368492
v 15.116289 15.385237 21.460632
vn 5.991351 -1.395728 0.511328
v 14.392278 17.687354 18.118747
vn 4.746330 -1.025358 -3.876870
v 15.126131 17.399652 21.035682
vn 5.778041 -0.267929 -2.376950
v 15.768465 18.089352 22.042639
vn 5.343324 -0.086627 -3.171593
v 15.970962 15.125131 22.596298
vn 5.927079 1.520372 -1.214569
v 15.611974 22.210016 21.612259
vn 5.859859 2.194557 -0.371098
v 15.528834 23.127105 23.502252
vn 5.915246 2.100778 0.116638
v 15.778161 22.465963 24.787466
vn 6.093314 -0.286238 -1.388280
v 16.126269 19.571764 22.926877
vn -5.089570 1.915503 3.061176
v -5.144063 18.807390 32.144222
vn -5.398483 1.870747 2.613330
v -5.274950 20.468419 30.596989
vn -5.365407 2.296710 2.282473
v -5.300112 21.605844 29.705835
vn -6.267423 -0.196554 0.309375
v -6.621426 18.570221 26.204262
vn -5.682578 1.772305 -1.721125
v -4.620416 24.080355 18.250363
vn -5.821690 0.412687 -2.280131
v -4.865822 22.685510 18.363196
vn -5.820839 -0.168069 -2.221962
v -5.899660 20.709713 20.914065
vn -5.823781 -0.424644 -2.227075
v -6.207926 17.989011 22.334543
vn -5.918913 2.014477 -0.587945
v -5.936519 22.783709 23.107004
vn -5.037953 3.130700 -1.893370
v -8.624370 11.537039 24.438728
vn -4.727576 -1.284297 -3.808126
v -5.259628 17.530310 20.720065
vn -5.261140 1.017945 3.115681
v -9.143465 11.558416 30.343053
vn -6.023660 1.263200 0.079902
v -6.547280 16.918319 27.336656
vn -4.913931 3.026196 -2.482478
v -8.267173 12.795686 25.185262
vn -5.422467 2.584630 1.187912
v -9.325573 12.753946 29.042498
vn -5.550631 2.488224 -1.112539
v -7.281116 19.666538 8.316387
vn -5.741649 1.565348 -1.975601
v -6.846030 18.266389 5.541289
vn -5.723869 1.842335 -1.819953
v -6.948026 19.170745 6.780048
vn -5.114826 3.421115 0.111906
v -7.488841 19.644421 10.171440
vn -4.052892 -2.861929 -3.725658
v -5.133315 9.807039 5.056127
vn -5.420842 -1.402771 -2.706435
v -7.293821 13.140304 5.974528
vn -4.962738 -2.245394 -2.963968
v -6.628300 11.245680 5.953953
vn -5.239495 -2.526812 -2.320798
v -7.032389 10.215273 7.861441
vn -5.691057 -1.579040 -2.047650
v -7.767433 11.984677 7.995085
vn -5.787819 -1.181911 -2.125923
v -8.294075 11.828031 9.756161
vn -6.010623 -0.460445 -1.549795
v -8.827374 12.880456 10.697448
vn -6.014289 -0.443185 -1.714717
v -8.384104 13.706661 9.189396
vn -5.804803 1.839130 0.750426
v -8.640316 17.119541 11.869748
vn -5.806614 1.750849 -1.460852
v -8.130706 18.017784 9.592411
vn -5.909058 1.340870 -1.606023
v -7.824932 17.693210 8.199612
vn -5.176227 -0.614716 -3.320644
v -6.843803 14.764923 4.563977
vn -5.179135 0.213930 -3.492223
v -6.436058 16.363818 3.970565
vn -5.624716 0.219852 2.700936
v -8.080553 12.462547 15.834737
vn -2.065317 2.648433 5.277977
v -6.336159 14.584963 16.595380
vn -1.990070 1.823086 4.892533
v -4.634549 15.544054 16.278185
vn -0.777444 3.019833 5.365519
v -5.572823 15.687814 16.251893
vn -2.604361 3.025540 4.643653
v -6.755116 16.641464 15.368964
vn -4.386228 3.075151 2.805503
v -7.907336 17.471419 13.641218
vn -6.166391 -0.085911 0.350885
v -9.071856 13.373307 12.605239
vn -6.010312 -0.213879 1.808017
v -8.613819 12.295013 14.298956
vn -6.002579 1.746375 0.600907
v -4.231637 23.500174 15.464820
vn -5.804698 2.173011 0.920968
v -4.354520 23.548173 13.895814
vn -5.673948 2.490504 0.942861
v -4.850202 22.791499 13.204777
vn -3.445865 3.837338 3.523008
v -6.880339 18.367155 13.727971
vn -5.947113 1.369331 1.036634
v -4.732073 20.822978 16.242408
vn -5.385582 -2.745666 1.613115
v -2.756712 1.819149 8.248047
vn -5.686533 -1.316774 1.948613
v -3.528150 2.414742 7.129027
vn -3.407885 -2.465908 -4.024283
v -7.346451 -1.337810 13.302603
vn -5.287932 -0.107947 -2.536374
v -8.840091 0.487638 14.680054
vn -5.752195 -1.377644 -0.652995
v -9.334185 0.630647 16.423014
vn -5.637552 1.687413 -1.904426
v -9.200914 4.239090 17.735143
vn -5.213393 1.299010 -2.792405
v -9.046350 2.118231 15.614928
vn -4.196325 2.604239 -3.678350
v -8.466035 3.710960 15.916547
vn -2.869467 1.303694 -5.209323
v -6.292824 0.723865 12.540723
vn -5.897357 -1.070898 1.751198
v -8.219919 9.638471 14.931303
vn -5.821157 -2.081335 0.255151
v -7.932488 7.593903 13.863254
vn -4.938580 -2.876489 -2.171706
v -7.132224 6.428947 12.104682
vn -4.647888 -2.962573 -3.006844
v -6.726140 7.366289 10.755846
vn -6.043942 -0.450821 0.374815
v -3.481466 7.136115 5.841578
vn -5.923004 1.125380 1.666425
v -3.661669 5.721193 6.218532
vn -6.155316 -0.201245 1.241288
v -3.840263 3.062210 5.830020
vn -4.044502 -3.658224 -3.109371
v -4.808483 5.769303 9.685642
vn -4.135920 -3.721350 -2.823159
v -5.086412 8.399872 6.472122
vn -5.635331 -0.328276 2.705105
v -4.943062 -0.283308 26.638789
vn -2.885474 -3.241250 4.016087
v -8.092760 2.530532 25.376461
vn -1.305130 -3.790753 4.798829
v -6.879250 2.613436 25.820590
vn -2.039922 -4.513024 3.731442
v -7.372276 1.083086 24.140633
vn -4.666763 -2.390865 3.250801
v -9.254617 7.953109 29.586660
vn -4.658274 -3.755010 1.186410
v -9.219602 6.173292 27.047057
vn -4.622318 3.622336 -1.443554
v -5.584276 11.051886 20.060058
vn -5.725783 -1.796987 1.797882
v -9.498996 3.701016 23.198136
vn -5.933323 0.721927 1.292850
v -10.050239 8.035943 23.544068
vn -5.258499 -3.138487 1.168913
v -8.673055 -0.187083 18.120883
vn -3.467579 -4.693673 1.726543
v -7.572926 -1.581507 18.038648
vn -4.749942 -3.358650 1.110631
v -8.699934 0.766814 22.178544
vn -1.353081 -5.421041 2.348300
v -7.079128 -0.614396 21.299695
vn -5.750690 -2.426176 0.567614
v -9.255509 2.214793 21.752739
vn -5.697565 -2.579601 -0.306778
v -9.569829 2.749298 20.661280
vn 3.490572 -2.594854 -4.232449
v 16.536103 -1.633283 13.016181
vn 3.059072 -5.069716 -1.532917
v 5.054301 -3.885296 9.429313
vn 0.869677 -6.018940 1.184191
v 12.036028 -6.002221 12.934179
vn -0.033806 -0.826658 -5.966573
v 8.670536 -3.151092 0.595286
vn 0.009895 -3.596677 5.127845
v 4.857447 -3.544255 32.609479
vn 1.460549 3.036418 5.257947
v 8.775070 19.525017 35.131450
vn -0.352871 -1.025060 6.186645
v 0.540913 12.280013 36.653545
vn -2.221181 2.186406 5.406160
v -1.729560 16.524588 35.822264
vn 0.394261 4.016736 4.613763
v 4.589912 22.960558 32.084387
vn -1.618087 5.733026 -1.340066
v 6.650043 27.687728 5.586673
vn 2.132530 5.787507 -0.092509
v 9.582298 27.722269 7.333380
vn 0.199907 6.060143 -1.516403
v 6.892649 28.167447 9.167061
vn -4.774234 3.908721 -0.966009
v -2.949155 26.501180 17.071580
vn 5.706011 2.577132 -0.526026
v 1.263666 7.631785 20.107685
vn 1.325079 3.794119 -4.797447
v 3.751347 6.657088 23.757156
vn 2.803419 4.718911 -0.789515
v 2.766669 4.750167 20.286651
vn -1.235462 -0.558212 -6.116303
v -1.564860 4.477239 1.000542
vn -0.291802 1.903317 -5.751305
v 1.279338 23.782573 0.499077
vn 2.203000 -5.754208 -0.106130
v 1.008545 19.532819 9.515301
vn 6.113428 0.743251 -0.894401
v -1.075675 13.224860 19.576814
vn 5.897171 1.626411 -1.249763
v -0.204953 11.947081 22.498046
vn 5.631659 2.721723 -0.569648
v -0.330842 10.436541 18.065780
vn 6.142975 -0.952953 -0.035568
v -1.393458 15.421264 14.414751
vn 5.694529 1.687415 1.743676
v -0.998262 13.794459 7.078773
vn 6.175115 0.797962 -0.130364
v -1.410180 13.276204 15.443168
vn -6.133532 0.574673 -1.162735
v 10.175996 12.984860 22.516760
vn -6.139854 -0.294384 -1.140219
v 10.456909 14.158657 21.241202
vn -5.743870 -2.158246 -0.602626
v 10.844138 16.825284 12.248068
vn -0.184743 -6.277589 -0.031214
v 5.846801 19.842711 10.500165
vn -1.810189 4.336001 -3.746677
v 6.645832 26.127782 2.269361
vn -2.762073 3.664000 3.876496
v 6.134315 5.199139 9.200367
vn -3.191312 4.678450 -0.695751
v 7.183452 4.957417 20.198100
vn -0.605675 6.038386 -1.611319
v 5.909798 4.939989 20.921860
vn -1.957654 3.697292 -4.676676
v 6.501096 7.881086 24.496477
vn -5.306381 3.358681 -0.101441
v 7.457231 5.416363 17.293265
vn -5.829233 2.298256 -0.461613
v 8.404215 7.460186 19.980429
vn 5.690953 -1.951417 1.694404
v 19.037336 3.191660 23.410229
vn 2.860217 -4.403487 2.984653
v 17.830325 6.344454 29.252834
vn 4.602745 -3.513945 1.688314
v 18.934374 6.406510 27.596047
vn 4.491190 -3.150932 -3.006914
v 15.440004 8.933852 6.865051
vn 5.601924 -0.907254 -1.226595
v 16.446271 4.962031 15.083035
vn 5.231649 1.675064 -2.448704
v 18.787053 3.354094 16.543285
vn 3.648347 4.505146 1.469893
v 16.340380 20.388473 11.001644
vn 3.029686 4.147535 3.561543
v 16.266924 18.623740 13.676163
vn 5.865011 -0.030020 2.195051
v 18.181869 12.880623 14.749867
vn 5.586856 2.491565 -0.604780
v 16.585257 15.456107 26.047740
vn -3.947915 -2.959701 -3.625366
v -4.204029 3.572873 11.638266
vn -5.736610 -2.259801 0.861085
v -9.495571 6.318184 25.533893
vn -4.610557 2.937887 -3.072523
v -8.006822 6.853284 18.081498
vn -5.919504 0.359732 0.747068
v -10.404632 6.555412 22.576335
vn -5.346765 1.469267 2.867165
v -2.902235 8.880882 34.105157
vn -0.630041 1.852681 5.952460
v 2.630982 16.960656 36.450801
vn -0.935563 4.196406 4.577493
v 5.606675 23.587545 31.747677
vn 0.015378 4.041347 4.624851
v 4.820419 21.350347 33.489366
vn -5.677702 2.606233 -0.129404
v -4.720956 23.448709 11.009373
vn -0.942799 6.136169 0.207091
v 1.329959 29.037945 18.464321
vn 5.102167 2.883683 2.175376
v 1.179257 6.979959 11.018603
vn 5.614500 2.746727 -0.629347
v 0.542789 9.095577 19.633099
vn 5.646278 2.691629 -0.577249
v 1.076742 7.680438 18.215273
vn 5.602036 2.793829 -0.404799
v 1.980904 6.087300 20.488709
vn 3.408777 3.162645 -3.490971
v 2.356140 8.277699 24.575674
vn 3.645065 2.987519 -3.400054
v 2.448789 6.697252 23.286311
vn 3.181875 4.820947 -0.648618
v 3.217132 4.016890 16.866055
vn 0.112617 6.023846 -1.444377
v 4.489047 3.923926 17.602050
vn -0.169754 6.064710 -1.613780
v 4.478777 4.980900 21.419694
vn 0.005551 -3.937444 -4.678119
v 4.712233 18.065994 25.233733
vn 6.058676 -0.483408 -1.572470
v -0.180738 14.859655 23.417101
vn 6.082504 -0.098870 -1.521484
v -0.675855 14.486751 21.618182
vn 5.870517 1.882557 -1.145748
v -0.639337 11.844369 20.099299
vn -5.717791 2.421419 -0.771327
v 10.094136 11.113358 19.829790
vn -6.172531 -0.204444 -1.054571
v 10.069966 14.348530 23.328966
vn -3.359076 4.673192 -0.638129
v 6.667741 4.177924 16.880424
vn -4.016632 2.853427 -3.078206
v 7.529761 6.334785 22.662715
vn -1.274834 3.686217 -4.786008
v 5.639258 6.495293 23.779396
vn -5.586513 2.794110 -0.209920
v 7.748326 5.858041 20.334883
vn -5.571702 2.827741 -0.153134
v 8.097337 6.421133 18.504484
vn 5.922197 -0.243940 1.554151
v 14.584487 18.839972 16.264664
vn 5.107731 2.721971 -2.143437
v 18.924785 12.219100 26.257238
vn -5.950653 1.159400 -1.392596
v -5.883755 22.156524 21.228718
vn -6.031659 -0.248934 -1.640482
v -6.413816 19.601892 22.614991
vn -4.561493 -0.631921 -4.176507
v -4.883827 14.922917 21.214213
vn -5.023745 3.122671 0.992080
v -5.333778 21.632584 10.506200
vn -0.992303 -5.445747 -2.340902
v 4.951248 -6.651806 12.452783
vn -4.972184 -3.357765 -0.792973
v -4.917130 -2.743983 24.278944
vn -0.692755 -4.937236 3.658181
v -0.545321 -1.520021 33.620461
vn 0.272718 3.363966 5.195140
v 7.351856 20.462774 34.839474
vn 1.365918 3.477651 -5.014647
v 1.372872 9.737700 2.039538
vn -1.131014 -0.139242 -5.908416
v -1.001905 6.259842 0.515406
vn 5.832806 -2.007440 -1.124078
v 0.128103 17.023672 22.668413
vn -6.232426 0.715284 -0.227649
v 11.082370 12.926499 11.641205
vn 3.952218 3.851236 -2.410905
v 18.353929 10.554203 21.776879
vn 4.141870 -3.229656 3.202661
v 18.493705 7.250477 29.538901
vn -5.650100 0.650488 -2.557444
v -7.028523 16.400851 5.014710
vn -5.657119 -0.425869 2.478752
v -3.829541 1.328989 5.771471
vn -2.951624 -5.044870 1.558770
v -7.572033 -1.064469 19.639565
vn -1.989185 -5.351266 -2.165110
v -0.650080 -5.748233 14.153732
vn -1.987284 -3.873679 -4.332397
v -0.745046 -4.428484 12.394572
vn -0.369957 -1.737263 6.023047
v 1.997873 2.856917 35.805702
vn 0.793474 1.987714 5.874022
v 6.803468 17.080270 36.442876
vn -5.442532 0.260894 -2.933653
v -3.648853 4.921980 2.210269
vn 6.127207 -0.485214 -0.467807
v -1.463661 14.779842 16.481345
vn -4.370402 -3.021619 -1.972678
v 9.490719 17.353785 23.505520
vn 5.659502 2.642364 -0.666149
v -0.174730 9.771674 16.491363
# 2340 vertices, 0 vertices normals

f 952//952 2//2 1//1
f 2//2 3//3 1//1
f 4//4 5//5 959//959
f 4//4 962//962 6//6
f 5//5 4//4 7//7
f 6//6 7//7 4//4
f 35//35 34//34 7//7
f 1//1 3//3 8//8
f 5//5 7//7 32//32
f 5//5 32//32 8//8
f 10//10 1//1 8//8
f 29//29 1733//1733 9//9
f 10//10 9//9 1733//1733
f 952//952 1//1 1734//1734
f 1734//1734 1733//1733 1735//1735
f 29//29 76//76 111//111
f 11//11 29//29 111//111
f 62//62 1034//1034 15//15
f 13//13 15//15 1034//1034
f 15//15 12//12 62//62
f 14//14 12//12 15//15
f 1737//1737 13//13 1033//1033
f 212//212 18//18 16//16
f 16//16 18//18 1737//1737
f 17//17 14//14 15//15
f 23//23 1736//1736 1737//1737
f 19//19 1737//1737 18//18
f 19//19 18//18 265//265
f 264//264 20//20 19//19
f 21//21 95//95 22//22
f 20//20 25//25 19//19
f 22//22 25//25 20//20
f 25//25 22//22 95//95
f 95//95 26//26 25//25
f 24//24 17//17 1736//1736
f 25//25 23//23 19//19
f 23//23 25//25 28//28
f 28//28 24//24 23//23
f 28//28 25//25 26//26
f 26//26 89//89 28//28
f 89//89 27//27 28//28
f 30//30 28//28 27//27
f 27//27 78//78 1738//1738
f 76//76 29//29 1738//1738
f 29//29 9//9 1738//1738
f 24//24 28//28 30//30
f 24//24 30//30 46//46
f 45//45 46//46 30//30
f 30//30 41//41 45//45
f 30//30 27//27 1738//1738
f 30//30 1738//1738 9//9
f 33//33 30//30 9//9
f 9//9 31//31 33//33
f 10//10 8//8 32//32
f 32//32 9//9 10//10
f 7//7 34//34 32//32
f 32//32 34//34 31//31
f 43//43 31//31 34//34
f 33//33 31//31 43//43
f 35//35 7//7 6//6
f 6//6 36//36 35//35
f 36//36 6//6 961//961
f 36//36 38//38 37//37
f 43//43 34//34 35//35
f 35//35 37//37 43//43
f 35//35 36//36 37//37
f 51//51 43//43 37//37
f 37//37 39//39 51//51
f 39//39 37//37 38//38
f 38//38 36//36 40//40
f 38//38 40//40 39//39
f 33//33 41//41 30//30
f 41//41 33//33 42//42
f 41//41 42//42 45//45
f 43//43 42//42 33//33
f 44//44 42//42 43//43
f 43//43 51//51 44//44
f 17//17 24//24 46//46
f 47//47 45//45 42//42
f 47//47 42//42 44//44
f 44//44 48//48 47//47
f 48//48 55//55 49//49
f 49//49 46//46 45//45
f 45//45 47//47 49//49
f 46//46 49//49 17//17
f 47//47 48//48 49//49
f 14//14 17//17 49//49
f 50//50 51//51 39//39
f 39//39 53//53 50//50
f 51//51 52//52 44//44
f 52//52 51//51 50//50
f 52//52 50//50 53//53
f 53//53 57//57 52//52
f 53//53 39//39 40//40
f 53//53 40//40 54//54
f 53//53 54//54 57//57
f 62//62 57//57 54//54
f 48//48 44//44 52//52
f 52//52 56//56 48//48
f 55//55 48//48 56//56
f 56//56 58//58 55//55
f 52//52 57//57 56//56
f 59//59 58//58 56//56
f 56//56 57//57 59//59
f 60//60 49//49 55//55
f 61//61 60//60 55//55
f 55//55 58//58 61//61
f 49//49 60//60 14//14
f 12//12 14//14 60//60
f 60//60 61//61 12//12
f 61//61 58//58 59//59
f 61//61 62//62 12//12
f 62//62 59//59 57//57
f 59//59 62//62 61//61
f 63//63 170//170 2320//2320
f 2320//2320 66//66 63//63
f 1739//1739 99//99 63//63
f 1740//1740 66//66 1741//1741
f 66//66 1740//1740 1739//1739
f 99//99 1739//1739 79//79
f 68//68 69//69 67//67
f 67//67 71//71 68//68
f 71//71 67//67 113//113
f 113//113 75//75 71//71
f 75//75 77//77 71//71
f 68//68 70//70 69//69
f 68//68 72//72 70//70
f 72//72 68//68 71//71
f 71//71 73//73 72//72
f 81//81 72//72 73//73
f 73//73 71//71 77//77
f 74//74 73//73 77//77
f 77//77 75//75 76//76
f 77//77 78//78 74//74
f 78//78 77//77 76//76
f 79//79 69//69 70//70
f 72//72 80//80 70//70
f 86//86 70//70 80//80
f 70//70 86//86 79//79
f 80//80 72//72 81//81
f 81//81 73//73 82//82
f 81//81 83//83 80//80
f 84//84 83//83 81//81
f 81//81 82//82 84//84
f 73//73 74//74 82//82
f 74//74 88//88 82//82
f 88//88 84//84 82//82
f 84//84 85//85 83//83
f 85//85 84//84 88//88
f 88//88 91//91 85//85
f 86//86 99//99 79//79
f 80//80 87//87 86//86
f 83//83 87//87 80//80
f 87//87 83//83 85//85
f 87//87 85//85 91//91
f 88//88 74//74 78//78
f 88//88 78//78 89//89
f 27//27 89//89 78//78
f 90//90 91//91 89//89
f 91//91 88//88 89//89
f 90//90 89//89 26//26
f 93//93 90//90 26//26
f 91//91 90//90 92//92
f 94//94 92//92 90//90
f 90//90 93//93 94//94
f 26//26 95//95 93//93
f 175//175 95//95 21//21
f 175//175 96//96 95//95
f 95//95 96//96 93//93
f 94//94 93//93 96//96
f 97//97 94//94 96//96
f 96//96 175//175 97//97
f 87//87 91//91 92//92
f 92//92 98//98 87//87
f 98//98 92//92 94//94
f 98//98 94//94 97//97
f 98//98 100//100 87//87
f 87//87 100//100 86//86
f 99//99 86//86 100//100
f 97//97 2239//2239 98//98
f 100//100 98//98 2239//2239
f 100//100 101//101 99//99
f 101//101 100//100 2239//2239
f 63//63 99//99 101//101
f 171//171 101//101 2239//2239
f 170//170 171//171 102//102
f 120//120 427//427 103//103
f 105//105 104//104 427//427
f 104//104 1744//1744 103//103
f 103//103 427//427 104//104
f 1637//1637 104//104 105//105
f 104//104 2207//2207 1744//1744
f 2207//2207 106//106 1744//1744
f 2207//2207 104//104 1637//1637
f 2213//2213 107//107 106//106
f 108//108 107//107 1645//1645
f 107//107 108//108 106//106
f 118//118 106//106 108//108
f 115//115 108//108 109//109
f 111//111 110//110 1636//1636
f 114//114 110//110 111//111
f 114//114 109//109 110//110
f 111//111 112//112 114//114
f 76//76 112//112 111//111
f 112//112 76//76 75//75
f 113//113 112//112 75//75
f 116//116 114//114 112//112
f 113//113 116//116 112//112
f 108//108 115//115 118//118
f 117//117 115//115 109//109
f 114//114 116//116 117//117
f 117//117 109//109 114//114
f 67//67 116//116 113//113
f 69//69 117//117 116//116
f 67//67 69//69 116//116
f 117//117 69//69 115//115
f 119//119 1744//1744 118//118
f 119//119 1742//1742 120//120
f 103//103 119//119 120//120
f 121//121 1746//1746 122//122
f 123//123 125//125 124//124
f 258//258 125//125 180//180
f 121//121 124//124 125//125
f 125//125 258//258 252//252
f 126//126 252//252 251//251
f 127//127 126//126 251//251
f 130//130 126//126 127//127
f 125//125 252//252 121//121
f 133//133 134//134 126//126
f 130//130 128//128 129//129
f 129//129 238//238 131//131
f 1301//1301 1282//1282 131//131
f 132//132 129//129 131//131
f 130//130 133//133 126//126
f 132//132 130//130 129//129
f 130//130 132//132 133//133
f 134//134 133//133 1746//1746
f 135//135 136//136 2238//2238
f 1447//1447 135//135 1449//1449
f 1447//1447 379//379 377//377
f 137//137 136//136 138//138
f 139//139 138//138 136//136
f 135//135 1447//1447 377//377
f 140//140 139//139 135//135
f 403//403 139//139 140//140
f 138//138 139//139 141//141
f 141//141 142//142 138//138
f 138//138 142//142 137//137
f 142//142 147//147 137//137
f 147//147 142//142 194//194
f 194//194 191//191 147//147
f 144//144 147//147 191//191
f 191//191 190//190 144//144
f 145//145 185//185 143//143
f 144//144 190//190 149//149
f 146//146 143//143 185//185
f 123//123 143//143 146//146
f 146//146 180//180 123//123
f 147//147 144//144 148//148
f 148//148 137//137 147//147
f 149//149 148//148 144//144
f 145//145 149//149 190//190
f 148//148 149//149 150//150
f 137//137 148//148 150//150
f 150//150 149//149 152//152
f 149//149 145//145 152//152
f 152//152 145//145 151//151
f 125//125 123//123 180//180
f 151//151 123//123 1408//1408
f 143//143 123//123 151//151
f 143//143 151//151 145//145
f 151//151 1408//1408 1452//1452
f 153//153 136//136 150//150
f 150//150 136//136 137//137
f 153//153 150//150 1748//1748
f 153//153 1450//1450 2238//2238
f 167//167 155//155 154//154
f 157//157 154//154 328//328
f 159//159 208//208 210//210
f 161//161 159//159 155//155
f 167//167 161//161 155//155
f 157//157 328//328 454//454
f 454//454 64//64 157//157
f 154//154 157//157 167//167
f 157//157 156//156 167//167
f 157//157 64//64 156//156
f 208//208 159//159 158//158
f 165//165 158//158 159//159
f 165//165 160//160 158//158
f 168//168 161//161 167//167
f 169//169 165//165 159//159
f 159//159 161//161 169//169
f 205//205 160//160 162//162
f 163//163 205//205 162//162
f 165//165 162//162 160//160
f 162//162 164//164 163//163
f 165//165 164//164 162//162
f 184//184 163//163 164//164
f 165//165 169//169 166//166
f 165//165 166//166 164//164
f 168//168 169//169 161//161
f 2320//2320 168//168 156//156
f 166//166 169//169 170//170
f 166//166 170//170 102//102
f 169//169 2320//2320 170//170
f 101//101 171//171 170//170
f 170//170 63//63 101//101
f 97//97 173//173 2239//2239
f 171//171 172//172 102//102
f 172//172 171//171 173//173
f 175//175 174//174 97//97
f 21//21 176//176 175//175
f 176//176 174//174 175//175
f 174//174 173//173 97//97
f 176//176 178//178 174//174
f 164//164 166//166 102//102
f 177//177 164//164 102//102
f 177//177 102//102 172//172
f 172//172 1749//1749 177//177
f 1749//1749 172//172 173//173
f 173//173 174//174 1749//1749
f 177//177 184//184 164//164
f 178//178 1749//1749 174//174
f 1749//1749 178//178 181//181
f 179//179 178//178 262//262
f 179//179 262//262 261//261
f 179//179 181//181 178//178
f 179//179 261//261 180//180
f 180//180 146//146 179//179
f 179//179 182//182 181//181
f 182//182 179//179 146//146
f 146//146 185//185 182//182
f 181//181 182//182 183//183
f 177//177 1749//1749 183//183
f 184//184 177//177 183//183
f 184//184 204//204 163//163
f 183//183 186//186 184//184
f 204//204 184//184 186//186
f 186//186 203//203 204//204
f 186//186 183//183 182//182
f 187//187 203//203 186//186
f 186//186 182//182 185//185
f 187//187 186//186 185//185
f 187//187 185//185 188//188
f 188//188 185//185 145//145
f 145//145 190//190 188//188
f 189//189 187//187 188//188
f 188//188 190//190 189//189
f 190//190 191//191 193//193
f 193//193 192//192 190//190
f 192//192 189//189 190//190
f 191//191 194//194 198//198
f 197//197 194//194 142//142
f 198//198 193//193 191//191
f 197//197 198//198 194//194
f 195//195 187//187 189//189
f 189//189 192//192 195//195
f 196//196 195//195 192//192
f 192//192 193//193 196//196
f 193//193 198//198 196//196
f 142//142 141//141 199//199
f 141//141 139//139 337//337
f 337//337 199//199 141//141
f 197//197 142//142 200//200
f 142//142 199//199 200//200
f 198//198 197//197 207//207
f 197//197 200//200 207//207
f 200//200 199//199 201//201
f 187//187 195//195 203//203
f 202//202 203//203 195//195
f 206//206 204//204 203//203
f 203//203 202//202 206//206
f 204//204 205//205 163//163
f 204//204 206//206 205//205
f 205//205 206//206 160//160
f 206//206 202//202 158//158
f 202//202 208//208 158//158
f 206//206 158//158 160//160
f 207//207 196//196 198//198
f 195//195 196//196 202//202
f 209//209 208//208 196//196
f 196//196 207//207 209//209
f 201//201 2240//2240 200//200
f 209//209 210//210 208//208
f 211//211 2240//2240 332//332
f 332//332 330//330 211//211
f 155//155 211//211 330//330
f 330//330 154//154 155//155
f 159//159 210//210 211//211
f 211//211 155//155 159//159
f 18//18 212//212 265//265
f 265//265 212//212 1294//1294
f 1294//1294 1293//1293 215//215
f 215//215 217//217 213//213
f 213//213 216//216 214//214
f 217//217 216//216 213//213
f 217//217 215//215 218//218
f 215//215 1292//1292 218//218
f 219//219 218//218 1304//1304
f 2241//2241 219//219 1304//1304
f 218//218 222//222 217//217
f 222//222 218//218 219//219
f 219//219 223//223 222//222
f 227//227 223//223 219//219
f 219//219 2241//2241 227//227
f 221//221 228//228 227//227
f 221//221 234//234 228//228
f 216//216 217//217 222//222
f 222//222 224//224 216//216
f 224//224 222//222 223//223
f 223//223 225//225 224//224
f 225//225 223//223 227//227
f 227//227 230//230 225//225
f 226//226 214//214 216//216
f 216//216 224//224 226//226
f 239//239 226//226 224//224
f 224//224 225//225 239//239
f 239//239 225//225 230//230
f 230//230 231//231 239//239
f 230//230 227//227 228//228
f 228//228 234//234 229//229
f 228//228 233//233 230//230
f 233//233 228//228 229//229
f 229//229 232//232 233//233
f 233//233 231//231 230//230
f 233//233 232//232 242//242
f 1301//1301 234//234 221//221
f 234//234 236//236 235//235
f 229//229 234//234 235//235
f 1301//1301 236//236 234//234
f 236//236 1301//1301 238//238
f 238//238 1301//1301 131//131
f 232//232 229//229 235//235
f 232//232 235//235 236//236
f 236//236 237//237 232//232
f 237//237 236//236 238//238
f 238//238 128//128 237//237
f 242//242 232//232 237//237
f 128//128 238//238 129//129
f 239//239 213//213 214//214
f 214//214 226//226 239//239
f 231//231 241//241 239//239
f 213//213 239//239 245//245
f 245//245 239//239 240//240
f 240//240 239//239 244//244
f 242//242 241//241 231//231
f 231//231 233//233 242//242
f 243//243 241//241 242//242
f 244//244 239//239 241//241
f 241//241 246//246 244//244
f 246//246 241//241 247//247
f 243//243 247//247 241//241
f 245//245 240//240 259//259
f 257//257 259//259 240//240
f 240//240 244//244 257//257
f 244//244 246//246 257//257
f 247//247 256//256 246//246
f 247//247 243//243 255//255
f 257//257 246//246 256//256
f 255//255 256//256 247//247
f 242//242 248//248 243//243
f 242//242 237//237 128//128
f 248//248 242//242 128//128
f 249//249 248//248 128//128
f 128//128 127//127 249//249
f 127//127 128//128 130//130
f 248//248 250//250 243//243
f 250//250 248//248 249//249
f 255//255 243//243 250//250
f 250//250 249//249 253//253
f 127//127 251//251 249//249
f 251//251 253//253 249//249
f 251//251 252//252 253//253
f 252//252 254//254 253//253
f 253//253 254//254 250//250
f 255//255 250//250 254//254
f 254//254 256//256 255//255
f 252//252 258//258 254//254
f 254//254 258//258 256//256
f 180//180 261//261 258//258
f 257//257 256//256 258//258
f 258//258 1752//1752 259//259
f 1752//1752 260//260 259//259
f 259//259 260//260 245//245
f 258//258 261//261 1752//1752
f 1752//1752 261//261 262//262
f 262//262 263//263 264//264
f 1750//1750 260//260 264//264
f 178//178 176//176 263//263
f 22//22 263//263 176//176
f 176//176 21//21 22//22
f 263//263 22//22 20//20
f 263//263 20//20 264//264
f 260//260 1750//1750 1751//1751
f 1750//1750 264//264 265//265
f 265//265 1294//1294 1750//1750
f 284//284 266//266 283//283
f 266//266 267//267 283//283
f 283//283 267//267 279//279
f 266//266 268//268 267//267
f 268//268 266//266 667//667
f 268//268 667//667 666//666
f 666//666 269//269 268//268
f 269//269 273//273 268//268
f 270//270 666//666 724//724
f 270//270 269//269 666//666
f 269//269 270//270 271//271
f 271//271 274//274 269//269
f 273//273 269//269 274//274
f 271//271 272//272 274//274
f 273//273 267//267 268//268
f 273//273 279//279 267//267
f 273//273 274//274 276//276
f 276//276 277//277 273//273
f 275//275 276//276 274//274
f 313//313 275//275 274//274
f 310//310 277//277 276//276
f 311//311 310//310 276//276
f 276//276 275//275 311//311
f 277//277 310//310 278//278
f 278//278 279//279 277//277
f 279//279 273//273 277//277
f 280//280 279//279 278//278
f 353//353 280//280 278//278
f 390//390 387//387 280//280
f 282//282 387//387 388//388
f 388//388 386//386 282//282
f 282//282 280//280 387//387
f 282//282 386//386 281//281
f 282//282 281//281 283//283
f 1353//1353 386//386 382//382
f 1353//1353 281//281 386//386
f 1353//1353 382//382 1371//1371
f 1353//1353 284//284 281//281
f 282//282 279//279 280//280
f 283//283 279//279 282//282
f 284//284 283//283 281//281
f 285//285 287//287 323//323
f 287//287 285//285 1753//1753
f 288//288 286//286 287//287
f 285//285 490//490 1753//1753
f 290//290 289//289 322//322
f 286//286 290//290 322//322
f 286//286 288//288 292//292
f 290//290 286//286 292//292
f 288//288 291//291 292//292
f 1761//1761 291//291 293//293
f 1761//1761 294//294 291//291
f 294//294 299//299 295//295
f 296//296 298//298 297//297
f 298//298 296//296 361//361
f 301//301 297//297 298//298
f 298//298 300//300 301//301
f 298//298 361//361 300//300
f 302//302 297//297 301//301
f 292//292 291//291 294//294
f 292//292 294//294 295//295
f 292//292 308//308 290//290
f 308//308 292//292 295//295
f 304//304 308//308 295//295
f 302//302 304//304 295//295
f 308//308 289//289 290//290
f 299//299 302//302 295//295
f 299//299 297//297 302//302
f 300//300 303//303 301//301
f 302//302 301//301 305//305
f 303//303 305//305 301//301
f 359//359 303//303 300//300
f 304//304 302//302 305//305
f 305//305 303//303 358//358
f 305//305 358//358 307//307
f 307//307 306//306 305//305
f 306//306 304//304 305//305
f 306//306 307//307 353//353
f 304//304 306//306 308//308
f 309//309 289//289 308//308
f 309//309 308//308 310//310
f 275//275 312//312 311//311
f 312//312 275//275 313//313
f 272//272 313//313 274//274
f 313//313 272//272 314//314
f 311//311 317//317 310//310
f 317//317 311//311 312//312
f 309//309 310//310 317//317
f 313//313 314//314 312//312
f 314//314 316//316 312//312
f 270//270 315//315 271//271
f 270//270 724//724 315//315
f 314//314 272//272 316//316
f 271//271 318//318 272//272
f 316//316 272//272 318//318
f 318//318 271//271 315//315
f 724//724 319//319 315//315
f 321//321 318//318 315//315
f 321//321 315//315 319//319
f 320//320 317//317 312//312
f 309//309 317//317 322//322
f 320//320 322//322 317//317
f 320//320 312//312 316//316
f 322//322 289//289 309//309
f 316//316 318//318 320//320
f 318//318 321//321 320//320
f 322//322 320//320 321//321
f 286//286 322//322 321//321
f 321//321 287//287 286//286
f 287//287 321//321 319//319
f 323//323 287//287 319//319
f 324//324 376//376 325//325
f 326//326 324//324 325//325
f 325//325 454//454 327//327
f 327//327 454//454 328//328
f 371//371 324//324 326//326
f 327//327 326//326 325//325
f 370//370 371//371 326//326
f 326//326 345//345 370//370
f 327//327 329//329 345//345
f 328//328 329//329 327//327
f 328//328 331//331 329//329
f 328//328 154//154 331//331
f 154//154 330//330 333//333
f 333//333 331//331 154//154
f 333//333 330//330 332//332
f 346//346 329//329 331//331
f 334//334 331//331 333//333
f 331//331 334//334 346//346
f 201//201 199//199 335//335
f 201//201 335//335 332//332
f 337//337 335//335 199//199
f 336//336 333//333 332//332
f 332//332 335//335 336//336
f 335//335 337//337 336//336
f 339//339 336//336 337//337
f 338//338 339//339 337//337
f 333//333 336//336 340//340
f 333//333 340//340 341//341
f 333//333 341//341 334//334
f 336//336 339//339 340//340
f 343//343 341//341 340//340
f 342//342 340//340 339//339
f 340//340 342//342 343//343
f 346//346 345//345 329//329
f 326//326 327//327 345//345
f 346//346 344//344 345//345
f 348//348 346//346 334//334
f 347//347 348//348 334//334
f 348//348 344//344 346//346
f 344//344 348//348 398//398
f 349//349 350//350 396//396
f 350//350 344//344 398//398
f 398//398 396//396 350//350
f 394//394 393//393 349//349
f 349//349 393//393 351//351
f 351//351 393//393 391//391
f 391//391 352//352 351//351
f 354//354 351//351 352//352
f 353//353 307//307 352//352
f 350//350 345//345 344//344
f 350//350 355//355 345//345
f 350//350 349//349 355//355
f 351//351 355//355 349//349
f 351//351 354//354 355//355
f 369//369 355//355 354//354
f 345//345 355//355 370//370
f 352//352 356//356 354//354
f 356//356 357//357 354//354
f 354//354 360//360 369//369
f 357//357 360//360 354//354
f 307//307 358//358 356//356
f 358//358 357//357 356//356
f 358//358 303//303 359//359
f 357//357 358//358 359//359
f 372//372 360//360 357//357
f 372//372 369//369 360//360
f 357//357 365//365 372//372
f 300//300 361//361 359//359
f 359//359 362//362 357//357
f 362//362 359//359 361//361
f 361//361 363//363 362//362
f 361//361 296//296 363//363
f 363//363 364//364 362//362
f 365//365 357//357 362//362
f 364//364 365//365 362//362
f 367//367 365//365 364//364
f 365//365 367//367 372//372
f 367//367 364//364 368//368
f 366//366 364//364 363//363
f 368//368 364//364 366//366
f 370//370 355//355 369//369
f 372//372 373//373 371//371
f 372//372 367//367 374//374
f 372//372 374//374 373//373
f 371//371 370//370 369//369
f 369//369 372//372 371//371
f 367//367 368//368 374//374
f 373//373 374//374 375//375
f 371//371 373//373 324//324
f 375//375 324//324 373//373
f 324//324 375//375 376//376
f 140//140 377//377 406//406
f 378//378 377//377 379//379
f 380//380 384//384 405//405
f 405//405 378//378 380//380
f 379//379 2091//2091 378//378
f 1373//1373 1371//1371 381//381
f 1373//1373 381//381 1754//1754
f 380//380 381//381 384//384
f 382//382 381//381 1371//1371
f 381//381 382//382 384//384
f 382//382 383//383 384//384
f 384//384 397//397 405//405
f 397//397 384//384 383//383
f 397//397 383//383 395//395
f 382//382 386//386 383//383
f 383//383 385//385 395//395
f 385//385 383//383 386//386
f 388//388 387//387 389//389
f 391//391 389//389 387//387
f 387//387 390//390 391//391
f 386//386 388//388 385//385
f 388//388 389//389 385//385
f 385//385 389//389 392//392
f 390//390 280//280 353//353
f 352//352 391//391 390//390
f 390//390 353//353 352//352
f 393//393 389//389 391//391
f 393//393 392//392 389//389
f 394//394 392//392 393//393
f 385//385 392//392 395//395
f 394//394 395//395 392//392
f 395//395 394//394 396//396
f 394//394 349//349 396//396
f 398//398 397//397 395//395
f 395//395 396//396 398//398
f 398//398 348//348 347//347
f 347//347 404//404 398//398
f 399//399 402//402 404//404
f 339//339 400//400 342//342
f 401//401 343//343 342//342
f 343//343 401//401 402//402
f 401//401 342//342 400//400
f 400//400 339//339 338//338
f 338//338 337//337 139//139
f 400//400 338//338 403//403
f 343//343 402//402 399//399
f 401//401 400//400 403//403
f 402//402 401//401 406//406
f 406//406 401//401 403//403
f 338//338 139//139 403//403
f 397//397 398//398 404//404
f 347//347 399//399 404//404
f 405//405 397//397 404//404
f 402//402 405//405 404//404
f 378//378 405//405 402//402
f 140//140 406//406 403//403
f 378//378 402//402 406//406
f 413//413 422//422 425//425
f 425//425 407//407 413//413
f 407//407 521//521 1684//1684
f 1684//1684 408//408 407//407
f 408//408 413//413 407//407
f 408//408 1684//1684 409//409
f 409//409 1694//1694 410//410
f 412//412 411//411 448//448
f 414//414 408//408 2321//2321
f 446//446 414//414 2321//2321
f 412//412 410//410 411//411
f 410//410 412//412 446//446
f 446//446 441//441 415//415
f 416//416 415//415 417//417
f 440//440 509//509 415//415
f 418//418 419//419 417//417
f 417//417 419//419 416//416
f 424//424 419//419 420//420
f 420//420 507//507 423//423
f 420//420 423//423 424//424
f 501//501 421//421 423//423
f 421//421 496//496 523//523
f 422//422 421//421 523//523
f 523//523 425//425 422//422
f 423//423 422//422 424//424
f 422//422 423//423 421//421
f 419//419 424//424 416//416
f 416//416 424//424 413//413
f 422//422 413//413 424//424
f 407//407 425//425 522//522
f 105//105 427//427 429//429
f 430//430 428//428 1755//1755
f 429//429 430//430 1755//1755
f 430//430 429//429 432//432
f 431//431 432//432 120//120
f 120//120 1742//1742 431//431
f 485//485 434//434 65//65
f 434//434 433//433 431//431
f 432//432 433//433 430//430
f 433//433 432//432 431//431
f 430//430 433//433 428//428
f 433//433 434//434 436//436
f 436//436 442//442 433//433
f 484//484 436//436 435//435
f 436//436 483//483 442//442
f 483//483 436//436 484//484
f 483//483 482//482 437//437
f 483//483 437//437 442//442
f 444//444 482//482 481//481
f 444//444 481//481 438//438
f 437//437 482//482 444//444
f 444//444 438//438 443//443
f 441//441 439//439 477//477
f 440//440 441//441 477//477
f 439//439 443//443 438//438
f 415//415 441//441 440//440
f 441//441 443//443 439//439
f 437//437 444//444 445//445
f 433//433 442//442 452//452
f 449//449 442//442 437//437
f 450//450 452//452 442//442
f 450//450 442//442 449//449
f 449//449 437//437 445//445
f 445//445 444//444 443//443
f 441//441 445//445 443//443
f 447//447 446//446 412//412
f 449//449 445//445 446//446
f 449//449 446//446 447//447
f 412//412 451//451 447//447
f 450//450 447//447 451//451
f 451//451 412//412 448//448
f 447//447 450//450 449//449
f 452//452 450//450 451//451
f 452//452 428//428 433//433
f 453//453 428//428 452//452
f 428//428 453//453 1755//1755
f 448//448 453//453 451//451
f 451//451 453//453 452//452
f 453//453 448//448 2235//2235
f 1755//1755 453//453 2235//2235
f 488//488 1741//1741 1756//1756
f 456//456 488//488 1756//1756
f 454//454 325//325 456//456
f 455//455 487//487 456//456
f 455//455 456//456 457//457
f 376//376 456//456 325//325
f 456//456 376//376 457//457
f 376//376 375//375 458//458
f 458//458 457//457 376//376
f 458//458 375//375 459//459
f 374//374 368//368 462//462
f 375//375 374//374 459//459
f 462//462 459//459 374//374
f 458//458 459//459 460//460
f 466//466 1758//1758 457//457
f 460//460 457//457 458//458
f 460//460 459//459 461//461
f 459//459 462//462 461//461
f 460//460 466//466 457//457
f 461//461 467//467 460//460
f 366//366 462//462 368//368
f 366//366 464//464 462//462
f 363//363 463//463 366//366
f 296//296 463//463 363//363
f 463//463 296//296 516//516
f 464//464 366//366 463//463
f 463//463 516//516 465//465
f 464//464 461//461 462//462
f 471//471 467//467 461//461
f 461//461 464//464 471//471
f 463//463 472//472 464//464
f 465//465 472//472 463//463
f 465//465 470//470 472//472
f 455//455 457//457 1758//1758
f 1758//1758 466//466 468//468
f 467//467 466//466 460//460
f 455//455 1758//1758 480//480
f 469//469 468//468 466//466
f 466//466 467//467 469//469
f 464//464 472//472 471//471
f 472//472 470//470 473//473
f 471//471 469//469 467//467
f 473//473 471//471 472//472
f 474//474 471//471 473//473
f 471//471 474//474 475//475
f 469//469 471//471 475//475
f 474//474 473//473 1757//1757
f 440//440 477//477 474//474
f 476//476 474//474 477//477
f 474//474 476//476 475//475
f 477//477 439//439 476//476
f 439//439 478//478 476//476
f 478//478 439//439 438//438
f 478//478 469//469 475//475
f 468//468 469//469 478//478
f 468//468 479//479 1758//1758
f 468//468 481//481 479//479
f 478//478 475//475 476//476
f 468//468 478//478 481//481
f 481//481 478//478 438//438
f 482//482 479//479 481//481
f 484//484 480//480 479//479
f 483//483 479//479 482//482
f 484//484 479//479 483//483
f 480//480 484//484 435//435
f 485//485 435//435 434//434
f 485//485 65//65 486//486
f 480//480 487//487 455//455
f 456//456 487//487 488//488
f 486//486 65//65 2333//2333
f 486//486 488//488 487//487
f 1753//1753 490//490 491//491
f 495//495 520//520 489//489
f 495//495 519//519 520//520
f 492//492 519//519 495//495
f 519//519 492//492 493//493
f 494//494 493//493 492//492
f 493//493 494//494 504//504
f 491//491 495//495 489//489
f 497//497 492//492 495//495
f 491//491 497//497 495//495
f 497//497 491//491 559//559
f 497//497 559//559 576//576
f 576//576 496//496 497//497
f 496//496 498//498 497//497
f 494//494 497//497 498//498
f 492//492 497//497 494//494
f 498//498 499//499 494//494
f 499//499 504//504 494//494
f 504//504 499//499 500//500
f 498//498 501//501 499//499
f 496//496 421//421 498//498
f 501//501 498//498 421//421
f 502//502 499//499 501//501
f 500//500 499//499 502//502
f 502//502 501//501 503//503
f 505//505 504//504 500//500
f 504//504 505//505 508//508
f 504//504 512//512 493//493
f 506//506 512//512 504//504
f 508//508 506//506 504//504
f 500//500 503//503 505//505
f 503//503 500//500 502//502
f 503//503 507//507 505//505
f 501//501 507//507 503//503
f 507//507 501//501 423//423
f 508//508 505//505 507//507
f 508//508 419//419 506//506
f 507//507 420//420 508//508
f 420//420 419//419 508//508
f 506//506 419//419 418//418
f 418//418 417//417 509//509
f 510//510 418//418 509//509
f 506//506 418//418 513//513
f 513//513 512//512 506//506
f 510//510 513//513 418//418
f 511//511 513//513 510//510
f 513//513 493//493 512//512
f 1757//1757 510//510 509//509
f 515//515 510//510 1757//1757
f 515//515 511//511 510//510
f 473//473 470//470 514//514
f 514//514 515//515 473//473
f 516//516 470//470 465//465
f 514//514 470//470 516//516
f 517//517 514//514 516//516
f 296//296 297//297 516//516
f 517//517 516//516 297//297
f 297//297 299//299 517//517
f 517//517 1759//1759 514//514
f 517//517 1760//1760 1759//1759
f 1761//1761 518//518 1760//1760
f 519//519 513//513 511//511
f 493//493 513//513 519//519
f 519//519 1759//1759 518//518
f 520//520 519//519 518//518
f 489//489 520//520 293//293
f 521//521 407//407 524//524
f 407//407 522//522 524//524
f 523//523 522//522 425//425
f 1763//1763 524//524 522//522
f 1763//1763 525//525 524//524
f 526//526 525//525 572//572
f 526//526 527//527 539//539
f 568//568 566//566 531//531
f 533//533 539//539 527//527
f 568//568 533//533 527//527
f 531//531 528//528 534//534
f 528//528 529//529 534//534
f 535//535 534//534 529//529
f 529//529 612//612 535//535
f 525//525 526//526 530//530
f 539//539 530//530 526//526
f 533//533 568//568 532//532
f 536//536 532//532 531//531
f 531//531 534//534 536//536
f 537//537 533//533 532//532
f 532//532 536//536 537//537
f 538//538 536//536 534//534
f 534//534 535//535 538//538
f 538//538 537//537 536//536
f 540//540 530//530 539//539
f 533//533 540//540 539//539
f 540//540 533//533 541//541
f 533//533 537//537 542//542
f 543//543 537//537 538//538
f 543//543 542//542 537//537
f 544//544 541//541 533//533
f 545//545 544//544 533//533
f 533//533 542//542 545//545
f 544//544 550//550 541//541
f 546//546 550//550 544//544
f 544//544 545//545 546//546
f 547//547 545//545 542//542
f 542//542 543//543 547//547
f 545//545 547//547 548//548
f 548//548 546//546 545//545
f 548//548 611//611 546//546
f 553//553 611//611 602//602
f 549//549 611//611 553//553
f 550//550 546//546 611//611
f 550//550 611//611 549//549
f 549//549 554//554 550//550
f 550//550 554//554 541//541
f 555//555 554//554 549//549
f 549//549 553//553 555//555
f 551//551 553//553 602//602
f 552//552 553//553 551//551
f 552//552 555//555 553//553
f 540//540 541//541 554//554
f 556//556 540//540 554//554
f 555//555 556//556 554//554
f 555//555 552//552 558//558
f 555//555 558//558 556//556
f 557//557 558//558 552//552
f 540//540 525//525 530//530
f 556//556 558//558 521//521
f 557//557 1686//1686 558//558
f 560//560 577//577 559//559
f 559//559 491//491 560//560
f 560//560 490//490 2242//2242
f 1766//1766 1764//1764 1765//1765
f 561//561 1765//1765 720//720
f 720//720 562//562 561//561
f 1766//1766 561//561 564//564
f 570//570 564//564 561//561
f 1768//1768 571//571 570//570
f 1768//1768 565//565 567//567
f 567//567 571//571 1768//1768
f 565//565 566//566 567//567
f 571//571 567//567 568//568
f 567//567 566//566 568//568
f 571//571 569//569 570//570
f 564//564 570//570 569//569
f 2322//2322 564//564 569//569
f 569//569 571//571 568//568
f 572//572 2322//2322 526//526
f 575//575 2322//2322 572//572
f 574//574 1763//1763 573//573
f 1763//1763 574//574 572//572
f 573//573 523//523 496//496
f 496//496 576//576 573//573
f 577//577 573//573 576//576
f 573//573 577//577 574//574
f 1766//1766 564//564 575//575
f 577//577 1764//1764 574//574
f 1764//1764 1766//1766 575//575
f 577//577 576//576 559//559
f 1769//1769 753//753 1770//1770
f 1772//1772 1771//1771 1773//1773
f 578//578 1772//1772 582//582
f 579//579 784//784 580//580
f 580//580 582//582 579//579
f 585//585 578//578 582//582
f 578//578 585//585 586//586
f 581//581 583//583 582//582
f 585//585 582//582 583//583
f 584//584 581//581 622//622
f 581//581 584//584 583//583
f 528//528 587//587 584//584
f 587//587 528//528 566//566
f 565//565 588//588 585//585
f 585//585 588//588 586//586
f 583//583 587//587 565//565
f 565//565 587//587 566//566
f 591//591 592//592 590//590
f 592//592 626//626 627//627
f 626//626 592//592 593//593
f 557//557 598//598 1688//1688
f 594//594 593//593 595//595
f 617//617 594//594 595//595
f 616//616 617//617 596//596
f 599//599 593//593 597//597
f 597//597 598//598 599//599
f 593//593 599//599 603//603
f 599//599 598//598 600//600
f 601//601 598//598 552//552
f 598//598 601//601 600//600
f 601//601 602//602 600//600
f 552//552 551//551 601//601
f 602//602 601//601 551//551
f 603//603 595//595 593//593
f 603//603 599//599 604//604
f 603//603 604//604 605//605
f 606//606 604//604 599//599
f 599//599 600//600 606//606
f 607//607 606//606 600//600
f 608//608 605//605 604//604
f 604//604 606//606 608//608
f 608//608 606//606 607//607
f 603//603 605//605 609//609
f 596//596 595//595 609//609
f 609//609 605//605 608//608
f 608//608 547//547 609//609
f 609//609 610//610 596//596
f 547//547 610//610 609//609
f 607//607 600//600 602//602
f 602//602 611//611 607//607
f 607//607 548//548 608//608
f 607//607 611//611 548//548
f 608//608 548//548 547//547
f 613//613 543//543 538//538
f 543//543 610//610 547//547
f 610//610 543//543 613//613
f 613//613 538//538 535//535
f 613//613 535//535 614//614
f 535//535 612//612 614//614
f 613//613 616//616 610//610
f 616//616 613//613 614//614
f 616//616 596//596 610//610
f 616//616 614//614 612//612
f 612//612 619//619 616//616
f 619//619 612//612 615//615
f 615//615 612//612 529//529
f 618//618 617//617 616//616
f 616//616 619//619 618//618
f 621//621 619//619 615//615
f 615//615 622//622 621//621
f 618//618 619//619 621//621
f 622//622 620//620 621//621
f 622//622 615//615 529//529
f 581//581 620//620 622//622
f 580//580 624//624 581//581
f 623//623 620//620 581//581
f 623//623 581//581 624//624
f 620//620 623//623 1775//1775
f 623//623 624//624 625//625
f 625//625 594//594 1775//1775
f 626//626 594//594 625//625
f 624//624 2288//2288 625//625
f 628//628 667//667 266//266
f 629//629 628//628 266//266
f 667//667 628//628 660//660
f 631//631 660//660 628//628
f 630//630 628//628 629//629
f 628//628 630//630 631//631
f 1352//1352 634//634 630//630
f 660//660 631//631 632//632
f 633//633 631//631 630//630
f 634//634 633//633 630//630
f 694//694 633//633 634//634
f 635//635 632//632 631//631
f 631//631 633//633 635//635
f 635//635 636//636 632//632
f 633//633 637//637 635//635
f 633//633 639//639 637//637
f 636//636 635//635 637//637
f 637//637 638//638 636//636
f 638//638 637//637 639//639
f 693//693 640//640 639//639
f 641//641 690//690 642//642
f 647//647 642//642 690//690
f 639//639 640//640 645//645
f 640//640 641//641 643//643
f 644//644 643//643 641//641
f 641//641 642//642 644//644
f 645//645 636//636 638//638
f 638//638 639//639 645//645
f 646//646 645//645 643//643
f 643//643 644//644 646//646
f 647//647 681//681 648//648
f 649//649 644//644 642//642
f 642//642 647//647 649//649
f 650//650 649//649 647//647
f 647//647 648//648 650//650
f 651//651 646//646 644//644
f 644//644 649//649 651//651
f 649//649 650//650 656//656
f 654//654 650//650 648//648
f 650//650 654//654 655//655
f 652//652 632//632 636//636
f 632//632 652//652 660//660
f 636//636 645//645 652//652
f 653//653 652//652 645//645
f 645//645 646//646 653//653
f 653//653 660//660 652//652
f 681//681 680//680 648//648
f 648//648 680//680 654//654
f 654//654 680//680 678//678
f 656//656 651//651 649//649
f 657//657 656//656 655//655
f 651//651 656//656 659//659
f 656//656 657//657 659//659
f 657//657 658//658 659//659
f 660//660 653//653 663//663
f 662//662 653//653 646//646
f 653//653 662//662 663//663
f 660//660 663//663 661//661
f 664//664 661//661 663//663
f 664//664 665//665 661//661
f 666//666 665//665 724//724
f 661//661 667//667 660//660
f 667//667 661//661 665//665
f 665//665 666//666 667//667
f 668//668 1394//1394 762//762
f 1394//1394 668//668 671//671
f 761//761 668//668 762//762
f 671//671 669//669 1394//1394
f 669//669 670//670 707//707
f 673//673 670//670 669//669
f 671//671 668//668 1777//1777
f 669//669 671//671 673//673
f 671//671 1777//1777 673//673
f 672//672 674//674 673//673
f 674//674 672//672 675//675
f 756//756 676//676 672//672
f 672//672 676//676 675//675
f 676//676 756//756 755//755
f 676//676 715//715 677//677
f 715//715 678//678 677//677
f 677//677 678//678 679//679
f 682//682 677//677 679//679
f 679//679 683//683 682//682
f 679//679 678//678 680//680
f 680//680 683//683 679//679
f 681//681 683//683 680//680
f 682//682 675//675 677//677
f 674//674 675//675 682//682
f 674//674 682//682 684//684
f 683//683 684//684 682//682
f 673//673 674//674 670//670
f 674//674 684//684 686//686
f 686//686 670//670 674//674
f 685//685 686//686 684//684
f 684//684 683//683 687//687
f 681//681 687//687 683//683
f 681//681 688//688 687//687
f 687//687 685//685 684//684
f 687//687 688//688 685//685
f 704//704 685//685 691//691
f 691//691 685//685 688//688
f 681//681 689//689 688//688
f 691//691 688//688 689//689
f 689//689 690//690 691//691
f 689//689 681//681 647//647
f 647//647 690//690 689//689
f 691//691 690//690 641//641
f 692//692 691//691 641//641
f 641//641 640//640 692//692
f 693//693 692//692 640//640
f 694//694 693//693 633//633
f 694//694 695//695 693//693
f 691//691 692//692 699//699
f 698//698 699//699 692//692
f 692//692 693//693 698//698
f 698//698 693//693 695//695
f 694//694 696//696 695//695
f 634//634 1776//1776 697//697
f 696//696 694//694 634//634
f 696//696 634//634 697//697
f 698//698 700//700 699//699
f 695//695 701//701 698//698
f 696//696 701//701 695//695
f 702//702 700//700 698//698
f 698//698 701//701 702//702
f 703//703 702//702 701//701
f 701//701 696//696 703//703
f 704//704 691//691 699//699
f 705//705 704//704 699//699
f 699//699 700//700 705//705
f 700//700 702//702 705//705
f 702//702 703//703 705//705
f 696//696 697//697 703//703
f 705//705 703//703 707//707
f 703//703 697//697 707//707
f 670//670 686//686 704//704
f 670//670 704//704 705//705
f 707//707 697//697 706//706
f 1394//1394 707//707 706//706
f 669//669 707//707 1394//1394
f 1769//1769 1779//1779 1780//1780
f 1781//1781 710//710 589//589
f 1782//1782 738//738 711//711
f 709//709 1782//1782 711//711
f 736//736 716//716 737//737
f 736//736 712//712 713//713
f 716//716 711//711 737//737
f 730//730 714//714 712//712
f 714//714 730//730 655//655
f 715//715 1783//1783 714//714
f 678//678 714//714 654//654
f 714//714 678//678 715//715
f 711//711 716//716 709//709
f 709//709 716//716 718//718
f 713//713 718//718 716//716
f 1783//1783 676//676 1784//1784
f 755//755 717//717 1784//1784
f 717//717 718//718 713//713
f 719//719 1786//1786 755//755
f 708//708 1781//1781 1785//1785
f 1786//1786 1779//1779 1785//1785
f 720//720 1787//1787 741//741
f 721//721 1787//1787 2242//2242
f 1787//1787 732//732 741//741
f 722//722 721//721 285//285
f 285//285 323//323 722//722
f 723//723 722//722 323//323
f 323//323 319//319 723//723
f 722//722 723//723 725//725
f 319//319 724//724 723//723
f 725//725 723//723 724//724
f 724//724 665//665 725//725
f 725//725 727//727 726//726
f 732//732 726//726 727//727
f 665//665 664//664 725//725
f 664//664 727//727 725//725
f 727//727 664//664 728//728
f 728//728 664//664 663//663
f 728//728 662//662 733//733
f 733//733 732//732 728//728
f 659//659 729//729 662//662
f 658//658 729//729 659//659
f 729//729 733//733 662//662
f 658//658 657//657 730//730
f 657//657 655//655 730//730
f 731//731 733//733 729//729
f 729//729 658//658 731//731
f 658//658 730//730 731//731
f 731//731 730//730 736//736
f 733//733 731//731 735//735
f 731//731 736//736 735//735
f 736//736 730//730 712//712
f 732//732 727//727 728//728
f 733//733 740//740 732//732
f 733//733 735//735 734//734
f 734//734 740//740 733//733
f 735//735 737//737 734//734
f 735//735 736//736 737//737
f 737//737 711//711 738//738
f 734//734 737//737 738//738
f 734//734 738//738 739//739
f 563//563 738//738 1782//1782
f 563//563 739//739 738//738
f 739//739 740//740 734//734
f 741//741 732//732 740//740
f 741//741 740//740 739//739
f 739//739 563//563 562//562
f 562//562 741//741 739//739
f 741//741 562//562 720//720
f 1788//1788 1500//1500 853//853
f 744//744 751//751 745//745
f 745//745 751//751 749//749
f 771//771 745//745 749//749
f 745//745 1791//1791 744//744
f 752//752 1793//1793 2336//2336
f 748//748 747//747 793//793
f 752//752 2336//2336 1792//1792
f 758//758 750//750 1796//1796
f 750//750 758//758 749//749
f 749//749 751//751 750//750
f 1797//1797 851//851 1798//1798
f 1799//1799 752//752 1792//1792
f 751//751 1798//1798 1799//1799
f 755//755 757//757 719//719
f 749//749 758//758 1804//1804
f 719//719 1805//1805 1800//1800
f 1800//1800 1796//1796 1801//1801
f 754//754 1802//1802 1780//1780
f 1504//1504 761//761 1506//1506
f 764//764 760//760 761//761
f 764//764 761//761 1504//1504
f 764//764 763//763 760//760
f 1504//1504 767//767 764//764
f 766//766 768//768 767//767
f 767//767 765//765 766//766
f 746//746 766//766 769//769
f 768//768 764//764 767//767
f 764//764 768//768 763//763
f 766//766 746//746 1803//1803
f 746//746 1791//1791 1803//1803
f 772//772 770//770 771//771
f 773//773 771//771 1804//1804
f 772//772 763//763 768//768
f 1804//1804 1805//1805 773//773
f 756//756 774//774 757//757
f 756//756 1778//1778 774//774
f 775//775 763//763 774//774
f 763//763 775//775 760//760
f 1807//1807 779//779 1806//1806
f 777//777 1809//1809 1810//1810
f 787//787 794//794 2245//2245
f 777//777 1810//1810 778//778
f 1811//1811 806//806 1807//1807
f 781//781 790//790 1812//1812
f 780//780 1774//1774 1813//1813
f 1813//1813 627//627 1814//1814
f 627//627 590//590 592//592
f 783//783 782//782 1814//1814
f 783//783 2288//2288 784//784
f 580//580 784//784 624//624
f 785//785 786//786 1815//1815
f 785//785 787//787 786//786
f 794//794 787//787 785//785
f 783//783 1815//1815 782//782
f 1815//1815 786//786 782//782
f 788//788 782//782 786//786
f 788//788 786//786 787//787
f 787//787 1809//1809 788//788
f 788//788 1809//1809 789//789
f 789//789 790//790 788//788
f 1809//1809 1808//1808 789//789
f 788//788 790//790 782//782
f 781//781 782//782 790//790
f 789//789 1588//1588 790//790
f 1812//1812 790//790 1588//1588
f 1770//1770 1817//1817 1773//1773
f 1816//1816 791//791 1817//1817
f 792//792 759//759 1794//1794
f 798//798 792//792 804//804
f 795//795 798//798 1818//1818
f 795//795 794//794 785//785
f 797//797 791//791 1816//1816
f 799//799 797//797 796//796
f 796//796 785//785 1815//1815
f 579//579 799//799 784//784
f 793//793 747//747 2289//2289
f 747//747 1793//1793 802//802
f 802//802 800//800 816//816
f 802//802 816//816 801//801
f 801//801 816//816 1820//1820
f 822//822 1822//1822 1821//1821
f 801//801 1820//1820 803//803
f 803//803 778//778 2245//2245
f 803//803 2245//2245 1819//1819
f 1818//1818 794//794 795//795
f 2289//2289 801//801 1819//1819
f 805//805 779//779 808//808
f 808//808 779//779 1823//1823
f 806//806 807//807 1822//1822
f 806//806 809//809 1823//1823
f 820//820 810//810 812//812
f 810//810 811//811 812//812
f 808//808 812//812 811//811
f 811//811 815//815 808//808
f 805//805 808//808 815//815
f 811//811 813//813 815//815
f 813//813 1843//1843 1825//1825
f 815//815 813//813 814//814
f 814//814 2162//2162 815//815
f 823//823 816//816 1827//1827
f 817//817 1829//1829 818//818
f 1830//1830 823//823 1828//1828
f 819//819 818//818 1836//1836
f 819//819 820//820 821//821
f 819//819 821//821 1830//1830
f 812//812 821//821 820//820
f 822//822 821//821 809//809
f 821//821 812//812 809//809
f 824//824 825//825 865//865
f 864//864 824//824 865//865
f 863//863 925//925 1831//1831
f 827//827 824//824 1831//1831
f 826//826 825//825 824//824
f 1831//1831 925//925 827//827
f 925//925 937//937 827//827
f 829//829 827//827 937//937
f 827//827 829//829 826//826
f 828//828 829//829 937//937
f 1832//1832 1833//1833 828//828
f 830//830 826//826 829//829
f 831//831 829//829 828//828
f 831//831 832//832 829//829
f 832//832 830//830 829//829
f 833//833 840//840 834//834
f 1835//1835 830//830 833//833
f 834//834 1835//1835 833//833
f 1834//1834 834//834 810//810
f 826//826 830//830 825//825
f 820//820 819//819 1836//1836
f 1829//1829 1837//1837 835//835
f 866//866 1837//1837 1829//1829
f 838//838 841//841 1839//1839
f 1840//1840 1841//1841 1842//1842
f 839//839 838//838 1843//1843
f 838//838 839//839 836//836
f 813//813 1824//1824 1843//1843
f 810//810 834//834 1824//1824
f 832//832 1844//1844 833//833
f 832//832 1845//1845 1844//1844
f 836//836 1845//1845 841//841
f 1500//1500 844//844 853//853
f 860//860 843//843 1503//1503
f 853//853 844//844 847//847
f 845//845 843//843 860//860
f 844//844 843//843 845//845
f 844//844 845//845 846//846
f 848//848 846//846 1854//1854
f 848//848 847//847 846//846
f 848//848 849//849 847//847
f 881//881 849//849 848//848
f 850//850 847//847 849//849
f 849//849 1870//1870 852//852
f 849//849 852//852 850//850
f 847//847 850//850 853//853
f 743//743 1789//1789 1790//1790
f 1846//1846 854//854 1847//1847
f 862//862 1847//1847 861//861
f 1848//1848 855//855 1849//1849
f 1851//1851 856//856 1849//1849
f 857//857 874//874 858//858
f 870//870 881//881 848//848
f 858//858 859//859 857//857
f 859//859 862//862 857//857
f 846//846 845//845 1854//1854
f 858//858 845//845 859//859
f 859//859 845//845 860//860
f 860//860 1855//1855 859//859
f 1858//1858 1856//1856 1857//1857
f 864//864 1859//1859 1858//1858
f 1856//1856 1859//1859 875//875
f 1859//1859 867//867 869//869
f 864//864 867//867 1859//1859
f 865//865 867//867 864//864
f 865//865 868//868 867//867
f 868//868 865//865 1837//1837
f 868//868 866//866 882//882
f 867//867 868//868 1860//1860
f 871//871 868//868 882//882
f 871//871 870//870 1862//1862
f 881//881 870//870 1863//1863
f 871//871 872//872 1860//1860
f 1864//1864 1862//1862 1854//1854
f 858//858 874//874 1864//1864
f 1852//1852 873//873 874//874
f 1852//1852 875//875 873//873
f 1852//1852 901//901 876//876
f 876//876 875//875 1852//1852
f 873//873 875//875 869//869
f 873//873 869//869 872//872
f 1856//1856 875//875 876//876
f 877//877 1856//1856 876//876
f 901//901 1865//1865 876//876
f 877//877 876//876 1865//1865
f 878//878 1867//1867 1868//1868
f 878//878 1868//1868 2323//2323
f 1869//1869 879//879 1870//1870
f 881//881 1871//1871 849//849
f 1861//1861 1871//1871 1863//1863
f 882//882 1872//1872 1861//1861
f 866//866 817//817 1872//1872
f 1866//1866 878//878 1869//1869
f 1872//1872 2290//2290 883//883
f 1460//1460 1459//1459 885//885
f 1885//1885 1874//1874 1873//1873
f 894//894 1875//1875 1874//1874
f 1875//1875 1876//1876 1874//1874
f 1263//1263 1259//1259 886//886
f 886//886 1259//1259 2247//2247
f 896//896 886//886 1878//1878
f 888//888 887//887 1258//1258
f 889//889 1878//1878 2247//2247
f 890//890 1878//1878 2249//2249
f 1878//1878 889//889 2249//2249
f 887//887 889//889 2247//2247
f 2249//2249 889//889 1879//1879
f 2249//2249 950//950 1881//1881
f 891//891 1882//1882 1881//1881
f 892//892 893//893 1882//1882
f 1882//1882 1886//1886 890//890
f 1886//1886 1882//1882 893//893
f 1886//1886 893//893 1883//1883
f 894//894 1884//1884 1875//1875
f 899//899 1888//1888 1887//1887
f 1889//1889 1896//1896 1888//1888
f 898//898 1889//1889 1891//1891
f 1890//1890 1857//1857 1892//1892
f 1851//1851 1893//1893 1865//1865
f 902//902 900//900 1893//1893
f 1850//1850 910//910 902//902
f 900//900 1894//1894 1891//1891
f 904//904 1894//1894 1895//1895
f 1900//1900 904//904 1895//1895
f 904//904 903//903 905//905
f 904//904 905//905 898//898
f 891//891 905//905 903//903
f 892//892 891//891 903//903
f 906//906 905//905 891//891
f 906//906 898//898 905//905
f 906//906 1881//1881 1880//1880
f 1880//1880 907//907 906//906
f 898//898 906//906 907//907
f 907//907 1880//1880 908//908
f 855//855 913//913 910//910
f 913//913 855//855 1462//1462
f 1898//1898 1877//1877 1899//1899
f 903//903 1900//1900 1899//1899
f 912//912 1901//1901 1897//1897
f 910//910 913//913 1901//1901
f 1906//1906 1902//1902 916//916
f 923//923 1903//1903 2292//2292
f 2292//2292 924//924 923//923
f 944//944 915//915 914//914
f 915//915 1905//1905 917//917
f 1906//1906 916//916 1903//1903
f 943//943 1907//1907 917//917
f 1906//1906 917//917 1046//1046
f 1626//1626 918//918 1908//1908
f 918//918 1626//1626 2250//2250
f 935//935 1909//1909 1832//1832
f 1838//1838 1909//1909 919//919
f 935//935 2250//2250 919//919
f 918//918 2250//2250 934//934
f 935//935 936//936 934//934
f 921//921 922//922 918//918
f 1904//1904 1911//1911 1910//1910
f 925//925 863//863 897//897
f 908//908 928//928 927//927
f 908//908 948//948 928//928
f 927//927 928//928 929//929
f 930//930 929//929 928//928
f 951//951 1915//1915 1914//1914
f 1915//1915 932//932 930//930
f 932//932 933//933 930//930
f 932//932 931//931 1910//1910
f 929//929 930//930 933//933
f 932//932 921//921 933//933
f 933//933 921//921 1917//1917
f 936//936 1832//1832 1918//1918
f 1916//1916 933//933 1917//1917
f 2293//2293 1918//1918 1912//1912
f 889//889 887//887 1919//1919
f 1049//1049 888//888 1258//1258
f 888//888 1049//1049 939//939
f 939//939 1920//1920 1919//1919
f 939//939 940//940 942//942
f 942//942 940//940 1047//1047
f 1047//1047 940//940 1958//1958
f 1921//1921 942//942 1047//1047
f 1921//1921 1905//1905 1922//1922
f 947//947 944//944 1923//1923
f 914//914 1904//1904 1923//1923
f 945//945 944//944 947//947
f 946//946 942//942 1922//1922
f 945//945 951//951 946//946
f 945//945 947//947 951//951
f 931//931 1915//1915 947//947
f 1915//1915 931//931 932//932
f 951//951 947//947 1915//1915
f 948//948 949//949 1914//1914
f 948//948 950//950 949//949
f 938//938 946//946 951//951
f 951//951 949//949 938//938
f 949//949 1879//1879 938//938
f 953//953 968//968 2//2
f 952//952 953//953 2//2
f 953//953 967//967 968//968
f 954//954 967//967 953//953
f 952//952 1925//1925 1924//1924
f 1924//1924 1925//1925 955//955
f 957//957 1924//1924 955//955
f 976//976 1039//1039 956//956
f 955//955 956//956 957//957
f 957//957 956//956 1926//1926
f 1040//1040 1038//1038 1926//1926
f 958//958 963//963 957//957
f 960//960 959//959 958//958
f 963//963 958//958 959//959
f 958//958 1927//1927 960//960
f 1037//1037 961//961 960//960
f 962//962 960//960 961//961
f 961//961 6//6 962//962
f 959//959 960//960 962//962
f 959//959 962//962 4//4
f 964//964 963//963 959//959
f 966//966 964//964 959//959
f 1924//1924 957//957 963//963
f 963//963 965//965 1924//1924
f 965//965 963//963 964//964
f 965//965 964//964 966//966
f 965//965 954//954 1924//1924
f 965//965 966//966 954//954
f 966//966 967//967 954//954
f 3//3 959//959 5//5
f 959//959 3//3 966//966
f 967//967 966//966 968//968
f 968//968 966//966 3//3
f 3//3 2//2 968//968
f 1928//1928 2218//2218 969//969
f 1671//1671 971//971 969//969
f 974//974 969//969 971//971
f 969//969 973//973 970//970
f 974//974 973//973 969//969
f 975//975 970//970 973//973
f 1027//1027 975//975 973//973
f 2254//2254 976//976 975//975
f 978//978 977//977 955//955
f 978//978 979//979 977//977
f 978//978 1672//1672 979//979
f 1928//1928 979//979 1672//1672
f 982//982 980//980 991//991
f 980//980 982//982 1030//1030
f 1029//1029 1030//1030 982//982
f 982//982 991//991 2324//2324
f 981//981 983//983 985//985
f 984//984 1929//1929 986//986
f 1929//1929 1931//1931 1930//1930
f 989//989 985//985 983//983
f 983//983 984//984 989//989
f 990//990 992//992 986//986
f 986//986 1930//1930 990//990
f 981//981 985//985 1012//1012
f 1014//1014 1012//1012 985//985
f 985//985 989//989 1014//1014
f 992//992 1014//1014 989//989
f 993//993 1932//1932 1933//1933
f 997//997 2294//2294 1935//1935
f 993//993 1936//1936 1935//1935
f 1938//1938 2297//2297 2251//2251
f 995//995 1943//1943 1936//1936
f 1005//1005 1947//1947 990//990
f 990//990 2294//2294 1005//1005
f 1006//1006 1946//1946 997//997
f 997//997 998//998 1006//1006
f 1015//1015 1014//1014 992//992
f 1008//1008 1006//1006 998//998
f 998//998 1003//1003 1008//1008
f 1009//1009 1008//1008 1003//1003
f 1003//1003 1004//1004 1948//1948
f 1010//1010 1007//1007 1946//1946
f 1006//1006 1008//1008 1010//1010
f 1011//1011 1010//1010 1008//1008
f 1008//1008 1009//1009 1011//1011
f 1012//1012 1013//1013 981//981
f 1947//1947 1007//1007 1309//1309
f 1016//1016 1012//1012 1014//1014
f 1014//1014 1015//1015 1016//1016
f 1308//1308 1016//1016 1015//1015
f 1015//1015 1309//1309 1308//1308
f 1012//1012 1016//1016 1017//1017
f 1307//1307 1017//1017 1016//1016
f 1016//1016 1308//1308 1307//1307
f 1029//1029 982//982 1949//1949
f 1019//1019 1018//1018 1013//1013
f 1017//1017 1019//1019 1013//1013
f 1017//1017 1306//1306 1019//1019
f 1305//1305 1019//1019 1306//1306
f 1018//1018 1019//1019 1020//1020
f 1305//1305 1020//1020 1019//1019
f 1020//1020 1305//1305 1021//1021
f 1020//1020 1021//1021 1950//1950
f 1023//1023 1018//1018 1950//1950
f 1950//1950 1021//1021 1022//1022
f 1022//1022 1043//1043 1024//1024
f 1043//1043 1042//1042 1024//1024
f 1026//1026 1024//1024 1025//1025
f 1042//1042 1025//1025 1024//1024
f 1026//1026 1025//1025 2325//2325
f 2254//2254 975//975 2325//2325
f 1027//1027 973//973 974//974
f 974//974 1028//1028 1027//1027
f 1028//1028 974//974 1029//1029
f 972//972 1029//1029 974//974
f 1030//1030 1029//1029 972//972
f 1139//1139 1951//1951 1157//1157
f 1027//1027 1028//1028 2325//2325
f 1045//1045 1032//1032 1033//1033
f 1032//1032 16//16 1033//1033
f 16//16 1737//1737 1033//1033
f 1035//1035 1952//1952 1033//1033
f 1033//1033 13//13 1034//1034
f 1035//1035 1033//1033 1034//1034
f 1035//1035 1034//1034 62//62
f 62//62 1036//1036 1035//1035
f 62//62 54//54 1036//1036
f 40//40 1036//1036 54//54
f 1035//1035 1036//1036 1038//1038
f 36//36 1037//1037 40//40
f 1037//1037 1036//1036 40//40
f 36//36 961//961 1037//1037
f 1036//1036 1037//1037 1927//1927
f 1927//1927 1037//1037 960//960
f 1045//1045 1033//1033 1952//1952
f 1040//1040 1041//1041 1952//1952
f 1039//1039 1040//1040 956//956
f 976//976 2254//2254 1039//1039
f 1041//1041 1039//1039 1025//1025
f 1295//1295 1044//1044 1043//1043
f 1044//1044 1042//1042 1043//1043
f 1044//1044 1032//1032 1045//1045
f 1031//1031 1044//1044 1295//1295
f 1953//1953 1599//1599 1902//1902
f 1954//1954 1953//1953 1955//1955
f 1152//1152 1600//1600 1954//1954
f 1152//1152 2007//2007 1600//1600
f 1047//1047 1958//1958 1069//1069
f 940//940 939//939 1049//1049
f 1069//1069 1958//1958 1052//1052
f 940//940 1957//1957 1958//1958
f 1048//1048 1052//1052 1958//1958
f 1957//1957 1049//1049 1051//1051
f 1258//1258 1050//1050 1049//1049
f 1051//1051 1049//1049 1050//1050
f 1054//1054 1051//1051 1050//1050
f 1052//1052 1068//1068 1069//1069
f 1068//1068 1052//1052 1061//1061
f 2255//2255 1061//1061 1052//1052
f 1052//1052 1048//1048 2255//2255
f 1053//1053 2255//2255 1048//1048
f 2255//2255 1053//1053 1056//1056
f 1048//1048 1957//1957 1051//1051
f 1048//1048 1051//1051 1053//1053
f 1051//1051 1054//1054 1053//1053
f 1053//1053 1054//1054 1055//1055
f 1055//1055 1059//1059 1056//1056
f 1055//1055 1057//1057 1059//1059
f 1062//1062 1056//1056 1059//1059
f 1059//1059 1144//1144 1062//1062
f 1060//1060 2255//2255 1062//1062
f 2255//2255 1060//1060 1061//1061
f 1058//1058 1063//1063 1060//1060
f 1060//1060 1063//1063 1959//1959
f 1064//1064 1065//1065 1959//1959
f 1065//1065 1066//1066 1961//1961
f 1046//1046 1907//1907 1961//1961
f 1067//1067 943//943 941//941
f 1067//1067 1068//1068 1065//1065
f 1065//1065 1068//1068 1061//1061
f 1067//1067 941//941 1068//1068
f 941//941 1069//1069 1068//1068
f 941//941 1047//1047 1069//1069
f 1047//1047 941//941 1921//1921
f 1070//1070 1149//1149 1239//1239
f 1083//1083 1082//1082 1149//1149
f 1149//1149 1070//1070 1083//1083
f 1070//1070 1072//1072 1083//1083
f 1084//1084 1083//1083 1072//1072
f 1084//1084 1072//1072 1962//1962
f 1073//1073 1074//1074 1962//1962
f 1074//1074 1076//1076 1075//1075
f 1077//1077 1075//1075 1076//1076
f 1074//1074 1075//1075 1078//1078
f 1079//1079 1078//1078 1075//1075
f 1075//1075 1077//1077 1079//1079
f 1078//1078 1079//1079 1080//1080
f 1962//1962 1078//1078 2256//2256
f 1081//1081 2256//2256 1078//1078
f 1078//1078 1080//1080 1081//1081
f 1083//1083 1084//1084 1963//1963
f 1082//1082 1963//1963 1130//1130
f 1088//1088 1963//1963 1084//1084
f 1085//1085 1084//1084 2256//2256
f 1086//1086 1085//1085 2256//2256
f 2256//2256 1081//1081 1086//1086
f 1089//1089 1088//1088 1085//1085
f 1085//1085 1086//1086 1089//1089
f 1087//1087 1130//1130 1963//1963
f 1963//1963 1088//1088 1087//1087
f 1090//1090 1087//1087 1088//1088
f 1088//1088 1089//1089 1090//1090
f 1091//1091 1077//1077 1964//1964
f 1093//1093 1079//1079 1077//1077
f 1077//1077 1091//1091 1093//1093
f 1094//1094 1093//1093 1091//1091
f 1091//1091 1965//1965 1094//1094
f 1092//1092 1968//1968 1967//1967
f 1097//1097 1969//1969 1970//1970
f 1967//1967 1972//1972 1971//1971
f 1973//1973 1972//1972 1969//1969
f 1100//1100 1080//1080 1079//1079
f 1079//1079 1093//1093 1100//1100
f 1101//1101 1100//1100 1093//1093
f 1093//1093 1094//1094 1101//1101
f 1102//1102 1081//1081 1080//1080
f 1080//1080 1100//1100 1102//1102
f 1103//1103 1102//1102 1100//1100
f 1100//1100 1101//1101 1103//1103
f 1104//1104 1101//1101 1974//1974
f 1971//1971 1975//1975 1974//1974
f 1973//1973 1976//1976 1975//1975
f 1998//1998 1977//1977 1978//1978
f 1098//1098 2046//2046 1106//1106
f 1108//1108 1980//1980 1981//1981
f 1107//1107 1986//1986 1981//1981
f 1941//1941 1985//1985 1984//1984
f 1110//1110 1987//1987 1986//1986
f 1987//1987 1985//1985 1988//1988
f 1939//1939 1989//1989 1988//1988
f 1099//1099 2326//2326 1976//1976
f 1979//1979 1991//1991 2326//2326
f 1112//1112 1991//1991 2305//2305
f 1994//1994 1997//1997 2262//2262
f 1997//1997 1114//1114 2259//2259
f 1116//1116 1086//1086 1081//1081
f 1081//1081 1102//1102 1116//1116
f 1118//1118 1116//1116 1102//1102
f 1102//1102 1103//1103 1118//1118
f 1117//1117 1089//1089 1086//1086
f 1086//1086 1116//1116 1117//1117
f 1119//1119 1117//1117 1116//1116
f 1116//1116 1118//1118 1119//1119
f 1118//1118 1103//1103 2260//2260
f 1119//1119 1118//1118 1999//1999
f 1121//1121 1089//1089 1117//1117
f 1117//1117 1119//1119 1121//1121
f 1089//1089 1121//1121 1090//1090
f 1122//1122 1121//1121 1119//1119
f 1119//1119 1120//1120 1122//1122
f 2000//2000 1090//1090 1121//1121
f 1120//1120 1999//1999 1123//1123
f 1125//1125 1120//1120 1124//1124
f 1124//1124 1123//1123 1115//1115
f 1931//1931 1124//1124 988//988
f 1126//1126 1125//1125 1929//1929
f 1122//1122 1120//1120 1125//1125
f 1125//1125 1127//1127 1122//1122
f 1127//1127 1125//1125 1126//1126
f 1126//1126 1128//1128 1127//1127
f 1128//1128 1126//1126 984//984
f 984//984 983//983 1128//1128
f 2261//2261 1127//1127 1128//1128
f 1128//1128 1135//1135 2261//2261
f 1135//1135 1128//1128 983//983
f 983//983 981//981 1135//1135
f 1132//1132 1140//1140 1129//1129
f 1130//1130 1087//1087 1131//1131
f 1087//1087 1090//1090 1131//1131
f 1132//1132 1129//1129 1130//1130
f 1130//1130 1131//1131 1132//1132
f 1140//1140 1143//1143 1129//1129
f 1138//1138 1140//1140 1132//1132
f 1131//1131 1090//1090 2000//2000
f 1133//1133 1134//1134 1131//1131
f 1132//1132 1131//1131 1134//1134
f 2261//2261 1135//1135 1133//1133
f 1135//1135 1136//1136 1133//1133
f 1134//1134 1133//1133 1136//1136
f 1138//1138 1134//1134 1136//1136
f 980//980 1136//1136 991//991
f 1134//1134 1138//1138 1132//1132
f 1136//1136 980//980 1138//1138
f 1137//1137 1138//1138 980//980
f 980//980 1030//1030 1951//1951
f 1141//1141 1138//1138 2001//2001
f 1140//1140 1138//1138 1141//1141
f 1140//1140 1141//1141 1143//1143
f 1155//1155 1143//1143 1141//1141
f 1142//1142 1143//1143 1155//1155
f 1154//1154 2002//2002 1142//1142
f 1063//1063 1058//1058 1142//1142
f 1058//1058 2003//2003 1142//1142
f 1144//1144 1059//1059 1057//1057
f 1145//1145 1057//1057 1246//1246
f 1057//1057 1145//1145 1144//1144
f 1146//1146 1144//1144 1145//1145
f 1147//1147 1145//1145 1246//1246
f 1145//1145 1147//1147 1148//1148
f 1129//1129 1143//1143 2003//2003
f 1146//1146 1148//1148 1129//1129
f 1145//1145 1148//1148 1146//1146
f 1082//1082 1148//1148 1147//1147
f 1149//1149 1147//1147 1241//1241
f 1241//1241 1239//1239 1149//1149
f 1130//1130 1148//1148 1082//1082
f 1129//1129 1148//1148 1130//1130
f 1082//1082 1147//1147 1149//1149
f 2005//2005 2004//2004 2006//2006
f 1151//1151 1153//1153 1156//1156
f 1153//1153 2007//2007 2008//2008
f 1153//1153 2008//2008 1155//1155
f 1155//1155 1154//1154 1142//1142
f 2001//2001 1139//1139 2009//2009
f 1156//1156 1153//1153 2009//2009
f 1153//1153 1155//1155 2009//2009
f 2011//2011 1159//1159 2012//2012
f 1165//1165 2021//2021 2011//2011
f 2021//2021 1252//1252 1159//1159
f 2013//2013 1161//1161 2014//2014
f 1166//1166 1160//1160 2017//2017
f 2014//2014 1161//1161 2015//2015
f 2015//2015 1161//1161 2016//2016
f 1166//1166 2017//2017 1164//1164
f 1164//1164 2017//2017 2018//2018
f 1250//1250 2020//2020 2019//2019
f 1251//1251 1252//1252 2020//2020
f 1166//1166 1164//1164 2022//2022
f 2021//2021 1165//1165 2023//2023
f 1165//1165 1488//1488 2024//2024
f 1336//1336 1335//1335 1171//1171
f 1171//1171 1335//1335 1167//1167
f 1173//1173 1171//1171 1167//1167
f 1168//1168 1169//1169 1167//1167
f 1173//1173 1167//1167 1169//1169
f 1169//1169 1170//1170 1173//1173
f 1176//1176 1173//1173 1170//1170
f 1170//1170 1174//1174 1176//1176
f 1172//1172 2025//2025 1171//1171
f 1175//1175 1171//1171 1173//1173
f 1175//1175 1173//1173 1176//1176
f 1172//1172 1171//1171 1175//1175
f 1176//1176 1174//1174 1178//1178
f 1175//1175 1176//1176 1177//1177
f 1178//1178 1177//1177 1176//1176
f 1169//1169 1168//1168 1179//1179
f 1179//1179 1181//1181 1169//1169
f 1181//1181 1179//1179 1180//1180
f 1180//1180 1188//1188 1181//1181
f 1183//1183 1182//1182 1184//1184
f 1184//1184 1185//1185 1183//1183
f 1188//1188 1180//1180 1182//1182
f 1170//1170 1169//1169 1181//1181
f 1181//1181 1206//1206 1170//1170
f 1206//1206 1181//1181 1188//1188
f 1174//1174 1170//1170 1206//1206
f 1188//1188 1189//1189 1206//1206
f 1187//1187 1190//1190 1191//1191
f 1189//1189 1188//1188 2327//2327
f 1193//1193 2028//2028 2307//2307
f 1187//1187 2027//2027 2030//2030
f 2029//2029 2033//2033 2034//2034
f 2035//2035 2038//2038 2034//2034
f 2035//2035 2036//2036 2037//2037
f 1197//1197 2038//2038 2039//2039
f 1983//1983 2040//2040 2037//2037
f 1196//1196 2041//2041 2030//2030
f 1190//1190 2041//2041 2043//2043
f 1982//1982 2046//2046 2040//2040
f 1204//1204 2046//2046 1098//1098
f 1206//1206 1189//1189 1207//1207
f 1174//1174 1206//1206 1211//1211
f 1208//1208 1211//1211 1206//1206
f 1206//1206 1207//1207 1208//1208
f 1191//1191 1209//1209 2026//2026
f 1207//1207 1209//1209 2265//2265
f 1210//1210 2265//2265 1209//1209
f 1209//1209 2048//2048 1210//1210
f 1211//1211 1178//1178 1174//1174
f 1211//1211 1208//1208 1212//1212
f 1212//1212 1178//1178 1211//1211
f 1213//1213 1212//1212 1208//1208
f 1208//1208 2265//2265 1213//1213
f 1214//1214 1213//1213 2265//2265
f 1212//1212 1213//1213 1229//1229
f 1214//1214 1229//1229 1213//1213
f 2048//2048 2043//2043 2051//2051
f 2055//2055 2052//2052 2049//2049
f 2044//2044 2050//2050 2049//2049
f 1216//1216 1210//1210 2051//2051
f 1217//1217 1216//1216 2052//2052
f 2056//2056 2050//2050 2053//2053
f 1205//1205 2054//2054 2053//2053
f 1096//1096 2054//2054 1970//1970
f 1218//1218 2057//2057 2056//2056
f 1092//1092 2057//2057 1968//1968
f 1220//1220 1214//1214 1210//1210
f 1210//1210 1216//1216 1220//1220
f 1221//1221 1220//1220 1216//1216
f 1216//1216 1217//1217 1221//1221
f 1214//1214 1220//1220 1222//1222
f 1223//1223 1222//1222 1220//1220
f 1220//1220 1221//1221 1223//1223
f 1224//1224 1221//1221 1217//1217
f 1217//1217 1219//1219 1224//1224
f 1225//1225 1223//1223 1221//1221
f 1221//1221 1224//1224 1225//1225
f 1077//1077 1225//1225 1964//1964
f 1172//1172 1227//1227 1254//1254
f 1175//1175 1177//1177 1172//1172
f 1172//1172 1226//1226 1227//1227
f 1231//1231 1226//1226 1177//1177
f 1177//1177 1178//1178 1231//1231
f 1227//1227 1245//1245 1254//1254
f 1244//1244 1245//1245 1227//1227
f 1228//1228 1231//1231 1178//1178
f 1178//1178 1212//1212 1228//1228
f 1229//1229 1228//1228 1212//1212
f 1228//1228 1229//1229 1230//1230
f 1231//1231 1228//1228 1232//1232
f 1228//1228 1230//1230 1232//1232
f 1233//1233 1229//1229 1214//1214
f 1214//1214 1222//1222 1233//1233
f 1234//1234 1233//1233 1222//1222
f 1222//1222 1223//1223 1234//1234
f 1235//1235 1230//1230 1229//1229
f 1229//1229 1233//1233 1235//1235
f 2266//2266 1235//1235 1233//1233
f 1233//1233 1234//1234 2266//2266
f 1223//1223 1225//1225 1234//1234
f 1076//1076 1234//1234 1225//1225
f 1225//1225 1077//1077 1076//1076
f 1076//1076 2266//2266 1234//1234
f 1236//1236 1232//1232 1230//1230
f 1230//1230 1235//1235 1236//1236
f 1232//1232 1236//1236 1237//1237
f 1071//1071 1237//1237 1236//1236
f 1073//1073 1236//1236 1235//1235
f 1236//1236 1073//1073 1071//1071
f 1226//1226 1231//1231 1238//1238
f 1232//1232 1238//1238 1231//1231
f 1232//1232 1237//1237 1238//1238
f 1227//1227 1226//1226 1243//1243
f 1238//1238 1237//1237 1240//1240
f 1239//1239 1071//1071 1070//1070
f 1237//1237 1071//1071 1239//1239
f 1237//1237 1239//1239 1240//1240
f 1243//1243 1240//1240 1241//1241
f 1240//1240 1239//1239 1241//1241
f 1240//1240 1243//1243 1238//1238
f 1243//1243 1244//1244 1227//1227
f 1243//1243 1241//1241 1242//1242
f 1242//1242 1244//1244 1243//1243
f 1242//1242 1241//1241 1147//1147
f 1242//1242 1147//1147 1246//1246
f 1244//1244 1242//1242 1246//1246
f 1247//1247 1248//1248 1246//1246
f 1246//1246 1248//1248 1244//1244
f 1245//1245 1244//1244 1248//1248
f 1248//1248 1249//1249 1245//1245
f 1248//1248 1269//1269 1249//1249
f 1253//1253 1245//1245 1250//1250
f 1254//1254 1253//1253 2018//2018
f 1245//1245 1253//1253 1254//1254
f 2018//2018 1336//1336 2025//2025
f 1054//1054 1257//1257 1255//1255
f 1257//1257 2267//2267 1255//1255
f 1256//1256 1260//1260 1255//1255
f 1255//1255 2267//2267 1256//1256
f 1257//1257 1054//1054 1050//1050
f 1050//1050 1258//1258 1257//1257
f 2267//2267 1257//1257 1258//1258
f 2267//2267 1258//1258 1259//1259
f 1263//1263 2267//2267 1259//1259
f 1256//1256 1262//1262 1260//1260
f 1262//1262 1271//1271 1260//1260
f 1262//1262 1256//1256 1264//1264
f 1264//1264 1261//1261 1262//1262
f 1271//1271 1262//1262 1261//1261
f 1256//1256 1263//1263 1264//1264
f 1261//1261 1264//1264 1265//1265
f 1263//1263 886//886 2058//2058
f 1265//1265 2058//2058 895//895
f 1267//1267 1266//1266 1265//1265
f 1267//1267 895//895 894//894
f 1261//1261 1265//1265 1266//1266
f 2012//2012 2060//2060 1885//1885
f 2059//2059 1266//1266 2060//2060
f 1268//1268 1159//1159 1252//1252
f 1251//1251 1268//1268 1252//1252
f 1271//1271 2059//2059 2061//2061
f 1249//1249 1269//1269 2061//2061
f 1247//1247 1269//1269 1248//1248
f 1247//1247 1246//1246 1272//1272
f 1272//1272 1246//1246 1057//1057
f 1057//1057 1055//1055 1272//1272
f 1247//1247 1270//1270 1269//1269
f 1272//1272 1270//1270 1247//1247
f 1269//1269 1260//1260 1271//1271
f 1260//1260 1269//1269 1270//1270
f 1055//1055 1054//1054 1272//1272
f 1270//1270 1255//1255 1260//1260
f 1255//1255 1270//1270 1272//1272
f 1255//1255 1272//1272 1054//1054
f 122//122 2062//2062 1747//1747
f 122//122 1275//1275 1273//1273
f 1273//1273 1275//1275 1274//1274
f 1275//1275 1278//1278 1274//1274
f 1746//1746 1275//1275 122//122
f 133//133 1277//1277 1746//1746
f 1275//1275 1746//1746 1277//1277
f 1277//1277 1278//1278 1275//1275
f 133//133 1279//1279 1277//1277
f 1277//1277 1279//1279 1278//1278
f 1279//1279 133//133 1276//1276
f 132//132 1276//1276 133//133
f 132//132 1281//1281 1276//1276
f 1281//1281 132//132 131//131
f 131//131 1282//1282 1281//1281
f 1276//1276 1281//1281 1282//1282
f 1282//1282 1286//1286 1276//1276
f 1274//1274 1278//1278 1279//1279
f 1279//1279 1283//1283 1274//1274
f 1283//1283 1279//1279 1276//1276
f 1276//1276 1280//1280 1283//1283
f 1280//1280 1284//1284 1283//1283
f 1283//1283 1284//1284 1274//1274
f 1274//1274 1284//1284 1273//1273
f 1276//1276 1286//1286 1280//1280
f 1286//1286 1287//1287 1280//1280
f 1280//1280 1287//1287 1284//1284
f 1285//1285 1287//1287 2065//2065
f 1285//1285 1273//1273 1284//1284
f 1285//1285 1288//1288 1290//1290
f 1288//1288 1300//1300 1289//1289
f 2087//2087 1291//1291 1289//1289
f 1290//1290 1289//1289 1291//1291
f 2087//2087 1407//1407 1291//1291
f 122//122 1273//1273 2062//2062
f 1273//1273 1285//1285 1290//1290
f 1291//1291 1273//1273 1290//1290
f 1292//1292 215//215 1293//1293
f 1303//1303 1292//1292 1293//1293
f 1293//1293 1294//1294 212//212
f 1031//1031 212//212 1032//1032
f 1303//1303 1293//1293 1031//1031
f 212//212 1031//1031 1293//1293
f 16//16 1032//1032 212//212
f 1303//1303 1031//1031 1296//1296
f 1031//1031 1032//1032 1044//1044
f 1296//1296 1031//1031 1295//1295
f 1343//1343 1295//1295 1043//1043
f 1295//1295 1297//1297 1296//1296
f 1299//1299 1297//1297 1298//1298
f 2063//2063 2068//2068 1299//1299
f 2063//2063 1299//1299 2064//2064
f 1288//1288 1285//1285 2065//2065
f 2063//2063 1288//1288 2065//2065
f 1286//1286 1282//1282 1302//1302
f 2065//2065 1287//1287 2066//2066
f 1282//1282 1301//1301 1302//1302
f 221//221 1302//1302 1301//1301
f 2065//2065 2066//2066 2067//2067
f 2065//2065 2067//2067 2068//2068
f 1303//1303 220//220 1304//1304
f 220//220 2241//2241 1304//1304
f 1303//1303 1304//1304 1292//1292
f 1304//1304 218//218 1292//1292
f 1311//1311 1306//1306 1017//1017
f 1305//1305 1306//1306 1331//1331
f 1017//1017 1307//1307 1311//1311
f 1313//1313 1311//1311 1307//1307
f 1307//1307 1308//1308 1313//1313
f 1312//1312 1313//1313 1308//1308
f 1308//1308 1309//1309 1312//1312
f 1324//1324 1331//1331 1306//1306
f 1306//1306 1311//1311 1324//1324
f 1327//1327 1324//1324 1311//1311
f 1311//1311 1313//1313 1327//1327
f 1011//1011 1009//1009 1314//1314
f 1315//1315 1314//1314 1948//1948
f 2078//2078 1310//1310 1011//1011
f 1011//1011 1314//1314 2078//2078
f 1316//1316 2078//2078 1314//1314
f 1314//1314 1315//1315 1316//1316
f 1942//1942 2036//2036 2271//2271
f 1320//1320 1319//1319 2078//2078
f 2078//2078 1316//1316 1320//1320
f 1321//1321 1325//1325 1312//1312
f 1322//1322 1321//1321 2077//2077
f 1319//1319 1320//1320 2079//2079
f 2082//2082 2081//2081 2083//2083
f 2075//2075 2028//2028 2083//2083
f 1320//1320 2080//2080 2079//2079
f 1184//1184 1323//1323 2082//2082
f 1331//1331 1324//1324 1334//1334
f 1325//1325 1327//1327 1313//1313
f 1326//1326 1325//1325 1321//1321
f 1325//1325 1326//1326 1327//1327
f 1328//1328 1326//1326 1321//1321
f 1322//1322 1323//1323 2084//2084
f 1323//1323 1184//1184 2084//2084
f 1329//1329 1327//1327 1326//1326
f 1326//1326 1328//1328 1329//1329
f 1180//1180 1329//1329 1328//1328
f 1328//1328 1182//1182 1180//1180
f 1324//1324 1327//1327 1333//1333
f 1333//1333 1334//1334 1324//1324
f 1168//1168 1333//1333 1327//1327
f 1327//1327 1329//1329 1168//1168
f 1179//1179 1168//1168 1329//1329
f 1329//1329 1180//1180 1179//1179
f 1330//1330 1331//1331 1338//1338
f 1342//1342 1344//1344 2086//2086
f 1334//1334 1338//1338 1331//1331
f 1333//1333 1168//1168 1167//1167
f 1334//1334 1333//1333 1335//1335
f 1335//1335 1333//1333 1167//1167
f 1335//1335 1337//1337 1334//1334
f 1337//1337 1335//1335 1336//1336
f 1337//1337 1339//1339 1334//1334
f 1337//1337 1336//1336 1163//1163
f 1334//1334 1339//1339 1338//1338
f 1163//1163 2016//2016 1337//1337
f 1340//1340 1338//1338 1339//1339
f 1351//1351 1340//1340 1339//1339
f 1332//1332 1338//1338 1340//1340
f 2085//2085 2064//2064 1341//1341
f 1299//1299 1298//1298 1341//1341
f 1342//1342 1341//1341 1298//1298
f 1043//1043 1022//1022 1343//1343
f 1021//1021 1343//1343 1022//1022
f 1342//1342 1298//1298 1343//1343
f 1343//1343 1021//1021 1342//1342
f 1344//1344 1330//1330 2086//2086
f 1341//1341 1342//1342 2086//2086
f 1344//1344 1342//1342 1021//1021
f 1345//1345 1162//1162 1161//1161
f 1346//1346 1162//1162 1345//1345
f 1346//1346 1410//1410 1350//1350
f 1347//1347 1349//1349 1350//1350
f 1350//1350 1410//1410 1347//1347
f 2088//2088 1300//1300 2085//2085
f 1339//1339 1162//1162 1351//1351
f 1350//1350 1349//1349 1348//1348
f 1350//1350 1340//1340 1351//1351
f 1162//1162 1346//1346 1351//1351
f 1352//1352 630//630 629//629
f 1354//1354 1356//1356 1362//1362
f 1352//1352 2089//2089 1362//1362
f 284//284 1353//1353 1354//1354
f 1353//1353 1355//1355 1354//1354
f 1355//1355 1353//1353 1371//1371
f 1354//1354 1355//1355 1356//1356
f 1355//1355 1357//1357 1356//1356
f 1370//1370 1358//1358 1357//1357
f 1358//1358 1359//1359 2090//2090
f 1356//1356 2090//2090 1361//1361
f 1359//1359 1360//1360 1361//1361
f 1395//1395 1361//1361 1360//1360
f 1395//1395 1776//1776 1363//1363
f 1395//1395 1363//1363 1361//1361
f 1776//1776 1352//1352 1363//1363
f 1362//1362 1361//1361 1363//1363
f 1356//1356 1361//1361 1362//1362
f 1363//1363 1352//1352 1362//1362
f 1364//1364 2091//2091 1365//1365
f 1364//1364 1366//1366 1369//1369
f 1365//1365 1366//1366 1364//1364
f 1367//1367 1366//1366 2093//2093
f 2093//2093 1366//1366 1365//1365
f 1368//1368 1366//1366 1367//1367
f 1387//1387 1368//1368 1367//1367
f 1369//1369 1366//1366 1368//1368
f 2094//2094 1369//1369 1368//1368
f 2094//2094 1368//1368 1387//1387
f 2274//2274 2094//2094 1386//1386
f 1370//1370 1372//1372 1369//1369
f 1358//1358 1370//1370 2274//2274
f 1370//1370 1357//1357 2095//2095
f 1357//1357 1355//1355 2095//2095
f 1371//1371 1373//1373 1355//1355
f 1369//1369 1372//1372 1364//1364
f 1364//1364 1372//1372 1754//1754
f 1374//1374 1390//1390 1375//1375
f 1390//1390 2096//2096 1377//1377
f 1390//1390 1377//1377 1375//1375
f 1426//1426 1376//1376 1378//1378
f 1374//1374 1375//1375 2097//2097
f 2328//2328 2097//2097 1375//1375
f 1375//1375 2098//2098 2328//2328
f 2328//2328 2098//2098 1533//1533
f 1533//1533 1380//1380 2328//2328
f 1380//1380 1533//1533 1509//1509
f 1380//1380 1379//1379 2328//2328
f 1509//1509 1383//1383 1380//1380
f 1379//1379 1381//1381 1382//1382
f 1385//1385 1381//1381 1399//1399
f 1403//1403 1401//1401 1383//1383
f 1399//1399 1384//1384 1385//1385
f 1382//1382 1381//1381 1385//1385
f 1386//1386 1382//1382 1385//1385
f 1385//1385 1384//1384 1386//1386
f 1386//1386 1384//1384 2274//2274
f 1388//1388 2094//2094 1387//1387
f 1386//1386 2094//2094 1388//1388
f 1387//1387 2099//2099 1388//1388
f 1386//1386 1388//1388 1382//1382
f 1388//1388 1389//1389 1382//1382
f 1430//1430 1428//1428 1374//1374
f 1428//1428 1390//1390 1374//1374
f 1506//1506 1392//1392 2100//2100
f 1506//1506 762//762 1392//1392
f 762//762 1393//1393 1392//1392
f 1397//1397 2275//2275 2101//2101
f 1776//1776 1395//1395 706//706
f 1395//1395 2101//2101 706//706
f 1397//1397 1395//1395 1360//1360
f 1360//1360 1359//1359 1398//1398
f 1396//1396 1359//1359 1358//1358
f 1398//1398 1359//1359 1396//1396
f 1360//1360 1398//1398 1397//1397
f 2329//2329 2275//2275 2276//2276
f 1398//1398 1396//1396 2276//2276
f 1400//1400 2276//2276 1396//1396
f 1400//1400 1396//1396 1384//1384
f 1400//1400 1384//1384 1399//1399
f 1399//1399 1401//1401 1400//1400
f 1400//1400 1401//1401 2276//2276
f 2276//2276 1401//1401 1402//1402
f 1403//1403 1383//1383 1509//1509
f 1401//1401 1403//1403 1404//1404
f 1404//1404 1402//1402 1401//1401
f 1404//1404 1403//1403 1508//1508
f 2276//2276 1402//1402 2329//2329
f 1405//1405 2329//2329 1402//1402
f 1402//1402 1404//1404 1405//1405
f 1404//1404 1508//1508 1507//1507
f 1404//1404 1507//1507 1405//1405
f 1407//1407 1409//1409 1406//1406
f 2102//2102 1424//1424 2103//2103
f 2104//2104 2103//2103 2108//2108
f 1406//1406 1409//1409 124//124
f 123//123 124//124 2104//2104
f 1410//1410 1346//1346 1411//1411
f 1411//1411 1424//1424 2105//2105
f 1412//1412 1345//1345 2277//2277
f 2107//2107 2277//2277 2106//2106
f 1411//1411 1412//1412 1414//1414
f 1412//1412 2277//2277 1415//1415
f 1417//1417 1442//1442 1440//1440
f 1417//1417 1440//1440 1413//1413
f 1411//1411 1414//1414 1422//1422
f 1419//1419 1414//1414 1415//1415
f 1411//1411 1422//1422 1424//1424
f 1416//1416 1415//1415 1413//1413
f 1416//1416 1419//1419 1415//1415
f 1418//1418 1419//1419 1416//1416
f 1419//1419 1422//1422 1414//1414
f 1422//1422 1419//1419 1420//1420
f 1419//1419 1418//1418 1438//1438
f 1438//1438 1420//1420 1419//1419
f 1420//1420 1438//1438 1421//1421
f 1422//1422 1420//1420 1423//1423
f 1423//1423 1424//1424 1422//1422
f 2103//2103 1424//1424 1423//1423
f 2102//2102 2087//2087 2105//2105
f 1470//1470 1425//1425 1472//1472
f 2110//2110 1444//1444 2109//2109
f 1427//1427 2110//2110 2109//2109
f 1425//1425 1426//1426 1427//1427
f 1426//1426 1378//1378 2096//2096
f 1427//1427 1426//1426 1428//1428
f 1428//1428 1430//1430 1429//1429
f 1427//1427 1428//1428 1429//1429
f 1374//1374 2099//2099 1430//1430
f 1429//1429 1430//1430 1431//1431
f 1432//1432 1429//1429 1431//1431
f 1430//1430 1456//1456 1431//1431
f 1429//1429 1432//1432 2110//2110
f 1431//1431 1455//1455 1432//1432
f 1435//1435 2110//2110 1432//1432
f 1455//1455 1433//1433 2278//2278
f 1436//1436 1435//1435 2278//2278
f 1433//1433 1434//1434 1436//1436
f 1444//1444 2110//2110 1435//1435
f 1436//1436 1434//1434 1439//1439
f 1434//1434 1421//1421 1438//1438
f 1441//1441 1437//1437 1435//1435
f 1438//1438 1439//1439 1434//1434
f 1436//1436 1439//1439 1441//1441
f 1439//1439 1438//1438 1418//1418
f 1441//1441 1439//1439 1418//1418
f 2111//2111 1440//1440 1442//1442
f 2111//2111 1443//1443 1437//1437
f 1443//1443 2111//2111 1442//1442
f 1444//1444 1437//1437 1443//1443
f 1445//1445 1446//1446 1443//1443
f 379//379 1447//1447 2092//2092
f 2093//2093 2092//2092 2112//2112
f 2113//2113 1448//1448 1450//1450
f 1448//1448 1449//1449 1450//1450
f 1450//1450 1451//1451 2113//2113
f 1421//1421 1453//1453 2114//2114
f 1408//1408 2108//2108 1452//1452
f 1421//1421 1434//1434 1453//1453
f 1453//1453 1433//1433 1454//1454
f 1455//1455 1454//1454 1433//1433
f 1455//1455 1431//1431 1457//1457
f 1457//1457 1431//1431 2279//2279
f 1387//1387 1367//1367 1456//1456
f 1454//1454 1455//1455 1457//1457
f 1457//1457 2113//2113 1454//1454
f 2113//2113 1457//1457 2115//2115
f 1367//1367 2093//2093 2279//2279
f 1448//1448 2115//2115 2112//2112
f 1459//1459 1460//1460 2116//2116
f 2117//2117 1461//1461 2118//2118
f 2118//2118 2116//2116 1460//1460
f 2120//2120 2121//2121 2116//2116
f 2122//2122 1158//1158 2124//2124
f 2121//2121 2123//2123 1492//1492
f 2126//2126 1897//1897 2125//2125
f 1462//1462 1463//1463 2125//2125
f 1463//1463 1462//1462 1534//1534
f 1542//1542 1463//1463 1534//1534
f 1463//1463 1542//1542 1464//1464
f 2314//2314 1541//1541 2152//2152
f 2314//2314 1466//1466 1465//1465
f 1467//1467 1465//1465 1466//1466
f 2127//2127 1468//1468 2126//2126
f 1520//1520 2128//2128 1469//1469
f 1470//1470 1520//1520 1376//1376
f 1470//1470 1472//1472 1471//1471
f 1471//1471 1472//1472 1479//1479
f 2282//2282 1446//1446 1445//1445
f 1445//1445 1474//1474 2282//2282
f 1473//1473 1474//1474 1445//1445
f 1442//1442 1417//1417 2139//2139
f 1474//1474 1473//1473 2129//2129
f 2282//2282 1479//1479 1472//1472
f 1475//1475 2129//2129 2137//2137
f 1474//1474 1475//1475 2130//2130
f 2130//2130 1475//1475 2131//2131
f 1476//1476 1493//1493 1477//1477
f 1477//1477 1478//1478 2131//2131
f 2130//2130 1478//1478 1479//1479
f 1479//1479 1478//1478 1480//1480
f 1481//1481 1480//1480 1478//1478
f 1481//1481 1478//1478 1477//1477
f 1467//1467 1466//1466 2281//2281
f 1482//1482 1480//1480 1481//1481
f 1480//1480 1482//1482 1484//1484
f 1482//1482 1466//1466 1485//1485
f 1486//1486 1485//1485 1466//1466
f 1466//1466 2314//2314 1486//1486
f 1482//1482 1485//1485 1484//1484
f 1470//1470 2132//2132 2128//2128
f 1480//1480 1471//1471 1479//1479
f 1480//1480 1484//1484 1471//1471
f 1471//1471 1484//1484 2132//2132
f 1487//1487 1485//1485 1486//1486
f 1469//1469 1483//1483 1485//1485
f 1485//1485 1487//1487 1469//1469
f 1345//1345 1161//1161 2013//2013
f 1489//1489 2014//2014 2134//2134
f 1489//1489 2135//2135 2133//2133
f 1160//1160 2024//2024 2134//2134
f 1491//1491 1488//1488 2122//2122
f 1488//1488 1490//1490 1489//1489
f 1490//1490 1488//1488 1491//1491
f 1492//1492 2123//2123 2136//2136
f 1476//1476 2123//2123 1493//1493
f 2123//2123 1476//1476 1494//1494
f 1496//1496 1494//1494 2137//2137
f 1497//1497 1495//1495 2138//2138
f 1495//1495 1496//1496 2138//2138
f 2138//2138 2139//2139 2140//2140
f 1417//1417 2107//2107 2140//2140
f 1490//1490 1495//1495 1497//1497
f 1497//1497 1498//1498 2135//2135
f 1500//1500 1788//1788 2141//2141
f 742//742 746//746 2142//2142
f 2142//2142 769//769 1514//1514
f 1514//1514 1501//1501 2142//2142
f 1499//1499 1501//1501 2143//2143
f 1502//1502 2143//2143 1501//1501
f 1538//1538 2145//2145 2144//2144
f 2143//2143 2146//2146 2141//2141
f 843//843 844//844 1500//1500
f 1505//1505 765//765 767//767
f 1504//1504 1505//1505 767//767
f 1505//1505 1504//1504 1391//1391
f 1506//1506 1391//1391 1504//1504
f 1515//1515 1505//1505 2147//2147
f 2147//2147 1510//1510 1515//1515
f 2100//2100 1507//1507 2147//2147
f 1510//1510 2147//2147 1508//1508
f 2147//2147 1507//1507 1508//1508
f 1508//1508 1403//1403 2315//2315
f 1508//1508 2315//2315 1510//1510
f 1511//1511 1515//1515 1510//1510
f 1510//1510 1512//1512 1511//1511
f 1530//1530 1531//1531 1512//1512
f 1502//1502 1513//1513 2283//2283
f 1513//1513 1511//1511 1512//1512
f 1513//1513 1502//1502 1501//1501
f 1513//1513 1501//1501 1514//1514
f 1511//1511 1513//1513 2149//2149
f 769//769 765//765 2149//2149
f 765//765 769//769 766//766
f 1505//1505 1515//1515 765//765
f 1377//1377 1517//1517 2098//2098
f 1377//1377 1378//1378 1517//1517
f 1516//1516 2098//2098 1517//1517
f 1517//1517 1521//1521 1516//1516
f 1517//1517 1378//1378 2150//2150
f 1376//1376 1520//1520 2150//2150
f 1521//1521 1517//1517 2150//2150
f 2151//2151 1521//1521 1518//1518
f 2150//2150 1520//1520 1519//1519
f 1520//1520 1469//1469 1519//1519
f 1469//1469 1487//1487 1519//1519
f 1522//1522 1487//1487 1486//1486
f 1486//1486 2152//2152 1522//1522
f 2152//2152 1486//1486 2314//2314
f 1524//1524 1518//1518 1522//1522
f 2152//2152 1524//1524 1522//1522
f 1540//1540 2152//2152 1541//1541
f 1540//1540 1523//1523 1524//1524
f 1518//1518 1521//1521 1522//1522
f 1524//1524 1523//1523 1518//1518
f 2151//2151 1518//1518 2153//2153
f 1526//1526 2148//2148 1528//1528
f 2153//2153 1525//1525 2154//2154
f 2155//2155 1528//1528 1529//1529
f 2148//2148 1529//1529 1528//1528
f 2148//2148 2283//2283 1529//1529
f 1531//1531 1529//1529 2283//2283
f 1532//1532 1531//1531 1530//1530
f 2315//2315 1509//1509 1530//1530
f 1530//1530 1509//1509 1533//1533
f 1529//1529 1531//1531 1532//1532
f 1529//1529 1532//1532 2155//2155
f 1516//1516 2151//2151 2155//2155
f 1532//1532 1530//1530 1533//1533
f 2098//2098 1532//1532 1533//1533
f 2098//2098 1516//1516 1532//1532
f 1536//1536 1534//1534 1848//1848
f 1846//1846 2157//2157 2156//2156
f 2158//2158 1855//1855 1503//1503
f 1847//1847 1855//1855 2157//2157
f 1526//1526 2154//2154 2159//2159
f 1539//1539 1543//1543 1525//1525
f 1525//1525 1523//1523 1539//1539
f 1539//1539 1523//1523 1540//1540
f 1541//1541 1542//1542 1540//1540
f 1539//1539 1540//1540 1542//1542
f 1539//1539 1542//1542 1535//1535
f 1551//1551 776//776 2160//2160
f 1806//1806 2161//2161 2160//2160
f 1548//1548 1551//1551 1544//1544
f 2161//2161 805//805 2162//2162
f 1544//1544 2162//2162 814//814
f 1544//1544 1545//1545 1548//1548
f 1826//1826 1840//1840 1842//1842
f 1546//1546 1547//1547 1545//1545
f 1547//1547 2163//2163 1545//1545
f 2172//2172 1550//1550 1548//1548
f 1548//1548 1550//1550 1551//1551
f 776//776 1551//1551 1550//1550
f 919//919 2164//2164 1838//1838
f 1552//1552 2164//2164 2165//2165
f 2165//2165 1554//1554 1555//1555
f 1556//1556 1555//1555 1557//1557
f 1579//1579 1557//1557 1555//1555
f 1557//1557 1579//1579 1578//1578
f 1557//1557 1578//1578 1576//1576
f 1557//1557 1576//1576 1556//1556
f 1556//1556 1576//1576 2166//2166
f 1577//1577 1575//1575 1576//1576
f 2167//2167 1574//1574 2317//2317
f 1547//1547 1553//1553 2317//2317
f 1546//1546 2168//2168 1553//1553
f 1841//1841 1839//1839 2168//2168
f 1612//1612 1616//1616 1558//1558
f 1582//1582 1612//1612 1558//1558
f 1559//1559 1558//1558 1652//1652
f 1652//1652 2229//2229 1559//1559
f 1558//1558 1560//1560 1582//1582
f 1560//1560 1564//1564 2318//2318
f 1560//1560 1558//1558 1559//1559
f 2229//2229 1563//1563 1559//1559
f 1565//1565 1559//1559 1563//1563
f 1564//1564 1560//1560 1559//1559
f 1559//1559 1565//1565 1564//1564
f 1562//1562 1564//1564 1565//1565
f 1565//1565 1566//1566 1562//1562
f 1563//1563 1708//1708 1565//1565
f 1566//1566 1565//1565 1708//1708
f 1567//1567 1566//1566 1708//1708
f 2169//2169 1567//1567 1724//1724
f 1568//1568 1566//1566 1567//1567
f 1594//1594 2169//2169 1699//1699
f 1571//1571 1572//1572 1568//1568
f 1572//1572 1571//1571 1573//1573
f 1573//1573 1569//1569 1572//1572
f 1573//1573 1574//1574 1569//1569
f 1576//1576 1578//1578 1577//1577
f 1578//1578 1581//1581 1577//1577
f 1579//1579 1580//1580 1578//1578
f 1581//1581 1578//1578 1580//1580
f 1570//1570 2167//2167 2170//2170
f 1577//1577 1581//1581 2170//2170
f 1581//1581 1582//1582 1561//1561
f 1580//1580 1582//1582 1581//1581
f 780//780 1585//1585 1774//1774
f 1587//1587 1585//1585 780//780
f 1587//1587 1589//1589 1586//1586
f 1589//1589 1587//1587 1812//1812
f 780//780 1812//1812 1587//1587
f 1589//1589 1812//1812 1588//1588
f 1588//1588 789//789 1549//1549
f 1549//1549 1590//1590 1588//1588
f 1589//1589 1590//1590 1586//1586
f 1586//1586 1590//1590 1595//1595
f 1590//1590 1549//1549 1591//1591
f 1549//1549 1550//1550 1591//1591
f 1550//1550 2172//2172 1591//1591
f 2172//2172 1592//1592 1591//1591
f 1548//1548 2163//2163 2172//2172
f 1592//1592 1595//1595 1591//1591
f 1590//1590 1591//1591 1595//1595
f 2172//2172 1573//1573 1592//1592
f 1571//1571 1593//1593 1592//1592
f 1594//1594 1593//1593 2173//2173
f 1596//1596 1593//1593 1594//1594
f 1595//1595 1592//1592 1593//1593
f 1593//1593 1596//1596 2174//2174
f 1586//1586 2174//2174 2171//2171
f 1597//1597 1584//1584 1596//1596
f 1597//1597 1697//1697 1584//1584
f 2178//2178 1598//1598 2175//2175
f 1956//1956 2176//2176 2177//2177
f 2177//2177 2189//2189 2175//2175
f 1603//1603 1619//1619 2188//2188
f 1631//1631 1601//1601 2178//2178
f 1631//1631 1630//1630 1601//1601
f 1630//1630 1629//1629 1601//1601
f 1630//1630 1618//1618 1629//1629
f 1601//1601 1629//1629 2319//2319
f 2006//2006 1150//1150 2179//2179
f 2180//2180 2190//2190 2005//2005
f 2181//2181 2182//2182 2183//2183
f 1602//1602 2180//2180 2183//2183
f 1604//1604 1606//1606 1602//1602
f 1606//1606 1605//1605 1602//1602
f 1600//1600 2330//2330 2176//2176
f 1605//1605 1607//1607 2330//2330
f 1605//1605 1606//1606 1607//1607
f 1610//1610 2192//2192 1609//1609
f 1610//1610 1609//1609 2193//2193
f 1652//1652 1558//1558 1611//1611
f 1613//1613 1612//1612 1582//1582
f 1582//1582 1580//1580 1613//1613
f 1612//1612 1613//1613 2194//2194
f 2195//2195 1616//1616 2194//2194
f 1613//1613 1580//1580 1615//1615
f 1580//1580 1579//1579 1634//1634
f 1580//1580 1634//1634 1615//1615
f 2196//2196 2193//2193 2195//2195
f 1614//1614 1613//1613 1615//1615
f 1617//1617 1614//1614 1615//1615
f 2196//2196 1614//1614 1617//1617
f 2203//2203 1617//1617 1618//1618
f 1617//1617 2203//2203 2196//2196
f 1619//1619 2187//2187 1631//1631
f 2197//2197 1620//1620 2196//2196
f 1620//1620 2197//2197 1621//1621
f 2197//2197 2187//2187 1621//1621
f 2187//2187 1622//1622 1621//1621
f 1622//1622 2185//2185 2198//2198
f 2186//2186 2184//2184 2185//2185
f 2198//2198 1623//1623 1624//1624
f 1621//1621 1625//1625 1620//1620
f 2198//2198 1624//1624 2199//2199
f 1610//1610 1620//1620 1625//1625
f 2192//2192 1625//1625 2199//2199
f 1626//1626 2200//2200 1554//1554
f 2200//2200 1908//1908 2201//2201
f 924//924 2202//2202 2201//2201
f 2292//2292 2319//2319 1628//1628
f 2202//2202 924//924 2292//2292
f 1632//1632 1628//1628 1629//1629
f 1617//1617 1633//1633 1618//1618
f 1615//1615 1634//1634 1617//1617
f 1633//1633 1617//1617 1634//1634
f 1634//1634 2204//2204 1633//1633
f 1627//1627 1632//1632 1633//1633
f 1579//1579 1555//1555 2204//2204
f 1635//1635 2206//2206 2205//2205
f 11//11 111//111 2205//2205
f 952//952 2331//2331 1925//1925
f 1639//1639 2207//2207 1637//1637
f 1639//1639 1637//1637 2208//2208
f 1638//1638 1637//1637 105//105
f 1637//1637 1638//1638 2208//2208
f 1640//1640 1647//1647 1639//1639
f 2211//2211 1640//1640 2208//2208
f 2208//2208 1638//1638 2209//2209
f 2208//2208 2209//2209 2211//2211
f 2211//2211 1729//1729 2212//2212
f 1642//1642 1647//1647 1640//1640
f 1640//1640 2211//2211 2212//2212
f 1640//1640 2212//2212 1642//1642
f 1663//1663 1662//1662 1643//1643
f 1642//1642 1643//1643 1662//1662
f 1662//1662 1644//1644 1642//1642
f 1644//1644 1662//1662 1661//1661
f 1647//1647 1642//1642 1644//1644
f 1647//1647 1644//1644 2213//2213
f 1646//1646 1644//1644 1661//1661
f 2213//2213 1644//1644 1646//1646
f 1661//1661 1660//1660 1646//1646
f 1645//1645 1646//1646 1660//1660
f 1645//1645 110//110 109//109
f 107//107 1646//1646 1645//1645
f 1646//1646 107//107 2213//2213
f 1645//1645 109//109 108//108
f 2207//2207 1639//1639 2213//2213
f 1649//1649 1668//1668 1648//1648
f 1651//1651 1649//1649 1648//1648
f 1649//1649 1651//1651 1650//1650
f 1609//1609 1650//1650 1611//1611
f 1608//1608 1653//1653 1649//1649
f 1649//1649 1650//1650 1608//1608
f 1655//1655 2214//2214 1608//1608
f 1650//1650 1609//1609 1608//1608
f 1624//1624 1656//1656 2214//2214
f 1623//1623 1678//1678 1624//1624
f 1678//1678 1656//1656 1624//1624
f 2217//2217 1676//1676 2216//2216
f 1663//1663 1657//1657 1662//1662
f 1661//1661 1657//1657 2284//2284
f 1662//1662 1657//1657 1661//1661
f 1663//1663 1643//1643 1665//1665
f 1666//1666 1665//1665 1643//1643
f 1666//1666 1643//1643 1667//1667
f 1716//1716 1664//1664 2210//2210
f 1654//1654 1665//1665 1666//1666
f 1666//1666 1653//1653 1654//1654
f 1653//1653 1666//1666 1668//1668
f 1668//1668 1649//1649 1653//1653
f 2222//2222 1671//1671 1670//1670
f 2179//2179 971//971 1671//1671
f 1670//1670 1671//1671 2218//2218
f 969//969 2218//2218 1671//1671
f 1672//1672 1673//1673 2219//2219
f 1672//1672 978//978 2220//2220
f 1673//1673 1635//1635 1674//1674
f 1674//1674 1683//1683 1673//1673
f 1660//1660 2284//2284 1675//1675
f 1674//1674 1635//1635 1675//1675
f 2221//2221 1674//1674 1675//1675
f 2221//2221 1675//1675 1658//1658
f 1658//1658 1657//1657 1676//1676
f 2221//2221 1658//1658 1676//1676
f 1682//1682 1674//1674 2221//2221
f 1678//1678 1677//1677 1659//1659
f 1681//1681 1676//1676 2217//2217
f 1679//1679 1677//1677 1678//1678
f 1679//1679 1680//1680 1677//1677
f 1674//1674 1682//1682 1683//1683
f 1683//1683 1682//1682 1670//1670
f 1682//1682 1681//1681 2222//2222
f 1681//1681 1680//1680 2222//2222
f 1680//1680 1679//1679 2182//2182
f 2222//2222 1670//1670 1682//1682
f 1686//1686 1694//1694 2223//2223
f 1684//1684 1762//1762 2223//2223
f 1687//1687 1686//1686 557//557
f 1686//1686 1687//1687 1694//1694
f 1687//1687 557//557 1688//1688
f 1685//1685 1687//1687 1689//1689
f 1689//1689 1687//1687 1688//1688
f 1690//1690 1689//1689 1688//1688
f 1690//1690 1688//1688 1703//1703
f 1691//1691 1692//1692 2224//2224
f 1691//1691 1702//1702 1692//1692
f 1693//1693 1685//1685 2225//2225
f 2224//2224 1692//1692 1727//1727
f 411//411 1693//1693 2226//2226
f 1694//1694 411//411 410//410
f 411//411 1694//1694 1693//1693
f 1694//1694 1685//1685 1693//1693
f 591//591 1707//1707 1704//1704
f 1695//1695 591//591 1696//1696
f 1583//1583 1696//1696 1585//1585
f 591//591 1695//1695 1707//1707
f 1695//1695 2227//2227 1706//1706
f 1697//1697 1583//1583 1584//1584
f 1596//1596 1594//1594 1597//1597
f 1583//1583 1697//1697 2227//2227
f 1700//1700 1697//1697 1597//1597
f 1698//1698 1597//1597 1594//1594
f 1699//1699 1698//1698 1594//1594
f 1698//1698 1699//1699 1723//1723
f 1597//1597 1698//1698 1700//1700
f 1700//1700 2227//2227 1697//1697
f 1700//1700 1706//1706 2227//2227
f 1705//1705 1706//1706 2228//2228
f 1691//1691 1705//1705 1702//1702
f 1705//1705 1691//1691 1690//1690
f 1690//1690 1703//1703 1705//1705
f 597//597 1703//1703 1688//1688
f 597//597 1704//1704 1703//1703
f 1706//1706 1705//1705 1707//1707
f 1706//1706 1707//1707 1695//1695
f 1704//1704 1707//1707 1703//1703
f 1704//1704 597//597 593//593
f 591//591 1704//1704 592//592
f 1708//1708 1563//1563 1711//1711
f 1711//1711 1725//1725 1708//1708
f 1711//1711 1712//1712 1725//1725
f 2229//2229 1652//1652 1651//1651
f 2229//2229 1711//1711 1563//1563
f 1724//1724 1725//1725 1709//1709
f 1709//1709 1725//1725 1710//1710
f 1710//1710 1718//1718 1709//1709
f 1712//1712 1710//1710 1725//1725
f 1710//1710 1712//1712 1715//1715
f 1712//1712 1711//1711 1713//1713
f 1648//1648 1713//1713 1711//1711
f 1713//1713 1648//1648 1668//1668
f 1668//1668 1714//1714 1713//1713
f 1667//1667 2286//2286 1666//1666
f 1713//1713 1714//1714 1712//1712
f 1715//1715 1712//1712 1714//1714
f 1714//1714 1716//1716 1715//1715
f 1716//1716 1717//1717 1715//1715
f 1664//1664 1716//1716 2286//2286
f 1717//1717 1716//1716 1641//1641
f 1715//1715 1717//1717 1718//1718
f 1717//1717 1720//1720 2287//2287
f 1717//1717 1641//1641 1719//1719
f 1720//1720 1717//1717 1719//1719
f 1719//1719 1728//1728 1720//1720
f 1720//1720 1728//1728 2230//2230
f 1718//1718 1717//1717 2287//2287
f 2287//2287 1720//1720 1721//1721
f 1722//1722 2287//2287 1721//1721
f 1722//1722 1723//1723 2231//2231
f 1701//1701 1722//1722 2285//2285
f 1723//1723 1701//1701 1698//1698
f 1699//1699 2231//2231 1723//1723
f 2231//2231 1709//1709 1718//1718
f 1709//1709 2231//2231 1699//1699
f 1699//1699 1724//1724 1709//1709
f 1724//1724 1699//1699 2169//2169
f 1725//1725 1724//1724 1567//1567
f 1708//1708 1725//1725 1567//1567
f 1732//1732 2209//2209 2232//2232
f 2233//2233 2332//2332 2232//2232
f 2235//2235 448//448 1726//1726
f 2224//2224 1727//1727 2226//2226
f 1692//1692 2230//2230 1727//1727
f 1721//1721 2230//2230 1692//1692
f 1731//1731 2236//2236 2237//2237
f 1728//1728 1719//1719 2237//2237
f 1641//1641 2210//2210 1730//1730
f 1729//1729 1732//1732 1730//1730
f 1730//1730 1732//1732 1731//1731
f 3//3 5//5 8//8
f 1733//1733 29//29 11//11
f 1734//1734 1//1 10//10
f 952//952 1734//1734 1735//1735
f 1734//1734 10//10 1733//1733
f 1735//1735 1733//1733 11//11
f 15//15 13//13 1736//1736
f 17//17 15//15 1736//1736
f 1736//1736 13//13 1737//1737
f 1737//1737 19//19 23//23
f 19//19 265//265 264//264
f 24//24 1736//1736 23//23
f 1738//1738 78//78 76//76
f 66//66 1739//1739 63//63
f 64//64 1741//1741 66//66
f 486//486 1741//1741 488//488
f 2333//2333 1740//1740 486//486
f 2334//2334 1740//1740 2333//2333
f 1741//1741 486//486 1740//1740
f 65//65 1742//1742 1745//1745
f 1745//1745 2333//2333 65//65
f 1739//1739 1740//1740 2334//2334
f 79//79 1739//1739 2334//2334
f 115//115 1743//1743 118//118
f 1743//1743 115//115 69//69
f 1744//1744 119//119 103//103
f 118//118 1744//1744 106//106
f 1745//1745 119//119 1743//1743
f 118//118 1743//1743 119//119
f 119//119 1745//1745 1742//1742
f 124//124 121//121 1747//1747
f 122//122 1747//1747 121//121
f 1747//1747 1406//1406 124//124
f 252//252 134//134 121//121
f 134//134 252//252 126//126
f 1746//1746 121//121 134//134
f 139//139 136//136 135//135
f 150//150 152//152 1748//1748
f 151//151 1748//1748 152//152
f 167//167 156//156 168//168
f 66//66 2320//2320 156//156
f 262//262 178//178 263//263
f 1749//1749 181//181 183//183
f 1294//1294 1751//1751 1750//1750
f 1751//1751 1294//1294 215//215
f 215//215 213//213 1751//1751
f 227//227 2241//2241 221//221
f 258//258 259//259 257//257
f 1752//1752 264//264 260//260
f 1752//1752 262//262 264//264
f 245//245 1751//1751 213//213
f 288//288 1753//1753 293//293
f 1753//1753 288//288 287//287
f 293//293 291//291 288//288
f 1761//1761 1760//1760 294//294
f 353//353 278//278 306//306
f 399//399 341//341 343//343
f 352//352 307//307 356//356
f 377//377 378//378 406//406
f 380//380 378//378 2091//2091
f 1754//1754 381//381 380//380
f 415//415 416//416 414//414
f 417//417 415//415 509//509
f 426//426 2332//2332 2235//2235
f 427//427 432//432 429//429
f 432//432 427//427 120//120
f 1742//1742 65//65 431//431
f 434//434 431//431 65//65
f 436//436 434//434 435//435
f 445//445 441//441 446//446
f 64//64 1756//1756 1741//1741
f 1756//1756 64//64 454//454
f 456//456 1756//1756 454//454
f 440//440 1757//1757 509//509
f 474//474 1757//1757 440//440
f 1758//1758 479//479 480//480
f 435//435 485//485 487//487
f 487//487 480//480 435//435
f 486//486 487//487 485//485
f 293//293 1753//1753 489//489
f 491//491 489//489 1753//1753
f 515//515 1757//1757 473//473
f 511//511 1759//1759 519//519
f 1760//1760 518//518 1759//1759
f 299//299 1760//1760 517//517
f 294//294 1760//1760 299//299
f 1761//1761 520//520 518//518
f 1761//1761 293//293 520//520
f 558//558 1762//1762 521//521
f 522//522 523//523 1763//1763
f 523//523 573//573 1763//1763
f 1763//1763 572//572 525//525
f 531//531 566//566 528//528
f 531//531 532//532 568//568
f 557//557 552//552 598//598
f 524//524 556//556 521//521
f 1764//1764 577//577 560//560
f 1765//1765 560//560 2242//2242
f 1765//1765 1764//1764 560//560
f 561//561 1766//1766 1765//1765
f 1765//1765 2242//2242 720//720
f 1767//1767 561//561 562//562
f 568//568 527//527 569//569
f 1764//1764 575//575 574//574
f 575//575 564//564 2322//2322
f 708//708 1769//1769 1770//1770
f 1770//1770 1771//1771 708//708
f 1771//1771 578//578 710//710
f 586//586 710//710 578//578
f 791//791 1772//1772 1773//1773
f 1772//1772 578//578 1771//1771
f 1772//1772 579//579 582//582
f 579//579 1772//1772 791//791
f 581//581 582//582 580//580
f 584//584 529//529 528//528
f 587//587 583//583 584//584
f 565//565 585//585 583//583
f 565//565 1768//1768 588//588
f 588//588 1768//1768 2335//2335
f 586//586 589//589 710//710
f 1771//1771 710//710 708//708
f 590//590 1774//1774 591//591
f 591//591 1774//1774 1696//1696
f 1688//1688 598//598 597//597
f 593//593 594//594 626//626
f 617//617 595//595 596//596
f 529//529 584//584 622//622
f 621//621 1775//1775 618//618
f 1775//1775 621//621 620//620
f 625//625 1775//1775 623//623
f 617//617 618//618 1775//1775
f 1775//1775 594//594 617//617
f 783//783 627//627 2288//2288
f 626//626 2288//2288 627//627
f 1352//1352 1776//1776 634//634
f 656//656 650//650 655//655
f 646//646 659//659 662//662
f 659//659 646//646 651//651
f 762//762 1394//1394 1393//1393
f 668//668 760//760 1777//1777
f 775//775 1777//1777 760//760
f 1777//1777 775//775 1778//1778
f 1777//1777 1778//1778 672//672
f 1777//1777 672//672 673//673
f 675//675 676//676 677//677
f 1776//1776 706//706 697//697
f 753//753 1769//1769 1780//1780
f 1769//1769 708//708 1779//1779
f 1780//1780 1779//1779 754//754
f 710//710 1781//1781 708//708
f 589//589 1782//1782 1781//1781
f 563//563 1782//1782 589//589
f 709//709 1781//1781 1782//1782
f 1783//1783 712//712 714//714
f 654//654 714//714 655//655
f 712//712 1783//1783 713//713
f 713//713 1783//1783 1784//1784
f 1783//1783 715//715 676//676
f 1784//1784 676//676 755//755
f 1784//1784 717//717 713//713
f 718//718 717//717 1786//1786
f 755//755 1786//1786 717//717
f 1781//1781 709//709 1785//1785
f 718//718 1785//1785 709//709
f 718//718 1786//1786 1785//1785
f 1786//1786 754//754 1779//1779
f 1785//1785 1779//1779 708//708
f 2242//2242 1787//1787 720//720
f 1787//1787 726//726 732//732
f 721//721 726//726 1787//1787
f 726//726 721//721 722//722
f 726//726 722//722 725//725
f 728//728 663//663 662//662
f 1789//1789 1788//1788 853//853
f 742//742 1499//1499 1788//1788
f 742//742 1789//1789 743//743
f 1789//1789 742//742 1788//1788
f 852//852 1790//1790 850//850
f 743//743 1797//1797 744//744
f 1797//1797 743//743 1790//1790
f 745//745 770//770 1791//1791
f 744//744 1791//1791 743//743
f 742//742 1791//1791 746//746
f 743//743 1791//1791 742//742
f 750//750 1792//1792 1795//1795
f 1868//1868 800//800 1793//1793
f 1793//1793 747//747 2336//2336
f 748//748 2336//2336 747//747
f 1794//1794 748//748 793//793
f 748//748 1794//1794 1795//1795
f 1795//1795 2336//2336 748//748
f 1796//1796 750//750 1795//1795
f 744//744 1798//1798 751//751
f 1798//1798 744//744 1797//1797
f 2243//2243 1798//1798 851//851
f 751//751 1799//1799 750//750
f 1792//1792 750//750 1799//1799
f 2243//2243 1799//1799 1798//1798
f 1799//1799 2243//2243 752//752
f 754//754 1786//1786 719//719
f 719//719 757//757 1805//1805
f 758//758 1805//1805 1804//1804
f 1800//1800 754//754 719//719
f 1805//1805 758//758 1800//1800
f 1796//1796 1800//1800 758//758
f 1801//1801 1796//1796 1795//1795
f 759//759 1801//1801 1794//1794
f 1795//1795 1794//1794 1801//1801
f 754//754 1800//1800 1802//1802
f 1802//1802 1801//1801 759//759
f 1802//1802 753//753 1780//1780
f 753//753 1802//1802 759//759
f 668//668 761//761 760//760
f 762//762 1506//1506 761//761
f 770//770 1803//1803 1791//1791
f 1803//1803 770//770 768//768
f 745//745 771//771 770//770
f 1804//1804 771//771 749//749
f 772//772 771//771 773//773
f 763//763 772//772 773//773
f 1805//1805 774//774 773//773
f 774//774 1805//1805 757//757
f 1778//1778 775//775 774//774
f 774//774 763//763 773//773
f 672//672 1778//1778 756//756
f 1806//1806 779//779 805//805
f 777//777 1807//1807 2160//2160
f 1806//1806 2160//2160 1807//1807
f 776//776 1549//1549 789//789
f 2160//2160 776//776 1808//1808
f 777//777 1808//1808 1809//1809
f 1808//1808 777//777 2160//2160
f 787//787 1810//1810 1809//1809
f 2245//2245 1810//1810 787//787
f 1810//1810 2245//2245 778//778
f 807//807 1811//1811 778//778
f 1811//1811 807//807 806//806
f 778//778 1811//1811 777//777
f 1807//1807 777//777 1811//1811
f 779//779 1807//1807 806//806
f 781//781 1812//1812 780//780
f 1813//1813 781//781 780//780
f 1774//1774 590//590 1813//1813
f 627//627 1813//1813 590//590
f 781//781 1814//1814 782//782
f 1814//1814 781//781 1813//1813
f 783//783 1814//1814 627//627
f 2288//2288 624//624 784//784
f 783//783 784//784 1815//1815
f 1808//1808 776//776 789//789
f 1771//1771 1770//1770 1773//1773
f 1770//1770 753//753 1817//1817
f 1773//1773 1817//1817 791//791
f 798//798 1816//1816 792//792
f 1817//1817 753//753 759//759
f 792//792 1817//1817 759//759
f 1817//1817 792//792 1816//1816
f 792//792 1794//1794 793//793
f 793//793 804//804 792//792
f 804//804 1818//1818 798//798
f 795//795 785//785 796//796
f 797//797 1816//1816 2244//2244
f 796//796 797//797 2244//2244
f 799//799 1815//1815 784//784
f 1815//1815 799//799 796//796
f 797//797 799//799 579//579
f 791//791 797//797 579//579
f 2289//2289 747//747 802//802
f 1793//1793 800//800 802//802
f 801//801 2289//2289 802//802
f 804//804 1819//1819 1818//1818
f 807//807 1821//1821 1822//1822
f 1821//1821 807//807 1820//1820
f 803//803 1819//1819 801//801
f 803//803 1820//1820 807//807
f 803//803 807//807 778//778
f 1819//1819 804//804 2289//2289
f 808//808 1823//1823 812//812
f 779//779 806//806 1823//1823
f 809//809 1822//1822 822//822
f 1822//1822 809//809 806//806
f 1823//1823 809//809 812//812
f 811//811 810//810 1824//1824
f 1824//1824 813//813 811//811
f 813//813 1825//1825 814//814
f 1544//1544 814//814 1826//1826
f 1826//1826 814//814 1825//1825
f 1826//1826 1825//1825 1840//1840
f 1544//1544 1826//1826 1545//1545
f 1827//1827 816//816 800//800
f 1827//1827 2246//2246 1828//1828
f 1828//1828 817//817 818//818
f 819//819 1830//1830 818//818
f 1828//1828 818//818 1830//1830
f 1836//1836 818//818 1829//1829
f 823//823 1830//1830 822//822
f 1830//1830 821//821 822//822
f 1821//1821 823//823 822//822
f 816//816 1821//1821 1820//1820
f 1821//1821 816//816 823//823
f 864//864 1831//1831 824//824
f 826//826 824//824 827//827
f 1833//1833 1832//1832 920//920
f 1833//1833 831//831 828//828
f 830//830 832//832 833//833
f 1834//1834 1835//1835 834//834
f 1834//1834 810//810 820//820
f 1835//1835 825//825 830//830
f 825//825 1835//1835 835//835
f 820//820 1836//1836 1834//1834
f 1834//1834 835//835 1835//1835
f 835//835 1834//1834 1836//1836
f 1836//1836 1829//1829 835//835
f 1829//1829 817//817 866//866
f 835//835 1837//1837 825//825
f 1837//1837 865//865 825//825
f 837//837 842//842 1838//1838
f 841//841 842//842 1839//1839
f 837//837 1839//1839 842//842
f 1840//1840 838//838 1841//1841
f 1842//1842 1841//1841 1546//1546
f 838//838 836//836 841//841
f 1843//1843 1840//1840 1825//1825
f 1824//1824 840//840 1843//1843
f 839//839 1843//1843 840//840
f 1824//1824 834//834 840//840
f 836//836 839//839 1844//1844
f 833//833 1844//1844 840//840
f 831//831 1845//1845 832//832
f 836//836 1844//1844 1845//1845
f 1845//1845 831//831 1833//1833
f 1845//1845 1833//1833 920//920
f 847//847 844//844 846//846
f 852//852 1870//1870 851//851
f 851//851 1797//1797 1790//1790
f 1789//1789 850//850 1790//1790
f 850//850 1789//1789 853//853
f 1536//1536 1848//1848 1846//1846
f 1847//1847 854//854 861//861
f 854//854 1848//1848 1849//1849
f 1849//1849 855//855 1850//1850
f 1849//1849 856//856 854//854
f 1853//1853 861//861 856//856
f 861//861 1853//1853 857//857
f 901//901 1853//1853 856//856
f 1852//1852 874//874 1853//1853
f 1853//1853 874//874 857//857
f 862//862 861//861 857//857
f 1854//1854 845//845 858//858
f 1855//1855 862//862 859//859
f 862//862 1855//1855 1847//1847
f 1503//1503 1855//1855 860//860
f 863//863 1858//1858 1857//1857
f 1858//1858 1859//1859 1856//1856
f 1857//1857 1856//1856 877//877
f 1831//1831 1858//1858 863//863
f 864//864 1858//1858 1831//1831
f 869//869 875//875 1859//1859
f 868//868 1837//1837 866//866
f 867//867 1860//1860 869//869
f 1860//1860 868//868 871//871
f 882//882 1861//1861 871//871
f 871//871 1862//1862 872//872
f 1863//1863 870//870 871//871
f 1860//1860 872//872 869//869
f 872//872 1862//1862 1864//1864
f 858//858 1864//1864 1854//1854
f 1864//1864 873//873 872//872
f 1854//1854 1862//1862 870//870
f 1864//1864 874//874 873//873
f 1852//1852 1853//1853 901//901
f 856//856 1851//1851 901//901
f 1892//1892 1865//1865 900//900
f 878//878 1866//1866 1867//1867
f 879//879 1869//1869 878//878
f 880//880 1869//1869 1870//1870
f 1870//1870 879//879 851//851
f 879//879 2243//2243 851//851
f 880//880 1870//1870 849//849
f 1871//1871 880//880 849//849
f 880//880 1871//1871 883//883
f 871//871 1861//1861 1863//1863
f 1861//1861 883//883 1871//1871
f 1863//1863 1871//1871 881//881
f 1861//1861 1872//1872 883//883
f 1872//1872 882//882 866//866
f 1872//1872 817//817 2290//2290
f 883//883 1866//1866 880//880
f 1869//1869 880//880 1866//1866
f 2290//2290 1866//1866 883//883
f 1867//1867 2290//2290 2246//2246
f 1827//1827 800//800 2291//2291
f 1885//1885 894//894 1874//1874
f 885//885 1459//1459 1874//1874
f 1875//1875 1883//1883 1876//1876
f 1874//1874 1876//1876 885//885
f 1883//1883 1877//1877 1876//1876
f 1876//1876 1877//1877 1898//1898
f 885//885 1876//1876 884//884
f 1886//1886 2248//2248 890//890
f 2249//2249 1879//1879 950//950
f 949//949 950//950 1879//1879
f 908//908 1880//1880 948//948
f 891//891 1881//1881 906//906
f 1882//1882 891//891 892//892
f 893//893 1877//1877 1883//1883
f 1877//1877 893//893 892//892
f 1884//1884 1883//1883 1875//1875
f 1883//1883 1884//1884 1886//1886
f 895//895 1884//1884 894//894
f 1885//1885 1267//1267 894//894
f 1884//1884 896//896 2248//2248
f 896//896 1884//1884 895//895
f 909//909 1887//1887 1888//1888
f 1887//1887 909//909 926//926
f 926//926 897//897 1887//1887
f 1890//1890 1887//1887 897//897
f 899//899 1891//1891 1888//1888
f 1889//1889 907//907 1896//1896
f 1888//1888 1896//1896 909//909
f 1887//1887 1890//1890 899//899
f 1890//1890 897//897 863//863
f 1889//1889 898//898 907//907
f 1889//1889 1888//1888 1891//1891
f 900//900 1891//1891 899//899
f 899//899 1890//1890 1892//1892
f 1890//1890 863//863 1857//1857
f 1892//1892 1857//1857 877//877
f 899//899 1892//1892 900//900
f 877//877 1865//1865 1892//1892
f 901//901 1851//1851 1865//1865
f 1851//1851 1850//1850 1893//1893
f 1865//1865 1893//1893 900//900
f 902//902 1893//1893 1850//1850
f 1894//1894 898//898 1891//1891
f 898//898 1894//1894 904//904
f 900//900 902//902 1894//1894
f 1895//1895 1894//1894 902//902
f 1895//1895 902//902 910//910
f 908//908 1896//1896 907//907
f 912//912 1897//1897 911//911
f 912//912 911//911 1898//1898
f 884//884 1898//1898 911//911
f 911//911 1468//1468 884//884
f 912//912 1898//1898 1899//1899
f 1899//1899 1877//1877 892//892
f 892//892 903//903 1899//1899
f 903//903 904//904 1900//1900
f 1899//1899 1900//1900 912//912
f 912//912 1900//1900 1901//1901
f 1900//1900 1895//1895 1901//1901
f 1897//1897 1901//1901 913//913
f 910//910 1901//1901 1895//1895
f 910//910 1850//1850 855//855
f 1902//1902 1598//1598 916//916
f 1598//1598 1902//1902 1599//1599
f 916//916 2319//2319 2292//2292
f 1903//1903 916//916 2292//2292
f 1903//1903 923//923 914//914
f 923//923 1904//1904 914//914
f 1905//1905 943//943 917//917
f 915//915 1903//1903 914//914
f 1903//1903 915//915 1906//1906
f 917//917 1906//1906 915//915
f 1907//1907 1046//1046 917//917
f 1908//1908 918//918 922//922
f 842//842 920//920 1909//1909
f 1832//1832 1909//1909 920//920
f 1838//1838 842//842 1909//1909
f 919//919 1909//1909 935//935
f 2250//2250 935//935 934//934
f 921//921 918//918 934//934
f 922//922 921//921 1910//1910
f 931//931 1904//1904 1910//1910
f 1904//1904 923//923 1911//1911
f 1910//1910 1911//1911 922//922
f 924//924 1911//1911 923//923
f 922//922 1911//1911 1908//1908
f 1911//1911 924//924 1908//1908
f 937//937 925//925 1912//1912
f 1912//1912 925//925 926//926
f 926//926 2293//2293 1912//1912
f 1913//1913 2293//2293 926//926
f 909//909 1913//1913 926//926
f 1913//1913 909//909 927//927
f 927//927 1896//1896 908//908
f 948//948 1914//1914 928//928
f 927//927 929//929 1913//1913
f 1916//1916 1913//1913 929//929
f 1915//1915 930//930 1914//1914
f 928//928 1914//1914 930//930
f 932//932 1910//1910 921//921
f 933//933 1916//1916 929//929
f 1917//1917 934//934 936//936
f 1917//1917 921//921 934//934
f 935//935 1832//1832 936//936
f 1918//1918 1832//1832 828//828
f 1917//1917 936//936 1916//1916
f 828//828 1912//1912 1918//1918
f 1912//1912 828//828 937//937
f 1879//1879 1919//1919 938//938
f 887//887 888//888 1919//1919
f 939//939 1919//1919 888//888
f 1920//1920 938//938 1919//1919
f 938//938 1920//1920 946//946
f 942//942 1920//1920 939//939
f 1920//1920 942//942 946//946
f 943//943 1921//1921 941//941
f 1921//1921 1922//1922 942//942
f 1922//1922 944//944 945//945
f 943//943 1905//1905 1921//1921
f 1905//1905 944//944 1922//1922
f 944//944 1905//1905 915//915
f 1923//1923 944//944 914//914
f 1904//1904 931//931 1923//1923
f 947//947 1923//1923 931//931
f 946//946 1922//1922 945//945
f 1881//1881 950//950 1880//1880
f 1914//1914 949//949 951//951
f 1879//1879 889//889 1919//1919
f 953//953 1924//1924 954//954
f 1924//1924 953//953 952//952
f 1925//1925 978//978 955//955
f 1926//1926 956//956 1040//1040
f 957//957 1926//1926 958//958
f 1926//1926 1927//1927 958//958
f 1928//1928 970//970 979//979
f 971//971 2179//2179 1150//1150
f 972//972 1150//1150 1157//1157
f 1150//1150 972//972 971//971
f 974//974 971//971 972//972
f 970//970 975//975 2337//2337
f 970//970 2337//2337 979//979
f 1929//1929 1930//1930 986//986
f 987//987 1930//1930 1931//1931
f 984//984 986//986 989//989
f 992//992 989//989 986//986
f 1930//1930 987//987 2294//2294
f 1932//1932 987//987 988//988
f 995//995 993//993 1933//1933
f 2340//2340 1932//1932 994//994
f 2294//2294 987//987 1935//1935
f 1930//1930 2294//2294 990//990
f 987//987 993//993 1935//1935
f 1935//1935 1936//1936 998//998
f 993//993 995//995 1936//1936
f 1937//1937 995//995 2296//2296
f 2251//2251 2296//2296 2295//2295
f 1941//1941 1002//1002 1942//1942
f 1001//1001 2252//2252 2311//2311
f 1936//1936 1943//1943 998//998
f 2297//2297 999//999 2253//2253
f 1943//1943 1937//1937 2300//2300
f 1004//1004 2300//2300 2301//2301
f 1945//1945 2253//2253 2302//2302
f 1947//1947 992//992 990//990
f 2294//2294 997//997 1005//1005
f 1946//1946 1005//1005 997//997
f 992//992 1947//1947 1015//1015
f 1007//1007 1947//1947 1005//1005
f 1005//1005 1946//1946 1007//1007
f 1003//1003 1948//1948 1009//1009
f 1010//1010 1946//1946 1006//1006
f 1309//1309 1015//1015 1947//1947
f 1010//1010 1310//1310 1007//1007
f 1310//1310 1010//1010 1011//1011
f 1029//1029 1949//1949 1028//1028
f 1018//1018 1949//1949 2324//2324
f 1023//1023 1949//1949 1018//1018
f 1024//1024 1950//1950 1022//1022
f 2325//2325 1025//1025 2254//2254
f 1030//1030 1157//1157 1951//1951
f 1157//1157 1030//1030 972//972
f 1137//1137 1951//1951 1139//1139
f 1036//1036 1927//1927 1038//1038
f 1952//1952 1035//1035 1038//1038
f 1040//1040 1952//1952 1038//1038
f 1952//1952 1041//1041 1045//1045
f 1927//1927 1926//1926 1038//1038
f 1040//1040 1039//1039 1041//1041
f 1041//1041 1025//1025 1042//1042
f 1045//1045 1041//1041 1042//1042
f 1045//1045 1042//1042 1044//1044
f 1046//1046 1902//1902 1906//1906
f 1902//1902 1046//1046 1953//1953
f 1954//1954 1956//1956 1953//1953
f 1956//1956 1599//1599 1953//1953
f 1066//1066 1954//1954 1955//1955
f 1955//1955 1953//1953 1046//1046
f 1954//1954 1066//1066 1960//1960
f 1064//1064 1960//1960 1066//1066
f 1960//1960 1152//1152 1954//1954
f 1600//1600 1956//1956 1954//1954
f 1958//1958 1957//1957 1048//1048
f 1957//1957 940//940 1049//1049
f 1062//1062 1144//1144 1058//1058
f 1959//1959 1063//1063 2002//2002
f 1061//1061 1060//1060 1959//1959
f 1061//1061 1959//1959 1065//1065
f 1064//1064 1959//1959 2002//2002
f 1960//1960 1064//1064 2002//2002
f 1961//1961 1066//1066 1955//1955
f 1961//1961 1955//1955 1046//1046
f 1065//1065 1961//1961 1067//1067
f 1064//1064 1066//1066 1065//1065
f 1907//1907 1067//1067 1961//1961
f 1067//1067 1907//1907 943//943
f 1072//1072 1070//1070 1071//1071
f 1073//1073 1072//1072 1071//1071
f 1074//1074 1078//1078 1962//1962
f 1963//1963 1082//1082 1083//1083
f 1091//1091 1964//1964 1966//1966
f 1966//1966 1965//1965 1091//1091
f 1966//1966 1092//1092 1965//1965
f 1092//1092 1967//1967 1965//1965
f 1968//1968 1095//1095 1967//1967
f 1095//1095 1968//1968 1096//1096
f 1969//1969 1095//1095 1970//1970
f 1096//1096 1970//1970 1095//1095
f 1965//1965 1971//1971 1094//1094
f 1965//1965 1967//1967 1971//1971
f 1967//1967 1095//1095 1972//1972
f 1099//1099 1973//1973 1969//1969
f 1973//1973 1971//1971 1972//1972
f 1969//1969 1972//1972 1095//1095
f 1969//1969 1097//1097 1980//1980
f 1969//1969 1980//1980 1099//1099
f 1974//1974 1101//1101 1094//1094
f 1094//1094 1971//1971 1974//1974
f 1105//1105 1104//1104 1975//1975
f 1974//1974 1975//1975 1104//1104
f 1971//1971 1973//1973 1975//1975
f 1973//1973 1099//1099 1976//1976
f 1975//1975 1976//1976 1105//1105
f 1977//1977 1103//1103 1101//1101
f 1977//1977 1101//1101 1104//1104
f 1998//1998 1103//1103 1977//1977
f 1104//1104 1978//1978 1977//1977
f 1978//1978 1104//1104 1105//1105
f 1106//1106 2046//2046 1982//1982
f 1982//1982 1107//1107 1106//1106
f 1108//1108 1979//1979 1980//1980
f 1979//1979 1099//1099 1980//1980
f 1107//1107 1981//1981 1106//1106
f 1108//1108 1981//1981 1986//1986
f 1983//1983 1110//1110 1107//1107
f 1107//1107 1982//1982 1983//1983
f 1110//1110 1983//1983 1984//1984
f 1002//1002 1941//1941 1984//1984
f 1941//1941 1000//1000 1985//1985
f 1984//1984 1985//1985 1110//1110
f 1110//1110 1986//1986 1107//1107
f 1987//1987 1109//1109 1986//1986
f 1109//1109 1987//1987 1111//1111
f 1111//1111 1987//1987 1988//1988
f 1987//1987 1110//1110 1985//1985
f 1988//1988 1985//1985 1000//1000
f 1000//1000 2298//2298 1988//1988
f 1939//1939 996//996 1989//1989
f 1988//1988 1989//1989 1111//1111
f 1976//1976 1990//1990 1105//1105
f 1979//1979 1108//1108 1991//1991
f 1990//1990 1991//1991 1112//1112
f 1991//1991 1108//1108 2304//2304
f 2257//2257 2305//2305 1113//1113
f 1993//1993 2338//2338 1978//1978
f 1105//1105 1993//1993 1978//1978
f 1993//1993 1105//1105 1112//1112
f 2257//2257 1994//1994 1993//1993
f 2338//2338 1994//1994 2262//2262
f 1992//1992 1111//1111 2258//2258
f 1114//1114 2306//2306 1996//1996
f 1995//1995 2258//2258 1989//1989
f 1996//1996 1995//1995 996//996
f 996//996 2295//2295 1996//1996
f 1996//1996 2259//2259 1114//1114
f 1994//1994 1114//1114 1997//1997
f 1113//1113 2306//2306 2257//2257
f 2262//2262 1997//1997 1115//1115
f 1115//1115 1997//1997 994//994
f 2259//2259 2340//2340 1997//1997
f 1932//1932 988//988 994//994
f 1999//1999 1118//1118 2260//2260
f 1119//1119 1999//1999 1120//1120
f 2260//2260 2338//2338 2262//2262
f 1999//1999 2260//2260 1123//1123
f 1120//1120 1123//1123 1124//1124
f 1123//1123 2262//2262 1115//1115
f 1124//1124 1115//1115 988//988
f 1125//1125 1124//1124 1931//1931
f 1125//1125 1931//1931 1929//1929
f 1929//1929 984//984 1126//1126
f 2000//2000 1133//1133 1131//1131
f 2000//2000 2261//2261 1133//1133
f 980//980 1951//1951 1137//1137
f 2001//2001 1138//1138 1137//1137
f 1139//1139 2001//2001 1137//1137
f 2002//2002 1063//1063 1142//1142
f 2003//2003 1143//1143 1142//1142
f 2003//2003 1058//1058 1144//1144
f 1144//1144 1146//1146 2003//2003
f 1129//1129 2003//2003 1146//1146
f 2004//2004 1151//1151 1156//1156
f 2181//2181 2005//2005 2006//2006
f 2005//2005 1151//1151 2004//2004
f 2006//2006 2004//2004 1150//1150
f 1151//1151 2005//2005 2190//2190
f 2007//2007 1153//1153 1151//1151
f 2007//2007 2191//2191 1600//1600
f 2330//2330 1600//1600 2191//2191
f 2008//2008 2007//2007 1152//1152
f 2002//2002 1154//1154 1960//1960
f 1152//1152 1960//1960 1154//1154
f 1154//1154 2008//2008 1152//1152
f 2008//2008 1154//1154 1155//1155
f 1141//1141 2009//2009 1155//1155
f 2009//2009 1141//1141 2001//2001
f 1156//1156 2009//2009 1139//1139
f 1156//1156 1139//1139 1157//1157
f 2004//2004 1157//1157 1150//1150
f 1158//1158 2010//2010 1458//1458
f 2010//2010 1158//1158 2011//2011
f 1165//1165 2011//2011 1158//1158
f 1159//1159 2011//2011 2021//2021
f 2011//2011 2012//2012 2010//2010
f 2012//2012 1885//1885 1873//1873
f 2133//2133 2013//2013 2014//2014
f 2134//2134 2014//2014 1160//1160
f 1160//1160 2015//2015 2017//2017
f 2015//2015 1160//1160 2014//2014
f 2016//2016 1161//1161 1162//1162
f 2017//2017 2015//2015 1163//1163
f 2016//2016 1163//1163 2015//2015
f 1339//1339 2016//2016 1162//1162
f 1163//1163 2018//2018 2017//2017
f 1164//1164 2018//2018 1253//1253
f 1253//1253 2019//2019 1164//1164
f 2019//2019 1253//1253 1250//1250
f 2022//2022 2019//2019 2020//2020
f 2019//2019 2022//2022 1164//1164
f 2020//2020 1250//1250 1251//1251
f 2020//2020 1252//1252 2022//2022
f 1252//1252 2021//2021 2022//2022
f 2022//2022 2023//2023 1166//1166
f 2023//2023 2022//2022 2021//2021
f 1165//1165 2024//2024 2023//2023
f 2023//2023 2024//2024 1166//1166
f 1166//1166 2024//2024 1160//1160
f 1254//1254 2025//2025 1172//1172
f 2025//2025 1336//1336 1171//1171
f 1191//1191 1186//1186 1187//1187
f 2026//2026 1186//1186 1191//1191
f 1186//1186 2026//2026 2327//2327
f 1190//1190 2048//2048 1191//1191
f 1192//1192 2027//2027 1185//1185
f 2027//2027 1192//1192 1193//1193
f 1193//1193 1192//1192 2028//2028
f 1194//1194 2029//2029 2307//2307
f 2027//2027 1187//1187 1185//1185
f 1193//1193 2030//2030 2027//2027
f 1195//1195 2032//2032 2263//2263
f 2032//2032 1197//1197 2308//2308
f 2031//2031 2263//2263 2264//2264
f 1195//1195 2029//2029 2034//2034
f 2029//2029 1194//1194 2033//2033
f 2034//2034 2033//2033 1198//1198
f 1198//1198 2035//2035 2034//2034
f 2035//2035 1199//1199 2038//2038
f 2034//2034 2038//2038 1195//1195
f 1199//1199 2035//2035 2037//2037
f 2035//2035 1198//1198 2036//2036
f 2037//2037 2036//2036 1002//1002
f 1002//1002 1984//1984 2037//2037
f 1984//1984 1983//1983 2037//2037
f 1197//1197 2032//2032 2038//2038
f 2032//2032 1195//1195 2038//2038
f 1199//1199 1200//1200 2039//2039
f 2039//2039 2038//2038 1199//1199
f 1200//1200 1199//1199 2040//2040
f 2037//2037 2040//2040 1199//1199
f 1983//1983 1982//1982 2040//2040
f 1190//1190 2030//2030 2041//2041
f 2030//2030 1190//1190 1187//1187
f 1196//1196 1201//1201 2041//2041
f 1190//1190 2043//2043 2048//2048
f 2041//2041 1203//1203 2043//2043
f 1203//1203 2041//2041 1201//1201
f 1201//1201 2045//2045 2044//2044
f 1201//1201 2264//2264 2045//2045
f 2045//2045 2042//2042 2339//2339
f 1202//1202 1197//1197 2039//2039
f 1200//1200 1204//1204 2039//2039
f 1204//1204 1200//1200 2046//2046
f 2040//2040 2046//2046 1200//1200
f 1205//1205 2047//2047 1204//1204
f 1098//1098 1205//1205 1204//1204
f 1207//1207 1189//1189 2026//2026
f 2026//2026 1209//1209 1207//1207
f 1209//1209 1191//1191 2048//2048
f 2265//2265 1208//1208 1207//1207
f 2043//2043 1215//1215 2051//2051
f 1215//1215 2043//2043 1203//1203
f 2052//2052 1215//1215 2049//2049
f 1203//1203 2049//2049 1215//1215
f 1203//1203 2044//2044 2049//2049
f 2044//2044 2045//2045 2050//2050
f 2049//2049 2050//2050 2055//2055
f 2051//2051 1210//1210 2048//2048
f 1216//1216 2051//2051 1215//1215
f 2052//2052 1216//1216 1215//1215
f 1218//1218 2056//2056 2053//2053
f 2056//2056 2055//2055 2050//2050
f 2053//2053 2050//2050 2339//2339
f 2339//2339 2047//2047 2053//2053
f 2047//2047 1205//1205 2053//2053
f 1096//1096 1218//1218 2054//2054
f 2053//2053 2054//2054 1218//1218
f 1970//1970 2054//2054 2303//2303
f 1219//1219 1217//1217 2055//2055
f 2052//2052 2055//2055 1217//1217
f 2055//2055 2056//2056 1219//1219
f 1092//1092 1219//1219 2057//2057
f 2056//2056 2057//2057 1219//1219
f 1218//1218 1968//1968 2057//2057
f 1968//1968 1218//1218 1096//1096
f 1966//1966 1224//1224 1219//1219
f 1219//1219 1092//1092 1966//1966
f 1964//1964 1225//1225 1224//1224
f 1224//1224 1966//1966 1964//1964
f 1249//1249 1250//1250 1245//1245
f 2018//2018 2025//2025 1254//1254
f 1259//1259 1258//1258 887//887
f 896//896 2058//2058 886//886
f 1264//1264 2058//2058 1265//1265
f 2058//2058 1264//1264 1263//1263
f 2058//2058 896//896 895//895
f 895//895 1267//1267 1265//1265
f 1267//1267 1885//1885 1266//1266
f 1266//1266 2059//2059 1261//1261
f 2012//2012 1159//1159 2060//2060
f 1885//1885 2060//2060 1266//1266
f 1268//1268 2060//2060 1159//1159
f 2060//2060 1268//1268 2059//2059
f 2059//2059 1271//1271 1261//1261
f 2059//2059 1268//1268 2061//2061
f 1251//1251 2061//2061 1268//1268
f 1249//1249 2061//2061 1251//1251
f 1271//1271 2061//2061 1269//1269
f 2062//2062 1406//1406 1747//1747
f 1406//1406 2062//2062 1407//1407
f 1284//1284 1287//1287 1285//1285
f 1288//1288 1289//1289 1290//1290
f 1273//1273 1291//1291 2062//2062
f 1407//1407 2062//2062 1291//1291
f 1298//1298 1297//1297 1343//1343
f 2068//2068 1297//1297 1299//1299
f 1297//1297 2068//2068 1296//1296
f 1288//1288 2063//2063 1300//1300
f 2064//2064 1300//1300 2063//2063
f 1287//1287 1286//1286 2066//2066
f 1302//1302 2066//2066 1286//1286
f 1302//1302 221//221 2066//2066
f 2066//2066 221//221 220//220
f 220//220 2067//2067 2066//2066
f 2067//2067 220//220 1303//1303
f 2065//2065 2068//2068 2063//2063
f 2067//2067 1303//1303 1296//1296
f 1296//1296 2068//2068 2067//2067
f 1021//1021 1305//1305 1344//1344
f 1331//1331 1330//1330 1344//1344
f 1007//1007 1310//1310 2268//2268
f 2077//2077 1312//1312 1309//1309
f 1948//1948 1314//1314 1009//1009
f 1315//1315 1948//1948 1004//1004
f 1004//1004 2301//2301 2309//2309
f 1945//1945 2302//2302 2270//2270
f 2070//2070 2270//2270 2269//2269
f 2271//2271 2072//2072 2310//2310
f 1942//1942 1002//1002 2036//2036
f 2073//2073 1316//1316 2074//2074
f 1315//1315 2074//2074 1316//1316
f 2309//2309 2069//2069 2272//2272
f 2269//2269 1317//1317 2312//2312
f 1194//1194 2075//2075 2273//2273
f 2273//2273 2313//2313 2312//2312
f 1317//1317 2310//2310 2076//2076
f 2076//2076 2033//2033 1194//1194
f 1319//1319 2077//2077 2268//2268
f 2078//2078 1319//1319 1310//1310
f 1312//1312 2077//2077 1321//1321
f 1322//1322 2077//2077 1319//1319
f 1319//1319 2079//2079 1322//1322
f 2080//2080 1320//1320 2073//2073
f 1316//1316 2073//2073 1320//1320
f 2073//2073 2074//2074 2081//2081
f 2073//2073 2081//2081 2080//2080
f 1192//1192 2082//2082 2083//2083
f 2083//2083 2081//2081 1318//1318
f 2028//2028 1194//1194 2307//2307
f 2083//2083 2028//2028 1192//1192
f 1323//1323 1322//1322 2079//2079
f 1323//1323 2079//2079 2080//2080
f 2082//2082 1323//1323 2080//2080
f 1328//1328 1321//1321 1322//1322
f 1322//1322 2084//2084 1328//1328
f 2084//2084 1182//1182 1328//1328
f 2084//2084 1184//1184 1182//1182
f 1330//1330 1338//1338 1332//1332
f 2086//2086 1330//1330 1332//1332
f 1163//1163 1336//1336 2018//2018
f 2016//2016 1339//1339 1337//1337
f 2085//2085 1300//1300 2064//2064
f 1341//1341 2064//2064 1299//1299
f 1348//1348 2086//2086 1332//1332
f 1341//1341 2086//2086 1348//1348
f 2087//2087 2088//2088 1347//1347
f 2088//2088 1349//1349 1347//1347
f 2088//2088 2087//2087 1289//1289
f 1300//1300 2088//2088 1289//1289
f 1349//1349 2085//2085 1348//1348
f 2085//2085 1349//1349 2088//2088
f 1350//1350 1351//1351 1346//1346
f 2089//2089 1354//1354 1362//1362
f 1354//1354 2089//2089 284//284
f 1352//1352 629//629 2089//2089
f 284//284 2089//2089 629//629
f 284//284 629//629 266//266
f 1358//1358 2090//2090 1357//1357
f 1357//1357 2090//2090 1356//1356
f 2090//2090 1359//1359 1361//1361
f 379//379 2092//2092 2091//2091
f 2091//2091 2092//2092 1365//1365
f 2094//2094 2274//2274 1369//1369
f 1358//1358 2274//2274 1384//1384
f 1369//1369 2274//2274 1370//1370
f 1370//1370 2095//2095 1372//1372
f 1355//1355 1373//1373 2095//2095
f 1372//1372 2095//2095 1373//1373
f 1754//1754 1372//1372 1373//1373
f 2091//2091 1754//1754 380//380
f 1754//1754 2091//2091 1364//1364
f 1428//1428 2096//2096 1390//1390
f 2096//2096 1378//1378 1377//1377
f 2097//2097 1389//1389 1374//1374
f 2097//2097 1379//1379 1389//1389
f 2098//2098 1375//1375 1377//1377
f 1379//1379 1380//1380 1381//1381
f 1380//1380 1383//1383 1381//1381
f 1381//1381 1383//1383 1399//1399
f 1401//1401 1399//1399 1383//1383
f 1456//1456 2099//2099 1387//1387
f 2099//2099 1389//1389 1388//1388
f 1389//1389 2099//2099 1374//1374
f 1382//1382 1389//1389 1379//1379
f 1405//1405 1507//1507 2100//2100
f 2100//2100 1391//1391 1506//1506
f 2100//2100 1392//1392 1405//1405
f 2329//2329 1405//1405 1392//1392
f 1393//1393 2329//2329 1392//1392
f 1394//1394 2101//2101 1393//1393
f 2101//2101 2275//2275 1393//1393
f 1397//1397 2101//2101 1395//1395
f 2101//2101 1394//1394 706//706
f 1358//1358 1384//1384 1396//1396
f 1403//1403 1509//1509 2315//2315
f 1407//1407 2102//2102 1409//1409
f 2103//2103 1409//1409 2102//2102
f 1408//1408 2104//2104 2108//2108
f 2104//2104 1409//1409 2103//2103
f 2108//2108 2103//2103 1423//1423
f 123//123 2104//2104 1408//1408
f 2104//2104 124//124 1409//1409
f 1410//1410 2105//2105 1347//1347
f 2105//2105 1410//1410 1411//1411
f 1498//1498 2107//2107 2106//2106
f 2107//2107 1413//1413 2277//2277
f 1412//1412 1415//1415 1414//1414
f 2277//2277 1413//1413 1415//1415
f 1413//1413 2107//2107 1417//1417
f 1440//1440 1416//1416 1413//1413
f 1418//1418 1416//1416 1440//1440
f 1420//1420 1421//1421 2108//2108
f 1420//1420 2108//2108 1423//1423
f 1424//1424 2102//2102 2105//2105
f 2102//2102 1407//1407 2087//2087
f 2105//2105 2087//2087 1347//1347
f 1446//1446 1472//1472 1425//1425
f 1446//1446 2282//2282 1472//1472
f 1426//1426 1425//1425 1376//1376
f 1470//1470 1376//1376 1425//1425
f 1446//1446 1425//1425 2109//2109
f 2109//2109 1444//1444 1446//1446
f 1427//1427 2109//2109 1425//1425
f 1426//1426 2096//2096 1428//1428
f 2099//2099 1456//1456 1430//1430
f 2110//2110 1427//1427 1429//1429
f 1441//1441 1435//1435 1436//1436
f 1441//1441 1418//1418 1440//1440
f 1440//1440 2111//2111 1441//1441
f 2111//2111 1437//1437 1441//1441
f 1443//1443 1442//1442 1473//1473
f 1435//1435 1437//1437 1444//1444
f 1365//1365 2092//2092 2093//2093
f 2112//2112 2092//2092 1447//1447
f 1449//1449 1448//1448 1447//1447
f 1450//1450 153//153 1451//1451
f 153//153 1748//1748 1451//1451
f 1451//1451 1748//1748 1453//1453
f 2114//2114 1453//1453 1748//1748
f 1452//1452 2114//2114 151//151
f 2114//2114 1452//1452 1421//1421
f 1421//1421 1452//1452 2108//2108
f 1453//1453 1454//1454 1451//1451
f 2113//2113 1451//1451 1454//1454
f 1433//1433 1453//1453 1434//1434
f 1367//1367 2279//2279 1456//1456
f 2115//2115 1457//1457 2279//2279
f 2113//2113 2115//2115 1448//1448
f 2115//2115 2093//2093 2112//2112
f 2093//2093 2115//2115 2279//2279
f 2116//2116 1458//1458 1459//1459
f 885//885 2117//2117 1460//1460
f 2118//2118 1460//1460 2117//2117
f 2120//2120 2116//2116 2118//2118
f 2119//2119 1477//1477 1493//1493
f 1493//1493 2123//2123 2120//2120
f 2120//2120 2123//2123 2121//2121
f 2116//2116 2121//2121 1458//1458
f 1158//1158 2122//2122 1165//1165
f 1491//1491 2122//2122 1492//1492
f 2124//2124 1492//1492 2122//2122
f 1458//1458 2121//2121 2124//2124
f 2124//2124 2121//2121 1492//1492
f 1458//1458 2124//2124 1158//1158
f 1463//1463 2126//2126 2125//2125
f 2126//2126 911//911 1897//1897
f 2125//2125 1897//1897 913//913
f 1462//1462 2125//2125 913//913
f 1542//1542 1541//1541 1464//1464
f 1463//1463 1464//1464 2126//2126
f 1465//1465 1464//1464 2314//2314
f 2119//2119 1467//1467 2281//2281
f 2127//2127 1465//1465 1467//1467
f 1461//1461 2127//2127 1467//1467
f 2127//2127 1461//1461 1468//1468
f 2118//2118 1461//1461 2280//2280
f 1467//1467 2119//2119 1461//1461
f 2117//2117 1468//1468 1461//1461
f 2117//2117 884//884 1468//1468
f 884//884 2117//2117 885//885
f 1465//1465 2127//2127 1464//1464
f 1464//1464 2127//2127 2126//2126
f 2126//2126 1468//1468 911//911
f 2128//2128 1483//1483 1469//1469
f 1470//1470 2128//2128 1520//1520
f 1473//1473 1445//1445 1443//1443
f 1474//1474 2129//2129 1475//1475
f 2131//2131 1475//1475 2137//2137
f 2131//2131 2137//2137 1476//1476
f 2131//2131 1478//1478 2130//2130
f 1477//1477 2131//2131 1476//1476
f 1482//1482 1481//1481 1466//1466
f 1485//1485 1483//1483 1484//1484
f 1484//1484 1483//1483 2132//2132
f 2128//2128 2132//2132 1483//1483
f 1471//1471 2132//2132 1470//1470
f 1345//1345 2013//2013 2106//2106
f 1489//1489 2133//2133 2014//2014
f 2133//2133 2106//2106 2013//2013
f 1498//1498 2133//2133 2135//2135
f 2133//2133 1498//1498 2106//2106
f 1490//1490 2135//2135 1489//1489
f 1488//1488 2134//2134 2024//2024
f 2134//2134 1488//1488 1489//1489
f 2122//2122 1488//1488 1165//1165
f 1494//1494 2136//2136 2123//2123
f 1492//1492 2136//2136 1491//1491
f 1476//1476 2137//2137 1494//1494
f 1491//1491 2136//2136 1495//1495
f 2136//2136 1494//1494 1495//1495
f 1495//1495 1490//1490 1491//1491
f 1496//1496 2137//2137 2129//2129
f 2138//2138 1496//1496 2129//2129
f 1473//1473 2139//2139 2129//2129
f 2139//2139 1473//1473 1442//1442
f 1497//1497 2138//2138 2140//2140
f 2138//2138 2129//2129 2139//2139
f 2140//2140 2139//2139 1417//1417
f 2107//2107 1498//1498 2140//2140
f 1497//1497 2140//2140 1498//1498
f 1495//1495 1494//1494 1496//1496
f 1497//1497 2135//2135 1490//1490
f 1499//1499 2141//2141 1788//1788
f 2141//2141 1499//1499 2143//2143
f 742//742 2142//2142 1499//1499
f 1501//1501 1499//1499 2142//2142
f 769//769 2142//2142 746//746
f 2144//2144 2145//2145 2143//2143
f 1503//1503 2146//2146 2145//2145
f 2146//2146 2143//2143 2145//2145
f 1503//1503 843//843 2146//2146
f 843//843 2141//2141 2146//2146
f 2141//2141 843//843 1500//1500
f 1391//1391 2147//2147 1505//1505
f 2147//2147 1391//1391 2100//2100
f 2283//2283 2148//2148 1502//1502
f 2144//2144 2148//2148 1526//1526
f 2143//2143 1502//1502 2144//2144
f 2148//2148 2144//2144 1502//1502
f 769//769 2149//2149 1514//1514
f 2149//2149 1513//1513 1514//1514
f 1511//1511 2149//2149 1515//1515
f 2149//2149 765//765 1515//1515
f 2150//2150 1378//1378 1376//1376
f 2151//2151 1516//1516 1521//1521
f 1521//1521 2150//2150 1519//1519
f 1521//1521 1519//1519 1522//1522
f 1540//1540 1524//1524 2152//2152
f 1523//1523 2153//2153 1518//1518
f 2153//2153 1523//1523 1525//1525
f 1528//1528 2154//2154 1526//1526
f 1527//1527 2154//2154 1528//1528
f 2151//2151 2153//2153 1527//1527
f 2154//2154 1527//1527 2153//2153
f 1528//1528 2155//2155 1527//1527
f 1516//1516 2155//2155 1532//1532
f 1527//1527 2155//2155 2151//2151
f 1536//1536 1535//1535 1534//1534
f 1534//1534 1462//1462 1848//1848
f 855//855 1848//1848 1462//1462
f 2156//2156 1535//1535 1536//1536
f 1536//1536 1846//1846 2156//2156
f 1846//1846 1847//1847 2157//2157
f 2156//2156 2157//2157 1537//1537
f 2158//2158 2157//2157 1855//1855
f 2145//2145 2158//2158 1503//1503
f 2158//2158 1537//1537 2157//2157
f 1537//1537 2158//2158 1538//1538
f 2159//2159 1537//1537 1538//1538
f 1537//1537 2159//2159 1543//1543
f 1525//1525 2159//2159 2154//2154
f 2159//2159 1525//1525 1543//1543
f 1543//1543 1539//1539 1535//1535
f 1543//1543 2156//2156 1537//1537
f 2156//2156 1543//1543 1535//1535
f 1535//1535 1542//1542 1534//1534
f 1806//1806 805//805 2161//2161
f 2160//2160 2161//2161 1551//1551
f 1551//1551 2161//2161 1544//1544
f 2162//2162 1544//1544 2161//2161
f 805//805 815//815 2162//2162
f 1842//1842 1546//1546 1545//1545
f 1574//1574 2163//2163 1547//1547
f 2163//2163 1548//1548 1545//1545
f 1552//1552 1838//1838 2164//2164
f 1838//1838 1552//1552 837//837
f 2316//2316 837//837 1552//1552
f 1626//1626 1554//1554 2164//2164
f 2165//2165 2164//2164 1554//1554
f 1552//1552 2165//2165 1556//1556
f 1555//1555 1556//1556 2165//2165
f 1556//1556 2316//2316 1552//1552
f 2166//2166 1576//1576 1575//1575
f 2166//2166 2317//2317 1553//1553
f 2317//2317 1575//1575 2167//2167
f 1547//1547 2317//2317 1574//1574
f 1547//1547 1546//1546 1553//1553
f 837//837 2316//2316 2168//2168
f 1553//1553 2168//2168 2316//2316
f 1546//1546 1841//1841 2168//2168
f 1841//1841 838//838 1839//1839
f 2168//2168 1839//1839 837//837
f 1560//1560 1561//1561 1582//1582
f 1567//1567 2169//2169 2173//2173
f 1566//1566 1568//1568 1562//1562
f 1569//1569 1570//1570 1562//1562
f 1572//1572 1562//1562 1568//1568
f 1562//1562 1572//1572 1569//1569
f 1568//1568 2173//2173 1571//1571
f 2173//2173 1568//1568 1567//1567
f 1569//1569 2167//2167 1570//1570
f 1574//1574 2167//2167 1569//1569
f 2167//2167 1575//1575 2170//2170
f 1577//1577 2170//2170 1575//1575
f 1570//1570 2170//2170 1561//1561
f 2170//2170 1581//1581 1561//1561
f 1561//1561 2318//2318 1570//1570
f 1583//1583 2171//2171 1584//1584
f 1586//1586 2171//2171 1587//1587
f 1583//1583 1585//1585 2171//2171
f 1587//1587 2171//2171 1585//1585
f 1774//1774 1585//1585 1696//1696
f 1588//1588 1590//1590 1589//1589
f 2163//2163 1573//1573 2172//2172
f 1573//1573 2163//2163 1574//1574
f 1592//1592 1573//1573 1571//1571
f 2169//2169 1594//1594 2173//2173
f 2173//2173 1593//1593 1571//1571
f 1593//1593 2174//2174 1595//1595
f 1595//1595 2174//2174 1586//1586
f 1596//1596 1584//1584 2174//2174
f 2171//2171 2174//2174 1584//1584
f 2188//2188 2178//2178 2175//2175
f 2175//2175 1598//1598 1599//1599
f 1599//1599 1956//1956 2177//2177
f 1956//1956 1600//1600 2176//2176
f 2177//2177 2176//2176 1607//1607
f 1599//1599 2177//2177 2175//2175
f 2177//2177 1607//1607 2189//2189
f 2175//2175 2189//2189 2188//2188
f 1619//1619 2178//2178 2188//2188
f 1631//1631 2178//2178 1619//1619
f 2178//2178 1601//1601 1598//1598
f 1598//1598 2319//2319 916//916
f 2181//2181 2006//2006 2179//2179
f 2190//2190 2180//2180 1605//1605
f 2180//2180 1602//1602 1605//1605
f 2005//2005 2181//2181 2180//2180
f 2180//2180 2181//2181 2183//2183
f 2181//2181 1669//1669 2182//2182
f 2183//2183 2182//2182 1679//1679
f 1679//1679 2184//2184 2183//2183
f 2184//2184 2186//2186 2183//2183
f 1678//1678 1623//1623 1679//1679
f 1602//1602 2183//2183 2186//2186
f 2186//2186 2185//2185 1622//1622
f 2186//2186 1604//1604 1602//1602
f 2186//2186 1622//1622 1604//1604
f 1622//1622 1603//1603 1604//1604
f 1603//1603 2187//2187 1619//1619
f 2187//2187 1603//1603 1622//1622
f 2188//2188 1604//1604 1603//1603
f 2189//2189 1604//1604 2188//2188
f 1604//1604 2189//2189 1606//1606
f 2189//2189 1607//1607 1606//1606
f 1607//1607 2176//2176 2330//2330
f 2190//2190 1605//1605 2330//2330
f 2190//2190 2191//2191 1151//1151
f 2007//2007 1151//1151 2191//2191
f 2192//2192 1610//1610 1625//1625
f 2192//2192 1608//1608 1609//1609
f 1611//1611 2193//2193 1609//1609
f 2193//2193 1611//1611 1616//1616
f 1558//1558 1616//1616 1611//1611
f 2194//2194 1613//1613 1614//1614
f 1612//1612 2194//2194 1616//1616
f 2196//2196 2195//2195 1614//1614
f 2194//2194 1614//1614 2195//2195
f 2196//2196 1610//1610 2193//2193
f 2195//2195 2193//2193 1616//1616
f 2203//2203 2197//2197 2196//2196
f 2187//2187 2197//2197 1631//1631
f 2196//2196 1620//1620 1610//1610
f 1621//1621 1622//1622 2198//2198
f 2198//2198 2185//2185 1623//1623
f 2184//2184 1623//1623 2185//2185
f 1623//1623 2184//2184 1679//1679
f 2198//2198 1625//1625 1621//1621
f 2198//2198 2199//2199 1625//1625
f 2199//2199 1624//1624 1655//1655
f 1608//1608 2192//2192 1655//1655
f 2199//2199 1655//1655 2192//2192
f 1554//1554 2200//2200 1627//1627
f 1627//1627 2200//2200 2201//2201
f 2200//2200 1626//1626 1908//1908
f 2201//2201 1908//1908 924//924
f 1632//1632 1627//1627 2202//2202
f 2201//2201 2202//2202 1627//1627
f 2319//2319 1629//1629 1628//1628
f 1632//1632 2202//2202 1628//1628
f 2292//2292 1628//1628 2202//2202
f 2203//2203 1631//1631 2197//2197
f 1631//1631 2203//2203 1630//1630
f 1632//1632 1629//1629 1618//1618
f 1630//1630 2203//2203 1618//1618
f 1618//1618 1633//1633 1632//1632
f 2204//2204 1627//1627 1633//1633
f 1579//1579 2204//2204 1634//1634
f 1627//1627 2204//2204 1554//1554
f 2204//2204 1555//1555 1554//1554
f 2205//2205 2206//2206 11//11
f 111//111 1636//1636 2205//2205
f 1635//1635 2205//2205 1636//1636
f 2206//2206 1635//1635 1673//1673
f 2208//2208 1640//1640 1639//1639
f 2209//2209 1732//1732 2211//2211
f 1729//1729 2211//2211 1732//1732
f 1716//1716 2210//2210 1641//1641
f 1729//1729 2210//2210 2212//2212
f 1664//1664 1643//1643 2212//2212
f 1642//1642 2212//2212 1643//1643
f 1660//1660 1636//1636 110//110
f 1660//1660 110//110 1645//1645
f 1647//1647 2213//2213 1639//1639
f 2213//2213 106//106 2207//2207
f 2214//2214 1653//1653 1608//1608
f 1653//1653 2214//2214 1654//1654
f 1624//1624 2214//2214 1655//1655
f 2214//2214 1656//1656 2215//2215
f 1659//1659 1656//1656 1678//1678
f 1654//1654 2214//2214 2215//2215
f 2215//2215 1656//1656 1659//1659
f 1677//1677 2217//2217 1659//1659
f 2216//2216 1659//1659 2217//2217
f 1663//1663 2216//2216 1657//1657
f 2215//2215 1665//1665 1654//1654
f 1665//1665 2215//2215 1663//1663
f 1664//1664 1667//1667 1643//1643
f 2210//2210 1664//1664 2212//2212
f 2179//2179 1669//1669 2181//2181
f 2179//2179 1671//1671 2222//2222
f 1670//1670 2218//2218 1683//1683
f 1683//1683 2219//2219 1673//1673
f 2219//2219 1683//1683 2218//2218
f 1928//1928 2219//2219 2218//2218
f 1672//1672 2219//2219 1928//1928
f 1672//1672 2220//2220 1673//1673
f 2206//2206 1673//1673 2220//2220
f 1657//1657 2216//2216 1676//1676
f 2221//2221 1676//1676 1681//1681
f 1681//1681 1682//1682 2221//2221
f 1680//1680 1681//1681 1677//1677
f 2217//2217 1677//1677 1681//1681
f 1669//1669 2222//2222 1680//1680
f 1680//1680 2182//2182 1669//1669
f 2223//2223 1694//1694 409//409
f 1684//1684 2223//2223 409//409
f 558//558 1686//1686 1762//1762
f 2223//2223 1762//1762 1686//1686
f 1691//1691 2225//2225 1690//1690
f 2225//2225 1691//1691 2224//2224
f 1702//1702 1721//1721 1692//1692
f 1685//1685 1689//1689 2225//2225
f 1689//1689 1690//1690 2225//2225
f 2226//2226 1693//1693 2224//2224
f 411//411 2226//2226 1726//1726
f 2225//2225 2224//2224 1693//1693
f 2227//2227 1695//1695 1696//1696
f 1583//1583 2227//2227 1696//1696
f 2228//2228 1700//1700 1701//1701
f 2228//2228 1701//1701 2285//2285
f 1700//1700 2228//2228 1706//1706
f 1705//1705 2228//2228 1702//1702
f 1707//1707 1705//1705 1703//1703
f 1711//1711 2229//2229 1648//1648
f 2229//2229 1651//1651 1648//1648
f 1715//1715 1718//1718 1710//1710
f 1720//1720 2230//2230 1721//1721
f 1718//1718 2287//2287 2231//2231
f 1722//1722 2231//2231 2287//2287
f 1722//1722 1701//1701 1723//1723
f 1701//1701 1700//1700 1698//1698
f 1732//1732 2232//2232 1731//1731
f 1731//1731 2232//2232 426//426
f 2232//2232 2209//2209 1638//1638
f 105//105 2233//2233 1638//1638
f 2232//2232 1638//1638 2233//2233
f 105//105 429//429 2233//2233
f 1755//1755 2233//2233 429//429
f 2236//2236 1731//1731 2234//2234
f 448//448 411//411 1726//1726
f 2235//2235 1726//1726 2234//2234
f 2226//2226 1727//1727 1726//1726
f 2234//2234 1726//1726 1727//1727
f 1727//1727 2230//2230 2236//2236
f 2234//2234 1727//1727 2236//2236
f 2236//2236 1728//1728 2237//2237
f 1728//1728 2236//2236 2230//2230
f 1719//1719 1730//1730 2237//2237
f 1731//1731 2237//2237 1730//1730
f 1719//1719 1641//1641 1730//1730
f 2210//2210 1729//1729 1730//1730
f 135//135 2238//2238 1449//1449
f 153//153 2238//2238 136//136
f 2239//2239 173//173 171//171
f 202//202 196//196 208//208
f 209//209 207//207 2240//2240
f 200//200 2240//2240 207//207
f 2240//2240 210//210 209//209
f 210//210 2240//2240 211//211
f 2240//2240 201//201 332//332
f 260//260 1751//1751 245//245
f 399//399 334//334 341//341
f 1759//1759 511//511 515//515
f 560//560 491//491 490//490
f 2242//2242 490//490 721//721
f 586//586 588//588 2335//2335
f 569//569 527//527 2322//2322
f 595//595 603//603 609//609
f 686//686 685//685 704//704
f 633//633 693//693 639//639
f 670//670 705//705 707//707
f 736//736 713//713 716//716
f 285//285 721//721 490//490
f 1800//1800 1801//1801 1802//1802
f 756//756 757//757 755//755
f 795//795 2244//2244 798//798
f 794//794 1819//1819 2245//2245
f 1819//1819 794//794 1818//1818
f 2291//2291 1868//1868 1867//1867
f 2291//2291 2246//2246 1827//1827
f 2247//2247 1878//1878 886//886
f 1878//1878 2248//2248 896//896
f 890//890 1881//1881 1882//1882
f 1881//1881 890//890 2249//2249
f 2293//2293 1913//1913 1916//1916
f 970//970 1928//1928 969//969
f 977//977 976//976 956//956
f 993//993 987//987 1932//1932
f 1937//1937 2251//2251 2297//2297
f 2251//2251 1937//1937 2296//2296
f 1939//1939 2299//2299 1938//1938
f 2298//2298 1941//1941 2252//2252
f 1937//1937 1944//1944 2300//2300
f 1944//1944 2253//2253 1945//1945
f 981//981 1013//1013 991//991
f 1013//1013 1012//1012 1017//1017
f 1023//1023 1026//1026 2325//2325
f 1039//1039 2254//2254 1025//1025
f 975//975 1027//1027 2325//2325
f 2255//2255 1056//1056 1062//1062
f 1072//1072 1073//1073 1962//1962
f 2256//2256 1084//1084 1962//1962
f 1084//1084 1085//1085 1088//1088
f 2305//2305 1991//1991 2304//2304
f 2338//2338 1993//1993 1994//1994
f 2306//2306 1113//1113 1995//1995
f 2295//2295 2259//2259 1996//1996
f 2261//2261 2000//2000 1121//1121
f 1121//1121 1122//1122 2261//2261
f 2262//2262 1123//1123 2260//2260
f 2261//2261 1122//1122 1127//1127
f 1188//1188 1182//1182 1183//1183
f 1186//1186 1183//1183 1185//1185
f 2029//2029 2031//2031 2307//2307
f 2263//2263 2308//2308 2264//2264
f 2265//2265 1210//1210 1214//1214
f 1074//1074 2266//2266 1076//1076
f 2266//2266 1074//1074 1073//1073
f 1226//1226 1238//1238 1243//1243
f 1256//1256 2267//2267 1263//1263
f 1309//1309 2268//2268 2077//2077
f 2070//2070 2269//2269 2069//2069
f 1945//1945 2270//2270 2070//2070
f 2272//2272 2069//2069 2313//2313
f 2075//2075 2313//2313 2273//2273
f 1325//1325 1313//1313 1312//1312
f 1340//1340 1348//1348 1332//1332
f 2275//2275 1397//1397 2276//2276
f 1398//1398 2276//2276 1397//1397
f 1411//1411 1346//1346 1412//1412
f 2277//2277 1345//1345 2106//2106
f 1455//1455 2278//2278 1432//1432
f 1432//1432 2278//2278 1435//1435
f 1436//1436 2278//2278 1433//1433
f 1443//1443 1446//1446 1444//1444
f 1748//1748 151//151 2114//2114
f 2279//2279 1431//1431 1456//1456
f 1493//1493 2120//2120 2280//2280
f 1493//1493 2280//2280 2119//2119
f 1477//1477 2281//2281 1481//1481
f 1479//1479 2282//2282 2130//2130
f 2281//2281 1466//1466 1481//1481
f 1531//1531 2283//2283 1512//1512
f 1513//1513 1512//1512 2283//2283
f 1549//1549 776//776 1550//1550
f 1553//1553 2316//2316 2166//2166
f 1560//1560 2318//2318 1561//1561
f 1663//1663 2215//2215 2216//2216
f 1658//1658 2284//2284 1657//1657
f 1661//1661 2284//2284 1660//1660
f 2284//2284 1658//1658 1675//1675
f 1702//1702 2285//2285 1721//1721
f 1714//1714 1668//1668 2286//2286
f 1666//1666 2286//2286 1668//1668
f 2286//2286 1716//1716 1714//1714
f 2285//2285 1722//1722 1721//1721
f 426//426 2235//2235 2234//2234
f 69//69 79//79 2334//2334
f 2238//2238 1450//1450 1449//1449
f 66//66 156//156 64//64
f 2241//2241 220//220 221//221
f 310//310 308//308 278//278
f 413//413 408//408 414//414
f 415//415 414//414 446//446
f 589//589 1767//1767 563//563
f 561//561 1767//1767 570//570
f 1767//1767 2335//2335 570//570
f 575//575 572//572 574//574
f 625//625 2288//2288 626//626
f 766//766 1803//1803 768//768
f 768//768 770//770 772//772
f 2244//2244 1816//1816 798//798
f 796//796 2244//2244 795//795
f 793//793 2289//2289 804//804
f 2246//2246 817//817 1828//1828
f 1827//1827 1828//1828 823//823
f 839//839 840//840 1844//1844
f 851//851 1790//1790 852//852
f 1850//1850 1851//1851 1849//1849
f 854//854 856//856 861//861
f 1866//1866 2290//2290 1867//1867
f 2246//2246 2291//2291 1867//1867
f 2291//2291 800//800 1868//1868
f 2248//2248 1878//1878 890//890
f 1884//1884 2248//2248 1886//1886
f 1898//1898 884//884 1876//1876
f 927//927 909//909 1896//1896
f 936//936 2293//2293 1916//1916
f 1918//1918 2293//2293 936//936
f 950//950 948//948 1880//1880
f 1932//1932 2340//2340 1933//1933
f 1934//1934 2295//2295 2296//2296
f 1933//1933 2296//2296 995//995
f 2296//2296 1933//1933 1934//1934
f 998//998 997//997 1935//1935
f 999//999 2297//2297 1938//1938
f 1938//1938 2251//2251 996//996
f 2295//2295 996//996 2251//2251
f 996//996 1939//1939 1938//1938
f 1939//1939 2298//2298 2299//2299
f 1938//1938 2299//2299 999//999
f 2252//2252 1001//1001 1940//1940
f 1940//1940 2299//2299 2252//2252
f 2299//2299 1940//1940 999//999
f 2298//2298 2252//2252 2299//2299
f 1000//1000 1941//1941 2298//2298
f 2311//2311 2252//2252 1942//1942
f 1943//1943 995//995 1937//1937
f 1937//1937 2253//2253 1944//1944
f 2253//2253 1937//1937 2297//2297
f 1943//1943 2300//2300 1003//1003
f 2300//2300 1944//1944 2301//2301
f 1945//1945 2301//2301 1944//1944
f 1003//1003 2300//2300 1004//1004
f 999//999 2302//2302 2253//2253
f 2302//2302 999//999 1940//1940
f 2302//2302 1940//1940 1001//1001
f 1949//1949 1023//1023 1028//1028
f 1097//1097 1970//1970 2303//2303
f 1106//1106 1097//1097 2303//2303
f 1106//1106 2303//2303 1098//1098
f 1097//1097 1981//1981 1980//1980
f 1981//1981 1097//1097 1106//1106
f 1990//1990 1112//1112 1105//1105
f 1109//1109 2304//2304 1108//1108
f 2304//2304 1109//1109 1992//1992
f 1992//1992 2305//2305 2304//2304
f 2305//2305 1992//1992 1113//1113
f 2338//2338 1998//1998 1978//1978
f 2305//2305 2257//2257 1112//1112
f 1993//1993 1112//1112 2257//2257
f 1992//1992 2258//2258 1113//1113
f 1111//1111 1992//1992 1109//1109
f 1995//1995 1113//1113 2258//2258
f 2306//2306 1995//1995 1996//1996
f 2258//2258 1111//1111 1989//1989
f 1995//1995 1989//1989 996//996
f 2295//2295 1934//1934 2259//2259
f 1114//1114 2257//2257 2306//2306
f 2257//2257 1114//1114 1994//1994
f 994//994 988//988 1115//1115
f 2260//2260 1103//1103 1998//1998
f 1157//1157 2004//2004 1156//1156
f 1186//1186 1185//1185 1187//1187
f 2029//2029 1195//1195 2031//2031
f 2307//2307 1196//1196 2030//2030
f 1195//1195 2263//2263 2031//2031
f 2032//2032 2308//2308 2263//2263
f 2031//2031 2264//2264 1196//1196
f 2264//2264 1201//1201 1196//1196
f 2308//2308 1197//1197 1202//1202
f 2042//2042 2308//2308 1202//1202
f 2308//2308 2042//2042 2264//2264
f 1201//1201 2044//2044 1203//1203
f 2264//2264 2042//2042 2045//2045
f 2042//2042 1202//1202 2339//2339
f 2303//2303 2054//2054 1205//1205
f 1259//1259 887//887 2247//2247
f 1251//1251 1250//1250 1249//1249
f 1331//1331 1344//1344 1305//1305
f 1007//1007 2268//2268 1309//1309
f 2069//2069 2309//2309 2070//2070
f 1004//1004 2309//2309 1315//1315
f 2301//2301 2070//2070 2309//2309
f 2070//2070 2301//2301 1945//1945
f 2302//2302 2071//2071 2270//2270
f 2071//2071 2302//2302 1001//1001
f 2270//2270 1317//1317 2269//2269
f 1317//1317 2270//2270 2071//2071
f 2310//2310 2071//2071 2311//2311
f 2071//2071 2310//2310 1317//1317
f 1001//1001 2311//2311 2071//2071
f 2271//2271 2311//2311 1942//1942
f 2271//2271 1198//1198 2072//2072
f 1198//1198 2271//2271 2036//2036
f 1315//1315 2309//2309 2272//2272
f 2272//2272 2074//2074 1315//1315
f 2069//2069 2269//2269 2312//2312
f 2312//2312 2313//2313 2069//2069
f 2074//2074 2272//2272 1318//1318
f 2313//2313 1318//1318 2272//2272
f 1194//1194 2273//2273 2076//2076
f 2313//2313 2075//2075 1318//1318
f 2076//2076 2312//2312 1317//1317
f 2312//2312 2076//2076 2273//2273
f 2072//2072 1198//1198 2033//2033
f 1319//1319 2268//2268 1310//1310
f 1318//1318 2075//2075 2083//2083
f 2075//2075 1194//1194 2028//2028
f 2082//2082 1192//1192 1185//1185
f 2082//2082 1185//1185 1184//1184
f 1346//1346 1345//1345 1412//1412
f 1448//1448 2112//2112 1447//1447
f 2280//2280 2120//2120 2118//2118
f 2314//2314 1464//1464 1541//1541
f 2119//2119 2281//2281 1477//1477
f 2280//2280 1461//1461 2119//2119
f 2282//2282 1474//1474 2130//2130
f 1538//1538 2158//2158 2145//2145
f 1545//1545 1826//1826 1842//1842
f 2316//2316 1556//1556 2166//2166
f 2317//2317 2166//2166 1575//1575
f 1562//1562 2318//2318 1564//1564
f 2318//2318 1562//1562 1570//1570
f 1601//1601 2319//2319 1598//1598
f 1735//1735 11//11 2331//2331
f 1651//1651 1652//1652 1650//1650
f 2215//2215 1659//1659 2216//2216
f 2228//2228 2285//2285 1702//1702
f 1664//1664 2286//2286 1667//1667
f 426//426 2234//2234 1731//1731
f 2334//2334 1745//1745 1743//1743
f 135//135 377//377 140//140
f 2320//2320 169//169 168//168
f 334//334 399//399 347//347
f 409//409 2321//2321 408//408
f 2321//2321 409//409 410//410
f 446//446 2321//2321 410//410
f 2322//2322 527//527 526//526
f 640//640 643//643 645//645
f 879//879 2323//2323 2243//2243
f 1843//1843 838//838 1840//1840
f 841//841 1845//1845 920//920
f 848//848 1854//1854 870//870
f 878//878 2323//2323 879//879
f 2324//2324 991//991 1013//1013
f 1018//1018 1020//1020 1950//1950
f 1026//1026 1023//1023 1950//1950
f 2325//2325 1028//1028 1023//1023
f 1053//1053 1055//1055 1056//1056
f 1060//1060 1062//1062 1058//1058
f 2326//2326 1990//1990 1976//1976
f 2326//2326 1991//1991 1990//1990
f 1136//1136 1135//1135 981//981
f 1136//1136 981//981 991//991
f 2012//2012 1873//1873 2010//2010
f 2327//2327 1183//1183 1186//1186
f 2327//2327 1188//1188 1183//1183
f 1172//1172 1177//1177 1226//1226
f 1235//1235 2266//2266 1073//1073
f 2072//2072 2033//2033 2076//2076
f 1350//1350 1348//1348 1340//1340
f 2328//2328 1379//1379 2097//2097
f 2329//2329 1393//1393 2275//2275
f 1526//1526 2159//2159 1538//1538
f 2331//2331 978//978 1925//1925
f 2220//2220 2331//2331 2206//2206
f 1685//1685 1694//1694 1687//1687
f 1704//1704 593//593 592//592
f 2332//2332 426//426 2232//2232
f 1755//1755 2332//2332 2233//2233
f 2334//2334 2333//2333 1745//1745
f 2332//2332 1755//1755 2235//2235
f 1767//1767 562//562 563//563
f 2335//2335 1768//1768 570//570
f 1868//1868 1793//1793 752//752
f 2336//2336 1795//1795 1792//1792
f 841//841 920//920 842//842
f 1846//1846 1848//1848 854//854
f 2290//2290 817//817 2246//2246
f 1873//1873 1459//1459 1458//1458
f 1874//1874 1459//1459 1873//1873
f 925//925 897//897 926//926
f 956//956 955//955 977//977
f 976//976 977//977 2337//2337
f 2337//2337 975//975 976//976
f 2337//2337 977//977 979//979
f 1931//1931 988//988 987//987
f 1943//1943 1003//1003 998//998
f 982//982 2324//2324 1949//1949
f 1018//1018 2324//2324 1013//1013
f 1026//1026 1950//1950 1024//1024
f 1108//1108 1986//1986 1109//1109
f 2298//2298 1939//1939 1988//1988
f 2326//2326 1099//1099 1979//1979
f 2340//2340 994//994 1997//1997
f 2338//2338 2260//2260 1998//1998
f 2010//2010 1873//1873 1458//1458
f 2327//2327 2026//2026 1189//1189
f 1196//1196 2307//2307 2031//2031
f 2047//2047 2339//2339 1202//1202
f 2045//2045 2339//2339 2050//2050
f 1205//1205 1098//1098 2303//2303
f 1297//1297 1295//1295 1343//1343
f 2271//2271 2310//2310 2311//2311
f 2074//2074 1318//1318 2081//2081
f 2081//2081 2082//2082 2080//2080
f 1348//1348 2085//2085 1341//1341
f 1526//1526 1538//1538 2144//2144
f 1512//1512 1510//1510 2315//2315
f 1512//1512 2315//2315 1530//1530
f 1519//1519 1487//1487 1522//1522
f 1626//1626 2164//2164 919//919
f 2190//2190 2330//2330 2191//2191
f 2331//2331 952//952 1735//1735
f 2179//2179 2222//2222 1669//1669
f 2220//2220 978//978 2331//2331
f 1759//1759 515//515 514//514
f 540//540 556//556 525//525
f 589//589 2335//2335 1767//1767
f 2335//2335 589//589 586//586
f 2243//2243 2323//2323 752//752
f 1868//1868 752//752 2323//2323
f 2250//2250 1626//1626 919//919
f 1941//1941 1942//1942 2252//2252
f 31//31 9//9 32//32
f 69//69 2334//2334 1743//1743
f 308//308 306//306 278//278
f 413//413 414//414 416//416
f 1684//1684 521//521 1762//1762
f 556//556 524//524 525//525
f 2340//2340 1934//1934 1933//1933
f 1934//1934 2340//2340 2259//2259
f 2030//2030 1193//1193 2307//2307
f 1202//1202 2039//2039 1204//1204
f 1202//1202 1204//1204 2047//2047
f 2310//2310 2072//2072 2076//2076
f 2331//2331 11//11 2206//2206
f 1652//1652 1611//1611 1650//1650
f 1636//1636 1660//1660 1675//1675
f 1636//1636 1675//1675 1635//1635
# 4676 faces, 0 coords texture

# End of File
