####
#
# OBJ File Generated by Meshlab
#
####
# Object 133077.obj
#
# Vertices: 1958
# Faces: 3912
#
####
vn -0.232604 0.989066 -6.090512
v -0.984379 3.106349 1.074605
vn 0.673457 -0.361638 -5.830791
v 0.894181 -2.755762 0.224990
vn 1.704127 -2.128721 -5.466672
v 3.086704 -7.150811 1.944431
vn 4.879130 1.573383 -3.482755
v 7.265335 5.138900 5.647963
vn 2.735392 1.278372 -5.257352
v 5.133083 1.783799 2.062143
vn 3.173882 0.163775 -4.866921
v 7.418074 -1.793429 2.475541
vn 0.199524 2.210099 5.703720
v 0.584453 0.132241 61.753422
vn 1.727053 5.482039 0.868438
v 4.292140 -1.193574 62.345725
vn 2.846394 1.727527 4.938830
v 4.441298 -0.241444 61.187404
vn -1.493102 -1.814321 4.552496
v -1.346846 -23.468746 71.866047
vn -0.581861 -4.562270 -1.568782
v -0.830315 -25.047783 68.308878
vn 2.936683 -3.447785 0.014009
v 1.423805 -24.639735 69.163541
vn 1.057825 -4.001494 2.934790
v 0.152538 -24.467463 71.227620
vn 2.497152 -1.532669 4.043405
v 0.867657 -23.270945 71.729349
vn 3.935553 -4.662852 -0.099192
v 2.772603 -21.844755 67.440214
vn 2.160216 3.869841 -2.492052
v 1.010926 31.250733 11.412491
vn -0.855373 4.982516 -0.948334
v -1.324129 32.956762 14.727960
vn 1.577839 5.540952 -2.246727
v 0.747610 33.819077 20.386173
vn 2.418071 5.313774 -1.399550
v 1.153330 32.692152 16.771538
vn 5.146890 2.289975 -0.619177
v 2.537468 31.260918 16.037237
vn 4.912588 2.392858 -0.587516
v 1.950973 32.864162 19.814294
vn -2.236369 5.344719 -1.784804
v -1.802450 33.801969 20.466279
vn 3.124962 4.060129 -2.158746
v 1.247860 35.290055 23.400025
vn 4.313926 -3.656039 2.277401
v 1.270667 27.289191 14.893572
vn 2.747559 -0.228211 4.797972
v 1.028719 24.851444 13.566275
vn -1.903931 4.579619 -3.238697
v -1.324054 29.862344 9.908191
vn 1.304698 3.098887 -4.083367
v 0.982668 26.537659 4.631373
vn 1.414108 5.069335 -2.778589
v 0.719565 27.742469 6.571374
vn 3.134490 4.044407 -2.679520
v 1.369685 29.443485 9.740555
vn 0.710281 1.561225 2.586972
v 0.149554 36.321764 30.604352
vn 0.218628 4.766050 -1.130658
v -0.340879 37.180890 25.543919
vn 4.040479 2.762791 0.365752
v 2.144935 35.977897 27.272330
vn 5.359071 -0.643149 0.297036
v 2.553559 32.672860 24.358881
vn -1.903513 -4.971696 2.365556
v -1.381578 28.894903 23.080276
vn 5.672115 -1.117921 0.981220
v 2.517757 30.014649 17.917804
vn 2.684894 -3.865848 1.448335
v 0.916144 28.275418 21.731279
vn 0.195850 -2.527793 4.020939
v -0.276732 33.475352 29.976768
vn 4.167545 -0.781773 2.725473
v 1.877053 34.545247 29.008261
vn 2.065192 -4.223829 2.771863
v 0.491102 29.969979 25.111513
vn 0.135077 -3.437229 -4.942541
v -0.469486 -20.175167 52.935422
vn 0.711073 -2.875032 -3.267980
v -0.370393 -22.351767 53.554120
vn 1.508056 -5.782221 0.743644
v -0.098250 -21.537564 56.062861
vn 3.063246 -4.669152 -2.405768
v 1.604251 -20.379314 54.219879
vn 3.423217 -4.922062 -1.139381
v 4.139739 -19.983894 57.986845
vn 3.835397 -4.107059 -1.966284
v 4.627635 -18.719548 54.485353
vn 4.080128 -4.004774 -2.170886
v 8.159309 -17.656088 61.902525
vn 5.681420 0.685450 0.418276
v 2.615514 28.066742 11.693679
vn 0.120338 -1.276136 -2.650907
v -0.428837 -13.047455 2.175732
vn 0.001253 -2.664427 -1.303647
v -0.540088 -14.258892 3.421959
vn 0.386682 -4.018440 -4.545809
v 0.214705 -15.937497 8.515543
vn 3.307266 -2.266089 -3.671685
v 0.240975 -17.753251 9.170268
vn -0.158105 -2.059660 -1.150890
v -0.667384 -18.828346 9.121729
vn 1.366494 -4.158580 -3.567519
v 1.213904 -16.999463 10.217306
vn 0.166919 -6.035765 1.435572
v -0.603637 -21.060575 19.740127
vn 1.419353 -4.400169 -3.190992
v 0.624623 -13.462070 5.742004
vn -0.131482 -5.563020 -2.176855
v 0.383389 -20.850588 16.292469
vn 2.605013 -2.628269 -4.838397
v 1.314407 -10.904807 3.550108
vn 1.590005 -2.933383 -5.295553
v 4.817388 -11.292492 5.044324
vn 0.034790 -3.605218 -4.250778
v 2.141105 -14.597445 6.113864
vn -0.845242 -4.130520 -3.930733
v 2.059120 -16.557655 9.856056
vn -0.019197 -3.749421 -4.809779
v 3.919123 -15.142014 7.298035
vn -1.018495 -5.831915 -1.477353
v 3.622991 -21.251773 14.920959
vn -2.583194 -4.339544 -3.628613
v 3.851994 -18.583895 10.703917
vn -3.319518 -4.952678 -1.764331
v 5.405513 -21.314921 13.513562
vn -1.727524 -2.805763 -4.763108
v 5.462345 -17.623224 8.066408
vn 0.407205 -2.072586 -4.365879
v 9.150775 -20.506073 8.181922
vn 0.985931 3.227087 -4.997806
v 1.688614 23.980485 4.139755
vn 5.021371 2.691875 0.361746
v 3.431959 26.565569 9.289037
vn 3.724327 4.042551 -2.131428
v 2.807073 26.442743 6.352531
vn 3.533567 3.687270 1.690581
v 4.973497 23.190697 5.777191
vn -0.178255 1.507804 -5.951848
v 1.286286 20.770141 2.193252
vn 1.398884 -0.778917 -5.762806
v 3.875378 18.806454 2.194358
vn 3.411372 -0.230943 -4.781221
v 3.823309 15.222939 2.435311
vn -1.024436 -0.968569 -5.229001
v 5.172198 21.391907 1.255054
vn 1.147723 -3.679814 -4.648731
v 5.056859 20.248915 2.066424
vn 1.197439 0.693929 -4.805540
v 6.800998 22.672021 1.011340
vn 2.577460 -2.343580 -2.861466
v 7.478781 21.071979 1.621064
vn 4.280213 -3.448720 -2.220278
v 5.949154 19.743479 3.598357
vn 1.935260 1.951097 4.952531
v 2.229936 20.449751 14.914089
vn 5.306205 2.105534 2.208176
v 4.875394 21.577851 10.675064
vn 3.733772 1.779095 3.870947
v 4.047417 18.964433 14.392086
vn 0.525201 0.366988 -6.115394
v 0.010352 14.638316 1.302402
vn -0.042296 -0.320911 -6.088630
v -0.522531 10.846845 1.201396
vn 2.035819 0.157836 -5.696304
v 2.803628 7.388984 1.875799
vn 2.887388 0.229027 -5.285606
v 3.390135 11.309933 2.067430
vn 4.496984 -0.057174 -4.128267
v 5.963467 8.298749 4.128519
vn 4.884609 0.946196 -3.252683
v 6.542001 12.277030 5.112961
vn 5.713005 -0.186626 -2.435884
v 6.206385 16.050333 6.250657
vn 5.953834 1.273450 0.092030
v 6.994458 15.684987 8.944990
vn 5.904932 0.728630 -1.141961
v 7.963266 9.660629 8.197464
vn -0.881120 5.402257 -0.830073
v 0.699297 -1.718592 64.565919
vn -0.624878 5.274586 1.931011
v -0.453133 -0.110318 70.545173
vn -4.575600 3.895471 0.509904
v 2.046286 1.616786 71.162559
vn -2.409745 5.196234 -2.419048
v 0.922482 0.211985 67.559732
vn -2.647560 4.136260 -3.372661
v 4.958469 2.914327 66.563215
vn -0.975252 5.283635 -2.893853
v 4.011098 -0.922904 63.212372
vn -0.116440 4.844986 -3.070888
v 6.569684 -1.841729 62.163597
vn 3.287480 2.174500 -4.520277
v 11.010202 -2.554241 61.253486
vn 2.718772 -4.646785 -2.117281
v 1.811400 -13.704185 47.500616
vn 2.766465 -3.827963 -3.724536
v 3.237338 -17.615020 51.503961
vn 4.501053 -2.655838 -3.178799
v 6.522689 -13.071331 51.100216
vn 5.123354 -2.765818 -1.394990
v 7.494117 -15.298571 55.242443
vn 5.783389 -1.643625 -1.533156
v 8.419163 -11.412004 54.097439
vn -0.310889 1.924778 5.896218
v -0.553087 15.815783 16.316990
vn 1.563602 1.673339 5.587092
v 1.602918 14.566063 16.638285
vn 3.867087 1.636526 4.612235
v 4.383961 12.949948 15.225934
vn 4.892400 2.943541 2.366821
v 7.148822 8.808000 14.253069
vn 5.477296 1.454414 1.834763
v 7.110244 14.160660 11.512125
vn -1.844241 4.734050 -1.728412
v 3.915821 23.864976 3.211371
vn -1.608868 2.885302 -2.491819
v 5.141996 24.279391 1.812881
vn 0.638634 4.431463 2.152892
v 6.502579 24.399236 4.560296
vn 0.892477 4.589627 -1.060025
v 6.495844 24.649204 2.533713
vn 3.260424 2.487684 -2.501062
v 7.667348 23.627232 1.922883
vn 3.022244 1.914869 2.540761
v 7.818489 23.525811 4.748131
vn 3.933432 -2.210135 1.463907
v 8.219854 21.285076 4.042310
vn 5.416234 -0.775042 1.601873
v 6.456583 20.356663 5.211463
vn 4.958618 0.291166 -0.311701
v 8.548997 22.361036 3.330481
vn -0.071199 6.141689 -0.617323
v 2.646776 6.298716 42.049512
vn 0.543325 5.390658 -2.815950
v 2.487251 7.753495 47.096362
vn 3.344712 1.714038 -4.903136
v 7.645987 10.573686 51.139452
vn 4.192409 4.631846 -0.579457
v 6.193989 4.739909 43.019077
vn 2.771315 4.629669 -2.813366
v 4.900838 6.618808 46.791578
vn 5.298165 2.979000 -0.971007
v 8.294281 2.945746 45.391155
vn 4.235362 4.140279 -1.842972
v 6.368056 5.299407 46.424748
vn 6.016690 1.513384 -0.796667
v 9.905856 -0.044752 48.784692
vn -4.878208 1.021931 3.510707
v 2.052408 -1.215836 74.127126
vn -4.962051 3.438249 0.320732
v 4.446800 5.708744 74.445627
vn -3.147767 4.400195 -1.878841
v 6.017836 7.043865 71.240241
vn -3.101497 4.911154 0.694093
v 7.199260 8.358725 75.473947
vn -1.044506 5.321882 -2.465959
v 9.525777 8.594403 71.780613
vn 2.655756 4.110179 -1.877808
v 14.163224 8.564517 72.348362
vn -0.077864 4.854654 0.525721
v 10.804147 10.094133 75.585268
vn -5.271530 0.062074 0.873414
v 3.110405 -7.089999 91.875818
vn -5.572192 -1.837814 -1.021623
v 3.724383 -8.899479 88.594872
vn -5.136621 3.008611 1.321324
v 4.537463 -3.203740 88.233103
vn -5.350246 1.972588 0.555967
v 5.063247 -2.618459 95.682833
vn -2.756789 4.308061 -3.216075
v 7.346319 -0.686602 94.095085
vn -4.587995 -0.656626 3.598743
v 5.322595 -5.496134 96.836534
vn -4.989349 2.468268 -1.300802
v 5.951052 -0.631513 95.870241
vn -3.893617 -0.788340 3.619011
v 6.861142 -0.423887 99.198031
vn -2.465295 -1.310186 5.196758
v 7.360508 -5.289942 98.302789
vn -2.726675 5.148935 0.030536
v 6.668104 -1.948028 91.154473
vn -1.993301 -2.425068 4.074360
v 6.691136 -8.814653 96.997116
vn -0.292401 -4.801938 1.534484
v 7.194198 -12.493842 92.886998
vn -1.832133 4.990367 2.497159
v 8.055891 -1.308336 88.557481
vn -0.932951 -2.169989 4.467594
v 8.985032 -4.129811 99.520322
vn -3.010340 -1.129002 4.792936
v 8.085410 -2.492779 98.614584
vn 0.956215 -4.041588 3.142674
v 8.607279 -10.956297 95.486292
vn 2.411272 -2.764706 4.708362
v 9.470868 -7.544449 97.150692
vn 3.883756 -2.559703 2.533705
v 10.345416 -9.924070 95.231645
vn 3.933582 -3.488852 1.741350
v 13.655568 -1.661708 99.405114
vn 4.380891 -3.215280 2.845625
v 12.095753 -4.708650 96.767584
vn -1.484702 2.901651 -4.565889
v 5.707870 14.553207 52.025770
vn 4.816495 1.141856 -3.467284
v 8.200688 6.437855 49.549116
vn 5.583221 -0.112352 -2.426436
v 10.124326 7.161997 53.116820
vn 5.445243 1.003483 -2.528468
v 8.898702 4.207333 51.004948
vn 1.842087 -2.096058 2.766390
v -0.274446 -21.691883 41.177873
vn -0.262256 -2.479893 0.982020
v -0.578251 -21.986637 41.030148
vn -1.722555 -3.715704 4.386710
v -1.641202 -19.684793 41.374748
vn 2.851099 -4.088790 3.255717
v 0.994423 -20.006436 40.804184
vn 1.515281 -5.686018 1.598129
v 0.298120 -21.566551 33.858360
vn 3.353356 -5.087579 -0.759451
v 1.431421 -21.299147 31.426034
vn 3.712128 -3.200116 2.768659
v 6.677078 -16.404624 41.201989
vn 2.829336 -4.279349 3.323164
v 3.424915 -13.525285 45.245712
vn 4.455920 -3.443100 -0.603908
v 7.896777 -17.622209 32.777473
vn 4.726734 -3.761270 1.296149
v 8.981872 -15.922511 34.555508
vn 5.602303 -0.886595 1.930982
v 10.161953 -10.047952 39.014214
vn 4.868674 -1.364479 0.234824
v 11.438277 -13.713985 32.905852
vn 0.521952 5.781515 2.153118
v 5.182654 5.817518 24.375392
vn 0.411418 5.916945 1.151691
v 4.252988 4.548780 28.601491
vn 2.984338 4.919987 0.922676
v 9.090744 5.656255 22.050625
vn 3.533199 3.653733 3.447133
v 5.173049 9.199743 16.552098
vn 5.063938 3.507795 -0.304162
v 8.973509 7.044468 12.316112
vn 4.409815 4.213614 1.109321
v 10.094592 4.579707 15.852169
vn 4.340417 2.189679 -3.909180
v 8.359537 1.988013 5.037835
vn 4.823251 3.471152 0.313528
v 11.028534 4.700957 13.566590
vn 4.829962 3.050549 -2.371587
v 10.642796 3.338331 9.386260
vn 5.556934 2.625465 0.178399
v 12.154417 2.132328 15.163114
vn 5.075070 3.291355 0.289515
v 12.802445 1.953539 19.462409
vn 5.450309 1.318099 -0.143563
v 13.017303 1.200044 12.594801
vn 5.256199 2.016069 -2.000746
v 13.724413 -0.466212 17.073436
vn 5.356225 0.492221 -1.778432
v 12.415536 -1.371250 15.357749
vn -5.442688 0.906092 1.963028
v 4.840103 21.292942 62.433763
vn -3.636048 -0.106359 4.305051
v 6.710075 22.867429 65.229312
vn -3.613017 2.661332 -1.927956
v 6.205538 26.513961 59.009663
vn -5.226417 2.179986 2.084437
v 7.229832 26.853931 64.396031
vn -4.888319 0.247778 3.627032
v 8.318457 26.209464 66.198215
vn -2.584097 -3.240442 4.157578
v 10.256223 23.662887 66.750204
vn -2.322490 3.562909 -4.010033
v 8.927158 28.179501 59.049475
vn -1.339339 2.732856 -5.352796
v 8.649803 23.921720 56.569482
vn -3.461707 4.407877 1.185474
v 9.847875 29.724764 66.810929
vn -1.139871 3.358517 -3.740946
v 10.037153 29.757539 59.395409
vn -3.889556 3.687446 -1.271007
v 9.318856 30.083159 60.776649
vn -4.038115 4.226247 0.696750
v 8.874570 29.784010 63.880439
vn 2.739639 2.326581 -3.637321
v 12.481620 28.370238 58.841989
vn 0.015245 4.813589 -0.581068
v 11.210576 31.263865 61.793145
vn 3.202571 3.534499 -1.605691
v 12.750847 30.451344 61.160151
vn 2.601637 5.254779 0.485409
v 12.457736 30.229982 64.490407
vn 5.410695 2.516996 -1.054575
v 14.069194 28.325418 63.065232
vn -0.087034 4.952183 0.370763
v -0.482666 3.072101 27.872409
vn -1.475669 5.617327 0.988249
v 0.887560 3.608943 27.568494
vn 0.108743 5.961210 -1.778456
v 0.123734 4.241771 30.881759
vn 2.335371 5.626361 -0.601057
v 4.333055 4.214638 31.924192
vn 4.497828 3.811800 1.295590
v 6.549814 2.552062 31.125115
vn 4.977283 3.237182 -1.203993
v 7.015154 2.612851 34.742105
vn 3.282829 3.908969 2.483857
v 9.427504 3.930252 26.355759
vn 5.451621 1.253341 2.332186
v 9.597770 -3.348298 29.210639
vn 5.686048 1.968891 -0.447581
v 6.996712 0.861386 32.955764
vn 4.723748 0.931726 3.983752
v 10.363273 -2.005047 28.065651
vn 5.944445 1.954638 -0.069142
v 9.840614 -4.749538 33.423076
vn 5.969636 1.387397 -0.426971
v 9.366670 -1.992892 37.228731
vn 4.645312 -2.937553 2.811044
v 6.430622 -11.762547 43.840502
vn 4.409166 -4.297114 -0.133293
v 6.268514 -10.664380 47.233576
vn 4.621034 -3.531518 -2.070609
v 6.778833 -11.069151 49.888527
vn 5.043188 -2.324710 -0.804623
v 9.072716 -8.474667 49.805879
vn 6.212478 0.450389 0.393544
v 9.390848 -4.804614 39.669322
vn 5.808902 -1.474368 1.477502
v 9.052824 -7.713013 42.513991
vn 5.640014 -2.603328 0.511691
v 8.770336 -7.153348 44.802265
vn 5.999868 0.750032 -1.185184
v 9.963256 -2.347389 45.333798
vn 5.325757 -3.002416 -0.931573
v 8.169942 -8.054906 47.499407
vn 5.956582 -0.854373 0.812609
v 10.339168 -3.041445 49.710193
vn 5.277656 -0.918271 -0.220282
v 10.729361 -3.856404 47.454268
vn 6.087096 0.303017 0.023388
v 10.220751 0.725020 52.384291
vn 5.601735 -2.313052 0.347202
v 9.679298 -4.093875 50.212171
vn 2.617273 4.783624 0.467441
v 6.403373 -2.283662 60.369485
vn 5.794794 0.615780 1.466250
v 8.589904 -2.838959 56.971805
vn 1.528315 4.853067 -3.112920
v 8.675883 -2.594977 60.349387
vn 5.788583 1.170882 -1.792462
v 9.346428 -6.269781 57.519000
vn 5.976202 -0.928615 1.465812
v 9.665865 1.400444 55.700406
vn 6.079723 -1.131639 -0.182724
v 9.180721 -7.574513 53.251477
vn 6.098671 -0.920252 0.935875
v 9.723668 -4.097729 52.447273
vn 6.087446 -0.761698 -1.118677
v 9.296471 -8.504627 56.508856
vn 5.445550 -0.189463 -3.025999
v 11.054473 -7.302900 60.524949
vn -5.949436 0.524434 1.361388
v 3.274931 1.004297 77.206269
vn -4.079577 2.922006 2.169970
v 4.611185 4.414165 80.151685
vn -6.170868 1.043267 0.028007
v 4.051208 -4.679817 87.238475
vn -5.015175 2.297326 2.180771
v 4.679336 0.318211 83.420504
vn -2.764935 4.942186 2.409978
v 6.485628 -1.488806 88.314429
vn -1.199103 4.884495 3.584036
v 8.573474 0.287565 86.870128
vn 0.300714 4.201436 2.650844
v 9.688850 0.091342 88.436770
vn 2.162012 4.398493 3.709946
v 10.571108 1.303569 85.405955
vn 2.463690 3.436983 4.535136
v 11.564060 5.418070 81.332615
vn 0.305612 4.192091 3.228960
v 10.723730 7.978621 79.758713
vn 4.956018 1.216513 3.189033
v 13.047826 1.568178 82.531938
vn 4.022556 2.959929 1.574264
v 15.540629 7.429636 76.315933
vn 3.905829 2.566439 3.263475
v 14.760417 5.270369 79.407528
vn 5.328244 0.746891 2.172137
v 15.334230 4.214328 78.966420
vn 3.853628 -3.216107 -2.064791
v 10.728044 -16.412545 63.288334
vn 5.241072 -2.782986 -1.829822
v 7.704176 -15.472761 58.803672
vn 5.550017 -1.564279 -2.114341
v 8.931325 -11.778363 58.883881
vn 4.690431 -1.624510 -3.820779
v 10.448773 -13.029528 61.604093
vn 5.013024 -0.763783 -3.624288
v 12.052481 -8.446947 62.138648
vn 5.134949 -1.479717 -2.257409
v 12.963765 -12.388601 64.062352
vn 4.450783 -1.650432 -2.687466
v 14.669415 -5.593196 64.165986
vn -3.730343 3.131858 -3.195219
v 8.046484 2.841127 96.477325
vn -5.964752 1.267344 0.575858
v 7.574056 3.267277 100.006506
vn 1.507719 3.122745 -4.857801
v 9.605438 -1.027744 93.325737
vn -4.043369 -2.220014 3.474757
v 9.027895 5.510237 103.781588
vn -3.044684 -2.085272 4.097352
v 9.534365 1.718285 101.115605
vn -1.345029 3.157999 -5.165153
v 11.425423 4.461358 96.028328
vn -1.475465 -2.485390 3.939347
v 10.204455 -1.343110 101.561974
vn 0.297210 2.182133 -5.168366
v 13.228552 7.517183 98.049887
vn 3.595499 -1.619144 -4.640696
v 8.522340 -7.312286 4.753372
vn 2.753993 -1.375181 -4.989499
v 9.113157 -13.298683 6.892639
vn 2.580043 -0.722751 -5.208061
v 10.101702 -17.024639 8.052437
vn 4.758324 0.247927 -3.113701
v 11.850202 -2.240114 6.750356
vn 5.499820 0.763021 -1.533550
v 12.873486 -1.088001 9.393390
vn 4.846780 0.404238 -2.453992
v 13.691004 -18.104153 11.450330
vn 5.436087 0.298428 -2.612073
v 11.251798 -13.075501 9.350004
vn -1.302274 1.082667 -3.122439
v 8.340276 21.292118 100.228606
vn -4.095829 -0.588038 -4.387540
v 10.174998 15.530689 101.470419
vn -4.875536 -1.527913 -1.637529
v 8.052436 18.825601 102.032037
vn -5.327210 -0.838385 -0.120061
v 8.373819 16.476996 103.629623
vn -0.209130 -1.632020 -5.457470
v 10.557199 17.974368 100.732373
vn 0.964196 1.685494 -5.629971
v 11.982089 19.798124 100.659950
vn -5.769408 0.833829 0.032236
v 8.234089 7.089714 102.120244
vn -2.836808 -2.985108 4.200753
v 11.618525 6.560959 105.860517
vn -5.286621 0.010856 1.761042
v 8.783972 11.530304 106.430118
vn -2.921170 -1.622863 4.178518
v 10.925092 9.570068 108.978714
vn -5.013145 1.167189 3.439078
v 9.716375 14.433749 107.138552
vn -2.077763 1.683339 -5.310965
v 12.473549 10.737724 98.688923
vn -2.636826 1.570136 4.406734
v 11.284359 14.976937 109.115459
vn -2.526323 -2.177915 3.937965
v 11.629634 3.537504 105.331342
vn 1.662077 -4.105468 4.355531
v 12.559874 1.621251 103.592075
vn 0.798653 -3.928339 3.627027
v 14.334317 6.991043 108.120851
vn 2.979619 -4.992519 1.903914
v 15.184177 7.870724 108.854232
vn 4.936856 -2.027053 -1.429101
v 15.647877 1.449457 100.520446
vn 2.970380 -3.398598 4.319267
v 15.946772 4.800427 104.546020
vn 3.755690 -3.529342 2.641234
v 16.515892 3.442662 103.105940
vn 1.814641 -3.305828 3.066708
v 16.166671 8.022073 105.892981
vn 1.724906 -3.968252 0.943045
v 16.107896 8.840984 107.293400
vn 3.127465 -3.898394 3.235917
v 17.835592 6.376665 104.495781
vn -4.834576 1.524115 -0.508164
v 6.704751 33.908046 81.174822
vn -4.927949 2.102948 -1.472028
v 9.402051 36.309054 84.470978
vn -4.423349 -1.632695 -1.075136
v 6.588658 29.817558 80.754301
vn -5.901175 -0.144571 0.407789
v 8.880914 34.288129 86.120750
vn -5.576864 0.346713 -1.214812
v 7.301194 38.800283 87.550172
vn -3.872387 -2.025148 1.897494
v 7.241443 29.218836 84.400046
vn -5.436439 -1.355307 1.893282
v 9.158982 32.512036 86.752357
vn -4.214554 0.258507 -3.274685
v 8.071473 37.648865 85.612695
vn -3.191604 -4.155295 2.874522
v 10.933440 29.903387 87.485273
vn -0.022318 -4.013409 3.127891
v 13.323086 26.890571 86.363266
vn -1.443454 -5.173437 0.748693
v 11.445353 26.044009 83.205838
vn 0.660839 -5.175711 2.578048
v 14.373669 29.138043 87.653659
vn 2.976251 -3.541627 0.892543
v 17.952986 27.058882 83.462827
vn 4.422543 -3.819570 0.597679
v 18.461132 30.795320 85.931827
vn 2.635628 -5.275804 -1.080109
v 18.965312 29.841599 90.014561
vn 1.673103 -5.719640 0.462118
v 0.838706 -21.272762 18.002825
vn 0.918284 -5.822004 1.533093
v 3.809856 -21.058373 19.528302
vn -2.954784 -5.324618 0.462664
v 4.865831 -21.540096 17.438591
vn -1.456988 -4.065492 4.205709
v 5.187694 -20.471740 19.932583
vn -2.965977 -2.247777 4.808473
v 7.749790 -22.826384 20.142943
vn 1.526878 -0.437050 5.879759
v 10.287543 -17.086265 21.084704
vn 0.283720 -0.143661 6.196863
v 9.510743 -18.857391 21.329814
vn -4.733453 -3.447551 0.678658
v 11.825228 -29.391302 20.163062
vn -0.562192 1.234662 5.905616
v 13.163128 -24.431638 22.030634
vn 4.876432 1.829049 2.171032
v 14.141493 -18.482519 19.110961
vn -2.405482 1.660055 5.321094
v 14.306522 -27.822435 23.241971
vn 2.852503 2.202222 4.905718
v 14.179256 -22.372546 21.114022
vn -2.497531 1.109485 -0.114316
v 7.136770 21.511888 101.736042
vn 0.638380 4.603093 -1.313306
v 9.319044 22.026270 101.236707
vn -2.040037 2.593885 2.489894
v 8.271147 21.502468 103.306728
vn -3.326542 2.039454 4.486699
v 9.317896 19.651997 104.528576
vn -0.541134 5.261627 2.698378
v 11.245910 20.757666 104.212561
vn -2.031433 3.590996 4.382896
v 11.360734 19.207790 106.099992
vn 0.180854 4.446859 -3.717399
v 13.084545 20.509012 101.462958
vn -2.026535 4.939964 2.080524
v 14.210120 21.569371 104.119871
vn 0.163647 -2.352709 5.709306
v 5.220157 -14.736231 71.821571
vn -0.237890 -2.502577 5.708656
v 7.307408 -11.546099 73.304741
vn 1.405358 -3.269424 3.904018
v 7.416531 -16.748760 71.445631
vn -2.113576 -3.578523 4.001579
v 6.537184 -6.516698 75.875887
vn -0.486138 -3.445705 4.841893
v 8.043617 -7.559589 75.143370
vn 4.719049 -3.145596 0.798857
v 12.524973 -14.468939 67.287214
vn 1.491896 -2.519322 5.050988
v 9.622066 -11.806718 73.525752
vn 1.684604 -4.418649 3.885612
v 9.696832 -6.135886 76.388055
vn 4.028634 -2.914508 3.396101
v 11.631076 -12.456064 71.644461
vn 4.139419 -2.879676 3.665459
v 12.726981 -8.248536 72.824687
vn 5.369716 -2.372076 1.611827
v 14.002635 -9.597574 69.927020
vn 5.390747 -2.104142 -0.535617
v 16.101156 -3.952928 66.448577
vn 5.535174 -2.020828 -1.366769
v 14.307315 -6.467679 66.453236
vn 5.876032 -1.482378 -0.783909
v 14.795629 -7.739695 68.218916
vn -4.228678 -3.972961 -1.236838
v 9.923414 27.731157 77.895649
vn -5.179063 1.299095 1.070962
v 9.586327 28.344474 69.585802
vn -5.280244 -0.515987 -3.245523
v 9.699698 30.148912 76.621507
vn 2.090411 -1.699558 4.501395
v 11.689771 19.640066 65.578502
vn -4.616163 2.584491 -2.445842
v 10.836172 31.386606 74.627756
vn -5.181053 -2.645197 0.822989
v 10.726823 26.743724 75.549066
vn -1.279220 -5.519631 1.099772
v 12.103236 23.302062 69.053383
vn -4.611972 -3.795004 1.579250
v 11.507191 24.098218 69.894371
vn -3.066834 -4.186322 1.159625
v 12.121704 23.806026 74.269290
vn 2.913368 -5.361696 0.284784
v 13.045616 23.532283 69.409069
vn -1.696609 -5.480590 1.602106
v 12.744276 26.363271 77.753706
vn 0.866021 -3.323808 1.440464
v 13.145296 23.775679 75.319417
vn 0.751991 -5.333665 0.303261
v 12.885371 23.494780 71.733774
vn 1.904939 -5.679970 1.543732
v 14.588179 26.388114 77.717482
vn 3.680925 -4.685704 0.141015
v 16.089772 26.986327 77.877827
vn 3.026072 -1.622568 4.695475
v 10.977450 -8.421332 27.223910
vn 6.021114 -0.221287 0.951753
v 10.349351 -7.909213 28.581334
vn 6.201067 0.550464 -0.516021
v 10.818656 -10.998075 32.380980
vn 6.000750 0.664278 0.372945
v 10.906369 -8.089070 34.867786
vn -5.335548 1.112078 1.845008
v 3.558943 17.710421 60.813144
vn -4.535208 2.209709 -2.592911
v 4.926836 21.125399 57.121965
vn -2.127985 2.691994 -4.981111
v 6.859993 20.099215 55.114894
vn 2.199913 1.549615 -5.063549
v 9.447336 15.875695 52.875581
vn 2.334917 1.565739 -4.675552
v 10.951125 20.754504 55.049239
vn 2.530915 1.705840 -3.948095
v 12.257530 25.521625 57.119745
vn 5.131498 -1.792735 1.280390
v 12.965917 12.688586 59.993205
vn 5.366699 -0.626798 -0.031622
v 14.497922 19.595719 60.618031
vn 5.877104 0.030038 -1.273422
v 14.735086 24.601786 62.532697
vn -4.571166 2.260912 0.491365
v 7.403293 40.096268 88.759866
vn -3.002994 2.159660 4.261886
v 9.612358 38.450306 93.438945
vn -4.416852 -0.769937 2.054100
v 7.908840 34.319189 92.991817
vn -3.314009 -3.699915 1.732451
v 9.838386 31.030211 92.969304
vn -1.785480 -0.967509 4.729234
v 11.095598 33.096758 95.498437
vn -0.749695 -4.244426 2.812413
v 13.584775 29.790597 93.930510
vn -0.112983 1.654214 5.824049
v 13.743623 35.914489 95.281668
vn 2.101432 2.256546 5.185594
v 19.327970 38.054614 93.592351
vn 0.628311 0.030715 5.728862
v 17.137991 33.199379 95.453132
vn -0.790768 -3.765254 4.776741
v 17.097048 30.671632 94.202766
vn 0.858361 -2.212766 2.452382
v 19.162034 30.051832 95.029389
vn 0.746426 -5.779626 0.978129
v 18.657525 29.560359 92.909113
vn -5.673395 -0.956395 -1.351672
v 3.892479 -6.424299 85.084509
vn -3.544344 -1.984011 4.442185
v 4.171563 -4.273711 75.752507
vn -6.147145 -0.479255 0.198013
v 4.241507 -1.813866 81.939515
vn -3.373711 -3.867010 -2.407383
v 5.215578 -9.505425 85.246326
vn -3.728959 -3.468723 0.706100
v 4.747849 -11.662463 91.588892
vn -4.142420 -3.025967 0.954219
v 6.196858 -4.684639 77.183028
vn -5.379581 -2.757774 0.829746
v 4.314461 -3.118091 77.714055
vn -5.515339 -2.235112 -1.646081
v 5.719977 -5.445770 80.836968
vn -3.857134 -4.128345 -1.508472
v 6.540834 -6.393056 79.281987
vn 0.918744 -5.131417 -2.385693
v 7.109243 -10.112560 85.452921
vn -0.400922 -5.070649 -1.126963
v 6.452133 -12.493942 90.892849
vn 1.442454 -5.712348 1.117952
v 8.320349 -6.512808 77.111176
vn 1.351389 -5.446807 -2.310803
v 8.064820 -7.264925 80.629268
vn 3.226999 -4.139625 -0.103585
v 9.833252 -11.563874 92.321706
vn 1.219479 -4.588167 0.873803
v 9.980894 -5.093189 77.523316
vn 1.367246 4.755113 2.662379
v 9.372016 -1.653190 90.951525
vn 4.610446 -3.397660 -0.708790
v 10.940182 -7.063013 84.378322
vn 4.649068 -3.268373 -1.409104
v 10.008166 -9.269841 88.383335
vn 1.575842 -5.233229 2.761486
v 11.564002 -5.461040 76.969783
vn 6.177886 0.158529 0.311674
v 10.623339 -6.209464 90.508035
vn 5.215508 1.058650 -1.263949
v 10.279590 -2.838811 92.692464
vn 5.756248 0.725819 1.516364
v 10.524415 -3.501247 91.470500
vn 5.433964 -1.334095 -0.448470
v 11.153678 -9.322142 91.996294
vn 2.954181 -5.384580 -1.031981
v 10.986500 -5.432384 79.986135
vn 4.811998 -0.829587 -2.426705
v 10.955095 -2.119073 93.897002
vn 5.731552 -1.404337 0.941746
v 11.015888 -8.778993 94.081029
vn 4.582498 -3.829421 1.669953
v 12.674673 -4.263570 77.772645
vn 5.389770 -3.076632 -0.131120
v 11.659469 -5.287907 82.415075
vn 6.088802 -1.109971 0.979503
v 11.011787 -5.150188 87.695433
vn 3.963768 0.771287 -1.016747
v 9.439883 -5.072949 93.594479
vn 5.551457 1.577749 -1.776847
v 10.824062 -6.811710 93.481696
vn 4.954472 1.730176 2.338695
v 11.437763 -1.206699 87.780716
vn 3.867179 -1.466005 -2.038089
v 13.796263 2.520431 96.152491
vn 4.742886 0.082050 -3.118229
v 11.753775 -0.870185 96.847570
vn 5.889167 -1.235544 1.436797
v 12.492528 -2.783349 83.960098
vn 4.758769 -0.409391 -2.615205
v 12.951218 -2.819873 97.098075
vn 5.618351 -1.777136 1.950684
v 14.316031 -1.061199 78.787920
vn -3.682778 2.696221 -3.442827
v 7.963952 39.321124 86.536999
vn -5.369318 1.342522 0.965905
v 9.587529 46.219204 87.053124
vn -1.569207 3.346656 -0.181195
v 10.637508 48.968950 85.723246
vn -2.135473 0.568806 -5.495521
v 11.362498 42.615067 83.516473
vn -5.233206 -0.171851 -3.023042
v 10.349302 42.382009 84.428306
vn 1.880382 2.553587 -2.679548
v 12.951368 48.316762 84.659639
vn 2.357104 4.354346 0.336545
v 12.781603 48.688828 85.628192
vn -2.876456 1.489234 -2.502433
v 9.940728 47.598554 84.671460
vn 2.614233 1.719189 -4.082001
v 13.905293 44.902116 83.867755
vn 1.867609 1.445212 -4.905966
v 14.265518 41.714274 83.033706
vn 3.882430 4.328189 0.388963
v 14.154902 46.544393 86.927930
vn -0.650635 5.752038 1.529637
v 15.621839 45.687883 88.132224
vn 0.454319 2.299249 -5.168339
v 15.493338 40.077204 83.549876
vn -1.601974 3.729424 -4.350823
v 15.836925 45.190271 85.973760
vn 2.723950 2.576700 -4.281526
v 14.970766 44.110759 85.425919
vn -5.338941 2.325968 0.404857
v 9.103233 42.094302 88.489815
vn -2.704247 3.128900 3.755979
v 10.850118 46.818670 88.629549
vn -2.674950 2.878401 4.178385
v 11.134985 43.946406 90.728557
vn 0.729568 4.366828 3.413099
v 11.887478 47.661548 88.067142
vn 0.422843 4.206277 4.418231
v 13.900187 44.669685 90.476868
vn -2.013087 -2.448374 0.338923
v 14.024122 22.036999 38.464083
vn -0.464368 4.341381 -4.153311
v 9.561345 5.390629 67.319167
vn 1.819286 4.446837 -3.465938
v 13.189737 7.892207 70.952255
vn 2.808754 3.394258 -3.642617
v 13.597357 5.045791 67.791801
vn 4.863867 0.404633 -2.962672
v 15.965060 -3.242216 65.638448
vn 5.808932 -2.165975 0.029801
v 15.712454 -3.724759 69.159121
vn 5.217824 1.237789 -2.153597
v 16.836761 0.275735 68.674631
vn 5.995635 -0.908814 -0.037623
v 16.936813 -0.859348 69.486277
vn 5.014392 2.846974 -2.353360
v 15.098802 5.228400 70.658879
vn 4.402917 3.382834 -0.405859
v 15.480420 7.704502 74.351253
vn 5.494812 -2.025192 1.385130
v 15.970830 -3.553462 72.427479
vn 5.594259 1.254390 -0.487194
v 16.953695 2.382828 71.576996
vn 5.784653 0.534777 0.556135
v 16.803670 3.094291 73.883549
vn -3.655019 -4.832906 -1.523045
v 8.002788 -23.309315 12.865681
vn -1.617210 -4.221002 -2.989689
v 8.699613 -23.167582 10.652355
vn -1.206911 -4.751009 -3.888399
v 10.889841 -25.036670 13.635589
vn -2.953093 -4.167059 -3.011034
v 11.531183 -27.738253 16.226871
vn 2.365000 -3.159483 -4.158636
v 11.689167 -23.387684 11.476102
vn 5.215534 -2.420284 -1.249549
v 13.372369 -14.552056 16.655317
vn 4.990560 -0.696749 3.139705
v 13.012729 -15.398603 19.720334
vn 5.829495 1.671502 -1.115253
v 13.304913 -15.456714 15.021894
vn 3.553433 -4.608752 1.005072
v 13.410033 -14.678247 19.323569
vn 5.150396 0.002305 -2.740203
v 14.690799 -22.447650 14.227030
vn 4.412358 3.951119 1.426795
v 16.364244 -24.596188 20.009918
vn 5.359575 2.654957 -1.262890
v 16.606224 -24.686120 18.365647
vn 5.398542 1.587428 2.603559
v 13.325683 -2.140071 23.942643
vn 4.604098 2.051213 2.527631
v 12.133717 1.065126 25.383510
vn -2.448471 -0.628628 5.477301
v 12.981747 -8.458496 27.261669
vn 3.908307 4.472959 0.634143
v 14.974705 -2.940625 20.204337
vn 0.957378 2.540256 4.004744
v 12.782513 -4.780954 25.793996
vn 3.498843 3.636103 -3.183898
v 14.671898 -2.768063 16.568201
vn 3.633687 2.158632 -4.244672
v 13.090423 -2.919447 15.650951
vn 2.409143 5.322914 0.996239
v 14.650202 -3.001044 22.057874
vn 2.893851 4.460995 -2.012879
v 17.091579 -3.592375 17.734652
vn -0.988003 6.003600 -0.874512
v 16.968007 -3.086312 24.804719
vn -4.286247 4.044699 0.702886
v 14.947988 -3.704001 27.210958
vn 4.820718 1.778995 -2.782535
v 20.066258 -7.803789 17.148152
vn 4.128398 -3.979046 0.808100
v 18.852654 -11.836085 23.275236
vn 4.838400 -1.959566 -1.597360
v 20.152601 -9.628543 17.141256
vn 2.135083 5.669858 -0.876506
v 18.296492 -3.421746 22.754003
vn 4.546271 1.202486 -0.536246
v 21.516624 -5.744305 22.318216
vn -3.404300 2.004415 -4.308072
v 10.468170 33.040123 75.882091
vn 0.756879 4.756317 -1.439796
v 12.743373 30.698688 69.623049
vn 3.294831 -3.712823 2.971067
v 12.660826 22.953030 65.841183
vn 0.513592 3.935468 -4.478877
v 13.459459 33.182749 75.144760
vn 5.068928 -1.464663 -0.295665
v 15.345589 25.554942 68.284530
vn 4.458286 -0.958960 -0.077298
v 15.758926 25.358110 65.626482
vn 4.780834 -3.520429 0.930005
v 14.470600 24.318400 63.990928
vn 5.527709 2.874653 0.311927
v 14.685525 27.494748 66.876363
vn 4.423240 -2.603413 -0.225575
v 16.709822 26.069155 72.624567
vn 4.810755 2.501612 -1.831784
v 16.709544 29.671706 73.551874
vn 5.768785 -0.264494 -0.375340
v 17.171742 28.060784 74.165121
vn 4.555239 2.547461 -2.953547
v 16.353512 31.045194 75.168594
vn -2.127429 1.518383 -1.678119
v 13.964942 24.849544 37.041163
vn -0.821636 1.395869 -4.731635
v 15.111323 24.326409 36.564295
vn -1.122507 4.221987 0.435267
v 15.583588 25.826761 38.595010
vn -2.370372 -0.010659 2.051421
v 13.713391 23.655603 39.610606
vn -0.545779 0.956995 4.266803
v 17.471449 24.472648 40.620965
vn -1.358953 -3.178935 -3.261739
v 15.112131 22.327975 37.035356
vn -2.858843 3.321429 -1.853282
v 9.416209 37.526836 78.948610
vn -3.934424 3.543299 -1.898357
v 10.876450 37.871467 83.084166
vn -4.310710 1.818568 -3.860806
v 9.825814 38.406700 84.959752
vn -3.814386 0.722344 -4.310009
v 10.853740 40.616504 83.658780
vn 0.409639 3.684900 -4.135166
v 13.472749 37.390783 77.428825
vn -0.240626 4.365937 -3.141777
v 13.303142 38.729192 82.304820
vn 0.040259 5.158749 -1.338372
v 13.142318 38.877318 79.607432
vn 3.339090 4.038287 -0.949611
v 17.727174 37.363905 80.338033
vn 2.090228 4.152797 -2.647980
v 16.091333 37.856786 82.354989
vn -0.484413 1.418764 -5.196379
v 17.664149 41.766649 83.320628
vn 3.797411 2.338543 -2.948835
v 18.041771 35.956254 78.673845
vn 5.855350 -1.067778 -1.291796
v 17.175935 29.248589 76.900827
vn 3.503013 -0.614996 -5.061156
v 18.505425 41.432682 83.693764
vn 4.902580 2.405493 -2.175747
v 18.332236 36.358484 82.882347
vn 5.785641 -0.466115 -0.480847
v 19.400007 33.028486 84.537895
vn 4.970676 -0.110266 -0.126202
v 20.327107 32.233340 82.401244
vn -4.942555 1.043948 3.520897
v 14.612733 -5.669130 28.483519
vn -2.591411 -2.537800 4.495888
v 16.016728 -7.661837 29.864891
vn -2.846547 -3.175687 4.149543
v 17.772506 -3.820754 33.422190
vn -3.247948 3.722929 -1.558679
v 17.024920 -0.527659 29.698281
vn -5.208153 -0.280577 2.363524
v 17.105360 -1.685470 33.867407
vn -1.455295 4.272556 -4.085111
v 20.040178 2.720698 32.538050
vn -5.056196 2.871359 -1.374205
v 18.492714 2.810957 34.345238
vn -5.463535 0.007012 1.884585
v 18.059037 1.289725 36.284322
vn -2.397762 -3.471888 3.862223
v 19.793979 -0.592782 37.560643
vn 0.929834 2.179345 -5.368541
v 12.638361 4.411906 95.848478
vn 5.367230 -2.430181 -0.203354
v 11.912365 0.205191 96.561711
vn -3.212700 3.904846 -2.895071
v 14.348177 21.348945 101.909243
vn -1.164773 1.365022 -5.878236
v 14.183891 15.507835 99.423218
vn 1.230402 1.930363 -5.184145
v 14.830570 7.060689 97.255614
vn 4.060240 -2.208309 -1.652331
v 13.787458 3.589760 98.814532
vn 3.189956 -0.812939 -3.479621
v 13.190504 2.168229 98.956488
vn 4.357860 -0.654301 -3.868337
v 14.661326 0.624170 99.338090
vn 0.054200 1.179765 -6.135361
v 14.586277 9.760700 98.388565
vn -0.686225 1.365385 -6.018077
v 16.127407 18.256142 100.019698
vn 4.859069 -1.970299 -1.768151
v 16.155484 6.912582 100.708113
vn -0.559667 2.558851 -2.235870
v 17.476525 24.353888 100.402120
vn 3.921419 -1.359335 -2.454604
v 16.643336 7.175420 98.414844
vn 1.517239 0.505381 -5.751390
v 17.816279 12.490990 98.767604
vn 2.177804 1.616135 -3.765995
v 18.466943 23.226361 100.131669
vn 3.025360 0.948445 -4.727923
v 19.826061 17.304306 100.126357
vn 4.876583 0.229983 -3.676554
v 21.371395 16.064623 101.776383
vn 4.175662 -1.528797 -2.345136
v 20.095482 12.351787 100.097345
vn 5.241070 -2.443217 -2.069473
v 21.093530 14.388602 102.101919
vn 2.936576 -1.847338 -2.761131
v 19.625522 12.256481 104.176707
vn -4.347142 1.157027 2.100360
v 18.355572 32.058121 48.381299
vn -5.873212 1.329905 -0.252786
v 19.044935 34.232970 46.759212
vn -4.569705 -0.704563 -1.979804
v 18.281967 31.095826 46.921463
vn -2.891862 2.588615 0.729940
v 19.123862 34.943180 47.056659
vn -1.327915 2.171851 4.645704
v 19.851532 32.763865 49.235855
vn -0.464110 -0.505288 4.675243
v 20.450766 28.699446 50.117515
vn 1.490209 -2.198285 1.573657
v 21.728909 26.260492 49.117080
vn 3.254994 1.107237 3.364853
v 22.466749 31.991711 49.026253
vn 4.448372 2.866488 2.138663
v 22.892681 33.433204 46.960707
vn -0.108330 -2.366256 -1.832967
v 20.604300 26.016131 46.926271
vn -2.716731 -2.072120 0.740494
v 18.930285 26.762703 48.498884
vn -0.273333 4.399695 4.179050
v 17.005326 45.560350 89.209113
vn -1.600483 3.824660 0.378279
v 19.737815 49.056007 86.011598
vn 1.511797 3.257343 4.704164
v 19.785886 46.897191 88.076112
vn 1.229364 4.651242 -1.869314
v 22.430274 34.342374 42.808310
vn -2.781681 3.722121 -1.964597
v 20.036164 34.923579 44.491472
vn 0.303661 4.067171 2.692556
v 20.303126 34.969487 47.733918
vn 1.741020 4.654898 -0.224179
v 21.656819 35.260907 44.975006
vn -4.659452 -0.924291 -2.053498
v 19.136538 32.571148 44.689613
vn -3.205771 2.533286 -3.744716
v 21.158937 32.863244 41.559918
vn -3.694688 -4.420376 1.888585
v 21.005126 30.609441 43.004234
vn 2.290337 3.077067 4.813068
v 19.387729 43.119286 90.457985
vn 3.042843 0.472938 4.971583
v 20.090912 33.390287 94.570777
vn 4.798617 1.836175 2.554922
v 21.762312 41.341626 89.735709
vn 5.199539 -1.400973 2.010426
v 20.828235 32.503318 93.624087
vn 3.800912 -4.007491 0.248736
v 19.933319 30.010134 92.359871
vn 5.029067 -2.484310 -0.925679
v 21.479944 32.564402 88.969934
vn 5.844288 -0.139151 -1.203109
v 21.851390 42.511699 87.030205
vn 4.479007 0.504191 2.517165
v 22.168048 36.642196 92.324182
vn 5.538504 -0.291418 -1.264042
v 22.505080 37.160420 88.523992
vn 0.166774 -2.697233 4.312541
v 15.397250 8.750540 110.121143
vn 0.844085 -4.319723 3.225176
v 17.984214 8.774826 109.478721
vn 1.288754 -1.190409 5.196937
v 18.180116 10.434056 110.492789
vn 4.693473 -2.178410 -1.672492
v 18.676445 6.975321 103.485695
vn -0.199759 3.335062 5.090434
v 16.454738 18.087654 108.102331
vn 3.868251 -2.683336 1.897077
v 21.696470 10.943774 108.181549
vn 3.337826 -3.433270 2.964871
v 19.614159 9.228613 108.942599
vn 2.202069 -4.663203 1.683276
v 19.078448 7.962184 106.894585
vn 3.403586 -1.578509 -2.633708
v 20.545643 9.414546 104.221696
vn 2.270684 0.548058 5.021631
v 20.595761 13.428517 109.734330
vn 5.107636 -3.262750 -0.976419
v 21.746096 11.279002 106.215845
vn 3.725054 -3.080223 -3.804960
v 21.609794 12.772505 104.714489
vn 4.765925 -0.503030 2.980017
v 23.387980 15.032990 107.159427
vn 4.946735 -2.233961 -1.221360
v 23.411591 14.023915 105.517858
vn -1.482586 2.779375 -4.729768
v 16.215412 41.562512 84.400300
vn -1.994564 2.303360 -5.242760
v 19.184909 46.422627 84.537472
vn 1.487710 0.372799 -5.378031
v 19.196987 44.085455 83.809663
vn 1.818163 4.539943 2.369603
v 20.419212 48.968538 86.078790
vn 2.465365 1.860096 -2.148101
v 21.488756 48.250257 84.869843
vn 0.143320 2.758621 -1.637655
v 20.468372 49.127376 85.106249
vn 3.745256 2.534900 2.656264
v 21.378001 47.873669 86.647423
vn 4.658828 -0.561675 -4.141295
v 20.970088 40.722485 86.170868
vn 4.372834 0.308339 -1.862641
v 21.906252 46.990457 85.148454
vn 4.980526 1.471204 2.846956
v 21.516658 44.830900 87.707684
vn -2.707734 1.720800 4.768566
v 17.305792 -28.825351 25.488356
vn 1.510532 -3.849776 3.082578
v 18.426590 -36.062034 23.142105
vn -1.623203 -5.286751 2.886359
v 22.088161 -33.027439 25.711107
vn 1.566417 -4.813288 3.322646
v 20.043176 -33.792690 24.106509
vn 2.058871 -5.550669 -0.671637
v 21.077342 -33.830445 22.067783
vn -2.278102 -2.859917 4.857785
v 19.256949 -31.765356 26.004822
vn -0.588783 -5.704250 0.970272
v 23.511409 -33.868909 25.073158
vn -2.776175 -0.555198 4.530402
v 21.941218 -30.848491 28.500067
vn -1.329855 -4.584200 3.530480
v 23.018943 -31.825717 28.320080
vn 1.226768 -4.838805 -2.683767
v 24.925673 -33.291661 21.310450
vn -1.453662 -4.597080 3.147309
v 24.530589 -33.287494 27.022077
vn -1.407608 -4.466219 3.622741
v 25.388422 -31.650228 28.655346
vn -1.946311 -3.414055 4.524041
v 26.765008 -30.447460 31.160568
vn 0.888408 -5.999527 0.502030
v 26.171137 -33.512822 26.216469
vn -1.383076 -4.665419 3.228492
v 26.973802 -32.709966 28.846380
vn 1.016975 -5.904305 0.805287
v 29.593841 -32.682174 29.048918
vn -0.123676 -6.097672 -0.464873
v 18.594981 22.032994 38.519543
vn -2.790601 -4.920710 -1.828005
v 21.874248 21.636488 37.829876
vn -0.239111 -3.281745 4.775252
v 21.230327 22.225669 39.838419
vn -1.483828 0.982692 5.284738
v 21.217340 24.416467 40.461383
vn -5.404260 1.329614 1.330298
v 19.463607 6.409279 39.977289
vn -2.379594 2.986863 -4.701052
v 20.115547 4.675597 34.078206
vn -4.035999 2.415068 -3.444349
v 21.385620 8.791861 35.644970
vn -3.816413 1.652033 3.442245
v 20.863554 8.265255 41.838843
vn -3.726006 -1.161833 3.990159
v 20.357519 4.151614 41.591250
vn -3.863472 2.934096 3.045894
v 23.219098 13.051124 40.376231
vn -0.808102 1.460579 5.285080
v 22.939602 8.515508 42.835737
vn 0.279789 -0.853316 4.540172
v 24.467618 4.527668 43.654042
vn 2.177475 -0.256450 5.642762
v 27.251645 16.053407 39.824402
vn 0.279474 1.665513 5.410055
v 25.354691 12.759257 41.483468
vn 3.442243 -3.560389 2.209482
v 18.982251 -10.767535 26.195858
vn 4.596951 3.427263 -1.228549
v 20.632132 -4.239548 25.451377
vn 0.781995 -4.223435 4.270775
v 17.251886 -8.867693 29.012311
vn 1.338665 5.381609 -2.734657
v 17.988643 -2.748789 26.064394
vn 4.359710 -3.817027 2.150046
v 19.882853 -6.392616 29.780703
vn 5.726947 -1.924703 -0.165836
v 20.937663 -5.504341 26.991621
vn 2.686804 2.305789 -3.645958
v 22.485624 -1.467235 28.120445
vn 3.374399 1.998687 -4.308121
v 20.778295 -3.434419 26.415568
vn 4.420471 -1.665328 -1.646407
v 22.799296 -3.267795 28.299169
vn 2.317963 3.437529 -4.442963
v 23.862831 2.666480 32.761996
vn 1.620560 -4.483999 3.141264
v 19.899043 -4.423593 33.270950
vn 4.694983 0.305208 -2.521504
v 24.402197 -0.031810 31.148493
vn 4.688546 -2.640092 0.353689
v 24.584300 -1.033457 32.929622
vn 4.277576 -4.081207 1.832008
v 23.700411 -0.603479 35.346805
vn 0.585991 -3.317042 -4.663047
v 20.959089 30.646683 46.104097
vn 4.281840 -1.876022 -2.208851
v 21.994622 27.105311 47.520239
vn -0.438749 -5.607571 1.220681
v 21.790267 31.241446 44.988576
vn 5.476312 -1.495315 0.657627
v 22.961099 31.928162 47.138955
vn 1.905696 -1.530827 4.473987
v 23.825872 31.996214 45.184791
vn 0.775580 5.352993 0.515411
v 24.915969 32.150453 43.938831
vn -4.901365 -0.866165 -2.446438
v 21.228626 30.212990 40.956631
vn -5.207645 0.733815 -1.842510
v 22.367024 27.559638 39.599597
vn -1.673357 2.499959 -4.491966
v 22.971386 31.536406 39.601460
vn 0.691277 3.656345 -5.059913
v 25.351950 30.960594 39.591982
vn -1.219425 3.011240 -5.097118
v 25.164138 27.197491 37.065494
vn 1.125546 4.144618 4.031069
v 18.389764 22.329589 104.452612
vn 0.494974 2.789148 0.563690
v 18.084846 25.002697 102.426152
vn 4.898419 2.945131 -0.083371
v 19.706599 22.476940 102.447380
vn 4.211039 2.785941 -3.153122
v 21.190347 19.332186 103.319402
vn 1.402043 4.852374 2.787582
v 20.781426 20.222878 105.891785
vn 1.655561 3.308881 -0.635050
v 24.020955 20.238328 104.977235
vn 1.253701 3.149745 4.816294
v 22.344881 19.108110 106.894095
vn -2.907953 -4.141962 3.383061
v 22.628622 21.564495 39.426850
vn -5.197068 -2.435600 -2.027000
v 24.184797 19.422947 36.970225
vn -4.820871 -2.846298 2.361734
v 24.217466 19.479310 38.864884
vn -5.456134 1.427003 -1.986807
v 24.567681 15.891912 37.181619
vn -5.461978 1.170582 2.240002
v 24.823571 16.501311 38.759408
vn -2.283470 0.037464 5.485607
v 26.002314 16.926983 39.864815
vn -2.564524 5.113762 0.040702
v 21.291148 25.676869 38.808494
vn -3.680451 -1.151316 4.470527
v 23.027226 26.299127 41.217079
vn -2.171904 -2.049872 5.225590
v 25.726343 20.408492 41.038204
vn -0.791515 4.009152 -4.417517
v 20.911821 24.894480 37.223979
vn -2.002282 -0.968922 -5.277878
v 22.176454 22.906309 36.339367
vn -2.142456 -1.012708 -5.078643
v 25.077384 20.492643 35.114954
vn -2.938559 0.051185 -5.333447
v 25.578769 16.299302 36.148096
vn 1.579910 -1.012585 -5.472600
v 27.699264 16.494785 35.677436
vn 4.895164 -1.383767 -2.102264
v 24.280689 17.477165 104.951850
vn 2.935536 1.338618 2.240586
v 24.622224 19.177818 106.244727
vn 3.093256 -0.007216 -1.886297
v 24.826757 18.804731 104.603079
vn -3.954009 3.103724 1.087136
v 24.155155 32.514930 52.358170
vn -2.442697 1.409397 4.169613
v 24.477807 30.934903 54.134015
vn -5.081716 -0.009943 1.383002
v 23.350561 29.320286 52.872301
vn -4.955996 -2.036199 0.469770
v 24.237662 24.459841 52.474436
vn 0.700483 3.048428 2.841912
v 25.400992 32.539273 53.471219
vn -2.093796 -1.443647 4.279983
v 24.986645 24.868962 54.002387
vn -0.113886 -2.728475 1.582998
v 25.906503 22.741581 53.291928
vn 1.826026 0.624611 4.196169
v 26.310533 29.261138 54.596318
vn 1.070029 4.852454 -2.530574
v 24.856257 32.701525 40.819219
vn -0.193673 5.048918 -2.805515
v 26.744359 32.509586 40.976875
vn 0.745132 4.543163 -2.516672
v 28.417603 32.767038 41.078856
vn 1.004944 5.039757 0.108043
v 27.795813 33.389623 44.931081
vn -5.591557 0.373013 -1.084872
v 24.204828 31.208566 48.273197
vn -0.239570 4.040904 0.536752
v 25.348971 33.503336 51.235360
vn 5.144893 2.006528 1.673407
v 28.057532 31.077983 50.359557
vn -4.416165 2.579248 -0.006154
v 24.690642 32.045777 46.061627
vn 2.787392 5.266876 1.422225
v 29.103057 32.309483 44.634755
vn -3.121023 -4.133829 -2.979351
v 25.103292 29.251695 48.671728
vn -4.894748 -1.626170 -2.821765
v 23.998482 27.476751 51.202310
vn -3.162087 -3.893882 2.896799
v 25.619236 29.563196 44.373048
vn -1.941726 -3.383312 4.731627
v 25.988026 27.904343 43.251520
vn 1.736427 -4.708343 -3.243373
v 26.688583 28.566204 49.246931
vn -0.418791 -5.925736 1.540444
v 28.357591 29.198101 47.391398
vn 4.170190 -1.687307 2.143683
v 28.239565 29.983217 48.988454
vn 0.970434 -2.206550 -5.019855
v 26.009890 26.716359 50.483235
vn -1.556867 -2.436101 -2.210332
v 25.119845 23.244392 51.203812
vn 5.251253 -0.469096 0.281938
v 27.842164 27.377145 52.323459
vn 2.290738 -2.054564 -1.513818
v 27.234464 23.311186 51.516535
vn 3.477913 -1.340101 3.090965
v 27.281350 24.565271 53.511077
vn 0.696172 1.138488 -5.217055
v 27.218385 23.354474 34.814190
vn 1.343054 -2.031305 5.307652
v 28.425570 20.485780 41.403864
vn -1.013666 1.375900 -5.923456
v 23.217454 8.932606 34.925983
vn 0.170090 1.907076 -5.859295
v 23.722630 5.404403 34.418654
vn 1.219860 0.676538 -6.042874
v 25.006698 6.634156 34.663796
vn 4.884317 1.577291 -3.193384
v 24.600923 2.672838 33.478038
vn -2.273782 1.780483 -5.031480
v 24.798968 13.917942 35.709577
vn 4.736479 -0.448170 -3.865757
v 25.485993 5.123327 34.810330
vn 5.662846 -2.083802 -1.401273
v 25.315155 2.834734 35.922805
vn 1.387705 0.366713 -5.792710
v 26.495976 11.994337 35.262338
vn 5.137748 -1.646169 -0.893760
v 27.836333 5.433331 38.135434
vn 5.590418 -0.632277 -1.121850
v 28.349697 10.763586 37.458601
vn 4.226221 0.318462 3.637632
v 27.642951 11.558884 40.619500
vn 5.090478 -1.252603 2.951994
v 28.440170 15.472201 38.861452
vn 4.150096 -0.662260 2.881906
v 27.052773 5.268120 41.996123
vn 5.325648 -1.953812 -1.789689
v 28.823930 15.814580 37.131502
vn -0.062810 -5.602175 2.355740
v 30.791317 27.852690 44.625887
vn -4.006042 -0.383803 2.535769
v 29.855165 29.588813 49.219340
vn -2.593117 -4.973838 -0.851207
v 31.159045 27.702233 48.655669
vn 0.960832 -4.425962 0.350390
v 32.565896 26.352539 52.777131
vn 1.143740 5.795474 -1.537406
v 19.847476 -26.424049 21.456075
vn 0.946623 2.856240 -4.425332
v 25.642817 -27.856911 19.702309
vn -1.464469 4.966801 0.693556
v 24.954084 -25.025116 25.893676
vn 1.999638 -1.583257 -4.898543
v 27.331266 -30.682875 19.902898
vn 2.695271 -3.947827 -2.627034
v 29.797008 -32.030753 22.512082
vn 2.822868 1.181416 -4.220377
v 31.104528 -28.032410 21.881481
vn 0.532811 5.272379 -2.851447
v 29.541963 -25.376801 24.164271
vn 1.842901 4.048961 -3.130860
v 33.861346 -24.906769 25.823783
vn 3.883146 -2.801520 -2.862899
v 34.475083 -30.109911 25.864622
vn 2.720625 -5.477334 -0.663456
v 33.934983 -31.168628 28.345747
vn 3.308582 1.866925 -4.305621
v 33.500511 -26.485801 24.514722
vn 3.518521 -0.813440 -3.208246
v 30.540962 19.634466 35.959464
vn -1.140305 5.582755 0.764219
v 31.688961 31.868427 47.672481
vn -2.365699 3.562535 2.449562
v 31.302805 30.298354 52.577750
vn 1.227930 6.000512 0.197010
v 31.674720 31.955595 44.160016
vn 3.608972 3.566179 -0.132896
v 33.181041 31.647877 46.150650
vn 5.223015 0.948224 0.666489
v 34.006835 29.653020 50.863347
vn 1.949894 4.255570 1.243081
v 33.017141 31.521388 50.039555
vn 4.654326 -2.320832 1.696236
v 30.644651 18.849509 38.836434
vn 4.930020 -0.542690 -1.356703
v 32.126744 23.617535 38.894011
vn 4.313352 -2.444214 3.533456
v 31.435911 23.713964 40.832436
vn 1.595899 -3.244066 4.920820
v 30.748192 26.010648 42.430872
vn 3.497319 2.940190 -1.884517
v 33.053387 31.242687 42.283729
vn 5.203170 -0.505847 -0.891800
v 33.675260 29.321582 42.821577
vn 4.516298 -2.983063 0.251269
v 33.357844 28.577328 44.451624
vn -1.735027 -1.283117 1.604447
v 30.618629 26.961216 53.923118
vn 0.712860 1.527760 3.262829
v 32.617386 29.061273 54.355295
vn 2.563556 -1.284604 1.953891
v 33.664513 27.359734 53.804756
vn 3.248303 -4.768040 -0.518608
v 33.039174 28.132492 47.190831
vn -2.246708 4.814109 0.906042
v 29.663970 -23.925032 30.060292
vn -0.994642 5.424859 -0.416725
v 34.744542 -22.372819 32.475279
vn 4.600904 -0.761608 -3.706981
v 37.899655 -27.575565 29.225832
vn -4.317004 3.805540 2.144035
v 37.851901 -22.341607 37.470324
vn 3.021183 3.549733 -3.466802
v 36.491367 -24.530892 28.794185
vn 0.840451 3.182616 -4.754003
v 40.538190 -22.602732 33.766305
vn 3.116685 -1.005629 -4.961105
v 42.691240 -24.481366 34.218217
vn -1.601410 -0.955602 -3.816724
v 36.632026 -14.730768 33.990677
vn -2.848693 2.604366 -1.689181
v 36.138055 -13.304962 34.759404
vn 0.057054 3.412891 -3.084608
v 37.410806 -13.081347 34.428278
vn -2.800187 -1.027577 0.299857
v 35.396530 -15.088246 35.719166
vn -4.276903 -3.721207 -1.302812
v 38.468126 -17.094634 36.181314
vn -3.043979 0.688507 4.176964
v 36.741860 -14.063055 37.132422
vn -0.385509 -1.213722 -5.658466
v 39.804123 -16.080855 34.522972
vn -5.514409 -1.619121 -2.187354
v 39.695517 -18.586025 35.559827
vn -1.922247 3.646228 1.838287
v 36.773668 -12.963134 36.481111
vn 1.376798 4.598141 0.465916
v 39.389230 -12.906579 36.304199
vn 2.515915 2.265079 -4.025505
v 40.589513 -14.552887 34.738506
vn -3.087424 0.460263 4.400396
v 26.907118 -28.848247 31.878536
vn 0.118497 -5.221822 2.224568
v 31.891652 -31.673451 32.032994
vn -1.989163 -3.971581 4.376666
v 29.949571 -31.170507 31.800116
vn 1.669150 -5.032273 1.721460
v 36.638352 -30.153875 34.543619
vn -3.109405 -0.616358 5.071364
v 34.638033 -26.665915 36.645836
vn -1.090107 -3.865669 4.236595
v 34.631393 -29.772342 35.209483
vn -1.709159 -3.405665 4.361287
v 38.866996 -26.658072 38.670762
vn 1.663942 -5.574946 1.722306
v 40.165720 -27.748321 36.753455
vn -0.328273 2.519424 4.974640
v 40.608961 -15.153349 38.788589
vn 4.212495 2.852002 -1.429668
v 42.288451 -15.018322 36.454796
vn 3.516631 3.998275 0.423199
v 43.591547 -17.500922 37.570105
vn -3.996864 0.842953 4.393731
v 37.843503 -23.730560 38.705036
vn -4.152375 1.216043 3.918975
v 40.102087 -19.263900 39.150607
vn -2.910742 0.271666 4.769660
v 40.367944 -22.987829 41.112504
vn -0.686891 0.804756 5.473731
v 42.594518 -22.675235 41.885588
vn 2.706744 3.385092 2.711730
v 41.793546 -14.809933 38.251780
vn 0.082345 2.787561 5.096653
v 42.194740 -18.893292 39.982338
vn -2.026670 5.402225 -1.438994
v 38.594279 -21.544457 35.845267
vn -5.407040 2.839243 -0.536277
v 39.332639 -20.278730 37.334352
vn -3.785333 -0.186331 -4.262572
v 40.045932 -19.111968 35.081797
vn 2.202308 1.128997 -5.102477
v 41.785622 -18.364655 34.836442
vn 0.465570 1.276448 -5.672861
v 42.411694 -20.853458 34.027411
vn 1.395321 -3.354953 -4.623829
v 45.418621 -23.844167 35.042034
vn -2.196331 1.731708 -4.932055
v 44.540485 -19.869777 34.348448
vn 0.673880 -5.340390 1.836430
v 42.867307 -26.851890 39.467152
vn 3.368944 -4.746197 -1.723157
v 42.048856 -26.797412 35.662089
vn -0.710393 -2.969187 4.587380
v 42.558452 -25.512054 41.268469
vn -0.007234 -5.555285 0.238727
v 50.100195 -25.354868 40.141536
vn 1.995595 -3.551577 -2.461323
v 53.544584 -24.910715 39.503042
vn 0.874732 4.990544 3.562941
v 45.211481 -18.632375 38.219478
vn -2.590281 5.270919 -0.497321
v 45.377044 -17.943717 36.358109
vn -3.256601 4.503583 2.185758
v 47.798482 -15.956695 34.806712
vn -0.413575 4.426198 4.380421
v 48.210371 -18.379394 38.072696
vn -2.567223 -0.284867 -5.162313
v 47.046428 -18.587084 32.685981
vn -4.291340 3.050352 -2.176109
v 47.569843 -16.033335 33.182255
vn -0.897262 0.361844 -4.680356
v 50.044289 -15.465062 31.101384
vn 1.151884 -2.868087 -4.914201
v 49.754311 -17.999760 32.059414
vn 2.941733 -3.131614 -4.481454
v 50.481452 -18.900031 33.454863
vn -0.421427 -2.404142 -5.332458
v 47.131324 -21.187681 33.509401
vn 1.772891 -3.772604 -4.281670
v 48.147619 -22.890783 34.744263
vn 3.579883 -3.104984 -3.116012
v 50.168387 -22.066226 36.247495
vn 4.188420 -4.410002 -0.480460
v 52.978110 -20.602866 37.305764
vn 3.687329 -2.882797 -2.553992
v 54.132258 -19.479384 35.749454
vn 4.633646 -0.818753 -3.272996
v 52.073964 -22.158602 38.042284
vn 2.507226 -3.050937 -3.835558
v 51.076671 -23.837947 37.346640
vn 0.992653 -5.393105 1.172583
v 47.606128 -25.484904 40.112635
vn 0.710271 3.355328 5.149833
v 46.225906 -20.911735 40.561014
vn -0.433870 -1.327849 5.132170
v 48.656850 -24.117480 41.537683
vn -4.583001 -0.400187 -0.008234
v 49.532678 -9.872861 41.774520
vn -1.779129 4.151932 0.439844
v 50.742575 -7.859104 42.114684
vn -1.916890 0.438426 2.423551
v 50.034633 -9.348954 43.892457
vn -1.294476 -3.385557 2.439505
v 50.873724 -11.080261 43.280740
vn 2.336782 -1.817273 3.019114
v 52.430155 -10.587673 43.446871
vn -2.943270 3.178241 -2.958503
v 50.185934 -12.941983 32.485217
vn -5.083785 1.308090 2.431221
v 50.306068 -12.835820 34.882244
vn -1.374622 3.077743 4.963258
v 50.334132 -15.885295 35.761205
vn -3.655225 3.305732 -1.486698
v 51.239322 -9.219245 36.754331
vn -4.356815 -3.148893 1.726990
v 51.329388 -12.033395 37.297250
vn 2.535973 -4.311928 2.108309
v 53.351912 -11.865537 39.063430
vn 0.829774 -3.472402 4.242706
v 52.662125 -13.615455 36.302109
vn 2.241752 1.218150 -3.979570
v 53.066804 -12.873137 32.114765
vn 3.295025 -1.608087 -3.355184
v 52.515722 -15.439730 31.833217
vn -1.814207 2.570996 5.165615
v 50.938466 -18.295551 38.653424
vn 1.902681 2.112819 4.851143
v 51.561417 -20.391263 39.278833
vn 0.638673 -3.654638 4.787267
v 53.609889 -18.856844 39.216765
vn -2.734124 -3.314056 3.455919
v 53.344087 -17.777218 40.104049
vn -1.205596 5.206270 -2.166515
v 53.194433 -15.744168 36.977306
vn -5.428994 2.214579 0.695468
v 52.696013 -15.890605 38.967069
vn -2.161370 4.582106 3.425003
v 51.008596 -17.080353 37.350326
vn -4.037659 -1.705829 3.556874
v 52.297828 -23.707222 43.476048
vn -0.766931 4.573194 3.629893
v 51.236068 -21.365892 40.423855
vn -2.752592 -1.777963 3.059926
v 53.691177 -22.994656 46.612250
vn -0.157632 -5.427163 1.911836
v 53.293862 -24.808763 42.792362
vn 1.492262 5.162127 -0.377530
v 52.626802 -8.172132 39.373714
vn 1.632851 2.235198 2.557744
v 52.182023 -8.408869 43.512731
vn 1.084238 3.470388 -2.379428
v 53.834750 -9.134186 34.716825
vn 4.957402 1.140366 1.477213
v 53.873396 -9.578585 40.268174
vn 4.376087 2.160514 -0.922422
v 54.938241 -9.820877 35.604015
vn 4.744728 -1.299330 0.037381
v 55.124152 -11.735679 35.747045
vn -3.780406 -0.406196 1.842388
v 52.758231 -15.145278 43.837351
vn -2.275163 4.268214 -0.446401
v 53.673848 -13.454856 41.165703
vn 2.989077 1.693641 2.879240
v 52.025327 -15.750907 35.665993
vn 5.633047 -1.978793 -0.340612
v 52.425755 -16.295239 34.245617
vn 3.340222 1.895885 -4.588582
v 52.590257 -17.389496 34.593455
vn 2.542659 -0.244502 -4.789590
v 52.922426 -18.336701 34.310426
vn 2.778823 2.023587 -4.016323
v 54.827017 -16.672371 36.063585
vn 2.907150 2.253592 1.476580
v 56.473584 -13.918681 42.665338
vn -0.697194 1.792379 1.982368
v 53.696500 -13.697519 44.574264
vn 1.800888 3.713500 -1.706146
v 55.863057 -13.703683 39.265184
vn 4.574243 -0.147521 -2.102569
v 56.728790 -16.432817 38.209831
vn 4.478379 -0.771388 0.589366
v 57.273423 -16.090601 40.669051
vn 2.655098 5.170635 -0.879003
v 52.302497 -21.281808 39.841282
vn 2.981937 -3.565744 -0.992263
v 54.777897 -24.760404 40.871319
vn 4.249155 1.724009 -1.354998
v 56.091745 -21.951428 42.865719
vn 3.740709 0.984232 -2.954641
v 54.945375 -22.899537 40.007592
vn 2.502665 -0.612762 1.340614
v 56.480559 -22.986856 46.255555
vn -0.905238 1.823543 2.605236
v 54.055022 -21.439523 46.904260
vn 1.120655 4.090253 0.657041
v 54.904075 -20.454522 44.817534
vn 0.917716 -1.608918 3.161259
v 55.296598 -23.140179 47.005142
vn 3.679265 -4.912748 -0.022672
v 5.186837 -18.674432 26.130980
vn 4.460652 -3.711819 -1.167679
v 6.417958 -17.398657 28.267151
vn 2.955625 -3.064179 3.142066
v 6.115590 -18.129817 21.827113
vn 5.434001 -3.091706 -0.232790
v 7.954438 -15.008894 23.744851
vn 4.868556 -3.897803 -0.296248
v 6.881039 -16.634640 25.205277
vn 3.775667 -4.298342 -0.502182
v 9.509645 -16.004626 31.151434
vn 1.281847 -1.914773 4.528123
v 8.546153 -15.729000 21.187959
vn 5.615069 -1.035141 -1.736039
v 10.435825 -13.128643 29.274457
vn 3.016591 -3.556898 2.726115
v 8.705204 -13.717996 22.968371
vn 5.270065 -1.850413 0.426580
v 9.636601 -10.563110 27.043679
vn 1.409149 -4.020429 3.959859
v 10.438879 -10.704852 25.735210
vn 0.479807 -4.498879 4.172496
v 10.905634 -13.510136 22.864844
vn -1.391683 -3.671105 4.661885
v 13.973799 -10.727812 26.824132
vn 0.793046 -5.037000 2.592239
v 15.584382 -13.093869 24.517066
vn -1.946296 2.030812 5.326957
v 1.130738 8.007734 59.845782
vn -0.195621 -0.145964 6.077790
v 3.866821 5.492587 61.247004
vn -3.881584 -0.211520 4.643706
v 4.181182 13.049429 62.088505
vn -1.071009 -1.402907 5.860392
v 6.660162 10.990114 62.836313
vn 3.755341 -1.743008 4.354702
v 8.337081 3.002362 59.465780
vn 5.272389 -1.838767 1.313602
v 11.040345 6.775351 58.266974
vn 0.934867 6.187272 -0.444203
v -0.542984 5.951535 36.479918
vn 1.440752 5.470690 -0.626641
v 3.841924 6.493230 41.044945
vn 0.773872 5.603858 -1.958134
v 1.406343 5.484724 33.597234
vn 2.983768 5.252102 -1.076457
v 5.276946 5.153388 38.644470
vn 4.879460 2.696188 -0.846720
v 7.674471 3.305961 38.828994
vn 5.507372 2.262837 0.012113
v 9.075043 -0.020449 39.430846
vn 5.866900 1.874877 -0.242118
v 8.211292 1.005209 41.282928
vn 6.073911 1.351056 -0.716435
v 9.419628 -2.305179 42.432547
vn -5.003867 -2.682916 1.595053
v 15.019515 -33.556499 22.438791
vn 0.429947 -3.063872 -4.893844
v 16.117744 -31.518848 17.428522
vn -2.699294 -3.884685 -3.169615
v 14.451904 -31.518480 17.842773
vn -3.270770 -3.422032 -3.207266
v 15.574959 -33.524321 19.708165
vn 4.245510 0.763653 -4.468078
v 16.694767 -27.155037 17.165469
vn 2.883145 -0.102515 -5.439460
v 17.205831 -29.243188 17.305999
vn -4.514503 -3.127199 -0.657329
v 15.935636 -35.719535 21.226531
vn -1.920425 -3.690411 -3.354096
v 16.859149 -36.081972 20.314663
vn -2.096029 -3.328660 3.313013
v 16.812132 -35.795536 23.324199
vn -1.844123 -4.580808 0.227078
v 16.883905 -36.664328 21.655448
vn 1.749456 -4.473128 -0.418686
v 18.330239 -36.693798 21.506418
vn 1.294672 -2.598753 -3.705685
v 18.194794 -35.769094 19.801515
vn 2.480207 3.615388 -4.188520
v 19.552083 -27.409756 19.587315
vn 1.581440 -3.030136 -5.110366
v 18.621749 -33.193331 19.328154
vn 1.436289 -0.764659 -5.642983
v 21.190196 -30.656922 18.708753
vn -3.815405 -1.161353 4.415686
v 11.600070 -27.360169 21.579645
vn -3.380774 -1.395696 4.636705
v 15.896371 -32.020424 24.544753
vn 0.743943 4.248423 4.305102
v 16.261690 -25.749212 22.090394
vn -0.744542 5.524078 2.299324
v 18.378059 -26.423321 23.037864
vn -1.629313 4.426731 2.058461
v 20.549629 -25.790104 24.998194
vn 3.522956 -3.691352 3.264298
v 3.946995 -20.116947 69.311643
vn -1.273334 -3.776679 4.359708
v 22.468095 2.511131 41.761361
vn 1.727152 -4.691649 3.194103
v 24.424483 2.292003 41.402597
vn 2.684689 -1.409243 3.492046
v 26.006337 4.274342 42.995384
vn 4.280951 -3.975354 0.907652
v 25.845085 2.445941 39.626755
vn 5.603240 -1.163500 -2.319562
v 11.684889 -7.310098 9.117079
vn 5.407286 -0.682176 -2.005220
v 11.424005 -11.351970 12.695912
vn 4.357021 -1.290810 -3.516411
v 13.023853 -13.666695 15.392780
vn 5.244752 1.187797 -1.911921
v 11.726324 -13.731336 13.518150
vn 6.023043 -0.200410 -1.452396
v 12.736552 -6.399728 12.778113
vn 2.526958 -0.083540 -5.405603
v 13.124161 -7.915758 13.331672
vn 1.592728 0.215357 -4.409697
v 16.647859 -8.502260 13.211576
vn 3.321519 -1.314137 -3.288739
v 18.873829 -9.676173 14.852753
vn 1.888577 -5.810293 -0.421810
v 1.019561 -21.731301 62.594164
vn 0.786580 -5.665867 -2.094827
v 0.464031 -22.377723 65.229575
vn 2.705274 -5.435086 -0.766175
v 4.230642 -21.025474 63.326232
vn -0.708747 5.548570 1.687347
v -0.300090 10.268272 57.324618
vn -1.527820 5.508908 -1.630055
v 0.091082 9.986344 53.186246
vn -4.426179 4.207678 -0.796011
v 1.834104 11.503561 54.323535
vn -5.208382 2.316806 -1.899174
v 3.165721 15.560716 56.028226
vn -5.147040 2.505758 2.121703
v 1.718430 11.220728 58.768775
vn 1.375794 -4.055390 4.129456
v 1.444422 -18.045513 42.891360
vn 0.015306 -1.945188 -1.785503
v -0.513935 -16.223868 46.684361
vn 1.915586 -1.237386 5.734534
v 1.407710 -18.804022 71.536593
vn 3.178459 -4.193241 1.214064
v 55.930888 -18.013448 39.591511
vn 0.469737 -1.556887 2.850222
v 54.572095 -16.032871 44.689660
vn -0.069879 -2.223707 -0.042906
v -0.516674 -22.684017 24.557786
vn -1.017867 -5.890479 0.152861
v -1.465040 -20.495896 26.643405
vn 0.991358 -5.351262 -2.659226
v -0.023720 -21.225109 29.720440
vn 2.334436 -5.515642 0.609932
v 0.841006 -20.307599 26.163368
vn 1.875682 -5.706666 0.284489
v 1.350240 -20.335251 23.430998
vn -2.899083 3.049092 4.442200
v 1.052250 -1.457809 73.250243
vn -1.112755 0.421470 6.080352
v 0.722570 -5.820806 74.142779
vn -1.384716 0.488451 -5.862653
v -3.527186 -0.402045 0.681145
vn -2.716387 -0.469863 -5.367429
v -7.589348 -2.657433 2.166242
vn -3.239761 1.222966 -5.072920
v -7.262121 1.053924 2.530719
vn 0.016454 5.084369 2.941216
v -0.360132 -1.333396 62.855095
vn -0.109605 0.769209 6.197752
v -2.878909 3.497065 61.114306
vn 1.985660 1.608655 5.591797
v -2.168526 7.024142 60.395016
vn 2.216251 -0.232058 5.614277
v -4.935881 8.942077 61.623583
vn -0.851664 3.119340 4.900720
v -3.848177 -0.224618 61.732962
vn -1.657209 -1.024270 5.859454
v -6.740772 3.420786 60.663942
vn -3.476750 2.910364 3.080933
v -5.975695 -1.004535 61.020022
vn -0.614407 4.726579 -2.374678
v -6.960380 -1.699869 62.546997
vn -2.787287 -3.435572 1.156807
v -2.488529 -24.527023 70.128177
vn -3.159603 -3.318274 3.935447
v -4.682744 -19.896259 69.749053
vn -3.220716 -5.013124 -0.888220
v -3.535691 -22.068835 66.841165
vn -3.719785 3.405547 -0.904903
v -3.245425 32.257810 15.767170
vn -4.636750 3.218709 -1.920833
v -3.267937 29.615830 11.958637
vn -1.534576 5.134624 -1.208264
v -1.609309 33.750141 18.741825
vn -5.636927 1.038297 0.153139
v -3.607672 31.340509 17.736879
vn -2.944035 3.774176 -1.678153
v -2.279130 35.977978 24.171144
vn -5.369648 2.339595 -0.935436
v -3.128989 32.785863 20.939829
vn -1.448285 3.449543 -3.636828
v -2.387782 26.677297 4.878819
vn -2.697708 5.084646 -1.947163
v -2.425065 27.358544 6.828447
vn -0.206054 -5.267837 2.882354
v -0.527216 26.844721 15.612270
vn -4.702032 -3.447006 1.417001
v -2.824908 28.259158 16.190145
vn -6.026543 -0.109915 0.601208
v -3.572379 29.192813 14.165496
vn -2.081853 1.765482 2.068513
v -2.358159 36.306078 29.780138
vn -4.265236 -0.095327 1.877058
v -3.151493 34.830009 28.678483
vn -2.895590 -3.708432 2.973063
v -2.066636 32.033329 27.654433
vn -5.622379 -0.447892 0.432048
v -3.586494 31.918507 23.298242
vn -4.791816 -2.709449 0.933136
v -3.161213 29.561995 21.241412
vn -2.953684 -2.931962 -2.383862
v -1.280182 -22.006463 53.716642
vn 0.499429 -3.508340 -0.021874
v -0.334291 -22.713235 54.207980
vn 1.093193 -5.675192 -1.631166
v -0.090221 -21.862538 60.058606
vn -2.405170 -5.642113 0.185975
v -1.582829 -21.370997 55.963229
vn -2.905635 -4.624993 -2.790013
v -2.664049 -20.227971 54.029573
vn -2.289287 -5.648434 -1.068129
v -2.038347 -21.509562 60.513571
vn -3.903555 -3.935522 -1.346933
v -5.409441 -19.783283 56.527031
vn -4.884764 -3.504827 -1.670838
v -6.586718 -18.578480 58.899966
vn -0.275470 -1.640550 -5.858985
v -0.654051 -9.755699 2.620648
vn 0.202348 -4.772493 -2.874621
v -0.665288 -13.917651 6.713720
vn -0.007430 -3.702881 -4.720020
v -1.024030 -15.946740 8.554371
vn -0.108200 -2.144437 -0.284311
v -0.508532 -22.792845 17.467782
vn -2.620572 -2.267331 -5.033018
v -2.257897 -10.962850 3.573356
vn -0.210889 -4.661064 -3.139556
v -0.600111 -18.227513 12.205316
vn -1.612966 -4.278893 -3.415646
v -1.916916 -13.358190 5.539492
vn -0.383519 -4.435659 -2.971001
v -2.405115 -16.680722 9.896311
vn -1.565681 -5.560819 -1.800668
v -1.825803 -21.155932 17.043701
vn 0.366033 -3.228989 -4.807544
v -3.199195 -14.526156 6.026557
vn -0.544361 -5.807628 0.909407
v -4.008520 -21.394002 19.075813
vn 1.163779 -3.783145 -4.633712
v -5.743872 -16.799732 8.035262
vn 0.198958 -5.498259 -2.807371
v -1.414781 -20.137666 14.139040
vn 2.401062 -4.551542 -3.545484
v -4.982496 -18.845741 10.949608
vn -1.580021 -2.352645 -5.553873
v -8.655221 -12.895860 6.251284
vn -0.920027 -1.322942 -5.938146
v -9.712887 -16.604271 7.566186
vn -0.212228 -2.412762 -4.335671
v -10.353191 -20.168704 8.149680
vn 2.575764 -4.686006 -2.762948
v -9.592894 -23.377530 12.297074
vn -0.138288 2.341764 -5.785655
v -0.732784 24.968376 4.202160
vn -4.043590 3.946830 -1.422957
v -4.056624 26.119765 6.079124
vn -1.681869 4.932066 -0.076059
v -5.165240 23.844017 4.770103
vn -5.446178 2.573804 -0.047371
v -4.878220 25.379596 9.098535
vn 1.363301 4.028208 -4.240338
v -4.140554 23.125363 3.172653
vn -0.089466 0.918623 -6.084361
v -2.731550 19.927617 1.934001
vn 1.777480 0.483158 -5.184966
v -5.207084 21.780656 1.583277
vn 0.229841 -0.833933 -4.289658
v -7.072380 21.873251 0.750068
vn -2.425498 -0.443584 -4.526432
v -8.140601 22.107242 1.074499
vn -3.899459 -2.556905 -3.420526
v -6.622425 19.620364 3.105109
vn -4.094119 -1.548960 -3.197840
v -8.827531 21.778464 1.766376
vn -2.919636 -3.847664 -1.557255
v -8.394988 20.467064 2.595717
vn -3.362390 -1.650901 4.666894
v -2.869441 25.577679 12.856485
vn -2.198221 1.975680 5.254388
v -2.479171 22.229298 13.941583
vn -5.327138 1.646568 2.568660
v -4.833669 23.829851 10.576228
vn -3.693773 1.548646 4.371999
v -5.600559 18.479695 13.841697
vn -4.894940 2.009233 1.829949
v -6.897172 20.286509 11.287252
vn -5.526081 2.658449 1.032949
v -6.487603 21.744743 7.356151
vn -5.556033 1.105703 2.078936
v -7.285870 17.928110 11.595494
vn -1.907196 0.136367 -5.818267
v -3.339280 14.874898 1.688852
vn -3.600896 -0.865407 -4.501812
v -6.176571 18.227697 2.748582
vn -2.626673 0.369624 -5.529961
v -4.770628 11.425215 2.229304
vn -4.395078 0.253480 -3.436661
v -6.958130 13.660374 3.791222
vn -2.092739 -0.037597 -5.736276
v -4.285826 7.290806 2.057859
vn -5.043080 0.000897 -3.456289
v -6.536123 15.652068 4.204651
vn -3.422517 0.170256 -4.209146
v -6.175527 9.998891 2.596304
vn -5.403783 0.461400 -2.770341
v -7.917273 8.986664 5.239803
vn -3.288572 1.285584 -5.055659
v -6.631936 4.329606 3.085784
vn -6.201733 0.252940 -0.252110
v -7.806620 16.326282 8.133633
vn -4.935873 2.166495 -2.958787
v -8.726609 5.330166 6.195432
vn -5.767090 0.454433 -1.996700
v -7.816952 12.282728 5.745431
vn 1.447746 5.349586 -1.845052
v -1.929372 -1.414056 65.185398
vn 0.797089 5.649228 -1.751197
v -1.226503 -0.170238 68.008972
vn 4.413373 4.103884 0.619858
v -2.924661 1.085856 71.597930
vn 4.567987 1.903567 3.558995
v -2.817441 -0.481714 73.454567
vn 2.962932 4.047519 -2.622294
v -7.163357 5.927872 69.105207
vn 0.125781 5.309347 -1.216115
v -5.038137 -1.097549 63.095527
vn 2.288047 4.076134 -3.671603
v -6.476112 2.394094 65.766814
vn 0.128020 4.251702 -4.427355
v -10.974876 4.949013 67.037060
vn 0.520531 4.073787 -4.737583
v -10.128773 0.527184 63.726868
vn 1.297559 -4.943789 -3.183777
v 0.064525 -16.125512 49.033719
vn -2.182262 -4.917673 -2.157537
v -3.714943 -13.860705 48.388036
vn -3.579762 -3.076536 -2.664633
v -4.917356 -18.426824 52.721886
vn -3.911990 -3.823317 -2.663562
v -6.237486 -13.407200 49.615422
vn -4.757691 -3.384352 -1.866977
v -7.704836 -11.025456 49.913670
vn -5.366632 -1.821949 -1.789859
v -9.462213 -11.083835 52.840548
vn -5.123450 -2.893342 -1.474449
v -8.679531 -13.853626 54.872417
vn 0.990030 3.680479 4.784765
v 1.141575 9.819752 18.219033
vn -1.344132 3.642297 4.734959
v -3.445329 9.788298 17.924709
vn -2.348444 1.746878 5.465211
v -3.357286 16.122335 15.559936
vn -4.383978 1.666919 4.122618
v -6.048440 13.978983 14.044180
vn -3.846273 1.557046 4.279831
v -5.733421 11.297650 16.259587
vn -5.362212 1.374296 2.248889
v -8.158212 11.795856 12.659688
vn -6.086364 1.367226 -0.385521
v -8.485171 10.645925 10.025484
vn -5.522801 2.490724 1.271199
v -8.785406 9.483398 12.288875
vn 1.095854 4.182558 -0.931349
v -6.327851 24.827248 2.902734
vn -0.192979 3.365567 -3.345263
v -7.324471 24.189012 1.672234
vn -3.080248 4.073075 0.635067
v -8.475005 24.292975 3.660679
vn -3.722393 2.750723 -2.541800
v -8.812013 23.573086 2.150950
vn -1.769961 3.288096 3.105853
v -8.009468 24.125037 4.685594
vn -3.818515 1.400655 4.154835
v -7.267874 21.920903 5.845232
vn -5.503866 -0.653538 0.897763
v -7.391484 20.223934 5.135836
vn -4.954501 0.321067 -0.419774
v -9.557049 22.481214 3.138260
vn -4.038892 -0.755932 1.952349
v -9.388240 21.927834 4.277635
vn -5.408663 0.322366 -0.893070
v -8.030109 18.640525 5.780882
vn -0.532913 6.018039 -1.417845
v -1.753975 7.275850 44.322471
vn 0.286856 6.243243 -0.482010
v -2.215646 6.346042 39.652534
vn -0.278508 5.580862 -2.644497
v -2.665588 8.254607 48.123963
vn -2.151641 5.778672 -0.975379
v -5.257028 6.455393 44.986651
vn 1.186969 4.144740 -4.254233
v -5.090255 10.718115 50.846146
vn -3.182884 4.344408 -2.733508
v -6.464614 6.540423 47.374015
vn -2.544888 1.879943 -4.998610
v -8.656802 10.505560 51.037300
vn -5.259359 3.018975 -1.331303
v -9.007442 3.385974 47.164328
vn 5.764155 1.076874 1.832848
v -4.465120 1.237693 76.579423
vn 3.038718 4.867936 -1.977218
v -9.773501 8.999416 72.828290
vn 2.006205 4.757579 -0.303765
v -10.473024 10.355811 75.036910
vn 0.578570 4.654481 -3.994629
v -11.556737 8.353674 70.882311
vn -0.621386 4.558712 -2.187423
v -12.605020 9.956594 72.317810
vn 5.915415 1.015436 -0.543176
v -4.410812 -6.367968 90.566866
vn 5.019272 1.677917 0.081510
v -4.430750 -4.622197 93.552450
vn 5.402550 -1.821885 -0.054747
v -4.443070 -9.460652 91.249242
vn 5.926055 1.612043 0.434117
v -5.098962 -4.201397 86.594975
vn 5.258389 -1.652173 -1.430914
v -4.966747 -6.363414 84.753849
vn 3.861401 4.663527 -1.278422
v -6.581214 -2.637540 92.654731
vn 5.223193 0.652385 2.497221
v -4.977139 -4.656627 95.268561
vn 3.118989 -3.978177 1.266370
v -5.987691 -11.845126 92.786689
vn 3.318308 -2.338563 3.161721
v -5.701931 -9.677508 95.353596
vn 5.053046 3.556046 0.762892
v -5.581299 -3.993369 89.053949
vn 4.703576 3.451368 -0.832949
v -6.979388 -1.056567 95.716909
vn 1.906352 -4.642719 -1.886410
v -6.513510 -11.859041 90.417859
vn 3.158235 5.213715 -0.395656
v -7.327768 -2.298546 89.988777
vn 0.052597 -4.883484 0.340433
v -7.956364 -12.668540 92.384736
vn 4.156998 0.405550 3.421999
v -7.024134 -1.991564 97.987606
vn 2.534179 -1.589192 4.815775
v -7.239815 -6.185413 97.705543
vn 3.244146 -0.705337 4.625054
v -9.162553 -2.643787 98.541642
vn 2.675006 4.861590 2.648926
v -8.814562 -1.445106 88.673466
vn 2.084366 4.353370 -3.809303
v -9.357257 -0.614644 93.878914
vn -0.905179 -3.757046 3.707201
v -9.398941 -10.703424 95.587857
vn 1.389133 -2.376971 4.299298
v -10.166995 -4.070030 99.774856
vn -2.768313 -3.990425 -0.369395
v -10.525905 -11.942890 92.084250
vn -2.494515 -2.678920 4.273516
v -10.561763 -7.496111 97.098528
vn -4.429306 -1.912348 2.390112
v -11.778946 -9.140513 95.016161
vn -2.320397 -4.029211 3.829427
v -11.456681 -4.545377 98.976838
vn 3.012710 2.690511 -4.489632
v -5.432249 12.829827 52.354704
vn 1.843137 1.856080 -4.437788
v -6.516947 15.299920 52.259169
vn 0.193356 2.104194 -5.837459
v -7.366867 12.445049 51.918169
vn -5.266653 1.567288 -2.902161
v -10.231531 4.904285 51.476620
vn -5.715759 -1.696535 1.572386
v -11.460495 3.183469 55.961598
vn -6.004192 -1.102878 -0.914043
v -12.586175 8.079677 56.989382
vn -5.133228 -0.280850 -3.417344
v -11.689976 10.196448 53.968970
vn 1.218151 -5.928290 0.361798
v 0.158926 -21.011418 38.581052
vn 0.015636 -2.190508 -0.218895
v -0.487563 -23.841699 31.539387
vn -2.675774 -5.295141 -1.460493
v -2.196721 -21.222784 30.451154
vn -2.253103 -3.640779 4.319825
v -4.264047 -16.634848 43.313246
vn -2.274654 -5.535542 1.132545
v -1.855274 -21.567501 33.425798
vn -2.720736 -5.297946 1.087613
v -1.951449 -20.698850 39.456404
vn -2.232774 -5.704602 0.739013
v -5.108425 -20.232253 35.530581
vn -2.808101 -4.607503 0.293179
v -7.513049 -19.655195 34.867739
vn -3.945934 -4.547936 -1.033058
v -7.084109 -18.599713 29.768330
vn -4.563791 -3.904889 -0.943471
v -7.445825 -17.398662 28.267141
vn -3.487524 -3.743052 2.913073
v -7.157600 -17.197167 40.730650
vn -5.397964 -1.957681 2.314070
v -9.504227 -9.185657 43.078735
vn -4.579268 -3.470254 -0.379278
v -9.028816 -17.978858 34.174518
vn -4.031750 -4.599481 -0.480460
v -9.290878 -16.612804 32.061884
vn -4.344820 -4.246762 1.202852
v -10.089937 -15.729607 35.272849
vn -4.029703 -4.203627 -0.631351
v -10.479983 -16.020947 31.121152
vn -4.639817 -2.720862 2.703686
v -10.433414 -13.795541 39.528621
vn -5.632063 -0.591021 1.855476
v -11.571476 -11.342221 38.918439
vn -4.433948 -3.647374 0.604811
v -11.826364 -14.730827 34.671904
vn -1.950327 5.470740 1.950964
v -6.759886 6.850996 20.594907
vn -1.872621 4.815397 2.027700
v -9.231760 5.532382 25.405684
vn -3.582792 2.646242 4.012422
v -5.372587 9.891207 16.724117
vn -4.554590 2.798361 3.107821
v -7.763173 9.309862 14.271448
vn -3.847551 4.098422 1.158919
v -11.650602 4.603225 23.266689
vn -4.307035 4.221428 1.083582
v -10.394611 5.292708 16.017095
vn -4.334269 1.296461 -3.483034
v -9.047111 3.385414 4.578905
vn -4.076245 4.085286 -0.576420
v -12.309557 4.304544 18.255091
vn -5.239011 3.106212 -1.278659
v -10.002269 7.004910 11.244947
vn -4.837096 1.866865 -1.581027
v -11.369582 5.087474 9.802408
vn -5.119075 2.797592 0.549230
v -12.046871 4.682294 13.383022
vn -5.829911 1.794789 -0.666132
v -13.468974 0.484179 14.885804
vn -5.295238 2.023516 -1.239700
v -14.625596 0.310027 17.249386
vn 5.055653 1.199960 2.037613
v -6.299749 24.415760 62.598589
vn 3.380498 2.646888 -2.497876
v -7.253491 26.452706 58.834062
vn 3.073493 -0.489811 4.785695
v -6.109852 14.583858 63.084381
vn 2.783470 3.613990 -3.621452
v -9.708410 28.214492 59.184124
vn 4.405648 3.622339 0.432854
v -7.943163 27.901476 62.448877
vn 5.217268 1.319975 2.629040
v -9.305213 27.311562 66.015964
vn 4.092386 -1.993005 3.988246
v -10.376404 24.538417 66.692504
vn 1.514319 -1.171716 5.203907
v -9.364260 18.560359 65.343984
vn 3.214080 4.381890 -0.924150
v -10.760910 30.462183 61.326169
vn 1.190238 3.545877 -3.386730
v -11.009219 29.739205 59.402142
vn 3.240475 4.709590 0.869013
v -10.372008 30.014416 64.024254
vn -0.576069 4.676396 0.234342
v -12.797560 31.302769 62.341238
vn -2.763299 3.398885 -1.827613
v -13.669066 30.679312 61.160412
vn -2.864605 4.889353 0.333101
v -13.712599 30.169161 64.340915
vn -1.187885 4.902358 -1.888915
v -2.835376 6.339377 35.600927
vn -0.404552 5.935890 -1.126778
v -3.394020 4.619946 30.706197
vn -1.160704 5.358206 -1.453463
v -3.629730 5.293474 32.311738
vn -3.056471 4.837298 2.028629
v -7.302664 3.349418 30.326252
vn -3.189208 5.191230 -1.364165
v -5.889366 5.268482 37.294673
vn -4.389137 4.188302 -0.444060
v -6.967457 3.088375 32.488160
vn -5.262804 2.776221 0.359128
v -7.987866 0.915935 32.871891
vn -4.848172 2.203883 3.044288
v -9.726805 0.491119 30.367561
vn -4.754892 2.031798 2.870320
v -12.237276 1.177930 26.655850
vn -5.924058 1.724904 1.013700
v -10.230985 -2.109659 30.747116
vn -5.518687 2.509862 -1.164405
v -9.424123 -1.272625 35.466147
vn -5.812606 1.721359 -0.826388
v -10.381450 -1.531859 37.618895
vn -5.895498 1.746740 -0.325526
v -10.848975 -3.636450 36.296554
vn -6.138827 1.230469 0.259231
v -10.993076 -5.511438 31.322875
vn -4.491452 -4.178911 -0.049786
v -7.288036 -10.682983 47.155681
vn -4.148542 -3.227802 3.274981
v -7.487600 -12.104417 43.677949
vn -4.727182 -2.681310 -1.153678
v -9.518998 -9.221912 48.977396
vn -6.041095 -1.383622 -0.775395
v -9.876868 -8.145880 52.566077
vn -6.164433 -0.090937 0.914920
v -10.564779 -5.373950 42.012889
vn -5.867764 1.295262 -1.029614
v -11.130383 0.065657 48.774622
vn -6.083842 0.814450 -0.696100
v -10.403599 -1.420955 44.605860
vn -4.857281 -1.180480 -0.569201
v -11.749623 -3.623513 47.891809
vn -5.761667 -2.075777 -0.713515
v -9.476620 -7.425837 47.699854
vn -6.054681 -1.132650 0.724062
v -11.228026 0.001561 52.623427
vn -6.090298 -0.892058 0.949161
v -10.959468 -3.012692 51.018981
vn -2.072875 4.667969 0.157352
v -7.588131 -2.380353 60.390840
vn -3.246381 4.332830 -2.038217
v -9.522266 -2.866399 59.581737
vn -5.333997 1.056861 2.044064
v -9.065973 -2.112103 57.797701
vn -0.561999 4.389314 -4.245493
v -10.430949 -1.560102 61.600527
vn -5.963934 -0.589053 -1.461103
v -10.391900 -8.446126 57.262078
vn -6.195262 -0.345397 0.330062
v -10.371152 -5.641643 53.451581
vn -3.464316 1.977568 -4.553841
v -11.903940 -3.379593 60.832590
vn 3.017194 3.898131 3.145271
v -7.482858 0.709154 85.614294
vn 2.951741 3.490186 3.171689
v -7.634504 4.404794 81.779014
vn 3.952157 4.229520 1.656855
v -9.142051 8.803306 76.875275
vn 0.143999 5.038381 3.452963
v -10.209869 0.835613 86.406279
vn 1.239159 3.959124 2.657928
v -10.737257 9.842741 77.825977
vn -3.299015 3.689728 3.598718
v -12.025010 0.971791 85.423102
vn -1.871945 4.896410 1.643433
v -12.910332 10.053687 76.628473
vn -0.646694 3.581361 4.258473
v -11.506314 6.691575 80.786087
vn -4.895451 0.450497 3.101605
v -16.054169 3.055131 79.102528
vn -4.017333 2.460120 2.281608
v -16.228937 7.271652 77.323632
vn -3.710786 -4.750597 -0.616468
v -8.470727 -19.212870 64.328821
vn -5.305505 -1.904136 -2.438030
v -9.631072 -12.852981 59.053616
vn -4.387293 -3.765614 0.836435
v -11.927743 -16.296403 67.275627
vn -4.711916 -2.224183 -2.104255
v -12.872569 -14.346428 63.351775
vn -5.311753 -1.183056 -3.072070
v -13.646418 -9.509674 63.841306
vn -5.555858 -1.248930 -1.018240
v -15.417452 -9.087392 66.948789
vn -5.129516 -0.985751 -3.404409
v -12.398580 -8.104633 61.217593
vn -4.732533 -1.104366 -3.122974
v -15.444383 -5.248872 63.817637
vn 5.724882 0.844623 -0.686767
v -8.964218 5.241223 100.440812
vn 4.296120 -1.107761 2.746872
v -9.084014 2.497681 101.074436
vn 3.701106 -1.662007 4.042752
v -10.419554 1.229310 100.886850
vn 4.371376 2.622450 -2.865219
v -9.705159 4.117807 97.448220
vn 3.381560 -1.620149 4.298880
v -10.865354 -0.929867 101.473230
vn -0.994459 -3.999322 4.633505
v -12.294580 -0.012078 102.248965
vn -4.243509 -1.375034 -4.210602
v -10.858444 -6.609054 5.525211
vn -3.623857 -1.015719 -4.888925
v -10.441453 -13.424025 7.211648
vn -4.084741 0.292440 -4.079271
v -11.315489 -2.564979 4.678322
vn -5.014534 0.464443 -2.665575
v -13.153692 -2.170131 7.148133
vn -5.546348 -0.439807 -2.511283
v -12.163833 -11.399458 8.863835
vn 2.645407 0.971317 -0.413045
v -8.121873 21.246180 101.499923
vn 1.043427 1.305694 -3.082946
v -9.491748 21.314350 100.161789
vn 4.904781 -0.243881 -3.658088
v -10.881741 13.281704 102.644441
vn 6.004449 1.360915 -0.858339
v -10.209030 10.957587 103.465271
vn 6.205853 0.131553 0.138431
v -9.966182 10.295254 105.088921
vn 4.518098 -0.505256 3.186917
v -10.401766 9.980368 107.484886
vn 4.671169 -1.422979 2.460101
v -9.757623 6.946720 104.367353
vn 2.448485 -3.678488 4.322885
v -13.744592 6.793728 106.907189
vn 3.790887 -2.139202 4.129001
v -11.575161 4.962348 104.019629
vn 2.720926 1.260118 4.611494
v -12.125925 14.964155 108.718384
vn 2.623705 -0.982011 4.046621
v -12.044057 9.264087 108.982416
vn 2.571795 -2.072372 4.124719
v -12.561584 3.530289 105.246022
vn -1.721992 -3.034107 4.257999
v -15.489176 4.673602 106.216579
vn -3.752114 -3.909431 2.624435
v -15.610811 0.682290 101.157628
vn -1.912885 -4.156689 2.962667
v -19.399614 8.745549 109.321240
vn -0.854466 -4.494705 2.903007
v -15.681723 7.243537 108.434894
vn -2.581316 -3.338132 2.515179
v -16.812663 8.127265 106.290334
vn -4.102067 -3.357092 2.204170
v -17.892625 4.037136 103.438208
vn -2.996651 -4.047545 2.879249
v -18.947242 6.478323 104.663678
vn -0.181461 -4.262423 0.928746
v -17.750421 8.856132 107.079800
vn 5.186192 -0.768750 0.325014
v -7.123247 30.853749 81.920960
vn 5.069724 2.035279 1.115477
v -7.728237 34.622025 82.109412
vn 4.402282 -2.019873 -2.189843
v -7.604072 30.276418 80.457664
vn 4.402536 -1.860437 2.061496
v -8.181503 29.297256 84.342504
vn 5.912583 0.132869 0.344568
v -8.345736 38.274101 89.860229
vn 5.777648 -0.500734 1.233511
v -9.923614 33.558967 86.379773
vn 4.814330 -0.841336 -3.516237
v -8.934630 31.279159 78.495939
vn 3.236098 -4.663244 -0.731925
v -10.268680 26.894010 81.536090
vn 3.902713 1.009735 -1.988734
v -8.518509 38.917352 86.483536
vn 5.339400 1.817869 -0.170842
v -10.030274 35.837302 84.837417
vn 2.539222 -3.731750 2.634312
v -10.612539 27.131652 85.345598
vn 3.170791 -5.077187 0.731183
v -12.565909 29.911756 88.714211
vn 4.413063 -2.852428 2.889676
v -10.971610 31.072116 87.390998
vn 0.951839 -4.471036 3.863730
v -14.304258 28.868460 87.512480
vn 0.021957 -5.662363 0.633124
v -13.894902 25.758313 83.577443
vn -0.350726 -3.909760 3.451530
v -14.543121 26.785185 86.452160
vn -0.578482 -5.941258 0.138998
v -16.644681 28.975871 88.973451
vn -3.103425 -4.794106 1.811337
v -17.577847 29.333986 86.897579
vn -3.307650 -3.816479 1.053446
v -18.639029 27.204596 83.743134
vn -4.476640 -3.196178 -1.165638
v -22.272190 31.835114 88.985544
vn 2.891913 -5.186599 -1.598095
v -5.888740 -21.274190 14.635503
vn 1.703248 -4.876431 2.806201
v -5.925993 -21.206797 18.895146
vn -0.368737 -2.070267 5.471333
v -7.901487 -18.496761 21.610537
vn 3.468011 -2.668260 4.156916
v -8.374466 -22.336465 20.217750
vn 4.052431 -4.221332 -0.096084
v -7.845846 -23.863957 16.933622
vn 3.737025 -1.694872 3.790930
v -12.353573 -27.309752 21.274697
vn -1.528782 0.081140 5.861644
v -11.102408 -18.063154 21.147562
vn 1.077853 -0.810250 6.012088
v -9.750532 -21.109701 21.158596
vn 4.047001 -3.754434 -1.368208
v -11.871210 -28.123398 17.751540
vn 0.014339 2.359642 5.455863
v -15.428091 -25.343692 22.124630
vn -4.235083 3.003883 2.930550
v -16.802732 -23.918423 20.493697
vn 0.049700 4.741802 -0.158492
v -10.282479 22.162091 101.734929
vn 2.402093 2.787389 3.205500
v -9.560635 21.103010 103.498045
vn 5.384610 0.759260 2.366924
v -9.802690 15.896468 105.277771
vn 1.916117 3.623480 4.303260
v -11.435545 19.959066 104.941364
vn -0.227328 5.853081 1.980770
v -12.722500 21.050223 103.254452
vn 1.576534 4.305744 -3.158462
v -14.641500 20.874664 102.124013
vn 1.614008 4.802634 3.038303
v -14.811628 21.052913 104.844888
vn -0.010257 4.360139 4.318542
v -18.244461 22.139418 104.507673
vn 1.385396 3.510854 -0.924916
v -18.046031 24.756291 101.322035
vn 2.356968 -3.350605 4.254629
v -7.208495 -6.253401 75.953481
vn -2.398138 -4.074070 2.972946
v -8.351704 -18.406437 69.843365
vn 1.112419 -2.844857 4.933888
v -8.737925 -7.197657 75.499836
vn -1.664188 -3.054773 4.208946
v -9.158544 -15.696479 72.097337
vn -1.362938 -5.740354 0.528292
v -9.336410 -6.398483 77.083019
vn -2.778145 -2.854973 4.328557
v -11.664870 -11.000440 73.394804
vn -5.079802 -2.692820 2.436815
v -14.469764 -8.616762 71.276984
vn -5.771844 -2.055062 -0.740505
v -15.907949 -5.729248 67.722233
vn 5.696032 -0.136963 1.524564
v -10.640263 27.561412 69.445973
vn 3.080232 2.549689 -4.552611
v -11.496274 33.611079 76.265485
vn -1.904441 -3.849308 3.490678
v -13.151045 22.830419 66.299198
vn 2.555616 4.627846 -0.224947
v -11.822694 30.376038 69.028045
vn 4.409952 -3.669024 -1.672605
v -10.663968 27.836198 78.456256
vn 5.414679 1.290308 -1.707887
v -11.511308 30.462115 74.518858
vn 4.777675 -3.384144 1.074309
v -12.291086 26.450866 76.158350
vn 2.460789 -4.760910 1.108084
v -12.942600 23.438375 69.739761
vn 3.175364 -4.214968 1.131155
v -13.143351 23.906808 74.258693
vn 0.845927 -4.565449 0.293858
v -13.536207 23.427293 72.113978
vn -2.431669 -4.676635 1.235615
v -14.502902 23.859906 74.675968
vn 0.138758 -3.794446 2.245265
v -13.965506 23.887986 75.422826
vn 0.576894 -6.005208 0.531932
v -13.973876 26.222585 78.564321
vn -0.167150 -5.211205 2.469673
v -14.325975 25.730385 77.261085
vn -3.819802 0.797429 3.604104
v -11.745268 -6.809358 27.081813
vn -4.750016 -0.986546 2.567117
v -11.603465 -8.200791 27.644475
vn -5.958118 -1.084333 -0.731262
v -10.623798 -10.809775 26.672427
vn -6.198123 0.764397 -0.456543
v -11.660889 -10.998885 32.820948
vn -5.363294 -0.686959 0.391246
v -12.470976 -13.435465 34.909461
vn 5.047415 1.129141 1.163135
v -4.965692 20.313059 61.082782
vn 5.186069 2.385037 -1.956135
v -4.473578 16.195278 55.973457
vn 2.621127 2.662643 -4.384994
v -8.010633 20.862209 55.438134
vn -2.592161 1.186722 -4.771289
v -10.707398 15.436610 52.808604
vn -2.114933 1.386307 -4.890552
v -11.755233 20.002032 54.694750
vn -2.119873 1.987777 -4.224686
v -13.132455 24.871010 56.689298
vn -5.481557 -0.778669 -1.814534
v -13.987031 14.142118 57.084473
vn -5.331914 -0.856143 -1.001568
v -15.027268 17.205591 58.616889
vn -3.788019 -1.711280 3.443481
v -14.159157 19.722523 64.651079
vn -5.248371 -1.787731 2.316285
v -13.358292 13.251755 61.057279
vn -5.250895 0.045387 -1.633926
v -15.627964 21.891120 59.117377
vn 4.671288 -0.785170 1.657664
v -8.489923 35.692498 92.361074
vn 4.611387 2.563384 1.488544
v -8.655957 39.669355 90.115760
vn 4.213528 3.135892 2.591423
v -10.483172 41.753256 90.007716
vn 3.408873 1.505176 4.121418
v -9.378465 36.698132 93.301691
vn 1.729636 -0.902996 4.651890
v -12.484408 32.437502 95.485268
vn 1.999450 -3.396042 2.627508
v -12.669284 30.675154 94.583702
vn 0.800989 2.284879 5.394991
v -14.581226 39.122929 94.174385
vn -1.608498 1.544539 5.673261
v -19.549825 36.642190 94.376235
vn 0.567038 -4.964668 2.198662
v -16.398061 29.296747 93.293161
vn -0.035132 -0.817937 5.871890
v -16.833131 32.424237 95.311246
vn -2.400514 0.098247 4.999012
v -20.578654 32.351796 95.071128
vn -1.360320 -2.758042 2.635823
v -20.194003 29.900307 94.805178
vn -3.218661 -4.170179 0.309420
v -20.911162 29.869980 92.556597
vn 5.614068 -2.157494 -0.392317
v -5.457575 -3.323859 79.984808
vn 5.208322 -2.578107 -2.101542
v -5.924322 -7.613947 84.873965
vn 4.253112 -2.973630 0.833931
v -7.193717 -4.631435 77.463697
vn 3.751238 -3.768451 -1.765748
v -5.715547 -10.231217 88.107525
vn -0.044482 -4.844826 -1.558331
v -7.799276 -10.811006 86.619736
vn 5.085828 -2.425519 -1.886453
v -6.827709 -5.383608 80.718674
vn -2.367977 -4.991485 -2.259118
v -9.458095 -10.950968 89.336186
vn 4.441842 -3.601937 -1.099515
v -7.509547 -6.056464 78.201990
vn 3.736096 -3.284044 -2.232381
v -6.765279 -7.960340 82.405558
vn -1.208979 -5.274760 -2.427871
v -8.651369 -8.675883 83.010046
vn -1.188140 5.031068 2.494659
v -10.439514 -1.588406 90.920869
vn -1.219138 -4.348942 3.634466
v -10.604759 -5.909759 76.506359
vn -2.216884 -4.921667 0.662408
v -10.992652 -5.097173 77.815567
vn -5.651852 0.261530 -0.006464
v -11.188515 -3.356800 92.381243
vn 0.327359 5.661363 -1.568097
v -9.170895 -1.637755 92.043337
vn -2.533434 -3.840500 3.850256
v -12.968381 -5.812520 76.469789
vn -4.819456 -3.247186 -1.378971
v -11.035025 -9.201665 88.569464
vn -5.286830 -1.603103 -0.508478
v -12.198814 -9.339043 92.208205
vn -4.163965 2.385833 1.985760
v -12.496474 -1.187529 88.453525
vn -4.445482 -3.717967 -0.866688
v -11.800467 -7.190111 84.197703
vn -1.084590 2.796817 -5.389407
v -11.222578 -1.001268 93.334895
vn -6.137256 -0.245512 0.384776
v -11.687036 -6.464054 90.076902
vn -4.908422 0.960692 -0.119061
v -10.636236 -5.338719 92.902342
vn -4.848027 -3.596317 -0.256931
v -12.980985 -4.798944 81.153989
vn -5.886849 1.609436 1.297522
v -12.707781 -1.176145 86.224100
vn -5.768645 0.351232 0.040311
v -12.049858 -6.995900 94.192368
vn -4.664321 -0.817418 -1.801398
v -12.497958 -0.996784 96.430088
vn -4.157584 -3.782979 2.144080
v -13.853743 -4.627767 77.074648
vn -4.812550 -0.267859 -2.369627
v -11.035020 -4.245219 94.249239
vn -3.764157 -1.410007 -0.800888
v -15.026217 -1.977070 98.254958
vn -5.601817 -0.851365 2.149421
v -14.833787 -0.417916 80.604682
vn -3.888732 -0.214154 -3.921727
v -14.126033 1.836709 98.867519
vn 5.418668 2.519636 -1.102370
v -10.338909 41.468230 87.936867
vn 4.659313 1.669428 -3.609217
v -11.131988 38.971164 84.862665
vn 1.201360 3.130702 2.728057
v -12.456292 47.451389 88.393928
vn 1.385461 2.113319 -1.190493
v -11.673007 48.942242 85.029292
vn 3.303953 1.109318 -1.738349
v -10.768608 46.950670 84.944957
vn 3.344110 0.799976 -4.507925
v -12.208520 41.856481 83.589027
vn -0.417469 3.668383 1.145371
v -12.682017 49.084911 86.277098
vn -1.910825 2.448453 -2.996022
v -14.335346 47.700060 84.499672
vn -4.435224 2.833556 -0.791330
v -14.908031 47.261519 85.167045
vn -3.187906 3.355895 -2.908750
v -15.686066 45.314903 85.885642
vn -0.031304 2.820280 -4.252406
v -16.924464 40.829803 84.137002
vn 0.895093 3.287833 4.699782
v -14.628195 43.018064 92.056984
vn -2.330119 5.143962 1.878686
v -15.450846 46.049384 88.164904
vn 2.778286 0.103031 0.270438
v -14.022962 23.683430 38.297510
vn 1.914589 -3.658609 2.394557
v -15.742749 22.422413 39.428469
vn -3.204360 1.877817 -4.670176
v -14.024889 -1.066838 63.025439
vn -2.746719 4.015259 -3.267099
v -14.305080 8.232245 71.211278
vn -2.585394 2.879943 -4.163644
v -14.428723 1.407237 64.539609
vn -3.065502 3.342452 -3.306107
v -15.213023 4.817885 67.799586
vn -4.927247 0.935525 -3.518524
v -16.797801 -2.114530 65.719462
vn -4.612780 1.456912 -2.535054
v -17.782931 -0.351463 67.698154
vn -4.828760 -1.934581 -1.568929
v -16.843485 -4.377538 65.732291
vn -4.324255 2.524098 -0.626059
v -16.591374 7.781971 73.949381
vn -5.188836 2.466196 -2.364117
v -17.206101 2.279270 69.243190
vn -5.898404 -1.138903 -0.220317
v -17.873797 -1.577020 68.434725
vn -5.465203 2.514673 -1.474626
v -16.533943 5.370625 72.096142
vn -5.706604 1.796582 -0.650534
v -16.576124 5.298599 75.741026
vn -5.736028 0.802160 1.089490
v -17.270006 3.891885 75.766716
vn -5.483945 0.637168 0.180934
v -18.151058 2.255304 72.248237
vn -5.737568 -1.675278 1.853803
v -16.892029 0.254325 74.717996
vn -4.077083 -1.705124 -4.124555
v -15.124040 -23.812701 13.867486
vn -0.807980 -3.958451 -3.981858
v -12.382169 -24.106976 12.143787
vn -3.702968 -1.023311 -4.464363
v -12.715191 -19.054059 9.167678
vn -5.475222 1.082488 -2.181564
v -13.020889 -14.440897 10.246953
vn -5.070949 0.914880 -2.480947
v -14.786026 -17.930124 11.591532
vn -4.124883 -0.663321 -3.316370
v -13.987739 -14.169642 15.606220
vn -3.526453 -4.583611 1.190340
v -14.706181 -14.581335 18.876025
vn -5.524579 -0.243370 2.002194
v -14.537851 -15.555948 18.156076
vn 0.429170 -3.768231 -4.442449
v -13.543656 -26.002492 14.460033
vn -4.560972 2.135082 2.935356
v -15.385438 -18.668888 18.818798
vn -5.760346 2.016208 -0.485341
v -15.836157 -18.463010 15.452826
vn -2.411252 -1.132448 -5.416099
v -16.814082 -28.860128 16.629779
vn -4.913070 1.881445 -2.552410
v -18.174168 -25.968119 18.080333
vn -5.536214 0.741063 2.230958
v -10.634730 -3.036947 29.132892
vn -3.588236 2.145861 4.152005
v -13.667577 -4.147002 25.610267
vn 2.319456 4.075867 3.237773
v -14.541181 -4.724346 25.946370
vn -4.430178 1.524618 -1.838081
v -13.587006 -2.663158 15.339364
vn -2.456841 2.563866 -4.952939
v -14.822232 -5.067614 14.054024
vn -2.906517 4.858191 0.711421
v -15.957166 -2.912596 21.335969
vn 5.119200 0.466071 3.477509
v -15.412745 -5.922825 28.308596
vn 0.696112 -0.980716 5.822155
v -13.418040 -8.372658 27.131494
vn -3.442650 4.134912 -2.441023
v -15.434628 -2.600723 16.766900
vn -1.526160 3.775313 -3.312573
v -16.614319 -3.609308 15.196765
vn 4.916690 2.103199 1.697156
v -16.410482 -3.232915 29.749336
vn -3.318586 4.517405 -1.667553
v -18.391871 -3.747456 17.649001
vn -3.802971 1.396686 -3.859471
v -19.443207 -7.989363 14.408022
vn 2.668789 5.011969 -2.107573
v -17.490631 -2.664527 26.713961
vn -2.700791 -1.515753 -0.620225
v -20.771346 -9.038166 15.888074
vn 0.626049 5.872517 -1.492246
v -18.291208 -2.720673 25.967192
vn -1.882971 5.899414 -0.857468
v -19.183801 -3.420157 22.409395
vn -4.409334 2.864710 -0.759922
v -22.093946 -4.638295 23.044057
vn -4.919463 -0.046921 -1.236394
v -22.251535 -7.261744 20.139911
vn -3.578765 -4.407172 -0.554851
v -18.613771 -13.120070 19.610794
vn -2.167929 4.927563 -2.593526
v -15.400478 31.566870 73.029055
vn 2.213370 4.430899 -3.548885
v -13.172700 32.079423 74.444612
vn -5.493973 2.182062 -1.317478
v -15.163771 27.878311 62.467074
vn -2.484378 -5.550201 0.381681
v -14.045050 23.488574 69.045215
vn -5.794287 -1.164318 -0.233707
v -15.808648 24.746604 63.472846
vn -4.591838 -1.031815 -0.803479
v -16.757184 25.584352 65.547636
vn -3.728697 4.080147 -1.696180
v -15.695478 29.695730 69.288676
vn -4.669314 -2.003107 -0.375875
v -17.693981 26.226373 72.040239
vn -4.624999 2.594785 -2.959158
v -17.420724 31.175925 75.331441
vn -5.164712 1.176817 -1.092597
v -18.165972 29.278442 73.951658
vn -3.664423 -4.585974 -0.026237
v -17.243779 26.966988 78.042607
vn -5.795296 -1.254113 -1.439500
v -18.231634 29.291609 76.813163
vn 1.671899 2.278693 -2.178561
v -15.236140 24.778944 36.948919
vn 1.052637 3.569986 2.712323
v -17.170816 25.289269 39.840077
vn 0.196869 4.739147 -1.346029
v -20.059798 25.701499 38.210577
vn 2.076318 0.141923 4.276683
v -15.857823 23.665830 40.122834
vn 1.820454 1.425138 5.485048
v -22.514579 24.506891 40.368662
vn 1.393082 -2.071815 -2.461126
v -15.450291 22.538411 36.737198
vn 0.126248 -5.590073 -1.076348
v -17.921384 21.989798 38.160566
vn 2.296311 -4.637084 3.186941
v -22.969699 21.998065 39.530473
vn 4.728150 1.803534 -2.277138
v -8.154585 35.148121 79.857360
vn 2.806081 3.599470 -1.394259
v -9.717857 37.619553 79.785436
vn -0.156934 5.413190 -1.164757
v -14.218506 38.855873 79.797244
vn 3.674935 3.704214 -1.806754
v -12.048001 38.140461 83.017502
vn -0.340407 3.901494 -3.678866
v -14.572774 37.880756 77.881257
vn -0.408954 3.638991 -4.807003
v -14.492477 33.715033 75.443426
vn 0.255430 4.021359 -3.276700
v -14.263946 38.723441 82.379660
vn -1.364641 2.019727 -5.205658
v -14.802845 42.247230 83.201540
vn -1.898152 0.199433 -4.313321
v -15.363889 40.375484 82.529240
vn -3.938879 2.062796 -3.213098
v -19.054899 35.400365 78.383460
vn -3.571831 3.660879 -1.400723
v -18.907595 37.052409 79.994776
vn -2.655019 3.485775 -3.035348
v -17.837737 37.592768 82.574628
vn -4.995132 2.007317 -2.385154
v -19.403698 36.395924 82.892763
vn -3.967675 0.271981 -4.557122
v -19.931909 40.255560 84.711892
vn -5.339724 -2.372530 -0.375837
v -20.066143 31.667504 85.296472
vn -5.010222 -0.479961 -0.268933
v -21.158863 31.563812 81.910676
vn 3.318005 -1.844370 3.772299
v -18.640137 -4.101151 33.144119
vn 4.947193 0.174599 1.423778
v -18.798321 0.367721 35.735696
vn 1.743035 -3.972734 3.801031
v -21.194009 -0.747003 37.589940
vn 4.195890 -0.767668 2.696561
v -20.588836 3.604842 40.641627
vn 3.062721 3.425326 -1.860699
v -19.500496 1.587578 31.760107
vn -0.010621 2.313018 -5.147335
v -12.469568 2.618279 94.729198
vn 0.919372 1.385713 -5.472870
v -14.453213 11.759767 98.627851
vn 1.843052 2.778432 -5.195039
v -12.572716 7.496940 97.772982
vn 0.507445 0.611897 -5.848426
v -12.370581 18.509976 100.487722
vn -1.293901 2.097972 -5.230066
v -15.442765 6.685894 96.942408
vn -3.898044 -0.980404 -2.153719
v -14.205555 1.528485 95.269333
vn 0.718962 1.488757 -6.012980
v -16.442456 17.574708 100.032266
vn -4.648609 -0.821465 -2.105661
v -15.680115 0.084915 99.344319
vn 0.545281 2.658295 -5.316398
v -14.790121 7.815328 97.933082
vn -5.001907 -2.640513 -0.512594
v -13.954764 2.488748 98.066356
vn -0.447603 1.374767 -5.721471
v -17.205358 10.085918 98.373667
vn -4.471666 -1.703525 -2.499378
v -16.025491 5.062334 99.779657
vn 0.251608 1.512142 -5.724726
v -16.645773 11.559247 99.188100
vn 0.738708 3.404798 2.063113
v -18.611582 24.599381 102.678960
vn -4.274159 -1.674760 -2.038604
v -17.594259 7.065975 98.423048
vn -1.288015 0.370878 -5.599010
v -19.519353 13.658414 98.957866
vn -4.392531 -1.438616 -2.350552
v -17.713131 3.588371 100.892659
vn 0.185403 1.832690 -4.485341
v -18.770528 23.642177 100.128208
vn -4.185464 -1.507573 -1.928130
v -18.037687 9.044745 102.015740
vn -4.282746 0.374120 -3.588378
v -21.691477 16.089167 100.432270
vn -4.065495 -1.773579 -2.234385
v -20.993575 12.409080 99.945617
vn -4.714175 1.399365 -2.890803
v -20.956253 20.637453 101.166228
vn -3.729181 -2.012986 -2.343731
v -20.142097 12.083602 103.433825
vn -5.080025 -2.444027 -2.229251
v -21.996461 14.206730 102.306694
vn 0.986353 3.049927 3.563674
v -20.756597 34.471948 48.268364
vn 0.136396 0.803715 5.180170
v -21.365085 31.207077 49.938752
vn 4.500199 -1.011723 -2.938520
v -19.661036 31.670411 46.320023
vn 5.239674 0.460115 0.531172
v -19.183097 31.593612 47.764979
vn 3.473463 -1.908884 -0.190760
v -19.873838 27.050590 48.238544
vn 3.764284 0.794937 4.012618
v -19.977510 31.404716 49.251792
vn -0.438499 -2.855725 -5.166665
v -21.751412 30.564098 46.203146
vn 0.848323 -2.352132 2.121781
v -21.178469 26.118153 49.432674
vn -0.643936 -2.071607 -1.714343
v -22.152451 26.009565 47.071340
vn 1.259058 5.570326 1.676072
v -17.124770 45.708045 88.351190
vn 0.077207 4.384671 4.310113
v -17.747706 44.656359 90.174179
vn -3.325142 2.796792 2.096496
v -22.409140 48.349489 86.361975
vn 3.706645 2.972363 0.633148
v -20.095496 34.775104 47.201600
vn 3.548609 3.076566 -2.318180
v -20.766258 34.721313 44.736291
vn -0.106137 4.566557 1.602118
v -21.079781 35.221315 47.246932
vn -0.309247 4.411625 -1.890678
v -23.383485 34.370913 42.835702
vn -0.594710 4.355882 -0.514601
v -22.127872 35.504966 45.033637
vn -4.444855 2.353493 2.051261
v -24.198071 33.310870 46.456959
vn 4.173128 -0.641714 -2.120631
v -20.462213 32.583675 43.967027
vn 4.930727 -0.579765 -2.698991
v -22.469210 29.971792 40.642148
vn 4.636423 -3.918842 1.296978
v -21.929899 30.762597 42.998986
vn 2.935130 -3.603752 4.047520
v -23.464064 28.831772 42.537970
vn -2.102757 2.609380 4.904348
v -19.942431 40.379009 92.946708
vn -3.060586 -1.367135 3.865282
v -20.634687 30.814059 94.876729
vn -1.857143 3.364207 4.780236
v -20.017737 44.737472 89.799258
vn -4.383320 0.987749 3.475404
v -23.247281 36.606934 92.280222
vn -5.825148 0.481980 0.258648
v -22.939100 43.354632 87.275551
vn -5.441763 -0.975095 1.059724
v -23.782839 35.530903 91.177769
vn -4.831238 -0.182608 -3.858963
v -22.211804 40.359102 86.382011
vn -5.553207 0.082295 -0.211556
v -23.972839 36.884579 89.947714
vn -5.173863 -0.892396 -2.851531
v -22.722430 35.630260 86.889369
vn 0.502494 1.227687 5.876329
v -17.055236 12.966254 110.183699
vn 0.592358 -1.983515 4.589160
v -15.857855 8.844467 110.371806
vn -2.064395 -0.825547 4.881142
v -20.594503 11.047142 110.208258
vn -4.380500 -1.870216 -3.177616
v -20.280359 8.132967 103.567795
vn -4.339882 -3.585198 -0.203448
v -20.889546 8.097066 104.984230
vn -4.955578 -3.591850 0.191328
v -22.001374 10.145791 106.708631
vn -3.974587 -2.366543 2.047662
v -22.583104 10.775305 108.371547
vn -2.606788 1.511011 4.681310
v -21.733090 14.502956 109.215777
vn -4.156915 -0.915924 -3.350087
v -22.334818 11.414473 104.646408
vn -4.546217 -1.778166 -3.406595
v -24.223178 15.263387 104.269838
vn -4.265044 -1.293163 0.595390
v -24.317410 13.319257 106.413571
vn 0.154512 -0.620023 -5.222342
v -20.151105 23.369693 36.797710
vn 1.710249 3.918005 -4.224771
v -22.604697 25.411441 37.539620
vn 1.673608 -0.295816 -5.266811
v -22.405891 23.351097 36.544149
vn 1.334289 2.863495 -5.216447
v -26.167067 27.120833 37.032069
vn 3.064750 3.539862 -3.843686
v -18.467670 45.665304 85.412926
vn 0.249399 0.959520 -4.845551
v -20.091105 45.304517 84.008423
vn -1.427584 1.008885 -4.505082
v -18.672575 40.682587 83.027961
vn -1.062439 2.105116 -1.757794
v -22.247099 48.714246 84.899506
vn 0.812925 3.320749 0.321327
v -20.860571 49.025362 86.276943
vn -3.991682 0.273183 -1.940604
v -22.945443 46.943384 85.166737
vn -4.525237 2.139847 3.498967
v -22.141815 44.138639 88.607338
vn 0.525999 -3.540841 3.487641
v -18.591967 -36.096331 23.302686
vn 3.372454 -0.793032 4.870897
v -20.168587 -30.464786 26.439027
vn 2.386040 3.715912 2.654311
v -20.788226 -26.189188 25.827045
vn -0.181298 -4.404970 4.238053
v -20.819038 -33.463987 24.647306
vn -2.628844 -5.114175 1.942990
v -21.248196 -34.162883 23.389093
vn -0.258222 -6.050752 1.004484
v -23.018451 -33.744295 24.017242
vn 0.822625 -5.414101 1.774699
v -24.662560 -33.638438 25.980552
vn 2.036324 -4.124460 3.786549
v -22.988364 -32.178194 27.459085
vn 3.070282 -0.637377 4.664965
v -23.473172 -30.296930 29.087029
vn 1.483982 -4.216774 3.928471
v -25.170256 -31.216010 29.400341
vn -1.364219 -5.049491 -2.322026
v -26.647039 -33.234440 21.413847
vn -0.682460 -5.999744 0.390409
v -26.647258 -33.628749 25.847550
vn 1.177882 -4.634102 3.635628
v -25.264856 -31.996250 27.835571
vn 2.729049 -0.796928 4.584297
v -28.114014 -29.238750 32.012150
vn 1.362342 -4.644511 3.339319
v -27.081403 -32.857967 28.224034
vn 1.704533 -4.428749 4.088133
v -28.778620 -30.986656 30.561566
vn 0.373245 -4.569660 2.844095
v -33.131280 -31.275206 32.964157
vn -0.416520 -5.459203 1.482542
v -31.439427 -32.489576 29.833083
vn 5.378858 1.589193 -1.041830
v -20.811398 8.026664 37.661287
vn 4.030289 1.230292 3.023991
v -21.304934 8.013975 41.412482
vn 3.156940 2.615239 -3.378136
v -21.386399 4.723641 34.141226
vn 4.477131 2.787062 0.799668
v -22.977662 12.832935 38.982717
vn 2.998350 1.985838 -4.430251
v -23.498386 10.379533 35.451846
vn 0.649215 -0.709914 5.211444
v -25.167009 4.827140 43.643229
vn -2.083843 1.434938 5.469201
v -27.109483 12.037342 41.625352
vn 1.186336 1.976111 5.131952
v -24.874611 10.242601 42.554138
vn -2.357805 -0.470612 4.901021
v -27.025319 5.159552 43.306059
vn -0.524930 -4.014465 4.257982
v -18.241636 -8.371478 29.567248
vn -5.628615 -1.550658 -0.730051
v -22.095686 -5.181454 26.958023
vn -4.269871 -3.858798 2.215800
v -20.778101 -6.771687 29.182365
vn -2.130655 -4.796750 2.778515
v -23.088728 -1.436106 36.451985
vn -1.668556 3.475181 -4.275014
v -22.651296 -1.500946 27.740931
vn -3.248231 3.810200 -2.967462
v -21.106015 -3.510975 25.976692
vn -4.309074 -0.112576 -3.397921
v -23.707045 -2.665538 27.981597
vn -2.999154 2.565667 -3.440986
v -24.386177 -0.160332 29.795156
vn -4.752823 -2.148786 -0.506185
v -24.816049 -2.348421 30.402123
vn -5.419367 0.089495 -1.881311
v -25.883489 1.378709 32.905819
vn 0.904900 -5.336436 -0.422471
v -22.563116 31.363970 45.304623
vn -5.437998 -1.867900 -0.955868
v -23.499018 30.617598 47.682993
vn -2.575755 -1.915419 1.602826
v -22.868471 26.466068 49.059586
vn -3.385467 -2.610044 3.659318
v -24.389438 31.880200 45.410918
vn -3.459396 1.047624 3.025894
v -23.533068 31.945507 48.964255
vn 2.386835 -3.467794 3.573143
v -25.315704 30.947111 44.690305
vn 5.792825 -1.389423 1.133579
v -23.410909 27.332615 40.812408
vn 1.880016 2.713838 -3.975577
v -23.502744 32.242504 40.104791
vn 4.898441 1.615734 -3.024464
v -23.696110 27.668649 39.266497
vn -0.287981 3.644103 -5.103648
v -26.549821 30.788564 39.494033
vn -2.618072 2.607260 -2.306034
v -20.000154 24.119204 100.834050
vn -3.052444 3.087016 1.006959
v -20.231863 24.180274 102.210401
vn -3.577933 3.933949 2.048207
v -20.660957 21.473564 104.204635
vn -0.516984 3.740617 4.626642
v -19.226909 19.906482 106.820546
vn -1.396673 4.333113 2.548279
v -22.427548 20.084133 105.595233
vn -4.095948 3.340518 -2.697447
v -21.870371 19.459563 103.256076
vn -3.862699 1.265678 -4.587267
v -22.754237 17.865117 102.936524
vn -4.283364 0.084478 -2.672364
v -25.522755 18.584561 104.579067
vn -2.270539 2.830881 -1.422622
v -25.227899 20.084956 104.840458
vn 2.584795 -5.035681 -1.479003
v -22.608146 21.765985 37.954078
vn 5.147180 -2.705115 -1.683119
v -24.967756 19.510288 37.383210
vn 5.623911 0.893886 -0.447433
v -25.493462 16.820369 37.714924
vn 4.949371 -2.086038 2.932433
v -25.603034 18.664119 38.981353
vn 3.376131 0.149335 -5.012209
v -26.644515 16.603581 35.997731
vn 2.957527 1.020306 5.018624
v -26.720967 16.481259 39.916594
vn 1.866739 -1.959147 5.484340
v -27.400683 19.805043 41.039696
vn 4.341910 3.342411 1.986302
v -22.818072 25.973358 39.482215
vn 3.608694 -0.869680 4.927155
v -24.231209 25.584752 41.251728
vn 1.851517 -2.333339 5.389565
v -23.253328 22.751673 40.314838
vn 2.366035 -0.234469 -5.142033
v -25.646406 21.782793 35.112323
vn -0.632665 -0.237912 -5.165487
v -28.649759 20.251447 34.295598
vn -4.436467 -1.268105 -2.901226
v -31.848293 19.700566 36.464246
vn -0.652878 1.939481 2.240071
v -24.863926 20.112339 106.256207
vn -2.489294 0.244881 2.305277
v -25.674695 18.754622 106.248537
vn 5.649328 0.405723 0.363204
v -24.430841 29.994816 52.473542
vn 3.153744 1.908094 3.176758
v -25.179476 31.671318 53.644461
vn 2.482230 3.342908 0.536220
v -25.376763 32.993604 52.047193
vn 3.854121 -0.603625 2.803544
v -24.775979 28.051632 53.579917
vn -0.549009 2.271546 3.789398
v -26.463636 31.762536 54.093651
vn 3.220384 -2.285129 0.097686
v -25.504320 23.406904 52.169524
vn -1.192517 4.606906 0.600972
v -26.829864 33.245761 51.401681
vn -3.280850 1.249294 3.746920
v -28.097521 30.236883 53.838032
vn -1.319224 4.958908 -2.760386
v -25.276490 32.929523 41.054490
vn 0.143383 4.487160 -3.936608
v -28.677438 32.284465 40.616802
vn 0.216795 5.455765 0.019543
v -28.228161 33.360262 45.426251
vn -0.066074 4.591274 -2.031426
v -29.280157 32.843675 41.115178
vn 3.375987 4.670464 -0.682207
v -26.015730 32.455864 49.329192
vn -2.647608 4.910654 0.757934
v -28.010004 32.632898 49.243538
vn -5.132202 1.847290 1.271394
v -29.197321 30.697537 51.194862
vn 3.333110 4.608258 0.979960
v -25.795917 31.922952 45.364825
vn -0.673651 5.788983 0.108957
v -26.671387 32.332879 42.829629
vn 4.511866 -1.663606 -2.874229
v -25.175161 27.208625 51.023739
vn 5.274812 0.244893 -0.719004
v -25.381755 31.380831 47.662566
vn 0.051958 -4.849461 -2.497243
v -27.304507 28.694525 48.724592
vn 2.500352 -5.089629 2.111594
v -27.641163 28.790942 45.242820
vn -2.016129 -2.105232 -4.759214
v -27.359835 26.737299 50.547082
vn 0.422919 -2.403559 -3.057297
v -26.692154 23.260821 50.943824
vn -2.733406 -1.701749 -0.475614
v -28.650211 23.343745 52.071123
vn -0.578721 -1.170772 4.225077
v -27.259664 24.904863 54.194975
vn -0.042291 -2.619230 1.541914
v -27.138881 22.608018 53.176575
vn -5.127523 -0.711467 0.894694
v -28.780272 26.784382 52.696112
vn -5.077127 -0.099938 1.432201
v -29.358186 30.335994 49.513601
vn 0.019162 2.115962 -5.631692
v -27.642840 24.219575 35.419585
vn -0.998137 2.861797 -5.266416
v -29.934985 27.648137 37.235208
vn 1.764838 -3.136699 4.946541
v -27.002101 27.557187 43.119197
vn -0.633994 -1.881774 5.734449
v -28.926526 20.452149 41.444314
vn -1.745436 0.611570 -5.545553
v -26.250509 7.428914 34.530535
vn -1.559282 2.600253 -5.366159
v -25.393324 3.172177 33.361211
vn -4.928363 -0.839390 -3.586785
v -27.205865 6.772270 35.385948
vn -1.765909 0.038018 -5.067174
v -27.656362 12.228077 34.973030
vn -4.982294 -3.333434 0.365163
v -25.846111 0.909934 36.292411
vn -3.933356 -1.767544 2.632035
v -27.875233 4.603071 42.514450
vn -5.028870 0.279010 3.383733
v -28.565241 10.536077 40.688634
vn -4.902600 -2.698392 -0.269425
v -27.959224 3.490449 38.992621
vn -0.503719 -0.609373 -5.987445
v -28.288207 16.184256 35.523114
vn -4.541342 -1.278389 -3.365523
v -29.609601 15.495516 36.248639
vn -2.106312 -1.202729 5.374817
v -28.646094 16.840289 40.101844
vn -5.584475 -1.659264 1.563764
v -29.871795 15.735523 38.219869
vn -1.517323 -3.647017 3.953558
v -30.117519 29.743930 48.374245
vn 4.939066 -0.548456 0.814162
v -31.058975 28.411538 51.450390
vn 4.224138 -3.948490 -0.770604
v -31.373596 28.342648 48.287127
vn 0.449987 -0.043394 2.271951
v -32.753536 27.883847 55.116735
vn 1.284521 -3.511747 1.029164
v -32.631139 26.316007 53.330044
vn -0.391468 5.820481 -1.977293
v -21.078534 -26.404646 21.219946
vn -1.047636 3.204187 -4.252989
v -25.788608 -27.673647 19.565471
vn -1.395149 -1.783298 -5.034022
v -26.177433 -31.122860 19.153822
vn 0.713558 5.833576 -0.396801
v -24.692762 -25.208224 25.242198
vn 2.337448 4.172051 3.404445
v -23.744111 -26.083424 27.263124
vn -2.664157 -0.961150 -4.321321
v -29.289781 -30.542963 20.131941
vn -2.973284 -3.076039 -2.632565
v -31.943190 -31.719101 23.176152
vn -2.225208 3.005135 -3.796041
v -30.820255 -26.730540 22.398310
vn 0.990934 5.752756 -1.020643
v -28.545776 -24.429661 26.634318
vn -3.840863 -1.452039 -3.485361
v -36.041188 -29.670001 26.358222
vn -3.277459 4.821049 0.567795
v -29.518923 32.952438 44.652107
vn -1.104779 6.026628 0.056724
v -29.921534 32.736090 42.702253
vn 0.008945 4.236145 3.860031
v -30.723603 30.727350 48.147270
vn 2.604442 5.299980 1.721448
v -31.937076 31.243587 47.704409
vn 1.304384 5.302905 0.396985
v -32.864962 32.024899 47.347772
vn 2.582156 3.355130 2.565848
v -32.217977 29.972770 52.933374
vn -1.781487 5.963332 -0.259053
v -32.704233 31.900374 42.681702
vn -2.417960 4.018424 0.685605
v -34.067445 31.810346 48.497471
vn -3.718941 -3.367292 3.459219
v -32.713090 25.731777 41.662677
vn -0.257351 -4.192953 4.172750
v -31.216477 26.876013 43.077637
vn -3.594856 -2.144672 4.105365
v -31.075945 20.041481 40.481001
vn -5.222867 -2.328483 1.030576
v -31.941406 19.248599 38.392195
vn -5.354129 -1.119152 -0.686271
v -33.495636 24.758994 38.957041
vn -5.306641 -1.277633 -0.337691
v -34.338769 27.347650 40.929543
vn -3.451359 1.896174 -3.454104
v -33.459758 28.564062 38.892421
vn -3.469173 3.418366 -1.830642
v -33.847842 31.394797 41.981510
vn -1.029122 -5.627648 0.627270
v -33.066434 27.745850 45.912978
vn -3.877483 3.783954 -0.228292
v -34.201336 31.577289 45.190417
vn -3.982606 -4.412782 0.856893
v -33.937124 28.043459 44.603824
vn -5.703774 0.029253 -0.540915
v -34.747965 29.455526 43.184009
vn -1.823845 3.807541 2.230468
v -33.988328 30.712099 52.017253
vn -5.395450 1.300853 0.725856
v -34.997188 29.859745 50.688384
vn -2.024419 -4.693869 -1.029306
v -33.866158 26.723467 51.499406
vn -2.777584 -1.359730 1.833574
v -34.542305 27.187487 53.837456
vn -5.407068 -1.211067 -0.400667
v -34.825146 29.218030 47.173514
vn 2.626960 4.212496 2.553253
v -29.167045 -24.723352 30.529345
vn 3.325370 3.419164 3.283182
v -34.105748 -24.235988 34.660429
vn -0.740313 4.426403 -2.486740
v -33.927637 -23.394960 27.595126
vn 2.896697 5.119990 0.907150
v -38.252617 -22.128406 36.308332
vn -4.255418 0.273110 -4.285297
v -38.251100 -27.239657 28.477596
vn -2.606282 2.946286 -4.062184
v -36.879396 -24.433943 28.212306
vn 0.506344 5.532583 -0.748503
v -35.866708 -22.470451 31.361013
vn -2.566023 3.828139 -3.961381
v -40.103002 -23.344633 31.943834
vn 2.423769 1.613104 0.423863
v -36.718140 -13.299918 35.923893
vn 3.255634 -2.029702 -0.193011
v -36.864582 -15.439456 35.478325
vn 1.965479 -0.643098 -3.581178
v -37.659905 -14.730766 33.990676
vn 4.169814 -3.922145 -1.565952
v -39.534846 -16.940971 35.928740
vn 3.234174 -1.353658 4.111432
v -38.468135 -15.290078 37.513860
vn 1.188804 2.789320 4.191464
v -39.282983 -13.808192 37.762514
vn 0.263293 -1.309926 -5.541980
v -40.654684 -16.227426 34.551665
vn -0.766111 4.713133 0.176139
v -39.676934 -12.645633 35.940060
vn -0.038241 2.492746 -3.313818
v -38.873038 -13.287437 34.055324
vn 2.848956 -0.973851 4.991668
v -34.237875 -27.678430 35.758596
vn 0.438974 -4.114183 3.882368
v -37.262774 -29.047875 36.221237
vn -2.943064 -5.105341 -0.815910
v -35.981751 -30.928045 28.727338
vn -2.236466 -5.424102 1.036878
v -38.596040 -29.586087 34.416131
vn -4.214253 -3.329092 -2.114428
v -40.240361 -28.165146 31.383126
vn 3.467333 -0.148327 4.818881
v -38.879320 -24.663145 38.884581
vn 1.783866 -3.280647 4.708398
v -40.370387 -26.429032 39.013105
vn -0.904364 -5.440283 2.751996
v -40.622541 -27.539413 37.605438
vn -3.404349 -2.243018 -4.296329
v -43.608853 -24.863882 34.375053
vn -2.863949 -5.213401 -0.608801
v -42.432868 -27.305324 36.240240
vn -3.290360 3.566896 -0.418312
v -42.582435 -14.134354 36.489750
vn -3.625569 3.892899 1.646876
v -44.559224 -17.373410 38.021861
vn 4.435597 2.661522 3.440293
v -39.021192 -22.561452 38.026355
vn 5.333903 2.380643 -1.516470
v -40.449047 -20.201971 37.363835
vn 5.786795 -0.303543 1.545896
v -40.744344 -18.776928 38.132743
vn 3.534847 1.526360 4.635031
v -41.399896 -19.145117 39.447497
vn 1.943053 0.335957 4.770077
v -41.789017 -22.439705 41.294661
vn -1.263443 2.730334 3.892566
v -42.184338 -15.131812 38.801698
vn -0.408504 2.793248 5.234735
v -43.299967 -18.915620 39.968107
vn -2.043016 1.893233 -5.306728
v -42.259392 -23.036622 33.742489
vn -4.150129 0.590892 -4.011666
v -41.931636 -25.117154 32.252546
vn 4.008688 -0.792913 -3.710879
v -40.858453 -18.756254 35.242805
vn 1.227308 3.784916 -4.090197
v -41.159870 -21.975979 34.327386
vn -3.438635 1.727372 -4.122543
v -42.507816 -15.537801 35.147903
vn -1.673474 1.305364 -5.392714
v -42.813490 -18.364655 34.836441
vn -2.466087 3.382328 -3.803682
v -43.955979 -18.280506 36.030608
vn -0.541367 1.407072 -5.587006
v -43.328606 -20.788933 33.988421
vn -0.545527 1.777469 -5.671686
v -44.454114 -20.837233 34.490951
vn 3.433414 1.887245 -4.810642
v -46.040282 -20.082722 34.066376
vn -0.479196 -0.698968 -6.117068
v -45.053281 -22.134437 34.366136
vn -0.174091 -3.767250 3.259385
v -44.572817 -26.431207 40.365426
vn -1.170168 -5.792312 -0.243990
v -48.635878 -25.629125 39.196975
vn -1.477724 -4.800048 -3.131528
v -50.568945 -24.742106 37.583028
vn 2.116221 5.015394 -2.146000
v -45.871586 -18.245967 35.739211
vn -0.349511 5.201674 2.953373
v -46.519296 -18.339537 37.618855
vn 0.928867 3.827226 4.710592
v -50.954717 -18.270190 38.397939
vn 2.893032 4.288126 3.033655
v -49.085315 -15.934783 35.210483
vn 2.197367 4.718808 3.196360
v -52.036473 -17.080354 37.350330
vn 3.939854 3.358421 -2.367137
v -47.704377 -16.968460 33.937642
vn 2.676593 0.256575 -4.989908
v -47.890416 -18.630954 32.901151
vn -0.500662 -2.577578 -5.450291
v -49.207605 -20.014796 33.108742
vn -3.834321 -1.914911 -4.019211
v -52.879250 -17.805150 33.823084
vn -1.763723 -3.905225 -3.945229
v -49.090141 -23.662699 35.289299
vn -3.528516 -3.821182 -2.575711
v -50.852903 -22.387037 36.142250
vn -2.695202 -3.535657 -3.489905
v -52.344750 -21.062321 34.752449
vn -3.751984 1.419967 -3.543355
v -55.670669 -22.835091 39.750575
vn -0.028401 1.707594 5.471802
v -47.549700 -22.027302 41.378792
vn 0.122155 -3.578085 4.516338
v -48.310873 -24.937101 40.913891
vn 2.431102 -1.131227 4.966142
v -51.434419 -23.747196 42.172954
vn -0.762834 3.588106 4.928570
v -50.418183 -20.731452 39.899122
vn 0.014389 -5.496650 1.417515
v -51.111674 -25.337632 40.510408
vn 3.441715 2.603110 0.305619
v -50.861341 -8.574880 42.260170
vn 1.861762 0.447457 2.446302
v -51.062503 -9.348950 43.892452
vn 3.166784 4.074080 -1.517256
v -52.489126 -9.024632 36.953313
vn 5.934457 -0.142138 0.139431
v -51.893815 -10.856705 36.964430
vn 4.615666 -2.233770 -0.191423
v -50.892753 -10.411202 41.834478
vn 1.321943 -3.402145 2.492274
v -51.901610 -11.080263 43.280738
vn -1.459780 2.183932 2.341550
v -53.209899 -8.408870 43.512728
vn 4.385011 2.950634 -0.699906
v -51.199983 -12.568533 33.738783
vn 4.439269 2.639089 -1.663187
v -51.918536 -10.909055 34.421211
vn 2.894755 -4.400232 2.578663
v -52.776608 -12.299479 37.366595
vn 2.352540 -0.044830 4.898262
v -51.817804 -13.960300 35.508107
vn -2.022420 3.583293 2.532855
v -53.042823 -15.735563 35.664205
vn 1.212080 0.424424 -4.116741
v -51.072169 -15.465056 31.101383
vn -0.678606 1.752325 -3.882620
v -53.529402 -12.124464 31.985522
vn -3.145242 -1.624139 -3.405690
v -53.349624 -15.782831 31.777511
vn 1.770344 5.361042 2.146646
v -52.737944 -21.685674 41.680560
vn -2.322000 -4.545406 2.605825
v -55.202472 -18.617149 39.503354
vn -2.111956 -2.622976 4.254317
v -53.914353 -19.734156 38.959956
vn -4.197345 -4.416852 -0.650948
v -53.560930 -20.890970 37.039386
vn -4.735237 -0.156923 -2.983002
v -53.131309 -21.860624 38.130256
vn 3.863477 -2.334815 3.508762
v -54.371967 -17.777217 40.104056
vn 4.005128 3.666302 -0.619726
v -54.117292 -15.140958 38.883868
vn 5.669684 -0.242409 0.334324
v -53.834230 -15.550780 41.251898
vn 4.371549 -1.446090 3.327225
v -53.301670 -23.290867 43.767082
vn 0.692279 5.720501 0.166843
v -55.035086 -20.784234 43.591073
vn 0.293650 -5.399580 1.766827
v -54.425003 -24.901049 42.650480
vn 2.800091 2.870901 2.553229
v -54.581088 -21.449428 46.030425
vn 2.006818 -1.402131 3.241304
v -54.719058 -22.994666 46.612245
vn -0.627825 4.921791 0.031987
v -52.874095 -7.840917 41.177841
vn -0.391447 3.534524 -3.129846
v -54.004882 -9.913973 33.711758
vn -2.376499 -1.709763 3.042114
v -53.458019 -10.587668 43.446879
vn -5.248368 0.507078 1.285021
v -56.044852 -10.484660 37.005182
vn -2.390729 4.071517 -0.682179
v -55.163633 -8.835271 36.518197
vn 2.666073 -0.639004 1.737557
v -53.849740 -15.317981 44.090278
vn 0.708711 1.574994 1.901982
v -54.724376 -13.697517 44.574259
vn 1.080970 -3.492766 3.183612
v -55.159343 -16.361084 43.916824
vn -4.740913 -2.655127 1.656151
v -54.027165 -15.047077 34.401289
vn -3.799263 -2.794299 -1.951797
v -55.460943 -19.289947 35.784293
vn -2.988963 0.612162 -4.341215
v -54.827658 -17.987053 34.768803
vn -0.314631 4.648861 -2.776945
v -54.742938 -15.555562 36.873853
vn 2.235436 3.803736 -0.025152
v -54.586552 -13.371345 42.125679
vn -1.854042 3.566470 -1.315305
v -57.261167 -13.549091 39.973360
vn -3.467967 2.617063 1.602207
v -57.598001 -14.075702 42.410838
vn -3.755606 -0.412385 -1.817570
v -57.756655 -16.432840 38.209813
vn -2.089366 -1.207290 3.161024
v -56.628170 -15.737780 44.243042
vn -4.373799 -1.056557 0.222028
v -58.320591 -15.897832 40.431564
vn -3.605547 3.355984 0.734299
v -53.310866 -21.393137 39.241489
vn -2.035471 -3.774236 -2.482704
v -54.235659 -24.945011 39.309195
vn -1.989858 -1.849592 1.956680
v -56.963746 -23.516489 46.351946
vn -4.542266 -0.981672 -2.644965
v -56.180752 -23.564764 40.338601
vn -3.106265 4.131503 -0.925708
v -56.542332 -21.065556 43.448491
vn -5.104211 0.164103 -0.607977
v -57.373081 -22.469171 43.797184
vn -3.103619 -4.303245 -0.770645
v -55.767643 -24.717244 41.164066
vn -1.158820 1.552648 2.000131
v -56.618515 -21.300491 46.815536
vn -3.970072 -4.219324 1.362578
v -7.454121 -17.068093 22.804417
vn -4.959714 -3.698778 -0.703293
v -8.693528 -15.857951 25.744091
vn -1.659066 -1.438595 3.420226
v -8.853499 -16.232261 20.941252
vn -5.641299 -1.104221 -1.307289
v -11.604725 -13.479922 30.057913
vn -2.928054 -3.147672 1.800766
v -10.002360 -12.583322 24.002380
vn -1.176044 -4.402896 4.067104
v -11.689986 -13.733570 22.599188
vn -0.725391 -5.150615 2.483618
v -13.981609 -14.159574 20.287713
vn 1.105903 -5.019002 3.508566
v -14.193587 -12.418697 24.583846
vn 2.480394 -2.762090 5.007915
v -14.653758 -10.427058 26.668101
vn 0.060424 -5.221401 1.600500
v -15.408573 -14.183584 22.154838
vn 1.180437 -3.841581 3.717333
v -15.571406 -11.665113 26.573391
vn -3.267214 -3.585901 1.854530
v -20.077976 -11.213385 25.730349
vn -1.408931 -1.950944 5.327284
v -8.400335 6.371998 61.492613
vn -3.676827 -2.088275 4.359929
v -9.583229 4.165106 59.813887
vn -1.443143 -1.887066 4.946885
v -9.914715 10.425581 62.932392
vn -5.147026 -1.931520 2.067491
v -12.622479 8.426626 58.741702
vn -2.761782 -1.972581 4.215005
v -12.310644 14.447557 63.513139
vn 0.097769 5.846037 -2.173205
v -1.261282 5.213199 33.104122
vn -1.864772 5.434109 -0.494028
v -5.041993 6.500436 39.682508
vn -4.363932 3.760577 -1.240857
v -7.876242 3.857518 36.627979
vn -4.893127 3.332218 -0.413024
v -8.916173 3.625067 41.687900
vn 4.891102 -3.436799 -0.355108
v -14.793120 -32.021245 20.538226
vn 1.313079 -3.332006 -4.210073
v -14.939701 -29.862385 16.636471
vn 3.369692 -3.600049 -3.461847
v -17.062384 -34.423459 20.035892
vn 4.161520 -1.735872 3.587076
v -15.889031 -32.768960 23.027321
vn -0.167905 -3.031010 -5.381755
v -17.969757 -33.381052 19.100727
vn 3.706295 -3.219262 1.246789
v -17.069925 -35.762363 22.354753
vn 1.556853 -4.503812 -0.115974
v -18.173261 -36.703253 21.782561
vn 0.144928 -2.374353 -4.883511
v -18.785386 -35.322707 19.634086
vn 0.203539 -4.126789 -2.545359
v -18.905706 -36.422700 20.453616
vn -1.878370 4.239430 -3.958430
v -20.453805 -27.296412 19.621567
vn -2.664918 -4.302346 0.908978
v -19.865168 -36.377677 22.115847
vn -1.833230 -4.032288 -4.267004
v -21.716974 -33.051622 20.226176
vn -2.952834 -3.378046 -3.092090
v -19.813753 -35.883405 20.321476
vn -3.136209 -4.867701 -1.518130
v -21.689303 -33.854739 21.391740
vn -1.317242 1.206112 -5.849937
v -21.499509 -29.796911 18.348330
vn -1.356990 -2.467206 -5.376369
v -20.302634 -31.256473 18.185272
vn 2.793193 2.220829 4.647363
v -17.626403 -27.858743 24.210270
vn -1.656674 4.754899 3.586391
v -17.426109 -25.832049 21.927277
vn 0.937776 5.906241 1.227516
v -19.423057 -26.393769 22.886760
vn -2.834083 5.389367 0.170280
v -18.670677 -26.005987 20.869133
vn -1.275483 -1.310329 5.783565
v -2.067549 -18.592648 71.943484
vn -0.651435 -2.628846 5.582352
v -5.489906 -15.408722 71.845281
vn 1.718370 -2.904651 4.388367
v -23.891432 3.106084 42.541753
vn -0.991861 -3.926834 3.600713
v -25.519702 2.952497 42.647274
vn -2.484950 -4.856305 2.344494
v -25.632170 1.765875 40.269262
vn -5.360961 1.579154 -1.426635
v -13.976495 -0.422404 10.074011
vn -4.979614 -0.792795 -2.295984
v -12.509263 -10.196065 12.800101
vn -5.695579 -1.300771 -2.169581
v -13.051866 -6.181443 9.213503
vn -5.469811 1.119424 -1.260509
v -12.691327 -13.633512 13.323336
vn -5.505237 -0.476815 -0.266240
v -14.647715 -4.080276 11.913496
vn -3.657673 -0.997237 -3.755626
v -13.653142 -7.395246 13.043301
vn -1.829996 -2.370231 -5.405982
v -14.012018 -11.091145 14.114808
vn -5.595057 0.768543 -0.334419
v -14.033488 -4.450638 13.474577
vn -1.620085 -0.411119 -4.905538
v -17.722312 -8.621046 13.216680
vn -2.346181 -4.096766 -3.299348
v -15.008919 -14.054122 15.902166
vn -3.666706 -2.617829 -3.314964
v -19.618949 -9.608930 14.840042
vn 0.065893 -2.532469 0.001581
v -0.535305 -23.419508 61.639882
vn -1.511589 -5.876166 0.128845
v -1.652567 -21.799059 63.064354
vn -2.718527 -5.419288 -0.944834
v -5.483653 -20.819136 62.649809
vn 4.184296 3.926772 1.341791
v -2.076600 10.804126 57.543383
vn 5.122341 3.080549 -1.556563
v -3.243895 12.492170 55.151050
vn 2.589109 5.192326 -1.836507
v -2.078911 10.369195 53.428569
vn 5.531609 1.310127 1.804645
v -3.544792 13.721382 59.397454
vn -1.220469 -4.294528 -0.059815
v -1.480470 -14.013259 46.520194
vn -2.825075 -4.336882 2.471063
v -3.740030 -13.732763 45.461613
vn -2.419096 -4.432462 -3.457063
v -1.830552 -15.796857 48.849071
vn -3.111829 -3.861694 2.098190
v -55.070974 -12.642130 37.121828
vn -4.251497 0.361685 -1.075831
v -56.322990 -10.961720 35.253111
vn -0.804322 -5.939402 0.153141
v -1.838561 -20.554849 22.761830
vn -2.524799 -5.667070 0.033067
v -3.990868 -19.855038 25.103819
vn -3.748106 -4.755962 -0.824967
v -6.399450 -18.554604 25.412782
vn 0.856206 -0.381122 6.128014
v -2.005885 -6.951299 74.259111
vn 0.845324 3.783749 4.470139
v -0.967960 -1.630045 72.713331
vn 2.285656 1.158956 5.612175
v -2.361368 -3.832402 74.022838
vn 4.144835 -1.477330 3.846154
v -5.008625 -3.772109 75.774044
vn 2.100344 3.159230 -4.443065
v 11.803661 0.558408 63.608538
vn -0.753305 4.113539 -4.675721
v 8.270695 0.720883 63.992100
vn 4.932845 -0.415827 -3.144250
v 11.615619 12.643861 54.445556
vn -2.300482 -0.915077 5.243403
v 6.712124 16.330709 64.211839
vn -1.266608 4.159829 4.102701
v 8.266288 3.045950 84.069190
vn -4.309745 2.723724 -3.322238
v 9.605562 7.735590 99.154549
vn -4.289816 -3.774026 1.059528
v 6.884415 -23.774625 18.377860
vn -0.166671 -1.882479 5.862426
v 3.490402 -10.187488 74.333386
vn 0.182549 3.058489 5.275540
v 14.547653 41.498910 92.800479
vn -5.021556 2.716024 -0.935277
v 21.425471 11.067874 37.757942
vn -0.827773 -1.468723 5.918480
v 26.993561 24.157716 42.289720
vn 4.286724 -0.529895 -4.381133
v 27.184990 10.967325 35.739523
vn -3.399672 3.374063 3.421029
v 33.264917 -24.115047 34.809582
vn 4.067384 -3.985790 -1.738800
v 38.783893 -28.520157 31.479963
vn 2.556355 -1.924726 4.642212
v 10.890988 14.612838 63.717770
vn 1.289572 -2.737002 -4.953539
v 13.755776 -26.969391 15.029034
vn 1.776982 -4.908453 2.946319
v 22.461273 -0.575022 37.595624
vn 3.571985 -4.871318 0.658829
v 7.490026 -19.031697 66.173736
vn -5.154773 1.656879 -3.034051
v -10.369056 2.425999 6.914275
vn -4.845716 -2.930487 -2.458903
v -5.708122 -16.021775 53.019743
vn -5.998057 0.080720 -0.932211
v -11.593658 3.106509 53.561261
vn 0.380786 5.877132 2.068940
v -4.640475 5.186599 25.325490
vn -6.194673 0.688060 0.159934
v -11.541990 -7.546843 36.045298
vn 5.650604 1.578089 1.285485
v -5.379558 -0.534916 82.720962
vn -2.721864 3.066447 3.932683
v -12.660474 3.629554 82.587108
vn 4.298119 2.468439 -3.533678
v -11.127016 9.559028 99.855351
vn -2.415394 -1.991474 -5.373835
v -7.377439 -8.165963 3.822381
vn 5.653225 -1.010473 -1.165893
v -9.571311 15.547499 103.398790
vn -1.749085 1.826769 5.434087
v -13.947777 -21.517686 21.283129
vn 0.161444 -2.262398 5.824649
v -6.979322 -10.477995 74.122200
vn -5.900152 -1.107400 1.099041
v -13.363464 -3.299538 84.795903
vn -5.635097 1.096611 -0.952967
v -17.005162 -22.215565 16.766580
vn 0.274244 -1.983775 5.672440
v -19.555576 23.208752 40.218836
vn -1.389155 -4.242599 3.516115
v -20.241275 -5.437456 32.373404
vn -1.530070 0.835738 -5.839152
v -19.564537 19.231240 100.046920
vn -4.745319 2.208127 3.157596
v -22.694548 40.372786 90.443780
vn 0.718537 2.924577 5.292274
v -15.402267 16.667607 108.694747
vn 1.161386 -1.575313 5.909146
v -27.555330 23.650717 42.123508
vn -3.504971 0.875489 -4.604974
v -32.007806 23.982484 36.703128
vn -0.045532 -1.705052 5.994938
v -1.238202 -13.511559 73.267410
vn -0.867259 -1.909523 -5.640781
v -2.042992 -6.457094 1.166761
vn -1.411001 -5.461158 1.132465
v -1.116674 27.594158 19.375748
vn -0.096895 5.314402 3.309309
v -0.855327 6.656340 22.227472
vn 2.047625 5.470118 1.872102
v 5.845379 7.034429 20.361829
vn -0.637177 0.985612 5.877686
v 15.016449 12.887541 110.279877
vn 3.079814 -4.857712 -0.545181
v 17.232459 -13.374265 19.693245
vn 4.598840 3.464205 0.564461
v -5.828531 6.132391 75.059662
vn -5.020375 -2.672225 1.633382
v -13.943206 -12.441519 69.047287
vn -5.413322 -2.271246 1.384374
v -16.363395 -5.367405 71.291428
vn -5.497491 2.473826 1.212954
v -14.071231 0.820374 21.716886
vn -5.434947 -0.805847 -0.888286
v -29.455073 9.515740 37.904285
vn 2.943002 -0.604233 4.818081
v -31.169256 -28.457002 33.895726
vn 3.006515 -5.060048 1.117543
v 4.458538 -19.854312 36.808531
vn 5.286587 -0.047639 -2.567927
v 13.241164 16.616676 56.919304
vn -5.540303 1.373427 -2.390643
v 9.625463 11.169263 102.250959
vn 2.526309 2.094763 -4.469467
v 30.128097 27.453831 37.460477
vn 2.170385 -2.192327 4.960038
v 8.774911 8.908106 62.134084
# 1958 vertices, 0 vertices normals

f 990//990 1942//1942 3//3
f 952//952 1//1 2//2
f 84//84 5//5 1//1
f 2//2 1//1 5//5
f 6//6 2//2 5//5
f 6//6 3//3 2//2
f 84//84 4//4 5//5
f 175//175 5//5 4//4
f 175//175 6//6 5//5
f 263//263 3//3 6//6
f 266//266 6//6 175//175
f 266//266 175//175 177//177
f 885//885 956//956 886//886
f 886//886 956//956 7//7
f 7//7 955//955 8//8
f 9//9 7//7 8//8
f 91//91 96//96 955//955
f 886//886 7//7 9//9
f 12//12 13//13 11//11
f 933//933 12//12 11//11
f 14//14 10//10 13//13
f 15//15 12//12 933//933
f 14//14 13//13 12//12
f 14//14 919//919 942//942
f 15//15 919//919 14//14
f 14//14 12//12 15//15
f 19//19 16//16 17//17
f 20//20 16//16 19//19
f 20//20 47//47 16//16
f 19//19 966//966 968//968
f 966//966 19//19 17//17
f 968//968 18//18 19//19
f 18//18 21//21 19//19
f 21//21 20//20 19//19
f 21//21 35//35 20//20
f 18//18 970//970 23//23
f 18//18 22//22 970//970
f 22//22 18//18 968//968
f 21//21 18//18 23//23
f 33//33 21//21 23//23
f 974//974 25//25 24//24
f 47//47 24//24 25//25
f 29//29 28//28 26//26
f 29//29 26//26 16//16
f 47//47 29//29 16//16
f 970//970 31//31 23//23
f 32//32 23//23 31//31
f 31//31 30//30 32//32
f 23//23 32//32 33//33
f 34//34 1943//1943 36//36
f 24//24 47//47 35//35
f 35//35 36//36 24//24
f 35//35 47//47 20//20
f 36//36 35//35 21//21
f 30//30 37//37 38//38
f 30//30 38//38 32//32
f 33//33 32//32 38//38
f 39//39 34//34 36//36
f 39//39 38//38 37//37
f 36//36 33//33 39//39
f 21//21 33//33 36//36
f 42//42 984//984 985//985
f 41//41 43//43 983//983
f 932//932 1883//1883 984//984
f 40//40 43//43 41//41
f 42//42 983//983 43//43
f 40//40 1048//1048 100//100
f 984//984 42//42 44//44
f 100//100 43//43 40//40
f 932//932 984//984 44//44
f 42//42 43//43 44//44
f 932//932 44//44 934//934
f 43//43 100//100 45//45
f 44//44 43//43 45//45
f 44//44 46//46 934//934
f 249//249 44//44 45//45
f 29//29 47//47 68//68
f 47//47 25//25 68//68
f 50//50 991//991 55//55
f 992//992 991//991 50//50
f 52//52 992//992 51//51
f 56//56 998//998 1002//1002
f 57//57 990//990 3//3
f 48//48 990//990 57//57
f 57//57 49//49 48//48
f 55//55 49//49 57//57
f 991//991 49//49 55//55
f 50//50 55//55 59//59
f 992//992 50//50 51//51
f 51//51 53//53 52//52
f 995//995 52//52 53//53
f 308//308 993//993 56//56
f 308//308 54//54 993//993
f 53//53 51//51 50//50
f 53//53 50//50 60//60
f 995//995 53//53 63//63
f 59//59 60//60 50//50
f 1002//1002 995//995 63//63
f 55//55 57//57 58//58
f 58//58 59//59 55//55
f 61//61 60//60 59//59
f 53//53 60//60 63//63
f 56//56 1002//1002 62//62
f 3//3 58//58 57//57
f 308//308 56//56 62//62
f 61//61 59//59 58//58
f 65//65 63//63 60//60
f 65//65 60//60 61//61
f 63//63 62//62 1002//1002
f 63//63 64//64 62//62
f 265//265 65//65 61//61
f 63//63 65//65 66//66
f 63//63 453//453 64//64
f 453//453 63//63 66//66
f 27//27 67//67 1008//1008
f 67//67 71//71 1008//1008
f 27//27 28//28 69//69
f 70//70 27//27 69//69
f 29//29 68//68 28//28
f 67//67 27//27 70//70
f 68//68 69//69 28//28
f 70//70 69//69 68//68
f 1008//1008 71//71 1012//1012
f 74//74 71//71 109//109
f 71//71 67//67 109//109
f 71//71 74//74 75//75
f 75//75 72//72 71//71
f 74//74 109//109 110//110
f 72//72 73//73 71//71
f 78//78 73//73 72//72
f 77//77 75//75 74//74
f 72//72 75//75 78//78
f 110//110 76//76 74//74
f 76//76 77//77 74//74
f 77//77 78//78 75//75
f 79//79 25//25 1021//1021
f 25//25 79//79 80//80
f 79//79 81//81 80//80
f 68//68 25//25 80//80
f 89//89 80//80 81//81
f 1013//1013 71//71 82//82
f 85//85 82//82 73//73
f 84//84 83//83 85//85
f 73//73 82//82 71//71
f 82//82 85//85 83//83
f 88//88 85//85 73//73
f 86//86 84//84 85//85
f 78//78 88//88 73//73
f 88//88 87//87 85//85
f 86//86 4//4 84//84
f 87//87 86//86 85//85
f 87//87 88//88 89//89
f 4//4 86//86 90//90
f 87//87 90//90 86//86
f 87//87 89//89 90//90
f 4//4 177//177 175//175
f 91//91 1040//1040 94//94
f 1899//1899 950//950 92//92
f 93//93 94//94 1040//1040
f 1040//1040 92//92 93//93
f 93//93 92//92 950//950
f 93//93 95//95 94//94
f 96//96 91//91 94//94
f 126//126 93//93 950//950
f 95//95 96//96 94//94
f 955//955 96//96 8//8
f 8//8 96//96 97//97
f 440//440 1903//1903 95//95
f 99//99 100//100 1048//1048
f 164//164 213//213 99//99
f 100//100 99//99 101//101
f 102//102 45//45 101//101
f 99//99 214//214 101//101
f 45//45 100//100 101//101
f 101//101 103//103 102//102
f 45//45 102//102 249//249
f 101//101 214//214 103//103
f 1055//1055 105//105 1056//1056
f 81//81 79//79 104//104
f 81//81 104//104 105//105
f 106//106 81//81 105//105
f 106//106 105//105 1055//1055
f 106//106 1055//1055 172//172
f 81//81 106//106 108//108
f 108//108 172//172 107//107
f 81//81 108//108 89//89
f 107//107 90//90 108//108
f 90//90 89//89 108//108
f 109//109 67//67 70//70
f 70//70 111//111 109//109
f 111//111 110//110 109//109
f 68//68 80//80 70//70
f 76//76 110//110 113//113
f 112//112 113//113 110//110
f 114//114 112//112 111//111
f 112//112 110//110 111//111
f 111//111 70//70 114//114
f 116//116 114//114 70//70
f 80//80 116//116 70//70
f 112//112 114//114 113//113
f 76//76 113//113 77//77
f 113//113 114//114 117//117
f 115//115 77//77 117//117
f 113//113 117//117 77//77
f 115//115 117//117 114//114
f 116//116 115//115 114//114
f 115//115 78//78 77//77
f 116//116 78//78 115//115
f 116//116 80//80 89//89
f 116//116 88//88 78//78
f 88//88 116//116 89//89
f 119//119 1075//1075 936//936
f 118//118 1073//1073 119//119
f 119//119 936//936 153//153
f 118//118 119//119 122//122
f 118//118 122//122 892//892
f 119//119 153//153 120//120
f 122//122 119//119 120//120
f 892//892 124//124 121//121
f 124//124 122//122 154//154
f 154//154 122//122 120//120
f 123//123 121//121 124//124
f 156//156 124//124 154//154
f 123//123 124//124 156//156
f 126//126 234//234 93//93
f 127//127 93//93 234//234
f 127//127 128//128 93//93
f 127//127 129//129 128//128
f 128//128 129//129 130//130
f 440//440 95//95 128//128
f 128//128 130//130 440//440
f 132//132 130//130 129//129
f 441//441 440//440 130//130
f 131//131 130//130 132//132
f 131//131 441//441 130//130
f 135//135 236//236 133//133
f 236//236 134//134 133//133
f 134//134 386//386 133//133
f 133//133 143//143 138//138
f 386//386 143//143 133//133
f 133//133 136//136 142//142
f 135//135 142//142 238//238
f 133//133 138//138 136//136
f 143//143 386//386 144//144
f 137//137 136//136 139//139
f 142//142 136//136 137//137
f 141//141 138//138 143//143
f 386//386 392//392 144//144
f 136//136 140//140 139//139
f 147//147 138//138 141//141
f 138//138 147//147 140//140
f 238//238 142//142 145//145
f 139//139 255//255 137//137
f 143//143 144//144 148//148
f 146//146 147//147 141//141
f 142//142 397//397 145//145
f 257//257 142//142 137//137
f 141//141 149//149 146//146
f 143//143 149//149 141//141
f 144//144 392//392 395//395
f 143//143 148//148 149//149
f 149//149 152//152 146//146
f 144//144 395//395 150//150
f 148//148 144//144 150//150
f 150//150 149//149 148//148
f 151//151 146//146 152//152
f 407//407 152//152 149//149
f 395//395 407//407 150//150
f 407//407 417//417 152//152
f 407//407 149//149 150//150
f 284//284 261//261 151//151
f 287//287 289//289 151//151
f 936//936 937//937 153//153
f 153//153 364//364 120//120
f 155//155 154//154 120//120
f 156//156 154//154 155//155
f 156//156 155//155 223//223
f 155//155 120//120 1904//1904
f 125//125 156//156 223//223
f 223//223 155//155 229//229
f 157//157 158//158 1118//1118
f 160//160 159//159 157//157
f 157//157 1118//1118 160//160
f 1119//1119 947//947 162//162
f 1119//1119 162//162 161//161
f 1118//1118 1954//1954 160//160
f 161//161 1954//1954 1118//1118
f 1954//1954 161//161 162//162
f 1954//1954 940//940 160//160
f 1954//1954 163//163 940//940
f 164//164 163//163 212//212
f 872//872 165//165 871//871
f 165//165 163//163 1954//1954
f 165//165 872//872 166//166
f 163//163 165//165 166//166
f 872//872 876//876 166//166
f 166//166 167//167 163//163
f 212//212 167//167 217//217
f 167//167 212//212 163//163
f 166//166 876//876 168//168
f 1056//1056 1137//1137 1944//1944
f 169//169 1944//1944 201//201
f 1944//1944 169//169 1945//1945
f 170//170 169//169 201//201
f 169//169 170//170 206//206
f 171//171 169//169 206//206
f 172//172 174//174 107//107
f 107//107 173//173 90//90
f 4//4 90//90 173//173
f 177//177 4//4 173//173
f 176//176 107//107 174//174
f 174//174 172//172 1945//1945
f 173//173 176//176 177//177
f 173//173 107//107 176//176
f 174//174 178//178 176//176
f 179//179 174//174 171//171
f 178//178 174//174 179//179
f 180//180 267//267 177//177
f 267//267 266//266 177//177
f 176//176 180//180 177//177
f 176//176 178//178 180//180
f 179//179 181//181 178//178
f 182//182 178//178 181//181
f 180//180 182//182 267//267
f 182//182 180//180 178//178
f 186//186 185//185 183//183
f 183//183 184//184 186//186
f 1905//1905 184//184 183//183
f 184//184 187//187 186//186
f 194//194 185//185 186//186
f 194//194 189//189 185//185
f 185//185 189//189 190//190
f 184//184 188//188 187//187
f 345//345 188//188 184//184
f 1905//1905 345//345 184//184
f 194//194 193//193 189//189
f 186//186 191//191 194//194
f 187//187 191//191 186//186
f 187//187 343//343 191//191
f 189//189 193//193 192//192
f 194//194 196//196 193//193
f 196//196 192//192 193//193
f 195//195 189//189 192//192
f 189//189 195//195 366//366
f 194//194 191//191 196//196
f 196//196 191//191 198//198
f 196//196 197//197 192//192
f 192//192 197//197 195//195
f 198//198 197//197 196//196
f 199//199 197//197 198//198
f 195//195 369//369 366//366
f 200//200 201//201 1944//1944
f 200//200 202//202 201//201
f 1843//1843 203//203 202//202
f 203//203 1843//1843 893//893
f 201//201 202//202 170//170
f 203//203 170//170 202//202
f 204//204 170//170 203//203
f 206//206 170//170 204//204
f 204//204 203//203 205//205
f 204//204 205//205 208//208
f 208//208 207//207 204//204
f 206//206 204//204 209//209
f 209//209 204//204 207//207
f 211//211 208//208 205//205
f 206//206 209//209 465//465
f 210//210 207//207 208//208
f 211//211 210//210 208//208
f 216//216 210//210 211//211
f 207//207 210//210 358//358
f 358//358 210//210 360//360
f 210//210 216//216 360//360
f 216//216 217//217 167//167
f 213//213 164//164 212//212
f 99//99 213//213 214//214
f 215//215 214//214 213//213
f 212//212 218//218 213//213
f 220//220 215//215 213//213
f 217//217 218//218 212//212
f 220//220 213//213 218//218
f 214//214 215//215 230//230
f 214//214 230//230 103//103
f 217//217 216//216 219//219
f 218//218 217//217 219//219
f 220//220 222//222 224//224
f 220//220 218//218 222//222
f 224//224 215//215 220//220
f 230//230 215//215 231//231
f 222//222 219//219 125//125
f 222//222 218//218 219//219
f 215//215 224//224 231//231
f 156//156 125//125 123//123
f 222//222 125//125 221//221
f 223//223 221//221 125//125
f 224//224 222//222 221//221
f 223//223 231//231 221//221
f 224//224 221//221 231//231
f 8//8 225//225 9//9
f 97//97 225//225 8//8
f 97//97 227//227 225//225
f 227//227 226//226 225//225
f 225//225 226//226 9//9
f 227//227 228//228 226//226
f 228//228 227//227 98//98
f 228//228 232//232 230//230
f 233//233 232//232 228//228
f 229//229 226//226 231//231
f 226//226 230//230 231//231
f 228//228 230//230 226//226
f 227//227 1902//1902 98//98
f 230//230 232//232 103//103
f 233//233 228//228 98//98
f 233//233 250//250 232//232
f 250//250 103//103 232//232
f 229//229 231//231 223//223
f 233//233 98//98 252//252
f 98//98 443//443 254//254
f 234//234 235//235 127//127
f 234//234 384//384 237//237
f 234//234 388//388 384//384
f 236//236 237//237 384//384
f 237//237 235//235 234//234
f 237//237 1906//1906 235//235
f 237//237 238//238 1906//1906
f 127//127 235//235 129//129
f 129//129 235//235 243//243
f 235//235 1906//1906 243//243
f 243//243 132//132 129//129
f 145//145 239//239 238//238
f 239//239 145//145 240//240
f 239//239 240//240 241//241
f 242//242 1906//1906 241//241
f 241//241 240//240 413//413
f 241//241 244//244 242//242
f 132//132 243//243 245//245
f 242//242 246//246 245//245
f 246//246 242//242 244//244
f 244//244 247//247 246//246
f 245//245 243//243 242//242
f 247//247 244//244 418//418
f 934//934 46//46 1919//1919
f 1919//1919 46//46 248//248
f 46//46 44//44 249//249
f 333//333 330//330 1919//1919
f 46//46 249//249 251//251
f 251//251 248//248 46//46
f 333//333 1919//1919 248//248
f 102//102 250//250 249//249
f 248//248 251//251 253//253
f 248//248 253//253 333//333
f 250//250 102//102 103//103
f 251//251 250//250 233//233
f 251//251 249//249 250//250
f 252//252 251//251 233//233
f 251//251 252//252 253//253
f 252//252 340//340 253//253
f 254//254 252//252 98//98
f 252//252 254//254 340//340
f 255//255 139//139 256//256
f 139//139 140//140 256//256
f 276//276 255//255 256//256
f 258//258 276//276 256//256
f 259//259 140//140 147//147
f 147//147 261//261 259//259
f 147//147 146//146 261//261
f 255//255 257//257 137//137
f 259//259 283//283 277//277
f 283//283 259//259 261//261
f 257//257 255//255 260//260
f 261//261 284//284 283//283
f 262//262 260//260 281//281
f 262//262 523//523 260//260
f 284//284 151//151 289//289
f 61//61 58//58 264//264
f 263//263 58//58 3//3
f 263//263 264//264 58//58
f 61//61 264//264 265//265
f 66//66 65//65 265//265
f 263//263 6//6 266//266
f 269//269 265//265 264//264
f 924//924 263//263 266//266
f 924//924 925//925 269//269
f 267//267 924//924 266//266
f 927//927 269//269 925//925
f 322//322 320//320 272//272
f 320//320 270//270 272//272
f 272//272 270//270 274//274
f 322//322 272//272 273//273
f 273//273 272//272 271//271
f 322//322 273//273 323//323
f 280//280 323//323 273//273
f 275//275 270//270 321//321
f 271//271 278//278 273//273
f 273//273 278//278 280//280
f 270//270 275//275 274//274
f 271//271 272//272 274//274
f 274//274 275//275 271//271
f 278//278 276//276 258//258
f 259//259 277//277 258//258
f 279//279 280//280 278//278
f 279//279 278//278 258//258
f 258//258 277//277 279//279
f 260//260 1907//1907 281//281
f 279//279 282//282 280//280
f 277//277 285//285 279//279
f 285//285 277//277 283//283
f 284//284 285//285 283//283
f 573//573 279//279 285//285
f 284//284 289//289 288//288
f 573//573 285//285 286//286
f 284//284 288//288 285//285
f 286//286 290//290 291//291
f 285//285 290//290 286//286
f 285//285 288//288 290//290
f 288//288 292//292 290//290
f 292//292 288//288 289//289
f 291//291 290//290 580//580
f 580//580 290//290 292//292
f 298//298 293//293 295//295
f 293//293 298//298 296//296
f 294//294 498//498 293//293
f 299//299 296//296 298//298
f 419//419 297//297 370//370
f 294//294 293//293 296//296
f 297//297 296//296 372//372
f 299//299 372//372 296//296
f 295//295 303//303 298//298
f 419//419 300//300 297//297
f 300//300 294//294 296//296
f 297//297 300//300 296//296
f 419//419 500//500 300//300
f 303//303 295//295 342//342
f 301//301 299//299 298//298
f 299//299 373//373 372//372
f 294//294 300//300 500//500
f 373//373 299//299 301//301
f 302//302 301//301 298//298
f 298//298 303//303 302//302
f 301//301 304//304 373//373
f 304//304 301//301 302//302
f 355//355 303//303 352//352
f 302//302 303//303 305//305
f 305//305 304//304 302//302
f 305//305 306//306 304//304
f 381//381 304//304 307//307
f 307//307 304//304 306//306
f 307//307 306//306 569//569
f 949//949 54//54 308//308
f 949//949 308//308 309//309
f 949//949 309//309 871//871
f 62//62 309//309 308//308
f 62//62 64//64 310//310
f 309//309 62//62 310//310
f 310//310 311//311 309//309
f 64//64 452//452 310//310
f 873//873 871//871 309//309
f 311//311 310//310 1908//1908
f 311//311 873//873 309//309
f 452//452 1908//1908 310//310
f 1908//1908 312//312 311//311
f 311//311 312//312 873//873
f 314//314 873//873 312//312
f 313//313 877//877 314//314
f 316//316 314//314 312//312
f 313//313 314//314 319//319
f 316//316 319//319 314//314
f 317//317 313//313 319//319
f 317//317 319//319 462//462
f 319//319 916//916 462//462
f 319//319 316//316 916//916
f 270//270 320//320 321//321
f 320//320 322//322 321//321
f 321//321 322//322 324//324
f 322//322 323//323 324//324
f 325//325 323//323 280//280
f 280//280 282//282 325//325
f 324//324 326//326 321//321
f 323//323 325//325 324//324
f 275//275 321//321 326//326
f 325//325 282//282 577//577
f 324//324 325//325 327//327
f 327//327 326//326 324//324
f 327//327 525//525 326//326
f 653//653 525//525 327//327
f 652//652 327//327 577//577
f 325//325 577//577 327//327
f 331//331 387//387 383//383
f 329//329 328//328 330//330
f 328//328 329//329 1909//1909
f 330//330 333//333 336//336
f 334//334 329//329 330//330
f 331//331 332//332 393//393
f 329//329 334//334 332//332
f 336//336 334//334 330//330
f 393//393 332//332 335//335
f 334//334 335//335 332//332
f 333//333 338//338 336//336
f 341//341 338//338 253//253
f 333//333 253//253 338//338
f 400//400 335//335 337//337
f 334//334 337//337 335//335
f 334//334 336//336 337//337
f 337//337 408//408 400//400
f 336//336 338//338 337//337
f 254//254 339//339 340//340
f 341//341 253//253 340//340
f 341//341 449//449 338//338
f 337//337 449//449 408//408
f 295//295 293//293 344//344
f 344//344 342//342 295//295
f 344//344 293//293 480//480
f 187//187 349//349 343//343
f 349//349 187//187 188//188
f 346//346 344//344 480//480
f 343//343 347//347 346//346
f 348//348 349//349 188//188
f 346//346 347//347 344//344
f 342//342 344//344 347//347
f 350//350 343//343 349//349
f 352//352 303//303 342//342
f 482//482 348//348 188//188
f 350//350 347//347 343//343
f 347//347 352//352 342//342
f 354//354 350//350 349//349
f 350//350 352//352 347//347
f 348//348 482//482 351//351
f 349//349 348//348 354//354
f 354//354 353//353 350//350
f 353//353 355//355 352//352
f 352//352 350//350 353//353
f 354//354 348//348 351//351
f 484//484 354//354 351//351
f 354//354 355//355 353//353
f 303//303 355//355 356//356
f 303//303 356//356 305//305
f 209//209 207//207 358//358
f 876//876 878//878 168//168
f 357//357 209//209 358//358
f 880//880 358//358 359//359
f 878//878 880//880 359//359
f 168//168 878//878 359//359
f 357//357 468//468 209//209
f 357//357 358//358 880//880
f 357//357 880//880 881//881
f 167//167 168//168 359//359
f 360//360 359//359 358//358
f 360//360 167//167 359//359
f 466//466 357//357 881//881
f 883//883 466//466 881//881
f 362//362 361//361 183//183
f 153//153 938//938 363//363
f 190//190 363//363 362//362
f 365//365 364//364 363//363
f 366//366 190//190 189//189
f 366//366 365//365 190//190
f 368//368 365//365 366//366
f 367//367 1955//1955 368//368
f 369//369 368//368 366//366
f 368//368 369//369 486//486
f 297//297 372//372 370//370
f 372//372 371//371 370//370
f 374//374 371//371 372//372
f 374//374 372//372 373//373
f 373//373 375//375 374//374
f 375//375 373//373 304//304
f 371//371 374//374 376//376
f 374//374 375//375 378//378
f 378//378 376//376 374//374
f 378//378 375//375 379//379
f 377//377 1910//1910 376//376
f 381//381 375//375 304//304
f 375//375 381//381 379//379
f 379//379 380//380 378//378
f 380//380 379//379 381//381
f 376//376 378//378 565//565
f 307//307 568//568 381//381
f 387//387 388//388 383//383
f 384//384 382//382 236//236
f 134//134 236//236 382//382
f 386//386 134//134 385//385
f 389//389 384//384 388//388
f 382//382 384//384 389//389
f 382//382 385//385 134//134
f 385//385 382//382 389//389
f 392//392 386//386 385//385
f 387//387 389//389 388//388
f 390//390 385//385 389//389
f 331//331 390//390 387//387
f 387//387 390//390 389//389
f 391//391 385//385 390//390
f 385//385 391//391 392//392
f 390//390 394//394 391//391
f 331//331 393//393 390//390
f 393//393 394//394 390//390
f 393//393 335//335 396//396
f 145//145 397//397 240//240
f 392//392 391//391 399//399
f 392//392 399//399 395//395
f 396//396 394//394 393//393
f 413//413 240//240 397//397
f 257//257 402//402 142//142
f 142//142 402//402 397//397
f 391//391 394//394 398//398
f 391//391 398//398 399//399
f 396//396 335//335 400//400
f 394//394 396//396 405//405
f 394//394 405//405 398//398
f 403//403 413//413 397//397
f 402//402 403//403 397//397
f 399//399 404//404 395//395
f 396//396 400//400 405//405
f 405//405 409//409 398//398
f 403//403 410//410 413//413
f 406//406 402//402 257//257
f 401//401 410//410 403//403
f 403//403 411//411 401//401
f 395//395 404//404 407//407
f 400//400 408//408 405//405
f 402//402 406//406 411//411
f 402//402 411//411 403//403
f 401//401 399//399 410//410
f 399//399 401//401 404//404
f 412//412 404//404 401//401
f 404//404 412//412 407//407
f 407//407 412//412 417//417
f 405//405 408//408 409//409
f 399//399 398//398 410//410
f 411//411 417//417 412//412
f 412//412 401//401 411//411
f 244//244 241//241 413//413
f 410//410 416//416 413//413
f 523//523 257//257 260//260
f 416//416 398//398 409//409
f 406//406 257//257 523//523
f 411//411 406//406 415//415
f 413//413 416//416 244//244
f 418//418 409//409 408//408
f 416//416 409//409 418//418
f 524//524 406//406 414//414
f 406//406 524//524 415//415
f 417//417 411//411 415//415
f 151//151 152//152 417//417
f 244//244 416//416 418//418
f 415//415 524//524 529//529
f 417//417 415//415 530//530
f 530//530 287//287 151//151
f 151//151 417//417 530//530
f 419//419 434//434 500//500
f 423//423 420//420 426//426
f 435//435 421//421 420//420
f 426//426 420//420 421//421
f 420//420 423//423 434//434
f 501//501 434//434 423//423
f 421//421 435//435 437//437
f 423//423 426//426 422//422
f 421//421 424//424 426//426
f 426//426 424//424 427//427
f 425//425 421//421 437//437
f 425//425 424//424 421//421
f 427//427 422//422 426//426
f 422//422 427//427 428//428
f 501//501 422//422 428//428
f 429//429 424//424 425//425
f 429//429 427//427 424//424
f 427//427 429//429 433//433
f 428//428 427//427 433//433
f 431//431 428//428 433//433
f 432//432 429//429 430//430
f 433//433 429//429 432//432
f 434//434 419//419 370//370
f 371//371 434//434 370//370
f 434//434 371//371 436//436
f 435//435 420//420 436//436
f 434//434 436//436 420//420
f 436//436 371//371 1910//1910
f 429//429 425//425 437//437
f 437//437 435//435 438//438
f 435//435 436//436 438//438
f 438//438 436//436 1910//1910
f 438//438 429//429 437//437
f 430//430 429//429 438//438
f 438//438 1910//1910 554//554
f 492//492 439//439 495//495
f 440//440 442//442 1902//1902
f 1902//1902 443//443 98//98
f 440//440 441//441 442//442
f 448//448 131//131 132//132
f 445//445 442//442 447//447
f 339//339 254//254 443//443
f 447//447 441//441 131//131
f 441//441 447//447 442//442
f 445//445 443//443 1902//1902
f 245//245 448//448 132//132
f 1902//1902 442//442 445//445
f 443//443 445//445 446//446
f 444//444 339//339 446//446
f 443//443 446//446 339//339
f 444//444 340//340 339//339
f 341//341 340//340 444//444
f 444//444 449//449 341//341
f 446//446 449//449 444//444
f 448//448 447//447 131//131
f 450//450 445//445 447//447
f 245//245 451//451 448//448
f 245//245 246//246 451//451
f 446//446 445//445 450//450
f 448//448 451//451 447//447
f 451//451 450//450 447//447
f 246//246 247//247 451//451
f 451//451 449//449 450//450
f 449//449 446//446 450//450
f 247//247 449//449 451//451
f 449//449 247//247 418//418
f 64//64 453//453 452//452
f 454//454 452//452 453//453
f 66//66 265//265 268//268
f 456//456 453//453 66//66
f 454//454 453//453 456//456
f 454//454 455//455 452//452
f 455//455 454//454 1917//1917
f 265//265 269//269 268//268
f 66//66 268//268 456//456
f 454//454 456//456 1917//1917
f 457//457 459//459 926//926
f 457//457 458//458 459//459
f 1947//1947 460//460 457//457
f 460//460 458//458 457//457
f 317//317 459//459 458//458
f 461//461 456//456 268//268
f 461//461 1917//1917 456//456
f 903//903 1917//1917 461//461
f 462//462 463//463 317//317
f 459//459 317//317 461//461
f 463//463 903//903 461//461
f 911//911 463//463 462//462
f 171//171 206//206 465//465
f 171//171 465//465 179//179
f 465//465 209//209 464//464
f 465//465 464//464 179//179
f 464//464 209//209 468//468
f 467//467 181//181 179//179
f 357//357 466//466 468//468
f 468//468 471//471 464//464
f 181//181 470//470 182//182
f 181//181 467//467 469//469
f 467//467 179//179 464//464
f 467//467 464//464 471//471
f 466//466 514//514 468//468
f 181//181 469//469 470//470
f 929//929 182//182 470//470
f 514//514 474//474 468//468
f 470//470 469//469 930//930
f 470//470 930//930 929//929
f 514//514 466//466 515//515
f 515//515 466//466 883//883
f 467//467 472//472 469//469
f 469//469 472//472 930//930
f 468//468 473//473 471//471
f 471//471 472//472 467//467
f 471//471 478//478 472//472
f 471//471 473//473 478//478
f 468//468 474//474 473//473
f 930//930 472//472 475//475
f 473//473 474//474 517//517
f 1947//1947 931//931 477//477
f 517//517 630//630 473//473
f 477//477 931//931 475//475
f 476//476 1947//1947 477//477
f 630//630 478//478 473//473
f 478//478 479//479 472//472
f 472//472 479//479 475//475
f 477//477 475//475 479//479
f 479//479 476//476 477//477
f 630//630 628//628 478//478
f 479//479 478//478 628//628
f 483//483 346//346 480//480
f 345//345 482//482 188//188
f 198//198 191//191 481//481
f 346//346 481//481 343//343
f 345//345 486//486 482//482
f 486//486 345//345 368//368
f 346//346 483//483 481//481
f 351//351 482//482 484//484
f 199//199 195//195 197//197
f 195//195 199//199 369//369
f 481//481 199//199 198//198
f 482//482 486//486 485//485
f 485//485 484//484 482//482
f 199//199 481//481 487//487
f 487//487 484//484 485//485
f 354//354 484//484 488//488
f 487//487 485//485 199//199
f 369//369 199//199 485//485
f 489//489 484//484 481//481
f 485//485 486//486 369//369
f 508//508 491//491 483//483
f 483//483 489//489 481//481
f 356//356 355//355 488//488
f 488//488 355//355 354//354
f 483//483 491//491 489//489
f 489//489 491//491 490//490
f 484//484 489//489 490//490
f 484//484 490//490 488//488
f 488//488 490//490 356//356
f 490//490 491//491 509//509
f 356//356 490//490 509//509
f 508//508 509//509 491//491
f 492//492 495//495 494//494
f 494//494 493//493 492//492
f 493//493 494//494 668//668
f 494//494 495//495 496//496
f 496//496 665//665 494//494
f 496//496 616//616 665//665
f 493//493 497//497 492//492
f 439//439 492//492 497//497
f 497//497 613//613 439//439
f 497//497 493//493 669//669
f 497//497 669//669 613//613
f 499//499 498//498 294//294
f 293//293 498//498 480//480
f 480//480 498//498 502//502
f 501//501 500//500 434//434
f 294//294 500//500 499//499
f 503//503 504//504 499//499
f 499//499 500//500 501//501
f 499//499 504//504 498//498
f 501//501 423//423 422//422
f 503//503 499//499 501//501
f 502//502 498//498 504//504
f 483//483 480//480 502//502
f 501//501 428//428 503//503
f 506//506 504//504 503//503
f 502//502 504//504 505//505
f 506//506 505//505 504//504
f 503//503 428//428 431//431
f 508//508 502//502 505//505
f 502//502 508//508 483//483
f 506//506 503//503 431//431
f 507//507 431//431 587//587
f 431//431 507//507 506//506
f 505//505 506//506 511//511
f 510//510 506//506 507//507
f 356//356 509//509 305//305
f 510//510 594//594 506//506
f 509//509 508//508 513//513
f 305//305 509//509 513//513
f 508//508 505//505 513//513
f 513//513 505//505 511//511
f 512//512 513//513 511//511
f 306//306 513//513 512//512
f 305//305 513//513 306//306
f 306//306 512//512 569//569
f 572//572 512//512 511//511
f 474//474 514//514 517//517
f 514//514 518//518 517//517
f 516//516 518//518 514//514
f 516//516 514//514 515//515
f 520//520 517//517 521//521
f 521//521 517//517 518//518
f 637//637 515//515 629//629
f 518//518 522//522 521//521
f 518//518 516//516 522//522
f 520//520 519//519 517//517
f 521//521 617//617 520//520
f 621//621 617//617 521//521
f 522//522 621//621 521//521
f 619//619 618//618 520//520
f 520//520 617//617 619//619
f 618//618 519//519 520//520
f 637//637 522//522 516//516
f 271//271 281//281 1956//1956
f 414//414 406//406 523//523
f 526//526 281//281 271//271
f 526//526 275//275 326//326
f 527//527 523//523 262//262
f 262//262 281//281 531//531
f 414//414 523//523 527//527
f 414//414 528//528 524//524
f 532//532 526//526 326//326
f 531//531 281//281 526//526
f 527//527 262//262 531//531
f 524//524 528//528 529//529
f 415//415 529//529 530//530
f 414//414 527//527 535//535
f 326//326 525//525 532//532
f 529//529 528//528 530//530
f 527//527 531//531 535//535
f 528//528 533//533 530//530
f 287//287 530//530 533//533
f 534//534 525//525 653//653
f 532//532 525//525 534//534
f 526//526 536//536 531//531
f 535//535 533//533 414//414
f 533//533 528//528 414//414
f 537//537 532//532 534//534
f 531//531 536//536 535//535
f 533//533 576//576 287//287
f 289//289 287//287 576//576
f 536//536 540//540 535//535
f 535//535 540//540 533//533
f 538//538 536//536 532//532
f 533//533 540//540 542//542
f 576//576 533//533 542//542
f 526//526 532//532 536//536
f 538//538 532//532 537//537
f 536//536 538//538 540//540
f 653//653 537//537 534//534
f 537//537 655//655 538//538
f 655//655 539//539 538//538
f 538//538 539//539 540//540
f 539//539 541//541 540//540
f 542//542 540//540 541//541
f 543//543 561//561 545//545
f 547//547 544//544 543//543
f 543//543 544//544 561//561
f 544//544 547//547 546//546
f 547//547 543//543 548//548
f 559//559 546//546 547//547
f 553//553 549//549 548//548
f 559//559 547//547 550//550
f 550//550 551//551 559//559
f 548//548 550//550 547//547
f 550//550 548//548 549//549
f 545//545 553//553 543//543
f 553//553 548//548 543//543
f 641//641 545//545 561//561
f 641//641 552//552 545//545
f 553//553 545//545 552//552
f 549//549 553//553 552//552
f 554//554 430//430 438//438
f 432//432 430//430 555//555
f 430//430 554//554 555//555
f 554//554 556//556 555//555
f 554//554 564//564 556//556
f 555//555 556//556 590//590
f 556//556 596//596 593//593
f 544//544 558//558 561//561
f 558//558 562//562 561//561
f 558//558 544//544 546//546
f 560//560 546//546 559//559
f 546//546 560//560 558//558
f 560//560 557//557 558//558
f 560//560 559//559 551//551
f 562//562 647//647 561//561
f 563//563 561//561 647//647
f 563//563 643//643 561//561
f 565//565 377//377 376//376
f 378//378 380//380 565//565
f 564//564 596//596 556//556
f 377//377 566//566 564//564
f 377//377 565//565 571//571
f 565//565 567//567 571//571
f 565//565 380//380 567//567
f 568//568 567//567 380//380
f 568//568 307//307 569//569
f 380//380 381//381 568//568
f 596//596 564//564 566//566
f 566//566 377//377 571//571
f 568//568 569//569 571//571
f 567//567 568//568 571//571
f 594//594 570//570 572//572
f 511//511 594//594 572//572
f 570//570 566//566 572//572
f 566//566 571//571 572//572
f 512//512 572//572 569//569
f 571//571 569//569 572//572
f 282//282 279//279 1946//1946
f 573//573 286//286 575//575
f 574//574 575//575 286//286
f 291//291 574//574 286//286
f 576//576 292//292 289//289
f 574//574 291//291 580//580
f 579//579 575//575 574//574
f 574//574 580//580 579//579
f 579//579 582//582 575//575
f 580//580 292//292 576//576
f 582//582 579//579 578//578
f 580//580 576//576 581//581
f 1946//1946 575//575 582//582
f 579//579 583//583 578//578
f 579//579 580//580 583//583
f 581//581 583//583 580//580
f 656//656 577//577 658//658
f 542//542 584//584 581//581
f 581//581 576//576 542//542
f 583//583 581//581 584//584
f 582//582 578//578 585//585
f 658//658 577//577 582//582
f 584//584 542//542 541//541
f 578//578 586//586 585//585
f 578//578 583//583 586//586
f 586//586 584//584 541//541
f 584//584 586//586 583//583
f 658//658 582//582 585//585
f 668//668 669//669 493//493
f 668//668 494//494 665//665
f 587//587 431//431 433//433
f 587//587 432//432 588//588
f 588//588 432//432 555//555
f 433//433 432//432 587//587
f 507//507 587//587 588//588
f 555//555 592//592 588//588
f 507//507 588//588 589//589
f 510//510 507//507 589//589
f 590//590 592//592 555//555
f 592//592 591//591 588//588
f 588//588 591//591 589//589
f 510//510 589//589 594//594
f 589//589 591//591 595//595
f 594//594 589//589 595//595
f 556//556 593//593 590//590
f 590//590 593//593 591//591
f 590//590 591//591 592//592
f 511//511 506//506 594//594
f 593//593 595//595 591//591
f 594//594 595//595 570//570
f 596//596 595//595 593//593
f 570//570 595//595 596//596
f 566//566 570//570 596//596
f 602//602 597//597 915//915
f 602//602 915//915 907//907
f 907//907 598//598 600//600
f 907//907 600//600 602//602
f 918//918 917//917 597//597
f 604//604 597//597 602//602
f 598//598 601//601 600//600
f 602//602 600//600 599//599
f 601//601 912//912 606//606
f 600//600 601//601 599//599
f 603//603 599//599 601//601
f 602//602 605//605 604//604
f 604//604 918//918 597//597
f 727//727 918//918 604//604
f 602//602 599//599 605//605
f 728//728 606//606 913//913
f 603//603 607//607 599//599
f 605//605 599//599 608//608
f 604//604 772//772 727//727
f 603//603 601//601 606//606
f 599//599 607//607 608//608
f 605//605 609//609 604//604
f 606//606 610//610 603//603
f 609//609 605//605 608//608
f 610//610 607//607 603//603
f 611//611 608//608 607//607
f 604//604 609//609 772//772
f 607//607 610//610 611//611
f 611//611 610//610 612//612
f 608//608 774//774 609//609
f 611//611 774//774 608//608
f 609//609 774//774 772//772
f 610//610 729//729 612//612
f 774//774 611//611 773//773
f 611//611 612//612 773//773
f 558//558 557//557 562//562
f 562//562 649//649 647//647
f 649//649 562//562 557//557
f 614//614 613//613 669//669
f 659//659 613//613 614//614
f 496//496 615//615 616//616
f 613//613 659//659 615//615
f 659//659 616//616 615//615
f 621//621 620//620 617//617
f 617//617 620//620 1911//1911
f 620//620 622//622 1911//1911
f 618//618 619//619 707//707
f 622//622 662//662 1911//1911
f 620//620 621//621 624//624
f 622//622 663//663 662//662
f 626//626 620//620 623//623
f 622//622 620//620 626//626
f 664//664 622//622 626//626
f 664//664 626//626 625//625
f 624//624 922//922 623//623
f 629//629 515//515 883//883
f 628//628 630//630 634//634
f 516//516 515//515 637//637
f 627//627 479//479 632//632
f 627//627 476//476 479//479
f 631//631 629//629 627//627
f 630//630 517//517 633//633
f 628//628 634//634 632//632
f 632//632 479//479 628//628
f 631//631 627//627 632//632
f 634//634 630//630 633//633
f 634//634 635//635 632//632
f 631//631 632//632 635//635
f 633//633 635//635 634//634
f 639//639 635//635 633//633
f 519//519 636//636 633//633
f 633//633 638//638 639//639
f 637//637 639//639 640//640
f 637//637 631//631 635//635
f 636//636 519//519 708//708
f 635//635 639//639 637//637
f 633//633 636//636 638//638
f 713//713 639//639 638//638
f 636//636 708//708 710//710
f 636//636 710//710 638//638
f 713//713 638//638 710//710
f 713//713 640//640 639//639
f 641//641 642//642 552//552
f 561//561 643//643 641//641
f 549//549 552//552 642//642
f 643//643 645//645 644//644
f 644//644 551//551 550//550
f 644//644 641//641 643//643
f 644//644 550//550 549//549
f 549//549 642//642 644//644
f 641//641 644//644 642//642
f 644//644 645//645 551//551
f 645//645 643//643 695//695
f 695//695 643//643 563//563
f 646//646 551//551 645//645
f 648//648 666//666 647//647
f 648//648 647//647 649//649
f 651//651 648//648 649//649
f 665//665 648//648 651//651
f 650//650 651//651 649//649
f 685//685 650//650 684//684
f 653//653 327//327 652//652
f 656//656 652//652 577//577
f 653//653 654//654 537//537
f 652//652 654//654 653//653
f 537//537 654//654 655//655
f 656//656 654//654 652//652
f 656//656 655//655 654//654
f 673//673 539//539 655//655
f 673//673 586//586 539//539
f 657//657 655//655 656//656
f 656//656 658//658 657//657
f 673//673 655//655 675//675
f 675//675 655//655 657//657
f 659//659 614//614 661//661
f 614//614 660//660 661//661
f 667//667 616//616 659//659
f 667//667 659//659 661//661
f 661//661 660//660 663//663
f 662//662 660//660 671//671
f 661//661 664//664 667//667
f 664//664 661//661 663//663
f 660//660 662//662 663//663
f 663//663 622//622 664//664
f 706//706 667//667 664//664
f 665//665 616//616 666//666
f 666//666 648//648 665//665
f 647//647 666//666 563//563
f 696//696 563//563 666//666
f 563//563 696//696 695//695
f 666//666 616//616 667//667
f 670//670 660//660 614//614
f 669//669 670//670 614//614
f 668//668 665//665 651//651
f 651//651 705//705 668//668
f 668//668 705//705 669//669
f 671//671 660//660 670//670
f 711//711 662//662 671//671
f 705//705 670//670 669//669
f 671//671 670//670 672//672
f 705//705 672//672 670//670
f 736//736 672//672 705//705
f 736//736 720//720 672//672
f 541//541 539//539 586//586
f 586//586 673//673 585//585
f 585//585 674//674 658//658
f 673//673 674//674 585//585
f 657//657 658//658 674//674
f 673//673 675//675 674//674
f 674//674 675//675 657//657
f 678//678 677//677 676//676
f 678//678 681//681 677//677
f 679//679 681//681 678//678
f 677//677 680//680 676//676
f 679//679 682//682 681//681
f 701//701 682//682 679//679
f 681//681 683//683 677//677
f 677//677 683//683 680//680
f 690//690 689//689 680//680
f 704//704 683//683 681//681
f 682//682 704//704 681//681
f 690//690 680//680 683//683
f 683//683 702//702 690//690
f 551//551 557//557 560//560
f 646//646 557//557 551//551
f 684//684 649//649 557//557
f 650//650 649//649 684//684
f 646//646 684//684 557//557
f 646//646 685//685 684//684
f 687//687 685//685 646//646
f 685//685 687//687 686//686
f 686//686 1957//1957 685//685
f 686//686 687//687 692//692
f 688//688 678//678 676//676
f 688//688 694//694 678//678
f 689//689 688//688 676//676
f 680//680 689//689 676//676
f 646//646 645//645 691//691
f 691//691 688//688 689//689
f 689//689 687//687 691//691
f 687//687 646//646 691//691
f 688//688 693//693 694//694
f 679//679 678//678 694//694
f 701//701 679//679 694//694
f 700//700 694//694 693//693
f 645//645 695//695 691//691
f 688//688 691//691 695//695
f 693//693 688//688 695//695
f 697//697 700//700 693//693
f 698//698 697//697 693//693
f 695//695 696//696 698//698
f 693//693 695//695 698//698
f 694//694 700//700 701//701
f 703//703 682//682 701//701
f 701//701 700//700 703//703
f 700//700 697//697 702//702
f 683//683 704//704 702//702
f 703//703 700//700 702//702
f 703//703 704//704 682//682
f 702//702 697//697 699//699
f 704//704 703//703 702//702
f 702//702 699//699 690//690
f 1957//1957 651//651 650//650
f 705//705 651//651 1957//1957
f 1957//1957 650//650 685//685
f 705//705 1957//1957 744//744
f 696//696 666//666 1912//1912
f 664//664 625//625 706//706
f 696//696 1912//1912 746//746
f 706//706 625//625 718//718
f 718//718 743//743 706//706
f 706//706 745//745 746//746
f 708//708 618//618 707//707
f 708//708 519//519 618//618
f 708//708 709//709 710//710
f 707//707 709//709 708//708
f 710//710 709//709 712//712
f 713//713 710//710 712//712
f 713//713 712//712 715//715
f 711//711 714//714 707//707
f 712//712 709//709 714//714
f 626//626 623//623 717//717
f 671//671 672//672 714//714
f 671//671 714//714 711//711
f 626//626 717//717 625//625
f 672//672 1913//1913 714//714
f 623//623 719//719 717//717
f 923//923 715//715 719//719
f 717//717 718//718 625//625
f 1913//1913 716//716 715//715
f 720//720 1913//1913 672//672
f 1913//1913 720//720 716//716
f 716//716 720//720 718//718
f 718//718 717//717 716//716
f 719//719 716//716 717//717
f 719//719 715//715 716//716
f 696//696 721//721 698//698
f 699//699 697//697 698//698
f 722//722 698//698 721//721
f 723//723 722//722 721//721
f 750//750 722//722 723//723
f 750//750 738//738 722//722
f 724//724 750//750 723//723
f 723//723 753//753 724//724
f 911//911 725//725 726//726
f 725//725 918//918 727//727
f 726//726 913//913 911//911
f 728//728 913//913 726//726
f 726//726 725//725 727//727
f 727//727 731//731 726//726
f 730//730 728//728 726//726
f 606//606 728//728 729//729
f 730//730 726//726 731//731
f 727//727 754//754 731//731
f 730//730 729//729 728//728
f 732//732 731//731 754//754
f 735//735 730//730 731//731
f 610//610 606//606 729//729
f 735//735 731//731 732//732
f 733//733 729//729 730//730
f 729//729 733//733 734//734
f 773//773 612//612 734//734
f 733//733 730//730 735//735
f 734//734 733//733 1915//1915
f 705//705 744//744 736//736
f 699//699 692//692 690//690
f 699//699 698//698 722//722
f 692//692 739//739 686//686
f 692//692 699//699 739//739
f 737//737 699//699 722//722
f 737//737 739//739 699//699
f 722//722 738//738 737//737
f 737//737 738//738 742//742
f 737//737 740//740 739//739
f 737//737 742//742 740//740
f 741//741 740//740 742//742
f 706//706 743//743 745//745
f 720//720 743//743 718//718
f 743//743 720//720 736//736
f 743//743 736//736 744//744
f 746//746 745//745 748//748
f 745//745 743//743 744//744
f 748//748 745//745 744//744
f 746//746 721//721 696//696
f 746//746 749//749 721//721
f 749//749 746//746 748//748
f 747//747 1957//1957 686//686
f 686//686 739//739 747//747
f 740//740 747//747 739//739
f 1957//1957 747//747 748//748
f 748//748 744//744 1957//1957
f 749//749 753//753 721//721
f 723//723 721//721 753//753
f 740//740 748//748 747//747
f 740//740 749//749 748//748
f 741//741 749//749 740//740
f 741//741 752//752 753//753
f 749//749 741//741 753//753
f 738//738 750//750 751//751
f 751//751 742//742 738//738
f 750//750 752//752 751//751
f 750//750 724//724 752//752
f 742//742 751//751 741//741
f 752//752 724//724 753//753
f 752//752 741//741 751//751
f 754//754 1914//1914 755//755
f 755//755 732//732 754//754
f 732//732 755//755 758//758
f 758//758 735//735 732//732
f 756//756 733//733 735//735
f 1915//1915 733//733 756//756
f 755//755 759//759 758//758
f 756//756 735//735 758//758
f 761//761 764//764 762//762
f 764//764 769//769 762//762
f 764//764 766//766 769//769
f 762//762 769//769 763//763
f 761//761 762//762 763//763
f 761//761 765//765 764//764
f 765//765 761//761 767//767
f 764//764 765//765 766//766
f 765//765 784//784 766//766
f 765//765 767//767 768//768
f 768//768 784//784 765//765
f 770//770 763//763 769//769
f 761//761 763//763 771//771
f 771//771 767//767 761//761
f 763//763 770//770 771//771
f 774//774 777//777 772//772
f 772//772 777//777 776//776
f 774//774 773//773 777//777
f 734//734 775//775 773//773
f 773//773 775//775 777//777
f 776//776 777//777 778//778
f 778//778 783//783 776//776
f 777//777 775//775 779//779
f 779//779 778//778 777//777
f 734//734 1915//1915 775//775
f 775//775 797//797 779//779
f 785//785 778//778 798//798
f 778//778 779//779 796//796
f 769//769 766//766 780//780
f 770//770 769//769 780//780
f 787//787 781//781 770//770
f 770//770 781//781 771//771
f 770//770 780//780 787//787
f 782//782 781//781 787//787
f 783//783 784//784 757//757
f 790//790 757//757 784//784
f 783//783 785//785 784//784
f 778//778 785//785 783//783
f 768//768 790//790 784//784
f 766//766 784//784 780//780
f 798//798 786//786 785//785
f 788//788 780//780 784//784
f 785//785 788//788 784//784
f 788//788 787//787 780//780
f 788//788 785//785 786//786
f 782//782 787//787 788//788
f 801//801 782//782 788//788
f 788//788 786//786 818//818
f 802//802 782//782 801//801
f 801//801 788//788 818//818
f 757//757 789//789 755//755
f 759//759 755//755 789//789
f 789//789 757//757 790//790
f 759//759 789//789 790//790
f 790//790 768//768 791//791
f 790//790 791//791 759//759
f 768//768 767//767 791//791
f 792//792 767//767 771//771
f 791//791 767//767 792//792
f 791//791 792//792 793//793
f 759//759 791//791 793//793
f 781//781 792//792 771//771
f 782//782 792//792 781//781
f 792//792 782//782 793//793
f 759//759 793//793 794//794
f 759//759 794//794 760//760
f 793//793 802//802 795//795
f 795//795 794//794 793//793
f 796//796 798//798 778//778
f 794//794 797//797 760//760
f 797//797 794//794 817//817
f 779//779 797//797 796//796
f 817//817 798//798 796//796
f 817//817 794//794 799//799
f 782//782 802//802 793//793
f 795//795 802//802 806//806
f 801//801 804//804 803//803
f 803//803 806//806 802//802
f 801//801 803//803 802//802
f 804//804 827//827 803//803
f 825//825 806//806 803//803
f 853//853 827//827 840//840
f 804//804 840//840 827//827
f 804//804 834//834 840//840
f 806//806 805//805 795//795
f 810//810 795//795 805//805
f 806//806 807//807 805//805
f 807//807 806//806 825//825
f 810//810 805//805 808//808
f 807//807 808//808 805//805
f 809//809 810//810 808//808
f 833//833 809//809 808//808
f 810//810 794//794 795//795
f 811//811 794//794 810//810
f 810//810 809//809 811//811
f 811//811 816//816 794//794
f 799//799 794//794 816//816
f 812//812 816//816 811//811
f 811//811 809//809 856//856
f 814//814 812//812 811//811
f 812//812 815//815 816//816
f 800//800 799//799 816//816
f 815//815 812//812 813//813
f 814//814 813//813 812//812
f 815//815 800//800 816//816
f 818//818 786//786 819//819
f 801//801 818//818 804//804
f 786//786 798//798 819//819
f 798//798 817//817 819//819
f 804//804 818//818 842//842
f 819//819 817//817 799//799
f 819//819 799//799 844//844
f 820//820 822//822 821//821
f 821//821 828//828 820//820
f 829//829 820//820 828//828
f 822//822 820//820 823//823
f 822//822 846//846 821//821
f 823//823 820//820 829//829
f 846//846 822//822 824//824
f 822//822 823//823 824//824
f 830//830 824//824 823//823
f 826//826 825//825 803//803
f 827//827 826//826 803//803
f 826//826 828//828 825//825
f 826//826 829//829 828//828
f 826//826 831//831 829//829
f 826//826 827//827 831//831
f 829//829 830//830 823//823
f 827//827 853//853 831//831
f 831//831 830//830 829//829
f 807//807 833//833 808//808
f 825//825 832//832 807//807
f 833//833 807//807 832//832
f 809//809 833//833 854//854
f 847//847 832//832 825//825
f 832//832 850//850 833//833
f 854//854 833//833 850//850
f 854//854 850//850 831//831
f 804//804 842//842 835//835
f 804//804 835//835 834//834
f 863//863 835//835 842//842
f 835//835 836//836 834//834
f 834//834 836//836 837//837
f 815//815 836//836 835//835
f 815//815 813//813 836//836
f 863//863 815//815 835//835
f 813//813 943//943 836//836
f 837//837 836//836 943//943
f 840//840 838//838 853//853
f 838//838 840//840 839//839
f 840//840 834//834 837//837
f 839//839 840//840 837//837
f 839//839 851//851 852//852
f 851//851 839//839 837//837
f 944//944 851//851 837//837
f 844//844 841//841 819//819
f 818//818 819//819 842//842
f 868//868 842//842 841//841
f 844//844 799//799 800//800
f 869//869 863//863 842//842
f 869//869 842//842 868//868
f 841//841 843//843 868//868
f 841//841 844//844 843//843
f 844//844 870//870 843//843
f 828//828 821//821 845//845
f 846//846 845//845 821//821
f 825//825 828//828 847//847
f 845//845 847//847 828//828
f 848//848 845//845 846//846
f 849//849 845//845 848//848
f 824//824 848//848 846//846
f 849//849 832//832 847//847
f 845//845 849//849 847//847
f 848//848 824//824 830//830
f 850//850 832//832 849//849
f 848//848 850//850 849//849
f 852//852 851//851 859//859
f 859//859 851//851 944//944
f 943//943 944//944 837//837
f 809//809 854//854 855//855
f 856//856 809//809 855//855
f 856//856 814//814 811//811
f 853//853 854//854 831//831
f 854//854 853//853 855//855
f 853//853 838//838 855//855
f 855//855 857//857 856//856
f 838//838 857//857 855//855
f 860//860 857//857 838//838
f 856//856 857//857 814//814
f 814//814 861//861 943//943
f 814//814 943//943 813//813
f 860//860 861//861 857//857
f 857//857 861//861 814//814
f 852//852 838//838 839//839
f 838//838 852//852 860//860
f 858//858 852//852 859//859
f 858//858 860//860 852//852
f 858//858 859//859 944//944
f 861//861 860//860 862//862
f 860//860 858//858 862//862
f 863//863 869//869 865//865
f 800//800 864//864 844//844
f 800//800 815//815 866//866
f 866//866 815//815 863//863
f 864//864 800//800 866//866
f 866//866 863//863 865//865
f 864//864 867//867 870//870
f 865//865 869//869 867//867
f 865//865 864//864 866//866
f 867//867 864//864 865//865
f 843//843 870//870 868//868
f 870//870 844//844 864//864
f 869//869 868//868 867//867
f 868//868 870//870 867//867
f 875//875 871//871 873//873
f 872//872 871//871 875//875
f 875//875 873//873 874//874
f 876//876 872//872 875//875
f 874//874 873//873 879//879
f 875//875 874//874 878//878
f 879//879 873//873 877//877
f 314//314 877//877 873//873
f 875//875 878//878 876//876
f 878//878 874//874 880//880
f 877//877 882//882 879//879
f 874//874 879//879 880//880
f 313//313 882//882 877//877
f 880//880 879//879 881//881
f 881//881 879//879 882//882
f 882//882 313//313 458//458
f 882//882 883//883 881//881
f 458//458 313//313 317//317
f 460//460 882//882 458//458
f 460//460 884//884 882//882
f 882//882 884//884 883//883
f 884//884 629//629 883//883
f 884//884 460//460 1947//1947
f 884//884 627//627 629//629
f 884//884 476//476 627//627
f 939//939 885//885 887//887
f 887//887 361//361 939//939
f 887//887 885//885 888//888
f 886//886 888//888 885//885
f 888//888 1905//1905 887//887
f 9//9 889//889 886//886
f 889//889 229//229 890//890
f 345//345 1905//1905 1916//1916
f 1958//1958 889//889 890//890
f 367//367 1958//1958 890//890
f 1958//1958 367//367 1916//1916
f 365//365 1955//1955 364//364
f 890//890 1904//1904 367//367
f 118//118 892//892 891//891
f 892//892 894//894 891//891
f 894//894 203//203 893//893
f 205//205 203//203 894//894
f 894//894 892//892 121//121
f 205//205 894//894 895//895
f 211//211 205//205 896//896
f 895//895 897//897 205//205
f 205//205 897//897 896//896
f 123//123 897//897 895//895
f 896//896 897//897 898//898
f 897//897 123//123 898//898
f 216//216 211//211 896//896
f 898//898 216//216 896//896
f 125//125 219//219 123//123
f 898//898 123//123 219//219
f 219//219 216//216 898//898
f 901//901 315//315 455//455
f 901//901 455//455 1917//1917
f 901//901 902//902 899//899
f 900//900 901//901 1917//1917
f 900//900 902//902 901//901
f 904//904 900//900 1917//1917
f 899//899 902//902 905//905
f 903//903 904//904 1917//1917
f 902//902 900//900 912//912
f 905//905 902//902 906//906
f 910//910 906//906 902//902
f 906//906 908//908 905//905
f 899//899 905//905 907//907
f 905//905 908//908 907//907
f 910//910 902//902 912//912
f 907//907 908//908 598//598
f 909//909 598//598 908//908
f 908//908 906//906 909//909
f 909//909 906//906 910//910
f 463//463 911//911 903//903
f 911//911 904//904 903//903
f 904//904 913//913 900//900
f 601//601 909//909 910//910
f 912//912 900//900 913//913
f 601//601 598//598 909//909
f 910//910 912//912 601//601
f 904//904 911//911 913//913
f 912//912 913//913 606//606
f 914//914 318//318 316//316
f 914//914 915//915 318//318
f 916//916 316//316 318//318
f 318//318 915//915 597//597
f 899//899 907//907 915//915
f 916//916 318//318 597//597
f 916//916 917//917 462//462
f 916//916 597//597 917//917
f 911//911 462//462 725//725
f 917//917 725//725 462//462
f 918//918 725//725 917//917
f 1909//1909 1898//1898 1941//1941
f 328//328 942//942 919//919
f 919//919 330//330 328//328
f 920//920 621//621 522//522
f 522//522 1918//1918 920//920
f 522//522 637//637 1918//1918
f 621//621 920//920 624//624
f 620//620 624//624 623//623
f 920//920 921//921 624//624
f 637//637 640//640 1918//1918
f 624//624 921//921 922//922
f 713//713 923//923 640//640
f 923//923 922//922 921//921
f 719//719 623//623 922//922
f 923//923 713//713 715//715
f 719//719 922//922 923//923
f 924//924 928//928 925//925
f 925//925 926//926 927//927
f 924//924 267//267 928//928
f 928//928 929//929 925//925
f 925//925 929//929 926//926
f 927//927 926//926 459//459
f 269//269 927//927 268//268
f 267//267 182//182 928//928
f 929//929 928//928 182//182
f 930//930 926//926 929//929
f 1947//1947 457//457 926//926
f 926//926 930//930 931//931
f 926//926 931//931 1947//1947
f 931//931 930//930 475//475
f 1884//1884 1883//1883 932//932
f 933//933 932//932 934//934
f 933//933 934//934 15//15
f 15//15 1919//1919 919//919
f 1919//1919 330//330 919//919
f 1886//1886 885//885 935//935
f 937//937 936//936 935//935
f 937//937 935//935 939//939
f 939//939 935//935 885//885
f 361//361 938//938 939//939
f 938//938 937//937 939//939
f 938//938 153//153 937//937
f 99//99 941//941 1890//1890
f 1890//1890 164//164 99//99
f 164//164 1890//1890 940//940
f 1048//1048 941//941 99//99
f 164//164 940//940 163//163
f 848//848 830//830 850//850
f 830//830 831//831 850//850
f 862//862 858//858 944//944
f 943//943 862//862 944//944
f 861//861 862//862 943//943
f 1895//1895 949//949 945//945
f 948//948 946//946 945//945
f 949//949 1895//1895 54//54
f 947//947 946//946 948//948
f 948//948 945//945 949//949
f 871//871 948//948 949//949
f 947//947 948//948 871//871
f 947//947 871//871 162//162
f 1899//1899 1900//1900 950//950
f 1898//1898 951//951 950//950
f 951//951 1898//1898 1909//1909
f 950//950 951//951 126//126
f 951//951 383//383 126//126
f 1909//1909 331//331 951//951
f 126//126 383//383 234//234
f 383//383 388//388 234//234
f 2//2 1942//1942 952//952
f 1//1 1031//1031 84//84
f 953//953 952//952 1942//1942
f 952//952 953//953 954//954
f 1031//1031 1//1 1035//1035
f 1034//1034 1031//1031 1035//1035
f 1035//1035 1//1 952//952
f 1035//1035 952//952 954//954
f 954//954 1143//1143 1035//1035
f 953//953 1222//1222 954//954
f 1143//1143 954//954 1920//1920
f 957//957 885//885 1886//1886
f 7//7 956//956 959//959
f 955//955 1044//1044 91//91
f 885//885 957//957 956//956
f 955//955 7//7 959//959
f 91//91 1044//1044 1039//1039
f 956//956 960//960 959//959
f 1044//1044 955//955 959//959
f 956//956 957//957 958//958
f 959//959 960//960 961//961
f 961//961 1044//1044 959//959
f 13//13 963//963 11//11
f 13//13 10//10 963//963
f 964//964 963//963 10//10
f 963//963 965//965 11//11
f 10//10 1867//1867 964//964
f 964//964 965//965 963//963
f 964//964 1286//1286 965//965
f 16//16 26//26 17//17
f 966//966 17//17 967//967
f 966//966 969//969 968//968
f 968//968 969//969 971//971
f 981//981 971//971 969//969
f 22//22 968//968 971//971
f 22//22 971//971 970//970
f 980//980 970//970 971//971
f 981//981 980//980 971//971
f 975//975 1020//1020 974//974
f 25//25 974//974 1020//1020
f 1020//1020 1021//1021 25//25
f 1020//1020 975//975 976//976
f 27//27 972//972 28//28
f 27//27 1008//1008 972//972
f 972//972 973//973 28//28
f 28//28 973//973 26//26
f 967//967 17//17 26//26
f 30//30 31//31 977//977
f 977//977 31//31 970//970
f 970//970 978//978 977//977
f 34//34 981//981 1943//1943
f 1943//1943 975//975 974//974
f 967//967 976//976 966//966
f 976//976 969//969 966//966
f 976//976 975//975 969//969
f 975//975 981//981 969//969
f 30//30 977//977 37//37
f 978//978 37//37 977//977
f 37//37 978//978 979//979
f 39//39 37//37 979//979
f 981//981 979//979 980//980
f 970//970 980//980 978//978
f 979//979 978//978 980//980
f 40//40 1892//1892 1048//1048
f 40//40 41//41 982//982
f 41//41 983//983 982//982
f 42//42 985//985 983//983
f 1883//1883 987//987 984//984
f 982//982 983//983 985//985
f 1050//1050 1892//1892 40//40
f 986//986 40//40 982//982
f 986//986 982//982 985//985
f 985//985 984//984 987//987
f 986//986 1050//1050 40//40
f 988//988 1050//1050 986//986
f 986//986 985//985 988//988
f 988//988 985//985 987//987
f 988//988 1885//1885 989//989
f 988//988 1921//1921 1050//1050
f 988//988 989//989 1921//1921
f 1885//1885 1206//1206 989//989
f 1921//1921 989//989 1054//1054
f 26//26 1011//1011 967//967
f 1011//1011 976//976 967//967
f 1022//1022 1020//1020 976//976
f 1022//1022 976//976 1011//1011
f 991//991 996//996 49//49
f 990//990 48//48 994//994
f 994//994 48//48 49//49
f 991//991 992//992 999//999
f 992//992 52//52 997//997
f 995//995 997//997 52//52
f 998//998 56//56 993//993
f 49//49 996//996 994//994
f 996//996 991//991 999//999
f 998//998 993//993 54//54
f 999//999 992//992 1001//1001
f 1001//1001 992//992 997//997
f 1003//1003 997//997 995//995
f 1002//1002 1003//1003 995//995
f 1001//1001 997//997 1003//1003
f 1000//1000 1002//1002 998//998
f 54//54 1000//1000 998//998
f 999//999 1004//1004 996//996
f 999//999 1001//1001 1004//1004
f 1265//1265 1003//1003 1002//1002
f 1002//1002 1000//1000 1265//1265
f 1006//1006 1003//1003 1007//1007
f 1003//1003 1265//1265 1007//1007
f 1005//1005 1004//1004 1001//1001
f 1269//1269 1007//1007 1265//1265
f 1006//1006 1001//1001 1003//1003
f 1009//1009 973//973 972//972
f 1009//1009 1011//1011 973//973
f 1010//1010 972//972 1008//1008
f 1010//1010 1008//1008 1012//1012
f 972//972 1010//1010 1009//1009
f 26//26 973//973 1011//1011
f 1009//1009 1010//1010 1025//1025
f 71//71 1013//1013 1012//1012
f 1013//1013 1014//1014 1012//1012
f 1028//1028 1014//1014 1013//1013
f 1012//1012 1014//1014 1063//1063
f 1028//1028 1017//1017 1014//1014
f 1063//1063 1014//1014 1064//1064
f 1015//1015 1064//1064 1014//1014
f 1014//1014 1017//1017 1015//1015
f 1028//1028 1072//1072 1017//1017
f 1028//1028 1032//1032 1072//1072
f 1019//1019 1015//1015 1017//1017
f 1019//1019 1018//1018 1016//1016
f 1016//1016 1015//1015 1019//1019
f 1021//1021 104//104 79//79
f 1021//1021 1057//1057 104//104
f 1022//1022 1021//1021 1020//1020
f 1024//1024 1021//1021 1022//1022
f 1021//1021 1024//1024 1023//1023
f 1025//1025 1022//1022 1011//1011
f 1025//1025 1024//1024 1022//1022
f 1026//1026 1023//1023 1024//1024
f 1025//1025 1026//1026 1024//1024
f 1025//1025 1072//1072 1026//1026
f 82//82 1027//1027 1013//1013
f 83//83 1027//1027 82//82
f 83//83 84//84 1031//1031
f 1027//1027 83//83 1029//1029
f 1029//1029 83//83 1031//1031
f 1029//1029 1031//1031 1033//1033
f 1027//1027 1028//1028 1013//1013
f 1029//1029 1030//1030 1027//1027
f 1030//1030 1032//1032 1027//1027
f 1032//1032 1028//1028 1027//1027
f 1033//1033 1031//1031 1034//1034
f 1030//1030 1029//1029 1038//1038
f 1033//1033 1038//1038 1029//1029
f 1032//1032 1030//1030 1036//1036
f 1030//1030 1038//1038 1036//1036
f 1034//1034 1035//1035 1037//1037
f 1038//1038 1033//1033 1034//1034
f 1037//1037 1035//1035 1143//1143
f 1039//1039 1040//1040 91//91
f 92//92 1040//1040 1041//1041
f 92//92 1042//1042 1899//1899
f 92//92 1041//1041 1042//1042
f 1045//1045 1043//1043 1041//1041
f 1044//1044 961//961 962//962
f 1044//1044 962//962 1045//1045
f 962//962 1192//1192 1047//1047
f 962//962 1047//1047 1045//1045
f 1045//1045 1047//1047 1046//1046
f 1192//1192 1385//1385 1047//1047
f 1892//1892 1050//1050 1049//1049
f 1179//1179 1891//1891 1178//1178
f 1049//1049 1051//1051 1891//1891
f 1051//1051 1052//1052 1891//1891
f 1049//1049 1921//1921 1051//1051
f 1891//1891 1052//1052 1178//1178
f 1054//1054 1051//1051 1921//1921
f 1051//1051 1054//1054 1053//1053
f 1052//1052 1051//1051 1053//1053
f 1053//1053 1054//1054 1193//1193
f 105//105 104//104 1056//1056
f 104//104 1057//1057 1056//1056
f 1059//1059 1056//1056 1057//1057
f 1059//1059 1139//1139 1056//1056
f 1057//1057 1058//1058 1059//1059
f 1057//1057 1021//1021 1023//1023
f 1058//1058 1057//1057 1023//1023
f 1023//1023 1026//1026 1058//1058
f 1140//1140 1059//1059 1058//1058
f 1058//1058 1026//1026 1060//1060
f 1060//1060 1140//1140 1058//1058
f 1060//1060 1062//1062 1140//1140
f 1060//1060 1036//1036 1061//1061
f 1038//1038 1061//1061 1036//1036
f 1061//1061 1062//1062 1060//1060
f 1061//1061 1038//1038 1034//1034
f 1145//1145 1061//1061 1034//1034
f 1145//1145 1062//1062 1061//1061
f 1012//1012 1063//1063 1010//1010
f 1025//1025 1011//1011 1009//1009
f 1063//1063 1067//1067 1010//1010
f 1010//1010 1068//1068 1025//1025
f 1067//1067 1068//1068 1010//1010
f 1065//1065 1067//1067 1063//1063
f 1065//1065 1063//1063 1064//1064
f 1064//1064 1066//1066 1065//1065
f 1015//1015 1016//1016 1064//1064
f 1064//1064 1016//1016 1066//1066
f 1069//1069 1025//1025 1068//1068
f 1066//1066 1070//1070 1065//1065
f 1066//1066 1016//1016 1018//1018
f 1067//1067 1065//1065 1071//1071
f 1070//1070 1071//1071 1065//1065
f 1070//1070 1066//1066 1018//1018
f 1071//1071 1068//1068 1067//1067
f 1070//1070 1018//1018 1019//1019
f 1019//1019 1069//1069 1071//1071
f 1017//1017 1069//1069 1019//1019
f 1068//1068 1071//1071 1069//1069
f 1072//1072 1025//1025 1069//1069
f 1072//1072 1069//1069 1017//1017
f 1026//1026 1036//1036 1060//1060
f 1072//1072 1036//1036 1026//1026
f 1036//1036 1072//1072 1032//1032
f 1071//1071 1070//1070 1019//1019
f 1074//1074 118//118 891//891
f 118//118 1074//1074 1073//1073
f 1073//1073 1075//1075 119//119
f 1073//1073 1074//1074 1076//1076
f 1078//1078 1075//1075 1073//1073
f 1075//1075 1077//1077 1888//1888
f 1844//1844 1076//1076 1074//1074
f 1073//1073 1076//1076 1078//1078
f 1075//1075 1078//1078 1077//1077
f 1077//1077 1078//1078 1079//1079
f 1846//1846 1078//1078 1076//1076
f 1846//1846 1080//1080 1078//1078
f 1079//1079 1078//1078 1114//1114
f 1078//1078 1080//1080 1114//1114
f 1080//1080 1183//1183 1114//1114
f 1080//1080 1184//1184 1183//1183
f 1081//1081 1042//1042 1041//1041
f 1042//1042 1081//1081 1901//1901
f 1081//1081 1041//1041 1948//1948
f 1198//1198 1948//1948 1082//1082
f 1083//1083 1198//1198 1082//1082
f 1043//1043 1046//1046 1084//1084
f 1043//1043 1045//1045 1046//1046
f 1082//1082 1043//1043 1084//1084
f 1084//1084 1085//1085 1082//1082
f 1085//1085 1083//1083 1082//1082
f 1083//1083 1085//1085 1202//1202
f 1384//1384 1085//1085 1084//1084
f 1095//1095 1086//1086 1089//1089
f 1089//1089 1086//1086 1088//1088
f 1087//1087 1088//1088 1086//1086
f 1089//1089 1088//1088 1090//1090
f 1086//1086 1095//1095 1091//1091
f 1086//1086 1091//1091 1087//1087
f 1094//1094 1087//1087 1092//1092
f 1097//1097 1088//1088 1093//1093
f 1088//1088 1087//1087 1094//1094
f 1093//1093 1088//1088 1094//1094
f 1088//1088 1097//1097 1339//1339
f 1092//1092 1096//1096 1100//1100
f 1092//1092 1087//1087 1096//1096
f 1100//1100 1101//1101 1092//1092
f 1094//1094 1092//1092 1101//1101
f 1099//1099 1097//1097 1093//1093
f 1091//1091 1095//1095 1098//1098
f 1096//1096 1087//1087 1091//1091
f 1096//1096 1091//1091 1104//1104
f 1100//1100 1102//1102 1101//1101
f 1105//1105 1093//1093 1094//1094
f 1093//1093 1105//1105 1099//1099
f 1105//1105 1094//1094 1101//1101
f 1098//1098 1103//1103 1346//1346
f 1091//1091 1350//1350 1104//1104
f 1098//1098 1350//1350 1091//1091
f 1100//1100 1215//1215 1216//1216
f 1346//1346 1350//1350 1098//1098
f 1106//1106 1101//1101 1102//1102
f 1104//1104 1350//1350 1356//1356
f 1218//1218 1102//1102 1216//1216
f 1108//1108 1105//1105 1101//1101
f 1218//1218 1106//1106 1102//1102
f 1110//1110 1101//1101 1106//1106
f 1110//1110 1108//1108 1101//1101
f 1099//1099 1105//1105 1107//1107
f 1108//1108 1109//1109 1105//1105
f 1107//1107 1105//1105 1109//1109
f 1106//1106 1218//1218 1219//1219
f 1106//1106 1219//1219 1110//1110
f 1109//1109 1108//1108 1361//1361
f 1110//1110 1361//1361 1108//1108
f 1361//1361 1110//1110 1365//1365
f 1110//1110 1238//1238 1365//1365
f 1111//1111 1888//1888 1077//1077
f 1113//1113 1112//1112 1111//1111
f 1111//1111 1077//1077 1113//1113
f 1113//1113 1077//1077 1079//1079
f 1113//1113 1315//1315 1112//1112
f 1079//1079 1315//1315 1113//1113
f 1114//1114 1117//1117 1079//1079
f 1114//1114 1116//1116 1117//1117
f 1922//1922 1187//1187 1115//1115
f 1315//1315 1117//1117 1318//1318
f 1079//1079 1117//1117 1315//1315
f 1841//1841 1116//1116 1115//1115
f 1116//1116 1318//1318 1117//1117
f 159//159 158//158 157//157
f 158//158 1123//1123 1118//1118
f 940//940 159//159 160//160
f 1119//1119 161//161 1122//1122
f 1118//1118 1122//1122 161//161
f 159//159 1123//1123 158//158
f 940//940 1121//1121 159//159
f 1123//1123 1122//1122 1118//1118
f 1122//1122 1120//1120 1119//1119
f 1123//1123 1124//1124 1122//1122
f 1124//1124 1123//1123 1128//1128
f 1121//1121 1128//1128 159//159
f 1128//1128 1123//1123 159//159
f 1124//1124 1120//1120 1122//1122
f 1179//1179 1121//1121 1891//1891
f 1120//1120 1124//1124 1126//1126
f 1124//1124 1125//1125 1126//1126
f 1128//1128 1121//1121 1179//1179
f 1128//1128 1125//1125 1124//1124
f 1126//1126 1125//1125 1131//1131
f 1130//1130 1131//1131 1125//1125
f 1125//1125 1128//1128 1130//1130
f 1127//1127 1126//1126 1131//1131
f 1133//1133 1127//1127 1131//1131
f 1134//1134 1128//1128 1179//1179
f 1130//1130 1128//1128 1132//1132
f 1128//1128 1134//1134 1132//1132
f 1131//1131 1130//1130 1132//1132
f 1134//1134 1179//1179 1129//1129
f 1135//1135 1134//1134 1129//1129
f 1136//1136 1133//1133 1132//1132
f 1132//1132 1133//1133 1131//1131
f 1829//1829 1133//1133 1136//1136
f 1136//1136 1132//1132 1134//1134
f 1311//1311 1134//1134 1135//1135
f 1829//1829 1136//1136 1311//1311
f 1311//1311 1136//1136 1134//1134
f 1137//1137 1923//1923 1944//1944
f 1137//1137 1056//1056 1139//1139
f 1138//1138 1923//1923 1137//1137
f 1140//1140 1139//1139 1059//1059
f 1142//1142 1137//1137 1139//1139
f 1142//1142 1139//1139 1140//1140
f 1141//1141 1172//1172 1138//1138
f 1142//1142 1140//1140 1062//1062
f 1137//1137 1141//1141 1138//1138
f 1034//1034 1037//1037 1145//1145
f 1037//1037 1143//1143 1146//1146
f 1146//1146 1145//1145 1037//1037
f 1147//1147 1145//1145 1146//1146
f 1062//1062 1147//1147 1142//1142
f 1142//1142 1144//1144 1137//1137
f 1137//1137 1144//1144 1141//1141
f 1143//1143 1920//1920 1146//1146
f 1147//1147 1062//1062 1145//1145
f 1147//1147 1148//1148 1142//1142
f 1142//1142 1148//1148 1144//1144
f 1223//1223 1920//1920 1222//1222
f 1146//1146 1920//1920 1147//1147
f 1147//1147 1920//1920 1872//1872
f 1223//1223 1872//1872 1920//1920
f 1148//1148 1149//1149 1144//1144
f 1144//1144 1951//1951 1141//1141
f 1144//1144 1149//1149 1951//1951
f 1148//1148 1414//1414 1149//1149
f 1419//1419 1149//1149 1414//1414
f 1148//1148 1876//1876 1879//1879
f 1879//1879 1414//1414 1148//1148
f 1151//1151 1150//1150 1312//1312
f 1150//1150 1151//1151 1154//1154
f 1150//1150 1154//1154 1155//1155
f 1154//1154 1151//1151 1153//1153
f 1156//1156 1157//1157 1150//1150
f 1150//1150 1157//1157 1312//1312
f 1153//1153 1160//1160 1154//1154
f 1155//1155 1156//1156 1150//1150
f 1153//1153 1151//1151 1317//1317
f 1155//1155 1154//1154 1160//1160
f 1156//1156 1155//1155 1293//1293
f 1156//1156 1295//1295 1157//1157
f 1153//1153 1158//1158 1160//1160
f 1159//1159 1158//1158 1153//1153
f 1296//1296 1155//1155 1160//1160
f 1320//1320 1157//1157 1295//1295
f 1159//1159 1153//1153 1317//1317
f 1158//1158 1161//1161 1160//1160
f 1158//1158 1159//1159 1161//1161
f 1159//1159 1162//1162 1161//1161
f 1317//1317 1162//1162 1159//1159
f 1161//1161 1163//1163 1160//1160
f 1161//1161 1162//1162 1163//1163
f 1166//1166 1843//1843 202//202
f 202//202 200//200 1165//1165
f 893//893 1843//1843 1164//1164
f 1165//1165 1166//1166 202//202
f 1168//1168 1843//1843 1166//1166
f 1923//1923 1167//1167 1165//1165
f 1165//1165 1169//1169 1166//1166
f 1165//1165 1167//1167 1169//1169
f 1167//1167 1923//1923 1138//1138
f 1168//1168 1166//1166 1169//1169
f 1168//1168 1169//1169 1845//1845
f 1170//1170 1169//1169 1167//1167
f 1167//1167 1171//1171 1170//1170
f 1171//1171 1138//1138 1172//1172
f 1171//1171 1167//1167 1138//1138
f 1845//1845 1169//1169 1170//1170
f 1170//1170 1171//1171 1173//1173
f 1171//1171 1172//1172 1411//1411
f 1171//1171 1411//1411 1173//1173
f 1170//1170 1173//1173 1174//1174
f 1170//1170 1174//1174 1845//1845
f 1174//1174 1175//1175 1845//1845
f 1172//1172 1412//1412 1411//1411
f 1176//1176 1175//1175 1174//1174
f 1173//1173 1177//1177 1174//1174
f 1175//1175 1176//1176 1182//1182
f 1173//1173 1411//1411 1177//1177
f 1174//1174 1177//1177 1176//1176
f 1052//1052 1180//1180 1178//1178
f 1178//1178 1180//1180 1186//1186
f 1181//1181 1180//1180 1052//1052
f 1179//1179 1178//1178 1129//1129
f 1186//1186 1129//1129 1178//1178
f 1180//1180 1181//1181 1194//1194
f 1052//1052 1053//1053 1181//1181
f 1135//1135 1129//1129 1182//1182
f 1129//1129 1186//1186 1182//1182
f 1184//1184 1182//1182 1186//1186
f 1186//1186 1180//1180 1188//1188
f 1180//1180 1194//1194 1188//1188
f 1186//1186 1185//1185 1184//1184
f 1183//1183 1922//1922 1114//1114
f 1185//1185 1183//1183 1184//1184
f 1183//1183 1187//1187 1922//1922
f 1188//1188 1187//1187 1183//1183
f 1183//1183 1185//1185 1188//1188
f 1186//1186 1188//1188 1185//1185
f 1189//1189 962//962 961//961
f 1191//1191 961//961 960//960
f 1192//1192 962//962 1189//1189
f 1189//1189 1190//1190 1192//1192
f 1189//1189 961//961 1191//1191
f 1190//1190 1189//1189 1191//1191
f 1192//1192 1190//1190 1195//1195
f 1191//1191 1194//1194 1190//1190
f 1193//1193 1195//1195 1190//1190
f 1190//1190 1194//1194 1193//1193
f 1181//1181 1193//1193 1194//1194
f 1053//1053 1193//1193 1181//1181
f 1212//1212 1195//1195 1193//1193
f 1188//1188 1191//1191 1187//1187
f 1195//1195 1383//1383 1192//1192
f 1195//1195 1213//1213 1383//1383
f 1925//1925 1336//1336 1081//1081
f 1081//1081 1336//1336 1901//1901
f 1196//1196 1925//1925 1197//1197
f 1103//1103 1095//1095 1196//1196
f 1095//1095 1103//1103 1098//1098
f 1197//1197 1203//1203 1926//1926
f 1198//1198 1083//1083 1200//1200
f 1197//1197 1948//1948 1198//1198
f 1197//1197 1198//1198 1203//1203
f 1103//1103 1196//1196 1199//1199
f 1198//1198 1200//1200 1203//1203
f 1083//1083 1202//1202 1200//1200
f 1202//1202 1203//1203 1200//1200
f 1205//1205 1203//1203 1202//1202
f 1390//1390 1205//1205 1202//1202
f 1205//1205 1204//1204 1203//1203
f 1395//1395 1204//1204 1205//1205
f 1204//1204 1397//1397 1366//1366
f 1206//1206 1286//1286 1208//1208
f 1054//1054 989//989 1207//1207
f 1206//1206 1208//1208 1209//1209
f 1210//1210 1207//1207 1209//1209
f 1209//1209 1208//1208 1949//1949
f 1193//1193 1054//1054 1207//1207
f 1212//1212 1193//1193 1207//1207
f 1212//1212 1207//1207 1210//1210
f 1209//1209 1211//1211 1210//1210
f 1212//1212 1213//1213 1195//1195
f 1210//1210 1213//1213 1212//1212
f 1213//1213 1210//1210 1292//1292
f 1096//1096 1217//1217 1215//1215
f 1216//1216 1102//1102 1100//1100
f 1217//1217 1096//1096 1104//1104
f 1214//1214 1231//1231 1215//1215
f 1233//1233 1216//1216 1215//1215
f 1216//1216 1233//1233 1236//1236
f 1104//1104 1472//1472 1217//1217
f 1216//1216 1236//1236 1218//1218
f 1472//1472 1474//1474 1217//1217
f 1472//1472 1476//1476 1474//1474
f 1236//1236 1219//1219 1218//1218
f 1237//1237 1219//1219 1236//1236
f 1238//1238 1219//1219 1237//1237
f 996//996 1004//1004 994//994
f 1928//1928 994//994 1004//1004
f 1221//1221 1928//1928 1004//1004
f 953//953 1928//1928 1220//1220
f 1928//1928 1221//1221 1220//1220
f 1005//1005 1221//1221 1004//1004
f 1001//1001 1006//1006 1005//1005
f 1222//1222 953//953 1220//1220
f 1220//1220 1221//1221 1224//1224
f 1221//1221 1005//1005 1400//1400
f 1220//1220 1223//1223 1222//1222
f 1400//1400 1005//1005 1006//1006
f 1874//1874 1220//1220 1224//1224
f 1224//1224 1873//1873 1874//1874
f 1220//1220 1874//1874 1223//1223
f 1221//1221 1401//1401 1224//1224
f 1400//1400 1401//1401 1221//1221
f 1873//1873 1224//1224 1401//1401
f 1400//1400 1402//1402 1401//1401
f 1875//1875 1873//1873 1401//1401
f 1929//1929 1226//1226 1225//1225
f 1277//1277 1929//1929 1225//1225
f 1929//1929 1227//1227 1226//1226
f 1277//1277 1278//1278 1929//1929
f 1226//1226 1475//1475 1281//1281
f 1234//1234 1230//1230 1278//1278
f 1228//1228 1231//1231 1214//1214
f 1229//1229 1929//1929 1278//1278
f 1230//1230 1231//1231 1229//1229
f 1228//1228 1229//1229 1231//1231
f 1233//1233 1215//1215 1231//1231
f 1229//1229 1228//1228 1227//1227
f 1229//1229 1278//1278 1230//1230
f 1233//1233 1231//1231 1232//1232
f 1227//1227 1228//1228 1927//1927
f 1231//1231 1230//1230 1235//1235
f 1231//1231 1235//1235 1232//1232
f 1234//1234 1527//1527 1230//1230
f 1240//1240 1232//1232 1235//1235
f 1236//1236 1233//1233 1232//1232
f 1527//1527 1234//1234 1938//1938
f 1527//1527 1235//1235 1230//1230
f 1527//1527 1528//1528 1235//1235
f 1235//1235 1528//1528 1240//1240
f 1237//1237 1236//1236 1232//1232
f 1232//1232 1240//1240 1237//1237
f 1240//1240 1528//1528 1239//1239
f 1241//1241 1237//1237 1240//1240
f 1242//1242 1238//1238 1237//1237
f 1241//1241 1240//1240 1244//1244
f 1241//1241 1242//1242 1237//1237
f 1243//1243 1242//1242 1241//1241
f 1243//1243 1241//1241 1244//1244
f 1245//1245 1451//1451 1246//1246
f 1251//1251 1451//1451 1247//1247
f 1451//1451 1245//1245 1247//1247
f 1250//1250 1245//1245 1246//1246
f 1247//1247 1248//1248 1252//1252
f 1248//1248 1245//1245 1250//1250
f 1250//1250 1257//1257 1248//1248
f 1248//1248 1247//1247 1245//1245
f 1254//1254 1253//1253 1249//1249
f 1254//1254 1250//1250 1246//1246
f 1249//1249 1250//1250 1254//1254
f 1252//1252 1251//1251 1247//1247
f 1246//1246 1452//1452 1254//1254
f 1250//1250 1323//1323 1257//1257
f 1255//1255 1252//1252 1248//1248
f 1255//1255 1248//1248 1257//1257
f 1369//1369 1253//1253 1254//1254
f 1255//1255 1259//1259 1252//1252
f 1258//1258 1255//1255 1257//1257
f 1258//1258 1257//1257 1256//1256
f 1252//1252 1259//1259 1305//1305
f 1258//1258 1260//1260 1255//1255
f 1259//1259 1255//1255 1260//1260
f 1323//1323 1256//1256 1257//1257
f 1261//1261 1258//1258 1256//1256
f 1261//1261 1262//1262 1258//1258
f 1260//1260 1258//1258 1262//1262
f 1262//1262 1263//1263 1260//1260
f 1263//1263 1259//1259 1260//1260
f 1465//1465 1263//1263 1262//1262
f 1264//1264 1262//1262 1261//1261
f 1262//1262 1264//1264 1465//1465
f 1335//1335 1264//1264 1261//1261
f 1266//1266 1265//1265 1000//1000
f 1266//1266 1000//1000 1826//1826
f 1266//1266 1269//1269 1265//1265
f 1266//1266 1826//1826 1267//1267
f 1268//1268 1266//1266 1267//1267
f 1269//1269 1266//1266 1268//1268
f 1828//1828 1271//1271 1267//1267
f 1267//1267 1271//1271 1272//1272
f 1268//1268 1267//1267 1272//1272
f 1270//1270 1268//1268 1272//1272
f 1269//1269 1268//1268 1270//1270
f 1270//1270 1273//1273 1269//1269
f 1405//1405 1407//1407 1271//1271
f 1274//1274 1270//1270 1272//1272
f 1271//1271 1930//1930 1272//1272
f 1407//1407 1275//1275 1930//1930
f 1274//1274 1275//1275 1864//1864
f 1276//1276 1277//1277 1225//1225
f 1225//1225 1226//1226 1276//1276
f 1276//1276 1280//1280 1277//1277
f 1279//1279 1277//1277 1280//1280
f 1277//1277 1279//1279 1278//1278
f 1226//1226 1281//1281 1276//1276
f 1279//1279 1234//1234 1278//1278
f 1281//1281 1280//1280 1276//1276
f 1280//1280 1282//1282 1279//1279
f 1938//1938 1234//1234 1279//1279
f 1938//1938 1279//1279 1282//1282
f 1282//1282 1280//1280 1281//1281
f 1281//1281 1284//1284 1282//1282
f 1282//1282 1284//1284 1283//1283
f 1898//1898 1285//1285 1931//1931
f 1285//1285 1898//1898 1901//1901
f 1868//1868 1931//1931 1288//1288
f 1208//1208 1286//1286 1288//1288
f 1289//1289 1285//1285 1343//1343
f 1287//1287 1285//1285 1289//1289
f 1931//1931 1290//1290 1288//1288
f 1208//1208 1288//1288 1949//1949
f 1287//1287 1289//1289 1347//1347
f 1931//1931 1287//1287 1347//1347
f 1288//1288 1290//1290 1949//1949
f 1351//1351 1290//1290 1347//1347
f 1347//1347 1290//1290 1931//1931
f 1290//1290 1291//1291 1949//1949
f 1211//1211 1949//1949 1291//1291
f 1351//1351 1291//1291 1290//1290
f 1389//1389 1213//1213 1292//1292
f 1211//1211 1292//1292 1210//1210
f 1351//1351 1363//1363 1950//1950
f 1351//1351 1950//1950 1291//1291
f 1251//1251 1294//1294 1451//1451
f 1252//1252 1297//1297 1251//1251
f 1296//1296 1298//1298 1293//1293
f 1293//1293 1155//1155 1296//1296
f 1251//1251 1297//1297 1298//1298
f 1251//1251 1298//1298 1294//1294
f 1299//1299 1298//1298 1297//1297
f 1297//1297 1252//1252 1305//1305
f 1432//1432 1298//1298 1296//1296
f 1293//1293 1300//1300 1156//1156
f 1293//1293 1298//1298 1299//1299
f 1299//1299 1305//1305 1306//1306
f 1294//1294 1298//1298 1432//1432
f 1295//1295 1156//1156 1300//1300
f 1301//1301 1302//1302 1293//1293
f 1301//1301 1293//1293 1299//1299
f 1299//1299 1297//1297 1305//1305
f 1300//1300 1434//1434 1295//1295
f 1300//1300 1293//1293 1302//1302
f 1434//1434 1300//1300 1302//1302
f 1302//1302 1301//1301 1303//1303
f 1299//1299 1304//1304 1301//1301
f 1304//1304 1303//1303 1301//1301
f 1306//1306 1304//1304 1299//1299
f 1303//1303 1438//1438 1302//1302
f 1434//1434 1302//1302 1438//1438
f 1303//1303 1306//1306 1438//1438
f 1304//1304 1306//1306 1303//1303
f 1263//1263 1305//1305 1259//1259
f 1306//1306 1305//1305 1441//1441
f 1441//1441 1305//1305 1263//1263
f 1411//1411 1307//1307 1177//1177
f 1308//1308 1177//1177 1307//1307
f 1310//1310 1177//1177 1308//1308
f 1177//1177 1924//1924 1176//1176
f 1310//1310 1924//1924 1177//1177
f 1829//1829 1310//1310 1309//1309
f 1309//1309 1310//1310 1308//1308
f 1830//1830 1309//1309 1308//1308
f 1311//1311 1310//1310 1829//1829
f 1307//1307 1418//1418 1308//1308
f 1830//1830 1308//1308 1418//1418
f 1135//1135 1924//1924 1310//1310
f 1830//1830 1418//1418 1834//1834
f 1889//1889 1313//1313 1312//1312
f 1887//1887 1111//1111 1313//1313
f 1151//1151 1312//1312 1314//1314
f 1314//1314 1313//1313 1112//1112
f 1317//1317 1151//1151 1314//1314
f 1315//1315 1314//1314 1112//1112
f 1316//1316 1314//1314 1315//1315
f 1316//1316 1317//1317 1314//1314
f 1315//1315 1318//1318 1316//1316
f 1318//1318 1319//1319 1316//1316
f 1320//1320 1319//1319 1842//1842
f 1318//1318 1321//1321 1319//1319
f 1433//1433 1317//1317 1322//1322
f 1316//1316 1322//1322 1317//1317
f 1316//1316 1319//1319 1322//1322
f 1319//1319 1320//1320 1322//1322
f 1249//1249 1253//1253 1324//1324
f 1326//1326 1249//1249 1324//1324
f 1249//1249 1326//1326 1323//1323
f 1249//1249 1323//1323 1250//1250
f 1324//1324 1325//1325 1326//1326
f 1326//1326 1325//1325 1329//1329
f 1326//1326 1327//1327 1323//1323
f 1327//1327 1328//1328 1323//1323
f 1329//1329 1327//1327 1326//1326
f 1332//1332 1327//1327 1329//1329
f 1328//1328 1261//1261 1256//1256
f 1328//1328 1327//1327 1332//1332
f 1332//1332 1329//1329 1330//1330
f 1261//1261 1328//1328 1331//1331
f 1332//1332 1331//1331 1328//1328
f 1330//1330 1333//1333 1332//1332
f 1335//1335 1261//1261 1331//1331
f 1332//1332 1334//1334 1331//1331
f 1331//1331 1334//1334 1335//1335
f 1334//1334 1332//1332 1519//1519
f 1333//1333 1519//1519 1332//1332
f 1090//1090 1088//1088 1337//1337
f 1339//1339 1337//1337 1088//1088
f 1336//1336 1925//1925 1090//1090
f 1336//1336 1338//1338 1901//1901
f 1090//1090 1341//1341 1336//1336
f 1339//1339 1344//1344 1337//1337
f 1901//1901 1338//1338 1285//1285
f 1338//1338 1336//1336 1341//1341
f 1090//1090 1337//1337 1341//1341
f 1339//1339 1342//1342 1340//1340
f 1342//1342 1339//1339 1097//1097
f 1344//1344 1341//1341 1337//1337
f 1339//1339 1340//1340 1344//1344
f 1285//1285 1338//1338 1343//1343
f 1341//1341 1343//1343 1338//1338
f 1341//1341 1344//1344 1343//1343
f 1344//1344 1340//1340 1345//1345
f 1342//1342 1097//1097 1107//1107
f 1099//1099 1107//1107 1097//1097
f 1344//1344 1289//1289 1343//1343
f 1352//1352 1355//1355 1345//1345
f 1340//1340 1342//1342 1352//1352
f 1345//1345 1289//1289 1344//1344
f 1347//1347 1289//1289 1348//1348
f 1345//1345 1348//1348 1289//1289
f 1346//1346 1103//1103 1199//1199
f 1348//1348 1345//1345 1355//1355
f 1345//1345 1340//1340 1352//1352
f 1346//1346 1349//1349 1350//1350
f 1351//1351 1347//1347 1348//1348
f 1354//1354 1199//1199 1201//1201
f 1346//1346 1199//1199 1354//1354
f 1346//1346 1354//1354 1349//1349
f 1353//1353 1352//1352 1342//1342
f 1107//1107 1353//1353 1342//1342
f 1363//1363 1351//1351 1348//1348
f 1932//1932 1357//1357 1354//1354
f 1350//1350 1349//1349 1356//1356
f 1349//1349 1354//1354 1357//1357
f 1349//1349 1357//1357 1358//1358
f 1357//1357 1352//1352 1353//1353
f 1109//1109 1353//1353 1107//1107
f 1359//1359 1363//1363 1348//1348
f 1348//1348 1355//1355 1359//1359
f 1932//1932 1354//1354 1360//1360
f 1104//1104 1356//1356 1472//1472
f 1356//1356 1477//1477 1472//1472
f 1356//1356 1349//1349 1477//1477
f 1357//1357 1932//1932 1355//1355
f 1349//1349 1364//1364 1477//1477
f 1349//1349 1358//1358 1364//1364
f 1353//1353 1361//1361 1357//1357
f 1353//1353 1109//1109 1361//1361
f 1360//1360 1354//1354 1201//1201
f 1932//1932 1359//1359 1355//1355
f 1357//1357 1361//1361 1358//1358
f 1361//1361 1364//1364 1358//1358
f 1360//1360 1201//1201 1926//1926
f 1362//1362 1477//1477 1364//1364
f 1362//1362 1364//1364 1365//1365
f 1481//1481 1477//1477 1362//1362
f 1364//1364 1361//1361 1365//1365
f 1932//1932 1360//1360 1366//1366
f 1204//1204 1366//1366 1926//1926
f 1359//1359 1932//1932 1366//1366
f 1481//1481 1362//1362 1367//1367
f 1362//1362 1479//1479 1367//1367
f 1362//1362 1365//1365 1479//1479
f 1370//1370 1368//1368 1372//1372
f 1370//1370 1371//1371 1374//1374
f 1370//1370 1372//1372 1371//1371
f 1373//1373 1372//1372 1368//1368
f 1368//1368 1369//1369 1373//1373
f 1375//1375 1371//1371 1372//1372
f 1458//1458 1375//1375 1373//1373
f 1375//1375 1374//1374 1371//1371
f 1374//1374 1375//1375 1376//1376
f 1373//1373 1375//1375 1372//1372
f 1376//1376 1370//1370 1374//1374
f 1370//1370 1376//1376 1380//1380
f 1458//1458 1376//1376 1375//1375
f 1377//1377 1376//1376 1458//1458
f 1380//1380 1376//1376 1377//1377
f 1505//1505 1380//1380 1377//1377
f 1377//1377 1542//1542 1505//1505
f 1377//1377 1378//1378 1542//1542
f 1324//1324 1368//1368 1325//1325
f 1368//1368 1324//1324 1253//1253
f 1325//1325 1368//1368 1370//1370
f 1329//1329 1325//1325 1379//1379
f 1379//1379 1370//1370 1380//1380
f 1506//1506 1518//1518 1379//1379
f 1505//1505 1506//1506 1379//1379
f 1379//1379 1380//1380 1505//1505
f 1443//1443 1381//1381 1448//1448
f 1382//1382 1381//1381 1446//1446
f 1382//1382 1448//1448 1381//1381
f 1382//1382 1449//1449 1448//1448
f 1385//1385 1192//1192 1383//1383
f 1047//1047 1385//1385 1046//1046
f 1084//1084 1046//1046 1386//1386
f 1046//1046 1385//1385 1386//1386
f 1084//1084 1386//1386 1384//1384
f 1383//1383 1387//1387 1385//1385
f 1387//1387 1383//1383 1213//1213
f 1085//1085 1390//1390 1202//1202
f 1213//1213 1389//1389 1387//1387
f 1390//1390 1085//1085 1384//1384
f 1393//1393 1384//1384 1386//1386
f 1388//1388 1387//1387 1389//1389
f 1384//1384 1393//1393 1390//1390
f 1392//1392 1388//1388 1389//1389
f 1392//1392 1389//1389 1292//1292
f 1292//1292 1950//1950 1392//1392
f 1211//1211 1950//1950 1292//1292
f 1386//1386 1391//1391 1393//1393
f 1387//1387 1391//1391 1385//1385
f 1388//1388 1391//1391 1387//1387
f 1394//1394 1205//1205 1390//1390
f 1392//1392 1396//1396 1388//1388
f 1397//1397 1392//1392 1950//1950
f 1396//1396 1393//1393 1391//1391
f 1393//1393 1394//1394 1390//1390
f 1396//1396 1395//1395 1393//1393
f 1393//1393 1395//1395 1394//1394
f 1391//1391 1388//1388 1396//1396
f 1395//1395 1205//1205 1394//1394
f 1392//1392 1397//1397 1396//1396
f 1950//1950 1363//1363 1397//1397
f 1396//1396 1397//1397 1395//1395
f 1397//1397 1204//1204 1395//1395
f 1399//1399 1006//1006 1007//1007
f 1400//1400 1399//1399 1398//1398
f 1007//1007 1269//1269 1406//1406
f 1006//1006 1399//1399 1400//1400
f 1007//1007 1406//1406 1399//1399
f 1402//1402 1875//1875 1401//1401
f 1875//1875 1408//1408 1403//1403
f 1408//1408 1875//1875 1402//1402
f 1400//1400 1398//1398 1402//1402
f 1881//1881 1405//1405 1404//1404
f 1933//1933 1402//1402 1398//1398
f 1399//1399 1406//1406 1398//1398
f 1405//1405 1881//1881 1403//1403
f 1403//1403 1408//1408 1405//1405
f 1430//1430 1881//1881 1404//1404
f 1408//1408 1407//1407 1405//1405
f 1398//1398 1406//1406 1409//1409
f 1406//1406 1848//1848 1409//1409
f 1408//1408 1402//1402 1933//1933
f 1407//1407 1408//1408 1933//1933
f 1410//1410 1933//1933 1398//1398
f 1409//1409 1410//1410 1398//1398
f 1866//1866 1275//1275 1410//1410
f 1411//1411 1412//1412 1307//1307
f 1412//1412 1172//1172 1951//1951
f 1412//1412 1418//1418 1307//1307
f 1418//1418 1412//1412 1413//1413
f 1413//1413 1417//1417 1418//1418
f 1951//1951 1149//1149 1419//1419
f 1419//1419 1416//1416 1951//1951
f 1951//1951 1416//1416 1412//1412
f 1415//1415 1419//1419 1414//1414
f 1414//1414 1879//1879 1415//1415
f 1415//1415 1420//1420 1419//1419
f 1413//1413 1412//1412 1416//1416
f 1834//1834 1418//1418 1417//1417
f 1420//1420 1422//1422 1419//1419
f 1426//1426 1424//1424 1413//1413
f 1413//1413 1416//1416 1426//1426
f 1424//1424 1421//1421 1413//1413
f 1417//1417 1413//1413 1421//1421
f 1422//1422 1416//1416 1419//1419
f 1420//1420 1880//1880 1423//1423
f 1416//1416 1422//1422 1427//1427
f 1422//1422 1420//1420 1423//1423
f 1423//1423 1425//1425 1422//1422
f 1425//1425 1882//1882 1429//1429
f 1425//1425 1429//1429 1422//1422
f 1882//1882 1430//1430 1429//1429
f 1427//1427 1426//1426 1416//1416
f 1428//1428 1427//1427 1422//1422
f 1422//1422 1429//1429 1428//1428
f 1581//1581 1427//1427 1428//1428
f 1429//1429 1577//1577 1428//1428
f 1163//1163 1296//1296 1160//1160
f 1296//1296 1431//1431 1432//1432
f 1432//1432 1456//1456 1294//1294
f 1296//1296 1163//1163 1437//1437
f 1296//1296 1437//1437 1431//1431
f 1432//1432 1431//1431 1456//1456
f 1162//1162 1433//1433 1163//1163
f 1295//1295 1436//1436 1435//1435
f 1320//1320 1295//1295 1435//1435
f 1163//1163 1433//1433 1436//1436
f 1295//1295 1434//1434 1436//1436
f 1436//1436 1434//1434 1438//1438
f 1320//1320 1435//1435 1322//1322
f 1435//1435 1433//1433 1322//1322
f 1437//1437 1163//1163 1436//1436
f 1433//1433 1435//1435 1436//1436
f 1438//1438 1437//1437 1436//1436
f 1431//1431 1437//1437 1440//1440
f 1460//1460 1456//1456 1439//1439
f 1431//1431 1439//1439 1456//1456
f 1439//1439 1431//1431 1440//1440
f 1440//1440 1437//1437 1438//1438
f 1441//1441 1438//1438 1306//1306
f 1438//1438 1441//1441 1440//1440
f 1440//1440 1441//1441 1442//1442
f 1439//1439 1440//1440 1442//1442
f 1442//1442 1460//1460 1439//1439
f 1442//1442 1441//1441 1466//1466
f 1444//1444 1381//1381 1443//1443
f 1445//1445 1444//1444 1443//1443
f 1445//1445 1443//1443 1538//1538
f 1446//1446 1381//1381 1444//1444
f 1446//1446 1934//1934 1382//1382
f 1446//1446 1444//1444 1447//1447
f 1614//1614 1934//1934 1447//1447
f 1447//1447 1444//1444 1445//1445
f 1443//1443 1448//1448 1538//1538
f 1449//1449 1382//1382 1450//1450
f 1538//1538 1448//1448 1449//1449
f 1605//1605 1449//1449 1450//1450
f 1451//1451 1452//1452 1246//1246
f 1452//1452 1451//1451 1294//1294
f 1368//1368 1253//1253 1369//1369
f 1453//1453 1454//1454 1452//1452
f 1254//1254 1452//1452 1454//1454
f 1254//1254 1454//1454 1369//1369
f 1453//1453 1452//1452 1455//1455
f 1455//1455 1452//1452 1294//1294
f 1373//1373 1369//1369 1454//1454
f 1455//1455 1294//1294 1456//1456
f 1454//1454 1453//1453 1457//1457
f 1373//1373 1454//1454 1457//1457
f 1459//1459 1373//1373 1457//1457
f 1458//1458 1373//1373 1459//1459
f 1378//1378 1377//1377 1458//1458
f 1458//1458 1459//1459 1378//1378
f 1460//1460 1455//1455 1456//1456
f 1459//1459 1457//1457 1378//1378
f 1457//1457 1544//1544 1378//1378
f 1453//1453 1462//1462 1457//1457
f 1462//1462 1544//1544 1457//1457
f 1455//1455 1461//1461 1453//1453
f 1455//1455 1460//1460 1461//1461
f 1453//1453 1461//1461 1462//1462
f 1463//1463 1462//1462 1461//1461
f 1442//1442 1466//1466 1460//1460
f 1461//1461 1466//1466 1463//1463
f 1466//1466 1441//1441 1263//1263
f 1462//1462 1464//1464 1544//1544
f 1462//1462 1463//1463 1464//1464
f 1466//1466 1461//1461 1460//1460
f 1466//1466 1465//1465 1463//1463
f 1263//1263 1465//1465 1466//1466
f 1463//1463 1465//1465 1526//1526
f 1421//1421 1467//1467 1417//1417
f 1580//1580 1471//1471 1424//1424
f 1467//1467 1421//1421 1471//1471
f 1469//1469 1467//1467 1468//1468
f 1467//1467 1579//1579 1935//1935
f 1567//1567 1470//1470 1569//1569
f 1469//1469 1579//1579 1467//1467
f 1473//1473 1475//1475 1227//1227
f 1473//1473 1227//1227 1927//1927
f 1927//1927 1474//1474 1473//1473
f 1477//1477 1476//1476 1472//1472
f 1476//1476 1480//1480 1474//1474
f 1475//1475 1478//1478 1281//1281
f 1477//1477 1481//1481 1486//1486
f 1479//1479 1365//1365 1238//1238
f 1480//1480 1473//1473 1474//1474
f 1477//1477 1486//1486 1476//1476
f 1481//1481 1483//1483 1486//1486
f 1488//1488 1479//1479 1238//1238
f 1484//1484 1478//1478 1473//1473
f 1480//1480 1484//1484 1473//1473
f 1482//1482 1484//1484 1480//1480
f 1482//1482 1480//1480 1476//1476
f 1488//1488 1238//1238 1242//1242
f 1487//1487 1478//1478 1484//1484
f 1482//1482 1476//1476 1486//1486
f 1367//1367 1483//1483 1481//1481
f 1367//1367 1479//1479 1483//1483
f 1479//1479 1488//1488 1483//1483
f 1489//1489 1281//1281 1478//1478
f 1484//1484 1482//1482 1487//1487
f 1483//1483 1490//1490 1486//1486
f 1281//1281 1489//1489 1284//1284
f 1482//1482 1486//1486 1492//1492
f 1483//1483 1488//1488 1490//1490
f 1478//1478 1487//1487 1936//1936
f 1492//1492 1487//1487 1482//1482
f 1490//1490 1492//1492 1486//1486
f 1490//1490 1488//1488 1530//1530
f 1284//1284 1489//1489 1596//1596
f 1489//1489 1493//1493 1596//1596
f 1491//1491 1493//1493 1936//1936
f 1492//1492 1490//1490 1494//1494
f 1487//1487 1492//1492 1491//1491
f 1494//1494 1495//1495 1492//1492
f 1493//1493 1491//1491 1601//1601
f 1491//1491 1492//1492 1495//1495
f 1537//1537 1495//1495 1494//1494
f 1602//1602 1495//1495 1536//1536
f 1495//1495 1602//1602 1491//1491
f 1499//1499 1508//1508 1496//1496
f 1498//1498 1508//1508 1499//1499
f 1499//1499 1496//1496 1501//1501
f 1508//1508 1510//1510 1496//1496
f 1501//1501 1496//1496 1497//1497
f 1497//1497 1588//1588 1503//1503
f 1510//1510 1590//1590 1496//1496
f 1497//1497 1496//1496 1590//1590
f 1500//1500 1498//1498 1499//1499
f 1499//1499 1501//1501 1500//1500
f 1500//1500 1504//1504 1498//1498
f 1500//1500 1501//1501 1503//1503
f 1514//1514 1509//1509 1498//1498
f 1497//1497 1503//1503 1501//1501
f 1504//1504 1500//1500 1503//1503
f 1502//1502 1498//1498 1504//1504
f 1546//1546 1505//1505 1542//1542
f 1506//1506 1505//1505 1546//1546
f 1506//1506 1546//1546 1520//1520
f 1546//1546 1507//1507 1520//1520
f 1507//1507 1548//1548 1520//1520
f 1498//1498 1509//1509 1508//1508
f 1509//1509 1510//1510 1508//1508
f 1509//1509 1511//1511 1512//1512
f 1510//1510 1509//1509 1512//1512
f 1511//1511 1509//1509 1514//1514
f 1513//1513 1510//1510 1512//1512
f 1513//1513 1512//1512 1511//1511
f 1590//1590 1510//1510 1513//1513
f 1502//1502 1586//1586 1498//1498
f 1586//1586 1514//1514 1498//1498
f 1514//1514 1516//1516 1515//1515
f 1586//1586 1516//1516 1514//1514
f 1517//1517 1516//1516 1586//1586
f 1517//1517 1592//1592 1516//1516
f 1330//1330 1329//1329 1518//1518
f 1518//1518 1506//1506 1520//1520
f 1330//1330 1521//1521 1333//1333
f 1334//1334 1519//1519 1335//1335
f 1523//1523 1335//1335 1519//1519
f 1463//1463 1526//1526 1524//1524
f 1548//1548 1937//1937 1518//1518
f 1523//1523 1333//1333 1521//1521
f 1523//1523 1519//1519 1333//1333
f 1522//1522 1524//1524 1525//1525
f 1525//1525 1521//1521 1937//1937
f 1525//1525 1524//1524 1526//1526
f 1465//1465 1264//1264 1526//1526
f 1523//1523 1521//1521 1525//1525
f 1264//1264 1335//1335 1523//1523
f 1525//1525 1526//1526 1523//1523
f 1526//1526 1264//1264 1523//1523
f 1599//1599 1938//1938 1282//1282
f 1240//1240 1239//1239 1244//1244
f 1599//1599 1534//1534 1938//1938
f 1239//1239 1528//1528 1529//1529
f 1530//1530 1242//1242 1243//1243
f 1242//1242 1530//1530 1488//1488
f 1244//1244 1239//1239 1243//1243
f 1239//1239 1529//1529 1533//1533
f 1531//1531 1530//1530 1243//1243
f 1243//1243 1239//1239 1531//1531
f 1490//1490 1530//1530 1535//1535
f 1535//1535 1530//1530 1531//1531
f 1239//1239 1533//1533 1532//1532
f 1531//1531 1239//1239 1532//1532
f 1531//1531 1532//1532 1535//1535
f 1490//1490 1535//1535 1494//1494
f 1494//1494 1535//1535 1537//1537
f 1534//1534 1599//1599 1600//1600
f 1535//1535 1532//1532 1533//1533
f 1529//1529 1534//1534 1533//1533
f 1535//1535 1533//1533 1537//1537
f 1533//1533 1534//1534 1537//1537
f 1538//1538 1539//1539 1445//1445
f 1538//1538 1449//1449 1605//1605
f 1612//1612 1445//1445 1539//1539
f 1539//1539 1538//1538 1540//1540
f 1540//1540 1538//1538 1605//1605
f 1542//1542 1378//1378 1544//1544
f 1543//1543 1542//1542 1544//1544
f 1543//1543 1545//1545 1542//1542
f 1546//1546 1542//1542 1545//1545
f 1543//1543 1544//1544 1464//1464
f 1545//1545 1507//1507 1546//1546
f 1545//1545 1543//1543 1547//1547
f 1547//1547 1507//1507 1545//1545
f 1464//1464 1524//1524 1543//1543
f 1464//1464 1463//1463 1524//1524
f 1547//1547 1543//1543 1524//1524
f 1547//1547 1548//1548 1507//1507
f 1547//1547 1522//1522 1548//1548
f 1547//1547 1524//1524 1522//1522
f 1550//1550 1850//1850 1863//1863
f 1850//1850 1550//1550 1549//1549
f 1863//1863 1865//1865 1551//1551
f 1552//1552 1549//1549 1550//1550
f 1552//1552 1553//1553 1549//1549
f 1549//1549 1553//1553 1857//1857
f 1860//1860 1857//1857 1553//1553
f 1556//1556 1550//1550 1557//1557
f 1550//1550 1556//1556 1552//1552
f 1556//1556 1554//1554 1552//1552
f 1552//1552 1554//1554 1553//1553
f 1551//1551 1672//1672 1673//1673
f 1858//1858 1860//1860 1559//1559
f 1554//1554 1860//1860 1553//1553
f 1556//1556 1555//1555 1554//1554
f 1559//1559 1860//1860 1554//1554
f 1559//1559 1554//1554 1555//1555
f 1560//1560 1559//1559 1555//1555
f 1556//1556 1557//1557 1558//1558
f 1561//1561 1555//1555 1556//1556
f 1561//1561 1556//1556 1558//1558
f 1555//1555 1561//1561 1563//1563
f 1555//1555 1563//1563 1560//1560
f 1564//1564 1561//1561 1558//1558
f 1564//1564 1563//1563 1561//1561
f 1560//1560 1675//1675 1559//1559
f 1562//1562 1564//1564 1558//1558
f 1675//1675 1560//1560 1566//1566
f 1566//1566 1560//1560 1563//1563
f 1566//1566 1563//1563 1564//1564
f 1565//1565 1566//1566 1564//1564
f 1514//1514 1593//1593 1511//1511
f 1514//1514 1515//1515 1593//1593
f 1592//1592 1515//1515 1516//1516
f 1511//1511 1593//1593 1628//1628
f 1567//1567 1568//1568 1470//1470
f 1567//1567 1570//1570 1568//1568
f 1571//1571 1567//1567 1569//1569
f 1574//1574 1568//1568 1570//1570
f 1607//1607 1571//1571 1609//1609
f 1607//1607 1570//1570 1571//1571
f 1572//1572 1568//1568 1574//1574
f 1610//1610 1574//1574 1570//1570
f 1574//1574 1575//1575 1572//1572
f 1575//1575 1574//1574 1573//1573
f 1575//1575 1573//1573 1658//1658
f 1576//1576 1836//1836 1834//1834
f 1580//1580 1424//1424 1426//1426
f 1837//1837 1576//1576 1578//1578
f 1581//1581 1426//1426 1427//1427
f 1426//1426 1581//1581 1580//1580
f 1577//1577 1429//1429 1837//1837
f 1577//1577 1837//1837 1578//1578
f 1581//1581 1428//1428 1577//1577
f 1582//1582 1580//1580 1581//1581
f 1577//1577 1582//1582 1581//1581
f 1578//1578 1584//1584 1577//1577
f 1583//1583 1471//1471 1580//1580
f 1579//1579 1584//1584 1935//1935
f 1580//1580 1582//1582 1583//1583
f 1582//1582 1584//1584 1583//1583
f 1584//1584 1582//1582 1577//1577
f 1653//1653 1569//1569 1471//1471
f 1471//1471 1583//1583 1653//1653
f 1583//1583 1584//1584 1585//1585
f 1656//1656 1585//1585 1584//1584
f 1583//1583 1585//1585 1653//1653
f 1656//1656 1584//1584 1579//1579
f 1590//1590 1588//1588 1497//1497
f 1503//1503 1588//1588 1504//1504
f 1502//1502 1504//1504 1587//1587
f 1502//1502 1589//1589 1586//1586
f 1588//1588 1587//1587 1504//1504
f 1586//1586 1589//1589 1591//1591
f 1517//1517 1586//1586 1591//1591
f 1587//1587 1589//1589 1502//1502
f 1590//1590 1513//1513 1587//1587
f 1587//1587 1588//1588 1590//1590
f 1513//1513 1589//1589 1587//1587
f 1513//1513 1636//1636 1589//1589
f 1589//1589 1636//1636 1635//1635
f 1589//1589 1635//1635 1591//1591
f 1592//1592 1594//1594 1515//1515
f 1515//1515 1594//1594 1593//1593
f 1539//1539 1541//1541 1594//1594
f 1594//1594 1612//1612 1539//1539
f 1594//1594 1541//1541 1593//1593
f 1593//1593 1541//1541 1595//1595
f 1595//1595 1541//1541 1649//1649
f 1283//1283 1284//1284 1485//1485
f 1284//1284 1596//1596 1485//1485
f 1485//1485 1596//1596 1597//1597
f 1283//1283 1485//1485 1597//1597
f 1597//1597 1598//1598 1283//1283
f 1598//1598 1599//1599 1283//1283
f 1597//1597 1596//1596 1493//1493
f 1493//1493 1598//1598 1597//1597
f 1600//1600 1599//1599 1598//1598
f 1601//1601 1598//1598 1493//1493
f 1601//1601 1600//1600 1598//1598
f 1602//1602 1601//1601 1491//1491
f 1601//1601 1604//1604 1600//1600
f 1602//1602 1604//1604 1601//1601
f 1604//1604 1618//1618 1600//1600
f 1536//1536 1603//1603 1602//1602
f 1602//1602 1603//1603 1604//1604
f 1450//1450 1606//1606 1605//1605
f 1608//1608 1606//1606 1450//1450
f 1611//1611 1608//1608 1614//1614
f 1450//1450 1614//1614 1608//1608
f 1606//1606 1607//1607 1609//1609
f 1607//1607 1606//1606 1608//1608
f 1610//1610 1607//1607 1608//1608
f 1610//1610 1570//1570 1607//1607
f 1610//1610 1608//1608 1611//1611
f 1611//1611 1662//1662 1610//1610
f 1573//1573 1610//1610 1662//1662
f 1612//1612 1447//1447 1445//1445
f 1612//1612 1594//1594 1592//1592
f 1447//1447 1612//1612 1613//1613
f 1592//1592 1613//1613 1612//1612
f 1517//1517 1613//1613 1592//1592
f 1614//1614 1447//1447 1613//1613
f 1613//1613 1517//1517 1650//1650
f 1591//1591 1650//1650 1517//1517
f 1650//1650 1614//1614 1613//1613
f 1650//1650 1939//1939 1614//1614
f 1606//1606 1540//1540 1605//1605
f 1540//1540 1648//1648 1539//1539
f 1648//1648 1540//1540 1615//1615
f 1615//1615 1540//1540 1606//1606
f 1615//1615 1606//1606 1609//1609
f 1616//1616 1648//1648 1615//1615
f 1660//1660 1616//1616 1609//1609
f 1616//1616 1615//1615 1609//1609
f 1660//1660 1661//1661 1616//1616
f 1661//1661 1617//1617 1616//1616
f 1537//1537 1536//1536 1495//1495
f 1534//1534 1600//1600 1537//1537
f 1537//1537 1600//1600 1619//1619
f 1603//1603 1536//1536 1537//1537
f 1600//1600 1618//1618 1619//1619
f 1604//1604 1619//1619 1618//1618
f 1603//1603 1619//1619 1604//1604
f 1537//1537 1619//1619 1603//1603
f 1623//1623 1637//1637 1620//1620
f 1622//1622 1621//1621 1620//1620
f 1623//1623 1620//1620 1621//1621
f 1621//1621 1624//1624 1623//1623
f 1644//1644 1625//1625 1623//1623
f 1621//1621 1622//1622 1624//1624
f 1624//1624 1644//1644 1623//1623
f 1644//1644 1645//1645 1625//1625
f 1624//1624 1622//1622 1626//1626
f 1624//1624 1627//1627 1644//1644
f 1634//1634 1627//1627 1626//1626
f 1627//1627 1624//1624 1626//1626
f 1627//1627 1646//1646 1644//1644
f 1593//1593 1595//1595 1628//1628
f 1636//1636 1511//1511 1628//1628
f 1628//1628 1629//1629 1636//1636
f 1628//1628 1595//1595 1629//1629
f 1629//1629 1631//1631 1636//1636
f 1636//1636 1680//1680 1630//1630
f 1680//1680 1636//1636 1631//1631
f 1637//1637 1638//1638 1620//1620
f 1620//1620 1638//1638 1632//1632
f 1632//1632 1622//1622 1620//1620
f 1638//1638 1635//1635 1632//1632
f 1626//1626 1632//1632 1633//1633
f 1626//1626 1622//1622 1632//1632
f 1632//1632 1630//1630 1633//1633
f 1633//1633 1630//1630 1679//1679
f 1634//1634 1626//1626 1633//1633
f 1636//1636 1513//1513 1511//1511
f 1635//1635 1638//1638 1591//1591
f 1630//1630 1632//1632 1635//1635
f 1635//1635 1636//1636 1630//1630
f 1630//1630 1680//1680 1679//1679
f 1623//1623 1625//1625 1637//1637
f 1638//1638 1637//1637 1639//1639
f 1638//1638 1640//1640 1591//1591
f 1650//1650 1591//1591 1640//1640
f 1638//1638 1639//1639 1640//1640
f 1640//1640 1639//1639 1664//1664
f 1625//1625 1642//1642 1637//1637
f 1642//1642 1641//1641 1637//1637
f 1637//1637 1641//1641 1639//1639
f 1645//1645 1642//1642 1625//1625
f 1644//1644 1643//1643 1645//1645
f 1641//1641 1642//1642 1643//1643
f 1645//1645 1643//1643 1642//1642
f 1639//1639 1641//1641 1646//1646
f 1643//1643 1646//1646 1641//1641
f 1646//1646 1643//1643 1644//1644
f 1639//1639 1646//1646 1647//1647
f 1646//1646 1634//1634 1647//1647
f 1634//1634 1646//1646 1627//1627
f 1648//1648 1541//1541 1539//1539
f 1648//1648 1649//1649 1541//1541
f 1595//1595 1649//1649 1629//1629
f 1651//1651 1662//1662 1611//1611
f 1650//1650 1688//1688 1939//1939
f 1662//1662 1651//1651 1689//1689
f 1689//1689 1651//1651 1687//1687
f 1569//1569 1652//1652 1571//1571
f 1569//1569 1653//1653 1652//1652
f 1652//1652 1655//1655 1571//1571
f 1652//1652 1653//1653 1654//1654
f 1653//1653 1585//1585 1654//1654
f 1571//1571 1655//1655 1660//1660
f 1654//1654 1655//1655 1652//1652
f 1654//1654 1585//1585 1656//1656
f 1573//1573 1574//1574 1610//1610
f 1659//1659 1654//1654 1656//1656
f 1658//1658 1657//1657 1575//1575
f 1609//1609 1571//1571 1660//1660
f 1661//1661 1660//1660 1655//1655
f 1952//1952 1655//1655 1654//1654
f 1654//1654 1659//1659 1952//1952
f 1952//1952 1657//1657 1658//1658
f 1659//1659 1657//1657 1952//1952
f 1658//1658 1573//1573 1662//1662
f 1655//1655 1952//1952 1661//1661
f 1663//1663 1658//1658 1662//1662
f 1663//1663 1661//1661 1952//1952
f 1658//1658 1663//1663 1952//1952
f 1689//1689 1663//1663 1662//1662
f 1661//1661 1663//1663 1690//1690
f 1688//1688 1650//1650 1640//1640
f 1639//1639 1647//1647 1664//1664
f 1664//1664 1695//1695 1640//1640
f 1681//1681 1666//1666 1664//1664
f 1666//1666 1695//1695 1664//1664
f 1695//1695 1688//1688 1640//1640
f 1684//1684 1667//1667 1665//1665
f 1665//1665 1667//1667 1668//1668
f 1668//1668 1666//1666 1665//1665
f 1666//1666 1701//1701 1695//1695
f 1668//1668 1701//1701 1666//1666
f 1702//1702 1701//1701 1668//1668
f 1669//1669 1856//1856 1670//1670
f 1669//1669 1672//1672 1865//1865
f 1669//1669 1670//1670 1672//1672
f 1861//1861 1670//1670 1856//1856
f 1559//1559 1671//1671 1858//1858
f 1670//1670 1671//1671 1674//1674
f 1671//1671 1670//1670 1861//1861
f 1671//1671 1559//1559 1674//1674
f 1674//1674 1676//1676 1670//1670
f 1673//1673 1672//1672 1677//1677
f 1677//1677 1704//1704 1673//1673
f 1672//1672 1676//1676 1677//1677
f 1674//1674 1559//1559 1675//1675
f 1676//1676 1672//1672 1670//1670
f 1677//1677 1676//1676 1706//1706
f 1674//1674 1675//1675 1676//1676
f 1676//1676 1678//1678 1706//1706
f 1676//1676 1675//1675 1678//1678
f 1723//1723 1675//1675 1566//1566
f 1675//1675 1723//1723 1678//1678
f 1940//1940 1649//1649 1648//1648
f 1616//1616 1940//1940 1648//1648
f 1693//1693 1940//1940 1691//1691
f 1679//1679 1647//1647 1633//1633
f 1633//1633 1647//1647 1634//1634
f 1679//1679 1681//1681 1647//1647
f 1681//1681 1664//1664 1647//1647
f 1680//1680 1685//1685 1682//1682
f 1679//1679 1680//1680 1681//1681
f 1681//1681 1680//1680 1682//1682
f 1681//1681 1682//1682 1665//1665
f 1666//1666 1681//1681 1665//1665
f 1665//1665 1682//1682 1684//1684
f 1685//1685 1683//1683 1682//1682
f 1682//1682 1683//1683 1684//1684
f 1685//1685 1696//1696 1683//1683
f 1686//1686 1684//1684 1683//1683
f 1683//1683 1696//1696 1686//1686
f 1703//1703 1686//1686 1696//1696
f 1703//1703 1700//1700 1686//1686
f 1687//1687 1651//1651 1688//1688
f 1689//1689 1690//1690 1663//1663
f 1617//1617 1661//1661 1690//1690
f 1617//1617 1690//1690 1691//1691
f 1691//1691 1689//1689 1687//1687
f 1689//1689 1691//1691 1690//1690
f 1687//1687 1692//1692 1691//1691
f 1688//1688 1695//1695 1697//1697
f 1697//1697 1687//1687 1688//1688
f 1692//1692 1687//1687 1697//1697
f 1692//1692 1697//1697 1698//1698
f 1693//1693 1631//1631 1629//1629
f 1685//1685 1680//1680 1631//1631
f 1649//1649 1693//1693 1629//1629
f 1694//1694 1685//1685 1631//1631
f 1631//1631 1693//1693 1694//1694
f 1685//1685 1694//1694 1696//1696
f 1696//1696 1694//1694 1698//1698
f 1693//1693 1692//1692 1694//1694
f 1692//1692 1698//1698 1694//1694
f 1692//1692 1693//1693 1691//1691
f 1703//1703 1696//1696 1698//1698
f 1703//1703 1698//1698 1697//1697
f 1695//1695 1703//1703 1697//1697
f 1684//1684 1699//1699 1667//1667
f 1668//1668 1667//1667 1702//1702
f 1699//1699 1684//1684 1686//1686
f 1700//1700 1699//1699 1686//1686
f 1695//1695 1701//1701 1703//1703
f 1702//1702 1667//1667 1699//1699
f 1699//1699 1700//1700 1702//1702
f 1702//1702 1700//1700 1703//1703
f 1701//1701 1702//1702 1703//1703
f 1705//1705 1953//1953 1704//1704
f 1710//1710 1704//1704 1706//1706
f 1704//1704 1710//1710 1705//1705
f 1706//1706 1709//1709 1710//1710
f 1706//1706 1678//1678 1709//1709
f 1678//1678 1708//1708 1709//1709
f 1733//1733 1705//1705 1707//1707
f 1711//1711 1710//1710 1709//1709
f 1709//1709 1708//1708 1711//1711
f 1741//1741 1711//1711 1708//1708
f 1712//1712 1714//1714 1720//1720
f 1713//1713 1714//1714 1712//1712
f 1716//1716 1713//1713 1712//1712
f 1712//1712 1720//1720 1719//1719
f 1715//1715 1714//1714 1713//1713
f 1716//1716 1715//1715 1713//1713
f 1718//1718 1714//1714 1715//1715
f 1735//1735 1715//1715 1716//1716
f 1717//1717 1735//1735 1716//1716
f 1735//1735 1742//1742 1715//1715
f 1718//1718 1715//1715 1742//1742
f 1719//1719 1717//1717 1712//1712
f 1716//1716 1712//1712 1717//1717
f 1718//1718 1720//1720 1714//1714
f 1744//1744 1720//1720 1718//1718
f 1565//1565 1564//1564 1562//1562
f 1562//1562 1953//1953 1565//1565
f 1566//1566 1565//1565 1723//1723
f 1721//1721 1722//1722 1565//1565
f 1721//1721 1705//1705 1726//1726
f 1725//1725 1678//1678 1723//1723
f 1723//1723 1565//1565 1724//1724
f 1726//1726 1722//1722 1721//1721
f 1722//1722 1726//1726 1727//1727
f 1565//1565 1722//1722 1724//1724
f 1708//1708 1678//1678 1725//1725
f 1724//1724 1725//1725 1723//1723
f 1722//1722 1728//1728 1724//1724
f 1727//1727 1728//1728 1722//1722
f 1725//1725 1724//1724 1730//1730
f 1725//1725 1741//1741 1708//1708
f 1737//1737 1727//1727 1726//1726
f 1725//1725 1729//1729 1741//1741
f 1728//1728 1730//1730 1724//1724
f 1728//1728 1727//1727 1751//1751
f 1725//1725 1730//1730 1729//1729
f 1751//1751 1730//1730 1728//1728
f 1717//1717 1719//1719 1738//1738
f 1731//1731 1719//1719 1720//1720
f 1738//1738 1719//1719 1731//1731
f 1720//1720 1744//1744 1731//1731
f 1731//1731 1732//1732 1738//1738
f 1732//1732 1731//1731 1744//1744
f 1705//1705 1733//1733 1726//1726
f 1733//1733 1736//1736 1737//1737
f 1737//1737 1726//1726 1733//1733
f 1733//1733 1734//1734 1735//1735
f 1733//1733 1735//1735 1736//1736
f 1717//1717 1736//1736 1735//1735
f 1742//1742 1735//1735 1734//1734
f 1736//1736 1717//1717 1738//1738
f 1739//1739 1736//1736 1738//1738
f 1739//1739 1737//1737 1736//1736
f 1732//1732 1739//1739 1738//1738
f 1767//1767 1737//1737 1739//1739
f 1732//1732 1755//1755 1739//1739
f 1739//1739 1755//1755 1767//1767
f 1743//1743 1707//1707 1710//1710
f 1733//1733 1707//1707 1734//1734
f 1711//1711 1740//1740 1743//1743
f 1743//1743 1710//1710 1711//1711
f 1707//1707 1743//1743 1734//1734
f 1742//1742 1734//1734 1743//1743
f 1740//1740 1711//1711 1741//1741
f 1718//1718 1745//1745 1744//1744
f 1718//1718 1742//1742 1745//1745
f 1741//1741 1729//1729 1740//1740
f 1745//1745 1742//1742 1747//1747
f 1742//1742 1743//1743 1747//1747
f 1740//1740 1747//1747 1743//1743
f 1745//1745 1746//1746 1744//1744
f 1748//1748 1745//1745 1747//1747
f 1747//1747 1740//1740 1750//1750
f 1750//1750 1740//1740 1729//1729
f 1732//1732 1744//1744 1746//1746
f 1746//1746 1745//1745 1748//1748
f 1750//1750 1748//1748 1747//1747
f 1746//1746 1754//1754 1732//1732
f 1748//1748 1749//1749 1746//1746
f 1750//1750 1749//1749 1748//1748
f 1754//1754 1746//1746 1749//1749
f 1737//1737 1751//1751 1727//1727
f 1752//1752 1730//1730 1751//1751
f 1751//1751 1737//1737 1768//1768
f 1729//1729 1730//1730 1752//1752
f 1752//1752 1763//1763 1729//1729
f 1752//1752 1751//1751 1768//1768
f 1763//1763 1752//1752 1753//1753
f 1768//1768 1771//1771 1752//1752
f 1752//1752 1771//1771 1753//1753
f 1819//1819 1753//1753 1771//1771
f 1755//1755 1732//1732 1754//1754
f 1759//1759 1757//1757 1754//1754
f 1754//1754 1757//1757 1755//1755
f 1757//1757 1756//1756 1755//1755
f 1759//1759 1779//1779 1757//1757
f 1757//1757 1783//1783 1758//1758
f 1758//1758 1756//1756 1757//1757
f 1757//1757 1782//1782 1783//1783
f 1749//1749 1759//1759 1754//1754
f 1760//1760 1759//1759 1749//1749
f 1749//1749 1750//1750 1760//1760
f 1761//1761 1760//1760 1750//1750
f 1779//1779 1759//1759 1760//1760
f 1760//1760 1761//1761 1784//1784
f 1784//1784 1779//1779 1760//1760
f 1761//1761 1762//1762 1786//1786
f 1761//1761 1765//1765 1762//1762
f 1729//1729 1763//1763 1750//1750
f 1763//1763 1761//1761 1750//1750
f 1761//1761 1763//1763 1765//1765
f 1764//1764 1765//1765 1763//1763
f 1765//1765 1764//1764 1790//1790
f 1753//1753 1764//1764 1763//1763
f 1753//1753 1819//1819 1764//1764
f 1790//1790 1764//1764 1791//1791
f 1766//1766 1818//1818 1791//1791
f 1764//1764 1766//1766 1791//1791
f 1767//1767 1755//1755 1756//1756
f 1737//1737 1767//1767 1768//1768
f 1770//1770 1769//1769 1767//1767
f 1769//1769 1768//1768 1767//1767
f 1771//1771 1768//1768 1769//1769
f 1787//1787 1795//1795 1770//1770
f 1795//1795 1769//1769 1770//1770
f 1769//1769 1795//1795 1771//1771
f 1773//1773 1776//1776 1772//1772
f 1774//1774 1772//1772 1776//1776
f 1774//1774 1776//1776 1775//1775
f 1776//1776 1773//1773 1777//1777
f 1800//1800 1772//1772 1774//1774
f 1772//1772 1800//1800 1778//1778
f 1778//1778 1773//1773 1772//1772
f 1773//1773 1778//1778 1802//1802
f 1777//1777 1773//1773 1802//1802
f 1802//1802 1893//1893 1777//1777
f 1782//1782 1757//1757 1779//1779
f 1779//1779 1780//1780 1782//1782
f 1780//1780 1775//1775 1782//1782
f 1780//1780 1779//1779 1785//1785
f 1775//1775 1780//1780 1774//1774
f 1775//1775 1781//1781 1782//1782
f 1777//1777 1775//1775 1776//1776
f 1781//1781 1775//1775 1777//1777
f 1893//1893 1781//1781 1777//1777
f 1808//1808 1781//1781 1893//1893
f 1782//1782 1808//1808 1783//1783
f 1808//1808 1782//1782 1781//1781
f 1786//1786 1784//1784 1761//1761
f 1779//1779 1784//1784 1785//1785
f 1784//1784 1786//1786 1785//1785
f 1786//1786 1762//1762 1808//1808
f 1894//1894 1785//1785 1786//1786
f 1786//1786 1808//1808 1894//1894
f 1767//1767 1756//1756 1770//1770
f 1770//1770 1756//1756 1789//1789
f 1770//1770 1818//1818 1787//1787
f 1818//1818 1770//1770 1789//1789
f 1787//1787 1818//1818 1796//1796
f 1792//1792 1788//1788 1789//1789
f 1789//1789 1756//1756 1792//1792
f 1789//1789 1791//1791 1818//1818
f 1790//1790 1791//1791 1789//1789
f 1789//1789 1788//1788 1790//1790
f 1811//1811 1758//1758 1783//1783
f 1758//1758 1811//1811 1793//1793
f 1756//1756 1758//1758 1792//1792
f 1758//1758 1793//1793 1792//1792
f 1793//1793 1794//1794 1792//1792
f 1794//1794 1807//1807 1792//1792
f 1805//1805 1807//1807 1794//1794
f 1795//1795 1797//1797 1771//1771
f 1787//1787 1798//1798 1795//1795
f 1787//1787 1796//1796 1798//1798
f 1799//1799 1795//1795 1798//1798
f 1797//1797 1795//1795 1799//1799
f 1820//1820 1797//1797 1799//1799
f 1780//1780 1785//1785 1801//1801
f 1801//1801 1774//1774 1780//1780
f 1774//1774 1801//1801 1804//1804
f 1804//1804 1800//1800 1774//1774
f 1800//1800 1803//1803 1778//1778
f 1800//1800 1804//1804 1803//1803
f 1803//1803 1802//1802 1778//1778
f 1894//1894 1804//1804 1801//1801
f 1785//1785 1894//1894 1801//1801
f 1802//1802 1803//1803 1893//1893
f 1894//1894 1803//1803 1804//1804
f 1894//1894 1893//1893 1803//1803
f 1812//1812 1794//1794 1793//1793
f 1794//1794 1812//1812 1806//1806
f 1806//1806 1805//1805 1794//1794
f 1807//1807 1806//1806 1816//1816
f 1806//1806 1807//1807 1805//1805
f 1807//1807 1788//1788 1792//1792
f 1762//1762 1765//1765 1810//1810
f 1809//1809 1810//1810 1765//1765
f 1762//1762 1783//1783 1808//1808
f 1811//1811 1783//1783 1810//1810
f 1783//1783 1762//1762 1810//1810
f 1809//1809 1765//1765 1790//1790
f 1790//1790 1788//1788 1809//1809
f 1810//1810 1815//1815 1811//1811
f 1815//1815 1809//1809 1788//1788
f 1815//1815 1813//1813 1811//1811
f 1815//1815 1810//1810 1809//1809
f 1813//1813 1812//1812 1793//1793
f 1793//1793 1811//1811 1813//1813
f 1812//1812 1813//1813 1814//1814
f 1812//1812 1814//1814 1806//1806
f 1806//1806 1814//1814 1816//1816
f 1813//1813 1815//1815 1817//1817
f 1814//1814 1813//1813 1817//1817
f 1816//1816 1814//1814 1817//1817
f 1818//1818 1822//1822 1796//1796
f 1822//1822 1825//1825 1796//1796
f 1797//1797 1819//1819 1771//1771
f 1766//1766 1819//1819 1821//1821
f 1766//1766 1764//1764 1819//1819
f 1824//1824 1819//1819 1797//1797
f 1824//1824 1821//1821 1819//1819
f 1818//1818 1766//1766 1822//1822
f 1824//1824 1797//1797 1820//1820
f 1824//1824 1823//1823 1821//1821
f 1822//1822 1766//1766 1823//1823
f 1821//1821 1823//1823 1766//1766
f 1822//1822 1823//1823 1825//1825
f 1824//1824 1820//1820 1823//1823
f 1823//1823 1820//1820 1825//1825
f 1799//1799 1798//1798 1825//1825
f 1798//1798 1796//1796 1825//1825
f 1820//1820 1799//1799 1825//1825
f 1896//1896 1120//1120 1897//1897
f 1897//1897 1120//1120 1126//1126
f 1897//1897 1827//1827 1826//1826
f 1897//1897 1127//1127 1827//1827
f 1126//1126 1127//1127 1897//1897
f 1127//1127 1133//1133 1827//1827
f 1826//1826 1827//1827 1828//1828
f 1267//1267 1826//1826 1828//1828
f 1828//1828 1827//1827 1830//1830
f 1133//1133 1829//1829 1827//1827
f 1827//1827 1829//1829 1830//1830
f 1830//1830 1829//1829 1309//1309
f 1828//1828 1830//1830 1831//1831
f 1271//1271 1828//1828 1831//1831
f 1405//1405 1271//1271 1831//1831
f 1833//1833 1831//1831 1830//1830
f 1833//1833 1830//1830 1834//1834
f 1832//1832 1405//1405 1831//1831
f 1833//1833 1832//1832 1831//1831
f 1405//1405 1832//1832 1404//1404
f 1835//1835 1404//1404 1832//1832
f 1833//1833 1835//1835 1832//1832
f 1834//1834 1836//1836 1833//1833
f 1430//1430 1404//1404 1835//1835
f 1835//1835 1833//1833 1836//1836
f 1576//1576 1837//1837 1836//1836
f 1837//1837 1835//1835 1836//1836
f 1430//1430 1835//1835 1837//1837
f 1429//1429 1430//1430 1837//1837
f 958//958 957//957 1889//1889
f 1889//1889 1312//1312 1152//1152
f 958//958 960//960 956//956
f 1838//1838 960//960 958//958
f 1152//1152 1840//1840 958//958
f 958//958 1840//1840 1838//1838
f 960//960 1838//1838 1839//1839
f 960//960 1839//1839 1191//1191
f 1838//1838 1840//1840 1841//1841
f 1839//1839 1115//1115 1191//1191
f 1157//1157 1320//1320 1842//1842
f 1841//1841 1839//1839 1838//1838
f 1841//1841 1115//1115 1839//1839
f 1842//1842 1321//1321 1840//1840
f 1842//1842 1319//1319 1321//1321
f 1116//1116 1841//1841 1318//1318
f 1841//1841 1321//1321 1318//1318
f 891//891 1164//1164 1074//1074
f 891//891 893//893 1164//1164
f 1843//1843 1168//1168 1164//1164
f 1844//1844 1074//1074 1164//1164
f 1164//1164 1168//1168 1844//1844
f 1076//1076 1844//1844 1846//1846
f 1844//1844 1168//1168 1846//1846
f 1845//1845 1846//1846 1168//1168
f 1175//1175 1846//1846 1845//1845
f 1846//1846 1184//1184 1080//1080
f 1846//1846 1175//1175 1184//1184
f 1182//1182 1184//1184 1175//1175
f 1847//1847 1848//1848 1273//1273
f 1270//1270 1850//1850 1847//1847
f 1848//1848 1406//1406 1273//1273
f 1848//1848 1847//1847 1849//1849
f 1848//1848 1849//1849 1851//1851
f 1848//1848 1862//1862 1409//1409
f 1862//1862 1848//1848 1851//1851
f 1849//1849 1847//1847 1852//1852
f 1852//1852 1847//1847 1850//1850
f 1849//1849 1854//1854 1851//1851
f 1409//1409 1862//1862 1861//1861
f 1855//1855 1854//1854 1849//1849
f 1549//1549 1853//1853 1852//1852
f 1849//1849 1852//1852 1853//1853
f 1849//1849 1853//1853 1855//1855
f 1852//1852 1850//1850 1549//1549
f 1856//1856 1410//1410 1409//1409
f 1854//1854 1855//1855 1859//1859
f 1549//1549 1857//1857 1853//1853
f 1855//1855 1853//1853 1857//1857
f 1409//1409 1861//1861 1856//1856
f 1851//1851 1858//1858 1862//1862
f 1851//1851 1854//1854 1858//1858
f 1859//1859 1855//1855 1857//1857
f 1858//1858 1854//1854 1859//1859
f 1858//1858 1859//1859 1860//1860
f 1859//1859 1857//1857 1860//1860
f 1671//1671 1861//1861 1862//1862
f 1862//1862 1858//1858 1671//1671
f 1847//1847 1273//1273 1270//1270
f 1863//1863 1270//1270 1274//1274
f 1863//1863 1274//1274 1864//1864
f 1866//1866 1864//1864 1275//1275
f 1863//1863 1864//1864 1865//1865
f 1866//1866 1410//1410 1856//1856
f 1865//1865 1864//1864 1866//1866
f 1866//1866 1669//1669 1865//1865
f 1669//1669 1866//1866 1856//1856
f 1865//1865 1672//1672 1551//1551
f 328//328 1909//1909 1941//1941
f 1867//1867 1941//1941 1868//1868
f 1868//1868 964//964 1867//1867
f 964//964 1868//1868 1286//1286
f 1286//1286 1868//1868 1288//1288
f 1469//1469 1468//1468 1470//1470
f 1869//1869 1470//1470 1568//1568
f 1470//1470 1869//1869 1469//1469
f 1871//1871 1579//1579 1469//1469
f 1568//1568 1572//1572 1869//1869
f 1870//1870 1871//1871 1869//1869
f 1871//1871 1469//1469 1869//1869
f 1572//1572 1870//1870 1869//1869
f 1870//1870 1572//1572 1575//1575
f 1657//1657 1871//1871 1870//1870
f 1871//1871 1659//1659 1656//1656
f 1657//1657 1870//1870 1575//1575
f 1659//1659 1871//1871 1657//1657
f 1874//1874 1872//1872 1223//1223
f 1872//1872 1874//1874 1876//1876
f 1877//1877 1876//1876 1874//1874
f 1877//1877 1874//1874 1873//1873
f 1879//1879 1876//1876 1877//1877
f 1877//1877 1873//1873 1878//1878
f 1403//1403 1878//1878 1873//1873
f 1403//1403 1873//1873 1875//1875
f 1415//1415 1879//1879 1877//1877
f 1877//1877 1880//1880 1415//1415
f 1880//1880 1877//1877 1878//1878
f 1403//1403 1881//1881 1878//1878
f 1880//1880 1878//1878 1881//1881
f 1880//1880 1420//1420 1415//1415
f 1880//1880 1881//1881 1882//1882
f 1423//1423 1880//1880 1882//1882
f 1882//1882 1425//1425 1423//1423
f 1882//1882 1881//1881 1430//1430
f 933//933 1884//1884 932//932
f 1883//1883 1884//1884 987//987
f 1884//1884 1885//1885 987//987
f 965//965 1884//1884 933//933
f 933//933 11//11 965//965
f 965//965 1885//1885 1884//1884
f 936//936 1888//1888 935//935
f 1888//1888 936//936 1075//1075
f 1886//1886 935//935 1888//1888
f 1886//1886 1888//1888 1887//1887
f 1886//1886 1889//1889 957//957
f 1889//1889 1886//1886 1887//1887
f 1887//1887 1313//1313 1889//1889
f 1111//1111 1887//1887 1888//1888
f 1111//1111 1112//1112 1313//1313
f 940//940 1890//1890 1121//1121
f 1892//1892 941//941 1048//1048
f 1892//1892 1890//1890 941//941
f 1891//1891 1890//1890 1049//1049
f 1890//1890 1892//1892 1049//1049
f 1121//1121 1890//1890 1891//1891
f 10//10 942//942 1867//1867
f 10//10 14//14 942//942
f 1893//1893 1894//1894 1808//1808
f 1816//1816 1788//1788 1807//1807
f 1817//1817 1788//1788 1816//1816
f 1817//1817 1815//1815 1788//1788
f 1895//1895 1000//1000 54//54
f 1120//1120 947//947 1119//1119
f 946//946 1895//1895 945//945
f 946//946 1896//1896 1895//1895
f 1120//1120 946//946 947//947
f 1120//1120 1896//1896 946//946
f 1000//1000 1895//1895 1896//1896
f 1896//1896 1897//1897 1826//1826
f 1900//1900 1898//1898 950//950
f 1900//1900 1899//1899 1042//1042
f 1900//1900 1901//1901 1898//1898
f 1901//1901 1900//1900 1042//1042
f 39//39 33//33 38//38
f 97//97 96//96 1903//1903
f 95//95 1903//1903 96//96
f 1902//1902 227//227 1903//1903
f 97//97 1903//1903 227//227
f 1902//1902 1903//1903 440//440
f 93//93 128//128 95//95
f 261//261 146//146 151//151
f 1904//1904 120//120 364//364
f 890//890 155//155 1904//1904
f 155//155 890//890 229//229
f 236//236 135//135 237//237
f 135//135 238//238 237//237
f 242//242 243//243 1906//1906
f 239//239 1906//1906 238//238
f 1906//1906 239//239 241//241
f 276//276 1907//1907 255//255
f 260//260 255//255 1907//1907
f 263//263 924//924 264//264
f 269//269 264//264 924//924
f 276//276 278//278 1956//1956
f 455//455 1908//1908 452//452
f 316//316 312//312 914//914
f 332//332 1909//1909 329//329
f 1909//1909 332//332 331//331
f 338//338 449//449 337//337
f 362//362 938//938 361//361
f 371//371 376//376 1910//1910
f 410//410 398//398 416//416
f 418//418 408//408 449//449
f 554//554 1910//1910 564//564
f 459//459 461//461 268//268
f 461//461 317//317 463//463
f 484//484 487//487 481//481
f 439//439 496//496 495//495
f 496//496 439//439 615//615
f 617//617 1911//1911 619//619
f 526//526 271//271 275//275
f 1910//1910 377//377 564//564
f 619//619 1911//1911 711//711
f 711//711 1911//1911 662//662
f 619//619 711//711 707//707
f 517//517 519//519 633//633
f 631//631 637//637 629//629
f 667//667 1912//1912 666//666
f 1912//1912 667//667 706//706
f 1912//1912 706//706 746//746
f 707//707 714//714 709//709
f 1913//1913 712//712 714//714
f 1913//1913 715//715 712//712
f 612//612 729//729 734//734
f 754//754 727//727 772//772
f 772//772 1914//1914 754//754
f 1914//1914 757//757 755//755
f 757//757 1914//1914 783//783
f 776//776 1914//1914 772//772
f 1914//1914 776//776 783//783
f 756//756 760//760 1915//1915
f 775//775 1915//1915 797//797
f 1915//1915 760//760 797//797
f 796//796 797//797 817//817
f 1905//1905 361//361 887//887
f 1916//1916 1905//1905 888//888
f 888//888 1958//1958 1916//1916
f 345//345 1916//1916 368//368
f 1916//1916 367//367 368//368
f 892//892 122//122 124//124
f 894//894 121//121 895//895
f 123//123 895//895 121//121
f 920//920 1918//1918 921//921
f 1918//1918 640//640 921//921
f 921//921 640//640 923//923
f 268//268 927//927 459//459
f 1919//1919 15//15 934//934
f 331//331 383//383 951//951
f 1920//1920 954//954 1222//1222
f 34//34 39//39 979//979
f 34//34 979//979 981//981
f 988//988 987//987 1885//1885
f 1039//1039 1045//1045 1040//1040
f 1041//1041 1040//1040 1045//1045
f 1039//1039 1044//1044 1045//1045
f 1921//1921 1049//1049 1050//1050
f 1922//1922 1116//1116 1114//1114
f 1922//1922 1115//1115 1116//1116
f 1310//1310 1311//1311 1135//1135
f 1944//1944 1923//1923 200//200
f 1923//1923 1165//1165 200//200
f 1924//1924 1182//1182 1176//1176
f 1135//1135 1182//1182 1924//1924
f 1194//1194 1191//1191 1188//1188
f 1191//1191 1115//1115 1187//1187
f 1925//1925 1089//1089 1090//1090
f 1089//1089 1196//1196 1095//1095
f 1196//1196 1089//1089 1925//1925
f 1948//1948 1197//1197 1081//1081
f 1197//1197 1925//1925 1081//1081
f 1196//1196 1926//1926 1199//1199
f 1196//1196 1197//1197 1926//1926
f 1926//1926 1201//1201 1199//1199
f 1217//1217 1927//1927 1214//1214
f 1474//1474 1927//1927 1217//1217
f 1238//1238 1110//1110 1219//1219
f 1928//1928 953//953 1942//1942
f 1929//1929 1229//1229 1227//1227
f 1475//1475 1226//1226 1227//1227
f 1228//1228 1214//1214 1927//1927
f 1271//1271 1407//1407 1930//1930
f 1930//1930 1274//1274 1272//1272
f 1930//1930 1275//1275 1274//1274
f 1898//1898 1931//1931 1941//1941
f 1868//1868 1941//1941 1931//1931
f 1931//1931 1285//1285 1287//1287
f 1926//1926 1366//1366 1360//1360
f 1366//1366 1363//1363 1359//1359
f 1325//1325 1370//1370 1379//1379
f 1385//1385 1391//1391 1386//1386
f 1363//1363 1366//1366 1397//1397
f 1275//1275 1933//1933 1410//1410
f 1933//1933 1275//1275 1407//1407
f 1471//1471 1421//1421 1424//1424
f 1934//1934 1450//1450 1382//1382
f 1450//1450 1934//1934 1614//1614
f 1934//1934 1446//1446 1447//1447
f 1569//1569 1468//1468 1471//1471
f 1467//1467 1471//1471 1468//1468
f 1467//1467 1935//1935 1576//1576
f 1569//1569 1470//1470 1468//1468
f 1478//1478 1936//1936 1489//1489
f 1936//1936 1493//1493 1489//1489
f 1491//1491 1936//1936 1487//1487
f 1329//1329 1379//1379 1518//1518
f 1548//1548 1518//1518 1520//1520
f 1548//1548 1522//1522 1937//1937
f 1937//1937 1521//1521 1518//1518
f 1330//1330 1518//1518 1521//1521
f 1525//1525 1937//1937 1522//1522
f 1599//1599 1282//1282 1283//1283
f 1529//1529 1527//1527 1534//1534
f 1557//1557 1551//1551 1673//1673
f 1551//1551 1550//1550 1863//1863
f 1557//1557 1550//1550 1551//1551
f 1562//1562 1558//1558 1557//1557
f 1562//1562 1557//1557 1673//1673
f 1570//1570 1567//1567 1571//1571
f 1576//1576 1935//1935 1578//1578
f 1935//1935 1584//1584 1578//1578
f 1939//1939 1611//1611 1614//1614
f 1939//1939 1651//1651 1611//1611
f 1939//1939 1688//1688 1651//1651
f 1940//1940 1693//1693 1649//1649
f 1616//1616 1617//1617 1940//1940
f 1940//1940 1617//1617 1691//1691
f 1704//1704 1562//1562 1673//1673
f 1704//1704 1677//1677 1706//1706
f 1705//1705 1710//1710 1707//1707
f 1889//1889 1152//1152 958//958
f 1157//1157 1842//1842 1152//1152
f 1152//1152 1842//1842 1840//1840
f 1840//1840 1321//1321 1841//1841
f 1850//1850 1270//1270 1863//1863
f 942//942 1941//1941 1867//1867
f 1941//1941 942//942 328//328
f 1656//1656 1579//1579 1871//1871
f 1206//1206 1885//1885 965//965
f 1206//1206 965//965 1286//1286
f 1896//1896 1826//1826 1000//1000
f 1942//1942 2//2 3//3
f 1943//1943 974//974 24//24
f 1943//1943 24//24 36//36
f 133//133 142//142 135//135
f 1954//1954 162//162 165//165
f 1056//1056 1944//1944 1055//1055
f 1945//1945 169//169 171//171
f 1944//1944 1945//1945 1055//1055
f 1945//1945 172//172 1055//1055
f 174//174 1945//1945 171//171
f 140//140 258//258 256//256
f 140//140 259//259 258//258
f 455//455 315//315 1908//1908
f 362//362 183//183 185//185
f 190//190 362//362 185//185
f 363//363 364//364 153//153
f 190//190 365//365 363//363
f 343//343 481//481 191//191
f 279//279 573//573 1946//1946
f 575//575 1946//1946 573//573
f 282//282 1946//1946 577//577
f 582//582 577//577 1946//1946
f 689//689 692//692 687//687
f 819//819 841//841 842//842
f 884//884 1947//1947 476//476
f 183//183 361//361 1905//1905
f 1943//1943 981//981 975//975
f 1041//1041 1043//1043 1948//1948
f 1948//1948 1043//1043 1082//1082
f 1215//1215 1100//1100 1096//1096
f 1147//1147 1872//1872 1148//1148
f 1312//1312 1157//1157 1152//1152
f 1209//1209 1949//1949 1211//1211
f 1215//1215 1217//1217 1214//1214
f 1950//1950 1211//1211 1291//1291
f 1312//1312 1313//1313 1314//1314
f 1357//1357 1355//1355 1352//1352
f 1269//1269 1273//1273 1406//1406
f 1951//1951 1172//1172 1141//1141
f 1527//1527 1529//1529 1528//1528
f 1953//1953 1562//1562 1704//1704
f 1721//1721 1953//1953 1705//1705
f 1953//1953 1721//1721 1565//1565
f 167//167 166//166 168//168
f 1908//1908 315//315 312//312
f 914//914 312//312 315//315
f 758//758 760//760 756//756
f 760//760 758//758 759//759
f 106//106 172//172 108//108
f 140//140 136//136 138//138
f 216//216 167//167 360//360
f 938//938 362//362 363//363
f 1955//1955 365//365 368//368
f 271//271 1956//1956 278//278
f 1958//1958 886//886 889//889
f 1958//1958 888//888 886//886
f 889//889 9//9 226//226
f 1955//1955 1904//1904 364//364
f 1904//1904 1955//1955 367//367
f 891//891 894//894 893//893
f 990//990 994//994 1928//1928
f 1203//1203 1204//1204 1926//1926
f 989//989 1206//1206 1209//1209
f 1942//1942 990//990 1928//1928
f 1907//1907 1956//1956 281//281
f 1956//1956 1907//1907 276//276
f 315//315 901//901 899//899
f 315//315 899//899 914//914
f 915//915 914//914 899//899
f 1527//1527 1938//1938 1534//1534
f 165//165 162//162 871//871
f 690//690 692//692 689//689
f 889//889 226//226 229//229
f 1148//1148 1872//1872 1876//1876
f 1433//1433 1162//1162 1317//1317
f 989//989 1209//1209 1207//1207
f 1328//1328 1256//1256 1323//1323
f 613//613 615//615 439//439
f 1475//1475 1473//1473 1478//1478
f 1834//1834 1417//1417 1467//1467
f 1834//1834 1467//1467 1576//1576
# 3912 faces, 0 coords texture

# End of File
