####
#
# OBJ File Generated by Meshlab
#
####
# Object parisbust_norm.obj
#
# Vertices: 1827
# Faces: 3650
#
####
vn -0.730977 0.072124 -0.678580
v -0.297945 -0.750459 -0.091569
vn -0.765598 -0.627947 0.139793
v -0.239157 -0.397548 0.214589
vn -0.775243 -0.631565 -0.011181
v -0.204786 -0.436303 0.264585
vn -0.997995 -0.033665 -0.053601
v -0.337804 -0.402291 0.006992
vn -0.912711 0.158346 0.376676
v -0.353136 -0.779265 0.080325
vn -0.401087 -0.915986 0.009955
v -0.431183 -0.241114 0.272115
vn -0.628159 0.031962 0.777428
v -0.172886 -0.639038 0.200208
vn -0.797665 0.043796 0.601509
v -0.140636 -0.662968 0.238127
vn -0.872367 -0.411502 0.263900
v -0.077182 -0.596276 0.322143
vn -0.664619 0.259413 0.700704
v -0.198084 -0.807474 0.198713
vn -0.975078 0.065901 -0.211850
v -0.337219 -0.494989 -0.033337
vn -0.789045 -0.500779 0.355849
v -0.324044 -0.344361 0.127949
vn -0.449561 -0.537398 0.713511
v -0.120699 -0.545899 0.454426
vn -0.598353 0.019997 0.800983
v -0.177562 -0.581844 0.193011
vn -0.587790 -0.049232 0.807514
v -0.185543 -0.541226 0.188357
vn -0.617381 0.030612 0.786069
v -0.304210 -0.609119 0.126565
vn -0.856932 0.068853 0.510811
v -0.337662 -0.652940 0.095958
vn -0.730301 0.176943 0.659812
v -0.176078 -0.744895 0.207302
vn -0.797968 0.030070 0.601949
v -0.138948 -0.603222 0.232720
vn -0.731130 -0.338127 0.592553
v -0.294820 -0.386552 0.133372
vn -0.661752 -0.748708 0.038994
v -0.321464 -0.308211 0.231055
vn -0.728799 -0.389641 0.563056
v -0.249916 -0.409262 0.163685
vn -0.477753 0.029812 0.877988
v -0.224045 -0.557306 0.167109
vn -0.798267 -0.467556 0.379685
v -0.206532 -0.444435 0.203875
vn -0.738956 -0.079406 0.669058
v -0.298041 -0.430042 0.119403
vn -0.729413 -0.682241 0.050037
v -0.276244 -0.355586 0.226306
vn -0.688924 -0.686397 0.232900
v -0.314000 -0.325261 0.177568
vn -0.894579 0.063888 0.442319
v -0.332691 -0.592665 0.091122
vn -0.488453 0.054089 0.870912
v -0.269485 -0.576496 0.144082
vn -0.726536 -0.602412 0.330523
v -0.354189 -0.306001 0.386850
vn -0.863729 -0.230146 0.448335
v -0.116782 -0.568827 0.269122
vn -0.679917 -0.030406 0.732658
v -0.112235 -0.688991 0.277655
vn -0.612523 -0.402929 0.680047
v -0.045865 -0.705875 0.332076
vn -0.500949 -0.015205 0.865343
v -0.270734 -0.734843 0.142369
vn -0.794125 0.149991 0.588955
v -0.160792 -0.781912 0.246480
vn -0.772224 0.089110 0.629071
v -0.319713 -0.538798 0.110755
vn -0.729829 -0.531903 0.429453
v -0.248363 -0.429525 0.436202
vn -0.778918 -0.015845 0.626926
v -0.117653 -0.635690 0.273980
vn -0.557864 0.069112 0.827050
v -0.207523 -0.735187 0.179084
vn -0.864890 -0.493886 0.089675
v -0.349629 -0.313888 0.078140
vn -0.868179 -0.473004 0.150109
v -0.380040 -0.845266 0.057781
vn -0.735313 0.030548 0.677039
v -0.336326 -0.822648 0.107132
vn -0.829518 -0.509448 -0.228828
v -0.362876 -0.269732 -0.031321
vn -0.731806 -0.662766 -0.158752
v -0.218572 -0.431290 0.323791
vn -0.735906 -0.655528 -0.169485
v -0.255111 -0.392118 0.327327
vn -0.718060 -0.671724 -0.182147
v -0.237738 -0.427382 0.377835
vn -0.554774 -0.825951 0.100153
v -0.363012 -0.280843 0.194054
vn -0.738159 -0.646347 0.193280
v -0.311139 -0.350768 0.395095
vn -0.671267 -0.674523 0.307276
v -0.109417 -0.582532 0.420761
vn -0.776157 -0.609164 -0.162786
v -0.108540 -0.563758 0.361622
vn -0.726202 -0.682121 0.085684
v -0.081098 -0.610575 0.392745
vn -0.859110 -0.316382 -0.402284
v -0.364412 -0.833754 0.016905
vn -0.969675 -0.045053 -0.240210
v -0.342782 -0.678391 -0.009181
vn -0.728594 -0.127517 0.672971
v -0.071956 -0.661862 0.306792
vn -0.981135 0.067357 0.181208
v -0.342190 -0.575908 0.056258
vn -0.956367 0.002849 -0.292155
v -0.336191 -0.736216 -0.014821
vn -0.888526 0.031251 -0.457761
v -0.331783 -0.791079 -0.036357
vn -0.810375 -0.571275 0.130143
v -0.140363 -0.517338 0.281782
vn -0.817279 -0.477650 0.322344
v -0.044313 -0.653932 0.359738
vn -0.487015 -0.003172 0.873388
v -0.221146 -0.670811 0.171995
vn -0.755971 -0.649469 -0.081839
v -0.179256 -0.472568 0.307899
vn -0.997156 0.054116 0.052447
v -0.349523 -0.638961 0.039899
vn -0.951140 0.232733 -0.202901
v -0.352959 -0.791890 0.024723
vn -0.610406 -0.778357 0.146852
v -0.428026 -0.249219 0.327126
vn -0.672555 -0.727717 0.134523
v -0.359638 -0.292387 0.141935
vn -0.936754 -0.181824 0.299053
v -0.331075 -0.383260 0.076904
vn -0.961733 0.026475 0.272705
v -0.334473 -0.450957 0.058460
vn -0.997615 0.064497 0.024586
v -0.341510 -0.494461 0.016673
vn -0.805877 -0.262820 0.530554
v -0.149291 -0.536139 0.222084
vn -0.544842 0.138921 0.826951
v -0.280355 -0.798039 0.138804
vn -0.549571 0.150173 0.821839
v -0.240229 -0.786709 0.163921
vn -0.510593 -0.001424 0.859821
v -0.281238 -0.672612 0.141186
vn -0.750946 0.195454 0.630776
v -0.136768 -0.721961 0.251122
vn -0.710603 -0.265104 0.651738
v -0.190925 -0.497618 0.189989
vn -0.962358 0.069796 0.262668
v -0.336983 -0.514953 0.060983
vn -0.648996 -0.335880 0.682634
v -0.399718 -0.250767 0.388626
vn -0.674270 0.267815 0.688211
v -0.134233 -0.754593 0.278258
vn -0.829125 -0.026888 -0.558416
v -0.322564 -0.415660 -0.064424
vn -0.983418 0.036712 -0.177599
v -0.345066 -0.614460 -0.002008
vn -0.324740 0.911977 0.250683
v -0.279483 -0.847878 -0.111468
vn -0.662104 -0.691992 0.287690
v -0.208262 -0.469521 0.427635
vn -0.994193 0.006938 -0.107391
v -0.344217 -0.549395 -0.002686
vn -0.781005 -0.424482 -0.458089
v -0.342755 -0.833314 -0.019116
vn -0.616669 -0.783983 -0.071344
v -0.370272 -0.284825 0.338175
vn -0.816358 -0.395101 -0.421254
v -0.328844 -0.314541 -0.086070
vn -0.724848 -0.679127 0.115681
v -0.164957 -0.511683 0.412161
vn -0.721999 -0.685806 -0.091582
v -0.287006 -0.347539 0.282574
vn -0.612376 -0.104920 0.783574
v -0.245025 -0.468430 0.153103
vn -0.815195 -0.549939 0.181727
v -0.170645 -0.482398 0.250014
vn -0.802296 -0.591819 0.077925
v -0.111474 -0.549843 0.312739
vn -0.391117 -0.657623 0.643863
v -0.018478 -0.674512 0.394664
vn -0.991683 0.015886 -0.127718
v -0.346496 -0.730703 0.031441
vn -0.530143 -0.016878 0.847740
v -0.221044 -0.508867 0.168388
vn -0.734548 0.078331 0.674021
v -0.307202 -0.485047 0.113514
vn -0.672211 -0.721122 -0.167678
v -0.318266 -0.325954 0.337877
vn -0.725839 -0.662346 -0.185621
v -0.287686 -0.359266 0.346952
vn -0.471283 0.026409 0.881587
v -0.263991 -0.624345 0.149211
vn -0.632102 -0.768826 -0.096714
v -0.334326 -0.300097 0.282688
vn -0.512760 0.044392 0.857384
v -0.261571 -0.520406 0.145141
vn -0.538347 -0.156772 0.828013
v -0.313720 -0.305053 0.427499
vn -0.636937 0.392856 0.663307
v -0.169940 -0.844674 0.244129
vn -0.280744 -0.723946 0.630146
v -0.009879 -0.714145 0.356240
vn -0.488490 -0.004607 0.872558
v -0.236473 -0.717613 0.162645
vn -0.566748 -0.226867 0.792041
v -0.269204 -0.359631 0.445821
vn -0.376675 -0.656412 0.653636
v -0.037891 -0.642495 0.416598
vn -0.680879 0.074030 0.728644
v -0.134564 -0.811603 0.276965
vn -0.266317 -0.525112 0.808290
v -0.055385 -0.603736 0.439411
vn -0.840947 -0.057383 -0.538067
v -0.332381 -0.534971 -0.052605
vn -0.742219 -0.659922 -0.116680
v -0.147975 -0.512189 0.340604
vn -0.510868 -0.859644 0.005146
v -0.376319 -0.268862 0.249702
vn -0.525149 0.621254 0.581603
v -0.219950 -0.862581 0.217982
vn -0.826078 0.025202 -0.562993
v -0.318031 -0.724377 -0.064886
vn -0.094024 0.868544 0.486612
v 0.045682 0.735501 0.245814
vn -0.163299 0.961710 0.220107
v 0.031638 0.716562 0.305925
vn -0.462156 0.820632 0.336119
v -0.024748 0.694463 0.329227
vn 0.744574 0.487560 0.455956
v -0.095232 -0.307396 0.215944
vn 0.761610 0.557234 0.330819
v -0.092677 -0.323130 0.234448
vn 0.036250 0.187027 0.981686
v 0.113497 0.774582 0.220611
vn 0.233659 0.902603 0.361539
v 0.094168 0.720536 0.298348
vn 0.595705 0.643169 0.481112
v -0.195427 -0.323733 0.425664
vn 0.537415 0.736901 0.410076
v -0.297415 -0.184029 0.344489
vn 0.586286 0.681636 0.437768
v -0.258307 -0.232884 0.376960
vn -0.215870 0.123957 0.968522
v -0.098051 -0.778334 0.307261
vn -0.433802 -0.003899 0.901000
v -0.083251 -0.729518 0.295703
vn 0.308259 -0.105823 0.945398
v -0.045822 -0.784660 0.293687
vn -0.053461 -0.692118 0.719802
v -0.023595 -0.741457 0.310015
vn -0.411453 0.410248 0.813882
v -0.141285 -0.870169 0.285377
vn 0.576172 0.710458 0.404073
v -0.279528 -0.165546 0.288441
vn -0.854029 -0.349124 0.385676
v -0.299969 -0.913871 0.220695
vn 0.032653 0.919653 0.391372
v -0.365877 -0.142845 0.314396
vn 0.164754 0.448808 0.878309
v -0.223279 -0.327189 0.453821
vn 0.108216 0.818927 0.563603
v -0.347350 -0.163783 0.364197
vn -0.082797 0.251938 0.964195
v -0.269758 -0.300393 0.441377
vn -0.187556 -0.048336 0.981064
v -0.217815 -0.389507 0.461384
vn -0.350114 0.091631 0.932215
v -0.338316 -0.250164 0.415556
vn 0.517620 0.431895 0.738604
v -0.118248 -0.418899 0.452935
vn 0.312023 0.125637 0.941731
v -0.098082 -0.489794 0.469004
vn -0.227200 0.407915 0.884299
v -0.219029 -0.334830 0.457212
vn 0.124037 0.459932 0.879248
v -0.289393 -0.249602 0.428609
vn -0.160567 0.919554 0.358663
v -0.418102 -0.123606 0.285066
vn 0.080130 0.941943 0.326072
v -0.366181 -0.126391 0.263752
vn -0.654010 0.361360 0.664598
v -0.297183 -0.867439 0.148307
vn 0.293536 0.871369 0.393132
v -0.324724 -0.141548 0.303811
vn 0.060640 0.937620 0.342333
v -0.302742 -0.089813 0.142600
vn 0.122204 -0.880247 0.458510
v 0.033584 -0.732363 0.325623
vn -0.433924 0.680235 0.590754
v -0.205552 -0.883631 0.262281
vn 0.682721 0.634735 0.361944
v -0.144385 -0.367651 0.409689
vn 0.597943 -0.100882 0.795165
v -0.000085 -0.803971 0.262020
vn 0.195319 0.571811 0.796796
v -0.215018 -0.335832 0.458262
vn -0.192692 0.126484 0.973073
v -0.216737 -0.341372 0.459026
vn 0.261009 0.660387 0.704105
v -0.313655 -0.200285 0.397541
vn 0.373578 0.855132 0.359429
v -0.300462 -0.122739 0.242509
vn 0.637590 0.655112 0.405349
v -0.209402 -0.278997 0.374695
vn 0.703272 0.520130 0.484638
v -0.074805 -0.453515 0.418677
vn 0.008724 0.951050 0.308913
v -0.360018 -0.104770 0.214501
vn 0.533455 0.721991 0.440629
v -0.249658 -0.163568 0.236940
vn 0.601235 0.689967 0.403066
v -0.236472 -0.200106 0.282885
vn 0.662488 0.631327 0.403157
v -0.167385 -0.318755 0.371558
vn -0.439342 0.476557 0.761494
v -0.398003 -0.191249 0.378702
vn -0.502826 0.713956 0.487270
v -0.261661 -0.885889 0.212852
vn 0.624673 0.678154 0.387156
v -0.225086 -0.237622 0.331715
vn 0.317402 -0.710092 0.628510
v 0.055396 -0.712836 0.349138
vn -0.573081 0.464547 0.675111
v -0.252881 -0.850071 0.175902
vn 0.044458 0.224601 0.973436
v -0.082019 -0.879824 0.299185
vn -0.135240 -0.029985 0.990359
v -0.093654 -0.830286 0.310150
vn -0.228014 0.421473 0.877708
v -0.365530 -0.202382 0.396863
vn 0.249293 0.305733 0.918902
v -0.211007 -0.342947 0.459695
vn 0.748568 0.492812 0.443601
v -0.000973 -0.545915 0.409824
vn 0.370128 -0.697154 0.613989
v 0.016213 -0.754647 0.271536
vn 0.237516 0.924312 0.298720
v 0.070096 0.708361 0.355121
vn 0.401355 0.648878 0.646430
v 0.187246 -0.810679 -0.018304
vn 0.743555 0.523428 -0.416111
v 0.190302 -0.809915 -0.020835
vn 0.562369 0.610025 -0.558221
v 0.177600 -0.810440 -0.016059
vn 0.699976 0.551188 0.454121
v -0.120726 -0.289353 0.230103
vn 0.754810 0.320796 0.572147
v 0.004242 -0.422738 0.109617
vn 0.728573 0.635843 0.254725
v 0.193388 -0.466827 -0.069383
vn 0.718671 0.583863 0.377646
v 0.204678 -0.451825 -0.126233
vn 0.858291 0.431712 0.277419
v 0.112208 -0.645915 0.243347
vn 0.981965 -0.148811 -0.116621
v 0.293808 -0.616780 -0.129355
vn 0.885011 0.356619 0.299297
v 0.281042 -0.584385 -0.092793
vn 0.792800 -0.300837 0.530062
v 0.212239 -0.726443 0.150441
vn 0.793854 0.581199 0.178897
v 0.036014 -0.509684 0.227182
vn 0.681365 0.630748 0.371348
v 0.160767 -0.423047 -0.089919
vn 0.651567 0.658522 0.376575
v -0.178165 -0.278296 0.325022
vn 0.819277 0.563221 0.107558
v -0.017059 -0.432481 0.200542
vn 0.857387 0.485960 0.169502
v -0.043087 -0.391478 0.204595
vn 0.800011 0.568764 0.191023
v -0.039588 -0.410819 0.251903
vn 0.699324 0.607316 0.376979
v -0.126168 -0.356505 0.358254
vn 0.961725 -0.115276 0.248588
v 0.167325 -0.834067 0.029968
vn 0.792710 0.434699 0.427372
v 0.114993 -0.868672 0.151052
vn 0.470015 0.745101 0.473191
v 0.130226 -0.450011 0.001753
vn 0.403720 0.745412 0.530445
v 0.157247 -0.471367 0.024291
vn 0.700646 0.657987 0.275952
v 0.194883 -0.481174 -0.010678
vn 0.732526 0.591060 0.337719
v 0.145533 -0.377845 -0.136208
vn 0.772751 0.416627 0.478830
v 0.096263 -0.418290 0.002782
vn 0.673521 0.662993 0.326819
v 0.067275 -0.514007 0.147171
vn 0.755120 0.635766 0.159983
v 0.021089 -0.480238 0.184817
vn 0.797501 0.559912 0.224702
v -0.003822 -0.444704 0.155695
vn 0.729265 0.597213 0.333930
v -0.111539 -0.323835 0.278986
vn 0.588427 -0.607339 -0.533754
v 0.259360 -0.673036 -0.139158
vn 0.893911 -0.370651 -0.252073
v 0.280465 -0.676271 -0.093303
vn 0.753690 0.449222 0.479741
v 0.217741 -0.645609 0.084587
vn 0.817892 0.378856 0.433037
v 0.246134 -0.650636 0.041044
vn 0.639715 -0.190129 0.744726
v 0.036184 -0.802335 0.232221
vn 0.491734 0.688808 0.532674
v 0.076698 -0.890704 0.237314
vn 0.709854 0.318215 0.628368
v 0.074969 -0.848976 0.197352
vn 0.409492 -0.730447 0.546593
v 0.063527 -0.758152 0.236704
vn 0.404421 -0.305923 0.861890
v 0.022955 -0.643801 0.412413
vn 0.319565 -0.381242 0.867486
v -0.001049 -0.604726 0.435242
vn 0.302877 -0.082369 0.949464
v 0.003591 -0.589396 0.440451
vn 0.638575 0.537134 0.551098
v 0.135812 -0.569508 0.121396
vn 0.692027 0.458348 0.557687
v 0.178072 -0.601456 0.099955
vn 0.679260 0.173493 0.713096
v -0.022234 -0.365684 0.111480
vn 0.769115 0.564635 0.299415
v -0.078499 -0.368438 0.275462
vn 0.991782 0.068438 0.108098
v 0.293524 -0.660779 -0.039712
vn 0.900545 0.096935 0.423818
v 0.256282 -0.694050 0.066629
vn 0.674821 -0.614766 0.408265
v 0.137313 -0.777593 0.124225
vn 0.973458 0.051502 -0.222996
v 0.162898 -0.890162 0.010032
vn 0.617186 0.676303 0.402113
v 0.113861 -0.890339 0.200862
vn 0.654746 0.384815 0.650558
v 0.044578 -0.453451 0.067276
vn 0.788621 -0.093308 0.607759
v 0.008987 -0.590255 0.437156
vn 0.568829 0.233920 0.788489
v 0.006456 -0.588298 0.439018
vn 0.449174 -0.296886 0.842675
v 0.005645 -0.590781 0.439209
vn 0.805060 0.222700 0.549803
v 0.020499 -0.588453 0.416195
vn 0.771620 0.534941 0.344152
v -0.006574 -0.501696 0.362788
vn 0.737203 0.574197 0.356132
v -0.037418 -0.461018 0.365791
vn 0.920550 -0.239427 0.308646
v 0.188201 -0.813735 -0.018304
vn 0.801517 0.579977 0.145591
v 0.000698 -0.463844 0.244474
vn 0.828745 0.495567 0.259990
v 0.057259 -0.572792 0.309461
vn 0.819232 0.532575 0.212657
v 0.048913 -0.543426 0.273751
vn 0.517430 0.703465 0.487241
v 0.077619 -0.495042 0.091180
vn 0.770980 -0.333813 -0.542364
v 0.171789 -0.839970 -0.015981
vn 0.780621 0.578892 0.235616
v -0.016314 -0.459808 0.306023
vn 0.754443 0.357069 0.550742
v 0.209442 -0.601194 0.058827
vn 0.710752 0.473099 0.520585
v 0.193924 -0.650548 0.125675
vn 0.733540 0.350078 0.582550
v 0.177270 -0.682754 0.173705
vn 0.820361 0.271945 0.503045
v 0.220496 -0.689075 0.121792
vn 0.706439 0.614023 0.352023
v -0.071479 -0.419134 0.362152
vn 0.742442 0.611124 0.274423
v -0.054378 -0.417062 0.317330
vn 0.734491 -0.601225 0.314724
v 0.235953 -0.738684 0.088740
vn 0.515081 -0.855629 0.050898
v 0.207978 -0.754695 0.035636
vn 0.805600 0.298264 -0.511906
v 0.141528 -0.894184 -0.027490
vn 0.654570 0.469772 0.592327
v 0.195335 -0.516062 0.040910
vn 0.627268 0.581733 0.517805
v -0.183250 -0.228376 0.245206
vn 0.690363 0.109466 0.715134
v -0.064229 -0.277518 0.151517
vn 0.509402 -0.717167 0.475585
v 0.083477 -0.726941 0.310476
vn 0.693921 0.488034 0.529430
v 0.153677 -0.627238 0.154900
vn 0.818942 0.509640 0.263822
v -0.069753 -0.355322 0.227494
vn 0.865965 0.335033 0.371292
v -0.055652 -0.348549 0.170752
vn 0.859328 0.437539 0.264792
v -0.029030 -0.404508 0.159959
vn 0.641810 0.460104 0.613502
v -0.140718 -0.240395 0.212102
vn 0.691707 0.620903 0.368810
v -0.138439 -0.314901 0.319204
vn 0.841988 0.331527 0.425612
v 0.235068 -0.593519 0.013740
vn 0.834285 0.430191 0.344826
v 0.122626 -0.375756 -0.089356
vn 0.475544 -0.843932 0.248269
v 0.190614 -0.756335 0.106627
vn 0.854292 0.153318 0.496667
v 0.143096 -0.696183 0.230791
vn 0.890879 0.396920 0.220884
v 0.273666 -0.522414 -0.155562
vn 0.790526 0.495263 0.360254
v 0.254301 -0.539804 -0.096020
vn 0.624700 -0.035044 0.780078
v -0.033956 -0.314223 0.115868
vn 0.788892 0.105338 0.605437
v 0.069069 -0.407554 0.040761
vn 0.691959 0.650454 0.313212
v 0.032038 -0.475237 0.123858
vn 0.614797 -0.039237 0.787709
v 0.031861 -0.388270 0.087766
vn 0.895542 -0.046418 0.442550
v 0.138420 -0.828694 0.096479
vn 0.792226 -0.535928 0.291820
v 0.164750 -0.784939 0.065291
vn 0.539318 -0.699856 0.468335
v 0.110118 -0.769892 0.185267
vn 0.557086 0.765583 0.321772
v 0.162921 -0.452848 -0.031869
vn 0.762330 0.550418 0.340431
v 0.231636 -0.499205 -0.107948
vn 0.809126 -0.564375 -0.163695
v 0.180752 -0.826533 -0.015916
vn 0.803078 0.267602 0.532405
v 0.214620 -0.560800 0.036727
vn 0.447699 -0.881181 -0.151942
v 0.239149 -0.746006 -0.031324
vn 0.832861 0.502762 0.231460
v 0.224665 -0.516056 -0.054743
vn 0.872765 0.395359 0.286308
v 0.224388 -0.534366 -0.007217
vn 0.837480 0.420073 0.349522
v 0.251284 -0.576283 -0.043143
vn 0.784331 0.466877 0.408475
v 0.114004 -0.606832 0.192885
vn 0.727069 0.599340 0.334906
v -0.100046 -0.368720 0.325682
vn 0.940493 -0.091956 0.327135
v 0.082306 -0.357932 0.007669
vn 0.943936 0.248505 0.217326
v 0.153039 -0.878396 0.069503
vn 0.588779 -0.640474 0.493085
v 0.124895 -0.738912 0.244755
vn 0.160992 -0.657869 0.735725
v 0.024115 -0.694754 0.377137
vn 0.681070 0.615938 0.395934
v 0.185134 -0.412935 -0.149046
vn 0.791092 0.545471 0.276830
v 0.074602 -0.559681 0.216062
vn 0.698750 -0.262681 0.665393
v 0.074514 -0.800488 0.196848
vn 0.711070 0.430690 0.555774
v 0.000608 -0.574631 0.435588
vn 0.407171 0.191924 0.892960
v -0.024285 -0.555950 0.451476
vn 0.648986 0.658955 0.380257
v -0.201165 -0.237552 0.291056
vn 0.810415 -0.556541 -0.183002
v 0.275886 -0.707983 -0.051580
vn 0.641637 -0.351245 0.681857
v 0.073700 -0.306690 0.078218
vn 0.778545 -0.242422 0.578878
v 0.066328 -0.349649 0.062092
vn 0.623137 0.388331 0.678895
v 0.178396 -0.558935 0.071100
vn 0.831167 0.349789 0.432215
v 0.267466 -0.637824 -0.007525
vn 0.936963 -0.287168 0.199087
v 0.282677 -0.706158 0.001807
vn 0.940927 -0.067252 0.331864
v 0.181563 -0.818773 -0.008037
vn 0.706150 -0.443733 0.551772
v 0.164037 -0.735078 0.202893
vn 0.932636 0.312158 0.180961
v 0.286698 -0.563062 -0.133494
vn 0.760990 0.450855 0.466503
v 0.133389 -0.650338 0.200947
vn 0.590436 0.640648 0.490872
v 0.100280 -0.528784 0.116131
vn 0.454439 0.592328 0.665306
v 0.136360 -0.518402 0.074638
vn 0.458381 -0.831286 0.314405
v 0.164784 -0.751516 0.162894
vn 0.971425 -0.211165 0.108366
v 0.104077 -0.308313 -0.034837
vn 0.362762 0.819796 -0.443100
v 0.213275 0.936952 -0.160336
vn 0.191200 0.634380 -0.749003
v 0.000912 0.192912 -0.369805
vn 0.623364 0.775646 -0.098949
v 0.251134 0.915091 -0.042967
vn 0.969469 0.011910 -0.244923
v 0.268128 -0.430896 -0.292132
vn 0.290496 -0.376179 -0.879830
v 0.157067 0.945977 0.168646
vn 0.610206 0.388836 -0.690257
v 0.152005 0.947935 0.166974
vn 0.519141 -0.672672 -0.527261
v 0.151766 0.948747 0.166401
vn 0.686487 0.679171 -0.259734
v 0.245026 -0.295816 -0.351566
vn 0.782974 0.537624 0.312908
v 0.247223 -0.297535 -0.349417
vn 0.930724 0.364398 -0.031090
v 0.247748 -0.297296 -0.350133
vn 0.839442 0.033748 -0.542401
v 0.246745 -0.299875 -0.350897
vn 0.741754 0.525394 0.416848
v 0.197801 -0.233365 -0.381089
vn 0.956492 0.249660 0.150974
v 0.205010 -0.237033 -0.389529
vn 0.499103 -0.314221 -0.807565
v 0.201717 -0.397160 -0.377226
vn 0.355048 0.655258 0.666767
v 0.167483 -0.306692 -0.279851
vn 0.478648 0.653563 0.586303
v 0.197345 -0.349993 -0.252582
vn 0.775022 0.621331 -0.115276
v 0.204771 -0.236269 -0.390006
vn 0.500349 0.834589 -0.230462
v 0.200521 -0.234073 -0.389338
vn 0.628591 0.419521 -0.654885
v 0.203959 -0.237081 -0.391104
vn 0.923402 0.345987 0.166200
v 0.118582 -0.337593 -0.130181
vn 0.919892 -0.215788 -0.327466
v 0.272432 -0.534104 -0.229476
vn 0.959139 0.282881 0.005479
v 0.252683 -0.312993 -0.339544
vn 0.767678 -0.104129 -0.632320
v 0.242440 -0.340525 -0.355447
vn 0.517385 0.756058 0.400861
v 0.144539 -0.334511 -0.229983
vn 0.989578 0.022685 -0.142203
v 0.281676 -0.474419 -0.251557
vn 0.906305 0.307422 0.290006
v 0.271095 -0.480835 -0.199675
vn 0.711396 -0.237742 -0.661358
v 0.232558 -0.477381 -0.322196
vn 0.749660 0.442062 0.492536
v 0.245944 -0.376160 -0.268874
vn 0.796920 0.476551 0.371239
v 0.255435 -0.429110 -0.229692
vn 0.988044 0.148377 -0.041869
v 0.264032 -0.359505 -0.317295
vn 0.691235 0.631161 0.351895
v 0.246315 -0.298156 -0.346265
vn 0.679675 0.297025 -0.670685
v 0.188081 -0.245322 -0.412378
vn 0.872662 0.207619 -0.441991
v 0.206649 -0.267950 -0.393650
vn 0.798805 0.581717 0.153351
v 0.124465 -0.329674 -0.188280
vn 0.059895 -0.660290 -0.748619
v 0.110952 -0.397671 -0.408318
vn 0.287104 -0.246590 -0.925616
v 0.057789 -0.284154 -0.484450
vn -0.123585 -0.579615 -0.805464
v 0.044658 -0.331057 -0.466887
vn 0.637537 -0.215789 -0.739582
v 0.228903 -0.460738 -0.329847
vn 0.362985 -0.386177 -0.848003
v 0.156882 -0.372484 -0.406778
vn 0.341409 -0.365562 -0.865912
v 0.094264 -0.320924 -0.455935
vn 0.614040 0.670922 0.415715
v 0.174731 -0.375028 -0.193557
vn 0.541715 -0.165012 -0.824206
v 0.155735 -0.290734 -0.434337
vn 0.718567 -0.228870 -0.656719
v 0.238450 -0.406864 -0.341443
vn 0.418390 -0.125099 -0.899611
v 0.106139 -0.255889 -0.471066
vn 0.396501 -0.319829 -0.860521
v 0.137979 -0.334417 -0.433407
vn 0.598673 0.602238 0.528110
v 0.218838 -0.389633 -0.227687
vn 0.591890 -0.158905 -0.790200
v 0.195916 -0.329999 -0.400185
vn 0.510049 0.704361 0.493686
v 0.176909 -0.237149 -0.347105
vn 0.597659 0.536772 0.595551
v 0.232774 -0.322885 -0.299603
vn 0.766844 0.415064 -0.489564
v 0.234558 -0.293669 -0.366225
vn 0.407907 -0.511183 -0.756508
v 0.228083 -0.497354 -0.318847
vn 0.678558 0.575227 0.456807
v 0.222292 -0.432161 -0.180849
vn 0.518036 0.850259 -0.093265
v 0.125309 -0.183439 -0.426859
vn 0.792783 -0.170393 -0.585202
v 0.031526 -0.015607 -0.498356
vn 0.830161 -0.327993 0.450835
v 0.032816 -0.011452 -0.497687
vn 0.942400 -0.333582 -0.024595
v 0.030906 -0.016562 -0.498260
vn 0.297042 0.948900 0.106562
v 0.035299 -0.003478 -0.496684
vn 0.276540 -0.462867 -0.842188
v 0.220625 -0.483577 -0.329433
vn 0.483935 0.619142 -0.618442
v 0.101882 -0.181673 -0.470764
vn 0.237767 -0.517653 -0.821890
v 0.204382 -0.464636 -0.344375
vn -0.049144 -0.286948 -0.956685
v 0.001630 -0.233743 -0.513039
vn 0.786129 -0.316187 -0.531062
v 0.252449 -0.499475 -0.280356
vn 0.278698 -0.460133 -0.842974
v 0.109241 -0.362538 -0.428379
vn 0.239315 -0.459698 -0.855223
v 0.216852 -0.478420 -0.333324
vn 0.351949 0.801245 -0.483879
v 0.231866 0.918735 -0.175456
vn 0.541377 -0.238144 -0.806349
v 0.223605 -0.473844 -0.330390
vn 0.973099 0.111700 0.201498
v 0.109060 -0.339967 -0.077169
vn 0.925534 0.334687 -0.177119
v 0.054782 -0.154040 -0.473142
vn -0.173983 0.028747 -0.984329
v -0.112824 -0.681073 -0.218374
vn 0.185467 0.015754 -0.982524
v -0.094253 -0.868459 -0.218337
vn 0.109881 -0.040871 -0.993104
v -0.095399 -0.868316 -0.218433
vn 0.761457 0.453798 -0.462872
v 0.161460 0.941011 0.172036
vn 0.259512 -0.468568 -0.844451
v 0.161508 0.942300 0.172514
vn 0.336193 0.850491 -0.404524
v 0.193507 0.959506 -0.129262
vn 0.634063 -0.771905 0.046114
v 0.369385 0.175484 0.013662
vn 0.450400 -0.355186 -0.819135
v -0.085060 -0.874643 -0.214087
vn 0.287624 -0.954934 -0.073299
v -0.052088 -0.478945 -0.225643
vn 0.604443 -0.234706 -0.761289
v -0.056427 -0.514871 -0.227117
vn 0.291263 -0.113515 -0.949884
v 0.250040 0.011373 0.065549
vn -0.156256 0.442998 -0.882801
v 0.239009 0.015814 0.066838
vn -0.004183 -0.518932 -0.854805
v 0.249133 0.023980 0.064451
vn 0.251660 0.321333 -0.912914
v 0.095869 0.177160 -0.301345
vn 0.579166 -0.050972 -0.813615
v 0.172640 0.108503 -0.267596
vn 0.474803 -0.313067 -0.822527
v 0.021070 -0.036402 -0.267048
vn 0.558226 0.113204 -0.821929
v -0.058636 -0.883343 -0.191546
vn 0.266262 -0.074796 -0.960994
v 0.032836 0.252821 -0.309513
vn 0.669439 0.380217 -0.638190
v 0.100785 -0.878513 -0.068602
vn 0.623749 0.206563 -0.753836
v 0.002279 -0.838619 -0.129158
vn 0.473414 0.529160 -0.704179
v 0.041722 -0.888492 -0.132355
vn 0.009248 -0.609121 -0.793024
v 0.069948 -0.672262 -0.115886
vn 0.568363 -0.137550 -0.811199
v -0.015545 -0.618589 -0.171181
vn 0.172384 -0.471460 -0.864876
v 0.148662 0.443052 -0.370619
vn 0.424735 -0.553539 -0.716376
v 0.185384 0.447015 -0.354526
vn 0.549184 -0.605552 -0.575937
v 0.126795 -0.031524 -0.217787
vn 0.072974 -0.787701 -0.611721
v -0.048076 -0.482431 -0.211557
vn 0.242652 -0.351560 -0.904171
v 0.182933 0.394259 -0.319409
vn 0.183541 0.034907 -0.982392
v 0.076687 0.206524 -0.297244
vn 0.436824 -0.772326 -0.461191
v 0.244921 -0.720472 -0.095021
vn 0.508817 -0.473375 -0.719042
v 0.182948 -0.821471 -0.018781
vn 0.192557 -0.229433 -0.954087
v 0.179271 -0.823047 -0.018877
vn 0.498902 0.415812 -0.760393
v -0.009531 -0.888312 -0.157559
vn 0.591417 0.591004 0.548581
v 0.410821 0.597291 -0.051396
vn 0.966508 0.249046 0.061951
v 0.414641 0.594999 -0.051635
vn 0.347062 0.087840 -0.933719
v 0.084690 0.135212 -0.316934
vn 0.737785 -0.447336 -0.505533
v 0.034677 0.050031 -0.318521
vn 0.538920 0.021089 -0.842093
v 0.064720 -0.788234 -0.073776
vn 0.415439 -0.053830 -0.908027
v 0.146916 0.197022 -0.276314
vn 0.956552 -0.274883 -0.097195
v 0.029138 0.074550 -0.365701
vn -0.213940 -0.446881 -0.868635
v -0.104949 -0.880302 -0.218337
vn 0.438638 0.032326 -0.898082
v -0.090706 -0.751796 -0.216688
vn -0.097261 -0.328054 -0.939639
v 0.115713 0.443291 -0.372290
vn -0.119897 -0.705497 -0.698498
v 0.183754 -0.608746 -0.211059
vn -0.469620 -0.143560 -0.871118
v -0.050273 -0.185079 -0.513541
vn 0.370040 0.039384 -0.928181
v 0.051021 -0.215245 -0.493281
vn 0.646006 -0.393720 -0.653958
v 0.232467 0.498827 -0.322294
vn 0.505301 -0.140402 -0.851445
v 0.209642 0.479773 -0.362310
vn 0.687335 -0.068480 -0.723106
v 0.229029 0.018822 0.071900
vn 0.594676 0.585503 -0.550951
v 0.236574 0.011182 0.062206
vn 0.834113 -0.482937 -0.266509
v 0.395827 0.227165 -0.041655
vn 0.440601 -0.295474 -0.847683
v 0.393344 0.226353 -0.041798
vn 0.746372 0.104199 -0.657321
v 0.392866 0.231224 -0.042466
vn 0.127340 -0.108943 -0.985858
v 0.027569 0.317770 -0.318684
vn 0.061417 -0.161353 -0.984984
v 0.080354 0.340589 -0.317458
vn 0.183413 -0.168272 -0.968527
v 0.124788 0.293804 -0.306327
vn 0.226044 0.162613 -0.960449
v 0.048908 0.053490 -0.484603
vn -0.229047 -0.658939 -0.716475
v 0.160022 -0.666881 -0.147985
vn -0.130080 -0.660002 -0.739916
v 0.201277 -0.644706 -0.180294
vn -0.209421 -0.021489 -0.977589
v -0.019807 0.334679 -0.327093
vn 0.003421 -0.305522 -0.952179
v 0.066068 0.401010 -0.329610
vn 0.072038 -0.164028 -0.983822
v 0.026578 0.374483 -0.325675
vn -0.321635 -0.580935 -0.747706
v 0.079995 -0.605250 -0.181711
vn -0.221558 -0.708500 -0.670029
v 0.126935 -0.603722 -0.202245
vn -0.140095 0.251516 -0.957660
v 0.001999 -0.073802 -0.504091
vn 0.539481 -0.023109 -0.841681
v 0.036745 -0.032714 -0.490949
vn 0.775207 -0.248885 -0.580612
v 0.221484 0.470844 -0.331247
vn -0.201179 -0.730918 -0.652140
v 0.168587 -0.702567 -0.117218
vn 0.011985 -0.732088 -0.681105
v 0.209587 -0.691145 -0.140188
vn -0.258531 -0.289356 -0.921648
v 0.013524 0.451409 -0.365461
vn 0.639910 0.174863 -0.748290
v 0.052442 0.066575 -0.480353
vn -0.013568 0.093884 -0.995491
v 0.024769 -0.032678 -0.500266
vn 0.471459 0.565022 -0.677109
v 0.053316 0.081445 -0.475438
vn 0.389239 -0.614643 -0.686081
v 0.239715 -0.600387 -0.219207
vn -0.112177 -0.248437 -0.962131
v 0.065908 0.452650 -0.364984
vn 0.310585 -0.292448 -0.904440
v 0.111345 -0.763817 -0.048755
vn 0.630690 -0.184996 -0.753662
v 0.251717 0.166479 -0.209158
vn 0.697923 -0.463900 -0.545619
v 0.267926 -0.625492 -0.173786
vn -0.036703 -0.716077 -0.697056
v 0.145613 -0.735743 -0.066177
vn -0.203033 -0.693570 -0.691186
v 0.118408 -0.691019 -0.111368
vn 0.503818 -0.182197 -0.844377
v 0.149265 -0.793863 -0.026744
vn -0.303263 -0.542800 -0.783198
v 0.053577 -0.607687 -0.166400
vn 0.232660 0.599862 -0.765529
v 0.011327 0.159930 -0.393349
vn 0.273489 -0.246400 -0.929780
v 0.129603 0.235576 -0.295946
vn 0.070670 0.193017 -0.978647
v 0.034057 -0.007202 -0.496971
vn 0.013943 -0.869402 -0.493908
v 0.198661 -0.735570 -0.082844
vn 0.819628 -0.402775 0.407410
v 0.009094 -0.005036 -0.413621
vn -0.121364 -0.051703 -0.991261
v -0.099693 -0.629067 -0.220777
vn 0.234743 -0.659084 -0.714495
v 0.235410 -0.654186 -0.175285
vn 0.022546 -0.584217 -0.811285
v 0.123338 0.419792 -0.337921
vn 0.994889 0.066934 -0.075598
v 0.064319 -0.022459 -0.474355
vn -0.198887 -0.662741 -0.721955
v 0.095889 -0.645824 -0.144772
vn 0.637112 -0.092146 -0.765243
v 0.219783 0.122644 -0.238776
vn 0.423251 0.082133 -0.902282
v 0.025852 -0.172280 -0.499999
vn 0.144399 0.089000 -0.985509
v -0.013204 -0.170422 -0.511496
vn 0.381398 -0.067216 -0.921964
v -0.089931 -0.866716 -0.217287
vn 0.597059 -0.159354 -0.786210
v -0.056904 -0.592797 -0.207043
vn 0.578142 0.364118 -0.730185
v 0.061229 -0.859345 -0.093755
vn 0.059006 -0.164577 -0.984598
v -0.083373 -0.588149 -0.229965
vn 0.653011 0.050716 -0.755648
v 0.043980 -0.091336 -0.248048
vn 0.287182 -0.531646 -0.796793
v 0.127975 0.013328 -0.269456
vn 0.728793 0.006370 -0.684705
v -0.012264 -0.788868 -0.141331
vn 0.609057 -0.079491 -0.789133
v 0.026986 -0.753782 -0.101820
vn 0.457476 0.889076 -0.016142
v 0.413591 0.597148 -0.051205
vn 0.697078 -0.012682 -0.716883
v -0.048321 -0.782508 -0.184643
vn 0.598365 -0.044337 -0.799996
v -0.055445 -0.715075 -0.194929
vn 0.525364 -0.287321 -0.800900
v 0.023541 -0.700122 -0.113772
vn 0.709742 0.052031 -0.702538
v -0.039262 -0.841166 -0.171199
vn 0.961341 -0.239787 -0.135376
v 0.174043 -0.792024 0.003268
vn 0.901645 0.143117 -0.408109
v 0.034070 0.112331 -0.353524
vn 0.356098 -0.253118 -0.899514
v 0.125740 0.082840 -0.296494
vn 0.357415 -0.432730 -0.827647
v 0.071872 -0.020848 -0.251595
vn 0.942488 -0.076444 -0.325381
v 0.287214 -0.571557 -0.183766
vn 0.650577 -0.024608 -0.759041
v 0.131442 -0.858148 -0.034319
vn 0.606972 -0.531956 -0.590430
v 0.280697 0.020494 0.067459
vn 0.116071 -0.170324 -0.978528
v 0.091757 0.249590 -0.305501
vn 0.259283 -0.257322 -0.930891
v 0.166840 0.322292 -0.302816
vn 0.415459 -0.808190 -0.417400
v 0.184215 -0.760259 -0.025839
vn 0.658757 -0.319617 -0.681091
v 0.094633 -0.077833 -0.215999
vn 0.780834 0.401615 0.478543
v 0.056835 0.006932 -0.465454
vn 0.887834 0.428777 -0.167037
v 0.054065 0.011421 -0.466553
vn 0.089693 -0.229904 -0.969072
v 0.119273 0.355119 -0.318550
vn 0.550360 0.440474 -0.709286
v 0.038206 0.160199 -0.321232
vn 0.806658 -0.432658 -0.402628
v -0.016763 -0.024715 -0.301420
vn 0.917821 -0.312701 0.244588
v 0.023120 0.038452 -0.390102
vn 0.980002 -0.024165 -0.197516
v 0.066770 -0.090552 -0.482216
vn -0.363450 -0.355148 -0.861263
v -0.000086 0.436367 -0.341705
vn 0.892244 0.420897 0.163541
v 0.059318 0.005213 -0.467603
vn -0.058944 -0.325947 -0.943549
v 0.012083 -0.576809 -0.166964
vn 0.582063 -0.701964 0.410426
v -0.051180 -0.483912 -0.249615
vn 0.826133 -0.166951 -0.538174
v 0.098247 -0.134460 -0.183377
vn 0.556023 0.094122 -0.825820
v 0.096365 -0.818971 -0.059469
vn 0.934493 0.022471 0.355271
v 0.053206 0.016865 -0.460488
vn 0.204752 0.030173 -0.978349
v 0.004500 -0.114135 -0.501194
vn 0.998350 -0.055413 -0.015027
v 0.054188 0.045328 -0.469682
vn 0.790335 0.185469 -0.583928
v 0.052566 0.006914 -0.475950
vn 0.638038 -0.003532 -0.769997
v -0.067442 -0.837732 -0.203418
vn 0.076097 -0.532174 -0.843208
v -0.010209 -0.545846 -0.173594
vn 0.575014 0.065743 -0.815498
v 0.167070 0.151332 -0.265623
vn 0.228078 -0.433827 -0.871651
v 0.027996 -0.641703 -0.138012
vn 0.051741 -0.020768 -0.998445
v -0.100955 -0.802876 -0.223261
vn 0.736358 -0.068557 -0.673109
v -0.016816 -0.741464 -0.146921
vn 0.674416 -0.174398 -0.717459
v -0.014454 -0.681924 -0.157121
vn 0.507976 -0.125819 -0.852133
v 0.208285 0.176902 -0.246930
vn 0.558328 -0.518092 -0.647959
v 0.032200 0.003614 -0.289345
vn 0.638134 0.123323 -0.759984
v -0.000630 -0.070444 -0.276358
vn 0.518485 -0.359874 -0.775671
v 0.068152 0.087017 -0.311537
vn 0.200938 -0.496341 -0.844553
v 0.083226 -0.715248 -0.078654
vn 0.883739 -0.463634 -0.063631
v 0.005407 0.014788 -0.351103
vn 0.752385 0.017465 0.658493
v 0.054209 0.006884 -0.463449
vn 0.285381 -0.444478 -0.849116
v 0.076509 0.045417 -0.282547
vn 0.073856 0.372314 -0.925164
v -0.014262 0.223577 -0.345307
vn 0.616045 -0.239036 -0.750567
v 0.212297 0.069667 -0.231700
vn -0.075335 -0.681385 -0.728038
v 0.061665 0.442474 -0.349804
vn -0.515614 0.270261 -0.813081
v -0.051324 -0.119802 -0.506903
vn 0.307153 -0.925803 0.220329
v -0.051801 -0.482002 -0.243885
vn 0.131355 -0.051241 -0.990010
v 0.051534 0.454895 -0.367324
vn -0.148581 0.034858 -0.988286
v -0.110879 -0.752794 -0.222810
vn 0.842324 0.434278 -0.319207
v 0.186423 0.964818 -0.042550
vn 0.970410 -0.154965 -0.185177
v 0.270358 0.760820 -0.216294
vn 0.675067 -0.545173 0.497062
v 0.155730 0.948651 0.161674
vn 0.541248 -0.753529 0.373157
v 0.151766 0.949320 0.164778
vn 0.916715 0.343207 0.204553
v 0.151527 0.948460 0.165399
vn 0.726521 -0.032424 -0.686379
v 0.310658 0.570684 -0.260812
vn 0.953215 0.284495 -0.102200
v 0.401188 0.635341 -0.011419
vn 0.941292 0.152029 0.301425
v 0.413257 0.592373 -0.049295
vn 0.980764 0.041614 -0.190712
v 0.413877 0.588648 -0.054022
vn 0.811444 0.380888 0.443264
v 0.238148 0.892089 0.107066
vn 0.813145 0.564009 0.143839
v 0.241785 0.928667 0.050579
vn 0.351327 -0.841009 0.411428
v 0.162606 0.949320 0.156182
vn 0.892891 0.358652 -0.272240
v 0.319693 0.809245 -0.133066
vn 0.761381 -0.601679 -0.241415
v 0.181683 0.979356 -0.049581
vn 0.915658 0.038256 -0.400133
v 0.379132 0.523616 -0.140339
vn 0.998355 -0.049426 -0.029069
v 0.179797 0.978162 -0.063048
vn 0.945523 0.212777 -0.246400
v 0.394179 0.624961 -0.060739
vn 0.815378 0.444375 0.371066
v 0.301195 0.809885 0.019312
vn 0.918130 0.282645 -0.277757
v 0.274179 0.713511 -0.240761
vn 0.861192 -0.063271 -0.504327
v 0.325066 0.479152 -0.236363
vn 0.972853 0.170601 -0.156373
v 0.370948 0.729421 -0.026374
vn 0.900627 0.416034 -0.125644
v 0.372667 0.724455 -0.025132
vn 0.980775 0.147186 -0.128125
v 0.369898 0.727273 -0.027759
vn 0.758795 0.649528 0.048407
v 0.292036 0.882560 -0.043787
vn 0.414896 -0.321743 -0.851083
v 0.253048 0.514012 -0.322532
vn 0.884286 0.154159 -0.440765
v 0.392768 0.571364 -0.096793
vn 0.639554 0.725126 0.255271
v 0.175188 0.950128 0.146133
vn 0.709159 -0.697414 -0.103474
v 0.238102 0.025221 0.057383
vn 0.437614 -0.886879 -0.148122
v 0.265786 -0.004060 0.086153
vn 0.805787 0.477165 0.350742
v 0.286314 0.858372 -0.009946
vn 0.733562 0.659190 -0.165395
v 0.224453 0.943451 -0.012236
vn 0.782673 0.413387 0.465332
v 0.355563 0.776182 -0.007196
vn 0.914157 0.400124 -0.064952
v 0.365950 0.770874 -0.053136
vn 0.914777 0.244943 -0.321226
v 0.267660 0.541230 -0.318378
vn 0.890773 0.424109 -0.163265
v 0.262503 0.553837 -0.321816
vn 0.895661 0.369425 0.247624
v 0.373336 0.724121 -0.033537
vn 0.940145 0.216181 0.263426
v 0.371187 0.729135 -0.031961
vn 0.971793 0.234484 -0.025211
v 0.411255 0.590792 -0.033983
vn 0.924583 -0.032977 -0.379551
v 0.404412 0.504607 -0.091702
vn 0.412459 0.591266 0.693024
v 0.164325 0.946598 0.155036
vn 0.686756 0.097511 0.720318
v 0.159024 0.948126 0.158188
vn 0.863662 -0.179710 -0.470948
v 0.337653 0.304556 -0.133771
vn 0.916730 -0.314949 -0.245790
v 0.400042 0.400246 -0.050749
vn 0.915699 -0.389475 0.099015
v 0.388596 0.207118 0.004408
vn 0.817682 -0.575618 -0.007785
v 0.234692 0.026519 -0.092708
vn 0.694691 -0.613600 -0.375365
v 0.166523 -0.025681 -0.160287
vn 0.835734 -0.299980 -0.459957
v 0.387323 0.202342 -0.046888
vn 0.911740 -0.346446 -0.220694
v 0.235892 0.035734 -0.009854
vn 0.829244 -0.504265 0.240979
v 0.236487 0.052772 -0.059562
vn 0.443745 -0.331144 -0.832727
v 0.243975 0.026176 0.062063
vn 0.699005 0.696576 0.161783
v 0.160839 0.940868 0.167786
vn 0.902902 -0.140159 -0.406355
v 0.366449 0.313983 -0.086118
vn 0.981389 0.183635 0.056164
v 0.395588 0.227833 -0.040843
vn 0.765398 -0.322538 -0.556897
v 0.296272 0.168058 -0.177407
vn 0.796149 -0.179859 -0.577752
v 0.270621 0.527191 -0.320288
vn 0.892040 -0.137188 -0.430633
v 0.333463 0.222772 -0.148285
vn 0.872631 -0.411447 -0.263110
v 0.313733 0.172027 -0.126884
vn 0.984394 -0.121446 0.127352
v 0.386377 0.239356 0.037477
vn 0.807218 -0.558189 0.191897
v 0.273544 0.068470 -0.080091
vn 0.479584 -0.210016 -0.851993
v 0.229669 0.446733 -0.316967
vn 0.612441 0.685991 0.392850
v 0.217883 0.941376 0.097958
vn 0.744688 -0.483198 0.460391
v 0.185145 0.918329 0.227190
vn 0.805611 0.583551 0.102272
v 0.261986 0.898774 0.000937
vn 0.813132 -0.360325 -0.457146
v 0.167778 -0.070063 -0.116912
vn 0.828300 0.480108 -0.288818
v 0.340991 0.790194 -0.086900
vn 0.700616 0.091473 -0.707651
v 0.298559 0.798397 -0.254305
vn 0.935095 0.145960 -0.322943
v 0.384822 0.683383 -0.095372
vn 0.814070 0.578272 -0.053777
v 0.291374 0.856586 -0.152863
vn 0.909737 0.082673 -0.406871
v 0.377179 0.630600 -0.111142
vn 0.810455 -0.337944 -0.478493
v 0.315344 0.368375 -0.224744
vn 0.879685 0.394506 0.265554
v 0.274470 0.867991 0.055098
vn 0.903773 0.119575 -0.410970
v 0.345784 0.593517 -0.210976
vn 0.843660 -0.509527 -0.169178
v 0.250437 0.059666 -0.145459
vn 0.761067 -0.392438 -0.516497
v 0.128267 -0.072319 -0.169041
vn 0.761732 -0.430762 -0.483951
v 0.240086 0.047055 -0.206270
vn 0.825077 -0.505547 -0.252328
v 0.199508 -0.017618 -0.098696
vn 0.778440 -0.518523 -0.353788
v 0.239200 -0.005865 0.058004
vn 0.866349 -0.144232 -0.478160
v 0.323976 0.423439 -0.251058
vn 0.533613 -0.760412 -0.370177
v 0.355304 0.163107 -0.054227
vn 0.749597 -0.411265 -0.518619
v 0.286818 0.118972 0.059414
vn 0.679548 -0.000414 -0.733631
v 0.284037 0.616602 -0.295546
vn 0.910839 0.111665 -0.397371
v 0.245449 0.586633 -0.319317
vn 0.857167 -0.034151 -0.513905
v 0.268061 0.523717 -0.304582
vn 0.987641 -0.059434 -0.145026
v 0.305239 0.810352 -0.189523
vn 0.799545 0.124134 -0.587637
v 0.316085 0.621812 -0.261584
vn 0.603700 0.260570 -0.753425
v 0.257012 0.565918 -0.329743
vn 0.482660 0.850951 -0.207174
v 0.193883 0.978067 -0.026278
vn 0.573584 -0.411864 -0.708075
v 0.255183 0.320848 -0.254897
vn 0.592216 -0.196348 -0.781491
v 0.246905 0.214712 -0.230383
vn 0.689465 0.724319 -0.000977
v 0.254594 0.893087 -0.157391
vn 0.757807 0.647340 0.081728
v 0.212713 0.924286 -0.134492
vn 0.352996 -0.267494 -0.896572
v 0.234739 0.392967 -0.304143
vn 0.828865 -0.502259 0.246413
v 0.180274 0.978640 -0.068157
vn 0.791575 0.606263 -0.076514
v 0.180895 0.980072 -0.063859
vn 0.494624 -0.202708 -0.845137
v 0.209875 0.238365 -0.262081
vn 0.952387 -0.137110 0.272324
v 0.181229 0.975297 -0.074556
vn 0.496290 0.367546 -0.786515
v 0.266658 0.552070 -0.324442
vn 0.912015 0.345762 0.220629
v 0.262822 0.549280 -0.316707
vn 0.619302 -0.194757 -0.760615
v 0.244865 0.268521 -0.239312
vn 0.386769 -0.350130 -0.853123
v 0.220213 0.348457 -0.294408
vn 0.961415 -0.242372 -0.130145
v 0.393733 0.367584 -0.015182
vn 0.867068 -0.264219 -0.422352
v 0.225925 0.493765 -0.333802
vn 0.953273 0.291167 0.080571
v 0.378489 0.728559 -0.050847
vn 0.967840 0.055626 -0.245340
v 0.416644 0.548500 -0.058029
vn -0.556368 0.102472 -0.824593
v 0.171153 0.935185 0.178292
vn 0.999719 -0.019007 0.014171
v 0.234186 0.013999 0.055139
vn 0.736871 0.060361 -0.673333
v 0.303951 0.521604 -0.269661
vn 0.824661 0.077390 -0.560308
v 0.260548 0.564714 -0.297811
vn 0.888706 -0.129437 -0.439827
v 0.362501 0.472680 -0.173634
vn 0.921087 -0.170452 -0.350063
v 0.403106 0.441807 -0.079472
vn 0.985597 -0.066302 -0.155569
v 0.415389 0.481212 -0.030381
vn 0.690308 -0.119775 -0.713533
v 0.287404 0.224512 -0.201376
vn 0.578203 -0.667479 -0.469204
v 0.184227 0.010116 -0.214268
vn 0.840605 0.203525 -0.501957
v 0.354923 0.681964 -0.143311
vn 0.777722 0.316912 -0.542878
v 0.339814 0.749290 -0.137421
vn 0.727847 -0.251659 -0.637892
v 0.285297 0.294199 -0.210307
vn 0.894962 -0.242424 -0.374532
v 0.357929 0.354614 -0.119888
vn 0.922883 -0.199777 -0.329206
v 0.377212 0.361141 -0.070607
vn 0.766411 -0.519019 -0.378462
v 0.329496 0.167468 -0.078456
vn 0.713766 -0.130325 -0.688153
v 0.386892 0.220940 -0.043919
vn 0.762563 -0.622893 0.174647
v 0.263343 0.123073 -0.035339
vn 0.826904 -0.313964 -0.466536
v 0.322319 0.326962 -0.177956
vn 0.825506 -0.039058 -0.563040
v 0.312244 0.266079 -0.165352
vn 0.841294 -0.241319 -0.483725
v 0.342094 0.213534 -0.085545
vn 0.987881 -0.041529 0.149555
v 0.384046 0.272751 0.136598
vn 0.891183 -0.118460 -0.437904
v 0.383964 0.467641 -0.118388
vn 0.928520 -0.371274 -0.002543
v 0.247653 0.081942 -0.026303
vn 0.924912 -0.312503 -0.216518
v 0.397351 0.221391 -0.030169
vn 0.845503 -0.447184 -0.291808
v 0.282643 0.114584 -0.141933
vn 0.683879 0.167555 -0.710095
v 0.279861 0.737745 -0.282915
vn 0.335701 0.362108 -0.869588
v 0.256180 0.678375 -0.308798
vn 0.398603 -0.328562 -0.856249
v 0.244405 0.509093 -0.322150
vn 0.511161 -0.179287 -0.840577
v 0.275930 0.431879 -0.296762
vn 0.688907 -0.432468 -0.581703
v 0.290606 0.332565 -0.230079
vn 0.816261 -0.293315 -0.497679
v 0.140766 -0.119671 -0.128186
vn 0.834229 0.487379 -0.257923
v 0.169769 0.931556 0.174615
vn 0.907066 -0.405101 -0.114564
v 0.231055 0.001029 0.026770
vn 0.467623 -0.882554 0.049261
v 0.320312 0.151700 -0.025338
vn 0.682454 0.332982 -0.650676
v 0.249753 0.575612 -0.329600
vn 0.870169 0.306272 -0.386010
v 0.335529 0.652796 -0.204353
vn 0.557172 0.348747 -0.753614
v 0.251759 0.572412 -0.329695
vn 0.702352 -0.688647 -0.180188
v 0.212319 0.009347 -0.149037
vn 0.467737 -0.161820 -0.868928
v 0.250958 0.491443 -0.311915
vn 0.825272 -0.383314 -0.414723
v 0.260599 0.054862 0.025143
vn 0.928372 -0.355243 -0.109211
v 0.220668 -0.002860 -0.034208
vn 0.650491 0.746827 -0.138243
v 0.258723 0.895005 -0.100815
vn 0.814324 0.118026 -0.568284
v 0.294001 0.756816 -0.176644
vn 0.600416 -0.711398 -0.365258
v 0.233709 0.501405 -0.323535
vn 0.923066 0.137551 -0.359207
v 0.355697 0.623529 -0.156021
vn 0.897278 0.434912 0.075793
v 0.194614 0.931111 0.209102
vn 0.661270 0.216818 0.718131
v 0.180513 0.921433 0.236883
vn 0.587746 -0.380787 -0.713832
v 0.280587 0.373475 -0.272358
vn 0.968317 -0.096693 -0.230246
v 0.388319 0.319227 -0.034155
vn 0.798046 0.588459 0.129764
v 0.329877 0.832700 -0.038017
vn 0.719854 0.454074 0.525002
v 0.327770 0.756400 0.019682
vn 0.971233 -0.187127 -0.147278
v 0.412634 0.426418 -0.020830
vn 0.903737 -0.118512 -0.411356
v 0.347061 0.266423 -0.110644
vn 0.993344 0.054249 -0.101614
v 0.392061 0.293504 0.006023
vn 0.996344 0.037232 -0.076892
v 0.407291 0.244244 -0.013825
vn 0.834357 -0.551160 0.008427
v 0.303529 0.125914 -0.086250
vn 0.542288 -0.796966 -0.266025
v 0.316331 0.157760 0.042615
vn 0.679905 0.010951 -0.733219
v 0.294349 0.478371 -0.289496
vn 0.752078 0.416688 -0.510637
v 0.307414 0.709444 -0.190426
vn 0.700168 0.704593 -0.115387
v 0.208094 0.933691 -0.076664
vn 0.359530 -0.225598 -0.905452
v 0.170039 0.265025 -0.286431
vn 0.895346 -0.144935 -0.421128
v 0.335209 0.419336 -0.197592
vn 0.634951 0.206024 -0.744575
v 0.243928 0.591704 -0.329170
vn 0.821474 0.463228 0.332566
v 0.186089 0.979884 -0.072103
vn 0.872381 -0.248511 -0.420944
v 0.344444 0.373832 -0.171530
vn 0.471303 -0.290034 -0.832919
v 0.207981 0.296539 -0.277324
vn 0.993305 -0.068600 -0.092953
v 0.422520 0.468315 0.029178
vn 0.660278 0.509784 -0.551501
v 0.301713 0.842357 -0.228105
vn 0.517378 0.852453 0.075121
v 0.212311 0.966432 0.023193
vn 0.313874 0.110169 -0.943051
v 0.244095 0.614880 -0.326539
vn 0.863495 0.500992 -0.058165
v 0.051172 -0.178290 -0.304457
vn 0.705833 0.700963 -0.102232
v 0.032423 -0.153826 -0.341720
vn 0.918533 0.095045 -0.383749
v 0.078475 -0.187434 -0.215731
vn 0.558499 0.829499 -0.003326
v 0.023353 -0.152475 -0.395211
vn 0.643438 0.757444 -0.110753
v -0.005479 -0.125324 -0.358050
vn 0.744095 0.484062 0.460442
v 0.333707 0.725215 0.055231
vn 0.828583 0.395994 0.395776
v 0.379658 0.683365 0.035249
vn 0.703578 0.435866 0.561248
v 0.370281 0.588464 0.096965
vn 0.683893 -0.392307 0.615131
v 0.361350 0.416693 0.251973
vn 0.959471 -0.263668 -0.099471
v 0.414379 0.405015 0.035837
vn 0.913020 -0.174238 0.368830
v 0.349395 0.342202 0.230373
vn 0.627612 -0.425552 0.651927
v 0.285971 0.329768 0.290643
vn 0.976179 0.133030 0.171401
v -0.038335 -0.092272 -0.393258
vn 0.999962 -0.007538 0.004465
v 0.109216 -0.293104 -0.097523
vn 0.678855 0.378218 0.629371
v 0.374450 0.638761 0.060401
vn 0.968325 -0.246924 -0.037068
v 0.410778 0.380736 0.089540
vn 0.957934 -0.171894 0.229815
v 0.413622 0.407514 0.134149
vn 0.638639 -0.447767 0.625816
v 0.361971 0.415260 0.248153
vn 0.547558 -0.440278 0.711572
v 0.268099 0.295667 0.271183
vn 0.411489 -0.146045 0.899638
v 0.024243 -0.334870 0.094734
vn 0.813025 0.363191 0.455064
v 0.416386 0.587212 0.072562
vn 0.966129 -0.239442 -0.096245
v 0.363547 0.417505 0.249585
vn 0.746681 -0.059498 0.662516
v 0.363666 0.421277 0.250111
vn 0.711765 -0.187406 0.676956
v 0.331663 0.361545 0.274488
vn 0.883049 -0.460632 0.089681
v 0.327135 0.096718 0.114459
vn 0.774312 0.351438 0.526243
v 0.406499 0.511927 0.130680
vn 0.912590 -0.323223 -0.250413
v 0.197810 -0.054433 -0.064724
vn 0.787526 0.374194 0.489675
v 0.353710 0.462613 0.221128
vn 0.849675 -0.363178 0.382301
v 0.384279 0.382136 0.181486
vn 0.553555 -0.345504 0.757762
v 0.322765 0.222194 0.206083
vn 0.862310 0.124455 0.490848
v 0.274876 0.464313 0.316396
vn 0.426474 -0.307431 0.850650
v 0.282368 0.329736 0.304500
vn 0.388968 -0.403614 0.828130
v 0.280506 0.326489 0.303354
vn 0.787162 -0.598253 -0.149896
v 0.352674 0.126551 0.090956
vn 0.541373 -0.481725 0.689098
v 0.265721 0.070490 0.154197
vn 0.977110 0.204979 -0.056916
v 0.106592 -0.290141 -0.153352
vn 0.970604 -0.089773 -0.223311
v 0.107409 -0.239481 -0.136000
vn 0.431045 -0.261313 0.863664
v 0.083276 -0.165998 0.114183
vn 0.706322 -0.257566 0.659371
v 0.339564 0.314582 0.269188
vn 0.685727 -0.254533 0.681903
v 0.261911 0.345178 0.320676
vn 0.801006 -0.018501 0.598370
v 0.350254 0.412157 0.260689
vn 0.576762 0.084013 0.812581
v 0.281747 0.332458 0.305121
vn 0.853177 0.050233 0.519197
v 0.283801 0.330453 0.303545
vn 0.918279 -0.328935 0.220374
v 0.182710 -0.117721 0.030690
vn 0.726878 -0.310145 0.612747
v 0.126929 -0.205094 0.075617
vn 0.676760 -0.374035 0.634108
v 0.359134 0.229622 0.181900
vn 0.569586 0.048597 0.820494
v 0.276733 0.338188 0.308559
vn 0.388211 -0.341675 0.855892
v 0.273081 0.333512 0.307655
vn 0.500600 -0.521809 0.690736
v 0.297804 0.111470 0.186371
vn 0.710905 -0.392051 0.583875
v 0.329685 0.168421 0.185553
vn 0.614400 -0.279411 0.737863
v 0.128439 -0.144026 0.094840
vn 0.778969 0.472582 0.412157
v 0.323643 0.619084 0.207445
vn 0.533668 0.078689 0.842025
v 0.027360 -0.107249 -0.449207
vn 0.637275 0.449381 0.626049
v 0.255389 0.594025 0.308756
vn 0.762469 -0.639557 0.098018
v 0.216169 -0.024241 0.049071
vn 0.805887 -0.006027 -0.592039
v 0.069964 -0.130028 -0.222450
vn 0.645754 0.659798 0.384276
v 0.110612 -0.302643 -0.252766
vn 0.370318 0.661364 0.652275
v 0.131405 -0.259523 -0.306826
vn 0.714191 0.503182 0.486558
v -0.009104 -0.126707 -0.428567
vn 0.351380 -0.226252 0.908483
v -0.007778 -0.273911 0.115509
vn 0.986976 0.152664 -0.050708
v 0.418484 0.585420 0.027466
vn 0.849902 -0.191163 0.491042
v 0.036153 0.022586 -0.437212
vn 0.918019 0.390093 -0.071190
v 0.100685 -0.287561 -0.208131
vn 0.870199 0.422593 0.253314
v 0.375561 0.727646 0.001246
vn 0.892678 0.339086 0.296895
v 0.347980 0.602645 0.153222
vn 0.994706 0.069885 0.075334
v 0.426701 0.488914 0.081884
vn 0.879798 -0.220497 -0.421113
v 0.123679 -0.172694 -0.129265
vn 0.343082 0.747637 0.568624
v 0.115827 -0.212604 -0.344564
vn 0.643796 0.640220 0.419100
v 0.082631 -0.227979 -0.312806
vn 0.292829 -0.245961 0.923988
v 0.011743 -0.227191 0.123498
vn 0.954877 0.263982 -0.136100
v 0.072101 -0.215651 -0.254741
vn 0.579642 0.745171 0.329750
v 0.042367 -0.163339 -0.447815
vn 0.703560 0.561810 -0.435171
v 0.021105 -0.124075 -0.300209
vn 0.901550 -0.389863 -0.187657
v 0.143193 -0.193147 -0.045252
vn 0.854101 0.335452 0.397472
v 0.348652 0.640193 0.112341
vn 0.656475 0.510997 0.554908
v 0.286945 0.614133 0.262546
vn 0.824397 -0.381830 0.417822
v 0.225071 0.106224 0.250678
vn 0.815771 -0.214207 0.537246
v 0.346594 0.291379 0.210089
vn 0.965090 0.067792 0.252995
v 0.426370 0.466847 0.118833
vn 0.822904 0.300000 0.482523
v 0.360514 0.508442 0.177491
vn 0.347388 0.886535 0.305577
v 0.101051 -0.188597 -0.379115
vn 0.877519 0.451383 0.161909
v 0.082866 -0.260571 -0.257973
vn 0.951750 -0.267853 -0.149756
v 0.119184 -0.243576 -0.069852
vn 0.878641 -0.396083 0.266662
v 0.097262 -0.300480 0.036010
vn 0.709074 0.281159 0.646656
v 0.291407 0.562410 0.290820
vn 0.743357 0.076662 0.664487
v 0.302646 0.507845 0.292667
vn 0.877184 0.146810 0.457159
v 0.338398 0.520662 0.238168
vn 0.906406 -0.117551 0.405721
v 0.377203 0.324242 0.167928
vn 0.665774 -0.588826 0.458289
v 0.215141 0.025063 0.166031
vn 0.770937 -0.573032 0.278013
v 0.188347 0.001137 0.205520
vn 0.650649 -0.725661 0.223771
v 0.149058 -0.048472 0.160443
vn 0.930999 -0.363449 -0.033851
v 0.207242 -0.046788 -0.003406
vn 0.868403 -0.357183 -0.343943
v 0.172513 -0.110635 -0.077247
vn 0.341177 -0.731996 0.589729
v 0.056093 -0.107300 0.150366
vn 0.921871 -0.387349 -0.010695
v 0.128701 -0.247661 -0.005516
vn 0.986456 -0.163467 -0.013524
v 0.422615 0.429045 0.079986
vn 0.982994 -0.153618 0.100618
v 0.398581 0.321011 0.102488
vn 0.841386 -0.459726 0.284115
v 0.358491 0.195619 0.131154
vn 0.997365 -0.072091 -0.008096
v 0.399917 0.294574 0.066443
vn 0.568274 -0.437366 0.696976
v 0.283337 0.220160 0.227547
vn 0.694106 -0.262988 0.670116
v 0.260333 0.238374 0.262821
vn 0.777707 0.350015 0.522169
v 0.411720 0.546623 0.105235
vn 0.911543 0.220790 0.346901
v 0.348816 0.559998 0.196471
vn 0.708901 0.108087 0.696977
v 0.337292 0.414371 0.292349
vn 0.908920 -0.400245 -0.116912
v 0.173207 -0.142667 -0.025733
vn 0.831613 -0.474369 0.288780
v 0.284469 0.327396 0.301349
vn 0.862142 -0.360154 0.356371
v 0.320066 0.138229 0.147261
vn 0.784509 -0.459200 0.416750
v 0.225266 0.065365 0.204691
vn 0.709495 -0.593837 0.379440
v 0.175097 -0.044348 0.093081
vn 0.628604 -0.535554 0.563949
v 0.128922 -0.088412 0.117651
vn 0.960682 0.147500 -0.235233
v 0.092403 -0.246197 -0.199322
vn 0.868209 -0.355335 0.346339
v 0.161610 -0.157603 0.046720
vn 0.982975 -0.028884 0.181458
v 0.279598 0.336756 0.306697
vn 0.513297 -0.151032 0.844817
v 0.279073 0.334750 0.306888
vn 0.757392 -0.545681 0.358594
v 0.303780 0.022579 0.122603
vn 0.908655 0.191750 0.370914
v 0.261483 0.490083 0.372894
vn 0.516644 -0.318705 0.794674
v 0.286457 0.171590 0.206062
vn 0.807376 0.297723 0.509417
v 0.398064 0.463072 0.171411
vn 0.915367 -0.395824 0.073672
v 0.150450 -0.196312 0.014710
vn 0.440983 -0.495611 0.748268
v 0.082785 -0.115911 0.128016
vn 0.914629 -0.386183 0.119654
v -0.018242 -0.039850 -0.371271
vn 0.918300 -0.059608 -0.391372
v 0.101705 -0.199452 -0.164791
vn 0.570346 0.788846 0.228970
v 0.062800 -0.180109 -0.352733
vn 0.317467 0.943056 0.099304
v 0.076977 -0.174282 -0.406564
vn 0.894369 0.241368 -0.376623
v 0.059079 -0.157770 -0.254259
vn 0.983865 -0.148303 -0.100084
v 0.390356 0.347590 0.035062
vn 0.761759 0.403777 0.506643
v 0.370092 0.546319 0.136342
vn 0.390440 -0.900238 0.192687
v 0.226933 -0.010405 0.089845
vn 0.340039 -0.737843 0.583062
v 0.253965 0.009405 0.130031
vn 0.940430 -0.328857 -0.086277
v 0.190081 -0.099741 -0.023093
vn 0.664896 0.289916 0.688376
v 0.361673 0.428481 0.251857
vn 0.868152 -0.476235 0.139683
v 0.384305 0.221416 0.141410
vn 0.793592 -0.299321 0.529735
v 0.364579 0.396869 0.238081
vn 0.560262 -0.469499 0.682405
v 0.314711 0.258666 0.245594
vn 0.731293 -0.057119 0.679668
v 0.278434 0.344092 0.302476
vn 0.874366 -0.399972 0.274783
v 0.125257 -0.240865 0.045779
vn 0.688795 -0.460978 0.559518
v 0.263395 0.312642 0.306269
vn 0.486836 0.735452 0.471276
v 0.194707 0.602837 0.378144
vn 0.939640 -0.235089 0.248617
v 0.405000 0.360627 0.129853
vn 0.906530 -0.417411 0.063022
v 0.379998 0.188009 0.070563
vn 0.797812 -0.311201 0.516382
v 0.254301 0.171202 0.242683
vn 0.351374 -0.229794 0.907596
v 0.049101 -0.274100 0.100852
vn 0.819414 -0.069545 0.568968
v 0.378528 0.272425 0.186065
vn 0.767643 -0.312226 0.559678
v 0.216998 0.140283 0.291962
vn 0.691993 -0.176489 0.699998
v -0.011485 -0.065028 -0.438764
vn 0.601035 -0.168607 0.781235
v 0.034959 -0.034350 -0.453197
vn 0.863364 0.435680 0.254531
v 0.410499 0.634505 0.038385
vn 0.393366 -0.230134 0.890113
v 0.060987 -0.220665 0.107149
vn 0.996346 0.074325 0.042081
v 0.425168 0.530424 0.054098
vn 0.584621 -0.750927 0.307128
v 0.194713 -0.008978 0.137990
vn 0.651233 -0.334152 0.681350
v 0.095570 -0.264638 0.081435
vn 0.593467 -0.439687 0.674146
v 0.256472 0.125103 0.199679
vn 0.462154 0.742721 0.484541
v 0.150004 0.701973 0.277660
vn 0.402664 -0.420819 0.812880
v 0.143404 0.881264 0.237176
vn 0.839425 0.316756 0.441624
v 0.285223 0.814706 0.076464
vn 0.598014 0.192667 0.777984
v 0.233297 0.746940 0.132651
vn 0.754529 -0.089447 0.650142
v 0.222468 0.805727 0.160074
vn 0.544669 0.737695 0.398925
v 0.281579 0.659961 0.207872
vn 0.484811 0.644966 0.590743
v 0.270257 0.691140 0.142598
vn 0.603739 0.509297 0.613283
v 0.309667 0.702105 0.112948
vn 0.536344 0.729714 0.424091
v 0.228785 0.697384 0.183846
vn 0.673681 0.594060 0.439599
v 0.320551 0.661492 0.147328
vn -0.407471 -0.771655 -0.488381
v 0.181372 0.921767 0.236167
vn 0.485373 0.681704 0.547443
v 0.205833 0.626048 0.324224
vn 0.509261 0.644701 0.570100
v 0.158249 0.662154 0.313801
vn 0.529003 0.531958 0.661194
v 0.154383 0.733302 0.217620
vn 0.838422 0.382361 0.388394
v 0.311508 0.771189 0.064741
vn 0.138875 -0.231648 0.962836
v 0.120745 0.830533 0.223062
vn 0.475086 0.783345 0.400829
v 0.231769 0.677982 0.234867
vn 0.690138 0.168563 0.703773
v 0.268121 0.783467 0.108942
vn 0.623806 0.354542 0.696539
v 0.294388 0.738785 0.107371
vn 0.443958 0.719075 0.534633
v 0.199483 0.671259 0.275429
vn 0.651472 -0.047476 0.757185
v 0.192079 0.850322 0.205925
vn 0.525054 0.654119 0.544469
v 0.248509 0.644056 0.270583
vn 0.749477 0.454668 0.481209
v 0.341525 0.683837 0.090682
vn 0.840928 0.245166 0.482424
v 0.221222 0.866960 0.155046
vn 0.527166 0.717108 0.455909
v 0.150606 0.627601 0.359930
vn 0.813832 0.211228 0.541350
v 0.253005 0.832802 0.115322
vn 0.497650 0.760100 0.417844
v 0.192656 0.705326 0.225367
vn 0.193364 0.102591 0.975749
v 0.122341 0.909771 0.269058
vn 0.528800 0.710429 0.464393
v 0.091425 0.682219 0.393224
vn 0.238164 0.087437 0.967281
v 0.128235 0.559615 0.447301
vn 0.320312 -0.283759 0.903815
v 0.237274 0.452320 0.409517
vn 0.424516 0.409324 0.807614
v 0.186194 0.565318 0.425550
vn 0.192829 -0.325705 0.925599
v 0.160775 0.447830 0.416478
vn 0.274585 -0.360353 0.891487
v 0.189123 0.464812 0.406215
vn 0.235358 0.283533 0.929632
v 0.088926 0.611852 0.450987
vn 0.166194 -0.251191 0.953563
v 0.163288 0.498710 0.441051
vn 0.522880 0.017157 0.852234
v 0.220218 0.516542 0.418074
vn 0.785445 0.397269 0.474608
v 0.239770 0.551701 0.392567
vn -0.172318 -0.358087 0.917649
v 0.113155 0.501888 0.431218
vn -0.108432 -0.962969 0.246845
v 0.013099 -0.076108 0.262423
vn 0.479322 -0.811786 0.333546
v 0.098732 -0.084506 0.162791
vn -0.427183 -0.792175 0.435860
v -0.026771 -0.052804 0.303276
vn -0.168993 0.044059 0.984632
v 0.014005 0.411509 0.415428
vn 0.382564 0.786679 0.484541
v -0.260014 -0.130919 0.190149
vn 0.452083 -0.027688 0.891546
v 0.180457 0.224085 0.338108
vn 0.741466 -0.407018 0.533445
v 0.200666 0.096679 0.284609
vn 0.712870 -0.520612 0.469872
v 0.163850 0.000658 0.254442
vn -0.583894 0.162960 0.795307
v -0.042927 0.270565 0.355028
vn -0.648710 -0.208928 0.731796
v -0.123768 0.138566 0.315223
vn -0.000417 -0.415417 0.909631
v 0.014765 0.084434 0.384762
vn 0.226977 -0.220994 0.948495
v -0.018898 -0.179489 0.144015
vn 0.554039 -0.436556 0.708844
v 0.220155 0.314551 0.357170
vn 0.349009 -0.310609 0.884146
v 0.097994 0.098248 0.351890
vn -0.526719 -0.320192 0.787429
v -0.125988 0.340274 0.340874
vn -0.768915 -0.103819 0.630866
v -0.152342 0.196263 0.298992
vn -0.632607 -0.040707 0.773402
v -0.002388 0.310789 0.393329
vn -0.522164 -0.218780 0.824306
v -0.120202 -0.048038 0.149107
vn 0.598308 -0.311152 0.738384
v 0.237292 0.370390 0.355734
vn 0.152488 -0.547878 0.822544
v 0.122252 0.320389 0.373746
vn 0.632985 -0.435151 0.640291
v 0.162759 0.046885 0.292519
vn 0.578852 -0.359723 0.731799
v 0.174045 0.106674 0.321750
vn 0.346897 -0.357478 0.867105
v 0.060473 0.068460 0.356613
vn 0.476188 -0.381773 0.792145
v 0.061287 0.126722 0.380663
vn -0.547912 -0.080004 0.832701
v -0.127151 0.288033 0.313210
vn -0.830310 -0.107174 0.546900
v -0.033651 0.184992 0.393061
vn -0.615440 -0.159816 0.771812
v -0.047595 0.154258 0.359977
vn -0.667154 -0.182060 0.722330
v -0.075199 0.039265 0.321873
vn 0.390911 -0.246554 0.886792
v 0.062759 0.015896 0.337053
vn -0.850689 -0.048794 0.523399
v -0.178938 0.034456 0.110255
vn -0.250663 0.546807 0.798855
v -0.218131 -0.071199 0.126712
vn 0.548751 0.649899 0.525837
v -0.213953 -0.196113 0.245613
vn 0.327426 0.692639 0.642685
v -0.212552 -0.161470 0.205725
vn -0.699491 -0.518581 0.491718
v -0.082674 -0.012768 0.295271
vn 0.306847 -0.911097 0.275222
v 0.066974 -0.091570 0.195134
vn 0.751200 -0.155051 0.641606
v 0.230153 0.196079 0.301038
vn -0.455807 0.113604 0.882799
v -0.093750 0.248552 0.336255
vn 0.314552 -0.290649 0.903648
v 0.037837 -0.164058 0.133515
vn -0.855216 -0.380778 0.351587
v -0.145338 0.054851 0.235124
vn -0.763479 -0.305937 0.568773
v -0.137276 0.094291 0.280727
vn -0.882530 -0.379218 0.278091
v -0.162367 0.043834 0.170878
vn 0.518842 -0.826467 0.218530
v 0.113163 -0.063543 0.210707
vn 0.366338 0.162487 0.916185
v 0.042912 0.215461 0.422991
vn -0.440795 -0.311121 0.841964
v -0.027837 0.367576 0.402228
vn -0.343497 -0.189502 0.919837
v -0.079923 0.304320 0.339203
vn -0.193664 0.806389 0.558777
v -0.270406 -0.073803 0.112372
vn -0.540253 -0.201828 0.816941
v -0.038481 0.102293 0.361246
vn -0.320454 -0.465807 0.824823
v -0.001650 0.125214 0.400414
vn -0.621452 0.093388 0.777866
v -0.057890 0.216845 0.362630
vn 0.288081 0.352150 0.890505
v -0.143038 -0.164169 0.175831
vn 0.218019 -0.113776 0.969290
v 0.149836 0.407440 0.406729
vn 0.068344 -0.007863 0.997631
v 0.077819 0.401577 0.418216
vn 0.385988 -0.016899 0.922349
v 0.126171 0.192106 0.360582
vn 0.685370 -0.099039 0.721429
v 0.073412 0.176135 0.387787
vn -0.795641 -0.020090 0.605436
v -0.168319 0.266209 0.285063
vn -0.800253 -0.201280 0.564873
v -0.165741 0.333937 0.290942
vn -0.594447 0.040851 0.803097
v -0.138103 0.234450 0.315669
vn -0.626202 0.403020 0.667417
v -0.213982 -0.007071 0.092937
vn -0.191430 0.318312 0.928457
v -0.163920 -0.078987 0.147069
vn 0.360792 -0.240611 0.901075
v 0.135885 0.127634 0.350682
vn 0.483855 -0.335923 0.808109
v 0.050110 0.157057 0.423098
vn 0.050073 -0.261149 0.963999
v 0.014077 0.037752 0.357573
vn -0.810681 -0.342055 0.475179
v -0.146846 0.002907 0.153907
vn -0.784334 -0.532810 0.317700
v -0.126758 -0.004183 0.204708
vn 0.269907 -0.237208 0.933211
v 0.144003 0.270056 0.349097
vn 0.665140 -0.705455 0.244789
v 0.154555 -0.032025 0.216275
vn 0.054827 0.515507 0.855129
v -0.180795 -0.122536 0.164525
vn 0.045326 -0.933720 0.355124
v 0.022962 -0.092455 0.213300
vn 0.422632 -0.367209 0.828577
v 0.119824 0.063785 0.330729
vn 0.162893 -0.656803 0.736258
v 0.011124 -0.116442 0.156425
vn -0.881896 -0.299499 0.364088
v -0.167060 0.107240 0.238517
vn -0.922413 -0.302724 0.239816
v -0.174898 0.093477 0.195725
vn 0.144223 0.795301 0.588809
v -0.263968 -0.103578 0.153893
vn 0.413137 -0.808759 0.418602
v 0.078753 -0.063135 0.285980
vn 0.566146 -0.436246 0.699406
v 0.115715 -0.006601 0.301000
vn -0.842067 -0.194612 0.503039
v -0.161231 0.146736 0.273217
vn 0.513899 0.062975 0.855536
v 0.091194 0.237669 0.370689
vn -0.691580 -0.670562 0.268445
v -0.092943 -0.027898 0.238636
vn 0.604904 -0.687866 0.401164
v 0.125879 -0.041365 0.258242
vn -0.068107 -0.538777 0.839691
v -0.033273 -0.112872 0.164495
vn 0.421002 0.000851 0.907059
v -0.073120 -0.213687 0.154136
vn 0.382460 -0.142868 0.912860
v -0.036670 -0.232853 0.137751
vn -0.784835 -0.384120 0.486298
v -0.114743 0.024054 0.274588
vn 0.424782 -0.211865 0.880155
v 0.094579 0.149780 0.366602
vn 0.312675 -0.913582 0.260006
v 0.076208 -0.074362 0.242365
vn -0.340641 -0.844333 0.413600
v -0.025153 -0.086884 0.212514
vn -0.436704 -0.470840 0.766550
v -0.066062 -0.080813 0.171430
vn 0.154096 -0.026840 0.987691
v -0.084196 -0.149999 0.159676
vn 0.459836 -0.472460 0.751886
v 0.069102 -0.034830 0.322214
vn -0.571827 0.248119 0.781953
v -0.015592 0.239685 0.402279
vn -0.524023 -0.064221 0.849280
v -0.103615 0.183937 0.337459
vn -0.463242 -0.180194 0.867720
v -0.043592 0.063436 0.348310
vn -0.621488 -0.254957 0.740777
v -0.096069 0.083554 0.317369
vn 0.153921 -0.543972 0.824865
v 0.169157 0.307809 0.376080
vn 0.175409 -0.332854 0.926520
v 0.134551 0.354513 0.406298
vn 0.088277 -0.010011 0.996046
v 0.035664 0.284459 0.413446
vn 0.776927 -0.446530 0.443842
v 0.198051 0.054734 0.250600
vn -0.363964 -0.397199 0.842475
v -0.076484 0.362527 0.368942
vn 0.028644 -0.447690 0.893730
v 0.012530 -0.026928 0.353721
vn -0.066531 0.169844 0.983223
v -0.123463 -0.108656 0.157807
vn -0.518658 -0.180501 0.835711
v -0.078063 0.114630 0.339251
vn -0.519443 -0.801687 0.295764
v -0.055576 -0.054168 0.252572
vn -0.589393 -0.374192 0.715958
v -0.024949 0.337724 0.361362
vn -0.716341 0.213856 0.664170
v 0.002207 0.642035 0.419583
vn -0.564621 0.191338 0.802865
v 0.004260 0.640937 0.421875
vn -0.229863 0.081116 0.969837
v 0.030411 0.602174 0.440922
vn -0.069239 -0.136369 0.988236
v 0.101167 0.459196 0.413035
vn 0.644110 0.566396 0.514118
v 0.113669 0.647231 0.402071
vn -0.678400 0.112631 0.726009
v 0.002016 0.638740 0.420633
vn -0.159698 -0.317111 0.934846
v -0.026673 0.529631 0.431717
vn -0.204213 0.132617 0.969902
v -0.013867 0.588803 0.444396
vn -0.090350 0.090522 0.991788
v 0.033664 0.453694 0.413579
vn -0.388725 -0.161880 0.907022
v -0.098655 0.461453 0.391105
vn -0.534241 0.343158 0.772547
v 0.002780 0.640077 0.420251
vn -0.157740 -0.242573 0.957223
v 0.071101 0.551759 0.453168
vn -0.209303 0.795294 0.568946
v 0.033472 0.692177 0.412058
vn -0.158845 -0.268078 0.950212
v 0.048528 0.501861 0.409705
vn -0.678613 0.411059 0.608699
v 0.004001 0.657594 0.415911
vn -0.249734 -0.197474 0.947965
v -0.062348 0.500219 0.398324
vn 0.045179 0.466813 0.883202
v 0.055450 0.659643 0.442774
vn -0.106457 -0.189161 0.976158
v -0.008812 0.485057 0.403981
vn -0.185142 0.003833 0.982704
v -0.033069 0.453120 0.399544
vn 0.526412 -0.835365 0.158290
v -0.240374 0.269187 -0.115861
vn -0.402512 0.852957 0.332337
v -0.051315 0.693669 0.270596
vn -0.635731 0.657310 0.404708
v -0.161893 0.723854 0.072626
vn -0.413230 0.718551 0.559398
v -0.047971 0.641355 0.372236
vn -0.716892 0.547527 0.431602
v -0.224329 0.639469 0.099746
vn -0.812465 0.427367 0.396557
v -0.194347 0.639978 0.190686
vn -0.784234 0.453909 0.423018
v -0.238208 0.545943 0.161286
vn -0.852416 0.385327 0.353425
v -0.202633 0.576528 0.203808
vn -0.881190 0.004268 0.472744
v -0.283841 0.356698 0.095034
vn -0.913462 -0.302095 0.272629
v -0.187493 0.094827 0.137284
vn -0.690797 0.558678 0.458997
v -0.132811 0.773122 0.049570
vn -0.549345 0.524862 0.650185
v -0.159056 0.791785 -0.005581
vn -0.834047 0.236311 0.498521
v -0.054411 0.877554 0.164916
vn -0.670622 0.135553 0.729309
v 0.018759 0.914807 0.228995
vn -0.352988 -0.172759 0.919540
v 0.017258 0.844616 0.223694
vn -0.629351 0.511201 0.585313
v -0.037732 0.754579 0.177048
vn -0.940544 0.205288 0.270616
v -0.273911 0.517039 0.130652
vn -0.778199 0.401220 0.483144
v -0.159861 0.578372 0.288949
vn -0.883081 -0.228865 0.409621
v -0.194019 0.201082 0.202999
vn -0.845798 0.283589 0.451888
v -0.096185 0.812607 0.074555
vn -0.682242 0.664085 0.305838
v -0.246306 0.770913 -0.010077
vn -0.845639 0.369512 0.385171
v -0.214559 0.613495 0.150896
vn -0.764574 0.365002 0.531224
v -0.256568 0.582122 0.114391
vn -0.377448 -0.084971 0.922124
v -0.083439 0.556624 0.402721
vn -0.952371 -0.148533 0.266321
v -0.258227 0.413078 0.123625
vn -0.941242 -0.236662 0.240946
v -0.253424 0.403961 0.181493
vn -0.787729 -0.245719 0.564893
v -0.208868 0.256843 0.210259
vn -0.740569 -0.256694 0.621021
v -0.224592 0.370943 0.223317
vn -0.692105 -0.164176 0.702877
v -0.168009 0.401321 0.320607
vn -0.421988 0.453099 0.785256
v -0.225606 0.727655 0.015471
vn -0.847418 0.371000 0.379792
v -0.274712 0.607710 0.079049
vn -0.620160 0.213854 0.754764
v -0.192335 0.495171 0.290686
vn -0.588484 -0.191693 0.785455
v -0.120690 0.414795 0.360352
vn -0.681390 -0.075312 0.728035
v -0.159577 0.455633 0.322512
vn -0.971440 0.035175 0.234665
v -0.270619 0.693538 -0.000775
vn -0.515061 0.800048 -0.307630
v -0.053909 0.946193 -0.041012
vn -0.997528 0.069845 0.007726
v -0.292388 0.524662 0.013390
vn -0.588399 0.709065 0.388605
v -0.164432 0.678525 0.178773
vn -0.893338 -0.121602 0.432620
v -0.181177 0.230236 0.250859
vn -0.275130 0.306039 0.911397
v 0.055665 0.926542 0.256295
vn -0.319956 0.905266 0.279502
v -0.009793 0.712583 0.272887
vn -0.711644 0.581892 0.393656
v -0.134058 0.636282 0.287935
vn -0.726448 -0.345852 0.593852
v -0.249345 0.172622 0.105332
vn -0.555698 0.661780 0.503236
v -0.111634 0.750473 0.105139
vn -0.551089 0.700460 0.453494
v -0.104634 0.634712 0.356140
vn -0.124685 -0.359204 0.924892
v 0.075352 0.869377 0.243534
vn -0.746759 0.413432 0.520984
v -0.197880 0.545021 0.272759
vn -0.664180 0.744028 -0.072708
v -0.198691 0.801805 -0.044236
vn -0.535885 0.763305 0.360822
v -0.142746 0.712311 0.143525
vn -0.905746 0.349124 -0.240283
v -0.270362 0.711228 -0.025371
vn -0.983772 -0.081937 0.159625
v -0.286560 0.499683 0.063423
vn -0.879415 0.440673 0.180100
v -0.064099 0.896933 0.098996
vn -0.695904 0.653779 0.297138
v -0.191741 0.682671 0.098753
vn -0.789238 0.154607 0.594306
v 0.009399 0.951073 0.179551
vn -0.323211 0.711604 0.623823
v 0.031315 0.965154 0.215447
vn -0.804833 0.371153 0.463129
v -0.030340 0.924412 0.149946
vn -0.758943 0.594813 0.264959
v -0.194552 0.668492 0.138435
vn -0.452916 0.780866 0.430250
v -0.084753 0.732327 0.159998
vn -0.759201 0.446858 0.473214
v -0.110010 0.824028 0.016590
vn -0.698392 0.262311 0.665915
v -0.008486 0.896114 0.201871
vn -0.794274 0.518886 0.316048
v -0.233459 0.519902 0.222630
vn -0.992211 0.095320 0.080200
v -0.277536 0.432225 0.046904
vn -0.660851 0.540837 0.520357
v -0.093344 0.870146 -0.003846
vn -0.919145 0.062256 0.388970
v -0.076283 0.842737 0.113227
vn -0.113393 -0.230656 0.966406
v 0.062360 0.808279 0.214551
vn -0.988918 -0.100974 0.108836
v -0.269410 0.457565 0.109083
vn -0.860721 -0.127854 0.492759
v -0.251571 0.262215 0.157574
vn -0.955829 -0.266333 -0.124331
v -0.269230 0.266892 0.064249
vn -0.872607 0.459204 0.166399
v -0.090386 0.873316 0.050959
vn -0.629386 0.607814 0.484186
v -0.003247 0.670496 0.385353
vn -0.479401 0.337363 0.810161
v -0.095517 0.598712 0.403756
vn -0.652509 -0.014481 0.757643
v -0.204981 0.452011 0.300865
vn -0.959281 -0.064135 0.275077
v -0.256944 0.347948 0.182200
vn -0.896052 0.132601 0.423684
v -0.250211 0.298632 0.135095
vn -0.845818 0.214426 0.488481
v -0.153109 0.535967 0.327763
vn -0.603641 0.582454 0.544394
v -0.217428 0.684218 0.052149
vn -0.962454 0.153895 0.223605
v -0.284062 0.557960 0.077230
vn -0.565215 0.459124 0.685373
v -0.006719 0.633981 0.410721
vn -0.710541 -0.225122 0.666672
v -0.134257 0.466038 0.362739
vn -0.814726 -0.066652 0.576003
v -0.157456 0.486174 0.342782
vn -0.832255 -0.275135 0.481303
v -0.242489 0.438440 0.238617
vn -0.977604 0.208633 -0.027632
v -0.279653 0.585996 0.024100
vn -0.656079 0.750760 -0.076935
v -0.045708 0.967061 0.022162
vn -0.927822 -0.246209 0.280228
v -0.194189 0.148523 0.166185
vn -0.942005 -0.165612 0.291889
v -0.182439 0.152051 0.224018
vn -0.879121 0.415433 0.233584
v -0.260526 0.736107 -0.010377
vn -0.366323 0.774566 0.515612
v -0.020002 0.728181 0.227091
vn -0.465574 0.676672 0.570399
v 0.007340 0.981767 0.185574
vn -0.467312 0.800975 0.374244
v -0.081341 0.661571 0.314511
vn -0.789667 -0.366945 0.491709
v -0.215368 0.138329 0.114581
vn -0.378008 0.183760 0.907382
v 0.009833 0.778821 0.201372
vn -0.806699 -0.124781 0.577639
v -0.044649 0.808881 0.167445
vn -0.853001 0.119462 -0.508054
v -0.269694 0.706835 -0.031818
vn -0.619740 0.646946 0.444278
v -0.151486 0.660080 0.225912
vn -0.796640 0.411328 0.442915
v -0.175674 0.605772 0.242092
vn -0.962541 -0.225826 0.150060
v -0.275497 0.446497 0.174737
vn -0.948553 -0.022201 0.315839
v -0.279174 0.274825 0.116483
vn -0.137158 0.458558 0.878016
v 0.077441 0.758116 0.213644
vn -0.786247 0.132480 0.603543
v -0.132868 0.560889 0.380678
vn -0.780977 -0.411196 0.470099
v -0.210841 0.185092 0.129443
vn -0.496007 0.598310 0.629287
v -0.182413 0.738475 0.026787
vn -0.401648 0.452742 0.796055
v -0.051060 0.607398 0.416258
vn -0.898047 -0.294998 0.326326
v -0.261066 0.214019 0.108156
vn -0.929191 0.180687 0.322421
v -0.284030 0.399694 0.081309
vn -0.791495 -0.432026 0.432307
v -0.222391 0.208196 0.166254
vn -0.777879 0.212125 0.591530
v -0.234103 0.489176 0.268400
vn -0.567226 -0.061335 0.821275
v -0.121542 0.518564 0.389674
vn -0.548431 0.751769 0.366153
v -0.016647 0.985912 0.154638
vn -0.456348 0.796362 0.396932
v -0.100589 0.683120 0.250398
vn -0.409730 0.807700 0.423961
v -0.066931 0.718067 0.208872
vn -0.657203 0.585826 0.474227
v -0.142448 0.884849 -0.014718
vn -0.950611 0.244538 0.191152
v -0.043699 0.939584 0.098225
vn -0.756355 0.331183 0.564131
v -0.058508 0.771662 0.121571
vn -0.506310 0.675104 -0.536549
v -0.075056 0.923963 -0.052638
vn -0.902376 0.417834 0.105509
v -0.048652 0.913623 0.042881
vn -0.986317 -0.164023 0.016609
v -0.288714 0.463045 0.010758
vn -0.713225 0.700935 -0.001049
v -0.045563 0.975474 0.071707
vn -0.715352 0.615072 -0.331600
v -0.308958 -0.110860 -0.196753
vn -0.709349 0.610606 -0.352114
v -0.304553 -0.116077 -0.216618
vn -0.841365 0.174111 -0.511654
v -0.193579 0.639541 -0.192292
vn -0.243847 0.954558 0.171341
v -0.412204 -0.099760 0.171532
vn -0.411735 0.235939 -0.880232
v -0.073290 0.545433 -0.311263
vn -0.939973 0.119930 -0.319480
v -0.279505 0.542438 -0.065654
vn -0.968996 0.210282 -0.129727
v -0.282057 0.562521 -0.032266
vn -0.706856 0.031655 -0.706649
v -0.148344 0.478164 -0.244458
vn -0.543097 0.832974 0.105831
v -0.453942 -0.118397 0.193090
vn -0.371875 0.759433 0.533826
v -0.163971 0.672405 -0.189400
vn -0.664882 0.131237 -0.735329
v -0.122071 0.167484 -0.294671
vn -0.943822 0.254006 -0.211378
v -0.143537 0.013350 -0.302723
vn -0.720317 0.633701 -0.282076
v -0.295934 -0.043196 -0.089590
vn -0.687900 0.456857 -0.563982
v -0.384570 -0.151588 -0.113236
vn -0.862082 0.505553 0.035078
v -0.485811 -0.154100 0.209445
vn -0.939727 -0.083428 -0.331592
v -0.470587 -0.157192 0.057097
vn -0.769751 0.051592 -0.636256
v -0.190198 0.500265 -0.195774
vn -0.570021 0.128692 -0.811489
v -0.123569 0.278408 -0.267005
vn -0.728655 -0.100267 -0.677501
v -0.205938 0.291478 -0.199996
vn -0.654079 0.737049 -0.170117
v -0.437922 -0.114294 0.045796
vn -0.878652 -0.049116 -0.474929
v -0.205104 0.232882 -0.189475
vn -0.736786 -0.088373 -0.670325
v -0.187538 0.137853 -0.222648
vn -0.707602 0.586443 0.394188
v -0.245359 0.003871 0.040746
vn -0.686825 0.703753 0.181671
v -0.279633 -0.009971 0.001983
vn -0.235633 -0.820265 -0.521194
v -0.242475 0.269521 -0.118106
vn -0.933823 -0.356178 -0.033337
v -0.201053 0.099551 -0.140499
vn -0.943895 -0.230349 -0.236646
v -0.269890 0.176280 0.046501
vn -0.935435 -0.353494 0.001767
v -0.293698 0.321122 0.038563
vn -0.577732 -0.079181 -0.812377
v -0.082153 0.494284 -0.301031
vn -0.965870 -0.040348 -0.255866
v -0.478222 -0.180305 0.108262
vn -0.731796 0.645758 -0.217880
v -0.241836 0.022365 -0.075633
vn -0.843132 0.448279 -0.296941
v -0.216626 0.037892 -0.106650
vn -0.920671 0.386597 0.053921
v -0.471160 -0.151605 0.079206
vn -0.720401 -0.677786 0.147068
v -0.144058 0.697093 -0.188827
vn -0.812842 -0.053771 -0.579997
v -0.255559 0.703253 -0.047719
vn -0.709989 0.034036 -0.703389
v -0.172553 0.250015 -0.230489
vn -0.811869 0.225660 -0.538467
v -0.364482 -0.173762 -0.147234
vn -0.449777 0.893140 0.001084
v -0.426222 -0.091859 0.109783
vn -0.730100 0.025991 -0.682846
v -0.157813 0.536579 -0.229972
vn -0.508798 -0.012566 0.860794
v -0.146255 0.690265 -0.192742
vn -0.838058 0.544644 -0.031964
v -0.147974 0.685346 -0.191835
vn -0.592418 0.567310 -0.572015
v -0.152176 0.683054 -0.187489
vn -0.478160 0.028518 -0.877810
v -0.148996 0.692209 -0.182206
vn -0.920796 0.380594 0.085335
v -0.144870 0.690503 -0.190593
vn -0.985466 -0.152157 0.075529
v -0.207926 0.091874 0.039057
vn -0.833008 0.432499 -0.345024
v -0.336235 -0.143970 -0.186399
vn -0.812510 -0.160314 -0.560470
v -0.340033 -0.177295 -0.205253
vn -0.884224 0.152961 -0.441307
v -0.248806 0.394924 -0.108171
vn -0.819575 -0.129513 -0.558142
v -0.197875 0.162031 0.004092
vn 0.062725 -0.969878 0.235378
v -0.241950 0.266656 -0.115861
vn -0.694640 -0.593655 0.406263
v -0.244290 0.270046 -0.115909
vn -0.781252 0.010150 -0.624133
v -0.192898 0.541001 -0.189868
vn -0.747947 -0.367383 -0.552816
v -0.363575 -0.210626 -0.148954
vn -0.695163 0.056633 -0.716618
v -0.128061 0.537076 -0.260455
vn -0.757845 0.621860 -0.197387
v -0.163589 -0.039865 -0.303479
vn -0.724163 0.666088 0.178648
v -0.153847 -0.038576 -0.291541
vn -0.883708 0.055580 -0.464727
v -0.427057 -0.160378 -0.068424
vn -0.598147 0.717187 -0.357580
v -0.405305 -0.115135 -0.036393
vn -0.754605 0.044314 -0.654681
v -0.188021 0.445573 -0.203804
vn -0.882531 -0.032184 -0.469152
v -0.270458 0.509406 -0.087975
vn -0.862624 -0.077842 -0.499821
v -0.255878 0.469083 -0.107430
vn -0.850087 -0.327225 -0.412645
v -0.258520 0.388471 -0.097763
vn -0.961189 -0.065039 -0.268114
v -0.258902 0.389808 -0.095376
vn -0.755458 -0.506284 -0.415884
v -0.340510 -0.271415 -0.113665
vn -0.667101 -0.588929 -0.456222
v -0.347960 -0.252624 -0.127823
vn -0.926939 0.359866 -0.106209
v -0.487130 -0.156882 0.162035
vn -0.426945 0.247357 0.869789
v -0.148260 0.686540 -0.193458
vn -0.826817 0.022119 -0.562036
v -0.220408 0.460252 -0.160426
vn -0.690192 0.649420 -0.319199
v -0.325174 -0.077294 -0.092966
vn -0.837621 -0.497540 -0.225487
v -0.358225 -0.249564 -0.088486
vn -0.773055 0.004679 -0.634322
v -0.324346 -0.158290 -0.230442
vn -0.898439 0.256928 -0.356084
v -0.206852 0.152242 0.001036
vn -0.438552 0.462151 -0.770771
v -0.201265 0.157447 0.004665
vn -0.834511 -0.165661 -0.525498
v -0.389217 -0.189806 -0.125077
vn -0.361281 -0.100824 0.926990
v -0.164087 -0.040971 -0.304612
vn -0.563271 0.727512 -0.391731
v -0.164087 -0.040971 -0.304611
vn -0.680428 0.636377 -0.363377
v -0.279957 -0.045676 -0.132888
vn -0.737244 -0.014200 -0.675478
v -0.157365 0.154932 -0.255384
vn -0.782568 0.056742 -0.619974
v -0.175238 0.191215 -0.230292
vn -0.734309 -0.603446 -0.310873
v -0.397484 -0.243207 0.006531
vn -0.561037 0.801040 0.208743
v -0.458135 -0.131971 0.246896
vn -0.780345 -0.297695 -0.549945
v -0.151575 0.075184 -0.221423
vn -0.761159 -0.643907 0.077595
v -0.238115 0.271028 -0.112804
vn -0.986570 -0.026328 -0.161204
v -0.125868 0.040173 -0.254025
vn -0.955738 0.100617 0.276478
v -0.498486 -0.182277 0.262162
vn -0.441156 -0.755362 -0.484571
v -0.207330 0.169719 -0.005124
vn -0.949702 -0.164708 -0.266339
v -0.280802 0.464880 -0.048289
vn -0.961297 0.170157 -0.216692
v -0.275147 0.408316 -0.014185
vn -0.820416 0.309540 -0.480731
v -0.236293 0.617219 -0.115818
vn -0.909867 0.248450 -0.332286
v -0.193528 0.649440 -0.159214
vn -0.697982 0.687803 -0.199369
v -0.132996 -0.025809 -0.255710
vn -0.947221 0.268813 -0.174677
v -0.266056 0.624189 -0.025089
vn -0.067199 0.978438 0.195305
v -0.365733 -0.090213 0.146121
vn -0.689526 -0.476809 -0.545167
v -0.190809 0.093453 -0.198713
vn -0.825817 0.559033 -0.074221
v -0.459064 -0.134620 0.089094
vn -0.889075 0.032686 -0.456594
v -0.237628 0.425032 -0.125743
vn -0.931267 -0.043343 -0.361750
v -0.262543 0.423166 -0.080296
vn -0.716509 0.681908 -0.147026
v -0.273317 -0.004571 -0.056922
vn -0.895448 0.122917 -0.427860
v -0.130131 0.060585 -0.307037
vn -0.631085 -0.659809 -0.407902
v -0.247837 0.282140 -0.135130
vn -0.981640 -0.033819 -0.187721
v -0.290309 0.502292 -0.034837
vn -0.856027 -0.309721 -0.413873
v -0.219122 0.270461 -0.163217
vn -0.930551 -0.305940 -0.201185
v -0.269594 0.298473 -0.123256
vn -0.925507 0.114541 -0.360995
v -0.212484 0.183469 -0.175602
vn -0.783876 -0.536038 0.313371
v -0.468696 -0.224268 0.299550
vn -0.855895 -0.517109 -0.006453
v -0.237203 0.270315 -0.056731
vn -0.776794 0.628960 0.031616
v -0.247817 0.025777 -0.024505
vn -0.889414 -0.292723 -0.351078
v -0.226180 0.245375 -0.007368
vn -0.574890 0.798862 -0.176975
v -0.353535 -0.076336 -0.025294
vn -0.999826 -0.012965 0.013398
v -0.247526 0.186147 -0.091374
vn -0.973409 0.225060 0.042692
v -0.303652 0.383258 0.031188
vn -0.806865 -0.553334 -0.206858
v -0.259597 0.296281 -0.003599
vn -0.992991 -0.082435 0.084700
v -0.222758 0.232105 -0.076193
vn -0.981181 -0.073678 0.178480
v -0.214810 0.187563 -0.044318
vn -0.458792 0.789014 0.408617
v -0.288250 -0.050062 0.063260
vn -0.162314 0.944431 0.285839
v -0.327893 -0.077135 0.099204
vn -0.872592 0.235817 0.427753
v -0.208587 0.043881 0.065129
vn -0.500966 0.603387 0.620450
v -0.247326 -0.037701 0.086973
vn -0.844419 0.508339 -0.168964
v -0.466282 -0.143788 0.055934
vn -0.161580 0.096068 -0.982173
v -0.024128 0.283428 -0.326706
vn -0.829128 -0.453180 -0.327377
v -0.455771 -0.203401 0.055665
vn -0.869216 -0.127618 -0.477679
v -0.257565 0.387087 -0.097334
vn -0.761378 0.643395 -0.079669
v -0.464136 -0.122561 0.133448
vn -0.615160 0.675693 -0.406224
v -0.374792 -0.115994 -0.077828
vn -0.758615 -0.244971 -0.603732
v -0.232499 0.184625 0.007765
vn -0.886919 -0.346503 0.305467
v -0.201712 0.094549 0.089087
vn -0.895743 0.407642 0.177403
v -0.226940 0.050815 0.008886
vn -0.907748 0.275399 -0.316464
v -0.266037 0.593443 -0.070618
vn -0.990599 0.040907 -0.130540
v -0.202255 0.091020 -0.073167
vn -0.148075 -0.443569 -0.883923
v 0.025030 -0.286877 -0.491525
vn -0.809418 -0.584243 0.059178
v -0.236635 0.123181 0.064005
vn -0.684278 0.344653 -0.642634
v -0.164210 0.013235 -0.192074
vn -0.732761 0.556548 -0.391554
v -0.342362 -0.122036 -0.136500
vn -0.868765 0.247768 -0.428787
v -0.208094 0.707073 -0.122475
vn -0.827776 -0.034692 -0.559985
v -0.250329 0.321544 -0.165541
vn -0.876860 0.304754 -0.371809
v -0.244608 0.641786 -0.075489
vn -0.554479 0.819554 0.144511
v -0.315169 -0.052156 0.020217
vn -0.376105 0.925543 0.043754
v -0.353156 -0.069688 0.040625
vn -0.801326 0.120413 -0.585985
v -0.212996 0.417443 -0.175381
vn -0.702386 0.524345 -0.481369
v -0.133171 -0.009638 -0.231612
vn -0.842003 -0.014076 -0.539289
v -0.185565 0.048235 -0.167412
vn -0.703834 0.700832 -0.115982
v -0.312197 -0.040749 -0.042525
vn -0.646001 -0.026712 -0.762869
v -0.143250 0.418876 -0.250937
vn -0.926387 -0.124407 -0.355429
v -0.250707 0.676833 -0.029332
vn -0.649150 0.221166 -0.727798
v -0.187656 0.701200 -0.176650
vn -0.773519 -0.029830 0.633070
v -0.444807 -0.212179 0.348075
vn -0.656016 -0.725832 -0.206907
v -0.446174 -0.235578 0.100674
vn -0.940688 0.105736 -0.322377
v -0.458923 -0.151965 0.022634
vn -0.727247 0.125423 -0.674819
v -0.119657 0.101720 -0.309926
vn -0.591718 0.785782 -0.180045
v -0.186223 0.679043 -0.193649
vn -0.649356 0.515124 0.559450
v -0.461021 -0.158433 0.308057
vn -0.668850 -0.692731 -0.269748
v -0.421099 -0.242538 0.049628
vn -0.158624 0.960763 0.227537
v -0.415062 -0.114767 0.235804
vn -0.470169 -0.880760 0.056596
v -0.397091 -0.263087 0.177094
vn -0.841103 0.116352 -0.528212
v -0.253709 0.561804 -0.111385
vn -0.418624 -0.209658 -0.883627
v -0.210243 0.157781 0.002516
vn -0.010503 -0.915108 0.403072
v 0.022654 -0.073507 0.303055
vn -0.966395 -0.029987 -0.255305
v -0.220681 0.218235 -0.135232
vn -0.952894 -0.234785 0.192012
v -0.223760 0.151886 -0.066145
vn -0.872754 0.234435 -0.428182
v -0.238236 0.386620 -0.149891
vn -0.855504 0.141488 -0.498091
v -0.212566 0.672334 -0.107240
vn -0.870062 0.471044 -0.145290
v -0.227280 0.053012 -0.046696
vn -0.544163 0.818955 -0.182207
v -0.405832 -0.098795 0.013048
vn -0.824093 -0.492011 -0.280706
v -0.488366 -0.219310 0.148672
vn -0.899348 0.377484 0.220634
v -0.267648 0.647760 0.033286
vn -0.922794 -0.097917 -0.372643
v -0.259795 0.230728 0.035249
vn -0.409935 -0.911868 -0.021239
v -0.439099 -0.245233 0.166083
vn -0.595919 -0.802877 -0.016389
v -0.392793 -0.267765 0.109302
vn -0.928407 0.151346 -0.339343
v -0.448509 -0.148910 -0.019865
vn -0.875250 -0.475356 -0.089294
v -0.471733 -0.156571 0.058959
vn -0.128553 -0.391180 -0.911292
v -0.208476 0.161362 0.000797
vn -0.506149 -0.850642 0.142201
v -0.470064 -0.233644 0.229689
vn -0.938792 0.188180 -0.288543
v -0.254565 0.357594 -0.113670
vn -0.774903 -0.618102 -0.132193
v -0.374278 -0.278589 0.038994
vn -0.689397 0.636243 -0.346305
v -0.261112 -0.010686 -0.110658
vn -0.669242 0.052048 -0.741220
v -0.173357 0.385521 -0.221928
vn -0.826365 0.097551 -0.554621
v -0.212045 0.584110 -0.163704
vn -0.860854 0.121292 -0.494185
v -0.223947 0.701962 -0.091471
vn -0.721467 0.289438 -0.629056
v -0.289845 -0.126057 -0.263606
vn -0.484506 0.301765 -0.821092
v -0.085180 0.557991 -0.300566
vn 0.209281 0.032489 -0.977316
v -0.206709 0.156969 0.002230
vn -0.310726 0.900092 0.305423
v 0.021719 0.704211 0.366065
vn 0.576169 -0.559624 -0.595693
v -0.241015 0.270973 -0.120811
vn 0.447255 0.869222 0.210753
v -0.172423 0.016292 -0.183860
vn 0.726774 0.356229 0.587283
v -0.168316 0.014764 -0.187919
vn -0.038244 -0.818651 0.573016
v 0.101626 -0.605202 -0.190832
vn -0.650798 0.143785 -0.745512
v -0.139482 0.223425 -0.268028
vn 0.531721 -0.726813 0.434760
v -0.295480 -0.843342 -0.088547
vn -0.686207 -0.591766 -0.423004
v -0.307036 -0.841432 -0.071356
vn -0.012926 -0.649284 -0.760437
v 0.073206 -0.369555 -0.435872
vn -0.836322 -0.170850 -0.520938
v -0.322997 -0.363010 -0.069887
vn 0.079234 -0.650478 -0.755381
v 0.148623 -0.422392 -0.383450
vn -0.278445 -0.023162 0.960173
v -0.048984 -0.486538 -0.255918
vn -0.819882 0.032846 -0.571589
v -0.326699 -0.469764 -0.060719
vn -0.661148 -0.432795 -0.612839
v -0.277119 -0.841193 -0.117413
vn -0.808336 -0.012099 -0.588597
v -0.325994 -0.681605 -0.055264
vn -0.586287 -0.060464 -0.807844
v -0.108213 0.453564 -0.280264
vn -0.248058 -0.117687 -0.961570
v -0.010183 0.395534 -0.331718
vn -0.607027 0.355258 -0.710851
v -0.174619 0.016769 -0.181807
vn -0.617617 -0.697396 -0.363577
v -0.050703 -0.483959 -0.249328
vn -0.763276 -0.012104 -0.645960
v -0.184527 0.573204 -0.201931
vn -0.837246 0.019975 -0.546462
v -0.332051 -0.636867 -0.047769
vn -0.747427 -0.490454 -0.448115
v -0.331294 -0.835701 -0.035829
vn 0.079253 -0.601153 -0.795194
v 0.166234 -0.433879 -0.371974
vn 0.313986 -0.382058 -0.869163
v 0.217377 -0.478993 -0.332895
vn 0.816470 -0.545038 0.190554
v 0.221757 -0.473114 -0.331828
vn 0.336815 -0.613104 -0.714604
v 0.230388 -0.555615 -0.274720
vn 0.454645 -0.431009 -0.779442
v 0.042557 -0.913967 -0.153585
vn -0.284348 -0.958272 0.029347
v -0.102408 -0.906964 -0.154564
vn 0.417997 -0.845693 0.331784
v -0.084750 -0.913967 -0.179563
vn -0.099146 -0.425554 0.899485
v -0.120843 -0.913967 0.322066
vn 0.127765 -0.473683 0.871379
v -0.053431 -0.913967 0.316416
vn -0.046442 -0.343481 -0.938011
v -0.062641 -0.913967 -0.202340
vn 0.735725 -0.564291 -0.374546
v 0.157090 -0.913967 -0.016629
vn 0.848591 -0.528339 -0.027391
v 0.172416 -0.913967 0.034071
vn 0.885063 -0.421413 0.197674
v 0.169530 -0.913967 0.107165
vn 0.882823 -0.381647 0.273804
v 0.160983 -0.913967 0.145679
vn 0.796257 -0.352826 0.491415
v 0.134729 -0.913967 0.211441
vn -0.962666 0.224317 0.151510
v -0.058868 -0.913967 -0.206065
vn -0.258026 -0.942333 -0.213143
v -0.082267 -0.913967 -0.183216
vn 0.619064 -0.443769 -0.647942
v 0.092974 -0.913967 -0.115050
vn 0.724253 -0.451452 -0.521199
v 0.125311 -0.913967 -0.076705
vn 0.228260 -0.444907 0.866000
v -0.005629 -0.913967 0.308694
vn 0.419182 -0.503285 -0.755639
v -0.003930 -0.913967 -0.173827
vn 0.552080 0.817871 0.162156
v -0.080035 -0.913967 -0.209111
vn -0.038954 -0.972257 -0.230651
v -0.256125 -0.905790 0.184826
vn -0.057413 -0.996235 -0.064951
v -0.138227 -0.913176 0.180874
vn 0.536701 -0.349992 0.767762
v 0.065313 -0.913967 0.283131
vn 0.649183 -0.355500 0.672444
v 0.091409 -0.913967 0.258984
vn -0.576124 -0.371719 0.727947
v -0.242338 -0.913967 0.269956
vn -0.381167 -0.405344 0.830908
v -0.181808 -0.913967 0.305722
vn -0.764750 -0.642682 -0.046004
v -0.137930 -0.539167 0.400179
vn -0.740793 -0.667676 -0.073726
v -0.243883 -0.392674 0.271564
vn -0.718906 -0.675402 -0.164339
v -0.189916 -0.472785 0.363542
vn -0.814400 -0.026789 -0.579685
v -0.294767 -0.811224 -0.093184
vn 0.594280 0.701459 0.393429
v -0.259862 -0.204285 0.325456
vn 0.727466 0.543158 0.419252
v 0.240936 -0.482491 -0.148525
vn 0.808528 0.556314 0.191827
v 0.014786 -0.494340 0.277388
vn 0.806282 0.533959 0.254554
v 0.016413 -0.512709 0.318817
vn 0.847239 0.471133 0.245397
v 0.084140 -0.594978 0.258353
vn 0.794412 0.379320 0.474368
v 0.060408 -0.615132 0.369289
vn 0.801040 0.489009 0.345262
v 0.027590 -0.558289 0.367679
vn -0.218431 -0.703076 -0.676736
v 0.141564 -0.628205 -0.177143
vn 0.085928 -0.123141 -0.988662
v 0.072099 0.292529 -0.311802
vn 0.626237 0.094399 -0.773897
v 0.029656 -0.797508 -0.101239
vn -0.660208 0.004654 -0.751069
v -0.107147 0.509803 -0.281987
vn -0.799204 0.022759 -0.600629
v -0.227397 0.520167 -0.145562
vn 0.563942 0.696128 0.444270
v -0.164088 -0.040972 -0.304612
vn -0.787467 -0.552643 -0.272911
v -0.395228 -0.213099 -0.053268
vn -0.798196 -0.496867 -0.340597
v -0.428997 -0.191742 -0.001892
vn -0.598860 -0.544626 -0.587153
v -0.329931 -0.229775 -0.162929
vn -0.685632 0.639251 -0.348235
v -0.297337 -0.078785 -0.159736
vn -0.647524 0.591577 -0.480364
v -0.223496 -0.003786 -0.152352
vn -0.595052 0.682215 -0.424847
v -0.247534 -0.047096 -0.185833
vn -0.546575 0.688990 -0.475972
v -0.191027 -0.009874 -0.197535
vn -0.227530 0.841705 -0.489655
v -0.159028 -0.012670 -0.241807
vn -0.647457 0.138127 -0.749480
v -0.151075 0.598068 -0.235503
vn -0.216734 0.545467 -0.809625
v -0.109046 0.639952 -0.238958
vn -0.726409 0.441915 -0.526347
v -0.224581 0.747946 -0.064559
vn -0.664101 0.601454 -0.444098
v -0.155291 0.828671 -0.058783
vn -0.499309 0.595948 -0.628917
v -0.127283 0.815991 -0.113695
vn 0.154389 0.861604 0.483531
v 0.120262 0.938791 0.225710
vn 0.215353 0.929808 0.298462
v 0.144111 0.946855 0.195391
vn 0.204333 0.905825 0.371119
v 0.076964 0.961153 0.199659
vn 0.213789 0.959688 0.182462
v 0.113793 0.964946 0.148428
vn 0.352779 0.915679 0.192559
v 0.162895 0.959083 0.115651
vn 0.121009 0.992353 0.024333
v 0.097279 0.974845 0.102797
vn 0.022516 0.998939 -0.040182
v 0.084170 0.970779 0.053582
vn -0.044509 0.998763 -0.022181
v 0.075838 0.971624 0.001776
vn -0.144514 0.957683 -0.248916
v 0.069597 0.967117 -0.049411
vn -0.267924 0.735299 -0.622537
v 0.062712 0.944212 -0.093393
vn -0.312938 0.567825 -0.761344
v 0.070520 0.921903 -0.113047
vn -0.289684 0.551556 -0.782221
v 0.001742 0.825135 -0.158888
vn -0.251685 0.496760 -0.830592
v 0.038266 0.811247 -0.180444
vn -0.182166 0.471555 -0.862816
v 0.254753 0.821287 -0.233002
vn -0.228664 0.482062 -0.845771
v 0.056134 0.709507 -0.238005
vn -0.202376 0.507461 -0.837572
v 0.091306 0.639393 -0.292967
vn -0.146942 0.318217 -0.936561
v 0.144530 0.613931 -0.317677
vn -0.102249 0.329265 -0.938685
v 0.085174 0.561826 -0.324443
vn 0.692987 -0.044442 -0.719579
v 0.229697 0.527693 -0.345955
vn -0.362440 0.142683 -0.921021
v -0.029883 0.498421 -0.338362
vn -0.516852 -0.127511 -0.846525
v -0.051730 0.448268 -0.312290
vn -0.520269 -0.058863 -0.851971
v -0.074430 0.400526 -0.294746
vn -0.526609 0.001124 -0.850107
v -0.065066 0.356768 -0.298900
vn -0.548946 0.041677 -0.834818
v -0.110348 0.325755 -0.269226
vn -0.515548 0.192192 -0.835028
v -0.091498 0.235646 -0.295715
vn -0.532681 0.240444 -0.811442
v -0.070045 0.187484 -0.322714
vn -0.563089 0.297254 -0.771084
v -0.036566 0.172987 -0.350115
vn -0.629604 0.336563 -0.700232
v -0.040259 0.109551 -0.374074
vn -0.562446 0.418786 -0.712932
v 0.003236 0.105560 -0.416565
vn -0.665984 0.282870 -0.690254
v -0.034006 0.061193 -0.402841
vn -0.697828 0.241511 -0.674321
v -0.049762 0.018469 -0.401438
vn -0.684913 0.322811 -0.653213
v -0.062132 -0.015889 -0.401328
vn -0.694747 0.395315 -0.600877
v -0.086502 -0.053672 -0.400627
vn -0.662031 0.414270 -0.624576
v -0.106931 -0.112472 -0.408510
vn -0.719634 0.018254 -0.694114
v -0.170059 -0.155568 -0.388573
vn -0.545410 -0.535902 -0.644466
v -0.016083 -0.246760 -0.489748
vn -0.122572 -0.711011 -0.692415
v 0.199120 -0.573500 -0.251849
vn -0.196988 -0.639097 -0.743472
v 0.165780 -0.523337 -0.285905
vn -0.379674 -0.614314 -0.691713
v 0.045709 -0.575524 -0.182213
vn -0.697472 -0.680871 -0.223490
v -0.030456 -0.514903 -0.211461
vn -0.377031 -0.757406 -0.533088
v 0.018294 -0.542804 -0.214861
vn -0.272423 -0.688057 -0.672579
v 0.064553 -0.538949 -0.239026
vn -0.186978 -0.753883 -0.629841
v 0.050513 -0.452469 -0.317751
vn -0.326975 -0.704319 -0.630097
v 0.010937 -0.414246 -0.358531
vn -0.576937 -0.543343 -0.609855
v -0.019324 -0.331377 -0.412150
vn -0.602148 -0.441847 -0.664973
v -0.173193 -0.311067 -0.252914
vn -0.606394 -0.473603 -0.638738
v -0.202156 -0.321839 -0.224219
vn -0.637280 -0.510269 -0.577494
v -0.200421 -0.365247 -0.187234
vn -0.637089 -0.411386 -0.651827
v -0.164907 -0.406254 -0.189350
vn -0.586567 -0.089982 -0.804886
v -0.181578 -0.454114 -0.160213
vn -0.355210 -0.033536 -0.934185
v -0.085862 -0.524986 -0.226903
vn -0.568337 0.001844 -0.822794
v -0.196008 -0.516872 -0.152012
vn -0.581794 -0.018822 -0.813118
v -0.208601 -0.567579 -0.141907
vn -0.592682 -0.017645 -0.805243
v -0.230268 -0.597094 -0.125265
vn -0.599712 0.047858 -0.798784
v -0.219156 -0.647547 -0.133600
vn -0.279426 -0.915770 -0.288593
v -0.337096 -0.868865 0.071399
vn -0.268713 -0.932676 -0.240642
v -0.315631 -0.874786 0.092433
vn -0.294346 -0.930883 -0.216372
v -0.303502 -0.877652 0.074670
vn -0.504228 -0.056070 -0.861748
v -0.186764 -0.804620 -0.176025
vn -0.589437 0.149650 -0.793832
v -0.217144 -0.735669 -0.150474
vn -0.602798 0.133473 -0.786650
v -0.213935 -0.688739 -0.142245
vn -0.142082 -0.989855 -0.000154
v -0.105354 -0.913967 0.038554
vn 0.000000 -1.000000 0.000000
v 0.047357 -0.913967 0.058248
vn -0.033692 -0.999427 -0.003356
v -0.070426 -0.913967 0.091101
vn 0.000000 -1.000000 0.000000
v 0.124296 -0.913967 0.059295
vn 0.000000 -1.000000 0.000000
v 0.042385 -0.913967 0.123730
vn 0.000000 -1.000000 0.000000
v 0.091137 -0.913967 0.050039
vn 0.000000 -1.000000 0.000000
v 0.084021 -0.913967 0.090502
vn 0.000000 -1.000000 0.000000
v -0.032402 -0.913967 0.049069
vn 0.000000 -1.000000 0.000000
v 0.107909 -0.913967 0.094698
vn 0.000000 -1.000000 0.000000
v -0.133771 -0.913967 0.264585
vn 0.000000 -1.000000 0.000000
v 0.002813 -0.913967 0.061741
vn 0.000000 -1.000000 0.000000
v -0.180402 -0.913967 0.248012
vn -0.384856 -0.887945 -0.251871
v -0.190115 -0.878654 -0.134055
vn 0.069812 0.592969 -0.802193
v -0.014778 0.502993 -0.337541
vn 0.054740 0.560549 -0.826310
v -0.021091 0.510639 -0.331408
vn -0.077453 0.325234 -0.942456
v 0.138092 0.535689 -0.341274
vn -0.046403 0.303759 -0.951618
v 0.172587 0.515015 -0.348805
vn 0.161334 0.232264 -0.959179
v 0.226785 0.535739 -0.345740
vn 0.002735 0.242872 -0.970055
v 0.162677 0.461532 -0.367300
vn -0.474964 0.036427 0.879251
v -0.222969 -0.606504 0.170412
vn -0.999970 0.007237 -0.002672
v -0.351125 -0.686590 0.043853
vn -0.615185 0.010819 0.788309
v -0.315849 -0.754645 0.116127
vn -0.646964 -0.010840 0.762443
v -0.319477 -0.703059 0.118964
vn -0.322855 -0.251545 0.912409
v -0.151856 -0.481302 0.466602
vn -0.194998 -0.141098 0.970601
v -0.187320 -0.433753 0.466336
vn -0.506351 -0.854193 -0.118163
v -0.386333 -0.266585 0.297909
vn -0.945783 0.016447 0.324383
v -0.348848 -0.713202 0.079633
vn -0.992187 0.062186 -0.108159
v -0.336674 -0.452239 -0.009706
vn -0.721742 -0.598780 0.347205
v -0.276078 -0.367215 0.172618
vn 0.470022 0.470117 0.747040
v -0.163741 -0.369345 0.452120
vn 0.476155 0.617147 0.626423
v -0.237084 -0.281899 0.422401
vn 0.183089 0.938343 0.293244
v -0.317840 -0.099567 0.187494
vn 0.677742 0.628407 0.381799
v -0.152832 -0.276203 0.270029
vn 0.824518 -0.139974 0.548250
v 0.105743 -0.815530 0.151101
vn 0.696776 0.576564 0.426705
v 0.124435 -0.418061 -0.043082
vn 0.921953 0.070650 0.380804
v 0.114014 -0.674102 0.300992
vn 0.691040 -0.701524 0.174150
v 0.254659 -0.734517 0.031208
vn 0.647377 0.327313 0.688309
v -0.103389 -0.255435 0.181819
vn 0.922046 0.165109 0.350100
v 0.100281 -0.369840 -0.038208
vn -0.580453 0.113798 -0.806303
v -0.171195 -0.709185 -0.179388
vn 0.837444 -0.126667 -0.531641
v 0.297048 0.074479 0.071925
vn 0.454590 0.145120 -0.878799
v 0.131384 0.151789 -0.302569
vn 0.517799 -0.099371 -0.849711
v -0.055475 -0.656520 -0.201612
vn 0.802023 -0.564467 -0.195286
v 0.271787 0.120574 0.008840
vn 0.842684 -0.048155 -0.536250
v 0.345413 0.523860 -0.222425
vn 0.878511 -0.006382 -0.477680
v 0.372346 0.270583 -0.052197
vn 0.761678 0.265190 0.591203
v 0.330917 0.460440 0.259834
vn 0.478689 -0.427370 0.766950
v 0.204710 0.280497 0.334083
vn 0.521411 0.847337 0.100750
v 0.157142 -0.206135 -0.386901
vn 0.786789 -0.299451 0.539714
v 0.167135 -0.099248 0.071162
vn 0.758201 0.527446 0.383317
v 0.229458 0.579888 0.352801
vn 0.901935 -0.356342 0.243993
v 0.195298 -0.070595 0.033791
vn 0.608227 0.672338 0.421925
v 0.118947 0.679226 0.341627
vn 0.203507 0.808947 0.551534
v 0.111440 0.736453 0.247734
vn 0.522083 -0.128288 0.843191
v 0.172805 0.790218 0.206840
vn 0.475166 0.613499 0.630742
v 0.148173 0.601312 0.413687
vn -0.470324 -0.063497 0.880206
v -0.012752 0.182102 0.434352
vn -0.374798 -0.157705 0.913595
v -0.064006 0.411352 0.392837
vn 0.289025 -0.300247 0.909020
v 0.077403 0.332621 0.409192
vn 0.544381 -0.139257 0.827198
v 0.184867 0.169368 0.335619
vn -0.497509 0.165957 0.851436
v -0.170836 -0.028011 0.128654
vn -0.869193 0.356928 0.342207
v -0.137326 0.593073 0.331406
vn -0.232042 0.616685 0.752234
v -0.201858 0.762030 0.001837
vn -0.775275 -0.349187 0.526324
v -0.199546 0.396752 0.271947
vn -0.457112 0.794981 0.398816
v -0.118628 0.695304 0.198483
vn -0.996177 0.079436 -0.036347
v -0.212547 0.101963 -0.021082
vn -0.286673 0.957923 0.014202
v -0.389334 -0.083176 0.080770
vn -0.827081 -0.278716 -0.488114
v -0.224694 0.138342 0.019720
vn -0.375604 -0.924933 0.058490
v -0.422130 -0.248786 0.216583
vn -0.917770 -0.366336 -0.153285
v -0.272083 0.310791 -0.074299
vn -0.954278 -0.056127 -0.293603
v -0.304923 0.349662 -0.032521
vn -0.680019 0.136433 -0.720389
v -0.212310 0.358796 -0.193316
vn -0.878224 -0.477877 -0.018886
v -0.501113 -0.221143 0.195545
vn -0.553056 0.714727 -0.428129
v -0.198265 -0.048055 -0.248832
vn -0.548265 0.833888 -0.063530
v -0.204847 -0.071381 -0.281066
vn -0.557713 0.828352 -0.052812
v -0.255846 -0.104187 -0.270590
vn -0.595368 0.776310 -0.207076
v -0.242499 -0.093735 -0.278559
vn -0.658537 0.558368 -0.504533
v -0.178861 0.771961 -0.091272
vn -0.571972 0.588647 -0.571263
v -0.114748 0.867017 -0.070215
vn 0.157155 0.981744 0.107148
v 0.155285 0.969088 0.066010
vn -0.248788 0.659802 -0.709060
v 0.114692 0.934345 -0.122536
vn -0.290465 0.595985 -0.748620
v 0.153117 0.920405 -0.147573
vn -0.307231 0.574497 -0.758658
v -0.033740 0.889924 -0.095242
vn -0.301066 0.569095 -0.765174
v -0.057440 0.819445 -0.139297
vn -0.253791 0.488651 -0.834752
v -0.070257 0.750227 -0.182851
vn -0.232552 0.447655 -0.863438
v 0.138050 0.810970 -0.207463
vn -0.232953 0.449307 -0.862471
v 0.147119 0.758393 -0.237165
vn -0.226755 0.506369 -0.831969
v -0.082691 0.693082 -0.210217
vn -0.219662 0.535895 -0.815209
v -0.050336 0.662119 -0.239739
vn -0.219143 0.535970 -0.815299
v 0.049556 0.668586 -0.262123
vn -0.153924 0.391866 -0.907055
v 0.024905 0.577766 -0.313232
vn -0.138103 0.378195 -0.915367
v -0.012265 0.551981 -0.316246
vn -0.496129 -0.099901 -0.862483
v -0.032091 0.142876 -0.367139
vn -0.652825 0.311406 -0.690541
v 0.012774 0.064785 -0.445401
vn -0.672540 0.283191 -0.683734
v -0.002967 0.025269 -0.446705
vn -0.637640 0.431727 -0.637987
v -0.135260 -0.076168 -0.355995
vn -0.556347 0.512282 -0.654252
v -0.169192 -0.100745 -0.346384
vn -0.556347 0.512276 -0.654257
v -0.139644 -0.128578 -0.393304
vn -0.556341 0.512285 -0.654254
v -0.203674 -0.114130 -0.327543
vn -0.221307 -0.658823 -0.719010
v 0.153292 -0.566482 -0.244278
vn -0.297950 -0.689567 -0.660094
v 0.011199 -0.510609 -0.246366
vn -0.237428 -0.644508 -0.726799
v 0.120165 -0.528078 -0.267396
vn -0.240656 -0.665259 -0.706764
v 0.064843 -0.499895 -0.273934
vn -0.220081 -0.667863 -0.711002
v 0.112140 -0.490535 -0.298164
vn -0.206401 -0.727439 -0.654394
v 0.007671 -0.473004 -0.278993
vn -0.307002 -0.715966 -0.627011
v -0.015031 -0.450346 -0.303942
vn -0.686957 -0.480752 -0.544948
v -0.109862 -0.242028 -0.388183
vn -0.686954 -0.480752 -0.544951
v -0.108384 -0.315458 -0.325267
vn -0.630537 -0.470923 -0.616972
v -0.124157 -0.394803 -0.245231
vn -0.647279 -0.516562 -0.560530
v -0.267679 -0.306846 -0.163889
vn -0.616066 -0.250620 -0.746761
v -0.129963 -0.448700 -0.197091
vn -0.562876 0.008567 -0.826497
v -0.136310 -0.502834 -0.192038
vn -0.574173 0.003511 -0.818727
v -0.161825 -0.558216 -0.175228
vn -0.599448 -0.042496 -0.799285
v -0.276983 -0.562478 -0.092153
vn -0.591669 0.014086 -0.806058
v -0.173785 -0.616788 -0.166738
vn -0.604533 0.027939 -0.796090
v -0.264995 -0.642164 -0.098721
vn -0.602507 0.079992 -0.794095
v -0.163537 -0.651505 -0.175849
vn -0.281096 -0.912432 -0.297408
v -0.334195 -0.852283 0.017785
vn -0.242038 -0.935977 -0.255665
v -0.323463 -0.855244 0.028302
vn -0.919233 -0.313379 0.238336
v -0.307800 -0.894329 0.156564
vn -0.271579 -0.936708 -0.220961
v -0.301736 -0.895762 0.147682
vn -0.521665 -0.407462 -0.749561
v -0.170079 -0.858536 -0.182607
vn -0.530582 0.040204 -0.846680
v -0.176212 -0.769335 -0.183738
vn -0.548345 0.027618 -0.835796
v -0.227903 -0.791903 -0.152180
vn -0.594514 0.175466 -0.784707
v -0.250688 -0.739525 -0.125298
vn 0.000000 -1.000000 0.000000
v -0.002618 -0.913967 0.180858
vn 0.000000 -1.000000 0.000000
v 0.101104 -0.913967 0.144736
vn 0.000000 -1.000000 0.000000
v 0.082784 -0.913967 0.184613
vn -0.000239 -0.999958 -0.009177
v -0.139472 -0.913967 0.218827
vn -0.088845 -0.995170 -0.041751
v -0.110686 -0.913967 0.139813
vn -0.329267 -0.921548 -0.205747
v -0.305269 -0.859542 0.001657
vn -0.060432 -0.973551 -0.220332
v -0.264655 -0.892247 0.125538
vn -0.098361 -0.979232 -0.177285
v -0.212648 -0.892111 0.108253
vn -0.321669 -0.945715 -0.046383
v -0.157972 -0.896213 0.005363
vn -0.328138 -0.943274 -0.050588
v -0.197243 -0.879944 -0.043268
vn -0.328134 -0.943275 -0.050595
v -0.146980 -0.896667 -0.057472
vn -0.381372 -0.902030 -0.202229
v -0.242798 -0.860998 -0.111301
vn -0.327362 -0.944136 -0.037962
v -0.234671 -0.864321 -0.091793
vn -0.522780 -0.499839 -0.690552
v -0.229174 -0.852149 -0.145440
vn -0.504478 -0.094760 -0.858209
v -0.037792 0.138101 -0.362065
vn -0.465540 -0.163111 -0.869866
v -0.084631 0.118183 -0.332811
vn -0.511878 -0.146934 -0.846399
v -0.086911 0.116273 -0.330782
vn -0.094013 0.349126 -0.932348
v 0.085807 0.504367 -0.347114
vn -0.057311 0.335538 -0.940282
v 0.121139 0.485072 -0.356111
vn -0.595360 0.776318 -0.207069
v -0.195153 -0.061413 -0.293511
vn -0.344277 0.423420 -0.837967
v -0.145382 0.661765 -0.214535
vn -0.548335 0.588346 -0.594287
v -0.162302 0.755962 -0.143223
vn 0.140492 0.988250 0.060201
v 0.048765 0.979433 0.142864
vn 0.038039 0.994438 -0.098211
v 0.026486 0.976768 0.088444
vn 0.012636 0.997017 0.076144
v 0.144195 0.971405 0.017342
vn -0.019006 0.995023 -0.097814
v 0.015396 0.970839 0.031910
vn -0.085208 0.995832 -0.032538
v 0.133187 0.975746 -0.034512
vn -0.217750 0.868691 -0.444928
v 0.010589 0.955511 -0.052740
vn -0.200178 0.880888 -0.428912
v 0.135061 0.965525 -0.092938
vn -0.290837 0.640511 -0.710746
v -0.008695 0.926950 -0.077640
vn -0.295918 0.561607 -0.772677
v 0.042278 0.868417 -0.142335
vn -0.295357 0.545417 -0.784401
v 0.100153 0.884842 -0.153228
vn -0.255640 0.491702 -0.832393
v 0.138090 0.864919 -0.179504
vn -0.187081 0.463129 -0.866321
v 0.232721 0.864566 -0.205174
vn -0.213482 0.453514 -0.865304
v 0.250278 0.765827 -0.261095
vn -0.193076 0.475567 -0.858230
v 0.156242 0.649656 -0.303435
vn -0.073929 0.270273 -0.959941
v 0.186567 0.578300 -0.330524
vn -0.114005 0.279970 -0.953215
v 0.126969 0.580799 -0.322282
vn -0.577962 -0.021786 -0.815773
v -0.129249 0.373145 -0.258062
vn -0.682358 0.236955 -0.691549
v -0.078476 0.064742 -0.358510
vn -0.709655 0.206224 -0.673692
v -0.093054 0.027529 -0.352809
vn -0.704359 0.311117 -0.638032
v -0.111002 -0.020937 -0.352352
vn -0.677296 0.331053 -0.657019
v -0.018404 -0.021160 -0.450976
vn -0.592823 0.516931 -0.617530
v -0.028523 -0.064812 -0.466333
vn -0.692364 0.448201 -0.565462
v -0.066202 -0.079124 -0.447053
vn -0.727024 0.355362 -0.587499
v -0.078602 -0.148775 -0.461025
vn -0.150760 -0.676398 -0.720941
v 0.173277 -0.482710 -0.323885
vn -0.305148 -0.659433 -0.687047
v 0.101476 -0.571178 -0.222701
vn -0.178516 -0.746059 -0.641505
v 0.116064 -0.445817 -0.343136
vn -0.154533 -0.795370 -0.586094
v 0.075672 -0.420266 -0.368738
vn -0.300957 -0.719905 -0.625430
v 0.034970 -0.390737 -0.396440
vn -0.455365 -0.628188 -0.630890
v 0.017299 -0.353421 -0.424535
vn -0.568524 -0.548682 -0.612967
v -0.041308 -0.414810 -0.318791
vn -0.575277 -0.418726 -0.702656
v -0.232523 -0.215398 -0.258915
vn -0.565359 -0.432986 -0.702063
v -0.258336 -0.239118 -0.233729
vn -0.639576 -0.425237 -0.640404
v -0.253752 -0.355411 -0.134364
vn -0.585401 -0.126019 -0.800890
v -0.237783 -0.421861 -0.122939
vn -0.570338 -0.009779 -0.821352
v -0.267761 -0.465057 -0.101854
vn -0.567397 -0.000427 -0.823444
v -0.231314 -0.474790 -0.126834
vn -0.588071 0.039826 -0.807828
v -0.134716 -0.616536 -0.195179
vn -0.584441 -0.019598 -0.811199
v -0.251332 -0.532135 -0.112923
vn -0.613939 0.094701 -0.783652
v -0.286251 -0.678416 -0.085316
vn -0.482210 -0.055404 -0.874302
v -0.141420 -0.821579 -0.198827
vn -0.488530 -0.075453 -0.869278
v -0.145287 -0.787583 -0.200826
vn 0.000000 -1.000000 0.000000
v 0.040913 -0.913967 0.192154
vn -0.001936 -0.999998 -0.000721
v -0.068351 -0.913967 0.202837
vn -0.011001 -0.999938 0.001728
v -0.047330 -0.913967 -0.073171
vn 0.000000 -1.000000 0.000000
v 0.091882 -0.913967 -0.051307
vn 0.000000 -1.000000 0.000000
v 0.022775 -0.913967 -0.048731
vn 0.000000 -1.000000 0.000000
v 0.113897 -0.913967 -0.009510
vn 0.000000 -1.000000 0.000000
v 0.073523 -0.913967 -0.003898
vn -0.247660 -0.968544 -0.024235
v -0.141198 -0.905697 0.073381
vn -0.205946 -0.973146 -0.102823
v -0.169660 -0.897617 0.107347
vn -0.403701 -0.882559 -0.241072
v -0.137433 -0.896311 -0.156809
vn 0.054705 0.560524 -0.826329
v 0.031108 0.475846 -0.351554
vn -0.113222 0.349257 -0.930161
v 0.036244 0.530848 -0.330563
vn -0.784499 -0.618565 -0.044031
v -0.268634 -0.395194 0.384412
vn -0.674280 0.056018 0.736348
v -0.170821 -0.694400 0.202023
vn -0.967683 -0.247943 -0.045975
v -0.343309 -0.341252 0.023248
vn 0.655406 0.478782 0.584133
v -0.043045 -0.498810 0.422995
vn -0.279190 0.738348 0.613918
v -0.406800 -0.156704 0.335209
vn 0.583454 0.386609 0.714223
v 0.029339 -0.859861 0.241100
vn 0.933817 0.271363 0.233126
v 0.283699 -0.620429 -0.058433
vn 0.743660 0.605112 0.284269
v 0.060661 -0.526243 0.185919
vn 0.857240 0.445934 0.257454
v 0.088391 -0.627353 0.308963
vn 0.440755 0.616660 0.652278
v 0.104686 -0.469406 0.042509
vn 0.528334 0.703484 0.475367
v 0.207184 -0.273208 -0.323179
vn 0.679115 0.230670 -0.696846
v 0.152026 -0.232101 -0.448031
vn 0.556835 0.269091 -0.785827
v 0.019491 0.196290 -0.305862
vn 0.877437 0.318986 -0.358263
v 0.370127 0.727106 -0.098971
vn 0.893507 -0.185964 -0.408733
v 0.365365 0.415815 -0.149030
vn 0.798884 0.575274 -0.175625
v 0.301460 0.844826 -0.093615
vn 0.750863 0.437052 -0.495167
v 0.301237 0.673921 -0.253913
vn 0.995815 0.033008 -0.085228
v 0.420326 0.534802 -0.007457
vn 0.814869 -0.264203 -0.515932
v 0.255657 0.105832 -0.191136
vn 0.974488 -0.207410 0.085759
v 0.385601 0.247627 0.097020
vn 0.889527 -0.079535 0.449907
v 0.399962 0.416001 0.204460
vn 0.869115 -0.375771 -0.321615
v 0.154966 -0.149671 -0.076230
vn 0.719735 0.229392 0.655257
v 0.182453 0.743050 0.176576
vn 0.941098 0.006934 0.338062
v 0.186296 0.904398 0.202297
vn 0.097656 0.686733 0.720320
v -0.223235 -0.120318 0.163758
vn 0.690605 -0.206715 0.693061
v 0.230294 0.255373 0.305371
vn -0.625043 -0.090206 0.775360
v -0.022270 0.838988 0.201067
vn -0.801251 -0.176696 0.571643
v -0.236275 0.302725 0.200323
vn -0.893789 0.128852 0.429579
v -0.256467 0.477529 0.229577
vn -0.941481 -0.062714 0.331181
v -0.282231 0.308592 0.095456
vn -0.950983 -0.014376 0.308909
v -0.249747 0.357795 0.131375
vn -0.925730 -0.297580 -0.233387
v -0.234630 0.119239 -0.177831
vn -0.232555 0.447654 -0.863437
v 0.088974 0.772105 -0.214395
vn -0.257941 0.527288 -0.809589
v -0.127758 0.719549 -0.183269
vn -0.194886 0.493754 -0.847482
v -0.019927 0.586939 -0.298531
vn -0.572472 -0.536221 -0.620277
v -0.050917 -0.445477 -0.283008
vn -0.686954 -0.480752 -0.544951
v -0.109318 -0.278311 -0.356861
vn -0.686962 -0.480747 -0.544946
v -0.151970 -0.233567 -0.342567
vn -0.632066 -0.460312 -0.623382
v -0.086431 -0.439841 -0.247716
vn -0.642563 -0.515153 -0.567212
v -0.297249 -0.264470 -0.168607
vn -0.599255 -0.171233 -0.782031
v -0.090193 -0.476783 -0.222418
vn -0.065600 -0.976126 -0.207061
v -0.223768 -0.901394 0.154326
vn -0.592458 0.696369 -0.405048
v -0.259065 -0.075657 -0.217107
vn -0.295302 0.550437 -0.780907
v -0.085538 0.776554 -0.160581
vn -0.305887 0.572959 -0.760363
v 0.014453 0.901813 -0.105674
vn -0.261115 0.495914 -0.828183
v -0.022787 0.779494 -0.180463
vn -0.251304 0.481093 -0.839878
v 0.186035 0.886418 -0.181271
vn -0.231183 0.447313 -0.863982
v 0.184185 0.839481 -0.205107
vn -0.230596 0.452904 -0.861222
v 0.200302 0.745533 -0.258157
vn -0.229501 0.474913 -0.849580
v 0.105039 0.712625 -0.249559
vn -0.216734 0.545469 -0.809623
v -0.065588 0.614793 -0.267542
vn -0.127615 0.360763 -0.923885
v 0.200743 0.642379 -0.315108
vn -0.607914 0.041036 -0.792942
v -0.163271 0.321626 -0.234248
vn -0.684970 -0.478899 -0.549065
v -0.203732 -0.195465 -0.310928
vn -0.680396 -0.487296 -0.547360
v -0.087395 -0.228577 -0.428372
vn -0.665776 -0.492984 -0.560098
v -0.078772 -0.359206 -0.324002
vn -0.657941 -0.474446 -0.584821
v -0.082829 -0.396403 -0.286072
vn -0.656906 -0.454087 -0.601897
v -0.185626 -0.251604 -0.284227
vn -0.647682 -0.510729 -0.565388
v -0.233487 -0.340016 -0.172636
vn -0.612123 -0.500443 -0.612260
v -0.297677 -0.219967 -0.208046
vn -0.631244 -0.335035 -0.699488
v -0.205127 -0.398213 -0.153897
vn -0.568013 0.018863 -0.822803
v -0.119179 -0.564027 -0.205225
vn 0.000000 -1.000000 0.000000
v -0.084927 -0.913967 0.263809
vn 0.000000 -1.000000 0.000000
v -0.042134 -0.913967 -0.138630
vn -0.126765 -0.991904 -0.007599
v -0.077195 -0.913967 -0.129780
vn -0.153041 -0.971210 -0.182566
v -0.257810 -0.870912 0.025642
vn -0.235327 -0.966672 -0.100829
v -0.193068 -0.886587 0.053512
vn -0.307151 -0.951011 -0.035146
v -0.133884 -0.897953 -0.118419
vn -0.268326 -0.956212 -0.116874
v -0.252424 -0.860849 -0.041384
vn -0.454681 0.363489 -0.813106
v -0.118407 0.605657 -0.259557
vn -0.306199 0.576498 -0.757557
v -0.014258 0.854163 -0.130331
vn -0.257211 0.488035 -0.834065
v 0.087244 0.832427 -0.182655
vn -0.229470 0.449896 -0.863097
v 0.204955 0.798627 -0.231882
vn -0.216895 0.501241 -0.837683
v 0.000838 0.697042 -0.230108
vn -0.216849 0.544840 -0.810016
v -0.011959 0.638976 -0.265605
vn -0.195246 0.508224 -0.838801
v 0.041573 0.614050 -0.296728
vn -0.138446 0.376117 -0.916171
v 0.079316 0.597744 -0.313014
vn -0.524729 0.090631 -0.846431
v -0.071326 0.296000 -0.297613
vn -0.686960 -0.480746 -0.544949
v -0.138817 -0.199361 -0.389324
vn -0.686960 -0.480749 -0.544946
v -0.171925 -0.190875 -0.355074
vn -0.654238 -0.499516 -0.567852
v -0.067679 -0.284496 -0.403894
vn -0.648747 -0.505546 -0.568815
v -0.067009 -0.322216 -0.371461
vn -0.679871 -0.476496 -0.557430
v -0.142238 -0.287636 -0.307136
vn -0.652703 -0.457847 -0.603618
v -0.126638 -0.343969 -0.277104
vn -0.620764 -0.468399 -0.628693
v -0.163114 -0.359673 -0.234243
vn -0.783311 -0.598477 0.168076
v -0.342129 -0.876947 0.104973
vn -0.097763 -0.974695 -0.201029
v -0.254971 -0.883203 0.081017
vn -0.279706 -0.956661 -0.081025
v -0.206969 -0.879045 0.003062
vn -0.325763 -0.944676 -0.038290
v -0.186518 -0.880801 -0.096850
vn -0.211830 0.465976 -0.859066
v 0.222304 0.711361 -0.281799
vn -0.227823 0.493256 -0.839521
v 0.157125 0.699711 -0.270780
vn -0.205318 0.485849 -0.849585
v 0.203238 0.686099 -0.291463
vn -0.219114 0.527983 -0.820502
v 0.108208 0.678558 -0.271105
vn -0.719639 0.018247 -0.694109
v -0.244926 -0.137124 -0.310469
vn -0.719633 0.018242 -0.694115
v -0.200006 -0.148191 -0.357332
vn -0.719638 0.018252 -0.694109
v -0.125139 -0.166635 -0.435436
vn -0.719635 0.018260 -0.694112
v -0.080220 -0.177701 -0.482299
vn -0.637042 -0.517914 -0.570913
v -0.054656 -0.230899 -0.467593
vn -0.602568 -0.532566 -0.594378
v -0.036572 -0.281789 -0.440457
vn -0.550919 -0.563706 -0.615405
v -0.024339 -0.374781 -0.369340
vn -0.636170 -0.450059 -0.626685
v -0.246094 -0.171511 -0.278660
vn -0.574125 -0.434490 -0.693973
v -0.216731 -0.272191 -0.244997
vn -0.541676 -0.407271 -0.735335
v -0.281180 -0.189711 -0.243444
vn -0.624657 -0.495833 -0.603286
v -0.236985 -0.290591 -0.213033
vn -0.645930 -0.499960 -0.576901
v -0.299941 -0.304719 -0.127784
vn -0.626239 -0.274865 -0.729571
v -0.284697 -0.368580 -0.098615
vn -0.573619 -0.053917 -0.817346
v -0.279687 -0.426094 -0.093592
vn -0.630956 0.053909 -0.773943
v -0.266451 -0.793450 -0.126897
vn 0.000000 -1.000000 0.000000
v 0.001561 -0.913967 -0.115068
vn 0.000000 -1.000000 0.000000
v -0.035026 -0.913967 0.259404
vn -0.018624 -0.999818 -0.004191
v -0.057612 -0.913967 -0.020358
vn 0.000000 -1.000000 0.000000
v -0.038822 -0.913967 0.143649
vn 0.000000 -1.000000 0.000000
v 0.013562 -0.913967 0.006061
vn 0.000000 -1.000000 0.000000
v 0.057696 -0.913967 -0.093874
vn 0.000000 -1.000000 0.000000
v 0.060396 -0.913967 0.238781
vn 0.000000 -1.000000 0.000000
v -0.013015 -0.913967 0.113885
vn 0.000000 -1.000000 0.000000
v -0.003597 -0.913967 0.234758
vn -0.209469 -0.977405 -0.028339
v -0.113326 -0.911241 -0.004019
vn -0.115820 -0.977907 -0.174022
v -0.174384 -0.903892 0.149940
vn -0.793147 -0.024452 -0.608539
v -0.324010 -0.586788 -0.054692
vn -0.920256 -0.339658 -0.194324
v -0.344489 -0.310125 -0.019832
vn 0.370763 0.366245 0.853463
v -0.016027 -0.875591 0.284101
vn 0.100734 -0.139252 0.985120
v -0.072199 -0.545601 0.458960
vn 0.812190 0.501726 0.297689
v 0.142822 -0.887601 0.114214
vn 0.748968 -0.081578 0.657565
v 0.082872 -0.662595 0.372460
vn 0.871083 0.347407 -0.347164
v -0.035658 -0.097708 -0.316147
vn 0.980995 0.041909 0.189454
v 0.041283 0.087535 -0.419712
vn 0.917918 0.149301 -0.367607
v 0.366040 0.583437 -0.146599
vn 0.724118 0.552858 0.412312
v 0.200054 0.914423 0.141813
vn 0.894501 -0.246986 -0.372647
v 0.379027 0.408609 -0.106771
vn 0.972903 0.231168 0.004522
v 0.389369 0.685734 -0.035518
vn 0.932605 0.051407 -0.357220
v 0.362249 0.537324 -0.183641
vn 0.913180 -0.309149 -0.265574
v 0.129635 -0.196649 -0.093365
vn 0.871411 0.259664 0.416194
v 0.253264 0.530510 0.337070
vn 0.429452 -0.174458 0.886079
v 0.192227 0.364536 0.391829
vn 0.457472 0.519950 0.721368
v -0.177258 -0.179882 0.204205
vn 0.565971 -0.134230 0.813424
v 0.072077 0.276229 0.379924
vn 0.486482 0.267286 0.831801
v -0.127335 -0.204062 0.183164
vn -0.457990 -0.308681 0.833643
v -0.041465 -0.000767 0.348330
vn -0.800299 0.382756 0.461539
v -0.152024 0.847007 -0.023619
vn -0.608230 0.793339 0.025881
v -0.108731 0.900086 -0.037205
vn -0.899480 0.156114 -0.408122
v -0.269872 0.367857 -0.071010
vn -0.962859 -0.265663 -0.048223
v -0.222013 0.145008 -0.115488
vn -0.119911 0.974602 -0.189133
v 0.006128 0.965624 -0.013729
vn -0.504896 0.195203 -0.840819
v -0.052684 0.242525 -0.316488
vn -0.359317 0.586755 -0.725679
v -0.079937 0.861908 -0.097890
vn -0.575653 -0.809022 -0.118772
v -0.342625 -0.857106 0.048983
vn -0.027107 -0.994905 -0.097109
v -0.200597 -0.913967 0.209229
vn -0.547999 -0.557904 -0.623249
v 0.000701 -0.304519 -0.453812
vn -0.226351 0.469597 -0.853372
v -0.028628 0.723392 -0.207976
vn -0.639741 0.442454 -0.628463
v -0.047267 -0.043336 -0.432788
vn 0.697901 0.615394 0.366366
v -0.106992 -0.402037 0.398465
vn 0.716130 0.550318 0.429311
v 0.109919 -0.571939 0.160363
vn 0.574405 -0.369284 -0.730540
v 0.168432 0.041789 -0.259792
vn 0.511056 0.679730 -0.526107
v 0.030827 0.123944 -0.417233
vn 0.697371 -0.164909 0.697480
v 0.291182 0.395234 0.314663
vn 0.800872 0.273651 0.532653
v 0.316447 0.563749 0.257976
vn 0.740231 -0.279763 0.611384
v 0.275365 0.414380 0.369939
vn 0.634744 0.189735 0.749067
v 0.301947 0.451029 0.291267
vn 0.246235 -0.388255 0.888046
v 0.219642 0.417995 0.378324
vn -0.118000 -0.100573 0.987908
v 0.031842 0.350733 0.418206
vn -0.603165 -0.725343 0.331768
v -0.073872 -0.054150 0.204300
vn -0.019334 -0.355897 0.934325
v 0.014662 0.540951 0.423993
vn -0.593658 0.796961 0.111464
v -0.031050 0.982315 0.112935
vn -0.841475 0.006422 0.540258
v -0.187569 0.299271 0.247673
vn -0.759160 -0.135530 0.636637
v -0.190526 0.335847 0.233467
vn -0.956258 0.234337 0.175088
v -0.277109 0.490735 0.167569
vn -0.787596 0.528236 0.317269
v -0.065299 0.907497 -0.004262
vn -0.862126 -0.171763 -0.476692
v -0.144567 0.106109 -0.260444
vn -0.587695 -0.034878 -0.808331
v -0.287946 -0.522681 -0.086675
vn -0.600928 0.134347 -0.787932
v -0.257098 -0.693987 -0.110027
vn -0.182975 -0.982731 -0.027556
v -0.101005 -0.912412 -0.062101
vn -0.975111 -0.117956 -0.187739
v -0.334971 -0.354933 -0.024268
vn -0.639726 -0.508627 -0.576238
v -0.271703 -0.264312 -0.197513
vn -0.231763 0.449606 -0.862636
v 0.027489 0.746847 -0.210930
# 1827 vertices, 0 vertices normals

f 1//1 1760//1760 1364//1364
f 78//78 1323//1323 1479//1479
f 36//36 94//94 75//75
f 108//108 82//82 11//11
f 15//15 23//23 14//14
f 7//7 8//8 19//19
f 72//72 34//34 103//103
f 36//36 16//16 29//29
f 38//38 54//54 9//9
f 38//38 8//8 32//32
f 49//49 50//50 51//51
f 52//52 41//41 63//63
f 50//50 90//90 9//9
f 56//56 53//53 1325//1325
f 49//49 13//13 1361//1361
f 60//60 97//97 72//72
f 42//42 1738//1738 142//142
f 69//69 15//15 14//14
f 61//61 89//89 58//58
f 103//103 71//71 39//39
f 31//31 90//90 58//58
f 80//80 1364//1364 1324//1324
f 81//81 37//37 46//46
f 1364//1364 80//80 1318//1318
f 94//94 88//88 25//25
f 75//75 82//82 55//55
f 1472//1472 62//62 53//53
f 52//52 57//57 83//83
f 74//74 88//88 93//93
f 87//87 95//95 98//98
f 1653//1653 96//96 45//45
f 31//31 69//69 19//19
f 39//39 60//60 103//103
f 61//61 3//3 89//89
f 3//3 61//61 44//44
f 10//10 35//35 18//18
f 16//16 17//17 72//72
f 70//70 71//71 34//34
f 66//66 12//12 40//40
f 68//68 82//82 75//75
f 2//2 22//22 24//24
f 21//21 47//47 27//27
f 95//95 87//87 96//96
f 166//166 159//159 76//76
f 69//69 14//14 19//19
f 44//44 1362//1362 3//3
f 23//23 93//93 99//99
f 42//42 70//70 1473//1473
f 38//38 9//9 31//31
f 93//93 23//23 15//15
f 15//15 74//74 93//93
f 72//72 97//97 16//16
f 7//7 1471//1471 60//60
f 72//72 103//103 60//60
f 10//10 18//18 39//39
f 71//71 10//10 39//39
f 18//18 35//35 73//73
f 1473//1473 34//34 1474//1474
f 72//72 17//17 1474//1474
f 65//65 12//12 27//27
f 21//21 27//27 26//26
f 1480//1480 27//27 12//12
f 20//20 1480//1480 12//12
f 55//55 36//36 75//75
f 94//94 67//67 75//75
f 1654//1654 7//7 60//60
f 23//23 99//99 29//29
f 135//135 76//76 30//30
f 124//124 54//54 32//32
f 54//54 124//124 33//33
f 73//73 124//124 32//32
f 38//38 32//32 54//54
f 23//23 29//29 1471//1471
f 1654//1654 8//8 7//7
f 106//106 123//123 77//77
f 20//20 22//22 1480//1480
f 99//99 94//94 36//36
f 28//28 36//36 55//55
f 36//36 29//29 99//99
f 1476//1476 37//37 81//81
f 104//104 37//37 134//134
f 42//42 1473//1473 5//5
f 38//38 31//31 19//19
f 20//20 66//66 25//25
f 84//84 1477//1477 98//98
f 10//10 101//101 35//35
f 1653//1653 46//46 37//37
f 45//45 87//87 1362//1362
f 105//105 59//59 91//91
f 57//57 112//112 1//1
f 1477//1477 84//84 64//64
f 110//110 21//21 98//98
f 48//48 30//30 95//95
f 51//51 105//105 107//107
f 100//100 30//30 48//48
f 1772//1772 82//82 108//108
f 76//76 84//84 30//30
f 56//56 112//112 57//57
f 11//11 1479//1479 1323//1323
f 1325//1325 112//112 56//56
f 24//24 3//3 2//2
f 26//26 27//27 1480//1480
f 1775//1775 49//49 107//107
f 90//90 50//50 109//109
f 111//111 10//10 163//163
f 55//55 62//62 28//28
f 55//55 79//79 62//62
f 70//70 42//42 142//142
f 52//52 63//63 57//57
f 81//81 86//86 1475//1475
f 65//65 27//27 47//47
f 88//88 74//74 24//24
f 1479//1479 4//4 78//78
f 82//82 68//68 11//11
f 2//2 3//3 1362//1362
f 26//26 1362//1362 87//87
f 5//5 1473//1473 1478//1478
f 54//54 59//59 9//9
f 99//99 93//93 88//88
f 22//22 88//88 24//24
f 58//58 89//89 69//69
f 31//31 58//58 69//69
f 60//60 1471//1471 97//97
f 16//16 28//28 17//17
f 56//56 92//92 53//53
f 1472//1472 92//92 1478//1478
f 92//92 63//63 5//5
f 16//16 36//36 28//28
f 9//9 59//59 51//51
f 1479//1479 68//68 67//67
f 68//68 75//75 67//67
f 68//68 1479//1479 11//11
f 79//79 55//55 82//82
f 1655//1655 66//66 40//40
f 3//3 24//24 89//89
f 1653//1653 48//48 96//96
f 2//2 26//26 1480//1480
f 58//58 90//90 109//109
f 135//135 166//166 76//76
f 28//28 62//62 17//17
f 59//59 54//54 33//33
f 33//33 102//102 59//59
f 14//14 1471//1471 7//7
f 1654//1654 73//73 8//8
f 101//101 10//10 111//111
f 10//10 71//71 163//163
f 163//163 70//70 142//142
f 77//77 124//124 73//73
f 65//65 40//40 12//12
f 1654//1654 39//39 18//18
f 74//74 15//15 69//69
f 25//25 66//66 67//67
f 25//25 67//67 94//94
f 69//69 89//89 74//74
f 7//7 19//19 14//14
f 1471//1471 14//14 23//23
f 97//97 29//29 16//16
f 1653//1653 104//104 48//48
f 134//134 37//37 1476//1476
f 13//13 49//49 1775//1775
f 123//123 124//124 77//77
f 103//103 34//34 71//71
f 77//77 73//73 35//35
f 35//35 101//101 106//106
f 106//106 77//77 35//35
f 89//89 24//24 74//74
f 73//73 1654//1654 18//18
f 96//96 48//48 95//95
f 49//49 51//51 107//107
f 20//20 12//12 66//66
f 25//25 22//22 20//20
f 44//44 1363//1363 46//46
f 57//57 63//63 56//56
f 110//110 98//98 1477//1477
f 108//108 11//11 1323//1323
f 4//4 67//67 66//66
f 102//102 91//91 59//59
f 1773//1773 85//85 1320//1320
f 84//84 95//95 30//30
f 79//79 53//53 62//62
f 65//65 1297//1297 40//40
f 6//6 110//110 1477//1477
f 64//64 84//84 76//76
f 81//81 46//46 1363//1363
f 95//95 84//84 98//98
f 25//25 88//88 22//22
f 105//105 51//51 59//59
f 41//41 5//5 63//63
f 70//70 163//163 71//71
f 87//87 98//98 21//21
f 79//79 82//82 1772//1772
f 45//45 96//96 87//87
f 86//86 1361//1361 13//13
f 9//9 90//90 31//31
f 100//100 48//48 104//104
f 92//92 56//56 63//63
f 1082//1082 1311//1311 115//115
f 114//114 119//119 113//113
f 1505//1505 118//118 1110//1110
f 113//113 119//119 1505//1505
f 113//113 1505//1505 1110//1110
f 852//852 119//119 1504//1504
f 119//119 852//852 1505//1505
f 170//170 1504//1504 119//119
f 121//121 143//143 132//132
f 125//125 169//169 126//126
f 127//127 165//165 106//106
f 125//125 165//165 1774//1774
f 121//121 128//128 143//143
f 138//138 120//120 131//131
f 104//104 131//131 133//133
f 131//131 1482//1482 133//133
f 1571//1571 160//160 142//142
f 127//127 146//146 1360//1360
f 150//150 149//149 138//138
f 164//164 1774//1774 165//165
f 133//133 100//100 104//104
f 135//135 151//151 166//166
f 1657//1657 132//132 130//130
f 1658//1658 204//204 148//148
f 1275//1275 76//76 159//159
f 141//141 155//155 1282//1282
f 125//125 1774//1774 148//148
f 123//123 106//106 165//165
f 1359//1359 146//146 160//160
f 153//153 161//161 122//122
f 139//139 122//122 151//151
f 102//102 33//33 126//126
f 123//123 165//165 125//125
f 129//129 160//160 1571//1571
f 164//164 1341//1341 1774//1774
f 138//138 149//149 120//120
f 136//136 1481//1481 1476//1476
f 124//124 123//123 125//125
f 1658//1658 1774//1774 1357//1357
f 164//164 127//127 1340//1340
f 101//101 111//111 146//146
f 120//120 149//149 167//167
f 134//134 1476//1476 1481//1481
f 139//139 151//151 135//135
f 100//100 133//133 139//139
f 139//139 135//135 100//100
f 151//151 121//121 132//132
f 1738//1738 1571//1571 142//142
f 140//140 141//141 1282//1282
f 130//130 132//132 143//143
f 136//136 147//147 1481//1481
f 124//124 126//126 33//33
f 1774//1774 1658//1658 148//148
f 128//128 157//157 156//156
f 128//128 156//156 152//152
f 1483//1483 155//155 152//152
f 158//158 120//120 147//147
f 121//121 151//151 122//122
f 169//169 148//148 204//204
f 148//148 169//169 125//125
f 160//160 146//146 111//111
f 122//122 1482//1482 153//153
f 1365//1365 161//161 157//157
f 155//155 141//141 152//152
f 149//149 150//150 167//167
f 134//134 150//150 104//104
f 102//102 126//126 145//145
f 145//145 162//162 279//279
f 127//127 106//106 101//101
f 163//163 160//160 111//111
f 125//125 126//126 124//124
f 165//165 127//127 164//164
f 1360//1360 1340//1340 127//127
f 143//143 152//152 141//141
f 166//166 151//151 132//132
f 134//134 167//167 150//150
f 142//142 160//160 163//163
f 104//104 150//150 131//131
f 1365//1365 122//122 161//161
f 139//139 1482//1482 122//122
f 133//133 1482//1482 139//139
f 13//13 137//137 1475//1475
f 146//146 127//127 101//101
f 1482//1482 131//131 120//120
f 131//131 150//150 138//138
f 159//159 132//132 1657//1657
f 126//126 169//169 145//145
f 130//130 143//143 141//141
f 130//130 140//140 1657//1657
f 152//152 143//143 128//128
f 140//140 130//130 141//141
f 132//132 159//159 166//166
f 167//167 134//134 1481//1481
f 170//170 1006//1006 880//880
f 173//173 171//171 172//172
f 283//283 168//168 284//284
f 183//183 176//176 177//177
f 1777//1777 1370//1370 208//208
f 285//285 184//184 1484//1484
f 187//187 185//185 186//186
f 193//193 192//192 243//243
f 275//275 252//252 188//188
f 205//205 206//206 1658//1658
f 284//284 107//107 210//210
f 290//290 203//203 291//291
f 223//223 221//221 222//222
f 227//227 172//172 171//171
f 174//174 117//117 116//116
f 228//228 233//233 1367//1367
f 237//237 235//235 236//236
f 256//256 293//293 236//236
f 209//209 107//107 105//105
f 199//199 117//117 174//174
f 224//224 1370//1370 1371//1371
f 284//284 1775//1775 107//107
f 226//226 238//238 154//154
f 212//212 202//202 234//234
f 297//297 289//289 243//243
f 212//212 211//211 247//247
f 250//250 213//213 249//249
f 161//161 184//184 285//285
f 293//293 256//256 278//278
f 210//210 209//209 223//223
f 267//267 257//257 1366//1366
f 176//176 266//266 193//193
f 246//246 169//169 207//207
f 168//168 225//225 1656//1656
f 171//171 292//292 227//227
f 257//257 267//267 258//258
f 269//269 272//272 243//243
f 284//284 168//168 1656//1656
f 269//269 253//253 272//272
f 180//180 179//179 294//294
f 1776//1776 277//277 263//263
f 272//272 271//271 193//193
f 191//191 1662//1662 192//192
f 266//266 176//176 183//183
f 238//238 239//239 275//275
f 233//233 187//187 239//239
f 225//225 233//233 226//226
f 254//254 183//183 194//194
f 216//216 202//202 237//237
f 203//203 253//253 234//234
f 1661//1661 229//229 1370//1370
f 102//102 145//145 279//279
f 285//285 157//157 161//161
f 183//183 280//280 194//194
f 183//183 177//177 280//280
f 281//281 182//182 230//230
f 178//178 1661//1661 1487//1487
f 198//198 197//197 261//261
f 212//212 289//289 211//211
f 279//279 162//162 1777//1777
f 214//214 117//117 199//199
f 221//221 224//224 283//283
f 1776//1776 190//190 1346//1346
f 240//240 241//241 1488//1488
f 476//476 292//292 173//173
f 235//235 247//247 236//236
f 224//224 208//208 1370//1370
f 223//223 209//209 221//221
f 162//162 246//246 1777//1777
f 1486//1486 183//183 254//254
f 193//193 266//266 192//192
f 1659//1659 179//179 180//180
f 1805//1805 247//247 211//211
f 198//198 261//261 175//175
f 250//250 249//249 186//186
f 283//283 222//222 221//221
f 283//283 224//224 168//168
f 210//210 283//283 284//284
f 222//222 283//283 210//210
f 252//252 1484//1484 184//184
f 248//248 117//117 214//214
f 203//203 290//290 253//253
f 277//277 218//218 189//189
f 476//476 264//264 189//189
f 264//264 217//217 263//263
f 256//256 295//295 178//178
f 282//282 207//207 204//204
f 236//236 293//293 181//181
f 205//205 1658//1658 1357//1357
f 1358//1358 205//205 1357//1357
f 209//209 208//208 224//224
f 209//209 224//224 221//221
f 222//222 210//210 223//223
f 480//480 294//294 179//179
f 260//260 195//195 276//276
f 260//260 262//262 220//220
f 250//250 198//198 175//175
f 201//201 215//215 286//286
f 237//237 240//240 216//216
f 202//202 235//235 237//237
f 264//264 241//241 255//255
f 189//189 264//264 263//263
f 236//236 295//295 256//256
f 256//256 178//178 1487//1487
f 207//207 169//169 204//204
f 288//288 262//262 260//260
f 262//262 175//175 220//220
f 91//91 102//102 279//279
f 190//190 263//263 1485//1485
f 238//238 226//226 239//239
f 187//187 228//228 185//185
f 228//228 187//187 233//233
f 184//184 158//158 252//252
f 1804//1804 154//154 238//238
f 107//107 209//209 210//210
f 292//292 171//171 173//173
f 271//271 258//258 267//267
f 255//255 181//181 298//298
f 105//105 208//208 209//209
f 1662//1662 220//220 231//231
f 213//213 250//250 175//175
f 271//271 272//272 273//273
f 197//197 228//228 182//182
f 1662//1662 297//297 192//192
f 240//240 237//237 181//181
f 1371//1371 225//225 168//168
f 1371//1371 168//168 224//224
f 244//244 922//922 285//285
f 157//157 285//285 922//922
f 1345//1345 1776//1776 1346//1346
f 292//292 476//476 189//189
f 234//234 253//253 269//269
f 192//192 297//297 243//243
f 1370//1370 229//229 1371//1371
f 1485//1485 265//265 282//282
f 261//261 220//220 175//175
f 783//783 287//287 288//288
f 177//177 351//351 280//280
f 295//295 236//236 247//247
f 265//265 207//207 282//282
f 296//296 196//196 1805//1805
f 296//296 1805//1805 211//211
f 1805//1805 196//196 1660//1660
f 1369//1369 281//281 230//230
f 265//265 1485//1485 217//217
f 185//185 197//197 198//198
f 1371//1371 1368//1368 225//225
f 252//252 158//158 188//188
f 188//188 158//158 147//147
f 154//154 1656//1656 226//226
f 153//153 184//184 161//161
f 215//215 291//291 286//286
f 254//254 366//366 1490//1490
f 1661//1661 178//178 1369//1369
f 277//277 1344//1344 218//218
f 212//212 247//247 235//235
f 1369//1369 274//274 281//281
f 1805//1805 281//281 274//274
f 282//282 204//204 206//206
f 219//219 206//206 205//205
f 208//208 91//91 279//279
f 234//234 289//289 212//212
f 273//273 258//258 271//271
f 180//180 258//258 273//273
f 200//200 179//179 201//201
f 196//196 261//261 197//197
f 1660//1660 196//196 197//197
f 1489//1489 1790//1790 251//251
f 117//117 248//248 116//116
f 249//249 248//248 186//186
f 116//116 248//248 249//249
f 260//260 220//220 1662//1662
f 249//249 259//259 245//245
f 213//213 719//719 259//259
f 197//197 185//185 228//228
f 185//185 198//198 250//250
f 185//185 250//250 186//186
f 195//195 1662//1662 191//191
f 273//273 272//272 253//253
f 397//397 286//286 270//270
f 1659//1659 290//290 215//215
f 253//253 290//290 273//273
f 1659//1659 215//215 201//201
f 289//289 234//234 269//269
f 202//202 203//203 234//234
f 212//212 235//235 202//202
f 263//263 277//277 189//189
f 1776//1776 1345//1345 277//277
f 189//189 232//232 292//292
f 236//236 181//181 237//237
f 232//232 189//189 218//218
f 1344//1344 277//277 1345//1345
f 274//274 178//178 295//295
f 295//295 247//247 274//274
f 208//208 279//279 1777//1777
f 258//258 180//180 294//294
f 266//266 191//191 192//192
f 276//276 783//783 288//288
f 1490//1490 276//276 195//195
f 260//260 1662//1662 195//195
f 276//276 288//288 260//260
f 262//262 719//719 213//213
f 259//259 249//249 213//213
f 245//245 116//116 249//249
f 1484//1484 174//174 251//251
f 1490//1490 366//366 299//299
f 179//179 1659//1659 201//201
f 290//290 291//291 215//215
f 203//203 216//216 291//291
f 202//202 216//216 203//203
f 291//291 216//216 1488//1488
f 255//255 241//241 240//240
f 476//476 241//241 264//264
f 274//274 1369//1369 178//178
f 91//91 208//208 105//105
f 288//288 719//719 262//262
f 759//759 245//245 259//259
f 1486//1486 195//195 191//191
f 272//272 193//193 243//243
f 226//226 1656//1656 225//225
f 1367//1367 1368//1368 230//230
f 226//226 233//233 239//239
f 485//485 241//241 476//476
f 207//207 265//265 278//278
f 282//282 206//206 1485//1485
f 285//285 1484//1484 244//244
f 176//176 193//193 271//271
f 269//269 243//243 289//289
f 297//297 231//231 296//296
f 214//214 275//275 239//239
f 298//298 217//217 255//255
f 292//292 268//268 227//227
f 267//267 177//177 176//176
f 176//176 271//271 267//267
f 231//231 220//220 261//261
f 187//187 186//186 248//248
f 187//187 214//214 239//239
f 187//187 248//248 214//214
f 485//485 270//270 241//241
f 292//292 232//232 268//268
f 255//255 240//240 181//181
f 297//297 296//296 211//211
f 246//246 207//207 278//278
f 255//255 217//217 264//264
f 293//293 278//278 265//265
f 242//242 218//218 1343//1343
f 287//287 719//719 288//288
f 244//244 1484//1484 251//251
f 231//231 297//297 1662//1662
f 1804//1804 188//188 147//147
f 1367//1367 230//230 182//182
f 188//188 238//238 275//275
f 298//298 265//265 217//217
f 306//306 304//304 305//305
f 309//309 307//307 308//308
f 307//307 309//309 310//310
f 315//315 314//314 323//323
f 317//317 312//312 316//316
f 317//317 316//316 318//318
f 325//325 324//324 328//328
f 330//330 321//321 308//308
f 349//349 1663//1663 307//307
f 316//316 312//312 318//318
f 308//308 307//307 330//330
f 318//318 312//312 332//332
f 310//310 309//309 308//308
f 327//327 303//303 329//329
f 336//336 1259//1259 335//335
f 323//323 756//756 333//333
f 339//339 335//335 343//343
f 337//337 359//359 342//342
f 328//328 303//303 327//327
f 325//325 1366//1366 257//257
f 310//310 349//349 307//307
f 355//355 353//353 354//354
f 356//356 354//354 353//353
f 330//330 307//307 1663//1663
f 1500//1500 331//331 1664//1664
f 348//348 327//327 329//329
f 328//328 327//327 345//345
f 303//303 324//324 361//361
f 194//194 340//340 333//333
f 312//312 317//317 311//311
f 317//317 318//318 331//331
f 317//317 1500//1500 311//311
f 308//308 321//321 310//310
f 314//314 315//315 348//348
f 1663//1663 757//757 314//314
f 480//480 320//320 257//257
f 322//322 321//321 329//329
f 332//332 1663//1663 349//349
f 322//322 349//349 310//310
f 280//280 340//340 194//194
f 294//294 480//480 257//257
f 332//332 331//331 318//318
f 351//351 345//345 340//340
f 347//347 1500//1500 767//767
f 328//328 351//351 325//325
f 359//359 313//313 342//342
f 334//334 1319//1319 362//362
f 350//350 326//326 361//361
f 332//332 349//349 346//346
f 367//367 771//771 358//358
f 363//363 359//359 337//337
f 303//303 328//328 324//324
f 361//361 320//320 1336//1336
f 324//324 320//320 361//361
f 257//257 320//320 325//325
f 350//350 357//357 326//326
f 336//336 335//335 339//339
f 413//413 367//367 358//358
f 337//337 303//303 326//326
f 324//324 325//325 320//320
f 337//337 326//326 365//365
f 344//344 341//341 346//346
f 332//332 341//341 331//331
f 348//348 329//329 321//321
f 340//340 345//345 315//315
f 329//329 342//342 322//322
f 332//332 347//347 1663//1663
f 327//327 348//348 315//315
f 342//342 303//303 337//337
f 194//194 333//333 319//319
f 413//413 335//335 1259//1259
f 352//352 1500//1500 1664//1664
f 310//310 321//321 322//322
f 342//342 329//329 303//303
f 317//317 331//331 1500//1500
f 311//311 1500//1500 347//347
f 313//313 346//346 322//322
f 1663//1663 348//348 330//330
f 756//756 323//323 314//314
f 713//713 299//299 366//366
f 194//194 319//319 254//254
f 366//366 254//254 319//319
f 340//340 323//323 333//333
f 349//349 322//322 346//346
f 345//345 327//327 315//315
f 823//823 352//352 358//358
f 311//311 332//332 312//312
f 319//319 713//713 366//366
f 325//325 351//351 1366//1366
f 280//280 351//351 340//340
f 1333//1333 313//313 359//359
f 345//345 351//351 328//328
f 1319//1319 339//339 362//362
f 362//362 344//344 338//338
f 413//413 358//358 343//343
f 413//413 343//343 335//335
f 362//362 339//339 344//344
f 336//336 339//339 1319//1319
f 341//341 344//344 339//339
f 352//352 1664//1664 358//358
f 1664//1664 343//343 358//358
f 361//361 1336//1336 350//350
f 344//344 346//346 338//338
f 1321//1321 338//338 313//313
f 340//340 315//315 323//323
f 338//338 346//346 313//313
f 322//322 342//342 313//313
f 311//311 347//347 332//332
f 339//339 343//343 341//341
f 348//348 321//321 330//330
f 361//361 326//326 303//303
f 463//463 369//369 370//370
f 380//380 378//378 379//379
f 638//638 393//393 468//468
f 460//460 520//520 382//382
f 232//232 218//218 481//481
f 399//399 172//172 398//398
f 475//475 400//400 384//384
f 457//457 410//410 391//391
f 1427//1427 411//411 1551//1551
f 522//522 462//462 412//412
f 415//415 627//627 434//434
f 379//379 416//416 380//380
f 416//416 379//379 417//417
f 420//420 418//418 419//419
f 1373//1373 421//421 422//422
f 227//227 398//398 172//172
f 1249//1249 427//427 421//421
f 428//428 429//429 494//494
f 428//428 422//422 429//429
f 431//431 411//411 1372//1372
f 1551//1551 411//411 431//431
f 433//433 493//493 432//432
f 493//493 501//501 432//432
f 429//429 427//427 1327//1327
f 440//440 502//502 438//438
f 433//433 458//458 493//493
f 410//410 521//521 442//442
f 434//434 414//414 585//585
f 507//507 496//496 449//449
f 457//457 391//391 392//392
f 433//433 355//355 452//452
f 421//421 429//429 422//422
f 516//516 454//454 492//492
f 521//521 457//457 428//428
f 503//503 458//458 433//433
f 429//429 421//421 427//427
f 441//441 426//426 411//411
f 483//483 396//396 385//385
f 320//320 480//480 441//441
f 1806//1806 382//382 520//520
f 401//401 471//471 402//402
f 445//445 179//179 200//200
f 516//516 404//404 512//512
f 572//572 604//604 649//649
f 397//397 436//436 200//200
f 485//485 476//476 448//448
f 585//585 392//392 434//434
f 478//478 1806//1806 468//468
f 383//383 513//513 491//491
f 488//488 487//487 503//503
f 433//433 432//432 439//439
f 413//413 461//461 367//367
f 435//435 425//425 436//436
f 459//459 389//389 507//507
f 495//495 503//503 487//487
f 424//424 502//502 452//452
f 360//360 412//412 462//462
f 520//520 460//460 1671//1671
f 459//459 449//449 430//430
f 446//446 447//447 435//435
f 521//521 428//428 494//494
f 1327//1327 494//494 429//429
f 503//503 433//433 452//452
f 459//459 447//447 389//389
f 1779//1779 761//761 502//502
f 500//500 488//488 503//503
f 761//761 500//500 502//502
f 1259//1259 360//360 413//413
f 1544//1544 1417//1417 301//301
f 452//452 502//502 503//503
f 511//511 460//460 506//506
f 472//472 508//508 409//409
f 510//510 390//390 507//507
f 376//376 394//394 377//377
f 390//390 464//464 505//505
f 286//286 397//397 201//201
f 270//270 453//453 397//397
f 383//383 512//512 479//479
f 448//448 499//499 443//443
f 388//388 400//400 387//387
f 504//504 384//384 375//375
f 511//511 444//444 460//460
f 405//405 443//443 499//499
f 475//475 472//472 469//469
f 510//510 509//509 473//473
f 474//474 509//509 510//510
f 470//470 1374//1374 469//469
f 387//387 400//400 475//475
f 200//200 456//456 445//445
f 446//446 515//515 447//447
f 200//200 201//201 397//397
f 481//481 386//386 499//499
f 481//481 499//499 448//448
f 465//465 1374//1374 405//405
f 465//465 499//499 386//386
f 473//473 472//472 409//409
f 384//384 504//504 475//475
f 478//478 514//514 403//403
f 404//404 514//514 518//518
f 614//614 444//444 511//511
f 446//446 443//443 515//515
f 242//242 386//386 481//481
f 441//441 480//480 445//445
f 1806//1806 478//478 382//382
f 441//441 411//411 1427//1427
f 390//390 510//510 1494//1494
f 406//406 451//451 690//690
f 461//461 360//360 462//462
f 479//479 393//393 486//486
f 172//172 399//399 173//173
f 482//482 380//380 669//669
f 493//493 367//367 461//461
f 399//399 398//398 268//268
f 398//398 227//227 268//268
f 379//379 378//378 417//417
f 425//425 435//435 447//447
f 515//515 389//389 447//447
f 425//425 447//447 459//459
f 488//488 500//500 517//517
f 375//375 408//408 369//369
f 1493//1493 478//478 403//403
f 520//520 638//638 1806//1806
f 406//406 396//396 451//451
f 377//377 505//505 464//464
f 600//600 638//638 520//520
f 425//425 426//426 436//436
f 399//399 232//232 448//448
f 232//232 399//399 268//268
f 399//399 448//448 173//173
f 449//449 459//459 507//507
f 473//473 409//409 368//368
f 494//494 437//437 521//521
f 512//512 518//518 479//479
f 462//462 501//501 461//461
f 408//408 370//370 369//369
f 492//492 407//407 516//516
f 407//407 404//404 516//516
f 464//464 455//455 466//466
f 469//469 387//387 475//475
f 375//375 463//463 504//504
f 463//463 375//375 369//369
f 408//408 375//375 384//384
f 390//390 1494//1494 464//464
f 1353//1353 384//384 400//400
f 1494//1494 455//455 464//464
f 1336//1336 320//320 441//441
f 523//523 376//376 377//377
f 638//638 468//468 1806//1806
f 486//486 467//467 479//479
f 479//479 467//467 383//383
f 440//440 438//438 424//424
f 474//474 389//389 515//515
f 505//505 496//496 390//390
f 173//173 448//448 476//476
f 389//389 474//474 507//507
f 451//451 396//396 483//483
f 381//381 396//396 406//406
f 1665//1665 396//396 490//490
f 467//467 513//513 383//383
f 512//512 491//491 516//516
f 407//407 477//477 514//514
f 218//218 242//242 481//481
f 509//509 469//469 472//472
f 1494//1494 510//510 473//473
f 510//510 507//507 474//474
f 470//470 509//509 474//474
f 1374//1374 465//465 387//387
f 470//470 469//469 509//509
f 382//382 506//506 460//460
f 514//514 404//404 407//407
f 477//477 450//450 490//490
f 511//511 506//506 406//406
f 381//381 403//403 490//490
f 406//406 1493//1493 381//381
f 382//382 478//478 1493//1493
f 604//604 572//572 374//374
f 515//515 405//405 470//470
f 470//470 474//474 515//515
f 404//404 518//518 512//512
f 514//514 477//477 403//403
f 518//518 514//514 478//478
f 1372//1372 425//425 459//459
f 1374//1374 470//470 405//405
f 443//443 405//405 515//515
f 445//445 480//480 179//179
f 1249//1249 385//385 519//519
f 1373//1373 385//385 421//421
f 406//406 620//620 511//511
f 468//468 393//393 479//479
f 453//453 485//485 446//446
f 388//388 387//387 465//465
f 479//479 518//518 468//468
f 489//489 395//395 484//484
f 457//457 395//395 489//489
f 451//451 483//483 423//423
f 423//423 690//690 451//451
f 450//450 301//301 490//490
f 436//436 453//453 435//435
f 436//436 397//397 453//453
f 492//492 1779//1779 407//407
f 525//525 368//368 409//409
f 438//438 502//502 424//424
f 458//458 503//503 495//495
f 448//448 446//446 485//485
f 502//502 500//500 503//503
f 496//496 507//507 390//390
f 301//301 519//519 1665//1665
f 491//491 512//512 383//383
f 523//523 377//377 497//497
f 524//524 442//442 521//521
f 445//445 456//456 441//441
f 456//456 436//436 426//426
f 200//200 436//436 456//456
f 448//448 232//232 481//481
f 441//441 456//456 426//426
f 395//395 457//457 392//392
f 690//690 423//423 484//484
f 516//516 820//820 454//454
f 446//446 435//435 453//453
f 820//820 516//516 491//491
f 368//368 455//455 1494//1494
f 1427//1427 1336//1336 441//441
f 525//525 409//409 508//508
f 504//504 463//463 508//508
f 508//508 463//463 370//370
f 396//396 381//381 490//490
f 478//478 468//468 518//518
f 461//461 501//501 493//493
f 440//440 1779//1779 502//502
f 530//530 528//528 529//529
f 402//402 533//533 534//534
f 533//533 402//402 471//471
f 586//586 535//535 536//536
f 630//630 537//537 661//661
f 306//306 528//528 304//304
f 544//544 655//655 527//527
f 668//668 673//673 657//657
f 548//548 546//546 547//547
f 533//533 563//563 534//534
f 533//533 401//401 563//563
f 306//306 530//530 529//529
f 529//529 528//528 306//306
f 528//528 530//530 576//576
f 548//548 561//561 562//562
f 566//566 576//576 565//565
f 575//575 380//380 553//553
f 674//674 639//639 594//594
f 304//304 371//371 576//576
f 419//419 418//418 578//578
f 578//578 418//418 420//420
f 623//623 608//608 559//559
f 576//576 1781//1781 552//552
f 558//558 1666//1666 590//590
f 676//676 587//587 675//675
f 482//482 378//378 380//380
f 546//546 548//548 562//562
f 602//602 417//417 378//378
f 553//553 380//380 416//416
f 814//814 482//482 1492//1492
f 632//632 687//687 608//608
f 591//591 609//609 527//527
f 561//561 548//548 547//547
f 615//615 364//364 616//616
f 526//526 612//612 556//556
f 579//579 582//582 654//654
f 541//541 618//618 619//619
f 623//623 622//622 560//560
f 484//484 395//395 625//625
f 593//593 538//538 609//609
f 673//673 414//414 627//627
f 628//628 1666//1666 558//558
f 640//640 672//672 538//538
f 542//542 402//402 551//551
f 547//547 1783//1783 561//561
f 537//537 372//372 304//304
f 566//566 537//537 528//528
f 639//639 674//674 665//665
f 588//588 549//549 302//302
f 535//535 596//596 536//536
f 546//546 557//557 763//763
f 546//546 763//763 547//547
f 576//576 552//552 565//565
f 651//651 634//634 540//540
f 637//637 579//579 444//444
f 556//556 588//588 302//302
f 623//623 559//559 622//622
f 534//534 629//629 551//551
f 420//420 653//653 578//578
f 1781//1781 576//576 661//661
f 372//372 371//371 304//304
f 576//576 530//530 304//304
f 460//460 444//444 1671//1671
f 654//654 584//584 598//598
f 302//302 549//549 671//671
f 1780//1780 597//597 674//674
f 570//570 667//667 598//598
f 660//660 498//498 599//599
f 655//655 591//591 527//527
f 593//593 609//609 697//697
f 668//668 658//658 585//585
f 486//486 599//599 498//498
f 401//401 402//402 542//542
f 401//401 542//542 563//563
f 563//563 542//542 532//532
f 585//585 414//414 668//668
f 669//669 652//652 1495//1495
f 666//666 633//633 611//611
f 541//541 526//526 621//621
f 632//632 608//608 633//633
f 639//639 665//665 688//688
f 373//373 689//689 616//616
f 536//536 588//588 556//556
f 539//539 526//526 541//541
f 639//639 640//640 1666//1666
f 628//628 592//592 1666//1666
f 563//563 629//629 534//534
f 675//675 587//587 1676//1676
f 565//565 552//552 537//537
f 677//677 613//613 625//625
f 677//677 659//659 613//613
f 640//640 639//639 688//688
f 545//545 603//603 687//687
f 537//537 566//566 565//565
f 576//576 566//566 528//528
f 651//651 635//635 1782//1782
f 649//649 604//604 644//644
f 602//602 662//662 631//631
f 417//417 631//631 416//416
f 679//679 549//549 555//555
f 531//531 633//633 606//606
f 673//673 668//668 414//414
f 763//763 557//557 680//680
f 709//709 626//626 681//681
f 642//642 577//577 567//567
f 682//682 567//567 577//577
f 643//643 577//577 642//642
f 583//583 683//683 798//798
f 661//661 371//371 630//630
f 567//567 647//647 642//642
f 564//564 635//635 651//651
f 681//681 568//568 635//635
f 635//635 568//568 1782//1782
f 637//637 641//641 648//648
f 578//578 645//645 419//419
f 645//645 420//420 419//419
f 581//581 682//682 649//649
f 682//682 581//581 648//648
f 582//582 581//581 649//649
f 579//579 1671//1671 444//444
f 839//839 686//686 374//374
f 684//684 683//683 583//583
f 569//569 839//839 374//374
f 1495//1495 663//663 686//686
f 568//568 626//626 643//643
f 393//393 638//638 571//571
f 569//569 684//684 583//583
f 539//539 612//612 526//526
f 616//616 300//300 373//373
f 539//539 619//619 612//612
f 395//395 392//392 585//585
f 662//662 669//669 553//553
f 402//402 534//534 551//551
f 629//629 563//563 1670//1670
f 527//527 609//609 672//672
f 763//763 1783//1783 547//547
f 617//617 658//658 677//677
f 695//695 625//625 613//613
f 641//641 624//624 613//613
f 364//364 615//615 697//697
f 1784//1784 597//597 1780//1780
f 590//590 1666//1666 640//640
f 593//593 615//615 671//671
f 1668//1668 538//538 593//593
f 588//588 596//596 555//555
f 690//690 695//695 620//620
f 561//561 1783//1783 628//628
f 304//304 528//528 537//537
f 691//691 603//603 545//545
f 602//602 631//631 417//417
f 378//378 482//482 554//554
f 597//597 531//531 610//610
f 1669//1669 688//688 665//665
f 675//675 537//537 552//552
f 554//554 602//602 378//378
f 677//677 658//658 603//603
f 692//692 607//607 664//664
f 666//666 607//607 633//633
f 594//594 592//592 542//542
f 609//609 538//538 672//672
f 618//618 541//541 621//621
f 539//539 541//541 619//619
f 621//621 693//693 618//618
f 536//536 556//556 698//698
f 624//624 637//637 614//614
f 620//620 624//624 614//614
f 674//674 597//597 665//665
f 687//687 658//658 668//668
f 629//629 636//636 564//564
f 691//691 694//694 595//595
f 482//482 669//669 1492//1492
f 575//575 669//669 380//380
f 608//608 623//623 633//633
f 663//663 644//644 604//604
f 633//633 623//623 611//611
f 595//595 659//659 677//677
f 665//665 610//610 1669//1669
f 561//561 628//628 562//562
f 687//687 603//603 658//658
f 697//697 615//615 593//593
f 607//607 666//666 664//664
f 556//556 689//689 526//526
f 620//620 695//695 624//624
f 416//416 631//631 553//553
f 663//663 646//646 685//685
f 543//543 680//680 557//557
f 689//689 373//373 621//621
f 689//689 556//556 302//302
f 632//632 633//633 531//531
f 606//606 610//610 531//531
f 1783//1783 592//592 628//628
f 706//706 532//532 1783//1783
f 564//564 551//551 629//629
f 696//696 636//636 1670//1670
f 675//675 1676//1676 661//661
f 537//537 630//630 372//372
f 630//630 371//371 372//372
f 678//678 825//825 683//683
f 395//395 617//617 625//625
f 614//614 511//511 620//620
f 696//696 681//681 636//636
f 393//393 599//599 486//486
f 1668//1668 593//593 671//671
f 555//555 549//549 588//588
f 586//586 1395//1395 1781//1781
f 679//679 555//555 543//543
f 1496//1496 545//545 632//632
f 540//540 564//564 651//651
f 557//557 546//546 562//562
f 558//558 562//562 628//628
f 594//594 639//639 592//592
f 1783//1783 532//532 542//542
f 550//550 608//608 668//668
f 550//550 668//668 657//657
f 608//608 550//550 580//580
f 596//596 543//543 555//555
f 552//552 1781//1781 1395//1395
f 577//577 1497//1497 682//682
f 571//571 638//638 667//667
f 654//654 1671//1671 579//579
f 570//570 601//601 667//667
f 647//647 595//595 694//694
f 568//568 643//643 1782//1782
f 635//635 564//564 636//636
f 678//678 626//626 825//825
f 685//685 584//584 654//654
f 683//683 1497//1497 678//678
f 662//662 573//573 669//669
f 601//601 726//726 589//589
f 590//590 679//679 558//558
f 854//854 543//543 596//596
f 688//688 672//672 640//640
f 597//597 610//610 665//665
f 633//633 607//607 606//606
f 559//559 608//608 580//580
f 679//679 557//557 558//558
f 543//543 557//557 679//679
f 866//866 680//680 543//543
f 1780//1780 674//674 594//594
f 577//577 643//643 678//678
f 641//641 637//637 624//624
f 678//678 1497//1497 577//577
f 1497//1497 683//683 684//684
f 1497//1497 649//649 682//682
f 653//653 684//684 569//569
f 584//584 570//570 598//598
f 614//614 637//637 444//444
f 649//649 420//420 645//645
f 584//584 646//646 652//652
f 584//584 685//685 646//646
f 574//574 652//652 573//573
f 570//570 584//584 574//574
f 670//670 570//570 574//574
f 573//573 670//670 574//574
f 684//684 653//653 420//420
f 839//839 583//583 1672//1672
f 1492//1492 669//669 605//605
f 733//733 686//686 839//839
f 551//551 564//564 540//540
f 576//576 371//371 661//661
f 626//626 678//678 643//643
f 648//648 647//647 567//567
f 645//645 578//578 653//653
f 572//572 645//645 653//653
f 645//645 572//572 649//649
f 567//567 682//682 648//648
f 581//581 579//579 637//637
f 581//581 582//582 579//579
f 654//654 598//598 1671//1671
f 663//663 685//685 644//644
f 598//598 667//667 600//600
f 572//572 653//653 569//569
f 374//374 572//572 569//569
f 647//647 648//648 641//641
f 649//649 644//644 582//582
f 574//574 584//584 652//652
f 1672//1672 583//583 798//798
f 583//583 839//839 569//569
f 616//616 364//364 300//300
f 373//373 693//693 621//621
f 1605//1605 619//619 693//693
f 695//695 484//484 625//625
f 677//677 625//625 617//617
f 687//687 632//632 545//545
f 647//647 694//694 642//642
f 1497//1497 420//420 649//649
f 660//660 599//599 589//589
f 696//696 709//709 681//681
f 585//585 658//658 617//617
f 624//624 695//695 613//613
f 671//671 689//689 302//302
f 1603//1603 612//612 619//619
f 620//620 406//406 690//690
f 542//542 551//551 594//594
f 661//661 537//537 675//675
f 545//545 634//634 691//691
f 558//558 557//557 562//562
f 549//549 1668//1668 671//671
f 589//589 599//599 571//571
f 589//589 571//571 601//601
f 641//641 613//613 659//659
f 575//575 553//553 669//669
f 586//586 536//536 698//698
f 698//698 556//556 612//612
f 607//607 692//692 699//699
f 615//615 616//616 671//671
f 544//544 1669//1669 656//656
f 679//679 1668//1668 549//549
f 687//687 668//668 608//608
f 641//641 659//659 647//647
f 604//604 374//374 663//663
f 571//571 667//667 601//601
f 1496//1496 531//531 597//597
f 686//686 663//663 374//374
f 601//601 570//570 670//670
f 1392//1392 552//552 1394//1394
f 690//690 484//484 695//695
f 611//611 623//623 560//560
f 699//699 606//606 607//607
f 595//595 647//647 659//659
f 693//693 619//619 618//618
f 596//596 588//588 536//536
f 526//526 689//689 621//621
f 1669//1669 610//610 606//606
f 1784//1784 634//634 1496//1496
f 689//689 671//671 616//616
f 648//648 581//581 637//637
f 685//685 582//582 644//644
f 553//553 631//631 662//662
f 571//571 599//599 393//393
f 652//652 669//669 573//573
f 636//636 681//681 635//635
f 654//654 582//582 685//685
f 704//704 701//701 703//703
f 1778//1778 704//704 712//712
f 866//866 705//705 680//680
f 733//733 806//806 724//724
f 833//833 800//800 799//799
f 808//808 849//849 790//790
f 794//794 835//835 783//783
f 1498//1498 727//727 786//786
f 1502//1502 889//889 1786//1786
f 726//726 791//791 829//829
f 830//830 740//740 708//708
f 732//732 731//731 747//747
f 732//732 836//836 805//805
f 835//835 744//744 850//850
f 1779//1779 492//492 761//761
f 844//844 712//712 758//758
f 754//754 1503//1503 791//791
f 783//783 276//276 299//299
f 554//554 828//828 827//827
f 824//824 770//770 700//700
f 467//467 486//486 755//755
f 771//771 823//823 358//358
f 769//769 759//759 841//841
f 696//696 848//848 765//765
f 706//706 763//763 705//705
f 716//716 795//795 778//778
f 804//804 811//811 818//818
f 827//827 849//849 808//808
f 756//756 757//757 781//781
f 715//715 709//709 795//795
f 830//830 722//722 1673//1673
f 793//793 960//960 928//928
f 713//713 735//735 736//736
f 741//741 731//731 742//742
f 834//834 812//812 813//813
f 824//824 700//700 772//772
f 1778//1778 712//712 820//820
f 454//454 844//844 845//845
f 761//761 492//492 454//454
f 752//752 844//844 758//758
f 714//714 874//874 774//774
f 789//789 788//788 807//807
f 720//720 714//714 707//707
f 701//701 704//704 772//772
f 781//781 762//762 756//756
f 314//314 757//757 756//756
f 758//758 771//771 752//752
f 778//778 795//795 765//765
f 725//725 778//778 765//765
f 771//771 758//758 703//703
f 818//818 794//794 773//773
f 774//774 707//707 714//714
f 680//680 705//705 763//763
f 707//707 774//774 764//764
f 802//802 764//764 751//751
f 706//706 714//714 846//846
f 754//754 791//791 662//662
f 754//754 602//602 827//827
f 814//814 554//554 482//482
f 729//729 816//816 749//749
f 790//790 809//809 808//808
f 712//712 704//704 758//758
f 850//850 847//847 841//841
f 841//841 719//719 287//287
f 830//830 1498//1498 740//740
f 838//838 715//715 716//716
f 796//796 825//825 715//715
f 727//727 830//830 1673//1673
f 717//717 832//832 722//722
f 710//710 728//728 832//832
f 1673//1673 832//832 728//728
f 650//650 787//787 842//842
f 832//832 717//717 740//740
f 717//717 708//708 740//740
f 745//745 842//842 777//777
f 816//816 729//729 799//799
f 851//851 776//776 807//807
f 792//792 660//660 589//589
f 819//819 750//750 809//809
f 725//725 801//801 826//826
f 717//717 721//721 708//708
f 722//722 830//830 708//708
f 787//787 650//650 796//796
f 777//777 710//710 738//738
f 833//833 738//738 718//718
f 800//800 718//718 1678//1678
f 842//842 745//745 831//831
f 1501//1501 809//809 750//750
f 736//736 766//766 1785//1785
f 850//850 744//744 847//847
f 796//796 715//715 838//838
f 838//838 787//787 796//796
f 787//787 728//728 710//710
f 729//729 833//833 799//799
f 723//723 803//803 834//834
f 1499//1499 1678//1678 836//836
f 710//710 723//723 738//738
f 738//738 723//723 711//711
f 745//745 797//797 831//831
f 748//748 851//851 734//734
f 735//735 810//810 736//736
f 818//818 744//744 835//835
f 729//729 745//745 777//777
f 1808//1808 834//834 803//803
f 1808//1808 739//739 834//834
f 813//813 812//812 746//746
f 813//813 741//741 834//834
f 746//746 747//747 813//813
f 812//812 834//834 746//746
f 836//836 1678//1678 718//718
f 711//711 742//742 805//805
f 813//813 747//747 741//741
f 836//836 747//747 739//739
f 739//739 903//903 836//836
f 797//797 733//733 839//839
f 806//806 733//733 797//797
f 724//724 806//806 748//748
f 799//799 840//840 816//816
f 743//743 804//804 829//829
f 740//740 803//803 723//723
f 711//711 723//723 834//834
f 724//724 734//734 814//814
f 467//467 772//772 513//513
f 755//755 498//498 702//702
f 757//757 347//347 767//767
f 352//352 823//823 780//780
f 709//709 825//825 626//626
f 814//814 734//734 828//828
f 826//826 707//707 764//764
f 1809//1809 751//751 775//775
f 602//602 754//754 662//662
f 817//817 779//779 727//727
f 563//563 760//760 1670//1670
f 817//817 778//778 725//725
f 467//467 755//755 824//824
f 319//319 333//333 735//735
f 784//784 775//775 753//753
f 788//788 828//828 734//734
f 818//818 773//773 804//804
f 926//926 843//843 840//840
f 454//454 820//820 844//844
f 844//844 752//752 845//845
f 772//772 467//467 824//824
f 822//822 701//701 700//700
f 808//808 754//754 827//827
f 846//846 720//720 760//760
f 760//760 532//532 846//846
f 768//768 700//700 770//770
f 768//768 822//822 700//700
f 770//770 702//702 810//810
f 751//751 764//764 861//861
f 765//765 795//795 696//696
f 1500//1500 352//352 780//780
f 825//825 796//796 798//798
f 1674//1674 766//766 660//660
f 772//772 700//700 701//701
f 768//768 770//770 781//781
f 702//702 824//824 755//755
f 766//766 821//821 498//498
f 763//763 706//706 1783//1783
f 751//751 1809//1809 802//802
f 760//760 720//720 848//848
f 681//681 626//626 568//568
f 709//709 715//715 825//825
f 778//778 817//817 716//716
f 707//707 801//801 720//720
f 832//832 1673//1673 722//722
f 670//670 662//662 791//791
f 849//849 828//828 788//788
f 822//822 767//767 780//780
f 822//822 768//768 767//767
f 781//781 757//757 768//768
f 770//770 824//824 702//702
f 736//736 810//810 821//821
f 735//735 333//333 762//762
f 703//703 758//758 704//704
f 703//703 701//701 822//822
f 720//720 801//801 848//848
f 765//765 801//801 725//725
f 802//802 1809//1809 786//786
f 739//739 746//746 834//834
f 776//776 840//840 843//843
f 814//814 828//828 554//554
f 1492//1492 724//724 814//814
f 786//786 779//779 802//802
f 839//839 1672//1672 797//797
f 833//833 718//718 800//800
f 840//840 799//799 800//800
f 823//823 703//703 822//822
f 823//823 822//822 780//780
f 821//821 810//810 702//702
f 736//736 821//821 766//766
f 333//333 756//756 762//762
f 811//811 804//804 743//743
f 782//782 773//773 794//794
f 713//713 319//319 735//735
f 850//850 783//783 835//835
f 720//720 846//846 714//714
f 532//532 706//706 846//846
f 760//760 563//563 532//532
f 826//826 779//779 725//725
f 779//779 786//786 727//727
f 1786//1786 785//785 784//784
f 775//775 784//784 1809//1809
f 889//889 1502//1502 837//837
f 726//726 670//670 791//791
f 795//795 709//709 696//696
f 716//716 715//715 795//795
f 721//721 717//717 722//722
f 721//721 722//722 708//708
f 798//798 650//650 1672//1672
f 831//831 1672//1672 650//650
f 831//831 797//797 1672//1672
f 749//749 745//745 729//729
f 797//797 745//745 749//749
f 1811//1811 730//730 1808//1808
f 1501//1501 811//811 743//743
f 713//713 736//736 782//782
f 819//819 737//737 750//750
f 737//737 847//847 744//744
f 737//737 928//928 847//847
f 928//928 769//769 847//847
f 818//818 811//811 744//744
f 287//287 850//850 841//841
f 850//850 287//287 783//783
f 826//826 801//801 707//707
f 730//730 785//785 1786//1786
f 888//888 815//815 889//889
f 837//837 883//883 889//889
f 838//838 716//716 728//728
f 838//838 728//728 787//787
f 1811//1811 785//785 730//730
f 832//832 740//740 723//723
f 683//683 825//825 798//798
f 710//710 777//777 787//787
f 777//777 833//833 729//729
f 926//926 840//840 800//800
f 742//742 731//731 805//805
f 731//731 732//732 805//805
f 836//836 732//732 747//747
f 851//851 807//807 734//734
f 851//851 840//840 776//776
f 807//807 788//788 734//734
f 1501//1501 808//808 809//809
f 1503//1503 829//829 791//791
f 727//727 1498//1498 830//830
f 723//723 710//710 832//832
f 777//777 842//842 787//787
f 833//833 777//777 738//738
f 831//831 650//650 842//842
f 1810//1810 730//730 815//815
f 909//909 739//739 1808//1808
f 834//834 742//742 711//711
f 742//742 834//834 741//741
f 788//788 789//789 849//849
f 806//806 749//749 748//748
f 1501//1501 743//743 1503//1503
f 744//744 811//811 750//750
f 757//757 767//767 768//768
f 817//817 727//727 1673//1673
f 808//808 1503//1503 754//754
f 703//703 823//823 771//771
f 299//299 713//713 782//782
f 782//782 794//794 299//299
f 487//487 488//488 517//517
f 760//760 848//848 1670//1670
f 849//849 827//827 828//828
f 454//454 845//845 761//761
f 702//702 498//498 821//821
f 847//847 769//769 841//841
f 774//774 861//861 764//764
f 817//817 725//725 779//779
f 766//766 498//498 660//660
f 819//819 793//793 928//928
f 719//719 841//841 759//759
f 779//779 826//826 802//802
f 753//753 1786//1786 784//784
f 783//783 299//299 794//794
f 737//737 744//744 750//750
f 719//719 759//759 259//259
f 789//789 956//956 849//849
f 810//810 735//735 762//762
f 820//820 712//712 844//844
f 602//602 554//554 827//827
f 845//845 517//517 761//761
f 498//498 755//755 486//486
f 803//803 740//740 1498//1498
f 761//761 517//517 500//500
f 1786//1786 815//815 730//730
f 718//718 738//738 711//711
f 747//747 746//746 739//739
f 835//835 794//794 818//818
f 874//874 714//714 706//706
f 836//836 718//718 711//711
f 805//805 836//836 711//711
f 747//747 731//731 741//741
f 840//840 851//851 816//816
f 826//826 764//764 802//802
f 928//928 737//737 819//819
f 811//811 1501//1501 750//750
f 1809//1809 784//784 785//785
f 533//533 471//471 401//401
f 775//775 873//873 753//753
f 869//869 854//854 877//877
f 751//751 861//861 857//857
f 878//878 852//852 871//871
f 587//587 862//862 1676//1676
f 1502//1502 753//753 863//863
f 854//854 869//869 866//866
f 705//705 866//866 870//870
f 853//853 872//872 1676//1676
f 863//863 864//864 876//876
f 859//859 705//705 870//870
f 858//858 860//860 857//857
f 874//874 861//861 774//774
f 877//877 854//854 596//596
f 869//869 870//870 866//866
f 875//875 877//877 535//535
f 775//775 857//857 873//873
f 869//869 855//855 870//870
f 869//869 877//877 856//856
f 871//871 863//863 873//873
f 873//873 863//863 753//753
f 858//858 857//857 861//861
f 853//853 1676//1676 676//676
f 861//861 859//859 858//858
f 873//873 868//868 871//871
f 1781//1781 1676//1676 875//875
f 1781//1781 535//535 586//586
f 855//855 869//869 856//856
f 874//874 706//706 705//705
f 864//864 871//871 852//852
f 874//874 859//859 861//861
f 1506//1506 118//118 865//865
f 1781//1781 661//661 1676//1676
f 751//751 857//857 775//775
f 860//860 868//868 857//857
f 878//878 868//868 860//860
f 864//864 852//852 1504//1504
f 543//543 854//854 866//866
f 874//874 705//705 859//859
f 875//875 856//856 877//877
f 1675//1675 855//855 856//856
f 118//118 1506//1506 867//867
f 883//883 837//837 1507//1507
f 596//596 535//535 877//877
f 855//855 858//858 870//870
f 853//853 676//676 879//879
f 853//853 867//867 872//872
f 1675//1675 1506//1506 865//865
f 867//867 1506//1506 872//872
f 1507//1507 998//998 886//886
f 879//879 1058//1058 853//853
f 876//876 998//998 1507//1507
f 876//876 837//837 863//863
f 865//865 118//118 1505//1505
f 863//863 837//837 1502//1502
f 1504//1504 998//998 876//876
f 864//864 863//863 871//871
f 1504//1504 170//170 880//880
f 858//858 855//855 860//860
f 878//878 865//865 852//852
f 871//871 868//868 878//878
f 873//873 857//857 868//868
f 858//858 859//859 870//870
f 881//881 886//886 1005//1005
f 889//889 883//883 888//888
f 883//883 1507//1507 881//881
f 886//886 881//881 1507//1507
f 887//887 888//888 883//883
f 882//882 815//815 888//888
f 888//888 885//885 882//882
f 885//885 1812//1812 882//882
f 885//885 884//884 1812//1812
f 884//884 941//941 1812//1812
f 888//888 887//887 885//885
f 887//887 883//883 881//881
f 890//890 887//887 881//881
f 1812//1812 1787//1787 909//909
f 890//890 997//997 884//884
f 887//887 890//890 884//884
f 885//885 887//887 884//884
f 987//987 897//897 911//911
f 993//993 988//988 935//935
f 917//917 916//916 939//939
f 902//902 970//970 978//978
f 919//919 965//965 959//959
f 937//937 938//938 917//917
f 983//983 930//930 973//973
f 909//909 1787//1787 903//903
f 905//905 988//988 1045//1045
f 1677//1677 923//923 957//957
f 790//790 932//932 892//892
f 1483//1483 963//963 144//144
f 945//945 906//906 947//947
f 976//976 891//891 992//992
f 809//809 790//790 892//892
f 902//902 769//769 928//928
f 759//759 769//769 972//972
f 245//245 759//759 972//972
f 993//993 934//934 988//988
f 905//905 915//915 935//935
f 1022//1022 920//920 931//931
f 923//923 922//922 1788//1788
f 144//144 963//963 936//936
f 929//929 962//962 931//931
f 1788//1788 940//940 957//957
f 901//901 938//938 937//937
f 972//972 971//971 245//245
f 156//156 895//895 152//152
f 980//980 916//916 1508//1508
f 965//965 898//898 911//911
f 918//918 973//973 924//924
f 942//942 1813//1813 1510//1510
f 952//952 1791//1791 989//989
f 944//944 951//951 914//914
f 776//776 843//843 897//897
f 913//913 919//919 959//959
f 944//944 914//914 974//974
f 1817//1817 945//945 946//946
f 1509//1509 988//988 934//934
f 934//934 993//993 907//907
f 1508//1508 933//933 980//980
f 978//978 977//977 990//990
f 1508//1508 951//951 933//933
f 902//902 928//928 960//960
f 942//942 985//985 941//941
f 984//984 985//985 910//910
f 950//950 904//904 959//959
f 914//914 913//913 904//904
f 919//919 989//989 979//979
f 907//907 980//980 986//986
f 986//986 980//980 933//933
f 954//954 1814//1814 968//968
f 921//921 1247//1247 936//936
f 982//982 991//991 983//983
f 1791//1791 982//982 918//918
f 909//909 903//903 739//739
f 901//901 952//952 913//913
f 907//907 1813//1813 934//934
f 946//946 945//945 915//915
f 984//984 903//903 1787//1787
f 946//946 915//915 905//905
f 950//950 959//959 912//912
f 975//975 958//958 925//925
f 900//900 906//906 966//966
f 156//156 923//923 895//895
f 956//956 789//789 898//898
f 897//897 987//987 776//776
f 956//956 790//790 849//849
f 925//925 892//892 932//932
f 790//790 956//956 932//932
f 932//932 975//975 925//925
f 899//899 939//939 980//980
f 966//966 961//961 930//930
f 992//992 924//924 968//968
f 893//893 992//992 891//891
f 1814//1814 977//977 976//976
f 930//930 961//961 929//929
f 1790//1790 971//971 978//978
f 966//966 1097//1097 961//961
f 908//908 990//990 977//977
f 156//156 922//922 923//923
f 964//964 969//969 965//965
f 983//983 900//900 930//930
f 987//987 807//807 776//776
f 927//927 947//947 981//981
f 917//917 939//939 981//981
f 927//927 899//899 935//935
f 981//981 939//939 927//927
f 970//970 977//977 978//978
f 902//902 978//978 971//971
f 1489//1489 971//971 1790//1790
f 152//152 895//895 1483//1483
f 1788//1788 244//244 251//251
f 156//156 157//157 922//922
f 922//922 244//244 1788//1788
f 1678//1678 926//926 800//800
f 986//986 1789//1789 1510//1510
f 969//969 898//898 965//965
f 975//975 969//969 964//964
f 932//932 969//969 975//975
f 910//910 955//955 984//984
f 987//987 911//911 898//898
f 987//987 898//898 789//789
f 891//891 975//975 964//964
f 911//911 897//897 912//912
f 939//939 899//899 927//927
f 965//965 979//979 964//964
f 947//947 927//927 915//915
f 988//988 905//905 935//935
f 961//961 962//962 929//929
f 953//953 920//920 1512//1512
f 920//920 948//948 1512//1512
f 1247//1247 1244//1244 936//936
f 930//930 900//900 966//966
f 981//981 991//991 917//917
f 918//918 982//982 983//983
f 900//900 983//983 991//991
f 982//982 952//952 901//901
f 952//952 989//989 919//919
f 940//940 1788//1788 1790//1790
f 940//940 1790//1790 978//978
f 902//902 972//972 769//769
f 1510//1510 1789//1789 910//910
f 926//926 896//896 1511//1511
f 912//912 843//843 1511//1511
f 943//943 974//974 950//950
f 950//950 1511//1511 943//943
f 914//914 901//901 913//913
f 914//914 951//951 938//938
f 1041//1041 946//946 905//905
f 935//935 899//899 993//993
f 915//915 945//945 947//947
f 908//908 1814//1814 954//954
f 920//920 953//953 931//931
f 1512//1512 908//908 953//953
f 940//940 978//978 990//990
f 954//954 973//973 929//929
f 1247//1247 921//921 948//948
f 917//917 991//991 937//937
f 981//981 900//900 991//991
f 914//914 938//938 901//901
f 1508//1508 938//938 951//951
f 901//901 937//937 982//982
f 1791//1791 952//952 982//982
f 1286//1286 989//989 893//893
f 954//954 931//931 953//953
f 1787//1787 985//985 984//984
f 934//934 1813//1813 894//894
f 955//955 896//896 1499//1499
f 1510//1510 910//910 985//985
f 944//944 943//943 967//967
f 896//896 955//955 967//967
f 950//950 912//912 1511//1511
f 911//911 912//912 959//959
f 911//911 959//959 965//965
f 904//904 974//974 914//914
f 974//974 904//904 950//950
f 933//933 951//951 944//944
f 1286//1286 964//964 979//979
f 915//915 927//927 935//935
f 981//981 947//947 906//906
f 906//906 900//900 981//981
f 916//916 917//917 938//938
f 990//990 908//908 949//949
f 1512//1512 921//921 949//949
f 957//957 990//990 949//949
f 954//954 953//953 908//908
f 921//921 1512//1512 948//948
f 982//982 937//937 991//991
f 930//930 929//929 973//973
f 983//983 973//973 918//918
f 902//902 960//960 970//970
f 967//967 955//955 1789//1789
f 967//967 933//933 944//944
f 789//789 807//807 987//987
f 956//956 969//969 932//932
f 965//965 919//919 979//979
f 959//959 904//904 913//913
f 952//952 919//919 913//913
f 1791//1791 918//918 924//924
f 1789//1789 933//933 967//967
f 891//891 958//958 975//975
f 958//958 960//960 925//925
f 963//963 1483//1483 895//895
f 1096//1096 962//962 1097//1097
f 1286//1286 893//893 891//891
f 973//973 954//954 968//968
f 977//977 1814//1814 908//908
f 971//971 972//972 902//902
f 958//958 891//891 976//976
f 962//962 1022//1022 931//931
f 960//960 958//958 970//970
f 898//898 969//969 956//956
f 793//793 892//892 925//925
f 897//897 843//843 912//912
f 891//891 964//964 1286//1286
f 992//992 968//968 1814//1814
f 968//968 924//924 973//973
f 892//892 819//819 809//809
f 819//819 892//892 793//793
f 960//960 793//793 925//925
f 916//916 980//980 939//939
f 979//979 989//989 1286//1286
f 944//944 974//974 943//943
f 929//929 931//931 954//954
f 970//970 976//976 977//977
f 994//994 1090//1090 999//999
f 995//995 1004//1004 999//999
f 1008//1008 995//995 1010//1010
f 1006//1006 1010//1010 880//880
f 995//995 1008//1008 994//994
f 995//995 994//994 1004//1004
f 886//886 998//998 1010//1010
f 1009//1009 1012//1012 1011//1011
f 1119//1119 1009//1009 1036//1036
f 1509//1509 1012//1012 1003//1003
f 997//997 1007//1007 1002//1002
f 1010//1010 998//998 880//880
f 999//999 1004//1004 994//994
f 1001//1001 1815//1815 996//996
f 1008//1008 1010//1010 1006//1006
f 1815//1815 1001//1001 1000//1000
f 1114//1114 1000//1000 1001//1001
f 1045//1045 1003//1003 1091//1091
f 1005//1005 890//890 881//881
f 1010//1010 995//995 996//996
f 1815//1815 1007//1007 1005//1005
f 996//996 1815//1815 1005//1005
f 1000//1000 1009//1009 1011//1011
f 941//941 884//884 997//997
f 1007//1007 997//997 890//890
f 1011//1011 1012//1012 1002//1002
f 886//886 1010//1010 996//996
f 996//996 995//995 999//999
f 1090//1090 994//994 1008//1008
f 1036//1036 1000//1000 1114//1114
f 1002//1002 1012//1012 894//894
f 1002//1002 942//942 997//997
f 1003//1003 1009//1009 1119//1119
f 886//886 996//996 1005//1005
f 1002//1002 1007//1007 1011//1011
f 1036//1036 1009//1009 1000//1000
f 1003//1003 1119//1119 1091//1091
f 1005//1005 1007//1007 890//890
f 942//942 941//941 997//997
f 1012//1012 1009//1009 1003//1003
f 996//996 999//999 1090//1090
f 1816//1816 1129//1129 1124//1124
f 1073//1073 1059//1059 1020//1020
f 1018//1018 1020//1020 1107//1107
f 1109//1109 1079//1079 1086//1086
f 1055//1055 1156//1156 1260//1260
f 1101//1101 115//115 1014//1014
f 1054//1054 1057//1057 1101//1101
f 1029//1029 1063//1063 1078//1078
f 1099//1099 113//113 1103//1103
f 1014//1014 1121//1121 1101//1101
f 1026//1026 1072//1072 1027//1027
f 1097//1097 1031//1031 1096//1096
f 1088//1088 1042//1042 1047//1047
f 1094//1094 1049//1049 1089//1089
f 867//867 1058//1058 1077//1077
f 906//906 1051//1051 966//966
f 1062//1062 1047//1047 1098//1098
f 1514//1514 1033//1033 1042//1042
f 1039//1039 1031//1031 1051//1051
f 1117//1117 1115//1115 1112//1112
f 1099//1099 1028//1028 1122//1122
f 1014//1014 1099//1099 1122//1122
f 1053//1053 1014//1014 115//115
f 1110//1110 1103//1103 113//113
f 1101//1101 1016//1016 115//115
f 1104//1104 1025//1025 1076//1076
f 1018//1018 1107//1107 1106//1106
f 1107//1107 1054//1054 1106//1106
f 1078//1078 1037//1037 1108//1108
f 1097//1097 962//962 961//961
f 1126//1126 1793//1793 1048//1048
f 1075//1075 1792//1792 1071//1071
f 1679//1679 1103//1103 1027//1027
f 1104//1104 1028//1028 1103//1103
f 1094//1094 1089//1089 1043//1043
f 1019//1019 1819//1819 1073//1073
f 1069//1069 1034//1034 1018//1018
f 1073//1073 1020//1020 1019//1019
f 1294//1294 1088//1088 1047//1047
f 1103//1103 1110//1110 1077//1077
f 1076//1076 1032//1032 1125//1125
f 1043//1043 1089//1089 1035//1035
f 1088//1088 1043//1043 1017//1017
f 1513//1513 1057//1057 1054//1054
f 1055//1055 1260//1260 1102//1102
f 1115//1115 1079//1079 1109//1109
f 1076//1076 1064//1064 1081//1081
f 1024//1024 1071//1071 1792//1792
f 1068//1068 1124//1124 1064//1064
f 1119//1119 1036//1036 1111//1111
f 1030//1030 1059//1059 1087//1087
f 1037//1037 1683//1683 1038//1038
f 1038//1038 1683//1683 1085//1085
f 1040//1040 1038//1038 1085//1085
f 1038//1038 1108//1108 1037//1037
f 1087//1087 1044//1044 1092//1092
f 905//905 1045//1045 1041//1041
f 1029//1029 1019//1019 1035//1035
f 1059//1059 1118//1118 1044//1044
f 1111//1111 1087//1087 1119//1119
f 1087//1087 1092//1092 1119//1119
f 1681//1681 1108//1108 1093//1093
f 1109//1109 1080//1080 1115//1115
f 1093//1093 1084//1084 1118//1118
f 1092//1092 1044//1044 1046//1046
f 1046//1046 1041//1041 1045//1045
f 1039//1039 1117//1117 1031//1031
f 1084//1084 1041//1041 1046//1046
f 1515//1515 1041//1041 1084//1084
f 1118//1118 1073//1073 1681//1681
f 1092//1092 1046//1046 1091//1091
f 1022//1022 1096//1096 1102//1102
f 1022//1022 1102//1102 1255//1255
f 1120//1120 1066//1066 1100//1100
f 1018//1018 1106//1106 1050//1050
f 1069//1069 1050//1050 1061//1061
f 1014//1014 1053//1053 1099//1099
f 1068//1068 1066//1066 1120//1120
f 1068//1068 1120//1120 1816//1816
f 1066//1066 1072//1072 1026//1026
f 1050//1050 1069//1069 1018//1018
f 1112//1112 1102//1102 1096//1096
f 1077//1077 1058//1058 1027//1027
f 1121//1121 1106//1106 1054//1054
f 1022//1022 962//962 1096//1096
f 945//945 1051//1051 906//906
f 1015//1015 1088//1088 1065//1065
f 1077//1077 118//118 867//867
f 1061//1061 1056//1056 1015//1015
f 1076//1076 1081//1081 1032//1032
f 1063//1063 1089//1089 1049//1049
f 1117//1117 1112//1112 1096//1096
f 1793//1793 1123//1123 1075//1075
f 1024//1024 1113//1113 1023//1023
f 1113//1113 1088//1088 1015//1015
f 1088//1088 1113//1113 1042//1042
f 118//118 1077//1077 1110//1110
f 1068//1068 1072//1072 1066//1066
f 1027//1027 1058//1058 1026//1026
f 1015//1015 1056//1056 1023//1023
f 1032//1032 1056//1056 1125//1125
f 1088//1088 1017//1017 1065//1065
f 1125//1125 1056//1056 1070//1070
f 1104//1104 1125//1125 1028//1028
f 1061//1061 1015//1015 1065//1065
f 1088//1088 1294//1294 1043//1043
f 1043//1043 1035//1035 1017//1017
f 1063//1063 1029//1029 1089//1089
f 1114//1114 1083//1083 1036//1036
f 1054//1054 1107//1107 1030//1030
f 1118//1118 1084//1084 1044//1044
f 1117//1117 1096//1096 1031//1031
f 1055//1055 1112//1112 1115//1115
f 1683//1683 1037//1037 1021//1021
f 1016//1016 1083//1083 1114//1114
f 1019//1019 1020//1020 1034//1034
f 1102//1102 1112//1112 1055//1055
f 1075//1075 1820//1820 1793//1793
f 1071//1071 1023//1023 1032//1032
f 1075//1075 1071//1071 1081//1081
f 1032//1032 1081//1081 1071//1071
f 1071//1071 1024//1024 1023//1023
f 1023//1023 1113//1113 1015//1015
f 1034//1034 1069//1069 1017//1017
f 1034//1034 1017//1017 1035//1035
f 1043//1043 1294//1294 1094//1094
f 1052//1052 1026//1026 1058//1058
f 1068//1068 1025//1025 1072//1072
f 1032//1032 1023//1023 1056//1056
f 1074//1074 1116//1116 1078//1078
f 1682//1682 1080//1080 1109//1109
f 1073//1073 1118//1118 1059//1059
f 1077//1077 1027//1027 1103//1103
f 1017//1017 1069//1069 1065//1065
f 1020//1020 1018//1018 1034//1034
f 1029//1029 1819//1819 1019//1019
f 1006//1006 1311//1311 1082//1082
f 1082//1082 1008//1008 1006//1006
f 1090//1090 1016//1016 1114//1114
f 1090//1090 1082//1082 1016//1016
f 1082//1082 1090//1090 1008//1008
f 1083//1083 1057//1057 1111//1111
f 1040//1040 1093//1093 1038//1038
f 1108//1108 1038//1038 1093//1093
f 1079//1079 1115//1115 1117//1117
f 1091//1091 1046//1046 1045//1045
f 1107//1107 1059//1059 1030//1030
f 1001//1001 996//996 1090//1090
f 1111//1111 1036//1036 1083//1083
f 1119//1119 1092//1092 1091//1091
f 1093//1093 1515//1515 1084//1084
f 1046//1046 1044//1044 1084//1084
f 946//946 1041//1041 1515//1515
f 1035//1035 1089//1089 1029//1029
f 1028//1028 1070//1070 1122//1122
f 1070//1070 1028//1028 1125//1125
f 1099//1099 1103//1103 1028//1028
f 1065//1065 1069//1069 1061//1061
f 1051//1051 1031//1031 1097//1097
f 1056//1056 1061//1061 1070//1070
f 1054//1054 1101//1101 1121//1121
f 1792//1792 1075//1075 1123//1123
f 1064//1064 1127//1127 1081//1081
f 867//867 853//853 1058//1058
f 1074//1074 1063//1063 1128//1128
f 1051//1051 1097//1097 966//966
f 1037//1037 1078//1078 1116//1116
f 1078//1078 1063//1063 1074//1074
f 1098//1098 1047//1047 1042//1042
f 1099//1099 1053//1053 113//113
f 1127//1127 1064//1064 1124//1124
f 114//114 113//113 1053//1053
f 1127//1127 1129//1129 1095//1095
f 1024//1024 1792//1792 1060//1060
f 1100//1100 1066//1066 1067//1067
f 115//115 114//114 1053//1053
f 1016//1016 1101//1101 1057//1057
f 1127//1127 1124//1124 1129//1129
f 1516//1516 1061//1061 1050//1050
f 1516//1516 1122//1122 1070//1070
f 1020//1020 1059//1059 1107//1107
f 1516//1516 1070//1070 1061//1061
f 1122//1122 1121//1121 1014//1014
f 1016//1016 1082//1082 115//115
f 1052//1052 1067//1067 1026//1026
f 1047//1047 1062//1062 1105//1105
f 1113//1113 1024//1024 1514//1514
f 1679//1679 1027//1027 1072//1072
f 1059//1059 1044//1044 1087//1087
f 1037//1037 1116//1116 1021//1021
f 1111//1111 1057//1057 1513//1513
f 1019//1019 1034//1034 1035//1035
f 1819//1819 1029//1029 1078//1078
f 1375//1375 1134//1134 1158//1158
f 1074//1074 1128//1128 1217//1217
f 1219//1219 1139//1139 1279//1279
f 1197//1197 1146//1146 1188//1188
f 1821//1821 1213//1213 1211//1211
f 1705//1705 1147//1147 1165//1165
f 1165//1165 1148//1148 1705//1705
f 1074//1074 1217//1217 1240//1240
f 1080//1080 1157//1157 1241//1241
f 1316//1316 1208//1208 1165//1165
f 1159//1159 1162//1162 1145//1145
f 1150//1150 1165//1165 1208//1208
f 1203//1203 1143//1143 1166//1166
f 1168//1168 1137//1137 1146//1146
f 1169//1169 1170//1170 1171//1171
f 1176//1176 1166//1166 1175//1175
f 1180//1180 1179//1179 1013//1013
f 1168//1168 1146//1146 1181//1181
f 1203//1203 1166//1166 1182//1182
f 1262//1262 1166//1166 1143//1143
f 1137//1137 1168//1168 1183//1183
f 1173//1173 1169//1169 1171//1171
f 1185//1185 1141//1141 1184//1184
f 1182//1182 1166//1166 1176//1176
f 1375//1375 1309//1309 1134//1134
f 1277//1277 1379//1379 1250//1250
f 1132//1132 1219//1219 1279//1279
f 1146//1146 1137//1137 1188//1188
f 1304//1304 1161//1161 1382//1382
f 1194//1194 1193//1193 1199//1199
f 1219//1219 1274//1274 1171//1171
f 1172//1172 1171//1171 1274//1274
f 1175//1175 1200//1200 1176//1176
f 1131//1131 1175//1175 1130//1130
f 1202//1202 1178//1178 1201//1201
f 1184//1184 1205//1205 1377//1377
f 1186//1186 1143//1143 1203//1203
f 1316//1316 1165//1165 1147//1147
f 1102//1102 1260//1260 1255//1255
f 1275//1275 64//64 76//76
f 1265//1265 1307//1307 1290//1290
f 1197//1197 1225//1225 1190//1190
f 1262//1262 1143//1143 1253//1253
f 1159//1159 1145//1145 1250//1250
f 1145//1145 1277//1277 1250//1250
f 1224//1224 1149//1149 1248//1248
f 1169//1169 1274//1274 1279//1279
f 1163//1163 1274//1274 1169//1169
f 1216//1216 1128//1128 1230//1230
f 1794//1794 1226//1226 1192//1192
f 1236//1236 1227//1227 1153//1153
f 948//948 1152//1152 1247//1247
f 1287//1287 1231//1231 1150//1150
f 1244//1244 1245//1245 936//936
f 1232//1232 1180//1180 1212//1212
f 1266//1266 1238//1238 1267//1267
f 144//144 936//936 1245//1245
f 1273//1273 1105//1105 1164//1164
f 1132//1132 1306//1306 1219//1219
f 1192//1192 1191//1191 1251//1251
f 1261//1261 1211//1211 1213//1213
f 1276//1276 1159//1159 1250//1250
f 1274//1274 1163//1163 1172//1172
f 1156//1156 1295//1295 1254//1254
f 1234//1234 64//64 1275//1275
f 1291//1291 1236//1236 1256//1256
f 1821//1821 1140//1140 1278//1278
f 1136//1136 1049//1049 1094//1094
f 1154//1154 1179//1179 1180//1180
f 1209//1209 1281//1281 1379//1379
f 1289//1289 1264//1264 1302//1302
f 1279//1279 1139//1139 1196//1196
f 1139//1139 1219//1219 1171//1171
f 1306//1306 1218//1218 1219//1219
f 1141//1141 1269//1269 1213//1213
f 1272//1272 1188//1188 1137//1137
f 1150//1150 1208//1208 1233//1233
f 1161//1161 1304//1304 1160//1160
f 1284//1284 1218//1218 1306//1306
f 1304//1304 1227//1227 1160//1160
f 1211//1211 1261//1261 1270//1270
f 1153//1153 1227//1227 1271//1271
f 1199//1199 1193//1193 85//85
f 1272//1272 1305//1305 1188//1188
f 1274//1274 1290//1290 1263//1263
f 1166//1166 1262//1262 1175//1175
f 1234//1234 6//6 64//64
f 1143//1143 1186//1186 1253//1253
f 1213//1213 1228//1228 1141//1141
f 1207//1207 1140//1140 1821//1821
f 1265//1265 1257//1257 1221//1221
f 1169//1169 1173//1173 1163//1163
f 1173//1173 1172//1172 1163//1163
f 1524//1524 1301//1301 1214//1214
f 1294//1294 1047//1047 1273//1273
f 1260//1260 1174//1174 1255//1255
f 1227//1227 1142//1142 1271//1271
f 1243//1243 1242//1242 1239//1239
f 1201//1201 1178//1178 1243//1243
f 1233//1233 1684//1684 1795//1795
f 1074//1074 1240//1240 1116//1116
f 1240//1240 1021//1021 1116//1116
f 1152//1152 1244//1244 1247//1247
f 1232//1232 1264//1264 1229//1229
f 1222//1222 1167//1167 1133//1133
f 1307//1307 1273//1273 1164//1164
f 1210//1210 1144//1144 1214//1214
f 1195//1195 1159//1159 1293//1293
f 1196//1196 1169//1169 1279//1279
f 1196//1196 1170//1170 1169//1169
f 1376//1376 1284//1284 1306//1306
f 1519//1519 1517//1517 1174//1174
f 1130//1130 1262//1262 1381//1381
f 1216//1216 1217//1217 1128//1128
f 1254//1254 1237//1237 1243//1243
f 1519//1519 1254//1254 1285//1285
f 85//85 43//43 1199//1199
f 1115//1115 1156//1156 1055//1055
f 1231//1231 1148//1148 1150//1150
f 1251//1251 1191//1191 1177//1177
f 1593//1593 1228//1228 1278//1278
f 1189//1189 1230//1230 1135//1135
f 1135//1135 1284//1284 1189//1189
f 159//159 1657//1657 1275//1275
f 1138//1138 1144//1144 1210//1210
f 1225//1225 1289//1289 1177//1177
f 1282//1282 155//155 1133//1133
f 1245//1245 1267//1267 1518//1518
f 140//140 1282//1282 1210//1210
f 1173//1173 1171//1171 1172//1172
f 1149//1149 1167//1167 1518//1518
f 1289//1289 1225//1225 1268//1268
f 1170//1170 1196//1196 1139//1139
f 1207//1207 1208//1208 1316//1316
f 1276//1276 1281//1281 1297//1297
f 1262//1262 1198//1198 1381//1381
f 1162//1162 1299//1299 1145//1145
f 1377//1377 1205//1205 1204//1204
f 1263//1263 1290//1290 1307//1307
f 1276//1276 1250//1250 1281//1281
f 1233//1233 1208//1208 1151//1151
f 1224//1224 1159//1159 1252//1252
f 1197//1197 1268//1268 1225//1225
f 1167//1167 1252//1252 1133//1133
f 1138//1138 1133//1133 1252//1252
f 1524//1524 1144//1144 1195//1195
f 1135//1135 1230//1230 1136//1136
f 1794//1794 1192//1192 1251//1251
f 1212//1212 1231//1231 1287//1287
f 1248//1248 1145//1145 1299//1299
f 1252//1252 1167//1167 1224//1224
f 1207//1207 1151//1151 1208//1208
f 1187//1187 1238//1238 1253//1253
f 1138//1138 1252//1252 1195//1195
f 1295//1295 1237//1237 1254//1254
f 1268//1268 1197//1197 1188//1188
f 1382//1382 1270//1270 1328//1328
f 1211//1211 1270//1270 1223//1223
f 1254//1254 1215//1215 1300//1300
f 1254//1254 1300//1300 1285//1285
f 1210//1210 1280//1280 140//140
f 1265//1265 1221//1221 1273//1273
f 1248//1248 1299//1299 1162//1162
f 1328//1328 1270//1270 1261//1261
f 1271//1271 1142//1142 1198//1198
f 1187//1187 1253//1253 1186//1186
f 1159//1159 1195//1195 1252//1252
f 1230//1230 1128//1128 1049//1049
f 1136//1136 1230//1230 1049//1049
f 1292//1292 1298//1298 1149//1149
f 1248//1248 1149//1149 1277//1277
f 1277//1277 1149//1149 1298//1298
f 1275//1275 1657//1657 1280//1280
f 1221//1221 1094//1094 1294//1294
f 1520//1520 1283//1283 47//47
f 1222//1222 1245//1245 1518//1518
f 1149//1149 1224//1224 1167//1167
f 1256//1256 1174//1174 1517//1517
f 1222//1222 1518//1518 1167//1167
f 1233//1233 1287//1287 1150//1150
f 1288//1288 1243//1243 1239//1239
f 1288//1288 1239//1239 1795//1795
f 1226//1226 1217//1217 1216//1216
f 1144//1144 1138//1138 1195//1195
f 1133//1133 1138//1138 1282//1282
f 1234//1234 1275//1275 1280//1280
f 1254//1254 1243//1243 1215//1215
f 1795//1795 1239//1239 1287//1287
f 1212//1212 1521//1521 1232//1232
f 1241//1241 1235//1235 1237//1237
f 1522//1522 1241//1241 1157//1157
f 1271//1271 1238//1238 1266//1266
f 1258//1258 1161//1161 1291//1291
f 1592//1592 1278//1278 1140//1140
f 1287//1287 1242//1242 1212//1212
f 1253//1253 1238//1238 1198//1198
f 1226//1226 1794//1794 1217//1217
f 1237//1237 1235//1235 1242//1242
f 1302//1302 1264//1264 1232//1232
f 1240//1240 1217//1217 1522//1522
f 1232//1232 1521//1521 1302//1302
f 1255//1255 1246//1246 920//920
f 1153//1153 1266//1266 1244//1244
f 1222//1222 144//144 1245//1245
f 1234//1234 1214//1214 1301//1301
f 1242//1242 1243//1243 1237//1237
f 1154//1154 1180//1180 1232//1232
f 1231//1231 1229//1229 1264//1264
f 1212//1212 1180//1180 1013//1013
f 1235//1235 1521//1521 1212//1212
f 1242//1242 1287//1287 1239//1239
f 1795//1795 1684//1684 1155//1155
f 1295//1295 1241//1241 1237//1237
f 1022//1022 1255//1255 920//920
f 1152//1152 1153//1153 1244//1244
f 1276//1276 1297//1297 1296//1296
f 1229//1229 1154//1154 1232//1232
f 1287//1287 1233//1233 1795//1795
f 1021//1021 1240//1240 1157//1157
f 1245//1245 1244//1244 1267//1267
f 1152//1152 948//948 1246//1246
f 1218//1218 1257//1257 1265//1265
f 1284//1284 1257//1257 1218//1218
f 1226//1226 1190//1190 1225//1225
f 1161//1161 1270//1270 1382//1382
f 1162//1162 1224//1224 1248//1248
f 1297//1297 1303//1303 40//40
f 1214//1214 1280//1280 1210//1210
f 1139//1139 1171//1171 1170//1170
f 1291//1291 1161//1161 1160//1160
f 1291//1291 1160//1160 1236//1236
f 1209//1209 43//43 1303//1303
f 1138//1138 1210//1210 1282//1282
f 1273//1273 1307//1307 1265//1265
f 1228//1228 1213//1213 1821//1821
f 1257//1257 1135//1135 1136//1136
f 1221//1221 1257//1257 1136//1136
f 1063//1063 1049//1049 1128//1128
f 1174//1174 1246//1246 1255//1255
f 1256//1256 1152//1152 1246//1246
f 1243//1243 1178//1178 1215//1215
f 1521//1521 1522//1522 1794//1794
f 1241//1241 1295//1295 1080//1080
f 1212//1212 1242//1242 1235//1235
f 1291//1291 1256//1256 1517//1517
f 1227//1227 1236//1236 1160//1160
f 1153//1153 1271//1271 1266//1266
f 1238//1238 1271//1271 1198//1198
f 1226//1226 1177//1177 1191//1191
f 1231//1231 1212//1212 1229//1229
f 1278//1278 1228//1228 1821//1821
f 1218//1218 1290//1290 1219//1219
f 1135//1135 1257//1257 1284//1284
f 1094//1094 1221//1221 1136//1136
f 1292//1292 1238//1238 1187//1187
f 1684//1684 1233//1233 1151//1151
f 1253//1253 1198//1198 1262//1262
f 1144//1144 1524//1524 1214//1214
f 1294//1294 1273//1273 1221//1221
f 1226//1226 1225//1225 1177//1177
f 1291//1291 1517//1517 1258//1258
f 1773//1773 1303//1303 43//43
f 1303//1303 1281//1281 1209//1209
f 1524//1524 1296//1296 1301//1301
f 1521//1521 1235//1235 1241//1241
f 1234//1234 1301//1301 6//6
f 65//65 47//47 1283//1283
f 1281//1281 1250//1250 1379//1379
f 1198//1198 1206//1206 1381//1381
f 1175//1175 1262//1262 1130//1130
f 1187//1187 1186//1186 1298//1298
f 1145//1145 1248//1248 1277//1277
f 1289//1289 1268//1268 1523//1523
f 1189//1189 1284//1284 1376//1376
f 1297//1297 1281//1281 1303//1303
f 1520//1520 1301//1301 1296//1296
f 1270//1270 1155//1155 1223//1223
f 1201//1201 1519//1519 1285//1285
f 1260//1260 1156//1156 1519//1519
f 1297//1297 1283//1283 1296//1296
f 1218//1218 1265//1265 1290//1290
f 1151//1151 1207//1207 1821//1821
f 1213//1213 1269//1269 1261//1261
f 1220//1220 1269//1269 1141//1141
f 1234//1234 1280//1280 1214//1214
f 1256//1256 1236//1236 1152//1152
f 1152//1152 1236//1236 1153//1153
f 1222//1222 1483//1483 144//144
f 1266//1266 1267//1267 1244//1244
f 1523//1523 1268//1268 1305//1305
f 1305//1305 1268//1268 1188//1188
f 1190//1190 1189//1189 1376//1376
f 1224//1224 1162//1162 1159//1159
f 1142//1142 1227//1227 1304//1304
f 1293//1293 1159//1159 1276//1276
f 1306//1306 1330//1330 1181//1181
f 1177//1177 1289//1289 1302//1302
f 1288//1288 1258//1258 1517//1517
f 1684//1684 1151//1151 1223//1223
f 1177//1177 1302//1302 1251//1251
f 1794//1794 1251//1251 1302//1302
f 1226//1226 1191//1191 1192//1192
f 1216//1216 1230//1230 1189//1189
f 1141//1141 1185//1185 1220//1220
f 1308//1308 1131//1131 1527//1527
f 1231//1231 1264//1264 1148//1148
f 1142//1142 1206//1206 1198//1198
f 920//920 1246//1246 948//948
f 1246//1246 1174//1174 1256//1256
f 1165//1165 1150//1150 1148//1148
f 1174//1174 1260//1260 1519//1519
f 1308//1308 1200//1200 1131//1131
f 1293//1293 1296//1296 1524//1524
f 1296//1296 1293//1293 1276//1276
f 1273//1273 1047//1047 1105//1105
f 304//304 530//530 305//305
f 305//305 530//530 306//306
f 79//79 1331//1331 53//53
f 1202//1202 1310//1310 1300//1300
f 170//170 1311//1311 1006//1006
f 1154//1154 1312//1312 1013//1013
f 431//431 430//430 1315//1315
f 1183//1183 1375//1375 1137//1137
f 170//170 114//114 1311//1311
f 1304//1304 1206//1206 1142//1142
f 1318//1318 80//80 1317//1317
f 1013//1013 1179//1179 1154//1154
f 1013//1013 1312//1312 1212//1212
f 1300//1300 1310//1310 1285//1285
f 1178//1178 1300//1300 1215//1215
f 80//80 1324//1324 1317//1317
f 363//363 365//365 326//326
f 1322//1322 497//497 377//377
f 1392//1392 675//675 552//552
f 1285//1285 1310//1310 1201//1201
f 1300//1300 1178//1178 1202//1202
f 1272//1272 1412//1412 1615//1615
f 119//119 114//114 170//170
f 1310//1310 1202//1202 1201//1201
f 1328//1328 1314//1314 1313//1313
f 862//862 587//587 676//676
f 1321//1321 334//334 338//338
f 523//523 497//497 1329//1329
f 1154//1154 1229//1229 1312//1312
f 1212//1212 1312//1312 1229//1229
f 1331//1331 1325//1325 53//53
f 57//57 1332//1332 83//83
f 1321//1321 313//313 1333//1333
f 334//334 362//362 338//338
f 357//357 1334//1334 326//326
f 1311//1311 114//114 115//115
f 1329//1329 497//497 1322//1322
f 656//656 655//655 544//544
f 1175//1175 1131//1131 1200//1200
f 337//337 1334//1334 1335//1335
f 862//862 676//676 1676//1676
f 1203//1203 1182//1182 1194//1194
f 1203//1203 1194//1194 1199//1199
f 1379//1379 1186//1186 1378//1378
f 517//517 495//495 487//487
f 517//517 458//458 495//495
f 845//845 458//458 517//517
f 458//458 845//845 493//493
f 493//493 845//845 752//752
f 493//493 752//752 367//367
f 367//367 752//752 771//771
f 1377//1377 1204//1204 1184//1184
f 1182//1182 1176//1176 1380//1380
f 1383//1383 1381//1381 1206//1206
f 1261//1261 1313//1313 1314//1314
f 1220//1220 1185//1185 1385//1385
f 1528//1528 1308//1308 1527//1527
f 1330//1330 1168//1168 1181//1181
f 1132//1132 1330//1330 1306//1306
f 1722//1722 1309//1309 1183//1183
f 1529//1529 1263//1263 1388//1388
f 1604//1604 1048//1048 1796//1796
f 1697//1697 1534//1534 1606//1606
f 657//657 611//611 550//550
f 657//657 666//666 611//611
f 627//627 657//657 673//673
f 434//434 627//627 414//414
f 1409//1409 664//664 627//627
f 1411//1411 1158//1158 1410//1410
f 1412//1412 1326//1326 1411//1411
f 1412//1412 1327//1327 1413//1413
f 1797//1797 519//519 1417//1417
f 1544//1544 301//301 450//450
f 1419//1419 450//450 1807//1807
f 353//353 452//452 356//356
f 439//439 452//452 353//353
f 522//522 501//501 462//462
f 522//522 432//432 501//501
f 1547//1547 1184//1184 1618//1618
f 1425//1425 1548//1548 1549//1549
f 360//360 1259//1259 1426//1426
f 1334//1334 363//363 326//326
f 357//357 363//363 1334//1334
f 1336//1336 1427//1427 1428//1428
f 496//496 505//505 1429//1429
f 523//523 394//394 376//376
f 1329//1329 394//394 523//523
f 394//394 1329//1329 1430//1430
f 1431//1431 1429//1429 505//505
f 1430//1430 1329//1329 1552//1552
f 1555//1555 1553//1553 1554//1554
f 1556//1556 1329//1329 1557//1557
f 1557//1557 1329//1329 1688//1688
f 1690//1690 1689//1689 1735//1735
f 1441//1441 1329//1329 377//377
f 1565//1565 108//108 1822//1822
f 1568//1568 1566//1566 1636//1636
f 408//408 508//508 370//370
f 1569//1569 1332//1332 1570//1570
f 1572//1572 129//129 1571//1571
f 1349//1349 1338//1338 1339//1339
f 1349//1349 1717//1717 1338//1338
f 1579//1579 1347//1347 1358//1358
f 1455//1455 1460//1460 1457//1457
f 1458//1458 1456//1456 1453//1453
f 1457//1457 1458//1458 1453//1453
f 1342//1342 1348//1348 1354//1354
f 1461//1461 1463//1463 1580//1580
f 1642//1642 1356//1356 1581//1581
f 1774//1774 1341//1341 1352//1352
f 1341//1341 164//164 1340//1340
f 1774//1774 1352//1352 1357//1357
f 160//160 129//129 1359//1359
f 1358//1358 1347//1347 219//219
f 242//242 1343//1343 1351//1351
f 1346//1346 190//190 219//219
f 219//219 205//205 1358//1358
f 219//219 1347//1347 1346//1346
f 218//218 1344//1344 1343//1343
f 1342//1342 384//384 1353//1353
f 388//388 1337//1337 400//400
f 1351//1351 386//386 242//242
f 1342//1342 1354//1354 384//384
f 386//386 1351//1351 1350//1350
f 388//388 1350//1350 1337//1337
f 1354//1354 408//408 384//384
f 400//400 1337//1337 1353//1353
f 1350//1350 388//388 465//465
f 465//465 386//386 1350//1350
f 408//408 1354//1354 1348//1348
f 1583//1583 1355//1355 1572//1572
f 1589//1589 1317//1317 1588//1588
f 1464//1464 1588//1588 1590//1590
f 353//353 355//355 439//439
f 433//433 439//439 355//355
f 355//355 354//354 452//452
f 356//356 452//452 354//354
f 337//337 365//365 1334//1334
f 365//365 1335//1335 1334//1334
f 1184//1184 1204//1204 1205//1205
f 1328//1328 1261//1261 1314//1314
f 365//365 363//363 1335//1335
f 337//337 1335//1335 363//363
f 559//559 580//580 550//550
f 560//560 550//550 611//611
f 559//559 550//550 560//560
f 559//559 560//560 622//622
f 1593//1593 1278//1278 1592//1592
f 606//606 699//699 656//656
f 437//437 524//524 521//521
f 1595//1595 442//442 1594//1594
f 1409//1409 415//415 1469//1469
f 415//415 1468//1468 1469//1469
f 1470//1470 391//391 410//410
f 392//392 391//391 415//415
f 392//392 415//415 434//434
f 1062//1062 1164//1164 1105//1105
f 1098//1098 1164//1164 1062//1062
f 1033//1033 1098//1098 1042//1042
f 1033//1033 1388//1388 1098//1098
f 49//49 1361//1361 50//50
f 1332//1332 57//57 1318//1318
f 61//61 109//109 1363//1363
f 45//45 1362//1362 44//44
f 86//86 109//109 1361//1361
f 44//44 61//61 1363//1363
f 1318//1318 57//57 1364//1364
f 50//50 1361//1361 109//109
f 94//94 99//99 88//88
f 50//50 9//9 51//51
f 58//58 109//109 61//61
f 86//86 81//81 1363//1363
f 1760//1760 1324//1324 1364//1364
f 26//26 87//87 21//21
f 1772//1772 1331//1331 79//79
f 128//128 121//121 1365//1365
f 128//128 1365//1365 157//157
f 121//121 122//122 1365//1365
f 177//177 1366//1366 351//351
f 158//158 184//184 153//153
f 180//180 273//273 1659//1659
f 267//267 1366//1366 177//177
f 258//258 294//294 257//257
f 228//228 1367//1367 182//182
f 423//423 1373//1373 422//422
f 385//385 1249//1249 421//421
f 431//431 1372//1372 430//430
f 411//411 426//426 1372//1372
f 459//459 430//430 1372//1372
f 423//423 483//483 1373//1373
f 387//387 469//469 1374//1374
f 426//426 425//425 1372//1372
f 483//483 385//385 1373//1373
f 1326//1326 1137//1137 1375//1375
f 1158//1158 1326//1326 1375//1375
f 1376//1376 1181//1181 1146//1146
f 1376//1376 1306//1306 1181//1181
f 1190//1190 1376//1376 1197//1197
f 1146//1146 1197//1197 1376//1376
f 1375//1375 1183//1183 1309//1309
f 1203//1203 1199//1199 1378//1378
f 43//43 1378//1378 1199//1199
f 1186//1186 1203//1203 1378//1378
f 1378//1378 43//43 1209//1209
f 1209//1209 1379//1379 1378//1378
f 1298//1298 1186//1186 1379//1379
f 1298//1298 1379//1379 1277//1277
f 1380//1380 1193//1193 1194//1194
f 1194//1194 1182//1182 1380//1380
f 1382//1382 1206//1206 1304//1304
f 1382//1382 1383//1383 1206//1206
f 1384//1384 1383//1383 1382//1382
f 1328//1328 1313//1313 1384//1384
f 1385//1385 1261//1261 1269//1269
f 1269//1269 1220//1220 1385//1385
f 1596//1596 1526//1526 1185//1185
f 1272//1272 1615//1615 1305//1305
f 1132//1132 1386//1386 1330//1330
f 1386//1386 1168//1168 1330//1330
f 1183//1183 1168//1168 1386//1386
f 1132//1132 1597//1597 1386//1386
f 1388//1388 1263//1263 1307//1307
f 1060//1060 1388//1388 1033//1033
f 1598//1598 1263//1263 1529//1529
f 1391//1391 1052//1052 879//879
f 879//879 676//676 1391//1391
f 676//676 675//675 1392//1392
f 1393//1393 1067//1067 1052//1052
f 1599//1599 1100//1100 1393//1393
f 1599//1599 1120//1120 1100//1100
f 1599//1599 1396//1396 1600//1600
f 1600//1600 1397//1397 1602//1602
f 1531//1531 1601//1601 1397//1397
f 1601//1601 1603//1603 1398//1398
f 1796//1796 1095//1095 1602//1602
f 1605//1605 1603//1603 619//619
f 1605//1605 1532//1532 1400//1400
f 1604//1604 1400//1400 1606//1606
f 1696//1696 1598//1598 1390//1390
f 1608//1608 1607//1607 1401//1401
f 591//591 655//655 1611//1611
f 1700//1700 1699//1699 1610//1610
f 1540//1540 1387//1387 1539//1539
f 627//627 415//415 1409//1409
f 437//437 494//494 1410//1410
f 1134//1134 1410//1410 1158//1158
f 1411//1411 1410//1410 494//494
f 494//494 1327//1327 1411//1411
f 1411//1411 1326//1326 1158//1158
f 1412//1412 1411//1411 1327//1327
f 1327//1327 427//427 1413//1413
f 1147//1147 1414//1414 1730//1730
f 427//427 1249//1249 1730//1730
f 1147//1147 1730//1730 1415//1415
f 1316//1316 1415//1415 1140//1140
f 1416//1416 1140//1140 1415//1415
f 1416//1416 1592//1592 1140//1140
f 1417//1417 1416//1416 1797//1797
f 1592//1592 1417//1417 1544//1544
f 1616//1616 1228//1228 1593//1593
f 1545//1545 1420//1420 1419//1419
f 1545//1545 1546//1546 1420//1420
f 1617//1617 1616//1616 1421//1421
f 1546//1546 1619//1619 1421//1421
f 1618//1618 1141//1141 1617//1617
f 1621//1621 1622//1622 1424//1424
f 1548//1548 1596//1596 1184//1184
f 412//412 360//360 1426//1426
f 1336//1336 1428//1428 350//350
f 1428//1428 1623//1623 350//350
f 1623//1623 359//359 363//363
f 1623//1623 357//357 350//350
f 496//496 1429//1429 449//449
f 1429//1429 1315//1315 430//430
f 430//430 449//449 1429//1429
f 505//505 394//394 1430//1430
f 1430//1430 1431//1431 505//505
f 1624//1624 1315//1315 1429//1429
f 1625//1625 1623//1623 1555//1555
f 1553//1553 1551//1551 1624//1624
f 1556//1556 1554//1554 1552//1552
f 1625//1625 1433//1433 1626//1626
f 1736//1736 1708//1708 1709//1709
f 1691//1691 1329//1329 1693//1693
f 1633//1633 1635//1635 1634//1634
f 1564//1564 1442//1442 1563//1563
f 1635//1635 1822//1822 1634//1634
f 1822//1822 1323//1323 1634//1634
f 1568//1568 368//368 1491//1491
f 1799//1799 42//42 41//41
f 41//41 52//52 1799//1799
f 52//52 83//83 1799//1799
f 1799//1799 1569//1569 1446//1446
f 1571//1571 1738//1738 1447//1447
f 1570//1570 1582//1582 1448//1448
f 1639//1639 408//408 1573//1573
f 1639//1639 1449//1449 1640//1640
f 1590//1590 1575//1575 1449//1449
f 1823//1823 1576//1576 1//1
f 1340//1340 1715//1715 1341//1341
f 1462//1462 1453//1453 1456//1456
f 1458//1458 1457//1457 1460//1460
f 1344//1344 1455//1455 1343//1343
f 1453//1453 1647//1647 1457//1457
f 1349//1349 1342//1342 1716//1716
f 1360//1360 1463//1463 1461//1461
f 1461//1461 1340//1340 1360//1360
f 1800//1800 1359//1359 129//129
f 1461//1461 1715//1715 1340//1340
f 1454//1454 1648//1648 1452//1452
f 1720//1720 1824//1824 1587//1587
f 1720//1720 1741//1741 1464//1464
f 1650//1650 1573//1573 408//408
f 408//408 1348//1348 1342//1342
f 1418//1418 1593//1593 1591//1591
f 1591//1591 1544//1544 450//450
f 437//437 1410//1410 1465//1465
f 1651//1651 442//442 524//524
f 1594//1594 1651//1651 1652//1652
f 1652//1652 1466//1466 1543//1543
f 1613//1613 1467//1467 1614//1614
f 1469//1469 692//692 664//664
f 664//664 1409//1409 1469//1469
f 1470//1470 410//410 1595//1595
f 1469//1469 1468//1468 1613//1613
f 415//415 1470//1470 1468//1468
f 415//415 391//391 1470//1470
f 1098//1098 1388//1388 1164//1164
f 1388//1388 1307//1307 1164//1164
f 29//29 97//97 1471//1471
f 92//92 1472//1472 53//53
f 70//70 34//34 1473//1473
f 34//34 72//72 1474//1474
f 100//100 135//135 30//30
f 1476//1476 81//81 1475//1475
f 32//32 8//8 73//73
f 38//38 19//19 8//8
f 110//110 47//47 21//21
f 6//6 1477//1477 64//64
f 1473//1473 1474//1474 1478//1478
f 26//26 2//2 1362//1362
f 5//5 1478//1478 92//92
f 17//17 62//62 1472//1472
f 1478//1478 17//17 1472//1472
f 110//110 1520//1520 47//47
f 1480//1480 22//22 2//2
f 5//5 41//41 42//42
f 37//37 104//104 1653//1653
f 67//67 4//4 1479//1479
f 136//136 1476//1476 1475//1475
f 1481//1481 120//120 167//167
f 155//155 1483//1483 1222//1222
f 1775//1775 1656//1656 137//137
f 199//199 174//174 1484//1484
f 217//217 1485//1485 263//263
f 199//199 275//275 214//214
f 240//240 1488//1488 216//216
f 1490//1490 1486//1486 254//254
f 266//266 1486//1486 191//191
f 231//231 196//196 296//296
f 199//199 1484//1484 252//252
f 293//293 298//298 181//181
f 266//266 183//183 1486//1486
f 241//241 270//270 1488//1488
f 1489//1489 116//116 245//245
f 199//199 252//252 275//275
f 251//251 174//174 1489//1489
f 116//116 1489//1489 174//174
f 276//276 1490//1490 299//299
f 291//291 1488//1488 270//270
f 1490//1490 195//195 1486//1486
f 261//261 196//196 231//231
f 289//289 297//297 211//211
f 346//346 341//341 332//332
f 521//521 410//410 457//457
f 428//428 489//489 422//422
f 428//428 457//457 489//489
f 453//453 270//270 485//485
f 381//381 1493//1493 403//403
f 473//473 509//509 472//472
f 477//477 490//490 403//403
f 506//506 382//382 1493//1493
f 1493//1493 406//406 506//506
f 368//368 1494//1494 473//473
f 1495//1495 686//686 605//605
f 652//652 646//646 1495//1495
f 590//590 640//640 538//538
f 669//669 1495//1495 605//605
f 545//545 1496//1496 634//634
f 642//642 1782//1782 643//643
f 646//646 663//663 1495//1495
f 679//679 590//590 1668//1668
f 684//684 420//420 1497//1497
f 726//726 601//601 670//670
f 1670//1670 848//848 696//696
f 726//726 792//792 589//589
f 786//786 785//785 1498//1498
f 903//903 1499//1499 836//836
f 780//780 767//767 1500//1500
f 781//781 810//810 762//762
f 770//770 810//810 781//781
f 808//808 1501//1501 1503//1503
f 726//726 829//829 792//792
f 743//743 829//829 1503//1503
f 797//797 749//749 806//806
f 1502//1502 1786//1786 753//753
f 856//856 872//872 1506//1506
f 880//880 998//998 1504//1504
f 856//856 1506//1506 1675//1675
f 865//865 1505//1505 852//852
f 864//864 1504//1504 876//876
f 837//837 876//876 1507//1507
f 916//916 938//938 1508//1508
f 993//993 899//899 907//907
f 1003//1003 1045//1045 1509//1509
f 942//942 1510//1510 985//985
f 1045//1045 988//988 1509//1509
f 899//899 980//980 907//907
f 921//921 957//957 949//949
f 245//245 971//971 1489//1489
f 926//926 1511//1511 843//843
f 908//908 1512//1512 949//949
f 963//963 921//921 936//936
f 955//955 1499//1499 984//984
f 903//903 984//984 1499//1499
f 1511//1511 896//896 943//943
f 940//940 990//990 957//957
f 958//958 976//976 970//970
f 1677//1677 921//921 963//963
f 1060//1060 1033//1033 1514//1514
f 1024//1024 1060//1060 1514//1514
f 1030//1030 1087//1087 1513//1513
f 1030//1030 1513//1513 1054//1054
f 1040//1040 1515//1515 1093//1093
f 1121//1121 1516//1516 1106//1106
f 1125//1125 1104//1104 1076//1076
f 1682//1682 1683//1683 1021//1021
f 1106//1106 1516//1516 1050//1050
f 1121//1121 1122//1122 1516//1516
f 1113//1113 1514//1514 1042//1042
f 1189//1189 1190//1190 1216//1216
f 1519//1519 1201//1201 1517//1517
f 1195//1195 1293//1293 1524//1524
f 1080//1080 1295//1295 1115//1115
f 1156//1156 1115//1115 1295//1295
f 1267//1267 1292//1292 1518//1518
f 1254//1254 1519//1519 1156//1156
f 1292//1292 1149//1149 1518//1518
f 6//6 1520//1520 110//110
f 1241//1241 1522//1522 1521//1521
f 1217//1217 1794//1794 1522//1522
f 1240//1240 1522//1522 1157//1157
f 1283//1283 1520//1520 1296//1296
f 1264//1264 1289//1289 1523//1523
f 1133//1133 155//155 1222//1222
f 40//40 1303//1303 1655//1655
f 1523//1523 1705//1705 1148//1148
f 1148//1148 1264//1264 1523//1523
f 1298//1298 1292//1292 1187//1187
f 1301//1301 1520//1520 6//6
f 1216//1216 1190//1190 1226//1226
f 1288//1288 1517//1517 1201//1201
f 1523//1523 1305//1305 1705//1705
f 1525//1525 1526//1526 1695//1695
f 1526//1526 1528//1528 1527//1527
f 1386//1386 1722//1722 1183//1183
f 1386//1386 1597//1597 1722//1722
f 1529//1529 1388//1388 1060//1060
f 1060//1060 1389//1389 1529//1529
f 1389//1389 1530//1530 1390//1390
f 1391//1391 1392//1392 1393//1393
f 1394//1394 1395//1395 1396//1396
f 1396//1396 1395//1395 1531//1531
f 1397//1397 1396//1396 1531//1531
f 1398//1398 1397//1397 1601//1601
f 1399//1399 1398//1398 1603//1603
f 1604//1604 1796//1796 1399//1399
f 1399//1399 1400//1400 1604//1604
f 1697//1697 1606//1606 1400//1400
f 1723//1723 1535//1535 1798//1798
f 697//697 1404//1404 1610//1610
f 1404//1404 1725//1725 1700//1700
f 1685//1685 1724//1724 1537//1537
f 1702//1702 1685//1685 1538//1538
f 1726//1726 1541//1541 1727//1727
f 1728//1728 1729//1729 1542//1542
f 1652//1652 1542//1542 1408//1408
f 1412//1412 1413//1413 1414//1414
f 1615//1615 1412//1412 1414//1414
f 1417//1417 1592//1592 1416//1416
f 1420//1420 1418//1418 1419//1419
f 1421//1421 1420//1420 1546//1546
f 1422//1422 1421//1421 1619//1619
f 1422//1422 1423//1423 1618//1618
f 1547//1547 1618//1618 1423//1423
f 1423//1423 1424//1424 1547//1547
f 1550//1550 1528//1528 1596//1596
f 1549//1549 1548//1548 1547//1547
f 1553//1553 1428//1428 1551//1551
f 1430//1430 1552//1552 1431//1431
f 1432//1432 1431//1431 1552//1552
f 1554//1554 1553//1553 1432//1432
f 1433//1433 1555//1555 1554//1554
f 1556//1556 1557//1557 1433//1433
f 1433//1433 1557//1557 1434//1434
f 1557//1557 1629//1629 1434//1434
f 1752//1752 1434//1434 1629//1629
f 1732//1732 1731//1731 1690//1690
f 1689//1689 1733//1733 1734//1734
f 1737//1737 1736//1736 1560//1560
f 1756//1756 1711//1711 1561//1561
f 1439//1439 1562//1562 1440//1440
f 1562//1562 1563//1563 1440//1440
f 1693//1693 1329//1329 1441//1441
f 377//377 1329//1329 1322//1322
f 1442//1442 1440//1440 1563//1563
f 1822//1822 1635//1635 1637//1637
f 1442//1442 1637//1637 1635//1635
f 1637//1637 1444//1444 1565//1565
f 1445//1445 1444//1444 1566//1566
f 1566//1566 1568//1568 1445//1445
f 1570//1570 1446//1446 1569//1569
f 1446//1446 1570//1570 1447//1447
f 1447//1447 1738//1738 1446//1446
f 1447//1447 1448//1448 1572//1572
f 1574//1574 1449//1449 1575//1575
f 1491//1491 1450//1450 1451//1451
f 1451//1451 1450//1450 1576//1576
f 1454//1454 1452//1452 1459//1459
f 1460//1460 1455//1455 1345//1345
f 1458//1458 1460//1460 1578//1578
f 1351//1351 1343//1343 1646//1646
f 1461//1461 1580//1580 1715//1715
f 1642//1642 1580//1580 1356//1356
f 1583//1583 1572//1572 1448//1448
f 1448//1448 1739//1739 1583//1583
f 1719//1719 1585//1585 1648//1648
f 1741//1741 1587//1587 1586//1586
f 1741//1741 1588//1588 1464//1464
f 1588//1588 1741//1741 1589//1589
f 1588//1588 1317//1317 1324//1324
f 1650//1650 408//408 1349//1349
f 1593//1593 1592//1592 1591//1591
f 1544//1544 1591//1591 1592//1592
f 1410//1410 1134//1134 1465//1465
f 1467//1467 1594//1594 1408//1408
f 1595//1595 1594//1594 1467//1467
f 1468//1468 1467//1467 1613//1613
f 1363//1363 109//109 86//86
f 120//120 1481//1481 147//147
f 233//233 1368//1368 1367//1367
f 233//233 225//225 1368//1368
f 1328//1328 1384//1384 1382//1382
f 1695//1695 1131//1131 1130//1130
f 1695//1695 1381//1381 1383//1383
f 1525//1525 1383//1383 1384//1384
f 1313//1313 1261//1261 1384//1384
f 1131//1131 1695//1695 1527//1527
f 1525//1525 1384//1384 1385//1385
f 1261//1261 1385//1385 1384//1384
f 1525//1525 1185//1185 1526//1526
f 1528//1528 1526//1526 1596//1596
f 1185//1185 1184//1184 1596//1596
f 1132//1132 1279//1279 1597//1597
f 1279//1279 1274//1274 1597//1597
f 1389//1389 1060//1060 1792//1792
f 1529//1529 1389//1389 1390//1390
f 1390//1390 1598//1598 1529//1529
f 1598//1598 1274//1274 1263//1263
f 1793//1793 1126//1126 1530//1530
f 1798//1798 1530//1530 1126//1126
f 1391//1391 1393//1393 1052//1052
f 676//676 1392//1392 1391//1391
f 1394//1394 1393//1393 1392//1392
f 1393//1393 1100//1100 1067//1067
f 1394//1394 1599//1599 1393//1393
f 1395//1395 1394//1394 552//552
f 586//586 698//698 1531//1531
f 1531//1531 1395//1395 586//586
f 1599//1599 1394//1394 1396//1396
f 1816//1816 1599//1599 1600//1600
f 1600//1600 1396//1396 1397//1397
f 1600//1600 1602//1602 1129//1129
f 1601//1601 1531//1531 698//698
f 1397//1397 1398//1398 1602//1602
f 1095//1095 1129//1129 1602//1602
f 698//698 612//612 1601//1601
f 1603//1603 1601//1601 612//612
f 1796//1796 1602//1602 1398//1398
f 1398//1398 1399//1399 1796//1796
f 1603//1603 1605//1605 1399//1399
f 693//693 373//373 1605//1605
f 1400//1400 1399//1399 1605//1605
f 1048//1048 1604//1604 1606//1606
f 1401//1401 1400//1400 1532//1532
f 1533//1533 1532//1532 1605//1605
f 373//373 300//300 1533//1533
f 1697//1697 1400//1400 1401//1401
f 1606//1606 1126//1126 1048//1048
f 300//300 364//364 1699//1699
f 1686//1686 1274//1274 1598//1598
f 1697//1697 1723//1723 1534//1534
f 1401//1401 1607//1607 1697//1697
f 1533//1533 1608//1608 1532//1532
f 1403//1403 1402//1402 1607//1607
f 1699//1699 1533//1533 300//300
f 591//591 1611//1611 1404//1404
f 697//697 1610//1610 364//364
f 1404//1404 697//697 591//591
f 655//655 656//656 1742//1742
f 1725//1725 1404//1404 1611//1611
f 1802//1802 1539//1539 1536//1536
f 1725//1725 1537//1537 1700//1700
f 1701//1701 1538//1538 1725//1725
f 1742//1742 1744//1744 1701//1701
f 1745//1745 1702//1702 1743//1743
f 1744//1744 1743//1743 1701//1701
f 1612//1612 1743//1743 1744//1744
f 1703//1703 1722//1722 1387//1387
f 1727//1727 1541//1541 1728//1728
f 1539//1539 1387//1387 1597//1597
f 1612//1612 1407//1407 1406//1406
f 1406//1406 1407//1407 1729//1729
f 1687//1687 1542//1542 1543//1543
f 1134//1134 1309//1309 1687//1687
f 1614//1614 1407//1407 1613//1613
f 1730//1730 1414//1414 1413//1413
f 1417//1417 519//519 301//301
f 440//440 424//424 1545//1545
f 1616//1616 1593//1593 1418//1418
f 1418//1418 1420//1420 1616//1616
f 1418//1418 1591//1591 450//450
f 440//440 1545//1545 1419//1419
f 1546//1546 1545//1545 424//424
f 1420//1420 1421//1421 1616//1616
f 1616//1616 1617//1617 1228//1228
f 424//424 452//452 1546//1546
f 1617//1617 1141//1141 1228//1228
f 452//452 439//439 1619//1619
f 1619//1619 1546//1546 452//452
f 1617//1617 1421//1421 1422//1422
f 1422//1422 1618//1618 1617//1617
f 1803//1803 1422//1422 1619//1619
f 439//439 432//432 1620//1620
f 1621//1621 1803//1803 1620//1620
f 1620//1620 1619//1619 439//439
f 1620//1620 522//522 1621//1621
f 1184//1184 1141//1141 1618//1618
f 1424//1424 1423//1423 1621//1621
f 522//522 412//412 1622//1622
f 1622//1622 1621//1621 522//522
f 1746//1746 1308//1308 1528//1528
f 1747//1747 1746//1746 1550//1550
f 1748//1748 1425//1425 1549//1549
f 1748//1748 1549//1549 1424//1424
f 1749//1749 1748//1748 1622//1622
f 357//357 1623//1623 363//363
f 1427//1427 1551//1551 1428//1428
f 1623//1623 1333//1333 359//359
f 1624//1624 431//431 1315//1315
f 1429//1429 1431//1431 1432//1432
f 1432//1432 1624//1624 1429//1429
f 1625//1625 1333//1333 1623//1623
f 1433//1433 1625//1625 1555//1555
f 1624//1624 1551//1551 431//431
f 1432//1432 1553//1553 1624//1624
f 1556//1556 1433//1433 1554//1554
f 1552//1552 1554//1554 1432//1432
f 1329//1329 1556//1556 1552//1552
f 1321//1321 1333//1333 1625//1625
f 1625//1625 1626//1626 1321//1321
f 1433//1433 1434//1434 1626//1626
f 334//334 1321//1321 1626//1626
f 1626//1626 1627//1627 334//334
f 1626//1626 1434//1434 1627//1627
f 1319//1319 334//334 1627//1627
f 1627//1627 1628//1628 1319//1319
f 1628//1628 336//336 1319//1319
f 1627//1627 1434//1434 1752//1752
f 1750//1750 412//412 1426//1426
f 1801//1801 1435//1435 1751//1751
f 1706//1706 1747//1747 1732//1732
f 1731//1731 1748//1748 1707//1707
f 1707//1707 1749//1749 1750//1750
f 1733//1733 1707//1707 1751//1751
f 1736//1736 1735//1735 1559//1559
f 1708//1708 1734//1734 1752//1752
f 1691//1691 1709//1709 1688//1688
f 1710//1710 1754//1754 1630//1630
f 1755//1755 1308//1308 1753//1753
f 1754//1754 1756//1756 1631//1631
f 1692//1692 1561//1561 1757//1757
f 1755//1755 1631//1631 1712//1712
f 1737//1737 1560//1560 1439//1439
f 1320//1320 85//85 1758//1758
f 1633//1633 1440//1440 1635//1635
f 1635//1635 1440//1440 1442//1442
f 1714//1714 1563//1563 1441//1441
f 1441//1441 466//466 1714//1714
f 1443//1443 1442//1442 1564//1564
f 1714//1714 455//455 1636//1636
f 1443//1443 1637//1637 1442//1442
f 1444//1444 1637//1637 1443//1443
f 108//108 1323//1323 1822//1822
f 1564//1564 1636//1636 1566//1566
f 1772//1772 108//108 1565//1565
f 1444//1444 1443//1443 1566//1566
f 1564//1564 1566//1566 1443//1443
f 1636//1636 455//455 368//368
f 1331//1331 1772//1772 1567//1567
f 1444//1444 1445//1445 1567//1567
f 1568//1568 1636//1636 368//368
f 1568//1568 1491//1491 1451//1451
f 1451//1451 1445//1445 1568//1568
f 1638//1638 1331//1331 1567//1567
f 1446//1446 1738//1738 1799//1799
f 83//83 1332//1332 1569//1569
f 1569//1569 1799//1799 83//83
f 1448//1448 1447//1447 1570//1570
f 1332//1332 1318//1318 1582//1582
f 1582//1582 1570//1570 1332//1332
f 1324//1324 1760//1760 1590//1590
f 408//408 1639//1639 508//508
f 1573//1573 1590//1590 1449//1449
f 1449//1449 1639//1639 1573//1573
f 1639//1639 1640//1640 508//508
f 508//508 1640//1640 525//525
f 1575//1575 1590//1590 1760//1760
f 1449//1449 1574//1574 1640//1640
f 525//525 1640//1640 1574//1574
f 1574//1574 1575//1575 1450//1450
f 1450//1450 1491//1491 1574//1574
f 1760//1760 1//1 1576//1576
f 1576//1576 1450//1450 1575//1575
f 1//1 112//112 1638//1638
f 112//112 1325//1325 1638//1638
f 1567//1567 1823//1823 1638//1638
f 1346//1346 1347//1347 1578//1578
f 1824//1824 1717//1717 1643//1643
f 1457//1457 1647//1647 1646//1646
f 1345//1345 1455//1455 1344//1344
f 1766//1766 1645//1645 1761//1761
f 1767//1767 1769//1769 1641//1641
f 1647//1647 1453//1453 1765//1765
f 1761//1761 1643//1643 1716//1716
f 1646//1646 1455//1455 1457//1457
f 1460//1460 1346//1346 1578//1578
f 1460//1460 1345//1345 1346//1346
f 1644//1644 1646//1646 1647//1647
f 1358//1358 1357//1357 1767//1767
f 1343//1343 1455//1455 1646//1646
f 1715//1715 1762//1762 1341//1341
f 1768//1768 1459//1459 1462//1462
f 1765//1765 1462//1462 1459//1459
f 1359//1359 1463//1463 1360//1360
f 1580//1580 1463//1463 1800//1800
f 1454//1454 1581//1581 1648//1648
f 1580//1580 1642//1642 1715//1715
f 1572//1572 1355//1355 129//129
f 1718//1718 1448//1448 1582//1582
f 1649//1649 1581//1581 1771//1771
f 1694//1694 1584//1584 1771//1771
f 1694//1694 1800//1800 1355//1355
f 1355//1355 1583//1583 1694//1694
f 1649//1649 1648//1648 1581//1581
f 1719//1719 1648//1648 1649//1649
f 1718//1718 1740//1740 1719//1719
f 1720//1720 1464//1464 1650//1650
f 1720//1720 1650//1650 1338//1338
f 1338//1338 1717//1717 1720//1720
f 1339//1339 1338//1338 1650//1650
f 1650//1650 1349//1349 1339//1339
f 1590//1590 1588//1588 1324//1324
f 1464//1464 1590//1590 1573//1573
f 1573//1573 1650//1650 1464//1464
f 408//408 1342//1342 1349//1349
f 1419//1419 1418//1418 450//450
f 1651//1651 1465//1465 1466//1466
f 1594//1594 442//442 1651//1651
f 1652//1652 1651//1651 1466//1466
f 1408//1408 1594//1594 1652//1652
f 1543//1543 1466//1466 1134//1134
f 1542//1542 1652//1652 1543//1543
f 1614//1614 1467//1467 1408//1408
f 699//699 692//692 1613//1613
f 1467//1467 1468//1468 1595//1595
f 410//410 442//442 1595//1595
f 1470//1470 1595//1595 1468//1468
f 1469//1469 1613//1613 692//692
f 60//60 39//39 1654//1654
f 57//57 1//1 1364//1364
f 1825//1825 1320//1320 78//78
f 66//66 1655//1655 4//4
f 153//153 120//120 158//158
f 140//140 1280//1280 1657//1657
f 1660//1660 182//182 281//281
f 206//206 190//190 1485//1485
f 1487//1487 278//278 256//256
f 206//206 219//219 190//190
f 1805//1805 1660//1660 281//281
f 182//182 1660//1660 197//197
f 273//273 290//290 1659//1659
f 204//204 1658//1658 206//206
f 1487//1487 246//246 278//278
f 347//347 757//757 1663//1663
f 314//314 348//348 1663//1663
f 341//341 343//343 1664//1664
f 341//341 1664//1664 331//331
f 423//423 489//489 484//484
f 385//385 1665//1665 519//519
f 385//385 396//396 1665//1665
f 446//446 448//448 443//443
f 301//301 1665//1665 490//490
f 422//422 489//489 423//423
f 595//595 603//603 691//691
f 639//639 1666//1666 592//592
f 651//651 1667//1667 634//634
f 617//617 395//395 585//585
f 590//590 538//538 1668//1668
f 606//606 656//656 1669//1669
f 1671//1671 600//600 520//520
f 632//632 531//531 1496//1496
f 636//636 629//629 1670//1670
f 551//551 540//540 1780//1780
f 600//600 1671//1671 598//598
f 691//691 634//634 1667//1667
f 691//691 1667//1667 694//694
f 544//544 672//672 688//688
f 595//595 677//677 603//603
f 817//817 1673//1673 716//716
f 748//748 734//734 724//724
f 792//792 1674//1674 660//660
f 573//573 662//662 670//670
f 773//773 1674//1674 804//804
f 1785//1785 766//766 1674//1674
f 796//796 650//650 798//798
f 716//716 1673//1673 728//728
f 855//855 1675//1675 860//860
f 878//878 1675//1675 865//865
f 878//878 860//860 1675//1675
f 963//963 895//895 1677//1677
f 1812//1812 941//941 1787//1787
f 895//895 923//923 1677//1677
f 926//926 1678//1678 896//896
f 1509//1509 894//894 1012//1012
f 1104//1104 1103//1103 1679//1679
f 1040//1040 1085//1085 1680//1680
f 1079//1079 1680//1680 1086//1086
f 1085//1085 1086//1086 1680//1680
f 1073//1073 1819//1819 1681//1681
f 1819//1819 1108//1108 1681//1681
f 1109//1109 1086//1086 1682//1682
f 1157//1157 1682//1682 1021//1021
f 1118//1118 1681//1681 1093//1093
f 1064//1064 1025//1025 1068//1068
f 1076//1076 1025//1025 1064//1064
f 879//879 1052//1052 1058//1058
f 1157//1157 1080//1080 1682//1682
f 1016//1016 1057//1057 1083//1083
f 1025//1025 1679//1679 1072//1072
f 1288//1288 1201//1201 1243//1243
f 1155//1155 1684//1684 1223//1223
f 1258//1258 1288//1288 1795//1795
f 1292//1292 1267//1267 1238//1238
f 1297//1297 65//65 1283//1283
f 1326//1326 1272//1272 1137//1137
f 1389//1389 1123//1123 1530//1530
f 1723//1723 1798//1798 1534//1534
f 1696//1696 1536//1536 1686//1686
f 1538//1538 1685//1685 1537//1537
f 1536//1536 1539//1539 1686//1686
f 1597//1597 1686//1686 1539//1539
f 1747//1747 1548//1548 1425//1425
f 1557//1557 1688//1688 1629//1629
f 1690//1690 1558//1558 1689//1689
f 1735//1735 1689//1689 1559//1559
f 1563//1563 1562//1562 1693//1693
f 1444//1444 1567//1567 1565//1565
f 1642//1642 1577//1577 1769//1769
f 1359//1359 1360//1360 146//146
f 1587//1587 1585//1585 1586//1586
f 1777//1777 1661//1661 1370//1370
f 1695//1695 1526//1526 1527//1527
f 1608//1608 1609//1609 1724//1724
f 1802//1802 1536//1536 1698//1698
f 1537//1537 1609//1609 1700//1700
f 1699//1699 1700//1700 1609//1609
f 1743//1743 1538//1538 1701//1701
f 1727//1727 1687//1687 1703//1703
f 1613//1613 1407//1407 1704//1704
f 1615//1615 1414//1414 1705//1705
f 1705//1705 1414//1414 1147//1147
f 1147//1147 1415//1415 1316//1316
f 1730//1730 1249//1249 1797//1797
f 1548//1548 1184//1184 1547//1547
f 1753//1753 1746//1746 1706//1706
f 1630//1630 1753//1753 1706//1706
f 1736//1736 1559//1559 1708//1708
f 1709//1709 1708//1708 1629//1629
f 1560//1560 1736//1736 1709//1709
f 1631//1631 1630//1630 1754//1754
f 1826//1826 1692//1692 1712//1712
f 1691//1691 1693//1693 1562//1562
f 1562//1562 1560//1560 1691//1691
f 1632//1632 1561//1561 1711//1711
f 1758//1758 1632//1632 1633//1633
f 1714//1714 1564//1564 1563//1563
f 1577//1577 1642//1642 1764//1764
f 1766//1766 1337//1337 1350//1350
f 1761//1761 1645//1645 1643//1643
f 1644//1644 1351//1351 1646//1646
f 1716//1716 1643//1643 1717//1717
f 1448//1448 1718//1718 1739//1739
f 1584//1584 1719//1719 1649//1649
f 1721//1721 1582//1582 1318//1318
f 1589//1589 1586//1586 1721//1721
f 1474//1474 17//17 1478//1478
f 153//153 1482//1482 120//120
f 1368//1368 229//229 230//230
f 1368//1368 1371//1371 229//229
f 286//286 291//291 270//270
f 875//875 1676//1676 872//872
f 896//896 1678//1678 1499//1499
f 957//957 921//921 1677//1677
f 934//934 894//894 1509//1509
f 1086//1086 1085//1085 1683//1683
f 1683//1683 1682//1682 1086//1086
f 1025//1025 1104//1104 1679//1679
f 1695//1695 1383//1383 1525//1525
f 1387//1387 1722//1722 1597//1597
f 1608//1608 1401//1401 1532//1532
f 1535//1535 1390//1390 1798//1798
f 1402//1402 1535//1535 1723//1723
f 1402//1402 1403//1403 1698//1698
f 1827//1827 1403//1403 1685//1685
f 1724//1724 1685//1685 1403//1403
f 1538//1538 1537//1537 1725//1725
f 1405//1405 1827//1827 1685//1685
f 1685//1685 1702//1702 1405//1405
f 1802//1802 1726//1726 1540//1540
f 1540//1540 1539//1539 1802//1802
f 1726//1726 1727//1727 1540//1540
f 1405//1405 1541//1541 1726//1726
f 1542//1542 1687//1687 1728//1728
f 1406//1406 1729//1729 1728//1728
f 1407//1407 1614//1614 1729//1729
f 1408//1408 1729//1729 1614//1614
f 1729//1729 1408//1408 1542//1542
f 1550//1550 1596//1596 1548//1548
f 1549//1549 1547//1547 1424//1424
f 1801//1801 1426//1426 1259//1259
f 1801//1801 1628//1628 1435//1435
f 1732//1732 1425//1425 1731//1731
f 1690//1690 1731//1731 1558//1558
f 1689//1689 1558//1558 1733//1733
f 1734//1734 1733//1733 1435//1435
f 1559//1559 1689//1689 1734//1734
f 1710//1710 1690//1690 1735//1735
f 1436//1436 1710//1710 1735//1735
f 1737//1737 1436//1436 1736//1736
f 1437//1437 1436//1436 1737//1737
f 1561//1561 1692//1692 1826//1826
f 1437//1437 1438//1438 1711//1711
f 1711//1711 1756//1756 1437//1437
f 1713//1713 1438//1438 1439//1439
f 1713//1713 1632//1632 1711//1711
f 1439//1439 1440//1440 1713//1713
f 1633//1633 1713//1713 1440//1440
f 1563//1563 1693//1693 1441//1441
f 455//455 1714//1714 466//466
f 1714//1714 1636//1636 1564//1564
f 1571//1571 1447//1447 1572//1572
f 1764//1764 1581//1581 1454//1454
f 1454//1454 1459//1459 1768//1768
f 1642//1642 1581//1581 1764//1764
f 1454//1454 1768//1768 1764//1764
f 1765//1765 1459//1459 1763//1763
f 1462//1462 1456//1456 1768//1768
f 1584//1584 1694//1694 1583//1583
f 1583//1583 1739//1739 1584//1584
f 1584//1584 1739//1739 1719//1719
f 1587//1587 1770//1770 1585//1585
f 1586//1586 1585//1585 1740//1740
f 1134//1134 1466//1466 1465//1465
f 1130//1130 1381//1381 1695//1695
f 1696//1696 1686//1686 1598//1598
f 1535//1535 1696//1696 1390//1390
f 1402//1402 1698//1698 1535//1535
f 1607//1607 1402//1402 1723//1723
f 1723//1723 1697//1697 1607//1607
f 1534//1534 1798//1798 1126//1126
f 1724//1724 1403//1403 1607//1607
f 1607//1607 1608//1608 1724//1724
f 1609//1609 1608//1608 1533//1533
f 1533//1533 1699//1699 1609//1609
f 1403//1403 1827//1827 1698//1698
f 1802//1802 1698//1698 1827//1827
f 1827//1827 1405//1405 1726//1726
f 1609//1609 1537//1537 1724//1724
f 364//364 1610//1610 1699//1699
f 1610//1610 1404//1404 1700//1700
f 1538//1538 1743//1743 1702//1702
f 1725//1725 1611//1611 1701//1701
f 1742//1742 1701//1701 1611//1611
f 1611//1611 655//655 1742//1742
f 1702//1702 1745//1745 1405//1405
f 1744//1744 1742//1742 656//656
f 1541//1541 1405//1405 1745//1745
f 1687//1687 1309//1309 1703//1703
f 1722//1722 1703//1703 1309//1309
f 1540//1540 1703//1703 1387//1387
f 1728//1728 1687//1687 1727//1727
f 1686//1686 1597//1597 1274//1274
f 1704//1704 1612//1612 1744//1744
f 1745//1745 1743//1743 1612//1612
f 1406//1406 1745//1745 1612//1612
f 1744//1744 656//656 1704//1704
f 1407//1407 1612//1612 1704//1704
f 1687//1687 1543//1543 1134//1134
f 656//656 699//699 1704//1704
f 427//427 1730//1730 1413//1413
f 432//432 522//522 1620//1620
f 1550//1550 1746//1746 1528//1528
f 1548//1548 1747//1747 1550//1550
f 1622//1622 1748//1748 1424//1424
f 412//412 1749//1749 1622//1622
f 1426//1426 1751//1751 1750//1750
f 1751//1751 1426//1426 1801//1801
f 1752//1752 1435//1435 1628//1628
f 1753//1753 1308//1308 1746//1746
f 1706//1706 1746//1746 1747//1747
f 1732//1732 1747//1747 1425//1425
f 1690//1690 1710//1710 1732//1732
f 1710//1710 1630//1630 1706//1706
f 1710//1710 1706//1706 1732//1732
f 1731//1731 1425//1425 1748//1748
f 1558//1558 1731//1731 1707//1707
f 1707//1707 1748//1748 1749//1749
f 1750//1750 1749//1749 412//412
f 1733//1733 1558//1558 1707//1707
f 1751//1751 1707//1707 1750//1750
f 1435//1435 1733//1733 1751//1751
f 1736//1736 1436//1436 1735//1735
f 1708//1708 1559//1559 1734//1734
f 1752//1752 1734//1734 1435//1435
f 1629//1629 1708//1708 1752//1752
f 1691//1691 1560//1560 1709//1709
f 1688//1688 1709//1709 1629//1629
f 1329//1329 1691//1691 1688//1688
f 1754//1754 1710//1710 1436//1436
f 1755//1755 1753//1753 1630//1630
f 1630//1630 1631//1631 1755//1755
f 1200//1200 1308//1308 1755//1755
f 1436//1436 1437//1437 1754//1754
f 1756//1756 1754//1754 1437//1437
f 1193//1193 1380//1380 1692//1692
f 1692//1692 1380//1380 1712//1712
f 1176//1176 1712//1712 1380//1380
f 1712//1712 1176//1176 1200//1200
f 1200//1200 1755//1755 1712//1712
f 1560//1560 1562//1562 1439//1439
f 1737//1737 1439//1439 1438//1438
f 1438//1438 1437//1437 1737//1737
f 1713//1713 1711//1711 1438//1438
f 1561//1561 1632//1632 1757//1757
f 85//85 1193//1193 1757//1757
f 1757//1757 1632//1632 1758//1758
f 1757//1757 1758//1758 85//85
f 1713//1713 1633//1633 1632//1632
f 1758//1758 1759//1759 1320//1320
f 1759//1759 1758//1758 1633//1633
f 1320//1320 1759//1759 78//78
f 1759//1759 1633//1633 1634//1634
f 1323//1323 78//78 1759//1759
f 1759//1759 1634//1634 1323//1323
f 1565//1565 1567//1567 1772//1772
f 1576//1576 1575//1575 1760//1760
f 1577//1577 1641//1641 1769//1769
f 1767//1767 1352//1352 1769//1769
f 1761//1761 1353//1353 1337//1337
f 1716//1716 1717//1717 1349//1349
f 1456//1456 1579//1579 1641//1641
f 1456//1456 1458//1458 1578//1578
f 1337//1337 1766//1766 1761//1761
f 1459//1459 1452//1452 1763//1763
f 1352//1352 1341//1341 1762//1762
f 1351//1351 1644//1644 1350//1350
f 1579//1579 1578//1578 1347//1347
f 1352//1352 1767//1767 1357//1357
f 1765//1765 1645//1645 1647//1647
f 1644//1644 1647//1647 1645//1645
f 1716//1716 1342//1342 1353//1353
f 1353//1353 1761//1761 1716//1716
f 1763//1763 1643//1643 1645//1645
f 1577//1577 1456//1456 1641//1641
f 1765//1765 1453//1453 1462//1462
f 1644//1644 1645//1645 1766//1766
f 1350//1350 1644//1644 1766//1766
f 1456//1456 1578//1578 1579//1579
f 1641//1641 1579//1579 1767//1767
f 1358//1358 1767//1767 1579//1579
f 1762//1762 1715//1715 1642//1642
f 1762//1762 1769//1769 1352//1352
f 1763//1763 1645//1645 1765//1765
f 1452//1452 1770//1770 1763//1763
f 1824//1824 1763//1763 1770//1770
f 1649//1649 1771//1771 1584//1584
f 1694//1694 1771//1771 1800//1800
f 1356//1356 1800//1800 1771//1771
f 1582//1582 1721//1721 1718//1718
f 1719//1719 1739//1739 1718//1718
f 1720//1720 1717//1717 1824//1824
f 1741//1741 1720//1720 1587//1587
f 1771//1771 1581//1581 1356//1356
f 1589//1589 1741//1741 1586//1586
f 1721//1721 1586//1586 1740//1740
f 1740//1740 1718//1718 1721//1721
f 1317//1317 1589//1589 1721//1721
f 1721//1721 1318//1318 1317//1317
f 1825//1825 1655//1655 1773//1773
f 43//43 85//85 1773//1773
f 45//45 46//46 1653//1653
f 137//137 154//154 136//136
f 137//137 13//13 1775//1775
f 190//190 1776//1776 263//263
f 1369//1369 229//229 1661//1661
f 1369//1369 230//230 229//229
f 175//175 262//262 213//213
f 145//145 246//246 162//162
f 298//298 293//293 265//265
f 188//188 1804//1804 238//238
f 513//513 772//772 1778//1778
f 477//477 407//407 1779//1779
f 1807//1807 450//450 477//477
f 551//551 1780//1780 594//594
f 651//651 1782//1782 1667//1667
f 1496//1496 597//597 1784//1784
f 542//542 592//592 1783//1783
f 694//694 1667//1667 642//642
f 600//600 667//667 638//638
f 688//688 1669//1669 544//544
f 1780//1780 540//540 1784//1784
f 642//642 1667//1667 1782//1782
f 540//540 634//634 1784//1784
f 815//815 882//882 1810//1810
f 801//801 765//765 848//848
f 736//736 1785//1785 782//782
f 816//816 748//748 749//749
f 851//851 748//748 816//816
f 772//772 704//704 1778//1778
f 782//782 1785//1785 773//773
f 889//889 815//815 1786//1786
f 875//875 535//535 1781//1781
f 941//941 985//985 1787//1787
f 957//957 923//923 1788//1788
f 955//955 910//910 1789//1789
f 893//893 924//924 992//992
f 1788//1788 251//251 1790//1790
f 896//896 967//967 943//943
f 893//893 989//989 1791//1791
f 893//893 1791//1791 924//924
f 1079//1079 1039//1039 1680//1680
f 1079//1079 1117//1117 1039//1039
f 1066//1066 1026//1026 1067//1067
f 1820//1820 1095//1095 1048//1048
f 1161//1161 1155//1155 1270//1270
f 1140//1140 1207//1207 1316//1316
f 1655//1655 1303//1303 1773//1773
f 1521//1521 1794//1794 1302//1302
f 1415//1415 1797//1797 1416//1416
f 1530//1530 1798//1798 1390//1390
f 42//42 1799//1799 1738//1738
f 1463//1463 1359//1359 1800//1800
f 136//136 1475//1475 137//137
f 284//284 1656//1656 1775//1775
f 1161//1161 1258//1258 1155//1155
f 1740//1740 1585//1585 1719//1719
f 1389//1389 1792//1792 1123//1123
f 1123//1123 1793//1793 1530//1530
f 1048//1048 1095//1095 1796//1796
f 1704//1704 699//699 1613//1613
f 1249//1249 519//519 1797//1797
f 1620//1620 1803//1803 1619//1619
f 1423//1423 1422//1422 1803//1803
f 1803//1803 1621//1621 1423//1423
f 1555//1555 1428//1428 1553//1553
f 1555//1555 1623//1623 1428//1428
f 1325//1325 1331//1331 1638//1638
f 368//368 525//525 1491//1491
f 44//44 46//46 45//45
f 544//544 527//527 672//672
f 773//773 1785//1785 1674//1674
f 1515//1515 1818//1818 946//946
f 1040//1040 1818//1818 1515//1515
f 1258//1258 1795//1795 1155//1155
f 137//137 1656//1656 154//154
f 1487//1487 1661//1661 1777//1777
f 1540//1540 1727//1727 1703//1703
f 1730//1730 1797//1797 1415//1415
f 875//875 872//872 856//856
f 1541//1541 1745//1745 1406//1406
f 1541//1541 1406//1406 1728//1728
f 1259//1259 336//336 1801//1801
f 1628//1628 1801//1801 336//336
f 1606//1606 1534//1534 1126//1126
f 1193//1193 1692//1692 1757//1757
f 1577//1577 1768//1768 1456//1456
f 1768//1768 1577//1577 1764//1764
f 1585//1585 1770//1770 1452//1452
f 1475//1475 86//86 13//13
f 136//136 154//154 1804//1804
f 136//136 1804//1804 147//147
f 145//145 169//169 246//246
f 274//274 247//247 1805//1805
f 360//360 461//461 413//413
f 394//394 505//505 377//377
f 472//472 504//504 508//508
f 472//472 475//475 504//504
f 465//465 405//405 499//499
f 491//491 513//513 1778//1778
f 1779//1779 440//440 1807//1807
f 464//464 466//466 377//377
f 697//697 609//609 591//591
f 605//605 686//686 733//733
f 733//733 724//724 605//605
f 1492//1492 605//605 724//724
f 1810//1810 1808//1808 730//730
f 785//785 786//786 1809//1809
f 1808//1808 1810//1810 909//909
f 803//803 1811//1811 1808//1808
f 1498//1498 785//785 1811//1811
f 803//803 1498//1498 1811//1811
f 792//792 804//804 1674//1674
f 882//882 1812//1812 1810//1810
f 1818//1818 1817//1817 946//946
f 986//986 1510//1510 1813//1813
f 992//992 1814//1814 976//976
f 986//986 933//933 1789//1789
f 942//942 894//894 1813//1813
f 1007//1007 1815//1815 1011//1011
f 1011//1011 1815//1815 1000//1000
f 1068//1068 1816//1816 1124//1124
f 1818//1818 1680//1680 1817//1817
f 1039//1039 1817//1817 1680//1680
f 1078//1078 1108//1108 1819//1819
f 1081//1081 1127//1127 1820//1820
f 1820//1820 1075//1075 1081//1081
f 1127//1127 1095//1095 1820//1820
f 1114//1114 1001//1001 1090//1090
f 1219//1219 1290//1290 1274//1274
f 1821//1821 1211//1211 1151//1151
f 1223//1223 1151//1151 1211//1211
f 1326//1326 1412//1412 1272//1272
f 1419//1419 1807//1807 440//440
f 1565//1565 1822//1822 1637//1637
f 1638//1638 1823//1823 1//1
f 1800//1800 129//129 1355//1355
f 1087//1087 1111//1111 1513//1513
f 1817//1817 1039//1039 1051//1051
f 1817//1817 1051//1051 945//945
f 1698//1698 1696//1696 1535//1535
f 1441//1441 377//377 466//466
f 1385//1385 1185//1185 1525//1525
f 1600//1600 1129//1129 1816//1816
f 1120//1120 1599//1599 1816//1816
f 1533//1533 1605//1605 373//373
f 1698//1698 1536//1536 1696//1696
f 1628//1628 1627//1627 1752//1752
f 1451//1451 1576//1576 1823//1823
f 1445//1445 1451//1451 1823//1823
f 1823//1823 1567//1567 1445//1445
f 1356//1356 1580//1580 1800//1800
f 1587//1587 1824//1824 1770//1770
f 78//78 4//4 1825//1825
f 1655//1655 1825//1825 4//4
f 829//829 804//804 792//792
f 1810//1810 1812//1812 909//909
f 986//986 1813//1813 907//907
f 1680//1680 1818//1818 1040//1040
f 1642//1642 1769//1769 1762//1762
f 1305//1305 1615//1615 1705//1705
f 1631//1631 1826//1826 1712//1712
f 820//820 491//491 1778//1778
f 1561//1561 1826//1826 1756//1756
f 1802//1802 1827//1827 1726//1726
f 1631//1631 1756//1756 1826//1826
f 1824//1824 1643//1643 1763//1763
f 1320//1320 1825//1825 1773//1773
f 1779//1779 1807//1807 477//477
f 1002//1002 894//894 942//942
f 1793//1793 1820//1820 1048//1048
f 1465//1465 524//524 437//437
f 525//525 1574//1574 1491//1491
f 1465//1465 1651//1651 524//524
f 246//246 1487//1487 1777//1777
f 627//627 666//666 657//657
f 627//627 664//664 666//666
f 1585//1585 1452//1452 1648//1648
# 3650 faces, 0 coords texture

# End of File
