####
#
# OBJ File Generated by Meshlab
#
####
# Object 82257.obj
#
# Vertices: 1534
# Faces: 3068
#
####
vn -5.455068 3.056828 0.124503
v -1.319555 0.059325 14.801273
vn 1.549883 -3.155246 5.055692
v -1.566273 -9.397624 29.590972
vn 2.249128 -4.268269 3.874487
v 0.769101 -9.642718 28.308121
vn -2.502087 3.258066 -2.638726
v -1.775098 -0.625100 16.877597
vn 2.848900 -4.774947 2.744917
v 1.757395 -10.118111 26.881886
vn -4.763464 3.957277 -0.173717
v -1.783488 -0.711365 15.716648
vn 2.198261 -5.270020 2.612037
v 1.134029 -11.252126 25.168520
vn 2.875622 -4.901478 2.658715
v 1.956478 -10.353208 26.086243
vn 5.830986 -1.533217 0.678022
v -0.338908 -1.987458 11.996757
vn 5.592461 -2.222037 -1.540448
v 0.499878 -0.247937 9.855504
vn 6.045250 0.589255 -0.498804
v 0.283043 -1.187433 9.152888
vn 2.332045 -5.219448 2.587870
v 2.776235 -11.369572 23.551411
vn 4.721155 -3.751681 -1.443758
v 0.840465 0.171408 10.271139
vn 3.013640 -4.887959 -2.285885
v 1.720961 0.809405 10.342148
vn 2.731423 -2.648666 4.110656
v 1.888053 -8.801282 28.652647
vn 4.078730 -1.655777 2.768396
v 3.616428 -10.459622 24.379088
vn 5.099627 1.938016 1.449684
v 3.328610 -10.093195 24.775387
vn 2.489130 -5.005827 2.825612
v 2.441966 -10.910968 24.758334
vn 3.373236 -3.878033 2.812687
v 3.326849 -10.531686 24.607352
vn 2.686479 -5.036767 2.520484
v 3.501203 -11.534439 22.564474
vn 3.588323 -4.217699 2.435606
v 4.031273 -11.695195 21.676194
vn 2.655445 -5.215794 1.892456
v 4.027568 -12.421821 20.051702
vn -0.576214 -1.427784 6.075639
v -4.398442 -7.238941 30.605091
vn 0.235357 -2.182276 5.799278
v -3.352046 -8.394432 30.344448
vn 1.440924 -2.185394 5.667379
v -1.714247 -8.531304 30.011652
vn 1.693956 -4.539897 3.911099
v -1.308697 -10.224320 28.730816
vn 2.022619 -4.816640 3.424617
v -0.291806 -10.289845 28.096611
vn 3.949680 -3.123289 2.889552
v 2.418742 -9.160670 27.728707
vn 2.281234 -4.961300 3.082663
v 0.724073 -10.350190 27.285901
vn 2.497970 -4.715950 3.293829
v 1.431528 -9.651925 27.707118
vn 2.109166 -5.372525 2.472711
v 1.581175 -11.736884 23.820509
vn 4.418437 -2.599382 2.565411
v 3.079623 -10.038574 25.489195
vn -2.321342 5.220757 -0.008841
v -2.644062 -1.594356 14.016897
vn -5.088050 3.659912 0.356409
v -1.760044 -0.468841 13.313816
vn -3.934201 2.712912 -3.473882
v -0.484079 1.399724 9.573136
vn -4.155534 1.632039 -3.105628
v -0.314561 2.393005 9.874596
vn -4.571274 4.190059 0.666112
v -2.249890 -0.996730 12.184965
vn 3.223849 -3.486248 4.080914
v 1.817600 -12.834475 15.103116
vn 4.235476 -0.279515 1.242152
v 2.768640 -9.318950 26.897153
vn 4.101976 -3.064704 2.332977
v 3.814072 -10.794296 23.685119
vn 1.922362 -1.265245 5.798476
v -0.971235 -6.428129 30.433570
vn -0.781239 5.730185 0.788654
v -2.108848 -0.179969 8.998974
vn 2.018750 -5.465221 2.350166
v 2.183807 -12.128273 22.356456
vn 2.010380 -5.491341 2.260419
v 2.995894 -12.335687 21.256482
vn -2.217704 4.468352 -3.159091
v -1.149178 0.327500 9.161355
vn -1.197523 -1.380075 5.969567
v -5.712276 -7.301586 30.426140
vn -0.293586 -0.698020 6.174312
v -3.657827 -6.131396 30.891156
vn 0.891502 -0.847020 6.104555
v -2.221072 -5.819954 30.855660
vn 1.277885 -1.694024 5.886222
v -2.108403 -7.377715 30.481618
vn -0.852743 -0.652201 6.172432
v -4.858269 -6.168211 30.736123
vn 2.160414 -3.484008 4.648390
v -0.334106 -9.407715 29.073735
vn 1.920050 -1.818996 5.697412
v -0.774451 -7.595916 30.003643
vn -4.652424 4.134707 -0.011912
v -1.464766 0.328680 10.302363
vn 1.574024 -5.793128 -0.579259
v 3.179197 -12.982510 18.600668
vn 2.340646 -5.189098 -0.171168
v 4.539713 -12.640263 18.575348
vn -5.550056 2.785755 0.214828
v -0.924079 0.952725 11.594053
vn 2.098079 -2.254126 5.453343
v -0.380637 -8.469467 29.575129
vn 2.967171 -0.747926 5.412196
v 1.345726 -7.086061 29.273229
vn 5.455954 -0.262973 0.036595
v 1.171158 -7.355986 25.716601
vn 4.786557 2.011733 2.088033
v 4.726837 -7.339806 12.258965
vn 5.922113 -0.819500 0.879468
v 1.747025 -6.729813 24.737011
vn 4.857867 -2.352726 -3.076103
v 1.355844 -5.100363 20.829933
vn 5.766896 -1.465760 -1.865362
v 1.613164 -4.906951 21.278463
vn 3.391263 4.439176 2.870929
v 0.993628 -5.342622 13.512094
vn 5.339334 2.085392 0.511828
v 1.514876 -8.219544 24.767278
vn 5.577744 1.491570 1.721998
v 2.954925 1.620243 11.793935
vn 3.372600 4.415953 2.920307
v 3.537065 -5.032405 10.251990
vn 5.771997 -2.325592 -0.178901
v -0.424873 -6.089645 17.890203
vn 4.824088 1.224302 1.620365
v -0.551085 -6.689112 17.239848
vn 5.632132 2.006103 -1.260535
v 1.876675 -0.468048 19.550348
vn 4.886464 -2.867700 -2.662003
v 0.837499 -4.563468 19.323531
vn 5.924532 0.895389 -1.264649
v 1.738196 -6.917619 23.776770
vn 3.178836 4.261778 3.284718
v 2.471102 -8.065760 15.993457
vn 3.927110 0.183650 0.843342
v 4.648390 -11.549490 20.798375
vn 3.787118 4.998884 -0.295642
v 3.728117 -10.888320 19.657181
vn 3.259233 -1.951762 -4.528895
v 0.912821 0.687064 9.666999
vn 4.764724 3.113092 -2.567225
v 0.256181 -1.632185 8.489237
vn 3.020514 4.796422 2.669326
v 1.163274 -4.816708 12.496765
vn 3.201194 4.040605 2.756742
v 0.713451 -3.010074 9.398970
vn 2.270255 4.860594 3.095780
v 1.699411 -3.675154 10.145140
vn 5.078044 -2.574357 1.170895
v 2.871712 1.293776 12.042502
vn 3.365276 4.343467 3.014416
v 3.033848 -7.333465 14.341975
vn 3.546213 3.718800 2.390542
v 0.354090 -3.578630 10.608783
vn 5.990528 -0.639151 -0.825470
v 1.600265 -5.514654 24.361356
vn 5.365778 2.292381 1.515179
v 1.552901 0.591471 17.048040
vn 4.082250 -0.097112 -3.022580
v -0.118567 -6.917059 20.757129
vn 4.077507 1.447090 -4.314714
v 0.008909 -0.372646 8.961649
vn 4.079700 4.705646 -0.438006
v 1.327942 -9.154211 19.006077
vn 2.887599 3.916998 3.962389
v 2.503502 -9.030894 16.980427
vn 4.005952 4.764442 -0.853518
v 2.102422 -9.601308 20.083088
vn 4.773283 1.470466 -1.739100
v 1.371647 -6.827386 23.278090
vn 5.011390 2.250244 -1.650519
v 1.186268 -8.364680 21.969634
vn 5.104748 2.484887 2.094184
v 1.524205 -6.959042 22.661352
vn 5.894743 -0.957736 -1.541744
v 1.355076 -7.961657 22.436000
vn 5.126125 -1.414743 -2.859082
v 1.595540 -7.046775 22.270596
vn 6.209927 0.264335 -0.269163
v -0.066247 -4.745424 15.762303
vn 4.315653 -4.243336 -0.452647
v 1.375596 -0.242181 15.834392
vn 5.218341 -0.670874 -3.329245
v 0.385922 -2.962294 17.671798
vn 3.242352 4.470500 2.996594
v 1.711455 -6.051961 13.791309
vn 5.015076 2.276302 1.833812
v 4.274656 -9.272457 15.451710
vn 3.239214 4.407363 3.089431
v 2.362565 -7.425643 15.138030
vn 5.453243 -0.227931 1.252914
v 4.712493 -7.749103 12.459305
vn 4.357138 -0.186201 1.015647
v 4.050124 -10.936202 22.874315
vn 3.857733 4.914796 -0.625883
v 2.989228 -10.275203 20.467293
vn 3.156999 4.578528 2.915763
v 2.300905 -4.827454 11.305844
vn 4.863480 -0.359155 1.157249
v 2.543293 1.102578 13.334317
vn 3.889779 3.982078 2.846183
v 4.074010 -7.351714 13.087940
vn 4.723335 3.104277 2.678720
v 5.543080 -5.861845 7.110377
vn 4.992251 3.148287 2.107028
v 4.981531 -5.908176 8.151786
vn 4.494759 3.547779 2.354020
v 2.705582 2.325008 11.395260
vn 5.145403 2.336696 0.374385
v 3.015175 -9.586414 25.785283
vn 4.168497 4.574953 -1.030679
v 0.745930 -8.511311 19.318454
vn 4.065496 -1.181809 -4.119505
v 0.732928 -6.855674 21.488278
vn 5.586988 -2.305843 -1.614385
v 0.194578 -4.874293 18.230895
vn 6.046829 -1.572282 -0.291113
v -0.107941 -5.229873 17.146142
vn 3.328313 4.331568 3.089559
v 1.155954 -6.837497 15.610364
vn 2.440486 4.948733 2.944110
v 1.594364 -4.142458 10.913672
vn 4.870553 2.626766 2.155185
v 4.384782 -8.204862 13.865831
vn 5.890573 -1.139774 0.242724
v 1.762268 -5.851932 22.182471
vn 5.773768 -1.404623 -1.581071
v 2.187530 -3.085690 20.619864
vn 5.021886 2.111393 -1.382080
v 1.389961 -7.959281 26.306830
vn 5.413124 1.867277 -0.270013
v 1.608181 -8.410216 24.006858
vn 5.280895 2.125650 -1.261720
v 1.451527 -8.458461 22.713077
vn 4.671980 -0.794112 -0.241111
v 1.717476 -6.537617 22.180799
vn 4.326549 4.496048 -0.678004
v 2.355660 -9.409378 22.752996
vn 3.644491 4.157324 2.015772
v 0.271417 -4.063926 11.699709
vn 4.868106 1.750939 1.735601
v -0.181916 -5.971706 15.852377
vn 3.248037 4.497319 2.949827
v 2.314552 -5.620679 12.480746
vn 3.441719 4.394335 2.874518
v 3.674927 -6.508555 12.328074
vn 6.150739 -0.917125 0.140926
v 4.872710 -7.156560 10.902076
vn 4.254102 4.550562 -0.796315
v 2.075049 -9.341912 21.416600
vn 4.170442 3.839046 1.123071
v 0.111766 -8.230039 18.142228
vn 4.895802 1.713124 0.462518
v 4.143874 -10.977839 22.231238
vn 4.281924 4.527126 0.444374
v 4.507077 -11.493524 18.728922
vn 4.335184 2.946756 2.687634
v 4.120346 -9.996460 16.661771
vn 3.400695 5.064974 0.983476
v 3.489164 -10.771044 18.338139
vn 3.953667 -0.737504 0.663088
v 5.073758 -12.177359 18.916785
vn 4.930138 3.107666 0.542261
v 4.487399 -11.075775 17.329891
vn 5.359477 -0.637546 -0.803742
v 4.282742 -10.223430 16.249250
vn 5.482755 -1.953424 0.323201
v 3.947530 -9.409168 13.943467
vn 3.851177 -1.183281 -2.173371
v 3.309190 1.781436 10.278409
vn 5.257287 -1.119021 1.255826
v 3.112752 1.511517 11.235819
vn 3.207595 4.491586 2.998209
v 2.614277 -4.192431 9.932489
vn 3.455324 4.382511 2.882735
v 3.564440 -5.781165 11.317022
vn 5.418638 1.993905 2.286484
v 5.685149 -6.996276 8.063151
vn 5.824902 0.304421 1.426208
v 4.804359 -7.541038 10.414523
vn 5.726682 1.842486 1.360282
v 4.980710 -6.506059 9.056327
vn 5.566189 1.527477 2.314221
v 5.427806 -7.754095 9.317179
vn 5.899267 -0.250046 1.764958
v 5.691020 -8.859198 9.022732
vn 5.679299 2.470568 0.388476
v 4.834819 -5.704798 8.262655
vn 4.543535 2.921046 0.873817
v 4.752592 -5.123227 8.966594
vn 5.224281 0.601745 1.108884
v 1.857293 0.717208 15.732084
vn 3.120909 4.892323 2.240398
v 1.590526 2.668196 12.611252
vn 5.430021 -1.846330 0.621922
v 1.628663 -0.005292 16.962111
vn 3.746076 -4.882438 -0.443905
v 2.008823 0.477820 13.120809
vn 4.861076 3.211806 -1.895378
v 0.868175 -8.181545 21.111850
vn 4.317750 0.281495 -1.834538
v -0.568048 -6.952214 20.031692
vn 3.749093 4.997769 -0.449958
v 2.523118 -10.092358 19.248511
vn 4.227994 4.528370 -1.012900
v 1.483645 -9.017610 20.358176
vn 4.954901 2.790476 1.631395
v 0.009262 -5.088728 14.423489
vn 6.028101 1.679468 0.095706
v -0.318995 -3.968891 14.364275
vn 3.199712 3.869810 3.753316
v 1.072110 -7.591597 16.612404
vn 5.691819 -1.738280 -1.991147
v 2.113014 -5.536775 26.920776
vn 5.663721 0.391173 -1.895440
v 1.698007 -7.486796 27.268147
vn 5.868566 -1.656700 -0.306835
v 1.627266 -5.974319 25.774545
vn 5.256894 -2.462771 -2.124151
v 1.725063 -4.071125 20.332937
vn 5.066211 -3.226709 -1.705613
v 0.083853 -5.619455 19.311950
vn 4.764887 -1.955602 -3.578218
v 1.134047 -3.073271 18.699564
vn 5.909582 -0.177846 -1.786697
v 2.116814 -1.721195 19.804971
vn 5.506384 -1.623441 -2.477171
v 0.457929 -4.033892 18.188042
vn 6.105363 -0.392660 0.632657
v 1.770651 -7.234366 24.152344
vn 5.966350 -1.792584 -0.523525
v 2.022996 -4.239130 22.161675
vn 5.859733 -1.286754 -0.071466
v 1.453798 -5.909470 23.165952
vn 5.708654 0.744671 -0.941755
v 1.759530 -7.296290 23.391698
vn 4.815197 1.453516 0.333598
v 1.275873 -6.739601 22.915667
vn 5.977031 -0.518310 -0.769363
v 1.627412 -7.278492 22.681977
vn 4.932157 -0.466350 2.210750
v 1.362368 -6.369069 22.548262
vn 4.735303 -1.652680 -2.931542
v 1.548962 -5.672939 21.256362
vn 6.008374 -0.159901 -1.550908
v 0.088051 -4.039821 16.917614
vn 3.890792 4.908334 -0.481300
v 3.887776 -10.897843 20.988632
vn 3.984863 4.813169 -0.610750
v 3.178449 -10.270965 21.802082
vn 3.356230 3.959911 3.476367
v 3.445332 -9.209461 16.423918
vn 4.974528 3.732679 0.620578
v 4.808036 -11.732844 17.761111
vn 4.220072 -0.058386 -0.439922
v 5.109358 -12.064876 17.825308
vn 5.560645 -1.819078 -0.600994
v 4.334153 -9.272691 14.855221
vn 3.657656 4.131072 2.998367
v 3.638760 -8.417618 15.112918
vn 4.577855 3.465997 2.344764
v 2.501261 1.922633 12.454402
vn 2.026845 5.186665 2.690869
v 1.869935 -2.977840 8.849778
vn 5.074908 3.277929 0.659866
v 4.517477 -5.095990 7.872541
vn 3.652431 4.661085 1.717721
v 3.893449 -4.422048 8.863741
vn 5.840970 0.367059 2.045504
v 5.305529 -8.895518 10.106421
vn 5.800122 -0.509599 0.987354
v 4.587953 -7.947274 11.378328
vn 4.961790 2.425619 1.644223
v 4.829138 -6.162001 10.276693
vn 5.899100 1.221403 1.316148
v 4.950093 -6.747980 9.456534
vn 5.944226 -0.138057 1.849318
v 6.238813 -7.996905 6.999686
vn 5.996517 0.275844 1.655129
v 5.855889 -8.393923 8.330870
vn 4.204591 -4.003485 -1.637879
v 1.257331 -0.505527 17.042433
vn 3.886255 -4.729464 -0.033209
v 1.686120 0.134206 14.442537
vn 5.918561 0.251631 0.524455
v 1.568967 0.109508 17.419145
vn 5.040126 0.389458 -0.032666
v -0.788633 -6.965909 18.744792
vn 4.490369 4.019152 -1.571001
v 0.447848 -8.055206 20.256797
vn 5.841259 -1.927172 -1.251358
v 2.062573 -4.925626 26.052045
vn 6.023010 -1.648414 -0.439795
v 2.051577 -4.075287 24.441335
vn 6.039262 -1.231126 -1.021790
v 2.302742 -3.915207 25.540213
vn 6.030518 -1.445112 -0.763746
v 1.823157 -5.224082 25.158459
vn 4.353670 4.479215 -0.600620
v 2.244671 -8.900856 25.741718
vn 4.844268 3.797408 -1.003199
v 2.245968 -8.705637 26.923859
vn 6.089515 0.576306 0.494378
v 2.416512 -2.067388 23.945092
vn 6.028501 0.160485 0.091548
v 2.540833 -2.385618 22.447381
vn 5.986644 -1.813704 0.313422
v 1.794121 -4.849528 23.345983
vn 4.990948 -1.295120 -3.167223
v 1.684810 -2.042016 18.784437
vn 5.677336 -0.409289 -2.011890
v 1.603033 -0.936792 18.383758
vn 6.075203 1.053352 -0.974070
v -0.390785 -3.287878 15.651650
vn 3.268809 4.493343 2.931425
v 2.770603 -6.615350 13.499814
vn 4.461660 2.030352 0.573388
v 3.825550 -10.357802 23.882962
vn 3.969028 4.769171 -0.919545
v 3.354400 -10.226293 23.109354
vn 3.182571 4.202918 3.286024
v 3.373421 -10.281549 17.473165
vn 5.220092 2.095794 -1.675919
v 4.834497 -11.727092 17.462221
vn 5.104901 -0.486641 1.563279
v 2.757790 1.356867 12.541585
vn 5.339944 -3.211658 0.116775
v -0.019459 -1.263181 13.235618
vn 4.874340 1.573713 1.323333
v 4.902374 -6.866155 11.282080
vn 5.868414 0.331888 1.983606
v 4.915493 -9.439417 11.392944
vn 5.739588 -0.855320 0.984034
v 4.238672 -8.810843 12.787491
vn 4.382364 3.905352 2.015663
v 1.645315 1.529645 14.740570
vn 3.609675 4.447799 2.251951
v 1.576207 2.206843 13.656506
vn 4.757670 -1.228149 1.065408
v 2.346691 0.755015 14.021190
vn 6.009493 0.810570 0.115264
v 2.441214 -3.017878 25.987269
vn 5.811690 0.088156 0.266538
v 2.514053 -4.254718 27.083627
vn 5.703142 -1.647421 -2.039235
v 2.185756 -6.602759 27.896781
vn 4.105961 -0.496224 2.990009
v 2.077756 -8.041720 28.756014
vn 4.547467 -0.429672 1.835442
v 2.402523 -6.557334 28.597707
vn 5.735678 -1.399935 -2.022882
v 1.665661 -6.793439 26.816998
vn 4.596646 3.897355 -1.087997
v -0.249041 -7.699189 19.315462
vn 5.063096 0.116658 0.684329
v 2.603135 -5.221733 27.872241
vn 4.286680 4.548235 -0.519899
v 2.616026 -9.439546 24.305174
vn 5.117180 0.587879 1.469032
v 2.423321 -8.715467 27.965278
vn 3.272290 -3.621808 -1.733208
v 3.050446 1.299808 10.472692
vn 1.405240 1.901647 4.202568
v 0.319334 0.736732 33.988726
vn 2.634936 5.207460 0.721835
v -4.974916 2.209761 8.195868
vn 2.755116 4.975219 2.414405
v 1.247034 -2.442372 7.992044
vn 3.232791 4.555698 2.874587
v -5.247343 1.929084 8.977341
vn -0.276353 1.470270 -5.516459
v 0.603126 3.289378 9.597329
vn 1.111000 3.947296 -2.027726
v 0.806218 4.100822 10.034241
vn -1.081968 4.360290 -2.959863
v 0.696914 4.082845 10.022829
vn 3.283153 4.449378 2.972711
v -5.729466 1.506863 10.202938
vn 1.276293 5.546999 2.604151
v -6.794354 3.600886 5.756513
vn 3.616357 4.102726 3.070574
v -4.525183 0.867959 9.752857
vn 1.693912 5.405438 2.567324
v -6.092123 4.495251 3.692393
vn 3.986390 4.446647 1.899352
v -1.448462 1.829752 2.344428
vn 2.700372 3.946990 -2.275411
v 2.095474 3.364441 10.185078
vn 2.118317 -1.495799 -5.190532
v 2.383741 1.683293 9.860246
vn 3.612737 5.088903 0.495738
v 0.486397 0.212005 3.562075
vn 3.681355 4.505592 1.305560
v -3.745817 1.464777 8.009361
vn -0.372693 5.166582 1.128351
v 0.548483 4.114314 10.503147
vn -2.641836 2.551566 -3.218070
v 0.295214 3.700635 9.807930
vn 2.009509 1.352627 -5.589387
v 1.939827 2.660294 9.764949
vn 2.865702 4.958281 2.451996
v 1.568139 3.150632 11.619149
vn 2.694093 5.300094 1.669600
v 1.385343 3.709756 10.628037
vn 2.004514 5.244749 2.779092
v -5.423323 3.718003 4.721350
vn 2.258438 5.075685 2.896915
v -5.310183 3.133100 5.692149
vn 2.748854 4.835021 2.863025
v -4.137691 3.040621 4.853044
vn 3.230784 4.709558 2.616221
v 0.803722 -1.588947 7.041943
vn 3.169022 4.707964 2.694283
v -2.811536 1.507803 5.879007
vn 3.154220 4.611093 2.851877
v -3.392287 2.258588 5.324601
vn 3.451623 4.632456 2.341665
v -3.371945 2.963244 4.124307
vn 3.622849 4.664601 2.073512
v -2.525756 1.835664 4.904694
vn 3.792352 4.737686 1.510796
v -2.266110 2.871758 1.776615
vn 1.485054 3.601601 -4.760703
v -0.572825 -0.169517 8.770431
vn 3.094931 4.884706 1.925976
v -2.679868 0.265363 7.844460
vn 0.494430 5.979482 -0.766676
v -1.739861 -0.149807 8.475337
vn 3.410599 4.825647 2.020615
v 0.191035 0.124222 4.849140
vn 3.705928 3.124612 -0.249988
v 0.776417 0.676306 33.500136
vn 2.879262 4.692588 3.002397
v -6.684243 2.403420 9.821760
vn 1.901722 5.268948 0.646475
v -6.263554 2.738954 8.836737
vn 0.741419 5.567578 2.752352
v -7.008016 4.191888 4.627749
vn 3.450937 4.838097 1.830587
v -3.464667 1.321359 7.014389
vn 3.753274 4.000222 2.877857
v -3.931950 1.196102 8.714893
vn 3.657130 4.528774 0.665999
v 2.403441 3.155230 10.482851
vn 2.689945 5.351392 1.150575
v -4.851317 2.024565 7.240924
vn 3.077649 5.012830 2.036452
v -1.764398 1.256594 5.139870
vn 2.869371 4.858531 2.761348
v -4.149445 2.194279 6.176354
vn 2.716542 5.552418 0.824440
v -4.740140 4.248928 1.742515
vn 2.605373 5.526756 1.312940
v -5.545058 4.584525 2.782489
vn 2.792663 5.264389 1.295491
v -4.039944 3.899655 3.042717
vn 3.714645 0.339526 0.992029
v 0.947172 0.354383 33.609443
vn 3.428335 5.177223 0.842028
v -0.706547 1.025310 3.156888
vn 1.328014 4.874375 -3.656852
v -1.278176 -0.134941 8.622427
vn 3.140532 5.070707 1.405236
v -0.548191 0.833587 4.452543
vn 3.549449 4.821422 1.376884
v -1.764608 1.484275 3.789052
vn 3.543960 4.731290 1.667863
v -0.208407 0.801666 2.104745
vn 4.335131 4.265850 1.305127
v 4.105498 -4.478906 7.656915
vn 3.535106 4.505018 2.354878
v 2.752071 -3.520115 8.855053
vn 2.966963 4.751326 2.766332
v 2.314276 -1.401995 5.192039
vn 3.260090 5.291449 -0.253044
v 5.424757 -2.476696 1.504769
vn 3.811052 3.841526 3.184913
v 5.250548 -3.473434 4.607817
vn 3.941996 4.088508 2.579963
v 3.529857 -3.490546 6.640743
vn 3.914325 3.949381 2.911446
v 4.671359 -4.095952 6.047458
vn 2.854827 2.917954 -4.108162
v 2.491448 2.917276 10.103115
vn 2.923809 4.650200 2.996104
v -6.769943 1.785153 10.901338
vn 4.648262 3.518860 2.200991
v 3.030344 2.445010 10.611870
vn 3.050951 4.791341 2.684543
v -1.143760 0.548295 5.669933
vn 2.425042 5.254958 2.394663
v -4.621104 3.883361 3.692567
vn 5.232949 1.447577 -3.061112
v 0.625691 0.273390 33.024653
vn 2.243495 -1.738232 4.407554
v 0.338261 -0.464361 33.904027
vn 2.513987 5.581352 -0.233604
v -1.711008 -0.190894 8.175779
vn 4.857593 1.934234 -3.348207
v 0.069437 -0.875422 8.818345
vn 3.412028 4.627999 1.559528
v 2.491300 -2.824362 7.905759
vn 3.850250 4.455356 0.452236
v 0.240663 -1.780237 8.144554
vn 3.435526 4.698059 2.354175
v -0.387883 -0.915786 7.346966
vn 5.082535 3.172586 0.912455
v 0.502524 -1.973763 8.625339
vn 3.361332 5.081053 0.540452
v 0.670407 0.030867 2.835014
vn 3.104276 2.457005 -1.539527
v 3.073262 2.610226 10.253640
vn 2.965796 5.170777 1.824501
v 1.417375 -0.594520 4.527513
vn 2.368129 5.435222 1.170445
v 2.676586 -0.842214 3.645649
vn 3.126897 4.791384 2.557636
v 2.014793 -2.163987 6.678364
vn 4.110772 4.396845 1.534214
v 3.461006 -3.863128 7.495550
vn 4.014696 3.703306 3.064678
v 6.289311 -3.652386 3.571868
vn 3.684731 4.191599 2.840449
v 5.204531 -2.646704 3.627346
vn 4.304563 3.317398 3.121106
v 5.957677 -4.683703 5.109185
vn 2.899919 5.420482 0.759399
v 1.538694 -0.466797 2.772322
vn 3.395767 4.998015 1.619061
v 1.965469 -0.495810 1.891558
vn 3.554159 4.773633 0.943912
v 5.982614 -2.655149 2.487432
vn 1.695828 5.752533 0.621349
v -6.269073 2.490340 7.766361
vn 1.655505 5.511891 2.499361
v -6.827385 3.051404 6.959733
vn 3.684872 4.731891 1.175688
v -3.008325 3.303173 2.746687
vn 4.305910 4.171127 1.874949
v -2.549653 2.534190 3.340728
vn 3.114524 4.514123 2.741417
v -3.408743 0.075191 9.270202
vn 3.422066 4.466087 -0.553423
v -0.911059 -0.766457 7.910193
vn 3.149350 4.878224 2.364827
v -1.268132 -0.092861 6.964984
vn 3.201932 4.675074 2.697826
v -0.273340 -0.061962 5.778300
vn 3.291040 4.597407 2.733716
v -0.008812 -0.709626 6.481383
vn 5.395368 1.218078 1.163897
v 3.309771 2.051043 10.555273
vn 3.361490 1.481113 -2.229994
v 3.235708 2.311120 10.210898
vn 3.631169 4.226910 2.891572
v 3.070940 -2.529167 5.976407
vn 4.398431 4.194707 1.186261
v 2.888215 -3.235870 7.422696
vn 3.388030 4.449185 2.841451
v 3.282645 -1.830134 4.722855
vn 3.333462 4.569214 2.695296
v 3.881306 -1.629955 3.706681
vn 3.675169 4.040075 3.103297
v 4.072300 -2.960344 5.345399
vn 3.559632 4.176384 3.058004
v 4.375455 -2.434588 4.281507
vn 4.363200 3.684874 2.595636
v 4.784370 -4.833760 6.908615
vn 4.352100 3.457897 2.881333
v 5.611891 -5.060238 6.048596
vn 2.806168 5.530484 0.031975
v 2.696187 -0.982516 2.189420
vn 1.343753 -3.365444 3.838470
v -0.112029 -1.312132 33.592220
vn 4.651472 -3.123172 1.243872
v 0.326651 -1.060066 33.339287
vn 3.149773 4.923291 0.391294
v 4.703055 -1.719969 2.701930
vn 2.982258 4.771530 2.767930
v 1.344215 -1.361357 5.973271
vn 3.358620 4.577332 2.684564
v 0.720530 -0.621761 5.510057
vn 2.574548 5.182710 0.465047
v 3.679395 -1.152480 3.069522
vn 2.844842 5.312537 -0.498884
v 3.449066 -1.461112 1.882184
vn 3.077264 4.742051 2.733730
v -2.162689 0.728672 6.448163
vn 0.393646 0.406883 -6.005583
v 0.896517 2.132957 9.465921
vn -0.008705 1.779858 -5.660614
v -0.136173 1.095084 9.275633
vn 5.940090 -1.355640 -0.442057
v 0.363509 -0.702357 32.344052
vn 5.404509 -1.087779 2.347143
v 0.880089 -0.081636 30.859336
vn -4.109778 4.304548 0.187482
v -10.060067 3.969179 3.173455
vn -4.754337 3.023247 2.509406
v -11.547096 -1.753429 15.294931
vn -2.517686 5.604496 0.367392
v -7.705332 2.692471 9.952653
vn -3.321709 5.003960 1.358704
v -10.982621 1.568731 9.452106
vn -2.112607 5.507700 1.753355
v -10.086833 2.263917 8.676640
vn -1.804480 5.568919 2.124748
v -9.266745 3.226366 6.635298
vn -5.020066 3.700551 0.693463
v -12.738654 -0.526664 10.553489
vn -3.145250 5.312877 0.951169
v -8.799785 1.822342 12.192957
vn -2.307877 5.506135 1.576629
v -10.026729 1.078203 11.727924
vn -4.695805 4.103570 0.645150
v -11.956675 0.745873 8.734848
vn -5.080982 3.670999 0.381817
v -12.652851 -0.047199 7.812564
vn -1.648742 5.656251 2.057963
v -10.313676 1.507211 10.525968
vn -2.832990 5.212954 1.670370
v -11.060461 1.076948 10.955194
vn 0.611178 5.464792 1.777463
v -6.975177 5.259750 2.724507
vn -1.431130 5.611283 0.183208
v -8.087898 5.310782 1.969284
vn 5.912502 -0.287564 1.739475
v 0.421315 -0.408947 31.640614
vn -4.924090 3.812472 0.794206
v -11.871817 1.046933 7.143771
vn -5.507962 1.119472 -0.937621
v -11.668522 -2.565865 16.197168
vn -1.663902 4.173461 -0.682315
v -11.316695 0.354694 16.706229
vn 3.038386 4.600624 3.010645
v -7.428378 1.426074 12.032021
vn -5.640485 2.611311 0.444969
v -13.335899 -0.956158 6.592816
vn -5.570381 2.661326 0.224501
v -13.327829 -0.653548 5.348947
vn -4.071977 4.611291 1.006805
v -11.146802 1.761218 7.925335
vn -4.098641 4.418418 1.290904
v -11.923198 0.336266 11.382718
vn 2.188516 5.152648 2.657838
v -7.913560 2.087838 11.510621
vn -2.298469 5.471528 1.130118
v -9.067117 1.702039 10.585042
vn -1.504349 5.129559 1.276195
v -8.496177 2.141538 11.691757
vn -3.117735 5.173414 1.500063
v -10.422474 2.441836 7.330561
vn 1.085060 4.888916 2.687019
v -7.362975 2.777173 9.910218
vn -1.876356 5.572272 2.145986
v -9.029368 3.928769 4.887714
vn -5.094443 3.617236 0.481293
v -12.902181 -0.496225 9.122746
vn -4.116057 4.559989 1.176617
v -10.796576 2.691463 5.395505
vn -4.728471 3.982555 -1.083884
v -10.858729 2.795663 2.834720
vn -0.453187 5.761858 2.342670
v -8.264842 3.846183 5.502754
vn -2.341951 5.425778 1.883615
v -9.496617 3.534163 5.575256
vn -2.559418 5.345031 2.034170
v -9.253015 4.171527 3.992657
vn -1.113586 5.722728 2.220112
v -8.934734 2.785241 7.970585
vn 0.007729 5.979857 1.600073
v -7.746267 2.772130 8.149310
vn -2.232676 5.371854 1.421778
v -8.804036 4.860517 2.926192
vn -0.999987 5.613232 2.491939
v -8.401901 4.380227 4.238646
vn -2.537930 2.517888 -2.271456
v -13.408595 0.320563 18.271355
vn 1.084948 5.315608 2.341180
v -8.687111 1.638729 12.976141
vn -2.862920 3.909626 -2.198669
v -7.473298 -1.241137 21.817553
vn 0.638196 5.931277 0.974973
v -0.508516 0.782581 32.078053
vn -2.486498 5.252782 1.155712
v -9.057116 1.571943 13.054455
vn -3.620334 4.991945 0.310494
v -8.308394 2.194105 10.163162
vn -1.849938 5.679821 1.442541
v -8.413474 2.296316 9.318427
vn 0.128857 5.731748 2.312844
v -7.994755 3.356558 6.864911
vn -0.140292 6.070436 -0.340135
v -7.000957 2.849840 9.082765
vn -5.274589 3.226041 -0.498232
v -12.239596 1.169029 3.675433
vn -5.607691 2.506689 -1.280146
v -12.406227 0.158948 2.389942
vn -5.392186 3.092432 -0.736774
v -11.803750 1.371576 2.187356
vn -4.594273 4.157627 0.373634
v -10.848016 3.009752 3.878718
vn -0.265103 5.606042 2.724854
v -7.582355 4.825384 3.433260
vn 5.290937 2.154161 1.005614
v 0.160340 0.237077 31.974318
vn 2.097877 4.356756 3.713749
v -0.137299 0.792009 31.720742
vn -4.479394 0.320853 -4.204171
v -12.868790 -1.002393 17.626481
vn -5.012866 2.601115 -2.524157
v -10.918611 0.002912 15.896325
vn -4.104906 4.323348 1.800541
v -12.065963 -0.183720 12.353504
vn -3.359002 4.590131 2.470738
v -11.623000 -0.277197 13.344236
vn -1.485287 4.606655 0.701371
v -10.103637 0.772025 15.283735
vn -2.496701 5.172095 2.226683
v -10.909040 0.599521 12.500304
vn -5.133041 1.647843 -1.518837
v -11.184215 -1.355646 15.946513
vn -1.760346 4.710707 1.080823
v -9.477250 1.207631 14.122740
vn -1.464027 5.694439 2.149749
v -9.895319 1.929857 9.629393
vn -1.196828 4.819555 1.010023
v -7.973640 2.559026 10.488458
vn -0.025924 5.149141 0.696699
v -7.298264 2.876241 9.634776
vn -3.395100 4.949796 1.590341
v -10.055941 3.561570 4.580527
vn 5.018432 2.073695 -0.117370
v 1.292278 1.585773 28.516880
vn 5.428024 1.762606 0.850053
v 1.206291 1.340751 29.798732
vn -0.197755 3.974597 3.962858
v -0.209285 1.514390 31.251895
vn 0.561803 4.568873 -0.248739
v -12.695818 0.322310 18.078332
vn -3.005149 3.628111 -3.692414
v -12.125146 0.139828 17.409651
vn -4.407685 1.378515 -4.209379
v -11.871486 -0.467223 16.859991
vn -4.641999 3.761620 1.693676
v -12.667451 -1.008079 12.773520
vn -3.551800 4.406972 0.961966
v -10.338294 0.031641 13.853927
vn -3.919665 3.738435 3.019469
v -12.025368 -1.218799 14.283937
vn -4.486757 4.220613 1.090026
v -11.432760 1.789810 6.546121
vn 3.267815 2.749920 3.140887
v 0.764720 1.502016 30.876856
vn -3.446927 1.554641 -4.399996
v -13.100289 0.009697 17.968290
vn 5.912640 -0.519835 -0.095379
v -0.647051 -2.610921 14.222691
vn 2.310292 -4.911919 1.546111
v 0.849837 -12.410051 16.135077
vn 5.181100 -1.439946 -2.120587
v -0.169303 -1.794893 16.763707
vn 2.233324 4.496761 -1.728324
v 0.480932 2.046120 27.116899
vn -1.408711 2.727100 -3.679085
v -8.035107 4.889161 0.000872
vn 2.419234 -1.348836 5.592038
v 0.259823 -7.012155 29.821230
vn -5.570749 2.787564 0.063076
v -13.382978 -1.144516 7.960970
vn -1.827202 -2.554975 -3.140890
v -9.087468 -6.092569 0.000441
vn 4.072675 2.800287 -2.650456
v 0.764382 1.089330 25.997121
vn -2.212884 4.893080 -0.916314
v -0.628599 2.263358 28.144572
vn 2.591654 4.952854 -0.347506
v 0.703396 2.197689 28.320097
vn 1.960317 2.446581 -3.118799
v 6.078882 -2.835347 0.000779
vn 2.117972 -2.350859 5.385404
v 0.680448 -8.414078 29.164775
vn -3.445533 3.807775 2.517722
v -0.760798 1.243097 31.219287
vn -2.964138 5.214402 0.129133
v -1.140872 0.710931 31.898568
vn 0.298899 3.670381 1.274385
v 0.008199 1.158363 33.690289
vn 1.661389 2.300494 -1.800873
v -0.218946 2.088955 0.001183
vn -1.878371 0.070830 4.969407
v -1.131436 -0.022340 33.972834
vn -4.973030 3.486394 -0.916816
v -0.712815 1.671348 26.858229
vn -5.216961 2.051588 1.746802
v -0.946351 0.941969 27.386296
vn 5.862686 0.495386 1.427105
v -0.260128 -2.525161 11.268059
vn 5.679196 0.920726 1.750248
v 0.093764 -2.264548 9.898639
vn 1.677997 2.558578 -2.451994
v -2.866450 3.778354 0.000295
vn 5.791509 -0.046138 0.485428
v -0.651691 -2.750047 13.294751
vn 5.748151 -1.254318 -0.653143
v -0.522853 -2.202520 15.497450
vn 3.833636 -4.820896 -0.429400
v 0.993655 -0.045202 13.039458
vn -2.612656 1.542068 -3.727573
v -11.418617 1.396348 0.001051
vn 5.740625 0.403384 -2.154348
v -0.262472 -2.717619 16.583223
vn 3.171236 -3.023459 -2.262188
v 0.305525 -0.932510 17.098975
vn -2.339770 -0.640447 -1.902996
v -13.468480 -2.958941 0.000506
vn 2.930049 -1.089103 -3.127754
v 6.578266 -8.402362 0.000655
vn 4.369261 -1.871461 -4.023927
v 0.909642 -1.797288 17.937787
vn 4.762715 3.316364 1.515474
v -0.073192 -4.257917 13.077620
vn 1.749784 2.601297 -2.962967
v -2.134814 3.210379 0.000820
vn -4.899469 0.040116 -1.398425
v -1.088136 0.443759 16.141759
vn -4.834836 -1.500550 -3.587371
v -1.327478 0.372923 16.501008
vn -3.998336 1.041059 -2.701009
v -1.498280 -0.207669 16.869014
vn -1.437081 5.224718 -1.708361
v -2.551748 -1.309395 16.032740
vn -1.862673 4.983263 -0.223004
v -2.571361 -1.605671 14.800161
vn -4.161448 4.550668 0.543773
v -2.552112 -1.454805 13.090428
vn -0.228447 6.177176 -0.944823
v -3.171735 -1.503908 15.156920
vn -5.948778 1.837783 -0.485061
v -1.043316 0.753796 15.184344
vn -0.779353 5.280350 0.804960
v -3.022322 -1.736262 12.718949
vn -5.447254 0.643181 -1.548024
v -1.267137 0.892602 16.031998
vn -3.477423 3.133523 -3.912656
v -2.041842 -0.092647 17.238507
vn -1.449091 5.467038 -2.577843
v -3.000774 -1.050689 16.570756
vn -0.868751 4.811765 2.197132
v -2.586978 -0.669060 10.004966
vn -5.778593 2.366102 0.039717
v -0.370882 2.665171 11.543187
vn -3.657853 -5.108672 0.000734
v -9.016529 -6.137851 22.587650
vn 1.063590 2.789278 -2.189049
v -4.422825 4.636394 0.000481
vn 1.718256 2.505624 -2.392667
v 5.235290 -2.063149 0.001298
vn 0.616007 -4.327979 -0.861247
v 2.288166 -14.227538 2.221318
vn 1.695323 2.570499 -2.518695
v -1.545053 2.835397 0.001501
vn -4.655925 -1.281270 -0.445025
v -13.815135 -2.711196 3.377664
vn -1.060498 -5.278156 -1.347255
v 0.972464 -13.272030 17.937993
vn -3.668020 -5.101366 -0.003191
v -12.451307 -3.676131 20.094958
vn -3.361132 -2.834713 2.715544
v -7.867948 -6.962532 29.736349
vn 0.752055 -4.065822 -0.957286
v 2.566041 -14.426100 6.007064
vn -1.184195 -5.522728 0.791040
v 0.519054 -12.956343 21.489043
vn -3.651935 -5.112902 0.000238
v -3.859009 -9.826158 21.923595
vn 1.621584 2.266088 -1.695011
v 1.080191 1.168726 0.001133
vn -4.859090 -1.767146 0.228349
v -13.886617 -2.659571 5.922668
vn -4.412983 -0.807597 0.227490
v -13.970714 -2.600654 11.325669
vn 3.128316 -0.148890 -2.901998
v 7.246119 -5.292892 0.001491
vn -4.721401 -2.705594 1.210211
v -11.609739 -4.283199 24.097205
vn 2.728645 0.952548 -2.258655
v 7.255607 -3.960669 0.000590
vn 3.056303 -0.702045 -3.093867
v 7.004664 -6.948728 0.000438
vn -2.278378 2.085524 -3.549243
v -9.241552 3.969686 0.001018
vn 0.867888 -4.104625 -0.050729
v 2.424765 -14.325038 2.924939
vn 1.734278 2.229853 -1.767079
v 3.816690 -1.055729 0.001875
vn 0.000789 0.000067 -6.283185
v 0.169457 -3.228165 0.001315
vn 2.656981 -1.516482 -3.797450
v 6.132834 -9.197765 0.003193
vn 0.614799 -4.449516 -0.537514
v 2.862678 -14.638017 7.504541
vn -3.657230 -5.109025 0.017116
v -1.524752 -11.491585 16.112779
vn -4.899362 -1.996098 -0.206768
v -13.811103 -2.714626 7.273330
vn -4.571391 -1.112034 -0.440254
v -13.963910 -2.602832 4.212893
vn -1.819606 -2.560348 -3.138762
v -1.365045 -11.614571 0.000698
vn -3.655402 -5.110422 0.004034
v -4.491090 -9.376681 13.676498
vn -3.658276 -5.108369 0.001546
v -9.750861 -5.612543 17.044447
vn -2.053451 2.262534 -3.860329
v -10.363351 2.450424 0.000867
vn -1.799261 -5.554648 -0.788599
v 0.157682 -12.696359 16.879496
vn 1.897307 2.326730 -2.214893
v 1.747028 0.590281 0.001683
vn 0.813875 -4.180032 0.508295
v 2.753044 -14.558443 11.672569
vn -3.653736 -5.111617 0.002307
v -8.846004 -6.261886 14.237133
vn -4.688445 -2.741729 1.303904
v -10.609152 -4.994676 26.215922
vn -0.937604 -5.397595 0.990538
v 0.342155 -12.830041 22.159418
vn -0.911594 -5.316500 1.215296
v -0.184431 -12.449905 23.572209
vn -0.963421 -4.673181 2.145984
v 0.572761 -13.000294 15.698990
vn -4.747050 -2.736640 1.124729
v -12.504091 -3.643563 21.985121
vn -3.654472 -5.111091 0.000327
v -11.626240 -4.275525 5.999875
vn 0.503614 -3.935139 1.542907
v 2.227010 -14.183453 13.712778
vn -4.429915 -2.243488 1.696281
v -11.995797 -4.012118 15.968899
vn -0.532175 -4.299730 2.261347
v 1.038884 -13.334172 15.220638
vn -4.819996 -3.109378 0.246877
v -11.760019 -4.174564 16.396053
vn -3.655141 -5.110612 0.000859
v -5.611308 -8.575597 11.678967
vn -2.345049 -3.414237 2.971648
v -5.826519 -8.424041 30.059072
vn 0.486886 -4.615590 -0.078328
v 2.219646 -14.179067 4.522862
vn -1.656107 -4.470340 2.481711
v -3.531758 -10.058100 29.343013
vn -4.320530 -0.767181 0.642661
v -13.801412 -2.721821 12.806933
vn -4.920721 -2.448306 -0.057564
v -13.317968 -3.055850 19.271143
vn -4.671164 -1.248940 -0.275808
v -13.743822 -2.761256 2.353696
vn -1.016549 -5.486917 0.790851
v 0.962573 -13.269093 20.143058
vn 2.583305 -3.502339 -4.455869
v 3.840908 -11.503900 16.646309
vn 5.132110 -2.879371 -0.257820
v 3.472190 -10.446603 15.048474
vn 5.515609 -2.613247 1.265187
v 4.249061 -12.163760 11.569086
vn 5.639366 -1.539134 2.144448
v 4.324661 -11.160857 12.566800
vn 5.780664 -0.235143 2.257671
v 4.516396 -10.096668 12.533778
vn 5.500140 -2.988506 0.528773
v 4.464424 -12.337235 9.064103
vn 3.023103 -2.483874 -2.362363
v 4.970670 -12.185000 17.577765
vn 5.211825 -2.471530 2.397070
v 3.243554 -11.300466 14.718646
vn 4.329068 -3.829447 -1.089679
v 3.203018 -10.959713 15.537226
vn 5.692256 -1.050306 2.422570
v 3.852062 -10.546964 13.801731
vn 5.351346 -2.729390 1.701878
v 3.747562 -12.658290 12.483096
vn 4.352187 -4.207564 0.140608
v 3.941922 -11.945644 4.201557
vn 4.063798 -4.323859 -1.759617
v 3.736430 -12.411299 5.285020
vn 5.230123 -3.437102 -0.456759
v 6.314165 -9.284949 3.498321
vn 5.951498 -1.503289 1.110952
v 5.911774 -9.251095 7.650593
vn 4.977264 -3.824653 0.053103
v 5.524839 -10.314212 3.317611
vn -2.346477 1.713584 -4.298090
v -9.846398 2.940614 0.001235
vn 3.955757 -0.706372 -3.878219
v 4.589635 -11.652479 17.095165
vn 5.687895 -2.490287 0.846430
v 4.683093 -11.636756 10.332614
vn 5.471843 -2.993919 0.715869
v 4.117203 -12.754742 10.264018
vn 5.706388 -2.484967 0.554900
v 5.048184 -11.296972 8.820970
vn 4.528487 -4.036713 -1.244298
v 4.840539 -11.596067 5.392905
vn 5.328946 -3.200869 -0.284555
v 4.854277 -11.855554 6.787035
vn 4.746614 -3.989811 0.467729
v 4.553240 -11.679476 3.124672
vn 5.741974 -2.498557 0.452676
v 5.337305 -10.737326 7.561765
vn 4.709606 -3.967776 0.144645
v 3.425520 -13.062782 3.004191
vn 4.375630 -4.218458 -1.259524
v 3.630354 -12.689199 2.128719
vn 5.841240 -1.393893 1.517410
v 4.786767 -10.837771 11.430077
vn 5.875081 -1.746035 1.173528
v 6.327600 -8.827126 6.087526
vn 5.952706 -1.333047 1.236316
v 5.183611 -10.387665 10.034702
vn 5.450510 -3.100321 0.095407
v 5.260224 -11.052626 6.289087
vn 5.678664 -2.559751 0.693148
v 5.875459 -9.890827 6.345217
vn 5.301826 -3.231710 0.088046
v 6.160982 -9.642900 4.691528
vn 4.736229 -4.021445 -0.488653
v 5.122598 -10.808259 4.219381
vn 4.166351 -4.441750 -1.422345
v 4.849651 -10.949501 1.157700
vn 5.162843 -3.549287 0.277698
v 5.819031 -9.977139 2.564553
vn 5.618677 -2.743709 -0.387432
v 6.467879 -8.796341 2.426801
vn -4.825125 -2.807121 0.938690
v -12.971103 -3.301951 20.687809
vn 4.600933 -2.694312 3.115436
v 2.993045 -12.900525 13.936907
vn 4.457806 -3.997481 -1.685167
v 4.140879 -12.687244 6.364213
vn -2.721028 1.222629 -4.113980
v -12.110862 -0.529102 0.002089
vn 5.931807 -1.586671 1.084525
v 5.502984 -9.977159 8.893043
vn 5.597861 -2.243078 0.390799
v 6.976621 -8.309926 3.986228
vn -1.097785 -4.935618 1.910372
v -2.538994 -10.765089 28.448748
vn 1.678950 -4.909496 -3.401631
v 3.302026 -12.320469 17.178699
vn 2.831241 -4.495569 -0.428600
v 2.284704 -11.712192 15.965480
vn 1.939405 -2.082506 -4.426544
v 4.243955 -10.939094 0.001647
vn 2.436013 -1.890167 -3.730630
v 3.326588 -12.133007 0.000827
vn 1.841954 2.172172 -1.817566
v 2.566125 -0.029591 0.001500
vn -4.553185 -2.792129 1.547340
v -9.895410 -5.507963 27.622983
vn 5.876787 -0.130786 2.001800
v 7.125597 -6.844572 4.337229
vn 4.323255 3.170656 3.229329
v 6.461489 -4.409240 4.175068
vn -0.157037 3.098962 -2.989566
v -7.038513 5.214619 0.000510
vn 5.950948 -1.693420 -0.816909
v 7.005453 -7.491240 2.061876
vn 5.159294 1.837584 2.885591
v 6.936139 -5.389158 4.317405
vn 5.015085 2.300430 2.653743
v 7.203900 -4.534574 3.241664
vn 5.827361 -1.537263 1.430797
v 6.796022 -8.165192 5.011962
vn 4.056502 4.017047 1.713922
v 6.649852 -3.199599 2.559083
vn 5.541038 1.405955 2.407582
v 6.234928 -6.932507 6.765625
vn 5.249125 2.016892 2.614188
v 6.439531 -6.004635 5.650338
vn 5.789992 -1.580929 -0.189319
v 7.257981 -7.550781 3.316415
vn 6.071052 -0.865677 -1.080126
v 7.159132 -6.440017 2.349735
vn 5.978061 -1.895151 -0.270474
v 6.721223 -7.986486 1.146158
vn 2.865605 5.340638 1.475926
v -3.688033 4.139559 0.602730
vn 4.959716 0.623739 0.159339
v 7.611933 -4.513332 2.357083
vn 4.598218 -3.954303 -1.415585
v 3.220791 -12.509882 0.963490
vn 3.646349 4.625444 1.934300
v 2.752565 -0.785152 0.928605
vn 5.975772 -0.002636 1.041420
v 7.472653 -4.870841 2.741829
vn -5.718342 2.071162 -1.368071
v -12.164606 0.251287 0.976413
vn 4.508656 -4.004526 -1.724732
v 3.779890 -11.761111 0.549673
vn 5.882244 0.076084 1.970068
v 6.659786 -7.396362 5.786215
vn 6.035405 -1.096484 -1.251189
v 7.309275 -5.162470 1.993289
vn 5.763179 -2.320047 -0.371026
v 6.441017 -8.949766 0.865922
vn -4.483347 4.079457 -1.423780
v -10.220388 2.774597 0.678437
vn -4.721400 3.796913 -1.366519
v -9.544456 3.948487 0.925407
vn -4.757502 3.771044 -1.288279
v -10.174980 3.210557 1.898070
vn 4.754457 -3.781001 -1.301803
v 2.578511 -13.443037 1.531366
vn 6.248775 -0.409829 -0.275559
v 7.173935 -5.625835 1.357522
vn 4.582534 3.694847 -0.217534
v 6.909625 -3.341647 1.388397
vn 4.968069 -3.567902 -0.018262
v 5.960664 -9.993382 1.338471
vn -4.435987 4.280399 -0.875193
v -11.066039 2.332405 1.561561
vn -5.417759 2.868985 -1.173325
v -13.000473 -1.501812 1.114082
vn -4.117527 4.328006 -0.733582
v -9.469924 4.470647 2.070925
vn 3.011214 5.350430 1.017814
v -3.583233 3.659463 1.700477
vn 1.503011 5.771793 0.209756
v -6.413132 5.277980 1.471486
vn 3.324881 4.539445 2.770681
v 0.223723 1.299407 0.711474
vn 3.620904 4.739338 1.932394
v -1.362713 2.414492 1.012194
vn 5.015917 3.359426 1.723370
v 1.252710 -1.224140 26.944916
vn 5.332957 3.132649 -0.422671
v 1.264761 0.565774 19.038981
vn 1.165046 3.757213 4.618530
v -0.465730 -0.010166 28.122689
vn 4.455554 3.743529 1.824008
v -0.549729 -1.129343 29.626616
vn 1.610524 4.958193 3.421696
v -1.383846 -0.033233 28.726081
vn -1.654520 4.351423 -3.059344
v -1.014655 -0.795485 30.185615
vn 2.280933 -3.469553 -4.465662
v 0.123649 -1.106579 30.304958
vn 0.961226 6.081722 0.957591
v -1.454386 1.159070 25.831189
vn 3.062917 4.371693 -2.125972
v 0.089487 0.608521 25.235016
vn 4.335212 2.522950 3.743767
v 0.311451 -1.945932 29.232782
vn 2.228608 5.677278 0.942918
v -1.385286 1.350067 22.968295
vn 5.364204 0.881926 2.673979
v 0.647194 -0.535128 27.591729
vn 0.973427 6.014426 1.392805
v -1.344362 1.786107 21.708070
vn 5.039334 1.941805 1.744405
v 0.895237 1.491208 22.459445
vn 4.941444 2.566005 1.911352
v 0.976743 0.064292 22.492933
vn 5.151411 3.266515 0.999636
v 1.887183 -0.431727 21.550293
vn 6.221589 -0.145465 0.094128
v 2.313782 -2.818674 24.682565
vn 2.230067 5.308563 2.160857
v -1.007997 -0.780937 29.652882
vn 4.322762 4.244156 0.875757
v 1.100666 0.939734 17.726822
vn 1.067551 0.297097 4.835253
v -0.264820 0.003262 28.049912
vn 3.468619 3.751434 3.552217
v -0.153396 -0.706738 28.696223
vn -2.913058 -2.270437 3.233978
v -0.115373 0.186227 28.099124
vn 0.894373 4.987044 3.615740
v -1.140551 0.471784 27.843097
vn -2.331885 5.071756 -1.932607
v -0.509924 1.801288 26.663017
vn 0.247734 5.500620 -1.157294
v -0.827063 1.063666 25.561031
vn 1.496260 -5.913072 1.141114
v 0.787057 -0.029355 28.235593
vn -3.073518 -3.961487 -3.082291
v -0.038321 0.042826 29.515294
vn 5.110044 3.332114 0.553723
v 2.059644 -1.048822 22.745942
vn 5.660900 1.486425 1.028584
v 0.810800 -0.544748 26.930589
vn 4.394631 4.440048 0.257195
v 0.927226 -0.046369 24.283827
vn 4.848626 3.790473 0.392906
v 1.099231 -0.401056 25.249555
vn 2.291316 4.019202 0.145719
v 0.730874 1.948512 21.910028
vn 5.709593 -2.241469 0.785088
v 0.807985 -0.246655 27.343812
vn -4.964008 3.130414 -1.376984
v -0.719478 1.972857 27.592262
vn -0.126999 4.931332 3.139901
v -0.022257 1.085574 23.547738
vn 3.411572 2.177658 4.558477
v 0.172376 -0.422530 28.117208
vn 3.357425 4.112641 0.222896
v 0.918809 1.419583 20.122737
vn 6.028637 0.820526 0.801732
v 0.918855 -0.037007 25.783890
vn 5.372163 3.026740 0.963338
v 1.093935 -0.451546 25.653772
vn -2.232099 4.934678 1.027842
v -1.459685 -0.936623 30.236066
vn 0.387197 5.866486 2.058021
v -1.519025 1.022278 26.867246
vn 2.631967 -4.192607 3.077587
v 0.519519 -0.222104 27.935302
vn 1.735642 -4.255126 1.647964
v -0.441138 -2.152434 32.508520
vn 4.734668 -2.821468 -0.321067
v 1.184306 0.136385 28.660626
vn -2.901855 5.173899 0.564920
v -1.092151 1.153997 26.578615
vn 5.736442 0.436861 -1.037399
v 1.188011 0.846106 27.310092
vn 5.385996 2.645837 1.238452
v 2.034367 -1.599523 25.478089
vn 0.405509 6.016621 -0.162844
v -1.319548 1.959660 20.682999
vn 2.685135 5.654569 -0.041308
v -0.800822 1.148137 24.227438
vn 4.254211 3.967110 1.809300
v 0.354214 0.617243 23.806531
vn 1.602130 5.812976 0.482954
v -1.752910 1.623157 24.446040
vn 1.739037 4.049344 3.738872
v 0.312707 1.390943 23.184532
vn -1.322860 4.949970 1.572466
v 0.260982 1.909092 22.470481
vn 4.226604 4.318346 0.245589
v 1.146515 -0.421639 23.393250
vn 1.174115 6.131207 -0.471439
v -0.368556 1.694982 19.942433
vn 0.991879 4.302957 -1.073967
v 0.603586 1.969372 21.441933
vn 5.326734 3.256461 0.272604
v 1.422321 0.421616 20.331852
vn 5.705740 1.930573 -0.468192
v 2.209028 -0.896004 20.622530
vn -4.641015 -2.750874 2.286181
v -1.628758 -2.109798 31.244325
vn 5.512882 1.562386 2.289437
v 2.109793 -3.196014 27.650976
vn 4.944184 1.198883 3.584563
v 1.851516 -4.274650 28.550065
vn 4.847433 2.944706 0.350459
v 2.208402 -1.120782 24.045560
vn 5.925837 0.873040 -0.286149
v 2.467394 -1.736341 21.442152
vn -4.868468 2.323290 -2.908442
v -1.463111 -0.673204 30.657117
vn -5.746236 -2.078804 -0.520153
v -0.797483 1.192799 28.899020
vn -0.130553 3.721521 -3.486136
v -0.277088 1.415943 25.610346
vn -3.414191 -3.703974 1.384375
v -1.632044 -2.007843 32.201213
vn 4.149307 -3.966055 -2.025465
v 0.301033 -1.241065 30.602310
vn 1.779253 5.816847 0.780122
v -0.271236 0.948802 23.924451
vn -0.167169 4.744546 2.052741
v -0.629182 1.042494 22.735589
vn -1.965861 4.761420 3.000229
v 0.099977 1.509181 23.002074
vn 0.855093 5.413392 0.310939
v -0.667108 0.919415 23.306897
vn 5.031579 3.080705 -0.163766
v 0.834307 1.036001 20.905666
vn 0.427953 6.142742 -0.245096
v -0.269840 1.668114 21.059996
vn 5.792891 1.881378 1.195615
v 1.095029 0.650660 21.788199
vn 4.975359 2.312996 -1.104752
v 0.909950 1.623064 21.470072
vn 2.395822 5.371004 -1.030095
v 0.414068 1.517871 20.737947
vn 4.057457 0.605977 4.687241
v 1.672148 -5.579650 29.035486
vn 3.265994 0.527020 5.299475
v -0.045529 -4.140935 30.166080
vn 3.951606 1.287965 4.680427
v 0.594567 -3.234062 29.531133
vn 4.835709 2.864784 2.471286
v 1.602796 -2.138171 27.798062
vn 0.358132 0.466190 6.211287
v -2.416933 -3.629756 30.951668
vn 2.226077 4.327918 2.173059
v 0.598852 1.884555 22.466451
vn -0.651463 6.003615 0.895095
v -0.372913 1.636625 21.636657
vn 2.730368 5.467547 -0.483747
v 0.433433 1.395990 18.942315
vn 4.486526 1.884900 3.718355
v 1.384917 -2.903181 28.719294
vn 3.105346 -0.269178 5.389249
v 0.435125 -5.690719 29.922868
vn -4.759442 1.870758 2.945105
v -1.857769 -1.620617 30.706522
vn -1.340613 3.019936 5.266032
v -2.245705 -1.496704 30.413615
vn 0.100908 -1.295953 5.786410
v -1.644902 -2.764943 30.766759
vn 4.933614 -1.617735 -2.819303
v -0.227215 -1.467795 30.265669
vn 2.701123 0.015668 5.610828
v -0.808349 -3.487653 30.500754
vn 5.033003 -3.232733 0.283029
v 0.246953 -1.421165 31.282865
vn 5.450719 1.713926 1.577596
v -0.285097 -1.729833 29.859767
vn 4.703786 0.836010 3.955228
v -0.111164 -2.415566 29.931050
vn 4.467009 3.022312 3.137929
v 0.747045 -1.300602 28.200119
vn 4.003721 0.740547 4.715661
v 1.111378 -4.444583 29.380044
vn 1.238701 0.013200 6.066455
v -1.749005 -4.335990 30.906035
vn 2.217260 -0.299680 5.754960
v -0.875375 -4.968451 30.641496
vn 5.388866 3.000037 0.081218
v 1.144383 0.572819 21.561295
vn -6.096715 -0.034456 -0.490709
v -1.790474 -1.408068 31.185208
vn 5.223021 -2.283988 0.810939
v -0.396371 -1.911983 30.439773
vn -1.825773 0.482503 5.499241
v -2.023544 -2.384337 30.713287
vn 1.245346 5.725100 1.847243
v 0.053130 1.900768 16.369751
vn -4.434468 4.164601 -0.264601
v -8.383922 -1.540203 23.966916
vn 2.689211 3.881824 4.129547
v -9.641331 -0.939086 17.264526
vn 2.488594 5.312612 2.098237
v 0.558856 2.232398 14.925700
vn -4.138108 4.152075 0.944003
v 0.080881 3.519412 11.487969
vn -3.390127 4.471329 -0.451456
v 0.426308 4.065905 10.384808
vn 3.298161 5.062675 1.376785
v -12.693715 -0.009224 18.647164
vn 0.515883 5.618247 0.412262
v -13.230403 0.374466 18.422358
vn -1.313231 3.504622 1.517171
v -12.610314 -0.112913 21.628152
vn -4.832859 3.266254 -2.287844
v -5.110339 -1.268191 19.382939
vn -0.176433 5.974952 0.184987
v -2.628238 1.770195 23.578222
vn -4.197565 3.933967 0.594929
v -6.355476 -0.737952 22.681714
vn -1.365881 5.454707 -1.855071
v -6.947483 -1.408687 22.960697
vn -3.940755 4.144695 0.396236
v -0.616290 2.053649 15.607962
vn -1.216049 4.881129 0.993562
v -8.574945 -1.948234 24.337942
vn -4.281013 4.583543 -0.286994
v -5.207506 0.222770 24.252971
vn -4.331979 4.541728 -0.051426
v -5.154629 0.287161 23.057156
vn 3.310648 5.309639 -0.494637
v -11.566461 -0.710541 20.202346
vn -2.067701 2.903189 0.526952
v -13.526654 0.345878 18.928657
vn -2.842364 5.209190 0.320669
v -6.386001 -0.824222 24.743196
vn -4.348251 4.509721 -0.252449
v -5.811806 -0.394694 23.978457
vn -1.338284 5.577318 1.593723
v -7.187736 -1.122305 22.104420
vn -4.471883 4.187727 -1.283608
v -5.039094 0.228365 21.562631
vn 2.267700 5.704538 -1.139961
v -8.664672 -2.419413 20.314493
vn 2.983538 4.286175 3.491569
v -7.424743 -1.176562 15.896129
vn -4.391761 3.474096 -2.835637
v -4.399493 -0.420269 19.221802
vn -3.653745 4.810937 -1.663096
v -6.608644 -0.175748 27.596376
vn 3.241376 4.468142 2.990133
v -6.151923 0.847083 11.534917
vn -2.261495 5.173392 1.074075
v -0.255257 2.397107 14.958132
vn 0.064643 5.544639 2.149312
v 0.310029 3.401153 12.143259
vn -2.158694 5.803830 -0.435229
v -4.262400 -1.609301 15.844738
vn -2.089198 5.083134 1.294696
v -0.113528 2.700493 13.992339
vn -4.224394 4.520185 -0.977105
v -6.003141 -0.396529 25.406119
vn 2.877257 5.522692 -0.720416
v -9.330374 -1.376672 26.355238
vn -1.191881 4.110929 1.874179
v -7.129238 -0.784914 24.644107
vn -3.552633 4.437047 -0.372969
v -6.600031 -1.295222 22.772452
vn -1.540936 5.338683 -1.414275
v -7.692012 -1.247728 23.097558
vn -3.790481 4.579480 -2.033166
v -7.591670 -0.936641 27.726608
vn 2.951929 5.485154 -0.808164
v -10.290659 -1.112365 24.525658
vn 3.120098 5.424761 -0.414800
v -10.361012 -1.398477 21.868248
vn -4.377737 3.503268 -2.650515
v -5.651863 -0.780049 20.795340
vn 2.979542 5.433806 -0.923852
v -8.998487 -2.445627 19.317195
vn -1.943658 4.715924 -1.495931
v -6.497873 -3.135013 19.545068
vn -4.405852 3.672689 -2.484172
v -4.752061 -0.095458 20.163876
vn -3.385256 5.216328 0.164561
v -4.200033 1.116493 23.920335
vn -3.223434 5.125531 -0.857075
v -3.722809 1.460136 21.482384
vn -4.089729 3.196855 -2.726005
v -5.946564 -2.241036 20.217478
vn -3.607140 3.961018 -2.807707
v -3.742726 0.584619 19.322646
vn 1.030512 5.274978 2.054122
v -5.296067 -1.787134 14.689428
vn 3.093082 4.429612 3.193720
v -7.025959 -0.468915 14.645642
vn 2.985857 4.740881 2.763764
v -5.185407 -1.267277 13.719852
vn -4.277119 4.462867 -0.623306
v -4.598585 0.817219 22.022822
vn -0.640129 5.928032 0.594300
v -2.802912 1.824744 22.610645
vn -0.592461 5.859708 -1.158332
v -0.867671 1.654850 18.606963
vn 0.958881 5.796354 1.972060
v 0.156299 2.585073 14.363941
vn -0.187868 5.784550 1.918505
v -0.188553 2.215772 15.536229
vn -5.607158 2.548471 0.040929
v -0.636344 1.983464 14.131826
vn 1.436640 5.810776 -1.204339
v -8.579404 -1.648207 26.920075
vn -3.491082 4.121316 0.840866
v -0.275010 2.746997 13.436748
vn 3.495712 4.275563 2.982426
v -5.161188 0.471538 11.050188
vn -1.564917 0.626752 6.014072
v -6.026565 -4.127392 30.517293
vn -3.256037 2.963266 2.666817
v -10.158314 -0.909915 27.024471
vn -1.803833 3.109215 1.088160
v -12.115359 -0.442688 23.089825
vn -4.780113 1.842949 2.967454
v -10.637713 -0.929267 26.269636
vn -1.094929 1.780384 5.885449
v -4.556546 -2.506074 30.526144
vn 0.243108 4.492379 4.226659
v -2.675145 -0.305560 29.466988
vn -3.625675 2.810416 3.199548
v -8.154815 -1.365517 24.515708
vn -1.420163 2.476644 5.520350
v -5.963304 -1.673047 29.928627
vn 0.929486 5.452300 2.915220
v -2.329941 0.615026 28.025893
vn -4.040286 4.471500 -1.742933
v -6.877383 -0.838533 26.592056
vn 2.932105 5.526125 -0.522884
v -10.741791 -1.042266 23.098790
vn 3.552999 5.153657 -0.179015
v -11.849125 -0.663718 19.206480
vn 3.431029 5.218030 -0.537611
v -10.845116 -1.344129 19.126823
vn 2.828066 4.647970 1.675178
v -8.924262 -2.626598 18.316658
vn 3.186476 5.379977 -0.575511
v -10.103566 -1.620719 20.278607
vn 3.245967 5.318384 -0.792571
v -9.870139 -1.947919 18.897830
vn 1.517787 4.977321 3.243493
v -6.838982 -2.829750 17.335230
vn 2.966605 4.438080 1.772648
v -10.376869 -1.733143 18.363037
vn -3.163319 5.252856 0.279948
v -4.019210 1.327219 22.938369
vn -2.265069 5.565708 -1.077106
v -7.774477 -1.209283 23.494866
vn -1.741507 3.925703 0.681758
v -7.687381 -1.968118 25.050545
vn -1.782482 5.082133 -0.206096
v -7.666522 -1.306031 22.654185
vn -1.025281 4.363368 -3.073956
v -7.226607 -2.619331 20.899407
vn -3.701097 4.999266 -0.477557
v -5.982346 -0.509610 22.337928
vn -1.362286 5.780326 -1.898758
v -7.128402 -1.085773 23.700602
vn -1.622593 3.646546 2.795851
v -6.729702 -1.328036 22.336303
vn -3.013815 4.862297 -1.011811
v -6.469667 -0.819316 21.886248
vn -3.896130 3.290405 1.542316
v -6.518352 -1.192207 22.385467
vn -3.195441 3.232661 -4.272021
v -6.550480 -1.563728 21.150491
vn -3.535011 4.907421 -0.526414
v -6.218955 -0.807047 23.493349
vn 0.129332 4.941213 -0.017543
v -7.148062 -1.520316 22.756416
vn -3.580674 4.023498 -3.160410
v -3.898981 -0.507888 18.482111
vn -3.018196 4.201158 -3.408235
v -2.963696 0.740430 18.827420
vn -0.441003 4.937116 0.686738
v -6.803017 -3.423004 18.312950
vn 1.742948 5.801073 -1.427638
v -7.874954 -2.927982 19.446451
vn -4.754627 3.973426 -0.909497
v -5.661857 -2.285855 18.812652
vn 2.179324 5.014867 2.957309
v -8.961321 0.941019 14.386928
vn 3.027666 4.681645 2.878585
v -7.164760 0.315371 13.611958
vn 3.179381 4.640440 2.786633
v -6.691163 0.519038 12.749871
vn 2.018048 4.940042 1.411871
v -8.182868 -3.037016 18.293356
vn 2.662010 4.057452 3.969135
v -7.534575 -1.948809 16.879407
vn -2.918382 5.206744 -1.853979
v -3.939627 -1.143861 17.304549
vn 3.381402 4.429506 2.892911
v -6.159290 -0.408701 13.616901
vn -1.345120 5.198650 1.314067
v -5.395722 -2.311274 16.024199
vn 2.837877 5.014148 2.250243
v -4.467313 -1.212221 12.707060
vn -3.163896 4.147100 -3.175247
v -2.641767 -0.256643 17.768871
vn 3.508891 4.396610 2.793943
v -5.419335 -0.230439 12.414477
vn 1.105993 5.948399 1.086172
v -4.197125 -1.562403 13.486378
vn 2.783185 4.900645 2.455540
v -3.703765 -1.102367 11.463189
vn -0.068446 5.909780 1.878992
v -3.578121 1.069275 27.277338
vn -1.183140 5.791524 -0.205555
v -2.714236 1.936491 21.497220
vn -2.360160 5.379944 -1.774820
v -2.842657 1.606188 20.312202
vn -3.058194 4.493687 1.023531
v -0.695126 1.919399 16.162697
vn -2.935924 4.178344 1.399341
v -0.116069 3.035053 12.898610
vn 3.379472 4.352210 2.943256
v -3.988752 -0.269036 10.547644
vn -0.769837 4.428246 1.923320
v -2.813046 -1.299211 11.011413
vn -3.196221 3.476671 2.224593
v -10.759144 -0.753326 25.920393
vn -1.841438 5.321760 -1.398391
v -7.995497 -1.679059 26.859251
vn -1.383504 1.304057 5.949760
v -5.455402 -3.054353 30.484844
vn -1.324002 4.057423 1.450258
v -6.782671 0.062170 28.511572
vn -0.967624 5.335783 2.915990
v -4.746339 0.586915 28.251182
vn -1.442868 5.157387 -1.234772
v -8.467325 -1.972069 23.100123
vn -1.217951 3.531650 4.970247
v -6.716960 -0.801404 29.226252
vn -0.685707 4.307373 4.333562
v -4.396929 -0.043728 29.181842
vn -3.606765 5.107531 -0.257789
v -4.432381 0.951141 24.800307
vn 0.384740 5.192052 3.230499
v -3.284783 0.516070 28.544988
vn -2.038905 3.289501 3.765931
v -8.322853 -1.186769 29.093221
vn -1.364115 4.219832 4.336088
v -5.636941 -0.327494 29.108624
vn -2.173890 5.247654 0.280117
v -4.960732 1.021212 26.992567
vn 3.225075 5.385771 -0.168938
v -11.430997 -0.749333 21.062770
vn 0.860674 5.605758 0.588947
v -12.983910 0.152969 20.072824
vn -4.024691 2.683558 1.619629
v -13.309139 0.040786 20.112012
vn 2.980557 5.518002 -0.076761
v -11.415575 -0.729114 22.037110
vn 0.247491 5.045916 1.310704
v -12.644684 -0.027697 21.201007
vn 3.235040 4.488265 2.102181
v -11.594470 -0.808962 18.353362
vn 2.573440 5.641519 -0.506812
v -9.687013 -1.620263 23.574098
vn -3.027780 4.426996 0.502053
v -8.059384 -1.143898 24.298312
vn 2.475274 5.706561 -0.686245
v -9.588236 -1.759475 22.304767
vn 2.556185 3.875999 4.220968
v -10.494851 -0.763620 17.636128
vn 2.190181 4.222469 4.041030
v -7.959422 -2.572291 17.663449
vn 2.762642 4.177313 3.763107
v -8.507423 -0.818272 16.387093
vn -0.823352 5.555886 -0.147115
v -8.739674 -1.901089 23.804844
vn -4.276863 4.175425 -1.823382
v -4.751315 -1.348238 18.472526
vn -4.065631 4.265097 -1.930064
v -4.209872 0.713910 20.460390
vn 2.935634 4.619729 3.072846
v -7.898162 0.242620 14.454557
vn 2.976184 4.391528 3.366106
v -7.991607 -0.373154 15.368693
vn 2.958097 4.728020 2.888393
v -7.979453 0.993818 13.260257
vn 2.596982 3.823038 4.255746
v -8.893299 -1.828947 17.565460
vn 2.400628 4.674335 3.381375
v -6.340928 -2.043352 16.048805
vn -2.663811 4.949887 1.025546
v -6.271381 -3.059221 17.840787
vn -1.193502 4.816317 1.645435
v -5.963356 -2.725226 16.799499
vn -3.742788 4.953892 -0.862220
v -4.981562 -1.848915 17.120312
vn 3.223737 4.353238 3.170807
v -6.340359 -1.089455 14.815108
vn 3.719379 4.266785 2.725975
v -4.384913 -0.660948 11.694299
vn -4.606355 3.167286 -2.750691
v -1.964192 0.264162 17.492661
vn 3.569388 4.722378 1.784056
v 1.025904 1.519102 16.133879
vn -2.365004 0.595939 5.748071
v -7.549131 -4.044149 30.002151
vn 2.894842 5.496546 -0.921272
v -9.589094 -1.347306 25.371288
vn -1.415238 2.982060 1.075563
v -11.001998 -0.623296 25.445591
vn -2.295072 3.389493 2.133282
v -8.906383 -1.207287 28.729693
vn -1.999891 4.074617 3.982296
v -7.385371 -0.651848 28.930390
vn 0.611555 5.859603 -0.962115
v -8.401005 -1.892467 25.503305
vn -1.041294 5.326341 -1.724610
v -8.306253 -1.398797 27.956794
vn -2.138622 5.199501 1.379612
v -6.095092 0.265455 28.137327
vn -1.810246 5.764058 0.253669
v -3.992719 1.290176 25.909565
vn -4.025319 4.617027 -1.344846
v -5.835346 0.208652 26.698014
vn -3.895467 4.799033 -1.040885
v -5.128859 0.481411 25.691547
vn -1.981290 5.878766 0.168920
v -3.411492 1.499624 24.637409
vn -3.632423 4.843440 -0.981660
v -7.117435 -1.427094 25.557114
vn -3.021725 3.868523 2.566584
v -6.977838 -1.299585 24.954866
vn -1.004800 3.037937 5.327287
v -4.878725 -1.217705 29.943638
vn 2.323421 5.718085 -0.662544
v -9.113284 -1.787721 24.480945
vn 2.176083 5.771196 -0.784597
v -9.008782 -2.142491 21.365529
vn -0.953068 4.237510 0.466459
v -10.699790 0.565467 16.243446
vn 1.196461 5.229481 2.446068
v -11.445060 0.246442 17.151095
vn -4.451022 4.394547 -0.558415
v -5.358103 -2.075677 17.896491
vn -0.568752 6.244454 0.007326
v -4.078037 -1.584367 14.495744
vn 0.029951 6.054022 1.141603
v -2.662044 1.572432 25.226201
vn -3.322054 4.627399 -2.400288
v -1.653119 1.053992 18.015604
vn 1.623011 5.731315 -0.312164
v -10.439394 -0.746837 26.000316
vn -1.449906 2.720865 0.942010
v -11.666125 -0.454830 24.225525
vn -1.312991 3.306880 1.361048
v -9.605497 -1.003924 27.733189
vn -0.454159 1.703950 5.889877
v -3.124838 -2.522125 30.802295
vn -3.024391 5.301540 -0.964272
v -8.152958 -1.043787 28.572192
vn -3.710320 4.684469 -0.146106
v -7.339842 -0.401354 28.457008
vn 2.535463 4.651926 3.304633
v -9.189760 0.209641 15.671752
vn 0.173040 5.823084 0.567949
v -0.188220 1.624615 17.585718
vn -4.475766 4.218709 -0.309053
v -1.270971 1.087828 16.880675
vn -0.260364 5.000628 0.898883
v -10.344067 -0.768532 26.430952
vn -1.745512 2.017230 5.627517
v -7.503969 -1.809454 29.536445
vn -0.598991 0.579328 6.158934
v -3.396756 -3.530677 30.939970
vn -1.060054 0.004935 6.169963
v -5.212055 -5.217083 30.733810
vn -5.118931 0.803402 3.528878
v -9.556426 -2.060820 28.104046
vn -5.588490 -0.749795 -2.163137
v -13.319095 -2.029689 18.349809
vn -0.076640 -3.942408 2.194841
v 1.529077 -13.684607 14.736805
vn -5.628021 0.239138 2.778796
v -11.104702 -1.230997 25.319402
vn -5.075469 1.727671 2.431462
v -12.855677 -0.300913 21.348925
vn 0.368372 -2.292292 -1.762874
v 2.036025 -13.989386 0.001440
vn -0.935838 -5.294333 1.263851
v -1.159732 -11.754170 25.797708
vn -2.715235 1.406203 -3.862108
v -12.840884 -1.839182 0.001310
vn 0.382690 -4.699816 -0.348879
v 2.019852 -14.034128 0.958672
vn -3.355470 -0.211569 5.184413
v -8.121597 -5.397635 29.789340
vn -5.824759 0.202909 2.329690
v -12.579797 -1.209020 22.024679
vn -5.608419 0.001666 2.828334
v -10.618235 -2.916556 26.294774
vn -5.335106 0.335389 3.286930
v -10.205178 -1.728319 27.014530
vn -4.731008 -1.348996 0.065456
v -13.921170 -2.632905 10.147904
vn -3.808029 0.141037 4.840442
v -8.621471 -4.313136 29.458121
vn -2.419603 -0.412469 5.667975
v -7.350889 -6.036797 30.176556
vn -3.067698 0.829756 5.254160
v -8.369403 -2.970521 29.501600
vn -3.680637 0.951717 4.698809
v -8.815686 -2.158495 29.094176
vn -3.881417 2.390859 -1.182772
v -13.535018 0.286697 18.489718
vn -5.925938 -0.005609 2.057735
v -13.089861 -1.118152 20.746167
vn -5.676488 -0.227094 -1.019896
v -13.600366 -0.790440 18.734810
vn -1.550442 -5.564647 0.449582
v 0.104027 -12.662497 16.310884
vn -3.819216 -1.191324 1.992436
v -12.997822 -3.295458 14.801019
vn -4.131701 -0.908107 1.322282
v -13.581813 -2.878294 13.683877
vn 0.634606 -4.496713 0.105061
v 2.952839 -14.702719 9.199970
vn -6.113764 -0.576203 0.649121
v -13.427241 -1.957475 19.498107
vn -1.858903 -3.766833 2.881487
v -4.598350 -9.302182 29.880370
vn 6.167227 -1.048870 -0.217663
v 7.099126 -6.662465 1.012433
vn -5.588718 0.053449 2.849241
v -10.937759 -1.908929 25.739557
vn -5.547177 0.297301 2.901481
v -10.185673 -3.027538 27.231007
vn -5.672242 -0.065174 2.691230
v -11.199220 -2.586215 25.191154
vn -3.997060 -2.504078 2.242309
v -9.093580 -6.084250 28.868961
vn -2.952650 3.384035 1.815756
v -12.939033 0.004398 20.940610
vn -4.655504 -2.675217 1.351182
v -11.021546 -4.703728 25.401088
vn -4.680042 -1.260557 -0.075325
v -13.980508 -2.592750 8.532211
vn 6.164210 0.288364 -0.546998
v 7.172225 -4.724536 1.194228
vn -5.755890 -0.297498 2.497127
v -11.808853 -3.001848 23.793757
vn 0.800214 -4.091213 0.743875
v 2.656455 -14.489799 12.323270
vn -0.659601 -5.391309 -0.186141
v 1.239025 -13.467252 18.793197
vn -1.026193 -5.329066 1.242342
v -0.549480 -12.192152 24.360882
vn 4.690936 -3.470678 -2.000709
v 3.016629 -13.453913 5.813523
vn -5.701306 -0.141983 2.632735
v -10.622967 -4.261138 26.261532
vn 1.851054 -5.446324 2.512895
v 0.544543 -11.912087 24.277504
vn 0.810822 -4.154594 4.438766
v -2.410947 -10.044461 29.322376
vn -4.736282 3.268386 2.239705
v -13.144068 -2.032516 13.557852
vn -4.634303 -3.154011 -1.210383
v -11.865417 -4.096278 16.825960
vn 1.803727 -2.024983 -4.732189
v 5.242533 -10.177644 0.007482
vn 3.839488 -3.919863 -2.060251
v 5.671067 -10.210654 0.467867
vn -4.231606 2.747890 3.648916
v -12.579788 -2.323566 14.647605
vn 5.005199 -3.113023 1.957058
v 3.156158 -13.466089 12.946602
vn -2.753343 1.022696 -4.250538
v -11.767617 0.307941 0.001130
vn 4.669630 -3.289966 -1.704169
v 5.931919 -9.930057 0.526787
vn -5.660451 2.591879 -0.677003
v -13.461750 -2.172027 2.000756
vn -5.208284 3.360776 1.021397
v -13.269334 -1.690620 12.034833
vn -5.625763 2.523564 -1.065203
v -12.931360 -1.093101 2.377554
vn 4.963700 -3.705684 1.042182
v 2.601642 -13.842543 3.856274
vn -5.378842 3.157558 0.555071
v -13.420010 -1.587025 10.794040
vn -5.651650 -0.062363 2.739219
v -11.519922 -1.810073 24.460587
vn -4.946489 0.318716 3.744736
v -9.485556 -3.479265 28.488552
vn 1.850590 -5.571289 2.218513
v 0.878503 -12.438226 22.796372
vn -4.736134 -2.782727 1.188280
v -12.182211 -3.869292 22.729230
vn 4.852138 -3.692497 -0.761121
v 2.846318 -13.754331 2.739921
vn -4.940316 -0.517047 -3.787550
v -12.640176 -2.546915 17.470197
vn -4.536860 0.517585 -4.273889
v -12.105834 -1.725677 16.954482
vn 5.454894 -3.094891 0.345424
v 4.018101 -13.180512 8.782943
vn -5.694301 -0.225251 2.632172
v -11.229775 -3.707670 25.073989
vn -5.828655 -0.332922 2.313835
v -12.333261 -2.646883 22.609161
vn -4.682495 1.913904 3.565694
v -12.088250 -2.994971 15.469201
vn 4.401633 -2.841333 3.423011
v 2.751331 -12.351291 14.595662
vn 1.652617 -5.715275 1.994318
v 1.600626 -12.739569 21.351658
vn 1.255647 -5.314333 -2.853951
v 2.184389 -12.798189 17.358095
vn 4.733677 -3.758943 -1.602387
v 3.322187 -13.918714 7.007023
vn 4.827054 -3.737839 -0.086573
v 3.031708 -13.002569 4.594988
vn 5.169120 -3.480362 -0.455173
v 4.145006 -13.017801 7.638134
vn 2.199364 -5.272790 2.549935
v 0.708542 -10.991840 26.153426
vn 1.809912 -5.340944 2.745798
v -0.461725 -11.010101 26.944341
vn -5.589440 2.374336 -0.954644
v -13.101815 -0.337086 3.848914
vn -5.696121 2.219119 -1.084459
v -13.349273 -1.747154 3.490114
vn -4.995886 3.637462 1.021760
v -12.774655 -0.834471 11.767163
vn 1.281819 -5.553470 -2.411243
v 0.948872 -12.494895 16.655994
vn -0.740243 -2.083343 5.853307
v -4.936759 -8.390307 30.223766
vn -6.014066 1.733571 0.360587
v -13.723430 -1.935271 5.746049
vn -4.857630 -0.305273 3.873555
v -9.269399 -4.935461 28.760141
vn -2.723691 -2.994178 2.965109
v -7.206012 -7.437224 29.977136
vn -4.596041 -2.603145 -1.349707
v -13.127673 -3.194876 18.363646
vn -4.865096 3.185596 -1.098686
v -11.646378 1.639896 0.915446
vn -5.983254 -0.492991 1.714307
v -13.191106 -2.338188 20.381625
vn -5.532308 -0.263430 2.864876
v -10.112533 -4.459692 27.465656
vn -5.868937 -0.284321 2.209675
v -12.772884 -2.354749 21.512597
vn 0.409966 -3.134773 5.346989
v -3.045639 -9.372380 29.854113
vn 1.670524 -5.829679 1.526956
v 2.433406 -12.925318 20.106761
vn -1.020440 -5.253527 1.388016
v -1.775381 -11.315203 27.100078
vn 1.460870 -5.165055 3.196676
v -1.582028 -10.716032 28.160701
vn 3.532738 4.585510 2.393702
v 1.677789 0.367880 0.654767
vn 3.164384 4.938573 1.780750
v 3.926713 -1.570782 0.668201
vn 3.148727 4.905861 2.311422
v 0.997666 0.290268 1.601537
vn -5.904815 1.993542 -0.575299
v -13.567788 -1.458209 4.755077
vn -6.003370 1.764490 0.033853
v -13.628271 -2.071127 7.010491
vn 3.413576 5.061995 1.371164
v -2.624159 3.473591 0.627291
vn -5.441483 -1.001465 0.772899
v -2.059156 -0.913006 32.536797
vn -5.440161 -1.183296 -1.817954
v -0.986788 0.736223 29.984074
vn -5.561551 1.870777 -0.530770
v -0.869175 1.985383 28.309360
vn -2.006028 4.991400 0.114240
v -0.712177 2.328354 29.092069
vn -2.528947 4.388947 2.123026
v -0.816695 1.984671 30.267182
vn -4.220685 -0.073012 -4.469917
v -0.812430 -0.257592 30.228286
vn -4.983973 2.273634 -0.126598
v -0.968151 2.066446 29.336575
vn 1.476530 -5.691120 -1.492436
v 0.958423 -0.064667 29.169119
vn -0.069273 -5.725344 1.661278
v -1.179034 -2.368351 31.193958
vn 4.581500 -3.625731 -0.237553
v 0.721526 -0.707423 30.370347
vn -5.161889 1.655955 -1.699553
v -1.268447 0.503552 30.711700
vn 5.075640 -2.066689 0.192268
v 1.183622 -0.097603 29.899611
vn -5.199701 1.243765 0.632961
v -1.107496 1.705820 30.045345
vn 4.851982 2.157007 1.821345
v 1.017145 1.455173 30.463061
vn 0.577555 -1.056131 -5.721869
v -0.315010 -0.921256 30.156676
vn 3.656662 -3.870736 1.937106
v -0.745649 -2.249125 30.835453
vn 1.301071 -5.045123 0.420423
v -0.703001 -2.385727 31.723935
vn -3.931064 2.962226 -0.750613
v -1.953557 0.437946 32.484732
vn -5.316127 1.774533 -2.072100
v -1.728119 -0.113230 31.394528
vn -2.535480 -2.620754 3.687315
v -1.418825 -1.266938 33.452660
vn -3.542670 1.912150 1.601217
v -1.963250 0.408165 33.219060
vn -2.284714 3.776084 2.606237
v -1.408891 0.626701 33.543233
vn 3.996843 4.522564 -1.085419
v -0.018933 0.519854 32.243716
vn -0.880099 1.058282 -5.367591
v -0.783016 -0.679355 30.205029
vn 5.862216 -1.989548 0.450366
v 0.151809 -1.174422 10.572624
vn 3.451578 -5.085432 -0.777899
v 1.379137 0.384310 11.719558
vn 4.587057 -4.080240 -0.425330
v 0.195853 -1.001744 15.608700
vn -5.126817 3.602351 0.442271
v -1.500139 0.087880 11.748040
vn -4.679801 4.022075 0.978670
v -1.941716 -0.429238 11.145304
vn 0.045990 -0.197449 6.261794
v -2.858267 -4.828697 30.957637
vn 0.357502 -1.462009 6.044413
v -3.068193 -7.116361 30.704272
vn -1.466789 -0.555458 6.035251
v -6.187738 -6.167641 30.511804
vn 1.309461 5.637950 2.093398
v 0.514569 2.814065 13.429996
vn -5.840382 2.075654 -0.063583
v -0.832427 1.034044 13.860884
vn -5.490605 2.984212 0.290502
v -1.130344 0.495785 13.159225
vn -4.978741 3.809975 0.316748
v -1.935798 -0.787998 14.266637
vn -5.246617 3.406622 0.367997
v -12.509436 0.682819 4.871257
vn 5.402772 -3.126070 0.009008
v -0.121552 -1.403199 14.408727
vn 4.016946 -4.568342 -0.408853
v 0.568784 -0.454741 14.344139
vn 5.069573 -3.639492 -0.160695
v 0.460659 -0.580837 11.798069
vn -0.000200 0.002740 -6.283184
v 2.558680 -3.708223 0.000999
vn 0.000074 0.001119 -6.283185
v 1.649579 -3.125125 0.001484
vn 0.000752 0.000452 -6.283185
v 6.042522 -5.690737 0.000734
vn -0.001992 -0.001627 -6.283184
v 3.696156 -6.536035 0.000868
vn -0.000488 0.001576 -6.283185
v 3.349106 -4.047822 0.000931
vn 5.742552 1.701468 1.413533
v -0.307242 -3.210112 12.109401
vn -5.896803 2.158013 0.039318
v -0.623380 1.860142 12.682421
vn 0.001277 -0.001240 -6.283185
v 6.390826 -4.744656 0.000673
vn -0.000253 0.003467 -6.283184
v -11.930491 -1.626205 0.001348
vn 0.000239 0.000786 -6.283184
v -6.360126 -2.715521 0.001607
vn -3.655840 -5.110112 0.000007
v -13.158852 -3.179221 4.673318
vn -3.655906 -5.110066 0.000822
v -12.606701 -3.574453 4.040250
vn -3.655296 -5.110502 0.001407
v -11.517291 -4.354179 1.304531
vn -3.658071 -5.108515 -0.002344
v -7.894590 -6.942619 28.632104
vn -3.658794 -5.107998 -0.000850
v -7.447840 -7.262006 25.884853
vn -0.000613 -0.000421 -6.283185
v -8.400162 -1.340371 0.001201
vn -3.662517 -5.105322 -0.005056
v -11.420577 -4.417914 23.302953
vn -0.000119 -0.000079 -6.283185
v 0.996982 -11.957886 0.000758
vn -3.648275 -5.115513 -0.000254
v -2.503021 -10.794409 16.357707
vn -3.653754 -5.111567 0.007259
v -3.331884 -10.201989 15.200038
vn -3.652751 -5.112305 -0.001169
v -0.700852 -12.079724 17.974816
vn 0.000810 0.000345 -6.283185
v -0.779350 -8.587094 0.000953
vn 0.006694 0.002073 -6.283178
v 1.711151 -7.934710 0.001393
vn -3.643994 -5.118554 -0.000783
v -4.117554 -9.643454 26.379796
vn -3.651785 -5.113010 -0.001406
v -4.865323 -9.109062 26.354853
vn -3.655452 -5.110390 0.000590
v 0.442275 -12.907078 2.013731
vn -3.655708 -5.110207 0.000397
v -1.603875 -11.442724 7.359320
vn -3.655020 -5.110699 0.000952
v -3.570002 -10.036599 5.701241
vn -3.655715 -5.110201 0.000677
v -0.847433 -11.983104 12.908414
vn -3.656339 -5.109754 -0.003551
v 1.302088 -13.521253 13.744166
vn -0.000371 -0.000364 -6.283185
v -5.387881 -0.593585 0.001170
vn -0.000677 -0.000982 -6.283185
v -6.487084 3.597995 0.000793
vn 0.000131 -0.000455 -6.283185
v -2.666755 0.218273 0.000779
vn -3.654615 -5.110989 0.000813
v -8.998446 -6.154028 9.021697
vn -3.654619 -5.110985 0.001375
v -9.662558 -5.678942 11.564207
vn -3.654101 -5.111356 0.000639
v -12.289264 -3.801199 9.006687
vn -3.653974 -5.111443 0.004999
v -1.739658 -11.341794 24.752720
vn -3.657484 -5.108936 0.002134
v -2.282583 -10.954046 22.930079
vn -3.654573 -5.111018 -0.001931
v -12.797087 -3.438111 5.520879
vn 0.000737 -0.000098 -6.283185
v -1.503305 -0.304621 0.000967
vn -3.655847 -5.110107 0.000859
v 0.994771 -13.302014 10.477651
vn -3.655977 -5.110014 0.000965
v -0.979117 -11.889687 11.665775
vn -0.009652 -0.014815 -6.283160
v 5.532769 -8.986766 0.003756
vn -3.652374 -5.112589 0.000331
v -4.638829 -9.269477 18.582826
vn -3.652679 -5.112367 -0.000763
v -3.102790 -10.368765 18.533429
vn -3.663959 -5.104239 0.020176
v -0.696357 -12.089617 15.769455
vn -0.000535 -0.000673 -6.283185
v -8.659796 3.534965 0.001049
vn 0.000512 0.000740 -6.283185
v -4.856517 -5.482869 0.000809
vn -3.653082 -5.112084 -0.001057
v -12.804209 -3.433937 6.644905
vn -3.654559 -5.111027 0.003219
v -13.363748 -3.033120 9.037473
vn -3.662002 -5.105693 0.004978
v -11.201736 -4.572182 17.281196
vn -3.644682 -5.116841 -0.077986
v 0.646778 -13.053429 1.093143
vn -1.827081 -2.555287 -3.141013
v -5.226256 -8.853570 0.000569
vn -3.655266 -5.110523 0.001022
v -10.424361 -5.135730 3.163415
vn -3.656147 -5.109892 0.000337
v -9.558176 -5.750399 20.069662
vn -3.657339 -5.109036 0.002400
v -10.891450 -4.796912 22.128408
vn -3.651220 -5.113406 -0.006192
v -0.416239 -12.286381 21.336619
vn 0.000825 -0.000318 -6.283185
v 0.394553 -1.936571 0.001275
vn 0.000759 0.000678 -6.283185
v -1.281385 1.127322 0.000946
vn -3.653517 -5.111770 -0.001194
v -5.810578 -8.434078 20.887223
vn -3.652917 -5.112201 0.000608
v -4.857265 -9.113511 17.417667
vn -3.653034 -5.112099 0.009559
v -10.091595 -5.369096 15.517845
vn -3.657137 -5.109183 0.003034
v -9.080966 -6.092420 15.824831
vn -3.657072 -5.109231 0.000769
v -8.526735 -6.488953 18.512149
vn -0.000353 -0.000311 -6.283185
v -9.520874 0.453921 0.001171
vn -3.648256 -5.115520 0.003387
v -0.457549 -12.258623 22.483074
vn -3.655809 -5.110135 0.000559
v -0.936124 -11.920409 9.470088
vn -3.653429 -5.111836 0.000713
v -13.105276 -3.218924 13.840840
vn -3.652644 -5.112397 -0.000874
v -10.897287 -4.796129 13.248659
vn -3.652955 -5.112174 -0.002005
v -11.956693 -4.038592 12.151600
vn 5.298343 -1.900698 2.579776
v 3.740009 -11.747022 13.571195
vn 5.153577 -3.422405 -0.302101
v 5.522318 -10.709455 5.455284
vn -3.661795 -5.105788 0.015966
v -0.791436 -12.016053 16.611456
vn -3.650107 -5.114203 -0.003626
v 0.174693 -12.706834 18.711280
vn -1.827272 -2.554867 -3.140942
v -11.277974 -4.525755 0.000473
vn 0.980974 2.948277 -2.811276
v -5.769047 5.018183 0.000464
vn -3.661563 -5.106010 -0.004484
v -11.057944 -4.675407 18.598877
vn -3.655975 -5.110016 0.000322
v -1.614421 -11.434984 10.756202
vn -3.645381 -5.117561 0.001705
v -3.521755 -10.066020 26.251791
vn 5.604155 -0.036788 0.654596
v 7.543879 -6.037372 3.364240
vn -3.653253 -5.111960 0.000578
v -10.429001 -5.127554 23.659309
vn -3.654756 -5.110888 0.001265
v -10.315983 -5.208041 22.640393
vn -3.654779 -5.110871 0.001212
v -7.578625 -7.170153 5.858954
vn -0.636457 -0.019035 6.244541
v -3.875587 -4.908419 30.893891
vn -0.636605 3.129231 5.365073
v -3.769430 -1.299863 30.129305
vn -1.931141 0.206341 5.954072
v -6.778934 -5.142474 30.349392
vn -1.037677 0.584184 6.155888
v -4.491475 -3.901807 30.779255
vn 0.747729 -4.300461 0.425661
v 2.863166 -14.638201 10.670782
vn -3.657150 -5.109174 -0.003438
v 1.802598 -13.879160 13.338310
vn -3.658068 -5.108510 0.000542
v -12.121589 -3.912570 18.546001
vn 1.802179 -5.486900 2.473261
v -0.103436 -11.568496 25.454927
vn -5.749802 2.382160 -0.481221
v -0.653030 1.598623 10.830607
vn 3.495342 4.291920 2.956168
v 0.707115 -5.861420 14.600089
vn 3.231282 4.493842 2.970952
v 1.809797 -6.643887 14.556865
vn 6.057163 -1.522972 0.258865
v 2.290440 -3.447830 23.243922
vn 5.141719 -1.990159 -2.853908
v 1.668880 -3.319404 19.583675
vn 5.950913 -1.570095 -0.625461
v 2.353546 -3.276181 21.863562
vn 4.052131 0.067350 1.066067
v 4.846320 -11.849401 19.846555
vn 3.535273 -4.928936 -0.130383
v 2.466861 0.843157 11.826441
vn 5.537066 2.325290 1.490392
v 2.136715 -2.481772 26.770413
vn 4.244399 -3.302948 -3.112482
v 0.572361 -5.662655 20.371552
vn 3.240226 4.177839 2.633049
v 1.109164 -8.846552 17.626474
vn 5.849122 -1.053073 0.429948
v 4.469051 -8.433201 13.645038
vn -4.898883 3.801426 0.799497
v -11.843858 1.502159 5.756509
vn -3.380440 5.014007 1.481292
v -10.354537 2.823491 6.256042
vn -4.461306 3.849501 0.940394
v -10.904285 -0.529061 14.635104
vn -3.794473 4.392563 1.171408
v -9.703899 0.790671 13.065019
vn 1.916280 4.934650 1.438342
v 0.443110 2.161987 29.988994
vn -4.863923 3.908099 0.606077
v -11.550324 2.041113 4.590394
vn -0.000397 0.000104 -6.283185
v 4.528504 -5.920436 0.000826
vn -0.000403 0.000116 -6.283185
v 3.058034 -5.102757 0.000932
vn -0.000440 0.000108 -6.283185
v 4.834798 -4.604200 0.000828
vn -1.808818 -2.568503 -3.194378
v -0.089644 -12.505126 0.000976
vn -5.609625 2.517002 -0.580567
v -0.215775 3.019650 10.563173
vn 0.000606 0.002928 -6.283184
v -9.703155 -2.807401 0.000939
vn -3.655485 -5.110366 0.000688
v -12.116673 -3.924850 5.032090
vn -3.660642 -5.106673 -0.002285
v -8.904592 -6.219112 27.879770
vn -3.659593 -5.107425 -0.000578
v -8.744922 -6.333224 26.764498
vn -3.658563 -5.108163 -0.001016
v -7.683524 -7.093508 27.371833
vn -0.000280 -0.000411 -6.283185
v -3.134514 -2.985080 0.001181
vn -0.000444 -0.000446 -6.283185
v -3.278048 -2.378181 0.001152
vn -3.657934 -5.108596 0.012449
v -2.394757 -10.874216 15.064540
vn 0.001023 0.000331 -6.283185
v 0.385629 -8.073827 0.001169
vn 0.001920 0.000464 -6.283185
v 1.629942 -9.525000 0.001296
vn 0.001023 0.000331 -6.283185
v 0.514926 -9.337846 0.001124
vn -3.648560 -5.115311 -0.001625
v -3.815882 -9.857812 24.753916
vn -3.649428 -5.114693 -0.001887
v -4.262255 -9.538908 24.397782
vn -3.655525 -5.110338 0.000665
v -0.627778 -12.141301 4.669374
vn -3.655443 -5.110397 0.000720
v -2.671606 -10.679065 6.685075
vn -3.655450 -5.110392 0.000713
v -1.578280 -11.461516 3.841791
vn -3.655479 -5.110371 -0.000572
v 0.365130 -12.850655 13.059935
vn -3.656167 -5.109878 -0.002482
v 0.126433 -12.680262 13.974305
vn -0.000681 -0.000743 -6.283185
v -5.736399 0.938402 0.001026
vn -0.000649 -0.000742 -6.283185
v -4.564353 1.851962 0.000791
vn 0.000419 -0.001644 -6.283185
v 1.253897 -6.036120 0.001572
vn 0.001789 0.000548 -6.283185
v -2.024139 1.507209 0.000848
vn 0.000454 -0.000373 -6.283185
v -2.957496 1.883118 0.000644
vn -3.655897 -5.110072 0.000771
v -2.999818 -10.443642 12.420318
vn -0.006037 -0.014485 -6.283164
v 4.282018 -8.041961 0.002889
vn -3.653913 -5.111488 0.000944
v -2.595385 -10.731081 20.710973
vn -0.000877 -0.000808 -6.283185
v -7.634847 3.704056 0.000913
vn 0.000497 0.000591 -6.283185
v -6.962965 -5.896033 0.000618
vn 0.000435 0.000766 -6.283185
v -8.034636 -5.346149 0.000610
vn -3.661993 -5.105627 0.019637
v -1.508523 -11.510019 15.221718
vn -3.644271 -5.118139 -0.030844
v -0.506887 -12.228265 1.095668
vn 0.000488 0.000389 -6.283185
v -3.138225 -8.553417 0.000750
vn 0.000488 0.000391 -6.283185
v -5.032924 -7.186081 0.000688
vn 0.000488 0.000389 -6.283185
v -2.918177 -6.868861 0.000871
vn -3.655656 -5.110244 0.000763
v -12.080522 -3.951063 2.678148
vn -3.655633 -5.110261 0.000772
v -10.938679 -4.767964 2.179350
vn -3.655628 -5.110264 0.000791
v -11.542368 -4.335901 3.580008
vn -3.655431 -5.110405 -0.000550
v -10.595914 -5.008242 20.888500
vn -3.646389 -5.116858 -0.005372
v -1.424673 -11.565511 18.887049
vn -3.649179 -5.114870 -0.002710
v -1.807167 -11.293557 19.865815
vn -3.648472 -5.115376 -0.000743
v -4.841420 -9.125472 21.960391
vn -3.651147 -5.113465 -0.001027
v -5.395273 -8.730079 19.447310
vn -3.651997 -5.112858 0.000548
v -4.251047 -9.546291 20.194637
vn -3.658188 -5.108432 -0.000228
v -9.436683 -5.837411 18.185753
vn -3.656819 -5.109412 0.000494
v -9.046004 -6.117071 19.265168
vn -3.655812 -5.110132 0.000332
v -3.459928 -10.114779 10.519668
vn -3.655788 -5.110150 0.000264
v 0.238986 -12.761200 5.788546
vn -3.655998 -5.109999 -0.000051
v 0.422858 -12.892748 6.715227
vn 4.576398 -4.031016 -1.193499
v 4.422008 -11.726846 1.840273
vn 4.792275 -4.025164 -0.193769
v 5.287971 -10.698553 2.135842
vn 5.515694 -2.979800 0.219757
v 4.686111 -12.111942 7.836815
vn -1.827494 -2.554754 -3.140928
v -10.182721 -5.309162 0.000457
vn 0.000539 0.000428 -6.283185
v 0.027062 -11.275573 0.000943
vn -0.000673 0.000209 -6.283185
v 6.112572 -3.844757 0.000760
vn -3.657514 -5.108912 0.000424
v -9.498284 -5.792336 23.789484
vn -2.328704 5.415734 -1.139355
v -8.220045 5.105852 0.976087
vn -3.662792 -5.105121 -0.005521
v -11.477386 -4.377310 19.977509
vn -3.654650 -5.110964 0.001159
v -6.382249 -8.026289 2.978817
vn -3.654650 -5.110964 0.001159
v -4.418755 -9.430318 2.929874
vn -3.654650 -5.110964 0.001159
v -5.564639 -8.610265 5.911913
vn -1.333280 5.575303 -1.651010
v -1.741855 1.737523 19.382090
vn 0.450922 5.953926 1.721746
v -2.589191 1.196226 26.741521
vn 2.257430 4.477565 3.670001
v -10.451816 0.074442 16.792376
vn -1.889791 1.321923 5.832546
v -6.993367 -2.973781 30.000198
vn -3.655804 -5.110138 0.000448
v -9.620490 -5.705868 21.329213
vn -3.655130 -5.110620 0.001588
v -7.489867 -7.231477 13.894961
vn -3.654350 -5.111178 0.001350
v -9.133162 -6.056826 12.972876
vn -3.654483 -5.111083 0.001846
v -8.392170 -6.586659 12.999708
vn -3.654596 -5.111002 0.002713
v 0.991952 -13.299108 11.700580
vn -3.659420 -5.107549 -0.000986
v -8.397750 -6.581252 23.927093
vn -3.659078 -5.107795 -0.000693
v -7.548171 -7.189598 21.946601
vn -3.657723 -5.108765 -0.000761
v -6.647787 -7.834858 23.792523
vn -3.655822 -5.110125 0.000100
v 0.710537 -13.098403 9.250108
vn -3.654903 -5.110783 0.001259
v -9.557045 -5.755288 5.969060
vn -3.654893 -5.110790 0.001245
v -8.289389 -6.661413 7.675867
vn -3.654618 -5.110987 0.000851
v -9.978121 -5.453699 7.868801
vn -3.655896 -5.110072 0.001680
v -8.181477 -6.736474 15.482708
vn -3.654326 -5.111195 0.001820
v -2.333570 -10.916249 25.876723
vn -3.655028 -5.110690 0.004459
v -2.946978 -10.477129 26.813275
vn -3.653726 -5.111622 0.002264
v -3.029900 -10.418157 25.367830
vn 5.160279 -3.451996 0.651854
v 3.488548 -13.964509 9.919483
vn 4.915176 -3.735856 -0.262932
v 3.523142 -14.075315 8.415598
vn -5.517299 2.905198 0.418222
v -13.450983 -1.418719 9.535184
vn -5.737827 -0.041483 2.494132
v -12.060672 -1.649216 23.432754
vn -0.000287 0.002076 -6.283184
v 3.266620 -2.751767 0.001795
vn -0.001370 0.001751 -6.283185
v 4.686665 -3.383961 0.000857
vn -0.001346 -0.002666 -6.283184
v 5.044508 -6.726970 0.000780
vn -0.001608 -0.000497 -6.283185
v 1.821422 -4.826773 0.001014
vn 0.001027 0.000436 -6.283185
v 1.403393 -0.631741 0.001539
vn 0.000701 0.000136 -6.283185
v 1.929037 -1.528580 0.001305
vn -1.812341 -2.564941 -3.249094
v 1.185758 -13.395682 0.001255
vn 0.000687 0.002372 -6.283185
v -11.888674 -2.899187 0.000667
vn 0.000475 0.000984 -6.283185
v -9.206504 -4.485864 0.000643
vn -0.000654 0.001164 -6.283184
v -9.453540 -1.821034 0.001683
vn 0.000371 0.001390 -6.283185
v -5.556034 -4.052084 0.000948
vn -0.000074 0.000449 -6.283185
v -2.410029 -4.353497 0.001239
vn -3.653714 -5.111632 0.000089
v -13.142902 -3.191004 3.190300
vn -3.653799 -5.111570 0.003397
v -12.650132 -3.543717 1.812131
vn -3.654146 -5.111324 0.000402
v -12.313944 -3.784850 0.547394
vn -3.655553 -5.110318 0.001181
v -10.351643 -5.188120 0.743982
vn -3.657621 -5.108835 -0.004086
v -6.870094 -7.676488 29.299888
vn -3.657511 -5.108916 -0.001165
v -6.652407 -7.832137 28.124495
vn -3.658645 -5.108104 -0.000994
v -8.501965 -6.506972 25.591197
vn -3.650772 -5.113728 -0.006569
v 0.073143 -12.634980 20.447441
vn -3.649226 -5.114835 -0.004661
v -0.666318 -12.106743 19.598607
vn -3.648725 -5.115192 -0.003789
v -3.213326 -10.288660 16.817310
vn 0.001005 0.000341 -6.283185
v -0.464127 -5.791323 0.001151
vn 0.011643 0.006958 -6.283160
v 2.764446 -9.003625 0.001834
vn -3.639993 -5.121408 0.001508
v -4.064707 -9.680832 27.652637
vn -3.649558 -5.114598 -0.001360
v -4.547942 -9.336572 27.604225
vn -3.655034 -5.110689 0.000936
v -2.453791 -10.835422 2.776769
vn -3.654361 -5.111169 -0.002417
v 1.605918 -13.739460 1.890032
vn -3.656036 -5.109972 -0.000107
v 1.330865 -13.542518 3.270261
vn -3.655684 -5.110224 0.000406
v -3.597015 -10.016725 9.530640
vn -3.655051 -5.110677 0.000938
v -4.617912 -9.286585 8.767425
vn -3.655349 -5.110462 0.003173
v -2.672322 -10.677882 13.728806
vn -3.656960 -5.109310 0.001685
v -1.643619 -11.413887 13.856231
vn -3.658279 -5.108335 0.011233
v -3.496902 -10.088166 14.224353
vn -3.654963 -5.110740 -0.000341
v 1.037474 -13.331439 12.514007
vn -3.656088 -5.109933 0.002174
v -0.810088 -12.010411 14.348307
vn -3.657908 -5.108631 0.000685
v -0.045094 -12.557764 14.499215
vn -0.000357 -0.000405 -6.283185
v -7.687890 1.292492 0.001196
vn -0.000681 -0.000743 -6.283185
v -6.938399 1.617583 0.001076
vn -0.000590 -0.000761 -6.283185
v -4.852950 3.546739 0.000622
vn -3.653608 -5.111709 0.000997
v -11.931395 -4.057204 7.489688
vn -3.654638 -5.110972 0.000942
v -7.385282 -7.307290 10.444756
vn -3.654456 -5.111102 0.001304
v -7.733771 -7.057982 11.715952
vn -3.654004 -5.111425 0.000939
v -10.476990 -5.096441 11.866335
vn -3.654421 -5.111127 0.000699
v -12.101491 -3.935315 10.480481
vn -3.652905 -5.112208 0.000379
v -3.280523 -10.239188 23.952232
vn 0.006734 -0.000666 -6.283140
v 3.959047 -8.987027 0.005976
vn 0.000719 -0.000267 -6.283185
v -0.768862 -1.021524 0.001047
vn 0.000088 -0.000435 -6.283185
v -2.210277 -0.992038 0.000872
vn -3.655270 -5.110520 0.000503
v -3.935028 -9.773197 17.863334
vn -3.652568 -5.112451 0.001936
v -12.853700 -3.397909 7.958505
vn -3.654977 -5.110728 -0.001901
v -13.172122 -3.169858 10.372329
vn -3.655190 -5.110548 0.009191
v -4.051202 -9.689017 14.548834
vn -1.827081 -2.555287 -3.141013
v -3.295651 -10.234070 0.000634
vn -1.827081 -2.555287 -3.141013
v -7.156862 -7.473069 0.000505
vn -3.655236 -5.110545 0.001044
v -10.978631 -4.738998 4.599591
vn -3.655249 -5.110535 0.001035
v -9.770617 -5.603594 1.746111
vn -3.657727 -5.108760 -0.002278
v -10.281443 -5.233107 19.427615
vn -3.660591 -5.106693 -0.001272
v -11.927318 -4.056047 21.326540
vn -3.650689 -5.113787 -0.002588
v -3.966519 -9.751119 16.121229
vn -3.647535 -5.116042 -0.003246
v -1.524900 -11.492268 17.343118
vn -3.649784 -5.114428 0.002541
v -1.182203 -11.741749 23.266277
vn -3.664465 -5.103925 0.000916
v -9.795878 -5.580244 25.968539
vn 0.000534 0.000059 -6.283185
v -0.432710 0.520819 0.001031
vn -3.651112 -5.113491 -0.000865
v -5.377239 -8.743586 23.885574
vn -3.657840 -5.108681 -0.000370
v -6.656844 -7.827747 19.202111
vn -3.654718 -5.110912 -0.001419
v -6.060635 -8.254612 17.410503
vn -3.650035 -5.114245 0.008084
v -11.026812 -4.703929 15.029923
vn -3.656865 -5.109380 0.000122
v -8.763493 -6.319221 20.566255
vn 0.000041 0.000095 -6.283185
v -7.986314 0.585342 0.001200
vn 0.001885 -0.000524 -6.283185
v 0.660860 -0.339362 0.001145
vn -3.655908 -5.110064 0.000231
v 0.451255 -12.913097 7.805636
vn -3.651964 -5.112882 -0.001640
v -12.481535 -3.664693 13.155409
vn -3.652891 -5.112217 0.004285
v -9.653314 -5.685052 14.429762
vn -3.652094 -5.112788 -0.001391
v -12.685740 -3.517343 11.465152
vn -3.641605 -5.120259 0.003284
v -3.481155 -10.094706 27.720038
vn -1.827399 -2.554737 -3.142051
v -12.373227 -3.742348 0.000490
vn 0.000271 0.000132 -6.283185
v 2.093908 -12.043785 0.000791
vn -3.660814 -5.106550 0.000342
v -10.399854 -5.147268 17.832344
vn -3.655619 -5.110271 0.000971
v -5.092304 -8.946685 12.797021
vn -3.652318 -5.112630 -0.000833
v -4.762898 -9.181515 15.504407
vn -3.652501 -5.112499 0.001026
v -5.040064 -8.983545 14.516075
vn -3.655703 -5.110210 0.000752
v -3.628495 -9.994098 11.377795
vn -3.654736 -5.110902 0.001196
v -6.583765 -7.880871 8.811822
vn -3.654762 -5.110883 0.001203
v -8.274477 -6.673258 2.860233
vn -3.654972 -5.110733 0.001039
v -6.076247 -8.242853 13.173338
vn -3.658301 -5.108351 -0.000432
v -7.613357 -7.142570 19.507484
vn -3.656737 -5.109471 0.000423
v -7.130836 -7.488001 15.489495
vn -3.654673 -5.110945 0.000188
v -5.913031 -8.360096 15.537048
vn -3.654903 -5.110783 0.001259
v -9.075161 -6.100260 4.506445
vn 3.379980 4.566320 1.661131
v 2.263174 -9.938298 18.095270
vn 4.091427 3.487183 3.060018
v 0.011315 -7.362711 17.295817
vn 3.423353 4.064673 3.318885
v 0.362010 -6.815097 16.445003
vn 2.359197 5.152203 2.687823
v -5.512529 2.789798 6.469083
vn 2.750193 5.508357 -0.196053
v 4.502921 -1.986607 1.456462
vn -4.859475 3.780741 -0.561411
v -11.485166 2.253376 3.403576
vn -4.486536 4.287862 0.812715
v -11.913854 0.604251 9.872911
vn -5.160967 3.506885 0.720854
v -12.566188 0.275413 6.265932
vn -3.650225 -5.114125 -0.000017
v -3.795150 -9.871890 23.204566
vn -3.655474 -5.110375 0.000702
v -1.626649 -11.426668 5.659931
vn -0.000681 -0.000743 -6.283185
v -4.644284 0.681202 0.000938
vn -3.654358 -5.111172 0.000602
v -9.855985 -5.540819 10.066227
vn -0.000495 0.000181 -6.283185
v 0.908380 -4.204885 0.001242
vn -3.656350 -5.109747 0.001162
v -2.571184 -10.747919 21.801879
vn 0.000488 0.000389 -6.283185
v -4.084902 -7.868648 0.000719
vn -3.648791 -5.115147 -0.002291
v -2.322520 -10.925460 19.000352
vn -3.646874 -5.116513 -0.004716
v -2.312481 -10.931825 17.971657
vn -3.648472 -5.115376 -0.000743
v -4.806137 -9.150480 20.878579
vn 0.000298 -0.001129 -6.283185
v -10.592557 0.643249 0.001159
vn -3.655688 -5.110221 -0.000083
v 1.819038 -13.891336 9.535402
vn -3.654650 -5.110964 0.001159
v -5.400577 -8.728250 2.957586
vn -3.654650 -5.110964 0.001159
v -4.992802 -9.019502 4.420685
vn -3.654650 -5.110964 0.001159
v -5.976729 -8.315928 4.447735
vn 3.720665 4.393548 2.511025
v -0.663613 1.735231 1.206425
vn -0.837210 5.196701 -2.121852
v -8.160763 -2.288627 21.596587
vn -3.654858 -5.110814 0.001475
v 1.950670 -13.985801 10.571236
vn -3.659078 -5.107795 -0.000693
v -7.490861 -7.230802 23.041251
vn -3.654903 -5.110783 0.001259
v -8.886752 -6.234436 6.789634
vn -3.654898 -5.110787 0.001228
v -9.278425 -5.954161 7.502145
vn -3.657005 -5.109279 0.000668
v -8.522953 -6.491896 16.992455
vn -5.563331 2.611786 -1.144878
v -12.528455 -0.684510 1.319886
vn 5.273935 -3.238645 1.063392
v 3.554132 -13.371642 11.454372
vn 3.758958 -2.989593 4.034700
v 2.225992 -13.176314 14.515723
vn -4.636003 -1.270771 -0.543754
v -13.607086 -2.861434 1.177106
vn 0.000606 0.001468 -6.283185
v -10.735221 -3.679125 0.000644
vn 0.000496 0.000628 -6.283185
v -4.139946 -3.922152 0.001214
vn -3.659527 -5.107472 -0.001939
v -9.095672 -6.081631 24.948382
vn -0.000559 -0.000514 -6.283185
v -10.726932 -0.760721 0.001689
vn 0.000816 0.000365 -6.283185
v -0.948618 -10.253249 0.000837
vn 0.001633 0.000613 -6.283185
v 0.373336 -6.880050 0.001230
vn 0.001938 0.002776 -6.283184
v 2.530576 -10.690294 0.001381
vn -3.648490 -5.115357 -0.002949
v -4.900214 -9.085662 28.980967
vn -3.653332 -5.111905 -0.002239
v -5.285284 -8.809734 27.755042
vn -3.655452 -5.110390 0.000707
v -1.277643 -11.676786 2.213272
vn -3.655446 -5.110394 0.000728
v -3.415065 -10.147090 7.956374
vn -0.000312 -0.000278 -6.283185
v -6.600019 0.216980 0.001205
vn -3.654337 -5.111188 0.000472
v -11.175783 -4.597399 7.958061
vn -3.654450 -5.111107 0.000644
v -8.437202 -6.555153 10.616381
vn 0.013462 0.011236 -6.283152
v 3.756769 -10.037416 0.002471
vn -0.000147 -0.000996 -6.283185
v -3.527548 3.137031 0.000527
vn -0.003415 -0.009982 -6.283168
v 3.861884 -7.154056 0.001008
vn 0.005399 -0.003237 -6.283149
v 2.952354 -7.977985 0.004585
vn -3.654177 -5.111296 -0.003607
v -1.669025 -11.393565 21.834347
vn -3.649670 -5.114520 -0.003798
v -1.340396 -11.627094 20.829460
vn -3.656511 -5.109632 0.001968
v -3.564137 -10.037372 20.930989
vn -0.000690 -0.000730 -6.283185
v -7.074170 2.611591 0.000974
vn 0.000532 0.000391 -6.283185
v -1.701032 -6.294199 0.001001
vn 0.000475 0.000704 -6.283185
v -2.653080 -5.613917 0.000969
vn 0.000256 0.000377 -6.283185
v -1.427643 -5.066337 0.001098
vn 0.000540 0.000383 -6.283185
v -2.176097 -9.267645 0.000780
vn 0.000481 0.000451 -6.283185
v -5.999581 -6.501028 0.000655
vn -3.648472 -5.115376 -0.000743
v -4.778108 -9.170789 23.063399
vn -3.655304 -5.110494 -0.000099
v -6.141553 -8.197906 26.720484
vn -3.654479 -5.111083 -0.000107
v -6.003617 -8.295586 18.362162
vn 0.000833 -0.000261 -6.283185
v -1.065712 -2.237494 0.001058
vn -0.000119 -0.000423 -6.283185
v -1.569863 -3.077248 0.001050
vn -3.655633 -5.110261 0.000478
v -4.600845 -9.298536 10.585894
vn -3.655473 -5.110375 0.000670
v 0.166251 -12.709409 3.680780
vn -3.656388 -5.109720 0.000412
v 0.842656 -13.193118 4.596503
vn 0.000651 -0.000316 -6.283185
v -9.990606 1.485060 0.001192
vn -3.655986 -5.110008 0.000141
v -0.335444 -12.349957 10.439430
vn -3.655603 -5.110282 0.000950
v -4.219060 -9.571452 12.323002
vn -3.654650 -5.110964 0.001159
v -6.081178 -8.240575 7.382757
vn -3.654650 -5.110964 0.001159
v -5.104072 -8.939276 7.333680
vn -3.654650 -5.110964 0.001159
v -5.615405 -8.573308 8.805864
vn -3.654650 -5.110964 0.001159
v -7.722127 -7.068541 1.451505
vn -3.654650 -5.110964 0.001159
v -6.769276 -7.749879 1.488996
vn -3.654650 -5.110964 0.001159
v -7.336274 -7.344112 2.940422
vn -3.654650 -5.110964 0.001159
v -3.856606 -9.832622 1.462494
vn -3.654650 -5.110964 0.001159
v -2.886904 -10.526031 1.406270
vn -3.654650 -5.110964 0.001159
v -3.447729 -10.124675 2.868074
vn -3.654039 -5.111391 0.003430
v -10.253735 -5.251451 24.797031
vn -3.654868 -5.110808 0.001669
v -7.193253 -7.444150 12.558484
vn -3.653640 -5.111685 0.000661
v -9.853455 -5.541825 12.879489
vn -3.655763 -5.110168 -0.000190
v -3.682228 -9.955196 13.287285
vn -3.658421 -5.108265 -0.000857
v -6.468917 -7.963170 25.079809
vn -3.653090 -5.112075 -0.001014
v -5.750909 -8.477247 25.091860
vn -3.658267 -5.108375 -0.000202
v -8.214956 -6.711831 21.198752
vn -3.656488 -5.109648 -0.000249
v -6.350089 -8.047133 16.509658
vn -3.655748 -5.110179 0.000530
v 1.743871 -13.837728 8.479814
vn -3.655764 -5.110167 0.000552
v -4.580078 -9.313360 11.345010
vn -3.655874 -5.110088 0.000398
v -0.464883 -12.257620 8.791992
vn -3.654903 -5.110783 0.001259
v -10.119554 -5.353299 4.826326
vn -3.654890 -5.110792 0.001255
v -9.017941 -6.141726 2.290245
vn -3.654892 -5.110791 0.001253
v -8.676577 -6.385505 3.682546
vn -3.654903 -5.110783 0.001259
v -9.554419 -5.757799 3.398474
vn -3.654873 -5.110804 0.001251
v -7.434762 -7.272449 8.239067
vn -3.654855 -5.110817 0.001241
v -6.991159 -7.589341 9.635892
vn -3.654770 -5.110878 0.001059
v -7.983182 -6.879982 9.343511
vn -3.655670 -5.110234 0.000006
v -6.375255 -8.028806 14.311133
vn -3.657330 -5.109046 -0.000284
v -7.625040 -7.134063 18.496273
vn -3.655875 -5.110075 0.009494
v -10.708920 -4.926990 16.256718
vn 0.000341 0.001555 -6.283185
v -8.255155 -3.231482 0.000916
vn -0.000335 0.000132 -6.283185
v -4.792483 -2.713520 0.001161
vn -0.000131 -0.000425 -6.283185
v -6.919324 -0.968454 0.001175
vn -0.000533 -0.000855 -6.283185
v -5.893105 -1.677487 0.001172
vn 0.000845 0.000073 -6.283185
v -7.370233 -2.048999 0.001420
vn 0.000799 0.001127 -6.283185
v 1.133998 -10.747195 0.001151
vn -3.649859 -5.114385 -0.001612
v -4.720615 -9.212110 25.233237
vn -3.655474 -5.110375 0.000702
v -0.554298 -12.194106 2.884725
vn -3.655430 -5.110406 0.000726
v -2.365784 -10.898045 5.050608
vn -0.000681 -0.000743 -6.283185
v -5.889281 2.546673 0.000853
vn -0.000628 -0.000681 -6.283185
v -3.650351 0.963579 0.000797
vn -3.654337 -5.111188 0.000472
v -10.228172 -5.274817 8.986941
vn -3.654165 -5.111311 0.000908
v -10.940581 -4.765291 10.894734
vn -3.654337 -5.111188 0.000472
v -11.458528 -4.395116 9.366926
vn -3.657256 -5.109098 0.002300
v -2.294791 -10.944591 24.247829
vn 0.000751 -0.004778 -6.283181
v 2.072800 -6.639381 0.002097
vn -3.654492 -5.111075 0.001052
v -2.987784 -10.450593 19.678852
vn -3.656670 -5.109518 0.002083
v -3.704761 -9.937264 19.646523
vn 0.000447 0.000755 -6.283185
v -6.534242 -4.988725 0.000759
vn 0.000527 0.000376 -6.283185
v -2.029534 -7.905289 0.000876
vn 0.000488 0.000417 -6.283185
v -3.910773 -6.523372 0.000816
vn 0.000072 0.000021 -6.283185
v -8.171271 -0.346300 0.001171
vn -3.655844 -5.110110 0.000290
v -2.420057 -10.858760 9.690109
vn -3.655982 -5.110011 0.000062
v -0.665790 -12.113867 7.374267
vn -3.655691 -5.110219 0.000455
v -0.840669 -11.988790 6.332089
vn -3.654651 -5.110963 0.001160
v -6.972959 -7.603566 4.436158
vn -3.654652 -5.110962 0.001159
v -6.563218 -7.896222 5.906194
vn -3.654650 -5.110964 0.001159
v -5.803781 -8.440267 1.490101
vn -3.654650 -5.110964 0.001159
v -4.823283 -9.141387 1.467966
vn -3.654650 -5.110964 0.001159
v -4.007988 -9.723723 4.334707
vn -3.654650 -5.110964 0.001159
v -4.578659 -9.315320 5.826651
vn -3.654477 -5.111088 0.001563
v -8.863394 -6.250281 11.783464
vn -3.655194 -5.110575 0.001154
v 0.042668 -12.620472 11.532695
vn -3.658989 -5.107858 -0.000758
v -7.311017 -7.359840 24.536761
vn -3.658955 -5.107883 -0.000682
v -8.258410 -6.680859 22.359198
vn -3.658399 -5.108281 -0.000490
v -6.594799 -7.872581 22.052303
vn -3.654899 -5.110785 0.001249
v -10.546506 -5.047673 6.033257
vn -3.654609 -5.110993 0.000853
v -10.947669 -4.760600 6.812878
vn -3.654903 -5.110783 0.001259
v -8.574702 -6.457809 5.916841
vn -3.654892 -5.110791 0.001260
v -7.925512 -6.921852 6.793248
vn -0.004219 -0.004511 -6.283180
v 5.710536 -7.396988 0.000726
vn -0.002015 -0.003027 -6.283183
v 2.485916 -5.831747 0.000956
vn 0.000910 0.002617 -6.283185
v -10.698671 -1.979261 0.001334
vn 0.000473 0.001179 -6.283185
v -3.604732 -4.985859 0.000959
vn 0.000367 -0.000187 -6.283185
v -1.092310 -3.788970 0.001082
vn -3.656176 -5.109870 -0.002595
v -6.074017 -8.246568 28.787017
vn -0.001149 -0.000906 -6.283185
v -9.269342 -0.517906 0.001148
vn 0.000775 0.000361 -6.283185
v -0.769091 -7.029406 0.001036
vn 0.000711 -0.000108 -6.283185
v -0.138000 -4.520579 0.001241
vn -3.655048 -5.110679 0.000929
v -1.898832 -11.232570 1.371650
vn -3.655027 -5.110694 0.000949
v -3.011954 -10.435970 4.236864
vn -3.655031 -5.110691 0.000961
v -4.095839 -9.660253 7.206340
vn -3.655700 -5.110213 0.000389
v -2.589352 -10.737659 8.450707
vn -3.655012 -5.110705 0.000968
v -5.206407 -8.865444 10.225609
vn -0.000422 -0.000603 -6.283185
v -8.320293 2.355276 0.001139
vn -3.654759 -5.110886 0.001098
v -6.472482 -7.959935 10.975165
vn -3.654654 -5.110960 0.001066
v -6.685994 -7.807109 11.722755
vn -3.655931 -5.110047 0.001474
v -3.278786 -10.240991 22.462066
vn -0.000681 -0.000743 -6.283185
v -3.943927 -0.563041 0.001010
vn 0.000036 -0.000490 -6.283185
v -1.956838 -1.789893 0.000939
vn 0.000873 0.001869 -6.283185
v -6.917854 -3.754465 0.000894
vn -1.827053 -2.555274 -3.141013
v -2.330348 -10.924321 0.000666
vn -1.827081 -2.555287 -3.141013
v -4.260954 -9.543820 0.000601
vn -1.827081 -2.555287 -3.141013
v -6.191559 -8.163320 0.000537
vn -1.827081 -2.555234 -3.141013
v -8.122165 -6.782819 0.000473
vn -3.655214 -5.110560 0.001132
v -9.426735 -5.849733 0.868091
vn -3.652927 -5.112193 -0.000137
v -5.702553 -8.511371 22.579020
vn -3.657445 -5.108963 -0.001700
v -6.373223 -8.031070 20.271583
vn -3.659039 -5.107823 -0.000633
v -6.920646 -7.638631 18.201160
vn -3.652605 -5.112425 -0.000691
v -12.057220 -3.967553 14.491093
vn -3.657583 -5.108865 0.000593
v -8.198344 -6.723648 19.624664
vn -0.000103 -0.000087 -6.283185
v -9.046455 1.701803 0.001214
vn -0.000354 -0.000352 -6.283185
v -4.312838 -1.542110 0.001165
vn -3.655958 -5.110028 0.000096
v -1.473042 -11.536311 8.396677
vn -3.656372 -5.109732 0.000615
v 1.315611 -13.531476 5.837032
vn -3.652956 -5.112174 0.001154
v -5.133017 -8.916695 16.460375
vn -3.654701 -5.110927 0.001213
v -6.120541 -8.211794 10.177181
vn -3.654755 -5.110888 0.001204
v -7.069775 -7.533678 7.337064
vn -3.654768 -5.110879 0.001205
v -7.914450 -6.930361 4.352945
vn -3.654766 -5.110881 0.001206
v -8.671651 -6.389583 1.411063
vn -3.655778 -5.110157 0.000704
v -1.941106 -11.201055 12.398948
vn -3.655369 -5.110448 0.001114
v 1.855195 -13.916218 11.946071
vn -3.659012 -5.107842 -0.000650
v -7.139229 -7.482390 20.748672
vn -3.657229 -5.109118 0.000260
v -7.306530 -7.362070 16.879970
vn -3.655709 -5.110207 0.000642
v -2.580615 -10.743781 10.925105
vn -3.655625 -5.110267 0.000381
v 1.660404 -13.778202 7.264212
vn -3.654898 -5.110786 0.001255
v -8.322727 -6.638204 5.108025
# 1534 vertices, 0 vertices normals

f 1//1 6//6 469//469
f 469//469 476//476 1//1
f 478//478 476//476 469//469
f 471//471 469//469 6//6
f 1148//1148 7//7 993//993
f 471//471 6//6 4//4
f 1042//1042 9//9 455//455
f 14//14 1043//1043 13//13
f 43//43 12//12 31//31
f 15//15 30//30 28//28
f 39//39 236//236 28//28
f 17//17 32//32 19//19
f 17//17 19//19 16//16
f 12//12 20//20 40//40
f 21//21 20//20 44//44
f 21//21 103//103 20//20
f 57//57 52//52 25//25
f 15//15 230//230 447//447
f 813//813 748//748 814//814
f 18//18 8//8 7//7
f 474//474 34//34 37//37
f 1149//1149 36//36 35//35
f 37//37 1045//1045 1046//1046
f 1009//1009 957//957 54//54
f 15//15 236//236 230//230
f 18//18 19//19 32//32
f 16//16 19//19 18//18
f 16//16 12//12 40//40
f 42//42 481//481 53//53
f 31//31 7//7 961//961
f 42//42 53//53 45//45
f 56//56 1149//1149 53//53
f 30//30 15//15 3//3
f 53//53 35//35 45//45
f 2//2 51//51 57//57
f 473//473 472//472 6//6
f 582//582 998//998 436//436
f 52//52 49//49 25//25
f 7//7 1148//1148 961//961
f 54//54 55//55 22//22
f 57//57 447//447 440//440
f 57//57 440//440 52//52
f 33//33 1053//1053 474//474
f 842//842 37//37 1046//1046
f 2//2 26//26 51//51
f 51//51 3//3 447//447
f 54//54 22//22 1009//1009
f 22//22 55//55 137//137
f 57//57 25//25 2//2
f 994//994 993//993 29//29
f 467//467 78//78 126//126
f 352//352 351//351 76//76
f 160//160 467//467 161//161
f 91//91 175//175 173//173
f 93//93 176//176 124//124
f 136//136 158//158 75//75
f 190//190 143//143 67//67
f 306//306 87//87 10//10
f 310//310 77//77 306//306
f 129//129 60//60 221//221
f 150//150 147//147 109//109
f 110//110 66//66 142//142
f 132//132 112//112 88//88
f 71//71 114//114 170//170
f 210//210 1152//1152 203//203
f 125//125 123//123 122//122
f 171//171 174//174 72//72
f 59//59 171//171 61//61
f 93//93 91//91 174//174
f 123//123 131//131 92//92
f 127//127 1150//1150 160//160
f 186//186 182//182 100//100
f 214//214 128//128 99//99
f 78//78 64//64 128//128
f 75//75 74//74 1155//1155
f 89//89 73//73 162//162
f 218//218 554//554 138//138
f 78//78 128//128 105//105
f 1156//1156 1043//1043 14//14
f 148//148 145//145 147//147
f 151//151 189//189 291//291
f 193//193 147//147 151//151
f 147//147 193//193 194//194
f 150//150 151//151 147//147
f 194//194 148//148 147//147
f 130//130 221//221 60//60
f 172//172 63//63 166//166
f 159//159 201//201 156//156
f 160//160 161//161 96//96
f 160//160 64//64 467//467
f 162//162 1348//1348 1347//1347
f 162//162 116//116 1348//1348
f 115//115 69//69 127//127
f 69//69 200//200 1347//1347
f 111//111 206//206 207//207
f 169//169 212//212 70//70
f 211//211 212//212 169//169
f 168//168 71//71 170//170
f 178//178 62//62 63//63
f 209//209 1152//1152 1154//1154
f 72//72 84//84 61//61
f 173//173 84//84 72//72
f 175//175 93//93 177//177
f 93//93 174//174 176//176
f 235//235 122//122 65//65
f 92//92 94//94 123//123
f 174//174 123//123 94//94
f 119//119 173//173 177//177
f 177//177 93//93 124//124
f 122//122 123//123 174//174
f 114//114 179//179 170//170
f 114//114 167//167 68//68
f 64//64 78//78 467//467
f 117//117 78//78 105//105
f 1159//1159 89//89 162//162
f 129//129 128//128 214//214
f 101//101 186//186 82//82
f 214//214 107//107 129//129
f 82//82 118//118 107//107
f 102//102 107//107 118//118
f 216//216 181//181 125//125
f 215//215 103//103 216//216
f 74//74 180//180 133//133
f 104//104 75//75 158//158
f 1346//1346 217//217 89//89
f 75//75 134//134 136//136
f 184//184 543//543 218//218
f 138//138 554//554 135//135
f 183//183 138//138 134//134
f 183//183 137//137 184//184
f 188//188 80//80 292//292
f 155//155 1156//1156 219//219
f 237//237 141//141 142//142
f 105//105 67//67 143//143
f 190//190 316//316 292//292
f 144//144 128//128 129//129
f 105//105 128//128 144//144
f 67//67 144//144 193//193
f 67//67 105//105 144//144
f 102//102 130//130 60//60
f 192//192 130//130 102//102
f 193//193 221//221 130//130
f 190//190 291//291 316//316
f 291//291 190//190 151//151
f 340//340 109//109 108//108
f 109//109 147//147 145//145
f 190//190 67//67 151//151
f 169//169 70//70 681//681
f 199//199 197//197 154//154
f 85//85 154//154 152//152
f 882//882 152//152 224//224
f 155//155 226//226 198//198
f 165//165 232//232 59//59
f 125//125 235//235 216//216
f 95//95 94//94 92//92
f 122//122 174//174 171//171
f 125//125 131//131 123//123
f 131//131 156//156 92//92
f 156//156 86//86 113//113
f 233//233 157//157 86//86
f 112//112 159//159 88//88
f 179//179 114//114 115//115
f 68//68 69//69 115//115
f 127//127 160//160 96//96
f 75//75 104//104 180//180
f 136//136 134//134 138//138
f 61//61 84//84 205//205
f 206//206 235//235 65//65
f 207//207 206//206 121//121
f 32//32 17//17 111//111
f 166//166 63//63 62//62
f 1154//1154 166//166 120//120
f 174//174 91//91 72//72
f 173//173 175//175 177//177
f 178//178 119//119 124//124
f 95//95 124//124 176//176
f 124//124 113//113 178//178
f 168//168 98//98 466//466
f 168//168 211//211 1153//1153
f 78//78 117//117 126//126
f 99//99 128//128 64//64
f 186//186 101//101 73//73
f 99//99 1150//1150 1151//1151
f 107//107 214//214 82//82
f 216//216 235//235 215//215
f 235//235 17//17 215//215
f 125//125 181//181 131//131
f 131//131 181//181 104//104
f 131//131 90//90 159//159
f 90//90 131//131 104//104
f 75//75 180//180 74//74
f 182//182 89//89 217//217
f 100//100 1160//1160 118//118
f 135//135 554//554 139//139
f 185//185 1160//1160 100//100
f 138//138 183//183 218//218
f 184//184 218//218 183//183
f 184//184 137//137 55//55
f 66//66 81//81 142//142
f 187//187 66//66 110//110
f 190//190 292//292 143//143
f 150//150 189//189 151//151
f 144//144 129//129 221//221
f 60//60 129//129 107//107
f 102//102 60//60 107//107
f 222//222 191//191 192//192
f 148//148 196//196 145//145
f 195//195 595//595 145//145
f 291//291 189//189 340//340
f 150//150 109//109 189//189
f 108//108 109//109 145//145
f 199//199 212//212 197//197
f 213//213 179//179 96//96
f 882//882 642//642 85//85
f 199//199 154//154 85//85
f 199//199 85//85 642//642
f 212//212 199//199 625//625
f 97//97 152//152 154//154
f 225//225 730//730 224//224
f 224//224 730//730 882//882
f 224//224 152//152 226//226
f 155//155 106//106 226//226
f 219//219 187//187 106//106
f 1156//1156 81//81 219//219
f 152//152 198//198 226//226
f 113//113 92//92 156//156
f 159//159 156//156 131//131
f 68//68 200//200 69//69
f 112//112 201//201 159//159
f 233//233 112//112 132//132
f 229//229 231//231 230//230
f 165//165 163//163 232//232
f 164//164 230//230 236//236
f 232//232 229//229 164//164
f 171//171 59//59 65//65
f 65//65 121//121 206//206
f 32//32 111//111 39//39
f 235//235 206//206 111//111
f 235//235 111//111 17//17
f 119//119 178//178 63//63
f 466//466 211//211 168//168
f 120//120 1153//1153 169//169
f 119//119 177//177 124//124
f 686//686 1154//1154 120//120
f 179//179 98//98 170//170
f 17//17 16//16 215//215
f 216//216 103//103 133//133
f 181//181 133//133 180//180
f 138//138 135//135 217//217
f 543//543 554//554 218//218
f 185//185 100//100 139//139
f 140//140 1160//1160 185//185
f 140//140 541//541 223//223
f 219//219 66//66 187//187
f 222//222 192//192 223//223
f 191//191 146//146 192//192
f 148//148 146//146 191//191
f 196//196 195//195 145//145
f 566//566 191//191 222//222
f 189//189 109//109 340//340
f 212//212 466//466 197//197
f 225//225 224//224 106//106
f 225//225 153//153 1050//1050
f 59//59 121//121 65//65
f 236//236 207//207 164//164
f 211//211 466//466 212//212
f 62//62 71//71 166//166
f 133//133 181//181 216//216
f 182//182 186//186 73//73
f 148//148 191//191 149//149
f 232//232 121//121 59//59
f 207//207 236//236 39//39
f 90//90 104//104 158//158
f 79//79 80//80 188//188
f 200//200 68//68 167//167
f 97//97 198//198 152//152
f 167//167 157//157 200//200
f 167//167 1158//1158 157//157
f 91//91 173//173 72//72
f 95//95 176//176 94//94
f 136//136 138//138 217//217
f 686//686 120//120 169//169
f 70//70 212//212 625//625
f 96//96 115//115 127//127
f 171//171 72//72 61//61
f 88//88 158//158 1346//1346
f 94//94 176//176 174//174
f 166//166 1153//1153 120//120
f 73//73 89//89 182//182
f 157//157 1158//1158 86//86
f 223//223 1160//1160 140//140
f 126//126 117//117 83//83
f 292//292 80//80 143//143
f 1156//1156 142//142 81//81
f 193//193 151//151 67//67
f 194//194 193//193 130//130
f 95//95 92//92 113//113
f 179//179 115//115 96//96
f 114//114 68//68 115//115
f 181//181 180//180 104//104
f 203//203 640//640 204//204
f 167//167 114//114 71//71
f 170//170 98//98 168//168
f 175//175 91//91 93//93
f 193//193 144//144 221//221
f 214//214 99//99 1151//1151
f 215//215 40//40 103//103
f 118//118 186//186 100//100
f 538//538 140//140 185//185
f 137//137 183//183 134//134
f 80//80 79//79 83//83
f 237//237 142//142 1156//1156
f 564//564 222//222 541//541
f 146//146 130//130 192//192
f 146//146 148//148 194//194
f 194//194 130//130 146//146
f 882//882 85//85 152//152
f 106//106 155//155 219//219
f 86//86 156//156 201//201
f 113//113 86//86 1158//1158
f 86//86 201//201 233//233
f 90//90 88//88 159//159
f 88//88 90//90 158//158
f 163//163 165//165 202//202
f 202//202 204//204 228//228
f 229//229 163//163 234//234
f 204//204 205//205 203//203
f 210//210 203//203 84//84
f 59//59 61//61 165//165
f 111//111 207//207 39//39
f 121//121 164//164 207//207
f 169//169 1153//1153 211//211
f 1154//1154 172//172 166//166
f 173//173 119//119 210//210
f 169//169 681//681 686//686
f 71//71 1153//1153 166//166
f 213//213 96//96 161//161
f 182//182 217//217 135//135
f 223//223 541//541 222//222
f 149//149 196//196 148//148
f 226//226 106//106 224//224
f 153//153 225//225 187//187
f 58//58 230//230 231//231
f 112//112 233//233 201//201
f 228//228 204//204 227//227
f 163//163 202//202 228//228
f 165//165 205//205 202//202
f 205//205 204//204 202//202
f 203//203 205//205 84//84
f 234//234 231//231 229//229
f 230//230 164//164 229//229
f 640//640 203//203 1152//1152
f 1154//1154 686//686 209//209
f 173//173 210//210 84//84
f 119//119 172//172 210//210
f 82//82 186//186 118//118
f 102//102 1160//1160 223//223
f 223//223 192//192 102//102
f 81//81 66//66 219//219
f 97//97 154//154 197//197
f 233//233 200//200 157//157
f 227//227 204//204 640//640
f 234//234 163//163 228//228
f 61//61 205//205 165//165
f 232//232 164//164 121//121
f 163//163 229//229 232//232
f 640//640 1152//1152 208//208
f 58//58 231//231 701//701
f 187//187 225//225 106//106
f 237//237 1156//1156 14//14
f 14//14 251//251 237//237
f 251//251 141//141 237//237
f 188//188 307//307 240//240
f 254//254 243//243 244//244
f 339//339 318//318 337//337
f 240//240 310//310 79//79
f 323//323 274//274 239//239
f 258//258 243//243 254//254
f 244//244 243//243 255//255
f 255//255 243//243 242//242
f 262//262 346//346 331//331
f 450//450 238//238 272//272
f 246//246 1349//1349 260//260
f 305//305 269//269 270//270
f 326//326 249//249 267//267
f 352//352 268//268 45//45
f 244//244 255//255 732//732
f 265//265 264//264 266//266
f 326//326 265//265 266//266
f 283//283 248//248 302//302
f 283//283 368//368 248//248
f 368//368 283//283 621//621
f 238//238 285//285 272//272
f 239//239 277//277 253//253
f 329//329 328//328 309//309
f 287//287 328//328 305//305
f 331//331 329//329 309//309
f 249//249 289//289 286//286
f 288//288 286//286 289//289
f 288//288 252//252 286//286
f 286//286 252//252 290//290
f 623//623 249//249 1369//1369
f 290//290 249//249 286//286
f 333//333 332//332 141//141
f 262//262 240//240 315//315
f 292//292 316//316 307//307
f 330//330 331//331 347//347
f 327//327 277//277 247//247
f 273//273 241//241 274//274
f 323//323 1349//1349 324//324
f 245//245 247//247 241//241
f 732//732 254//254 244//244
f 298//298 278//278 312//312
f 269//269 253//253 277//277
f 264//264 281//281 263//263
f 302//302 261//261 265//265
f 260//260 281//281 264//264
f 582//582 38//38 987//987
f 302//302 248//248 259//259
f 249//249 623//623 267//267
f 247//247 277//277 241//241
f 327//327 269//269 277//277
f 276//276 253//253 269//269
f 330//330 301//301 329//329
f 271//271 252//252 288//288
f 288//288 280//280 301//301
f 240//240 308//308 310//310
f 331//331 346//346 347//347
f 240//240 262//262 308//308
f 288//288 289//289 280//280
f 333//333 300//300 332//332
f 188//188 240//240 79//79
f 296//296 334//334 335//335
f 315//315 240//240 307//307
f 346//346 262//262 315//315
f 293//293 315//315 334//334
f 295//295 297//297 319//319
f 296//296 291//291 297//297
f 311//311 320//320 1014//1014
f 311//311 290//290 252//252
f 187//187 110//110 153//153
f 239//239 274//274 241//241
f 245//245 273//273 299//299
f 275//275 248//248 408//408
f 259//259 275//275 246//246
f 246//246 324//324 1349//1349
f 279//279 281//281 1349//1349
f 276//276 281//281 279//279
f 263//263 281//281 276//276
f 261//261 259//259 260//260
f 265//265 261//261 264//264
f 261//261 260//260 264//264
f 326//326 266//266 289//289
f 248//248 275//275 259//259
f 302//302 284//284 283//283
f 325//325 620//620 284//284
f 325//325 326//326 267//267
f 620//620 325//325 267//267
f 249//249 326//326 289//289
f 267//267 1017//1017 620//620
f 285//285 304//304 344//344
f 18//18 7//7 31//31
f 305//305 270//270 287//287
f 350//350 269//269 329//329
f 269//269 350//350 276//276
f 289//289 266//266 280//280
f 301//301 330//330 271//271
f 258//258 257//257 278//278
f 110//110 332//332 300//300
f 300//300 333//333 312//312
f 292//292 307//307 188//188
f 320//320 313//313 314//314
f 315//315 307//307 335//335
f 347//347 271//271 330//330
f 334//334 338//338 336//336
f 315//315 335//335 334//334
f 335//335 316//316 296//296
f 296//296 338//338 334//334
f 297//297 295//295 338//338
f 338//338 339//339 336//336
f 336//336 339//339 337//337
f 338//338 295//295 339//339
f 295//295 318//318 339//339
f 317//317 318//318 295//295
f 295//295 319//319 588//588
f 322//322 318//318 317//317
f 341//341 319//319 297//297
f 108//108 341//341 340//340
f 304//304 343//343 344//344
f 321//321 1014//1014 320//320
f 320//320 314//314 342//342
f 321//321 603//603 1012//1012
f 345//345 294//294 1350//1350
f 261//261 302//302 259//259
f 247//247 841//841 327//327
f 269//269 305//305 329//329
f 329//329 305//305 328//328
f 263//263 280//280 266//266
f 350//350 280//280 263//263
f 350//350 329//329 301//301
f 329//329 331//331 330//330
f 309//309 308//308 262//262
f 334//334 336//336 293//293
f 110//110 257//257 153//153
f 110//110 278//278 257//257
f 300//300 312//312 278//278
f 250//250 258//258 278//278
f 251//251 298//298 312//312
f 271//271 347//347 313//313
f 346//346 315//315 293//293
f 338//338 296//296 297//297
f 313//313 293//293 314//314
f 293//293 313//313 346//346
f 341//341 297//297 340//340
f 311//311 1014//1014 290//290
f 252//252 320//320 311//311
f 252//252 313//313 320//320
f 1012//1012 1014//1014 321//321
f 342//342 314//314 348//348
f 336//336 337//337 314//314
f 342//342 603//603 321//321
f 266//266 264//264 263//263
f 350//350 301//301 280//280
f 271//271 288//288 301//301
f 252//252 271//271 313//313
f 336//336 314//314 293//293
f 337//337 318//318 345//345
f 342//342 348//348 349//349
f 348//348 337//337 345//345
f 294//294 345//345 322//322
f 603//603 342//342 349//349
f 256//256 351//351 242//242
f 243//243 250//250 242//242
f 754//754 245//245 299//299
f 77//77 310//310 308//308
f 786//786 247//247 245//245
f 786//786 841//841 247//247
f 328//328 87//87 306//306
f 36//36 242//242 351//351
f 251//251 76//76 351//351
f 328//328 287//287 268//268
f 351//351 352//352 36//36
f 323//323 239//239 279//279
f 250//250 278//278 298//298
f 258//258 250//250 243//243
f 141//141 332//332 142//142
f 110//110 300//300 278//278
f 283//283 282//282 621//621
f 276//276 350//350 263//263
f 328//328 77//77 308//308
f 77//77 328//328 306//306
f 307//307 316//316 335//335
f 250//250 298//298 256//256
f 1052//1052 1045//1045 34//34
f 279//279 253//253 276//276
f 325//325 265//265 326//326
f 277//277 239//239 241//241
f 287//287 45//45 268//268
f 87//87 328//328 268//268
f 141//141 251//251 333//333
f 251//251 312//312 333//333
f 296//296 316//316 291//291
f 279//279 239//239 253//253
f 279//279 1349//1349 323//323
f 370//370 353//353 716//716
f 1//1 1051//1051 1052//1052
f 35//35 352//352 45//45
f 309//309 328//328 308//308
f 142//142 332//332 110//110
f 256//256 298//298 251//251
f 345//345 1350//1350 348//348
f 340//340 297//297 291//291
f 321//321 320//320 342//342
f 370//370 1027//1027 354//354
f 322//322 317//317 594//594
f 262//262 331//331 309//309
f 354//354 1031//1031 433//433
f 318//318 322//322 345//345
f 352//352 87//87 268//268
f 87//87 352//352 76//76
f 242//242 250//250 256//256
f 251//251 351//351 256//256
f 841//841 835//835 842//842
f 36//36 352//352 35//35
f 388//388 246//246 275//275
f 21//21 133//133 103//103
f 415//415 823//823 418//418
f 215//215 16//16 40//40
f 413//413 378//378 997//997
f 392//392 402//402 391//391
f 421//421 357//357 383//383
f 34//34 474//474 1053//1053
f 363//363 366//366 367//367
f 419//419 358//358 366//366
f 381//381 379//379 420//420
f 432//432 377//377 382//382
f 386//386 1161//1161 432//432
f 402//402 246//246 388//388
f 369//369 393//393 408//408
f 393//393 619//619 355//355
f 431//431 414//414 429//429
f 372//372 417//417 356//356
f 815//815 397//397 813//813
f 363//363 367//367 416//416
f 873//873 374//374 396//396
f 359//359 377//377 358//358
f 382//382 377//377 359//359
f 364//364 365//365 385//385
f 364//364 358//358 377//377
f 396//396 381//381 362//362
f 380//380 362//362 381//381
f 419//419 366//366 380//380
f 400//400 357//357 401//401
f 400//400 420//420 357//357
f 383//383 357//357 420//420
f 380//380 381//381 400//400
f 419//419 401//401 359//359
f 391//391 359//359 401//401
f 391//391 401//401 392//392
f 392//392 401//401 403//403
f 389//389 422//422 386//386
f 1353//1353 365//365 371//371
f 1353//1353 376//376 375//375
f 1054//1054 995//995 376//376
f 1054//1054 404//404 995//995
f 382//382 391//391 360//360
f 384//384 422//422 389//389
f 389//389 386//386 1162//1162
f 389//389 360//360 388//388
f 388//388 384//384 389//389
f 394//394 388//388 275//275
f 409//409 410//410 1040//1040
f 390//390 393//393 355//355
f 368//368 408//408 248//248
f 395//395 434//434 939//939
f 734//734 395//395 937//937
f 395//395 939//939 937//937
f 428//428 373//373 412//412
f 414//414 430//430 416//416
f 823//823 873//873 396//396
f 371//371 364//364 377//377
f 378//378 361//361 997//997
f 413//413 416//416 378//378
f 378//378 1352//1352 361//361
f 358//358 367//367 366//366
f 381//381 420//420 400//400
f 359//359 391//391 382//382
f 380//380 401//401 419//419
f 401//401 380//380 400//400
f 421//421 383//383 273//273
f 421//421 401//401 357//357
f 383//383 420//420 273//273
f 421//421 403//403 401//401
f 421//421 273//273 274//274
f 403//403 421//421 274//274
f 392//392 403//403 323//323
f 1161//1161 1353//1353 371//371
f 386//386 422//422 407//407
f 422//422 384//384 390//390
f 384//384 394//394 390//390
f 394//394 384//384 388//388
f 275//275 408//408 394//394
f 324//324 402//402 392//392
f 369//369 408//408 368//368
f 422//422 355//355 407//407
f 410//410 409//409 433//433
f 425//425 410//410 433//433
f 404//404 405//405 995//995
f 393//393 390//390 394//394
f 390//390 355//355 422//422
f 408//408 393//393 394//394
f 426//426 434//434 395//395
f 734//734 426//426 395//395
f 411//411 427//427 428//428
f 1163//1163 417//417 412//412
f 414//414 413//413 429//429
f 430//430 414//414 1163//1163
f 399//399 1164//1164 418//418
f 396//396 418//418 823//823
f 418//418 396//396 399//399
f 416//416 1164//1164 363//363
f 399//399 396//396 362//362
f 399//399 362//362 363//363
f 367//367 378//378 416//416
f 361//361 1352//1352 385//385
f 403//403 274//274 323//323
f 377//377 432//432 371//371
f 364//364 371//371 365//365
f 324//324 392//392 323//323
f 402//402 324//324 246//246
f 405//405 404//404 406//406
f 1165//1165 433//433 1031//1031
f 426//426 901//901 427//427
f 434//434 426//426 427//427
f 412//412 373//373 900//900
f 415//415 412//412 900//900
f 416//416 413//413 414//414
f 424//424 1165//1165 1031//1031
f 10//10 13//13 1042//1042
f 424//424 445//445 1165//1165
f 379//379 381//381 396//396
f 423//423 445//445 424//424
f 407//407 355//355 387//387
f 358//358 419//419 359//359
f 441//441 385//385 365//365
f 437//437 459//459 1044//1044
f 5//5 29//29 993//993
f 380//380 363//363 362//362
f 396//396 374//374 379//379
f 612//612 355//355 619//619
f 1353//1353 375//375 365//365
f 995//995 405//405 973//973
f 137//137 1155//1155 22//22
f 430//430 415//415 418//418
f 412//412 417//417 428//428
f 411//411 939//939 434//434
f 363//363 380//380 366//366
f 299//299 273//273 420//420
f 379//379 374//374 299//299
f 382//382 1162//1162 432//432
f 1161//1161 1166//1166 1054//1054
f 391//391 402//402 360//360
f 388//388 360//360 402//402
f 220//220 1056//1056 1055//1055
f 373//373 428//428 427//427
f 1163//1163 356//356 417//417
f 415//415 430//430 1163//1163
f 417//417 372//372 982//982
f 1352//1352 378//378 367//367
f 420//420 379//379 299//299
f 386//386 407//407 1166//1166
f 406//406 1351//1351 387//387
f 423//423 438//438 445//445
f 417//417 982//982 428//428
f 982//982 411//411 428//428
f 427//427 411//411 434//434
f 1163//1163 412//412 415//415
f 13//13 1043//1043 1057//1057
f 23//23 24//24 1048//1048
f 1015//1015 1000//1000 376//376
f 441//441 365//365 375//375
f 441//441 1254//1254 385//385
f 995//995 1015//1015 376//376
f 435//435 458//458 220//220
f 9//9 1042//1042 1057//1057
f 505//505 1115//1115 1059//1059
f 1167//1167 1168//1168 1062//1062
f 445//445 438//438 444//444
f 444//444 1021//1021 445//445
f 445//445 1021//1021 1165//1165
f 1022//1022 425//425 1165//1165
f 1008//1008 25//25 24//24
f 410//410 425//425 448//448
f 448//448 449//449 398//398
f 448//448 398//398 410//410
f 1039//1039 450//450 398//398
f 272//272 1040//1040 450//450
f 1040//1040 398//398 450//450
f 76//76 13//13 10//10
f 456//456 11//11 1042//1042
f 310//310 11//11 456//456
f 462//462 459//459 437//437
f 97//97 463//463 1044//1044
f 213//213 435//435 459//459
f 462//462 213//213 459//459
f 76//76 14//14 13//13
f 126//126 83//83 1063//1063
f 161//161 458//458 435//435
f 79//79 310//310 456//456
f 467//467 126//126 1063//1063
f 179//179 213//213 462//462
f 466//466 437//437 463//463
f 198//198 97//97 1056//1056
f 87//87 76//76 10//10
f 467//467 458//458 161//161
f 98//98 462//462 437//437
f 466//466 98//98 437//437
f 197//197 466//466 463//463
f 197//197 463//463 97//97
f 155//155 460//460 1043//1043
f 76//76 251//251 14//14
f 306//306 10//10 11//11
f 310//310 306//306 11//11
f 83//83 79//79 456//456
f 161//161 435//435 213//213
f 98//98 179//179 462//462
f 470//470 469//469 471//471
f 475//475 472//472 473//473
f 475//475 473//473 33//33
f 477//477 33//33 474//474
f 42//42 327//327 481//481
f 45//45 270//270 42//42
f 478//478 469//469 470//470
f 479//479 470//470 471//471
f 479//479 471//471 4//4
f 480//480 4//4 472//472
f 475//475 480//480 472//472
f 835//835 477//477 842//842
f 881//881 478//478 470//470
f 479//479 881//881 470//470
f 480//480 479//479 4//4
f 481//481 841//841 842//842
f 287//287 270//270 45//45
f 1174//1174 1175//1175 1176//1176
f 1507//1507 1177//1177 1178//1178
f 1138//1138 499//499 1074//1074
f 1076//1076 1077//1077 1179//1179
f 30//30 3//3 29//29
f 30//30 29//29 5//5
f 993//993 8//8 5//5
f 12//12 18//18 31//31
f 1355//1355 1186//1186 1456//1456
f 1086//1086 1188//1188 1189//1189
f 39//39 8//8 32//32
f 5//5 28//28 30//30
f 577//577 1066//1066 926//926
f 8//8 993//993 7//7
f 1395//1395 468//468 1194//1194
f 20//20 43//43 44//44
f 74//74 133//133 21//21
f 44//44 1009//1009 22//22
f 21//21 44//44 22//22
f 1089//1089 1198//1198 589//589
f 21//21 22//22 74//74
f 490//490 1314//1314 523//523
f 536//536 493//493 1275//1275
f 1179//1179 1201//1201 508//508
f 957//957 536//536 1131//1131
f 1202//1202 511//511 1170//1170
f 1360//1360 1204//1204 1468//1468
f 1206//1206 1207//1207 1208//1208
f 490//490 574//574 534//534
f 1319//1319 1097//1097 1116//1116
f 493//493 1114//1114 1275//1275
f 524//524 1096//1096 1173//1173
f 932//932 1307//1307 497//497
f 537//537 582//582 545//545
f 537//537 554//554 543//543
f 544//544 538//538 545//545
f 538//538 546//546 140//140
f 539//539 556//556 555//555
f 524//524 1106//1106 1096//1096
f 555//555 566//566 564//564
f 541//541 540//540 564//564
f 551//551 196//196 149//149
f 544//544 545//545 582//582
f 113//113 124//124 95//95
f 538//538 139//139 545//545
f 1128//1128 546//546 544//544
f 540//540 539//539 564//564
f 568//568 567//567 1129//1129
f 1220//1220 560//560 563//563
f 222//222 564//564 566//566
f 191//191 566//566 578//578
f 578//578 561//561 551//551
f 550//550 579//579 569//569
f 568//568 551//551 561//561
f 565//565 593//593 607//607
f 568//568 569//569 565//565
f 558//558 570//570 1129//1129
f 1220//1220 571//571 1221//1221
f 572//572 550//550 552//552
f 616//616 572//572 1221//1221
f 616//616 573//573 572//572
f 550//550 572//572 573//573
f 1128//1128 544//544 987//987
f 555//555 542//542 557//557
f 556//556 542//542 555//555
f 559//559 992//992 576//576
f 1130//1130 515//515 1078//1078
f 563//563 560//560 562//562
f 149//149 578//578 551//551
f 555//555 557//557 566//566
f 557//557 561//561 578//578
f 561//561 557//557 1222//1222
f 558//558 567//567 559//559
f 1129//1129 569//569 568//568
f 1129//1129 567//567 558//558
f 551//551 195//195 196//196
f 568//568 565//565 551//551
f 579//579 593//593 569//569
f 597//597 579//579 573//573
f 558//558 548//548 570//570
f 558//558 549//549 548//548
f 578//578 149//149 191//191
f 582//582 987//987 544//544
f 575//575 1128//1128 987//987
f 1307//1307 932//932 1107//1107
f 710//710 440//440 58//58
f 539//539 555//555 564//564
f 440//440 41//41 52//52
f 16//16 18//18 12//12
f 581//581 537//537 543//543
f 540//540 541//541 546//546
f 537//537 545//545 139//139
f 544//544 546//546 538//538
f 546//546 541//541 140//140
f 547//547 540//540 1128//1128
f 543//543 184//184 55//55
f 549//549 991//991 548//548
f 576//576 549//549 558//558
f 569//569 552//552 550//550
f 560//560 570//570 548//548
f 566//566 557//557 578//578
f 965//965 1100//1100 506//506
f 538//538 185//185 139//139
f 554//554 537//537 139//139
f 561//561 567//567 568//568
f 562//562 560//560 548//548
f 457//457 468//468 1395//1395
f 1129//1129 570//570 569//569
f 560//560 552//552 570//570
f 579//579 550//550 573//573
f 540//540 547//547 539//539
f 992//992 559//559 1222//1222
f 558//558 559//559 576//576
f 511//511 1224//1224 1170//1170
f 553//553 502//502 1104//1104
f 561//561 559//559 567//567
f 607//607 195//195 565//565
f 565//565 569//569 593//593
f 570//570 552//552 569//569
f 195//195 551//551 565//565
f 446//446 500//500 1225//1225
f 41//41 440//440 710//710
f 1008//1008 2//2 25//25
f 27//27 51//51 26//26
f 27//27 29//29 3//3
f 27//27 3//3 51//51
f 317//317 295//295 588//588
f 1170//1170 1262//1262 1109//1109
f 583//583 965//965 966//966
f 498//498 946//946 501//501
f 39//39 5//5 8//8
f 319//319 596//596 591//591
f 319//319 591//591 588//588
f 620//620 1017//1017 600//600
f 594//594 601//601 615//615
f 604//604 601//601 592//592
f 596//596 595//595 607//607
f 108//108 596//596 341//341
f 108//108 145//145 595//595
f 587//587 591//591 596//596
f 579//579 587//587 593//593
f 593//593 587//587 607//607
f 317//317 592//592 594//594
f 592//592 317//317 588//588
f 502//502 553//553 610//610
f 599//599 590//590 573//573
f 590//590 598//598 597//597
f 598//598 590//590 946//946
f 606//606 1220//1220 602//602
f 583//583 571//571 606//606
f 599//599 609//609 465//465
f 583//583 606//606 584//584
f 502//502 1227//1227 439//439
f 341//341 596//596 319//319
f 595//595 596//596 108//108
f 596//596 607//607 587//587
f 595//595 195//195 607//607
f 587//587 579//579 597//597
f 612//612 611//611 610//610
f 592//592 601//601 594//594
f 608//608 1137//1137 598//598
f 591//591 592//592 588//588
f 591//591 604//604 592//592
f 604//604 608//608 601//601
f 502//502 610//610 611//611
f 597//597 1137//1137 587//587
f 613//613 602//602 563//563
f 1138//1138 1074//1074 1139//1139
f 500//500 615//615 954//954
f 604//604 591//591 1137//1137
f 20//20 12//12 43//43
f 598//598 614//614 608//608
f 954//954 608//608 614//614
f 614//614 598//598 946//946
f 615//615 601//601 954//954
f 590//590 599//599 946//946
f 571//571 966//966 616//616
f 609//609 573//573 616//616
f 573//573 609//609 599//599
f 604//604 1137//1137 608//608
f 954//954 601//601 608//608
f 1366//1366 1367//1367 1368//1368
f 618//618 973//973 1376//1376
f 617//617 610//610 1004//1004
f 406//406 617//617 1004//1004
f 597//597 573//573 590//590
f 612//612 619//619 611//611
f 387//387 612//612 617//617
f 621//621 1227//1227 369//369
f 406//406 605//605 405//405
f 603//603 349//349 1013//1013
f 615//615 446//446 294//294
f 594//594 615//615 322//322
f 15//15 28//28 236//236
f 18//18 32//32 8//8
f 20//20 103//103 40//40
f 1139//1139 1226//1226 1138//1138
f 654//654 443//443 661//661
f 685//685 651//651 677//677
f 675//675 706//706 694//694
f 645//645 454//454 626//626
f 651//651 638//638 677//677
f 644//644 628//628 641//641
f 627//627 644//644 641//641
f 642//642 913//913 708//708
f 643//643 659//659 645//645
f 644//644 643//643 626//626
f 634//634 674//674 672//672
f 635//635 659//659 719//719
f 639//639 681//681 680//680
f 628//628 626//626 646//646
f 644//644 659//659 643//643
f 717//717 633//633 627//627
f 633//633 719//719 644//644
f 627//627 641//641 629//629
f 631//631 664//664 668//668
f 635//635 656//656 665//665
f 624//624 652//652 635//635
f 656//656 649//649 665//665
f 644//644 719//719 659//659
f 661//661 656//656 652//652
f 673//673 653//653 677//677
f 676//676 706//706 655//655
f 674//674 631//631 648//648
f 695//695 634//634 672//672
f 653//653 673//673 632//632
f 692//692 632//632 673//673
f 634//634 693//693 707//707
f 675//675 658//658 673//673
f 658//658 695//695 692//692
f 651//651 639//639 638//638
f 655//655 679//679 697//697
f 686//686 681//681 639//639
f 70//70 680//680 681//681
f 625//625 642//642 708//708
f 719//719 624//624 635//635
f 654//654 670//670 685//685
f 670//670 640//640 208//208
f 685//685 677//677 653//653
f 686//686 651//651 209//209
f 1033//1033 1026//1026 713//713
f 724//724 663//663 711//711
f 711//711 663//663 712//712
f 644//644 626//626 628//628
f 645//645 626//626 643//643
f 646//646 668//668 664//664
f 659//659 665//665 645//645
f 665//665 650//650 645//645
f 635//635 652//652 656//656
f 665//665 659//659 635//635
f 672//672 632//632 692//692
f 706//706 676//676 694//694
f 676//676 655//655 707//707
f 673//673 637//637 675//675
f 654//654 685//685 653//653
f 675//675 694//694 658//658
f 697//697 700//700 678//678
f 680//680 723//723 639//639
f 660//660 696//696 680//680
f 699//699 655//655 698//698
f 638//638 639//639 698//698
f 680//680 625//625 660//660
f 625//625 680//680 70//70
f 684//684 701//701 234//234
f 704//704 1157//1157 624//624
f 670//670 1157//1157 227//227
f 704//704 683//683 1157//1157
f 1157//1157 670//670 624//624
f 208//208 209//209 651//651
f 646//646 454//454 668//668
f 453//453 668//668 454//454
f 672//672 648//648 632//632
f 672//672 674//674 648//648
f 671//671 636//636 697//697
f 678//678 671//671 697//697
f 660//660 708//708 678//678
f 700//700 660//660 678//678
f 633//633 718//718 703//703
f 624//624 719//719 704//704
f 651//651 685//685 208//208
f 726//726 711//711 712//712
f 633//633 703//703 709//709
f 704//704 633//633 709//709
f 704//704 719//719 633//633
f 683//683 704//704 709//709
f 228//228 683//683 684//684
f 48//48 722//722 721//721
f 715//715 721//721 722//722
f 630//630 691//691 714//714
f 686//686 639//639 651//651
f 718//718 1033//1033 715//715
f 646//646 626//626 454//454
f 702//702 715//715 722//722
f 624//624 662//662 652//652
f 718//718 715//715 702//702
f 639//639 723//723 698//698
f 636//636 634//634 707//707
f 705//705 917//917 1047//1047
f 228//228 684//684 234//234
f 720//720 703//703 702//702
f 634//634 737//737 674//674
f 641//641 628//628 792//792
f 690//690 682//682 1026//1026
f 673//673 658//658 692//692
f 693//693 634//634 695//695
f 710//710 720//720 702//702
f 709//709 720//720 684//684
f 720//720 710//710 701//701
f 647//647 689//689 648//648
f 694//694 693//693 658//658
f 696//696 723//723 680//680
f 909//909 917//917 705//705
f 722//722 41//41 710//710
f 701//701 710//710 58//58
f 684//684 720//720 701//701
f 231//231 234//234 701//701
f 640//640 670//670 227//227
f 705//705 726//726 909//909
f 721//721 715//715 713//713
f 702//702 722//722 710//710
f 678//678 708//708 780//780
f 687//687 663//663 724//724
f 633//633 717//717 718//718
f 702//702 703//703 718//718
f 720//720 709//709 703//703
f 709//709 684//684 683//683
f 41//41 722//722 48//48
f 713//713 726//726 705//705
f 48//48 721//721 1047//1047
f 705//705 1047//1047 721//721
f 721//721 713//713 705//705
f 440//440 447//447 58//58
f 808//808 1370//1370 848//848
f 917//917 791//791 1144//1144
f 733//733 734//734 745//745
f 736//736 773//773 767//767
f 740//740 782//782 755//755
f 1171//1171 732//732 255//255
f 751//751 875//875 879//879
f 778//778 772//772 870//870
f 374//374 754//754 299//299
f 736//736 767//767 770//770
f 1171//1171 255//255 36//36
f 755//755 781//781 758//758
f 811//811 739//739 763//763
f 770//770 752//752 736//736
f 762//762 812//812 739//739
f 770//770 749//749 870//870
f 754//754 825//825 833//833
f 727//727 730//730 782//782
f 882//882 730//730 727//727
f 786//786 754//754 833//833
f 730//730 781//781 782//782
f 482//482 1149//1149 56//56
f 873//873 823//823 871//871
f 245//245 754//754 786//786
f 1064//1064 783//783 785//785
f 254//254 732//732 731//731
f 254//254 731//731 756//756
f 36//36 255//255 242//242
f 788//788 915//915 790//790
f 906//906 915//915 760//760
f 746//746 759//759 747//747
f 807//807 888//888 895//895
f 373//373 427//427 901//901
f 772//772 778//778 805//805
f 749//749 778//778 870//870
f 743//743 805//805 778//778
f 743//743 771//771 805//805
f 868//868 728//728 763//763
f 741//741 728//728 868//868
f 771//771 894//894 737//737
f 855//855 893//893 892//892
f 737//737 779//779 805//805
f 397//397 1370//1370 808//808
f 810//810 747//747 743//743
f 738//738 813//813 814//814
f 817//817 739//739 812//812
f 761//761 746//746 816//816
f 748//748 817//817 812//812
f 815//815 813//813 767//767
f 767//767 813//813 810//810
f 813//813 738//738 810//810
f 738//738 762//762 816//816
f 808//808 848//848 763//763
f 769//769 809//809 773//773
f 752//752 770//770 870//870
f 752//752 870//870 774//774
f 825//825 374//374 873//873
f 873//873 871//871 824//824
f 878//878 830//830 877//877
f 877//877 830//830 875//875
f 775//775 879//879 875//875
f 830//830 775//775 875//875
f 905//905 914//914 881//881
f 475//475 33//33 903//903
f 894//894 771//771 851//851
f 904//904 737//737 894//894
f 837//837 779//779 636//636
f 634//634 636//636 779//779
f 838//838 671//671 1232//1232
f 671//671 678//678 1232//1232
f 727//727 782//782 839//839
f 740//740 839//839 782//782
f 781//781 730//730 1050//1050
f 758//758 783//783 755//755
f 758//758 781//781 1050//1050
f 785//785 1050//1050 840//840
f 1050//1050 756//756 840//840
f 765//765 862//862 797//797
f 791//791 897//897 794//794
f 806//806 863//863 811//811
f 847//847 850//850 852//852
f 895//895 844//844 796//796
f 759//759 895//895 796//796
f 888//888 844//844 895//895
f 793//793 807//807 896//896
f 793//793 896//896 761//761
f 896//896 759//759 746//746
f 739//739 811//811 816//816
f 911//911 846//846 753//753
f 797//797 789//789 907//907
f 733//733 745//745 857//857
f 857//857 860//860 744//744
f 804//804 799//799 802//802
f 801//801 750//750 768//768
f 899//899 1370//1370 750//750
f 899//899 750//750 801//801
f 799//799 861//861 798//798
f 861//861 799//799 804//804
f 799//799 801//801 802//802
f 373//373 1234//1234 900//900
f 373//373 901//901 1234//1234
f 901//901 865//865 1234//1234
f 779//779 772//772 805//805
f 856//856 859//859 766//766
f 793//793 728//728 741//741
f 739//739 817//817 763//763
f 817//817 808//808 763//763
f 808//808 748//748 397//397
f 812//812 762//762 814//814
f 863//863 761//761 811//811
f 811//811 763//763 806//806
f 816//816 746//746 747//747
f 808//808 817//817 748//748
f 812//812 814//814 748//748
f 816//816 747//747 810//810
f 767//767 749//749 770//770
f 813//813 397//397 748//748
f 397//397 815//815 809//809
f 815//815 767//767 773//773
f 809//809 821//821 750//750
f 818//818 752//752 774//774
f 818//818 774//774 819//819
f 827//827 751//751 867//867
f 751//751 879//879 776//776
f 827//827 875//875 751//751
f 831//831 777//777 834//834
f 828//828 832//832 480//480
f 479//479 480//480 832//832
f 833//833 829//829 777//777
f 757//757 775//775 830//830
f 833//833 777//777 831//831
f 834//834 477//477 831//831
f 792//792 628//628 795//795
f 628//628 646//646 795//795
f 779//779 737//737 634//634
f 837//837 636//636 671//671
f 740//740 755//755 783//783
f 758//758 785//785 783//783
f 1050//1050 785//785 758//758
f 1050//1050 153//153 756//756
f 477//477 474//474 37//37
f 914//914 839//839 478//478
f 913//913 905//905 780//780
f 840//840 731//731 482//482
f 756//756 731//731 840//840
f 257//257 756//756 153//153
f 258//258 254//254 756//756
f 786//786 880//880 841//841
f 880//880 786//786 833//833
f 472//472 4//4 6//6
f 931//931 908//908 788//788
f 915//915 788//788 908//908
f 916//916 936//936 935//935
f 854//854 850//850 847//847
f 742//742 851//851 771//771
f 845//845 794//794 1235//1235
f 764//764 796//796 844//844
f 845//845 791//791 794//794
f 888//888 784//784 844//844
f 807//807 793//793 741//741
f 850//850 1142//1142 792//792
f 792//792 852//852 850//850
f 859//859 735//735 789//789
f 951//951 857//857 858//858
f 951//951 860//860 857//857
f 733//733 426//426 734//734
f 735//735 856//856 860//860
f 734//734 937//937 745//745
f 799//799 798//798 744//744
f 745//745 858//858 857//857
f 728//728 806//806 763//763
f 862//862 864//864 797//797
f 899//899 766//766 864//864
f 864//864 848//848 899//899
f 744//744 801//801 799//799
f 801//801 768//768 802//802
f 800//800 802//802 768//768
f 802//802 800//800 804//804
f 798//798 861//861 733//733
f 729//729 1234//1234 865//865
f 823//823 415//415 912//912
f 863//863 806//806 728//728
f 763//763 848//848 868//868
f 768//768 821//821 826//826
f 821//821 769//769 820//820
f 822//822 876//876 769//769
f 822//822 769//769 773//773
f 869//869 736//736 752//752
f 822//822 869//869 902//902
f 818//818 832//832 828//828
f 866//866 827//827 874//874
f 820//820 866//866 826//826
f 803//803 875//875 827//827
f 822//822 902//902 876//876
f 869//869 878//878 902//902
f 876//876 803//803 820//820
f 820//820 769//769 876//876
f 803//803 877//877 875//875
f 879//879 777//777 829//829
f 871//871 776//776 824//824
f 829//829 776//776 879//879
f 829//829 824//824 776//776
f 777//777 879//879 775//775
f 869//869 828//828 878//878
f 818//818 828//828 869//869
f 835//835 831//831 477//477
f 880//880 831//831 835//835
f 777//777 775//775 834//834
f 775//775 903//903 834//834
f 834//834 903//903 33//33
f 33//33 477//477 834//834
f 1051//1051 783//783 1064//1064
f 1233//1233 664//664 631//631
f 664//664 795//795 646//646
f 631//631 674//674 904//904
f 904//904 674//674 737//737
f 832//832 905//905 881//881
f 479//479 832//832 881//881
f 642//642 882//882 727//727
f 727//727 913//913 642//642
f 37//37 842//842 477//477
f 374//374 825//825 754//754
f 835//835 841//841 880//880
f 831//831 880//880 833//833
f 481//481 327//327 841//841
f 478//478 881//881 914//914
f 765//765 907//907 885//885
f 908//908 760//760 915//915
f 908//908 784//784 760//760
f 760//760 884//884 906//906
f 888//888 760//760 784//784
f 884//884 765//765 885//885
f 765//765 884//884 898//898
f 898//898 884//884 888//888
f 741//741 898//898 888//888
f 888//888 807//807 741//741
f 726//726 712//712 909//909
f 853//853 887//887 911//911
f 887//887 846//846 911//911
f 753//753 764//764 911//911
f 890//890 892//892 753//753
f 764//764 753//753 796//796
f 796//796 892//892 759//759
f 855//855 890//890 847//847
f 836//836 855//855 847//847
f 836//836 847//847 852//852
f 852//852 795//795 836//836
f 742//742 759//759 893//893
f 851//851 742//742 893//893
f 836//836 1233//1233 891//891
f 853//853 936//936 916//916
f 794//794 849//849 916//916
f 854//854 794//794 897//897
f 897//897 850//850 854//854
f 759//759 896//896 895//895
f 807//807 895//895 896//896
f 850//850 897//897 1142//1142
f 712//712 792//792 1142//1142
f 795//795 852//852 792//792
f 789//789 797//797 859//859
f 860//860 856//856 744//744
f 798//798 733//733 857//857
f 868//868 898//898 741//741
f 848//848 1370//1370 899//899
f 797//797 766//766 859//859
f 766//766 797//797 864//864
f 899//899 801//801 766//766
f 901//901 861//861 865//865
f 861//861 804//804 865//865
f 729//729 912//912 1234//1234
f 821//821 820//820 826//826
f 869//869 752//752 818//818
f 823//823 912//912 871//871
f 827//827 867//867 874//874
f 874//874 800//800 866//866
f 866//866 800//800 826//826
f 876//876 877//877 803//803
f 878//878 877//877 902//902
f 876//876 902//902 877//877
f 912//912 872//872 871//871
f 780//780 905//905 1232//1232
f 476//476 740//740 783//783
f 727//727 839//839 913//913
f 914//914 913//913 839//839
f 843//843 790//790 915//915
f 910//910 764//764 889//889
f 889//889 886//886 910//910
f 889//889 908//908 886//886
f 765//765 898//898 862//862
f 898//898 868//868 862//862
f 844//844 784//784 889//889
f 854//854 890//890 849//849
f 892//892 796//796 753//753
f 890//890 855//855 892//892
f 893//893 891//891 851//851
f 849//849 887//887 916//916
f 1233//1233 904//904 891//891
f 891//891 894//894 851//851
f 891//891 904//904 894//894
f 889//889 764//764 844//844
f 883//883 787//787 1235//1235
f 862//862 868//868 848//848
f 415//415 900//900 912//912
f 913//913 780//780 708//708
f 914//914 905//905 913//913
f 740//740 478//478 839//839
f 843//843 922//922 790//790
f 885//885 843//843 906//906
f 915//915 906//906 843//843
f 885//885 906//906 884//884
f 838//838 837//837 671//671
f 819//819 774//774 838//838
f 843//843 885//885 922//922
f 838//838 772//772 837//837
f 749//749 810//810 743//743
f 747//747 742//742 743//743
f 733//733 861//861 426//426
f 771//771 737//737 805//805
f 749//749 767//767 810//810
f 1149//1149 1171//1171 36//36
f 761//761 863//863 793//793
f 771//771 743//743 742//742
f 774//774 870//870 838//838
f 819//819 838//838 1232//1232
f 814//814 762//762 738//738
f 738//738 816//816 810//810
f 781//781 755//755 782//782
f 917//917 1144//1144 1141//1141
f 883//883 935//935 933//933
f 883//883 928//928 1143//1143
f 896//896 746//746 761//761
f 768//768 750//750 821//821
f 838//838 870//870 772//772
f 863//863 728//728 793//793
f 762//762 739//739 816//816
f 811//811 761//761 816//816
f 769//769 821//821 809//809
f 478//478 740//740 476//476
f 840//840 1064//1064 785//785
f 270//270 269//269 42//42
f 482//482 731//731 1171//1171
f 731//731 732//732 1171//1171
f 909//909 791//791 917//917
f 856//856 735//735 859//859
f 744//744 856//856 801//801
f 801//801 856//856 766//766
f 874//874 804//804 800//800
f 866//866 803//803 827//827
f 778//778 749//749 743//743
f 779//779 837//837 772//772
f 815//815 773//773 809//809
f 826//826 800//800 768//768
f 903//903 775//775 757//757
f 825//825 824//824 829//829
f 803//803 866//866 820//820
f 830//830 878//878 757//757
f 736//736 822//822 773//773
f 818//818 819//819 832//832
f 819//819 905//905 832//832
f 475//475 903//903 757//757
f 1233//1233 631//631 904//904
f 819//819 1232//1232 905//905
f 482//482 1064//1064 840//840
f 327//327 42//42 269//269
f 907//907 922//922 885//885
f 888//888 884//884 760//760
f 742//742 747//747 759//759
f 890//890 854//854 847//847
f 765//765 797//797 907//907
f 864//864 862//862 848//848
f 1370//1370 397//397 809//809
f 873//873 824//824 825//825
f 874//874 867//867 729//729
f 912//912 729//729 867//867
f 751//751 872//872 867//867
f 751//751 776//776 872//872
f 776//776 871//871 872//872
f 791//791 1142//1142 897//897
f 853//853 910//910 886//886
f 911//911 764//764 910//910
f 846//846 849//849 890//890
f 887//887 849//849 846//846
f 759//759 892//892 893//893
f 855//855 891//891 893//893
f 854//854 849//849 794//794
f 857//857 744//744 798//798
f 910//910 853//853 911//911
f 889//889 784//784 908//908
f 890//890 753//753 846//846
f 853//853 886//886 936//936
f 916//916 887//887 853//853
f 869//869 822//822 736//736
f 1112//1112 1236//1236 1209//1209
f 994//994 29//29 27//27
f 44//44 43//43 988//988
f 47//47 1048//1048 48//48
f 50//50 46//46 23//23
f 411//411 981//981 920//920
f 927//927 924//924 613//613
f 921//921 1087//1087 1146//1146
f 1255//1255 789//789 929//929
f 534//534 1003//1003 1147//1147
f 1373//1373 1246//1246 1374//1374
f 924//924 927//927 1262//1262
f 1317//1317 1123//1123 521//521
f 926//926 618//618 577//577
f 941//941 942//942 1125//1125
f 1119//1119 1120//1120 513//513
f 965//965 506//506 970//970
f 614//614 946//946 498//498
f 922//922 947//947 790//790
f 919//919 948//948 977//977
f 930//930 947//947 949//949
f 1249//1249 1250//1250 1251//1251
f 923//923 735//735 860//860
f 938//938 923//923 951//951
f 951//951 923//923 860//860
f 938//938 951//951 858//858
f 501//501 599//599 465//465
f 614//614 498//498 954//954
f 506//506 465//465 609//609
f 1317//1317 521//521 958//958
f 1012//1012 603//603 585//585
f 946//946 599//599 501//501
f 954//954 498//498 500//500
f 953//953 1254//1254 441//441
f 942//942 967//967 963//963
f 958//958 521//521 961//961
f 967//967 942//942 941//941
f 615//615 500//500 446//446
f 963//963 533//533 942//942
f 1004//1004 969//969 605//605
f 514//514 610//610 553//553
f 605//605 577//577 1376//1376
f 497//497 975//975 932//932
f 492//492 990//990 507//507
f 966//966 970//970 616//616
f 611//611 1227//1227 502//502
f 941//941 986//986 967//967
f 960//960 952//952 519//519
f 609//609 970//970 506//506
f 535//535 996//996 971//971
f 971//971 996//996 973//973
f 1253//1253 1252//1252 943//943
f 978//978 521//521 520//520
f 977//977 1006//1006 1001//1001
f 1001//1001 1006//1006 586//586
f 948//948 931//931 930//930
f 977//977 936//936 919//919
f 947//947 922//922 976//976
f 580//580 962//962 532//532
f 956//956 968//968 525//525
f 613//613 980//980 486//486
f 923//923 929//929 735//735
f 938//938 929//929 923//923
f 939//939 858//858 745//745
f 937//937 939//939 745//745
f 556//556 1252//1252 983//983
f 372//372 986//986 526//526
f 970//970 966//966 965//965
f 996//996 535//535 488//488
f 929//929 985//985 1255//1255
f 571//571 1220//1220 606//606
f 970//970 609//609 616//616
f 991//991 974//974 562//562
f 584//584 606//606 602//602
f 583//583 966//966 571//571
f 585//585 516//516 1012//1012
f 972//972 533//533 963//963
f 1003//1003 981//981 964//964
f 1145//1145 1252//1252 1377//1377
f 1049//1049 1002//1002 46//46
f 23//23 999//999 24//24
f 788//788 790//790 931//931
f 976//976 922//922 907//907
f 947//947 976//976 949//949
f 1255//1255 976//976 907//907
f 886//886 919//919 936//936
f 886//886 908//908 919//919
f 790//790 947//947 931//931
f 949//949 984//984 930//930
f 928//928 491//491 934//934
f 981//981 411//411 982//982
f 1007//1007 938//938 1005//1005
f 976//976 955//955 949//949
f 949//949 955//955 984//984
f 938//938 944//944 1005//1005
f 1006//1006 977//977 948//948
f 948//948 930//930 960//960
f 1006//1006 948//948 960//960
f 929//929 1007//1007 985//985
f 1009//1009 988//988 536//536
f 969//969 577//577 605//605
f 1011//1011 994//994 27//27
f 1008//1008 962//962 2//2
f 539//539 1377//1377 556//556
f 575//575 968//968 547//547
f 525//525 968//968 575//575
f 933//933 935//935 977//977
f 959//959 549//549 576//576
f 576//576 990//990 959//959
f 1128//1128 575//575 547//547
f 989//989 998//998 582//582
f 959//959 991//991 549//549
f 542//542 556//556 983//983
f 992//992 990//990 576//576
f 991//991 562//562 548//548
f 1377//1377 1252//1252 556//556
f 931//931 948//948 919//919
f 994//994 1148//1148 993//993
f 1015//1015 995//995 996//996
f 375//375 376//376 1000//1000
f 361//361 1254//1254 975//975
f 486//486 1283//1283 927//927
f 429//429 413//413 997//997
f 978//978 31//31 961//961
f 967//967 356//356 431//431
f 356//356 967//967 986//986
f 431//431 429//429 963//963
f 972//972 963//963 429//429
f 986//986 372//372 356//356
f 996//996 995//995 973//973
f 999//999 23//23 46//46
f 978//978 988//988 43//43
f 962//962 26//26 2//2
f 988//988 1009//1009 44//44
f 43//43 31//31 978//978
f 962//962 580//580 1011//1011
f 1011//1011 27//27 26//26
f 1011//1011 1010//1010 994//994
f 1002//1002 530//530 46//46
f 1002//1002 1049//1049 934//934
f 1255//1255 907//907 789//789
f 411//411 920//920 939//939
f 509//509 1016//1016 496//496
f 530//530 999//999 46//46
f 491//491 928//928 950//950
f 944//944 920//920 1003//1003
f 982//982 372//372 981//981
f 941//941 526//526 986//986
f 934//934 491//491 1002//1002
f 964//964 372//372 528//528
f 526//526 528//528 372//372
f 534//534 944//944 1003//1003
f 960//960 519//519 1006//1006
f 431//431 963//963 967//967
f 517//517 1145//1145 1377//1377
f 960//960 984//984 952//952
f 586//586 950//950 1001//1001
f 928//928 1001//1001 950//950
f 534//534 1005//1005 944//944
f 1007//1007 1005//1005 574//574
f 944//944 939//939 920//920
f 499//499 952//952 984//984
f 955//955 499//499 984//984
f 1016//1016 509//509 953//953
f 935//935 936//936 977//977
f 523//523 1007//1007 574//574
f 979//979 985//985 523//523
f 931//931 947//947 930//930
f 929//929 938//938 1007//1007
f 955//955 979//979 499//499
f 534//534 574//574 1005//1005
f 960//960 930//930 984//984
f 979//979 955//955 985//985
f 493//493 536//536 988//988
f 38//38 582//582 436//436
f 522//522 436//436 940//940
f 999//999 530//530 945//945
f 38//38 921//921 1378//1378
f 522//522 527//527 436//436
f 517//517 1377//1377 968//968
f 1010//1010 1011//1011 580//580
f 945//945 1008//1008 24//24
f 974//974 980//980 562//562
f 974//974 531//531 503//503
f 977//977 1001//1001 933//933
f 990//990 492//492 959//959
f 613//613 562//562 980//980
f 945//945 24//24 999//999
f 998//998 989//989 489//489
f 957//957 1009//1009 536//536
f 1007//1007 523//523 985//985
f 1004//1004 514//514 461//461
f 612//612 610//610 617//617
f 586//586 1006//1006 519//519
f 991//991 531//531 974//974
f 589//589 439//439 1227//1227
f 621//621 589//589 1227//1227
f 613//613 486//486 927//927
f 486//486 980//980 503//503
f 531//531 959//959 492//492
f 503//503 980//980 974//974
f 959//959 531//531 991//991
f 961//961 521//521 978//978
f 603//603 504//504 585//585
f 969//969 1004//1004 461//461
f 605//605 406//406 1004//1004
f 992//992 1253//1253 990//990
f 943//943 507//507 1253//1253
f 990//990 1253//1253 507//507
f 603//603 1013//1013 504//504
f 589//589 621//621 1133//1133
f 484//484 600//600 457//457
f 282//282 484//484 1133//1133
f 600//600 484//484 282//282
f 504//504 1013//1013 485//485
f 994//994 925//925 1148//1148
f 622//622 1014//1014 1012//1012
f 1015//1015 996//996 510//510
f 464//464 1379//1379 926//926
f 294//294 485//485 1350//1350
f 618//618 971//971 973//973
f 514//514 1004//1004 610//610
f 495//495 622//622 1012//1012
f 495//495 1012//1012 516//516
f 441//441 375//375 1016//1016
f 975//975 497//497 972//972
f 533//533 972//972 497//497
f 622//622 290//290 1014//1014
f 1016//1016 1000//1000 496//496
f 375//375 1000//1000 1016//1016
f 23//23 1048//1048 47//47
f 932//932 1254//1254 953//953
f 1254//1254 932//932 975//975
f 496//496 1000//1000 510//510
f 488//488 510//510 996//996
f 1016//1016 953//953 441//441
f 510//510 1000//1000 1015//1015
f 487//487 623//623 451//451
f 294//294 446//446 485//485
f 487//487 468//468 1017//1017
f 267//267 623//623 1017//1017
f 457//457 1017//1017 468//468
f 620//620 600//600 282//282
f 1017//1017 457//457 600//600
f 282//282 1133//1133 621//621
f 520//520 493//493 988//988
f 495//495 451//451 622//622
f 451//451 623//623 1369//1369
f 515//515 940//940 998//998
f 5//5 39//39 28//28
f 958//958 1148//1148 925//925
f 532//532 962//962 1008//1008
f 957//957 489//489 989//989
f 25//25 49//49 24//24
f 940//940 436//436 998//998
f 515//515 998//998 489//489
f 38//38 436//436 527//527
f 447//447 3//3 15//15
f 581//581 54//54 989//989
f 988//988 978//978 520//520
f 925//925 994//994 1010//1010
f 962//962 1011//1011 26//26
f 958//958 961//961 1148//1148
f 699//699 723//723 696//696
f 700//700 697//697 679//679
f 707//707 655//655 697//697
f 655//655 706//706 637//637
f 693//693 676//676 707//707
f 655//655 637//637 698//698
f 636//636 707//707 697//697
f 637//637 638//638 698//698
f 694//694 676//676 693//693
f 700//700 679//679 699//699
f 699//699 679//679 655//655
f 700//700 696//696 660//660
f 637//637 706//706 675//675
f 700//700 699//699 696//696
f 699//699 698//698 723//723
f 673//673 677//677 638//638
f 658//658 693//693 695//695
f 673//673 638//638 637//637
f 692//692 695//695 672//672
f 656//656 669//669 667//667
f 669//669 443//443 438//438
f 670//670 654//654 662//662
f 648//648 668//668 453//453
f 443//443 632//632 689//689
f 662//662 624//624 670//670
f 653//653 632//632 654//654
f 661//661 652//652 662//662
f 654//654 632//632 443//443
f 662//662 654//654 661//661
f 657//657 1020//1020 444//444
f 1021//1021 444//444 1020//1020
f 648//648 689//689 632//632
f 648//648 453//453 647//647
f 648//648 631//631 668//668
f 453//453 454//454 657//657
f 688//688 454//454 645//645
f 689//689 647//647 438//438
f 443//443 689//689 438//438
f 650//650 665//665 649//649
f 657//657 647//647 453//453
f 1020//1020 657//657 454//454
f 688//688 1024//1024 1020//1020
f 454//454 688//688 1020//1020
f 1030//1030 688//688 1019//1019
f 649//649 1025//1025 650//650
f 688//688 645//645 650//650
f 1024//1024 1022//1022 1021//1021
f 690//690 1026//1026 1034//1034
f 1034//1034 666//666 690//690
f 688//688 650//650 1019//1019
f 423//423 424//424 667//667
f 1041//1041 1023//1023 650//650
f 1025//1025 667//667 1029//1029
f 1030//1030 1022//1022 1024//1024
f 424//424 1029//1029 667//667
f 792//792 712//712 663//663
f 663//663 641//641 792//792
f 1027//1027 1029//1029 354//354
f 1028//1028 1036//1036 449//449
f 691//691 630//630 1027//1027
f 630//630 1032//1032 650//650
f 370//370 716//716 1027//1027
f 1041//1041 650//650 1032//1032
f 1019//1019 650//650 1023//1023
f 1019//1019 1023//1023 1028//1028
f 410//410 398//398 1040//1040
f 409//409 353//353 370//370
f 630//630 714//714 1032//1032
f 1023//1023 629//629 687//687
f 725//725 716//716 1033//1033
f 629//629 1023//1023 1041//1041
f 691//691 716//716 725//725
f 1034//1034 716//716 666//666
f 1036//1036 724//724 1018//1018
f 690//690 1018//1018 724//724
f 1035//1035 449//449 1036//1036
f 724//724 682//682 690//690
f 1033//1033 1034//1034 1026//1026
f 452//452 304//304 238//238
f 303//303 285//285 353//353
f 343//343 1037//1037 666//666
f 343//343 452//452 1037//1037
f 690//690 666//666 1037//1037
f 687//687 724//724 1036//1036
f 716//716 1034//1034 1033//1033
f 666//666 716//716 353//353
f 725//725 714//714 691//691
f 691//691 1027//1027 716//716
f 1029//1029 1027//1027 1025//1025
f 649//649 656//656 667//667
f 667//667 1025//1025 649//649
f 661//661 669//669 656//656
f 669//669 661//661 443//443
f 424//424 1031//1031 1029//1029
f 354//354 1029//1029 1031//1031
f 630//630 1025//1025 1027//1027
f 370//370 354//354 409//409
f 303//303 409//409 1040//1040
f 353//353 409//409 303//303
f 285//285 238//238 304//304
f 1036//1036 1028//1028 1023//1023
f 1028//1028 449//449 448//448
f 1036//1036 1023//1023 687//687
f 650//650 1025//1025 630//630
f 666//666 353//353 344//344
f 666//666 344//344 343//343
f 304//304 452//452 343//343
f 303//303 1040//1040 272//272
f 303//303 272//272 285//285
f 713//713 715//715 1033//1033
f 713//713 1026//1026 682//682
f 1041//1041 627//627 629//629
f 714//714 717//717 1032//1032
f 1041//1041 717//717 627//627
f 725//725 717//717 714//714
f 682//682 711//711 726//726
f 682//682 724//724 711//711
f 663//663 687//687 629//629
f 682//682 726//726 713//713
f 725//725 718//718 717//717
f 629//629 641//641 663//663
f 717//717 1041//1041 1032//1032
f 725//725 1033//1033 718//718
f 1022//1022 1030//1030 448//448
f 452//452 1038//1038 1037//1037
f 1039//1039 1038//1038 452//452
f 452//452 450//450 1039//1039
f 1028//1028 448//448 1019//1019
f 688//688 1030//1030 1024//1024
f 1021//1021 1022//1022 1165//1165
f 450//450 452//452 238//238
f 1037//1037 1038//1038 1018//1018
f 690//690 1037//1037 1018//1018
f 1018//1018 1035//1035 1036//1036
f 425//425 1022//1022 448//448
f 438//438 647//647 444//444
f 647//647 657//657 444//444
f 1024//1024 1021//1021 1020//1020
f 1035//1035 1018//1018 1038//1038
f 1038//1038 1039//1039 1035//1035
f 449//449 1035//1035 1039//1039
f 1030//1030 1019//1019 448//448
f 53//53 1046//1046 1045//1045
f 48//48 1047//1047 47//47
f 50//50 47//47 1141//1141
f 1047//1047 1141//1141 47//47
f 49//49 1048//1048 24//24
f 51//51 447//447 57//57
f 50//50 918//918 1049//1049
f 34//34 1045//1045 37//37
f 481//481 1046//1046 53//53
f 1046//1046 481//481 842//842
f 225//225 1050//1050 730//730
f 1042//1042 11//11 10//10
f 476//476 1051//1051 1//1
f 285//285 344//344 353//353
f 347//347 346//346 313//313
f 1//1 1052//1052 34//34
f 1052//1052 56//56 1045//1045
f 1064//1064 1052//1052 1051//1051
f 1052//1052 1064//1064 56//56
f 1053//1053 1//1 34//34
f 1//1 1053//1053 6//6
f 33//33 473//473 1053//1053
f 6//6 1053//1053 473//473
f 669//669 438//438 423//423
f 1044//1044 463//463 437//437
f 13//13 1057//1057 1042//1042
f 49//49 41//41 48//48
f 1054//1054 1166//1166 404//404
f 1044//1044 1055//1055 1056//1056
f 1055//1055 1044//1044 459//459
f 435//435 1055//1055 459//459
f 1055//1055 435//435 220//220
f 460//460 1056//1056 220//220
f 1057//1057 1043//1043 460//460
f 220//220 1057//1057 460//460
f 220//220 458//458 9//9
f 9//9 1057//1057 220//220
f 1225//1225 1169//1169 1257//1257
f 1058//1058 1259//1259 1358//1358
f 456//456 1042//1042 455//455
f 1063//1063 9//9 458//458
f 9//9 1063//1063 455//455
f 97//97 1044//1044 1056//1056
f 456//456 455//455 83//83
f 455//455 1063//1063 83//83
f 467//467 1063//1063 458//458
f 198//198 1056//1056 460//460
f 155//155 198//198 460//460
f 1065//1065 498//498 1060//1060
f 783//783 1051//1051 476//476
f 1068//1068 510//510 488//488
f 535//535 1268//1268 488//488
f 1070//1070 1269//1269 1270//1270
f 442//442 1513//1513 1223//1223
f 1272//1272 1071//1071 1273//1273
f 1175//1175 1318//1318 1274//1274
f 1274//1274 1382//1382 1241//1241
f 1074//1074 499//499 979//979
f 1275//1275 1276//1276 1131//1131
f 1130//1130 1316//1316 508//508
f 1181//1181 1279//1279 1394//1394
f 1062//1062 1256//1256 1257//1257
f 1083//1083 1283//1283 1284//1284
f 1291//1291 1086//1086 1189//1189
f 1295//1295 1089//1089 1133//1133
f 1095//1095 1462//1462 1301//1301
f 510//510 1068//1068 496//496
f 1295//1295 1395//1395 1191//1191
f 1102//1102 1465//1465 1305//1305
f 940//940 1103//1103 522//522
f 1103//1103 940//940 1130//1130
f 1105//1105 1466//1466 1266//1266
f 490//490 523//523 574//574
f 536//536 1275//1275 1131//1131
f 1093//1093 1306//1306 1296//1296
f 1107//1107 1093//1093 1307//1307
f 512//512 1289//1289 1308//1308
f 1288//1288 1291//1291 1201//1201
f 964//964 528//528 1108//1108
f 1317//1317 958//958 1094//1094
f 925//925 1094//1094 958//958
f 1109//1109 1283//1283 1083//1083
f 1402//1402 1403//1403 1404//1404
f 1384//1384 1509//1509 1405//1405
f 1204//1204 1511//1511 1406//1406
f 1173//1173 1208//1208 1311//1311
f 1268//1268 1269//1269 1206//1206
f 1207//1207 1271//1271 1312//1312
f 523//523 1314//1314 979//979
f 1308//1308 1077//1077 1315//1315
f 1316//1316 1078//1078 1210//1210
f 1095//1095 1398//1398 1317//1317
f 519//519 952//952 1427//1427
f 1326//1326 1303//1303 1319//1319
f 1178//1178 1304//1304 1507//1507
f 487//487 1193//1193 468//468
f 1236//1236 1112//1112 1324//1324
f 1121//1121 1215//1215 1375//1375
f 1410//1410 505//505 1492//1492
f 493//493 520//520 1114//1114
f 488//488 1268//1268 1068//1068
f 1326//1326 516//516 1260//1260
f 529//529 1412//1412 1436//1436
f 1413//1413 1284//1284 1414//1414
f 1126//1126 1517//1517 1328//1328
f 509//509 496//496 1106//1106
f 1096//1096 1106//1106 496//496
f 1076//1076 508//508 1316//1316
f 1078//1078 515//515 1131//1131
f 1002//1002 491//491 1272//1272
f 1071//1071 1272//1272 491//491
f 515//515 489//489 1131//1131
f 957//957 1131//1131 489//489
f 1107//1107 932//932 953//953
f 546//546 1128//1128 540//540
f 1380//1380 1332//1332 1263//1263
f 1100//1100 465//465 506//506
f 457//457 1395//1395 484//484
f 1333//1333 1453//1453 1386//1386
f 1104//1104 502//502 439//439
f 500//500 498//498 1065//1065
f 501//501 1060//1060 498//498
f 491//491 950//950 1071//1071
f 1122//1122 1364//1364 1415//1415
f 1109//1109 1262//1262 927//927
f 1215//1215 1313//1313 1334//1334
f 1209//1209 1314//1314 1228//1228
f 1147//1147 1228//1228 490//490
f 1335//1335 512//512 1337//1337
f 1305//1305 1118//1118 1315//1315
f 483//483 1226//1226 1139//1139
f 1113//1113 1074//1074 979//979
f 563//563 562//562 613//613
f 1137//1137 591//591 587//587
f 1418//1418 1419//1419 1420//1420
f 1421//1421 1422//1422 1423//1423
f 1424//1424 1425//1425 1426//1426
f 952//952 499//499 1138//1138
f 1138//1138 1226//1226 1427//1427
f 633//633 644//644 627//627
f 1141//1141 1047//1047 917//917
f 1144//1144 791//791 845//845
f 1235//1235 787//787 845//845
f 1064//1064 482//482 56//56
f 1235//1235 794//794 916//916
f 909//909 1142//1142 791//791
f 1142//1142 909//909 712//712
f 935//935 1235//1235 916//916
f 787//787 1143//1143 918//918
f 1049//1049 918//918 1143//1143
f 883//883 1143//1143 787//787
f 1144//1144 845//845 787//787
f 1144//1144 918//918 1141//1141
f 50//50 1141//1141 918//918
f 883//883 933//933 928//928
f 1143//1143 928//928 934//934
f 918//918 1144//1144 787//787
f 508//508 1103//1103 1130//1130
f 515//515 1130//1130 940//940
f 1074//1074 1113//1113 1139//1139
f 50//50 1049//1049 46//46
f 50//50 23//23 47//47
f 1292//1292 921//921 527//527
f 1146//1146 956//956 525//525
f 1086//1086 1099//1099 1188//1188
f 490//490 534//534 1147//1147
f 1147//1147 1003//1003 964//964
f 1408//1408 1431//1431 1432//1432
f 943//943 1365//1365 1435//1435
f 1439//1439 1440//1440 1441//1441
f 1442//1442 1443//1443 1444//1444
f 1143//1143 934//934 1049//1049
f 525//525 921//921 1146//1146
f 1291//1291 1189//1189 1292//1292
f 1147//1147 1134//1134 1228//1228
f 1093//1093 1107//1107 1306//1306
f 1114//1114 520//520 1123//1123
f 521//521 1123//1123 520//520
f 1328//1328 942//942 533//533
f 528//528 1323//1323 1447//1447
f 1119//1119 1329//1329 1120//1120
f 1334//1334 1447//1447 513//513
f 1462//1462 1094//1094 1249//1249
f 1136//1136 1250//1250 1331//1331
f 1332//1332 1132//1132 1270//1270
f 920//920 981//981 1003//1003
f 563//563 602//602 1220//1220
f 1283//1283 1109//1109 927//927
f 1145//1145 943//943 1252//1252
f 49//49 48//48 1048//1048
f 52//52 41//41 49//49
f 532//532 1008//1008 945//945
f 669//669 423//423 667//667
f 409//409 354//354 433//433
f 1149//1149 35//35 53//53
f 581//581 543//543 55//55
f 581//581 55//55 54//54
f 125//125 122//122 235//235
f 64//64 1150//1150 99//99
f 1150//1150 64//64 160//160
f 101//101 1151//1151 116//116
f 1152//1152 209//209 208//208
f 132//132 200//200 233//233
f 168//168 1153//1153 71//71
f 1154//1154 1152//1152 172//172
f 73//73 101//101 162//162
f 116//116 162//162 101//101
f 137//137 134//134 1155//1155
f 135//135 139//139 100//100
f 1157//1157 683//683 227//227
f 1158//1158 178//178 113//113
f 1150//1150 116//116 1151//1151
f 1348//1348 1150//1150 127//127
f 75//75 1155//1155 134//134
f 1159//1159 1346//1346 89//89
f 171//171 65//65 122//122
f 63//63 172//172 119//119
f 118//118 1160//1160 102//102
f 1158//1158 62//62 178//178
f 83//83 117//117 80//80
f 1346//1346 1159//1159 88//88
f 167//167 71//71 1158//1158
f 246//246 260//260 259//259
f 245//245 241//241 273//273
f 284//284 302//302 265//265
f 284//284 265//265 325//325
f 337//337 348//348 314//314
f 1161//1161 386//386 1166//1166
f 393//393 369//369 619//619
f 360//360 1162//1162 382//382
f 389//389 1162//1162 360//360
f 1163//1163 414//414 431//431
f 1164//1164 416//416 430//430
f 1164//1164 430//430 418//418
f 1164//1164 399//399 363//363
f 1352//1352 364//364 385//385
f 1165//1165 425//425 433//433
f 404//404 1166//1166 1351//1351
f 387//387 355//355 612//612
f 1155//1155 74//74 22//22
f 1162//1162 386//386 432//432
f 431//431 356//356 1163//1163
f 1060//1060 1167//1167 1169//1169
f 1167//1167 1061//1061 1489//1489
f 1169//1169 1167//1167 1062//1062
f 1039//1039 398//398 449//449
f 1156//1156 155//155 1043//1043
f 1060//1060 1169//1169 1065//1065
f 482//482 1171//1171 1149//1149
f 1069//1069 1173//1173 1096//1096
f 1070//1070 1270//1270 1132//1132
f 1071//1071 1174//1174 1176//1176
f 1176//1176 1175//1175 1274//1274
f 1450//1450 1451//1451 1452//1452
f 1179//1179 508//508 1076//1076
f 1180//1180 1080//1080 1181//1181
f 1182//1182 1181//1181 1453//1453
f 1183//1183 1081//1081 1454//1454
f 1062//1062 1168//1168 1058//1058
f 1083//1083 1413//1413 1455//1455
f 1185//1185 1472//1472 1355//1355
f 1188//1188 1087//1087 1189//1189
f 921//921 1189//1189 1087//1087
f 1356//1356 1191//1191 1458//1458
f 1193//1193 1090//1090 1194//1194
f 1097//1097 1193//1193 1116//1116
f 1463//1463 1396//1396 1397//1397
f 1464//1464 1400//1400 1465//1465
f 1104//1104 439//439 1198//1198
f 589//589 1198//1198 439//439
f 1201//1201 1103//1103 508//508
f 1083//1083 1202//1202 1109//1109
f 1170//1170 1109//1109 1202//1202
f 1203//1203 1510//1510 1360//1360
f 1069//1069 1206//1206 1208//1208
f 1206//1206 1070//1070 1207//1207
f 1208//1208 1207//1207 1111//1111
f 1112//1112 1209//1209 1313//1313
f 1313//1313 1209//1209 1228//1228
f 1076//1076 1316//1316 1362//1362
f 1210//1210 1276//1276 1211//1211
f 451//451 1319//1319 1116//1116
f 1214//1214 1400//1400 494//494
f 1213//1213 1363//1363 1117//1117
f 1323//1323 1329//1329 1119//1119
f 1112//1112 1313//1313 1216//1216
f 1216//1216 1215//1215 1121//1121
f 1450//1450 1469//1469 1391//1391
f 1073//1073 1494//1494 1469//1469
f 1116//1116 487//487 451//451
f 487//487 1116//1116 1193//1193
f 1069//1069 1096//1096 1068//1068
f 1471//1471 1084//1084 1472//1472
f 1323//1323 1517//1517 1126//1126
f 1126//1126 1328//1328 1127//1127
f 560//560 1221//1221 552//552
f 1221//1221 560//560 1220//1220
f 616//616 1221//1221 571//571
f 542//542 1222//1222 557//557
f 950//950 1174//1174 1071//1071
f 1174//1174 950//950 586//586
f 561//561 1222//1222 559//559
f 552//552 1221//1221 572//572
f 542//542 983//983 1222//1222
f 1380//1380 1223//1223 1132//1132
f 992//992 1222//1222 983//983
f 1224//1224 1075//1075 1170//1170
f 1075//1075 1224//1224 1453//1453
f 1225//1225 500//500 1065//1065
f 1228//1228 1314//1314 490//490
f 1214//1214 1101//1101 1465//1465
f 1101//1101 1214//1214 1213//1213
f 1099//1099 1416//1416 1480//1480
f 1081//1081 1183//1183 1136//1136
f 1301//1301 1251//1251 1183//1183
f 1137//1137 597//597 598//598
f 1473//1473 1368//1368 1474//1474
f 1475//1475 1476//1476 1366//1366
f 1367//1367 1477//1477 1478//1478
f 611//611 619//619 1227//1227
f 369//369 1227//1227 619//619
f 615//615 294//294 322//322
f 625//625 708//708 660//660
f 227//227 683//683 228//228
f 208//208 685//685 670//670
f 1232//1232 678//678 780//780
f 480//480 757//757 828//828
f 757//757 878//878 828//828
f 475//475 757//757 480//480
f 865//865 804//804 729//729
f 1233//1233 795//795 664//664
f 891//891 855//855 836//836
f 1233//1233 836//836 795//795
f 1235//1235 935//935 883//883
f 426//426 861//861 901//901
f 900//900 1234//1234 912//912
f 1236//1236 1113//1113 1209//1209
f 1113//1113 1236//1236 1139//1139
f 1237//1237 518//518 1239//1239
f 1239//1239 1238//1238 1479//1479
f 1241//1241 1482//1482 1372//1372
f 524//524 1484//1484 1485//1485
f 1486//1486 1487//1487 1373//1373
f 1087//1087 1188//1188 1290//1290
f 1531//1531 1446//1446 1375//1375
f 1446//1446 1121//1121 1375//1375
f 1108//1108 1134//1134 1147//1147
f 1462//1462 1249//1249 1251//1251
f 1249//1249 1010//1010 1250//1250
f 1251//1251 1250//1250 1136//1136
f 735//735 929//929 789//789
f 1252//1252 1253//1253 983//983
f 908//908 931//931 919//919
f 1253//1253 992//992 983//983
f 1254//1254 361//361 385//385
f 975//975 972//972 997//997
f 972//972 429//429 997//997
f 361//361 975//975 997//997
f 921//921 525//525 1378//1378
f 1001//1001 928//928 933//933
f 1255//1255 955//955 976//976
f 1255//1255 985//985 955//955
f 623//623 487//487 1017//1017
f 38//38 527//527 921//921
f 54//54 957//957 989//989
f 1045//1045 56//56 53//53
f 1059//1059 1261//1261 1256//1256
f 446//446 1225//1225 1257//1257
f 1225//1225 1065//1065 1169//1169
f 1257//1257 1169//1169 1062//1062
f 1060//1060 1258//1258 1167//1167
f 1258//1258 1060//1060 1488//1488
f 1058//1058 1168//1168 1259//1259
f 1168//1168 1167//1167 1489//1489
f 1059//1059 1058//1058 1358//1358
f 1260//1260 585//585 1261//1261
f 504//504 1261//1261 585//585
f 1172//1172 1380//1380 1490//1490
f 1265//1265 1490//1490 1383//1383
f 1267//1267 1491//1491 1381//1381
f 1177//1177 1381//1381 1449//1449
f 1410//1410 1492//1492 1411//1411
f 1268//1268 1069//1069 1068//1068
f 1270//1270 1269//1269 1379//1379
f 1070//1070 1132//1132 1271//1271
f 1223//1223 1271//1271 1132//1132
f 1388//1388 1493//1493 1273//1273
f 1273//1273 1071//1071 1176//1176
f 1072//1072 1176//1176 1274//1274
f 1175//1175 1174//1174 586//586
f 1274//1274 1318//1318 1382//1382
f 1067//1067 1508//1508 1452//1452
f 1364//1364 1122//1122 1383//1383
f 1170//1170 1075//1075 1262//1262
f 1333//1333 1262//1262 1075//1075
f 1275//1275 1114//1114 1399//1399
f 1131//1131 1276//1276 1078//1078
f 1076//1076 1362//1362 1277//1277
f 1362//1362 1102//1102 1277//1277
f 1076//1076 1277//1277 1077//1077
f 1224//1224 1182//1182 1453//1453
f 1495//1495 1278//1278 1385//1385
f 1496//1496 505//505 1358//1358
f 1453//1453 1181//1181 1386//1386
f 1181//1181 1080//1080 1279//1279
f 1386//1386 1181//1181 1394//1394
f 1081//1081 1281//1281 1082//1082
f 1058//1058 1256//1256 1062//1062
f 1256//1256 485//485 1257//1257
f 446//446 1257//1257 485//485
f 1282//1282 1497//1497 1389//1389
f 1187//1187 1389//1389 1455//1455
f 1085//1085 1498//1498 1456//1456
f 1283//1283 486//486 503//503
f 531//531 1284//1284 503//503
f 1286//1286 1499//1499 1390//1390
f 1285//1285 1390//1390 1500//1500
f 529//529 1501//1501 1412//1412
f 512//512 1430//1430 1289//1289
f 1287//1287 1528//1528 1288//1288
f 1103//1103 1292//1292 522//522
f 1292//1292 1103//1103 1291//1291
f 1097//1097 1304//1304 1090//1090
f 1395//1395 1295//1295 484//484
f 1133//1133 484//484 1295//1295
f 1485//1485 1247//1247 1392//1392
f 1247//1247 1091//1091 1459//1459
f 1392//1392 1459//1459 1461//1461
f 1444//1444 1297//1297 1393//1393
f 1503//1503 529//529 1504//1504
f 1393//1393 1298//1298 1479//1479
f 1093//1093 1461//1461 1300//1300
f 1300//1300 1460//1460 1127//1127
f 1317//1317 1094//1094 1462//1462
f 1068//1068 1096//1096 496//496
f 583//583 1394//1394 965//965
f 1089//1089 1295//1295 1457//1457
f 1191//1191 1194//1194 1458//1458
f 1194//1194 468//468 1193//1193
f 943//943 1145//1145 1365//1365
f 1463//1463 1192//1192 1489//1489
f 1488//1488 1100//1100 1196//1196
f 1196//1196 1100//1100 1302//1302
f 965//965 1302//1302 1100//1100
f 1197//1197 1399//1399 1359//1359
f 1102//1102 1361//1361 1464//1464
f 1400//1400 1359//1359 1505//1505
f 1305//1305 1101//1101 1118//1118
f 1088//1088 1391//1391 1190//1190
f 1294//1294 1293//1293 1401//1401
f 1089//1089 1457//1457 1401//1401
f 1089//1089 589//589 1133//1133
f 926//926 1066//1066 1263//1263
f 1266//1266 1508//1508 1067//1067
f 1264//1264 1448//1448 1200//1200
f 1223//1223 1264//1264 442//442
f 509//509 1106//1106 1306//1306
f 1106//1106 1296//1296 1306//1306
f 1296//1296 1106//1106 524//524
f 1289//1289 1077//1077 1308//1308
f 1077//1077 1289//1289 1179//1179
f 1179//1179 1288//1288 1201//1201
f 1288//1288 1086//1086 1291//1291
f 1201//1201 1291//1291 1103//1103
f 503//503 1284//1284 1283//1283
f 1496//1496 1404//1404 1492//1492
f 1495//1495 1467//1467 1402//1402
f 1403//1403 1468//1468 1491//1491
f 1203//1203 1467//1467 1405//1405
f 1199//1199 1466//1466 1406//1406
f 442//442 1200//1200 1512//1512
f 524//524 1173//1173 1311//1311
f 1173//1173 1069//1069 1208//1208
f 1311//1311 1208//1208 1111//1111
f 1069//1069 1268//1268 1206//1206
f 1268//1268 535//535 1269//1269
f 1206//1206 1269//1269 1070//1070
f 1111//1111 1207//1207 1312//1312
f 1207//1207 1070//1070 1271//1271
f 1312//1312 1271//1271 1513//1513
f 1134//1134 1313//1313 1228//1228
f 1139//1139 1236//1236 483//483
f 1314//1314 1113//1113 979//979
f 1336//1336 1308//1308 1315//1315
f 1315//1315 1077//1077 1277//1277
f 1305//1305 1277//1277 1102//1102
f 1210//1210 1078//1078 1276//1276
f 1211//1211 1276//1276 1399//1399
f 1398//1398 1123//1123 1317//1317
f 1123//1123 1398//1398 1399//1399
f 586//586 519//519 1318//1318
f 495//495 1326//1326 1319//1319
f 1326//1326 1115//1115 1303//1303
f 1319//1319 1303//1303 1097//1097
f 1303//1303 1507//1507 1304//1304
f 1193//1193 1097//1097 1090//1090
f 1354//1354 1184//1184 1407//1407
f 1407//1407 1320//1320 1514//1514
f 1388//1388 1387//1387 1493//1493
f 1101//1101 1213//1213 1409//1409
f 1409//1409 1321//1321 1516//1516
f 1324//1324 1112//1112 1216//1216
f 1215//1215 513//513 1375//1375
f 1120//1120 1375//1375 513//513
f 518//518 1248//1248 1120//1120
f 514//514 553//553 1415//1415
f 1520//1520 1449//1449 1451//1451
f 1520//1520 1088//1088 1506//1506
f 495//495 1319//1319 451//451
f 516//516 1326//1326 495//495
f 1260//1260 1115//1115 1326//1326
f 485//485 1256//1256 504//504
f 1500//1500 1521//1521 1470//1470
f 1437//1437 1521//1521 1471//1471
f 1218//1218 1414//1414 1522//1522
f 1522//1522 492//492 1533//1533
f 526//526 1517//1517 1323//1323
f 1517//1517 941//941 1125//1125
f 1125//1125 1328//1328 1517//1517
f 1328//1328 1125//1125 942//942
f 1329//1329 1323//1323 1126//1126
f 526//526 1323//1323 528//528
f 1329//1329 1126//1126 1429//1429
f 1328//1328 533//533 1330//1330
f 1127//1127 1328//1328 1330//1330
f 497//497 1330//1330 533//533
f 1331//1331 580//580 532//532
f 1250//1250 1010//1010 580//580
f 1316//1316 1130//1130 1078//1078
f 1002//1002 1272//1272 530//530
f 1132//1132 1332//1332 1380//1380
f 1332//1332 464//464 1263//1263
f 926//926 1263//1263 464//464
f 1453//1453 1333//1333 1075//1075
f 584//584 1386//1386 583//583
f 1386//1386 584//584 1333//1333
f 1261//1261 504//504 1256//1256
f 519//519 1427//1427 1318//1318
f 1502//1502 1293//1293 1519//1519
f 513//513 1215//1215 1334//1334
f 1215//1215 1216//1216 1313//1313
f 1334//1334 1313//1313 1134//1134
f 1209//1209 1113//1113 1314//1314
f 1277//1277 1305//1305 1315//1315
f 1315//1315 1118//1118 1523//1523
f 1308//1308 1336//1336 1337//1337
f 1135//1135 1528//1528 1532//1532
f 1195//1195 1430//1430 1417//1417
f 1338//1338 1417//1417 1436//1436
f 945//945 1387//1387 532//532
f 1331//1331 532//532 1280//1280
f 1136//1136 1331//1331 1280//1280
f 1524//1524 1420//1420 1501//1501
f 1525//1525 1474//1474 1418//1418
f 1419//1419 1478//1478 1499//1499
f 1526//1526 1423//1423 1473//1473
f 1527//1527 1512//1512 1421//1421
f 1422//1422 1511//1511 1475//1475
f 1477//1477 1426//1426 1498//1498
f 1476//1476 1510//1510 1424//1424
f 1425//1425 1509//1509 1497//1497
f 1298//1298 1504//1504 1428//1428
f 1092//1092 1238//1238 1429//1429
f 1299//1299 1429//1429 1126//1126
f 1529//1529 1240//1240 1371//1371
f 956//956 1146//1146 1529//1529
f 1087//1087 1290//1290 1146//1146
f 1320//1320 1454//1454 1432//1432
f 1243//1243 1431//1431 1481//1481
f 1117//1117 1514//1514 1483//1483
f 1242//1242 1482//1482 1433//1433
f 1342//1342 1530//1530 1518//1518
f 1344//1344 1523//1523 1434//1434
f 1343//1343 1434//1434 1531//1531
f 1124//1124 1437//1437 1416//1416
f 1532//1532 1217//1217 1470//1470
f 1533//1533 507//507 1435//1435
f 1245//1245 1484//1484 1438//1438
f 1345//1345 1438//1438 1441//1441
f 1140//1140 1486//1486 1534//1534
f 1513//1513 1527//1527 1439//1439
f 1440//1440 1526//1526 1534//1534
f 1487//1487 1525//1525 1442//1442
f 1443//1443 1524//1524 1503//1503
f 1189//1189 921//921 1292//1292
f 522//522 1292//1292 527//527
f 529//529 1335//1335 1341//1341
f 1337//1337 1336//1336 1344//1344
f 1341//1341 1337//1337 1445//1445
f 1516//1516 1321//1321 1446//1446
f 1515//1515 1117//1117 1483//1483
f 1343//1343 1531//1531 1248//1248
f 1237//1237 1248//1248 518//518
f 964//964 1108//1108 1147//1147
f 1108//1108 1334//1334 1134//1134
f 1107//1107 953//953 509//509
f 509//509 1306//1306 1107//1107
f 1329//1329 518//518 1120//1120
f 494//494 1505//1505 1354//1354
f 1301//1301 1462//1462 1251//1251
f 1183//1183 1251//1251 1136//1136
f 1094//1094 925//925 1249//1249
f 1010//1010 1249//1249 925//925
f 1250//1250 580//580 1331//1331
f 1270//1270 464//464 1332//1332
f 1159//1159 162//162 1347//1347
f 82//82 214//214 1151//1151
f 217//217 1346//1346 136//136
f 127//127 69//69 1348//1348
f 1347//1347 1348//1348 69//69
f 1348//1348 116//116 1150//1150
f 1347//1347 200//200 132//132
f 117//117 105//105 143//143
f 100//100 182//182 135//135
f 199//199 642//642 625//625
f 1159//1159 1347//1347 132//132
f 1346//1346 158//158 136//136
f 1369//1369 249//249 290//290
f 260//260 1349//1349 281//281
f 282//282 283//283 284//284
f 620//620 282//282 284//284
f 348//348 1350//1350 349//349
f 371//371 432//432 1161//1161
f 404//404 1351//1351 406//406
f 1352//1352 358//358 364//364
f 1352//1352 367//367 358//358
f 1054//1054 1353//1353 1161//1161
f 1351//1351 407//407 387//387
f 376//376 1353//1353 1054//1054
f 406//406 387//387 617//617
f 1115//1115 1261//1261 1059//1059
f 1172//1172 1490//1490 1265//1265
f 1184//1184 1354//1354 1301//1301
f 1185//1185 1355//1355 1187//1187
f 1456//1456 1187//1187 1355//1355
f 1190//1190 1191//1191 1356//1356
f 1461//1461 1357//1357 1460//1460
f 1197//1197 1359//1359 1400//1400
f 1466//1466 1199//1199 1200//1200
f 1203//1203 1360//1360 1205//1205
f 1468//1468 1205//1205 1360//1360
f 1210//1210 1361//1361 1362//1362
f 1361//1361 1210//1210 1211//1211
f 1214//1214 1363//1363 1213//1213
f 1307//1307 1330//1330 497//497
f 1218//1218 1522//1522 1219//1219
f 581//581 989//989 582//582
f 581//581 582//582 537//537
f 969//969 461//461 1364//1364
f 1183//1183 1184//1184 1301//1301
f 1229//1229 1366//1366 1368//1368
f 1366//1366 1230//1230 1367//1367
f 1368//1368 1367//1367 1231//1231
f 1376//1376 973//973 405//405
f 622//622 1369//1369 290//290
f 58//58 447//447 230//230
f 1370//1370 809//809 750//750
f 833//833 825//825 829//829
f 258//258 756//756 257//257
f 912//912 867//867 872//872
f 621//621 369//369 368//368
f 1098//1098 1371//1371 1240//1240
f 1241//1241 1372//1372 1481//1481
f 1481//1481 1372//1372 1243//1243
f 1484//1484 1374//1374 1247//1247
f 1374//1374 1245//1245 1373//1373
f 924//924 602//602 613//613
f 1376//1376 577//577 618//618
f 584//584 602//602 924//924
f 987//987 1378//1378 575//575
f 38//38 1378//1378 987//987
f 956//956 517//517 968//968
f 1377//1377 539//539 547//547
f 547//547 968//968 1377//1377
f 405//405 605//605 1376//1376
f 535//535 971//971 1379//1379
f 1379//1379 618//618 926//926
f 618//618 1379//1379 971//971
f 1350//1350 485//485 1013//1013
f 349//349 1350//1350 1013//1013
f 451//451 1369//1369 622//622
f 1061//1061 1167//1167 1258//1258
f 1261//1261 1115//1115 1260//1260
f 1488//1488 1196//1196 1258//1258
f 1061//1061 1258//1258 1396//1396
f 1380//1380 1172//1172 1264//1264
f 1264//1264 1223//1223 1380//1380
f 1267//1267 1381//1381 1177//1177
f 1382//1382 1226//1226 1241//1241
f 969//969 1383//1383 577//577
f 1384//1384 1182//1182 1224//1224
f 1385//1385 1278//1278 1192//1192
f 1280//1280 1387//1387 1281//1281
f 1388//1388 1082//1082 1281//1281
f 1282//1282 1389//1389 1187//1187
f 1286//1286 1390//1390 1285//1285
f 1287//1287 1288//1288 1179//1179
f 1294//1294 1391//1391 1293//1293
f 1392//1392 1247//1247 1459//1459
f 1393//1393 1297//1297 1298//1298
f 1302//1302 1394//1394 1279//1279
f 1395//1395 1194//1194 1191//1191
f 1192//1192 1358//1358 1259//1259
f 1196//1196 1396//1396 1258//1258
f 1397//1397 1196//1196 1302//1302
f 1398//1398 1359//1359 1399//1399
f 1211//1211 1399//1399 1197//1197
f 1089//1089 1401//1401 1198//1198
f 1278//1278 1402//1402 1404//1404
f 1402//1402 1205//1205 1403//1403
f 1404//1404 1403//1403 1267//1267
f 1509//1509 1309//1309 1405//1405
f 1203//1203 1405//1405 1309//1309
f 1511//1511 1310//1310 1406//1406
f 1199//1199 1406//1406 1310//1310
f 1184//1184 1320//1320 1407//1407
f 1388//1388 1273//1273 1408//1408
f 1213//1213 1321//1321 1409//1409
f 1507//1507 1411//1411 1177//1177
f 1411//1411 1507//1507 1410//1410
f 1412//1412 1217//1217 1436//1436
f 1217//1217 1412//1412 1285//1285
f 1185//1185 1413//1413 1218//1218
f 1414//1414 1218//1218 1413//1413
f 1238//1238 1329//1329 1429//1429
f 461//461 1415//1415 1364//1364
f 1415//1415 461//461 514//514
f 1293//1293 1391//1391 1325//1325
f 1416//1416 1099//1099 1135//1135
f 1195//1195 1417//1417 1338//1338
f 1280//1280 1081//1081 1136//1136
f 1339//1339 1418//1418 1420//1420
f 1418//1418 1231//1231 1419//1419
f 1420//1420 1419//1419 1286//1286
f 1340//1340 1421//1421 1423//1423
f 1421//1421 1310//1310 1422//1422
f 1423//1423 1422//1422 1229//1229
f 1230//1230 1424//1424 1426//1426
f 1424//1424 1309//1309 1425//1425
f 1426//1426 1425//1425 1282//1282
f 1428//1428 1341//1341 1445//1445
f 1300//1300 1330//1330 1307//1307
f 1287//1287 1430//1430 1195//1195
f 1290//1290 1188//1188 1240//1240
f 1480//1480 1240//1240 1188//1188
f 1431//1431 1243//1243 1432//1432
f 1320//1320 1432//1432 1243//1243
f 1242//1242 1433//1433 1530//1530
f 1530//1530 1433//1433 1518//1518
f 1344//1344 1434//1434 1343//1343
f 1365//1365 1244//1244 1435//1435
f 1338//1338 1436//1436 1217//1217
f 1244//1244 1437//1437 1327//1327
f 1245//1245 1438//1438 1345//1345
f 1312//1312 1439//1439 1441//1441
f 1439//1439 1340//1340 1440//1440
f 1441//1441 1440//1440 1345//1345
f 1246//1246 1442//1442 1444//1444
f 1442//1442 1339//1339 1443//1443
f 1444//1444 1443//1443 1297//1297
f 1445//1445 1337//1337 1344//1344
f 1446//1446 1321//1321 1342//1342
f 1343//1343 1248//1248 1237//1237
f 1108//1108 1447//1447 1334//1334
f 1447//1447 1323//1323 1119//1119
f 1447//1447 1119//1119 513//513
f 172//172 1152//1152 210//210
f 80//80 117//117 143//143
f 1159//1159 132//132 88//88
f 82//82 1151//1151 101//101
f 1158//1158 71//71 62//62
f 1351//1351 1166//1166 407//407
f 1265//1265 1448//1448 1172//1172
f 1508//1508 1448//1448 1452//1452
f 1177//1177 1449//1449 1178//1178
f 1073//1073 1450//1450 1452//1452
f 1450//1450 1088//1088 1451//1451
f 1452//1452 1451//1451 1067//1067
f 1079//1079 1180//1180 1182//1182
f 1182//1182 1180//1180 1181//1181
f 1183//1183 1454//1454 1184//1184
f 1082//1082 1454//1454 1081//1081
f 1413//1413 1185//1185 1455//1455
f 1187//1187 1455//1455 1185//1185
f 1472//1472 1084//1084 1355//1355
f 1186//1186 1355//1355 1084//1084
f 1085//1085 1456//1456 1186//1186
f 1088//1088 1356//1356 1506//1506
f 1356//1356 1088//1088 1190//1190
f 1190//1190 1457//1457 1191//1191
f 1506//1506 1458//1458 1090//1090
f 1458//1458 1506//1506 1356//1356
f 1091//1091 1357//1357 1459//1459
f 1299//1299 1357//1357 1092//1092
f 1459//1459 1357//1357 1461//1461
f 1463//1463 1080//1080 1385//1385
f 1080//1080 1463//1463 1397//1397
f 1099//1099 1528//1528 1135//1135
f 1396//1396 1196//1196 1397//1397
f 1400//1400 1464//1464 1197//1197
f 1305//1305 1465//1465 1101//1101
f 1465//1465 1102//1102 1464//1464
f 1508//1508 1466//1466 1200//1200
f 1205//1205 1467//1467 1203//1203
f 1510//1510 1110//1110 1360//1360
f 1204//1204 1360//1360 1110//1110
f 1105//1105 1468//1468 1204//1204
f 1362//1362 1361//1361 1102//1102
f 494//494 1363//1363 1214//1214
f 1363//1363 494//494 1212//1212
f 1212//1212 1117//1117 1363//1363
f 1088//1088 1450//1450 1391//1391
f 1450//1450 1073//1073 1469//1469
f 1391//1391 1469//1469 1325//1325
f 1122//1122 1325//1325 1469//1469
f 1469//1469 1494//1494 1122//1122
f 1285//1285 1470//1470 1217//1217
f 1327//1327 1471//1471 1219//1219
f 1219//1219 1472//1472 1218//1218
f 1472//1472 1219//1219 1471//1471
f 1214//1214 1465//1465 1400//1400
f 1416//1416 1098//1098 1480//1480
f 1098//1098 1416//1416 1244//1244
f 1140//1140 1473//1473 1474//1474
f 1473//1473 1229//1229 1368//1368
f 1474//1474 1368//1368 1231//1231
f 1229//1229 1475//1475 1366//1366
f 1475//1475 1110//1110 1476//1476
f 1366//1366 1476//1476 1230//1230
f 1231//1231 1367//1367 1478//1478
f 1367//1367 1230//1230 1477//1477
f 1478//1478 1477//1477 1085//1085
f 729//729 804//804 874//874
f 1239//1239 518//518 1238//1238
f 1479//1479 1238//1238 1092//1092
f 1099//1099 1480//1480 1188//1188
f 1240//1240 1480//1480 1098//1098
f 1072//1072 1274//1274 1481//1481
f 1241//1241 483//483 1482//1482
f 1372//1372 1482//1482 1242//1242
f 1243//1243 1372//1372 1483//1483
f 1372//1372 1242//1242 1483//1483
f 943//943 1435//1435 507//507
f 1484//1484 1247//1247 1485//1485
f 1374//1374 1484//1484 1245//1245
f 1245//1245 1486//1486 1373//1373
f 1486//1486 1140//1140 1487//1487
f 1373//1373 1487//1487 1246//1246
f 1374//1374 1091//1091 1247//1247
f 1091//1091 1374//1374 1246//1246
f 1531//1531 1375//1375 1248//1248
f 858//858 939//939 944//944
f 1378//1378 525//525 575//575
f 858//858 944//944 938//938
f 1059//1059 1256//1256 1058//1058
f 1488//1488 1060//1060 501//501
f 1168//1168 1489//1489 1259//1259
f 1059//1059 1358//1358 505//505
f 585//585 1260//1260 516//516
f 465//465 1488//1488 501//501
f 1490//1490 1380//1380 1263//1263
f 1490//1490 1263//1263 1066//1066
f 1448//1448 1264//1264 1172//1172
f 1490//1490 1066//1066 1383//1383
f 577//577 1383//1383 1066//1066
f 1105//1105 1381//1381 1491//1491
f 1381//1381 1105//1105 1266//1266
f 1266//1266 1449//1449 1381//1381
f 1449//1449 1266//1266 1067//1067
f 1267//1267 1411//1411 1492//1492
f 1411//1411 1267//1267 1177//1177
f 535//535 1379//1379 1269//1269
f 1270//1270 1379//1379 464//464
f 1493//1493 1272//1272 1273//1273
f 1175//1175 586//586 1318//1318
f 1382//1382 1318//1318 1427//1427
f 1481//1481 1274//1274 1241//1241
f 1226//1226 1382//1382 1427//1427
f 1241//1241 1226//1226 483//483
f 1448//1448 1073//1073 1452//1452
f 1073//1073 1448//1448 1265//1265
f 969//969 1364//1364 1383//1383
f 1383//1383 1122//1122 1494//1494
f 1383//1383 1494//1494 1265//1265
f 584//584 924//924 1333//1333
f 1262//1262 1333//1333 924//924
f 511//511 1384//1384 1224//1224
f 1384//1384 1079//1079 1182//1182
f 1079//1079 1495//1495 1180//1180
f 1385//1385 1180//1180 1495//1495
f 1278//1278 1496//1496 1192//1192
f 1358//1358 1192//1192 1496//1496
f 1180//1180 1385//1385 1080//1080
f 1192//1192 1463//1463 1385//1385
f 1386//1386 1394//1394 583//583
f 1281//1281 1081//1081 1280//1280
f 530//530 1387//1387 945//945
f 1281//1281 1387//1387 1388//1388
f 511//511 1202//1202 1497//1497
f 1389//1389 1497//1497 1202//1202
f 1202//1202 1455//1455 1389//1389
f 1455//1455 1202//1202 1083//1083
f 1282//1282 1187//1187 1498//1498
f 1456//1456 1498//1498 1187//1187
f 1085//1085 1186//1186 1499//1499
f 1390//1390 1499//1499 1186//1186
f 1186//1186 1500//1500 1390//1390
f 1500//1500 1186//1186 1084//1084
f 1286//1286 1412//1412 1501//1501
f 1412//1412 1286//1286 1285//1285
f 1430//1430 1287//1287 1289//1289
f 1528//1528 1086//1086 1288//1288
f 1289//1289 1287//1287 1179//1179
f 956//956 1529//1529 517//517
f 1304//1304 1506//1506 1090//1090
f 1293//1293 1502//1502 1401//1401
f 1104//1104 1502//1502 1519//1519
f 524//524 1485//1485 1296//1296
f 1392//1392 1296//1296 1485//1485
f 1296//1296 1392//1392 1093//1093
f 1461//1461 1093//1093 1392//1392
f 1091//1091 1393//1393 1357//1357
f 1393//1393 1091//1091 1444//1444
f 1297//1297 1504//1504 1298//1298
f 1504//1504 1297//1297 1503//1503
f 1357//1357 1393//1393 1479//1479
f 1479//1479 1092//1092 1357//1357
f 1461//1461 1460//1460 1300//1300
f 1460//1460 1357//1357 1299//1299
f 1460//1460 1299//1299 1127//1127
f 1317//1317 1462//1462 1095//1095
f 1400//1400 1505//1505 494//494
f 1397//1397 1279//1279 1080//1080
f 1279//1279 1397//1397 1302//1302
f 1394//1394 1302//1302 965//965
f 1457//1457 1295//1295 1191//1191
f 1458//1458 1194//1194 1090//1090
f 1304//1304 1097//1097 1303//1303
f 1507//1507 1303//1303 1410//1410
f 1115//1115 1410//1410 1303//1303
f 1145//1145 1371//1371 1365//1365
f 1371//1371 1098//1098 1365//1365
f 1244//1244 1365//1365 1098//1098
f 1259//1259 1489//1489 1192//1192
f 1396//1396 1463//1463 1061//1061
f 1489//1489 1061//1061 1463//1463
f 1100//1100 1488//1488 465//465
f 1399//1399 1114//1114 1123//1123
f 1359//1359 1398//1398 1095//1095
f 1211//1211 1464//1464 1361//1361
f 1464//1464 1211//1211 1197//1197
f 1095//1095 1505//1505 1359//1359
f 1505//1505 1095//1095 1301//1301
f 1190//1190 1391//1391 1294//1294
f 1502//1502 1198//1198 1401//1401
f 1198//1198 1502//1502 1104//1104
f 1190//1190 1294//1294 1457//1457
f 1401//1401 1457//1457 1294//1294
f 1508//1508 1266//1266 1466//1466
f 1448//1448 1508//1508 1200//1200
f 1264//1264 1200//1200 442//442
f 505//505 1496//1496 1492//1492
f 1496//1496 1278//1278 1404//1404
f 1492//1492 1404//1404 1267//1267
f 1278//1278 1495//1495 1402//1402
f 1495//1495 1079//1079 1467//1467
f 1402//1402 1467//1467 1205//1205
f 1267//1267 1403//1403 1491//1491
f 1403//1403 1205//1205 1468//1468
f 1491//1491 1468//1468 1105//1105
f 1079//1079 1405//1405 1467//1467
f 1405//1405 1079//1079 1384//1384
f 1509//1509 1384//1384 511//511
f 1510//1510 1203//1203 1309//1309
f 1105//1105 1406//1406 1466//1466
f 1406//1406 1105//1105 1204//1204
f 1511//1511 1204//1204 1110//1110
f 1199//1199 1512//1512 1200//1200
f 1512//1512 1199//1199 1310//1310
f 1513//1513 1271//1271 1223//1223
f 1362//1362 1316//1316 1210//1210
f 1399//1399 1276//1276 1275//1275
f 505//505 1410//1410 1115//1115
f 494//494 1354//1354 1407//1407
f 1407//1407 1212//1212 494//494
f 1184//1184 1454//1454 1320//1320
f 1212//1212 1514//1514 1117//1117
f 1514//1514 1212//1212 1407//1407
f 1408//1408 1082//1082 1388//1388
f 1387//1387 530//530 1493//1493
f 1272//1272 1493//1493 530//530
f 1408//1408 1273//1273 1176//1176
f 1176//1176 1072//1072 1408//1408
f 1118//1118 1409//1409 1322//1322
f 1409//1409 1118//1118 1101//1101
f 1213//1213 1515//1515 1321//1321
f 1515//1515 1213//1213 1117//1117
f 1434//1434 1516//1516 1531//1531
f 1516//1516 1322//1322 1409//1409
f 941//941 1517//1517 526//526
f 1324//1324 1433//1433 483//483
f 1518//1518 1121//1121 1342//1342
f 1121//1121 1518//1518 1216//1216
f 1248//1248 1375//1375 1120//1120
f 1519//1519 1122//1122 1415//1415
f 1122//1122 1519//1519 1325//1325
f 1088//1088 1520//1520 1451//1451
f 1520//1520 1178//1178 1449//1449
f 1451//1451 1449//1449 1067//1067
f 1178//1178 1520//1520 1304//1304
f 1506//1506 1304//1304 1520//1520
f 1265//1265 1494//1494 1073//1073
f 1285//1285 1500//1500 1470//1470
f 1500//1500 1084//1084 1521//1521
f 1470//1470 1521//1521 1124//1124
f 1327//1327 1437//1437 1471//1471
f 1437//1437 1124//1124 1521//1521
f 1471//1471 1521//1521 1084//1084
f 1218//1218 1472//1472 1185//1185
f 1284//1284 1413//1413 1083//1083
f 1414//1414 531//531 1522//1522
f 531//531 1414//1414 1284//1284
f 1219//1219 1533//1533 1327//1327
f 1533//1533 1219//1219 1522//1522
f 492//492 1522//1522 531//531
f 553//553 1519//1519 1415//1415
f 1519//1519 553//553 1104//1104
f 1325//1325 1519//1519 1293//1293
f 1341//1341 1335//1335 1337//1337
f 1344//1344 1336//1336 1523//1523
f 1315//1315 1523//1523 1336//1336
f 1308//1308 1337//1337 512//512
f 1528//1528 1195//1195 1532//1532
f 1338//1338 1532//1532 1195//1195
f 1430//1430 512//512 1417//1417
f 1335//1335 1417//1417 512//512
f 1417//1417 1335//1335 1436//1436
f 529//529 1436//1436 1335//1335
f 1387//1387 1280//1280 532//532
f 529//529 1503//1503 1501//1501
f 1524//1524 1339//1339 1420//1420
f 1501//1501 1420//1420 1286//1286
f 1339//1339 1525//1525 1418//1418
f 1525//1525 1140//1140 1474//1474
f 1418//1418 1474//1474 1231//1231
f 1286//1286 1419//1419 1499//1499
f 1419//1419 1231//1231 1478//1478
f 1499//1499 1478//1478 1085//1085
f 1140//1140 1526//1526 1473//1473
f 1526//1526 1340//1340 1423//1423
f 1473//1473 1423//1423 1229//1229
f 1340//1340 1527//1527 1421//1421
f 1527//1527 442//442 1512//1512
f 1421//1421 1512//1512 1310//1310
f 1229//1229 1422//1422 1475//1475
f 1422//1422 1310//1310 1511//1511
f 1475//1475 1511//1511 1110//1110
f 1085//1085 1477//1477 1498//1498
f 1477//1477 1230//1230 1426//1426
f 1498//1498 1426//1426 1282//1282
f 1230//1230 1476//1476 1424//1424
f 1476//1476 1110//1110 1510//1510
f 1424//1424 1510//1510 1309//1309
f 1282//1282 1425//1425 1497//1497
f 1425//1425 1309//1309 1509//1509
f 1497//1497 1509//1509 511//511
f 1427//1427 952//952 1138//1138
f 529//529 1341//1341 1504//1504
f 1428//1428 1504//1504 1341//1341
f 1298//1298 1428//1428 1239//1239
f 1237//1237 1239//1239 1428//1428
f 1298//1298 1239//1239 1479//1479
f 1092//1092 1429//1429 1299//1299
f 1238//1238 518//518 1329//1329
f 1299//1299 1126//1126 1127//1127
f 1093//1093 1300//1300 1307//1307
f 1300//1300 1127//1127 1330//1330
f 1195//1195 1528//1528 1287//1287
f 1086//1086 1528//1528 1099//1099
f 1240//1240 1529//1529 1290//1290
f 517//517 1371//1371 1145//1145
f 1371//1371 517//517 1529//1529
f 1529//1529 1146//1146 1290//1290
f 1082//1082 1432//1432 1454//1454
f 1432//1432 1082//1082 1408//1408
f 1408//1408 1072//1072 1431//1431
f 1481//1481 1431//1431 1072//1072
f 1320//1320 1243//1243 1514//1514
f 1483//1483 1514//1514 1243//1243
f 1515//1515 1483//1483 1530//1530
f 1483//1483 1242//1242 1530//1530
f 1482//1482 483//483 1433//1433
f 1236//1236 1324//1324 483//483
f 1433//1433 1324//1324 1518//1518
f 1216//1216 1518//1518 1324//1324
f 1118//1118 1322//1322 1523//1523
f 1434//1434 1523//1523 1322//1322
f 1322//1322 1516//1516 1434//1434
f 1344//1344 1343//1343 1445//1445
f 1237//1237 1445//1445 1343//1343
f 1437//1437 1244//1244 1416//1416
f 1124//1124 1416//1416 1135//1135
f 1135//1135 1470//1470 1124//1124
f 1470//1470 1135//1135 1532//1532
f 1217//1217 1532//1532 1338//1338
f 507//507 1533//1533 492//492
f 1327//1327 1435//1435 1244//1244
f 1435//1435 1327//1327 1533//1533
f 524//524 1311//1311 1484//1484
f 1438//1438 1484//1484 1311//1311
f 1311//1311 1111//1111 1438//1438
f 1441//1441 1438//1438 1111//1111
f 1245//1245 1345//1345 1486//1486
f 1534//1534 1486//1486 1345//1345
f 1441//1441 1111//1111 1312//1312
f 1312//1312 1513//1513 1439//1439
f 1513//1513 442//442 1527//1527
f 1439//1439 1527//1527 1340//1340
f 1345//1345 1440//1440 1534//1534
f 1440//1440 1340//1340 1526//1526
f 1534//1534 1526//1526 1140//1140
f 1444//1444 1091//1091 1246//1246
f 1246//1246 1487//1487 1442//1442
f 1487//1487 1140//1140 1525//1525
f 1442//1442 1525//1525 1339//1339
f 1297//1297 1443//1443 1503//1503
f 1443//1443 1339//1339 1524//1524
f 1503//1503 1524//1524 1501//1501
f 1428//1428 1445//1445 1237//1237
f 1446//1446 1531//1531 1516//1516
f 1321//1321 1515//1515 1342//1342
f 1530//1530 1342//1342 1515//1515
f 1342//1342 1121//1121 1446//1446
f 528//528 1447//1447 1108//1108
f 1505//1505 1301//1301 1354//1354
f 372//372 964//964 981//981
# 3068 faces, 0 coords texture

# End of File
