####
#
# OBJ File Generated by Meshlab
#
####
# Object blackdynamite.obj
#
# Vertices: 4994
# Faces: 9984
#
####
vn 0.192965 -0.600362 0.776099
v 23.413883 -0.027587 63.533161
vn 0.514984 0.835262 0.192690
v 63.949631 92.529411 -30.561104
vn 0.998818 0.037197 -0.031298
v 29.642597 129.030014 -2.193825
vn 0.687335 0.120285 0.716312
v 24.453604 145.865143 41.741531
vn -0.551123 0.694253 0.462900
v 34.742950 106.670822 -31.723156
vn -0.222710 0.446169 -0.866795
v -53.377480 78.166695 -65.317116
vn -0.611218 0.655783 0.443126
v 39.059807 97.881828 -9.193716
vn 0.400474 0.556266 0.728141
v -3.287951 25.455999 54.261292
vn 0.062659 0.027160 -0.997665
v -15.170669 16.048414 -83.719658
vn -0.178365 0.182530 -0.966886
v -21.997383 97.904785 -58.701542
vn -0.250615 0.781950 0.570742
v -67.276619 75.003036 -0.304517
vn -0.761722 0.398951 0.510507
v 33.064518 107.999557 -35.432838
vn -0.128471 -0.723200 0.678584
v -16.926838 121.597008 46.205170
vn -0.625359 0.735614 0.260383
v -59.930756 95.904747 -26.939966
vn -0.586456 0.732493 0.345722
v -58.971104 91.679138 -14.324303
vn -0.276601 0.193753 0.941250
v -9.204160 183.993225 48.001305
vn -0.665263 -0.033473 0.745858
v -50.138950 62.165321 17.866211
vn 0.618184 0.167987 -0.767873
v 27.796349 188.775940 -57.748577
vn 0.481435 0.718749 0.501617
v 56.055405 86.546860 -4.332008
vn 0.996072 -0.088190 0.007907
v 66.067528 37.752781 -60.767807
vn -0.788312 0.445765 0.424096
v -71.662582 70.641701 3.873880
vn 0.381861 0.609664 -0.694617
v 63.429169 83.691879 -57.107803
vn 0.574339 0.500706 0.647633
v -35.420055 114.424545 -39.265156
vn 0.378240 -0.652929 0.656215
v 58.925064 -0.027587 52.247314
vn 0.360375 -0.643400 0.675401
v 53.721809 -0.027267 55.233212
vn -0.820559 -0.570571 -0.033647
v -40.233273 159.346466 -2.120845
vn -0.364278 0.624314 0.691038
v -53.063766 87.028076 0.008291
vn -0.856513 0.265579 0.442553
v -68.337852 33.719055 36.789284
vn 0.996343 -0.085247 0.005789
v 65.667511 36.396473 -25.610567
vn -0.256307 -0.602736 0.755656
v -45.933182 -0.027372 60.536583
vn -0.255350 -0.700721 -0.666173
v 32.252048 139.865585 -6.852226
vn 0.269454 0.587337 0.763171
v 59.679634 73.705910 9.020123
vn -0.066490 0.048450 -0.996610
v 6.077650 23.079601 -82.824997
vn 0.617747 0.663461 -0.422147
v 40.601772 109.426704 -46.173439
vn 0.796510 -0.556853 0.235555
v 17.054419 120.932442 42.429062
vn 0.429141 -0.899335 0.083866
v 41.294037 162.326416 -5.444224
vn 0.572054 -0.512605 0.640305
v -30.092148 130.226669 -14.109021
vn -0.001734 0.445510 -0.895275
v -2.588479 81.147957 -68.961456
vn 0.010489 0.509946 0.860143
v -15.548294 21.432150 55.313004
vn -0.252247 0.321315 -0.912759
v -37.601105 97.151207 -55.741615
vn -0.124350 -0.407654 0.904630
v -12.835451 163.995316 42.182949
vn 0.412966 0.196943 0.889198
v 16.066502 136.973511 46.749153
vn -0.352593 0.688943 0.633273
v -6.568075 139.920212 53.591194
vn -0.031085 0.433221 -0.900751
v 1.404764 117.679962 -57.643764
vn 0.250086 -0.638077 0.728227
v 39.150555 -0.027234 61.658775
vn 0.138235 0.284917 0.948532
v 14.332340 160.654190 44.711918
vn -0.369377 -0.918898 0.138521
v -9.928082 102.016533 42.120140
vn 0.606487 0.780593 -0.151154
v 62.608841 94.590523 -37.569931
vn -0.041495 -0.500021 0.865019
v 10.388863 164.604538 42.703003
vn 0.899596 -0.104219 0.424106
v 51.275764 189.447769 4.638663
vn -0.156875 -0.981894 -0.106181
v -8.466607 124.822540 -42.945606
vn 0.867442 0.492113 -0.073279
v -34.732838 77.436615 4.317424
vn -0.157082 -0.742694 0.650946
v 4.346988 131.197037 58.475388
vn 0.569188 0.104375 0.815555
v 21.931084 84.423988 9.775430
vn -0.716256 0.186318 0.672505
v -36.763103 205.997162 34.993649
vn -0.090184 0.267310 0.959381
v -15.231622 5.137766 62.127163
vn -0.900890 0.393860 -0.182405
v -32.310425 112.373932 -22.172487
vn 0.605730 -0.780940 0.152391
v 11.782365 104.987793 21.415895
vn 0.996150 -0.070332 0.052335
v 64.434113 25.283066 35.181679
vn -0.037506 0.827782 0.559795
v 27.174051 72.918739 11.764280
vn -0.717451 0.292660 0.632150
v -24.416521 180.925522 39.427578
vn 0.773154 -0.154129 -0.615205
v 62.825893 1.087511 -73.615852
vn -0.182917 -0.662275 0.726590
v -8.238699 142.245667 52.978333
vn 0.568759 -0.577753 0.585418
v 19.832479 124.375267 -31.841549
vn 0.491315 -0.870116 0.038837
v 22.165600 128.267471 -27.422581
vn 0.226079 0.149567 -0.962558
v 36.508682 35.492519 -80.144646
vn 0.153461 0.267140 -0.951360
v 34.278587 65.227852 -73.856186
vn 0.050836 -0.998689 -0.006000
v -19.077181 124.359413 -36.511616
vn -0.244960 -0.634086 0.733437
v -36.768978 168.140228 25.278061
vn 0.081782 0.268159 -0.959897
v 20.417217 53.101639 -78.540543
vn 0.323902 -0.666578 -0.671387
v 10.656055 125.371376 -38.633278
vn 0.577126 0.527001 0.623855
v 29.822454 213.901611 31.617079
vn -0.383068 0.223503 0.896273
v -21.431776 152.445496 42.902981
vn -0.087684 -0.571714 -0.815754
v -11.375866 133.778305 -53.085011
vn 0.925278 -0.003743 0.379272
v 30.217337 100.794090 -1.886302
vn 0.488516 0.739766 0.462708
v 19.717604 225.571121 28.241562
vn -0.357684 0.396166 0.845645
v 5.049378 28.669979 48.427563
vn 0.757505 -0.609693 0.233369
v 40.318512 160.920746 -11.898436
vn 0.216078 0.162159 -0.962816
v 7.507287 190.872772 -65.926453
vn 0.788910 0.589805 -0.172487
v 36.970356 221.877106 -24.407705
vn 0.297105 -0.903753 0.308155
v -28.073229 190.423782 30.780882
vn -0.064918 -0.684949 0.725693
v -18.804428 123.020775 51.549030
vn -0.473401 -0.658721 0.584789
v -29.577049 129.124741 -20.030735
vn 0.325612 -0.598842 0.731687
v 32.166107 138.500870 25.285381
vn 0.905014 -0.387607 -0.175244
v 49.864017 166.900513 -18.384243
vn -0.847802 -0.493999 -0.192866
v -33.077938 153.663101 -3.093221
vn -0.081964 -0.511543 0.855340
v -9.721026 167.991196 50.807907
vn 0.855790 -0.512589 0.069830
v -31.599817 130.169861 -16.069742
vn -0.078086 0.536366 0.840365
v -13.873067 74.612411 15.442057
vn 0.635893 0.553526 0.537818
v 30.988609 214.329132 30.642805
vn -0.934944 -0.352988 0.035764
v -58.776402 179.959854 -9.876182
vn -0.872918 0.220229 -0.435332
v -61.731834 76.169044 0.818892
vn -0.647290 0.029333 -0.761680
v -46.198372 178.445999 -48.252579
vn -0.907587 -0.416515 0.052919
v -46.316200 148.373566 -29.878351
vn -0.024608 -0.997827 0.061127
v -2.408653 100.939682 34.746361
vn -0.754182 0.384685 -0.532191
v -25.928473 117.907967 -29.565592
vn 0.638422 0.769521 -0.015975
v 33.694885 228.424255 -7.443984
vn -0.711424 0.700460 0.056837
v -40.435047 223.855515 0.063913
vn -0.512314 0.310989 -0.800513
v -28.708309 198.265350 -59.257534
vn 0.416501 0.254970 -0.872650
v 24.638895 203.098022 -56.135956
vn -0.590223 -0.525014 0.613186
v -20.462730 106.428589 14.764019
vn -0.503867 0.361268 0.784604
v -38.662350 148.028915 24.283651
vn 0.988753 0.102165 -0.109225
v 53.314671 193.018158 -13.902577
vn -0.688300 -0.038319 0.724413
v -16.673113 35.574005 44.429733
vn 0.757760 0.498123 0.421513
v -38.033558 87.492142 -4.310072
vn -0.986661 -0.162786 -0.000137
v -58.191143 181.929733 -11.798225
vn -0.160720 0.330963 -0.929856
v -1.353177 198.286911 -65.866058
vn 0.230789 0.725115 -0.648802
v 6.634301 223.433456 -47.941971
vn -0.906981 0.380911 0.179699
v -0.646011 22.640928 57.432659
vn -0.888227 -0.002003 -0.459401
v -35.768547 107.130951 -35.904682
vn 0.647696 0.206828 0.733289
v 3.571225 21.056137 56.052761
vn -0.874329 -0.484907 -0.020341
v -44.339081 143.048065 -27.805622
vn 0.018634 -0.635488 0.771886
v -15.926076 127.821060 55.211998
vn -0.018563 0.604568 0.796337
v 10.908857 23.379160 54.627834
vn -0.356034 0.880221 0.313768
v -68.802467 86.848701 -15.637499
vn -0.174025 0.490691 0.853779
v -19.543947 75.652084 14.406322
vn 0.356609 0.912241 -0.201610
v 20.747217 112.920097 -41.636105
vn -0.198996 0.979758 -0.021811
v -60.695549 36.443619 38.210247
vn -0.348410 -0.847664 0.400095
v -48.396389 161.698563 -12.524805
vn 0.139682 0.521629 0.841660
v -2.779032 73.266075 13.854198
vn -0.221527 0.310919 0.924259
v -41.850185 12.104801 58.735622
vn 0.923430 -0.383218 -0.020526
v 39.405861 158.425140 -14.418053
vn -0.938296 0.201215 0.281271
v -35.531567 99.270302 -7.873523
vn -0.243817 0.690648 0.680852
v -22.998140 71.895142 16.458551
vn -0.296821 -0.603281 0.740236
v -26.426388 198.466064 40.891968
vn 0.838735 0.245782 -0.485916
v 47.565933 195.732559 -31.836996
vn 0.785770 0.071995 -0.614315
v 35.695801 183.787262 -49.627495
vn 0.996196 -0.087026 0.004484
v 67.549194 58.003239 -25.557732
vn 0.871968 0.284072 -0.398717
v -29.519020 139.339554 -12.148252
vn 0.980871 -0.182648 0.067313
v 38.559525 156.739761 10.682001
vn -0.568535 0.766265 -0.299342
v -48.922512 106.567032 -43.202335
vn -0.797491 -0.036899 -0.602202
v -63.182415 75.780960 1.122269
vn -0.040360 -0.654785 -0.754737
v -1.624052 129.143021 -50.510639
vn -0.999919 0.002933 -0.012426
v -58.910751 185.444550 -18.512222
vn -0.254248 0.072062 -0.964451
v -61.399979 35.140598 -73.666435
vn 0.216970 0.007972 -0.976146
v 11.496554 180.306885 -66.373581
vn 0.996357 -0.084890 0.008192
v 67.792564 58.973160 -49.209633
vn -0.936482 -0.122730 0.328540
v -66.609337 14.665906 46.111958
vn 0.135835 0.261013 -0.955731
v 11.200347 113.102455 -57.752674
vn -0.916133 0.029194 -0.399811
v -56.110756 183.995331 -33.250713
vn 0.751380 0.010873 -0.659781
v 40.532375 181.246414 -44.946995
vn 0.420365 0.393710 0.817488
v 18.839291 211.590866 43.016331
vn -0.605014 0.152320 0.781509
v -28.669832 205.971954 41.485409
vn 0.302832 -0.354082 -0.884827
v 33.468071 152.318466 5.853015
vn 0.277882 0.668297 0.690044
v 44.330307 48.416489 31.390724
vn -0.961671 -0.270014 0.047756
v -42.709202 153.555191 -14.398408
vn -0.823737 0.255849 0.505963
v -27.366566 180.230713 35.705467
vn -0.084643 0.106462 -0.990708
v -22.851910 39.979683 -81.745644
vn 0.027097 0.299058 -0.953850
v 1.664125 109.462975 -59.566776
vn -0.555721 -0.658079 -0.508042
v -32.423916 129.527924 -36.344711
vn -0.800649 -0.284421 -0.527320
v -36.164753 137.627472 10.077878
vn 0.207081 0.225421 -0.951999
v 37.599792 46.405464 -77.352745
vn -0.175420 0.328737 0.927987
v 3.576973 75.261475 13.157542
vn 0.488263 -0.563723 -0.666195
v 17.076321 134.661514 -47.985588
vn 0.462798 -0.316873 0.827895
v 8.975512 95.561691 13.901561
vn -0.039791 -0.720323 -0.692496
v 2.483943 -0.027587 -82.487053
vn -0.941962 -0.324020 0.087850
v -40.065964 144.332596 -10.101702
vn 0.992597 -0.087170 0.084571
v -29.267956 135.509750 -12.520056
vn -0.844640 -0.516903 0.139266
v -52.982269 162.200378 -22.776720
vn 0.859964 -0.282359 0.425130
v 25.333027 133.344742 36.138691
vn -0.996195 -0.087064 0.003882
v -72.958191 83.740128 -25.748762
vn 0.838720 -0.291374 0.460054
v 11.820955 32.333336 51.014259
vn -0.399228 0.270741 -0.875966
v -31.514708 138.630646 -12.868257
vn -0.300788 0.661430 0.687049
v -48.769779 46.107368 33.474522
vn 0.677049 -0.294976 -0.674236
v 60.574429 75.824173 1.874887
vn 0.802520 -0.508328 0.312351
v 41.622219 152.206741 -22.130442
vn 0.314647 -0.617388 0.720992
v 21.211224 164.024139 42.084484
vn -0.326665 0.238413 0.914576
v -46.939537 6.922619 58.613953
vn 0.991970 0.016572 -0.125380
v 52.728928 182.247726 -17.266380
vn 0.005951 -0.866834 -0.498561
v 0.333387 125.345840 -44.763039
vn -0.766697 -0.605919 0.212218
v -3.632774 -0.024431 66.284798
vn 0.670670 0.683672 0.287741
v 46.742607 104.242950 -24.229805
vn -0.056096 -0.996875 0.055611
v 1.333219 131.320892 58.247593
vn 0.647409 0.525911 -0.551615
v 54.687126 98.785469 -45.008587
vn -0.468402 0.200814 0.860391
v -11.310824 133.601929 57.957073
vn 0.943529 -0.319977 -0.085840
v 51.291069 172.984619 -13.789703
vn 0.782646 -0.107898 0.613044
v 59.172695 79.323875 -3.883584
vn 0.835749 -0.501685 0.223239
v 28.742830 147.352539 -16.318764
vn -0.358667 0.932526 0.041867
v -22.418169 235.707550 6.304536
vn 0.231678 -0.480373 -0.845912
v -2.652030 137.300156 -55.319378
vn -0.804120 0.212721 0.555104
v -27.054283 189.216812 30.986654
vn 0.918997 -0.349206 0.183031
v 49.358112 174.471283 3.368528
vn -0.693989 0.237058 0.679840
v -2.995529 6.009743 62.094612
vn 0.431574 -0.876750 -0.212259
v 20.330450 124.813217 -33.342064
vn -0.318869 0.438718 -0.840148
v -27.433010 114.244591 -54.468933
vn 0.622191 -0.772377 0.127723
v 46.062931 164.251343 -6.664537
vn 0.812738 -0.187024 -0.551796
v 43.665722 165.953201 -37.573128
vn -0.719828 0.009935 -0.694081
v -70.056664 46.502602 -71.866081
vn 0.968829 -0.076812 0.235520
v -31.927534 129.747299 -16.434738
vn -0.523544 0.697664 0.489046
v -29.809673 224.641235 25.738468
vn 0.652681 -0.755658 0.054668
v 47.903255 163.242065 -15.522820
vn -0.716166 -0.176834 -0.675156
v -41.057911 163.982574 -51.707390
vn 0.869928 0.478088 0.121065
v 47.152664 211.088028 0.332931
vn -0.254264 0.223041 0.941065
v -20.389950 81.469383 12.144132
vn -0.104221 -0.841650 0.529872
v 3.867445 131.657852 57.194126
vn -0.268994 0.836797 -0.476878
v -30.948095 139.031189 -11.845973
vn -0.191467 0.695140 0.692907
v -67.473846 66.921280 9.190044
vn 0.734305 0.345076 -0.584567
v 21.745752 118.838799 -30.407074
vn 0.921908 -0.036151 0.385719
v 29.564165 108.236328 0.637760
vn 0.058527 0.864999 0.498349
v -1.007450 230.993027 30.730770
vn 0.843863 0.126686 0.521388
v 31.172918 94.371986 -3.286267
vn 0.329268 -0.718266 0.612924
v 36.068394 152.404694 -16.968681
vn -0.119503 -0.955249 -0.270589
v -19.930195 124.959290 -39.537548
vn -0.756992 0.642019 0.121549
v 31.558069 78.954185 8.639990
vn -0.663808 -0.381222 -0.643451
v -63.626301 77.624107 -0.039613
vn 0.702101 0.133447 -0.699461
v 32.054852 187.595795 -54.068935
vn -0.828962 -0.383280 0.407331
v -20.983498 113.256004 37.213326
vn -0.691169 0.648842 0.318262
v -44.204182 220.699448 -3.074486
vn 0.683601 0.002418 -0.729852
v 31.219545 181.340805 -55.822235
vn 0.968184 -0.250158 0.006324
v 50.387661 169.548981 -20.162176
vn 0.789038 -0.302964 0.534446
v 30.634007 138.493164 25.754826
vn -0.723237 -0.268530 0.636255
v -44.937061 150.646011 -20.021791
vn -0.293300 0.606161 0.739286
v 3.240395 30.287315 54.287807
vn 0.239410 0.602122 0.761664
v -2.412151 24.888214 49.662350
vn 0.711520 0.454367 0.535995
v 2.423522 152.870056 51.971897
vn -0.012798 0.936599 -0.350169
v -3.603963 233.839569 -29.595280
vn -0.476410 0.877983 0.046695
v -67.500290 33.460651 35.003757
vn 0.323951 0.615219 0.718722
v 54.174603 43.764599 31.655735
vn -0.126132 0.474274 -0.871295
v -33.175274 78.232773 -69.277336
vn 0.825624 -0.555809 0.097065
v -29.969643 129.570007 -14.303324
vn -0.179158 0.461170 0.869037
v -10.818045 212.285965 48.095505
vn 0.361434 0.862399 0.354448
v 16.317007 231.575882 19.055130
vn 0.302231 0.011110 -0.953170
v 42.851883 12.211755 -80.172188
vn -0.507249 -0.408387 -0.758893
v -31.266073 151.373184 -54.162731
vn 0.749301 -0.312926 0.583631
v 36.805706 164.952057 18.918793
vn -0.530024 -0.474809 -0.702588
v -32.218132 145.607025 -50.083572
vn -0.655156 0.751387 0.078668
v -36.981506 227.857941 -0.787501
vn -0.602764 0.215941 -0.768144
v -33.901772 191.033417 -57.655941
vn -0.931436 -0.127679 0.340772
v -35.937977 137.001572 2.910797
vn -0.807501 -0.033834 -0.588895
v -67.739365 20.559320 -72.660690
vn 0.017560 0.923188 0.383949
v -36.692345 115.284187 -39.504807
vn -0.169916 -0.881714 -0.440125
v -7.401245 126.262390 -46.268356
vn 0.538951 0.374684 0.754416
v 7.470008 152.554962 46.922874
vn 0.527801 0.785525 0.323075
v 22.540302 226.333527 22.692532
vn -0.901887 -0.431969 0.001612
v -36.792599 155.695587 -2.347426
vn 0.001362 -0.321440 0.946929
v 7.313016 140.985474 52.856197
vn 0.130901 -0.426495 0.894968
v -0.589484 200.525757 49.518612
vn -0.778660 0.486895 -0.395755
v -48.565044 208.805405 -31.531172
vn -0.879722 -0.465069 0.098998
v -30.193794 117.337219 10.240277
vn 0.280942 0.651104 0.705078
v 57.903450 73.655807 9.227859
vn 0.121181 0.853265 -0.507202
v 4.087373 227.776321 -41.915440
vn 0.594669 -0.777497 0.204614
v 45.803917 162.434814 -13.846901
vn -0.768262 -0.636472 -0.068392
v -21.734499 41.416321 41.396854
vn -0.509933 0.857145 0.072606
v -31.205496 231.649567 0.513009
vn -0.616432 -0.280400 0.735790
v -23.138510 202.687759 44.744659
vn 0.174934 -0.011751 -0.984510
v 31.383528 3.763280 -83.056572
vn 0.636826 -0.121589 0.761360
v 42.003334 193.726868 23.400578
vn -0.570498 0.426347 0.701970
v 32.748699 29.472340 51.726910
vn -0.345852 -0.899112 0.268297
v -36.627693 136.256790 25.282698
vn 0.579742 -0.116629 0.806410
v 40.723812 187.560867 23.580910
vn -0.151589 0.889819 0.430399
v -4.710557 229.411118 32.644054
vn 0.096846 0.124727 -0.987453
v 8.503304 102.559189 -60.884846
vn -0.132738 0.617520 0.775274
v -10.298853 217.271179 44.519066
vn -0.113555 0.100695 -0.988416
v -8.878528 186.636261 -67.516403
vn -0.619925 0.300632 0.724785
v -20.604939 185.417709 41.338696
vn -0.412074 0.249874 0.876218
v -30.211411 185.718811 28.556532
vn 0.203685 -0.516092 0.831963
v 5.020570 142.048569 52.862530
vn 0.168018 0.095900 0.981108
v 15.022985 86.009857 12.028915
vn 0.250987 0.223678 0.941793
v 17.372877 81.711792 12.099689
vn 0.425268 0.513279 -0.745447
v 19.741341 213.821167 -52.108299
vn -0.370876 0.552826 -0.746213
v -24.185701 207.936707 -55.883400
vn 0.856592 -0.480022 0.189284
v 28.500443 119.753670 19.041742
vn 0.241964 -0.578840 0.778715
v 29.229664 -0.027587 61.975018
vn 0.258113 0.655307 0.709894
v 57.560032 53.685158 22.479372
vn -0.847289 0.133486 0.514085
v -66.576653 16.057608 46.928520
vn -0.083369 -0.316397 -0.944956
v -11.019107 157.045334 -64.260361
vn 0.016605 0.094982 -0.995341
v 17.642607 35.469620 -82.840744
vn 0.169129 0.980973 -0.095328
v 7.408748 113.986359 -47.421978
vn 0.357227 0.688634 0.631009
v -35.740444 48.665539 36.088573
vn -0.263117 0.688332 0.675994
v -41.281467 46.882874 36.171383
vn -0.937298 0.174395 0.301759
v -40.804798 147.982544 19.746534
vn -0.012520 0.482834 -0.875622
v -4.859943 93.117714 -63.020229
vn 0.149731 0.700879 0.697388
v -8.367519 63.881203 27.349136
vn 0.016758 -0.552690 -0.833219
v -10.112571 132.068848 -51.320538
vn 0.631454 -0.314689 -0.708687
v 12.797857 125.173798 -37.366074
vn 0.665110 0.387746 -0.638186
v 28.358088 144.466385 1.377881
vn 0.035649 -0.935415 -0.351750
v 15.005408 126.188644 -39.008148
vn 0.533242 0.770360 0.349568
v 19.466240 226.472092 26.481747
vn -0.000846 0.986536 0.163543
v -6.402061 237.910889 8.798546
vn -0.210071 0.742111 0.636508
v -22.557362 68.495392 20.987883
vn -0.996178 -0.087254 0.004019
v -71.321373 65.850380 -8.132370
vn -0.663752 0.675643 0.320842
v -49.005543 102.848457 -18.279293
vn -0.897237 -0.071097 0.435789
v -34.432404 165.430038 22.969357
vn 0.898652 0.061664 -0.434306
v 25.217527 131.772461 -21.634550
vn 0.218281 -0.360502 -0.906858
v 33.048489 153.533646 -14.299783
vn -0.048231 -0.002389 0.998833
v -14.920101 157.696823 43.670753
vn -0.918035 -0.395604 0.026622
v -31.419609 127.282013 -16.200827
vn 0.795571 -0.566128 0.215790
v 49.179298 166.788452 -9.017482
vn -0.004355 0.438953 -0.898500
v 13.505079 76.377884 -71.705284
vn 0.670125 -0.588690 0.452081
v 62.152489 -0.027504 50.354740
vn 0.570373 0.800273 0.185033
v 60.383957 95.956421 -33.440418
vn -0.527938 0.849123 0.016457
v -30.352922 107.696404 -40.797771
vn 0.634942 0.287319 0.717145
v 15.624307 36.838837 44.562336
vn -0.348109 -0.029293 -0.936996
v -23.873472 178.980072 -65.078354
vn -0.940483 0.319244 -0.116516
v -56.016621 200.799316 -19.775911
vn 0.250240 0.607740 0.753679
v 47.427956 68.867455 16.335714
vn -0.995892 0.070438 0.056893
v -33.322994 124.012444 -3.171836
vn 0.827945 -0.035216 -0.559703
v 63.122723 4.416597 -73.241043
vn 0.863923 0.341985 0.369707
v 32.471760 141.378189 1.387901
vn 0.993104 0.089221 -0.076056
v 30.719599 117.187683 -8.673728
vn 0.990948 0.131811 -0.025472
v 53.444061 193.826324 -9.647845
vn 0.787258 -0.296391 0.540719
v 39.035007 166.922531 17.357742
vn 0.097489 0.022209 -0.994989
v -8.702724 1.868308 -82.877914
vn 0.916781 -0.069009 0.393382
v 27.678108 166.482132 35.760509
vn -0.402594 -0.394441 0.826036
v -36.357868 137.837341 28.603037
vn -0.004970 0.588843 0.808232
v 10.926407 20.204720 57.432766
vn -0.844866 0.453801 0.283314
v -42.638817 214.781815 16.601028
vn 0.708528 -0.622644 0.332118
v 34.851383 138.645554 22.551996
vn -0.389036 -0.782131 0.486746
v -36.556408 136.846924 26.274881
vn -0.804659 0.232036 0.546519
v -64.402534 70.891548 5.989272
vn 0.945666 0.275918 0.172001
v 51.343693 200.033249 1.804808
vn -0.925012 -0.232192 0.300733
v -53.712917 175.735474 5.842781
vn -0.404741 -0.847932 0.342340
v -34.481461 52.708271 32.552410
vn 0.032956 0.688169 0.724801
v -25.206690 57.958191 34.327538
vn -0.784576 -0.141281 -0.603721
v -44.877766 166.450470 -47.191788
vn -0.908133 -0.206123 -0.364427
v -48.223503 158.661209 -41.128086
vn 0.232782 0.152729 0.960462
v 28.761524 177.635803 31.654581
vn -0.235852 0.624653 0.744434
v -46.952747 89.101501 0.753532
vn 0.226608 0.287898 0.930464
v 47.046661 22.530283 52.039833
vn -0.782096 -0.450206 -0.430860
v -32.808613 134.527985 1.664029
vn 0.814678 0.533143 0.228163
v 44.552998 213.492203 6.081000
vn 0.658577 0.660980 0.359696
v 34.757336 100.838882 -21.847795
vn -0.346776 0.785164 0.513093
v 38.228424 110.238823 -28.938957
vn -0.180598 0.128384 -0.975142
v -32.853313 36.018784 -80.743439
vn 0.992841 0.054682 0.106195
v 69.202766 77.669006 -7.743561
vn 0.930823 0.166273 0.325457
v 49.676842 199.411682 8.068465
vn 0.858017 0.064435 -0.509564
v 47.218227 183.984940 -36.375816
vn -0.150464 -0.060846 0.986741
v -38.090046 185.954895 27.632826
vn -0.779544 0.023366 -0.625911
v -30.849440 124.918739 -18.604177
vn 0.914062 -0.039791 -0.403618
v 66.611603 43.129715 -71.688858
vn 0.588597 -0.608703 0.532009
v -30.389305 125.827896 -18.088526
vn 0.780246 0.197620 -0.593433
v 68.470688 65.417870 -66.346069
vn -0.996124 -0.087702 0.006695
v -67.753403 23.478617 -39.269600
vn -0.675326 -0.737501 0.005235
v -65.728569 -0.027546 -44.070236
vn 0.181503 -0.438246 0.880339
v 17.724491 164.601685 42.507580
vn 0.086013 0.778657 -0.621527
v 2.832594 224.036087 -47.505344
vn -0.185072 0.012939 -0.982640
v -33.387096 10.064645 -83.595451
vn 0.398006 0.003345 -0.917377
v 21.410906 186.638733 -61.975658
vn -0.024432 0.216574 -0.975960
v 2.848373 44.867413 -81.178673
vn -0.252831 0.812752 -0.524891
v -21.666172 223.675415 -42.090763
vn -0.996265 -0.086232 0.004382
v -68.063576 27.622135 -25.106022
vn 0.478959 -0.211035 0.852093
v 13.346672 129.004761 55.276825
vn -0.394302 0.784419 0.478761
v -65.215286 84.450859 -6.590684
vn -0.638190 -0.769876 0.002250
v -37.508385 135.678848 -1.423155
vn -0.500402 0.483360 0.718304
v 31.939959 31.613855 48.587601
vn -0.007221 0.551018 0.834462
v 10.751508 39.792500 48.322716
vn -0.195488 0.102743 -0.975309
v -36.811295 20.881908 -82.137550
vn 0.671513 -0.735563 0.089536
v 22.242439 129.401520 -27.071680
vn -0.159617 -0.379885 -0.911158
v -14.441302 152.152008 -62.167023
vn 0.323802 0.507718 0.798358
v 13.753033 213.833252 44.377537
vn 0.873074 -0.331378 0.357674
v -29.650452 126.716835 -17.572813
vn -0.485494 -0.712546 0.506531
v -43.616238 161.194733 -12.055860
vn -0.225103 -0.798863 0.557806
v -13.071918 165.439529 43.937111
vn -0.646233 0.666079 0.372454
v -0.210579 21.802200 55.551922
vn -0.702421 -0.331268 0.629973
v -14.715552 108.390633 45.328232
vn -0.826668 0.461581 0.321811
v -45.582977 211.156372 15.159286
vn 0.080653 0.761072 0.643634
v 43.005219 97.527138 -6.500260
vn -0.861868 0.166930 0.478872
v -32.279247 154.440842 32.299759
vn -0.405534 0.658742 -0.633720
v -26.112600 218.171600 -46.385345
vn 0.955375 0.249142 -0.158704
v 58.652065 76.280815 0.417150
vn -0.270727 -0.259490 -0.927023
v -21.104088 168.168869 -64.905540
vn 0.040702 0.103475 0.993799
v -37.265484 149.378601 24.458641
vn 0.442288 0.272034 0.854622
v 61.930328 78.926567 -4.785597
vn 0.916519 0.004363 0.399967
v -29.528811 132.168961 -13.336496
vn -0.817834 -0.443169 -0.367080
v -33.799458 145.191193 -10.573411
vn 0.376447 0.213722 -0.901449
v 36.756718 102.889992 -55.164135
vn 0.261411 -0.317456 -0.911530
v 18.094362 158.475891 -60.009468
vn -0.436770 0.852141 0.288249
v -24.914574 233.486786 11.496842
vn -0.096299 -0.877533 -0.469746
v -14.711102 125.458488 -38.155766
vn 0.816090 -0.488365 0.309026
v 21.682875 115.086121 31.032835
vn -0.270945 -0.870941 0.409941
v -32.123890 128.223083 -16.026850
vn 0.789358 -0.568488 0.231807
v 40.972042 150.908524 -25.098999
vn -0.442471 -0.895241 0.052564
v -43.223862 162.954193 -4.665833
vn -0.211763 0.248690 -0.945151
v -53.255219 62.857189 -71.507088
vn -0.015491 0.363096 0.931623
v 6.938622 160.508255 42.723564
vn -0.297644 -0.660758 0.689063
v -26.984137 197.072052 39.441898
vn 0.501578 0.571838 0.649169
v -36.863396 81.734283 -1.181278
vn -0.213779 -0.338968 0.916188
v -7.883748 132.865021 58.918209
vn 0.693904 0.488514 0.529009
v 6.388459 148.532516 49.414398
vn 0.234186 0.965390 0.114805
v 31.091011 107.592537 -36.795727
vn 0.925765 -0.079324 0.369685
v -29.847734 128.200668 -16.397707
vn -0.870961 -0.244159 0.426396
v -29.199446 125.407280 30.070045
vn -0.536718 -0.310428 -0.784582
v -36.727776 147.365829 8.725522
vn -0.006128 -0.194409 -0.980901
v -37.191269 151.437378 7.537007
vn -0.700974 -0.150535 -0.697118
v -36.288376 144.350983 8.846117
vn 0.819953 -0.319973 0.474652
v 19.171724 117.329216 37.427837
vn 0.866229 -0.443023 -0.231040
v 30.822412 134.298721 3.042390
vn 0.726402 0.525879 0.442483
v 33.109688 216.960358 24.200073
vn -0.410420 -0.459902 0.787430
v 10.357970 129.783508 52.144314
vn -0.894113 -0.236007 -0.380609
v -36.236473 147.825134 7.607663
vn -0.805507 0.460771 -0.372624
v -31.316631 128.137909 -16.048676
vn 0.288647 0.567443 0.771162
v 31.949713 151.971786 -14.932094
vn -0.397207 -0.361620 0.843479
v -7.792108 118.957504 54.926945
vn 0.442940 0.724225 0.528490
v 33.288078 142.411209 -0.416618
vn -0.101203 0.214356 0.971499
v -10.301691 172.890884 50.357426
vn 0.084009 0.611381 0.786864
v -11.829915 23.516916 53.402035
vn 0.081865 -0.770505 0.632155
v -37.075130 164.727783 20.351091
vn 0.154390 0.788747 0.595014
v 35.709072 39.828945 43.178131
vn -0.860340 0.508774 0.031046
v 3.093929 32.434277 51.711422
vn -0.118448 0.199700 0.972672
v -8.430768 208.241180 49.953697
vn -0.644050 0.370641 0.669197
v -6.440542 147.624207 58.949238
vn 0.937238 -0.126926 -0.324769
v 48.672325 178.556091 -32.862640
vn -0.527258 0.706017 -0.472800
v -34.334629 220.553177 -36.206673
vn -0.126911 -0.074602 0.989105
v -47.718983 21.078272 52.076820
vn 0.536373 -0.383880 0.751625
v 34.903187 164.484009 21.637289
vn -0.507350 -0.140321 0.850239
v -38.181843 162.935593 20.113667
vn -0.559372 -0.044751 0.827708
v -23.437016 172.069748 45.830757
vn 0.464462 0.600555 -0.650852
v 23.976404 216.365463 -47.751083
vn -0.990533 0.037492 0.132057
v -34.294312 109.662727 -5.211699
vn -0.061217 0.435655 -0.898030
v -10.558564 118.086372 -57.232574
vn -0.825357 0.441538 -0.351896
v -51.866539 206.275101 -28.229782
vn -0.088056 0.720025 0.688339
v -17.871801 71.628754 17.908035
vn 0.822891 0.077968 0.562824
v 43.144253 187.587952 22.275568
vn 0.236195 0.766568 0.597148
v -6.969149 69.948746 19.746536
vn -0.092142 0.676219 0.730915
v -6.099040 221.782196 41.424503
vn -0.986061 0.044572 -0.160304
v -58.096924 185.797012 -25.923464
vn 0.431807 -0.678506 0.594283
v 21.534126 126.606110 -29.296217
vn -0.744221 -0.459839 0.484441
v -44.131027 147.569153 -20.901661
vn 0.251239 -0.284828 -0.925069
v 11.567677 157.470093 -62.617481
vn -0.789975 -0.478316 -0.383605
v -36.890270 155.615982 5.066167
vn 0.732037 -0.643875 0.222592
v 40.415916 160.435303 -7.042236
vn 0.859141 -0.264311 0.438196
v 24.482737 126.533463 33.473953
vn 0.901753 -0.259879 0.345404
v 28.404070 135.780731 30.342611
vn -0.593570 0.508516 0.623768
v -14.070815 134.940292 54.448128
vn -0.885306 -0.305098 0.350925
v -30.840662 123.407394 24.826927
vn 0.666889 0.570580 0.479267
v -4.633123 29.240162 52.346447
vn -0.862345 -0.266436 0.430549
v -28.688381 112.657829 8.379430
vn 0.592922 0.753886 -0.283019
v 46.299240 106.130745 -44.037094
vn 0.488219 -0.625372 0.608730
v 31.229830 151.351822 -15.580752
vn 0.264951 -0.815534 0.514495
v 22.258932 126.808647 -28.990257
vn -0.123687 -0.292763 0.948152
v 21.071573 127.135025 -28.841656
vn 0.873536 0.229833 0.429083
v 25.754198 171.937653 37.960651
vn 0.887862 0.197748 0.415447
v 47.235943 199.524002 13.997941
vn -0.420641 0.861292 0.285023
v -67.540192 89.427261 -21.358828
vn 0.007421 0.296744 -0.954928
v -0.337975 54.000298 -78.264915
vn -0.336346 0.572103 0.748044
v -35.701569 62.223309 26.780554
vn -0.533996 0.286427 0.795492
v -14.230981 132.128754 56.160782
vn -0.127360 0.269204 -0.954625
v -14.328713 111.359650 -58.173569
vn -0.920683 -0.386000 -0.057848
v -46.013939 146.301178 -27.860796
vn -0.202217 0.257359 -0.944921
v -59.861961 61.463306 -70.360519
vn -0.961733 -0.273883 0.007570
v -56.914219 170.647614 -17.337425
vn 0.387946 -0.529411 -0.754468
v 37.930279 159.170090 2.731843
vn 0.425085 0.609100 0.669552
v 18.272497 215.435394 41.117474
vn 0.407069 0.502434 -0.762794
v 33.904449 107.976288 -53.707005
vn 0.681049 0.193169 -0.706299
v 30.742231 194.637817 -53.604053
vn 0.039326 0.464466 0.884717
v -3.932889 38.360195 43.861927
vn -0.372797 0.921883 -0.105614
v -20.528217 236.689651 -8.830561
vn 0.079964 0.995560 -0.049669
v 9.920614 237.722809 0.098222
vn 0.612582 0.278372 0.739765
v 4.143285 145.084900 57.538391
vn 0.995299 0.083240 0.049501
v 30.349827 122.930122 -4.182930
vn 0.569608 0.530744 0.627581
v -35.011570 37.816647 43.576317
vn 0.870990 -0.171757 -0.460299
v -30.840992 131.207443 -15.472466
vn -0.568172 0.702676 0.428284
v -51.705032 94.636810 -7.668660
vn -0.569261 -0.648164 0.505792
v -34.515408 145.853271 -11.314226
vn 0.302414 -0.748360 0.590342
v 5.164928 102.698509 47.086784
vn 0.191079 0.961558 -0.197218
v 11.714861 236.746460 -16.201818
vn -0.537902 0.840180 0.068989
v -28.234468 232.830429 5.718127
vn 0.568402 0.275631 0.775208
v 21.712294 209.030975 42.934948
vn -0.222394 0.371906 0.901236
v 33.840393 16.699301 58.415840
vn -0.076582 0.993944 0.078804
v -34.801540 105.039711 -36.657093
vn 0.208789 0.963592 0.167024
v 12.036860 237.045319 5.374316
vn -0.978471 0.041991 0.202066
v -34.355362 104.262550 -5.271611
vn 0.777060 -0.034006 -0.628507
v 65.696671 32.780220 -72.344955
vn 0.332979 -0.114712 0.935931
v -31.468710 128.818512 -15.012712
vn 0.700083 0.625008 0.345325
v 37.223305 216.228638 18.370434
vn -0.015181 -0.886499 0.462481
v 15.874360 120.450455 48.274990
vn -0.446645 -0.371917 0.813748
v -28.287693 201.297302 41.343868
vn 0.340427 0.849919 0.402177
v 14.292286 229.654282 24.969700
vn 0.993763 -0.111452 0.003779
v 52.772667 179.547836 -15.845895
vn 0.050109 0.842660 0.536109
v -34.172588 76.966759 4.165289
vn 0.861618 -0.471881 -0.186929
v 19.209837 125.025620 -31.341675
vn 0.843621 0.248728 -0.475856
v 40.930874 196.375641 -40.884190
vn 0.536555 0.459591 0.707732
v -35.146080 32.484543 47.495285
vn -0.381644 0.837476 -0.391129
v -31.688564 139.664856 -12.201507
vn -0.244105 0.733160 -0.634735
v -21.783438 222.282196 -43.883335
vn 0.939480 -0.314394 -0.136139
v 51.323563 172.570969 -11.506412
vn 0.163335 -0.912342 -0.375437
v 33.572933 154.421036 -14.416794
vn 0.692015 0.240558 0.680623
v 24.913589 155.029800 37.750629
vn 0.576474 0.064207 0.814589
v 42.360554 195.787476 23.949291
vn 0.338049 -0.657601 0.673263
v 4.119527 126.000938 56.060490
vn 0.007576 0.744321 0.667779
v -11.634456 70.984993 19.018936
vn 0.878820 0.250331 -0.406214
v 70.279915 89.295036 -36.233604
vn -0.567004 0.049648 0.822217
v -30.481049 174.819000 31.920012
vn 0.770943 -0.438768 0.461660
v -32.638725 140.992554 -11.460801
vn 0.816991 0.498191 0.290399
v -30.950758 129.096619 -17.215061
vn -0.885234 -0.107827 -0.452476
v -41.268093 147.055054 10.722447
vn -0.934705 0.099919 0.341090
v -34.049030 155.131058 28.104767
vn 0.027689 -0.507996 -0.860914
v 1.246973 135.699326 -54.730896
vn 0.935173 -0.352846 -0.030827
v 49.949963 175.199280 4.253354
vn -0.921673 0.100739 0.374660
v -33.376656 161.664810 27.305292
vn 0.327484 0.252261 0.910559
v 18.460146 147.797577 44.596565
vn -0.198388 0.269938 -0.942218
v -14.536428 195.815323 -65.198456
vn 0.742380 0.048880 0.668194
v 41.498177 58.697445 22.892813
vn 0.433104 -0.468121 -0.770249
v -29.914024 134.746964 -13.280726
vn 0.409823 -0.568967 0.712967
v -30.009966 134.924835 -12.479512
vn -0.071337 0.479930 -0.874402
v -25.478886 78.181046 -70.217880
vn 0.443427 -0.337514 0.830335
v 20.163107 168.485367 44.689129
vn -0.615560 -0.119994 -0.778901
v -35.970192 169.632446 -58.193031
vn 0.177070 -0.647761 -0.740981
v 5.815173 131.167908 -50.965717
vn -0.928402 -0.371445 0.009947
v -35.121319 147.052933 -11.985365
vn 0.049638 -0.712250 -0.700169
v -5.422854 -0.027587 -82.573624
vn -0.869643 -0.154285 0.468954
v -40.727409 146.807236 -8.454072
vn -0.496404 -0.143041 0.856226
v -23.491657 102.572029 12.102079
vn -0.672917 0.668654 -0.316361
v -42.640121 219.769653 -25.858856
vn -0.788429 0.500703 0.357319
v -46.578423 213.150452 9.307137
vn -0.877852 0.291840 -0.379743
v -32.307194 130.072586 -15.260499
vn 0.782132 -0.176806 -0.597503
v 32.618477 140.598404 6.760198
vn -0.497873 0.862466 0.090972
v -39.735844 224.966492 1.836339
vn -0.544605 0.280876 -0.790262
v -30.814789 125.942970 -18.314920
vn -0.199363 0.358992 -0.911800
v -43.977180 69.927139 -71.435104
vn 0.803909 -0.019897 0.594419
v 19.297592 42.187561 40.617668
vn -0.586650 -0.809606 -0.019463
v -15.401021 105.294510 32.057404
vn 0.247786 0.546332 0.800077
v 23.393465 51.889816 38.244251
vn 0.613055 0.371479 0.697257
v 62.140484 82.172501 -3.797757
vn -0.482777 0.724815 0.491498
v 37.622784 87.935547 1.278899
vn 0.754142 0.541696 0.371261
v -41.283527 101.149445 -17.606400
vn -0.644596 0.737032 0.203174
v -40.548046 216.951752 18.876854
vn 0.823473 -0.567304 -0.007705
v 24.415632 48.873772 34.750381
vn -0.778942 0.351123 0.519579
v -70.330467 55.807968 18.090811
vn 0.063477 0.517795 0.853146
v 50.995136 79.643112 5.899446
vn 0.758303 0.635570 0.145008
v 28.033836 144.188889 -0.147239
vn 0.518529 0.709198 0.477666
v 19.419058 218.134277 36.923141
vn 0.605660 -0.198372 0.770600
v 38.202606 193.020294 27.351246
vn -0.073702 -0.443254 -0.893361
v -8.056854 139.248688 -56.695210
vn 0.245818 0.968819 0.031048
v 51.504059 36.836922 38.475868
vn -0.151225 0.058994 0.986737
v 36.600658 25.542942 54.310436
vn 0.176727 0.981529 0.073269
v 9.222353 238.025116 1.059767
vn -0.571480 0.571028 -0.589353
v -35.883038 211.849136 -44.940594
vn -0.185463 0.634655 -0.750211
v -38.237774 94.002197 -58.531502
vn -0.269547 -0.205895 -0.940719
v -38.186005 97.479568 -55.638153
vn -0.704245 -0.709617 0.021960
v -45.220760 160.686478 6.611095
vn 0.765717 -0.243151 0.595445
v 23.899597 47.330589 41.255371
vn 0.849801 0.118073 0.513710
v 63.274761 12.615178 46.881161
vn 0.253698 0.636608 0.728263
v 44.300873 77.192924 9.860349
vn 0.451166 0.184581 0.873143
v 52.823643 4.151525 54.988598
vn 0.599084 0.212001 0.772110
v -32.138790 111.823517 -41.831688
vn 0.076369 -0.367900 -0.926724
v 13.291675 125.808830 -37.153301
vn -0.455056 -0.390913 0.800069
v -6.279394 89.858582 17.423473
vn -0.036032 -0.900886 -0.432558
v -9.685621 125.799141 -46.110039
vn -0.246407 -0.956520 -0.156054
v 14.814275 125.124657 -36.747311
vn -0.348839 -0.061883 -0.935137
v -22.640688 174.883865 -65.561653
vn -0.631261 0.695450 -0.343307
v -26.961262 113.864174 -33.283073
vn -0.898824 -0.235847 0.369448
v -31.146923 133.202454 29.504265
vn 0.558359 0.824060 -0.095708
v 28.380768 109.286560 -37.395031
vn 0.737887 -0.657016 -0.154446
v -31.131445 131.092468 -15.745112
vn 0.286675 -0.607263 0.740979
v 4.460988 116.318375 52.086323
vn 0.724016 -0.016171 0.689594
v 30.948969 140.105606 25.721462
vn 0.774048 -0.062372 0.630047
v 23.173143 189.643875 31.823532
vn 0.748607 0.056664 0.660589
v 23.548912 170.517014 43.178040
vn -0.206038 0.759902 0.616520
v -5.828165 227.939041 35.119320
vn 0.734388 0.120503 -0.667947
v 39.118927 192.922897 -44.684780
vn -0.340322 -0.222372 -0.913637
v -26.175888 164.967316 -62.523296
vn -0.063282 -0.451689 -0.889929
v -9.752388 98.988449 -61.048904
vn -0.195957 -0.812582 -0.548919
v -57.802834 -0.027529 -76.129608
vn -0.401706 0.518658 -0.754736
v -27.573248 205.817459 -55.928673
vn 0.566956 -0.079845 0.819869
v 33.370647 161.818130 20.228035
vn 0.724684 -0.686141 0.063591
v 22.642162 127.592674 -27.696169
vn 0.759207 -0.596281 0.260871
v 21.105795 129.245117 -28.050430
vn -0.179425 0.723378 0.666732
v 16.385185 56.495579 32.675770
vn 0.105630 -0.514232 -0.851122
v 32.677555 148.875900 -13.030502
vn 0.396967 0.746127 0.534520
v 47.094204 80.788269 5.866211
vn 0.385527 0.342894 0.856617
v 20.233215 77.975945 12.248797
vn 0.598720 -0.157598 0.785301
v 4.644120 162.322876 42.405540
vn 0.963365 -0.143357 -0.226664
v 50.999844 175.378525 -27.268608
vn -0.167071 0.092029 -0.981641
v -23.414333 103.281097 -59.386753
vn -0.837417 -0.015712 -0.546338
v -53.148678 181.093552 -38.671364
vn 0.253084 0.149548 -0.955816
v 42.354851 35.863476 -78.674675
vn 0.930998 -0.278354 -0.236140
v 49.371311 169.348007 -28.207354
vn -0.609939 -0.286431 0.738872
v -35.987659 136.310715 -13.828368
vn -0.995644 0.089233 -0.027043
v -34.160751 112.396111 -8.793262
vn 0.996181 -0.087140 0.005419
v 63.082211 5.915423 -41.075661
vn -0.051871 0.840024 0.540064
v -31.547369 74.271988 9.339201
vn -0.608420 0.039343 0.792639
v -25.799278 142.504578 43.624714
vn -0.358753 -0.933397 -0.008205
v -10.101193 102.349960 35.088898
vn 0.261392 -0.597254 0.758262
v 10.963447 194.943924 42.600605
vn -0.644782 -0.342912 0.683131
v -38.050381 154.490417 -4.975860
vn -0.126323 0.705409 0.697453
v 21.245686 58.812004 34.612103
vn -0.872524 -0.291916 0.391774
v -29.053604 134.190872 35.455166
vn 0.830175 0.045020 -0.555682
v -29.864428 133.089890 -13.706975
vn -0.986527 -0.161223 -0.027780
v -40.841633 142.101059 16.882015
vn -0.730486 0.632440 0.257700
v -39.833160 222.409195 8.864205
vn -0.376589 0.459000 -0.804674
v -33.086285 110.533028 -53.904526
vn -0.341407 0.601340 0.722379
v -51.364693 41.939156 36.054264
vn 0.940974 -0.095939 -0.324597
v 36.552689 140.525208 8.997111
vn 0.158207 -0.464726 0.871206
v 14.708392 125.970528 53.690094
vn -0.968011 0.171767 0.182898
v -2.936927 12.392054 62.702213
vn -0.746451 0.093318 -0.658865
v -70.686951 53.955055 -70.425163
vn 0.502573 0.050022 0.863086
v 31.707319 179.299698 29.794178
vn 0.028764 -0.761869 0.647092
v -29.688225 190.028656 30.095917
vn -0.451186 0.288761 0.844422
v -34.627869 144.170624 26.191481
vn -0.063606 0.031065 -0.997492
v 5.313284 18.288473 -82.980232
vn -0.407545 0.913021 0.017301
v -24.695770 234.771454 0.112728
vn 0.986647 -0.078299 -0.142820
v 36.373611 141.283966 10.081673
vn 0.412148 0.904277 0.111428
v 25.496136 233.216522 -1.357119
vn -0.228684 -0.534854 0.813410
v -6.819604 131.009399 57.651108
vn 0.919497 -0.360948 -0.155699
v 50.483864 170.554245 -18.517765
vn -0.864249 0.503036 -0.005367
v -62.053242 77.193024 -0.884010
vn 0.745709 -0.545213 -0.382963
v 35.253971 139.631195 -7.515432
vn 0.330967 0.033481 -0.943048
v 62.741665 22.330200 -73.205437
vn 0.620440 -0.323924 -0.714232
v 29.824444 152.080338 -49.484428
vn 0.698030 0.299558 0.650400
v 20.550993 161.118912 41.408516
vn 0.978525 0.204835 -0.023063
v 31.033401 108.098854 -15.846077
vn -0.278473 0.595143 0.753829
v -60.460499 45.372967 28.663486
vn 0.648977 -0.383586 0.657032
v 38.231564 171.359406 20.175295
vn 0.126175 0.565634 -0.814947
v 24.273272 93.657494 -60.885300
vn -0.357405 -0.024681 -0.933623
v -25.981722 173.340393 -64.220497
vn 0.594806 -0.516530 -0.615957
v 25.820578 133.801987 -38.847317
vn 0.320359 0.769622 0.552315
v 55.982197 74.538109 9.594254
vn 0.851216 -0.222154 0.475478
v -30.725567 129.987961 -17.627735
vn 0.493165 -0.115653 0.862214
v 12.956744 193.323853 40.866489
vn -0.536839 0.578256 0.614348
v -33.974716 210.473999 34.898289
vn 0.511696 -0.288613 0.809240
v 27.641365 141.585114 -18.998487
vn -0.840053 0.026600 -0.541853
v -49.029411 196.057144 -39.985519
vn 0.074757 0.472807 -0.877989
v -0.594030 207.639420 -61.424816
vn 0.721154 -0.425478 -0.546722
v 28.312416 148.812424 -14.634623
vn -0.952585 -0.274957 0.130307
v -33.187233 149.859009 -4.291009
vn 0.704106 0.706486 0.071499
v 37.543869 224.843384 -3.238349
vn 0.835391 -0.450267 0.315248
v 37.964943 160.227524 -1.921530
vn 0.876435 0.355635 0.324632
v 65.222443 34.238647 34.080376
vn 0.710523 0.368400 0.599531
v 21.619398 176.364594 41.157043
vn 0.624939 -0.651058 0.430784
v 9.896528 104.205673 44.589890
vn 0.634910 -0.560828 -0.531377
v -31.310795 130.748016 -15.413307
vn 0.706144 0.700825 0.101019
v -32.397472 74.670082 9.373097
vn 0.451743 0.826300 0.336389
v 22.005032 226.604050 25.429764
vn -0.235825 -0.036607 0.971106
v -12.634024 170.219833 50.693630
vn -0.070608 -0.032768 -0.996966
v 3.614940 4.289612 -82.606873
vn 0.159722 0.305089 -0.938834
v 19.856983 106.533203 -58.596794
vn -0.973773 0.105722 0.201468
v -31.530922 126.555588 -17.591455
vn 0.036906 0.569418 0.821220
v 17.630180 49.336243 41.609909
vn -0.396740 0.244378 0.884803
v 32.245743 7.891507 58.850239
vn -0.420970 0.183950 -0.888227
v -26.428726 188.144928 -63.199074
vn -0.823282 -0.219779 0.523358
v -36.352768 134.979568 -15.794981
vn -0.768609 0.379729 0.514826
v -70.716789 60.493206 14.340252
vn -0.835424 0.377742 0.399222
v 6.515903 32.742157 46.591251
vn -0.668891 0.545532 0.504955
v -34.503708 216.770782 29.290710
vn 0.326179 -0.710337 0.623722
v -36.320374 164.775192 21.267441
vn -0.905664 0.379627 -0.188830
v -32.192997 126.487259 -18.157009
vn -0.374551 -0.450869 0.810203
v -19.236067 169.752655 46.567154
vn -0.986927 -0.156116 -0.040036
v -41.796383 144.021423 15.625787
vn -0.058312 0.518099 0.853331
v -18.067312 44.191441 43.702740
vn -0.996108 -0.087777 0.008027
v -68.897797 36.278343 -39.831154
vn -0.715515 -0.671354 0.193190
v -52.646385 167.396790 -4.158913
vn 0.478657 -0.828827 0.289712
v -38.000248 147.229996 -12.815480
vn 0.955319 0.279546 -0.096024
v 51.795959 196.052216 -20.093809
vn -0.297790 0.954270 -0.026250
v -66.265709 34.359470 35.198875
vn 0.704868 -0.445897 0.551667
v 42.859818 167.468262 10.125027
vn 0.374045 -0.672711 0.638397
v 24.520342 191.091919 31.766171
vn 0.843369 -0.471695 -0.257357
v -29.256437 130.460098 -14.517500
vn -0.053445 0.525022 0.849409
v -1.066538 137.649307 57.842133
vn -0.598871 0.778150 -0.189305
v -68.154221 92.748314 -37.884407
vn -0.962329 0.223937 -0.154190
v -33.010437 127.939926 -16.595211
vn -0.102593 0.031918 -0.994211
v -10.781595 101.141449 -61.115681
vn 0.451805 0.845605 -0.284298
v 27.655855 229.395691 -21.364389
vn -0.064449 0.234308 0.970024
v -3.543095 185.809586 48.803169
vn -0.723262 -0.478374 0.498048
v -18.117874 120.471107 44.224564
vn 0.068536 -0.701159 -0.709704
v 0.832651 127.834305 -49.209724
vn -0.187589 -0.911951 -0.364904
v -9.358083 126.118446 -40.207783
vn -0.381088 0.818580 -0.429765
v -25.454288 227.516891 -33.193565
vn -0.769683 0.267620 0.579628
v -17.740080 135.185120 48.141052
vn -0.928300 0.101807 0.357622
v -40.649864 153.348557 17.515207
vn -0.182777 0.057560 -0.981468
v -64.317924 40.198685 -72.738335
vn -0.023096 0.998849 0.042030
v -1.637551 239.313416 -2.789833
vn 0.337954 0.797129 -0.500373
v 14.150681 222.213898 -47.163357
vn -0.191273 0.502263 0.843295
v -5.094716 136.216812 59.354633
vn 0.606061 -0.258313 0.752306
v 21.245319 161.967255 39.681507
vn -0.553878 0.750478 0.360557
v -31.689672 228.351685 16.053289
vn 0.084141 0.511819 -0.854963
v 20.053659 89.554512 -64.052582
vn 0.035544 0.465176 0.884504
v -36.381256 142.549591 27.198942
vn -0.770314 0.076201 -0.633095
v -47.573338 186.195908 -45.496216
vn -0.795832 -0.554180 -0.244002
v -37.178135 158.293411 -3.085942
vn -0.642322 0.142125 -0.753142
v -35.847610 184.668640 -57.724091
vn -0.305483 -0.702525 0.642758
v -24.165138 196.080643 39.522316
vn 0.553023 -0.336509 0.762186
v 39.280960 185.574509 23.876793
vn 0.308982 0.735254 -0.603268
v 10.815948 115.340057 -43.463566
vn 0.445752 0.749917 0.488804
v -43.070091 100.087547 -11.128864
vn -0.453435 -0.007373 0.891259
v -17.938902 171.884018 48.797195
vn 0.905026 -0.425025 0.016784
v 45.436768 158.282684 -25.214958
vn -0.574541 0.210473 0.790951
v -37.018826 164.186722 20.177925
vn -0.071375 0.090691 0.993318
v -4.935356 173.840668 50.359058
vn 0.852002 -0.465632 0.239333
v 23.525576 130.909424 -25.230127
vn 0.748649 0.617277 0.241855
v 40.286129 219.559479 4.691365
vn 0.910315 0.366268 -0.192808
v 47.058990 207.925797 -19.196112
vn -0.042233 0.037450 -0.998406
v -27.597557 10.258789 -84.270157
vn -0.545188 0.781099 -0.304392
v -31.211594 139.460831 -12.364721
vn 0.626079 -0.227510 -0.745831
v 26.436106 160.584320 -55.520206
vn -0.470474 0.551140 -0.689129
v -31.126793 210.870773 -50.198200
vn 0.760538 0.149664 0.631809
v 32.942989 152.726913 21.263716
vn 0.832878 -0.466965 -0.297083
v 33.071033 153.457886 3.763848
vn -0.669466 0.015359 -0.742684
v -37.064075 177.463547 -57.466518
vn -0.818055 -0.282822 -0.500797
v -64.933968 75.273102 3.213255
vn -0.301407 -0.826845 0.474849
v -46.455173 160.992462 -13.704860
vn 0.041033 0.644672 0.763357
v -3.523516 226.856598 36.848568
vn -0.187102 -0.710260 -0.678619
v -20.088778 124.496994 -33.896355
vn -0.471941 -0.448183 -0.759212
v -24.731787 141.108612 -52.436901
vn 0.248886 0.959123 0.134682
v 57.489513 36.451736 38.224930
vn 0.014115 -0.912839 -0.408075
v 3.659605 125.966774 -45.531452
vn 0.951720 0.113525 0.285205
v -35.182903 50.749802 32.184383
vn -0.014837 0.279210 -0.960116
v 9.488008 47.105896 -80.765007
vn -0.338879 -0.477430 0.810692
v -33.247097 174.438782 31.621456
vn -0.188096 -0.918925 0.346693
v -45.937401 161.780487 -11.481713
vn 0.049785 0.966193 0.252967
v 11.215597 237.424133 1.304824
vn 0.565999 0.138226 0.812735
v 8.807431 28.943865 54.231400
vn -0.152773 0.949883 -0.272733
v -15.092664 234.424484 -25.081800
vn 0.625078 0.710490 0.323235
v 52.281982 98.530495 -21.302128
vn -0.616405 0.758529 -0.211370
v -41.991512 113.381531 -43.649796
vn 0.766358 0.374031 0.522299
v 67.670425 61.208073 13.796367
vn 0.138759 -0.098984 0.985367
v 41.503704 22.496187 52.706734
vn -0.361623 0.670572 0.647736
v 39.668270 93.345390 -3.119133
vn 0.723832 -0.112085 -0.680812
v 32.860432 175.284241 -53.302139
vn 0.550701 -0.411979 0.725949
v 8.335126 126.285324 53.546783
vn -0.886348 0.161683 0.433874
v -17.958973 131.391647 53.722916
vn 0.902385 0.284288 -0.323854
v -30.896811 133.675171 -14.230869
vn 0.971380 -0.055959 -0.230845
v 32.343216 150.766983 4.428901
vn 0.139367 0.418838 -0.897302
v 1.722416 203.365311 -62.946198
vn -0.846641 -0.317002 0.427443
v -40.946541 158.097641 -8.881403
vn 0.348951 0.389830 -0.852212
v 40.605698 97.087479 -53.588459
vn -0.697872 -0.116521 0.706681
v -38.619869 200.772705 33.348358
vn 0.331450 0.034733 -0.942833
v 57.446781 5.772379 -75.283485
vn -0.571117 -0.091916 0.815707
v -14.722099 128.307709 51.126118
vn 0.352357 0.364474 -0.861976
v 17.437103 201.737885 -59.518341
vn -0.338922 0.934758 -0.106583
v -22.597561 235.443161 -10.292534
vn -0.206321 0.629559 0.749057
v -53.287827 69.175652 15.031870
vn -0.054581 0.722506 0.689207
v -30.554237 66.313988 26.389578
vn -0.254776 0.745386 -0.616027
v -23.376163 222.533066 -43.457455
vn 0.059445 0.620254 0.782145
v -24.781185 32.893059 47.836277
vn -0.253004 0.939491 -0.230966
v -20.000189 234.311050 -21.929470
vn -0.838674 0.207597 -0.503517
v -48.764099 197.025955 -40.953804
vn -0.122271 0.529877 -0.839214
v -31.569080 89.171318 -63.272018
vn 0.926062 0.377355 0.003559
v -36.510300 82.230469 1.359905
vn 0.476655 0.142268 -0.867502
v 21.513765 188.726089 -62.379559
vn 0.007541 0.239140 -0.970956
v -1.636141 194.750168 -66.701607
vn 0.700769 0.639707 0.315750
v -36.520569 80.253487 0.421595
vn 0.663580 0.498958 0.557407
v 59.653690 81.730461 -0.999019
vn -0.906745 -0.421190 -0.020302
v -40.381561 137.878021 14.654232
vn 0.143093 0.698075 -0.701581
v 12.411418 221.466766 -48.220230
vn -0.347065 0.111889 -0.931143
v -23.527241 183.802643 -65.542221
vn 0.145495 -0.675506 -0.722858
v 33.045395 -0.027586 -82.942780
vn -0.135295 -0.291988 0.946804
v -31.731848 134.951965 -12.225320
vn -0.384715 0.418367 -0.822778
v -45.145432 97.006577 -52.949581
vn -0.994214 -0.107313 -0.004657
v -31.446947 129.329132 -14.521236
vn 0.919729 -0.378339 -0.104682
v 47.933662 164.294754 -24.828465
vn 0.160164 0.724219 -0.670712
v 6.231497 221.716110 -49.401531
vn -0.794827 -0.486852 0.362251
v -32.187679 141.005219 -11.155064
vn -0.741914 0.460368 -0.487468
v -46.705338 207.349350 -36.774685
vn 0.310150 -0.838144 -0.448688
v 13.189426 126.296700 -37.550728
vn 0.952128 -0.236446 -0.193766
v 50.494812 170.828781 -25.095383
vn 0.054550 0.982041 0.180607
v 0.743229 237.738007 10.179797
vn 0.471055 -0.386448 0.792947
v 35.779064 149.714844 -18.265965
vn -0.319732 0.591750 0.740002
v -34.173054 58.690807 30.425097
vn 0.503654 0.044339 0.862767
v 34.501621 182.775818 27.352257
vn -0.805170 -0.165650 -0.569439
v -45.762562 161.626633 -44.778839
vn 0.927394 -0.327806 -0.180234
v 59.411209 78.997688 -1.291781
vn -0.825147 -0.443766 0.349578
v -51.387009 169.955765 7.226604
vn 0.241978 -0.889225 0.388234
v -30.481785 124.720596 -18.985991
vn 0.947328 0.003257 0.320248
v 17.490786 130.486755 46.012215
vn 0.789253 -0.611040 -0.060905
v 40.164600 149.520279 -27.329865
vn 0.722683 0.109189 -0.682501
v 67.347603 52.577019 -70.801796
vn -0.797448 -0.040973 -0.601995
v -68.458412 28.448647 -72.197807
vn 0.713453 -0.457961 -0.530336
v 26.474562 131.910095 -37.931446
vn -0.004702 -0.193240 0.981140
v -5.265077 81.279243 12.669605
vn -0.700795 -0.472791 -0.534187
v -39.419098 141.908859 -41.065090
vn 0.778440 -0.581997 -0.235182
v 31.663021 136.819260 -34.839886
vn -0.480842 0.198485 0.854046
v -35.523323 149.127655 23.695856
vn 0.901044 -0.092836 0.423676
v -30.392498 134.373352 -12.834623
vn 0.619319 0.697175 0.361098
v 51.160942 95.449669 -14.693032
vn -0.321783 0.498769 0.804789
v -37.441368 146.694519 -6.762456
vn 0.268158 -0.279089 0.922063
v 1.429469 125.071457 54.819244
vn 0.995922 -0.090067 0.005190
v 63.361767 7.390875 -67.259018
vn 0.474243 0.856892 -0.202062
v 10.449442 238.046585 0.700437
vn -0.096779 0.148178 0.984214
v -4.310468 180.993256 49.294491
vn 0.122150 -0.945825 0.300824
v -31.055460 129.009048 -14.263504
vn -0.232540 0.712743 0.661757
v -59.772205 78.172813 5.508160
vn -0.840605 -0.277316 0.465273
v -25.124418 122.909187 35.882774
vn 0.818503 -0.035090 0.573430
v 45.532421 191.202408 19.984243
vn 0.042924 -0.437598 -0.898146
v -3.007274 139.908417 -57.224937
vn -0.904005 -0.314211 0.289906
v -41.973701 152.829758 -15.833450
vn -0.984091 0.145846 0.101457
v -34.631268 105.357712 -10.528881
vn 0.996331 0.084748 0.011907
v 52.164211 193.313980 -19.795921
vn -0.623629 0.498976 -0.601756
v -67.991508 34.686359 35.361988
vn -0.275846 0.927326 0.252935
v -52.203926 37.715672 39.033691
vn -0.745324 -0.642763 0.177055
v -25.729876 114.467308 25.077349
vn -0.708162 -0.115176 0.696593
v -27.580214 159.698547 36.736824
vn -0.501357 0.486522 0.715498
v -61.440514 20.266455 47.826317
vn -0.856232 -0.451479 0.251063
v -36.420269 131.410660 -18.661753
vn 0.251470 0.929714 -0.269062
v 18.136822 234.255798 -20.144686
vn -0.842207 0.506039 0.186045
v -73.124901 85.994263 -17.917387
vn 0.210393 -0.737623 -0.641598
v 6.816681 125.526299 -40.198116
vn 0.101408 -0.934790 -0.340417
v 6.199466 126.020462 -40.249249
vn 0.090690 -0.961485 0.259465
v 6.220805 125.152969 -40.941628
vn 0.247623 0.247003 0.936842
v -2.234084 3.358946 66.704849
vn 0.120296 0.084234 -0.989158
v 26.699730 20.023197 -83.645668
vn -0.307660 -0.645462 -0.699088
v -8.412420 125.189537 -40.636806
vn 0.323115 -0.861890 0.390823
v -29.181959 123.792107 -22.588636
vn 0.357611 -0.084273 -0.930060
v 33.637383 150.167267 5.534207
vn 0.162982 0.578401 0.799306
v -6.890996 54.306526 34.481113
vn -0.428192 0.855505 0.291141
v 25.496403 69.592796 16.611589
vn -0.711974 -0.702197 -0.003499
v 10.434011 128.979340 53.604698
vn 0.334246 0.840746 -0.425941
v 20.264660 231.567062 -24.801012
vn 0.500093 -0.549067 0.669651
v 29.968834 148.694885 -16.327423
vn -0.012738 0.099605 -0.994946
v 29.885426 149.099030 -15.802060
vn -0.588057 0.091594 -0.803616
v -31.347210 125.587860 -18.545969
vn 0.683012 0.692561 0.232065
v -35.335896 107.152290 -36.538597
vn -0.745028 -0.588834 0.313382
v -50.395988 159.990967 -19.180325
vn -0.131712 0.933509 -0.333486
v 1.937263 233.725647 -31.492704
vn -0.950905 -0.282322 -0.126787
v -32.241760 137.632309 -5.430560
vn -0.801814 0.595995 -0.043420
v 29.314737 75.069138 9.243723
vn 0.776463 -0.599546 0.194038
v 48.511547 165.420166 -12.563477
vn 0.976746 0.038206 -0.210969
v 52.271198 191.984894 -22.020088
vn 0.741335 -0.171111 0.648956
v 63.438129 15.314549 47.426086
vn 0.782287 0.502469 0.368175
v 42.889606 212.692993 12.107030
vn 0.485409 -0.225137 0.844803
v 12.884023 123.809944 47.397133
vn 0.000545 0.046901 -0.998899
v -2.702463 29.954292 -82.149307
vn -0.930520 0.356129 -0.085468
v -63.254272 74.753029 1.983613
vn 0.981044 0.075852 0.178326
v -30.774265 128.782669 -18.180275
vn 0.005691 0.987468 -0.157717
v 0.428066 21.637728 53.836914
vn 0.449565 0.169656 -0.876988
v 24.223652 186.563263 -61.525391
vn 0.661531 0.648513 0.376574
v -40.065681 87.757217 0.503387
vn 0.883291 0.437521 -0.168439
v 37.392384 220.270462 -24.467731
vn -0.996297 -0.085566 0.008375
v -70.618484 55.639744 -44.574177
vn 0.996209 -0.086866 0.004738
v 69.291496 77.331062 -37.560272
vn 0.300463 0.602810 0.739150
v 28.214933 58.171906 31.954548
vn 0.116014 -0.309632 -0.943753
v 18.278570 99.398270 -59.880695
vn 0.391688 0.847695 -0.357763
v 23.704479 229.420242 -26.847033
vn 0.094668 -0.334256 -0.937716
v 3.811187 154.565414 -62.633408
vn -0.563372 -0.020386 0.825952
v -32.016235 140.524124 -11.360834
vn -0.070479 -0.843348 0.532726
v 11.410426 128.995773 51.294559
vn -0.925765 -0.377287 0.024783
v -47.186729 148.522263 -31.202417
vn 0.611354 -0.791345 -0.004543
v 21.178696 125.180611 -30.129271
vn -0.465070 0.631316 -0.620605
v -30.370707 214.880554 -46.718525
vn 0.308280 -0.005504 -0.951280
v 44.941959 4.728872 -79.384415
vn 0.094082 0.629269 0.771472
v -19.038517 33.299137 46.524216
vn -0.412885 0.677309 0.608916
v -59.077045 82.316040 0.837013
vn -0.454506 0.165341 0.875264
v -6.256818 21.029736 54.921928
vn -0.967514 -0.155982 0.198965
v -42.110378 155.061920 12.689189
vn 0.963471 -0.265884 -0.032073
v 31.542498 125.869217 12.096644
vn -0.985388 0.049222 0.163059
v -41.574974 148.858353 16.604906
vn -0.804061 0.589592 0.076598
v -35.351204 107.555328 -25.236523
vn -0.973414 -0.034808 0.226394
v -57.962456 189.420898 -5.631649
vn -0.774251 0.630878 0.050287
v 24.872561 69.636093 19.409853
vn 0.659424 0.164925 -0.733457
v 25.451572 186.609695 -60.047043
vn 0.954179 0.291294 -0.068487
v 52.057205 200.039566 -10.371514
vn -0.263677 -0.312130 -0.912715
v -37.536682 142.604584 9.528657
vn 0.030913 0.090370 0.995428
v -36.259735 163.280350 19.329082
vn 0.480978 0.274355 0.832700
v 34.554859 143.968689 23.840977
vn -0.155543 0.627374 0.763026
v 17.084593 118.819016 -49.233353
vn -0.056405 0.793168 0.606385
v 33.586781 77.919228 13.584338
vn 0.724701 -0.195093 0.660868
v 35.373173 166.881271 21.477499
vn -0.325523 -0.698428 -0.637364
v -6.851436 125.082275 -40.971939
vn -0.009635 -0.668271 -0.743856
v -24.964535 -0.027537 -84.673447
vn -0.926237 -0.041214 -0.374682
v -31.755148 129.014420 -15.443541
vn 0.790113 0.534965 -0.299223
v 42.279747 214.533157 -23.870350
vn 0.300891 -0.659282 0.689066
v 32.605019 153.541733 -15.229370
vn 0.748219 -0.026207 0.662934
v 24.503580 159.648026 36.647377
vn 0.627366 -0.273061 0.729280
v 32.524086 199.403259 34.890984
vn 0.818661 -0.062026 -0.570918
v 20.838665 124.702469 -29.554647
vn 0.697587 0.495361 -0.517677
v 33.423046 213.388580 -40.721039
vn -0.017079 0.309834 -0.950637
v -21.673567 69.266258 -74.772499
vn 0.705165 0.696292 0.133862
v 36.439713 225.018295 1.281312
vn -0.591484 -0.601773 0.536670
v -34.160088 128.699539 -17.145206
vn -0.140557 0.966019 -0.216915
v -12.963482 235.759750 -19.874269
vn -0.855981 0.092721 0.508624
v -41.964989 201.398972 29.271320
vn -0.985976 -0.154594 0.062873
v -41.968189 143.770157 17.790436
vn -0.401121 -0.098220 -0.910744
v -26.326159 180.405945 -64.273666
vn -0.007749 0.951205 -0.308463
v -2.867378 235.616272 -24.127378
vn 0.101652 0.908957 0.404307
v 39.322113 87.523788 3.054365
vn 0.475968 -0.203731 -0.855540
v 19.536777 168.826202 -62.055634
vn 0.356076 -0.218442 -0.908566
v 15.549014 164.390503 -63.111252
vn 0.177246 -0.613343 0.769671
v 10.910379 196.036880 44.254116
vn -0.351783 0.925766 0.138588
v -22.860098 235.532700 8.453150
vn 0.876144 0.473888 -0.088327
v 70.271568 88.344994 -41.330013
vn 0.432723 -0.782241 0.448164
v 15.348762 120.385788 43.868614
vn 0.529047 -0.658458 0.535296
v -14.999488 128.489563 51.054832
vn -0.865430 -0.131020 0.483596
v -30.550793 141.198395 37.149525
vn 0.328460 0.208451 -0.921229
v 20.640303 191.505112 -61.504673
vn -0.283969 0.504677 0.815268
v -47.482262 36.822197 43.191650
vn 0.180372 0.878894 0.441601
v 4.318867 231.088577 29.018486
vn -0.007498 -0.946002 0.324073
v -2.710583 124.522987 -41.958996
vn -0.211339 0.849696 -0.483066
v -15.422782 228.725403 -36.863476
vn 0.127802 -0.860465 -0.493221
v 2.434658 126.740997 -47.608017
vn 0.181149 0.321404 0.929454
v 22.873846 14.323904 58.299511
vn -0.683400 0.705633 -0.187208
v -45.789024 109.931076 -41.448891
vn 0.229397 0.644244 -0.729607
v 13.222651 217.333710 -51.906963
vn -0.222509 0.859959 -0.459303
v -8.926020 114.350662 -46.065437
vn 0.164659 0.664946 0.728515
v 30.502472 69.328789 22.476391
vn 0.756309 -0.647100 0.096219
v 41.672935 161.464478 5.218890
vn -0.315967 -0.638842 0.701460
v -6.828821 125.932442 56.105270
vn -0.396937 -0.351885 -0.847713
v -32.382866 127.541283 -16.894741
vn 0.275221 0.689751 0.669700
v 13.091048 224.224518 33.989609
vn -0.787602 0.009208 -0.616115
v -50.198959 181.243073 -42.484882
vn -0.053036 0.488002 0.871230
v -6.070866 212.722778 48.581615
vn 0.308994 0.950627 0.028840
v 16.425285 236.722748 -3.831944
vn 0.268143 0.566002 0.779578
v 57.131889 46.276611 28.048750
vn -0.587590 0.515279 0.623879
v -31.742868 214.251648 34.896893
vn 0.551960 -0.748775 0.366982
v 8.597495 102.129425 19.569931
vn 0.369687 0.884790 0.283685
v -31.218571 139.586884 -11.872547
vn -0.186523 0.553219 0.811885
v 36.610554 34.191010 48.732559
vn -0.128062 0.624527 0.770433
v 3.855353 60.707500 29.794573
vn -0.015739 0.584620 0.811155
v 13.159548 27.751421 51.827454
vn 0.006263 0.579250 0.815126
v 18.123894 29.673410 50.362057
vn -0.958551 0.233481 -0.163296
v -31.602308 130.470047 -14.518209
vn -0.201277 0.513262 -0.834296
v -13.156731 209.220200 -59.303616
vn 0.138822 0.263660 0.954574
v 31.364506 4.063968 59.832253
vn -0.850471 -0.271486 0.450549
v -37.353466 157.728577 -4.916346
vn 0.740817 0.436845 0.510252
v -35.353546 39.464317 43.647278
vn -0.275796 -0.655884 -0.702676
v -12.812803 125.321609 -39.187786
vn -0.443183 0.374210 -0.814589
v -52.494205 96.308769 -49.514648
vn -0.352711 0.336598 0.873096
v -58.834015 34.319798 39.937000
vn -0.082446 0.739309 0.668300
v -32.501514 46.363873 34.784985
vn -0.750106 0.601722 0.274356
v -41.571983 215.120193 17.595613
vn 0.247085 0.429407 -0.868653
v 53.511875 76.822815 -65.368629
vn 0.508571 -0.659977 0.552979
v 2.937469 142.957428 57.641296
vn 0.572853 0.779266 0.254135
v 58.635468 95.063210 -28.213007
vn -0.073580 0.997285 0.003041
v -9.939166 238.741379 -2.399402
vn -0.973541 -0.084069 -0.212484
v -57.436909 175.711105 -28.757288
vn 0.300752 0.877299 -0.374024
v 16.115530 232.217667 -28.231485
vn -0.895534 -0.046063 0.442602
v -39.371529 142.195419 24.198851
vn 0.750310 0.416286 -0.513558
v 36.180691 206.511017 -42.583191
vn 0.055393 0.249125 -0.966886
v 4.516792 112.691635 -58.436817
vn -0.213810 -0.703460 -0.677813
v -52.387451 -0.027454 -78.050140
vn 0.638213 0.051066 0.768164
v 15.093930 128.451324 54.083591
vn 0.019181 0.878298 -0.477729
v 1.643040 232.623550 -32.308365
vn -0.293620 0.010786 -0.955862
v -45.731579 11.696840 -80.202003
vn -0.235692 -0.604728 0.760758
v -37.699669 167.113892 22.772638
vn 0.197860 -0.858965 0.472262
v 9.139861 130.437515 53.231026
vn 0.448883 0.304090 0.840258
v 1.719448 140.188553 55.759731
vn 0.717418 0.527435 0.455109
v 35.789543 215.839188 20.520021
vn -0.611279 0.054268 0.789553
v 31.850100 151.855453 -15.360559
vn 0.159055 0.620450 0.767948
v -15.291333 50.409313 37.509239
vn 0.096801 0.821798 -0.561496
v 12.963371 222.670578 -47.318428
vn 0.414066 0.431796 0.801313
v 33.390629 86.496086 -3.404995
vn 0.838722 -0.431900 0.331674
v 8.763263 28.128378 53.974342
vn 0.827209 -0.132254 0.546109
v -29.685341 138.764038 -11.585733
vn 0.563759 0.587329 0.580707
v 26.205442 215.807739 34.082684
vn 0.812928 0.263427 0.519378
v 69.540825 81.501244 -8.362998
vn -0.457108 -0.027869 0.888974
v -21.901791 157.398239 42.148556
vn -0.721303 0.255871 0.643624
v -38.595760 143.283569 26.285736
vn 0.853524 -0.325181 -0.407128
v 42.110924 156.498108 -36.749332
vn 0.328764 -0.627722 0.705605
v 12.094677 196.683365 44.026051
vn 0.968719 -0.241497 -0.057125
v 52.251366 173.134613 -9.793957
vn -0.142991 -0.968041 -0.206036
v -6.441374 124.663254 -42.441135
vn -0.504414 0.620981 0.599957
v -3.759514 153.447647 54.478813
vn -0.622054 -0.023750 0.782614
v -57.778141 66.556877 12.019728
vn 0.317612 -0.723611 -0.612789
v 15.442300 124.797310 -35.942932
vn 0.016792 -0.928842 -0.370094
v 6.099856 125.680061 -44.603222
vn -0.417891 -0.779592 -0.466481
v -18.227936 124.747963 -35.617729
vn 0.324065 0.601689 -0.730036
v 22.491800 118.226181 -53.232277
vn -0.155119 -0.693307 0.703750
v -35.527809 165.569824 20.469398
vn -0.260472 -0.755314 0.601377
v -25.532242 191.746231 33.612915
vn 0.689611 -0.652640 0.313842
v 22.470978 46.730164 36.561848
vn -0.323013 -0.309619 -0.894315
v -24.762987 171.476669 -64.008804
vn -0.603308 -0.104518 0.790630
v -33.307060 139.294266 28.116999
vn -0.139838 0.950204 -0.278492
v -3.822262 115.180016 -47.798981
vn -0.695374 -0.047764 -0.717059
v -38.158817 172.586166 -56.366177
vn -0.205296 0.373519 -0.904620
v -7.885739 121.743431 -41.586330
vn 0.983663 -0.070502 0.165640
v -28.917557 133.333801 -13.010942
vn -0.344602 0.536970 -0.770008
v -68.656006 78.677361 -59.920780
vn -0.023629 0.430607 -0.902230
v -4.564268 204.483932 -63.178677
vn -0.169438 0.139831 -0.975571
v -34.476707 28.073273 -81.560051
vn -0.056658 -0.066097 -0.996203
v -9.722211 174.288910 -67.963829
vn -0.542576 0.377525 0.750391
v 31.972403 51.588684 31.670403
vn 0.819718 -0.441746 0.364586
v 17.776516 112.685364 36.794426
vn 0.393152 -0.521171 -0.757504
v 13.655299 137.597580 -53.047920
vn 0.298860 0.464998 0.833343
v 4.662577 206.976151 50.197273
vn -0.227625 0.155646 -0.961229
v -55.755566 50.822178 -73.584206
vn -0.738129 0.610461 0.287233
v -38.067532 221.703918 15.409550
vn 0.419591 0.192088 0.887156
v -35.216972 144.016647 26.862534
vn 0.314702 0.920603 0.231200
v 16.347460 234.872299 8.513913
vn -0.715034 -0.130742 0.686755
v -40.974537 197.702362 30.329636
vn -0.941678 -0.163868 0.293923
v -31.383875 117.517197 4.933160
vn -0.994882 -0.067118 -0.075530
v -58.717201 181.799988 -22.636288
vn 0.792671 0.240958 -0.560010
v -31.066683 136.107788 -13.063232
vn -0.727694 -0.387753 -0.565782
v -41.779484 148.080887 -42.717999
vn 0.127056 0.278363 -0.952035
v 28.755795 66.943085 -74.118004
vn -0.513906 0.706914 0.485977
v 14.154040 52.100620 38.718533
vn 0.077650 0.688219 0.721335
v 13.892897 72.436279 17.051613
vn 0.232022 0.944568 0.232287
v 10.566588 236.371811 9.991075
vn 0.057453 -0.057234 -0.996706
v -1.784864 173.420395 -67.882935
vn 0.121406 0.983375 0.135033
v 6.704824 237.872803 5.026267
vn -0.454069 -0.123809 0.882322
v -36.653351 139.126846 28.334990
vn -0.003675 0.461565 -0.887099
v 7.683413 80.246338 -69.510986
vn 0.163072 -0.839374 0.518515
v -13.203771 130.750198 52.178638
vn 0.772053 0.516028 0.371012
v 36.573719 217.421936 17.113253
vn -0.385469 0.222089 0.895595
v 33.683846 4.560410 62.368744
vn -0.602136 -0.198788 0.773250
v -24.786350 161.645477 39.248539
vn -0.098117 0.242621 -0.965147
v -11.031656 105.836853 -60.335655
vn -0.815498 -0.126586 0.564747
v -22.025391 43.194023 38.424324
vn -0.965915 -0.190329 0.175454
v -57.018032 176.176086 -5.580215
vn 0.950038 -0.275053 -0.147557
v 29.035528 137.794586 -6.206481
vn -0.281750 -0.527218 0.801659
v 33.658020 -0.027587 63.290997
vn -0.996165 -0.087365 0.004843
v -66.286156 7.967275 -13.455475
vn 0.044728 -0.021930 -0.998758
v -5.660180 12.023570 -82.987015
vn -0.221087 0.442736 -0.868968
v -16.027634 204.937180 -60.895874
vn 0.928625 -0.208677 0.306773
v 29.824692 137.597565 27.812489
vn -0.857218 0.453878 0.243254
v -45.156063 212.345108 12.854853
vn -0.974607 0.217757 -0.052179
v -57.928822 195.412979 -17.244728
vn 0.282464 0.699300 0.656653
v -43.395184 91.834984 -1.061976
vn -0.965674 -0.182169 0.185170
v -31.123598 126.067123 -17.532980
vn 0.544666 -0.616519 0.568545
v 25.683319 131.436554 -25.561695
vn 0.746011 0.600931 0.286967
v 40.641613 217.049133 9.767931
vn -0.970655 0.107599 -0.215060
v -32.037930 128.803635 -13.140435
vn 0.851191 -0.205076 0.483133
v 47.730709 183.096771 14.139191
vn -0.941423 0.073390 -0.329146
v -31.251799 127.135429 -16.809072
vn -0.152762 0.988175 0.013222
v -24.379059 234.379791 5.972588
vn 0.063781 -0.514599 0.855056
v 9.019199 197.183182 44.495182
vn 0.687343 -0.617719 0.382076
v 47.263191 164.668610 -8.168956
vn -0.304166 -0.002395 -0.952616
v -24.098175 173.312424 -64.682388
vn 0.863955 -0.315911 0.392152
v 40.946663 164.254898 11.382579
vn -0.496655 0.438753 0.748886
v -69.516342 82.368874 -6.501512
vn -0.662560 -0.654458 -0.364278
v -27.833708 123.721565 -24.933496
vn 0.600374 0.429729 0.674451
v 2.231458 157.721222 48.737545
vn -0.834244 0.354502 0.422333
v -41.123024 208.304611 25.832287
vn 0.271864 0.617237 0.738315
v 29.829599 64.065895 26.719788
vn 0.723370 0.281464 0.630487
v 42.581470 197.002457 22.989502
vn -0.002767 0.188836 -0.982005
v 13.134925 42.342251 -82.052513
vn 0.697055 -0.175016 -0.695330
v 33.960896 168.915787 -50.646336
vn 0.057113 0.584637 0.809283
v -14.155803 28.319485 49.728775
vn -0.270351 0.758683 -0.592715
v -17.152298 222.516800 -46.373936
vn -0.589436 0.383164 -0.711162
v -72.405571 89.033127 -35.916592
vn -0.799932 -0.530360 0.280762
v -50.305363 167.499756 5.427835
vn 0.585327 -0.289828 0.757227
v 31.262814 172.460785 29.837475
vn 0.557463 0.735313 0.385423
v 46.924267 101.602859 -18.220715
vn 0.237665 -0.701902 0.671453
v -1.843247 -0.021989 66.891022
vn -0.284058 -0.219927 0.933244
v -59.363857 14.977360 49.702915
vn 0.313703 0.032701 -0.948958
v 57.640282 18.176653 -74.986641
vn -0.227970 0.690079 0.686892
v -12.742012 220.623718 41.115864
vn -0.945135 0.320092 -0.065281
v -0.167897 24.724928 55.843788
vn -0.010486 0.492740 0.870113
v -1.228613 135.878342 58.927586
vn -0.876056 -0.404787 0.262054
v -43.066616 141.952377 -22.440138
vn 0.152978 0.502519 -0.850925
v 5.234455 209.940018 -59.230038
vn 0.548624 -0.572184 -0.609604
v 21.181641 132.918121 -43.356575
vn -0.030891 0.913337 -0.406031
v -3.653745 231.816010 -34.218094
vn 0.490026 0.185307 0.851784
v 58.432224 5.025128 51.694969
vn 0.790824 0.046094 0.610306
v 37.446239 200.692429 29.482933
vn -0.363943 -0.912700 -0.185808
v -46.747288 162.621109 -1.121601
vn -0.518274 0.418831 -0.745636
v -55.942833 95.740067 -47.634140
vn -0.160549 0.414557 -0.895749
v -37.484863 72.910027 -71.455086
vn 0.889021 -0.425292 -0.169612
v 43.810814 155.389481 -30.049345
vn 0.542310 -0.838543 0.052409
v 31.663219 152.236816 -14.959569
vn -0.801597 0.059858 0.594861
v -39.501171 157.752197 19.083414
vn -0.569356 -0.265594 -0.778006
v -32.132828 162.793900 -58.571281
vn -0.010239 0.144391 -0.989468
v -4.189734 190.441772 -67.556183
vn -0.997113 -0.038583 0.065396
v -46.374779 146.595535 -25.732212
vn 0.182668 0.151349 -0.971456
v 29.508354 36.829250 -81.472023
vn 0.993736 -0.092690 -0.062422
v 53.267509 184.209290 -14.480945
vn -0.959583 -0.090324 0.266536
v -31.605145 132.725204 -13.365961
vn 0.271460 -0.910676 -0.311413
v 4.212142 125.167969 -43.264286
vn -0.010799 0.842895 -0.537969
v -2.012139 227.240433 -43.828594
vn -0.089899 -0.179196 -0.979697
v 37.342842 152.875183 -15.800858
vn -0.188724 -0.546199 0.816119
v -39.746979 -0.027546 62.524998
vn 0.670783 0.401162 0.623794
v 29.115726 210.258804 35.909847
vn -0.402957 0.538325 0.740157
v -21.528326 213.846481 43.022488
vn 0.763819 0.411991 0.496834
v 67.980827 64.605354 10.796277
vn -0.303406 0.014339 -0.952753
v -54.974922 3.995483 -77.153633
vn 0.760822 0.120084 -0.637754
v 42.428509 186.822708 -41.511456
vn 0.133214 -0.244968 -0.960336
v 2.058952 165.340439 -66.259270
vn -0.329491 0.806216 -0.491378
v -55.470531 94.122345 -51.444870
vn -0.753903 0.207253 0.623439
v -29.307686 156.912384 35.405998
vn 0.131070 0.409988 0.902624
v 22.282021 20.051628 57.177406
vn 0.211914 -0.560120 0.800848
v -16.481861 124.231674 47.058437
vn 0.851479 0.209822 0.480581
v -37.304234 109.288925 -34.074528
vn 0.663179 -0.496809 -0.559799
v 29.855360 142.912445 -43.331284
vn -0.016394 0.695425 0.718412
v -29.170967 41.979237 39.747894
vn -0.330128 -0.787404 -0.520586
v -33.536499 139.369598 -5.576542
vn 0.786642 0.598277 -0.152511
v 41.259907 220.160980 -13.969076
vn 0.219731 0.659709 -0.718681
v 41.353931 93.320473 -57.369160
vn -0.813715 -0.502030 -0.292974
v -32.886139 142.626923 -10.024833
vn 0.119610 -0.623193 -0.772867
v -37.974777 142.223221 -10.370446
vn -0.413250 0.460487 -0.785606
v -30.441536 205.927170 -54.539684
vn 0.951547 -0.294588 -0.088182
v 52.021461 172.034973 -19.821287
vn 0.227475 0.972725 0.045400
v 60.281826 34.724121 35.882137
vn -0.397438 0.555623 0.730292
v -37.894085 89.443497 -6.146479
vn -0.545440 -0.734387 -0.403945
v -38.332882 147.371262 -13.260498
vn 0.443663 0.483200 -0.754772
v 46.575668 96.673531 -50.905056
vn -0.596718 -0.369672 -0.712229
v -33.708725 140.352768 -45.672009
vn 0.074676 -0.575134 -0.814644
v 1.213664 131.611099 -51.732506
vn -0.039573 -0.415122 0.908905
v -3.774465 166.686310 50.386692
vn 0.481750 -0.872507 -0.081541
v 36.910664 159.627136 -2.878247
vn 0.378655 -0.549453 -0.744796
v 31.776426 145.402100 1.826648
vn -0.547570 0.809666 0.211209
v -30.583309 230.325211 11.796079
vn 0.021340 0.563206 -0.826041
v -2.269682 211.988312 -58.737305
vn -0.003332 -0.244463 -0.969653
v -3.159635 100.200020 -61.639839
vn 0.770152 -0.548109 -0.326256
v 36.745316 155.513412 -15.437909
vn 0.020513 0.065562 0.997638
v 2.132761 173.920258 50.516022
vn 0.983015 -0.025434 0.181756
v 53.015007 188.529419 -0.235799
vn 0.069125 0.698160 -0.712597
v 1.466548 220.667328 -51.517788
vn 0.754420 -0.636462 0.160520
v 23.286018 129.774567 -26.018127
vn 0.274880 0.817820 -0.505579
v 14.575792 225.869354 -40.804440
vn -0.996202 -0.086957 0.004417
v -71.762138 69.929886 -29.815420
vn 0.412740 0.743914 0.525584
v 6.443579 139.473907 54.617870
vn -0.771436 -0.435055 0.464342
v -46.782001 166.298141 11.045412
vn 0.898283 -0.394730 0.193069
v 26.845171 116.670837 9.169460
vn -0.241622 0.962500 -0.123336
v -23.070789 120.313011 -52.194088
vn -0.866487 -0.150522 -0.475967
v -53.962246 173.878464 -35.879631
vn -0.499290 0.064101 -0.864061
v -27.214476 174.204544 -63.375774
vn 0.271157 0.760788 0.589640
v 51.793579 76.970741 8.024413
vn -0.711219 -0.146439 0.687549
v -40.563339 56.920540 28.488674
vn 0.986523 -0.112658 -0.118660
v 51.899857 175.325165 -19.865614
vn -0.308204 0.629452 0.713303
v 34.888683 88.558990 -5.108515
vn 0.015809 0.384141 -0.923139
v 16.533749 74.085533 -72.809204
vn -0.311894 0.006522 -0.950094
v -49.288601 4.847214 -78.994179
vn 0.750677 -0.243465 0.614173
v 61.353844 81.324387 -2.846299
vn 0.780371 -0.080060 -0.620170
v 65.063622 25.734568 -72.476227
vn 0.610445 -0.789935 -0.057974
v 32.102654 153.843903 -14.767454
vn 0.741848 0.563343 -0.363739
v 38.154797 217.397217 -28.494234
vn -0.913264 -0.359780 0.191067
v -32.912872 122.384140 18.108427
vn 0.232325 -0.107613 0.966667
v 11.171394 90.760551 11.968975
vn -0.992290 0.076998 0.097118
v -41.537292 149.037216 15.218119
vn 0.020939 -0.365451 -0.930595
v -5.523853 152.884811 -62.763645
vn 0.858067 0.249303 -0.448965
v 41.509834 193.737045 -40.707367
vn -0.840104 -0.018413 0.542112
v -44.822403 191.503098 25.562754
vn -0.863394 -0.252024 0.437076
v -28.032572 128.755646 33.816410
vn -0.284085 -0.005512 0.958783
v -15.622686 129.936523 56.151764
vn 0.240042 0.085024 -0.967032
v 35.097141 20.649120 -81.956871
vn 0.292593 0.288111 0.911801
v 27.643368 184.047348 28.138952
vn -0.249401 -0.944721 -0.212840
v 13.807989 125.396156 -37.214378
vn 0.522242 -0.079859 -0.849050
v 19.317381 172.006638 -62.979301
vn 0.040745 0.109526 0.993149
v 2.657487 2.690130 66.160988
vn 0.722351 -0.532543 0.441144
v 44.576454 167.061768 8.453523
vn -0.923007 -0.042725 0.382404
v -32.036133 112.635864 2.573216
vn -0.311668 0.008576 -0.950152
v -52.276733 11.032063 -78.132729
vn 0.571649 0.165413 0.803652
v 45.679783 62.503132 21.702835
vn -0.201053 0.515128 0.833199
v -26.507391 52.789116 37.249561
vn 0.996255 0.041951 0.075604
v 53.674351 190.915833 -4.649943
vn -0.802291 0.526613 -0.281083
v -50.668957 209.356949 -25.785385
vn 0.737670 -0.675141 -0.005203
v 36.249790 137.665192 15.309644
vn 0.760898 -0.646762 0.052283
v 32.640717 136.738205 15.630900
vn -0.906135 0.155660 -0.393304
v -55.769367 189.866562 -32.749416
vn -0.090361 0.987142 0.131851
v -12.093712 238.329254 6.989555
vn 0.453601 0.261767 0.851894
v 18.019751 160.736542 43.395622
vn 0.167095 0.208913 -0.963553
v 60.443481 55.688648 -70.985321
vn -0.936560 -0.238659 0.256705
v -55.379906 174.492142 0.010627
vn -0.869746 0.336414 0.361065
v -51.533981 207.592316 5.267083
vn 0.795746 0.245963 -0.553435
v 68.859550 70.369377 -63.807201
vn 0.174483 0.739048 -0.650665
v 9.911966 220.799744 -49.725273
vn -0.098483 0.549892 0.829410
v 35.585724 31.098646 49.763016
vn -0.229663 -0.418265 0.878811
v -10.016988 132.190994 57.796776
vn -0.515608 -0.536946 0.667710
v -15.500943 102.432510 15.570055
vn 0.529676 0.194411 0.825620
v 18.296698 172.974197 46.927349
vn 0.718016 -0.290848 0.632345
v 39.997585 173.342361 18.773407
vn 0.129021 0.191551 0.972966
v 3.374347 207.895584 49.350525
vn -0.137991 -0.613964 0.777179
v -27.621132 -0.027550 61.931282
vn 0.845075 0.032787 0.533642
v 36.824528 155.922714 17.723000
vn -0.675589 -0.737272 0.002979
v -65.418266 -0.027546 24.596756
vn 0.448445 0.850583 0.274600
v 25.626205 231.205551 8.495621
vn 0.890722 0.447110 -0.081899
v 46.884052 212.028290 -10.489770
vn 0.798862 0.600751 0.030286
v 41.794544 219.789581 -5.151783
vn -0.365859 -0.313949 -0.876118
v -22.325306 169.330811 -65.251923
vn 0.975097 -0.217469 0.043515
v 51.785446 172.533905 -17.948278
vn 0.163934 0.917324 -0.362826
v 19.127777 233.095596 -22.213875
vn -0.774349 0.287194 -0.563829
v -50.125179 196.391190 -38.856647
vn -0.096793 0.740491 0.665059
v -1.234133 225.990479 37.243427
vn 0.413490 -0.907185 -0.077722
v 42.477421 162.099396 -2.376534
vn 0.823634 -0.391960 0.409870
v 33.974499 158.108383 -4.903955
vn -0.640000 -0.684446 0.349191
v -5.791497 142.550491 57.238125
vn -0.749411 -0.448546 0.487021
v -45.004002 148.204361 -20.468325
vn 0.915276 0.253790 0.312827
v 48.830044 203.080017 8.609035
vn 0.127588 0.345195 0.929818
v 16.714720 16.858517 59.339043
vn -0.540543 0.128726 -0.831410
v -50.894394 194.206100 -39.330524
vn -0.830428 0.510094 0.224039
v 5.354731 37.168064 48.906380
vn -0.019160 -0.994294 0.104935
v -1.749744 100.029121 28.612661
vn -0.085446 0.769335 0.633105
v -46.681866 96.800987 -5.684954
vn 0.065066 -0.933491 -0.352648
v -3.579216 125.411476 -41.349041
vn -0.273586 0.529688 -0.802858
v -58.177147 82.654404 -61.418671
vn -0.835187 0.200675 0.512047
v -68.063293 30.878052 38.074654
vn -0.768085 0.407201 0.494199
v -35.775940 140.802155 1.308796
vn 0.714792 -0.309391 0.627175
v 26.705185 143.190460 -18.809505
vn -0.172777 0.211330 -0.962023
v -31.818258 50.385159 -78.897285
vn -0.058011 0.675106 0.735436
v -12.361681 0.028606 63.907120
vn -0.049714 -0.171560 0.983919
v -12.054686 -0.027208 64.073959
vn 0.181372 -0.772170 0.608981
v 22.725008 127.431625 -28.290005
vn -0.244794 0.009970 -0.969524
v -40.148937 1.512037 -81.881813
vn -0.981238 0.104952 -0.161735
v -31.716778 130.912918 -13.654348
vn -0.943417 -0.186928 -0.273904
v -33.374393 126.488785 5.134114
vn 0.663651 -0.188082 -0.724011
v 33.273201 160.915604 -49.061821
vn 0.996186 -0.087161 0.003965
v 67.389107 56.998203 -6.762387
vn 0.737005 0.413117 0.534937
v 39.632305 208.324066 22.000433
vn -0.794658 -0.248818 0.553723
v -49.207363 177.513870 16.702520
vn -0.553624 0.248592 0.794797
v -13.766729 143.885620 46.510326
vn 0.308398 0.654512 0.690293
v -0.491749 155.532227 53.304573
vn 0.471622 0.341674 0.812916
v -35.076813 23.032091 52.279346
vn 0.185207 0.079647 -0.979467
v 30.917480 18.465940 -83.090836
vn 0.335493 0.773277 0.538039
v -34.781754 107.720207 -38.026264
vn 0.573980 0.265831 0.774520
v 6.786863 144.668030 56.552536
vn 0.326831 -0.924407 0.196604
v -11.416996 129.478363 55.936008
vn 0.995985 -0.089280 0.006496
v 63.594486 10.671765 -56.621006
vn 0.786868 -0.528224 -0.319090
v 36.037678 138.840714 9.645626
vn 0.037476 0.640385 0.767140
v 27.579250 35.315254 45.899864
vn 0.475591 -0.455783 0.752380
v 12.095701 101.297760 14.886289
vn -0.937187 -0.120587 0.327320
v -41.497566 155.157959 -12.053065
vn -0.178409 -0.701861 -0.689610
v 34.728931 154.217651 -14.333795
vn 0.105483 0.006963 -0.994397
v 0.233497 180.504547 -67.966469
vn -0.953818 -0.102531 0.282346
v -55.471931 181.312027 3.559250
vn -0.978608 -0.074615 -0.191724
v -31.668924 135.901031 -12.199183
vn -0.835777 -0.138315 0.531362
v -27.952806 49.466957 32.746098
vn -0.731971 0.034617 0.680456
v -24.751274 159.969315 39.200706
vn -0.432845 -0.388397 -0.813506
v -27.048872 154.212097 -58.186623
vn 0.547016 -0.127307 0.827385
v 58.007416 69.607384 12.310450
vn 0.247735 0.920621 0.301801
v -36.717850 106.703926 -34.111732
vn -0.702314 0.055901 0.709669
v -36.502239 178.644180 30.466387
vn -0.904679 -0.111853 0.411150
v -31.727678 137.038788 -11.694027
vn 0.108876 -0.878762 -0.464676
v -4.687844 125.989136 -46.303146
vn 0.422433 -0.518340 0.743555
v -36.146137 -0.027546 62.750011
vn 0.021304 0.297291 0.954549
v -11.833445 78.631119 13.862623
vn 0.046276 -0.911043 -0.409706
v -34.621811 135.411453 0.804803
vn 0.226835 0.475373 -0.850039
v 15.525055 213.757172 -54.360867
vn 0.330652 0.021365 -0.943511
v 66.214386 44.031868 -72.000931
vn 0.080279 0.264360 -0.961077
v 7.393262 107.540977 -59.910122
vn -0.937235 -0.084007 0.338427
v -33.160812 144.388199 31.870235
vn 0.785191 0.508441 0.353500
v 68.816925 75.163002 -2.545700
vn -0.251862 -0.235586 -0.938651
v -25.196295 169.039948 -63.480648
vn 0.632799 0.239627 -0.736304
v 34.276165 205.089920 -47.010159
vn 0.901271 -0.323870 -0.287781
v 29.021708 136.756836 -1.452052
vn -0.998777 0.038184 0.031409
v -41.627205 147.065353 15.392436
vn -0.262532 -0.848988 -0.458581
v 33.645741 135.769608 -2.788205
vn -0.546660 -0.150072 0.823797
v -37.365917 163.800980 19.892557
vn 0.004741 -0.966177 -0.257836
v -5.778001 125.550667 -43.938129
vn -0.855539 0.515019 -0.053001
v -73.469582 88.863434 -41.506748
vn 0.057210 -0.981036 0.185191
v 3.180829 131.242813 58.192863
vn 0.827253 -0.043932 -0.560110
v 64.796150 22.809778 -72.391800
vn 0.617634 -0.078086 0.782580
v 22.521873 101.662796 10.599264
vn -0.235290 0.577312 0.781889
v 21.733397 118.355431 -47.664639
vn -0.285469 0.690126 0.665007
v 32.143909 -0.026151 60.977867
vn 0.209383 0.099942 -0.972713
v 33.674168 31.477203 -81.258728
vn -0.914589 -0.150600 -0.375295
v -63.616364 74.154350 2.758012
vn -0.358297 -0.638417 0.681210
v -32.437019 126.802345 -17.665972
vn 0.869465 -0.444101 0.216345
v 18.422905 121.714470 45.637230
vn 0.786614 -0.577892 0.217435
v 45.583447 161.816315 -16.226713
vn -0.351677 0.018725 -0.935934
v -39.244488 146.707520 8.832221
vn 0.863620 -0.317223 0.391830
v 39.393414 165.567230 14.754229
vn 0.947248 0.071193 -0.312494
v 29.259491 148.072815 -15.804833
vn -0.652352 0.754308 0.073869
v -39.950909 225.165710 -4.687940
vn -0.641903 -0.186777 0.743690
v -29.666313 203.159225 41.354954
vn -0.638355 0.713182 0.289611
v -58.777946 95.206795 -21.049671
vn 0.593213 -0.786793 0.170454
v 39.053936 162.077850 -3.400602
vn 0.217519 0.341520 0.914357
v 27.920124 20.019604 56.014172
vn 0.178793 0.251011 0.951329
v -2.171783 5.940557 65.861290
vn -0.885574 0.462148 -0.046675
v 32.420204 80.049606 3.819325
vn -0.948394 0.312409 0.054319
v -63.847908 72.959923 3.853260
vn -0.206637 -0.860916 0.464892
v -6.406915 101.853111 45.971745
vn 0.411803 -0.215607 -0.885399
v 20.167948 160.627396 -59.335022
vn 0.694584 0.528760 0.487817
v -35.189743 43.386700 38.159420
vn -0.800250 0.373222 0.469367
v 6.854287 35.909065 45.252689
vn -0.378379 0.798001 -0.469066
v -60.068626 92.214790 -51.119953
vn -0.225158 -0.972882 -0.052963
v 18.672161 124.275764 -33.007416
vn 0.347582 0.934820 0.072793
v 20.261156 235.063599 -0.775858
vn 0.509822 0.002510 -0.860276
v 19.048607 177.187775 -63.146049
vn -0.958975 0.240394 -0.150258
v -57.476295 194.971573 -23.183352
vn -0.538373 -0.838228 -0.086772
v -37.677101 134.888916 14.124825
vn -0.994461 -0.100795 0.029781
v -60.926636 78.456367 -1.633989
vn -0.821694 -0.439729 0.362570
v -39.182323 138.162079 23.987600
vn 0.181991 0.306502 0.934311
v -32.289932 140.538651 -11.055149
vn -0.084892 -0.595827 0.798614
v -16.450323 -0.027587 63.546352
vn -0.055114 0.600466 0.797749
v 11.958362 161.606186 43.547195
vn -0.271337 0.717707 -0.641305
v -50.331711 92.791992 -55.942535
vn -0.000551 0.631557 -0.775329
v -3.435584 216.713058 -55.311920
vn 0.442945 0.608522 -0.658407
v 17.838062 214.366455 -53.722439
vn -0.893084 -0.444870 -0.067019
v -40.397907 138.264221 17.411812
vn -0.246592 0.957747 0.148034
v -58.349792 36.308659 37.533176
vn -0.166962 0.646886 -0.744085
v -10.686638 216.771683 -54.275986
vn 0.997620 0.068934 0.001503
v 31.192019 109.888367 -8.480584
vn -0.018462 0.065466 -0.997684
v 16.946060 29.277811 -83.276436
vn -0.777006 0.608887 -0.159748
v -48.119717 217.405228 -16.596416
vn 0.040559 0.286814 -0.957127
v -5.748038 49.623676 -79.969566
vn -0.015332 0.449875 -0.892960
v -18.940559 75.329834 -72.146439
vn -0.613022 0.431096 0.662088
v 31.716902 114.330254 -39.814507
vn -0.444910 -0.420908 -0.790501
v -26.562313 148.560715 -55.626133
vn -0.600893 0.034282 0.798594
v -7.978281 24.558430 54.401878
vn -0.216621 0.694769 -0.685837
v -16.158167 216.738892 -52.568665
vn -0.258599 -0.910533 -0.322579
v -24.053865 124.997757 -37.570915
vn -0.509430 0.185638 0.840250
v -68.302261 79.089104 -6.834156
vn 0.070717 -0.719427 0.690959
v 13.929433 121.950996 46.075752
vn 0.494871 -0.269167 -0.826227
v 33.617397 147.265640 6.820318
vn -0.601066 0.798482 -0.033865
v -39.086597 226.475479 -12.190087
vn 0.764524 0.048269 -0.642786
v 34.459938 182.860077 -52.286110
vn -0.976920 -0.213150 0.013974
v -57.957787 178.914749 -10.907967
vn -0.414181 0.866923 -0.277307
v -65.029945 92.014809 -46.507614
vn 0.353722 0.202259 0.913221
v -1.680176 10.406578 64.932678
vn -0.453874 -0.110400 -0.884200
v -27.372742 172.799576 -63.924061
vn -0.181079 0.625725 0.758735
v -65.001213 55.612949 19.369856
vn -0.117336 -0.586999 0.801040
v -9.826036 198.554047 48.009666
vn 0.004897 0.273462 -0.961870
v -0.781522 47.686226 -80.382942
vn -0.199483 0.742153 -0.639856
v -17.525784 215.589417 -54.126148
vn -0.074423 0.899747 -0.430019
v -66.021294 35.168472 36.082169
vn -0.174078 0.638214 0.749920
v -61.414474 63.028465 14.201830
vn -0.996218 -0.086022 0.012231
v -66.812920 16.795469 42.297089
vn 0.373066 0.173199 0.911495
v 6.290595 124.736839 54.353504
vn 0.083805 -0.088409 0.992553
v -0.679880 170.146240 50.661575
vn 0.294489 -0.087697 0.951623
v 8.356356 194.335083 42.875404
vn 0.574176 0.241683 0.782247
v 10.632851 143.334671 46.960163
vn 0.793763 -0.445182 -0.414432
v 38.515614 150.442871 -38.288654
vn -0.313702 0.201471 -0.927901
v -29.860415 205.046555 -54.712036
vn -0.447867 -0.526236 -0.722836
v -24.655783 136.767792 -49.514751
vn 0.169861 -0.489561 0.855264
v -0.262552 88.851456 19.042585
vn -0.192293 -0.733747 0.651643
v -24.192833 193.178131 36.051003
vn 0.542882 -0.670512 0.505661
v -29.417027 124.365013 -20.264902
vn -0.011355 0.434855 0.900429
v -10.212691 13.557143 59.896465
vn 0.156158 -0.039508 -0.986942
v 4.926537 175.547485 -67.218346
vn 0.415659 0.584826 0.696567
v 34.500828 145.892685 -6.069151
vn -0.523484 -0.443936 0.727245
v -65.585205 15.146499 48.009361
vn 0.943369 -0.293154 -0.155293
v 47.421043 165.224411 -29.239422
vn 0.751400 -0.565528 0.339964
v 31.059149 137.273453 23.542498
vn 0.823544 -0.486509 0.291693
v 29.814913 153.014740 -4.617703
vn -0.439224 0.762126 -0.475653
v -29.070229 223.667648 -36.855934
vn 0.797339 0.387192 0.462961
v -35.259945 44.016499 39.885559
vn 0.509625 -0.845996 0.156760
v 20.887712 128.999130 -28.459482
vn 0.315926 0.912592 -0.259552
v 20.081913 233.485031 -20.778301
vn -0.647048 -0.544679 0.533530
v -43.688408 159.582977 -13.485499
vn -0.564869 0.820614 -0.086696
v -34.001236 108.128067 -37.142784
vn 0.717432 0.506799 0.477960
v 43.601315 207.084991 15.894216
vn 0.773898 0.475945 -0.417801
v 40.470024 212.303665 -31.178108
vn -0.169428 -0.682189 0.711275
v -32.830338 192.057022 31.319012
vn 0.418026 0.498831 0.759224
v 58.432236 24.893795 44.469082
vn 0.453990 0.007055 -0.890979
v 21.785286 181.251907 -62.608109
vn 0.715562 -0.287149 0.636802
v 24.450005 165.672668 40.593895
vn 0.920643 -0.233965 0.312533
v 30.458689 150.198242 -15.320102
vn -0.301160 0.073969 -0.950700
v -54.239944 25.806831 -76.751595
vn -0.288204 -0.697426 -0.656151
v -17.070356 128.339142 -46.274902
vn -0.543716 0.512094 0.664930
v 1.011167 26.157074 56.609077
vn 0.358756 0.269638 0.893638
v -0.715680 15.034139 63.203831
vn -0.436345 0.850360 -0.294094
v -29.895620 229.599426 -24.223812
vn 0.039965 0.023348 -0.998928
v -21.567131 12.405108 -83.986000
vn -0.992492 0.104074 -0.064251
v -58.664505 189.264893 -20.189133
vn 0.497066 -0.098051 0.862155
v 58.943420 68.430565 9.712268
vn 0.294077 0.679146 0.672517
v 12.015728 220.002884 40.012665
vn 0.134458 -0.139626 0.981033
v 52.077988 17.062677 50.822571
vn 0.468588 0.861275 -0.196547
v 33.077255 117.369736 -46.127525
vn 0.366313 -0.517781 0.773122
v 33.355850 166.711182 23.342863
vn -0.777636 0.207400 0.593521
v -39.437431 146.255447 24.561396
vn 0.942467 -0.090156 0.321913
v 50.151119 183.754486 8.702472
vn -0.477708 0.222760 -0.849808
v -27.615232 192.708115 -61.639565
vn -0.311767 -0.312168 0.897414
v -38.331745 189.064590 28.386076
vn 0.961934 -0.117122 -0.246914
v 50.954803 177.953064 -26.752571
vn 0.805585 0.289123 0.517146
v 65.776680 40.358559 29.766191
vn -0.805442 -0.525488 0.274090
v -54.736443 166.453384 -12.683338
vn -0.669071 -0.594139 0.446478
v -65.304031 -0.027411 50.301552
vn -0.438887 0.261171 0.859749
v -38.113716 157.595322 20.165352
vn 0.000247 0.447291 -0.894388
v -1.750475 76.827690 -71.195496
vn -0.223850 -0.145252 -0.963739
v -26.212107 170.401260 -64.107803
vn -0.031756 0.088238 -0.995593
v 1.245577 39.870056 -81.829491
vn 0.769060 -0.303639 -0.562450
v 38.267284 154.829010 -42.177055
vn 0.543277 0.660650 0.518065
v 25.686966 220.441772 28.766846
vn -0.475348 0.770755 -0.424241
v -31.302296 224.785629 -32.375141
vn -0.363108 0.635974 0.680947
v -55.675171 37.417000 40.389366
vn 0.752976 -0.238241 -0.613407
v 40.436203 172.032501 -44.261726
vn -0.453550 0.706874 -0.542790
v -28.073303 220.481018 -42.106155
vn -0.862302 0.245364 0.442980
v -28.510336 174.939407 36.153130
vn 0.230401 0.520647 -0.822096
v 49.296345 83.185211 -62.868271
vn 0.509514 -0.852982 -0.113212
v 12.700497 125.306580 -38.535782
vn -0.558197 0.829701 0.003594
v -33.956200 230.087326 -5.210420
vn 0.200094 0.979727 -0.009832
v 11.957463 238.059204 -5.030777
vn 0.685817 -0.111337 0.719207
v 35.188442 54.970661 28.134869
vn -0.226518 0.818786 -0.527522
v -15.710576 225.005447 -43.234329
vn -0.253034 0.781781 0.569905
v -38.707066 93.392921 -11.539059
vn -0.516935 0.803759 -0.294534
v -34.864033 226.897614 -23.663366
vn -0.379628 -0.889909 0.252871
v -3.354501 -0.027587 64.201248
vn -0.614774 0.361248 0.701108
v -33.657387 208.808090 36.615829
vn 0.523992 -0.247883 -0.814853
v 38.474411 151.860336 -15.412159
vn -0.421419 -0.198015 0.884983
v -21.731016 202.850586 46.289192
vn -0.891781 0.182885 0.413859
v -67.011703 19.240133 44.246922
vn 0.066606 -0.993503 0.092281
v -36.867691 147.593460 -12.276591
vn 0.114641 -0.825009 -0.553369
v -33.846436 137.569687 -1.137296
vn 0.376802 -0.039347 -0.925458
v 17.149172 177.948227 -64.651382
vn -0.757002 0.231070 0.611192
v -3.200561 2.704925 66.609962
vn 0.979227 0.135162 -0.151149
v 30.305040 113.769249 -14.716448
vn 0.915559 -0.206366 0.345204
v 39.298439 160.991318 13.669347
vn -0.808321 0.277140 -0.519432
v -72.342728 74.459328 -61.268410
vn -0.674460 -0.712937 -0.191895
v -34.194271 128.958984 -33.186481
vn 0.224622 0.783285 0.579663
v 50.899815 37.589787 41.196762
vn -0.979340 -0.083930 -0.183980
v -36.143593 151.406769 1.629134
vn -0.534057 -0.733044 0.421223
v 13.150050 124.664673 47.982365
vn -0.159543 -0.807170 0.568351
v -35.499016 165.797089 21.679411
vn -0.255432 0.735695 0.627302
v -60.609993 74.127670 9.004402
vn 0.313057 0.041601 -0.948823
v 45.926193 16.447342 -79.064262
vn 0.420362 -0.221249 -0.879968
v 21.251106 174.682510 -62.389214
vn 0.261787 0.882295 -0.391181
v -31.834091 139.080338 -11.475799
vn -0.204967 -0.087816 0.974821
v 69.061234 79.560478 -9.407711
vn 0.173061 0.978072 -0.115869
v 13.885357 113.249603 -45.782654
vn -0.291462 0.701389 0.650464
v 32.743423 48.932915 35.540039
vn 0.162192 0.538935 -0.826585
v 37.678627 86.515198 -63.455791
vn 0.084269 0.272651 -0.958415
v 19.475510 46.239178 -80.749214
vn 0.144273 0.384561 0.911756
v 9.138605 9.746930 62.105385
vn 0.876364 0.481094 0.023126
v 61.602539 72.140503 4.424898
vn 0.131841 -0.581495 0.802796
v 8.742818 195.050751 43.290817
vn -0.305551 0.390116 0.868590
v -3.281821 159.592621 49.963299
vn -0.097222 0.489246 -0.866710
v -28.693447 83.470734 -66.996742
vn 0.230807 0.675050 -0.700739
v 15.589689 215.206924 -53.050411
vn 0.969433 0.114678 -0.216908
v 29.190523 124.652382 -13.643607
vn -0.114454 -0.631725 0.766697
v -34.440224 169.484634 25.518108
vn 0.154598 0.689327 0.707762
v 14.307693 64.635811 26.451326
vn 0.968916 0.170051 -0.179678
v 48.063980 209.196381 -16.722858
vn 0.747278 0.182059 0.639085
v 33.302784 204.516235 34.026642
vn 0.768399 0.204864 -0.606295
v 36.947704 187.610138 -48.140293
vn 0.341953 -0.377028 -0.860766
v 14.636887 149.048279 -58.364536
vn -0.539420 -0.050695 -0.840509
v -33.682468 171.403549 -59.739254
vn 0.925208 0.350386 -0.145671
v 50.738182 202.362045 -14.456464
vn -0.307090 0.470758 -0.827093
v -22.227499 203.957153 -59.600414
vn -0.028596 0.409069 0.912055
v 1.395916 35.244282 45.586506
vn 0.449761 0.632436 0.630666
v -12.542521 45.670258 40.435272
vn -0.308641 -0.643878 0.700115
v -7.686508 116.395088 52.169094
vn 0.527354 0.047762 0.848302
v 21.605343 142.771637 44.330235
vn 0.933043 0.219415 -0.285109
v 28.504160 116.548355 -20.188562
vn -0.620949 0.276560 0.733442
v -11.371356 139.835312 52.925480
vn -0.194969 -0.188225 -0.962579
v -16.278038 168.895905 -66.565147
vn 0.996171 -0.087336 0.003934
v 69.138786 76.304520 -21.966270
vn -0.100746 -0.169265 -0.980408
v -11.554465 168.918259 -67.191277
vn 0.155812 -0.506011 -0.848337
v -4.644846 134.743073 -54.697685
vn -0.171986 0.274274 0.946147
v -28.416351 3.454857 60.950596
vn 0.226433 0.177051 0.957800
v -39.898960 25.629219 54.200310
vn -0.011064 -0.015351 -0.999821
v -6.039819 177.499451 -68.244522
vn 0.415345 -0.630675 0.655544
v 0.723030 140.851776 57.203545
vn -0.093198 0.635945 0.766087
v 10.681918 119.101555 -50.519508
vn 0.577855 0.466095 -0.669954
v 48.681381 101.298233 -48.662445
vn 0.474799 0.692698 -0.542896
v 15.937051 115.848274 -39.449833
vn -0.855488 -0.257147 0.449461
v -32.071232 170.710403 28.473022
vn -0.996827 -0.077482 0.018221
v -69.048218 41.523598 25.829239
vn -0.229351 0.025158 -0.973019
v -19.047029 180.547821 -67.003235
vn -0.538214 -0.349520 -0.766917
v -31.273859 157.064713 -57.106907
vn 0.906497 -0.162002 -0.389895
v 49.319683 173.240051 -29.562578
vn -0.653000 -0.387802 -0.650539
v -39.323723 138.002518 11.064640
vn 0.011453 0.320590 -0.947149
v -16.395805 69.729286 -74.555382
vn 0.639626 -0.039838 0.767654
v 6.319714 24.874811 53.757671
vn -0.979968 -0.163258 -0.114060
v -35.475067 130.252350 10.063547
vn -0.638404 -0.030752 0.769087
v -64.863777 72.496628 9.689710
vn -0.378102 -0.519992 0.765929
v -28.090410 202.308151 42.612770
vn -0.012592 0.463851 0.885824
v -36.264805 146.237289 25.075283
vn -0.731587 0.160732 -0.662530
v -31.718950 138.020493 -11.796142
vn -0.884104 -0.187585 0.427985
v -20.635010 124.349167 42.818237
vn -0.079808 0.694032 -0.715507
v -5.920312 219.864487 -52.275681
vn 0.425858 0.874723 -0.231309
v 25.550165 232.275681 -16.406178
vn 0.802253 -0.244223 0.544743
v 37.746773 163.429489 16.747458
vn -0.513144 -0.551564 0.657617
v -32.264038 172.979858 30.772619
vn -0.186206 0.480546 0.856973
v -34.651134 180.026184 30.110125
vn -0.846216 0.514381 -0.139036
v -73.449722 88.518852 -43.788795
vn -0.792493 0.505509 0.341197
v -44.318802 211.383957 17.617275
vn 0.804043 0.172404 -0.569027
v 45.450344 190.303543 -37.128647
vn 0.577568 0.616941 0.534602
v 27.591515 217.716934 30.462408
vn 0.608785 0.345750 0.714029
v 16.244759 188.667206 40.984859
vn 0.218295 -0.975457 0.028830
v -15.261010 124.707008 -38.958809
vn 0.000529 0.593924 0.804521
v 23.404278 29.950825 50.069096
vn -0.296270 0.196753 -0.934619
v -34.661842 103.543831 -56.962917
vn 0.201672 -0.922347 0.329553
v 42.628937 161.038879 -13.236216
vn -0.772974 -0.000851 -0.634437
v -36.215176 150.686356 7.486841
vn -0.139979 0.378493 -0.914959
v -5.461671 198.486282 -65.593369
vn -0.280835 0.574529 0.768797
v -15.483335 215.443161 44.729412
vn 0.003515 0.484898 0.874564
v 35.170307 26.276627 53.127174
vn -0.163559 0.143482 0.976044
v -1.000784 133.786774 59.945774
vn 0.169817 0.722865 -0.669798
v 8.981933 223.595108 -46.860950
vn -0.520099 -0.673196 0.525646
v 12.769641 126.399437 53.434975
vn -0.940134 -0.194409 0.279917
v -33.770367 128.506119 20.764078
vn -0.309691 -0.341631 -0.887345
v -27.213026 160.974136 -60.742294
vn -0.896824 -0.439838 -0.047422
v -33.535553 143.813446 -10.310143
vn 0.548595 -0.434747 -0.714170
v 31.273350 149.256348 -13.791810
vn 0.947340 0.188352 -0.258981
v 52.565895 194.161163 -21.854939
vn -0.166836 -0.862086 -0.478511
v -37.326221 136.399033 -3.732147
vn 0.710524 -0.293041 0.639751
v 34.650677 139.771378 24.567369
vn 0.220028 0.828905 -0.514300
v 11.967803 223.176422 -46.155155
vn 0.528486 0.451661 0.718822
v 24.244591 211.719055 39.588642
vn -0.535692 -0.465988 -0.704195
v -29.489603 139.822525 -48.115738
vn -0.266894 0.590914 -0.761307
v -54.389488 86.902000 -59.784737
vn -0.254229 0.424323 0.869090
v 33.385494 23.700512 55.256279
vn -0.491826 -0.845950 -0.206098
v -30.719030 123.793427 -26.347696
vn -0.120625 -0.331381 0.935754
v -37.503796 164.026352 20.093870
vn 0.671473 -0.540896 0.506512
v 39.332249 150.113358 -21.327682
vn -0.126733 0.092251 0.987638
v -13.193826 85.566063 12.431948
vn 0.514407 0.596995 -0.615615
v 37.599316 108.723549 -50.527359
vn -0.885606 -0.085395 0.456519
v -51.680359 182.834854 13.158258
vn 0.689128 0.224623 0.688947
v 39.627243 207.377701 22.237314
vn -0.134057 0.158710 -0.978182
v -12.516360 188.570038 -66.657600
vn 0.193642 0.412802 -0.889998
v 5.553231 204.924332 -61.458298
vn -0.266218 0.223825 0.937566
v 30.785707 50.767380 29.780781
vn 0.855772 0.245866 0.455197
v 35.156872 141.993973 -1.529961
vn 0.558037 0.822863 -0.107196
v 66.914146 91.724304 -36.320892
vn -0.353448 0.408603 0.841497
v -21.125448 161.426376 42.650463
vn 0.775511 -0.617866 -0.129708
v 35.993092 159.720154 1.147786
vn -0.906306 -0.199732 0.372447
v -32.222443 129.013306 25.156281
vn -0.108497 0.763219 0.636965
v 7.465065 71.349716 18.578562
vn 0.068699 -0.432589 -0.898970
v 2.288770 140.453552 -56.971210
vn 0.481190 -0.023557 -0.876300
v 18.784895 175.423599 -63.882462
vn -0.846395 0.315328 0.429166
v -46.310371 205.461548 18.635431
vn -0.550866 0.299474 -0.779014
v -33.298531 199.668732 -55.533958
vn -0.202370 0.637130 0.743715
v -59.403759 59.539799 17.511730
vn 0.054387 -0.715151 0.696851
v 15.658355 123.423012 51.062992
vn 0.819710 0.095459 -0.564768
v 38.368469 185.946198 -46.548637
vn -0.805512 0.448797 -0.386952
v -52.503445 195.297256 -36.847900
vn 0.894752 -0.446438 0.010566
v 52.225544 173.441284 -12.510159
vn 0.575074 0.450348 -0.682991
v 26.991009 209.348557 -50.882332
vn 0.976211 0.052836 0.210286
v 34.049576 155.982620 -3.946978
vn 0.006338 0.635855 0.771783
v 20.732904 35.193699 46.426159
vn 0.279298 -0.289975 0.915373
v 34.146561 189.020844 27.644045
vn 0.766248 0.628110 0.135433
v 40.510681 221.083496 -0.224378
vn -0.269436 0.108882 -0.956843
v -51.016289 31.244221 -77.205025
vn 0.864311 0.062762 0.499026
v 31.966789 158.764374 22.222624
vn 0.355131 -0.916431 -0.184489
v 13.214931 126.144142 -39.843853
vn -0.949289 0.010279 0.314236
v -32.191856 165.634552 29.955656
vn 0.928639 0.369368 -0.034607
v 50.624802 204.188690 -6.795757
vn 0.573926 0.367521 0.731804
v 41.188240 57.948250 23.867172
vn 0.883606 -0.228674 0.408593
v 26.921886 126.993774 28.886990
vn 0.672057 -0.450087 0.588014
v 28.132738 137.052994 -21.294352
vn -0.911144 0.408467 -0.054504
v -53.996334 207.126404 -16.502546
vn -0.113530 0.420977 -0.899939
v -30.024717 73.047264 -72.578255
vn -0.638759 0.535289 0.552677
v 32.015144 42.245663 39.448490
vn -0.251294 0.834882 0.489717
v -13.956809 230.618820 28.845394
vn 0.936629 -0.271139 0.221832
v 30.214750 124.574890 18.768997
vn -0.021916 0.303990 -0.952423
v 9.874403 52.594719 -78.929779
vn 0.878929 -0.146020 -0.454050
v 46.894394 168.884842 -33.709797
vn -0.632160 -0.287891 -0.719370
v -38.454021 159.025803 -52.233200
vn 0.020222 -0.734607 0.678191
v 5.196001 130.738113 56.958374
vn -0.628394 0.509870 0.587497
v 69.160072 78.852264 -9.002341
vn 0.016674 -0.685495 -0.727886
v -34.309093 141.840729 -8.396530
vn -0.428013 0.852032 0.301407
v -31.194403 226.456238 18.914709
vn 0.419302 -0.830341 0.367041
v 43.283287 160.056702 -15.665326
vn -0.016577 0.947647 0.318890
v 64.889145 34.050137 34.293598
vn 0.258962 0.617616 0.742623
v 4.697567 138.633240 57.181011
vn 0.717451 -0.157813 0.678497
v 34.089180 176.626694 26.833948
vn 0.964615 -0.060513 0.256624
v 31.080357 145.959641 28.354292
vn 0.259479 0.959978 -0.105422
v 15.956191 236.620209 -10.627635
vn -0.883872 -0.367403 -0.289458
v -45.727909 149.038757 -36.050137
vn 0.965274 -0.212950 -0.151321
v 50.917450 172.390335 -22.353922
vn 0.671263 -0.231654 0.704090
v 21.526640 190.953003 33.527702
vn -0.074881 -0.995254 0.062139
v -35.686195 146.527817 -11.226948
vn 0.735851 0.223224 0.639292
v 8.623755 139.792419 51.849644
vn 0.108821 -0.160158 -0.981075
v 1.089508 169.142151 -67.392906
vn 0.948370 -0.314530 -0.040802
v 25.769026 136.008179 -20.034863
vn 0.663759 0.315828 0.677995
v 10.492533 139.946121 48.044064
vn -0.995039 0.068961 -0.071702
v -32.162231 133.476410 -8.750693
vn -0.139705 0.065035 0.988055
v -16.730701 86.873421 12.074751
vn -0.207640 0.676088 0.706959
v -20.466129 64.768013 25.560749
vn 0.264645 0.902879 0.338781
v 18.103630 234.730209 5.749488
vn 0.549746 0.751513 -0.364703
v 58.772861 94.008049 -44.087009
vn -0.597178 -0.618174 -0.511116
v -39.259956 142.561264 -10.456097
vn -0.278918 0.591558 0.756481
v -40.065430 68.184746 20.172794
vn 0.474212 0.814095 0.335220
v 25.134827 229.314621 13.648009
vn -0.147325 0.424095 0.893554
v -31.192451 22.150455 53.540943
vn 0.996891 0.060028 0.051047
v 30.865450 116.514465 -4.985138
vn 0.700728 0.002485 0.713425
v 27.493074 174.103836 31.458912
vn -0.850878 0.502507 0.153275
v -73.221603 86.958107 -21.341686
vn 0.870088 -0.419370 0.258991
v 48.243950 171.731857 4.790231
vn 0.220808 -0.483072 -0.847281
v -36.427158 146.437683 -11.338202
vn 0.031936 0.066492 -0.997276
v -14.171879 35.662724 -82.224815
vn 0.161510 0.434414 -0.886115
v 35.762321 77.210030 -69.155739
vn 0.765458 0.204266 0.610204
v 26.644514 151.010132 37.580814
vn 0.675584 -0.737277 0.002958
v 62.265541 -0.027587 24.689344
vn 0.147418 0.097366 -0.984270
v 27.436066 32.185806 -82.327759
vn 0.168497 0.261277 -0.950444
v 67.072487 56.822495 -69.635284
vn 0.565774 0.517088 0.642277
v 13.138106 137.385925 48.358940
vn -0.204722 0.922364 0.327620
v -14.606154 234.891693 18.604418
vn -0.183549 -0.980809 0.065756
v -5.551022 101.185455 32.823265
vn 0.675858 -0.737025 0.003155
v 62.501575 -0.027586 -28.245798
vn 0.144691 0.935678 -0.321826
v 6.525090 236.782928 -19.529951
vn -0.377767 0.885141 -0.271694
v -25.876894 231.797195 -23.212275
vn -0.136172 0.489238 -0.861454
v -35.996689 83.314697 -66.107170
vn 0.258939 0.357122 0.897449
v 9.606363 210.919861 47.503510
vn -0.834091 0.442074 0.329944
v -49.890099 210.049805 6.405775
vn -0.467146 -0.561965 0.682620
v -26.532328 202.400116 42.515541
vn 0.015057 0.957515 -0.287991
v 1.363878 233.492722 -29.645786
vn 0.228071 0.350958 -0.908192
v 55.799473 69.626930 -67.679291
vn 0.216754 -0.705835 -0.674400
v 42.343685 -0.027588 -80.251350
vn -0.960544 0.157915 0.228950
v -57.690224 193.382202 -4.767857
vn 0.416261 -0.461194 0.783599
v 32.311489 149.653778 -16.798513
vn 0.278896 0.135809 -0.950670
v 47.878704 35.982235 -77.057045
vn 0.996243 -0.086294 0.007284
v 67.055321 51.493309 -37.988136
vn -0.204935 -0.328424 0.922030
v -5.496587 106.414726 49.909256
vn 0.725934 0.404496 0.556240
v 31.977266 210.613373 32.029392
vn 0.761478 0.269733 -0.589402
v 39.168152 197.906387 -43.158669
vn 0.550501 -0.512425 0.659067
v 38.271637 154.699432 -16.679079
vn -0.596862 0.754186 0.273788
v -55.110115 100.114922 -25.193712
vn 0.669957 0.143825 0.728335
v 1.951907 18.635410 58.784992
vn 0.958137 0.025510 -0.285172
v 51.580048 184.676849 -25.709450
vn 0.215016 0.829719 -0.515106
v 9.614231 226.217194 -42.600319
vn 0.107558 -0.014135 -0.994098
v 14.899758 97.955101 -59.199577
vn 0.220221 -0.905214 -0.363443
v 17.413765 125.366959 -36.843765
vn 0.659715 0.619333 -0.425678
v 35.080826 219.625595 -30.532551
vn -0.996727 0.004647 -0.080706
v -32.012650 133.701202 -1.510188
vn -0.836769 -0.513602 0.189817
v -39.319046 135.232513 -20.528664
vn 0.064918 -0.475705 0.877206
v -0.435506 118.201637 56.004967
vn -0.966779 -0.219300 -0.131322
v -41.045574 141.685135 14.639725
vn 0.134193 0.219821 0.966266
v -4.113726 77.121399 12.559766
vn -0.327904 -0.138353 -0.934525
v 35.911026 152.210190 -14.996985
vn 0.499124 0.851121 -0.162690
v 28.240736 232.209717 -10.630668
vn 0.917242 -0.084694 0.389222
v 24.132725 49.317593 33.207268
vn -0.224636 0.754249 0.616966
v 18.717810 59.831848 29.192722
vn 0.780216 0.439908 0.444684
v 68.233047 67.554924 7.564394
vn -0.996431 0.045575 0.071049
v -32.925858 138.066269 -11.594205
vn -0.792445 -0.273627 0.545123
v -24.107590 43.933197 42.393379
vn -0.094387 0.256225 -0.961998
v -25.021458 51.333080 -79.687614
vn -0.164834 0.619050 0.767859
v -65.431534 59.195679 16.458588
vn 0.628875 0.768808 0.115976
v 51.795784 102.634941 -33.553852
vn 0.503883 0.656090 0.561825
v 23.293222 220.187668 31.670086
vn 0.364605 0.525011 0.769043
v 21.402575 45.223812 37.215431
vn -0.703199 -0.223467 0.674962
v -45.470501 180.290146 21.703539
vn 0.299529 -0.112362 0.947448
v 14.109113 171.551315 49.114571
vn 0.549824 0.465717 0.693398
v 24.417343 76.896889 9.901739
vn -0.007155 0.280802 -0.959739
v 4.178782 68.151840 -74.659607
vn -0.397404 0.555221 0.730616
v -51.693298 31.880976 45.784069
vn 0.352307 0.405033 -0.843699
v 18.834719 205.313919 -57.223000
vn -0.268595 -0.470185 -0.840704
v 33.693153 146.314575 -11.351867
vn 0.003298 -0.281722 0.959491
v -28.748234 189.962509 28.322525
vn 0.302351 0.319157 0.898177
v 11.274741 174.868225 48.589100
vn -0.915641 0.059197 -0.397614
v 0.582222 25.757812 54.555382
vn 0.807391 -0.037775 -0.588806
v 64.269394 17.049784 -72.890160
vn -0.418998 -0.279583 -0.863872
v -36.348522 151.945496 7.858948
vn 0.648333 -0.339677 0.681383
v 41.813988 180.447937 20.872091
vn 0.874842 -0.048207 0.482004
v 28.421122 96.580826 1.056236
vn 0.322750 -0.109096 -0.940176
v 56.379543 1.551712 -76.014793
vn -0.457101 0.156951 0.875457
v -56.266178 3.073280 55.086761
vn -0.552201 0.738056 0.387746
v -55.857548 95.296646 -15.694712
vn -0.653879 0.719981 0.232528
v -57.219521 99.626419 -27.761883
vn -0.817400 0.530296 0.225040
v -49.440453 211.975281 3.819102
vn -0.155199 0.311615 0.937448
v 1.229318 5.880389 65.725380
vn -0.140826 0.387272 0.911147
v -28.406931 16.685165 56.637867
vn -0.587179 0.183988 0.788270
v -64.280472 79.062737 -4.137488
vn -0.722605 0.422588 -0.547048
v -31.413099 130.324890 -15.035705
vn 0.142864 0.478446 0.866417
v 16.771049 43.923626 44.896667
vn 0.863372 -0.407420 0.297652
v 14.112708 35.074619 46.729694
vn 0.806721 -0.547062 0.223438
v 43.443779 164.780090 5.566897
vn 0.378031 0.298492 0.876353
v 43.903572 10.481526 57.555378
vn -0.221684 -0.607162 0.763027
v -3.148128 98.714630 22.749306
vn -0.065401 -0.936491 -0.344541
v -25.817327 123.258682 -32.185345
vn 0.198929 0.222421 -0.954440
v 51.050510 58.839699 -72.137009
vn -0.958218 -0.282455 0.045134
v -31.618019 120.348427 6.402530
vn 0.982337 0.051583 -0.179867
v 52.000164 189.657120 -22.171963
vn -0.289476 0.754776 0.588657
v -59.081860 74.604851 9.567046
vn 0.744697 0.634965 -0.205538
v 37.006790 221.917053 -22.675760
vn 0.189240 0.145286 0.971123
v 5.682184 134.411560 59.263783
vn -0.996216 -0.086754 0.005207
v -68.960876 37.919399 -28.188854
vn 0.472613 0.880658 -0.032837
v 27.744596 233.064392 -7.894596
vn -0.039660 -0.990981 -0.128002
v -0.442022 124.486557 -43.212776
vn 0.505931 -0.334871 0.794919
v 35.459732 152.529663 -6.895066
vn 0.258537 0.386709 -0.885220
v 23.899778 111.516525 -55.474770
vn -0.179465 0.901689 -0.393382
v -15.317391 232.598724 -30.364534
vn -0.503225 0.461197 -0.730796
v -48.029034 102.274338 -50.877213
vn 0.343854 0.829731 -0.439672
v 20.838865 225.593582 -36.977848
vn -0.234469 0.949104 0.210297
v -18.055510 236.529053 10.946021
vn 0.518586 0.432001 0.737865
v 34.221626 89.406883 -5.479290
vn -0.064200 -0.268647 -0.961097
v -7.798592 162.190338 -66.131477
vn -0.420771 0.887293 -0.188846
v -32.740170 108.478157 -39.271286
vn 0.391516 0.344635 0.853195
v -36.153492 17.328842 57.511642
vn 0.500626 0.801045 -0.328178
v 29.674536 227.222092 -24.876078
vn 0.261649 0.198062 0.944622
v 36.291027 4.315084 61.794437
vn 0.739966 0.329208 0.586576
v 33.034740 213.917343 27.685453
vn -0.800807 -0.268605 -0.535312
v -36.521301 147.112091 1.498773
vn 0.734191 0.227402 -0.639728
v 35.000351 197.486008 -48.051991
vn -0.736861 0.324386 0.593135
v -23.935263 187.585938 36.668285
vn -0.970740 -0.214822 -0.107310
v -41.730949 143.596817 14.715022
vn -0.966119 0.221362 0.132714
v -2.436152 14.627482 60.237709
vn 0.486194 0.588983 -0.645535
v 52.520596 95.762886 -47.766361
vn -0.181518 0.587017 -0.788963
v -42.431198 90.246605 -60.598740
vn -0.523893 -0.792030 -0.313408
v -43.175171 159.817215 3.515306
vn 0.306300 0.903402 -0.300075
v 17.094316 233.627487 -22.840548
vn 0.652239 0.691732 0.309988
v -33.810215 77.498581 12.182859
vn -0.283369 0.956562 0.068495
v -18.769585 236.986008 4.579203
vn 0.143652 0.963690 0.225090
v 6.067150 236.822372 11.648385
vn -0.640954 -0.575297 -0.508145
v -33.550640 139.363144 -43.951199
vn 0.212642 0.728171 0.651576
v -22.825062 61.799664 27.178263
vn 0.192574 -0.132117 -0.972348
v 6.952430 169.711029 -66.448486
vn 0.323059 -0.155698 -0.933483
v 16.134560 170.567520 -64.011131
vn 0.890277 0.306675 -0.336686
v 51.612659 194.970688 -22.570339
vn -0.048796 0.155953 -0.986558
v -5.885895 103.348999 -61.309528
vn 0.716582 -0.416017 -0.559857
v 37.492325 155.300507 4.911748
vn 0.002940 0.663215 0.748423
v -1.627836 222.411407 41.220654
vn -0.387414 -0.294485 0.873607
v -42.213444 190.408340 27.412231
vn -0.312280 0.030912 -0.949487
v -62.153584 16.411322 -74.624901
vn 0.192546 0.607706 -0.770467
v 36.258507 92.442230 -59.533234
vn -0.858637 0.490408 -0.149143
v -73.503159 89.515045 -35.553139
vn -0.788244 -0.542370 0.290699
v -51.970741 169.174301 2.646883
vn -0.653493 0.178821 -0.735507
v -38.373821 189.559280 -54.186428
vn 0.449722 0.562880 0.693481
v 51.491436 27.779877 46.759560
vn -0.555875 0.537640 0.633992
v -28.534388 211.774033 39.913059
vn 0.326664 0.300802 -0.895996
v 17.356543 197.066635 -61.356468
vn 0.056132 0.487084 -0.871549
v 18.524914 85.262848 -66.573616
vn 0.260164 -0.480434 0.837555
v 28.805614 143.222015 -18.436741
vn 0.901593 -0.237322 -0.361674
v 28.304882 144.515228 -15.168989
vn 0.541858 0.652895 -0.529262
v 43.317829 105.992393 -49.017418
vn -0.039063 -0.188956 0.981208
v -4.971931 203.087189 50.719936
vn 0.234842 0.970841 0.048144
v 12.931335 237.721878 -1.455954
vn -0.277722 0.453194 -0.847045
v -68.000130 72.531197 -63.871300
vn 0.947934 -0.039574 0.315998
v 52.190933 191.178192 3.889355
vn 0.172716 0.891543 -0.418714
v 11.244714 232.223694 -30.579374
vn -0.175060 0.762350 0.623038
v 2.132547 22.537691 50.791588
vn -0.737316 -0.110330 0.666478
v -37.321880 178.586212 28.450579
vn 0.896088 -0.443876 -0.001097
v 29.756517 121.229065 12.823689
vn 0.163421 0.642889 0.748322
v 44.249249 90.248650 -0.341734
vn -0.001840 -0.675425 0.737426
v -10.427649 130.370010 57.399982
vn -0.249330 -0.820284 0.514752
v 10.156889 129.039490 55.621681
vn 0.912862 0.153394 0.378357
v 51.749199 197.624451 4.017366
vn 0.237441 0.716386 0.656058
v 41.119343 86.795815 2.832161
vn 0.449555 -0.820408 -0.353316
v 19.760296 125.610794 -30.655396
vn 0.594306 0.756197 0.273800
v 31.331001 228.184387 6.530321
vn -0.081818 -0.001555 -0.996646
v 14.711392 12.386359 -83.993248
vn 0.300229 0.906293 0.297482
v 19.304375 235.532959 4.424779
vn 0.036604 0.177005 -0.983529
v 1.456232 103.925522 -61.233093
vn -0.930382 0.140514 -0.338592
v -35.120892 142.791229 2.563185
vn 0.054897 -0.357377 -0.932345
v -2.759624 156.820099 -64.052681
vn 0.861869 -0.333614 0.381946
v 25.104006 121.361588 29.058901
vn 0.010566 0.984212 0.176679
v -3.862310 121.455597 -52.983547
vn -0.858577 -0.027930 0.511924
v -31.755178 93.524071 0.039850
vn 0.491285 0.682919 -0.540612
v 26.247480 219.553345 -42.193604
vn 0.926593 0.012495 0.375857
v 28.701036 163.336441 30.673557
vn 0.022193 0.427774 0.903613
v 0.963914 135.181885 59.932396
vn -0.451900 -0.177179 0.874296
v -37.152058 145.437531 -12.937755
vn -0.723563 0.067072 -0.686992
v -45.079914 180.591553 -48.300316
vn -0.409702 0.787641 0.460180
v -53.323418 78.622833 7.209915
vn -0.053817 0.878767 0.474207
v 35.733959 92.698753 -10.303646
vn 0.692173 0.552029 0.464930
v -35.243420 48.406429 31.941891
vn -0.516026 0.657244 -0.549315
v -32.989326 217.517822 -41.758541
vn -0.396217 0.914281 0.084272
v -24.264160 235.148346 4.574129
vn 0.257776 0.180032 0.949284
v 12.000668 142.177658 46.642666
vn 0.104789 -0.737609 -0.667047
v 1.767644 125.088081 -41.290901
vn -0.825212 0.564808 0.003990
v -48.981499 216.431564 -12.020623
vn -0.541813 0.566552 -0.620852
v -38.453770 111.888069 -49.739788
vn -0.246563 -0.684341 0.686210
v 30.002470 171.339203 29.355396
vn 0.646844 0.157223 0.746240
v 0.893075 18.013086 61.204578
vn -0.064903 0.823927 0.562966
v -38.753365 99.649109 -22.054935
vn -0.364573 -0.663518 0.653323
v -58.473030 -0.027576 54.245628
vn 0.458371 0.558982 0.690967
v 20.088612 215.160858 40.052979
vn 0.994234 0.035384 -0.101231
v 52.844833 188.148941 -19.534294
vn -0.300332 0.905987 -0.298309
v 0.044726 22.059881 55.034218
vn -0.954521 0.076295 0.288217
v -56.326206 191.841919 1.041100
vn 0.592213 -0.194345 -0.781994
v 25.499239 166.620682 -57.755657
vn -0.068394 -0.986350 -0.149786
v 36.103474 153.829971 -15.344710
vn 0.142600 -0.714575 0.684871
v 15.533122 166.356598 45.264599
vn 0.617923 0.151572 0.771490
v 9.077904 146.714066 46.972710
vn -0.770673 0.156205 -0.617789
v -71.196350 60.129452 -68.511765
vn 0.422106 -0.690295 0.587639
v -16.082539 125.464455 49.209343
vn -0.027510 0.067822 -0.997318
v -25.903244 15.319612 -83.915245
vn 0.555351 -0.051442 0.830024
v 55.851143 67.096268 11.364198
vn -0.704100 -0.205436 0.679735
v -36.113419 145.829865 -11.504286
vn 0.176756 0.316258 0.932061
v 4.704734 209.991409 48.950897
vn 0.793447 0.407272 -0.452296
v 42.297741 207.399078 -32.534252
vn 0.603664 0.630050 0.488494
v -10.532106 41.477760 45.151600
vn -0.721075 -0.554834 -0.414982
v -37.737000 135.350540 -36.506256
vn -0.685474 -0.513259 -0.516421
v -37.410603 136.454697 -37.978836
vn -0.652079 0.730830 0.201695
v -42.486408 222.876236 -3.491357
vn 0.483714 0.559681 0.672888
v 7.384412 136.940887 56.728622
vn 0.192075 -0.418645 0.887606
v -3.170200 132.425598 60.521038
vn 0.758338 -0.315042 0.570677
v 44.171253 177.550522 16.225821
vn -0.592685 0.780190 0.200068
v -52.946499 103.293648 -31.157822
vn 0.011059 0.088551 0.996010
v 8.072661 162.244522 41.299595
vn -0.451665 -0.158500 -0.877996
v -29.376238 168.432480 -62.052082
vn 0.206428 0.684646 0.699033
v 38.793808 52.192776 29.812187
vn -0.863377 -0.360782 0.352728
v -26.856808 190.454956 31.841858
vn 0.246904 0.947207 -0.204541
v 15.494988 235.520706 -17.635231
vn 0.759217 0.122066 -0.639288
v 34.372986 186.915405 -51.627659
vn 0.461809 -0.717126 -0.521979
v 27.056387 134.598816 -39.794319
vn -0.342234 0.665462 -0.663352
v -61.322472 87.535553 -56.302250
vn -0.744705 -0.553486 -0.372918
v -32.384327 137.110092 -1.269403
vn 0.710704 0.121292 -0.692956
v 34.138130 202.676575 -46.784584
vn 0.960241 -0.204903 0.189613
v 17.974844 123.597878 42.258263
vn -0.015619 0.054881 -0.998371
v -4.296596 184.256805 -68.100151
vn 0.480757 -0.875111 -0.055260
v 29.149714 51.464317 33.940212
vn -0.891511 -0.365149 0.268095
v -44.894295 145.588699 -22.986055
vn 0.254423 0.710203 0.656415
v 38.574108 48.527817 34.006290
vn -0.094037 -0.125870 -0.987580
v -14.919071 98.040947 -59.558254
vn 0.449861 0.828106 -0.334464
v 22.690008 231.368713 -23.072514
vn 0.672474 -0.198849 -0.712909
v 30.576469 164.165100 -52.535522
vn 0.750917 -0.652829 0.099690
v 25.906427 116.254433 16.218218
vn -0.590172 0.315502 -0.743072
v -17.174780 121.317848 -37.256779
vn 0.023271 -0.836348 -0.547704
v -0.084771 125.375206 -41.394432
vn -0.868977 -0.465082 0.169047
v -51.136459 157.923706 -24.633167
vn -0.264839 -0.524651 0.809075
v -20.704128 200.623062 45.376461
vn -0.461292 0.821204 -0.335907
v -23.388416 113.650688 -39.697529
vn -0.277361 -0.066921 0.958432
v -4.438286 144.536896 60.728615
vn 0.629389 0.129218 0.766272
v 28.385376 205.458664 38.486065
vn 0.015663 0.501689 -0.864906
v 1.982527 94.937912 -62.006691
vn -0.683050 -0.388384 0.618547
v -44.606350 171.816864 19.148186
vn 0.955489 -0.288014 -0.063948
v 50.404648 168.758514 -21.816069
vn 0.509898 0.398433 -0.762401
v 12.766545 119.878296 -38.946079
vn 0.101495 0.812470 0.574100
v -1.391688 227.558350 34.918846
vn -0.282378 0.100169 -0.954059
v -55.205185 33.077759 -75.807419
vn 0.798706 0.009236 -0.601650
v 37.194469 180.885101 -48.685719
vn -0.835553 0.332693 -0.437225
v -72.821220 80.475677 -56.460762
vn 0.801663 0.379465 0.461891
v 41.280743 210.463852 17.341845
vn 0.375001 -0.587171 0.717360
v 19.619152 196.513382 40.588913
vn -0.727006 0.403992 0.555204
v 34.453182 111.417290 -34.233311
vn 0.378915 0.718273 0.583530
v 46.137421 81.943977 4.349653
vn -0.538013 -0.217696 0.814341
v -68.030815 81.067986 -5.365236
vn -0.773727 -0.322968 -0.545013
v -34.931503 151.538406 -1.740705
vn 0.369032 0.737342 -0.565811
v 21.199446 220.552841 -45.267033
vn -0.473920 -0.803111 -0.361125
v -29.559397 125.805626 -34.149418
vn 0.657493 0.743932 -0.119453
v 57.723949 98.450615 -38.810051
vn -0.268264 0.633231 0.725984
v -43.397373 81.031799 8.215003
vn 0.714773 -0.631304 -0.300924
v -13.437235 128.756912 53.549164
vn 0.209628 0.034915 0.977158
v 45.371784 20.733683 51.912548
vn -0.232167 0.324650 0.916897
v -13.807075 154.424347 44.416641
vn -0.600882 0.067978 0.796442
v -33.696880 148.727737 -6.379916
vn 0.154529 0.982395 -0.104985
v 8.979653 238.188614 -9.855338
vn 0.433320 0.880943 0.190196
v 21.673180 233.999084 4.132315
vn -0.787984 -0.600818 -0.134529
v -34.710999 135.025116 3.494264
vn -0.827430 0.507828 0.239729
v -72.943871 84.185509 -12.138502
vn -0.006032 0.538059 0.842886
v -1.349092 44.912327 39.681973
vn -0.553291 0.501460 -0.665137
v -34.477531 206.431870 -50.755032
vn -0.930310 0.138180 0.339749
v -53.960686 195.614288 6.280930
vn 0.507132 0.738114 0.444977
v 25.091471 223.942291 25.158598
vn 0.665578 -0.571854 0.479571
v -30.214056 127.751732 -16.779154
vn 0.981100 0.040703 0.189170
v 31.186518 104.547142 -5.375523
vn -0.680083 -0.194722 0.706803
v -38.295197 144.084763 -13.946430
vn -0.805639 0.295644 0.513361
v -69.189499 43.979763 26.951427
vn -0.251371 -0.198673 0.947281
v -3.192807 164.555283 48.596188
vn -0.796238 -0.287478 0.532317
v -21.650667 118.513596 39.202408
vn -0.674329 0.717173 0.175904
v -34.628845 107.340340 -36.918888
vn 0.946545 -0.164202 0.277653
v 30.178082 141.383408 29.508003
vn 0.753223 -0.262950 0.602920
v 19.677292 126.790794 41.495522
vn 0.648419 -0.331735 0.685204
v -35.009003 52.223114 28.722311
vn -0.389368 -0.378709 -0.839626
v -29.019499 160.866379 -60.297497
vn 0.443331 0.766397 0.464858
v 61.014801 84.736137 -6.646029
vn -0.157500 -0.622543 -0.766573
v -7.181782 131.971619 -51.832157
vn 0.805637 0.303335 0.508859
v 66.148567 44.451031 26.597111
vn -0.521996 0.128420 -0.843225
v -27.420492 182.233994 -63.650223
vn -0.154757 -0.911493 0.381091
v -33.994968 53.065590 29.385414
vn -0.731023 0.541394 0.415329
v -41.512070 216.276566 16.310297
vn -0.742080 -0.327528 0.584844
v -35.483883 131.408157 -15.568527
vn 0.054421 0.665200 0.744679
v -3.240207 61.306763 28.186108
vn -0.505870 -0.426041 -0.750056
v -34.983505 144.869690 2.037381
vn 0.749028 -0.215235 0.626603
v 13.480490 117.145729 44.964329
vn -0.113411 0.284482 0.951949
v -16.707008 160.766693 44.625835
vn -0.804703 -0.051720 -0.591421
v -66.992355 12.329523 -73.159790
vn -0.605363 -0.469119 -0.643011
v -37.575333 146.797852 -46.611183
vn 0.232709 0.861346 -0.451586
v 20.679176 232.882767 -23.327017
vn 0.995992 -0.089140 0.007378
v 64.559189 21.872725 -50.679092
vn -0.023479 0.525235 0.850633
v 28.165663 181.066528 29.993862
vn -0.005440 0.131224 0.991338
v -1.359706 175.943741 50.452702
vn -0.996459 -0.083966 0.004437
v -70.257858 54.739071 13.619159
vn 0.851450 0.156815 0.500442
v 45.397972 195.499664 19.665752
vn -0.557390 -0.381463 -0.737430
v -38.367016 152.328812 -48.876743
vn 0.117040 0.965472 -0.232736
v 10.134017 235.833466 -20.316748
vn 0.174529 -0.701423 0.691047
v 8.727775 166.976868 46.393471
vn -0.473738 0.774681 0.418858
v -25.988462 227.927109 23.713326
vn 0.175305 -0.892527 -0.415529
v 13.916446 125.807304 -36.516472
vn 0.082430 0.612386 0.786250
v 0.794954 218.053223 44.481236
vn 0.454001 -0.443022 -0.773055
v 34.281868 138.893051 8.115469
vn 0.466713 0.340663 0.816167
v 24.526873 209.352051 40.638851
vn -0.900082 0.414944 0.132948
v -35.811546 105.196693 -19.850666
vn 0.431232 0.811592 -0.394153
v 26.339317 226.101059 -31.018072
vn -0.399250 0.165368 0.901806
v -33.654781 177.121338 32.847664
vn -0.116730 0.476679 -0.871293
v -8.362402 206.999100 -61.455212
vn 0.160838 0.195625 0.967400
v 4.592590 4.758483 65.952904
vn -0.158040 0.631759 0.758884
v -17.078487 61.262489 29.384136
vn 0.066112 -0.385783 -0.920218
v 2.530534 146.423752 -59.732838
vn -0.264360 0.050515 -0.963100
v -64.165794 29.708611 -73.260193
vn 0.183071 0.230824 -0.955618
v 28.890104 41.357941 -80.683578
vn -0.820048 -0.341954 0.458900
v -20.075283 122.260780 42.877014
vn -0.496702 -0.368436 0.785839
v -22.767223 200.831650 45.435772
vn -0.137258 0.609621 0.780719
v 1.962177 73.132942 13.931190
vn -0.176149 -0.169620 0.969639
v 62.918690 14.272665 46.224869
vn -0.152197 0.193903 -0.969143
v -16.660677 187.476578 -66.648415
vn -0.335017 -0.398294 0.853889
v -32.046478 132.183701 -13.534056
vn -0.300464 0.199537 0.932688
v -37.219204 183.403656 27.714058
vn -0.920595 0.187763 0.342419
v -52.040695 195.991409 11.452403
vn -0.638437 0.218639 -0.737967
v -38.045090 196.141251 -52.767258
vn -0.387479 0.594154 -0.704870
v -24.506718 213.632324 -51.370113
vn -0.298379 0.205357 -0.932094
v -20.196232 190.343704 -64.896545
vn -0.456930 0.695546 0.554465
v -24.116047 225.416168 29.294470
vn -0.498867 0.600329 0.625090
v -34.841469 209.967316 35.221642
vn 0.660052 0.362118 0.658181
v 26.748472 80.672440 4.504557
vn -0.794068 0.324891 0.513715
v -69.848221 50.513870 22.205252
vn 0.323766 0.725707 0.607062
v -25.483162 63.556839 29.284744
vn -0.031788 -0.561396 0.826936
v -8.871906 -0.027587 64.195984
vn -0.702923 -0.624179 0.341027
v -34.175694 135.357788 22.990776
vn -0.167690 0.282409 -0.944524
v -39.378521 66.987206 -73.381554
vn 0.211396 -0.723170 0.657523
v -14.194784 128.373795 55.628731
vn 0.333979 0.601867 0.725406
v 43.724224 40.876671 38.443073
vn 0.974080 -0.194646 -0.115242
v 39.555252 154.320282 -14.242327
vn 0.869447 -0.148982 -0.471027
v 48.053047 178.055222 -34.278091
vn 0.584635 -0.160416 0.795279
v 11.822923 124.475494 47.856636
vn -0.425336 0.320927 0.846224
v -54.280380 11.972289 53.588505
vn 0.918444 0.029667 -0.394438
v 52.049465 187.858826 -22.869070
vn 0.069370 0.936392 0.344033
v -1.005374 233.964005 23.991964
vn 0.816609 -0.534691 0.217382
v 46.869579 167.933304 1.130808
vn -0.393188 -0.197270 0.898047
v -12.399504 91.997543 12.505631
vn 0.693002 -0.454644 -0.559507
v 29.984179 143.242599 -9.940912
vn -0.928984 -0.364335 -0.065183
v -55.811737 166.290756 -26.295469
vn 0.909949 -0.406335 -0.082970
v 37.945995 146.350266 -30.315413
vn 0.898562 -0.072358 0.432840
v 48.080887 187.657486 14.888797
vn -0.205712 -0.615507 0.760811
v -6.253192 166.764420 49.143562
vn -0.307409 -0.025781 -0.951228
v -46.342991 1.473272 -80.203369
vn -0.583914 -0.732715 -0.349533
v -23.367798 123.979904 -30.557390
vn -0.648408 -0.112784 0.752892
v -24.996702 137.775742 43.815399
vn -0.740404 0.429719 0.516858
v -36.918076 210.622803 31.734182
vn 0.374971 -0.917734 0.131002
v 44.045048 163.336121 -7.713959
vn -0.152224 -0.698212 -0.699519
v -37.468987 -0.027542 -82.482986
vn 0.050567 0.928933 0.366778
v -30.219557 139.745911 -11.745987
vn -0.984180 -0.077597 0.159276
v -58.419071 182.122849 -7.909387
vn -0.899023 -0.012304 0.437728
v -20.260508 129.454163 45.856430
vn 0.227854 0.404454 -0.885720
v 10.502155 206.674850 -59.573612
vn 0.015841 0.546796 0.837116
v -23.465399 28.161787 51.342316
vn -0.288413 -0.753480 0.590835
v 31.211475 52.575172 30.417273
vn -0.283844 0.876702 0.388363
v -17.878506 231.745178 23.464291
vn -0.081841 -0.007112 0.996620
v -40.800129 23.991707 53.563648
vn 0.923325 0.355549 0.145105
v 32.227039 103.159676 -17.300804
vn -0.793939 0.061875 -0.604840
v -47.446434 179.370316 -45.802059
vn 0.501290 0.438909 0.745699
v 21.347918 212.760315 40.838715
vn -0.649764 -0.256146 -0.715679
v -40.149960 154.750626 -48.647911
vn 0.694697 0.547449 -0.466580
v 35.938122 215.604538 -34.890221
vn -0.772645 0.608221 0.181901
v -45.770798 217.817734 1.322309
vn 0.338911 0.603928 0.721395
v 15.337847 222.990402 34.106113
vn -0.646454 -0.747990 0.150358
v -20.745472 109.815811 21.767044
vn -0.857628 -0.490928 0.153180
v -27.758396 48.555370 34.694305
vn -0.693393 -0.192142 -0.694470
v -40.240765 148.734726 9.528898
vn 0.602873 0.506047 0.616814
v 10.951718 133.877365 55.187973
vn -0.199295 0.978791 -0.047434
v -15.667420 237.977707 -3.327428
vn 0.105155 -0.792432 0.600827
v -1.175752 125.082199 56.837746
vn 0.237748 0.151067 -0.959507
v 12.089005 187.647690 -65.584747
vn 0.791720 0.225429 -0.567768
v 43.831161 196.516479 -37.331398
vn 0.831854 0.527007 0.174021
v 70.030273 86.561928 -19.753820
vn 0.437926 -0.007596 0.898979
v 18.158075 157.132416 42.359066
vn 0.774682 -0.358016 -0.521241
v 29.824171 147.863190 -14.720929
vn 0.009762 0.298766 -0.954277
v -1.495408 70.119659 -74.090454
vn 0.467095 -0.884166 0.008564
v 8.454917 103.176491 30.528282
vn 0.014543 0.993536 0.112582
v -1.582429 238.469147 4.464217
vn 0.200756 -0.374721 0.905142
v 4.015334 113.739174 50.138081
vn 0.176328 -0.984331 -0.001228
v -4.038289 124.294510 -42.282852
vn 0.015168 0.450439 0.892678
v 29.940714 182.072830 28.426794
vn 0.258074 0.638859 0.724746
v 42.314049 72.367561 14.983387
vn -0.820513 0.105841 0.561744
v -72.640892 81.731194 -8.192467
vn -0.973353 0.011529 -0.229022
v -30.390369 145.582336 0.148849
vn 0.037552 0.549946 0.834356
v -18.519720 25.076672 53.197189
vn 0.844434 -0.534652 -0.032842
v 34.150146 155.659668 2.523435
vn 0.327614 0.806706 -0.491827
v 15.547509 222.208771 -45.514503
vn 0.163256 -0.977500 -0.133568
v 16.934183 124.528847 -35.425800
vn 0.628386 0.690779 0.357709
v 35.302113 225.984009 4.556160
vn -0.753776 0.250838 0.607373
v -32.343559 147.224380 -4.818966
vn -0.298781 0.846365 -0.440904
v -20.681273 229.808975 -32.769688
vn 0.371361 -0.586644 -0.719680
v 12.482788 133.985001 -50.799568
vn 0.064760 0.194380 0.978786
v -1.467730 207.919418 50.500542
vn 0.441149 0.813451 0.379058
v -40.688698 87.554825 1.975095
vn -0.517061 0.540920 0.663365
v 31.787342 34.558064 46.324364
vn -0.646761 -0.322995 0.690923
v -42.538975 184.273453 25.348087
vn 0.320165 0.010278 -0.947306
v 59.408596 11.670133 -74.609787
vn -0.564441 0.157367 0.810334
v -24.992197 82.813820 9.953835
vn 0.094195 0.342990 0.934604
v 31.866892 182.022034 29.516733
vn 0.996446 0.061189 0.057898
v 52.619724 195.772980 1.557350
vn -0.159472 -0.248700 -0.955362
v -13.593788 162.705917 -65.399742
vn -0.942732 -0.241255 0.230332
v -57.990883 180.240829 -7.954518
vn -0.602751 0.605302 -0.519904
v -38.736961 214.666229 -38.841450
vn -0.222323 0.129847 -0.966288
v -44.257435 41.331429 -77.500092
vn 0.635196 0.632847 -0.442753
v 31.415564 220.302277 -34.941391
vn 0.761809 0.600762 -0.242346
v 40.210190 219.682861 -18.882833
vn -0.032390 0.998168 0.051107
v -6.333494 238.695343 -0.467936
vn 0.097162 0.086853 0.991472
v -1.425951 194.062714 45.363270
vn 0.096977 0.047623 -0.994147
v -19.598562 2.738614 -84.064934
vn -0.323601 0.252271 0.911944
v -38.292381 145.231339 25.718678
vn -0.616863 -0.309884 0.723500
v -34.705162 199.278732 36.716366
vn 0.140684 -0.648992 -0.747674
v 1.816013 129.580353 -50.014374
vn 0.857829 -0.253251 0.447207
v 48.398209 179.317947 11.240906
vn 0.137360 -0.022268 -0.990271
v 21.676769 97.818848 -58.280552
vn -0.122445 -0.000340 -0.992475
v -29.432304 4.705770 -84.177200
vn -0.996214 -0.086822 0.004452
v -68.091019 28.836666 -9.855595
vn -0.996168 -0.087332 0.004821
v -66.497597 10.075741 -18.459276
vn -0.794836 -0.586078 -0.157316
v -38.747784 134.357361 -31.391819
vn 0.185781 -0.132552 0.973609
v 44.636040 22.337568 52.996399
vn -0.483614 0.362637 -0.796625
v -43.830227 102.971634 -53.096981
vn 0.106504 -0.313667 0.943541
v -30.581123 132.827728 -12.691121
vn 0.504736 0.600687 0.620014
v -32.101173 108.580772 -40.874496
vn -0.167538 0.761537 -0.626093
v -11.068337 222.341156 -48.627750
vn -0.208633 0.887588 0.410683
v -45.802895 107.532379 -23.355997
vn -0.618005 0.198696 0.760651
v -29.864801 207.315094 40.687706
vn 0.807605 -0.146894 0.571137
v 16.479967 126.191269 52.243862
vn 0.049171 0.296914 -0.953638
v -11.926660 53.260986 -79.129471
vn -0.162788 0.707824 0.687376
v -8.330750 224.507370 38.042454
vn 0.755349 0.445420 0.480675
v 43.883461 205.947250 17.175947
vn -0.722150 -0.368121 0.585650
v -38.466644 170.050247 23.993832
vn -0.405143 0.612367 0.678871
v -22.533689 217.515594 39.207447
vn -0.131866 0.584894 -0.800319
v -9.516534 213.597549 -57.126564
vn -0.346143 -0.493739 -0.797751
v -19.314417 139.163818 -53.975254
vn -0.905785 0.015895 0.423440
v -33.624016 98.389687 -2.579243
vn -0.728976 0.678065 -0.093930
v -45.628082 220.631638 -13.876342
vn -0.693267 -0.249086 0.676267
v -39.116535 175.173248 25.803619
vn 0.464822 -0.311737 -0.828710
v 20.189453 156.750153 -58.770058
vn -0.549022 0.674014 -0.494247
v -60.618549 94.468369 -44.824203
vn -0.868118 0.459304 0.188177
v 34.151180 84.088425 -0.138035
vn -0.677618 -0.735412 0.001407
v -39.690353 161.329956 -0.445175
vn 0.456323 -0.089785 0.885273
v 41.811256 186.126633 23.567904
vn -0.704500 0.625223 0.335822
v -35.729286 222.142014 19.694277
vn 0.058781 0.836771 0.544389
v -38.864128 102.413742 -25.859070
vn -0.899065 0.352160 -0.260126
v -54.763313 201.643890 -25.663845
vn 0.104391 -0.762892 -0.638043
v 4.919829 126.686241 -45.548744
vn 0.113325 0.163808 -0.979961
v 23.231194 38.678055 -82.171829
vn -0.877520 -0.238135 0.416234
v -52.377995 176.605667 10.865942
vn 0.262975 0.592376 0.761535
v 48.491982 85.422485 1.670856
vn -0.528333 -0.357831 0.769949
v -7.547913 94.759422 18.590759
vn 0.587772 -0.064358 0.806463
v 19.902998 136.510971 45.083225
vn 0.212403 -0.031681 -0.976669
v 32.930523 8.258582 -83.021118
vn 0.272554 0.948624 0.160705
v 16.540806 236.060089 3.543128
vn -0.026401 0.284703 -0.958252
v -4.549627 107.356918 -60.333435
vn -0.027852 0.607517 0.793818
v -3.431241 217.433960 44.851921
vn -0.650272 0.179494 0.738193
v -27.342247 147.652206 41.353939
vn -0.930583 0.210806 0.299294
v -54.786049 199.107376 2.784332
vn 0.278612 0.597128 0.752206
v 50.372334 48.509167 28.911400
vn -0.782388 0.229411 0.578999
v -7.693890 146.109833 56.838829
vn -0.321297 -0.269222 0.907903
v -9.509785 132.931061 58.825146
vn -0.316449 0.708931 -0.630300
v -55.773689 91.086594 -55.357376
vn 0.012433 -0.889225 0.457301
v -1.053820 101.268410 46.242874
vn 0.245342 -0.604140 -0.758171
v 8.407565 129.054993 -48.204208
vn -0.236587 -0.923662 -0.301454
v -43.986839 161.387985 0.769599
vn -0.496136 0.843694 0.205011
v -26.635897 233.547836 8.826147
vn 0.523629 -0.202235 0.827595
v 60.772964 70.111671 10.442420
vn -0.718793 0.434849 0.542441
v -6.040452 153.239487 50.836826
vn -0.727736 -0.330651 0.600891
v -33.068207 169.340988 25.948421
vn 0.960704 -0.086609 0.263718
v 51.609028 178.140152 -2.267360
vn -0.223186 -0.806619 0.547315
v -13.545552 166.407349 45.481518
vn -0.269387 0.616244 0.740050
v -44.952499 75.773666 12.182286
vn -0.686236 -0.402887 0.605609
v -61.485275 70.043152 11.562889
vn 0.301482 0.402143 -0.864517
v 29.926550 106.896950 -56.147831
vn 0.188302 0.652496 0.734024
v 49.192627 73.285774 12.039469
vn 0.560406 0.743237 0.365438
v 23.732193 224.578018 25.437096
vn 0.010280 0.760167 0.649646
v -6.456769 115.276001 -49.230755
vn 0.653905 0.636431 0.409101
v -39.868343 96.528008 -15.303875
vn -0.619344 0.613009 0.490544
v 8.358220 41.564068 42.589035
vn -0.848842 -0.521622 0.085895
v -54.327919 165.057495 -19.161793
vn 0.416115 0.320216 0.851064
v 49.903183 11.891453 54.250477
vn 0.177773 -0.537909 0.824046
v 29.413057 189.737244 29.009836
vn 0.280619 -0.917238 0.282714
v -18.070316 121.101601 48.813236
vn -0.992465 0.122405 0.005530
v -32.835087 128.951279 -4.384607
vn 0.659007 -0.100278 0.745422
v 37.342438 56.229439 26.416744
vn 0.652385 0.722281 0.229575
v 55.072037 98.527351 -27.883776
vn -0.700969 0.592187 0.397439
v -44.958614 212.890030 14.811653
vn 0.637646 0.631036 0.441816
v 4.937957 147.511597 53.571255
vn 0.496338 -0.415785 0.762084
v 33.843792 194.685699 30.985023
vn -0.326483 0.523263 0.787150
v -0.567976 19.056934 61.014000
vn 0.848014 0.529238 0.027913
v 45.761635 214.143707 -4.799480
vn 0.744604 0.166506 -0.646406
v 35.419590 192.563599 -49.127804
vn 0.994708 0.078188 -0.066647
v 53.097195 180.603607 -18.102531
vn 0.659074 -0.374236 0.652356
v 16.710054 124.146057 50.981213
vn 0.830679 -0.260663 0.491963
v 17.722836 123.736725 49.663921
vn 0.089485 0.511170 0.854809
v 0.411064 213.388916 47.930798
vn -0.552873 0.833260 -0.003060
v -35.197380 229.353348 -9.723859
vn 0.570180 0.780327 -0.256875
v 32.319817 227.468704 -19.246645
vn -0.697694 -0.430663 0.572497
v -52.554760 64.456429 18.533438
vn 0.674876 0.716763 -0.175477
v 42.093552 110.921860 -40.788090
vn -0.650136 -0.453943 0.609310
v -39.374229 167.166901 22.289829
vn 0.020008 0.068462 -0.997453
v -20.032099 18.978546 -83.772270
vn 0.680627 -0.054442 0.730604
v 46.173485 61.627377 18.630650
vn 0.087315 0.907187 -0.411567
v 6.737960 234.323044 -27.640514
vn 0.858990 -0.288679 -0.422848
v 32.302330 144.748856 2.999305
vn 0.975397 -0.125342 -0.181355
v 32.570339 145.061981 4.690763
vn 0.917127 0.160298 -0.364943
v 40.344963 158.578125 -13.218881
vn 0.421700 -0.626552 0.655440
v -15.835129 126.988304 50.033134
vn 0.137599 -0.384503 0.912811
v -0.379514 94.099098 21.021002
vn -0.494553 0.259802 0.829410
v -54.508904 66.265182 17.065666
vn 0.983380 0.033749 -0.178393
v 52.488995 179.877213 -21.459291
vn 0.213181 0.636093 0.741579
v 44.722591 53.498978 27.185387
vn 0.655345 0.448584 -0.607697
v 31.912939 208.156174 -46.580357
vn 0.218317 0.130344 0.967134
v 32.891052 140.343369 25.585585
vn -0.628748 0.274983 0.727365
v -35.834732 153.163864 22.317333
vn 0.331985 0.933449 -0.135862
v 22.073833 234.501572 -11.963021
vn -0.173156 0.656753 0.733957
v -66.584488 63.874287 12.292941
vn 0.640488 0.290489 0.710908
v 18.296619 182.571915 41.536102
vn 0.392260 0.105846 0.913745
v 9.819260 148.260406 46.830097
vn 0.953529 0.256333 -0.158355
v 52.391487 195.125397 -15.961287
vn -0.717709 0.652334 -0.243628
v -44.867805 219.200317 -20.772764
vn -0.703683 -0.700443 0.119205
v -28.138485 115.619591 18.073757
vn -0.323772 -0.550791 0.769286
v -4.361769 142.985275 60.141918
vn -0.028402 0.476083 -0.878942
v -19.079752 80.191208 -69.408257
vn -0.394683 0.746584 0.535572
v 36.089539 99.113548 -19.985172
vn 0.701454 -0.554130 0.448222
v 27.757809 145.633392 -17.581020
vn 0.916840 -0.100592 -0.386375
v 32.549931 148.095718 5.239768
vn 0.614220 0.609664 -0.501043
v 29.718971 217.990662 -40.653965
vn -0.301764 0.200808 0.931995
v -20.295908 146.685608 45.217354
vn 0.600595 0.228240 -0.766284
v 28.112679 199.361664 -54.719540
vn -0.035222 0.956516 0.289544
v -7.028649 235.714127 18.765730
vn 0.484857 0.281165 0.828167
v 12.758400 185.652130 44.658920
vn 0.870176 -0.382144 0.311063
v 49.112118 174.328354 6.025569
vn 0.638277 -0.223918 0.736521
v 9.982193 127.463593 52.732460
vn 0.808514 0.563387 -0.170000
v 28.688665 111.278008 -26.427990
vn 0.042545 0.326825 -0.944127
v -0.585913 122.685852 -41.890186
vn 0.384604 -0.350300 0.854032
v 31.249538 143.021210 -19.544376
vn 0.608522 -0.764144 0.213976
v 46.633591 163.519653 -10.980042
vn 0.693373 0.555811 0.458593
v 12.353224 135.472641 52.939617
vn 0.277758 0.646192 0.710836
v 20.335911 72.979828 15.205072
vn 0.744309 0.511370 0.429539
v 38.730328 213.927597 18.619091
vn -0.360796 0.793753 -0.489676
v -24.300777 224.494919 -39.255650
vn -0.954948 0.137451 -0.263024
v -33.584591 137.268265 -12.526217
vn -0.051305 -0.418537 -0.906749
v -9.427278 144.966675 -59.325218
vn -0.559474 -0.808916 -0.180674
v -45.195190 160.149078 4.728943
vn -0.348393 0.599967 0.720182
v -60.829311 36.140228 38.820358
vn 0.604176 0.522566 -0.601579
v 28.824284 213.957642 -45.958809
vn 0.256906 -0.836090 -0.484720
v 29.986450 137.567825 -1.186399
vn -0.641457 0.565713 -0.518172
v -43.357395 211.351471 -36.673088
vn -0.639415 -0.617375 0.458254
v -5.383948 142.407257 54.585869
vn 0.300587 -0.349065 0.887582
v 14.260059 199.260925 45.651554
vn 0.648206 -0.419985 0.635171
v 30.072935 168.657486 26.009729
vn -0.982164 0.044437 -0.182701
v -31.625324 134.416718 -12.602224
vn 0.276414 0.805330 0.524442
v 8.465590 228.808533 31.139610
vn 0.756209 -0.654169 0.014517
v 28.057617 132.007690 -31.556883
vn -0.158053 0.985679 -0.058787
v -17.783934 121.345085 -53.010830
vn 0.772613 0.280703 0.569452
v 22.484196 180.015091 38.296978
vn 0.744280 -0.484579 -0.459598
v 33.380695 142.707291 -38.133865
vn -0.344422 0.175877 0.922193
v -18.974850 140.069336 46.518948
vn 0.979317 -0.020829 -0.201258
v 51.824146 181.137039 -24.885862
vn 0.425369 -0.551408 0.717642
v 24.290012 196.836075 38.066460
vn -0.056511 0.627447 0.776606
v -37.185295 37.944221 45.748692
vn -0.970808 0.154495 -0.183476
v -32.930470 116.128883 -15.493942
vn 0.677190 0.260089 0.688307
v 26.579039 184.974976 28.495941
vn -0.079554 0.066116 -0.994636
v -11.791418 181.402847 -67.810410
vn -0.961706 -0.051753 0.269153
v -41.656559 151.469955 -9.567204
vn 0.996257 -0.086072 0.007969
v 66.698860 45.002663 -60.375828
vn -0.667373 0.672579 -0.319765
v 3.014728 22.474297 52.445988
vn 0.187648 0.735926 0.650540
v 18.027729 68.826042 21.153885
vn 0.597500 0.193169 0.778254
v -1.635064 6.983443 65.238899
vn -0.351756 -0.343220 -0.870900
v -22.430933 156.106155 -61.428516
vn -0.817533 0.226671 -0.529396
v -48.752228 194.594101 -41.909290
vn -0.589923 -0.364412 -0.720552
v -33.815147 142.034973 -45.831924
vn -0.894292 0.440743 0.077381
v -53.120224 209.201508 -7.608255
vn 0.250972 0.170646 -0.952834
v 50.012970 41.802860 -75.376678
vn -0.228130 0.360128 -0.904580
v -28.607613 107.523613 -57.107777
vn 0.816313 0.007976 0.577554
v 25.788660 86.280846 4.927824
vn -0.873364 -0.005406 0.487038
v -30.577827 160.995911 32.642773
vn 0.209991 0.289503 -0.933859
v 46.796497 65.616020 -71.293938
vn 0.406320 -0.663139 0.628610
v 7.410465 129.649292 55.291161
vn -0.552480 0.799846 0.234546
v -32.604271 225.937866 19.887255
vn -0.763201 0.549008 0.340755
v -38.094830 219.179214 20.780506
vn -0.279819 0.578442 0.766228
v -41.404186 62.946026 23.911594
vn -0.339402 0.484178 0.806460
v -51.018791 26.678249 49.807781
vn -0.644475 0.758913 0.093294
v -38.791428 225.313080 1.242745
vn 0.821413 0.363900 0.439155
v 45.322441 206.414154 14.165793
vn 0.310402 0.587159 0.747593
v 34.993439 59.664768 28.111536
vn 0.979642 -0.108892 0.168653
v 35.100998 142.607986 -6.228111
vn 0.602841 -0.142277 -0.785073
v 35.324783 142.288910 7.420525
vn 0.284953 -0.827055 0.484544
v 31.546146 52.620319 31.582094
vn -0.853973 0.501137 0.139974
v -73.393211 88.633904 -28.070757
vn -0.005542 0.508449 0.861075
v -13.732649 40.566582 46.489971
vn 0.927940 -0.043736 -0.370154
v 52.075844 189.379944 -24.351408
vn 0.888356 0.445859 -0.109694
v -33.940655 77.771637 6.754398
vn 0.953270 -0.283835 -0.103513
v 51.663555 169.620087 -16.543650
vn -0.863556 0.086822 0.496723
v -66.215225 10.793821 47.427879
vn -0.250891 -0.117536 -0.960853
v -19.501751 172.541397 -66.362358
vn 0.283009 0.267890 -0.920946
v 12.343391 194.453964 -63.688343
vn 0.865032 0.168732 -0.472492
v 41.105919 194.976654 -42.680767
vn 0.046569 -0.282339 -0.958184
v -3.524374 162.315689 -66.296860
vn 0.548337 0.224359 -0.805599
v 25.762487 195.171448 -57.541832
vn -0.994938 0.097532 0.024221
v -58.774742 190.666397 -13.414837
vn -0.644761 0.083763 0.759781
v -30.980476 204.842285 40.353348
vn -0.564777 0.117779 0.816795
v -36.282177 158.444626 20.301012
vn -0.362250 0.401133 0.841348
v -34.201965 178.282700 31.276482
vn 0.780564 0.529028 0.332941
v -37.141655 106.933304 -33.566277
vn -0.631678 -0.416635 0.653757
v -37.746002 170.618088 25.494390
vn -0.374745 0.304907 0.875556
v -12.074304 187.688477 46.010101
vn -0.521481 -0.031539 -0.852680
v -28.526253 171.647720 -62.656807
vn 0.641511 0.646218 0.413360
v 61.456638 76.718964 3.999660
vn -0.486268 0.479873 0.730250
v 32.633842 33.897530 48.887871
vn -0.748435 -0.441030 0.495316
v -46.948929 153.861786 -20.491470
vn 0.858250 -0.466132 0.214774
v 37.250286 144.858154 -27.680748
vn 0.758119 -0.047028 -0.650418
v 40.839916 175.703552 -43.611076
vn 0.010150 0.241472 -0.970355
v -1.956052 66.268570 -75.107986
vn -0.251309 0.640798 0.725412
v -54.702728 54.498272 24.378035
vn 0.716488 0.246391 -0.652638
v 31.642311 200.769714 -50.808453
vn -0.569597 -0.331002 0.752328
v -5.726012 164.125885 46.760967
vn -0.917975 0.396637 -0.000705
v -54.448380 206.628006 -11.864921
vn 0.689636 -0.618039 0.377399
v 34.689156 142.858978 -24.191286
vn 0.039158 0.978584 0.202090
v 11.698081 237.925476 0.400394
vn -0.099167 -0.421691 0.901301
v -35.776245 188.672440 29.175659
vn 0.358523 -0.193327 0.913283
v 17.814747 100.787216 12.666104
vn 0.372573 0.356309 -0.856874
v 17.350922 211.696030 -54.254082
vn 0.148293 -0.021593 0.988708
v 4.385442 133.915298 59.096146
vn 0.726544 0.497709 0.473730
v -7.024291 33.100006 46.925663
vn -0.059516 0.101479 -0.993056
v -24.211363 27.641554 -82.829140
vn 0.105794 0.264996 0.958428
v 0.604410 123.282043 56.446175
vn 0.689266 -0.724322 0.016426
v 47.273129 163.359848 -17.478304
vn 0.989088 0.099578 -0.108575
v 30.168385 122.183533 -9.413057
vn -0.026876 0.304096 0.952262
v -9.334402 2.789735 63.120548
vn 0.737854 0.506142 0.446532
v 38.014637 217.786652 14.466820
vn 0.061701 0.663244 0.745856
v -10.609612 119.450645 -51.092037
vn -0.158412 0.595271 -0.787755
v -33.531178 93.586571 -59.945267
vn -0.059353 -0.441721 0.895187
v -2.492784 113.809563 50.691048
vn 0.380655 0.473135 0.794509
v -36.130875 28.675114 52.723392
vn -0.229966 0.289532 -0.929132
v -33.850269 97.405884 -56.614853
vn 0.077137 0.984653 -0.156550
v 6.999499 235.555099 -21.834028
vn -0.329990 0.675947 -0.658940
v -20.223005 218.423569 -49.365032
vn -0.929979 -0.362101 -0.063417
v -33.682446 123.094002 10.988750
vn -0.432851 0.691709 -0.578082
v -18.866209 215.173492 -53.190876
vn 0.374283 0.407610 0.832927
v 45.698296 15.702927 54.562733
vn -0.615988 -0.093273 0.782214
v -34.364914 144.861389 -11.354584
vn 0.900060 0.088945 0.426593
v 51.179092 195.435257 4.036619
vn -0.248916 0.618463 0.745349
v -50.725319 50.799114 28.245832
vn -0.496469 0.748028 0.440422
v -48.982670 99.616196 -11.789265
vn -0.020821 0.980544 -0.195191
v 3.937800 121.956863 -54.539967
vn -0.800952 0.208334 0.561313
v -2.965180 5.389042 65.750511
vn 0.223565 0.470869 0.853406
v -2.880508 135.448929 59.923916
vn 0.385718 -0.873194 0.297916
v 3.867428 100.582794 22.448366
vn 0.200276 -0.529705 -0.824198
v -3.231791 135.398087 -54.481525
vn 0.996217 -0.086787 0.004413
v 62.897327 4.754571 -24.080107
vn 0.772716 0.201508 0.601918
v 41.876411 199.657883 22.807423
vn 0.004399 0.597830 0.801611
v 18.549986 24.883883 53.603748
vn 0.602921 0.688567 0.402941
v 47.545101 97.416306 -10.834055
vn -0.268130 0.828089 -0.492315
v -19.977739 227.298111 -37.583073
vn 0.708923 -0.057144 0.702967
v 34.826897 55.489845 31.338493
vn -0.796524 -0.057565 -0.601860
v -47.766182 176.805206 -45.440029
vn 0.593176 0.731804 0.335567
v 55.698654 93.280106 -17.289118
vn -0.462297 -0.350284 -0.814606
v -29.522520 159.283875 -59.160667
vn -0.334969 0.839651 0.427531
v 30.712132 76.317963 5.360287
vn 0.174574 -0.010017 0.984593
v -1.186867 139.521851 56.655766
vn 0.373977 0.674485 0.636562
v 17.406733 218.481018 38.553101
vn 0.256835 0.418126 0.871325
v 27.187687 182.382751 28.706556
vn -0.890326 0.431567 -0.145153
v -53.751614 207.264160 -19.760731
vn -0.740061 0.257104 0.621456
v -3.343165 0.959045 63.868034
vn 0.389654 0.679547 0.621599
v 46.817432 93.538605 -4.275488
vn 0.458130 0.520089 -0.720850
v 24.493959 211.005463 -51.574398
vn 0.821322 0.241518 0.516816
v 39.727600 203.014099 24.893530
vn -0.613806 0.570727 -0.545448
v -22.025610 117.169151 -35.763771
vn -0.055405 0.483123 0.873798
v 2.055882 40.781883 42.830910
vn 0.626850 0.035303 -0.778339
v 26.733944 184.071411 -59.211948
vn -0.464416 0.877274 0.121279
v -36.805389 106.708778 -32.684944
vn 0.259802 -0.185463 0.947685
v 57.123199 16.205563 51.209213
vn 0.492902 -0.263854 0.829114
v 23.556496 201.592148 41.625988
vn -0.995868 -0.090650 0.005417
v -68.014542 23.750477 -68.821609
vn 0.166656 0.501146 0.849163
v 3.139528 136.653030 58.530293
vn -0.234762 0.932067 0.275930
v -53.161934 38.163307 40.729691
vn 0.764028 0.301294 0.570511
v 21.662455 186.694839 35.927616
vn 0.358353 -0.773692 -0.522478
v 18.180937 127.305130 -40.799431
vn 0.986223 0.018333 0.164405
v 29.666632 122.026497 0.711736
vn -0.313108 0.719327 0.620107
v -17.739534 225.579376 33.484024
vn 0.347942 0.069870 -0.934909
v 16.893728 183.575317 -64.358879
vn -0.417035 0.253459 0.872835
v -52.260654 8.226706 55.844330
vn -0.830579 0.191109 0.523083
v -44.797520 200.133728 24.123163
vn 0.452096 0.369113 0.812013
v -35.938469 26.244291 53.916100
vn 0.138409 0.987268 0.078393
v 6.843105 238.477768 -1.016808
vn -0.246880 0.862840 0.441086
v -43.087673 87.230530 3.414190
vn 0.052541 -0.282443 -0.957844
v 4.930785 99.805725 -61.347141
vn 0.720415 -0.636764 0.274834
v 29.241545 148.488251 -15.919084
vn -0.471553 0.881370 -0.028719
v -30.023125 232.052917 -11.767134
vn -0.340351 0.940254 0.009093
v -20.076191 236.866364 -0.552676
vn 0.957275 -0.192722 0.215599
v 51.052402 179.275421 3.470177
vn 0.106096 0.156890 -0.981901
v 63.532833 50.103825 -71.652786
vn 0.846138 -0.486543 0.217547
v 49.533417 169.154099 -4.509945
vn -0.085957 -0.772912 0.628664
v -0.486664 131.716461 59.581482
vn -0.483197 0.657120 0.578544
v 11.170252 46.149250 43.560368
vn 0.298200 0.475666 -0.827538
v 65.243958 74.224335 -62.804070
vn 0.439831 -0.235350 0.866695
v 7.407659 107.931114 48.447556
vn 0.828692 0.557603 -0.048464
v 43.755138 217.108749 -9.349478
vn -0.092404 0.236027 -0.967343
v -2.312814 196.844315 -65.734154
vn 0.229294 0.115022 -0.966537
v 56.838955 41.672848 -73.580063
vn -0.584458 -0.347257 -0.733363
v -27.059561 140.119080 -50.601307
vn -0.380133 -0.629972 -0.677225
v -16.168756 124.612633 -37.372623
vn 0.572466 -0.817524 0.062752
v -14.666502 127.352341 53.386341
vn 0.729344 -0.241662 0.640045
v 38.148098 169.285416 19.068531
vn -0.389288 0.920719 -0.027056
v -25.747442 234.616821 5.991312
vn 0.751879 0.449767 0.482066
v 31.250235 215.134384 28.841938
vn 0.447477 0.810590 0.377767
v 22.086704 229.309204 18.300060
vn 0.441848 -0.757190 -0.481076
v -35.886028 138.518814 -4.936096
vn -0.224239 0.715141 0.662035
v -39.658733 51.253212 31.494026
vn 0.944190 0.146390 0.295084
v 52.093914 193.761307 3.743375
vn -0.047398 0.955645 -0.290684
v 2.538056 235.306213 -24.292915
vn 0.272030 -0.012581 -0.962206
v 38.291679 6.649816 -81.568176
vn -0.672727 0.592602 0.443013
v -34.100155 220.998062 24.560228
vn -0.176448 -0.846050 0.503056
v -5.731097 131.221130 58.752834
vn -0.474993 -0.147698 0.867506
v -42.099850 187.948074 26.777105
vn 0.849361 -0.501670 0.164050
v 50.216515 166.694382 -13.606794
vn -0.281503 -0.132461 0.950373
v -9.628348 193.921646 43.952293
vn 0.872427 0.188318 -0.451006
v 36.720818 182.380722 -49.938572
vn 0.422430 0.078714 0.902971
v 7.879817 133.680695 58.481117
vn 0.185329 0.178009 -0.966419
v 55.466743 54.404457 -72.178520
vn -0.629381 -0.280317 0.724777
v -43.928394 189.194122 26.058313
vn 0.642793 0.766037 0.002105
v 46.670834 106.416801 -36.009460
vn 0.293329 -0.952258 0.084631
v 3.818183 100.808594 27.038523
vn 0.880665 -0.003621 0.473725
v 41.480202 206.872437 21.417109
vn 0.920100 -0.265546 0.287926
v 18.051714 123.446259 48.034069
vn 0.445102 -0.657546 0.607880
v -17.519932 124.652763 52.508259
vn 0.362178 0.920118 0.149031
v 37.238861 115.208885 -39.457718
vn 0.283039 0.065107 -0.956896
v 40.894287 18.969017 -80.518593
vn -0.804430 0.464040 0.370890
v -39.613094 219.171997 16.956850
vn 0.284740 0.718736 0.634304
v 6.826133 225.209442 36.214901
vn 0.100045 0.866841 0.488445
v 35.744450 97.674873 -17.858656
vn -0.953168 0.111886 -0.280984
v -57.396931 189.415497 -28.109318
vn -0.912644 0.333067 0.236955
v -39.182278 212.787384 24.746035
vn 0.781696 0.410109 0.469854
v 31.647589 213.470337 28.553398
vn -0.132943 -0.725394 -0.675374
v -9.233999 127.932411 -48.753792
vn 0.981787 0.066058 -0.178130
v 19.029942 124.571793 44.150513
vn -0.996376 -0.084741 0.007269
v -71.763634 68.517822 -50.238781
vn -0.041202 -0.575371 0.816854
v -17.437809 165.164459 43.158081
vn -0.688037 -0.016345 0.725491
v -37.168732 54.186733 29.167742
vn -0.354882 0.303980 0.884113
v 31.936579 14.580579 56.723267
vn 0.857485 -0.450444 -0.248636
v 37.375904 145.249283 -11.672023
vn -0.076546 0.440102 0.894679
v -25.504940 22.470152 54.042202
vn -0.347765 -0.446552 0.824409
v -28.731611 199.176941 40.761730
vn 0.067500 0.581751 0.810561
v 29.143917 30.641872 49.626633
vn -0.309762 0.608518 0.730584
v -36.096989 67.265633 22.451855
vn -0.832457 0.501098 0.236466
v -68.308876 33.528214 34.957832
vn -0.192075 0.676546 0.710909
v -49.593903 56.434757 24.123840
vn 0.440860 0.205783 -0.873668
v 21.549599 192.966187 -61.155617
vn -0.020478 0.258608 -0.965765
v -20.754126 63.131020 -76.285439
vn -0.768725 -0.553113 -0.321135
v -42.834034 144.114883 -37.293209
vn 0.798417 -0.162036 -0.579893
v 38.190994 170.556763 -46.550182
vn -0.431585 -0.546614 0.717598
v -33.141018 129.702957 -15.384698
vn 0.996187 -0.087134 0.004296
v 64.661079 26.343225 4.445078
vn 0.356126 0.367421 0.859172
v -34.571629 16.658911 55.509392
vn 0.084652 -0.682842 -0.725645
v -12.828330 -0.027557 -83.429390
vn 0.582192 0.125123 0.803366
v 22.786860 207.446854 42.258324
vn 0.809614 -0.387378 0.440981
v 38.155544 157.064850 -11.387357
vn 0.936917 0.059942 -0.344373
v 51.589291 192.860748 -23.088430
vn -0.922891 -0.072510 0.378172
v -53.848587 182.323517 9.389860
vn 0.080784 0.779253 0.621481
v -2.737568 70.152725 16.823330
vn 0.378504 0.179224 0.908082
v 43.547115 4.909440 59.242168
vn -0.769496 0.422502 0.478924
v -71.137375 66.062553 9.099728
vn -0.517905 -0.357859 0.776989
v -19.075064 125.517365 53.483135
vn 0.759003 -0.626539 0.177099
v 13.262176 106.314049 38.873203
vn -0.858414 -0.386409 -0.337362
v -48.417042 155.226334 -37.040112
vn 0.027431 0.381339 0.924028
v -1.410299 189.817810 47.353062
vn -0.821429 -0.564746 0.079472
v -31.200287 118.553421 15.949224
vn 0.003624 0.858637 0.512571
v -26.657730 110.957001 -44.435223
vn 0.329010 0.721166 0.609649
v 57.466919 78.351997 4.334240
vn 0.807907 -0.057584 -0.586490
v 63.703964 10.829718 -73.168098
vn 0.276819 0.767767 0.577845
v 13.689959 226.404953 31.820967
vn 0.875609 0.199018 -0.440114
v 36.791344 182.226746 -48.621014
vn -0.677927 -0.721525 0.140768
v -53.514023 166.637085 -6.507745
vn -0.206260 0.050633 -0.977186
v -29.984049 102.564056 -58.359833
vn -0.155081 0.597579 0.786670
v -42.042904 33.105076 48.672646
vn -0.641448 -0.120284 0.757678
v -45.769627 60.430984 24.126650
vn 0.996088 -0.088183 0.005774
v 63.382431 9.132976 -44.259995
vn 0.805740 -0.178144 0.564844
v 25.286917 139.132034 40.032669
vn -0.082307 0.881876 -0.464241
v -5.697531 229.309341 -39.403454
vn 0.789364 0.182438 -0.586192
v 22.983606 124.012177 -27.104187
vn 0.813204 -0.008938 0.581910
v 37.306686 154.438690 -7.709049
vn -0.854155 0.016330 0.519762
v -30.065189 88.192818 2.491853
vn -0.080354 0.904364 -0.419129
v -16.222727 113.525436 -45.079041
vn 0.921713 -0.042416 0.385547
v 35.519669 144.100769 -5.826318
vn -0.474380 0.817418 0.326789
v -63.297588 89.726662 -16.593515
vn -0.576708 -0.310706 -0.755559
v -33.975998 157.875656 -55.290672
vn -0.023305 0.997231 0.070623
v -29.496748 126.217400 -21.112982
vn 0.069641 0.959616 -0.272558
v 0.475605 237.283371 -19.135696
vn -0.455551 0.282456 0.844211
v -61.101135 11.170605 50.288055
vn 0.866709 0.489684 0.095003
v 70.309616 89.255325 -31.280960
vn -0.934749 0.318710 0.157061
v -2.163852 17.188581 60.461967
vn 0.572241 0.723187 -0.386704
v 31.960133 223.511551 -29.139975
vn 0.596343 0.229768 0.769143
v 13.626534 33.847569 47.142860
vn 0.178227 0.980810 0.079043
v 28.567398 119.143890 -46.880745
vn -0.257402 0.597521 0.759416
v 35.402374 38.009823 45.042538
vn 0.900387 0.370509 0.228094
v 33.110394 98.772751 -12.538289
vn -0.039501 0.963965 0.263080
v 0.040812 114.964439 -49.283451
vn 0.555966 -0.709805 0.432527
v 33.378654 142.813889 -21.687668
vn 0.774832 0.278945 0.567297
v 63.693848 26.150795 41.537437
vn -0.499193 0.857390 -0.125257
v -33.263203 230.279236 -14.239108
vn -0.643170 -0.430211 -0.633444
v -39.553940 150.700714 -47.213638
vn -0.155723 -0.080260 0.984535
v -54.391357 17.495415 51.012268
vn 0.690733 -0.566899 0.448902
v 38.044392 158.029495 -9.796388
vn 0.383671 0.734849 -0.559279
v 59.609818 89.440750 -53.389874
vn -0.731790 -0.400398 0.551512
v -43.645535 166.243210 15.622005
vn 0.838521 0.519802 0.163368
v 70.131256 87.546364 -23.462143
vn -0.753602 -0.223698 -0.618097
v -43.303123 160.337021 -48.212280
vn -0.684074 0.368440 0.629520
v -38.786137 154.248810 21.234325
vn 0.133421 0.533374 -0.835291
v 32.039871 87.661354 -63.681564
vn 0.219828 0.224904 -0.949260
v 34.405190 41.213264 -79.482513
vn 0.102897 0.991009 0.085520
v 10.194602 238.028961 -1.840587
vn 0.026701 0.257352 -0.965949
v -13.381643 63.167942 -76.199181
vn -0.190593 -0.514085 -0.836296
v -5.625915 124.344742 -41.267815
vn 0.449693 0.246471 0.858504
v -35.046883 4.230967 59.322262
vn 0.157891 0.056931 -0.985814
v 5.994948 183.401871 -66.896935
vn -0.030858 0.982010 -0.186288
v -2.530958 238.197739 -14.700804
vn -0.898936 -0.394244 0.191015
v -55.529964 169.537582 -10.739819
vn 0.991912 0.114826 -0.054092
v 53.630543 189.499161 -15.688908
vn 0.194225 0.032049 -0.980433
v 31.749121 13.530096 -83.288490
vn -0.308830 0.046473 -0.949981
v -52.031162 17.897697 -78.002892
vn -0.890022 -0.379627 0.252475
v -41.044579 138.498444 -20.090700
vn 0.806640 -0.162728 -0.568200
v 40.339108 161.847565 -41.540417
vn 0.095997 0.589377 -0.802134
v 4.128016 215.029373 -55.629864
vn 0.999160 -0.039940 -0.009194
v 53.624523 187.525803 -10.846773
vn -0.444792 0.804850 -0.392908
v -30.418972 227.414871 -28.532829
vn -0.837837 0.193123 0.510621
v -35.706886 93.773430 -5.473337
vn -0.844278 -0.271590 0.461988
v -44.476192 145.781006 -21.468016
vn -0.236069 0.119011 -0.964421
v -54.000359 46.760509 -74.566628
vn -0.843338 -0.536120 0.036813
v -51.338551 166.702469 -0.379320
vn -0.644808 0.356669 0.676026
v -64.164017 82.189789 -2.643483
vn -0.750543 -0.628994 -0.202615
v -62.763435 79.382515 -1.566858
vn 0.321485 0.756151 -0.569985
v 52.522099 92.467064 -53.747757
vn 0.652104 -0.225862 -0.723703
v 30.422268 157.888870 -50.995033
vn 0.964864 0.144907 0.219177
v 18.179911 127.076500 47.967022
vn -0.941979 -0.299279 0.152014
v -56.564098 172.649887 -7.320853
vn -0.894010 -0.369084 0.254015
v -46.957859 150.813187 -24.602562
vn 0.524042 -0.764036 -0.376337
v 29.651634 148.815887 -15.573394
vn 0.734976 -0.572917 0.362735
v 41.045315 58.706116 24.480633
vn -0.630989 0.335559 0.699466
v -32.398293 83.463615 0.487848
vn -0.384344 0.710617 0.589324
v -50.051685 81.217873 4.781313
vn -0.128915 0.152517 -0.979857
v -65.779205 50.155148 -71.676720
vn 0.003393 0.002075 0.999992
v 11.630353 157.508469 43.927700
vn -0.141393 -0.052139 -0.988580
v -15.162788 175.662994 -67.595627
vn 0.617862 -0.679638 0.395397
v 27.351931 133.453842 -25.548349
vn 0.805224 0.512266 0.298661
v 8.487058 145.912048 52.298004
vn -0.910319 -0.201196 -0.361718
v -33.878647 132.407013 4.568396
vn 0.267270 0.276230 0.923181
v 25.939884 3.169562 61.859005
vn -0.761964 0.559020 0.326967
v -43.304447 212.807785 15.954962
vn -0.495334 0.170707 -0.851765
v -51.416821 98.653786 -50.509666
vn -0.510815 -0.845310 0.156588
v -32.120060 51.737926 31.345970
vn 0.448301 0.593399 0.668508
v 24.913458 48.172779 33.961288
vn 0.507201 -0.824694 -0.250253
v 40.058205 160.650101 2.651581
vn -0.641791 -0.236755 -0.729418
v -37.709015 164.674026 -55.038879
vn -0.996065 -0.088453 0.005617
v -66.046616 3.026452 -53.320282
vn 0.292867 0.876647 0.381731
v 42.591805 38.947716 42.596954
vn -0.310082 0.109042 0.944436
v -37.334644 163.491089 20.875471
vn -0.022336 0.247746 -0.968568
v 8.794518 62.314629 -76.258163
vn 0.637444 -0.344768 0.689057
v 9.587373 118.063759 50.391613
vn -0.845529 -0.053951 0.531196
v -30.172464 105.990028 5.244551
vn -0.634985 0.036888 0.771643
v -61.454193 68.625168 9.160830
vn -0.462470 -0.741279 0.486443
v -48.414421 160.421310 -15.644497
vn -0.418775 -0.289398 -0.860742
v -38.978718 149.461197 7.950992
vn -0.103171 0.255810 0.961206
v -15.602549 80.110886 13.089768
vn 0.931714 -0.189869 0.309612
v 30.267511 129.209869 22.199736
vn -0.051008 0.009815 0.998650
v -8.843141 141.247192 52.205944
vn -0.958571 -0.161005 -0.234986
v -57.135315 173.684448 -29.364889
vn -0.145582 0.579351 0.801972
v -38.363766 34.607189 47.495918
vn 0.761667 -0.368023 0.533312
v 42.460461 171.045837 14.954918
vn -0.784616 -0.543346 -0.298583
v -39.657257 136.727402 -34.628910
vn -0.573665 0.737213 0.356967
v -56.646347 91.511169 -9.555423
vn -0.899267 0.253616 0.356367
v -51.843807 200.923660 9.106820
vn -0.487221 0.021104 0.873024
v -38.025303 160.901596 20.125017
vn -0.376164 0.926378 -0.018003
v -23.961462 235.080139 -2.965374
vn 0.547334 0.256560 0.796619
v 31.448616 141.676559 24.486292
vn -0.580686 0.800272 -0.149557
v -54.212994 104.221352 -40.710663
vn -0.082438 0.836567 0.541627
v 25.981071 110.695709 -42.892395
vn 0.536299 0.231944 -0.811533
v 22.710306 194.559479 -59.736343
vn 0.756958 -0.276826 0.591931
v 37.472004 172.775909 21.823515
vn 0.921581 0.050480 0.384890
v 30.582960 163.901352 25.302961
vn -0.421081 -0.260831 0.868710
v -10.079222 112.474480 48.513191
vn -0.839904 -0.444643 0.311215
v -53.367653 170.329041 1.908277
vn 0.106518 -0.314047 0.943413
v 1.118255 106.766502 50.137501
vn 0.963635 0.174501 0.202378
v 68.541054 70.645180 3.466490
vn 0.992738 -0.119213 -0.016088
v 32.569717 132.056931 12.364216
vn -0.932865 -0.359668 0.020031
v -36.848484 154.011383 1.699562
vn -0.862828 -0.496809 0.093324
v -45.178867 144.536392 -25.886580
vn 0.626492 0.194395 -0.754797
v 23.115973 192.439407 -59.612198
vn -0.045603 0.175145 -0.983486
v -20.147997 45.925808 -81.247696
vn -0.672331 -0.193662 0.714469
v -25.261683 190.697632 32.816807
vn -0.446305 0.868071 -0.217401
v -30.674681 230.436813 -18.865629
vn -0.638020 -0.626726 -0.447376
v -65.876495 -0.027544 -73.171539
vn 0.409889 -0.577124 0.706342
v 4.507309 164.827972 45.616486
vn 0.186441 0.262119 -0.946854
v 30.509956 46.892948 -78.772385
vn 0.799948 0.222149 0.557435
v 43.696980 198.695419 20.843409
vn -0.950517 0.285415 0.122702
v -63.706356 80.293770 -0.580807
vn -0.740356 0.586540 -0.328395
v -46.235870 214.767990 -27.896099
vn -0.810897 0.467590 0.351860
v -42.332302 213.568924 19.066767
vn -0.575265 0.228930 0.785278
v -2.440046 10.112631 64.845566
vn 0.166943 -0.358656 -0.918420
v 8.481439 150.076080 -60.658897
vn 0.588677 0.568445 0.574743
v -9.607010 39.855240 43.554497
vn -0.558819 0.421929 0.713930
v -1.797346 15.164153 62.932281
vn 0.708468 -0.688325 0.155826
v 26.548262 49.159008 38.341312
vn 0.240779 0.552507 0.797973
v 33.706020 34.061256 48.637512
vn 0.900065 -0.235850 0.366413
v 28.175034 139.352219 34.325886
vn 0.821596 0.185411 0.539077
v 27.718634 156.439407 33.735233
vn 0.373509 -0.731594 -0.570317
v 12.567808 127.540154 -45.468170
vn -0.354136 -0.579473 -0.734029
v -18.966825 133.452362 -50.434555
vn 0.113238 -0.030022 -0.993114
v 27.826347 8.053197 -83.848572
vn 0.362106 0.833730 -0.416862
v 19.851135 229.158768 -31.190424
vn -0.005490 -0.076708 0.997039
v -34.148319 186.798950 27.909035
vn 0.724197 -0.640366 -0.255870
v 31.220430 154.277756 -2.458474
vn 0.849884 -0.482938 -0.210874
v 40.804283 151.563217 -33.186901
vn -0.575599 -0.723710 -0.380696
v -42.990871 159.055817 6.384079
vn -0.745466 0.109670 -0.657460
v -22.459034 121.913902 -32.057991
vn -0.823042 0.552276 0.132639
v -49.286015 215.096497 -4.601139
vn 0.599020 0.761101 -0.248798
v 35.227444 223.207581 -23.764959
vn -0.373841 0.846095 -0.379956
v -25.077003 229.917145 -28.268665
vn 0.228562 0.410842 0.882592
v 4.680290 190.975266 45.965515
vn 0.697001 0.050855 0.715265
v 40.993633 196.319046 24.548500
vn -0.297981 0.623550 -0.722768
v -13.237012 116.120728 -43.028008
vn -0.541179 0.315964 0.779290
v -29.895550 178.457153 31.674414
vn 0.166968 0.900087 -0.402449
v 3.567060 232.671036 -31.500175
vn -0.839504 0.114502 0.531152
v -31.172758 149.262894 36.193291
vn -0.330012 0.563517 -0.757325
v -64.303192 82.090088 -59.522076
vn 0.748032 -0.594075 0.295843
v 30.793512 136.342880 -26.396568
vn 0.038403 0.613106 0.789067
v 19.274292 39.010948 42.898773
vn 0.113341 0.338651 0.934061
v 14.459059 6.063720 63.964195
vn 0.676903 -0.065938 0.733112
v 23.875879 90.969704 8.816426
vn 0.942732 0.199896 -0.267016
v 53.101788 192.931335 -16.507662
vn -0.458039 0.444372 -0.769892
v -27.205786 203.243027 -57.857227
vn 0.283533 -0.850794 0.442447
v -35.229534 -0.017485 60.329323
vn 0.159981 -0.520484 -0.838751
v 5.568931 128.323792 -48.506603
vn 0.951321 -0.071330 0.299834
v -30.513559 127.535103 -19.563871
vn -0.356698 0.330203 0.873918
v -15.354156 177.201416 47.379089
vn -0.359158 0.116320 0.925999
v -3.477285 18.752602 57.463486
vn -0.643416 -0.060951 0.763087
v -40.804302 151.509171 -8.568700
vn 0.611045 0.604714 0.510828
v 29.562798 218.164703 27.810465
vn -0.976209 -0.216038 -0.018546
v -56.420185 169.158905 -25.866560
vn -0.564136 0.660377 0.495634
v -28.214138 219.261597 33.334656
vn 0.732242 0.589143 0.341661
v -39.112461 91.829193 -8.526913
vn -0.763548 -0.593796 0.253772
v -35.166798 128.072556 -19.185570
vn 0.819465 -0.531680 0.213997
v 25.221180 135.245605 -21.526995
vn -0.368604 0.265027 0.891006
v -3.770464 17.495115 56.661564
vn 0.494351 0.546247 -0.676189
v 33.601643 112.249947 -50.828979
vn -0.175739 -0.222748 0.958905
v -3.856946 194.639786 44.966236
vn 0.828977 -0.521897 0.201048
v 24.174776 133.274155 -23.811079
vn -0.222538 -0.817877 0.530617
v -27.739716 191.820557 33.369663
vn 0.033998 0.992727 -0.115488
v 1.338552 238.907166 -10.049926
vn -0.171891 0.237378 -0.956088
v -28.905224 97.654579 -57.645565
vn 0.614761 0.568116 0.547095
v 29.930880 216.234711 29.272799
vn 0.113501 -0.772639 -0.624617
v -37.147491 139.227112 -7.517354
vn -0.032982 0.911795 0.409318
v -11.702302 113.777641 -47.359665
vn 0.284949 0.640265 0.713348
v 37.478531 76.436897 13.339158
vn 0.434840 -0.491589 0.754490
v 31.737053 166.715042 23.123505
vn 0.346642 0.510923 0.786636
v 47.028893 28.049692 49.318127
vn 0.596867 0.664351 0.449875
v 29.207926 221.509796 23.910185
vn 0.844788 -0.294540 0.446744
v 22.288609 121.749840 34.698246
vn -0.465481 0.543799 0.698291
v -55.897949 25.964455 47.288994
vn 0.799358 -0.600650 -0.015698
v 49.101784 164.461975 -16.545921
vn 0.620074 -0.760789 0.191595
v 35.197533 137.562012 19.094582
vn 0.298669 0.517559 0.801828
v -34.682060 51.062897 28.935333
vn -0.724280 -0.587750 -0.360512
v -43.658859 145.251694 -38.282677
vn 0.996709 -0.079733 -0.014633
v 51.559341 177.174332 -22.906769
vn 0.831111 -0.554111 -0.047082
v 47.888916 163.728989 -19.583977
vn -0.231515 0.828525 0.509850
v -45.327259 38.924099 42.898869
vn 0.131554 -0.290887 -0.947670
v 5.943146 160.998962 -64.453835
vn 0.830627 -0.131403 0.541103
v 8.451788 142.908768 54.664398
vn 0.631427 -0.751725 0.190287
v 35.569752 55.404613 29.274704
vn 0.995205 0.002501 -0.097777
v 70.281425 88.710793 -35.867584
vn 0.116079 0.632585 0.765742
v -10.240183 73.206635 16.794952
vn -0.661545 -0.723650 0.196695
v -50.475239 165.046188 -0.843561
vn 0.001540 0.984287 -0.176569
v 5.292712 235.945999 -23.727783
vn 0.109977 0.189029 0.975794
v 1.953977 180.279129 49.286018
vn -0.996393 -0.083302 0.016182
v -71.109749 64.020798 4.395089
vn 0.395235 0.870461 0.293406
v 66.088097 88.308533 -21.250721
vn 0.359641 -0.413751 -0.836342
v 14.078373 143.539520 -56.066502
vn -0.870254 0.047059 0.490351
v -65.604797 3.393942 49.541401
vn -0.026253 0.468219 -0.883223
v -10.897914 89.681404 -64.737038
vn 0.111599 0.976581 -0.183941
v 6.899173 237.813995 -15.093413
vn 0.315986 0.948764 0.000746
v 21.761578 235.093597 -6.795746
vn -0.556161 -0.449846 -0.698802
v -26.601212 142.519180 -51.301685
vn 0.818230 0.293507 -0.494321
v 69.328568 76.201340 -59.961430
vn 0.246694 0.873853 0.418954
v -28.343063 69.475380 16.918036
vn 0.741933 0.545752 0.389476
v 35.055931 92.853699 -9.067351
vn -0.425926 0.703566 0.568842
v -48.254913 82.506226 4.929432
vn -0.354500 0.511994 0.782427
v -28.409470 47.683025 33.826778
vn 0.161996 0.247578 0.955229
v 7.981239 3.864544 65.202171
vn -0.768175 -0.069288 -0.636480
v -44.655819 172.523605 -48.990616
vn -0.456874 0.618423 0.639390
v -28.176218 212.620575 38.475025
vn -0.208450 0.372567 0.904291
v -7.199218 189.623444 46.862396
vn 0.269057 0.629366 0.729045
v 18.627102 216.284058 39.506512
vn 0.636233 0.727755 0.256088
v 50.245586 101.905769 -26.446541
vn 0.986271 -0.060115 0.153805
v 51.135063 171.751266 -15.878929
vn 0.863610 0.416099 0.284675
v 46.938507 208.223572 8.553515
vn 0.322415 0.657735 -0.680759
v 17.827608 218.375961 -49.542652
vn 0.723697 0.426888 0.542244
v -37.803276 111.847733 -34.396790
vn -0.978733 -0.144282 -0.145823
v -35.585712 143.861160 4.683906
vn 0.248577 -0.932998 -0.260239
v 18.402407 125.433037 -35.176113
vn 0.021370 -0.014538 -0.999666
v -2.981580 3.108037 -82.374962
vn 0.618673 0.314028 -0.720160
v 32.378513 205.219589 -47.945904
vn -0.944473 0.165771 0.283708
v -12.969796 142.947281 51.870914
vn -0.996268 -0.086127 0.005630
v -72.263565 74.941902 -42.698608
vn -0.797906 0.008860 0.602716
v -27.928667 169.127258 41.293995
vn 0.078807 -0.399645 0.913276
v 12.434705 199.284943 45.492996
vn -0.133396 0.158874 -0.978246
v -26.317030 45.997646 -80.652672
vn -0.831073 0.378586 0.407419
v 32.053776 47.249733 36.112442
vn -0.432545 0.901540 -0.011403
v -28.500738 233.383301 -4.995645
vn -0.827243 0.435471 -0.355014
v -52.340408 195.858292 -35.720268
vn 0.893386 0.445261 -0.060031
v -2.849332 25.611469 52.996437
vn -0.342918 -0.906948 0.244648
v -6.440073 100.425285 23.077621
vn -0.862016 -0.043939 0.504973
v -49.930450 188.652496 18.537252
vn 0.628071 0.504045 0.592845
v 9.961454 135.842758 55.440277
vn 0.336098 -0.065879 -0.939520
v 19.381998 159.393677 -60.367752
vn 0.965438 -0.105314 0.238409
v 52.182041 184.983246 2.132412
vn -0.964759 -0.128788 0.229464
v -57.099037 180.508255 -3.226995
vn -0.109518 0.199502 -0.973758
v -8.565628 193.202896 -66.837608
vn 0.964935 0.017709 0.261892
v 31.924215 151.181442 25.205519
vn 0.048584 0.299205 -0.952951
v -6.373247 55.446873 -78.005676
vn -0.008000 0.998349 0.056880
v -7.594965 238.620743 2.566740
vn -0.132530 0.297119 -0.945598
v -32.570339 68.374817 -74.036865
vn 0.116677 -0.947912 -0.296395
v -5.786692 125.461311 -45.968193
vn -0.823294 -0.498714 -0.271057
v -35.750694 131.366165 -33.809563
vn 0.188263 0.244116 0.951296
v 3.396801 185.755264 48.276894
vn -0.452841 0.596065 0.663054
v 34.258362 85.779167 -2.968125
vn 0.525641 0.758375 0.385447
v 27.392036 225.751724 18.737957
vn 0.869333 -0.120468 -0.479321
v 46.115269 174.059036 -36.408001
vn -0.122066 0.566449 -0.815006
v -26.747128 94.234955 -60.613243
vn -0.740329 0.643784 0.193535
v -45.649895 219.358429 -2.688714
vn 0.086799 0.263846 -0.960652
v 23.386063 64.783249 -75.412621
vn -0.026956 0.531945 0.846350
v -38.707180 28.382576 51.781200
vn -0.422551 0.320665 -0.847717
v -13.216722 121.718193 -39.722275
vn 0.509344 0.256327 0.821502
v -0.502131 11.668236 62.836777
vn -0.408551 -0.808314 -0.423927
v -22.848520 123.579041 -32.542683
vn 0.996212 -0.086818 0.004964
v 65.093971 30.234085 -17.027803
vn 0.531163 0.304204 -0.790776
v 24.017452 188.192734 -60.552582
vn 0.376203 0.263676 0.888226
v -36.566246 10.680542 59.785183
vn -0.672130 0.740432 -0.000800
v -43.375820 223.081635 -11.357816
vn 0.499013 0.664434 0.556340
v 68.459557 71.884293 2.271510
vn 0.007662 0.803969 0.594622
v 7.849699 114.321396 -48.451801
vn -0.996219 -0.086683 0.005877
v -70.778412 58.413197 -33.479149
vn -0.088055 0.955972 -0.279935
v -9.644672 235.092819 -24.685076
vn -0.086276 0.545742 0.833500
v -31.106817 31.507790 48.706261
vn -0.513920 0.033899 -0.857168
v -31.787476 144.901001 1.712204
vn -0.852068 -0.176261 -0.492862
v -51.037350 168.252136 -38.946987
vn -0.547735 0.174891 -0.818168
v -31.467854 186.802811 -60.657295
vn -0.910233 -0.381280 -0.161561
v -47.628380 150.886642 -30.350250
vn 0.109389 0.281500 0.953306
v 2.605468 6.114764 65.253532
vn 0.267393 0.617935 -0.739362
v 51.145916 87.874382 -59.006908
vn -0.370268 0.606385 0.703704
v 28.037985 117.176498 -44.482201
vn -0.428191 -0.122651 -0.895326
v -22.761309 170.896469 -65.142952
vn 0.768126 -0.005975 -0.640270
v 35.683578 185.144104 -50.195461
vn 0.008321 0.384424 -0.923119
v -4.497933 72.700928 -73.205177
vn 0.864773 -0.183403 0.467473
v 26.323288 111.975510 6.889110
vn 0.963002 -0.021531 -0.268633
v 49.294102 180.596405 -33.009834
vn -0.143171 0.046865 0.988588
v -10.302496 161.788605 41.901821
vn -0.324229 0.443598 0.835521
v -10.318904 157.521484 43.787628
vn 0.023541 -0.408241 -0.912571
v -2.899370 143.254959 -58.450520
vn -0.750856 -0.047115 -0.658783
v -69.346367 38.371918 -72.053146
vn 0.581711 -0.519498 0.625887
v 28.904684 141.654907 -20.211359
vn -0.920302 -0.389490 0.036624
v -56.449299 169.295288 -15.635678
vn -0.328473 0.486015 0.809873
v -63.362423 28.922029 41.095123
vn 0.053031 0.903799 -0.424658
v 1.079943 230.563568 -37.137714
vn 0.824017 -0.269013 0.498626
v 21.982117 127.375542 38.565178
vn -0.104520 0.826485 0.553172
v -4.184060 228.960220 34.869503
vn 0.476018 0.475541 0.739775
v 59.304600 18.240334 48.330627
vn -0.001222 -0.080379 -0.996764
v -6.787326 98.058121 -60.142101
vn -0.249058 0.218320 0.943561
v -10.292766 179.204819 48.454262
vn 0.294881 0.608734 0.736538
v 36.868320 70.627243 18.521374
vn -0.585793 0.763606 -0.271574
v -34.958054 107.731407 -35.839634
vn 0.153239 -0.967492 -0.201189
v 9.809994 125.315384 -42.139648
vn 0.623671 -0.439949 -0.646126
v 29.192339 146.355896 -46.998096
vn -0.781883 0.370415 -0.501450
v -50.501110 196.722687 -38.050690
vn 0.648659 -0.180625 -0.739335
v 29.078386 170.817017 -56.026012
vn -0.776125 0.582037 0.242617
v 7.400720 41.538704 45.641438
vn 0.902786 -0.407724 0.136886
v 50.160107 168.133270 -11.722420
vn 0.634819 -0.300491 0.711835
v 68.858307 80.588089 -7.868885
vn 0.189152 0.318793 0.928758
v 29.204092 14.770382 57.176590
vn -0.881416 -0.051840 0.469488
v -30.583803 98.757843 3.710216
vn -0.693953 0.119229 0.710080
v -18.362097 128.406479 54.675011
vn 0.901246 0.335325 0.274431
v 41.545078 208.014481 18.788643
vn 0.541981 -0.176181 -0.821716
v 24.087349 171.701614 -60.004818
vn -0.034012 0.764233 0.644043
v 8.647408 67.151390 24.273626
vn -0.226493 -0.598759 0.768237
v -34.161640 168.568573 24.858376
vn 0.105955 0.334933 -0.936266
v 25.764427 70.977280 -73.247314
vn -0.596444 -0.747433 0.292572
v -15.853357 105.248192 19.393902
vn 0.233536 -0.417929 0.877950
v 29.795689 173.100250 30.809669
vn -0.403546 -0.045262 -0.913839
v -25.323063 175.105957 -64.515808
vn 0.029135 0.941799 -0.334911
v 2.430954 236.375183 -20.359982
vn 0.223102 -0.430278 0.874692
v 6.023518 200.911896 47.995201
vn -0.325251 0.229223 -0.917425
v -23.423040 193.743622 -63.249191
vn -0.216408 0.133038 -0.967196
v -39.785263 27.023996 -80.730347
vn -0.360009 0.263447 0.894980
v -18.194366 208.923294 47.675014
vn -0.485692 0.601632 0.634147
v -65.003532 74.542366 8.080389
vn 0.152493 0.640695 0.752499
v 63.108276 62.115929 13.849033
vn -0.413632 0.774999 0.477793
v 36.394814 96.083473 -14.812839
vn 0.106451 0.502930 -0.857747
v -31.000387 135.290436 -14.984246
vn 0.184599 0.282305 -0.941396
v 40.062572 65.781990 -72.651939
vn 0.282663 -0.141304 0.948754
v -0.401084 164.605240 48.798656
vn 0.859394 -0.511313 0.000642
v -15.324811 126.698517 51.879833
vn 0.862689 -0.386709 -0.325921
v 32.795128 137.146805 8.457700
vn 0.308373 0.333156 -0.891018
v 35.888954 97.200211 -55.261440
vn 0.097215 0.004990 -0.995251
v 26.271448 2.328898 -83.724609
vn 0.926644 -0.184984 0.327280
v 29.871065 134.308670 25.792376
vn 0.735137 0.618316 0.277954
v 36.556744 223.674286 5.142255
vn 0.669272 -0.711040 -0.215631
v 17.995356 120.564545 43.768856
vn 0.523395 -0.806128 0.276072
v 44.696087 160.685928 -14.689810
vn -0.297505 -0.149073 0.943010
v -9.545098 86.061089 13.059074
vn 0.518835 0.395470 0.757901
v -35.082092 26.583790 50.819084
vn -0.691791 -0.722084 0.004482
v -65.664803 0.179452 -26.410707
vn -0.675562 -0.737297 0.003000
v -65.561737 -0.027545 -8.119729
vn -0.738385 -0.401761 0.541642
v -40.112915 167.076859 19.984324
vn -0.468549 0.707909 0.528513
v -59.207970 85.962746 -3.485164
vn -0.777226 -0.250801 -0.577077
v -35.460377 150.512650 -0.036170
vn 0.265116 0.554528 -0.788805
v 7.934175 222.571991 -47.529686
vn 0.990418 -0.118042 -0.071677
v 29.412067 126.218391 2.720088
vn -0.204700 0.227384 -0.952048
v -50.509998 59.559128 -72.877640
vn -0.910716 -0.277504 -0.305922
v -48.259632 158.284134 -39.694710
vn 0.778159 -0.187057 0.599566
v 16.135548 38.414276 43.703766
vn 0.702651 0.020698 -0.711234
v 66.876419 47.963524 -71.725479
vn -0.801003 -0.150236 0.579503
v -40.265491 161.501816 17.446354
vn -0.050277 0.096294 -0.994082
v -25.304224 20.908649 -83.532227
vn -0.425148 -0.775786 -0.466267
v 31.555151 137.599716 -1.977760
vn -0.271730 0.644318 0.714854
v -40.661030 77.260361 12.962854
vn 0.321617 0.518835 -0.792068
v 61.949554 79.273506 -61.098854
vn 0.797183 0.321434 0.511056
v 66.594681 49.378750 23.136635
vn -0.288547 -0.219288 0.932016
v -6.693568 128.671204 57.289867
vn -0.808640 -0.193648 0.555520
v -41.005245 143.518021 -17.317837
vn -0.009888 0.667376 0.744655
v 3.499228 120.350731 -51.972321
vn -0.311576 0.366771 0.876584
v 31.891048 21.292870 54.356071
vn -0.244351 -0.816241 -0.523492
v -11.674108 127.013527 -47.395458
vn -0.916665 0.268779 -0.295777
v -31.056961 132.216400 -13.114702
vn 0.890419 -0.085632 -0.447014
v 50.764778 175.923767 -24.530600
vn 0.322418 0.464684 0.824691
v 17.108507 161.446808 43.007942
vn -0.245168 0.234241 -0.940757
v -18.675573 193.410187 -64.734215
vn -0.935476 0.267970 0.230384
v -19.903601 127.893723 50.413033
vn -0.862290 -0.473411 -0.179827
v -42.775497 140.967880 -32.501026
vn 0.144306 0.085484 -0.985834
v 61.510948 43.714993 -72.479179
vn -0.085640 0.284173 -0.954941
v -26.538925 68.328751 -74.756523
vn 0.139822 0.260686 -0.955245
v 25.134235 50.768280 -78.602951
vn 0.842959 -0.472185 -0.257801
v 33.657665 158.334473 -3.045921
vn 0.835328 -0.488442 0.252293
v 33.840908 135.687012 0.400613
vn 0.533568 0.293028 0.793373
v 31.061625 53.829273 34.906891
vn 0.842923 0.252003 0.475368
v 24.940804 182.773453 32.758995
vn -0.987699 -0.142392 0.064618
v -66.259178 73.373039 6.904472
vn -0.958262 0.216450 0.186769
v -56.625374 197.577148 -3.040297
vn -0.741782 0.656468 0.137146
v -42.386189 221.620255 1.529654
vn 0.492685 -0.347194 -0.797946
v 20.093472 151.672455 -56.845215
vn 0.815719 -0.232192 0.529801
v 3.486320 21.821234 58.487926
vn -0.683181 -0.012267 0.730146
v -12.832598 30.291178 48.561920
vn 0.679582 -0.184538 0.710010
v 35.306007 161.983994 19.213154
vn 0.206861 0.288437 -0.934887
v 55.334919 63.155128 -70.027580
vn 0.563172 -0.183764 -0.805647
v 32.205662 152.446930 -14.489541
vn -0.562317 -0.489804 0.666252
v -71.668312 80.129364 -7.885952
vn -0.728473 0.375222 0.573180
v -24.918377 176.482086 40.972122
vn 0.922463 -0.285605 -0.259793
v 38.449005 149.999802 -14.099206
vn -0.623225 0.351365 -0.698665
v -37.605209 201.678192 -51.450420
vn -0.896498 -0.432081 -0.097972
v -45.798492 146.501755 -30.574297
vn 0.125277 0.710583 0.692371
v -18.353266 55.158966 33.852417
vn -0.169129 -0.905566 0.389032
v 17.364861 165.595764 43.511566
vn -0.681874 0.559069 -0.471689
v -44.709621 212.034378 -34.420227
vn 0.417810 0.225735 -0.880045
v 24.024403 200.771149 -56.545063
vn 0.700597 0.648876 0.296858
v 37.417404 220.715118 9.505011
vn -0.657020 -0.460099 0.597188
v -33.012840 137.688232 27.854092
vn 0.803076 -0.078599 -0.590670
v 44.414951 176.610596 -39.714844
vn 0.647608 -0.013879 0.761847
v 5.416880 24.667959 57.259647
vn -0.151456 0.822635 -0.548026
v -8.815617 225.872559 -44.354191
vn -0.886320 -0.434312 0.160656
v -40.689411 148.532806 -14.540854
vn -0.869781 0.493296 0.011834
v -73.450432 88.817627 -37.715393
vn -0.345805 0.015158 -0.938184
v -61.052109 3.976475 -75.160843
vn 0.153976 -0.320651 0.934599
v 1.596268 169.112000 50.202667
vn -0.400151 0.915440 0.042998
v -20.607822 236.327087 -6.888342
vn -0.124517 0.827138 0.548031
v -8.907345 229.893814 31.796707
vn -0.099768 0.420361 0.901855
v 2.346624 25.945702 49.392792
vn 0.786151 0.072889 0.613722
v 29.281721 90.844604 -0.380474
vn 0.722719 -0.043218 -0.689789
v 66.251251 40.825848 -72.094742
vn 0.408229 0.728213 0.550505
v 19.074068 217.918015 38.618259
vn 0.159990 0.986320 0.039687
v 24.049393 120.105614 -49.338821
vn 0.948522 0.280861 -0.146364
v 29.453650 112.394218 -20.412500
vn 0.985781 -0.150927 0.073876
v 52.716358 181.626511 -5.390332
vn -0.697919 0.670964 0.250434
v -35.941605 225.386276 12.910956
vn -0.290968 0.586073 0.756211
v -46.198772 32.660450 47.539124
vn 0.522448 0.256467 0.813187
v 26.895681 177.627258 31.422926
vn 0.744436 0.106702 0.659113
v 17.224325 131.951569 46.249390
vn 0.395590 -0.187236 -0.899139
v 18.508625 170.714783 -63.265316
vn -0.131804 0.274075 -0.952633
v -30.530039 56.557003 -77.356857
vn -0.414462 0.460039 -0.785229
v -38.633095 106.061821 -54.252464
vn -0.602078 -0.218005 0.768099
v -36.451767 139.097198 -13.382378
vn -0.449220 0.655906 0.606621
v -25.383135 219.554199 35.614056
vn 0.491495 -0.411487 -0.767535
v 19.313240 145.917526 -54.538300
vn -0.658573 -0.472083 -0.586020
v -32.933445 137.713516 -44.033436
vn 0.268843 -0.098865 0.958097
v 9.325198 204.993561 48.493492
vn -0.996185 -0.087158 0.004251
v -68.350578 32.421803 3.280594
vn -0.188684 0.970433 -0.150525
v -15.916902 237.243881 -10.391140
vn 0.624207 0.637377 0.451792
v 35.261520 95.772057 -13.768325
vn 0.970658 -0.221928 -0.092580
v 31.845657 135.412338 5.306403
vn -0.799528 -0.393296 -0.453953
v -46.548683 154.467316 -39.818272
vn 0.560798 0.827823 0.014613
v -1.555515 22.245176 52.812672
vn -0.549202 0.744154 0.380281
v -38.682899 97.860886 -18.034126
vn 0.135861 0.752960 -0.643890
v 10.443200 222.095688 -47.995480
vn -0.331492 0.923368 -0.193659
v -24.491234 233.625427 -17.158764
vn 0.154251 0.615169 -0.773158
v 1.321996 118.942162 -43.699337
vn -0.326715 0.662023 0.674525
v -17.514370 219.370377 40.243294
vn -0.225879 0.487953 0.843137
v 10.331339 161.316040 44.251534
vn 0.916756 -0.398350 -0.029597
v 37.886772 144.055359 -29.547020
vn 0.313689 -0.612694 0.725400
v 14.337228 196.154770 42.545208
vn -0.578590 -0.533463 0.616969
v -38.631680 165.521652 20.825634
vn 0.712582 -0.700959 0.029735
v 41.670315 150.524872 -26.859007
vn 0.774306 0.615246 -0.148061
v 45.176373 213.445175 -15.465303
vn 0.793262 0.360845 0.490435
v 35.302456 207.802628 29.171883
vn 0.050184 0.356662 0.932885
v 30.925396 183.944717 27.835291
vn -0.977413 -0.178411 -0.113281
v -35.225037 135.754608 5.860266
vn 0.891230 -0.057322 0.449915
v 28.315876 102.469902 2.506808
vn 0.306358 0.766909 0.563911
v 45.569401 38.334679 40.110344
vn -0.952543 -0.201087 0.228530
v -45.945343 147.752960 -24.979706
vn -0.190993 -0.701026 -0.687084
v -42.825298 -0.027545 -81.130188
vn -0.501058 0.807770 0.310564
v -64.314659 93.514221 -26.826365
vn -0.865243 0.501344 0.003034
v -51.459114 212.443619 -11.468847
vn -0.093965 -0.722461 0.684997
v -37.019775 164.990799 21.568691
vn 0.901337 0.390338 0.187692
v 48.466251 207.058945 4.326924
vn 0.741047 -0.150695 -0.654324
v 36.894405 164.991547 -46.876572
vn 0.441723 -0.031054 0.896614
v 18.697458 205.306503 44.888012
vn 0.905529 0.157390 -0.394012
v 50.185883 193.503433 -27.974188
vn -0.734145 -0.351348 -0.581021
v -46.354290 157.379974 -42.254601
vn 0.548824 -0.625955 0.554051
v 2.964612 142.337967 54.525997
vn -0.374589 0.681716 0.628448
v 30.810301 47.777916 33.147198
vn -0.013023 0.985689 -0.168073
v -11.258213 121.702698 -54.193760
vn 0.919003 -0.353670 -0.174214
v 46.025547 160.818695 -29.609442
vn 0.778722 -0.625160 0.052597
v 34.351192 140.686081 -29.972174
vn 0.356952 0.417488 0.835637
v 6.682255 158.300934 43.518154
vn -0.152686 -0.757236 -0.635044
v 33.986423 138.650101 -6.804692
vn 0.071926 0.993158 0.091998
v 2.459235 239.014801 -1.165627
vn 0.857377 -0.092009 0.506398
v 29.267387 148.031433 -4.869722
vn -0.085439 0.177049 -0.980487
v -31.403748 203.480484 -55.219215
vn -0.228306 0.354423 -0.906786
v -60.407261 67.926559 -68.184586
vn 0.463031 0.605263 0.647502
v 17.733429 223.027374 32.971947
vn -0.314235 0.052165 -0.947911
v -58.412846 21.979643 -75.620209
vn 0.098675 0.029035 -0.994696
v 26.464270 14.291909 -84.023262
vn -0.436202 0.802514 0.407062
v 27.654470 72.315887 18.807901
vn -0.098704 -0.021544 -0.994884
v 10.480146 7.572127 -83.555481
vn -0.795845 0.440697 0.415231
v -38.737370 215.204453 24.347250
vn -0.372777 0.862050 0.343376
v 24.371893 68.575775 18.519066
vn -0.847014 -0.362092 0.389175
v -27.415766 120.542473 30.200153
vn -0.872518 0.394999 0.287556
v -39.123581 213.142380 26.047682
vn -0.384552 0.428073 0.817847
v -47.048985 61.949451 22.843632
vn -0.790281 -0.576778 0.206839
v -27.808374 114.685211 13.617745
vn 0.811838 0.567874 0.135788
v 43.631081 216.677521 0.595098
vn 0.909626 -0.240488 0.338743
v 49.579475 176.836731 6.765810
vn 0.672288 -0.646922 0.359889
v 19.626738 110.232529 16.353651
vn -0.239763 0.684387 0.688569
v -54.061005 59.251415 19.543253
vn 0.181337 -0.787373 -0.589203
v 8.088593 127.061630 -46.698715
vn 0.286640 0.144644 -0.947056
v 29.948523 101.948578 -57.747089
vn 0.492221 0.749525 -0.442642
v 27.659122 223.007721 -36.219501
vn -0.036444 -0.388913 -0.920553
v -9.888743 150.808105 -61.742393
vn 0.612611 -0.344453 0.711378
v 24.602209 189.398819 29.553408
vn -0.815683 0.570067 0.098413
v -17.383272 135.949463 48.990582
vn -0.968005 -0.033181 -0.248727
v -57.661018 179.870621 -28.577652
vn 0.277041 0.801073 0.530594
v -37.573746 80.688759 10.421243
vn -0.734878 0.656226 0.171237
v -44.995415 220.721497 -4.481934
vn 0.130220 0.634536 0.761845
v -23.321028 116.924889 -47.817173
vn -0.620377 -0.741645 0.255137
v -52.619598 163.751511 -13.615980
vn 0.923412 -0.199788 -0.327713
v 46.914486 164.756027 -32.754795
vn -0.639419 -0.211637 0.739157
v -41.851635 179.860275 25.093775
vn -0.563598 0.542460 0.622973
v 31.909193 38.374794 42.824364
vn -0.674779 -0.738012 0.003343
v -65.846809 -0.027508 -66.980301
vn -0.056178 -0.700507 -0.711431
v 13.541607 -0.027587 -83.715950
vn -0.771402 0.632272 0.071905
v -46.540981 219.526917 -7.932266
vn 0.190673 0.234795 0.953161
v 6.962482 175.512543 49.739578
vn 0.602280 -0.796917 0.046699
v 41.465080 162.472183 -7.431319
vn -0.655063 0.069465 -0.752375
v -31.628813 136.869568 -12.330137
vn 0.140962 0.549205 0.823713
v 33.742790 30.062006 51.511734
vn -0.386531 0.911475 -0.140735
v -27.275272 233.483154 -13.891403
vn -0.599727 -0.737974 0.309390
v -26.520479 191.694229 30.851030
vn -0.857784 0.496829 0.131786
v -65.786354 75.825287 5.433479
vn 0.271300 0.847551 -0.456129
v 14.588911 229.293182 -34.634216
vn -0.892047 -0.320565 0.318575
v -45.713131 148.218445 -22.337650
vn 0.796161 0.474132 0.375933
v 68.785156 73.398788 0.100845
vn -0.703820 -0.332108 0.627967
v -40.187748 170.063354 22.107746
vn -0.247213 0.445949 -0.860242
v -58.924416 76.958893 -64.442596
vn 0.675604 -0.737258 0.003017
v 62.424473 -0.027587 -11.445061
vn -0.174926 0.499834 -0.848273
v -43.807713 84.162621 -64.266716
vn -0.389345 0.576160 -0.718645
v -27.679842 208.441772 -53.632427
vn 0.374754 -0.612671 0.695840
v 27.874426 194.602203 34.059395
vn 0.079046 0.428062 -0.900286
v 22.821190 76.017036 -71.554054
vn 0.873591 -0.474686 -0.107290
v 30.302015 150.707642 -15.111564
vn -0.790201 -0.279735 0.545281
v -6.123189 144.545609 59.097691
vn -0.714899 -0.170590 0.678099
v -35.105045 53.542645 33.391876
vn -0.082691 0.496180 0.864273
v -28.652330 28.256426 51.030109
vn -0.024533 0.203457 -0.978776
v -5.319473 195.184357 -66.329819
vn -0.854085 -0.425112 0.299698
v -43.116486 157.907867 -14.804627
vn -0.852065 0.399783 0.337875
v -72.400024 78.168541 -8.094807
vn -0.973136 -0.078483 0.216443
v -72.528564 79.551628 -9.759481
vn -0.121885 0.116104 -0.985730
v -28.256113 31.334846 -82.048233
vn -0.267976 -0.362979 -0.892432
v 34.309689 149.906830 -13.838008
vn 0.936501 -0.324397 0.133163
v 40.400131 157.402969 -12.912157
vn 0.272807 -0.014672 -0.961957
v 38.700191 2.260516 -81.441956
vn -0.580326 -0.694053 -0.426043
v -34.461941 129.454941 -35.008389
vn 0.499472 -0.554222 0.665857
v 32.327980 169.471237 26.514744
vn 0.376817 0.608296 0.698560
v 16.161242 224.555359 33.104778
vn -0.624866 -0.080256 0.776596
v -10.797910 143.859039 56.197563
vn 0.480808 0.566187 0.669519
v 58.751797 71.825714 11.031717
vn -0.363454 0.790728 0.492596
v -55.707790 77.020599 6.889018
vn 0.583622 0.743370 0.326783
v 30.027645 226.752319 12.866718
vn -0.294339 0.767400 0.569616
v -9.438303 140.076538 54.110775
vn 0.464465 -0.607734 -0.644152
v 14.386331 129.346634 -45.668583
vn 0.506528 -0.482987 -0.714250
v 18.821064 140.497864 -51.615456
vn -0.500949 0.527852 0.685874
v -25.928980 213.390152 40.643311
vn -0.730137 -0.258702 -0.632435
v -40.623970 151.100800 8.768329
vn 0.873069 -0.401435 0.276768
v -41.019276 148.809540 16.271441
vn 0.588448 0.749146 0.304153
v 57.259567 94.312874 -23.084551
vn -0.541502 -0.553631 0.632668
v -11.358898 104.499146 46.499924
vn 0.267869 0.029441 -0.963006
v 36.920952 13.315406 -81.974823
vn 0.369264 -0.545255 0.752556
v 35.133900 151.715057 -17.730291
vn 0.490293 0.555065 0.671949
v 65.072227 82.175781 -6.025623
vn 0.714548 -0.505061 0.484081
v 46.049511 62.253849 21.269743
vn 0.968126 -0.219100 0.121359
v 51.258511 169.941635 -13.818830
vn -0.738240 -0.042518 0.673197
v -27.899445 89.788589 7.748007
vn -0.582653 0.644028 -0.495726
v -53.881233 101.998421 -45.695206
vn 0.286259 -0.905461 0.313362
v 43.545395 161.357040 -11.569720
vn 0.475867 -0.329888 -0.815306
v 36.273354 152.936569 4.800696
vn 0.386166 0.833492 -0.395179
v 57.487980 92.943428 -49.434845
vn -0.748912 0.563163 0.349255
v -44.230576 213.861603 13.503071
vn 0.050428 0.777070 0.627391
v -3.073550 66.078087 22.546820
vn 0.650327 -0.033604 0.758910
v 13.976179 35.991341 49.360508
vn 0.544588 -0.035235 -0.837963
v 24.527983 184.693909 -61.050297
vn 0.678226 -0.056011 0.732716
v 17.601503 39.879990 46.592575
vn 0.104762 0.768151 0.631640
v -9.798150 67.715889 23.200193
vn 0.425818 -0.626827 -0.652508
v 35.702412 156.628784 3.010484
vn 0.955159 -0.034710 0.294051
v 18.010817 126.906052 43.493015
vn -0.162504 -0.326911 0.930979
v 0.211559 132.638535 60.531021
vn -0.585323 -0.530091 -0.613515
v -34.100765 137.426453 -42.408298
vn -0.855959 0.052082 -0.514413
v 1.567273 28.368383 52.933041
vn -0.509050 0.070216 -0.857868
v -30.741880 181.074722 -62.122604
vn -0.673461 -0.739211 -0.004292
v -65.607384 -0.026759 -18.137356
vn -0.826163 0.240963 0.509306
v -40.332333 204.848373 30.926870
vn -0.246206 -0.064235 0.967086
v -40.097073 186.251572 27.419155
vn -0.473696 -0.323176 0.819250
v -24.101843 200.744553 43.485340
vn -0.344651 0.581592 0.736863
v -62.069462 38.686619 33.241779
vn 0.896763 -0.038681 0.440817
v 28.782299 144.818787 35.434349
vn -0.987824 -0.029630 -0.152730
v -31.790394 138.856384 -11.548948
vn -0.118249 0.069960 -0.990516
v -65.703789 45.317078 -72.225319
vn 0.207267 -0.571882 -0.793720
v 3.618535 129.245773 -48.940136
vn -0.675788 -0.165869 0.718191
v -23.506861 191.530334 34.946575
vn -0.862964 -0.504353 0.030360
v -41.397701 137.774948 -25.490814
vn -0.985663 -0.160815 -0.051051
v -58.206879 175.875793 -22.586023
vn -0.054771 0.511450 -0.857566
v -12.930624 94.698517 -61.839951
vn 0.357572 -0.091441 0.929398
v 12.567927 130.269073 56.102516
vn -0.123223 0.889128 -0.440757
v -10.267310 231.084183 -34.972458
vn 0.193139 0.386325 -0.901915
v 4.785419 199.775177 -64.141907
vn -0.753799 0.278524 0.595157
v -2.639090 11.184422 60.568054
vn 0.293652 0.895635 0.334075
v 11.851904 233.166855 19.762114
vn -0.057443 0.407232 -0.911516
v -24.421358 72.266045 -73.498337
vn 0.834509 -0.488132 -0.255580
v 37.694080 146.422699 -34.630058
vn -0.506913 -0.096600 0.856568
v -63.791477 71.742958 10.031121
vn -0.589690 0.430462 0.683351
v -28.555386 214.636017 37.681343
vn -0.174787 -0.677178 -0.714759
v -11.624214 128.928741 -49.316891
vn 0.814434 0.343135 -0.467926
v 44.698872 202.474823 -32.427361
vn -0.178507 -0.415361 -0.891970
v -14.352304 146.645218 -59.655365
vn -0.116022 -0.560315 0.820113
v -3.181578 84.489441 15.151729
vn -0.851293 0.383439 0.358154
v -47.817513 208.554703 12.264334
vn -0.525282 0.634395 0.567117
v -30.021851 221.472015 29.368830
vn -0.019833 -0.606135 -0.795115
v 31.666903 142.757965 -8.899027
vn 0.153774 0.641022 -0.751960
v 7.972528 218.000427 -53.217525
vn 0.381056 0.335483 0.861538
v 9.243982 188.430466 45.502033
vn -0.886160 0.288889 0.362305
v -49.187538 202.657425 14.193769
vn 0.693038 -0.474246 -0.542945
v 29.333605 139.005646 -40.486591
vn 0.156085 0.105404 -0.982104
v 22.362242 101.619072 -59.333321
vn 0.630503 0.364505 -0.685275
v 28.754070 205.209503 -51.965332
vn -0.657847 0.511528 -0.552790
v -41.653450 208.778656 -41.872353
vn -0.290744 0.303354 0.907438
v -33.147591 183.041168 29.302692
vn 0.022818 0.589549 0.807410
v -15.523792 161.641129 43.249046
vn 0.171564 0.130742 -0.976459
v 58.169819 48.740917 -72.528793
vn -0.165199 0.233888 -0.958126
v -39.276745 61.354412 -74.685875
vn 0.325913 0.613307 0.719468
v 48.231285 44.084141 34.357262
vn -0.278987 -0.617397 0.735518
v -15.870243 198.118622 46.006199
vn -0.124228 0.507274 0.852784
v 8.996414 75.467766 15.052357
vn 0.778097 0.307399 0.547787
v 14.131818 131.613541 53.941986
vn -0.191332 0.183289 -0.964260
v -60.868965 53.999493 -71.876427
vn -0.815255 -0.277371 -0.508354
v -40.341930 143.290878 11.329499
vn -0.996200 -0.086995 0.004229
v -66.349304 7.718346 -32.258976
vn -0.424796 0.797907 0.427660
v -63.334202 75.599556 0.648739
vn -0.025922 -0.702979 0.710738
v 12.769310 127.403358 54.646027
vn -0.996186 -0.086985 0.006850
v -69.659279 42.365845 -65.399307
vn -0.646270 0.129202 0.752092
v -35.875820 161.900040 20.557236
vn -0.828934 -0.528566 0.182990
v -54.376781 168.665298 -4.183988
vn 0.998551 -0.046999 -0.026206
v 27.484619 146.683441 -0.592939
vn 0.418089 -0.908042 -0.025730
v 43.699535 163.008698 -5.585170
vn -0.180524 0.228094 -0.956757
v -37.754017 54.110088 -76.869965
vn 0.157566 0.409264 0.898708
v 15.988240 77.057487 13.737196
vn 0.093114 0.983745 -0.153546
v 8.669214 121.666916 -54.355354
vn 0.707708 -0.209069 -0.674863
v 36.043743 158.022949 -45.972702
vn 0.193345 0.226197 -0.954700
v 43.742233 60.825138 -73.170540
vn 0.173262 0.877310 -0.447558
v 8.730877 229.554153 -37.141720
vn -0.050035 0.761912 -0.645745
v -4.169752 223.308762 -48.880924
vn 0.978773 -0.177051 -0.103227
v 38.173347 146.107834 12.476378
vn 0.526727 -0.291592 0.798456
v 5.474787 90.474136 14.664115
vn 0.267114 0.705682 -0.656250
v 46.765362 92.903381 -55.943924
vn -0.792616 0.558951 -0.243585
v -49.223442 213.635529 -21.584330
vn -0.484303 -0.078430 0.871378
v -30.238882 187.635529 28.291964
vn -0.899780 -0.401594 -0.170641
v -50.896721 157.381058 -31.939161
vn -0.407254 0.551162 -0.728261
v -21.761591 212.132462 -54.004841
vn -0.553484 -0.474311 -0.684605
v -35.517170 139.973282 -43.850983
vn -0.096930 0.249166 -0.963598
v -27.958542 62.503536 -75.991035
vn 0.022996 0.291140 -0.956404
v 14.618443 49.686874 -79.937256
vn -0.699946 0.691177 0.179860
v -39.910290 224.125809 3.913090
vn 0.263442 -0.476181 -0.838958
v -3.375044 137.227264 -55.771843
vn -0.192501 0.331643 -0.923557
v -23.904366 110.477219 -56.754520
vn -0.871722 0.270159 0.408798
v -51.092205 205.418198 6.999212
vn 0.997596 -0.041428 -0.055549
v 38.794601 151.689255 11.318925
vn -0.333025 -0.268741 0.903810
v -19.674849 100.927338 13.014063
vn -0.770384 -0.475094 0.425198
v -36.265499 133.031662 -16.931454
vn -0.180722 -0.815762 0.549428
v -9.068027 130.618484 56.441978
vn -0.399187 -0.565472 0.721728
v -24.611769 165.174957 42.953011
vn -0.050526 0.046631 -0.997634
v 3.221315 27.551720 -82.420616
vn 0.786573 0.508534 0.350279
v -5.147677 26.816845 49.414127
vn -0.647425 0.717349 0.257393
v -51.174034 103.242973 -24.674908
vn 0.650135 -0.177870 0.738706
v 37.101185 181.358765 25.262911
vn -0.682032 0.668174 -0.297281
v -30.585869 109.922516 -40.063782
vn -0.022115 0.707217 0.706650
v -30.227148 109.764046 -42.458275
vn 0.245590 0.609667 0.753652
v 5.300312 140.307632 52.992290
vn -0.354902 0.334948 -0.872843
v -24.498493 198.495956 -61.480701
vn -0.469792 -0.276929 0.838216
v -25.975468 202.879547 43.609604
vn 0.905517 -0.010927 0.424170
v 35.827862 142.117004 22.604996
vn -0.820708 -0.094645 -0.563454
v -50.795551 175.245956 -41.234505
vn 0.276710 -0.258687 -0.925480
v 30.665581 98.693756 -57.614361
vn -0.465211 0.225625 0.855963
v -58.603821 6.640849 52.960312
vn -0.277592 0.086711 -0.956778
v -45.816704 22.889521 -79.637756
vn 0.349293 -0.181975 0.919174
v 37.548008 187.921509 26.163284
vn -0.077141 0.966317 0.245520
v -10.651316 236.775208 13.868090
vn 0.568594 0.709179 0.416851
v 51.600201 91.775421 -7.912563
vn 0.770757 -0.578270 -0.267467
v 28.118204 148.852829 -0.788999
vn 0.829541 0.401631 -0.388013
v 45.944717 205.022797 -27.839806
vn -0.421545 0.492016 0.761722
v -61.868649 24.638899 44.555115
vn -0.888619 0.192620 0.416237
v -30.120445 173.288651 33.366550
vn 0.041964 0.060668 -0.997275
v -7.740714 26.732233 -82.460106
vn -0.066365 -0.718716 0.692129
v -2.496500 140.890793 58.400349
vn -0.232383 -0.714220 -0.660218
v -48.902660 -0.027546 -79.156105
vn 0.987829 -0.129422 0.086279
v 53.324959 185.281769 -4.116336
vn 0.520707 0.217847 0.825474
v 66.902779 79.044640 -7.774490
vn 0.222247 0.146372 -0.963941
v 52.227417 45.562164 -74.185722
vn 0.794644 -0.207940 0.570353
v 37.112125 170.810638 20.441576
vn -0.825655 0.366560 -0.428869
v -51.324669 201.875732 -32.907921
vn -0.767380 0.391664 0.507669
v -12.762139 139.280533 48.762829
vn 0.358218 0.127658 -0.924869
v 18.074919 187.710785 -63.729198
vn 0.675582 -0.737278 0.003047
v 62.447048 -0.027587 -16.526642
vn -0.452337 0.753560 0.477010
v 39.380886 102.765076 -15.854555
vn -0.993299 -0.102100 0.054156
v -58.816971 183.990585 -11.412421
vn 0.911960 -0.328618 -0.245640
v 48.666981 167.649734 -29.994493
vn -0.015377 0.643085 0.765640
v 6.377831 19.747446 57.801865
vn 0.521645 -0.113903 0.845525
v 65.029083 80.876564 -5.598420
vn -0.483413 -0.103616 0.869239
v -29.566475 188.307953 29.124241
vn 0.533802 -0.677929 -0.505439
v 20.127277 127.576866 -39.135326
vn 0.155748 0.594291 -0.789025
v 30.686134 93.455719 -59.924404
vn -0.555984 0.728790 0.399684
v -29.578661 217.961685 32.675671
vn 0.948860 0.105680 0.297484
v 9.681005 140.286194 50.182121
vn 0.415734 0.579904 -0.700626
v 27.884268 116.161316 -51.984180
vn 0.273185 0.431677 -0.859666
v 59.458202 75.114540 -64.352257
vn -0.111072 -0.491449 -0.863795
v -6.779018 135.564133 -54.955811
vn -0.526402 0.668263 0.525667
v 31.790129 107.759811 -36.882027
vn 0.033685 0.967672 0.249953
v 33.286221 106.651840 -33.268799
vn -0.000198 0.572795 0.819698
v -0.830681 115.580803 -49.818962
vn -0.370335 -0.747702 -0.551175
v -23.407269 127.109154 -42.553051
vn 0.685783 -0.105709 0.720088
v 38.532200 57.710964 28.054445
vn 0.983244 -0.114371 -0.141950
v 52.594143 185.029480 -21.832611
vn 0.851729 0.469476 -0.232701
v 45.616882 211.808014 -18.822115
vn 0.179529 0.001141 -0.983752
v 26.862566 97.562538 -57.451538
vn 0.761933 -0.006212 0.647626
v 63.309643 70.932968 9.311792
vn 0.835988 0.032986 -0.547755
v 22.891829 128.248123 -26.060858
vn 0.611865 0.778659 -0.138966
v 30.429148 109.037430 -32.813198
vn 0.282280 0.481022 0.830022
v 40.662079 26.468653 52.351761
vn 0.213075 -0.602402 -0.769228
v 4.948857 125.025620 -40.754108
vn -0.211103 0.846534 0.488688
v -5.673748 140.016434 56.313667
vn 0.585859 -0.605804 0.538304
v 33.790218 154.689865 -3.752379
vn 0.203963 0.340081 0.918011
v 10.559907 154.424316 44.377064
vn 0.280616 0.118225 -0.952511
v 54.790062 36.561337 -74.890816
vn -0.419095 -0.198630 -0.885949
v -23.630241 168.753250 -64.052109
vn 0.314631 0.413330 -0.854497
v 14.865225 205.919815 -58.646156
vn -0.749227 -0.287809 0.596510
v -25.356098 108.459076 11.120406
vn 0.221919 0.300071 -0.927744
v 50.958519 65.706146 -70.251907
vn 0.331695 -0.739530 0.585725
v 26.379477 134.371796 -22.462511
vn 0.173017 -0.967146 -0.186265
v -20.439516 124.402382 -34.346020
vn -0.969017 -0.195892 0.150441
v -41.024944 141.596115 19.017624
vn -0.829292 -0.148406 0.538749
v -49.522369 182.929871 17.891924
vn 0.358975 0.666756 0.653125
v 53.535652 82.359924 2.120791
vn -0.085855 0.964868 -0.248310
v -6.130755 236.873367 -19.288826
vn 0.856950 0.431421 -0.281978
v 46.421318 210.048203 -17.781641
vn -0.659514 0.696880 0.281778
v -35.059429 142.100983 0.850408
vn 0.439882 0.331638 -0.834578
v 21.494055 198.395126 -59.050556
vn -0.924384 -0.269012 0.270459
v -56.026520 171.101059 -11.736888
vn 0.750886 0.430220 -0.501080
v 37.826366 209.741028 -37.546417
vn 0.845679 0.313598 0.431837
v 15.881166 130.413513 51.861732
vn 0.767016 0.183884 0.614713
v 35.575512 145.710342 22.023079
vn -0.223509 -0.745086 0.628403
v -33.438614 171.333038 27.676092
vn -0.672762 -0.522333 -0.523985
v -41.816082 145.641220 -40.475395
vn 0.993891 0.042862 -0.101702
v 32.026867 141.931931 3.633432
vn 0.838683 -0.508655 0.194631
v 42.743061 153.115982 -25.225222
vn -0.033823 0.570625 0.820514
v -0.414290 51.244675 35.315430
vn -0.847624 0.297835 0.439121
v -38.155773 141.690506 -1.264855
vn 0.948685 0.004040 0.316198
v 49.604042 190.571594 10.830771
vn -0.312734 0.560033 0.767177
v -31.289175 55.715328 34.074856
vn -0.865984 -0.447698 0.222797
v -44.382534 159.926712 9.113341
vn -0.427642 -0.174636 0.886919
v -14.014894 193.562576 42.153702
vn 0.256727 0.083455 -0.962874
v 38.695103 25.477839 -80.543739
vn 0.380857 0.866421 0.322899
v 64.076637 87.334198 -15.053153
vn -0.193501 0.619913 0.760438
v -53.509243 72.910316 11.683753
vn -0.595963 0.728476 0.337862
v -52.949158 95.240829 -12.661428
vn 0.519747 0.828961 0.206606
v 43.777077 109.133995 -29.374193
vn -0.281077 -0.478347 0.831974
v -21.681765 164.147476 42.066200
vn -0.816374 0.125664 -0.563687
v -52.844067 189.421814 -38.315662
vn 0.633457 -0.695303 -0.339539
v 62.725826 -0.027585 -73.156960
vn -0.547736 0.738171 -0.393814
v -37.026073 222.700165 -29.225140
vn -0.770235 -0.637238 0.025800
v -39.066399 136.369095 16.295256
vn 0.025826 0.838335 0.544544
v 1.229032 227.466415 36.537163
vn 0.302928 -0.633174 -0.712268
v 10.162837 127.992180 -46.924061
vn 0.176011 0.216472 -0.960292
v 4.004720 194.517120 -66.096848
vn 0.720321 0.365991 0.589227
v 11.040210 123.782913 50.643879
vn -0.427582 0.182274 0.885409
v -18.793293 38.661060 46.365318
vn 0.180395 0.294641 -0.938426
v 63.193069 60.730907 -69.193008
vn -0.796901 -0.442123 -0.411675
v -43.039101 156.894913 7.904408
vn 0.070543 -0.159595 0.984659
v 30.898087 186.641785 27.434423
vn -0.353893 -0.601476 0.716231
v -30.513502 196.138535 37.099045
vn -0.509061 -0.122660 0.851946
v -23.979383 204.375427 45.381752
vn -0.744366 -0.403431 0.532130
v -38.263821 136.364883 -16.610064
vn -0.029608 0.772325 0.634538
v 13.104823 113.744354 -47.626514
vn -0.520286 -0.534445 -0.666086
v -28.767700 133.949127 -44.725437
vn -0.401951 -0.593990 -0.696858
v -23.297834 130.735474 -45.665794
vn 0.584516 -0.211280 0.783391
v 9.536432 112.776993 47.654869
vn -0.800341 -0.529303 -0.281591
v -31.351301 148.104477 -0.923423
vn 0.228173 0.114421 0.966874
v 15.682066 143.296371 46.189259
vn 0.002178 -0.010589 -0.999942
v 20.843248 11.500539 -84.364487
vn -0.354371 0.215330 0.909975
v -13.929349 33.017574 49.662098
vn -0.786911 -0.559406 0.260453
v -52.342102 167.911636 0.152971
vn -0.987615 -0.038731 -0.152041
v -32.647327 127.943314 2.569963
vn 0.595517 0.797786 0.094323
v 31.889509 229.386246 -1.519832
vn -0.579540 0.139774 0.802868
v -9.582892 25.717979 51.384212
vn -0.015502 -0.445905 0.894946
v -1.591120 125.962006 57.779034
vn -0.768853 0.592836 0.239605
v -44.625931 218.184387 5.881504
vn 0.974295 0.217041 0.060361
v 52.668388 197.642380 -4.208599
vn -0.389770 0.434400 0.812020
v 31.968861 25.610912 52.212292
vn 0.964868 0.207085 0.161696
v -35.035488 48.446747 34.782585
vn 0.937273 -0.275938 -0.213018
v 50.428970 168.430298 -18.052481
vn 0.218076 0.775971 0.591872
v -42.060986 87.874939 1.892005
vn -0.688102 -0.678674 -0.256744
v -31.533825 125.485596 -27.292795
vn 0.014740 -0.045341 0.998863
v 48.130169 20.749319 52.596340
vn 0.665105 -0.276937 -0.693499
v 33.487560 154.919540 -47.340714
vn -0.202690 0.659276 0.724067
v -45.326237 54.169838 27.228670
vn -0.908383 -0.391883 -0.145838
v -53.289333 162.090179 -29.666359
vn 0.872959 -0.336129 0.353498
v 27.725529 122.417145 23.837275
vn -0.371384 0.700002 0.609976
v -20.984411 222.873886 34.996220
vn -0.164993 0.012797 0.986212
v -45.523296 23.467350 53.301300
vn -0.540934 -0.291989 0.788754
v -9.265392 127.954781 55.889786
vn -0.927549 0.373265 0.018036
v 4.561860 23.881289 51.239269
vn -0.577569 -0.417320 -0.701611
v -35.973995 149.673660 -49.855076
vn -0.459137 -0.077136 0.885010
v -12.977503 131.749344 57.290501
vn 0.839413 0.360696 0.406551
v 37.212349 216.647430 15.854904
vn 0.676638 0.597989 0.429618
v -41.115910 104.742645 -22.224590
vn 0.558705 0.801163 -0.214446
v 68.442009 89.733757 -38.196266
vn -0.640101 0.021045 0.768003
v -45.710770 59.378166 21.858540
vn -0.651783 -0.248563 0.716516
v -12.961044 119.559311 51.050053
vn 0.812706 0.570549 -0.118250
v -2.159980 23.955879 54.283058
vn 0.051734 0.863039 -0.502481
v 59.070438 35.915653 37.152557
vn -0.978934 -0.196642 0.054953
v -38.792995 140.625778 -7.142926
vn 0.928009 0.019537 -0.372044
v 51.202553 188.241577 -25.264076
vn 0.298677 0.913710 0.275546
v 13.668648 234.205521 13.708915
vn 0.203302 0.660967 0.722351
v 39.863552 81.550232 8.066686
vn 0.714320 -0.362981 -0.598324
v 32.153225 151.076294 -0.509346
vn 0.784718 0.343972 -0.515656
v 41.213356 203.270386 -37.548450
vn 0.200319 0.162070 -0.966233
v 51.593685 50.975780 -73.478363
vn -0.272541 0.567813 0.776731
v -35.889084 52.054424 31.909861
vn 0.487998 0.427172 0.761171
v 22.870277 209.226227 41.046169
vn 0.537979 -0.387800 0.748458
v 27.288706 50.982475 31.096458
vn -0.633421 0.755850 -0.165737
v -40.870842 224.510529 -17.017628
vn 0.333761 0.434100 0.836756
v 60.566677 30.598743 40.065933
vn 0.191354 -0.979530 0.062486
v 2.129919 101.089531 33.037800
vn 0.615163 0.168149 0.770260
v 35.842678 148.983276 21.318712
vn 0.087318 -0.701063 0.707734
v 1.604388 -0.027587 66.388474
vn -0.569620 0.309795 0.761289
v -20.566547 180.519882 43.020248
vn 0.611416 0.776935 0.150139
v 33.764721 227.207962 3.224181
vn 0.321831 0.632536 -0.704502
v 56.935566 86.898903 -57.520329
vn -0.186186 0.803445 0.565518
v 29.871733 108.493607 -39.755871
vn -0.306868 0.883904 -0.352909
v -20.829905 232.063141 -27.657146
vn 0.527156 0.809758 -0.257681
v 64.919655 91.532555 -40.177944
vn 0.780826 0.347844 0.518956
v 67.193588 55.964729 17.950199
vn 0.615558 -0.179410 0.767398
v 39.617611 187.438507 25.556978
vn 0.824080 -0.036351 0.565306
v 26.343147 104.936928 6.219625
vn 0.040854 -0.665012 -0.745715
v 23.970043 -0.027587 -84.095230
vn 0.000975 -0.967331 0.253513
v -9.715124 125.191277 -41.018108
vn -0.063108 -0.010448 -0.997952
v 4.513262 11.706132 -83.036331
vn 0.022568 -0.087803 0.995882
v 2.389470 80.655693 12.368225
vn -0.672731 -0.034300 0.739092
v -40.314564 56.163193 26.505117
vn -0.172522 0.984692 0.024873
v -14.779369 238.296341 1.036607
vn 0.292628 -0.539625 0.789413
v 29.177826 171.249069 27.996565
vn -0.637761 -0.139974 0.757409
v -42.171520 193.870941 28.680252
vn -0.449379 0.681442 0.577664
v -26.761679 222.621506 30.062561
vn 0.633273 0.580073 0.512329
v -6.363423 33.186314 50.209301
vn 0.242025 0.070402 -0.967712
v 31.671295 97.297890 -56.451759
vn -0.764502 0.539553 0.352731
v -39.702858 216.556763 20.307356
vn -0.681061 -0.190957 -0.706889
v -36.265335 142.029709 9.547996
vn -0.073963 -0.781889 -0.619014
v -7.253820 127.179054 -48.697838
vn -0.002884 0.245408 -0.969416
v -2.043278 112.506485 -58.636105
vn 0.794769 -0.152772 -0.587370
v 43.699467 171.479233 -40.167336
vn -0.033009 0.238480 0.970586
v 9.768219 80.510803 13.452757
vn -0.195000 0.491109 -0.848992
v -16.047462 118.762268 -56.047379
vn -0.627564 0.766226 0.138060
v -55.664673 102.636429 -34.650391
vn 0.883235 -0.387671 -0.263832
v 30.186859 150.232071 -3.505657
vn -0.042825 0.819568 0.571379
v -29.345421 71.452744 13.899130
vn 0.679351 -0.732901 0.036599
v 14.323121 106.874863 33.112316
vn 0.440644 0.690012 0.574210
v -13.429415 46.099262 41.961311
vn 0.697537 0.547881 0.461810
v -35.207409 45.329094 35.752087
vn 0.990192 0.103971 0.093328
v 52.964260 191.157288 -15.137753
vn -0.239919 -0.654300 -0.717169
v -34.449425 145.462280 -10.623293
vn -0.169946 0.983922 0.054924
v -41.395412 149.222244 16.096010
vn 0.854999 0.263410 0.446757
v 25.171318 176.585785 35.523911
vn 0.495117 0.804598 0.327845
v 59.787933 90.364380 -17.940649
vn -0.305109 0.623102 0.720175
v -43.775135 43.226238 38.362671
vn 0.933539 -0.045601 0.355564
v 38.588070 151.068787 -9.645634
vn 0.613793 -0.356810 0.704234
v 39.230881 178.873184 21.700609
vn 0.443569 -0.360255 0.820648
v 15.935236 199.927185 44.645149
vn -0.757596 -0.177772 0.628049
v -28.575880 48.661636 39.149143
vn -0.196710 -0.975527 0.098243
v 8.340769 129.814743 55.911667
vn 0.112664 0.601798 0.790662
v -9.327847 57.933018 32.368916
vn -0.794182 0.348995 -0.497471
v -48.938316 201.126114 -38.145615
vn -0.455016 0.621252 0.637971
v 11.026007 47.629379 39.129055
vn -0.234414 0.055375 0.970558
v -13.675928 206.030457 49.709290
vn -0.194876 0.176544 0.964809
v -36.373608 184.578293 28.237770
vn -0.458383 -0.092630 -0.883915
v -30.300091 175.691818 -62.188423
vn -0.812261 0.413760 0.411138
v -39.397831 217.692169 17.600645
vn -0.385352 -0.083248 0.919007
v -33.980141 51.954777 28.706802
vn 0.146993 -0.121871 0.981601
v 2.965822 204.858719 49.951729
vn -0.649046 0.469446 0.598632
v -29.783453 215.428299 34.955292
vn 0.696806 0.211488 0.685371
v 28.374414 84.604614 1.459131
vn -0.696632 0.309298 -0.647332
v -41.907776 199.433853 -48.071484
vn -0.692062 -0.614042 -0.379477
v -38.269711 139.209854 -6.848453
vn 0.038859 0.029355 -0.998813
v -5.428650 16.569242 -82.940361
vn -0.322768 0.539348 0.777769
v 1.145303 24.461611 57.605400
vn 0.035652 0.976533 -0.212395
v 2.688113 237.525681 -17.208502
vn -0.214112 0.497655 -0.840533
v -50.944408 82.903870 -63.399090
vn -0.804580 0.247319 0.539892
v -67.462914 25.831951 41.408516
vn 0.574005 -0.301980 0.761135
v 21.518753 46.288982 36.608459
vn 0.974008 -0.039679 -0.223011
v 28.340330 137.576660 -12.560695
vn -0.690462 0.395808 0.605473
v -24.472149 173.737656 44.110199
vn -0.847373 -0.518142 -0.116138
v -35.951687 134.300507 13.163694
vn 0.105079 -0.647456 0.754824
v 12.271314 -0.027587 65.245316
vn 0.621787 -0.027901 0.782690
v 50.830940 64.306305 14.866434
vn 0.490637 0.822496 0.287707
v 62.667522 91.911209 -24.546787
vn -0.078164 0.801028 0.593502
v 19.052498 112.897301 -46.587349
vn -0.900458 0.405861 0.156371
v 0.827131 27.701130 54.715660
vn -0.989773 -0.142237 0.010861
v -41.209965 140.428680 17.592106
vn 0.097343 0.966074 -0.239217
v 7.477434 235.714233 -24.418015
vn 0.350676 -0.242747 -0.904489
v 18.053972 160.239182 -60.594604
vn 0.517553 0.240197 0.821246
v 21.352634 152.352890 41.673695
vn -0.067779 0.994950 -0.074036
v -5.472056 239.078903 -7.953843
vn 0.919919 -0.312986 0.236195
v 50.427700 174.549423 0.589795
vn -0.825826 -0.221557 0.518579
v -25.368719 46.425556 36.117828
vn 0.992535 -0.121407 0.011643
v 52.208874 174.898880 -11.420965
vn -0.074612 -0.018818 -0.997035
v 14.194547 2.983698 -83.782127
vn -0.854842 0.506997 -0.110447
v -51.045616 212.655075 -16.430174
vn -0.213318 0.214273 -0.953196
v -55.071640 56.690517 -72.566734
vn -0.376083 0.283785 0.882059
v -22.913210 43.680817 43.234863
vn 0.286879 0.358136 0.888504
v 2.832908 22.544704 58.930641
vn 0.098241 -0.703938 0.703434
v 7.733158 130.411270 57.322773
vn -0.521385 -0.853319 -0.002063
v -12.343852 103.587982 29.187807
vn -0.376945 0.010285 -0.926178
v -41.003696 99.966110 -55.415573
vn 0.594070 0.704144 0.388923
v 34.333710 225.952682 5.365529
vn -0.396354 0.200227 0.895998
v -9.280296 160.514267 42.439022
vn 0.729754 -0.509920 0.455456
v 30.404053 52.498711 35.273487
vn -0.356791 -0.158863 -0.920577
v -24.643414 172.329117 -64.806206
vn -0.094192 -0.067311 0.993276
v -52.914253 20.006420 52.317722
vn -0.600490 0.252482 -0.758726
v -56.724026 96.882133 -47.347988
vn -0.446586 0.346465 0.824938
v 25.859102 114.337700 -44.664070
vn -0.398041 -0.642450 0.654844
v -22.361273 193.386536 37.051167
vn -0.951065 0.113287 -0.287473
v -31.737564 122.854439 -17.037025
vn 0.136315 0.814820 0.563460
v -25.838909 66.439590 21.753965
vn -0.239499 0.042711 -0.969957
v -38.452927 14.249897 -82.307358
vn -0.480236 0.792393 0.376148
v -31.134813 217.538208 32.634075
vn 0.854837 0.483386 -0.188655
v 46.551899 212.095734 -15.945425
vn -0.405985 0.471391 0.782922
v -54.299923 35.861717 41.460857
vn -0.431811 0.587258 0.684593
v 32.666012 38.436600 45.745426
vn -0.897053 -0.253698 -0.361846
v -54.164371 167.150772 -32.167671
vn -0.586737 0.157688 0.794276
v -22.629061 160.420700 42.733437
vn 0.649683 0.362911 0.667987
v 62.845951 69.077316 7.399682
vn -0.941349 -0.011126 -0.337250
v -57.884975 184.937561 -25.174417
vn -0.402022 0.914872 -0.037253
v -26.908339 233.715683 -10.186053
vn 0.548321 -0.183581 0.815869
v 37.362797 185.160141 25.577099
vn -0.595518 -0.799343 -0.080061
v -46.266155 161.860840 2.705456
vn 0.000168 0.464362 -0.885646
v -12.434800 78.966949 -70.128784
vn -0.000153 -0.776603 0.629991
v 0.647659 131.596024 57.676949
vn -0.599327 -0.068460 -0.797572
v -26.743847 181.642975 -64.563263
vn -0.577959 0.617447 -0.533594
v -43.451332 108.038139 -48.825420
vn -0.459933 -0.850055 0.256650
v -50.148251 163.622940 -11.906158
vn 0.026574 0.421141 -0.906606
v -2.078352 200.147522 -64.808037
vn -0.730481 -0.659539 0.177218
v -35.535892 134.607849 16.540442
vn 0.148922 0.343009 -0.927452
v 32.348644 71.317535 -72.217918
vn 0.933390 -0.356224 -0.043449
v 50.303791 166.711990 -16.372284
vn 0.184825 0.852405 0.489127
v -39.437782 111.701416 -32.433037
vn 0.652226 -0.754977 -0.067910
v 22.560768 126.463234 -32.737823
vn -0.992782 -0.119708 -0.007333
v -32.340263 123.986298 3.436281
vn 0.976513 -0.121635 -0.177841
v 51.328194 174.371078 -24.057570
vn 0.258493 0.698183 -0.667624
v 4.668837 116.639542 -44.681412
vn -0.220806 -0.145175 0.964453
v -18.457500 94.214020 11.825933
vn 0.935888 -0.346790 0.062057
v 50.534595 168.288651 -14.973010
vn 0.445023 0.657416 0.608078
v 51.117126 88.357941 -2.137436
vn 0.253274 0.193575 -0.947830
v 46.285831 40.599747 -76.595428
vn -0.491839 0.461475 0.738332
v -21.065706 176.093277 44.999153
vn -0.980523 0.009992 -0.196152
v -58.755451 184.499634 -24.130087
vn -0.470967 -0.359708 0.805482
v -42.020782 185.121048 26.980093
vn 0.859633 -0.271524 -0.432790
v 44.350044 160.976547 -35.162033
vn -0.478155 0.733549 0.482984
v 36.022957 84.427025 5.061027
vn -0.251312 0.623707 0.740157
v -47.151424 71.082687 15.366667
vn -0.260277 0.873558 0.411281
v -45.681606 38.933334 40.963028
vn 0.740996 -0.594378 0.312475
v 14.810431 36.090122 48.182190
vn -0.294835 0.002665 0.955545
v -3.014333 139.855576 56.783745
vn 0.739164 -0.291316 0.607266
v 11.407609 107.860374 45.554878
vn 0.920753 0.082364 0.381353
v 48.502102 193.221268 13.713704
vn 0.873608 0.419549 -0.246553
v 46.570942 207.992401 -22.953424
vn 0.317216 0.931492 -0.178035
v 20.171801 234.471481 -16.213705
vn -0.791069 -0.071394 -0.607547
v -43.544643 147.512039 -40.854103
vn -0.629823 0.766556 0.125358
v -31.415379 143.891006 -0.210781
vn 0.238314 -0.039739 0.970375
v 17.192415 90.731155 11.406248
vn 0.351112 -0.296907 0.888013
v 2.645230 132.734161 60.433598
vn 0.747975 0.441739 0.495380
v 37.199177 211.557083 22.701744
vn 0.560332 -0.542361 0.625997
v 5.657135 99.560455 19.309473
vn -0.715584 -0.069181 0.695093
v -27.069773 101.128494 9.301836
vn -0.245620 -0.537043 -0.807004
v -14.397053 134.322083 -52.865887
vn 0.378817 -0.858074 -0.346709
v 19.721685 126.110222 -36.937763
vn 0.072715 0.091771 -0.993122
v 22.319899 32.626186 -82.889488
vn 0.821757 -0.264860 0.504544
v 36.785561 170.598160 21.411140
vn 0.977611 -0.207974 0.031993
v 28.815962 121.693268 5.433712
vn 0.065141 0.168931 0.983473
v 35.763081 24.785362 53.614201
vn 0.732432 -0.278008 0.621494
v 22.270180 108.423943 11.239446
vn 0.125884 0.979689 -0.156087
v 16.634171 121.016663 -52.596569
vn 0.748114 0.644331 -0.158629
v 65.270676 34.608715 35.384315
vn 0.633085 -0.706535 -0.316246
v 24.231781 128.403793 -35.842113
vn 0.996406 -0.084421 0.006957
v 68.824936 70.659088 -54.838562
vn 0.779836 0.133132 -0.611663
v 37.653080 185.782242 -48.833107
vn -0.018463 -0.020111 -0.999627
v 19.357908 2.522345 -84.041824
vn 0.331271 -0.692321 0.641055
v 22.195745 193.499451 36.267048
vn -0.988609 0.150503 -0.000846
v -31.447866 127.880646 -15.590244
vn 0.316412 0.006986 -0.948596
v 48.020336 11.223540 -78.485992
vn -0.992980 0.085206 -0.082043
v -33.683338 119.369431 -8.909675
vn -0.336705 -0.119853 -0.933951
v -59.476658 1.108202 -75.944405
vn -0.448955 -0.314610 -0.836337
v -39.163849 144.396378 9.029092
vn -0.815901 -0.564878 0.123363
v -52.039909 165.414932 -2.766089
vn 0.569591 -0.380094 -0.728763
v 24.151787 148.722977 -52.319118
vn -0.468599 0.817027 0.335978
v -26.580130 230.834000 16.991131
vn 0.720318 0.028620 0.693054
v 21.011950 159.265594 40.018044
vn -0.518871 -0.333637 0.787057
v -10.218940 125.318810 53.059105
vn -0.517019 0.685703 0.512350
v -54.958397 90.193092 -4.798700
vn -0.211794 0.144362 -0.966594
v -40.168266 34.771938 -79.404228
vn -0.337043 -0.404807 -0.850019
v -20.447142 149.184479 -58.716839
vn -0.526049 -0.518623 0.674020
v -11.938872 141.448914 53.802231
vn 0.995851 0.070630 -0.057384
v 29.032579 133.956451 -7.169609
vn 0.753584 -0.630337 0.186513
v 32.210720 136.620071 18.698265
vn -0.166900 -0.796046 0.581769
v -26.002094 192.702621 35.462383
vn 0.102960 0.598612 0.794394
v 53.915413 77.559975 6.955504
vn -0.411727 -0.542592 0.732171
v -15.072138 169.663971 49.451004
vn 0.934969 0.340160 0.100616
v 50.543228 204.205551 -0.934631
vn 0.263331 0.644140 0.718151
v 37.214424 43.343990 39.658207
vn 0.121973 0.447610 -0.885871
v 29.309063 77.531433 -70.048332
vn -0.770774 0.188547 0.608570
v -28.709677 83.199051 5.368962
vn -0.942883 -0.319823 -0.093191
v -40.611134 139.797409 16.197271
vn -0.987910 -0.047369 -0.147614
v -41.910454 150.178299 12.054214
vn 0.692806 -0.401067 -0.599304
v 33.825893 150.151611 -44.494709
vn -0.705438 0.690612 0.159414
v 27.947266 73.046722 12.580437
vn -0.886664 -0.253308 -0.386862
v -51.391720 162.472855 -35.915607
vn 0.240953 0.293994 -0.924937
v 6.671886 196.720642 -64.912033
vn -0.419568 0.214311 0.882062
v -37.383648 141.273499 28.226736
vn 0.033466 0.482477 -0.875269
v 7.136293 91.722954 -63.672684
vn 0.056931 0.184157 -0.981247
v 18.639864 40.960800 -82.204056
vn -0.508887 0.341841 0.790050
v -15.792644 188.863571 43.590832
vn 0.004621 0.178156 -0.983991
v -2.585258 44.014969 -81.259392
vn -0.251898 -0.963826 -0.087103
v -28.815594 123.429245 -27.571924
vn -0.622254 0.645926 -0.442244
v -41.140018 217.406769 -32.723217
vn 0.725981 0.668782 -0.160255
v 31.394302 142.580063 1.640696
vn 0.266310 0.534912 0.801840
v 42.026127 30.743412 49.131248
vn 0.039424 -0.512064 0.858042
v 13.875221 165.214035 43.244091
vn 0.261090 0.363603 -0.894218
v 11.257778 201.685776 -61.521912
vn -0.131134 0.471055 0.872302
v -49.614521 83.077660 4.049285
vn 0.772159 0.271513 -0.574501
v 38.971100 201.050934 -42.007957
vn 0.029501 0.546443 0.836977
v -11.513021 52.488499 36.476330
vn 0.310061 0.861599 0.401882
v 61.678619 35.612282 37.444786
vn 0.077314 0.499931 -0.862607
v 23.742298 81.491417 -68.340973
vn 0.933221 0.202750 0.296635
v 32.084930 97.915390 -6.763840
vn -0.696897 0.695629 -0.174452
v -31.788170 111.148460 -29.094881
vn -0.564979 -0.063989 0.822621
v -21.240238 134.638016 46.017189
vn 0.577512 -0.205421 0.790115
v 29.737856 201.125992 37.615669
vn -0.890123 0.291562 -0.350246
v -55.541622 196.141800 -29.662180
vn 0.546694 0.277284 0.790089
v 11.806026 132.481369 56.103127
vn 0.939017 0.059327 -0.338714
v 27.328102 133.867081 -16.670347
vn -0.427730 -0.812304 0.396496
v 12.600393 125.349541 49.439575
vn 0.615422 -0.090431 0.782993
v 53.210815 67.007126 15.751171
vn 0.993844 -0.107131 -0.028235
v 52.040493 176.938797 -23.976673
vn -0.379092 -0.614287 0.692056
v -22.373318 198.769974 43.504726
vn -0.886017 -0.450640 0.109073
v -49.228100 153.279892 -27.181726
vn 0.890834 0.319110 -0.323395
v 49.673786 199.052521 -25.641539
vn -0.916120 0.340985 0.210841
v -37.011665 99.439987 -14.640206
vn -0.506725 0.317220 0.801624
v -25.137732 209.297913 43.695087
vn -0.807010 -0.037853 -0.589324
v -67.332039 16.045761 -72.967316
vn -0.751689 -0.538014 -0.381451
v -36.793571 154.392883 -0.915476
vn 0.992545 -0.117057 0.033935
v 52.796371 180.530396 -10.057969
vn -0.433785 0.698951 0.568593
v 32.999126 80.051598 0.621187
vn -0.969324 0.245775 0.002285
v -57.987225 193.124420 -6.933734
vn -0.485202 -0.867912 0.106337
v -50.389801 163.553833 -10.669210
vn 0.094434 -0.661674 0.743821
v 5.969539 -0.027587 66.005028
vn -0.598874 0.723274 0.343838
v -67.942009 34.887093 36.476288
vn 0.546138 -0.679073 0.490503
v 42.302948 158.783310 -16.677542
vn -0.932575 0.050799 0.357384
v -53.107113 189.906555 11.199274
vn 0.417388 0.847375 0.328242
v 18.404327 228.032974 24.276834
vn -0.773344 -0.425480 0.470006
v -37.495056 134.241394 -17.106785
vn -0.945912 0.037842 0.322209
v -34.005230 149.920593 29.630646
vn 0.491874 -0.088062 0.866202
v 21.760637 95.848457 10.454546
vn -0.271863 0.481620 0.833146
v -46.364788 27.302832 50.915447
vn 0.005589 0.458201 -0.888831
v 1.290208 89.727318 -64.850555
vn 0.587363 -0.308106 -0.748382
v 24.540728 154.474609 -54.675468
vn 0.919655 -0.162276 0.357632
v 33.354824 136.543869 2.055987
vn -0.553225 0.566421 0.610827
v 32.352573 43.474876 40.881348
vn -0.271337 0.412757 0.869487
v -42.049793 18.766426 55.675755
vn -0.063905 -0.544246 -0.836488
v -8.154693 129.855194 -50.591499
vn -0.342754 -0.246906 -0.906398
v -25.954849 172.401642 -63.918140
vn 0.540925 -0.487090 -0.685670
v 34.932968 157.092224 -1.247403
vn -0.780761 -0.564781 0.267273
v 13.722323 123.190674 48.870468
vn -0.059770 0.041375 -0.997354
v 16.359776 17.411907 -84.071114
vn 0.951343 0.023272 0.307254
v 37.688328 148.865814 17.860214
vn 0.768080 0.199480 0.608490
v 40.498280 205.831711 22.023369
vn -0.055563 0.521807 0.851252
v 6.554111 115.812073 -49.627399
vn -0.963553 -0.241297 0.115503
v -57.214611 173.628433 -12.012129
vn -0.664473 -0.333025 0.669007
v -40.844017 172.630737 22.806843
vn 0.180693 -0.219118 0.958821
v 7.738909 171.284744 50.582230
vn 0.784402 -0.231140 0.575577
v 44.503853 184.809814 19.878317
vn -0.330982 -0.653288 0.680930
v -52.758446 -0.027584 57.244621
vn 0.723559 -0.680164 -0.117640
v 34.635818 135.843094 -2.696840
vn 0.283462 0.244295 0.927345
v 14.852604 151.172134 44.448513
vn -0.053091 0.293529 -0.954475
v -22.814678 57.932446 -77.731857
vn 0.981428 -0.189553 -0.029474
v 52.249725 175.219147 -14.573956
vn -0.456433 -0.232983 0.858713
v -34.489407 142.201172 -11.322929
vn 0.527139 -0.540988 -0.655330
v 20.735512 136.919724 -47.427528
vn 0.904761 -0.425918 -0.000714
v 48.170418 167.481522 -28.415863
vn 0.043942 0.662917 0.747402
v -16.828773 118.921104 -49.959930
vn -0.372179 0.851464 0.369447
v -66.591377 85.964195 -10.814886
vn 0.173279 0.974449 0.142913
v 12.901065 237.361923 2.051560
vn 0.203753 0.222180 0.953478
v 20.178656 2.992552 63.574066
vn -0.162469 -0.506085 0.847043
v -2.780749 0.020752 67.444176
vn -0.139412 0.245869 -0.959225
v -34.147266 61.334877 -75.472137
vn -0.331895 0.349580 0.876150
v -64.939713 33.538498 38.009483
vn 0.711612 0.299301 0.635631
v 15.598129 134.286041 47.625648
vn 0.984128 0.159331 0.078139
v 31.882162 103.059731 -10.696196
vn -0.642101 0.702240 0.307515
v -33.353313 225.719345 18.038486
vn -0.807584 -0.588005 -0.045369
v -37.146885 131.353745 -25.938105
vn 0.990602 0.105284 -0.087304
v 63.652737 71.662262 7.360756
vn -0.520796 -0.313319 -0.794105
v -40.053574 152.765671 -48.541725
vn -0.721244 0.625257 0.298094
v -44.311825 221.486954 -3.779296
vn 0.826187 -0.544226 0.145715
v 41.944885 153.115677 -23.698877
vn 0.052308 0.453173 0.889886
v -44.369408 87.884811 2.566070
vn 0.966122 -0.251017 -0.059991
v 33.137318 152.115601 1.039690
vn -0.565778 -0.659072 0.495499
v -9.900616 100.781410 19.773643
vn 0.011993 0.936586 -0.350233
v 4.208116 236.200623 -21.281382
vn 0.336398 -0.626031 0.703507
v 7.419079 142.829361 55.441925
vn 0.282072 0.528281 -0.800847
v 55.893456 81.924484 -61.612724
vn 0.688207 0.133440 0.713137
v 32.761196 149.577332 21.928570
vn 0.024356 -0.932681 -0.359878
v 2.629074 126.286362 -45.261856
vn 0.020319 -0.821000 -0.570567
v -30.521219 131.597641 -17.211845
vn -0.701644 0.194455 0.685480
v -33.817337 88.706398 -2.111174
vn -0.603413 0.413155 0.682052
v -27.956871 78.214531 8.545872
vn -0.930131 0.048506 0.364010
v -30.821909 168.284256 35.510654
vn -0.998904 0.046466 -0.005554
v -35.154362 140.974091 3.705269
vn -0.995396 -0.089143 0.035225
v -58.723652 181.453125 -16.969614
vn -0.946923 -0.319373 0.036567
v -56.221046 168.979691 -22.160789
vn 0.813581 0.013782 -0.581289
v 40.675507 193.264481 -42.942017
vn 0.595219 -0.346256 0.725136
v 3.458815 94.243042 18.387581
vn -0.998251 -0.057890 -0.011995
v -58.231197 190.489716 -6.950910
vn 0.553858 -0.064017 0.830147
v 2.492419 145.010757 59.841724
vn 0.783753 0.417261 0.460027
v 65.182762 34.228020 36.793533
vn -0.233733 0.680548 0.694423
v -40.232857 39.891556 42.833328
vn -0.791473 -0.609666 0.043330
v -54.010551 167.152924 -8.955763
vn 0.915250 0.359724 -0.181429
v 50.048790 201.428665 -20.054440
vn -0.274732 0.946618 -0.168632
v -28.282463 119.151588 -50.712555
vn 0.907546 -0.088330 -0.410558
v 49.742207 177.406204 -30.343895
vn 0.399243 0.490922 -0.774339
v 23.359314 209.362000 -53.440151
vn 0.428449 -0.903077 -0.029732
v 8.529711 102.889999 35.703365
vn -0.779943 -0.431326 -0.453482
v -40.393421 145.599289 -12.325168
vn 0.345081 0.028696 0.938134
v 5.929596 206.270874 49.331661
vn -0.199525 0.596688 0.777273
v -54.539524 81.065956 4.461041
vn -0.108538 0.842850 0.527090
v 35.463345 103.491577 -27.209829
vn 0.259236 0.884632 0.387587
v 41.714260 39.060211 41.250137
vn 0.268971 0.393846 -0.878943
v 6.395900 120.781807 -41.405891
vn 0.473291 0.509673 0.718491
v -35.845135 33.828861 48.885075
vn 0.190190 0.188653 -0.963451
v 39.149895 50.755577 -76.151001
vn -0.066471 0.907482 0.414799
v -7.136526 232.889389 27.068392
vn 0.417979 0.256172 0.871590
v 11.705455 33.864155 51.102219
vn 0.619843 0.118323 -0.775754
v 14.918820 123.296074 -36.076546
vn 0.528779 -0.712177 -0.461732
v 15.881384 124.770645 -34.993057
vn 0.864843 0.067809 0.497443
v 62.753918 6.763637 48.690350
vn -0.401810 0.458585 0.792621
v -56.407417 21.490135 50.423073
vn -0.938357 0.154804 -0.309068
v 5.652363 30.292780 48.189129
vn 0.944864 0.048297 0.323881
v 50.820499 192.863419 7.098951
vn 0.993198 0.011399 0.115876
v 52.106991 192.924469 2.156374
vn 0.903005 0.100375 -0.417740
v 49.358776 189.133133 -31.134573
vn 0.113859 -0.326249 -0.938402
v -0.744052 159.963028 -65.134918
vn 0.105003 0.851594 0.513578
v -38.364670 104.714958 -29.119169
vn 0.347868 -0.450191 0.822384
v 29.909779 145.243210 -17.940996
vn 0.042084 0.394091 0.918108
v -2.177572 31.156569 47.018925
vn -0.597933 -0.688246 0.410844
v -52.891964 164.533630 -11.850436
vn -0.032749 0.261331 0.964694
v -39.126610 24.390371 53.543606
vn 0.944251 0.213951 -0.250232
v 53.027897 188.204453 -21.686401
vn -0.044801 -0.579392 0.813817
v -4.644892 197.567307 47.705635
vn -0.969347 -0.208043 0.130706
v -34.574516 127.333000 16.254389
vn 0.457578 -0.294314 -0.839048
v 20.822681 161.917053 -59.999805
vn 0.679796 0.666370 0.306313
v 33.581760 223.700806 11.568399
vn 0.941358 0.121645 0.314719
v 50.560127 197.722244 6.297774
vn -0.676954 -0.733756 0.057749
v 21.346869 128.283249 -28.238771
vn 0.430804 -0.327847 0.840788
v 31.459410 150.823395 -15.766075
vn 0.765509 -0.595061 -0.244742
v 41.685509 151.581085 -28.627441
vn 0.135621 0.232111 -0.963188
v 30.752960 60.506817 -75.533577
vn 0.735666 -0.641011 0.218862
v 36.511185 143.004761 -28.214462
vn 0.076171 0.724886 0.684645
v 26.876722 44.516487 37.416683
vn 0.604883 -0.494162 -0.624436
v 25.753241 140.210587 -45.238850
vn -0.706730 -0.444485 0.550424
v -57.943115 67.741524 14.160981
vn -0.240955 0.277496 0.930020
v -36.852764 182.284134 29.061670
vn -0.265048 -0.019052 -0.964047
v -40.166309 9.185058 -81.821457
vn 0.371583 -0.517102 0.771058
v 33.562031 152.080688 -16.215017
vn -0.398547 0.325409 0.857479
v -37.705566 156.104538 21.184395
vn -0.519395 0.795066 0.313208
v -62.341385 92.739792 -23.110363
vn 0.495861 -0.864080 0.086527
v 7.939997 102.468147 24.144875
vn 0.200391 0.654675 0.728865
v 4.405710 221.540756 40.672283
vn 0.996204 -0.086931 0.004441
v 64.915421 28.453791 -12.050041
vn 0.025569 0.095803 -0.995072
v -11.445566 41.035877 -81.832161
vn -0.712461 0.246127 0.657131
v -21.581966 41.132000 40.369762
vn -0.965955 -0.029973 0.256967
v -56.903782 185.139175 -0.385171
vn -0.359258 -0.607541 0.708398
v -35.549915 171.708710 28.841467
vn -0.727309 -0.295002 0.619675
v -15.607766 124.096954 48.359539
vn 0.618554 0.755812 0.214803
v 33.940239 106.199669 -29.735254
vn 0.726361 -0.594003 -0.345775
v 27.699759 134.009720 -37.017052
vn -0.342442 -0.352964 0.870718
v -16.344044 201.091736 47.954876
vn -0.655210 0.454950 -0.603092
v -40.197838 205.599258 -46.197430
vn 0.121564 0.532939 0.837376
v -6.323259 48.705212 38.269070
vn -0.157755 0.840392 0.518513
v 31.883589 116.199463 -41.392506
vn -0.263564 0.788984 0.555012
v 21.543783 64.386307 24.050314
vn 0.749228 0.608171 0.262268
v 10.106719 138.561722 51.867805
vn -0.668101 -0.242867 0.703318
v -14.878500 115.103981 46.425117
vn -0.140044 -0.889786 -0.434359
v -16.372725 125.749138 -43.675838
vn -0.518073 -0.379002 0.766784
v -13.074039 98.596573 14.804488
vn 0.588605 0.789350 -0.174558
v 51.435123 103.735870 -41.407841
vn -0.310966 0.017821 0.950254
v -20.948944 88.554306 11.063373
vn 0.395561 -0.742703 -0.540300
v 30.294441 139.433548 -6.284888
vn -0.334528 0.306291 0.891222
v 33.867252 12.204147 60.310860
vn -0.021971 0.675272 0.737242
v 8.849957 63.298107 28.357933
vn -0.856390 -0.268071 0.441287
v -20.470015 123.853523 50.978588
vn -0.475085 0.843303 0.251265
v -68.553520 90.243088 -26.688854
vn 0.807406 -0.533255 -0.252456
v 34.861206 141.684372 -34.312912
vn -0.996615 0.081807 0.008126
v -58.768330 191.884079 -6.194984
vn 0.609190 -0.792911 0.013395
v 12.919585 106.353279 26.320908
vn -0.341644 0.886492 0.312108
v -20.833529 234.396759 14.905798
vn 0.186088 0.379618 0.906235
v 21.057554 8.619270 61.608753
vn -0.816540 -0.067940 -0.573278
v -66.383736 5.619989 -73.214294
vn 0.833919 -0.551470 -0.021428
v 39.620560 159.544479 5.772556
vn -0.219684 -0.608442 -0.762586
v -10.772599 125.170448 -40.034351
vn -0.146291 0.984244 -0.099314
v -11.837465 238.215820 -8.244066
vn -0.439383 -0.837568 -0.324690
v -44.243126 160.941437 3.220123
vn -0.768219 0.166456 -0.618168
v -47.179646 192.235046 -44.663010
vn -0.013676 -0.650551 -0.759339
v -5.376376 132.601730 -53.466328
vn 0.400982 0.243754 0.883062
v 15.434035 208.958618 45.922928
vn -0.545206 0.085532 0.833927
v -26.443365 205.528671 43.461105
vn -0.612326 -0.790213 0.024915
v -16.684515 106.926697 25.545219
vn 0.237221 0.506762 0.828805
v -12.731535 161.382172 43.922329
vn -0.783646 0.538988 0.308853
v -42.204079 217.213577 12.919022
vn -0.256992 0.569420 0.780843
v -3.375112 14.750731 58.836555
vn -0.564586 0.130344 0.815017
v -28.540380 204.365952 42.592201
vn -0.654227 0.244342 0.715740
v -27.193863 154.113739 38.961685
vn 0.499438 -0.589622 -0.634750
v 34.570435 155.769089 4.042293
vn -0.006077 0.436293 -0.899784
v -5.265702 117.027328 -57.819263
vn 0.246799 -0.195077 0.949229
v 15.450696 95.865211 12.258986
vn -0.163499 0.230456 -0.959249
v -65.626869 56.963615 -70.410568
vn 0.603171 -0.085359 -0.793031
v 27.252977 177.489883 -58.811985
vn -0.035945 0.928461 -0.369686
v 4.007234 237.129501 -19.971338
vn -0.718007 -0.208368 0.664115
v -34.659554 175.763947 30.741190
vn -0.714974 0.298882 0.632046
v -4.086378 140.262848 55.835140
vn 0.798140 -0.520704 0.303051
v 43.271530 155.125595 -22.538080
vn 0.273425 0.025650 -0.961551
v 61.702751 28.821592 -73.408173
vn 0.600045 0.781892 0.169090
v 57.043156 98.079300 -33.481434
vn 0.963540 -0.197387 0.180634
v 37.097855 141.426941 18.338898
vn 0.509706 0.674293 0.534349
v 22.615671 223.907959 27.858408
vn 0.158613 -0.803559 -0.573702
v 3.460993 129.676224 -50.309658
vn 0.941500 0.031587 -0.335529
v 49.471321 181.320282 -30.885521
vn -0.559984 0.813438 -0.157278
v -31.958628 109.766647 -34.369034
vn -0.308591 0.005976 0.951176
v -5.281509 133.642700 60.492668
vn 0.179335 -0.436925 -0.881439
v 37.314964 148.971634 -14.858590
vn 0.494472 0.339626 0.800095
v 15.410680 178.803040 45.086048
vn -0.512145 -0.409374 0.755064
v -30.879032 199.649368 39.748848
vn 0.217477 0.932052 -0.289797
v 12.429333 234.737869 -23.947247
vn -0.057735 -0.075227 0.995494
v -4.796107 169.675064 50.284286
vn 0.810184 -0.511954 0.285492
v 39.764732 148.630890 -23.577936
vn 0.126396 0.090587 -0.987835
v 1.202223 187.222137 -67.583549
vn 0.207069 0.425180 -0.881104
v 47.213081 77.307930 -66.745712
vn 0.539065 -0.381254 0.751035
v 17.699385 105.187782 13.736966
vn 0.818474 0.182639 0.544742
v 4.121699 161.416534 44.179047
vn -0.626736 -0.559122 -0.542757
v -33.853867 133.431381 -39.437191
vn 0.010514 0.970875 0.239355
v -3.656405 236.713181 14.904414
vn 0.963804 0.015772 -0.266146
v 51.371864 180.052841 -27.126909
vn 0.886358 -0.426279 0.180712
v -16.312885 124.574875 50.200951
vn 0.493199 -0.226172 0.840001
v 6.624880 120.906410 54.484928
vn -0.144781 0.728566 0.669500
v 3.238386 64.658585 25.917770
vn 0.302108 0.227372 0.925761
v 39.497078 7.122374 60.299618
vn -0.847983 -0.131811 -0.513372
v -48.013309 161.666840 -41.632877
vn 0.539643 0.759737 0.362747
v 55.881531 90.598801 -11.487767
vn -0.544561 -0.781135 0.305419
v -38.376633 136.192749 22.004787
vn 0.648685 -0.347240 -0.677224
v 24.060604 132.942047 -40.465298
vn -0.585903 0.528732 0.614134
v -30.380371 213.759003 36.606110
vn 0.348885 -0.079786 0.933763
v 13.751270 205.129303 47.024151
vn 0.351880 0.272244 0.895580
v -34.721176 12.124043 57.092270
vn -0.799219 -0.166930 -0.577393
v -46.987175 165.033081 -44.087780
vn -0.491738 0.680024 0.543840
v 35.802113 91.534988 -7.383630
vn -0.701071 -0.361313 0.614778
v -28.243587 163.828537 38.777569
vn 0.008304 0.454478 -0.890719
v -6.891832 77.868530 -70.682632
vn -0.611435 0.329493 0.719432
v -29.367214 183.620560 30.057116
vn 0.020091 0.297092 -0.954637
v -16.186295 58.129929 -77.716270
vn -0.626425 0.779219 0.020266
v -49.586536 106.867119 -36.124283
vn 0.177216 0.646669 0.741899
v 51.790558 77.659599 6.674951
vn -0.402534 -0.039756 0.914541
v -39.156063 183.181793 27.774382
vn 0.490047 0.247211 -0.835907
v 43.727432 101.230690 -52.263401
vn -0.349735 0.380148 0.856255
v -35.990059 180.402405 29.757818
vn 0.993206 0.107350 0.044914
v 52.431446 195.654388 0.369476
vn -0.945151 -0.260483 0.197075
v -40.176086 139.293839 20.512417
vn -0.936561 -0.287301 0.200779
v -56.679760 170.296997 -13.297750
vn 0.830672 0.497244 0.250463
v 69.833450 84.582573 -13.888054
vn 0.500594 0.805080 0.318202
v -29.776361 71.238609 14.690733
vn 0.174277 0.922378 0.344742
v 6.197358 233.595947 21.857719
vn 0.082628 -0.013574 -0.996488
v -15.636960 9.267033 -83.565857
vn 0.453072 0.067472 0.888917
v 11.157589 193.456009 41.967060
vn -0.553712 0.818258 -0.154456
v -71.540497 89.857552 -38.272526
vn -0.722259 -0.026705 -0.691107
v -44.605602 176.543365 -48.845070
vn 0.364803 0.887735 0.280794
v 19.883875 232.782394 12.177597
vn -0.655618 -0.747927 -0.103780
v -39.019970 147.446777 -13.859316
vn -0.108448 -0.993774 0.025556
v -5.130991 101.141846 39.598881
vn -0.973666 0.223551 0.044707
v -57.510143 197.110825 -11.017319
vn -0.218266 0.183205 -0.958539
v -50.701271 52.398785 -74.531006
vn -0.350559 0.655059 0.669333
v -49.586075 92.257210 -2.876693
vn -0.192073 0.848518 -0.493078
v -11.957020 228.056091 -39.822739
vn 0.289627 -0.330683 0.898201
v 6.375188 162.533829 42.262447
vn -0.500263 -0.372528 0.781640
v -34.425007 132.783463 -14.333966
vn 0.836654 0.250342 0.487175
v 65.559990 38.232155 31.001534
vn 0.124322 -0.758776 0.639377
v 5.663322 125.132629 -40.661922
vn -0.686986 0.348348 0.637733
v -7.385135 157.510651 46.351372
vn 0.497761 -0.866494 0.037712
v 26.133621 50.816345 32.495956
vn 0.888639 -0.425093 0.172095
v 40.278946 160.846420 8.870783
vn -0.428940 -0.444195 0.786576
v -39.075611 191.811493 29.778418
vn -0.341882 -0.690532 0.637403
v -19.504215 195.508377 41.770172
vn -0.949060 0.306227 0.074226
v -56.134247 201.795380 -8.720998
vn 0.830415 0.309214 -0.463463
v 25.929495 117.997635 -25.098732
vn -0.009977 0.185095 -0.982670
v -4.247766 197.457550 -66.511047
vn 0.777903 -0.626067 -0.053916
v 38.156502 156.312347 -15.476106
vn 0.202472 0.313878 -0.927624
v 25.149088 105.674034 -57.904270
vn -0.746991 -0.652230 0.128841
v -20.081305 109.457909 33.018051
vn 0.192149 -0.881803 -0.430699
v -3.467765 125.122047 -43.015736
vn 0.996664 -0.081279 -0.007370
v 52.170517 177.861847 -5.238276
vn 0.554212 -0.315154 0.770407
v 32.237629 164.839218 22.151854
vn 0.174126 0.832330 0.526219
v 3.083174 228.198151 34.059021
vn -0.828922 -0.548976 0.107302
v -51.430908 166.196594 0.807975
vn 0.617292 -0.154742 0.771366
v 39.921349 189.389359 24.959454
vn 0.663175 -0.110788 0.740219
v 42.342312 189.728897 23.197258
vn -0.330561 -0.898054 0.290221
v -47.949989 162.314865 -10.759588
vn -0.761331 -0.416477 0.496913
v -48.125637 171.271805 13.607443
vn -0.120537 0.685027 -0.718477
v -2.451423 117.530769 -45.006283
vn -0.588399 0.017266 -0.808386
v -33.475399 178.676880 -60.393288
vn -0.410864 -0.356542 0.839088
v -22.256792 170.323624 45.515221
vn -0.678834 -0.190752 0.709083
v -31.980196 52.108391 36.150532
vn 0.973704 -0.157632 0.164475
v 31.912140 130.222672 16.247766
vn 0.308778 0.419030 0.853856
v 35.956619 18.274899 56.719337
vn -0.688629 -0.623021 0.370992
v -52.624779 165.542572 -10.772576
vn -0.593401 -0.322267 0.737576
v -13.670095 126.707397 52.237293
vn 0.093263 -0.946598 0.308633
v -3.055602 131.256287 58.764294
vn -0.005076 -0.752120 0.659007
v -3.883787 131.282837 57.847557
vn -0.244754 -0.452029 -0.857768
v -39.048130 145.959671 -13.234238
vn -0.846070 0.420080 -0.328174
v -73.202225 85.279327 -51.065666
vn -0.557168 0.674494 0.484377
v -72.248978 82.855141 -8.876465
vn -0.214272 -0.292078 -0.932083
v -17.349672 157.141479 -63.237831
vn 0.092378 0.078383 0.992634
v 29.011122 185.501999 27.244394
vn -0.315863 -0.636926 -0.703247
v -14.932504 130.581802 -49.521515
vn 0.323564 0.234273 0.916745
v 8.408761 182.290756 47.444820
vn 0.966348 0.136965 -0.217744
v 52.383694 192.504105 -18.064623
vn -0.606627 -0.743302 0.281967
v -19.941313 121.637589 49.517727
vn 0.698372 -0.240001 -0.674297
v 36.813305 149.405441 6.585248
vn -0.808197 0.290569 0.512237
v -26.509392 185.067795 34.378460
vn -0.678234 -0.417241 0.604903
v -33.568188 152.451584 -5.426239
vn -0.403700 0.913691 -0.046860
v -23.766407 235.175903 7.357288
vn -0.196112 0.229627 -0.953316
v -44.683643 57.446407 -74.615845
vn 0.356804 0.591837 0.722786
v 57.178070 36.016785 39.115311
vn 0.790155 0.481591 0.379110
v 35.085304 144.316620 -4.454718
vn -0.634628 0.186713 0.749924
v -28.255899 207.457382 42.106468
vn 0.734585 -0.665310 0.133224
v 44.576969 164.129745 -1.126338
vn 0.348186 -0.567000 0.746511
v 0.929166 98.983704 22.395657
vn 0.670574 0.650622 -0.356401
v 24.970467 113.454453 -30.899763
vn -0.809253 -0.522618 0.268291
v -29.293102 118.017128 22.958921
vn 0.774047 -0.599670 0.203093
v 24.356144 115.997185 23.703188
vn -0.436131 -0.242429 0.866613
v -40.761051 184.583542 26.993408
vn 0.078195 0.661489 0.745867
v 0.573551 224.001892 39.812160
vn 0.304236 -0.232377 0.923819
v 13.719567 201.517990 45.904533
vn 0.186534 0.500673 -0.845300
v 43.431599 82.900246 -64.452888
vn -0.174007 -0.343871 0.922754
v -11.817145 201.131805 49.408333
vn 0.006904 -0.151985 -0.988359
v -4.447861 168.343765 -67.537552
vn -0.231596 -0.004528 -0.972802
v -37.134651 4.714605 -82.435265
vn 0.259095 0.269876 0.927382
v -1.074542 5.836577 65.019974
vn 0.954896 0.043025 -0.293807
v 51.473953 192.919968 -25.473772
vn 0.226374 -0.448175 -0.864809
v 9.805731 139.963852 -55.848427
vn -0.339143 0.780661 0.524928
v 35.967354 39.489933 44.805382
vn -0.399238 0.830961 0.387445
v -23.063314 230.750580 21.889891
vn -0.223674 0.681633 -0.696668
v -44.071613 93.493065 -57.385944
vn 0.414799 0.357647 0.836678
v -36.249775 23.192627 55.167469
vn 0.167462 -0.298692 -0.939542
v 26.292721 99.043243 -58.692402
vn -0.427218 0.782798 -0.452451
v -33.155174 116.546486 -50.395061
vn -0.601436 -0.354112 -0.716156
v -36.627731 154.115097 -51.900578
vn 0.170311 0.862674 0.476222
v 43.352528 100.994209 -11.353595
vn 0.053706 0.657798 0.751278
v -36.267342 43.141579 41.059143
vn -0.719874 -0.531919 -0.445919
v -35.259663 132.228027 -35.632526
vn -0.532581 -0.842963 0.075968
v -51.001690 165.205048 -5.806311
vn -0.761352 -0.257223 0.595130
v -22.379425 122.612640 40.729458
vn -0.896983 0.239402 0.371629
v -17.885489 130.164841 53.327724
vn -0.740198 0.298355 -0.602571
v -46.006947 197.461380 -44.367298
vn 0.785501 0.360209 0.503228
v 37.763409 207.738281 25.136351
vn -0.732051 -0.462628 0.500077
v -36.162464 133.594086 -15.229504
vn -0.692114 -0.682918 0.233668
v -24.086752 112.044968 18.292898
vn -0.312886 0.793437 0.522074
v 35.485352 112.981560 -34.938652
vn 0.743187 0.003177 -0.669076
v 39.762486 156.810074 -14.554842
vn 0.373824 0.569160 -0.732334
v 66.231644 79.963638 -58.631073
vn -0.505471 0.218054 0.834836
v -63.791931 8.410247 49.597134
vn 0.121269 -0.920240 -0.372092
v 1.482696 124.756966 -43.989235
vn -0.296117 -0.733134 -0.612233
v -13.881538 128.235718 -47.959053
vn 0.365824 0.873970 0.319922
v 20.111517 234.077316 5.962959
vn -0.622321 -0.176210 0.762671
v -19.862413 192.597809 38.261131
vn 0.956611 -0.189423 -0.221392
v 31.282015 128.766815 7.327803
vn -0.240841 0.226708 0.943716
v -34.689022 182.408173 28.280859
vn 0.975900 -0.162909 -0.145189
v 51.368298 179.793335 -25.641207
vn -0.243632 0.382539 -0.891239
v -66.478134 67.425819 -66.779648
vn 0.191557 0.315545 -0.929375
v 17.530655 110.935265 -57.188950
vn 0.808441 -0.357823 0.467318
v 46.663925 174.493149 10.697945
vn 0.860218 -0.031683 0.508942
v 26.855072 91.382095 3.266824
vn 0.453008 -0.403686 0.794872
v 30.867453 144.130356 -19.417845
vn 0.078187 -0.995897 0.045567
v 16.365519 119.956238 45.066856
vn 0.906390 -0.208777 -0.367246
v 33.358490 147.856583 1.564067
vn -0.951434 0.305510 -0.037895
v -56.582680 200.704651 -14.561797
vn -0.489722 0.847687 -0.203958
v -27.783752 111.818733 -37.925510
vn -0.303397 -0.262610 0.915962
v -60.547688 16.074211 51.118195
vn -0.930840 0.055882 0.361129
v -20.454407 125.578232 51.748329
vn -0.977017 -0.212492 0.016880
v -41.219833 150.790375 -12.837121
vn -0.752333 -0.335888 -0.566722
v -42.830032 154.426575 -45.800507
vn 0.692296 0.079481 0.717223
v 31.857656 144.123550 24.135084
vn 0.815883 -0.476008 -0.328257
v 34.349121 154.936142 -0.377716
vn 0.770130 0.152666 -0.619349
v 68.019188 59.796856 -68.577782
vn 0.845062 -0.410966 0.342019
v 38.838745 164.939346 16.627993
vn -0.274343 0.590781 0.758758
v -38.770889 37.885818 44.978092
vn 0.307426 0.582175 0.752703
v 42.414684 34.448429 46.433407
vn -0.831673 0.300718 0.466786
v -68.523865 37.107338 31.673756
vn 0.406733 0.103355 0.907682
v 31.418121 148.193436 -6.506260
vn 0.539860 -0.099125 -0.835898
v 28.389688 145.242996 1.521774
vn 0.023540 -0.405416 -0.913829
v -3.780709 146.558975 -60.144726
vn -0.978342 -0.016903 0.206305
v -32.887527 120.069496 0.665618
vn -0.787128 0.445724 0.426333
v -1.833584 16.065062 58.313274
vn 0.237748 0.504676 -0.829927
v 11.481731 211.786774 -56.841263
vn -0.437622 0.226188 0.870245
v -21.646133 173.284164 46.648705
vn 0.296038 -0.703582 0.646013
v -14.011815 129.730453 51.662300
vn 0.439115 -0.895796 0.068756
v 8.685611 102.746330 41.136063
vn -0.418319 0.896645 -0.145042
v -37.796062 116.264786 -45.535454
vn -0.484872 -0.471816 -0.736402
v -27.578373 145.062881 -52.942200
vn 0.054256 0.052948 -0.997122
v -8.076788 20.057261 -82.911995
vn -0.948616 -0.012516 0.316182
v -40.954025 143.687546 21.270638
vn -0.433367 0.313866 0.844797
v -60.259613 70.343567 12.549485
vn -0.794432 0.168628 0.583475
v -44.023819 193.414978 26.028881
vn -0.867328 0.219012 0.446963
v -48.527733 198.309738 19.184771
vn -0.904135 -0.422169 -0.065683
v -47.829304 150.042633 -28.553650
vn 0.340634 0.582758 0.737808
v 49.593555 40.579842 36.183735
vn 0.114644 -0.598653 -0.792762
v 36.185745 144.089325 -11.798430
vn -0.132512 -0.443361 0.886494
v -31.344221 188.782257 28.258841
vn -0.236810 0.135350 -0.962082
v -46.860638 35.796612 -77.710182
vn -0.050091 0.466805 0.882940
v -15.624030 16.482090 57.866226
vn 0.044998 0.477167 0.877660
v 3.699319 14.548131 61.420078
vn -0.666996 -0.744900 0.015497
v -20.398512 109.652359 28.032824
vn 0.756204 -0.504319 0.416914
v 47.281933 166.021545 -7.735093
vn -0.269310 0.691675 0.670117
v -15.345615 223.965088 35.985554
vn 0.089001 0.373671 0.923282
v 10.503289 15.040861 60.648586
vn 0.922856 0.382557 -0.044580
v 47.046047 210.292160 -14.865857
vn -0.972157 0.109054 -0.207410
v -32.445461 123.095276 -14.167038
vn -0.215496 0.301090 -0.928927
v -49.729115 66.573570 -71.297577
vn -0.132596 -0.600161 -0.788812
v -12.115257 130.893585 -51.117680
vn -0.639073 0.541499 0.546228
v -29.349510 217.472290 34.790459
vn 0.788839 -0.261577 0.556156
v 19.740171 122.576820 40.046024
vn 0.559773 -0.487429 0.670124
v 38.121696 151.343216 -19.182993
vn -0.721857 -0.185426 0.666739
v -45.374439 186.552811 23.616714
vn 0.176509 -0.405167 -0.897042
v 8.296188 144.896622 -58.415951
vn -0.134866 -0.387058 -0.912139
v -18.086044 98.837532 -60.088486
vn -0.532262 0.821638 0.203983
v -47.361488 108.565048 -29.927952
vn 0.862450 0.485265 0.143868
v 32.001446 106.070366 -23.040665
vn -0.548607 0.776167 -0.310797
v -66.623993 92.193993 -41.089939
vn -0.373947 0.780899 0.500360
v -20.544302 228.830627 27.776270
vn -0.849765 -0.474417 -0.229845
v -43.773941 158.793655 7.950528
vn -0.252215 0.127884 0.959184
v -4.347744 123.781097 56.135296
vn -0.248241 -0.200280 0.947768
v -32.863640 138.008575 -11.574872
vn 0.220968 0.695334 0.683875
v 47.471733 57.519493 22.609488
vn 0.881811 0.460063 -0.103691
v 49.450226 205.701843 -12.898171
vn 0.058389 0.366998 0.928387
v 3.090695 7.444774 65.132301
vn 0.113428 0.036741 -0.992867
v -13.869971 2.920821 -83.312836
vn 0.545725 0.423452 0.723099
v 3.013574 140.890671 54.529602
vn -0.512488 -0.386756 0.766665
v -26.365128 200.311523 42.626545
vn -0.186341 -0.477280 -0.858767
v -13.663706 139.533997 -56.092743
vn 0.970431 -0.112785 0.213409
v 52.188286 177.135971 -3.591275
vn -0.435661 0.505233 0.744942
v -57.193340 29.629505 43.192062
vn 0.297167 0.542364 0.785833
v 43.585869 62.961327 22.395277
vn 0.780066 0.449750 0.434997
v 33.873737 211.264847 27.928360
vn 0.256289 -0.159528 -0.953345
v 10.960545 168.024353 -65.260864
vn -0.057476 0.565345 0.822850
v 36.743599 28.285093 52.395973
vn -0.529133 0.819586 0.219765
v -63.831711 95.235352 -30.983019
vn 0.576112 -0.156964 -0.802158
v 19.782097 173.552719 -62.301880
vn 0.266071 0.875119 0.404195
v 42.858616 108.046967 -23.980848
vn -0.213755 0.769619 0.601660
v 23.013237 63.645351 29.792374
vn -0.071434 0.459499 0.885301
v -21.644468 19.431902 55.850170
vn -0.362192 0.375569 0.853091
v -48.475117 14.438692 55.376694
vn 0.642029 0.067530 0.763701
v 10.198997 29.624340 50.046188
vn 0.461801 -0.090215 0.882384
v 26.318520 187.239044 27.745529
vn 0.746830 -0.443929 0.495148
v 44.439434 169.400101 10.312886
vn -0.296187 0.461958 -0.835983
v -22.839048 117.042992 -54.905903
vn 0.996344 -0.085234 0.005785
v 65.485390 33.839077 -30.428558
vn -0.297865 -0.798950 -0.522450
v -12.318901 126.858002 -46.216358
vn -0.696787 0.473580 0.538711
v -38.084290 145.209610 -5.355449
vn 0.890180 0.386676 0.240959
v 9.659435 138.803909 49.891834
vn -0.797757 -0.571675 0.191761
v -46.596733 162.001709 7.338098
vn 0.670627 0.327140 -0.665762
v 16.940329 120.290970 -35.020000
vn 0.840462 0.457973 -0.289628
v 70.107712 86.005730 -50.070343
vn 0.060989 0.487813 0.870815
v 4.068930 28.304077 55.475739
vn -0.054131 -0.630578 0.774236
v -2.634264 195.229630 46.080860
vn -0.133702 0.572228 -0.809123
v -16.021339 213.849701 -55.172157
vn 0.212127 -0.898698 -0.383854
v 15.549321 127.158699 -41.141785
vn -0.633077 -0.033541 0.773362
v -54.027588 64.329544 14.811763
vn -0.424566 0.690339 0.585812
v 13.872812 52.479561 35.964146
vn 0.026759 -0.952891 0.302130
v -1.500690 99.642876 24.264475
vn 0.515255 -0.535052 0.669501
v 34.447338 147.002106 -19.656998
vn 0.778717 -0.319862 -0.539712
v 39.189713 170.362671 -44.066509
vn 0.582718 -0.269251 0.766775
v 19.064684 192.292755 36.094017
vn -0.456840 0.238286 0.857040
v -15.233142 183.177368 45.556747
vn 0.191578 0.677322 0.710305
v 63.532337 66.552017 9.837617
vn -0.834882 -0.303695 0.459065
v -40.351517 138.731400 -17.758665
vn -0.569927 0.741763 0.353514
v -54.371513 99.322220 -21.454403
vn -0.168065 0.290833 0.941897
v -28.914192 9.601494 58.757397
vn 0.799959 0.038703 -0.598805
v 45.749573 183.005203 -38.612705
vn -0.846115 0.451460 0.283324
v 37.787739 97.753914 -13.865136
vn -0.549781 0.823328 0.140970
v -67.766670 92.747643 -32.863808
vn 0.329584 -0.402376 0.854089
v 3.127190 85.291046 13.828767
vn -0.717348 0.576263 0.391578
v -16.598372 135.487686 50.976410
vn 0.052619 0.542283 0.838546
v -8.793584 18.621178 56.763809
vn 0.007016 0.585748 0.810463
v -1.886037 56.655659 31.392990
vn 0.547089 0.787924 0.282611
v 18.558779 227.596802 26.273186
vn -0.027031 0.557655 0.829633
v -40.250706 28.798227 51.939629
vn 0.675582 -0.737279 0.002979
v 62.385983 -0.027587 -2.841861
vn 0.274934 0.073853 -0.958622
v 44.311897 30.249075 -78.675941
vn 0.699759 -0.572611 0.427147
v 43.420773 166.064392 8.558253
vn 0.206600 0.935604 0.286290
v 8.628973 234.919022 16.732346
vn 0.945483 -0.261026 0.194747
v 50.182682 176.780853 3.838692
vn -0.226302 0.532960 0.815316
v -45.485840 85.721550 3.148214
vn -0.196775 0.250912 -0.947799
v -45.129765 64.577988 -72.856308
vn 0.066943 0.527477 -0.846928
v 11.070009 95.174515 -61.451485
vn -0.067912 0.040761 -0.996858
v 9.077333 30.749983 -82.729416
vn 0.301363 0.378760 0.875055
v 39.856934 13.692390 57.997498
vn -0.651242 -0.740076 -0.167847
v -24.812569 44.605640 39.438591
vn -0.783041 -0.076163 0.617290
v -44.397194 191.454132 26.719246
vn -0.557243 0.010295 -0.830285
v -28.780130 172.703613 -62.296268
vn 0.770358 -0.579948 0.264972
v 45.846985 160.555222 -18.200893
vn -0.792261 -0.581363 0.185307
v -53.926765 168.488708 -2.380722
vn 0.571096 -0.564864 -0.595632
v 26.043575 135.717300 -41.496529
vn 0.252004 -0.494740 -0.831701
v 17.861223 124.994423 -33.107735
vn 0.986455 -0.094513 0.134064
v 26.588980 141.752518 -18.163630
vn 0.822925 0.414287 0.388793
v 41.827076 207.013657 18.375362
vn 0.145479 -0.988343 0.044875
v 2.438060 101.174004 40.132030
vn 0.542417 -0.230670 -0.807821
v 21.840607 159.391357 -58.614952
vn -0.040715 -0.841943 -0.538028
v -0.465832 127.109047 -47.799328
vn 0.806077 -0.571330 -0.154341
v 36.575905 143.318436 -31.183779
vn 0.455146 0.855832 0.245753
v 66.891441 89.606461 -26.154783
vn 0.562475 0.071173 0.823745
v 10.057405 132.901306 57.340691
vn -0.187163 0.792737 0.580119
v 35.416698 81.900032 8.764949
vn 0.592213 0.334380 0.733126
v 29.817207 147.223221 -5.540926
vn -0.156063 0.922042 0.354235
v -11.241273 234.025208 22.846596
vn 0.216111 -0.125762 0.968235
v 1.119920 194.857483 44.730476
vn -0.335510 -0.940138 0.059775
v -8.239168 101.368347 28.174416
vn -0.010382 0.100048 -0.994928
v -17.402040 40.692738 -81.957306
vn -0.578415 -0.694562 -0.427808
v -38.428764 136.137283 12.515146
vn 0.484295 -0.737553 0.470611
v 24.445585 129.865784 -26.603270
vn 0.974186 0.147089 -0.171252
v 52.046902 181.469604 -20.426868
vn -0.067062 0.912276 0.404049
v -19.514771 112.960350 -46.493938
vn -0.775456 -0.221484 0.591280
v -43.100651 147.378922 -19.226847
vn -0.799521 0.474540 0.368209
v -72.022339 74.183281 -1.067751
vn 0.391075 0.814399 0.428736
v 64.297768 85.164062 -10.413504
vn -0.125707 0.087656 -0.988187
v -31.488571 17.330374 -83.374725
vn -0.793322 -0.440121 0.420636
v -17.592892 36.276237 47.093750
vn 0.929636 0.018137 -0.368034
v 51.036594 191.032257 -25.451958
vn 0.349798 0.884422 0.308932
v 20.574221 227.105377 24.200163
vn -0.445242 -0.549533 0.706946
v -34.046921 195.605972 34.516445
vn 0.348376 0.470112 -0.810943
v 29.511112 110.626877 -54.039131
vn 0.944507 -0.060090 0.322950
v 29.312302 115.880814 1.825045
vn -0.893431 0.344803 0.287909
v 4.998825 26.113585 49.630730
vn -0.059922 -0.639463 -0.766483
v -3.995680 130.367844 -50.872738
vn 0.640379 -0.760669 0.106292
v 17.472397 109.858925 22.281654
vn -0.134570 -0.600843 0.787958
v -20.053030 166.167038 44.860218
vn 0.904633 0.426093 -0.009153
v 48.868095 208.563354 -4.930293
vn -0.077382 0.592573 0.801791
v -14.733486 56.625587 33.500355
vn 0.215275 0.474417 -0.853572
v 12.331506 118.686981 -56.239658
vn 0.867954 -0.144495 0.475160
v 37.901035 147.854950 -9.095373
vn -0.982375 0.110841 -0.150511
v -58.315536 184.290817 -25.982460
vn 0.166152 0.908879 0.382534
v 38.865471 112.582397 -33.485256
vn 0.923462 0.376413 -0.074380
v 47.679867 208.607269 -13.089563
vn -0.807120 -0.136857 -0.574306
v -48.397758 170.499268 -43.836468
vn 0.940405 0.113262 0.320641
v 49.965813 195.684921 8.880617
vn 0.771951 -0.262577 0.578918
v 21.567215 132.131195 41.916821
vn -0.734096 -0.268664 0.623636
v -23.553101 131.415573 42.902195
vn 0.170295 0.709499 0.683821
v 34.679081 51.906551 31.271856
vn -0.544771 0.602735 0.583040
v -15.631423 137.131866 48.788280
vn 0.898049 -0.386894 -0.209337
v 49.079159 167.977509 -25.577997
vn -0.360153 -0.272550 0.892192
v -5.895300 125.030937 54.907196
vn 0.000000 -1.000000 0.000000
v 23.360817 -0.027587 28.527401
vn 0.000000 -1.000000 0.000000
v 30.372576 -0.027587 23.676523
vn 0.000000 -1.000000 0.000000
v 28.099073 -0.027587 29.695627
vn 0.996185 -0.087155 0.004349
v 63.712933 16.593163 26.234001
vn 0.996185 -0.087154 0.004351
v 63.431087 12.738352 13.542171
vn -0.282591 0.360190 0.889048
v -52.131157 37.087578 41.887753
vn -0.996190 -0.087118 0.003921
v -69.654655 46.731609 -9.470413
vn -0.059903 0.492050 -0.868504
v -17.528210 90.148186 -64.143021
vn 0.996185 -0.087155 0.004350
v 64.870461 29.443821 18.618719
vn 0.996185 -0.087156 0.004351
v 64.733017 28.045156 22.069857
vn 0.000000 -1.000000 0.000000
v 10.888326 -0.027587 21.873844
vn 0.000000 -1.000000 0.000000
v 24.822229 -0.027587 -13.599128
vn 0.000000 -1.000000 -0.000000
v 55.068584 -0.027587 -44.813179
vn -0.605360 0.667451 0.433646
v 38.267029 105.919556 -22.368326
vn 0.916969 0.158405 -0.366164
v 27.692446 121.579300 -20.019001
vn 0.996176 -0.087290 0.003852
v 69.774582 83.300308 -27.599174
vn 0.996180 -0.087226 0.004023
v 69.746155 82.726524 -33.182842
vn -0.996166 -0.087398 0.003869
v -72.504539 78.452408 -28.415081
vn 0.000012 -1.000000 0.000044
v 43.654976 -0.027587 56.366936
vn 0.000000 -1.000000 0.000000
v 46.313507 -0.027587 43.496170
vn 0.000008 -1.000000 -0.000000
v 59.038563 -0.027587 40.221870
vn -0.795406 -0.228586 0.561319
v -17.668371 113.693092 42.844711
vn -0.065650 0.092497 -0.993546
v -22.382612 34.620552 -82.308594
vn 0.245067 0.794559 0.555534
v 65.449699 75.463478 -1.506166
vn -0.996185 -0.087158 0.004347
v -67.260628 21.066620 25.338871
vn -0.996185 -0.087156 0.004350
v -67.093513 19.688278 35.997185
vn -0.996186 -0.087151 0.004349
v -67.981750 29.004862 19.241207
vn -0.989900 0.104013 -0.096326
v -32.920288 126.421295 -9.202182
vn 0.996406 -0.084367 0.007578
v 68.286087 64.522652 -52.141319
vn 0.996399 -0.084402 0.008109
v 67.805183 58.428509 -56.463612
vn -0.000005 -1.000000 0.000016
v -44.925056 -0.027548 56.985207
vn 0.000907 -1.000000 -0.000089
v -39.368092 -0.027549 58.636307
vn 0.452439 0.495494 -0.741475
v 39.726646 104.743118 -52.782486
vn -0.187592 0.283298 -0.940506
v -19.687490 113.514977 -56.644218
vn 0.996185 -0.087154 0.004350
v 64.377121 23.832094 19.163046
vn 0.997974 -0.046142 0.043798
v 63.939247 19.841148 39.480858
vn 0.996185 -0.087153 0.004350
v 64.159157 21.592865 24.215752
vn -0.254899 0.687876 0.679598
v -45.072590 49.347965 31.387310
vn -0.996185 -0.087158 0.004352
v -68.537613 35.134243 14.748127
vn -0.163312 0.462608 -0.871391
v -40.133942 78.477333 -67.978401
vn -0.996185 -0.087153 0.004351
v -68.234940 31.811882 17.493225
vn -0.000000 -1.000000 -0.000000
v -28.442530 -0.027559 -30.285994
vn -0.000000 -1.000000 -0.000000
v -31.459846 -0.027564 -14.936125
vn 0.255048 0.599746 0.758456
v 52.804508 52.263786 25.836504
vn -0.996459 -0.083758 0.007365
v -71.758202 67.766495 -57.923706
vn -0.794696 0.218647 -0.566261
v -71.823502 67.925789 -65.063629
vn 0.981887 0.000533 0.189467
v 30.849600 111.050270 -3.185528
vn 0.000000 -1.000000 0.000000
v 30.874285 -0.027587 30.392944
vn 0.996374 -0.084823 0.006550
v 69.220345 75.399170 -53.693760
vn 0.996320 -0.085482 0.006276
v 69.212883 75.768585 -48.094669
vn 0.996377 -0.084751 0.007067
v 68.720207 69.922989 -48.745895
vn -0.000002 -1.000000 0.000001
v -41.502644 -0.027563 28.188051
vn -0.111384 -0.627776 0.770383
v -22.035728 -0.027569 62.738815
vn -0.000001 -1.000000 0.000001
v -47.154991 -0.027547 26.966591
vn 0.996186 -0.087151 0.004347
v 65.181923 32.978832 18.116547
vn 0.996185 -0.087172 0.004119
v 67.971573 63.915344 -1.228809
vn 0.996183 -0.087199 0.003988
v 68.322334 67.616531 -7.678705
vn -0.278109 0.012936 -0.960463
v -44.224735 5.578173 -80.575531
vn 0.000052 -1.000000 0.000058
v 50.394321 -0.027587 54.839333
vn 0.306672 0.036855 -0.951102
v 55.642818 24.249269 -75.426491
vn 0.667118 -0.040191 0.743867
v 49.445297 64.755127 18.727003
vn -0.058337 0.482720 -0.873830
v -22.273832 84.707664 -66.839592
vn -0.910163 -0.240028 0.337623
v -31.789530 139.019150 32.569950
vn -0.996201 -0.086967 0.004554
v -72.571236 78.841759 -36.523117
vn 0.044476 0.030764 -0.998537
v -22.937363 6.567286 -84.212761
vn -0.135698 0.109804 -0.984647
v -26.861109 38.625404 -81.428795
vn 0.193338 0.096438 -0.976381
v 31.987894 25.544048 -82.174187
vn -0.112510 -0.013677 -0.993556
v 8.843309 2.482620 -83.185799
vn -0.222702 0.128446 -0.966388
v -47.696827 46.129971 -76.137619
vn 0.097299 0.707928 0.699550
v 32.464214 73.872345 17.762083
vn 0.073921 -0.019290 -0.997078
v -10.361433 12.594793 -83.321533
vn -0.000001 -1.000000 -0.000001
v -43.664936 -0.027544 -9.797622
vn 0.000001 -1.000000 -0.000001
v -42.866364 -0.027563 4.726487
vn -0.675029 -0.737782 0.003657
v -65.787689 -0.027527 -55.525269
vn -0.093011 0.565951 0.819176
v 6.491218 34.309792 51.842495
vn -0.996043 -0.088630 0.006621
v -69.106049 36.082260 -65.934616
vn -0.774578 -0.043654 -0.630970
v -68.947449 33.899643 -72.115707
vn -0.995957 -0.089607 0.006394
v -68.517189 29.522470 -65.569038
vn 0.308880 0.575083 0.757544
v 60.189346 40.508274 31.835909
vn -0.295871 0.554635 0.777715
v -64.504288 42.441471 29.726070
vn -0.036840 0.165235 -0.985566
v 7.366521 42.380123 -81.840019
vn -0.996184 -0.087171 0.004383
v -68.906944 39.286510 13.364400
vn -0.996194 -0.087035 0.004640
v -69.969147 51.631306 17.459599
vn 0.797327 -0.244575 0.551772
v 13.962297 112.120743 43.122475
vn -0.996345 -0.085106 0.007313
v -70.202766 48.768284 -64.489967
vn -0.299510 0.048148 -0.952878
v -63.462730 23.578089 -73.884979
vn -0.000001 -1.000000 -0.000000
v -34.617531 -0.027565 -10.620141
vn -0.000002 -1.000000 0.000000
v -36.937645 -0.027562 -4.124852
vn 0.178840 0.629586 0.756067
v 61.237591 57.899479 17.702684
vn 0.126399 0.626008 0.769504
v -19.019487 29.767147 49.384018
vn 0.000000 -1.000000 0.000000
v 37.510441 -0.027587 24.164562
vn 0.453237 0.255237 0.854067
v 54.215202 9.225166 52.884880
vn 0.996109 -0.087924 0.006041
v 64.857620 26.444305 -33.515026
vn 0.996118 -0.087873 0.005214
v 64.076538 18.020166 -28.363285
vn 0.996043 -0.088665 0.006084
v 63.949318 15.638023 -42.246368
vn 0.181323 0.342835 -0.921730
v 37.898731 71.009262 -71.285751
vn 0.002974 0.264523 -0.964375
v 14.105155 56.446728 -77.887253
vn 0.184502 0.657416 0.730591
v -20.591604 53.770157 37.781284
vn -0.996046 -0.088524 0.007481
v -67.330048 18.267933 -43.156494
vn -0.996099 -0.088005 0.006442
v -66.978851 14.416092 -42.389164
vn -0.922554 -0.038166 0.383976
v -32.768379 103.440636 -0.245526
vn -0.000000 -1.000000 0.000000
v 15.070065 -0.027588 -13.017441
vn 0.205342 -0.712619 -0.670827
v 49.575909 -0.027585 -77.883446
vn 0.996197 -0.087014 0.004456
v 69.803299 83.053131 -40.109238
vn 0.035334 0.484331 -0.874171
v 17.955652 78.771698 -70.306831
vn -0.073287 0.774638 0.628144
v -16.887882 68.812332 21.596132
vn -0.035732 0.074470 -0.996583
v 13.192217 35.192680 -82.810570
vn -0.200221 0.108689 -0.973703
v -60.728046 47.311447 -72.855469
vn -0.588858 0.807861 0.024643
v -63.419415 96.417694 -36.784576
vn 0.316422 0.044397 -0.947579
v 50.635174 19.036785 -77.329773
vn 0.996030 -0.088805 0.006163
v 63.961411 15.481194 -46.523296
vn 0.996055 -0.088527 0.006043
v 63.423344 9.152740 -50.708683
vn 0.995970 -0.089418 0.006872
v 64.048782 15.989646 -53.339798
vn -0.029935 -0.720231 -0.693088
v 18.755825 -0.027587 -83.905594
vn -0.000000 -1.000000 -0.000000
v -0.926253 -0.027587 -16.055231
vn 0.000000 -1.000000 -0.000000
v 8.684262 -0.027587 -24.178930
vn 0.995863 -0.090731 0.005045
v 64.036865 14.652846 -69.598213
vn 0.996342 -0.085260 0.005693
v 65.723412 36.423111 -34.641972
vn 0.996303 -0.085731 0.005597
v 65.341438 31.818178 -35.812355
vn -0.141590 0.280434 0.949373
v -22.182131 6.796055 60.743671
vn 0.165487 0.484070 -0.859238
v 39.150188 80.880547 -66.446487
vn 0.195137 0.641825 0.741608
v 57.220501 59.299034 17.465181
vn -0.993052 0.037580 0.111516
v -33.829746 117.650665 -4.071249
vn 0.528323 0.831142 -0.173427
v 25.762783 111.394020 -36.658287
vn 0.996188 -0.087151 0.003808
v 67.264008 55.128529 -16.805399
vn 0.996190 -0.087119 0.003951
v 66.168732 42.946964 -8.867352
vn -0.786524 -0.554535 0.271792
v -17.718697 107.895073 38.794022
vn -0.000012 -1.000000 0.000002
v -62.141136 -0.027546 40.520580
vn -0.000000 -1.000000 0.000000
v -48.994564 -0.027548 46.493401
vn 0.996186 -0.087150 0.004349
v 65.587128 37.409832 14.086435
vn 0.991881 0.108752 -0.065920
v 29.699518 128.276886 -7.512624
vn -0.996061 -0.088211 0.008970
v -68.929779 35.295170 -53.024868
vn -0.996079 -0.088085 0.008225
v -69.202232 37.696434 -59.692715
vn -0.996001 -0.088914 0.008739
v -68.402245 29.281799 -53.683666
vn -0.996255 -0.086324 0.004993
v -68.041512 27.811659 -17.558533
vn -0.996307 -0.085766 0.004168
v -68.392044 31.295830 -28.470535
vn -0.996200 -0.087005 0.003998
v -69.666946 46.459999 -19.076763
vn -0.996186 -0.087172 0.003791
v -70.710854 58.548317 -15.499275
vn 0.302851 0.004211 -0.953029
v 50.360176 5.410044 -77.663780
vn 0.258397 0.551855 0.792898
v 62.248234 45.559910 27.011166
vn -0.251950 0.415789 -0.873865
v -62.693626 72.153793 -65.673813
vn -0.205908 0.308891 -0.928541
v -64.394417 63.214520 -68.939491
vn -0.450094 -0.122413 0.884551
v -23.945499 95.737511 10.841897
vn -0.389050 0.642797 -0.659888
v -68.081398 84.104568 -55.912174
vn 0.120273 0.096271 -0.988062
v 14.696645 101.622971 -60.308155
vn 0.000000 -1.000000 0.000000
v 42.266888 -0.027587 24.673756
vn 0.000000 -1.000000 0.000000
v 51.055370 -0.027587 12.126748
vn -0.526308 -0.843504 0.107248
v -11.659038 102.844467 24.180376
vn -0.162804 0.568042 0.806736
v 4.037012 55.676830 33.587528
vn 0.597982 0.795332 0.099322
v 41.967155 111.613136 -35.031330
vn 0.137229 0.498612 -0.855894
v 33.887833 82.069321 -66.669655
vn 0.675571 -0.737289 0.002986
v 62.209015 -0.027546 37.522041
vn 0.996185 -0.087153 0.004355
v 65.793083 39.583450 10.473818
vn -0.500928 0.778360 0.378452
v -60.476311 88.423813 -9.278151
vn 0.996174 -0.087305 0.003891
v 69.075226 75.880249 -15.243025
vn 0.996180 -0.087239 0.003842
v 68.231155 66.271614 -14.532506
vn 0.996542 -0.083029 0.003305
v 66.529037 42.604073 -66.207191
vn -0.996209 -0.086904 0.004007
v -67.965492 26.185427 -32.515133
vn -0.996184 -0.087146 0.004753
v -67.218536 17.438147 -37.441284
vn -0.996177 -0.087266 0.003961
v -67.171593 17.283697 -28.404697
vn -0.000002 -1.000000 0.000000
v -42.361240 -0.027565 22.365297
vn -0.675602 -0.737261 0.003064
v -65.584557 -0.027151 -13.128542
vn -0.996218 -0.086774 0.004546
v -66.597847 10.278334 -38.388088
vn -0.996311 -0.085621 0.005757
v -72.598663 78.428459 -48.782562
vn -0.683829 -0.729586 0.009071
v -65.696693 0.075952 -35.240471
vn -0.000001 -1.000000 0.000000
v -43.359985 -0.027564 14.606861
vn -0.000002 -1.000000 -0.000000
v -12.753880 -0.027575 -23.513502
vn -0.000001 -1.000000 -0.000000
v -20.003906 -0.027566 -13.149206
vn 0.085034 -0.669170 -0.738228
v -17.633799 -0.027552 -84.091248
vn 0.996185 -0.087153 0.004353
v 66.177689 43.915806 9.196162
vn -0.304137 0.075238 -0.949653
v -59.588993 29.432337 -74.765060
vn 0.116066 0.612792 0.781674
v 12.616177 59.173676 31.386774
vn 0.996355 -0.085265 -0.002464
v 67.118553 49.504379 -65.308678
vn -0.024930 0.461162 -0.886966
v -14.875720 84.992577 -67.045509
vn 0.237680 0.399080 -0.885575
v 62.913479 69.559250 -65.851227
vn -0.499257 0.154052 0.852649
v -61.979847 3.350144 51.792797
vn -0.021962 0.271134 -0.962291
v 6.367398 56.470722 -77.613953
vn -0.124654 0.157880 -0.979559
v -16.784206 103.771065 -60.142052
vn 0.114329 -0.651970 0.749576
v 17.842598 -0.027587 64.389236
vn 0.079664 0.538690 0.838729
v 26.145983 25.547785 53.525074
vn 0.301048 0.051220 -0.952233
v 49.199188 26.002975 -77.406738
vn -0.172688 0.791446 0.586338
v 3.194131 68.939743 20.731190
vn 0.009721 0.609136 0.793006
v 16.080923 21.863041 56.407238
vn -0.138963 -0.700998 -0.699494
v -32.479393 -0.027534 -83.538391
vn 0.996165 -0.087401 0.003940
v 69.539543 81.219040 -14.247143
vn -0.637266 0.755794 0.150559
v -59.243080 98.578865 -33.609566
vn -0.411171 0.480121 0.774869
v -24.867247 76.065460 12.306618
vn 0.996186 -0.087142 0.004372
v 63.460457 11.136573 -25.177139
vn 0.996192 -0.087075 0.004332
v 63.290520 9.546095 -18.163254
vn 0.781116 -0.623418 0.034737
v 19.157169 41.258442 44.215336
vn 0.018435 0.476445 -0.879011
v 13.078787 82.648758 -68.187660
vn 0.995931 -0.089773 0.007946
v 64.867645 24.820339 -56.046795
vn 0.995975 -0.089330 0.007316
v 65.580788 32.207657 -62.107231
vn 0.995997 -0.088998 0.008357
v 65.466881 31.498997 -55.795780
vn 0.052250 0.486152 -0.872311
v 13.571652 89.463898 -64.590187
vn 0.007108 -0.037780 -0.999261
v 0.154710 98.056335 -60.151421
vn -0.820024 -0.246938 0.516317
v -27.673254 135.928787 39.670193
vn 0.996198 -0.086998 0.004462
v 64.630707 24.887259 -17.763515
vn -0.321801 0.006944 -0.946782
v -57.707352 9.460164 -76.279678
vn -0.150560 0.546459 -0.823841
v -37.953671 88.857956 -62.408272
vn -0.996071 -0.088232 0.007642
v -68.268295 29.278084 -39.294613
vn -0.996142 -0.087485 0.006949
v -68.985649 37.714516 -34.443756
vn -0.996006 -0.088930 0.007916
v -67.352409 18.107582 -48.041332
vn -0.996078 -0.088189 0.007214
v -66.772430 11.598327 -47.871700
vn -0.996152 -0.087514 0.004841
v -65.988960 4.309120 -18.477283
vn 0.996466 -0.083713 0.006903
v 68.687828 68.701241 -58.737717
vn -0.712402 -0.280967 0.643072
v -49.162193 62.443707 21.330044
vn -0.322944 0.030259 -0.945934
v -56.807209 15.252146 -76.470779
vn -0.996365 -0.084731 0.008819
v -70.808701 57.381794 -49.241894
vn 0.635322 0.551456 0.540613
v -8.447765 37.332039 47.680450
vn -0.996153 -0.087131 0.009383
v -69.321259 40.029091 -50.053764
vn 0.288246 0.591379 0.753117
v 36.968105 64.401138 23.271254
vn -0.996181 -0.087169 0.005003
v -72.733109 81.577217 -16.662071
vn -0.996175 -0.087302 0.003782
v -71.512848 67.505379 -20.148870
vn -0.996173 -0.087315 0.003866
v -72.250267 76.078720 -16.375559
vn 0.056161 0.778692 0.624888
v 13.263174 68.907799 21.546669
vn -0.246515 0.118841 -0.961825
v -51.563194 39.790234 -75.991180
vn -0.247159 0.609671 0.753136
v -46.436401 67.141876 18.977516
vn 0.996164 -0.087417 0.003909
v 69.555511 81.119156 -20.491388
vn 0.131971 0.224860 -0.965413
v 27.597500 55.269073 -77.182159
vn 0.996050 -0.088616 0.005650
v 63.052567 4.678267 -55.065765
vn 0.996006 -0.089125 0.005367
v 63.012840 3.896532 -60.450413
vn 0.180769 0.626861 0.757870
v 58.057030 63.977047 13.434676
vn 0.088950 -0.696815 -0.711714
v 28.507719 -0.027587 -83.519005
vn -0.000000 -1.000000 -0.000000
v 9.055782 -0.027587 -10.247185
vn 0.203917 0.346035 -0.915794
v 44.528217 71.005356 -69.874619
vn -0.052211 0.550455 0.833230
v 7.600460 52.615494 36.373859
vn 0.320610 -0.645583 0.693132
v 48.696938 -0.027349 57.675121
vn -0.907547 0.181291 -0.378803
v -30.689373 120.316200 -20.926739
vn -0.078227 -0.705985 -0.703893
v 8.012775 -0.027587 -83.101501
vn -0.000001 -1.000000 -0.000000
v -10.123213 -0.027587 -5.187481
vn 0.237564 0.366404 -0.899618
v 17.106880 115.771675 -56.007504
vn 0.996110 -0.087823 0.007167
v 65.046432 27.863344 -45.021057
vn -0.996231 -0.086424 0.007410
v -70.509514 54.842979 -39.457649
vn -0.996256 -0.086251 0.005956
v -71.324684 64.467567 -37.135880
vn -0.996305 -0.085609 0.006958
v -71.463821 65.548164 -43.834198
vn -0.001181 0.077737 -0.996973
v -18.820120 33.032177 -82.549393
vn 0.190968 0.249247 -0.949425
v 57.288807 59.242935 -70.749886
vn -0.000000 -1.000000 -0.000001
v -28.936386 -0.027546 -76.743454
vn 0.996244 -0.086454 0.004780
v 69.718025 81.866730 -44.054939
vn 0.824089 -0.059819 0.563293
v 25.971252 97.985970 6.456879
vn 0.320832 0.017884 -0.946967
v 53.116493 12.168061 -76.740288
vn -0.996222 -0.086724 0.004561
v -66.028030 3.841004 -35.935722
vn -0.996194 -0.086991 0.005523
v -66.320511 6.831667 -42.878452
vn -0.996125 -0.087762 0.005802
v -66.118149 4.156766 -48.326702
vn 0.201257 0.183399 -0.962217
v 45.679855 53.571522 -74.319672
vn 0.231826 0.627613 0.743208
v 62.147301 52.441818 21.972258
vn -0.089541 0.512421 -0.854054
v -24.725607 89.182060 -64.086990
vn 0.190920 -0.726978 -0.659585
v 37.694542 -0.027587 -81.597061
vn -0.996186 -0.087145 0.004384
v -66.639549 12.572068 -2.568251
vn -0.996185 -0.087156 0.004360
v -66.658066 13.623385 14.182043
vn 0.015065 0.728001 0.685410
v -35.730682 73.429802 18.019901
vn 0.295406 0.056646 -0.953691
v 56.506294 30.064638 -74.967125
vn -0.004853 0.050594 -0.998708
v -1.211003 22.793837 -82.533607
vn 0.294451 0.066340 -0.953361
v 44.923645 22.984871 -78.947388
vn 0.080626 0.452641 -0.888040
v 7.187205 118.946632 -56.966740
vn 0.996234 -0.086507 0.005825
v 65.185272 30.750683 -24.621082
vn -0.004644 0.042278 -0.999095
v -2.670857 35.320255 -81.946075
vn 0.546008 0.236665 0.803657
v 42.105991 60.107048 24.878639
vn -0.996410 -0.084394 0.006765
v -72.204231 73.401428 -54.206165
vn 0.978855 0.034511 0.201621
v 30.376392 117.787643 -1.817377
vn -0.314945 0.635900 0.704585
v -54.346493 45.067699 31.818739
vn 0.097019 0.543035 -0.834087
v 17.601444 94.326424 -61.320942
vn -0.261341 0.078392 -0.962058
v -41.960125 20.042669 -80.953148
vn -0.996204 -0.086920 0.004707
v -69.541092 44.709438 -25.394968
vn -0.996202 -0.086919 0.005096
v -70.347694 53.779861 -28.764330
vn -0.996187 -0.087125 0.004469
v -70.909325 60.355377 -25.973793
vn -0.225197 0.329996 -0.916727
v -55.262772 67.386559 -69.678551
vn 0.996328 -0.085311 0.007315
v 68.255898 64.826942 -44.609100
vn 0.996303 -0.085495 0.008423
v 67.420517 55.152611 -43.971558
vn -0.126722 0.123592 -0.984209
v -31.304739 24.514559 -82.563461
vn -0.098037 0.522379 0.847059
v 4.291704 46.670040 39.764946
vn 0.309372 0.440828 0.842591
v 40.164238 19.389456 54.895855
vn 0.736835 -0.458427 0.496909
v 42.290855 59.982407 24.662094
vn 0.675589 -0.737273 0.002955
v 62.325760 -0.027587 10.923741
vn 0.000000 -1.000000 0.000000
v 45.760254 -0.027587 30.464247
vn 0.012997 0.629492 0.776898
v 19.506184 53.733406 38.741722
vn 0.026167 0.062393 -0.997709
v 21.775087 18.998957 -84.068810
vn -0.996175 -0.087268 0.004448
v -66.139160 8.793162 36.246067
vn -0.996188 -0.087112 0.004467
v -65.578011 2.509235 38.422577
vn -0.996425 -0.084150 0.007523
v -65.960991 7.165224 43.996109
vn -0.048372 -0.025254 -0.998510
v 16.967737 7.784226 -84.059998
vn 0.996250 -0.086308 0.006013
v 68.007942 62.690952 -35.201378
vn 0.996210 -0.086751 0.006283
v 66.362755 43.840385 -33.431244
vn 0.996214 -0.086772 0.005356
v 66.568863 46.700809 -26.802256
vn -0.255727 0.558930 0.788797
v -64.681290 47.275894 26.246965
vn -0.012350 0.401339 -0.915846
v 8.080204 74.848419 -72.361115
vn 0.996188 -0.087140 0.004123
v 65.955673 40.828262 -2.131327
vn 0.996192 -0.087091 0.004174
v 65.015175 29.985287 -4.046217
vn -0.615790 -0.776327 0.134606
v -13.822587 104.008636 39.664387
vn 0.996148 -0.087184 0.009366
v 66.102341 39.198795 -50.943810
vn 0.074770 0.237802 -0.968431
v 21.303242 58.022240 -77.250290
vn 0.258695 0.462520 0.848028
v 22.038746 47.547768 41.951729
vn -0.125968 0.364483 0.922650
v -22.586458 13.664318 58.900444
vn -0.275649 0.237127 0.931552
v -16.302025 149.986465 45.441452
vn -0.011847 0.872086 0.489209
v -45.798519 104.204262 -16.290144
vn 0.058098 0.076124 -0.995404
v -13.720488 21.822084 -83.157249
vn -0.151369 0.301710 -0.941307
v -19.307568 108.037880 -58.600540
vn 0.996276 -0.086088 0.004768
v 65.510315 34.934387 -19.088720
vn 0.233339 0.331412 0.914177
v 27.478056 9.901895 59.644962
vn -0.996178 -0.087255 0.004080
v -71.729675 70.594536 -6.352638
vn -0.274019 0.605429 0.747241
v -59.792358 51.932274 24.660799
vn 0.173481 0.219496 -0.960066
v 32.565456 50.729221 -77.373032
vn 0.855270 0.166919 -0.490562
v 25.515266 125.247063 -22.969265
vn -0.000003 -1.000000 0.000001
v -58.685577 -0.027528 -64.285286
vn 0.996265 -0.086191 0.005224
v 69.376869 77.914673 -44.147957
vn 0.707899 0.572091 0.414235
v -40.799931 94.769463 -7.409257
vn -0.640743 0.656206 -0.398550
v -62.406879 96.476707 -41.463722
vn -0.812020 -0.533781 0.236012
v -23.993387 113.695808 30.666260
vn -0.092835 0.534644 -0.839963
v -20.530107 93.749138 -61.731327
vn 0.980429 0.092101 -0.174004
v 29.044811 130.130951 -11.607978
vn 0.013663 0.411296 -0.911399
v -11.484430 73.889450 -72.825844
vn -0.089513 0.049176 -0.994771
v 11.566234 20.048838 -83.461945
vn 0.316092 0.588153 0.744420
v 54.634087 39.855125 34.441486
vn 0.225662 0.073217 -0.971451
v 60.305187 36.692524 -73.236259
vn 0.021341 0.288033 -0.957383
v -8.671385 68.777328 -74.633209
vn 0.033083 0.242081 -0.969692
v -7.491340 62.898251 -76.043152
vn 0.036963 -0.037790 -0.998602
v 23.531775 5.782652 -84.012817
vn -0.996340 -0.085228 0.006573
v -72.041901 72.042969 -46.862263
vn -0.996339 -0.085129 0.007882
v -71.191292 62.111935 -47.122032
vn 0.996371 -0.084706 0.008370
v 67.265900 52.185799 -55.161526
vn 0.233198 0.214423 -0.948494
v 40.567352 41.041935 -78.008377
vn 0.996139 -0.087618 0.005463
v 62.872059 3.114483 -48.023579
vn 0.000000 -1.000000 -0.000000
v 57.127407 -0.027587 -53.688690
vn 0.675713 -0.737158 0.003144
v 62.474312 -0.027587 -22.386219
vn 0.685271 -0.082620 0.723586
v 20.121130 42.887726 44.443851
vn 0.032858 0.053962 -0.998002
v -8.741696 33.959526 -82.112457
vn 0.312924 0.618330 0.720934
v 42.916508 44.346889 36.472267
vn 0.012605 0.091455 -0.995729
v -6.053271 40.847420 -81.695999
vn 0.996180 -0.086976 0.007804
v 66.236427 41.954151 -39.612251
vn 0.185411 0.417636 -0.889496
v 41.926586 76.741257 -68.120674
vn 0.996179 -0.087248 0.003987
v 68.154839 64.983414 -24.051744
vn -0.996016 -0.088996 0.005609
v -66.265289 5.127764 -58.730236
vn 0.931617 0.121878 -0.342395
v 27.685261 127.943375 -17.483236
vn -0.047759 0.039899 -0.998062
v 2.287844 33.531784 -82.135422
vn 0.115564 0.532630 -0.838421
v 26.317450 89.314606 -63.437519
vn 0.996201 -0.086980 0.004347
v 64.572800 24.694723 -8.762630
vn 0.675608 -0.737255 0.003023
v 62.405228 -0.027587 -7.143461
vn 0.000000 -1.000000 0.000000
v 46.986019 -0.027587 23.740768
vn -0.995871 -0.090641 0.005076
v -66.921555 11.755590 -69.092407
vn -0.260115 0.606551 0.751290
v -30.638527 60.172607 30.241240
vn 0.033285 0.207027 -0.977769
v -9.004706 46.197109 -81.043831
vn -0.229663 0.399668 -0.887424
v -55.864128 72.392952 -67.404518
vn 0.146160 0.263107 -0.953631
v 24.750874 44.763603 -80.455894
vn 0.995885 -0.090412 0.006233
v 64.915451 24.399996 -68.142624
vn 0.995897 -0.090247 0.006763
v 64.381790 18.939043 -61.938141
vn -0.276370 0.568245 0.775060
v -56.429562 49.176311 27.545570
vn 0.222430 0.574174 0.787940
v 53.534817 70.910660 13.090578
vn -0.191041 0.437111 -0.878884
v -44.204792 74.629601 -69.157593
vn -0.473767 0.298630 0.828472
v -50.778946 64.107315 19.954649
vn -0.636793 0.681239 0.361120
v -51.591259 99.413086 -18.508236
vn 0.047860 0.275303 -0.960166
v -9.967852 59.046223 -77.155807
vn 0.198149 0.588136 -0.784113
v 43.751858 88.166603 -61.011982
vn 0.342091 0.811120 0.474403
v -41.141090 109.776375 -28.067286
vn -0.008254 0.019841 -0.999769
v -0.310017 15.922289 -82.830139
vn -0.290712 0.597996 0.746919
v -41.994881 71.802803 16.629576
vn -0.038822 0.071452 -0.996688
v 16.859596 23.231241 -83.700706
vn 0.599865 0.125468 0.790202
v 28.110031 51.297493 37.561253
vn -0.996183 -0.087184 0.004322
v -69.157524 41.851505 7.512322
vn -0.599410 0.735492 0.315848
v 29.672813 75.984772 14.379569
vn -0.944291 -0.011357 0.328914
v -33.219147 108.095871 -0.633623
vn -0.255777 0.667532 0.699271
v -59.737621 55.739719 20.768721
vn 0.996262 -0.086212 0.005493
v 68.995049 73.626328 -42.049419
vn 0.996211 -0.086838 0.004799
v 68.324753 66.567322 -31.756517
vn -0.010395 0.244057 -0.969705
v 1.319980 61.500591 -76.250832
vn -0.996196 -0.086983 0.005189
v -67.301361 19.497492 -14.735187
vn -0.996185 -0.087139 0.004672
v -67.283775 18.890575 -21.654720
vn -0.996197 -0.087005 0.004731
v -67.166710 18.220228 -10.389797
vn -0.406127 0.768355 -0.494664
v -66.593201 89.145790 -50.993073
vn -0.334445 0.585045 0.738830
v -58.627712 42.442184 32.390823
vn -0.996428 -0.084098 0.007659
v -71.200089 60.904022 -60.523975
vn -0.093556 0.328118 0.939992
v -16.740971 11.006555 60.495728
vn 0.282385 0.839112 0.464918
v -30.826365 71.300079 20.864288
vn 0.041458 0.068262 -0.996806
v -14.702571 29.791245 -82.667282
vn 0.220233 0.184101 -0.957916
v 45.243748 46.526814 -75.634384
vn -0.245993 0.093140 -0.964786
v -57.997414 41.737003 -74.008080
vn 0.996193 -0.087067 0.004398
v 63.076172 7.421664 -11.514633
vn 0.996225 -0.086695 0.004553
v 62.541431 0.761163 -22.040941
vn 0.036692 0.562644 0.825885
v -19.847111 48.662853 40.960503
vn -0.817530 -0.340197 0.464663
v -13.698154 31.806732 49.780876
vn 0.705728 -0.702000 0.095628
v 18.198929 110.514214 29.293030
vn -0.995877 -0.090471 0.006589
v -67.467903 18.286684 -61.222183
vn -0.995917 -0.089947 0.007633
v -67.881302 23.106169 -57.562199
vn -0.000336 0.439645 -0.898171
v 2.673526 84.586983 -67.339897
vn 0.018906 0.453065 -0.891277
v 6.876635 86.593819 -66.321785
vn 0.587655 0.690849 -0.421177
v 20.106331 114.897530 -35.848358
vn -0.356902 0.573528 0.737351
v -55.657562 39.860645 35.333832
vn 0.996192 -0.087078 0.004316
v 64.024467 18.734924 -2.195237
vn 0.996186 -0.087148 0.004355
v 63.146866 9.166600 7.076467
vn 0.140210 0.343223 0.928730
v 15.882523 12.087354 60.404961
vn -0.191170 0.445976 -0.874391
v -47.401432 77.692154 -66.911057
vn -0.284589 0.094912 -0.953940
v -49.299068 26.163738 -78.261726
vn -0.185814 0.132432 -0.973619
v -30.645958 43.492302 -80.210663
vn -0.341504 0.778627 0.526418
v 24.875978 67.908867 24.258724
vn -0.094436 0.017607 -0.995375
v 9.928209 14.657793 -83.479996
vn 0.605616 -0.682053 0.409917
v 14.626900 106.081932 17.593576
vn -0.995943 -0.089773 0.006123
v -66.786865 10.923680 -59.403133
vn -0.996025 -0.088860 0.006202
v -66.509270 8.220769 -53.238388
vn -0.081045 0.653699 0.752402
v 3.289033 114.783577 -48.620472
vn -0.019717 0.306416 -0.951693
v 4.928537 50.698959 -79.454834
vn 0.193849 -0.810309 -0.553012
v 57.356239 -0.027586 -75.125549
vn 0.121900 -0.000872 0.992542
v 8.425884 85.109100 12.240885
vn -0.996231 -0.086594 0.004940
v -72.862656 81.783508 -43.525291
vn -0.996228 -0.086628 0.005092
v -71.969460 71.938881 -36.220589
vn 0.996259 -0.086419 0.000435
v 65.970222 36.194401 -67.041695
vn -0.073825 0.052437 -0.995892
v 10.817113 26.017124 -83.054306
vn -0.996197 -0.087023 0.004411
v -65.984360 3.674189 -29.647736
vn -0.996176 -0.087266 0.004151
v -66.611298 10.978643 -26.625673
vn -0.996178 -0.087225 0.004586
v -65.946884 4.164769 -12.175344
vn 0.674724 -0.738062 0.003476
v 62.672474 -0.027586 -62.810928
vn -0.803840 -0.426426 0.414732
v -20.388309 39.515987 45.133316
vn -0.996194 -0.087055 0.004272
v -67.096436 17.684248 -4.745911
vn -0.996193 -0.087073 0.004111
v -68.054070 28.711485 -3.511309
vn 0.996173 -0.087235 0.005492
v 64.982475 27.447004 -39.506744
vn -0.003885 0.446124 -0.894963
v -9.040080 83.662292 -67.733429
vn 0.422795 0.223322 0.878278
v 48.751511 6.933489 56.333775
vn -0.996176 -0.087284 0.003987
v -72.097054 74.534668 -11.801868
vn -0.838355 -0.323390 0.438839
v -24.320055 118.394394 34.634357
vn 0.204567 0.331007 -0.921188
v 60.421585 64.941559 -68.338081
vn 0.668714 0.723994 0.169276
v 47.436474 105.750198 -29.085077
vn -0.996218 -0.086747 0.004992
v -71.274445 64.174622 -32.306065
vn -0.996223 -0.086636 0.005847
v -69.876610 48.199345 -31.573919
vn -0.945733 0.084822 0.313679
v -35.118313 157.367920 24.101702
vn 0.085159 0.490098 0.867498
v -6.987495 43.372581 41.602470
vn -0.418979 0.174848 0.891002
v -51.085083 3.215338 57.504589
vn 0.996283 -0.085654 0.009100
v 67.040932 50.236191 -48.479763
vn 0.675666 -0.737201 0.003301
v 62.575043 -0.027586 -43.382736
vn 0.000000 -1.000000 -0.000000
v 57.258038 -0.027586 -68.543320
vn 0.089369 -0.296625 -0.950803
v 11.522760 99.594109 -60.670574
vn 0.241010 0.676394 0.695992
v 53.509659 57.457104 20.311850
vn 0.996175 -0.087291 0.003998
v 69.168655 76.272644 -30.115433
vn 0.136514 0.261632 -0.955465
v 14.102749 106.818039 -59.366428
vn 0.262066 0.558882 0.786748
v 59.904720 49.441887 25.479469
vn -0.449482 0.840415 -0.302769
v -69.354866 89.765472 -46.726692
vn -0.675710 -0.737162 0.003010
v -65.356369 -0.027479 38.539703
vn -0.996220 -0.086539 0.007489
v -69.834534 47.234230 -37.752922
vn -0.234049 0.619042 0.749672
v -65.266830 52.186287 22.181477
vn -0.244512 0.132474 -0.960554
v -44.553246 30.619244 -79.026375
vn 0.995946 -0.089735 0.006225
v 65.332771 28.988808 -68.362564
vn 0.000000 -1.000000 0.000000
v 41.447952 -0.027587 7.368949
vn 0.000000 -1.000000 0.000000
v 46.237976 -0.027587 3.616809
vn 0.000000 -1.000000 0.000000
v 51.650394 -0.027587 4.624689
vn 0.996185 -0.087155 0.004349
v 63.253700 11.593533 31.232239
vn 0.996183 -0.087184 0.004369
v 62.579056 3.841853 30.420071
vn 0.996185 -0.087156 0.004349
v 63.037296 8.818487 25.188318
vn -0.996187 -0.087143 0.004111
v -69.690956 47.701267 2.338182
vn -0.996189 -0.087124 0.004054
v -70.214355 53.341824 -4.986396
vn 0.000000 -1.000000 0.000000
v 50.835304 -0.027587 -19.506710
vn 0.000000 -1.000000 0.000000
v 40.305321 -0.027587 -30.307215
vn 0.000000 -1.000000 0.000000
v 57.849964 -0.027587 -32.482567
vn 0.661833 -0.739051 0.125623
v 21.263678 112.819557 20.789225
vn 0.000000 -1.000000 0.000000
v 44.000797 -0.027587 49.117710
vn 0.000000 -1.000000 0.000000
v 52.850838 -0.027587 41.704010
vn 0.000007 -1.000000 0.000010
v 51.356262 -0.027587 48.266445
vn -0.996185 -0.087157 0.004348
v -67.148087 20.045965 30.665787
vn -0.996383 -0.084089 0.012279
v -67.548058 24.913040 36.583351
vn -0.996185 -0.087153 0.004353
v -67.671585 26.082579 31.724394
vn 0.996186 -0.087152 0.004350
v 64.350937 23.994066 28.404175
vn -0.066327 0.235337 -0.969648
v -8.796181 112.668098 -58.315620
vn -0.000000 -1.000000 -0.000000
v -23.987034 -0.027576 24.580946
vn -0.000000 -1.000000 -0.000000
v -20.448677 -0.027572 10.513672
vn 0.048115 0.669635 0.741130
v 24.789860 40.901188 41.313183
vn -0.000002 -1.000000 0.000001
v -35.772892 -0.027549 48.263233
vn 0.996186 -0.087152 0.004349
v 64.819351 28.480701 11.027658
vn -0.996185 -0.087157 0.004360
v -68.146141 30.423700 10.019295
vn -0.018041 0.639642 0.768461
v -30.006824 35.995060 45.561161
vn -0.997624 -0.064909 0.023094
v -67.350525 22.860109 40.686573
vn 0.001627 0.380320 -0.924854
v 1.616192 73.098305 -73.018219
vn 0.000000 -1.000000 -0.000001
v -43.263329 -0.027552 -2.375097
vn 0.000002 -1.000000 -0.000002
v -54.347099 -0.027545 -25.626526
vn 0.000002 -1.000000 -0.000001
v -55.387169 -0.027534 -33.804623
vn -0.000006 -1.000000 0.000015
v 55.296551 -0.027587 48.102928
vn 0.439634 0.697814 0.565489
v 43.245659 84.217804 4.542980
vn 0.059496 -0.041830 -0.997352
v 6.608743 98.039055 -59.936878
vn 0.996185 -0.087155 0.004350
v 64.494370 24.809992 11.904865
vn 0.468135 0.798353 0.378790
v 59.469215 87.786568 -10.697768
vn -0.019396 0.286584 0.957859
v -10.298107 8.984864 61.528400
vn -0.431054 0.644627 -0.631386
v -16.816212 116.944519 -40.370762
vn -0.000001 -1.000000 -0.000000
v -27.012726 -0.027574 21.257292
vn -0.000000 -1.000000 -0.000000
v -27.060558 -0.027573 29.382019
vn 0.000000 -1.000000 0.000000
v 19.028378 -0.027587 23.350353
vn 0.000000 -1.000000 0.000000
v 35.761810 -0.027587 2.496053
vn 0.996046 -0.088635 0.006092
v 64.475487 22.327736 -30.943169
vn 0.996045 -0.088637 0.006082
v 64.024246 16.934048 -35.649883
vn 0.996049 -0.088597 0.006080
v 64.418541 21.215355 -37.806843
vn 0.996185 -0.087154 0.004349
v 63.748287 16.645557 19.185553
vn 0.996185 -0.087155 0.004349
v 63.524673 14.133705 20.069145
vn 0.066083 -0.034251 -0.997226
v -8.144816 6.874144 -82.808533
vn -0.212879 0.638698 0.739424
v -43.051201 36.491478 45.325745
vn -0.000000 -1.000000 -0.000000
v 26.110611 -0.027588 -42.419670
vn -0.000000 -1.000000 -0.000000
v 31.093479 -0.027588 -50.796181
vn 0.000000 -1.000000 0.000000
v 10.611160 -0.027587 -50.898941
vn 0.019492 0.260693 -0.965225
v 16.801769 63.384491 -76.118050
vn -0.810044 -0.285148 0.512366
v -25.097511 128.538040 39.191582
vn 0.996197 -0.087044 0.003868
v 66.714699 48.809845 -17.616993
vn 0.996193 -0.087091 0.003804
v 66.739365 49.300644 -12.839356
vn 0.996204 -0.086960 0.004012
v 66.091156 41.752346 -15.902085
vn 0.000001 -1.000000 -0.000003
v -54.563293 -0.027547 49.894699
vn 0.000001 -1.000000 -0.000001
v -47.569996 -0.027548 51.813366
vn 0.996186 -0.087147 0.004354
v 65.151489 32.186218 9.197142
vn -0.996190 -0.087135 0.003727
v -69.639214 46.356911 -14.089064
vn -0.996191 -0.087117 0.003813
v -70.186844 52.691921 -12.333004
vn -0.996189 -0.087146 0.003723
v -70.206154 52.702843 -17.286453
vn 0.000000 -1.000000 0.000000
v 57.086388 -0.027587 -0.257673
vn 0.675564 -0.737296 0.002978
v 62.237278 -0.027566 31.105694
vn 0.996186 -0.087150 0.004299
v 65.168594 32.209808 5.759559
vn 0.996181 -0.087221 0.003881
v 68.680283 71.493980 -12.435171
vn -0.996191 -0.087122 0.003685
v -67.498268 20.834755 -32.698723
vn -0.000001 -1.000000 0.000000
v -53.728016 -0.027555 5.956517
vn 0.000000 -1.000000 -0.000000
v -53.796143 -0.027556 -14.439052
vn 0.000000 -1.000000 -0.000000
v -42.255749 -0.027565 10.762799
vn -0.000001 -1.000000 -0.000000
v -54.001652 -0.027555 -9.957067
vn -0.721114 0.391008 -0.571933
v -44.400768 202.772034 -42.796955
vn -0.000001 -1.000000 -0.000000
v -18.827599 -0.027559 -47.490837
vn -0.000002 -1.000000 -0.000000
v -14.402363 -0.027560 -63.385944
vn 0.570041 -0.456614 -0.683049
v 23.866062 143.538284 -49.496201
vn 0.996385 -0.084577 0.008015
v 67.247864 51.515118 -59.949326
vn -0.129884 0.264764 0.955526
v -22.014099 2.455120 62.198330
vn 0.000000 -1.000000 0.000000
v 30.728830 -0.027587 44.142879
vn 0.000000 -1.000000 0.000000
v 26.590555 -0.027587 45.482174
vn -0.012463 0.593516 0.804726
v 9.061638 57.294167 33.004196
vn 0.162384 0.209119 -0.964314
v 34.504063 56.737694 -75.819969
vn 0.431452 0.480149 0.763745
v 53.687878 23.288855 49.073612
vn 0.995925 -0.089895 0.007185
v 65.114960 27.045950 -61.951775
vn 0.410348 0.706745 -0.576304
v 65.722107 86.216980 -53.188709
vn 0.782053 -0.263113 0.564947
v 16.497250 116.611176 41.101807
vn 0.996186 -0.087144 0.004377
v 64.013298 17.777018 -18.795383
vn -0.996185 -0.087155 0.004349
v -67.884300 27.527039 11.948460
vn -0.905844 -0.066876 -0.418300
v -55.870972 178.363800 -33.239559
vn -0.210302 0.132742 -0.968583
v -37.639481 41.642895 -78.970604
vn 0.224135 0.973357 0.048368
v 55.895416 35.783718 37.184723
vn -0.831967 -0.049965 0.552570
v -29.296965 95.273666 5.929418
vn -0.996224 -0.086338 0.009178
v -69.744675 45.509903 -44.794060
vn -0.996231 -0.086215 0.009526
v -69.755951 44.832756 -51.992744
vn -0.996168 -0.087380 0.003801
v -72.055191 73.540100 -23.583273
vn 0.996186 -0.087150 0.004269
v 65.809113 39.502243 5.181621
vn 0.452854 0.838076 -0.304224
v 64.190697 90.641937 -47.025620
vn 0.216636 0.769712 0.600511
v -30.387663 116.352013 -44.457741
vn -0.750217 0.499785 0.432884
v -8.777712 148.082916 51.509464
vn -0.281550 -0.241561 -0.928643
v -20.548645 162.441193 -63.939491
vn -0.000000 -1.000000 -0.000000
v 18.715027 -0.027586 -45.103226
vn 0.000000 -1.000000 -0.000000
v 21.262859 -0.027587 -59.113419
vn 0.717107 -0.483726 -0.501764
v 33.734428 146.073792 -41.221405
vn 0.000000 -1.000000 0.000000
v 2.113335 -0.027587 -50.228676
vn -0.010536 0.449775 -0.893080
v 3.266730 79.155632 -70.025650
vn -0.000000 -1.000000 -0.000000
v -24.566223 -0.027555 -46.397572
vn -0.000000 -1.000000 -0.000000
v -29.148922 -0.027554 -47.578548
vn 0.000000 -1.000000 -0.000001
v -33.521893 -0.027544 -78.173958
vn 0.879684 0.400388 -0.256605
v 48.040688 203.730682 -23.812910
vn -0.514825 -0.652046 -0.556589
v -28.334747 129.586075 -41.120747
vn -0.996248 -0.086370 0.005495
v -71.400017 67.086861 -0.906344
vn 0.966801 0.125956 -0.222332
v 29.491026 119.363197 -15.207993
vn -0.745803 -0.118634 -0.655518
v -41.182800 169.084976 -52.477852
vn -0.000000 -1.000000 -0.000000
v 24.119343 -0.027587 -47.149509
vn -0.996186 -0.087144 0.004366
v -66.663734 13.267984 5.796595
vn -0.007433 0.441724 -0.897120
v -4.186793 86.852486 -66.255447
vn -0.717045 0.068446 -0.693658
v -40.665699 182.587296 -53.539993
vn -0.996218 -0.086788 0.004249
v -69.056862 39.352455 -21.373642
vn -0.996209 -0.086868 0.004554
v -69.967751 49.603218 -25.282520
vn 0.996290 -0.085734 0.007522
v 67.859169 60.440765 -42.209862
vn 0.675587 -0.737274 0.002954
v 62.295650 -0.027587 17.806543
vn 0.000001 -1.000000 0.000000
v 54.830009 -0.027587 27.562824
vn 0.000000 -1.000000 0.000000
v 54.450684 -0.027587 20.917089
vn 0.996227 -0.086662 0.004640
v 66.035698 40.727684 -23.837355
vn 0.996266 -0.086131 0.005972
v 66.008583 40.087517 -29.401091
vn -0.996186 -0.087155 0.004062
v -71.049454 62.886421 -5.071733
vn 0.996193 -0.087084 0.004094
v 65.481918 35.203598 -6.541658
vn 0.996187 -0.087144 0.004092
v 67.007530 52.853428 -2.114383
vn 0.996186 -0.087157 0.004138
v 66.349876 45.458733 0.517862
vn 0.996188 -0.087142 0.004091
v 66.589874 47.981045 -4.205433
vn 0.996086 -0.087910 0.009216
v 65.671043 34.512222 -48.711670
vn -0.000000 -1.000000 -0.000000
v -41.119438 -0.027555 -47.927731
vn -0.291424 0.479147 -0.827943
v -63.168812 78.145363 -62.481667
vn 0.394221 -0.182161 0.900782
v 57.608528 14.541971 49.309807
vn 0.343783 -0.315602 -0.884426
v 14.583887 153.654068 -60.274834
vn -0.236184 0.715252 0.657748
v -11.495116 226.953598 34.828911
vn -0.221517 0.958997 -0.176790
v -17.988081 235.845703 -15.796594
vn 0.018074 0.254795 -0.966826
v -3.451370 59.571644 -76.719055
vn 0.996321 -0.085471 0.006309
v 68.776230 70.951172 -44.290207
vn -0.000001 -1.000000 -0.000000
v -16.272358 -0.027578 22.821507
vn -0.209806 0.690219 -0.692517
v -12.969824 219.669708 -51.028664
vn 0.002322 -0.043957 -0.999031
v -1.959413 8.803903 -82.791565
vn -0.203863 0.465106 0.861462
v -25.344763 48.923656 39.905819
vn -0.198577 -0.816585 -0.541992
v -61.839664 -0.027537 -74.650574
vn 0.504723 0.846553 0.169126
v 28.655617 231.066635 3.320714
vn -0.966695 0.255372 0.016906
v -34.839893 107.120903 -15.430379
vn 0.996344 -0.085285 0.004990
v 67.557579 54.848309 -63.332066
vn 0.242157 -0.098182 -0.965257
v 11.929784 174.208450 -65.626801
vn -0.806103 0.082809 0.585953
v -47.181236 194.270676 22.662109
vn -0.825138 -0.305543 0.475174
v -43.398476 161.708801 12.757635
vn 0.117191 -0.120481 0.985774
v 52.590317 18.379898 52.036697
vn 0.638688 0.642876 -0.422833
v 37.509491 113.212929 -46.446064
vn 0.066417 -0.351177 -0.933950
v 1.390162 151.054947 -61.448219
vn 0.996208 -0.086706 0.007161
v 66.672562 47.128887 -37.454334
vn 0.996179 -0.087247 0.003818
v 67.729240 60.393456 -17.913202
vn 0.190029 -0.237699 -0.952569
v 8.662226 163.746262 -64.894699
vn -0.996083 -0.087940 0.009241
v -68.834473 34.831223 -47.015259
vn 0.000000 -1.000000 0.000000
v 55.140892 -0.027587 8.547923
vn 0.398687 0.461327 0.792607
v 54.189610 30.989197 42.354458
vn 0.668088 0.725755 -0.164130
v 35.628899 225.932617 -14.886622
vn 0.995885 -0.090425 0.006067
v 64.540123 20.445618 -65.513298
vn -0.000000 -1.000000 0.000000
v -57.326550 -0.027547 36.657791
vn 0.293457 0.067312 -0.953599
v 51.474625 30.634909 -76.476608
vn 0.915124 0.099473 0.390709
v 30.038879 150.856323 31.858252
vn 0.000000 -1.000000 0.000000
v -2.870737 -0.027587 49.816841
vn -0.000000 -1.000000 0.000000
v -5.396369 -0.027587 41.888607
vn -0.203961 0.160218 -0.965780
v -35.725613 48.001617 -78.501205
vn 0.315361 0.253534 -0.914477
v 16.039015 191.957138 -63.218437
vn -0.996182 -0.087213 0.003823
v -70.977821 61.329693 -21.672686
vn -0.996180 -0.087243 0.003781
v -71.116508 63.088303 -17.654991
vn -0.996183 -0.087175 0.004372
v -68.513641 34.510548 7.746364
vn -0.633610 0.755880 0.164873
v -35.156059 228.072845 6.351061
vn -0.950594 0.040487 0.307785
v -54.962753 188.604172 5.483809
vn -0.631220 0.725120 -0.275250
v -40.670803 222.996979 -22.857376
vn 0.996268 -0.086096 0.006057
v 68.439934 67.464912 -38.322025
vn -0.996200 -0.086956 0.004986
v -67.643127 23.503435 -13.191681
vn -0.996198 -0.086974 0.004996
v -67.657082 23.282824 -19.686241
vn -0.996405 -0.084375 0.007661
v -70.854942 56.514572 -63.936043
vn 0.174618 0.226647 -0.958196
v 38.235493 61.189529 -74.151527
vn 0.556334 0.811277 -0.179784
v 31.155378 229.574554 -14.611350
vn 0.996199 -0.086990 0.004408
v 62.701321 2.824128 -17.619532
vn 0.000000 -1.000000 0.000000
v 34.513859 -0.027587 47.504940
vn 0.000000 -1.000000 0.000000
v 34.925175 -0.027587 42.679604
vn 0.065906 0.660927 0.747550
v -24.137613 37.851295 43.370846
vn -0.996403 -0.084354 0.008109
v -71.310722 62.834713 -53.791748
vn 0.996186 -0.087149 0.004354
v 63.572559 13.709188 0.604479
vn 0.094941 0.953882 0.284773
v 1.587847 235.713470 17.659342
vn -0.566667 0.016242 0.823787
v -10.930461 28.794264 52.013451
vn 0.673154 0.636333 0.376754
v 32.953800 221.207764 18.557470
vn -0.215676 0.401561 -0.890075
v -50.429268 72.834854 -68.596100
vn -0.000001 -1.000000 0.000000
v -28.014883 -0.027577 43.932617
vn -0.000001 -1.000000 0.000000
v -30.373325 -0.027575 37.704010
vn 0.700350 -0.706688 0.100512
v 20.997561 112.984528 26.123116
vn 0.262058 0.563098 0.783739
v -0.114003 150.294647 59.105911
vn -0.996202 -0.086974 0.004277
v -67.556229 22.894720 -5.956610
vn 0.073724 0.088364 -0.993356
v 23.200066 26.003033 -83.424034
vn -0.131465 0.972635 -0.191569
v -9.853949 237.608139 -14.357344
vn -0.000002 -1.000000 0.000000
v -51.538780 -0.027535 -36.372086
vn -0.000002 -1.000000 0.000000
v -47.185501 -0.027546 -32.806129
vn -0.996181 -0.087210 0.004268
v -72.194748 74.788651 -31.426464
vn -0.996174 -0.087286 0.004369
v -66.857414 13.955495 -23.116638
vn 0.996187 -0.087139 0.004173
v 65.329689 33.799648 0.585333
vn 0.996360 -0.084810 0.008549
v 67.440201 54.666313 -50.918106
vn 0.000000 -1.000000 -0.000000
v 57.145401 -0.027587 -59.974628
vn 0.765287 -0.068856 -0.639996
v 37.497696 176.800903 -47.578556
vn -0.995966 -0.089326 0.008466
v -67.849930 23.336002 -51.525536
vn 0.996174 -0.087305 0.003999
v 68.691895 70.915482 -28.307293
vn 0.267892 0.567938 0.778255
v 25.413715 54.877670 35.556389
vn -0.537528 0.820555 -0.194303
v -36.434372 227.380981 -18.372993
vn -0.996185 -0.087161 0.004348
v -66.952309 17.263710 19.742964
vn -0.996186 -0.087150 0.004356
v -66.053459 7.017344 20.278570
vn -0.996185 -0.087161 0.004347
v -66.321037 10.344811 25.679237
vn -0.675586 -0.737275 0.003040
v -65.382530 -0.027512 32.658779
vn -0.000010 -1.000000 -0.000001
v -63.246880 -0.027546 34.023193
vn 0.995868 -0.090624 0.005814
v 63.935368 13.797103 -65.557945
vn -0.205892 0.186843 -0.960572
v -44.793213 51.773720 -75.954971
vn 0.001406 0.284059 -0.958806
v -17.940901 52.530556 -79.650963
vn 0.773207 -0.129879 -0.620711
v 40.762936 167.081390 -42.061760
vn 0.996170 -0.086927 0.009389
v 66.511703 43.989582 -49.925488
vn 0.996153 -0.087133 0.009389
v 66.163406 40.489128 -45.454491
vn 0.996186 -0.087142 0.004360
v 62.724365 4.057416 1.490144
vn 0.996186 -0.087143 0.004358
v 62.687447 3.958903 7.959477
vn 0.675589 -0.737272 0.002956
v 62.355873 -0.027587 4.040940
vn 0.000000 -1.000000 0.000000
v 8.711400 -0.027587 43.742687
vn 0.000000 -1.000000 0.000000
v 10.696944 -0.027587 46.234894
vn 0.000000 -1.000000 0.000000
v 16.050268 -0.027587 43.964855
vn 0.000000 -1.000000 0.000000
v 14.914929 -0.027587 49.200401
vn 0.996185 -0.087155 0.004350
v 63.944244 18.711416 15.700363
vn 0.996185 -0.087154 0.004351
v 64.041359 19.468472 8.626621
vn 0.996185 -0.087154 0.004351
v 63.539291 15.036034 34.802483
vn 0.997578 -0.067108 0.018294
v 63.529545 15.308633 42.494110
vn 0.996186 -0.087152 0.004352
v 62.870541 6.603557 18.998266
vn -0.996181 -0.087222 0.003871
v -71.031174 62.333389 -12.592615
vn -0.996190 -0.087118 0.003975
v -70.727592 59.065990 -8.057483
vn -0.996188 -0.087150 0.003811
v -69.095116 40.272438 -10.882295
vn -0.996188 -0.087134 0.004101
v -68.659103 35.618988 -3.706078
vn -0.996183 -0.087183 0.004311
v -69.831001 49.567646 7.978496
vn -0.996515 -0.083055 0.007716
v -70.643700 58.762516 5.903261
vn 0.996269 -0.086172 0.004747
v 65.065254 32.065098 26.529421
vn 0.996185 -0.087156 0.004351
v 64.792015 29.027315 28.234650
vn 0.000000 -1.000000 0.000000
v 16.131437 -0.027587 4.538179
vn 0.000000 -1.000000 0.000000
v 42.421577 -0.027587 -13.608837
vn -0.000000 -1.000000 -0.000000
v -2.763691 -0.027587 26.173443
vn -0.000000 -1.000000 0.000000
v 10.027903 -0.027587 5.919069
vn 0.000000 -1.000000 0.000000
v 36.184601 -0.027587 -46.718018
vn 0.000000 -1.000000 0.000000
v 49.976521 -0.027587 -62.028847
vn -0.996180 -0.087236 0.004012
v -72.958725 83.442810 -32.587818
vn 0.000018 -1.000000 0.000021
v 35.983967 -0.027587 58.359268
vn 0.000000 -1.000000 0.000000
v 38.061840 -0.027587 52.192253
vn 0.000002 -1.000000 -0.000000
v 54.363216 -0.027587 34.106255
vn -0.996186 -0.087150 0.004353
v -67.311562 20.810728 8.537662
vn -0.996185 -0.087157 0.004352
v -67.187202 19.659794 13.958753
vn -0.996185 -0.087162 0.004347
v -66.460678 12.190350 30.682264
vn -0.996184 -0.087169 0.004360
v -66.637184 14.461301 35.768883
vn -0.996185 -0.087156 0.004348
v -67.612335 24.923237 22.064070
vn -0.996185 -0.087155 0.004350
v -67.790535 27.317707 29.231998
vn -0.996568 -0.082550 0.006207
v -68.147026 31.282341 27.022551
vn 0.996463 -0.083674 0.007714
v 68.225044 63.092484 -59.551311
vn -0.000000 -1.000000 0.000000
v -43.565044 -0.027548 52.666412
vn 0.996185 -0.087153 0.004350
v 63.975121 19.880770 32.059498
vn -0.996290 -0.085537 0.009499
v -68.395271 34.005013 24.712074
vn 0.000000 -1.000000 -0.000000
v -35.947762 -0.027554 -47.353485
vn 0.000000 -1.000000 -0.000000
v -33.330654 -0.027551 -52.383900
vn 0.000000 -1.000000 0.000000
v 19.108900 -0.027587 47.375751
vn -0.000002 -1.000000 0.000000
v -53.328793 -0.027553 10.870081
vn -0.000001 -1.000000 0.000000
v -56.795643 -0.027546 9.379106
vn -0.000003 -1.000000 0.000001
v -32.103428 -0.027568 43.579906
vn -0.000002 -1.000000 0.000001
v -37.964798 -0.027549 43.897667
vn 0.996188 -0.087074 0.005301
v 65.322868 34.895020 24.234068
vn -0.996185 -0.087158 0.004353
v -68.675491 36.975452 20.062466
vn 0.996238 -0.086547 0.004329
v 68.393272 68.716179 -1.577255
vn 0.996185 -0.087170 0.004107
v 67.631874 59.917057 -3.686494
vn 0.996182 -0.087206 0.004031
v 67.881203 62.638943 -6.348065
vn -0.996188 -0.087119 0.004344
v -73.057449 84.310364 -38.315830
vn -0.208138 0.148281 -0.966794
v -40.935627 47.378254 -77.499046
vn -0.000001 -1.000000 -0.000000
v -61.763832 -0.027516 -59.215542
vn -0.674794 -0.737997 0.003566
v -65.817245 -0.027517 -61.252785
vn -0.000000 -1.000000 -0.000000
v -38.514004 -0.027553 3.042200
vn 0.000001 -1.000000 -0.000001
v -54.045570 -0.027555 -19.243877
vn -0.675371 -0.737470 0.003596
v -65.758133 -0.027537 -49.797752
vn -0.996183 -0.087176 0.004439
v -69.601547 47.199261 12.843288
vn -0.996221 -0.086625 0.006343
v -69.323090 44.311588 18.743687
vn -0.000001 -1.000000 -0.000000
v -43.550877 -0.027554 -44.837234
vn -0.000002 -1.000000 0.000000
v -48.003529 -0.027551 -47.556847
vn -0.000002 -1.000000 0.000000
v -47.126064 -0.027550 -39.399933
vn 0.000000 -1.000000 0.000000
v 3.133783 -0.027587 41.775177
vn 0.000000 -1.000000 0.000000
v 22.430319 -0.027587 47.044731
vn 0.996100 -0.088037 0.005923
v 64.873520 26.975815 -28.384806
vn 0.996120 -0.087848 0.005249
v 63.613052 12.476109 -33.252365
vn 0.996082 -0.088233 0.006007
v 63.538956 11.185557 -39.953201
vn -0.996023 -0.088639 0.009047
v -67.875778 24.324371 -44.056644
vn 0.000000 -1.000000 -0.000000
v 51.283203 -0.027587 -72.214111
vn -0.000001 -1.000000 -0.000000
v -9.843143 -0.027587 24.734053
vn -0.000000 -1.000000 0.000000
v -3.806582 -0.027587 19.904032
vn 0.000000 -1.000000 0.000000
v 6.353856 -0.027587 -48.645943
vn 0.000000 -1.000000 0.000000
v 14.798592 -0.027587 -50.565758
vn 0.996206 -0.086926 0.004072
v 65.636520 36.711582 -12.248430
vn 0.996213 -0.086842 0.004215
v 66.415054 45.169765 -22.156477
vn 0.996201 -0.086993 0.004020
v 66.938385 51.189720 -21.706409
vn 0.996187 -0.087163 0.003816
v 67.331253 56.118122 -11.759706
vn 0.996190 -0.087115 0.003948
v 66.804573 50.268211 -7.764865
vn -0.000014 -1.000000 0.000002
v -61.061806 -0.027546 46.952557
vn -0.000000 -1.000000 0.000000
v -55.834839 -0.027547 43.370232
vn 0.000210 -1.000000 0.000324
v -38.258900 -0.027549 53.861214
vn 0.996186 -0.087147 0.004344
v 65.987343 42.252945 19.467356
vn -0.996027 -0.088612 0.008826
v -68.367531 29.437849 -48.197208
vn -0.996246 -0.086460 0.004377
v -68.544861 33.752724 -15.785163
vn -0.996290 -0.085940 0.004560
v -68.573219 33.759838 -21.981747
vn -0.052708 0.073530 -0.995899
v 8.131882 37.502613 -82.389580
vn 0.675593 -0.737269 0.002978
v 62.180752 -0.027525 43.938393
vn 0.996185 -0.087155 0.004354
v 66.241356 44.981083 15.949692
vn 0.996185 -0.087156 0.004354
v 66.739624 50.625965 14.951799
vn 0.996179 -0.087226 0.004387
v 63.000736 9.222836 41.659672
vn 0.996177 -0.087272 0.003892
v 68.616905 70.423149 -20.292828
vn 0.996181 -0.087232 0.003852
v 67.800552 61.524998 -10.668968
vn -0.000001 -1.000000 0.000000
v -54.238346 -0.027555 0.408379
vn -0.688332 -0.725325 0.010141
v -65.680756 0.127701 -30.825588
vn -0.000001 -1.000000 0.000000
v -55.153297 -0.027554 -6.376622
vn -0.681115 -0.732107 0.010084
v -65.712639 0.024202 -39.655354
vn -0.000000 -1.000000 -0.000000
v -30.492859 -0.027575 32.488102
vn -0.000003 -1.000000 -0.000000
v -13.382887 -0.027565 -50.948353
vn -0.000001 -1.000000 -0.000001
v -23.015244 -0.027548 -77.669250
vn 0.996227 -0.086662 0.004566
v 63.026772 5.889820 -30.941133
vn 0.995984 -0.089103 0.008721
v 65.131409 28.276884 -50.363060
vn 0.996119 -0.087857 0.005266
v 64.570534 23.909842 -23.474262
vn 0.996188 -0.087129 0.004356
v 63.690807 14.231590 -15.975295
vn -0.996157 -0.087398 0.005777
v -68.588493 33.325527 -33.540852
vn -0.996327 -0.085205 0.008578
v -70.150421 48.818321 -57.383354
vn -0.996286 -0.085618 0.009169
v -70.325066 51.660316 -49.751026
vn -0.996125 -0.087472 0.009108
v -69.431168 40.667660 -55.877132
vn -0.996169 -0.086972 0.009160
v -69.211258 39.481525 -43.606487
vn -0.996232 -0.086318 0.008414
v -70.206650 51.109360 -42.249966
vn -0.996190 -0.087116 0.004128
v -71.459702 66.649185 -25.891033
vn -0.996175 -0.087296 0.003844
v -71.549644 68.166924 -14.522348
vn -0.996175 -0.087300 0.003848
v -72.586151 79.658295 -22.053150
vn -0.000000 -1.000000 -0.000000
v 31.640293 -0.027586 -77.651459
vn 0.996186 -0.087149 0.004345
v 65.612427 38.086227 21.854753
vn -0.000000 -1.000000 0.000000
v -2.914799 -0.027587 -48.337708
vn 0.996082 -0.087982 0.008977
v 65.925110 36.667450 -55.699902
vn -0.996284 -0.085895 0.006263
v -71.838631 70.075638 -41.906582
vn -0.293469 0.042179 -0.955038
v -46.041245 15.952887 -79.953056
vn 0.185205 0.200572 -0.962014
v 40.169724 56.252926 -74.880676
vn -0.996185 -0.087153 0.004385
v -67.179939 18.903173 0.492179
vn -0.996185 -0.087161 0.004389
v -66.050430 5.710697 -5.097031
vn -0.675589 -0.737272 0.002963
v -65.523476 -0.027545 0.604664
vn -0.675588 -0.737273 0.002961
v -65.446960 -0.027546 18.053459
vn -0.996195 -0.087063 0.004046
v -70.313179 53.713940 -22.254900
vn 0.996256 -0.086205 0.006607
v 67.517342 56.906414 -36.935757
vn 0.000000 -1.000000 0.000000
v 56.275658 -0.027587 14.737239
vn 0.000000 -1.000000 0.000000
v 48.049858 -0.027587 34.984779
vn 0.000000 -1.000000 0.000000
v 41.134777 -0.027587 41.202103
vn -0.996142 -0.087540 0.006194
v -66.331406 11.222309 40.826851
vn -0.996178 -0.087231 0.004418
v -65.829483 5.014504 31.447472
vn 0.996219 -0.086564 0.007354
v 65.629982 34.864628 -41.048840
vn 0.996221 -0.086635 0.006153
v 66.790215 48.817253 -32.599148
vn 0.996229 -0.086561 0.005938
v 67.127129 52.799797 -31.090723
vn 0.996187 -0.087149 0.004145
v 67.375618 57.200729 0.863668
vn 0.996228 -0.086650 0.004667
v 67.894623 63.240856 3.152952
vn 0.996151 -0.087159 0.009355
v 66.376884 41.842392 -55.540325
vn 0.996200 -0.086942 0.005180
v 67.006409 51.739559 -26.508188
vn 0.996189 -0.087130 0.003890
v 67.335121 55.734043 -21.564041
vn -0.000001 -1.000000 0.000003
v -62.536415 -0.027519 -69.364052
vn -0.000002 -1.000000 0.000000
v -58.492748 -0.027532 -70.002480
vn 0.996298 -0.085776 0.005778
v 69.639488 80.627357 -49.432079
vn -0.000002 -1.000000 -0.000000
v -8.517126 -0.027585 -46.849369
vn 0.843505 0.341330 -0.414721
v 69.748611 81.495499 -55.298611
vn 0.000000 -1.000000 -0.000000
v 52.840324 -0.027587 -66.318939
vn 0.000000 -1.000000 -0.000000
v 58.320072 -0.027587 -36.738224
vn -0.995952 -0.089730 0.005399
v -66.428581 6.562346 -64.966278
vn -0.995880 -0.090464 0.006228
v -66.963837 12.542686 -63.925644
vn -0.995866 -0.090650 0.005750
v -67.451118 17.689547 -66.897636
vn 0.996181 -0.087201 0.004409
v 62.538315 4.023066 43.209244
vn 0.995892 -0.090296 0.006746
v 63.891407 13.649291 -60.382736
vn 0.995852 -0.090819 0.005531
v 64.465645 19.397055 -69.021507
vn -0.000000 -1.000000 0.000000
v -56.223179 -0.027546 18.195217
vn 0.996209 -0.086862 0.004816
v 68.806671 71.934135 -34.628185
vn 0.996229 -0.086613 0.005116
v 67.768867 60.270267 -30.143621
vn -0.996191 -0.087056 0.005020
v -66.875595 14.552185 -15.887564
vn -0.996184 -0.087177 0.004183
v -67.640015 22.746008 -25.936094
vn -0.996193 -0.087053 0.004606
v -66.694046 12.870760 -9.008672
vn 0.221072 0.347361 -0.911300
v 49.958954 70.982002 -68.587502
vn 0.996191 -0.087089 0.004369
v 63.454781 11.786750 -10.870881
vn -0.995944 -0.089660 0.007484
v -68.316261 27.700621 -60.178555
vn -0.995877 -0.090469 0.006592
v -67.914154 23.013247 -63.764278
vn -0.995950 -0.089621 0.007172
v -67.206688 15.906302 -54.416294
vn 0.996187 -0.087139 0.004365
v 63.615578 13.890659 -5.607054
vn 0.996186 -0.087141 0.004359
v 63.100739 8.242369 -0.863739
vn 0.996186 -0.087147 0.004355
v 62.840263 5.929486 12.431688
vn 0.674832 -0.737962 0.003569
v 62.645798 -0.027586 -57.637917
vn 0.674791 -0.738001 0.003336
v 62.699150 -0.027585 -67.983948
vn -0.996185 -0.087149 0.004462
v -66.282188 8.276701 -6.729321
vn -0.996193 -0.087065 0.004282
v -67.508812 22.600502 -0.725245
vn 0.996075 -0.088306 0.006130
v 64.449570 21.195532 -43.157326
vn -0.996221 -0.086627 0.006318
v -69.415070 42.815384 -32.493858
vn -0.996205 -0.086778 0.006780
v -70.291893 52.688042 -35.407764
vn 0.996185 -0.087155 0.004316
v 67.382095 57.610920 7.766466
vn 0.996262 -0.085906 0.009016
v 66.822067 47.017170 -54.800972
vn 0.996209 -0.086524 0.009048
v 66.764694 47.547253 -43.762718
vn -0.675662 -0.737205 0.003057
v -65.330200 -0.027445 44.420628
vn 0.018740 0.199715 -0.979675
v -14.627621 46.444199 -81.185776
vn -0.996214 -0.086587 0.007817
v -69.372543 41.817699 -38.945312
vn 0.000000 -1.000000 0.000000
v 41.239231 -0.027587 2.203809
vn 0.000000 -1.000000 0.000000
v 56.127197 -0.027587 -6.056282
vn 0.000000 -1.000000 0.000000
v 53.518059 -0.027587 -6.109523
vn 0.893688 -0.218932 0.391652
v 27.417294 130.606018 29.484913
vn -0.996189 -0.087124 0.004092
v -69.715431 47.698936 -3.669886
vn 0.000000 -1.000000 0.000000
v 42.129791 -0.027587 -23.910431
vn 0.000000 -1.000000 0.000000
v 49.260590 -0.027587 -31.283096
vn 0.000000 -1.000000 0.000000
v 51.009598 -0.027587 -25.832365
vn 0.342644 0.579288 0.739609
v 47.716686 34.350033 43.998962
vn -0.219506 0.595945 -0.772442
v -47.788162 89.213875 -60.005291
vn -0.000000 -1.000000 -0.000000
v -20.644623 -0.027581 41.331120
vn -0.000000 -1.000000 -0.000000
v -19.143866 -0.027581 42.292236
vn -0.000003 -1.000000 0.000002
v -27.284910 -0.027568 52.857422
vn -0.000004 -1.000000 0.000002
v -27.758232 -0.027562 55.348675
vn 0.000000 -1.000000 -0.000001
v -52.446945 -0.027531 -30.507393
vn 0.000000 -1.000000 0.000000
v 30.973017 -0.027587 14.864384
vn 0.000000 -1.000000 0.000000
v 27.314463 -0.027587 12.837730
vn 0.000000 -1.000000 0.000000
v 34.246449 -0.027587 26.920246
vn 0.953102 0.133258 0.271732
v 28.078350 169.945099 32.474903
vn 0.000000 -1.000000 -0.000000
v -48.205833 -0.027560 -0.978734
vn -0.000001 -1.000000 -0.000000
v -19.982698 -0.027554 -63.905346
vn 0.763219 -0.572010 0.300503
v 23.234344 112.906891 13.963483
vn 0.263612 0.600609 0.754836
v 43.557850 66.452728 19.778906
vn -0.430867 0.887756 0.161998
v -42.568691 113.243980 -37.310925
vn 0.472686 0.247282 0.845825
v 59.195496 10.142004 49.890327
vn 0.000000 -1.000000 0.000000
v 25.853092 -0.027587 54.281712
vn 0.844040 0.249335 0.474793
v 63.594925 19.832981 44.697021
vn 0.137675 0.963359 -0.230185
v 52.952763 37.508511 39.222519
vn -0.996185 -0.087162 0.004343
v -67.783867 26.147739 7.309907
vn -0.797142 0.184904 -0.574783
v -71.511452 64.027489 -66.787689
vn 0.995972 -0.089478 0.005795
v 63.365849 7.836812 -60.800709
vn 0.000000 -1.000000 0.000000
v 23.627052 -0.027587 -68.991577
vn -0.000000 -1.000000 -0.000000
v -27.823414 -0.027550 -61.740974
vn -0.670477 -0.286859 0.684231
v -44.039303 176.257812 21.576984
vn -0.052826 0.726699 0.684921
v -14.423277 65.452370 26.048132
vn -0.000000 -1.000000 -0.000000
v 30.382019 -0.027587 -63.463131
vn -0.996186 -0.087143 0.004368
v -66.225464 8.492367 10.476239
vn 0.192021 0.589490 0.784621
v 6.716305 216.437958 44.593884
vn -0.506344 0.841597 0.187963
v -45.406906 110.920563 -34.153465
vn -0.661253 -0.750160 0.002044
v -33.268856 125.921700 -23.203533
vn 0.164207 -0.522288 -0.836810
v 6.430596 135.978653 -54.391369
vn -0.000000 -1.000000 -0.000000
v -21.579689 -0.027581 46.591049
vn 0.812678 0.465848 -0.350057
v 44.373940 209.753387 -25.691158
vn -0.310191 0.521235 -0.795045
v -19.416782 209.158722 -57.394894
vn 0.293990 0.808903 0.509161
v 43.511967 105.958549 -20.032051
vn -0.000001 -1.000000 -0.000000
v -16.403004 -0.027582 42.559341
vn -0.000001 -1.000000 -0.000000
v -12.795534 -0.027587 43.656059
vn -0.996033 -0.088630 0.007993
v -68.806801 33.211563 -59.915611
vn 0.741375 0.669425 -0.047261
v 39.309971 223.129181 -9.783934
vn -0.003605 0.647000 0.762482
v -12.275297 61.547504 29.683714
vn 0.472610 0.259767 0.842117
v -36.113613 5.369706 61.369938
vn 0.009833 0.087297 -0.996134
v -19.868565 25.185579 -83.164322
vn 0.993833 -0.093443 0.059701
v 64.824692 29.733736 34.905792
vn 0.798205 0.192301 0.570866
v 64.325218 30.012501 38.867119
vn 0.268555 0.875101 0.402587
v 9.224928 231.617279 24.958822
vn 0.000000 -1.000000 -0.000000
v 55.528439 -0.027587 -49.426048
vn 0.000000 -1.000000 -0.000000
v 58.949921 -0.027586 -48.384121
vn -0.239631 0.627414 0.740897
v -49.020485 76.520004 10.427616
vn 0.996193 -0.087063 0.004392
v 64.006660 18.019396 -12.453987
vn 0.087182 0.996038 -0.017527
v 4.284887 239.113556 -5.564699
vn -0.000000 -1.000000 -0.000000
v -52.560337 -0.027547 34.605808
vn 0.353707 0.798198 -0.487618
v 21.462475 223.503906 -40.469563
vn -0.967100 0.151118 -0.204650
v -57.864891 190.911819 -25.740156
vn -0.075350 0.931374 -0.356181
v -10.198022 233.307220 -29.656321
vn 0.000000 -1.000000 0.000000
v 3.454370 -0.027587 36.154015
vn 0.000000 -1.000000 -0.000000
v 2.557915 -0.027587 31.517265
vn -0.927734 0.333050 0.168485
v -54.312275 204.510025 -2.186824
vn 0.054789 0.316178 -0.947117
v 20.001936 70.491127 -73.880035
vn 0.246202 0.084193 -0.965555
v 39.350948 30.528860 -79.987144
vn -0.754054 -0.014639 -0.656650
v -41.461369 174.904663 -52.808926
vn -0.805019 0.423378 -0.415567
v -28.837847 115.774414 -26.750931
vn 0.000000 -1.000000 0.000000
v 32.148743 -0.027587 54.671616
vn 0.000000 -1.000000 0.000000
v 29.825556 -0.027587 52.920536
vn -0.985391 -0.157308 0.065254
v -58.082726 176.259552 -15.657000
vn 0.996195 -0.087047 0.004204
v 64.538872 24.563608 -3.438436
vn -0.700103 0.192874 -0.687500
v -43.199646 192.856094 -49.124302
vn -0.539998 0.345442 0.767510
v -11.317115 151.285797 46.973862
vn -0.782416 0.090624 -0.616128
v -50.716743 186.760284 -41.234764
vn -0.907372 0.155246 0.390608
v -50.433910 195.291275 16.255602
vn -0.721457 0.091743 -0.686355
v -43.309185 186.464767 -50.431782
vn -0.876671 0.452451 0.163511
v -51.971581 209.678772 -1.214234
vn -0.996164 -0.087391 0.004503
v -66.016022 4.318542 -23.776951
vn -0.160446 0.388542 -0.907355
v -10.886883 200.835800 -63.816925
vn -0.000002 -1.000000 0.000001
v -55.317997 -0.027530 -48.086170
vn -0.667125 0.713983 -0.212542
v -58.182915 100.535225 -40.955093
vn -0.375864 -0.435591 -0.817916
v -21.308731 144.030640 -55.982929
vn -0.237107 0.364104 -0.900671
v -18.264130 199.333466 -62.932205
vn 0.940184 0.111566 0.321880
v 31.068203 156.498871 26.954088
vn -0.323145 0.002985 -0.946345
v -62.908997 9.697346 -74.496704
vn -0.274177 -0.445690 -0.852167
v -16.848858 143.356979 -57.340462
vn -0.996185 -0.087162 0.004347
v -66.558640 12.833098 21.121561
vn 0.995912 -0.089992 0.007734
v 64.374138 19.352285 -56.091469
vn 0.000000 -1.000000 0.000000
v 15.701976 -0.027587 37.109169
vn 0.000000 -1.000000 0.000000
v 18.489077 -0.027587 36.532288
vn 0.000000 -1.000000 0.000000
v 7.429132 -0.027587 57.168610
vn 0.000000 -1.000000 0.000000
v 25.845608 -0.027587 3.522270
vn 0.000000 -1.000000 0.000000
v 20.435629 -0.027587 -4.359557
vn 0.000000 -1.000000 0.000000
v 30.113068 -0.027587 -5.553795
vn -0.000000 -1.000000 0.000000
v 3.887856 -0.027587 24.060856
vn -0.000000 -1.000000 -0.000000
v 3.917335 -0.027587 16.333445
vn 0.000000 -1.000000 0.000000
v 10.093758 -0.027587 13.951472
vn 0.000000 -1.000000 -0.000000
v 46.246803 -0.027587 -50.096844
vn 0.000000 -1.000000 0.000000
v 43.439804 -0.027587 -54.163475
vn 0.000000 -1.000000 -0.000000
v 53.311275 -0.027587 -57.218990
vn 0.000000 -1.000000 0.000000
v 11.659386 -0.027587 57.236588
vn -0.000001 -1.000000 0.000000
v -59.427704 -0.027546 3.320473
vn -0.000001 -1.000000 0.000001
v -45.033012 -0.027548 32.365089
vn -0.000003 -1.000000 0.000001
v -39.974754 -0.027554 36.071167
vn -0.000000 -1.000000 0.000000
v -43.174412 -0.027548 40.455383
vn -0.005652 0.304990 -0.952339
v 12.151484 69.291496 -74.448059
vn -0.009329 -0.999956 0.000391
v -59.926327 -0.027551 -30.852718
vn -0.000001 -1.000000 -0.000000
v -39.570709 -0.027559 -28.153091
vn -0.000002 -1.000000 -0.000000
v -41.567638 -0.027559 -25.882193
vn 0.000000 -1.000000 0.000000
v 10.770325 -0.027587 32.674404
vn 0.000000 -1.000000 0.000000
v 14.277452 -0.027587 33.769478
vn 0.000000 -1.000000 0.000000
v 6.600218 -0.027587 31.899212
vn 0.000000 -1.000000 0.000000
v 0.011865 -0.027587 45.806347
vn 0.000000 -1.000000 0.000000
v 26.631493 -0.027587 38.845562
vn 0.000000 -1.000000 0.000000
v 25.211176 -0.027587 38.194336
vn 0.996182 -0.087188 0.004374
v 62.916157 8.000093 36.536060
vn 0.000000 -1.000000 0.000000
v 7.146671 -0.027587 -34.351131
vn 0.000000 -1.000000 0.000000
v 10.716763 -0.027587 -34.498451
vn 0.000000 -1.000000 0.000000
v 46.455753 -0.027587 18.853479
vn 0.996979 -0.076794 0.011630
v 68.768974 72.828041 -5.345688
vn -0.000001 -1.000000 0.000000
v -48.831799 -0.027560 8.992250
vn -0.000002 -1.000000 0.000001
v -36.525749 -0.027569 34.631676
vn -0.000002 -1.000000 0.000001
v -47.677479 -0.027560 15.241982
vn -0.004896 -0.999977 -0.004647
v -60.081482 -0.027550 -19.247248
vn -0.012443 -0.999922 0.000621
v -59.739357 -0.027551 -26.983669
vn 0.000000 -1.000000 -0.000001
v -36.075146 -0.027571 21.899824
vn -0.000001 -1.000000 0.000000
v -36.757889 -0.027570 24.243843
vn -0.000002 -1.000000 -0.000000
v -14.866880 -0.027566 -33.594387
vn -0.000000 -1.000000 -0.000000
v -23.902126 -0.027551 -62.511497
vn 0.000000 -1.000000 0.000000
v 28.940823 -0.027587 37.785225
vn 0.000000 -1.000000 0.000000
v 59.072960 -0.027587 -6.429319
vn 0.000000 -1.000000 0.000000
v 36.146748 -0.027587 34.832626
vn 0.000000 -1.000000 0.000000
v 38.734642 -0.027587 33.391102
vn 0.996184 -0.087108 0.005363
v 63.242428 8.107740 -35.868172
vn -0.996225 -0.086381 0.008590
v -69.754272 44.066525 -58.652409
vn 0.996185 -0.087153 0.004349
v 67.081848 54.328735 10.761005
vn 0.206373 0.651663 0.729895
v 52.042542 61.073235 17.370676
vn -0.000000 -1.000000 -0.000000
v -7.536155 -0.027587 32.999363
vn -0.000000 -1.000000 -0.000000
v -3.622641 -0.027587 33.657185
vn 0.000008 -1.000000 0.000001
v 57.969421 -0.027587 45.587704
vn 0.000000 -1.000000 0.000000
v -0.754510 -0.027587 -32.739132
vn 0.000000 -1.000000 0.000000
v 2.971212 -0.027587 -32.523380
vn -0.000000 -1.000000 -0.000000
v -31.101631 -0.027549 -63.324959
vn -0.000000 -1.000000 -0.000000
v -33.633163 -0.027548 -65.348755
vn 0.000000 -1.000000 0.000000
v 37.932323 -0.027587 -38.507114
vn 0.000000 -1.000000 0.000000
v 32.957134 -0.027587 -36.215645
vn 0.000000 -1.000000 0.000000
v 30.961088 -0.027587 -44.574829
vn 0.000000 -1.000000 0.000000
v 13.397417 -0.027587 13.165620
vn -0.000000 -1.000000 -0.000000
v 25.566856 -0.027586 -61.923111
vn -0.996186 -0.087144 0.004374
v -66.187561 7.512596 -0.424621
vn -0.996186 -0.087141 0.004368
v -65.907379 5.083987 15.023308
vn -0.000001 -1.000000 -0.000002
v -47.550240 -0.027549 -61.907104
vn -0.000000 -1.000000 -0.000000
v -37.186272 -0.027560 -30.077831
vn 0.000000 -1.000000 -0.000000
v -33.908203 -0.027559 -31.716534
vn 0.000000 -1.000000 0.000000
v 33.425343 -0.027587 -12.958912
vn 0.000000 -1.000000 0.000000
v 34.175602 -0.027587 -16.178459
vn 0.000000 -1.000000 0.000000
v 49.095493 -0.027587 -69.865601
vn 0.000000 -1.000000 0.000000
v 49.584984 -0.027587 -33.729534
vn -0.996046 -0.088340 0.009389
v -68.463837 31.005472 -43.476482
vn 0.000000 -1.000000 0.000000
v 58.719269 -0.027587 4.675021
vn -0.000000 -1.000000 -0.000000
v -61.031242 -0.027546 17.798172
vn -0.000000 -1.000000 -0.000000
v -58.417831 -0.027546 22.974623
vn -0.000000 -1.000000 -0.000000
v -61.104790 -0.027546 7.615304
vn -0.000001 -1.000000 0.000000
v -58.530689 -0.027546 13.684078
vn -0.000000 -1.000000 0.000000
v -43.305126 -0.027548 47.814926
vn -0.996394 -0.084489 0.007803
v -70.654320 54.509865 -59.985165
vn 0.996189 -0.087115 0.004302
v 64.269058 21.743181 2.058526
vn -0.000001 -1.000000 0.000000
v -49.081921 -0.027559 4.517122
vn -0.996187 -0.087139 0.004364
v -67.397995 21.569069 3.945839
vn -0.000001 -1.000000 0.000000
v -6.948545 -0.027587 -31.224321
vn 0.000000 -1.000000 -0.000001
v -34.362053 -0.027561 17.955629
vn -0.000002 -1.000000 0.000000
v -32.821068 -0.027564 14.436828
vn 0.000000 -1.000000 -0.000001
v -58.598320 -0.027523 -45.858307
vn -0.000003 -1.000000 0.000000
v -53.678173 -0.027538 -53.752769
vn 0.102557 0.504484 -0.857309
v 26.704693 84.549782 -66.248955
vn 0.675853 -0.737029 0.003407
v 62.541981 -0.027586 -36.571114
vn -0.996362 -0.085045 0.005476
v -70.312401 55.151535 9.677430
vn 0.996188 -0.087120 0.004421
v 62.737438 3.863932 -5.355507
vn 0.996187 -0.087128 0.004395
v 63.271397 9.946992 -5.788743
vn 0.000000 -1.000000 0.000000
v 25.065809 -0.027587 23.230492
vn 0.000000 -1.000000 0.000000
v 40.636688 -0.027587 14.957784
vn 0.000000 -1.000000 0.000000
v 43.677719 -0.027587 14.215855
vn 0.000000 -1.000000 0.000000
v 36.062614 -0.027587 15.894078
vn 0.996185 -0.087153 0.004352
v 62.600945 3.742865 23.422213
vn -0.996189 -0.087125 0.004092
v -70.313881 54.828243 2.431758
vn -0.996189 -0.087123 0.004093
v -70.657616 58.591057 -1.133312
vn 0.000000 -1.000000 0.000000
v 53.914074 -0.027587 -23.804905
vn 0.000000 -1.000000 0.000000
v 32.262352 -0.027587 -22.231058
vn 0.000000 -1.000000 0.000000
v 47.715309 -0.027587 -37.686531
vn 0.000000 -1.000000 -0.000000
v 56.819736 -0.027587 -40.841789
vn 0.000000 -1.000000 -0.000000
v -27.304316 -0.027570 4.400800
vn -0.000000 -1.000000 -0.000000
v -24.684206 -0.027568 2.083811
vn 0.000002 -1.000000 -0.000001
v -48.935009 -0.027549 -13.711932
vn 0.000001 -1.000000 -0.000001
v -48.754265 -0.027543 -17.487276
vn 0.000001 -1.000000 -0.000001
v -48.375477 -0.027560 -6.174132
vn -0.004199 -0.999991 0.001207
v -60.263214 -0.027541 -37.763054
vn 0.000003 -1.000000 -0.000002
v -60.527451 -0.027535 -41.670280
vn -0.000001 -1.000000 -0.000000
v -31.266319 -0.027569 4.569075
vn -0.000001 -1.000000 -0.000000
v -32.020187 -0.027569 9.207045
vn 0.000000 -1.000000 0.000000
v 44.595993 -0.027587 -5.290485
vn 0.000000 -1.000000 0.000000
v 39.064548 -0.027587 -5.657733
vn 0.000000 -1.000000 0.000000
v 17.836420 -0.027587 13.861214
vn 0.000000 -1.000000 0.000000
v 25.202562 -0.027587 -27.984949
vn 0.000000 -1.000000 0.000000
v 19.752701 -0.027587 -13.263241
vn -0.000000 -1.000000 -0.000000
v 20.429808 -0.027588 -26.826550
vn 0.000000 -1.000000 0.000000
v 46.257423 -0.027587 14.601878
vn -0.996189 -0.087133 0.003866
v -66.941994 14.479192 -32.610641
vn -0.016399 -0.999866 0.000053
v -59.804996 -0.027551 -23.446194
vn -0.000001 -1.000000 0.000000
v -48.726662 -0.027560 2.282302
vn -0.000001 -1.000000 -0.000000
v -19.435122 -0.027562 -30.606621
vn 0.000000 -1.000000 0.000000
v 32.793995 -0.027587 34.512741
vn -0.000000 -1.000000 0.000000
v 15.321638 -0.027587 -27.887253
vn -0.000000 -1.000000 -0.000000
v 19.464197 -0.027587 -30.294634
vn -0.996186 -0.087141 0.004369
v -65.933723 4.890640 5.156294
vn 0.000000 -1.000000 0.000000
v 50.327583 -0.027587 27.535028
vn -0.000000 -1.000000 -0.000000
v -29.134926 -0.027571 6.921797
vn -0.000002 -1.000000 -0.000001
v -45.250351 -0.027550 -63.610645
vn -0.000001 -1.000000 -0.000000
v -15.590193 -0.027574 3.155513
vn 0.000000 -1.000000 0.000000
v 59.007202 -0.027587 0.572018
vn -0.000001 -1.000000 0.000000
v -58.471577 -0.027547 30.208300
vn -0.000000 -1.000000 -0.000000
v -51.809216 -0.027547 27.643145
vn -0.000000 -1.000000 -0.000000
v -48.036598 -0.027548 34.634182
vn -0.000000 -1.000000 0.000000
v -52.112507 -0.027547 40.229050
vn -0.000000 -1.000000 -0.000000
v -48.372177 -0.027548 41.600895
vn -0.000062 -1.000000 -0.000003
v -8.784823 -0.027587 59.543701
vn -0.000005 -1.000000 0.000006
v -8.474062 -0.027587 52.950043
vn 0.000006 -1.000000 0.000013
v -11.034194 -0.027587 53.223007
vn 0.000000 -1.000000 0.000000
v 40.407936 -0.027587 36.704166
vn 0.996186 -0.087152 0.004353
v 63.680099 15.244337 6.728371
vn -0.000001 -1.000000 0.000000
v -37.499306 -0.027569 25.974903
vn -0.000001 -1.000000 0.000000
v -36.192852 -0.027570 30.055609
vn -0.000002 -1.000000 0.000000
v -45.057167 -0.027546 -21.188578
vn -0.000002 -1.000000 0.000000
v -40.690933 -0.027560 -21.965139
vn -0.000002 -1.000000 0.000000
v -39.416294 -0.027558 -10.758305
vn -0.000001 -1.000000 -0.000000
v -47.680157 -0.027539 -23.083168
vn -0.996186 -0.087150 0.004216
v -68.781204 37.348461 3.362157
vn -0.996189 -0.087127 0.004120
v -69.135017 41.224575 -0.217324
vn -0.996185 -0.087161 0.004347
v -66.790459 15.696317 25.404591
vn -0.996185 -0.087152 0.004358
v -66.341362 10.144259 16.997505
vn -0.996184 -0.087166 0.004366
v -65.790039 4.241039 24.978519
vn 0.000000 -1.000000 0.000000
v -5.738637 -0.027587 56.954838
vn 0.000000 -1.000000 0.000000
v -2.800075 -0.027587 56.627823
vn 0.000000 -1.000000 0.000000
v 4.086087 -0.027587 55.284622
vn 0.000000 -1.000000 0.000000
v 2.547601 -0.027587 53.666855
vn 0.000000 -1.000000 0.000000
v 22.160538 -0.027587 36.865608
vn 0.000000 -1.000000 0.000000
v 23.224232 -0.027587 39.210308
vn -0.996189 -0.087131 0.004042
v -69.177963 41.379002 -7.383549
vn -0.996191 -0.087110 0.004024
v -68.486481 33.417629 -8.554202
vn 0.000000 -1.000000 -0.000000
v 52.601788 -0.027587 -14.593904
vn -0.000000 -1.000000 -0.000000
v 2.836885 -0.027587 12.683161
vn 0.000000 -1.000000 0.000000
v 45.663906 -0.027587 -45.382942
vn 0.000000 -1.000000 0.000000
v 40.275249 -0.027587 -56.224792
vn 0.000000 -1.000000 -0.000000
v -38.909527 -0.027550 -63.671921
vn 0.000000 -1.000000 -0.000000
v -38.416046 -0.027548 -67.186699
vn 0.000000 -1.000000 -0.000000
v -37.948833 -0.027544 -79.017586
vn -0.000002 -1.000000 0.000001
v -50.317577 -0.027550 18.564680
vn -0.000001 -1.000000 0.000000
v -51.691429 -0.027547 22.694889
vn -0.000274 -1.000000 0.000380
v -30.980806 -0.027552 54.542957
vn -0.000002 -1.000000 -0.000000
v -62.471581 -0.027517 -64.353111
vn 0.000001 -1.000000 -0.000001
v -63.227097 -0.027522 -54.110512
vn 0.000001 -1.000000 -0.000001
v -48.633476 -0.027554 -10.253671
vn -0.008108 -0.999966 0.001355
v -60.020512 -0.027546 -34.510403
vn -0.000001 -1.000000 -0.000000
v -50.611088 -0.027548 -60.043209
vn -0.000002 -1.000000 -0.000000
v -53.178066 -0.027544 -62.270966
vn 0.000000 -1.000000 0.000000
v -0.445531 -0.027587 52.832169
vn 0.000000 -1.000000 0.000000
v 17.842018 -0.027587 56.114624
vn 0.000000 -1.000000 0.000000
v 15.812260 -0.027587 -4.136199
vn 0.000000 -1.000000 -0.000000
v 46.471458 -0.027587 -71.118362
vn -0.000001 -1.000000 0.000000
v -6.501454 -0.027587 5.510345
vn 0.000000 -1.000000 0.000000
v 0.572656 -0.027587 0.553161
vn 0.000000 -1.000000 0.000000
v 11.049191 -0.027587 -67.387978
vn 0.000000 -1.000000 0.000000
v 15.728012 -0.027587 -66.984314
vn 0.000000 -1.000000 0.000000
v 20.249052 -0.027587 -68.706718
vn -0.996200 -0.087004 0.003954
v -69.096283 40.095486 -15.377448
vn -0.000022 -1.000000 -0.000012
v -60.489124 -0.027550 -10.928356
vn -0.000001 -1.000000 0.000000
v -59.808430 -0.027550 -2.435686
vn -0.000002 -1.000000 0.000001
v -22.503002 -0.027582 53.653328
vn -0.000001 -1.000000 0.000000
v -60.142422 -0.027550 -6.430021
vn -0.000058 -1.000000 -0.000013
v -60.307049 -0.027550 -15.854239
vn 0.000001 -1.000000 -0.000001
v -39.865517 -0.027559 7.497103
vn -0.000000 -1.000000 -0.000000
v -27.270847 -0.027573 37.060730
vn -0.000002 -1.000000 -0.000000
v -16.821125 -0.027556 -69.411118
vn 0.000000 -1.000000 0.000000
v 21.940609 -0.027587 54.991421
vn -0.996376 -0.084659 0.008299
v -70.679596 55.232433 -55.378319
vn 0.996185 -0.087156 0.004280
v 66.335464 45.519196 5.189689
vn -0.000000 -1.000000 0.000000
v 2.661725 -0.027587 4.872766
vn -0.000000 -1.000000 -0.000000
v 9.247389 -0.027587 -1.949055
vn 0.000000 -1.000000 0.000000
v 0.695535 -0.027587 -65.809799
vn 0.000000 -1.000000 0.000000
v 4.840280 -0.027587 -67.063202
vn 0.000000 -1.000000 0.000000
v 7.222939 -0.027587 -65.172310
vn -0.996284 -0.085849 0.006988
v -70.971664 60.148369 -39.988544
vn -0.000000 -1.000000 0.000000
v 37.394203 -0.027588 -65.881104
vn -0.000000 -1.000000 -0.000000
v 34.337025 -0.027587 -67.059082
vn 0.000000 -1.000000 -0.000000
v 12.648120 -0.027587 -3.236160
vn -0.996189 -0.087118 0.004230
v -67.937462 27.601326 1.209010
vn -0.675590 -0.737272 0.002963
v -65.542610 -0.027545 -3.757532
vn -0.675589 -0.737272 0.002962
v -65.489998 -0.027545 8.238514
vn 0.996432 -0.084030 0.007914
v 67.993416 60.055969 -62.688633
vn 0.996187 -0.087141 0.004228
v 66.897339 51.869957 3.741132
vn 0.996190 -0.087110 0.004189
v 64.849243 28.289850 0.221493
vn 0.000000 -1.000000 -0.000000
v -42.019363 -0.027551 -62.542225
vn -0.000003 -1.000000 -0.000000
v -9.796108 -0.027574 -66.750854
vn -0.000002 -1.000000 -0.000000
v -5.706798 -0.027587 -64.208481
vn 0.000000 -1.000000 0.000000
v 49.822052 -0.027587 18.255507
vn -0.000003 -1.000000 0.000000
v -53.148838 -0.027542 -58.337574
vn 0.675302 -0.737532 0.003673
v 62.608101 -0.027586 -50.194359
# 4994 vertices, 0 vertices normals

f 4283//4283 4325//4325 4685//4685
f 4937//4937 4686//4686 4687//4687
f 4286//4286 4287//4287 4288//4288
f 3878//3878 3852//3852 3853//3853
f 4690//4690 4691//4691 4692//4692
f 3828//3828 2000//2000 638//638
f 3339//3339 632//632 3053//3053
f 1088//1088 4378//4378 4483//4483
f 2082//2082 1172//1172 1525//1525
f 3401//3401 2017//2017 4477//4477
f 911//911 1410//1410 2755//2755
f 160//160 423//423 2435//2435
f 3420//3420 1767//1767 71//71
f 1941//1941 1425//1425 102//102
f 4295//4295 3863//3863 4297//4297
f 3862//3862 3902//3902 4071//4071
f 2980//2980 363//363 2969//2969
f 4298//4298 4299//4299 4300//4300
f 3260//3260 2779//2779 3524//3524
f 2019//2019 2322//2322 2432//2432
f 138//138 2320//2320 1023//1023
f 1707//1707 1524//1524 1545//1545
f 911//911 3401//3401 1410//1410
f 3104//3104 2254//2254 1908//1908
f 3072//3072 996//996 3383//3383
f 3797//3797 1672//1672 3170//3170
f 934//934 3817//3817 2844//2844
f 631//631 2621//2621 1851//1851
f 2631//2631 1830//1830 1186//1186
f 4099//4099 918//918 44//44
f 4201//4201 513//513 4136//4136
f 1813//1813 3058//3058 2574//2574
f 3730//3730 925//925 1513//1513
f 855//855 198//198 471//471
f 4730//4730 4726//4726 4696//4696
f 1138//1138 497//497 549//549
f 1130//1130 3048//3048 1544//1544
f 3846//3846 3845//3845 3891//3891
f 3892//3892 3893//3893 3894//3894
f 2157//2157 1575//1575 3530//3530
f 1302//1302 1628//1628 3003//3003
f 3445//3445 1589//1589 4305//4305
f 2345//2345 1407//1407 3770//3770
f 4697//4697 3896//3896 4698//4698
f 1841//1841 655//655 2012//2012
f 124//124 3136//3136 2514//2514
f 1876//1876 2445//2445 96//96
f 3046//3046 2389//2389 1271//1271
f 3570//3570 3922//3922 1070//1070
f 2779//2779 3827//3827 4239//4239
f 3383//3383 318//318 3308//3308
f 2631//2631 2415//2415 2726//2726
f 2963//2963 3734//3734 2592//2592
f 1917//1917 618//618 1474//1474
f 4808//4808 4554//4554 3900//3900
f 806//806 4203//4203 204//204
f 3723//3723 2444//2444 3049//3049
f 2736//2736 575//575 610//610
f 3679//3679 2398//2398 2091//2091
f 2239//2239 1063//1063 1361//1361
f 3227//3227 3685//3685 1620//1620
f 3135//3135 2763//2763 1302//1302
f 788//788 787//787 3001//3001
f 1515//1515 2405//2405 3675//3675
f 4021//4021 652//652 3718//3718
f 2832//2832 1372//1372 1622//1622
f 3172//3172 1422//1422 3222//3222
f 3547//3547 1095//1095 608//608
f 3173//3173 2458//2458 2518//2518
f 1687//1687 855//855 471//471
f 3168//3168 4299//4299 4310//4310
f 401//401 4382//4382 1989//1989
f 3027//3027 3777//3777 795//795
f 1287//1287 679//679 3520//3520
f 2280//2280 2933//2933 2669//2669
f 582//582 1440//1440 2717//2717
f 487//487 4266//4266 2044//2044
f 3285//3285 240//240 32//32
f 2816//2816 1154//1154 2052//2052
f 191//191 2067//2067 242//242
f 1187//1187 2794//2794 4305//4305
f 153//153 2906//2906 3132//3132
f 3602//3602 643//643 1538//1538
f 2527//2527 23//23 231//231
f 2973//2973 1402//1402 2532//2532
f 286//286 3195//3195 3494//3494
f 871//871 4369//4369 35//35
f 1805//1805 19//19 733//733
f 3744//3744 121//121 3347//3347
f 1212//1212 2077//2077 387//387
f 2943//2943 3542//3542 3038//3038
f 335//335 2664//2664 665//665
f 1525//1525 2013//2013 1573//1573
f 791//791 4479//4479 3910//3910
f 634//634 1397//1397 77//77
f 1441//1441 122//122 3336//3336
f 122//122 2036//2036 3652//3652
f 1907//1907 4311//4311 1593//1593
f 2079//2079 43//43 3506//3506
f 3751//3751 157//157 3092//3092
f 3066//3066 886//886 3843//3843
f 4185//4185 1958//1958 1263//1263
f 37//37 452//452 648//648
f 3248//3248 1915//1915 1921//1921
f 2979//2979 3704//3704 3708//3708
f 2297//2297 1939//1939 2476//2476
f 732//732 729//729 2123//2123
f 1769//1769 4219//4219 4060//4060
f 595//595 2245//2245 378//378
f 1956//1956 2132//2132 143//143
f 771//771 88//88 622//622
f 678//678 2387//2387 636//636
f 2639//2639 1533//1533 2818//2818
f 1374//1374 1246//1246 1313//1313
f 1214//1214 2653//2653 2761//2761
f 821//821 4491//4491 2673//2673
f 2416//2416 26//26 3329//3329
f 2327//2327 2515//2515 2725//2725
f 4043//4043 529//529 2163//2163
f 2911//2911 597//597 11//11
f 2648//2648 316//316 2727//2727
f 3417//3417 4146//4146 4365//4365
f 1189//1189 146//146 3673//3673
f 3638//3638 2897//2897 2782//2782
f 3150//3150 924//924 1684//1684
f 3311//3311 695//695 3616//3616
f 240//240 3547//3547 608//608
f 715//715 1189//1189 2095//2095
f 3273//3273 3644//3644 1034//1034
f 147//147 2452//2452 1346//1346
f 1314//1314 665//665 853//853
f 3680//3680 3305//3305 2486//2486
f 3879//3879 59//59 2330//2330
f 46//46 1253//1253 2734//2734
f 2498//2498 3387//3387 1521//1521
f 3134//3134 1607//1607 1737//1737
f 2051//2051 2298//2298 2776//2776
f 464//464 381//381 485//485
f 563//563 3525//3525 2760//2760
f 2734//2734 1738//1738 375//375
f 2651//2651 834//834 1039//1039
f 4481//4481 4699//4699 4314//4314
f 636//636 2387//2387 843//843
f 2992//2992 3056//3056 1317//1317
f 1022//1022 171//171 1355//1355
f 4296//4296 4315//4315 4297//4297
f 3611//3611 2056//2056 794//794
f 2966//2966 2191//2191 3401//3401
f 1026//1026 2097//2097 1717//1717
f 2048//2048 379//379 1722//1722
f 3639//3639 582//582 1710//1710
f 1990//1990 1136//1136 595//595
f 3389//3389 2548//2548 3675//3675
f 246//246 1982//1982 2243//2243
f 2198//2198 2182//2182 3354//3354
f 351//351 2464//2464 814//814
f 3387//3387 236//236 1521//1521
f 795//795 3777//3777 3151//3151
f 2223//2223 1130//1130 1544//1544
f 2867//2867 3323//3323 1842//1842
f 1684//1684 3804//3804 3191//3191
f 53//53 2154//2154 1218//1218
f 53//53 1218//1218 195//195
f 1684//1684 3191//3191 3150//3150
f 3224//3224 2247//2247 807//807
f 3341//3341 3249//3249 2459//2459
f 2634//2634 2395//2395 3283//3283
f 2820//2820 146//146 1307//1307
f 642//642 3273//3273 2360//2360
f 1148//1148 2124//2124 596//596
f 217//217 28//28 779//779
f 4015//4015 3761//3761 559//559
f 993//993 211//211 547//547
f 553//553 2597//2597 1753//1753
f 2991//2991 3355//3355 2659//2659
f 3105//3105 3389//3389 3022//3022
f 613//613 1150//1150 727//727
f 981//981 3689//3689 3599//3599
f 1222//1222 263//263 989//989
f 1768//1768 200//200 2595//2595
f 2207//2207 3849//3849 2496//2496
f 118//118 2075//2075 1343//1343
f 2284//2284 4307//4307 4318//4318
f 3619//3619 1152//1152 2917//2917
f 43//43 3002//3002 3506//3506
f 3144//3144 3534//3534 4319//4319
f 2056//2056 2035//2035 3668//3668
f 1410//1410 3401//3401 2191//2191
f 1194//1194 2517//2517 1897//1897
f 3602//3602 1700//1700 643//643
f 1928//1928 1600//1600 2301//2301
f 149//149 1984//1984 3130//3130
f 181//181 3544//3544 3612//3612
f 2671//2671 1487//1487 1153//1153
f 3804//3804 2250//2250 3191//3191
f 1305//1305 855//855 431//431
f 430//430 1305//1305 431//431
f 2527//2527 231//231 3225//3225
f 49//49 1826//1826 3568//3568
f 2755//2755 925//925 3730//3730
f 2216//2216 4744//4744 2762//2762
f 3679//3679 2091//2091 3403//3403
f 613//613 727//727 2101//2101
f 1805//1805 733//733 514//514
f 2814//2814 3312//3312 3289//3289
f 507//507 3025//3025 2035//2035
f 388//388 1640//1640 3736//3736
f 414//414 481//481 2857//2857
f 3701//3701 2981//2981 589//589
f 1419//1419 3128//3128 151//151
f 693//693 945//945 1757//1757
f 2780//2780 2145//2145 2278//2278
f 2035//2035 3025//3025 2034//2034
f 1388//1388 69//69 2614//2614
f 2481//2481 72//72 90//90
f 2593//2593 921//921 2453//2453
f 42//42 1707//1707 1545//1545
f 2169//2169 3227//3227 1620//1620
f 2124//2124 3071//3071 596//596
f 210//210 596//596 3071//3071
f 2420//2420 3612//3612 1643//1643
f 502//502 2467//2467 2095//2095
f 3719//3719 1737//1737 2946//2946
f 388//388 3736//3736 3251//3251
f 2237//2237 2265//2265 1640//1640
f 3222//3222 1248//1248 3172//3172
f 1384//1384 1179//1179 1010//1010
f 3387//3387 2755//2755 257//257
f 657//657 954//954 3486//3486
f 1249//1249 1611//1611 597//597
f 3993//3993 3037//3037 2253//2253
f 2283//2283 88//88 771//771
f 2999//2999 380//380 544//544
f 545//545 609//609 3391//3391
f 163//163 2800//2800 1426//1426
f 2397//2397 2469//2469 914//914
f 2283//2283 464//464 88//88
f 2712//2712 2113//2113 3342//3342
f 27//27 3412//3412 3308//3308
f 1471//1471 2117//2117 3617//3617
f 2555//2555 3331//3331 1970//1970
f 3252//3252 1188//1188 894//894
f 195//195 173//173 3217//3217
f 1218//1218 173//173 195//195
f 536//536 2299//2299 4381//4381
f 3357//3357 2808//2808 1961//1961
f 375//375 1738//1738 3568//3568
f 3120//3120 2240//2240 2270//2270
f 1993//1993 3044//3044 2781//2781
f 1923//1923 2835//2835 1993//1993
f 3622//3622 425//425 1105//1105
f 1834//1834 699//699 483//483
f 2856//2856 2854//2854 3241//3241
f 1814//1814 4369//4369 871//871
f 1413//1413 1377//1377 674//674
f 2849//2849 78//78 1441//1441
f 3276//3276 853//853 665//665
f 3391//3391 83//83 1002//1002
f 762//762 3462//3462 1744//1744
f 649//649 1027//1027 1699//1699
f 165//165 3379//3379 1382//1382
f 3305//3305 3738//3738 3000//3000
f 1084//1084 1123//1123 3551//3551
f 2016//2016 356//356 2379//2379
f 3433//3433 3347//3347 3637//3637
f 1332//1332 3322//3322 2663//2663
f 2666//2666 2610//2610 3646//3646
f 3800//3800 2544//2544 1240//1240
f 464//464 485//485 189//189
f 1720//1720 202//202 1565//1565
f 1082//1082 1720//1720 1565//1565
f 358//358 2107//2107 490//490
f 908//908 1241//1241 1062//1062
f 1787//1787 4428//4428 594//594
f 385//385 2528//2528 3128//3128
f 1860//1860 437//437 1112//1112
f 1249//1249 597//597 205//205
f 2362//2362 1249//1249 205//205
f 597//597 1611//1611 11//11
f 1284//1284 1586//1586 1481//1481
f 2391//2391 1284//1284 942//942
f 2581//2581 3197//3197 1006//1006
f 587//587 188//188 3928//3928
f 1627//1627 877//877 3583//3583
f 1608//1608 4765//4765 1553//1553
f 2000//2000 3828//3828 2269//2269
f 3658//3658 3300//3300 3032//3032
f 1952//1952 579//579 955//955
f 158//158 494//494 971//971
f 1725//1725 1321//1321 683//683
f 2113//2113 3423//3423 3198//3198
f 932//932 158//158 971//971
f 3585//3585 2485//2485 2410//2410
f 1327//1327 2485//2485 3585//3585
f 3739//3739 3478//3478 2747//2747
f 170//170 3390//3390 3655//3655
f 3714//3714 2488//2488 2594//2594
f 1951//1951 1631//1631 3219//3219
f 2312//2312 3146//3146 2288//2288
f 2642//2642 2336//2336 2651//2651
f 2852//2852 2016//2016 2379//2379
f 4322//4322 4303//4303 4323//4323
f 1452//1452 1870//1870 1906//1906
f 3718//3718 553//553 1753//1753
f 1030//1030 2982//2982 2209//2209
f 358//358 490//490 487//487
f 3299//3299 1380//1380 4187//4187
f 2403//2403 2651//2651 1039//1039
f 2851//2851 1646//1646 1529//1529
f 3400//3400 838//838 3480//3480
f 3754//3754 1767//1767 3420//3420
f 2483//2483 2162//2162 3368//3368
f 2611//2611 3798//3798 1772//1772
f 2011//2011 2813//2813 647//647
f 688//688 3384//3384 1917//1917
f 1965//1965 3944//3944 462//462
f 719//719 2037//2037 3599//3599
f 2611//2611 2255//2255 3798//3798
f 4700//4700 4868//4868 4701//4701
f 37//37 220//220 452//452
f 430//430 431//431 417//417
f 3421//3421 3754//3754 3420//3420
f 3845//3845 4871//4871 4702//4702
f 2823//2823 2156//2156 4114//4114
f 1427//1427 1883//1883 3839//3839
f 2270//2270 313//313 2817//2817
f 3318//3318 3804//3804 1684//1684
f 201//201 1634//1634 2515//2515
f 560//560 1452//1452 1038//1038
f 3301//3301 1263//1263 1281//1281
f 3220//3220 119//119 3590//3590
f 2537//2537 3346//3346 1378//1378
f 3511//3511 1793//1793 2005//2005
f 3813//3813 2994//2994 1716//1716
f 2755//2755 1410//1410 925//925
f 1448//1448 797//797 826//826
f 406//406 2403//2403 2914//2914
f 1294//1294 2873//2873 3201//3201
f 26//26 373//373 670//670
f 909//909 307//307 2428//2428
f 1426//1426 2800//2800 2072//2072
f 4259//4259 3935//3935 2010//2010
f 1100//1100 3901//3901 1875//1875
f 284//284 4147//4147 2998//2998
f 122//122 3652//3652 3580//3580
f 1253//1253 2664//2664 3306//3306
f 46//46 2664//2664 1253//1253
f 354//354 1717//1717 3090//3090
f 175//175 1990//1990 664//664
f 2827//2827 3643//3643 150//150
f 1360//1360 1700//1700 500//500
f 2960//2960 19//19 3534//3534
f 1991//1991 1243//1243 1056//1056
f 2518//2518 1381//1381 1836//1836
f 1746//1746 1361//1361 1063//1063
f 3324//3324 3698//3698 2367//2367
f 1214//1214 387//387 2653//2653
f 4326//4326 4327//4327 4328//4328
f 2963//2963 2489//2489 3734//3734
f 3619//3619 2917//2917 186//186
f 2366//2366 2348//2348 3404//3404
f 533//533 1844//1844 4417//4417
f 3848//3848 4329//4329 4330//4330
f 2269//2269 2901//2901 41//41
f 3072//3072 3785//3785 2217//2217
f 3461//3461 2990//2990 2999//2999
f 4432//4432 1110//1110 3696//3696
f 1110//1110 3791//3791 3696//3696
f 189//189 485//485 609//609
f 3756//3756 1318//1318 3165//3165
f 3371//3371 2378//2378 3483//3483
f 713//713 688//688 144//144
f 1794//1794 351//351 814//814
f 1461//1461 3302//3302 1009//1009
f 1227//1227 2158//2158 191//191
f 1181//1181 3910//3910 1113//1113
f 3058//3058 1777//1777 616//616
f 1860//1860 1184//1184 3084//3084
f 3166//3166 2479//2479 2510//2510
f 2704//2704 77//77 3431//3431
f 3078//3078 262//262 1503//1503
f 3168//3168 1359//1359 2963//2963
f 1075//1075 1943//1943 133//133
f 1514//1514 2617//2617 1020//1020
f 3159//3159 237//237 2620//2620
f 1286//1286 3530//3530 3046//3046
f 1952//1952 364//364 579//579
f 364//364 452//452 579//579
f 1231//1231 2789//2789 3381//3381
f 2535//2535 1004//1004 868//868
f 1889//1889 3720//3720 602//602
f 3339//3339 784//784 2941//2941
f 1239//1239 47//47 3563//3563
f 2785//2785 548//548 2674//2674
f 3043//3043 3586//3586 1768//1768
f 3289//3289 1540//1540 3223//3223
f 3550//3550 1199//1199 1432//1432
f 2084//2084 759//759 3462//3462
f 2025//2025 890//890 1924//1924
f 2394//2394 1526//1526 194//194
f 619//619 3262//3262 3402//3402
f 2451//2451 4321//4321 2562//2562
f 2052//2052 3506//3506 2966//2966
f 1200//1200 1193//1193 1525//1525
f 2862//2862 3082//3082 1599//1599
f 738//738 1952//1952 764//764
f 2435//2435 993//993 1801//1801
f 483//483 1346//1346 2452//2452
f 141//141 4488//4488 1770//1770
f 3833//3833 416//416 2263//2263
f 335//335 3306//3306 2664//2664
f 527//527 769//769 448//448
f 1794//1794 814//814 381//381
f 1870//1870 988//988 3170//3170
f 918//918 139//139 1207//1207
f 354//354 8//8 2466//2466
f 2818//2818 2273//2273 1885//1885
f 1708//1708 3001//3001 2065//2065
f 1487//1487 3003//3003 2312//2312
f 2960//2960 3232//3232 19//19
f 3084//3084 1683//1683 1136//1136
f 331//331 2464//2464 351//351
f 1995//1995 3614//3614 2236//2236
f 2236//2236 3614//3614 1003//1003
f 178//178 1230//1230 1672//1672
f 1533//1533 2285//2285 1610//1610
f 3040//3040 4244//4244 62//62
f 146//146 776//776 3673//3673
f 1533//1533 2273//2273 2818//2818
f 752//752 733//733 165//165
f 2554//2554 2449//2449 2297//2297
f 2200//2200 2008//2008 4115//4115
f 1300//1300 2978//2978 3367//3367
f 1142//1142 2939//2939 130//130
f 1953//1953 2949//2949 536//536
f 3516//3516 1596//1596 2824//2824
f 1879//1879 78//78 2849//2849
f 133//133 656//656 3801//3801
f 1129//1129 2664//2664 46//46
f 250//250 3588//3588 3114//3114
f 2921//2921 1340//1340 3075//3075
f 3099//3099 2240//2240 269//269
f 2225//2225 3600//3600 3217//3217
f 2254//2254 3762//3762 2179//2179
f 1871//1871 2009//2009 3397//3397
f 2639//2639 2573//2573 473//473
f 3670//3670 2299//2299 2949//2949
f 3350//3350 3003//3003 1487//1487
f 4711//4711 1312//1312 2596//2596
f 776//776 3815//3815 2698//2698
f 1644//1644 1576//1576 580//580
f 9//9 1321//1321 2031//2031
f 2674//2674 3143//3143 2713//2713
f 2193//2193 2674//2674 2713//2713
f 1229//1229 1430//1430 1365//1365
f 3472//3472 1412//1412 428//428
f 3833//3833 3235//3235 3212//3212
f 612//612 3797//3797 1523//1523
f 3598//3598 3333//3333 3644//3644
f 3775//3775 711//711 424//424
f 1830//1830 2118//2118 584//584
f 1810//1810 3495//3495 307//307
f 3602//3602 1796//1796 1700//1700
f 913//913 3182//3182 3487//3487
f 1530//1530 3602//3602 1067//1067
f 845//845 2708//2708 3261//3261
f 1446//1446 2860//2860 1699//1699
f 3372//3372 1022//1022 790//790
f 3584//3584 2710//2710 3733//3733
f 3631//3631 1022//1022 1117//1117
f 417//417 855//855 828//828
f 3569//3569 1811//1811 1846//1846
f 2036//2036 2825//2825 3652//3652
f 313//313 1803//1803 1809//1809
f 169//169 1716//1716 1044//1044
f 1171//1171 3901//3901 3630//3630
f 2587//2587 3572//3572 3195//3195
f 4761//4761 3572//3572 2587//2587
f 445//445 2059//2059 2146//2146
f 2637//2637 1441//1441 1511//1511
f 4073//4073 156//156 3911//3911
f 2774//2774 2771//2771 2264//2264
f 3322//3322 2494//2494 3228//3228
f 2101//2101 3647//3647 3489//3489
f 442//442 1474//1474 2383//2383
f 4397//4397 4334//4334 4835//4835
f 1043//1043 1977//1977 1840//1840
f 1170//1170 348//348 558//558
f 1089//1089 2950//2950 3730//3730
f 3426//3426 1931//1931 2241//2241
f 916//916 1328//1328 3694//3694
f 3744//3744 168//168 121//121
f 287//287 997//997 3710//3710
f 820//820 3947//3947 3860//3860
f 1925//1925 2217//2217 2788//2788
f 2540//2540 2728//2728 2945//2945
f 462//462 777//777 123//123
f 3503//3503 1374//1374 1313//1313
f 127//127 1274//1274 2582//2582
f 1975//1975 295//295 2194//2194
f 3375//3375 1545//1545 2068//2068
f 3657//3657 1690//1690 1528//1528
f 27//27 2643//2643 832//832
f 2154//2154 1699//1699 3250//3250
f 1779//1779 2564//2564 1618//1618
f 2584//2584 199//199 3824//3824
f 1115//1115 745//745 277//277
f 1750//1750 3573//3573 3101//3101
f 260//260 1386//1386 2526//2526
f 260//260 2153//2153 1256//1256
f 3832//3832 2315//2315 2272//2272
f 1110//1110 2252//2252 3791//3791
f 1298//1298 3617//3617 2315//2315
f 526//526 1445//1445 3259//3259
f 1445//1445 1460//1460 3259//3259
f 2371//2371 2832//2832 1702//1702
f 4229//4229 3967//3967 117//117
f 942//942 1284//1284 3760//3760
f 4053//4053 2121//2121 3061//3061
f 661//661 2871//2871 3951//3951
f 2803//2803 181//181 1741//1741
f 2069//2069 796//796 60//60
f 1712//1712 2563//2563 1567//1567
f 1059//1059 13//13 3460//3460
f 2727//2727 1517//1517 2296//2296
f 1597//1597 181//181 2803//2803
f 1842//1842 1760//1760 1358//1358
f 3338//3338 2238//2238 222//222
f 3435//3435 2476//2476 3757//3757
f 924//924 389//389 797//797
f 3954//3954 3955//3955 3956//3956
f 2300//2300 32//32 2139//2139
f 845//845 1221//1221 2708//2708
f 1970//1970 3238//3238 515//515
f 3504//3504 2619//2619 3166//3166
f 3116//3116 3957//3957 3266//3266
f 2892//2892 31//31 3474//3474
f 1575//1575 1399//1399 2164//2164
f 250//250 3589//3589 3588//3588
f 2971//2971 3257//3257 2235//2235
f 2922//2922 2628//2628 2108//2108
f 2852//2852 505//505 994//994
f 1275//1275 1933//1933 91//91
f 2730//2730 2645//2645 1447//1447
f 3796//3796 3421//3421 1919//1919
f 3195//3195 3572//3572 2147//2147
f 838//838 3400//3400 1882//1882
f 189//189 609//609 88//88
f 464//464 189//189 88//88
f 759//759 607//607 3462//3462
f 3401//3401 449//449 2017//2017
f 3109//3109 2363//2363 2335//2335
f 800//800 1906//1906 2368//2368
f 3441//3441 1315//1315 1559//1559
f 191//191 242//242 1227//1227
f 2675//2675 1238//1238 310//310
f 768//768 2301//2301 3960//3960
f 1116//1116 1656//1656 1478//1478
f 839//839 2769//2769 3294//3294
f 2696//2696 3165//3165 3190//3190
f 1741//1741 2420//2420 948//948
f 948//948 2873//2873 1294//1294
f 3301//3301 4185//4185 1263//1263
f 836//836 3142//3142 1213//1213
f 1534//1534 1260//1260 300//300
f 2266//2266 3348//3348 3129//3129
f 2970//2970 2104//2104 4218//4218
f 2256//2256 1226//1226 2267//2267
f 2688//2688 112//112 439//439
f 4637//4637 3961//3961 3962//3962
f 28//28 3374//3374 3335//3335
f 129//129 163//163 1881//1881
f 2420//2420 1643//1643 2873//2873
f 2666//2666 3477//3477 3672//3672
f 3434//3434 1621//1621 1716//1716
f 938//938 868//868 575//575
f 4130//4130 4794//4794 1593//1593
f 2552//2552 1216//1216 51//51
f 852//852 1103//1103 392//392
f 3228//3228 1418//1418 564//564
f 1540//1540 3994//3994 3964//3964
f 967//967 3094//3094 3561//3561
f 3514//3514 2948//2948 1636//1636
f 1694//1694 3623//3623 3078//3078
f 593//593 1125//1125 1186//1186
f 1000//1000 287//287 3710//3710
f 740//740 3268//3268 1000//1000
f 3268//3268 287//287 1000//1000
f 3688//3688 638//638 676//676
f 297//297 3871//3871 3270//3270
f 570//570 3966//3966 3270//3270
f 1876//1876 2564//2564 2445//2445
f 1190//1190 477//477 202//202
f 2777//2777 1490//1490 681//681
f 886//886 3277//3277 3843//3843
f 1133//1133 2227//2227 2513//2513
f 402//402 2585//2585 3513//3513
f 3319//3319 4177//4177 284//284
f 205//205 92//92 132//132
f 92//92 2911//2911 132//132
f 3473//3473 2847//2847 1929//1929
f 3473//3473 1929//1929 194//194
f 2760//2760 3525//3525 1010//1010
f 4338//4338 4339//4339 4340//4340
f 2504//2504 2798//2798 3608//3608
f 2454//2454 3340//3340 1208//1208
f 2241//2241 3425//3425 1677//1677
f 1009//1009 1876//1876 96//96
f 2274//2274 376//376 125//125
f 3017//3017 3248//3248 1921//1921
f 4341//4341 4342//4342 3360//3360
f 345//345 2275//2275 3069//3069
f 1212//1212 3474//3474 2077//2077
f 800//800 1315//1315 1906//1906
f 865//865 3095//3095 4316//4316
f 506//506 850//850 740//740
f 900//900 506//506 740//740
f 984//984 782//782 1195//1195
f 2008//2008 2605//2605 2226//2226
f 1801//1801 2405//2405 1515//1515
f 664//664 3242//3242 3002//3002
f 2254//2254 2179//2179 3453//3453
f 1831//1831 3100//3100 2287//2287
f 1399//1399 3089//3089 3469//3469
f 3157//3157 3127//3127 2111//2111
f 3530//3530 2389//2389 3046//3046
f 2681//2681 1142//1142 1430//1430
f 1485//1485 176//176 3364//3364
f 66//66 4753//4753 1223//1223
f 2886//2886 2266//2266 2661//2661
f 771//771 622//622 220//220
f 771//771 220//220 37//37
f 1538//1538 500//500 1727//1727
f 500//500 1700//1700 1727//1727
f 1618//1618 1009//1009 3302//3302
f 1186//1186 1125//1125 2631//2631
f 3566//3566 318//318 996//996
f 993//993 2634//2634 211//211
f 434//434 115//115 2316//2316
f 341//341 4591//4591 3979//3979
f 4344//4344 4345//4345 4346//4346
f 1115//1115 275//275 537//537
f 2920//2920 3261//3261 3831//3831
f 3650//3650 2776//2776 3008//3008
f 2776//2776 427//427 3008//3008
f 1772//1772 3798//3798 1309//1309
f 3126//3126 2955//2955 2632//2632
f 3477//3477 1427//1427 3610//3610
f 2358//2358 2806//2806 1751//1751
f 4072//4072 4755//4755 57//57
f 2092//2092 4072//4072 57//57
f 3395//3395 1165//1165 229//229
f 1165//1165 3028//3028 229//229
f 892//892 3922//3922 3983//3983
f 2266//2266 3129//3129 232//232
f 3214//3214 3114//3114 2958//2958
f 1787//1787 1690//1690 3657//3657
f 884//884 1012//1012 4055//4055
f 3461//3461 5//5 2990//2990
f 277//277 1493//1493 3759//3759
f 4146//4146 2424//2424 2670//2670
f 1865//1865 2213//2213 3744//3744
f 3081//3081 3599//3599 3277//3277
f 2230//2230 107//107 731//731
f 3125//3125 426//426 2155//2155
f 1015//1015 1174//1174 1755//1755
f 1344//1344 2282//2282 4488//4488
f 1739//1739 3349//3349 1338//1338
f 1739//1739 2138//2138 3349//3349
f 3231//3231 2606//2606 2247//2247
f 2365//2365 2023//2023 2024//2024
f 2799//2799 421//421 78//78
f 1898//1898 2838//2838 2393//2393
f 936//936 1425//1425 1941//1941
f 1331//1331 2151//2151 1311//1311
f 2891//2891 2984//2984 2470//2470
f 1224//1224 2911//2911 1238//1238
f 2208//2208 2086//2086 2674//2674
f 994//994 2890//2890 356//356
f 2272//2272 598//598 3700//3700
f 555//555 1068//1068 2812//2812
f 2812//2812 261//261 555//555
f 1072//1072 1796//1796 3602//3602
f 3342//3342 2113//2113 3198//3198
f 2536//2536 1167//1167 1585//1585
f 2696//2696 3756//3756 3165//3165
f 2867//2867 1842//1842 245//245
f 1146//1146 4733//4733 617//617
f 5//5 323//323 1774//1774
f 3179//3179 2033//2033 2503//2503
f 1801//1801 547//547 2405//2405
f 3048//3048 3677//3677 1544//1544
f 3200//3200 1221//1221 3176//3176
f 3768//3768 1574//1574 3053//3053
f 1805//1805 2844//2844 3817//3817
f 3141//3141 365//365 1451//1451
f 976//976 978//978 1652//1652
f 552//552 1210//1210 3006//3006
f 408//408 260//260 2526//2526
f 471//471 3421//3421 1244//1244
f 1305//1305 2998//2998 2311//2311
f 2043//2043 2405//2405 547//547
f 1735//1735 3600//3600 1446//1446
f 759//759 3263//3263 3536//3536
f 1369//1369 1777//1777 2644//2644
f 1448//1448 3320//3320 3351//3351
f 2650//2650 1206//1206 2223//2223
f 1151//1151 1768//1768 692//692
f 784//784 2472//2472 859//859
f 1286//1286 3046//3046 1864//1864
f 156//156 2530//2530 626//626
f 1254//1254 1056//1056 906//906
f 168//168 30//30 4735//4735
f 1913//1913 4707//4707 296//296
f 3729//3729 303//303 2286//2286
f 425//425 1449//1449 1105//1105
f 895//895 932//932 1881//1881
f 405//405 556//556 2681//2681
f 2378//2378 3371//3371 1//1
f 1771//1771 3603//3603 3987//3987
f 1285//1285 1359//1359 4310//4310
f 2432//2432 2322//2322 586//586
f 3751//3751 3092//3092 3028//3028
f 2995//2995 3206//3206 3016//3016
f 2866//2866 328//328 1331//1331
f 3155//3155 3448//3448 3660//3660
f 1242//1242 2008//2008 2200//2200
f 531//531 2444//2444 3723//3723
f 2265//2265 90//90 3736//3736
f 1789//1789 1914//1914 3604//3604
f 3680//3680 3634//3634 896//896
f 1684//1684 924//924 797//797
f 2100//2100 1450//1450 4383//4383
f 1215//1215 406//406 2387//2387
f 406//406 2914//2914 2387//2387
f 384//384 2838//2838 420//420
f 556//556 3585//3585 1492//1492
f 745//745 275//275 1348//1348
f 275//275 71//71 1348//1348
f 3758//3758 1259//1259 1963//1963
f 4592//4592 1339//1339 3924//3924
f 3384//3384 3096//3096 3676//3676
f 3637//3637 3347//3347 1637//1637
f 3058//3058 1915//1915 2574//2574
f 3649//3649 2941//2941 3569//3569
f 406//406 2651//2651 2403//2403
f 3027//3027 4115//4115 4070//4070
f 3542//3542 782//782 984//984
f 3038//3038 3542//3542 984//984
f 3793//3793 1227//1227 2637//2637
f 754//754 2472//2472 1295//1295
f 2870//2870 1426//1426 1583//1583
f 3400//3400 2977//2977 1882//1882
f 746//746 1766//1766 3842//3842
f 3573//3573 1580//1580 3101//3101
f 2741//2741 1114//1114 1912//1912
f 1854//1854 3161//3161 2106//2106
f 2197//2197 2153//2153 260//260
f 2084//2084 3812//3812 1170//1170
f 3812//3812 348//348 1170//1170
f 3129//3129 3826//3826 1201//1201
f 1187//1187 4305//4305 2457//2457
f 2034//2034 1078//1078 3668//3668
f 735//735 1134//1134 2730//2730
f 2569//2569 2414//2414 2807//2807
f 3867//3867 2569//2569 2807//2807
f 3546//3546 3134//3134 1737//1737
f 2869//2869 4//4 2309//2309
f 3104//3104 1908//1908 3409//3409
f 803//803 2141//2141 2392//2392
f 1885//1885 2273//2273 1916//1916
f 3364//3364 176//176 2524//2524
f 2079//2079 63//63 43//43
f 2396//2396 43//43 63//63
f 2351//2351 4051//4051 2767//2767
f 3459//3459 3023//3023 699//699
f 291//291 3509//3509 912//912
f 1497//1497 3078//3078 2395//2395
f 982//982 926//926 465//465
f 2056//2056 713//713 794//794
f 4307//4307 4349//4349 4343//4343
f 1571//1571 943//943 540//540
f 621//621 455//455 3690//3690
f 2024//2024 466//466 2256//2256
f 2355//2355 103//103 301//301
f 1367//1367 2827//2827 150//150
f 1300//1300 2792//2792 1505//1505
f 592//592 2404//2404 2538//2538
f 2365//2365 2256//2256 2267//2267
f 2053//2053 3905//3905 4017//4017
f 1076//1076 3520//3520 1874//1874
f 4395//4395 300//300 1364//1364
f 202//202 3450//3450 2843//2843
f 2011//2011 3746//3746 3606//3606
f 1542//1542 4287//4287 4348//4348
f 2714//2714 3021//3021 2365//2365
f 2501//2501 89//89 481//481
f 975//975 4059//4059 2098//2098
f 267//267 1977//1977 3256//3256
f 1043//1043 1543//1543 1977//1977
f 1999//1999 3183//3183 3733//3733
f 3450//3450 1559//1559 2843//2843
f 2456//2456 2375//2375 2084//2084
f 1011//1011 1479//1479 2214//2214
f 2991//2991 2659//2659 1695//1695
f 898//898 1421//1421 114//114
f 3281//3281 2396//2396 63//63
f 1225//1225 331//331 351//351
f 469//469 3364//3364 1097//1097
f 902//902 630//630 4143//4143
f 371//371 381//381 464//464
f 1080//1080 1963//1963 1255//1255
f 309//309 1250//1250 249//249
f 2526//2526 882//882 663//663
f 3107//3107 3234//3234 2465//2465
f 2741//2741 3606//3606 1114//1114
f 3804//3804 2543//2543 2250//2250
f 956//956 4416//4416 1676//1676
f 1253//1253 49//49 1738//1738
f 3806//3806 1298//1298 3682//3682
f 222//222 2238//2238 3561//3561
f 2852//2852 3495//3495 3067//3067
f 772//772 2624//2624 1372//1372
f 866//866 1656//1656 2715//2715
f 183//183 586//586 2880//2880
f 1649//1649 1742//1742 785//785
f 809//809 2596//2596 2203//2203
f 2032//2032 2845//2845 493//493
f 184//184 471//471 64//64
f 844//844 3389//3389 3675//3675
f 2908//2908 3951//3951 2372//2372
f 4233//4233 3708//3708 1381//1381
f 2179//2179 3620//3620 3252//3252
f 1933//1933 987//987 2546//2546
f 2948//2948 2949//2949 292//292
f 3332//3332 2676//2676 3564//3564
f 83//83 2318//2318 509//509
f 509//509 329//329 801//801
f 1589//1589 3169//3169 511//511
f 1631//1631 2380//2380 2848//2848
f 972//972 761//761 3024//3024
f 3520//3520 679//679 395//395
f 3712//3712 274//274 3348//3348
f 4434//4434 4366//4366 3074//3074
f 2791//2791 3220//3220 3432//3432
f 320//320 1361//1361 1746//1746
f 623//623 470//470 52//52
f 3230//3230 3986//3986 3473//3473
f 776//776 146//146 2820//2820
f 3160//3160 893//893 3537//3537
f 733//733 752//752 1101//1101
f 1018//1018 2699//2699 1664//1664
f 857//857 2669//2669 2882//2882
f 94//94 2688//2688 439//439
f 2904//2904 145//145 4171//4171
f 4029//4029 1607//1607 3134//3134
f 328//328 3548//3548 3155//3155
f 698//698 2934//2934 1014//1014
f 646//646 1007//1007 3782//3782
f 1116//1116 3740//3740 2612//2612
f 3129//3129 2552//2552 232//232
f 2107//2107 782//782 3542//3542
f 1758//1758 2065//2065 1162//1162
f 1150//1150 1158//1158 2603//2603
f 1225//1225 754//754 331//331
f 2417//2417 112//112 1028//1028
f 171//171 3372//3372 1363//1363
f 1022//1022 3372//3372 171//171
f 3302//3302 1779//1779 1618//1618
f 3539//3539 2345//2345 3770//3770
f 408//408 2197//2197 260//260
f 3039//3039 1158//1158 613//613
f 3253//3253 2390//2390 2609//2609
f 2600//2600 1800//1800 460//460
f 2600//2600 460//460 802//802
f 802//802 1182//1182 2135//2135
f 1206//1206 2668//2668 2223//2223
f 388//388 2468//2468 2237//2237
f 688//688 2850//2850 144//144
f 2285//2285 1637//1637 2567//2567
f 342//342 1684//1684 2912//2912
f 3162//3162 3647//3647 4356//4356
f 346//346 3419//3419 2854//2854
f 85//85 3224//3224 2490//2490
f 1287//1287 2629//2629 2701//2701
f 2772//2772 3467//3467 839//839
f 2934//2934 70//70 1380//1380
f 2986//2986 3823//3823 1629//1629
f 1627//1627 1708//1708 1758//1758
f 490//490 283//283 4266//4266
f 348//348 65//65 558//558
f 87//87 1874//1874 3520//3520
f 1899//1899 3804//3804 3318//3318
f 3336//3336 3793//3793 1511//1511
f 1120//1120 922//922 1100//1100
f 561//561 534//534 1095//1095
f 3573//3573 518//518 1580//1580
f 1517//1517 3247//3247 2493//2493
f 1470//1470 2756//2756 2537//2537
f 3651//3651 2258//2258 3466//3466
f 2360//2360 2502//2502 3587//3587
f 2408//2408 1669//1669 3018//3018
f 2985//2985 2498//2498 1521//1521
f 2601//2601 2437//2437 3759//3759
f 645//645 779//779 1283//1283
f 1057//1057 2107//2107 358//358
f 2454//2454 1057//1057 358//358
f 540//540 943//943 1828//1828
f 2131//2131 3400//3400 3332//3332
f 2109//2109 480//480 710//710
f 2601//2601 1348//1348 71//71
f 4023//4023 1058//1058 1235//1235
f 1054//1054 1483//1483 551//551
f 2192//2192 2522//2522 2707//2707
f 1672//1672 1230//1230 1906//1906
f 3141//3141 454//454 365//365
f 1199//1199 1680//1680 3505//3505
f 798//798 1649//1649 1149//1149
f 1813//1813 2574//2574 1692//1692
f 1028//1028 2352//2352 2658//2658
f 328//328 2151//2151 1331//1331
f 1694//1694 370//370 3623//3623
f 1593//1593 4794//4794 2388//2388
f 3046//3046 1271//1271 811//811
f 1788//1788 2377//2377 2742//2742
f 1394//1394 3156//3156 3792//3792
f 374//374 440//440 4111//4111
f 964//964 2908//2908 3188//3188
f 1074//1074 2721//2721 1653//1653
f 3104//3104 95//95 1160//1160
f 483//483 2964//2964 1346//1346
f 3815//3815 212//212 1155//1155
f 2219//2219 2368//2368 1906//1906
f 3822//3822 3051//3051 1942//1942
f 3663//3663 1629//1629 627//627
f 2117//2117 598//598 2272//2272
f 3388//3388 2579//2579 3109//3109
f 3156//3156 1094//1094 3792//3792
f 3019//3019 3553//3553 2348//2348
f 381//381 814//814 485//485
f 546//546 3057//3057 2389//2389
f 1802//1802 3714//3714 2594//2594
f 1289//1289 1722//1722 2985//2985
f 2037//2037 1724//1724 3599//3599
f 2630//2630 2037//2037 872//872
f 985//985 652//652 4021//4021
f 90//90 2740//2740 3736//3736
f 3689//3689 719//719 3599//3599
f 1578//1578 1357//1357 3516//3516
f 389//389 2063//2063 797//797
f 2939//2939 3353//3353 2925//2925
f 3132//3132 258//258 4245//4245
f 2482//2482 1509//1509 2239//2239
f 2043//2043 844//844 2405//2405
f 2532//2532 3281//3281 2830//2830
f 285//285 2683//2683 1103//1103
f 3608//3608 1598//1598 3517//3517
f 2919//2919 562//562 259//259
f 3715//3715 1463//1463 166//166
f 4719//4719 1527//1527 1837//1837
f 1612//1612 506//506 900//900
f 1788//1788 1204//1204 320//320
f 530//530 739//739 3193//3193
f 3465//3465 3027//3027 795//795
f 1886//1886 1470//1470 960//960
f 2260//2260 1810//1810 3157//3157
f 1026//1026 1599//1599 2097//2097
f 1043//1043 1840//1840 2341//2341
f 1487//1487 2312//2312 1153//1153
f 2222//2222 3784//3784 3183//3183
f 3066//3066 3843//3843 1901//1901
f 98//98 508//508 2114//2114
f 2837//2837 3327//3327 1051//1051
f 1462//1462 1215//1215 2387//2387
f 205//205 132//132 690//690
f 495//495 158//158 932//932
f 633//633 1822//1822 519//519
f 149//149 1207//1207 1691//1691
f 3982//3982 718//718 1604//1604
f 3006//3006 1147//1147 361//361
f 1569//1569 1447//1447 241//241
f 3306//3306 1826//1826 49//49
f 581//581 2711//2711 4455//4455
f 2204//2204 3148//3148 1773//1773
f 2837//2837 2885//2885 2520//2520
f 2520//2520 1668//1668 2837//2837
f 796//796 839//839 3294//3294
f 807//807 2067//2067 191//191
f 879//879 3390//3390 170//170
f 1415//1415 3681//3681 1797//1797
f 3082//3082 2704//2704 1679//1679
f 2789//2789 2797//2797 2559//2559
f 1483//1483 141//141 2303//2303
f 636//636 843//843 947//947
f 1507//1507 480//480 2109//2109
f 1189//1189 715//715 352//352
f 976//976 461//461 978//978
f 622//622 88//88 545//545
f 220//220 622//622 545//545
f 1461//1461 1009//1009 793//793
f 1982//1982 2842//2842 2243//2243
f 3443//3443 973//973 67//67
f 837//837 3429//3429 1974//1974
f 1277//1277 2099//2099 2563//2563
f 2563//2563 2099//2099 3631//3631
f 2952//2952 2867//2867 245//245
f 245//245 1842//1842 1358//1358
f 481//481 89//89 412//412
f 557//557 65//65 3440//3440
f 65//65 348//348 2998//2998
f 1727//1727 454//454 1520//1520
f 2744//2744 2386//2386 4693//4693
f 3451//3451 2339//2339 2044//2044
f 2560//2560 973//973 3443//3443
f 2725//2725 1703//1703 2626//2626
f 2705//2705 3161//3161 930//930
f 1356//1356 2132//2132 1956//1956
f 2263//2263 416//416 4747//4747
f 1881//1881 932//932 129//129
f 277//277 745//745 1493//1493
f 1014//1014 2934//2934 1380//1380
f 1831//1831 2287//2287 1763//1763
f 4456//4456 3458//3458 1192//1192
f 3566//3566 27//27 318//318
f 4019//4019 2956//2956 3654//3654
f 1037//1037 2738//2738 3442//3442
f 606//606 2618//2618 1006//1006
f 1441//1441 78//78 122//122
f 887//887 287//287 651//651
f 2313//2313 3392//3392 2370//2370
f 2767//2767 1662//1662 3929//3929
f 385//385 3128//3128 842//842
f 1367//1367 1779//1779 3073//3073
f 877//877 1162//1162 1911//1911
f 3068//3068 3287//3287 311//311
f 3493//3493 2616//2616 3991//3991
f 2526//2526 663//663 1918//1918
f 2174//2174 4105//4105 164//164
f 2625//2625 3932//3932 706//706
f 495//495 738//738 764//764
f 2463//2463 944//944 1976//1976
f 1170//1170 1305//1305 430//430
f 2143//2143 3131//3131 1344//1344
f 737//737 4067//4067 246//246
f 754//754 2318//2318 2464//2464
f 1628//1628 3832//3832 3146//3146
f 1320//1320 2421//2421 1550//1550
f 262//262 1681//1681 1503//1503
f 1739//1739 1210//1210 552//552
f 3148//3148 2736//2736 1773//1773
f 3471//3471 2940//2940 3230//3230
f 2521//2521 2137//2137 16//16
f 2276//2276 4095//4095 1531//1531
f 3759//3759 2437//2437 2835//2835
f 825//825 2870//2870 805//805
f 2375//2375 2477//2477 998//998
f 1671//1671 2055//2055 1166//1166
f 3794//3794 642//642 2360//2360
f 121//121 4735//4735 2567//2567
f 3581//3581 2003//2003 2782//2782
f 1407//1407 1141//1141 4361//4361
f 2462//2462 1407//1407 2345//2345
f 3021//3021 2907//2907 342//342
f 2140//2140 3208//3208 1926//1926
f 2485//2485 2081//2081 2410//2410
f 2741//2741 1912//1912 1930//1930
f 1108//1108 4436//4436 3684//3684
f 1904//1904 3034//3034 3554//3554
f 1504//1504 3940//3940 2934//2934
f 1610//1610 3770//3770 4137//4137
f 355//355 3970//3970 4133//4133
f 2236//2236 1003//1003 1706//1706
f 1612//1612 900//900 1045//1045
f 1172//1172 900//900 1000//1000
f 1045//1045 900//900 1172//1172
f 761//761 2932//2932 1732//1732
f 2197//2197 408//408 2076//2076
f 701//701 448//448 769//769
f 3299//3299 4187//4187 1977//1977
f 2683//2683 560//560 1038//1038
f 690//690 813//813 1224//1224
f 748//748 2843//2843 1559//1559
f 3185//3185 1485//1485 3364//3364
f 340//340 2185//2185 1352//1352
f 1052//1052 3767//3767 2625//2625
f 1060//1060 1182//1182 23//23
f 1016//1016 396//396 3065//3065
f 947//947 843//843 2914//2914
f 2267//2267 2636//2636 1748//1748
f 3052//3052 245//245 1358//1358
f 690//690 1224//1224 1238//1238
f 2329//2329 2066//2066 2590//2590
f 3636//3636 1254//1254 739//739
f 1115//1115 1828//1828 275//275
f 608//608 2831//2831 240//240
f 556//556 1492//1492 2681//2681
f 1136//1136 1683//1683 595//595
f 3245//3245 2995//2995 3016//3016
f 2095//2095 1189//1189 3673//3673
f 3746//3746 2785//2785 2093//2093
f 3050//3050 3606//3606 2741//2741
f 2660//2660 1235//1235 2608//2608
f 354//354 2466//2466 3686//3686
f 1691//1691 1207//1207 252//252
f 3345//3345 299//299 3025//3025
f 2655//2655 22//22 3653//3653
f 373//373 3590//3590 700//700
f 1762//1762 2052//2052 3401//3401
f 2524//2524 2846//2846 2124//2124
f 4310//4310 1359//1359 3168//3168
f 1290//1290 2443//2443 2883//2883
f 2647//2647 374//374 3711//3711
f 524//524 775//775 2936//2936
f 3589//3589 523//523 3588//3588
f 1154//1154 2830//2830 2079//2079
f 762//762 2087//2087 3479//3479
f 2467//2467 1785//1785 3613//3613
f 2187//2187 889//889 1890//1890
f 1803//1803 697//697 1704//1704
f 2088//2088 3841//3841 2973//2973
f 196//196 1881//1881 684//684
f 895//895 1881//1881 196//196
f 474//474 895//895 196//196
f 2828//2828 1711//1711 2081//2081
f 2993//2993 2116//2116 2186//2186
f 1264//1264 857//857 2882//2882
f 2961//2961 2916//2916 2763//2763
f 1115//1115 537//537 745//745
f 1190//1190 1578//1578 477//477
f 2800//2800 163//163 2627//2627
f 2883//2883 3479//3479 2087//2087
f 1097//1097 3364//3364 1148//1148
f 2084//2084 3263//3263 759//759
f 971//971 712//712 2627//2627
f 73//73 1784//1784 935//935
f 628//628 637//637 997//997
f 283//283 2914//2914 4266//4266
f 387//387 2672//2672 3345//3345
f 3143//3143 620//620 432//432
f 1567//1567 3704//3704 2979//2979
f 2726//2726 3345//3345 3025//3025
f 1375//1375 825//825 1251//1251
f 3202//3202 4072//4072 2092//2092
f 1634//1634 930//930 1098//1098
f 2229//2229 1145//1145 2739//2739
f 2512//2512 694//694 2232//2232
f 929//929 735//735 1456//1456
f 939//939 2224//2224 288//288
f 1869//1869 1526//1526 1464//1464
f 1503//1503 3596//3596 2395//2395
f 4025//4025 1843//1843 2291//2291
f 1949//1949 2400//2400 1731//1731
f 2773//2773 425//425 3622//3622
f 3617//3617 2117//2117 2315//2315
f 2545//2545 1677//1677 50//50
f 1809//1809 1803//1803 3158//3158
f 2843//2843 748//748 3715//3715
f 2161//2161 3085//3085 810//810
f 3595//3595 1194//1194 1897//1897
f 8//8 3090//3090 2540//2540
f 1704//1704 3070//3070 3139//3139
f 2614//2614 283//283 1998//1998
f 1733//1733 98//98 1231//1231
f 495//495 494//494 158//158
f 212//212 2141//2141 2806//2806
f 16//16 2137//2137 3766//3766
f 4266//4266 2133//2133 2044//2044
f 3151//3151 3830//3830 3310//3310
f 1005//1005 288//288 3706//3706
f 1926//1926 1187//1187 2275//2275
f 1046//1046 789//789 3001//3001
f 1360//1360 500//500 1538//1538
f 2530//2530 4425//4425 626//626
f 424//424 2834//2834 1402//1402
f 306//306 114//114 2979//2979
f 1556//1556 4664//4664 910//910
f 2577//2577 3698//3698 3324//3324
f 3093//3093 3820//3820 2122//2122
f 1916//1916 396//396 1016//1016
f 3348//3348 2266//2266 2886//2886
f 3701//3701 2151//2151 2441//2441
f 4711//4711 2596//2596 809//809
f 4514//4514 4711//4711 809//809
f 86//86 3613//3613 616//616
f 1612//1612 850//850 506//506
f 3579//3579 1443//1443 3221//3221
f 376//376 3284//3284 672//672
f 2493//2493 3247//3247 3024//3024
f 3413//3413 5//5 3461//3461
f 497//497 1138//1138 1591//1591
f 3263//3263 2982//2982 3536//3536
f 428//428 2029//2029 2253//2253
f 2486//2486 1950//1950 319//319
f 707//707 4116//4116 1783//1783
f 2396//2396 2834//2834 43//43
f 1702//1702 3035//3035 4742//4742
f 853//853 2436//2436 1698//1698
f 1551//1551 4043//4043 728//728
f 3395//3395 2528//2528 1692//1692
f 2594//2594 3838//3838 1802//1802
f 430//430 417//417 3226//3226
f 2537//2537 1501//1501 3346//3346
f 2756//2756 1501//1501 2537//2537
f 2954//2954 889//889 2187//2187
f 2658//2658 2352//2352 3768//3768
f 1586//1586 519//519 1279//1279
f 138//138 1285//1285 4635//4635
f 2300//2300 520//520 3285//3285
f 230//230 2205//2205 758//758
f 1347//1347 4196//4196 2579//2579
f 1554//1554 3731//3731 2952//2952
f 2937//2937 2105//2105 185//185
f 3648//3648 2198//2198 1467//1467
f 2018//2018 2011//2011 1489//1489
f 446//446 2431//2431 2155//2155
f 2981//2981 1597//1597 589//589
f 210//210 3071//3071 85//85
f 3562//3562 3602//3602 3410//3410
f 3726//3726 1496//1496 2041//2041
f 576//576 2467//2467 3613//3613
f 3004//3004 2373//2373 2760//2760
f 2167//2167 2503//2503 3386//3386
f 2662//2662 1172//1172 2082//2082
f 3735//3735 4055//4055 4102//4102
f 2185//2185 1922//1922 878//878
f 969//969 3685//3685 1119//1119
f 395//395 87//87 3520//3520
f 828//828 1687//1687 184//184
f 2481//2481 90//90 2237//2237
f 2358//2358 1751//1751 1028//1028
f 1601//1601 420//420 1369//1369
f 2578//2578 3728//3728 1609//1609
f 384//384 420//420 1601//1601
f 921//921 216//216 1555//1555
f 3324//3324 2367//2367 2141//2141
f 3818//3818 683//683 337//337
f 441//441 3356//3356 4758//4758
f 3652//3652 1862//1862 3580//3580
f 2362//2362 205//205 2426//2426
f 82//82 3610//3610 2012//2012
f 3251//3251 3736//3736 3648//3648
f 148//148 2536//2536 2419//2419
f 3332//3332 3400//3400 3480//3480
f 3952//3952 3739//3739 4029//4029
f 454//454 2172//2172 365//365
f 2435//2435 1801//1801 2869//2869
f 244//244 592//592 2538//2538
f 260//260 1256//1256 1386//1386
f 3562//3562 2698//2698 3815//3815
f 3763//3763 799//799 3430//3430
f 543//543 1858//1858 1475//1475
f 2182//2182 2450//2450 1013//1013
f 699//699 1431//1431 483//483
f 2416//2416 1971//1971 26//26
f 895//895 3725//3725 932//932
f 485//485 814//814 609//609
f 850//850 3268//3268 740//740
f 4447//4447 1515//1515 2548//2548
f 220//220 545//545 452//452
f 710//710 1864//1864 3320//3320
f 1774//1774 3651//3651 1265//1265
f 1420//1420 2280//2280 857//857
f 60//60 806//806 2190//2190
f 4267//4267 1398//1398 2431//2431
f 2742//2742 2377//2377 1422//1422
f 3148//3148 3626//3626 2080//2080
f 3693//3693 9//9 4140//4140
f 2426//2426 690//690 2804//2804
f 2344//2344 2065//2065 954//954
f 930//930 3331//3331 2555//2555
f 285//285 1103//1103 852//852
f 162//162 3419//3419 702//702
f 2041//2041 2014//2014 1740//1740
f 233//233 215//215 379//379
f 65//65 557//557 558//558
f 471//471 198//198 3754//3754
f 2743//2743 1603//1603 75//75
f 1002//1002 628//628 997//997
f 2682//2682 3009//3009 1556//1556
f 2399//2399 2235//2235 302//302
f 134//134 970//970 3396//3396
f 85//85 2490//2490 2495//2495
f 1438//1438 369//369 2233//2233
f 726//726 1550//1550 2731//2731
f 451//451 1241//1241 904//904
f 3215//3215 531//531 3753//3753
f 836//836 1107//1107 2839//2839
f 110//110 2135//2135 1198//1198
f 1898//1898 383//383 1228//1228
f 1962//1962 2885//2885 2837//2837
f 2558//2558 2163//2163 2480//2480
f 1929//1929 3290//3290 3393//3393
f 3208//3208 3346//3346 2794//2794
f 3399//3399 155//155 3252//3252
f 1755//1755 685//685 1719//1719
f 4031//4031 4032//4032 2181//2181
f 1033//1033 2740//2740 1391//1391
f 1376//1376 2969//2969 1508//1508
f 40//40 3636//3636 739//739
f 3142//3142 1107//1107 1213//1213
f 4033//4033 2856//2856 3241//3241
f 2604//2604 2612//2612 3503//3503
f 610//610 575//575 3558//3558
f 760//760 2889//2889 2638//2638
f 385//385 383//383 390//390
f 3281//3281 1402//1402 2396//2396
f 3510//3510 3353//3353 3022//3022
f 2387//2387 2914//2914 843//843
f 3166//3166 2347//2347 2479//2479
f 1111//1111 578//578 543//543
f 136//136 1297//1297 2346//2346
f 3736//3736 2740//2740 3648//3648
f 3728//3728 1381//1381 3704//3704
f 2219//2219 615//615 1230//1230
f 1041//1041 2819//2819 731//731
f 4035//4035 4367//4367 4037//4037
f 2257//2257 2012//2012 3529//3529
f 3048//3048 332//332 3677//3677
f 1089//1089 1513//1513 1734//1734
f 310//310 197//197 2391//2391
f 3184//3184 986//986 3790//3790
f 1748//1748 3714//3714 1802//1802
f 3306//3306 1721//1721 1826//1826
f 1282//1282 1268//1268 3758//3758
f 3023//3023 1388//1388 1998//1998
f 1627//1627 3655//3655 1708//1708
f 1013//1013 479//479 1823//1823
f 2322//2322 1645//1645 586//586
f 132//132 813//813 690//690
f 3333//3333 3220//3220 3590//3590
f 2945//2945 2728//2728 214//214
f 1694//1694 3078//3078 1497//1497
f 1747//1747 2146//2146 2531//2531
f 3507//3507 3382//3382 3026//3026
f 2028//2028 3760//3760 17//17
f 2335//2335 4380//4380 4368//4368
f 3436//3436 2169//2169 1105//1105
f 2991//2991 1695//1695 2006//2006
f 2328//2328 2991//2991 2006//2006
f 588//588 317//317 1514//1514
f 905//905 369//369 1438//1438
f 2122//2122 808//808 1621//1621
f 3226//3226 828//828 184//184
f 850//850 391//391 3268//3268
f 3062//3062 2360//2360 3587//3587
f 3480//3480 838//838 1558//1558
f 663//663 1456//1456 1918//1918
f 2897//2897 3581//3581 2782//2782
f 2419//2419 4500//4500 4683//4683
f 762//762 2896//2896 2087//2087
f 1050//1050 1763//1763 1391//1391
f 285//285 852//852 477//477
f 477//477 852//852 3450//3450
f 3349//3349 1278//1278 606//606
f 2551//2551 1036//1036 1500//1500
f 2516//2516 1702//1702 4742//4742
f 988//988 1212//1212 3282//3282
f 386//386 4369//4369 961//961
f 3276//3276 601//601 1905//1905
f 3176//3176 1221//1221 845//845
f 3054//3054 3176//3176 845//845
f 3654//3654 2508//2508 4019//4019
f 3772//3772 7//7 2976//2976
f 609//609 83//83 3391//3391
f 609//609 814//814 83//83
f 1079//1079 368//368 1995//1995
f 790//790 1022//1022 3631//3631
f 1356//1356 55//55 2132//2132
f 4480//4480 3182//3182 2347//2347
f 2828//2828 1020//1020 1711//1711
f 1100//1100 1875//1875 2967//2967
f 1236//1236 3631//3631 2099//2099
f 2621//2621 4771//4771 2665//2665
f 1453//1453 644//644 778//778
f 3130//3130 918//918 149//149
f 1418//1418 1505//1505 2557//2557
f 3170//3170 3282//3282 4154//4154
f 2859//2859 2365//2365 2267//2267
f 190//190 1852//1852 1827//1827
f 618//618 1077//1077 421//421
f 559//559 577//577 1581//1581
f 838//838 1718//1718 1558//1558
f 2757//2757 3133//3133 2085//2085
f 2441//2441 2900//2900 256//256
f 868//868 1004//1004 1383//1383
f 1988//1988 2041//2041 145//145
f 3165//3165 1026//1026 109//109
f 663//663 735//735 929//929
f 1077//1077 1153//1153 421//421
f 2466//2466 833//833 2474//2474
f 2827//2827 2553//2553 3643//3643
f 2825//2825 2036//2036 421//421
f 555//555 261//261 2461//2461
f 1422//1422 1173//1173 2169//2169
f 569//569 3569//3569 738//738
f 1580//1580 518//518 2382//2382
f 495//495 764//764 494//494
f 2381//2381 3158//3158 1194//1194
f 1102//1102 463//463 4282//4282
f 3016//3016 3206//3206 3709//3709
f 2778//2778 2062//2062 489//489
f 1739//1739 1394//1394 2138//2138
f 2475//2475 1465//1465 444//444
f 1517//1517 2727//2727 972//972
f 3865//3865 207//207 3970//3970
f 756//756 2142//2142 1872//1872
f 1398//1398 928//928 3138//3138
f 1909//1909 2762//2762 662//662
f 1248//1248 3811//3811 3172//3172
f 3172//3172 3811//3811 151//151
f 3608//3608 2798//2798 1598//1598
f 322//322 2262//2262 2054//2054
f 3062//3062 3794//3794 2360//2360
f 2626//2626 1703//1703 3772//3772
f 1270//1270 2822//2822 2821//2821
f 2209//2209 3759//3759 2835//2835
f 1390//1390 3016//3016 3709//3709
f 346//346 1159//1159 3918//3918
f 3510//3510 3022//3022 2953//2953
f 1782//1782 3689//3689 981//981
f 2038//2038 1617//1617 1980//1980
f 225//225 405//405 2681//2681
f 2335//2335 2851//2851 4380//4380
f 397//397 678//678 636//636
f 628//628 509//509 637//637
f 2260//2260 3157//3157 2111//2111
f 2696//2696 3190//3190 2679//2679
f 120//120 1577//1577 2501//2501
f 3270//3270 2092//2092 570//570
f 2289//2289 1453//1453 808//808
f 1527//1527 280//280 3203//3203
f 804//804 1555//1555 2453//2453
f 1007//1007 3574//3574 1615//1615
f 2495//2495 2490//2490 2158//2158
f 1325//1325 2171//2171 2010//2010
f 3362//3362 2048//2048 3059//3059
f 1523//1523 3797//3797 3319//3319
f 3273//3273 642//642 3644//3644
f 2994//2994 3434//3434 1716//1716
f 1971//1971 373//373 26//26
f 875//875 4332//4332 2496//2496
f 246//246 2439//2439 1982//1982
f 872//872 719//719 3689//3689
f 2490//2490 3224//3224 807//807
f 970//970 2875//2875 3396//3396
f 2476//2476 2248//2248 2521//2521
f 3776//3776 1296//1296 3496//3496
f 3261//3261 946//946 4075//4075
f 2785//2785 647//647 548//548
f 1210//1210 950//950 3006//3006
f 2955//2955 2782//2782 2632//2632
f 37//37 648//648 364//364
f 364//364 648//648 452//452
f 1230//1230 615//615 1906//1906
f 2718//2718 3365//3365 1796//1796
f 3716//3716 2793//2793 1927//1927
f 1866//1866 3434//3434 2994//2994
f 3691//3691 705//705 231//231
f 3101//3101 2382//2382 1470//1470
f 668//668 590//590 966//966
f 696//696 1976//1976 944//944
f 3806//3806 3617//3617 1298//1298
f 646//646 2399//2399 1229//1229
f 1254//1254 906//906 739//739
f 3825//3825 2704//2704 3082//3082
f 4095//4095 2276//2276 4216//4216
f 391//391 887//887 651//651
f 3841//3841 3775//3775 1402//1402
f 652//652 553//553 3718//3718
f 1559//1559 3763//3763 748//748
f 252//252 4275//4275 3988//3988
f 879//879 3801//3801 656//656
f 149//149 918//918 1207//1207
f 3439//3439 3837//3837 2173//2173
f 392//392 2683//2683 927//927
f 2772//2772 839//839 796//796
f 138//138 1299//1299 265//265
f 1442//1442 1369//1369 1641//1641
f 217//217 2277//2277 28//28
f 753//753 1090//1090 3591//3591
f 2686//2686 2272//2272 3516//3516
f 2801//2801 1445//1445 1135//1135
f 1778//1778 2526//2526 1918//1918
f 2855//2855 338//338 816//816
f 3634//3634 398//398 2326//2326
f 2496//2496 4332//4332 3403//3403
f 901//901 3758//3758 1963//1963
f 3614//3614 1995//1995 869//869
f 2859//2859 2267//2267 1748//1748
f 3710//3710 2092//2092 3270//3270
f 799//799 178//178 3430//3430
f 1565//1565 166//166 3507//3507
f 2489//2489 783//783 3423//3423
f 1131//1131 3794//3794 2412//2412
f 3574//3574 130//130 3485//3485
f 405//405 3585//3585 556//556
f 2277//2277 217//217 3681//3681
f 580//580 3178//3178 3012//3012
f 806//806 204//204 2190//2190
f 793//793 1009//1009 2318//2318
f 986//986 3457//3457 243//243
f 624//624 234//234 3821//3821
f 391//391 651//651 3268//3268
f 3212//3212 3235//3235 416//416
f 1163//1163 1745//1745 1459//1459
f 1488//1488 899//899 1439//1439
f 250//250 3114//3114 673//673
f 3836//3836 2519//2519 315//315
f 3297//3297 668//668 936//936
f 3253//3253 503//503 3008//3008
f 2325//2325 1326//1326 2986//2986
f 3025//3025 299//299 3304//3304
f 1070//1070 4374//4374 3091//3091
f 205//205 690//690 2426//2426
f 3871//3871 3710//3710 3270//3270
f 3242//3242 664//664 649//649
f 3204//3204 3449//3449 922//922
f 3150//3150 2109//2109 924//924
f 1507//1507 2109//2109 3150//3150
f 499//499 1993//1993 2872//2872
f 2275//2275 1187//1187 1439//1439
f 1810//1810 909//909 3157//3157
f 678//678 1462//1462 2387//2387
f 1462//1462 678//678 397//397
f 2902//2902 3098//3098 2251//2251
f 3210//3210 935//935 286//286
f 320//320 3063//3063 2377//2377
f 3837//3837 3029//3029 3425//3425
f 96//96 4755//4755 1009//1009
f 2392//2392 2141//2141 2820//2820
f 238//238 411//411 1124//1124
f 2988//2988 1406//1406 3490//3490
f 3297//3297 936//936 916//916
f 1081//1081 2218//2218 4039//4039
f 2230//2230 3221//3221 107//107
f 2609//2609 1696//1696 4375//4375
f 121//121 168//168 4735//4735
f 2771//2771 2774//2774 635//635
f 3035//3035 722//722 3239//3239
f 3695//3695 2884//2884 2002//2002
f 880//880 1157//1157 4233//4233
f 2245//2245 3600//3600 1735//1735
f 2562//2562 954//954 2451//2451
f 74//74 1806//1806 274//274
f 4767//4767 1835//1835 957//957
f 1905//1905 1129//1129 46//46
f 1431//1431 2964//2964 483//483
f 4025//4025 1476//1476 1843//1843
f 1878//1878 1853//1853 611//611
f 1321//1321 3908//3908 683//683
f 3172//3172 2742//2742 1422//1422
f 684//684 1881//1881 163//163
f 265//265 783//783 1359//1359
f 2470//2470 2984//2984 3713//3713
f 533//533 4514//4514 809//809
f 3323//3323 2905//2905 1760//1760
f 3013//3013 1177//1177 1590//1590
f 35//35 3667//3667 871//871
f 375//375 3568//3568 563//563
f 403//403 3041//3041 1342//1342
f 2853//2853 273//273 1812//1812
f 699//699 3505//3505 3459//3459
f 1500//1500 1036//1036 219//219
f 1387//1387 2159//2159 4395//4395
f 2293//2293 2505//2505 4521//4521
f 2119//2119 960//960 3840//3840
f 960//960 1378//1378 3840//3840
f 3077//3077 1759//1759 159//159
f 792//792 954//954 657//657
f 573//573 1986//1986 873//873
f 1155//1155 2806//2806 418//418
f 1678//1678 2033//2033 3519//3519
f 1538//1538 1727//1727 1520//1520
f 2554//2554 2297//2297 654//654
f 2627//2627 3391//3391 1045//1045
f 3391//3391 391//391 1612//1612
f 2898//2898 100//100 3408//3408
f 236//236 2950//2950 1089//1089
f 3404//3404 2304//2304 2366//2366
f 2680//2680 3065//3065 4223//4223
f 1536//1536 4618//4618 786//786
f 3234//3234 3688//3688 676//676
f 569//569 738//738 2718//2718
f 2457//2457 293//293 1488//1488
f 1950//1950 707//707 1783//1783
f 1874//1874 2000//2000 2147//2147
f 2506//2506 3144//3144 3034//3034
f 2559//2559 2677//2677 208//208
f 111//111 1567//1567 2979//2979
f 3374//3374 907//907 2075//2075
f 955//955 579//579 712//712
f 2695//2695 3771//3771 1863//1863
f 3601//3601 2657//2657 3066//3066
f 586//586 2429//2429 2432//2432
f 3644//3644 3333//3333 3590//3590
f 1297//1297 1191//1191 2346//2346
f 2626//2626 3772//3772 2262//2262
f 1587//1587 2523//2523 2015//2015
f 1623//1623 2447//2447 2027//2027
f 872//872 2037//2037 719//719
f 4380//4380 2851//2851 1529//1529
f 958//958 2622//2622 3279//3279
f 958//958 3279//3279 324//324
f 2098//2098 4059//4059 1389//1389
f 3680//3680 896//896 3305//3305
f 3380//3380 1892//1892 1824//1824
f 2061//2061 2047//2047 1437//1437
f 3558//3558 1437//1437 610//610
f 2456//2456 3010//3010 2375//2375
f 1091//1091 4706//4706 2584//2584
f 767//767 3724//3724 2157//2157
f 2799//2799 78//78 1879//1879
f 391//391 1002//1002 887//887
f 1615//1615 885//885 3619//3619
f 431//431 855//855 417//417
f 3177//3177 2862//2862 1599//1599
f 53//53 195//195 1507//1507
f 3220//3220 2791//2791 119//119
f 2792//2792 187//187 1505//1505
f 3014//3014 1979//1979 520//520
f 2065//2065 3001//3001 3415//3415
f 2323//2323 2447//2447 80//80
f 1977//1977 1543//1543 3256//3256
f 4733//4733 97//97 617//617
f 932//932 971//971 163//163
f 1802//1802 2859//2859 1748//1748
f 3839//3839 1883//1883 3315//3315
f 2800//2800 2627//2627 1193//1193
f 863//863 736//736 294//294
f 157//157 3410//3410 1530//1530
f 2160//2160 2195//2195 183//183
f 1620//1620 3685//3685 969//969
f 739//739 906//906 2380//2380
f 3642//3642 904//904 1304//1304
f 2397//2397 1093//1093 3209//3209
f 3629//3629 1522//1522 1055//1055
f 3998//3998 4062//4062 4028//4028
f 956//956 1771//1771 3987//3987
f 1618//1618 1876//1876 1009//1009
f 597//597 92//92 205//205
f 2982//2982 3255//3255 2209//2209
f 478//478 1541//1541 2436//2436
f 3370//3370 2150//2150 701//701
f 484//484 825//825 743//743
f 2648//2648 2727//2727 2296//2296
f 1659//1659 442//442 2383//2383
f 2483//2483 952//952 2006//2006
f 3518//3518 2274//2274 467//467
f 537//537 275//275 745//745
f 2278//2278 3076//3076 3088//3088
f 1524//1524 2985//2985 3752//3752
f 1358//1358 1760//1760 3463//3463
f 2855//2855 1313//1313 338//338
f 1395//1395 682//682 3727//3727
f 989//989 1639//1639 983//983
f 752//752 360//360 177//177
f 1222//1222 902//902 263//263
f 2581//2581 2126//2126 1147//1147
f 55//55 1942//1942 2132//2132
f 1549//1549 3386//3386 3504//3504
f 780//780 1258//1258 2207//2207
f 118//118 1343//1343 2207//2207
f 885//885 3485//3485 2383//2383
f 3808//3808 2449//2449 1288//1288
f 2324//2324 3745//3745 898//898
f 286//286 935//935 1784//1784
f 2766//2766 1895//1895 522//522
f 2202//2202 1198//1198 2135//2135
f 62//62 1604//1604 718//718
f 2176//2176 2920//2920 4099//4099
f 4084//4084 2459//2459 3665//3665
f 3831//3831 3261//3261 4075//4075
f 3143//3143 2674//2674 2086//2086
f 320//320 1204//1204 1361//1361
f 2472//2472 754//754 1225//1225
f 1662//1662 1816//1816 3328//3328
f 284//284 2998//2998 680//680
f 1239//1239 2841//2841 47//47
f 630//630 902//902 1222//1222
f 2288//2288 2686//2686 1862//1862
f 716//716 3549//3549 1073//1073
f 1921//1921 1785//1785 766//766
f 4299//4299 3168//3168 1164//1164
f 2352//2352 2874//2874 1574//1574
f 3547//3547 561//561 1095//1095
f 3702//3702 3279//3279 4281//4281
f 1185//1185 4064//4064 4715//4715
f 2363//2363 1646//1646 2851//2851
f 1342//1342 2356//2356 658//658
f 2684//2684 2822//2822 1270//1270
f 3462//3462 607//607 1744//1744
f 478//478 2436//2436 853//853
f 1917//1917 3384//3384 3676//3676
f 1213//1213 639//639 862//862
f 580//580 1576//1576 3178//3178
f 1117//1117 1609//1609 3631//3631
f 2105//2105 582//582 185//185
f 2057//2057 2783//2783 1936//1936
f 422//422 1497//1497 4688//4688
f 197//197 2293//2293 2046//2046
f 2089//2089 3661//3661 3528//3528
f 1566//1566 1233//1233 3769//3769
f 1566//1566 1607//1607 1233//1233
f 4060//4060 2359//2359 3912//3912
f 504//504 4457//4457 3041//3041
f 579//579 452//452 712//712
f 1823//1823 2182//2182 1013//1013
f 4106//4106 605//605 667//667
f 2891//2891 635//635 2984//2984
f 2492//2492 1704//1704 908//908
f 1704//1704 3139//3139 908//908
f 3542//3542 3394//3394 2107//2107
f 2465//2465 625//625 395//395
f 3802//3802 3479//3479 2883//2883
f 1815//1815 3494//3494 2901//2901
f 400//400 3154//3154 3628//3628
f 993//993 547//547 1801//1801
f 2789//2789 1231//1231 2568//2568
f 164//164 583//583 3145//3145
f 4769//4769 4029//4029 3134//3134
f 3877//3877 438//438 4141//4141
f 2580//2580 3466//3466 2325//2325
f 3476//3476 897//897 4364//4364
f 2951//2951 1396//1396 4771//4771
f 3582//3582 512//512 3970//3970
f 3201//3201 3658//3658 3576//3576
f 586//586 2177//2177 2429//2429
f 2449//2449 2554//2554 2894//2894
f 542//542 3670//3670 3514//3514
f 2787//2787 4372//4372 914//914
f 2892//2892 1870//1870 560//560
f 479//479 2450//2450 247//247
f 2253//2253 3037//3037 4263//4263
f 4307//4307 2284//2284 4349//4349
f 261//261 2931//2931 4728//4728
f 593//593 584//584 2118//2118
f 248//248 2140//2140 345//345
f 1583//1583 1426//1426 1200//1200
f 28//28 3335//3335 779//779
f 779//779 3335//3335 1283//1283
f 3763//3763 3430//3430 3666//3666
f 3606//3606 3746//3746 2093//2093
f 1682//1682 1686//1686 1979//1979
f 2801//2801 2434//2434 248//248
f 1965//1965 462//462 123//123
f 1009//1009 4755//4755 4072//4072
f 156//156 626//626 3911//3911
f 317//317 1820//1820 2713//2713
f 2444//2444 3488//3488 1648//1648
f 1957//1957 3021//3021 920//920
f 531//531 2074//2074 2444//2444
f 492//492 4767//4767 1443//1443
f 2707//2707 2522//2522 1715//1715
f 2707//2707 1715//1715 1457//1457
f 3834//3834 3037//3037 3993//3993
f 1438//1438 3470//3470 905//905
f 176//176 476//476 2846//2846
f 249//249 1250//1250 1858//1858
f 2694//2694 305//305 309//309
f 805//805 743//743 825//825
f 2658//2658 3768//3768 1796//1796
f 3529//3529 1059//1059 1724//1724
f 2597//2597 2876//2876 1753//1753
f 2538//2538 2404//2404 3213//3213
f 2101//2101 727//727 3647//3647
f 776//776 2820//2820 212//212
f 3017//3017 2574//2574 3248//3248
f 2683//2683 1038//1038 927//927
f 3425//3425 2173//2173 3837//3837
f 4693//4693 3680//3680 2486//2486
f 3571//3571 789//789 788//788
f 789//789 787//787 788//788
f 2631//2631 2726//2726 507//507
f 2906//2906 2919//2919 3132//3132
f 2847//2847 2313//2313 3290//3290
f 3813//3813 2040//2040 2089//2089
f 2139//2139 2997//2997 3379//3379
f 51//51 792//792 3117//3117
f 35//35 4369//4369 3714//3714
f 2746//2746 1171//1171 1880//1880
f 3343//3343 4399//4399 272//272
f 2772//2772 796//796 2069//2069
f 797//797 2063//2063 826//826
f 1882//1882 2546//2546 3458//3458
f 2301//2301 768//768 298//298
f 2662//2662 1045//1045 1172//1172
f 2306//2306 3779//3779 2398//2398
f 3163//3163 2482//2482 1454//1454
f 344//344 3163//3163 1454//1454
f 2245//2245 3601//3601 3600//3600
f 2523//2523 1021//1021 704//704
f 1353//1353 2007//2007 2471//2471
f 2574//2574 1915//1915 3248//3248
f 2660//2660 2271//2271 459//459
f 3095//3095 2484//2484 534//534
f 64//64 1244//1244 184//184
f 1272//1272 507//507 2035//2035
f 508//508 2935//2935 2114//2114
f 214//214 2704//2704 3431//3431
f 738//738 495//495 932//932
f 616//616 1785//1785 1921//1921
f 616//616 3613//3613 1785//1785
f 115//115 1789//1789 3369//3369
f 967//967 1983//1983 461//461
f 2012//2012 13//13 3529//3529
f 3247//3247 1517//1517 972//972
f 831//831 2680//2680 104//104
f 1611//1611 1270//1270 11//11
f 1013//1013 2450//2450 479//479
f 1853//1853 1878//1878 55//55
f 3425//3425 50//50 1677//1677
f 2071//2071 2185//2185 340//340
f 1942//1942 376//376 3518//3518
f 3512//3512 1943//1943 1075//1075
f 1916//1916 39//39 396//396
f 2502//2502 1034//1034 3215//3215
f 1817//1817 2102//2102 761//761
f 3810//3810 1539//1539 4080//4080
f 3047//3047 3061//3061 2121//2121
f 2889//2889 3119//3119 3774//3774
f 1619//1619 2682//2682 4081//4081
f 3115//3115 2743//2743 199//199
f 2982//2982 3263//3263 3255//3255
f 526//526 707//707 1950//1950
f 1623//1623 818//818 80//80
f 225//225 2681//2681 1430//1430
f 2246//2246 2866//2866 1331//1331
f 1474//1474 618//618 1234//1234
f 2627//2627 2082//2082 1193//1193
f 1764//1764 3343//3343 272//272
f 111//111 2696//2696 2679//2679
f 817//817 1925//1925 729//729
f 2442//2442 3003//3003 3350//3350
f 1026//1026 1717//1717 109//109
f 109//109 1717//1717 354//354
f 1446//1446 3600//3600 2225//2225
f 222//222 3561//3561 3094//3094
f 1800//1800 1308//1308 1182//1182
f 3305//3305 3000//3000 2486//2486
f 3282//3282 1212//1212 3//3
f 1803//1803 2492//2492 3158//3158
f 3146//3146 3832//3832 2686//2686
f 117//117 1413//1413 4229//4229
f 3592//3592 2328//2328 952//952
f 1777//1777 86//86 616//616
f 3260//3260 3524//3524 1220//1220
f 2708//2708 2986//2986 946//946
f 949//949 1589//1589 2382//2382
f 1457//1457 1050//1050 933//933
f 2694//2694 3906//3906 951//951
f 2514//2514 4216//4216 3203//3203
f 3551//3551 311//311 1931//1931
f 1144//1144 1787//1787 3657//3657
f 3001//3001 789//789 3571//3571
f 2030//2030 2737//2737 2749//2749
f 2732//2732 2328//2328 3592//3592
f 3229//3229 2328//2328 2732//2732
f 3022//3022 3389//3389 844//844
f 713//713 144//144 794//794
f 2939//2939 3611//3611 2850//2850
f 1659//1659 2939//2939 2850//2850
f 3426//3426 2241//2241 1677//1677
f 51//51 848//848 792//792
f 1716//1716 778//778 3609//3609
f 1880//1880 4027//4027 4391//4391
f 1454//1454 1361//1361 1204//1204
f 4272//4272 822//822 1570//1570
f 2567//2567 2345//2345 3539//3539
f 3337//3337 2290//2290 1466//1466
f 2539//2539 1484//1484 1127//1127
f 3050//3050 2011//2011 3606//3606
f 701//701 769//769 527//527
f 407//407 3171//3171 2534//2534
f 1791//1791 2812//2812 1068//1068
f 3191//3191 53//53 1507//1507
f 2250//2250 53//53 3191//3191
f 1575//1575 2164//2164 546//546
f 2259//2259 1373//1373 223//223
f 3325//3325 2962//2962 4392//4392
f 2266//2266 539//539 2661//2661
f 524//524 2936//2936 2988//2988
f 1724//1724 1059//1059 3460//3460
f 2634//2634 3283//3283 1301//1301
f 3106//3106 1022//1022 1355//1355
f 4239//4239 894//894 1188//1188
f 2291//2291 120//120 2501//2501
f 610//610 1773//1773 2736//2736
f 869//869 179//179 3614//3614
f 3282//3282 3//3 3974//3974
f 820//820 4149//4149 3947//3947
f 3833//3833 2787//2787 970//970
f 673//673 3114//3114 3214//3214
f 4193//4193 722//722 2039//2039
f 1073//1073 1412//1412 1646//1646
f 3122//3122 1535//1535 4703//4703
f 2613//2613 4025//4025 3531//3531
f 1384//1384 2147//2147 3572//3572
f 2707//2707 1457//1457 522//522
f 3355//3355 3054//3054 1411//1411
f 1291//1291 1068//1068 555//555
f 3341//3341 2459//2459 4084//4084
f 72//72 1563//1563 90//90
f 1498//1498 1523//1523 2473//2473
f 1754//1754 798//798 1818//1818
f 998//998 680//680 3812//3812
f 1928//1928 1024//1024 1600//1600
f 254//254 1041//1041 1749//1749
f 739//739 2380//2380 1631//1631
f 3344//3344 685//685 2364//2364
f 2602//2602 4386//4386 1061//1061
f 1856//1856 723//723 4184//4184
f 1672//1672 1870//1870 3170//3170
f 3474//3474 988//988 1870//1870
f 3383//3383 3785//3785 3072//3072
f 425//425 1475//1475 1449//1449
f 3447//3447 942//942 3760//3760
f 606//606 1094//1094 2618//2618
f 3463//3463 3628//3628 3154//3154
f 2330//2330 3103//3103 1312//1312
f 775//775 1477//1477 180//180
f 2314//2314 883//883 2483//2483
f 2577//2577 94//94 3698//3698
f 1489//1489 2011//2011 3050//3050
f 3913//3913 2769//2769 884//884
f 2105//2105 2305//2305 1440//1440
f 1236//1236 2099//2099 2429//2429
f 80//80 2447//2447 1623//1623
f 1507//1507 3066//3066 480//480
f 1385//1385 1551//1551 728//728
f 219//219 1551//1551 1385//1385
f 3157//3157 517//517 3127//3127
f 1518//1518 1069//1069 210//210
f 334//334 4087//4087 4088//4088
f 256//256 3544//3544 181//181
f 232//232 51//51 539//539
f 3042//3042 3535//3535 1257//1257
f 2378//2378 1//1 263//263
f 3588//3588 523//523 2958//2958
f 203//203 2992//2992 3470//3470
f 3171//3171 2685//2685 1346//1346
f 3514//3514 1308//1308 2600//2600
f 974//974 3153//3153 2226//2226
f 1659//1659 3499//3499 2858//2858
f 278//278 3821//3821 3338//3338
f 3625//3625 3043//3043 1151//1151
f 700//700 691//691 1307//1307
f 4015//4015 559//559 1581//1581
f 3611//3611 2939//2939 2925//2925
f 86//86 235//235 576//576
f 903//903 373//373 715//715
f 2826//2826 2243//2243 830//830
f 1312//1312 4366//4366 2596//2596
f 2986//2986 1326//1326 2475//2475
f 2507//2507 3633//3633 3717//3717
f 2806//2806 2367//2367 2745//2745
f 1275//1275 987//987 1933//1933
f 3725//3725 895//895 1251//1251
f 979//979 1250//1250 309//309
f 1645//1645 3686//3686 3496//3496
f 2792//2792 2758//2758 3237//3237
f 2985//2985 1521//1521 3468//3468
f 1135//1135 1445//1445 3738//3738
f 1216//1216 1911//1911 940//940
f 2373//2373 375//375 2760//2760
f 3740//3740 1478//1478 1374//1374
f 396//396 3776//3776 833//833
f 3715//3715 748//748 1463//1463
f 1016//1016 3065//3065 2680//2680
f 2153//2153 3687//3687 1205//1205
f 2465//2465 676//676 625//625
f 2936//2936 180//180 2180//2180
f 1456//1456 1447//1447 1569//1569
f 568//568 746//746 3842//3842
f 2671//2671 1153//1153 1077//1077
f 4763//4763 3337//3337 2542//2542
f 1017//1017 340//340 1352//1352
f 4500//4500 2419//2419 1585//1585
f 1998//1998 283//283 1494//1494
f 2256//2256 466//466 1226//1226
f 4366//4366 4434//4434 2596//2596
f 2596//2596 4434//4434 2203//2203
f 1227//1227 242//242 2637//2637
f 3467//3467 3742//3742 4237//4237
f 1974//1974 4197//4197 3086//3086
f 2279//2279 1669//1669 2408//2408
f 3639//3639 1710//1710 3691//3691
f 1827//1827 3275//3275 1510//1510
f 117//117 2407//2407 3176//3176
f 227//227 98//98 2114//2114
f 4017//4017 3216//3216 2053//2053
f 2019//2019 109//109 2322//2322
f 2461//2461 261//261 1396//1396
f 3202//3202 2092//2092 3710//3710
f 1091//1091 3824//3824 3258//3258
f 755//755 1981//1981 2714//2714
f 242//242 2849//2849 2637//2637
f 2140//2140 1926//1926 345//345
f 2591//2591 1334//1334 3553//3553
f 441//441 2591//2591 3553//3553
f 163//163 971//971 2627//2627
f 1883//1883 3477//3477 2666//2666
f 2365//2365 2024//2024 2256//2256
f 3409//3409 1908//1908 3137//3137
f 3803//3803 2337//2337 2321//2321
f 2613//2613 3531//3531 3476//3476
f 319//319 1783//1783 3074//3074
f 1334//1334 2791//2791 3432//3432
f 1732//1732 2861//2861 3526//3526
f 327//327 1435//1435 3427//3427
f 2947//2947 673//673 3214//3214
f 3298//3298 3787//3787 4038//4038
f 3840//3840 1752//1752 1740//1740
f 2675//2675 310//310 1423//1423
f 310//310 2391//2391 1423//1423
f 2227//2227 3653//3653 2513//2513
f 2712//2712 2306//2306 4332//4332
f 1594//1594 2712//2712 875//875
f 2413//2413 455//455 2228//2228
f 296//296 4707//4707 3904//3904
f 2218//2218 4272//4272 4317//4317
f 2759//2759 762//762 3479//3479
f 3559//3559 1018//1018 1664//1664
f 668//668 966//966 936//936
f 522//522 2192//2192 2707//2707
f 773//773 382//382 2773//2773
f 3096//3096 2442//2442 3676//3676
f 3096//3096 3135//3135 2442//2442
f 581//581 965//965 2711//2711
f 4089//4089 1619//1619 3098//3098
f 3695//3695 2002//2002 3447//3447
f 398//398 3208//3208 2326//2326
f 155//155 3501//3501 1188//1188
f 27//27 3278//3278 2643//2643
f 1145//1145 3835//3835 3709//3709
f 940//940 848//848 51//51
f 2812//2812 686//686 1850//1850
f 683//683 3908//3908 1946//1946
f 1285//1285 265//265 1359//1359
f 3304//3304 394//394 521//521
f 2172//2172 1451//1451 365//365
f 2010//2010 1616//1616 4259//4259
f 587//587 4461//4461 1723//1723
f 355//355 3865//3865 3970//3970
f 1459//1459 1254//1254 4694//4694
f 1834//1834 483//483 2452//2452
f 816//816 338//338 2566//2566
f 3670//3670 1761//1761 2299//2299
f 2271//2271 2660//2660 2608//2608
f 3329//3329 670//670 235//235
f 83//83 509//509 628//628
f 1565//1565 3580//3580 1082//1082
f 2612//2612 3740//3740 1374//1374
f 39//39 3776//3776 396//396
f 1675//1675 1350//1350 2342//2342
f 2219//2219 1906//1906 615//615
f 780//780 2207//2207 3240//3240
f 2737//2737 2651//2651 406//406
f 681//681 2693//2693 999//999
f 421//421 2334//2334 2825//2825
f 1679//1679 2728//2728 815//815
f 2097//2097 1679//1679 815//815
f 452//452 545//545 3391//3391
f 343//343 1008//1008 2361//2361
f 1952//1952 955//955 764//764
f 764//764 955//955 712//712
f 3767//3767 3211//3211 1323//1323
f 3529//3529 2037//2037 2630//2630
f 3574//3574 3485//3485 885//885
f 262//262 1756//1756 1681//1681
f 1005//1005 3706//3706 186//186
f 380//380 2989//2989 3110//3110
f 746//746 1518//1518 1766//1766
f 3037//3037 3741//3741 4263//4263
f 2119//2119 1886//1886 960//960
f 1435//1435 3771//3771 1054//1054
f 2452//2452 1432//1432 2134//2134
f 2900//2900 1432//1432 2452//2452
f 1969//1969 3199//3199 1035//1035
f 3411//3411 963//963 2620//2620
f 2579//2579 4196//4196 2927//2927
f 4196//4196 1065//1065 2927//2927
f 2195//2195 171//171 183//183
f 880//880 4233//4233 3483//3483
f 345//345 1926//1926 2275//2275
f 3694//3694 1250//1250 916//916
f 422//422 4688//4688 160//160
f 3374//3374 1164//1164 2592//2592
f 42//42 1545//1545 3375//3375
f 534//534 2004//2004 1095//1095
f 2819//2819 2230//2230 731//731
f 634//634 77//77 3424//3424
f 2644//2644 3058//3058 1813//1813
f 3495//3495 2852//2852 2379//2379
f 2229//2229 1146//1146 2020//2020
f 2745//2745 2367//2367 3698//3698
f 1949//1949 2667//2667 2400//2400
f 1685//1685 3439//3439 2173//2173
f 129//129 932//932 163//163
f 770//770 679//679 1821//1821
f 3812//3812 680//680 1086//1086
f 1448//1448 3351//3351 1482//1482
f 357//357 708//708 2196//2196
f 2691//2691 2427//2427 3303//3303
f 2064//2064 2999//2999 3621//3621
f 3408//3408 1595//1595 2153//2153
f 2835//2835 1923//1923 154//154
f 1952//1952 37//37 364//364
f 1846//1846 37//37 1952//1952
f 1892//1892 1506//1506 3640//3640
f 288//288 1005//1005 807//807
f 1615//1615 3574//3574 885//885
f 2995//2995 2739//2739 3206//3206
f 2390//2390 3944//3944 2609//2609
f 2125//2125 2508//2508 3654//3654
f 50//50 1329//1329 2545//2545
f 2842//2842 223//223 2243//2243
f 749//749 436//436 1096//1096
f 1096//1096 2817//2817 749//749
f 306//306 4026//4026 114//114
f 2222//2222 1329//1329 2778//2778
f 982//982 465//465 3085//3085
f 315//315 2519//2519 4396//4396
f 207//207 3582//3582 3970//3970
f 207//207 4152//4152 3582//3582
f 4302//4302 1984//1984 985//985
f 1725//1725 2031//2031 1321//1321
f 2781//2781 2601//2601 944//944
f 1850//1850 359//359 2168//2168
f 3006//3006 2581//2581 1147//1147
f 989//989 45//45 1639//1639
f 989//989 983//983 1222//1222
f 2831//2831 1197//1197 1996//1996
f 2432//2432 1319//1319 2019//2019
f 2688//2688 827//827 1517//1517
f 2688//2688 2667//2667 112//112
f 3565//3565 3188//3188 2647//2647
f 2494//2494 1097//1097 3228//3228
f 461//461 976//976 967//967
f 2202//2202 3514//3514 1198//1198
f 3514//3514 2600//2600 1198//1198
f 1578//1578 3516//3516 2824//2824
f 3144//3144 2188//2188 3534//3534
f 3493//3493 3192//3192 512//512
f 1178//1178 2973//2973 2532//2532
f 651//651 287//287 3268//3268
f 1468//1468 2547//2547 254//254
f 3356//3356 3553//3553 3019//3019
f 4049//4049 3264//3264 3872//3872
f 1671//1671 3430//3430 2055//2055
f 3076//3076 2174//2174 3881//3881
f 3020//3020 856//856 1893//1893
f 1707//1707 1289//1289 1524//1524
f 4746//4746 1087//1087 1632//1632
f 3112//3112 3087//3087 870//870
f 2725//2725 2262//2262 2327//2327
f 2941//2941 1811//1811 3569//3569
f 2016//2016 994//994 356//356
f 2091//2091 3642//3642 3403//3403
f 2215//2215 3637//3637 1180//1180
f 3211//3211 3767//3767 1582//1582
f 887//887 1002//1002 287//287
f 287//287 1002//1002 997//997
f 2944//2944 33//33 4097//4097
f 1898//1898 1228//1228 486//486
f 1164//1164 28//28 2277//2277
f 3552//3552 3178//3178 1257//1257
f 259//259 54//54 258//258
f 1144//1144 3657//3657 3561//3561
f 371//371 464//464 2283//2283
f 3112//3112 1529//1529 48//48
f 4098//4098 4024//4024 3953//3953
f 3499//3499 688//688 1917//1917
f 2046//2046 2293//2293 633//633
f 1699//1699 2860//2860 3250//3250
f 3178//3178 1576//1576 3291//3291
f 617//617 97//97 3064//3064
f 1544//1544 3677//3677 757//757
f 2637//2637 1511//1511 3793//3793
f 2184//2184 2960//2960 765//765
f 1118//1118 3782//3782 1615//1615
f 2544//2544 3180//3180 1240//1240
f 3155//3155 1847//1847 3448//3448
f 3142//3142 2839//2839 1107//1107
f 1323//1323 4066//4066 3767//3767
f 675//675 4139//4139 2175//2175
f 752//752 165//165 360//360
f 1010//1010 215//215 233//233
f 153//153 3119//3119 1577//1577
f 2863//2863 2576//2576 1808//1808
f 1188//1188 3501//3501 2152//2152
f 2475//2475 444//444 3823//3823
f 3742//3742 821//821 1012//1012
f 1806//1806 3826//3826 3348//3348
f 1256//1256 1205//1205 1386//1386
f 3405//3405 2049//2049 644//644
f 2607//2607 2969//2969 1376//1376
f 276//276 521//521 2916//2916
f 3422//3422 533//533 4709//4709
f 2084//2084 430//430 3226//3226
f 4142//4142 4100//4100 29//29
f 2221//2221 2702//2702 2404//2404
f 3803//3803 2506//2506 2337//2337
f 821//821 577//577 4491//4491
f 1152//1152 1234//1234 36//36
f 3656//3656 2661//2661 3750//3750
f 1776//1776 1270//1270 1611//1611
f 1203//1203 1464//1464 2394//2394
f 3609//3609 2349//2349 1716//1716
f 2290//2290 1978//1978 1466//1466
f 3435//3435 1280//1280 2248//2248
f 2822//2822 2684//2684 1914//1914
f 1359//1359 783//783 2963//2963
f 1832//1832 1974//1974 1713//1713
f 179//179 1706//1706 1003//1003
f 3913//3913 2599//2599 2484//2484
f 3194//3194 1688//1688 3438//3438
f 238//238 1124//1124 2427//2427
f 2041//2041 1740//1740 145//145
f 3501//3501 3341//3341 2152//2152
f 3501//3501 3249//3249 3341//3341
f 995//995 3564//3564 3669//3669
f 2268//2268 4103//4103 3888//3888
f 1676//1676 3889//3889 1366//1366
f 3713//3713 3160//3160 2885//2885
f 224//224 1417//1417 1196//1196
f 1864//1864 3046//3046 811//811
f 1177//1177 1978//1978 3591//3591
f 2331//2331 2220//2220 2802//2802
f 2555//2555 1970//1970 515//515
f 1179//1179 1384//1384 941//941
f 2292//2292 3532//3532 1639//1639
f 2049//2049 3405//3405 1395//1395
f 1232//1232 467//467 1424//1424
f 3791//3791 2252//2252 1661//1661
f 3701//3701 2929//2929 2981//2981
f 3666//3666 2329//2329 3763//3763
f 1071//1071 2471//2471 105//105
f 2439//2439 2768//2768 2350//2350
f 1982//1982 2439//2439 2350//2350
f 2267//2267 1226//1226 2636//2636
f 2234//2234 872//872 3689//3689
f 2348//2348 2366//2366 3019//3019
f 3825//3825 2862//2862 3424//3424
f 1410//1410 2191//2191 925//925
f 4472//4472 982//982 2161//2161
f 1798//1798 1874//1874 2147//2147
f 880//880 3483//3483 4143//4143
f 2624//2624 2675//2675 1423//1423
f 337//337 3449//3449 3204//3204
f 4150//4150 1161//1161 996//996
f 1282//1282 2170//2170 1268//1268
f 3335//3335 2075//2075 118//118
f 943//943 3420//3420 1828//1828
f 184//184 1687//1687 471//471
f 1037//1037 3442//3442 2443//2443
f 3266//3266 4161//4161 2633//2633
f 1442//1442 384//384 1601//1601
f 2883//2883 1872//1872 3802//3802
f 727//727 3152//3152 4356//4356
f 3361//3361 598//598 1471//1471
f 3632//3632 1657//1657 2289//2289
f 1496//1496 2369//2369 2014//2014
f 2725//2725 2626//2626 2262//2262
f 1443//1443 957//957 3221//3221
f 1317//1317 3056//3056 2438//2438
f 692//692 2595//2595 550//550
f 3316//3316 2204//2204 2090//2090
f 2909//2909 1419//1419 734//734
f 1045//1045 2662//2662 2082//2082
f 371//371 1794//1794 381//381
f 3117//3117 3486//3486 3470//3470
f 3100//3100 1457//1457 1891//1891
f 1886//1886 3101//3101 1470//1470
f 1859//1859 510//510 1036//1036
f 362//362 102//102 763//763
f 1565//1565 202//202 3715//3715
f 3214//3214 750//750 2947//2947
f 1528//1528 1983//1983 967//967
f 3458//3458 4456//4456 1718//1718
f 4446//4446 1560//1560 3005//3005
f 1426//1426 2072//2072 1200//1200
f 2299//2299 3814//3814 2790//2790
f 3603//3603 4212//4212 3987//3987
f 3117//3117 792//792 657//657
f 2545//2545 1084//1084 1677//1677
f 2284//2284 4988//4988 4349//4349
f 1543//1543 1043//1043 1223//1223
f 1399//1399 2411//2411 2164//2164
f 2900//2900 3660//3660 1432//1432
f 278//278 3338//3338 3778//3778
f 1577//1577 760//760 1203//1203
f 4273//4273 3726//3726 3887//3887
f 977//977 1409//1409 1191//1191
f 414//414 2501//2501 481//481
f 398//398 3414//3414 3288//3288
f 1462//1462 406//406 1215//1215
f 4375//4375 3253//3253 2609//2609
f 44//44 918//918 3130//3130
f 1872//1872 2142//2142 2735//2735
f 3429//3429 1060//1060 4197//4197
f 1318//1318 3177//3177 1599//1599
f 1821//1821 679//679 1287//1287
f 460//460 1800//1800 802//802
f 1800//1800 1182//1182 802//802
f 3733//3733 3183//3183 2224//2224
f 3668//3668 1078//1078 3096//3096
f 1451//1451 743//743 1066//1066
f 2314//2314 2483//2483 3814//3814
f 3905//3905 496//496 1385//1385
f 3634//3634 3414//3414 398//398
f 2784//2784 3684//3684 2073//2073
f 2746//2746 1875//1875 3901//3901
f 2054//2054 3857//3857 3413//3413
f 709//709 2604//2604 3503//3503
f 3500//3500 4302//4302 410//410
f 838//838 3458//3458 1718//1718
f 1966//1966 2568//2568 3102//3102
f 1081//1081 4039//4039 2597//2597
f 2231//2231 3005//3005 2104//2104
f 1655//1655 1055//1055 1522//1522
f 3067//3067 1894//1894 1608//1608
f 708//708 1682//1682 2196//2196
f 349//349 2784//2784 2888//2888
f 514//514 1101//1101 363//363
f 1651//1651 1128//1128 3121//3121
f 76//76 2766//2766 3511//3511
f 235//235 670//670 903//903
f 2541//2541 3385//3385 1617//1617
f 1698//1698 4703//4703 304//304
f 1142//1142 3105//3105 3353//3353
f 3894//3894 4112//4112 3872//3872
f 3379//3379 3211//3211 1382//1382
f 1251//1251 825//825 484//484
f 1008//1008 1776//1776 2361//2361
f 951//951 590//590 668//668
f 2260//2260 3495//3495 1810//1810
f 4121//4121 791//791 2768//2768
f 3272//3272 383//383 385//385
f 3991//3991 2616//2616 3385//3385
f 2419//2419 2536//2536 1585//1585
f 4443//4443 4733//4733 1064//1064
f 434//434 2316//2316 3452//3452
f 2366//2366 3356//3356 3019//3019
f 1536//1536 786//786 434//434
f 1634//1634 1098//1098 3541//3541
f 855//855 1305//1305 2311//2311
f 1942//1942 3518//3518 2132//2132
f 3721//3721 650//650 4151//4151
f 3497//3497 2952//2952 3492//3492
f 916//916 1941//1941 1328//1328
f 449//449 911//911 1183//1183
f 944//944 2463//2463 2781//2781
f 3357//3357 1961//1961 2136//2136
f 1872//1872 2735//2735 3802//3802
f 4373//4373 4236//4236 324//324
f 3139//3139 1241//1241 908//908
f 1850//1850 829//829 359//359
f 2914//2914 2403//2403 1336//1336
f 4673//4673 298//298 768//768
f 3107//3107 255//255 61//61
f 2887//2887 2962//2962 3325//3325
f 2415//2415 3659//3659 2726//2726
f 1476//1476 4059//4059 975//975
f 3540//3540 315//315 751//751
f 2726//2726 3659//3659 387//387
f 264//264 3887//3887 4276//4276
f 2171//2171 1783//1783 4116//4116
f 3136//3136 572//572 3555//3555
f 2514//2514 3136//3136 3555//3555
f 1362//1362 2212//2212 1313//1313
f 2360//2360 3273//3273 2502//2502
f 2339//2339 3451//3451 660//660
f 3043//3043 1768//1768 1151//1151
f 2369//2369 493//493 4117//4117
f 4383//4383 552//552 361//361
f 3506//3506 3242//3242 2966//2966
f 4197//4197 1955//1955 3086//3086
f 2568//2568 2797//2797 2789//2789
f 3140//3140 103//103 2355//2355
f 1231//1231 98//98 227//227
f 1221//1221 2580//2580 2325//2325
f 1221//1221 2325//2325 2708//2708
f 3561//3561 1532//1532 1144//1144
f 2989//2989 12//12 1265//1265
f 2459//2459 3249//3249 54//54
f 153//153 1577//1577 120//120
f 4727//4727 1729//1729 1310//1310
f 3049//3049 2838//2838 834//834
f 2252//2252 2246//2246 1661//1661
f 1930//1930 1912//1912 588//588
f 3813//3813 2089//2089 1568//1568
f 2296//2296 2577//2577 2930//2930
f 2060//2060 1867//1867 3527//3527
f 3006//3006 950//950 2581//2581
f 1707//1707 1722//1722 1289//1289
f 2544//2544 367//367 3180//3180
f 700//700 1307//1307 352//352
f 1180//1180 2285//2285 1533//1533
f 307//307 2379//2379 2428//2428
f 2270//2270 2240//2240 3099//3099
f 1709//1709 2446//2446 2797//2797
f 2340//2340 1663//1663 1379//1379
f 3526//3526 2861//2861 3055//3055
f 2783//2783 1833//1833 2323//2323
f 966//966 590//590 1425//1425
f 882//882 1134//1134 735//735
f 2412//2412 3062//3062 1665//1665
f 3225//3225 4708//4708 4723//4723
f 741//741 3367//3367 3842//3842
f 2582//2582 1274//1274 1743//1743
f 2923//2923 2453//2453 1678//1678
f 604//604 2971//2971 2235//2235
f 85//85 3071//3071 3224//3224
f 2902//2902 1130//1130 2223//2223
f 465//465 2070//2070 3085//3085
f 3072//3072 1925//1925 817//817
f 3789//3789 3475//3475 3532//3532
f 2100//2100 3605//3605 349//349
f 3457//3457 104//104 243//243
f 1811//1811 859//859 2283//2283
f 852//852 392//392 3441//3441
f 944//944 2601//2601 789//789
f 16//16 3766//3766 2598//2598
f 1696//1696 2357//2357 3392//3392
f 76//76 3511//3511 278//278
f 3548//3548 1847//1847 3155//3155
f 413//413 250//250 1972//1972
f 455//455 621//621 2228//2228
f 1400//1400 2309//2309 4//4
f 2917//2917 2799//2799 1879//1879
f 2618//2618 294//294 541//541
f 1151//1151 692//692 1959//1959
f 3115//3115 199//199 2584//2584
f 1380//1380 70//70 2670//2670
f 361//361 1403//1403 4383//4383
f 2877//2877 1684//1684 342//342
f 3739//3739 2747//2747 14//14
f 916//916 936//936 1941//1941
f 3768//3768 2352//2352 1574//1574
f 1291//1291 2461//2461 99//99
f 1291//1291 555//555 2461//2461
f 3499//3499 1917//1917 2858//2858
f 1097//1097 1148//1148 1069//1069
f 2981//2981 181//181 1597//1597
f 1486//1486 2197//2197 2076//2076
f 3809//3809 3991//3991 2541//2541
f 29//29 4408//4408 4407//4407
f 2314//2314 4321//4321 2451//2451
f 1922//1922 1630//1630 878//878
f 3274//3274 4359//4359 2720//2720
f 2935//2935 4455//4455 2114//2114
f 2091//2091 904//904 3642//3642
f 1573//1573 320//320 1746//1746
f 3694//3694 862//862 3012//3012
f 3429//3429 2202//2202 2135//2135
f 4747//4747 3235//3235 1322//1322
f 2800//2800 1193//1193 2072//2072
f 3612//3612 61//61 1643//1643
f 1389//1389 4015//4015 1581//1581
f 420//420 1971//1971 2416//2416
f 1802//1802 755//755 2859//2859
f 2542//2542 3337//3337 1466//1466
f 2891//2891 2244//2244 635//635
f 1482//1482 585//585 1448//1448
f 3326//3326 777//777 4429//4429
f 1035//1035 3199//3199 2380//2380
f 2756//2756 3445//3445 1501//1501
f 3358//3358 1591//1591 1598//1598
f 3414//3414 1861//1861 3288//3288
f 3414//3414 2744//2744 1861//1861
f 3630//3630 3901//3901 3449//3449
f 1747//1747 2531//2531 1211//1211
f 2411//2411 3469//3469 355//355
f 2632//2632 716//716 1065//1065
f 1661//1661 1331//1331 3123//3123
f 3001//3001 787//787 3415//3415
f 2294//2294 82//82 2257//2257
f 1372//1372 2884//2884 1622//1622
f 286//286 2587//2587 3195//3195
f 4746//4746 1918//1918 1087//1087
f 589//589 1597//1597 81//81
f 2046//2046 1586//1586 1284//1284
f 1795//1795 3313//3313 3376//3376
f 907//907 3207//3207 3849//3849
f 193//193 3829//3829 2020//2020
f 1105//1105 1449//1449 3436//3436
f 3529//3529 13//13 1059//1059
f 1429//1429 1754//1754 1306//1306
f 925//925 2206//2206 1513//1513
f 1217//1217 3559//3559 3721//3721
f 3228//3228 1097//1097 1518//1518
f 3399//3399 3252//3252 3620//3620
f 2478//2478 1741//1741 948//948
f 680//680 2998//2998 1086//1086
f 2287//2287 458//458 2752//2752
f 3625//3625 2261//2261 3043//3043
f 3213//3213 2404//2404 2702//2702
f 4001//4001 3979//3979 4610//4610
f 1819//1819 4676//4676 3954//3954
f 217//217 779//779 645//645
f 2516//2516 2371//2371 1702//1702
f 359//359 1345//1345 724//724
f 2792//2792 3237//3237 187//187
f 2881//2881 222//222 3094//3094
f 1435//1435 3398//3398 1109//1109
f 3669//3669 3564//3564 3577//3577
f 1171//1171 2746//2746 3901//3901
f 263//263 902//902 2378//2378
f 3149//3149 3790//3790 1584//1584
f 594//594 1626//1626 2511//2511
f 4311//4311 4388//4388 4130//4130
f 4411//4411 4412//4412 4413//4413
f 842//842 3128//3128 1419//1419
f 1161//1161 3566//3566 996//996
f 193//193 3287//3287 3829//3829
f 2044//2044 2133//2133 3451//3451
f 1453//1453 1657//1657 644//644
f 2547//2547 2819//2819 1041//1041
f 3388//3388 1347//1347 2579//2579
f 3608//3608 3517//3517 2061//2061
f 720//720 1595//1595 2692//2692
f 2376//2376 1183//1183 2498//2498
f 3586//3586 2083//2083 876//876
f 424//424 1402//1402 3775//3775
f 1938//1938 913//913 2550//2550
f 3691//3691 1710//1710 705//705
f 1990//1990 595//595 378//378
f 1083//1083 3358//3358 2798//2798
f 3431//3431 2945//2945 214//214
f 4696//4696 4726//4726 4695//4695
f 3586//3586 3043//3043 2261//2261
f 3477//3477 3610//3610 82//82
f 2384//2384 498//498 1040//1040
f 408//408 2526//2526 1778//1778
f 2523//2523 704//704 2015//2015
f 1992//1992 455//455 2413//2413
f 2361//2361 1776//1776 1611//1611
f 2170//2170 2168//2168 1268//1268
f 3447//3447 3760//3760 2028//2028
f 167//167 2690//2690 335//335
f 4396//4396 2384//2384 192//192
f 199//199 2743//2743 75//75
f 2402//2402 1792//1792 1848//1848
f 1938//1938 3182//3182 913//913
f 3857//3857 2976//2976 4729//4729
f 1074//1074 1458//1458 2721//2721
f 167//167 665//665 1314//1314
f 2911//2911 11//11 1238//1238
f 1780//1780 3509//3509 291//291
f 752//752 177//177 1101//1101
f 1992//1992 3563//3563 3799//3799
f 3092//3092 157//157 1530//1530
f 701//701 527//527 978//978
f 772//772 2804//2804 2624//2624
f 2409//2409 3257//3257 2971//2971
f 1633//1633 2959//2959 1128//1128
f 1456//1456 1569//1569 1918//1918
f 3712//3712 3348//3348 2886//2886
f 2481//2481 1436//1436 72//72
f 1176//1176 3648//3648 1467//1467
f 1859//1859 3786//3786 510//510
f 1449//1449 1858//1858 3222//3222
f 1432//1432 1199//1199 2134//2134
f 2919//2919 975//975 2069//2069
f 2659//2659 1411//1411 2920//2920
f 4317//4317 4272//4272 1570//1570
f 3213//3213 2702//2702 721//721
f 3052//3052 1358//1358 2623//2623
f 1646//1646 2363//2363 1073//1073
f 2744//2744 3414//3414 2386//2386
f 2240//2240 3120//3120 3076//3076
f 1328//1328 1941//1941 102//102
f 3350//3350 2671//2671 1077//1077
f 3132//3132 2919//2919 259//259
f 2612//2612 1374//1374 3503//3503
f 1737//1737 1607//1607 1566//1566
f 840//840 2855//2855 816//816
f 3667//3667 35//35 2636//2636
f 2384//2384 1040//1040 2317//2317
f 693//693 1757//1757 2445//2445
f 3326//3326 2729//2729 1353//1353
f 1086//1086 2998//2998 348//348
f 1505//1505 2978//2978 1300//1300
f 696//696 944//944 789//789
f 2317//2317 1040//1040 1417//1417
f 183//183 2177//2177 586//586
f 476//476 939//939 2606//2606
f 3011//3011 2445//2445 2564//2564
f 3119//3119 760//760 1577//1577
f 350//350 4722//4722 1552//1552
f 3555//3555 572//572 623//623
f 3317//3317 1247//1247 1975//1975
f 1612//1612 391//391 850//850
f 3313//3313 201//201 2515//2515
f 527//527 2216//2216 978//978
f 1552//1552 1728//1728 3411//3411
f 1409//1409 254//254 1749//1749
f 1424//1424 467//467 1554//1554
f 35//35 3714//3714 1748//1748
f 2962//2962 3245//3245 4392//4392
f 2228//2228 621//621 3243//3243
f 813//813 2911//2911 1224//1224
f 859//859 2472//2472 1225//1225
f 1596//1596 2892//2892 560//560
f 175//175 1136//1136 1990//1990
f 2064//2064 3461//3461 2999//2999
f 682//682 1390//1390 3835//3835
f 3661//3661 3322//3322 1332//1332
f 658//658 2448//2448 1922//1922
f 2931//2931 1850//1850 2170//2170
f 2440//2440 1632//1632 2805//2805
f 4193//4193 2775//2775 4061//4061
f 393//393 3089//3089 1399//1399
f 2281//2281 2667//2667 2688//2688
f 4208//4208 4020//4020 435//435
f 846//846 2484//2484 3805//3805
f 1164//1164 3168//3168 2592//2592
f 731//731 107//107 3045//3045
f 3667//3667 466//466 871//871
f 526//526 3259//3259 707//707
f 3488//3488 1994//1994 1648//1648
f 3683//3683 2916//2916 2961//2961
f 790//790 3631//3631 1236//1236
f 1470//1470 2382//2382 2756//2756
f 3195//3195 2147//2147 2586//2586
f 304//304 853//853 1698//1698
f 626//626 4425//4425 3118//3118
f 3339//3339 3649//3649 632//632
f 3291//3291 1576//1576 734//734
f 3223//3223 1540//1540 3939//3939
f 659//659 711//711 3775//3775
f 1514//1514 1020//1020 2828//2828
f 12//12 1774//1774 1265//1265
f 3734//3734 1594//1594 3207//3207
f 1414//1414 1998//1998 1494//1494
f 1541//1541 478//478 3181//3181
f 2776//2776 239//239 427//427
f 2298//2298 239//239 2776//2776
f 1675//1675 2150//2150 3370//3370
f 1968//1968 367//367 2544//2544
f 2209//2209 277//277 3759//3759
f 332//332 4018//4018 1133//1133
f 1520//1520 3141//3141 1509//1509
f 3559//3559 2699//2699 1018//1018
f 3188//3188 2908//2908 440//440
f 3700//3700 2761//2761 31//31
f 1531//1531 2112//2112 2276//2276
f 2090//2090 1773//1773 3267//3267
f 1795//1795 3376//3376 1260//1260
f 3607//3607 2886//2886 3656//3656
f 3671//3671 1299//1299 1023//1023
f 1639//1639 45//45 2292//2292
f 2870//2870 1200//1200 805//805
f 2928//2928 2194//2194 3187//3187
f 1968//1968 2544//2544 3800//3800
f 1891//1891 443//443 142//142
f 1398//1398 3138//3138 1730//1730
f 1345//1345 2071//2071 724//724
f 1830//1830 2631//2631 507//507
f 1167//1167 2716//2716 1585//1585
f 2002//2002 2391//2391 942//942
f 1801//1801 1515//1515 2869//2869
f 1235//1235 3069//3069 4023//4023
f 2361//2361 2362//2362 2426//2426
f 1053//1053 1100//1100 919//919
f 3249//3249 258//258 54//54
f 489//489 2062//2062 182//182
f 2343//2343 3545//3545 2280//2280
f 1573//1573 805//805 1525//1525
f 771//771 37//37 1846//1846
f 2487//2487 2468//2468 388//388
f 3734//3734 2489//2489 1594//1594
f 2489//2489 2113//2113 1594//1594
f 1051//1051 2623//2623 1444//1444
f 1574//1574 784//784 3339//3339
f 1350//1350 1786//1786 4744//4744
f 1213//1213 1644//1644 639//639
f 3140//3140 2460//2460 103//103
f 2198//2198 2450//2450 2182//2182
f 101//101 1137//1137 2616//2616
f 1137//1137 3385//3385 2616//2616
f 1845//1845 2665//2665 1468//1468
f 1495//1495 3287//3287 3068//3068
f 3720//3720 3413//3413 3461//3461
f 2179//2179 894//894 3453//3453
f 2483//2483 2006//2006 2162//2162
f 2738//2738 3382//3382 372//372
f 1037//1037 3026//3026 2738//2738
f 3605//3605 1932//1932 266//266
f 3727//3727 682//682 3835//3835
f 2481//2481 2237//2237 2468//2468
f 1499//1499 3669//3669 2148//2148
f 3665//3665 2106//2106 3161//3161
f 1079//1079 666//666 3275//3275
f 828//828 855//855 1687//1687
f 2081//2081 1698//1698 2410//2410
f 2705//2705 1634//1634 201//201
f 2445//2445 1757//1757 2199//2199
f 378//378 3515//3515 664//664
f 1827//1827 3635//3635 3275//3275
f 2995//2995 1937//1937 2739//2739
f 138//138 1023//1023 1299//1299
f 3113//3113 4090//4090 2656//2656
f 1154//1154 2079//2079 3506//3506
f 149//149 1691//1691 1984//1984
f 704//704 765//765 2188//2188
f 3381//3381 1733//1733 1231//1231
f 438//438 4021//4021 4141//4141
f 8//8 1267//1267 2466//2466
f 166//166 372//372 3382//3382
f 3640//3640 224//224 3083//3083
f 2802//2802 721//721 2731//2731
f 2309//2309 1400//1400 1981//1981
f 732//732 2123//2123 52//52
f 1794//1794 1225//1225 351//351
f 2475//2475 1326//1326 4435//4435
f 475//475 340//340 1017//1017
f 3511//3511 624//624 278//278
f 3077//3077 2930//2930 1759//1759
f 29//29 4407//4407 4142//4142
f 3300//3300 255//255 3766//3766
f 3114//3114 3588//3588 2958//2958
f 169//169 1044//1044 469//469
f 392//392 927//927 429//429
f 265//265 1299//1299 3671//3671
f 1908//1908 3453//3453 3481//3481
f 1101//1101 177//177 363//363
f 3410//3410 3602//3602 1530//1530
f 1182//1182 1953//1953 536//536
f 1791//1791 1068//1068 2764//2764
f 321//321 2525//2525 2750//2750
f 39//39 3703//3703 3776//3776
f 3283//3283 1126//1126 2491//2491
f 459//459 2271//2271 3475//3475
f 143//143 3492//3492 3618//3618
f 1584//1584 3047//3047 3189//3189
f 2729//2729 2007//2007 1353//1353
f 1713//1713 2007//2007 2729//2729
f 3374//3374 2592//2592 907//907
f 3575//3575 1311//1311 3822//3822
f 2936//2936 775//775 180//180
f 1168//1168 1857//1857 2160//2160
f 3407//3407 402//402 3513//3513
f 453//453 3278//3278 3566//3566
f 2358//2358 1028//1028 2658//2658
f 1104//1104 1572//1572 80//80
f 3091//3091 695//695 3311//3311
f 1981//1981 3059//3059 42//42
f 1832//1832 2729//2729 3326//3326
f 2175//2175 453//453 1161//1161
f 247//247 2450//2450 523//523
f 1600//1600 599//599 1219//1219
f 2315//2315 3832//3832 1298//1298
f 1105//1105 2169//2169 2298//2298
f 3906//3906 873//873 1208//1208
f 2719//2719 3124//3124 2470//2470
f 2183//2183 898//898 114//114
f 1989//1989 1154//1154 2816//2816
f 1081//1081 553//553 652//652
f 396//396 833//833 3065//3065
f 2989//2989 1265//1265 3110//3110
f 3823//3823 444//444 2003//2003
f 1592//1592 60//60 2190//2190
f 3549//3549 1673//1673 1412//1412
f 1247//1247 1322//1322 995//995
f 2967//2967 919//919 1100//1100
f 2433//2433 3196//3196 2673//2673
f 2804//2804 690//690 2675//2675
f 2231//2231 2970//2970 2902//2902
f 3089//3089 13//13 3469//3469
f 3564//3564 2131//2131 3332//3332
f 2374//2374 1416//1416 2094//2094
f 3079//3079 2719//2719 1962//1962
f 1453//1453 778//778 808//808
f 1325//1325 4417//4417 2203//2203
f 3784//3784 489//489 182//182
f 1641//1641 2644//2644 1813//1813
f 4382//4382 2830//2830 1989//1989
f 338//338 2974//2974 730//730
f 2055//2055 1672//1672 1166//1166
f 3800//3800 1240//1240 3437//3437
f 3115//3115 4084//4084 2743//2743
f 147//147 1346//1346 2685//2685
f 2319//2319 2347//2347 3166//3166
f 3537//3537 2520//2520 2885//2885
f 1048//1048 1578//1578 1190//1190
f 3523//3523 3627//3627 1347//1347
f 136//136 1902//1902 2212//2212
f 1729//1729 3097//3097 3020//3020
f 1635//1635 266//266 1932//1932
f 943//943 3421//3421 3420//3420
f 3836//3836 3540//3540 2575//2575
f 2122//2122 2289//2289 808//808
f 1657//1657 1453//1453 2289//2289
f 3683//3683 2961//2961 3096//3096
f 1078//1078 3683//3683 3096//3096
f 2508//2508 1335//1335 4019//4019
f 3386//3386 2619//2619 3504//3504
f 3493//3493 3991//3991 3192//3192
f 2666//2666 3672//3672 2294//2294
f 18//18 2566//2566 2418//2418
f 1549//1549 3504//3504 3166//3166
f 3492//3492 2952//2952 3052//3052
f 3741//3741 4729//4729 172//172
f 3451//3451 2133//2133 1336//1336
f 162//162 702//702 931//931
f 2525//2525 1156//1156 2750//2750
f 3655//3655 3001//3001 1708//1708
f 3018//3018 1669//1669 720//720
f 1393//1393 4418//4418 2678//2678
f 1340//1340 3293//3293 3075//3075
f 770//770 16//16 2598//2598
f 1418//1418 568//568 1505//1505
f 1817//1817 3083//3083 226//226
f 1690//1690 1245//1245 1983//1983
f 3128//3128 2528//2528 3395//3395
f 1346//1346 2534//2534 3171//3171
f 3540//3540 751//751 3533//3533
f 327//327 3427//3427 3513//3513
f 2883//2883 2087//2087 4386//4386
f 3031//3031 3753//3753 531//531
f 1388//1388 3023//3023 3459//3459
f 303//303 2530//2530 501//501
f 610//610 1437//1437 3765//3765
f 3172//3172 151//151 2742//2742
f 338//338 730//730 2566//2566
f 280//280 412//412 124//124
f 3416//3416 451//451 904//904
f 3185//3185 476//476 1485//1485
f 3416//3416 904//904 2091//2091
f 1992//1992 1239//1239 3563//3563
f 160//160 2594//2594 422//422
f 2569//2569 1382//1382 3211//3211
f 1902//1902 136//136 2346//2346
f 1334//1334 2009//2009 2791//2791
f 2665//2665 4771//4771 492//492
f 3952//3952 4029//4029 4769//4769
f 2930//2930 3295//3295 2296//2296
f 3696//3696 3123//3123 968//968
f 3731//3731 672//672 3323//3323
f 2171//2171 3789//3789 1616//1616
f 360//360 165//165 1382//1382
f 2467//2467 715//715 2095//2095
f 924//924 2063//2063 389//389
f 2109//2109 2063//2063 924//924
f 1873//1873 3359//3359 1001//1001
f 486//486 1228//1228 3272//3272
f 1849//1849 1480//1480 228//228
f 1103//1103 2683//2683 392//392
f 475//475 724//724 340//340
f 2236//2236 1706//1706 457//457
f 2177//2177 790//790 1236//1236
f 3372//3372 790//790 1363//1363
f 1229//1229 1365//1365 1007//1007
f 3594//3594 2943//2943 3828//3828
f 1197//1197 1726//1726 1323//1323
f 3398//3398 2128//2128 1109//1109
f 1332//1332 564//564 3407//3407
f 2617//2617 1535//1535 3122//3122
f 2480//2480 2305//2305 565//565
f 3784//3784 182//182 3183//3183
f 2736//2736 2080//2080 938//938
f 3509//3509 2015//2015 912//912
f 2801//2801 1460//1460 1445//1445
f 196//196 684//684 163//163
f 2312//2312 2334//2334 1153//1153
f 230//230 1662//1662 3328//3328
f 671//671 2576//2576 2863//2863
f 2618//2618 863//863 294//294
f 3808//3808 1383//1383 1004//1004
f 613//613 1158//1158 1150//1150
f 303//303 501//501 2286//2286
f 1252//1252 4730//4730 4731//4731
f 3047//3047 2121//2121 640//640
f 330//330 1206//1206 2650//2650
f 3063//3063 1173//1173 2377//2377
f 1394//1394 3593//3593 3156//3156
f 4245//4245 258//258 1106//1106
f 399//399 2862//2862 3177//3177
f 2717//2717 1951//1951 3219//3219
f 818//818 851//851 1104//1104
f 946//946 2986//2986 1629//1629
f 611//611 1356//1356 1668//1668
f 4706//4706 2779//2779 3260//3260
f 3205//3205 893//893 3160//3160
f 2177//2177 1236//1236 2429//2429
f 3533//3533 316//316 2648//2648
f 3295//3295 3533//3533 2648//2648
f 4386//4386 2087//2087 1061//1061
f 3638//3638 2955//2955 2996//2996
f 3580//3580 1862//1862 1357//1357
f 1428//1428 4424//4424 1954//1954
f 2771//2771 2428//2428 2264//2264
f 2044//2044 362//362 763//763
f 1988//1988 145//145 2904//2904
f 408//408 1778//1778 1697//1697
f 1331//1331 1311//1311 3575//3575
f 2292//2292 4259//4259 1616//1616
f 1960//1960 3354//3354 2425//2425
f 1259//1259 1428//1428 1255//1255
f 1006//1006 2618//2618 541//541
f 1459//1459 4694//4694 3167//3167
f 2222//2222 2778//2778 3784//3784
f 547//547 211//211 84//84
f 1523//1523 3319//3319 284//284
f 874//874 4451//4451 1669//1669
f 133//133 3801//3801 1201//1201
f 682//682 3016//3016 1390//1390
f 4763//4763 1848//1848 3337//3337
f 356//356 2890//2890 1479//1479
f 3305//3305 896//896 3738//3738
f 124//124 116//116 4030//4030
f 2316//2316 3997//3997 15//15
f 1272//1272 2056//2056 3611//3611
f 2749//2749 397//397 636//636
f 87//87 2000//2000 1874//1874
f 1400//1400 4//4 491//491
f 1686//1686 4316//4316 1775//1775
f 3967//3967 2407//2407 117//117
f 84//84 1455//1455 2043//2043
f 2019//2019 3190//3190 3165//3165
f 1198//1198 2600//2600 110//110
f 1628//1628 3682//3682 3832//3832
f 1536//1536 161//161 4618//4618
f 3563//3563 47//47 574//574
f 3720//3720 1889//1889 322//322
f 1503//1503 835//835 3596//3596
f 3362//3362 1905//1905 2373//2373
f 2948//2948 3670//3670 2949//2949
f 1531//1531 4199//4199 4061//4061
f 1887//1887 1546//1546 3482//3482
f 132//132 2911//2911 813//813
f 224//224 2317//2317 1417//1417
f 2022//2022 2040//2040 3813//3813
f 2713//2713 3143//3143 1535//1535
f 2214//2214 968//968 861//861
f 1183//1183 911//911 3387//3387
f 1279//1279 4205//4205 1481//1481
f 1788//1788 320//320 2377//2377
f 766//766 502//502 3751//3751
f 2561//2561 1408//1408 3433//3433
f 3286//3286 638//638 2000//2000
f 1062//1062 4309//4309 4467//4467
f 246//246 2633//2633 2439//2439
f 767//767 2157//2157 1286//1286
f 3521//3521 2149//2149 2142//2142
f 3275//3275 368//368 1079//1079
f 3553//3553 1334//1334 2348//2348
f 432//432 1314//1314 304//304
f 2679//2679 1712//1712 1567//1567
f 1239//1239 1562//1562 2841//2841
f 2941//2941 784//784 1811//1811
f 1832//1832 837//837 1974//1974
f 1739//1739 1338//1338 1210//1210
f 2302//2302 468//468 4739//4739
f 1458//1458 2232//2232 1292//1292
f 2281//2281 761//761 2400//2400
f 2901//2901 3038//3038 1473//1473
f 1463//1463 3521//3521 372//372
f 155//155 1188//1188 3252//3252
f 992//992 901//901 1835//1835
f 4393//4393 3526//3526 3055//3055
f 2198//2198 3648//3648 1033//1033
f 1205//1205 1256//1256 2153//2153
f 2164//2164 2413//2413 1910//1910
f 781//781 3705//3705 4152//4152
f 100//100 1595//1595 3408//3408
f 1173//1173 3227//3227 2169//2169
f 1901//1901 3724//3724 767//767
f 239//239 2169//2169 1620//1620
f 3632//3632 2753//2753 1657//1657
f 488//488 499//499 1075//1075
f 1253//1253 3306//3306 49//49
f 4477//4477 941//941 401//401
f 2644//2644 1777//1777 3058//3058
f 2100//2100 4383//4383 3605//3605
f 47//47 2841//2841 4133//4133
f 343//343 3604//3604 1008//1008
f 1021//1021 765//765 704//704
f 3543//3543 4155//4155 3216//3216
f 3464//3464 2687//2687 3162//3162
f 3687//3687 2354//2354 2893//2893
f 1838//1838 1477//1477 2588//2588
f 1659//1659 2858//2858 442//442
f 442//442 2858//2858 1474//1474
f 2076//2076 408//408 1697//1697
f 642//642 2915//2915 2304//2304
f 2963//2963 783//783 2489//2489
f 3151//3151 1812//1812 273//273
f 3660//3660 3550//3550 1432//1432
f 47//47 4133//4133 574//574
f 923//923 2749//2749 1371//1371
f 293//293 3241//3241 1614//1614
f 2649//2649 3241//3241 293//293
f 3583//3583 877//877 1911//1911
f 568//568 3367//3367 2978//2978
f 1959//1959 692//692 550//550
f 3284//3284 1294//1294 672//672
f 3099//3099 269//269 3070//3070
f 1897//1897 2517//2517 3184//3184
f 3015//3015 2347//2347 2319//2319
f 2808//2808 2642//2642 2030//2030
f 3057//3057 2228//2228 3243//3243
f 2320//2320 3654//3654 2956//2956
f 546//546 2389//2389 3530//3530
f 988//988 3282//3282 3170//3170
f 4395//4395 1364//1364 1401//1401
f 76//76 2829//2829 2766//2766
f 623//623 2123//2123 1650//1650
f 2292//2292 1616//1616 3532//3532
f 937//937 1290//1290 1340//1340
f 1979//1979 1775//1775 520//520
f 241//241 336//336 1047//1047
f 2790//2790 1092//1092 3406//3406
f 2790//2790 3406//3406 4381//4381
f 2870//2870 474//474 163//163
f 1883//1883 1427//1427 3477//3477
f 1993//1993 2781//2781 2463//2463
f 4//4 1541//1541 3181//3181
f 2129//2129 1635//1635 3629//3629
f 3345//3345 2672//2672 3361//3361
f 1027//1027 1446//1446 1699//1699
f 713//713 3668//3668 3384//3384
f 1293//1293 3774//3774 2926//2926
f 3059//3059 2048//2048 1707//1707
f 1650//1650 2123//2123 2788//2788
f 450//450 1534//1534 2159//2159
f 896//896 2326//2326 1135//1135
f 4418//4418 367//367 1968//1968
f 1464//1464 2638//2638 1869//1869
f 1691//1691 252//252 2218//2218
f 2907//2907 3375//3375 2068//2068
f 3117//3117 657//657 3486//3486
f 937//937 2443//2443 1290//1290
f 480//480 767//767 710//710
f 1044//1044 2355//2355 3330//3330
f 1392//1392 1743//1743 2021//2021
f 2942//2942 981//981 3081//3081
f 2758//2758 741//741 677//677
f 2250//2250 2543//2543 1734//1734
f 2164//2164 2411//2411 1562//1562
f 1008//1008 1914//1914 2684//2684
f 3604//3604 1914//1914 1008//1008
f 1821//1821 2701//2701 1083//1083
f 2136//2136 69//69 1388//1388
f 447//447 1900//1900 2724//2724
f 655//655 3645//3645 1799//1799
f 697//697 3099//3099 3070//3070
f 269//269 3642//3642 1304//1304
f 1049//1049 1202//1202 4735//4735
f 883//883 3592//3592 952//952
f 683//683 1946//1946 337//337
f 2450//2450 1033//1033 523//523
f 2068//2068 3318//3318 2907//2907
f 2068//2068 1899//1899 3318//3318
f 2749//2749 1462//1462 397//397
f 3391//3391 1002//1002 391//391
f 2591//2591 2009//2009 1334//1334
f 1203//1203 2638//2638 1464//1464
f 1574//1574 3378//3378 784//784
f 2506//2506 3803//3803 3175//3175
f 2390//2390 4204//4204 3944//3944
f 282//282 2175//2175 4139//4139
f 1750//1750 2433//2433 518//518
f 113//113 2630//2630 2234//2234
f 1974//1974 3429//3429 4197//4197
f 4331//4331 303//303 3729//3729
f 167//167 335//335 665//665
f 3376//3376 2327//2327 1889//1889
f 88//88 609//609 545//545
f 3354//3354 1467//1467 2198//2198
f 2529//2529 1244//1244 3796//3796
f 746//746 3228//3228 1518//1518
f 3876//3876 1465//1465 1673//1673
f 4099//4099 139//139 918//918
f 3107//3107 61//61 2685//2685
f 1042//1042 439//439 2417//2417
f 1053//1053 919//919 3271//3271
f 3271//3271 919//919 554//554
f 126//126 3325//3325 2753//2753
f 2167//2167 3386//3386 1549//1549
f 3470//3470 539//539 3117//3117
f 718//718 3982//3982 4085//4085
f 1394//1394 689//689 3593//3593
f 1579//1579 2045//2045 1626//1626
f 75//75 3313//3313 1795//1795
f 3988//3988 627//627 2897//2897
f 3030//3030 3595//3595 1122//1122
f 3311//3311 3616//3616 3103//3103
f 2059//2059 100//100 2898//2898
f 2735//2735 3444//3444 3802//3802
f 2350//2350 2842//2842 1982//1982
f 1104//1104 80//80 818//818
f 554//554 4427//4427 3271//3271
f 2924//2924 2697//2697 1047//1047
f 1892//1892 3640//3640 1824//1824
f 1260//1260 3376//3376 602//602
f 985//985 1658//1658 652//652
f 586//586 1645//1645 2880//2880
f 1610//1610 3539//3539 3770//3770
f 2285//2285 3539//3539 1610//1610
f 3922//3922 4157//4157 4374//4374
f 1840//1840 1977//1977 4187//4187
f 2399//2399 302//302 1229//1229
f 1972//1972 250//250 673//673
f 3336//3336 1565//1565 3507//3507
f 587//587 3502//3502 2372//2372
f 2908//2908 2372//2372 3502//3502
f 203//203 1438//1438 2233//2233
f 548//548 2208//2208 2674//2674
f 629//629 2226//2226 1613//1613
f 2747//2747 434//434 3452//3452
f 1247//1247 995//995 295//295
f 1421//1421 2696//2696 111//111
f 927//927 1038//1038 429//429
f 996//996 817//817 105//105
f 3174//3174 2032//2032 4825//4825
f 1913//1913 2599//2599 4707//4707
f 2869//2869 1541//1541 4//4
f 3060//3060 2768//2768 2439//2439
f 3350//3350 1487//1487 2671//2671
f 1040//1040 1739//1739 1804//1804
f 1489//1489 523//523 2018//2018
f 1029//1029 1080//1080 2354//2354
f 2515//2515 1634//1634 3541//3541
f 3380//3380 1824//1824 2332//2332
f 2567//2567 4735//4735 2345//2345
f 2548//2548 3389//3389 687//687
f 717//717 1942//1942 55//55
f 3344//3344 1968//1968 3800//3800
f 3017//3017 1921//1921 3751//3751
f 3308//3308 3412//3412 2371//2371
f 1005//1005 1879//1879 2067//2067
f 112//112 2874//2874 1028//1028
f 2425//2425 1823//1823 433//433
f 418//418 2806//2806 2358//2358
f 3017//3017 3751//3751 3028//3028
f 926//926 3251//3251 2070//2070
f 3716//3716 2246//2246 2252//2252
f 2158//2158 1227//1227 3793//3793
f 154//154 1923//1923 962//962
f 1421//1421 931//931 2696//2696
f 2012//2012 655//655 13//13
f 2465//2465 3234//3234 676//676
f 3453//3453 58//58 3481//3481
f 1766//1766 1518//1518 210//210
f 3108//3108 4428//4428 1688//1688
f 3190//3190 1712//1712 2679//2679
f 1934//1934 403//403 1705//1705
f 2858//2858 1917//1917 1474//1474
f 2811//2811 1647//1647 4043//4043
f 3626//3626 2535//2535 2080//2080
f 4162//4162 4007//4007 4103//4103
f 4079//4079 4162//4162 2268//2268
f 4052//4052 4163//4163 4468//4468
f 3889//3889 1676//1676 3662//3662
f 1733//1733 2677//2677 98//98
f 3118//3118 2770//2770 626//626
f 3890//3890 1260//1260 1534//1534
f 3721//3721 4151//4151 1969//1969
f 1028//1028 2874//2874 2352//2352
f 532//532 4033//4033 511//511
f 2097//2097 815//815 1717//1717
f 2286//2286 4012//4012 3729//3729
f 2749//2749 636//636 1371//1371
f 1377//1377 3176//3176 3054//3054
f 2619//2619 2319//2319 3166//3166
f 2697//2697 3567//3567 2310//2310
f 2962//2962 4727//4727 3245//3245
f 3810//3810 148//148 2419//2419
f 3250//3250 2860//2860 173//173
f 328//328 3155//3155 2441//2441
f 1248//1248 3042//3042 3811//3811
f 3535//3535 3042//3042 1248//1248
f 541//541 1416//1416 2126//2126
f 1821//1821 1083//1083 2504//2504
f 541//541 294//294 1416//1416
f 3014//3014 2300//2300 733//733
f 1494//1494 490//490 2107//2107
f 3124//3124 2891//2891 2470//2470
f 1602//1602 673//673 2947//2947
f 950//950 3349//3349 3197//3197
f 930//930 2555//2555 1098//1098
f 58//58 894//894 4239//4239
f 2080//2080 2535//2535 938//938
f 3758//3758 1268//1268 1259//1259
f 469//469 1097//1097 2022//2022
f 1367//1367 2553//2553 2827//2827
f 1779//1779 1269//1269 2564//2564
f 833//833 1267//1267 3065//3065
f 1884//1884 1469//1469 1029//1029
f 251//251 200//200 3418//3418
f 901//901 4728//4728 3758//3758
f 1310//1310 1104//1104 851//851
f 433//433 3244//3244 3837//3837
f 4737//4737 3402//3402 4738//4738
f 3207//3207 1594//1594 875//875
f 4208//4208 435//435 4421//4421
f 2528//2528 1813//1813 1692//1692
f 3697//3697 4432//4432 2214//2214
f 4184//4184 749//749 3030//3030
f 2811//2811 4694//4694 1647//1647
f 1741//1741 181//181 2420//2420
f 2832//2832 1622//1622 1702//1702
f 1466//1466 1978//1978 1177//1177
f 446//446 1397//1397 2200//2200
f 3156//3156 863//863 1094//1094
f 1510//1510 3275//3275 666//666
f 3296//3296 2879//2879 3307//3307
f 883//883 952//952 2483//2483
f 2535//2535 2722//2722 2620//2620
f 686//686 829//829 1850//1850
f 3062//3062 3587//3587 1665//1665
f 3254//3254 74//74 3712//3712
f 1776//1776 2684//2684 1270//1270
f 2165//2165 2215//2215 2639//2639
f 491//491 3181//3181 3362//3362
f 3398//3398 1054//1054 551//551
f 141//141 2695//2695 2143//2143
f 4263//4263 3741//3741 172//172
f 326//326 311//311 1156//1156
f 3407//3407 564//564 1418//1418
f 2600//2600 802//802 110//110
f 110//110 802//802 2135//2135
f 170//170 3801//3801 879//879
f 1559//1559 799//799 3763//3763
f 2653//2653 3474//3474 31//31
f 864//864 2572//2572 3015//3015
f 1530//1530 1067//1067 2482//2482
f 855//855 2311//2311 198//198
f 74//74 524//524 2988//2988
f 2814//2814 3948//3948 3312//3312
f 2165//2165 2561//2561 2215//2215
f 4727//4727 1310//1310 851//851
f 1134//1134 742//742 2645//2645
f 1155//1155 212//212 2806//2806
f 2038//2038 3399//3399 3620//3620
f 600//600 3274//3274 3344//3344
f 2660//2660 3069//3069 1235//1235
f 1870//1870 2892//2892 3474//3474
f 2751//2751 1174//1174 1015//1015
f 2718//2718 1251//1251 743//743
f 1778//1778 1918//1918 4746//4746
f 823//823 798//798 1754//1754
f 1377//1377 117//117 3176//3176
f 1868//1868 1615//1615 3619//3619
f 2863//2863 863//863 3156//3156
f 1090//1090 3753//3753 4433//4433
f 427//427 1119//1119 2390//2390
f 1002//1002 83//83 628//628
f 3149//3149 1897//1897 3790//3790
f 4864//4864 4270//4270 571//571
f 2415//2415 2631//2631 1126//1126
f 4177//4177 1387//1387 3858//3858
f 1926//1926 3208//3208 2794//2794
f 2203//2203 4434//4434 1325//1325
f 2111//2111 3127//3127 2771//2771
f 3427//3427 2753//2753 3820//3820
f 2103//2103 4765//4765 2446//2446
f 528//528 1934//1934 1705//1705
f 1572//1572 1893//1893 1936//1936
f 1072//1072 3602//3602 3562//3562
f 1322//1322 134//134 2131//2131
f 2642//2642 2651//2651 2737//2737
f 1547//1547 3809//3809 1160//1160
f 3856//3856 4740//4740 4741//4741
f 1365//1365 130//130 3574//3574
f 1967//1967 3357//3357 2136//2136
f 2250//2250 1734//1734 1624//1624
f 3229//3229 674//674 268//268
f 1724//1724 3460//3460 3277//3277
f 1938//1938 662//662 3182//3182
f 4230//4230 780//780 583//583
f 34//34 1673//1673 1465//1465
f 2788//2788 2654//2654 4095//4095
f 3460//3460 13//13 3089//3089
f 219//219 3883//3883 1551//1551
f 2835//2835 2437//2437 3044//3044
f 619//619 1070//1070 1512//1512
f 660//660 3292//3292 1107//1107
f 2257//2257 2630//2630 113//113
f 945//945 2233//2233 1757//1757
f 1201//1201 2552//2552 3129//3129
f 3023//3023 1431//1431 699//699
f 890//890 400//400 1924//1924
f 2867//2867 3731//3731 3323//3323
f 1695//1695 2659//2659 2176//2176
f 3708//3708 3704//3704 1381//1381
f 3304//3304 521//521 276//276
f 824//824 2430//2430 4436//4436
f 4075//4075 1629//1629 3663//3663
f 600//600 2364//2364 3075//3075
f 4216//4216 2514//2514 3555//3555
f 3077//3077 3295//3295 2930//2930
f 34//34 428//428 1673//1673
f 896//896 3634//3634 2326//2326
f 1392//1392 1483//1483 3265//3265
f 3370//3370 701//701 461//461
f 906//906 1035//1035 2380//2380
f 2444//2444 2074//2074 3488//3488
f 322//322 1889//1889 2262//2262
f 3568//3568 2423//2423 563//563
f 3637//3637 1637//1637 1180//1180
f 2528//2528 1641//1641 1813//1813
f 1720//1720 1082//1082 1048//1048
f 1329//1329 2222//2222 2545//2545
f 2946//2946 1566//1566 3769//3769
f 3658//3658 255//255 3300//3300
f 167//167 497//497 1721//1721
f 3703//3703 3743//3743 4137//4137
f 1314//1314 497//497 167//167
f 2657//2657 2942//2942 3081//3081
f 1570//1570 1945//1945 4106//4106
f 1773//1773 610//610 3765//3765
f 3650//3650 3008//3008 101//101
f 825//825 474//474 2870//2870
f 1493//1493 745//745 1348//1348
f 3255//3255 184//184 2529//2529
f 904//904 1241//1241 1304//1304
f 2848//2848 2406//2406 131//131
f 2375//2375 3010//3010 2477//2477
f 1858//1858 309//309 249//249
f 3578//3578 2064//2064 3621//3621
f 2344//2344 848//848 940//940
f 2290//2290 312//312 1978//1978
f 1850//1850 2168//2168 2170//2170
f 3587//3587 2502//2502 3215//3215
f 1414//1414 1494//1494 3394//3394
f 1833//1833 1632//1632 2440//2440
f 1464//1464 1526//1526 2394//2394
f 3186//3186 4125//4125 3266//3266
f 2//2 3803//3803 2321//2321
f 89//89 1203//1203 2394//2394
f 726//726 860//860 703//703
f 2718//2718 738//738 3725//3725
f 2698//2698 3562//3562 3410//3410
f 2535//2535 2620//2620 1004//1004
f 1296//1296 4320//4320 2880//2880
f 663//663 929//929 1456//1456
f 1413//1413 117//117 1377//1377
f 3611//3611 794//794 2850//2850
f 626//626 2770//2770 3911//3911
f 544//544 2407//2407 3967//3967
f 825//825 1375//1375 474//474
f 3670//3670 2948//2948 3514//3514
f 1267//1267 833//833 2466//2466
f 1700//1700 1796//1796 3365//3365
f 1804//1804 1739//1739 552//552
f 2893//2893 1085//1085 742//742
f 847//847 1327//1327 405//405
f 1815//1815 286//286 3494//3494
f 1659//1659 3485//3485 130//130
f 2307//2307 1096//1096 2112//2112
f 3917//3917 4176//4176 4560//4560
f 3244//3244 1873//1873 3029//3029
f 4500//4500 1585//1585 3363//3363
f 2840//2840 2188//2188 3144//3144
f 84//84 2043//2043 547//547
f 1917//1917 3676//3676 618//618
f 1781//1781 2516//2516 4742//4742
f 3300//3300 3766//3766 2137//2137
f 3492//3492 3052//3052 3327//3327
f 573//573 2088//2088 2058//2058
f 618//618 421//421 1234//1234
f 2115//2115 433//433 1156//1156
f 1701//1701 3560//3560 93//93
f 457//457 1706//1706 592//592
f 3554//3554 3817//3817 934//934
f 297//297 3685//3685 3227//3227
f 1835//1835 1963//1963 1080//1080
f 2597//2597 4039//4039 272//272
f 2050//2050 1262//1262 1966//1966
f 311//311 326//326 3439//3439
f 3239//3239 722//722 4061//4061
f 1603//1603 3665//3665 2705//2705
f 3170//3170 3319//3319 3797//3797
f 1864//1864 811//811 1370//1370
f 1825//1825 1549//1549 2510//2510
f 1825//1825 2167//2167 1549//1549
f 3808//3808 1288//1288 1383//1383
f 3235//3235 3833//3833 970//970
f 3223//3223 2615//2615 3289//3289
f 68//68 2233//2233 945//945
f 1037//1037 677//677 3026//3026
f 2433//2433 949//949 518//518
f 4178//4178 4592//4592 3788//3788
f 2455//2455 1745//1745 1163//1163
f 3468//3468 1521//1521 1734//1734
f 677//677 3793//3793 3507//3507
f 317//317 2713//2713 1535//1535
f 3232//3232 1979//1979 3014//3014
f 1423//1423 2391//2391 2884//2884
f 2179//2179 3252//3252 894//894
f 1281//1281 1263//1263 435//435
f 3771//3771 141//141 1054//1054
f 1237//1237 204//204 3238//3238
f 2884//2884 3695//3695 1622//1622
f 2736//2736 3148//3148 2080//2080
f 2150//2150 1675//1675 2342//2342
f 1984//1984 1658//1658 985//985
f 2464//2464 2318//2318 83//83
f 2899//2899 2078//2078 1934//1934
f 103//103 841//841 301//301
f 3139//3139 1304//1304 1241//1241
f 968//968 3123//3123 3575//3575
f 1418//1418 2557//2557 3407//3407
f 265//265 3671//3671 783//783
f 2745//2745 3698//3698 439//439
f 4435//4435 2258//2258 2029//2029
f 1667//1667 4693//4693 2486//2486
f 1037//1037 2443//2443 937//937
f 66//66 2341//2341 4165//4165
f 1691//1691 2218//2218 1081//1081
f 3401//3401 2052//2052 2966//2966
f 2469//2469 1871//1871 3397//3397
f 1560//1560 567//567 3233//3233
f 2104//2104 3233//3233 4218//4218
f 3218//3218 1808//1808 736//736
f 3247//3247 972//972 3024//3024
f 778//778 2049//2049 3609//3609
f 3301//3301 4172//4172 4185//4185
f 1190//1190 202//202 1720//1720
f 2446//2446 1608//1608 1894//1894
f 3054//3054 845//845 1411//1411
f 1508//1508 1209//1209 325//325
f 2846//2846 2606//2606 3231//3231
f 837//837 2202//2202 3429//3429
f 2812//2812 1850//1850 2931//2931
f 3834//3834 323//323 3037//3037
f 1177//1177 3591//3591 1765//1765
f 2520//2520 3537//3537 1668//1668
f 1889//1889 2327//2327 2262//2262
f 1541//1541 4447//4447 2436//2436
f 1324//1324 1895//1895 888//888
f 3658//3658 1643//1643 255//255
f 3815//3815 776//776 212//212
f 3802//3802 2759//2759 3479//3479
f 2764//2764 1291//1291 1480//1480
f 3416//3416 473//473 451//451
f 3727//3727 3835//3835 1495//1495
f 2809//2809 4416//4416 1163//1163
f 3762//3762 2541//2541 1617//1617
f 3623//3623 1756//1756 262//262
f 1273//1273 2331//2331 4492//4492
f 2469//2469 3397//3397 2875//2875
f 2438//2438 1964//1964 3254//3254
f 3622//3622 2051//2051 781//781
f 3622//3622 2298//2298 2051//2051
f 1444//1444 2623//2623 221//221
f 1191//1191 3522//3522 2346//2346
f 2583//2583 4159//4159 4155//4155
f 1399//1399 3469//3469 2411//2411
f 1131//1131 312//312 1192//1192
f 801//801 329//329 3202//3202
f 3363//3363 2716//2716 2933//2933
f 2440//2440 915//915 798//798
f 3168//3168 2963//2963 2592//2592
f 502//502 3410//3410 157//157
f 39//39 3743//3743 3703//3703
f 1029//1029 2354//2354 3687//3687
f 1161//1161 453//453 3566//3566
f 477//477 3450//3450 202//202
f 679//679 2598//2598 395//395
f 877//877 1758//1758 1162//1162
f 2758//2758 677//677 1037//1037
f 3364//3364 3330//3330 3185//3185
f 2895//2895 2938//2938 2402//2402
f 1499//1499 2194//2194 295//295
f 13//13 655//655 3469//3469
f 1711//1711 3122//3122 2081//2081
f 1858//1858 3535//3535 3222//3222
f 711//711 437//437 424//424
f 1030//1030 2835//2835 154//154
f 3671//3671 1023//1023 2333//2333
f 234//234 2556//2556 2238//2238
f 2529//2529 3796//3796 1919//1919
f 465//465 926//926 2070//2070
f 3643//3643 3526//3526 150//150
f 878//878 1630//1630 2878//2878
f 738//738 932//932 3725//3725
f 3537//3537 611//611 1668//1668
f 1436//1436 1588//1588 933//933
f 2762//2762 4744//4744 662//662
f 1995//1995 2236//2236 457//457
f 112//112 2667//2667 2874//2874
f 2585//2585 327//327 3513//3513
f 285//285 2824//2824 2683//2683
f 2032//2032 493//493 3726//3726
f 3378//3378 1949//1949 2553//2553
f 2290//2290 1192//1192 312//312
f 1308//1308 1636//1636 1182//1182
f 1515//1515 3675//3675 2548//2548
f 390//390 2528//2528 385//385
f 429//429 1452//1452 2815//2815
f 2607//2607 1376//1376 934//934
f 2803//2803 1741//1741 2478//2478
f 1126//1126 3283//3283 3596//3596
f 2882//2882 496//496 1264//1264
f 3328//3328 4654//4654 230//230
f 1643//1643 61//61 255//255
f 1128//1128 2550//2550 3121//3121
f 576//576 715//715 2467//2467
f 2281//2281 2400//2400 2667//2667
f 1050//1050 1391//1391 1563//1563
f 968//968 3575//3575 3822//3822
f 2923//2923 2593//2593 2453//2453
f 3026//3026 3382//3382 2738//2738
f 3672//3672 82//82 2294//2294
f 1142//1142 130//130 1365//1365
f 1644//1644 2909//2909 1576//1576
f 1729//1729 3020//3020 1310//1310
f 2457//2457 2649//2649 293//293
f 1408//1408 3080//3080 1888//1888
f 2038//2038 1293//1293 3399//3399
f 427//427 969//969 1119//1119
f 947//947 283//283 1371//1371
f 216//216 2572//2572 864//864
f 2359//2359 964//964 3565//3565
f 1592//1592 1854//1854 54//54
f 2013//2013 297//297 3063//3063
f 3286//3286 2000//2000 87//87
f 1067//1067 1509//1509 2482//2482
f 283//283 490//490 1494//1494
f 120//120 1843//1843 153//153
f 145//145 1740//1740 1752//1752
f 1120//1120 4042//4042 4051//4051
f 724//724 2071//2071 340//340
f 1505//1505 187//187 3131//3131
f 3262//3262 3091//3091 3311//3311
f 2760//2760 1010//1010 233//233
f 690//690 1238//1238 2675//2675
f 1074//1074 1653//1653 2932//2932
f 2545//2545 2222//2222 1999//1999
f 4763//4763 4432//4432 3697//3697
f 1261//1261 267//267 3256//3256
f 4194//4194 3769//3769 1606//1606
f 551//551 1483//1483 1392//1392
f 1667//1667 2486//2486 4366//4366
f 2128//2128 551//551 1564//1564
f 472//472 2128//2128 1564//1564
f 2990//2990 12//12 2989//2989
f 1721//1721 3306//3306 2690//2690
f 361//361 1147//1147 2126//2126
f 2953//2953 308//308 3510//3510
f 3020//3020 3097//3097 917//917
f 3067//3067 505//505 2852//2852
f 3834//3834 2258//2258 3651//3651
f 2379//2379 1434//1434 2428//2428
f 3002//3002 175//175 664//664
f 3681//3681 2868//2868 3923//3923
f 1671//1671 1166//1166 612//612
f 956//956 1366//1366 1771//1771
f 2185//2185 878//878 1352//1352
f 2275//2275 4023//4023 3069//3069
f 3756//3756 702//702 3918//3918
f 394//394 3617//3617 3806//3806
f 246//246 2826//2826 737//737
f 448//448 2216//2216 527//527
f 1870//1870 1672//1672 1906//1906
f 3421//3421 471//471 3754//3754
f 1833//1833 2440//2440 823//823
f 2269//2269 41//41 353//353
f 2022//2022 1097//1097 2040//2040
f 1852//1852 3079//3079 2211//2211
f 2929//2929 256//256 2981//2981
f 4120//4120 974//974 629//629
f 4454//4454 2723//2723 4308//4308
f 3152//3152 2972//2972 744//744
f 4166//4166 4064//4064 3955//3955
f 1165//1165 3017//3017 3028//3028
f 2288//2288 1862//1862 2825//2825
f 3468//3468 2543//2543 2068//2068
f 1306//1306 1149//1149 785//785
f 2655//2655 3388//3388 3109//3109
f 3838//3838 1981//1981 755//755
f 2501//2501 1203//1203 89//89
f 4030//4030 1929//1929 3393//3393
f 3755//3755 4380//4380 870//870
f 1188//1188 2152//2152 3524//3524
f 3203//3203 1654//1654 1527//1527
f 3008//3008 503//503 101//101
f 1091//1091 3258//3258 1681//1681
f 1560//1560 3233//3233 2104//2104
f 1184//1184 2942//2942 1683//1683
f 2824//2824 1596//1596 560//560
f 841//841 1495//1495 3068//3068
f 1751//1751 2417//2417 1028//1028
f 7//7 708//708 357//357
f 1770//1770 1274//1274 2249//2249
f 2303//2303 1770//1770 2249//2249
f 1760//1760 2905//2905 3463//3463
f 2901//2901 2586//2586 41//41
f 2113//2113 2712//2712 1594//1594
f 3946//3946 3982//3982 1604//1604
f 3724//3724 3277//3277 393//393
f 4367//4367 4188//4188 4282//4282
f 1805//1805 514//514 2844//2844
f 3011//3011 945//945 693//693
f 515//515 865//865 1686//1686
f 3681//3681 217//217 645//645
f 2532//2532 1402//1402 3281//3281
f 3098//3098 1619//1619 2251//2251
f 2791//2791 2392//2392 119//119
f 882//882 735//735 663//663
f 1978//1978 312//312 753//753
f 2700//2700 4042//4042 1053//1053
f 2706//2706 1206//1206 330//330
f 1234//1234 421//421 36//36
f 3379//3379 2997//2997 3211//3211
f 3000//3000 526//526 1950//1950
f 735//735 2730//2730 1456//1456
f 473//473 4309//4309 451//451
f 1505//1505 568//568 2978//2978
f 2870//2870 1583//1583 1200//1200
f 2706//2706 2668//2668 1206//1206
f 3636//3636 1647//1647 4694//4694
f 836//836 1213//1213 271//271
f 2894//2894 2554//2554 3608//3608
f 3681//3681 645//645 2868//2868
f 4066//4066 4825//4825 3965//3965
f 3813//3813 1716//1716 169//169
f 2418//2418 2279//2279 2408//2408
f 2322//2322 3686//3686 1645//1645
f 703//703 860//860 2572//2572
f 2212//2212 1362//1362 136//136
f 2752//2752 3626//3626 3148//3148
f 3760//3760 2780//2780 17//17
f 3672//3672 3477//3477 82//82
f 2135//2135 1182//1182 1060//1060
f 2002//2002 2884//2884 2391//2391
f 1590//1590 4718//4718 2793//2793
f 2988//2988 3490//3490 1806//1806
f 2306//2306 2398//2398 3679//3679
f 1275//1275 2366//2366 987//987
f 1626//1626 2045//2045 2511//2511
f 1126//1126 1125//1125 2491//2491
f 1644//1644 1213//1213 486//486
f 1762//1762 401//401 2816//2816
f 203//203 3470//3470 1438//1438
f 21//21 197//197 310//310
f 1888//1888 3347//3347 3433//3433
f 1602//1602 3359//3359 1972//1972
f 1122//1122 314//314 3030//3030
f 4019//4019 1335//1335 1714//1714
f 1169//1169 1857//1857 1168//1168
f 960//960 2537//2537 1378//1378
f 72//72 1050//1050 1563//1563
f 1614//1614 2854//2854 162//162
f 2595//2595 251//251 550//550
f 550//550 251//251 2703//2703
f 3929//3929 230//230 758//758
f 3903//3903 4446//4446 4096//4096
f 1898//1898 2393//2393 383//383
f 2444//2444 420//420 3049//3049
f 2908//2908 3502//3502 440//440
f 2608//2608 880//880 4143//4143
f 3182//3182 662//662 2479//2479
f 996//996 3072//3072 817//817
f 1970//1970 1237//1237 3238//3238
f 2168//2168 359//359 475//475
f 1364//1364 602//602 2709//2709
f 141//141 1770//1770 2303//2303
f 3471//3471 3230//3230 1869//1869
f 461//461 701//701 978//978
f 3707//3707 2211//2211 3079//3079
f 2444//2444 1648//1648 420//420
f 1922//1922 3111//3111 1630//1630
f 3121//3121 2550//2550 913//913
f 3181//3181 478//478 3276//3276
f 1783//1783 2171//2171 1325//1325
f 2004//2004 296//296 4191//4191
f 1700//1700 1360//1360 643//643
f 2932//2932 1653//1653 2861//2861
f 1454//1454 2239//2239 1361//1361
f 2783//2783 4746//4746 1632//1632
f 920//920 2912//2912 1448//1448
f 1731//1731 2400//2400 1732//1732
f 1556//1556 910//910 2987//2987
f 3236//3236 2866//2866 2246//2246
f 2690//2690 3306//3306 335//335
f 2215//2215 1180//1180 2639//2639
f 1987//1987 2938//2938 1132//1132
f 2819//2819 1443//1443 3579//3579
f 1546//1546 3807//3807 2060//2060
f 1271//1271 2389//2389 1814//1814
f 3116//3116 3266//3266 2633//2633
f 3303//3303 3041//3041 403//403
f 3619//3619 885//885 1152//1152
f 1036//1036 4192//4192 3883//3883
f 1485//1485 476//476 176//176
f 3633//3633 1477//1477 3717//3717
f 2155//2155 2945//2945 3431//3431
f 534//534 2484//2484 1913//1913
f 2237//2237 90//90 2265//2265
f 383//383 2393//2393 390//390
f 1084//1084 3426//3426 1677//1677
f 2624//2624 1423//1423 1372//1372
f 2393//2393 2838//2838 384//384
f 3259//3259 1460//1460 3597//3597
f 2997//2997 1996//1996 3211//3211
f 11//11 3816//3816 21//21
f 3787//3787 4106//4106 4038//4038
f 2931//2931 2170//2170 1282//1282
f 2493//2493 2281//2281 2688//2688
f 563//563 2423//2423 3525//3525
f 1576//1576 2909//2909 734//734
f 1965//1965 123//123 2357//2357
f 1966//1966 2797//2797 2568//2568
f 3229//3229 268//268 2328//2328
f 1704//1704 697//697 3070//3070
f 1287//1287 3520//3520 1076//1076
f 1033//1033 854//854 2018//2018
f 1799//1799 207//207 3865//3865
f 1670//1670 3312//3312 3948//3948
f 3320//3320 1864//1864 1370//1370
f 2300//2300 3285//3285 32//32
f 3329//3329 235//235 86//86
f 2026//2026 2331//2331 1273//1273
f 2787//2787 914//914 2875//2875
f 1643//1643 3658//3658 2873//2873
f 3183//3183 1868//1868 2224//2224
f 12//12 5//5 1774//1774
f 4725//4725 499//499 488//488
f 682//682 3245//3245 3016//3016
f 823//823 653//653 1638//1638
f 1179//1179 941//941 4477//4477
f 3590//3590 119//119 700//700
f 119//119 691//691 700//700
f 1328//1328 271//271 862//862
f 3317//3317 4747//4747 1247//1247
f 3441//3441 1559//1559 3450//3450
f 1492//1492 1142//1142 2681//2681
f 1752//1752 1378//1378 3288//3288
f 2353//2353 1340//1340 2921//2921
f 2933//2933 2551//2551 2669//2669
f 3598//3598 3644//3644 3404//3404
f 4470//4470 1652//1652 747//747
f 2297//2297 2521//2521 654//654
f 3296//3296 3045//3045 2879//2879
f 713//713 2056//2056 3668//3668
f 2721//2721 1458//1458 3055//3055
f 1842//1842 3323//3323 1760//1760
f 407//407 3594//3594 638//638
f 308//308 1301//1301 2491//2491
f 2239//2239 1509//1509 1063//1063
f 1651//1651 3121//3121 2221//2221
f 994//994 505//505 2890//2890
f 1912//1912 1820//1820 588//588
f 1280//1280 2905//2905 3032//3032
f 1716//1716 808//808 778//778
f 1479//1479 2895//2895 3697//3697
f 822//822 3638//3638 1945//1945
f 3842//3842 1766//1766 741//741
f 1428//1428 2924//2924 1085//1085
f 3030//3030 2817//2817 3595//3595
f 1614//1614 3241//3241 2854//2854
f 3576//3576 3658//3658 3032//3032
f 895//895 474//474 1375//1375
f 3798//3798 1960//1960 1309//1309
f 1354//1354 4492//4492 2421//2421
f 2560//2560 2615//2615 973//973
f 1879//1879 2849//2849 2067//2067
f 3779//3779 1408//1408 2561//2561
f 1450//1450 552//552 4383//4383
f 1628//1628 3146//3146 2312//2312
f 1163//1163 1459//1459 3167//3167
f 3867//3867 1382//1382 2569//2569
f 2322//2322 109//109 3686//3686
f 257//257 2950//2950 236//236
f 3012//3012 862//862 580//580
f 1174//1174 2921//2921 3075//3075
f 2823//2823 4114//4114 958//958
f 2869//2869 1515//1515 4447//4447
f 978//978 2762//2762 1909//1909
f 1178//1178 2532//2532 4382//4382
f 509//509 801//801 637//637
f 466//466 1271//1271 871//871
f 1327//1327 2081//2081 2485//2485
f 2793//2793 3548//3548 3624//3624
f 1069//1069 1148//1148 596//596
f 2302//2302 2829//2829 76//76
f 2343//2343 4160//4160 4195//4195
f 3164//3164 4198//4198 991//991
f 445//445 18//18 2130//2130
f 4018//4018 2227//2227 1133//1133
f 4728//4728 1282//1282 3758//3758
f 629//629 1613//1613 4136//4136
f 741//741 3793//3793 677//677
f 1080//1080 1255//1255 2354//2354
f 3263//3263 3226//3226 3255//3255
f 686//686 528//528 829//829
f 2697//2697 2310//2310 1047//1047
f 2888//2888 2784//2784 2073//2073
f 213//213 3177//3177 1318//1318
f 1919//1919 3421//3421 943//943
f 2057//2057 1697//1697 2783//2783
f 3315//3315 1877//1877 3839//3839
f 2234//2234 1782//1782 1860//1860
f 414//414 2857//2857 2853//2853
f 2333//2333 1865//1865 3744//3744
f 1134//1134 2645//2645 2730//2730
f 972//972 1817//1817 761//761
f 78//78 2036//2036 122//122
f 2000//2000 2269//2269 353//353
f 2090//2090 3267//3267 2813//2813
f 1336//1336 2133//2133 2914//2914
f 3159//3159 1674//1674 237//237
f 1647//1647 3636//3636 529//529
f 3367//3367 741//741 1300//1300
f 2715//2715 1656//1656 1116//1116
f 861//861 968//968 717//717
f 1285//1285 138//138 265//265
f 565//565 2305//2305 2105//2105
f 87//87 395//395 625//625
f 3025//3025 3304//3304 2034//2034
f 1695//1695 2162//2162 2006//2006
f 2986//2986 2475//2475 3823//3823
f 1029//1029 614//614 1080//1080
f 2078//2078 2691//2691 3303//3303
f 246//246 4067//4067 2633//2633
f 3541//3541 1098//1098 708//708
f 2272//2272 2315//2315 2117//2117
f 2862//2862 3825//3825 3082//3082
f 2031//2031 1725//1725 2652//2652
f 3628//3628 2905//2905 1280//1280
f 2498//2498 2985//2985 2376//2376
f 1648//1648 1994//1994 1971//1971
f 1345//1345 359//359 829//829
f 917//917 856//856 3020//3020
f 3716//3716 3236//3236 2246//2246
f 3094//3094 967//967 976//976
f 3527//3527 279//279 2959//2959
f 294//294 736//736 1416//1416
f 3786//3786 3711//3711 510//510
f 3087//3087 482//482 2500//2500
f 870//870 3087//3087 2500//2500
f 3534//3534 19//19 4319//4319
f 2150//2150 2342//2342 448//448
f 4151//4151 3952//3952 4769//4769
f 382//382 1475//1475 425//425
f 164//164 3145//3145 270//270
f 2506//2506 1904//1904 2337//2337
f 644//644 1657//1657 3325//3325
f 1895//1895 2192//2192 522//522
f 2739//2739 1145//1145 3206//3206
f 863//863 2863//2863 1808//1808
f 856//856 2076//2076 2057//2057
f 3515//3515 1735//1735 2178//2178
f 4783//4783 4800//4800 4750//4750
f 1590//1590 1177//1177 4718//4718
f 2217//2217 3785//3785 2516//2516
f 487//487 2044//2044 763//763
f 3263//3263 2084//2084 3226//3226
f 2563//2563 3631//3631 3728//3728
f 2060//2060 2959//2959 1546//1546
f 2078//2078 3303//3303 1934//1934
f 2073//2073 2588//2588 524//524
f 4236//4236 4373//4373 4450//4450
f 4236//4236 1167//1167 2536//2536
f 1929//1929 2847//2847 3290//3290
f 1184//1184 1782//1782 981//981
f 1184//1184 1860//1860 1782//1782
f 2291//2291 1843//1843 120//120
f 65//65 2998//2998 1305//1305
f 65//65 1305//1305 3440//3440
f 952//952 2328//2328 2006//2006
f 479//479 774//774 1823//1823
f 2815//2815 1452//1452 1315//1315
f 3784//3784 2778//2778 489//489
f 3406//3406 185//185 3639//3639
f 1031//1031 4748//4748 216//216
f 2343//2343 4195//4195 3545//3545
f 1996//1996 1197//1197 1323//1323
f 2647//2647 3188//3188 374//374
f 1310//1310 1893//1893 1104//1104
f 3249//3249 3501//3501 1106//1106
f 1242//1242 1397//1397 634//634
f 2001//2001 4742//4742 3239//3239
f 2849//2849 1441//1441 2637//2637
f 1072//1072 3562//3562 1796//1796
f 3143//3143 432//432 1535//1535
f 798//798 1149//1149 1818//1818
f 1893//1893 856//856 1936//1936
f 2750//2750 3287//3287 193//193
f 2754//2754 2338//2338 3674//3674
f 612//612 1498//1498 2590//2590
f 1174//1174 3075//3075 2364//2364
f 3132//3132 259//259 258//258
f 2042//2042 2531//2531 1486//1486
f 2522//2522 1324//1324 443//443
f 4865//4865 1822//1822 633//633
f 1293//1293 538//538 2889//2889
f 2324//2324 1614//1614 162//162
f 2925//2925 593//593 2118//2118
f 3519//3519 2033//2033 3179//3179
f 1635//1635 1405//1405 3629//3629
f 3650//3650 101//101 1896//1896
f 2534//2534 3394//3394 3542//3542
f 1749//1749 1191//1191 1409//1409
f 3430//3430 178//178 2055//2055
f 1311//1311 2478//2478 3051//3051
f 1211//1211 2531//2531 2042//2042
f 2193//2193 2093//2093 2674//2674
f 638//638 3286//3286 676//676
f 2478//2478 3284//3284 376//376
f 846//846 3805//3805 204//204
f 741//741 2758//2758 1300//1300
f 2974//2974 1902//1902 4451//4451
f 3056//3056 4393//4393 3055//3055
f 1743//1743 1274//1274 209//209
f 2394//2394 194//194 116//116
f 106//106 1275//1275 91//91
f 2507//2507 962//962 3633//3633
f 284//284 4177//4177 4147//4147
f 1447//1447 336//336 241//241
f 3558//3558 1288//1288 2894//2894
f 2235//2235 3257//3257 847//847
f 175//175 3084//3084 1136//1136
f 4023//4023 2183//2183 1058//1058
f 179//179 1651//1651 1706//1706
f 1803//1803 1704//1704 2492//2492
f 401//401 1989//1989 2816//2816
f 1838//1838 3717//3717 1477//1477
f 2677//2677 2935//2935 508//508
f 2306//2306 3342//3342 3779//3779
f 2712//2712 3342//3342 2306//2306
f 1329//1329 1873//1873 1001//1001
f 2992//2992 1317//1317 3470//3470
f 3349//3349 606//606 3197//3197
f 3197//3197 606//606 1006//1006
f 3377//3377 1510//1510 666//666
f 1905//1905 46//46 2373//2373
f 2673//2673 4201//4201 2433//2433
f 809//809 1844//1844 533//533
f 1884//1884 1029//1029 3687//3687
f 2077//2077 3474//3474 2653//2653
f 322//322 3413//3413 3720//3720
f 1247//1247 295//295 1975//1975
f 1405//1405 959//959 3629//3629
f 3981//3981 4453//4453 4452//4452
f 672//672 1294//1294 3201//3201
f 2366//2366 1275//1275 3356//3356
f 3255//3255 1571//1571 2209//2209
f 1627//1627 1758//1758 877//877
f 1525//1525 1172//1172 1000//1000
f 2950//2950 257//257 3730//3730
f 3687//3687 2893//2893 882//882
f 1403//1403 2374//2374 1405//1405
f 3330//3330 3364//3364 469//469
f 1182//1182 536//536 23//23
f 1660//1660 3454//3454 3625//3625
f 2998//2998 4147//4147 2311//2311
f 2189//2189 1804//1804 1450//1450
f 1216//1216 940//940 51//51
f 2788//2788 4095//4095 1650//1650
f 4472//4472 926//926 982//982
f 448//448 2342//2342 2216//2216
f 387//387 3345//3345 2726//2726
f 2560//2560 4752//4752 2615//2615
f 921//921 1555//1555 804//804
f 18//18 2418//2418 2130//2130
f 749//749 2817//2817 3030//3030
f 3112//3112 48//48 1472//1472
f 3008//3008 427//427 2390//2390
f 1278//1278 1094//1094 606//606
f 4084//4084 3665//3665 1603//1603
f 429//429 2815//2815 1315//1315
f 3441//3441 429//429 1315//1315
f 1344//1344 3131//3131 3764//3764
f 1265//1265 3466//3466 2580//2580
f 3651//3651 3466//3466 1265//1265
f 486//486 2909//2909 1644//1644
f 3762//3762 1617//1617 3620//3620
f 2524//2524 2124//2124 1148//1148
f 671//671 2863//2863 3593//3593
f 3173//3173 4022//4022 2458//2458
f 3371//3371 2458//2458 4022//4022
f 1488//1488 293//293 2324//2324
f 3502//3502 587//587 1723//1723
f 2806//2806 2141//2141 2367//2367
f 1983//1983 1245//1245 891//891
f 1830//1830 507//507 2118//2118
f 3725//3725 1251//1251 2718//2718
f 2389//2389 3057//3057 1814//1814
f 1201//1201 3583//3583 1911//1911
f 3496//3496 1296//1296 2880//2880
f 1343//1343 3849//3849 2207//2207
f 204//204 4203//4203 846//846
f 1372//1372 1423//1423 2884//2884
f 1957//1957 920//920 585//585
f 1895//1895 1324//1324 2192//2192
f 40//40 739//739 530//530
f 983//983 3475//3475 630//630
f 2893//2893 2354//2354 1085//1085
f 1168//1168 2160//2160 56//56
f 2123//2123 729//729 2788//2788
f 210//210 85//85 1766//1766
f 3589//3589 3359//3359 774//774
f 1436//1436 933//933 72//72
f 1039//1039 834//834 660//660
f 2569//2569 1582//1582 2414//2414
f 3318//3318 2877//2877 2907//2907
f 1469//1469 614//614 1029//1029
f 1636//1636 1953//1953 1182//1182
f 2597//2597 272//272 2876//2876
f 3824//3824 199//199 3890//3890
f 4761//4761 2587//2587 1784//1784
f 2217//2217 1781//1781 2788//2788
f 2022//2022 169//169 469//469
f 232//232 539//539 2266//2266
f 2921//2921 1174//1174 2751//2751
f 2968//2968 1084//1084 2545//2545
f 687//687 3105//3105 1142//1142
f 357//357 2196//2196 2184//2184
f 1502//1502 3807//3807 1887//1887
f 1892//1892 3380//3380 3674//3674
f 3700//3700 31//31 2892//2892
f 517//517 909//909 2428//2428
f 2342//2342 4744//4744 2216//2216
f 3363//3363 2933//2933 2280//2280
f 3010//3010 1498//1498 2473//2473
f 2594//2594 2488//2488 422//422
f 2312//2312 2288//2288 2334//2334
f 1014//1014 1380//1380 3299//3299
f 1015//1015 1755//1755 2604//2604
f 2019//2019 1712//1712 3190//3190
f 96//96 2445//2445 2199//2199
f 3170//3170 4154//4154 3319//3319
f 2068//2068 2543//2543 1899//1899
f 1668//1668 1956//1956 3327//3327
f 2073//2073 3684//3684 2588//2588
f 2928//2928 3187//3187 1262//1262
f 2298//2298 2169//2169 239//239
f 1799//1799 3645//3645 773//773
f 4273//4273 3887//3887 264//264
f 3213//3213 721//721 2802//2802
f 4356//4356 744//744 2899//2899
f 3161//3161 1854//1854 3331//3331
f 1902//1902 79//79 2127//2127
f 614//614 1835//1835 1080//1080
f 1341//1341 1436//1436 2468//2468
f 3709//3709 3835//3835 1390//1390
f 2447//2447 1638//1638 2027//2027
f 1437//1437 2047//2047 2208//2208
f 1016//1016 2680//2680 831//831
f 1528//1528 1690//1690 1983//1983
f 995//995 2131//2131 3564//3564
f 1435//1435 1054//1054 3398//3398
f 3476//3476 1389//1389 2613//2613
f 1207//1207 4275//4275 252//252
f 2261//2261 2083//2083 3586//3586
f 444//444 1465//1465 3876//3876
f 664//664 1027//1027 649//649
f 3710//3710 997//997 3202//3202
f 590//590 3340//3340 763//763
f 1645//1645 3496//3496 2880//2880
f 3571//3571 788//788 3001//3001
f 674//674 1377//1377 268//268
f 2984//2984 635//635 3205//3205
f 3905//3905 1385//1385 4091//4091
f 564//564 2663//2663 3228//3228
f 3222//3222 3535//3535 1248//1248
f 3463//3463 2905//2905 3628//3628
f 1828//1828 3420//3420 275//275
f 1008//1008 2684//2684 1776//1776
f 2972//2972 238//238 744//744
f 1903//1903 1435//1435 1109//1109
f 3821//3821 234//234 2238//2238
f 1957//1957 585//585 1482//1482
f 2126//2126 2374//2374 1403//1403
f 444//444 3876//3876 366//366
f 2870//2870 163//163 1426//1426
f 474//474 196//196 163//163
f 3149//3149 3595//3595 1897//1897
f 28//28 1164//1164 3374//3374
f 3402//3402 3311//3311 4738//4738
f 1555//1555 2242//2242 2503//2503
f 2793//2793 3624//3624 1927//1927
f 1851//1851 2665//2665 1845//1845
f 786//786 1789//1789 115//115
f 3074//3074 1783//1783 1325//1325
f 2918//2918 3615//3615 2903//2903
f 4457//4457 1354//1354 3041//3041
f 3301//3301 339//339 1339//1339
f 739//739 1631//1631 1951//1951
f 3224//3224 3231//3231 2247//2247
f 3236//3236 3624//3624 2866//2866
f 3644//3644 2304//2304 3404//3404
f 1734//1734 1521//1521 1089//1089
f 2183//2183 4026//4026 1058//1058
f 424//424 175//175 2834//2834
f 2054//2054 2262//2262 3772//3772
f 1693//1693 1635//1635 2129//2129
f 1093//1093 4372//4372 566//566
f 3558//3558 2061//2061 1437//1437
f 1808//1808 631//631 736//736
f 4107//4107 3204//3204 4624//4624
f 634//634 3424//3424 399//399
f 3632//3632 2289//2289 3820//3820
f 121//121 2567//2567 1637//1637
f 3605//3605 4383//4383 1932//1932
f 3546//3546 1737//1737 3719//3719
f 2930//2930 2577//2577 3324//3324
f 3778//3778 3338//3338 468//468
f 1738//1738 49//49 3568//3568
f 4747//4747 416//416 3235//3235
f 1944//1944 3664//3664 2778//2778
f 1854//1854 1592//1592 2190//2190
f 1887//1887 3807//3807 1546//1546
f 2448//2448 1320//1320 1550//1550
f 2742//2742 151//151 3395//3395
f 2748//2748 2103//2103 2446//2446
f 3152//3152 744//744 4356//4356
f 4459//4459 3978//3978 4460//4460
f 2553//2553 1949//1949 3643//3643
f 1633//1633 1128//1128 1651//1651
f 21//21 2293//2293 197//197
f 1418//1418 746//746 568//568
f 3745//3745 162//162 931//931
f 112//112 2417//2417 439//439
f 292//292 2949//2949 1953//1953
f 2556//2556 2487//2487 4472//4472
f 3133//3133 438//438 3877//3877
f 4194//4194 1606//1606 3036//3036
f 601//601 665//665 2664//2664
f 1129//1129 601//601 2664//2664
f 1905//1905 601//601 1129//1129
f 3169//3169 532//532 511//511
f 282//282 1955//1955 2946//2946
f 1863//1863 3771//3771 327//327
f 1532//1532 2556//2556 2833//2833
f 2460//2460 2049//2049 103//103
f 1766//1766 85//85 2495//2495
f 1268//1268 4424//4424 1259//1259
f 73//73 935//935 3498//3498
f 2601//2601 787//787 789//789
f 153//153 3132//3132 3119//3119
f 3303//3303 403//403 1934//1934
f 2039//2039 2028//2028 4193//4193
f 2740//2740 1563//1563 1391//1391
f 2959//2959 1633//1633 1546//1546
f 1660//1660 3625//3625 1151//1151
f 543//543 2694//2694 1858//1858
f 2714//2714 1981//1981 3375//3375
f 3196//3196 1750//1750 2119//2119
f 1852//1852 3124//3124 3079//3079
f 2138//2138 3792//3792 1278//1278
f 3230//3230 3473//3473 1526//1526
f 1954//1954 2697//2697 2924//2924
f 4172//4172 4101//4101 4170//4170
f 1757//1757 369//369 2562//2562
f 3485//3485 1659//1659 2383//2383
f 4396//4396 498//498 2384//2384
f 1550//1550 2421//2421 2731//2731
f 3007//3007 3687//3687 2153//2153
f 3335//3335 3374//3374 2075//2075
f 730//730 874//874 2566//2566
f 3340//3340 487//487 763//763
f 2029//2029 428//428 34//34
f 2794//2794 3346//3346 1501//1501
f 2126//2126 1416//1416 2374//2374
f 3244//3244 1823//1823 774//774
f 236//236 1089//1089 1521//1521
f 2953//2953 844//844 1455//1455
f 499//499 3512//3512 1075//1075
f 1189//1189 352//352 1307//1307
f 3155//3155 3660//3660 2900//2900
f 2057//2057 1936//1936 856//856
f 3607//3607 3712//3712 2886//2886
f 2010//2010 2171//2171 1616//1616
f 4//4 3181//3181 491//491
f 2731//2731 4420//4420 726//726
f 3029//3029 1873//1873 1329//1329
f 228//228 1480//1480 99//99
f 2159//2159 1387//1387 3974//3974
f 3569//3569 1846//1846 738//738
f 1139//1139 1736//1736 1602//1602
f 4216//4216 2276//2276 723//723
f 2021//2021 1743//1743 206//206
f 1725//1725 683//683 3818//3818
f 2652//2652 1725//1725 3818//3818
f 2601//2601 1493//1493 1348//1348
f 3031//3031 531//531 3723//3723
f 3544//3544 2452//2452 147//147
f 415//415 1959//1959 1025//1025
f 363//363 177//177 360//360
f 1472//1472 2321//2321 482//482
f 3023//3023 1998//1998 1414//1414
f 1338//1338 3349//3349 950//950
f 893//893 635//635 1878//1878
f 2215//2215 3433//3433 3637//3637
f 195//195 3217//3217 3066//3066
f 195//195 3066//3066 1507//1507
f 2048//2048 1722//1722 1707//1707
f 1937//1937 851//851 818//818
f 2030//2030 2749//2749 923//923
f 127//127 2249//2249 1274//1274
f 3055//3055 1292//1292 3056//3056
f 659//659 2786//2786 3841//3841
f 540//540 1828//1828 1115//1115
f 1964//1964 3732//3732 3254//3254
f 2861//2861 2721//2721 3055//3055
f 2098//2098 1389//1389 3467//3467
f 3550//3550 1680//1680 1199//1199
f 3221//3221 957//957 714//714
f 3108//3108 3194//3194 1920//1920
f 3436//3436 3222//3222 1422//1422
f 2168//2168 475//475 1017//1017
f 293//293 1614//1614 2324//2324
f 2221//2221 1900//1900 2702//2702
f 2625//2625 4066//4066 3965//3965
f 150//150 3526//3526 4393//4393
f 64//64 471//471 1244//1244
f 2844//2844 514//514 2980//2980
f 1962//1962 2837//2837 1051//1051
f 493//493 2369//2369 1496//1496
f 1550//1550 726//726 3111//3111
f 3783//3783 3094//3094 976//976
f 3309//3309 1747//1747 1211//1211
f 9//9 3557//3557 1321//1321
f 1061//1061 3446//3446 2602//2602
f 481//481 3949//3949 2857//2857
f 444//444 366//366 2003//2003
f 2076//2076 1697//1697 2057//2057
f 2162//2162 2085//2085 3368//3368
f 3508//3508 1102//1102 1219//1219
f 58//58 3453//3453 894//894
f 764//764 971//971 494//494
f 2391//2391 197//197 2046//2046
f 3858//3858 1401//1401 3578//3578
f 3686//3686 2466//2466 2474//2474
f 1112//1112 437//437 711//711
f 3646//3646 1112//1112 711//711
f 3101//3101 1580//1580 2382//2382
f 3039//3039 2101//2101 4762//4762
f 89//89 116//116 412//412
f 3505//3505 699//699 1834//1834
f 2558//2558 2480//2480 10//10
f 1532//1532 2833//2833 1144//1144
f 910//910 3523//3523 1347//1347
f 721//721 447//447 2724//2724
f 1824//1824 3640//3640 3083//3083
f 1739//1739 498//498 1394//1394
f 1063//1063 1066//1066 805//805
f 227//227 4455//4455 244//244
f 3015//3015 4480//4480 2347//2347
f 2019//2019 1319//1319 1712//1712
f 86//86 576//576 3613//3613
f 1983//1983 891//891 1675//1675
f 901//901 1963//1963 1835//1835
f 1595//1595 3007//3007 2153//2153
f 2814//2814 2615//2615 4752//4752
f 759//759 3536//3536 607//607
f 1890//1890 93//93 2187//2187
f 1705//1705 403//403 1303//1303
f 1726//1726 4066//4066 1323//1323
f 2852//2852 994//994 2016//2016
f 2583//2583 3543//3543 1337//1337
f 3432//3432 3333//3333 3598//3598
f 2932//2932 2102//2102 1074//1074
f 3769//3769 1233//1233 1606//1606
f 2018//2018 2813//2813 2011//2011
f 1910//1910 3057//3057 546//546
f 4030//4030 3393//3393 572//572
f 595//595 2657//2657 3601//3601
f 3422//3422 1032//1032 290//290
f 810//810 2525//2525 321//321
f 254//254 2547//2547 1041//1041
f 1344//1344 3764//3764 2282//2282
f 3664//3664 3747//3747 1537//1537
f 1863//1863 327//327 2585//2585
f 2083//2083 4739//4739 876//876
f 3840//3840 1378//1378 1752//1752
f 873//873 2454//2454 1208//1208
f 987//987 2915//2915 1131//1131
f 3836//3836 2187//2187 2519//2519
f 2233//2233 369//369 1757//1757
f 3507//3507 166//166 3382//3382
f 2042//2042 1486//1486 2076//2076
f 1644//1644 580//580 639//639
f 3602//3602 1509//1509 1067//1067
f 3581//3581 1629//1629 2003//2003
f 691//691 2820//2820 1307//1307
f 2078//2078 2899//2899 744//744
f 1287//1287 1076//1076 1798//1798
f 1140//1140 1924//1924 3159//3159
f 472//472 1564//1564 3309//3309
f 2244//2244 1973//1973 2111//2111
f 597//597 2911//2911 92//92
f 3619//3619 186//186 2224//2224
f 1379//1379 1065//1065 4196//4196
f 754//754 1295//1295 2318//2318
f 1292//1292 2232//2232 694//694
f 2415//2415 3596//3596 835//835
f 2391//2391 2046//2046 1284//1284
f 513//513 4120//4120 629//629
f 1904//1904 2506//2506 3034//3034
f 534//534 1913//1913 2004//2004
f 3595//3595 2381//2381 1194//1194
f 4381//4381 3406//3406 3639//3639
f 3781//3781 4098//4098 4753//4753
f 455//455 1992//1992 3799//3799
f 1884//1884 3687//3687 3007//3007
f 2142//2142 3444//3444 2735//2735
f 1128//1128 279//279 2550//2550
f 2428//2428 1011//1011 2264//2264
f 1513//1513 2206//2206 1734//1734
f 3425//3425 3029//3029 50//50
f 558//558 557//557 3440//3440
f 1170//1170 558//558 3440//3440
f 2888//2888 2073//2073 3732//3732
f 1174//1174 2364//2364 1755//1755
f 1624//1624 53//53 2250//2250
f 3256//3256 1543//1543 4479//4479
f 573//573 2058//2058 1986//1986
f 841//841 1395//1395 3727//3727
f 2734//2734 1253//1253 1738//1738
f 346//346 2854//2854 2856//2856
f 1352//1352 3567//3567 2697//2697
f 1806//1806 3348//3348 274//274
f 2413//2413 1562//1562 1992//1992
f 3776//3776 3703//3703 1296//1296
f 3731//3731 125//125 672//672
f 261//261 4728//4728 1396//1396
f 1260//1260 1364//1364 300//300
f 1797//1797 3681//3681 3923//3923
f 2666//2666 2294//2294 2610//2610
f 1730//1730 3138//3138 2121//2121
f 2551//2551 1859//1859 1036//1036
f 1967//1967 3505//3505 1680//1680
f 1107//1107 3292//3292 1213//1213
f 456//456 2510//2510 1786//1786
f 1656//1656 4431//4431 1478//1478
f 4393//4393 2992//2992 1269//1269
f 551//551 1392//1392 2021//2021
f 3674//3674 3380//3380 2332//2332
f 2936//2936 2180//2180 1406//1406
f 3193//3193 1951//1951 2717//2717
f 1529//1529 1646//1646 174//174
f 1966//1966 3102//3102 2050//2050
f 3012//3012 3178//3178 3552//3552
f 858//858 1920//1920 2635//2635
f 979//979 3297//3297 1250//1250
f 2568//2568 1273//1273 3102//3102
f 986//986 243//243 3790//3790
f 2711//2711 3377//3377 666//666
f 1942//1942 3051//3051 376//376
f 3586//3586 876//876 200//200
f 2901//2901 2269//2269 3038//3038
f 1944//1944 1736//1736 3664//3664
f 3822//3822 1311//1311 3051//3051
f 3620//3620 2179//2179 3762//3762
f 499//499 2872//2872 3512//3512
f 1724//1724 3277//3277 3599//3599
f 1857//1857 2195//2195 2160//2160
f 3782//3782 1007//1007 1615//1615
f 1106//1106 3501//3501 155//155
f 305//305 2694//2694 979//979
f 342//342 2912//2912 920//920
f 2014//2014 2499//2499 1351//1351
f 3666//3666 2066//2066 2329//2329
f 2047//2047 2086//2086 2208//2208
f 3668//3668 3096//3096 3384//3384
f 1652//1652 978//978 747//747
f 2534//2534 3542//3542 2943//2943
f 1649//1649 915//915 3519//3519
f 3320//3320 1370//1370 3351//3351
f 2376//2376 2017//2017 1183//1183
f 592//592 1651//1651 2221//2221
f 1808//1808 3218//3218 863//863
f 921//921 2593//2593 1031//1031
f 81//81 2803//2803 2478//2478
f 2069//2069 562//562 2919//2919
f 2819//2819 3579//3579 2230//2230
f 2172//2172 3365//3365 1451//1451
f 209//209 2201//2201 206//206
f 3517//3517 1138//1138 620//620
f 3660//3660 3448//3448 3550//3550
f 3560//3560 1701//1701 4400//4400
f 1352//1352 878//878 3567//3567
f 2283//2283 771//771 1846//1846
f 3237//3237 2758//2758 1037//1037
f 4625//4625 4462//4462 2922//2922
f 1537//1537 3747//3747 1118//1118
f 32//32 1996//1996 2997//2997
f 1355//1355 171//171 2195//2195
f 2538//2538 1349//1349 244//244
f 3210//3210 1473//1473 984//984
f 3519//3519 3179//3179 1825//1825
f 26//26 670//670 3329//3329
f 162//162 2854//2854 3419//3419
f 3303//3303 2427//2427 504//504
f 959//959 977//977 3629//3629
f 1447//1447 2645//2645 108//108
f 1660//1660 1151//1151 415//415
f 208//208 3381//3381 2789//2789
f 241//241 2923//2923 1569//1569
f 1330//1330 99//99 2951//2951
f 2063//2063 3320//3320 826//826
f 1829//1829 1660//1660 1985//1985
f 2098//2098 2772//2772 2069//2069
f 653//653 823//823 1754//1754
f 1710//1710 3219//3219 705//705
f 2062//2062 3664//3664 1537//1537
f 2092//2092 4429//4429 570//570
f 52//52 470//470 732//732
f 3214//3214 1489//1489 750//750
f 1843//1843 2906//2906 153//153
f 1787//1787 594//594 1245//1245
f 2878//2878 4748//4748 1031//1031
f 2743//2743 4084//4084 1603//1603
f 2838//2838 3049//3049 420//420
f 1142//1142 3353//3353 2939//2939
f 956//956 2455//2455 4416//4416
f 279//279 747//747 1909//1909
f 3292//3292 1898//1898 486//486
f 4070//4070 3992//3992 3027//3027
f 2060//2060 3527//3527 2959//2959
f 2397//2397 1871//1871 2469//2469
f 1755//1755 1719//1719 2604//2604
f 1455//1455 844//844 2043//2043
f 1245//1245 2511//2511 891//891
f 3951//3951 2908//2908 964//964
f 3701//3701 589//589 1311//1311
f 984//984 1195//1195 3210//3210
f 3242//3242 649//649 2191//2191
f 410//410 438//438 3133//3133
f 950//950 3197//3197 2581//2581
f 1019//1019 3587//3587 3215//3215
f 618//618 3676//3676 3350//3350
f 216//216 4748//4748 2572//2572
f 1311//1311 81//81 2478//2478
f 2875//2875 3397//3397 441//441
f 2621//2621 2665//2665 1851//1851
f 2350//2350 1181//1181 1113//1113
f 1967//1967 1680//1680 2793//2793
f 509//509 2318//2318 329//329
f 1510//1510 2110//2110 1827//1827
f 3815//3815 1155//1155 418//418
f 228//228 99//99 1330//1330
f 2811//2811 3167//3167 4694//4694
f 1357//1357 2686//2686 3516//3516
f 3722//3722 1502//1502 1887//1887
f 2741//2741 1930//1930 750//750
f 1416//1416 736//736 1845//1845
f 1476//1476 975//975 2906//2906
f 3232//3232 3014//3014 19//19
f 3609//3609 2049//2049 2460//2460
f 2209//2209 1571//1571 277//277
f 2355//2355 2710//2710 3330//3330
f 3805//3805 3095//3095 3238//3238
f 449//449 1183//1183 2017//2017
f 2240//2240 270//270 269//269
f 879//879 696//696 3390//3390
f 3843//3843 3277//3277 3724//3724
f 3568//3568 1826//1826 2423//2423
f 659//659 3841//3841 2088//2088
f 1758//1758 1708//1708 2065//2065
f 2777//2777 681//681 321//321
f 2375//2375 998//998 2084//2084
f 1765//1765 2808//2808 3357//3357
f 2238//2238 2556//2556 1532//1532
f 1551//1551 2811//2811 4043//4043
f 1863//1863 3407//3407 2557//2557
f 2146//2146 2059//2059 2898//2898
f 472//472 3309//3309 1903//1903
f 2046//2046 633//633 1586//1586
f 1455//1455 308//308 2953//2953
f 4184//4184 3030//3030 314//314
f 3119//3119 2889//2889 760//760
f 2529//2529 1919//1919 1571//1571
f 836//836 2839//2839 3142//3142
f 1303//1303 1345//1345 1705//1705
f 1201//1201 3826//3826 133//133
f 3265//3265 2303//2303 127//127
f 3107//3107 2685//2685 3234//3234
f 525//525 2744//2744 4712//4712
f 1700//1700 3365//3365 2172//2172
f 2700//2700 2422//2422 3484//3484
f 552//552 3006//3006 361//361
f 1460//1460 2660//2660 459//459
f 2876//2876 3851//3851 4153//4153
f 221//221 3154//3154 400//400
f 2889//2889 3774//3774 1293//1293
f 3827//3827 4224//4224 3481//3481
f 2453//2453 1555//1555 2033//2033
f 1966//1966 1709//1709 2797//2797
f 79//79 3045//3045 3296//3296
f 619//619 3570//3570 1070//1070
f 1640//1640 2265//2265 3736//3736
f 617//617 858//858 1490//1490
f 720//720 3307//3307 3007//3007
f 1343//1343 907//907 3849//3849
f 2075//2075 907//907 1343//1343
f 3661//3661 2040//2040 2494//2494
f 1651//1651 592//592 1706//1706
f 1124//1124 2928//2928 2427//2427
f 299//299 3345//3345 3361//3361
f 2605//2605 1159//1159 346//346
f 2139//2139 32//32 2997//2997
f 620//620 1138//1138 549//549
f 350//350 1324//1324 4722//4722
f 2204//2204 2752//2752 3148//3148
f 2180//2180 133//133 3826//3826
f 4198//4198 4425//4425 991//991
f 1265//1265 2580//2580 3200//3200
f 2009//2009 803//803 2791//2791
f 1676//1676 4416//4416 3984//3984
f 3314//3314 3514//3514 2202//2202
f 837//837 3314//3314 2202//2202
f 2049//2049 1395//1395 103//103
f 2940//2940 3471//3471 1137//1137
f 3278//3278 2401//2401 3997//3997
f 2149//2149 3444//3444 2142//2142
f 136//136 4431//4431 1297//1297
f 1599//1599 3082//3082 2097//2097
f 3378//3378 2553//2553 1367//1367
f 1882//1882 3458//3458 838//838
f 1759//1759 2141//2141 803//803
f 2443//2443 756//756 1872//1872
f 3309//3309 1564//1564 1747//1747
f 520//520 3547//3547 3285//3285
f 777//777 3326//3326 123//123
f 1401//1401 2709//2709 2064//2064
f 4688//4688 2634//2634 423//423
f 1759//1759 3324//3324 2141//2141
f 3799//3799 95//95 3104//3104
f 685//685 3800//3800 3437//3437
f 179//179 1633//1633 1651//1651
f 77//77 2704//2704 3825//3825
f 551//551 1642//1642 1564//1564
f 4098//4098 3781//3781 4024//4024
f 542//542 1761//1761 3670//3670
f 1734//1734 2206//2206 1624//1624
f 2206//2206 2154//2154 1624//1624
f 1330//1330 2951//2951 2621//2621
f 134//134 2977//2977 2131//2131
f 3775//3775 3841//3841 2786//2786
f 339//339 4243//4243 698//698
f 339//339 1281//1281 4243//4243
f 301//301 3068//3068 1123//1123
f 4395//4395 2159//2159 300//300
f 1611//1611 1249//1249 2362//2362
f 2361//2361 1611//1611 2362//2362
f 3187//3187 2748//2748 1709//1709
f 588//588 1514//1514 750//750
f 1986//1986 2454//2454 873//873
f 807//807 2606//2606 288//288
f 2166//2166 1440//1440 2305//2305
f 1598//1598 1138//1138 3517//3517
f 1749//1749 1041//1041 3522//3522
f 2659//2659 3355//3355 1411//1411
f 783//783 3671//3671 3423//3423
f 562//562 1592//1592 54//54
f 915//915 2805//2805 1678//1678
f 528//528 1705//1705 829//829
f 1567//1567 2563//2563 3704//3704
f 1931//1931 2173//2173 2241//2241
f 403//403 1342//1342 1303//1303
f 2255//2255 3354//3354 3798//3798
f 664//664 2178//2178 1027//1027
f 18//18 445//445 206//206
f 2692//2692 1595//1595 100//100
f 2853//2853 2291//2291 414//414
f 147//147 2685//2685 61//61
f 4032//4032 4220//4220 4464//4464
f 1548//1548 4221//4221 4168//4168
f 624//624 3821//3821 278//278
f 2543//2543 3804//3804 1899//1899
f 3475//3475 3597//3597 459//459
f 1931//1931 1685//1685 2173//2173
f 2470//2470 3713//3713 2719//2719
f 2740//2740 1033//1033 3648//3648
f 1250//1250 3694//3694 3552//3552
f 449//449 3401//3401 911//911
f 2718//2718 743//743 3365//3365
f 2577//2577 2296//2296 1517//1517
f 2842//2842 2259//2259 223//223
f 560//560 1870//1870 1452//1452
f 4372//4372 140//140 566//566
f 2442//2442 1302//1302 3003//3003
f 1498//1498 612//612 1523//1523
f 1003//1003 3614//3614 179//179
f 306//306 3708//3708 1157//1157
f 390//390 1442//1442 1641//1641
f 3460//3460 3089//3089 3277//3277
f 1314//1314 853//853 304//304
f 2846//2846 3231//3231 2124//2124
f 4756//4756 263//263 4757//4757
f 1152//1152 36//36 2917//2917
f 2850//2850 3499//3499 1659//1659
f 661//661 3951//3951 4219//4219
f 2542//2542 3716//3716 1110//1110
f 1406//1406 2180//2180 3826//3826
f 3807//3807 1867//1867 2060//2060
f 3605//3605 266//266 349//349
f 2163//2163 529//529 2166//2166
f 2190//2190 204//204 1237//1237
f 3031//3031 3049//3049 834//834
f 1220//1220 3341//3341 4084//4084
f 3498//3498 935//935 1195//1195
f 1570//1570 3787//3787 4317//4317
f 1820//1820 1114//1114 2193//2193
f 400//400 1674//1674 1924//1924
f 2880//2880 4320//4320 183//183
f 318//318 27//27 3308//3308
f 3887//3887 3726//3726 2041//2041
f 3598//3598 3404//3404 2348//2348
f 2433//2433 532//532 949//949
f 532//532 3169//3169 949//949
f 1573//1573 3063//3063 320//320
f 4321//4321 2314//2314 3814//3814
f 3029//3029 1329//1329 50//50
f 2559//2559 1894//1894 2677//2677
f 1603//1603 2705//2705 201//201
f 4069//4069 3523//3523 4664//4664
f 451//451 1062//1062 1241//1241
f 4050//4050 3088//3088 2307//2307
f 1217//1217 2699//2699 3559//3559
f 1226//1226 3667//3667 2636//2636
f 313//313 3099//3099 697//697
f 1440//1440 3193//3193 2717//2717
f 2666//2666 659//659 1883//1883
f 280//280 2514//2514 3203//3203
f 1620//1620 969//969 239//239
f 2297//2297 2476//2476 2521//2521
f 3396//3396 2875//2875 4758//4758
f 1638//1638 653//653 2027//2027
f 3626//3626 2722//2722 2535//2535
f 3813//3813 169//169 2022//2022
f 3635//3635 1887//1887 3482//3482
f 3055//3055 1458//1458 1292//1292
f 632//632 3649//3649 569//569
f 3649//3649 3569//3569 569//569
f 3093//3093 1866//1866 1568//1568
f 3121//3121 913//913 1900//1900
f 1338//1338 950//950 1210//1210
f 2227//2227 4018//4018 2987//2987
f 1272//1272 2035//2035 2056//2056
f 1836//1836 3728//3728 2578//2578
f 3392//3392 377//377 2370//2370
f 3646//3646 711//711 659//659
f 1788//1788 344//344 1204//1204
f 3274//3274 2678//2678 3344//3344
f 2145//2145 2174//2174 2278//2278
f 3444//3444 2759//2759 3802//3802
f 3237//3237 1037//1037 937//937
f 766//766 2467//2467 502//502
f 1575//1575 546//546 3530//3530
f 1290//1290 3293//3293 1340//1340
f 4227//4227 3343//3343 4228//4228
f 1069//1069 596//596 210//210
f 1873//1873 774//774 3359//3359
f 3296//3296 3307//3307 2127//2127
f 1779//1779 150//150 4393//4393
f 2561//2561 3433//3433 2215//2215
f 3351//3351 1271//1271 466//466
f 2703//2703 1502//1502 4419//4419
f 507//507 2726//2726 3025//3025
f 1784//1784 2587//2587 286//286
f 1711//1711 2617//2617 3122//3122
f 3729//3729 1940//1940 3557//3557
f 687//687 3389//3389 3105//3105
f 727//727 4356//4356 3647//3647
f 885//885 2383//2383 1152//1152
f 1334//1334 3598//3598 2348//2348
f 2309//2309 2435//2435 2869//2869
f 2175//2175 3036//3036 453//453
f 1386//1386 1205//1205 882//882
f 3307//3307 1469//1469 1884//1884
f 3381//3381 208//208 1733//1733
f 3066//3066 1901//1901 480//480
f 1712//1712 1319//1319 2563//2563
f 271//271 1328//1328 102//102
f 3337//3337 4456//4456 2290//2290
f 1205//1205 3687//3687 882//882
f 202//202 2843//2843 3715//3715
f 3090//3090 815//815 2728//2728
f 3767//3767 1052//1052 1582//1582
f 2227//2227 2655//2655 3653//3653
f 4129//4129 603//603 4145//4145
f 538//538 1869//1869 2638//2638
f 2247//2247 2606//2606 807//807
f 2693//2693 3438//3438 2161//2161
f 1001//1001 1736//1736 1944//1944
f 2488//2488 370//370 1694//1694
f 2955//2955 3638//3638 2782//2782
f 1972//1972 673//673 1602//1602
f 1048//1048 1190//1190 1720//1720
f 2926//2926 1106//1106 155//155
f 3744//3744 2213//2213 168//168
f 3097//3097 2887//2887 1903//1903
f 3294//3294 4203//4203 806//806
f 1394//1394 3792//3792 2138//2138
f 3133//3133 3877//3877 3748//3748
f 2420//2420 181//181 3612//3612
f 2724//2724 3487//3487 4480//4480
f 897//897 3777//3777 3992//3992
f 2600//2600 1308//1308 1800//1800
f 655//655 1799//1799 3865//3865
f 2122//2122 3820//3820 2289//2289
f 1913//1913 296//296 2004//2004
f 2357//2357 1071//1071 3392//3392
f 3447//3447 2002//2002 942//942
f 382//382 1111//1111 1475//1475
f 246//246 2243//2243 2826//2826
f 2835//2835 3044//3044 1993//1993
f 2630//2630 872//872 2234//2234
f 3236//3236 1927//1927 3624//3624
f 1655//1655 1522//1522 1297//1297
f 2722//2722 1552//1552 3411//3411
f 441//441 3397//3397 2591//2591
f 770//770 654//654 16//16
f 3766//3766 3107//3107 2465//2465
f 122//122 1565//1565 3336//3336
f 2402//2402 1987//1987 1792//1792
f 1122//1122 3149//3149 4426//4426
f 3490//3490 3826//3826 1806//1806
f 178//178 799//799 2219//2219
f 2238//2238 1532//1532 3561//3561
f 2794//2794 1501//1501 4305//4305
f 3085//3085 2070//2070 810//810
f 2543//2543 3468//3468 1734//1734
f 2965//2965 4140//4140 4217//4217
f 4034//4034 4228//4228 4038//4038
f 671//671 1666//1666 228//228
f 1311//1311 589//589 81//81
f 44//44 3130//3130 3500//3500
f 975//975 2098//2098 2069//2069
f 3669//3669 3577//3577 2148//2148
f 226//226 3083//3083 224//224
f 248//248 345//345 3069//3069
f 2472//2472 4724//4724 1295//1295
f 1295//1295 4724//4724 793//793
f 1082//1082 3580//3580 1048//1048
f 4754//4754 689//689 953//953
f 299//299 3361//3361 1471//1471
f 2243//2243 223//223 830//830
f 2122//2122 1621//1621 1866//1866
f 2538//2538 3213//3213 2220//2220
f 4337//4337 578//578 1111//1111
f 62//62 718//718 298//298
f 1306//1306 785//785 3246//3246
f 2898//2898 1486//1486 2531//2531
f 3045//3045 107//107 2879//2879
f 233//233 379//379 2048//2048
f 2441//2441 3155//3155 2900//2900
f 2190//2190 1237//1237 3331//3331
f 363//363 3867//3867 2969//2969
f 2913//2913 188//188 2589//2589
f 379//379 2376//2376 1722//1722
f 705//705 3219//3219 881//881
f 387//387 3//3 1212//1212
f 2860//2860 2225//2225 173//173
f 420//420 1648//1648 1971//1971
f 3415//3415 674//674 3229//3229
f 4425//4425 2530//2530 4331//4331
f 3427//3427 3093//3093 1568//1568
f 2411//2411 355//355 2841//2841
f 2757//2757 410//410 3133//3133
f 2757//2757 1695//1695 3500//3500
f 3952//3952 3773//3773 3739//3739
f 3330//3330 2710//2710 3584//3584
f 1715//1715 1891//1891 1457//1457
f 3778//3778 468//468 2302//2302
f 1467//1467 3354//3354 2255//2255
f 544//544 3110//3110 2407//2407
f 1252//1252 1169//1169 1168//1168
f 2094//2094 1845//1845 1468//1468
f 445//445 2130//2130 2059//2059
f 3130//3130 4302//4302 3500//3500
f 3194//3194 3438//3438 2693//2693
f 350//350 1552//1552 3491//3491
f 2429//2429 1277//1277 2432//2432
f 2008//2008 3153//3153 4115//4115
f 2546//2546 1131//1131 1192//1192
f 2703//2703 251//251 3418//3418
f 184//184 1244//1244 2529//2529
f 3053//3053 632//632 569//569
f 3338//3338 222//222 468//468
f 2199//2199 1757//1757 4321//4321
f 1994//1994 373//373 1971//1971
f 1994//1994 1034//1034 373//373
f 3246//3246 1516//1516 2045//2045
f 2123//2123 623//623 52//52
f 1901//1901 3843//3843 3724//3724
f 1336//1336 1039//1039 3451//3451
f 4214//4214 4468//4468 3888//3888
f 3442//3442 756//756 2443//2443
f 3729//3729 4012//4012 1940//1940
f 3559//3559 650//650 3721//3721
f 2242//2242 864//864 2319//2319
f 48//48 291//291 2//2
f 1916//1916 2273//2273 3743//3743
f 2073//2073 524//524 3732//3732
f 1656//1656 867//867 3737//3737
f 2346//2346 3522//3522 79//79
f 2371//2371 3412//3412 2832//2832
f 3533//3533 751//751 316//316
f 3483//3483 4233//4233 2458//2458
f 1371//1371 636//636 947//947
f 323//323 3651//3651 1774//1774
f 948//948 2420//2420 2873//2873
f 3705//3705 512//512 3582//3582
f 3088//3088 3076//3076 3120//3120
f 2935//2935 581//581 4455//4455
f 1417//1417 1040//1040 2189//2189
f 3707//3707 4419//4419 2211//2211
f 2627//2627 1045//1045 2082//2082
f 125//125 376//376 672//672
f 3034//3034 3817//3817 3554//3554
f 239//239 969//969 427//427
f 2693//2693 2635//2635 3194//3194
f 2276//2276 436//436 723//723
f 871//871 1271//1271 1814//1814
f 2178//2178 1735//1735 1027//1027
f 1735//1735 1446//1446 1027//1027
f 2220//2220 3213//3213 2802//2802
f 387//387 1214//1214 3361//3361
f 1351//1351 3840//3840 1740//1740
f 2324//2324 162//162 3745//3745
f 68//68 203//203 2233//2233
f 3095//3095 534//534 561//561
f 316//316 2754//2754 2727//2727
f 2954//2954 1093//1093 566//566
f 1692//1692 3017//3017 3395//3395
f 2051//2051 2776//2776 3650//3650
f 1345//1345 829//829 1705//1705
f 164//164 4105//4105 583//583
f 2795//2795 4652//4652 3484//3484
f 4917//4917 4232//4232 4469//4469
f 323//323 3834//3834 3651//3651
f 361//361 2126//2126 1403//1403
f 1901//1901 767//767 480//480
f 832//832 772//772 3412//3412
f 1094//1094 863//863 2618//2618
f 1893//1893 1572//1572 1104//1104
f 2491//2491 1125//1125 3510//3510
f 2368//2368 799//799 1315//1315
f 3071//3071 3231//3231 3224//3224
f 774//774 479//479 247//247
f 920//920 1448//1448 585//585
f 1557//1557 830//830 3946//3946
f 1921//1921 766//766 3751//3751
f 594//594 2511//2511 1245//1245
f 394//394 3806//3806 521//521
f 1158//1158 1484//1484 2603//2603
f 295//295 995//995 3669//3669
f 867//867 1656//1656 866//866
f 1763//1763 2204//2204 3316//3316
f 3988//3988 2897//2897 822//822
f 2458//2458 1381//1381 2518//2518
f 3656//3656 2886//2886 2661//2661
f 1879//1879 1005//1005 186//186
f 4764//4764 3489//3489 4760//4760
f 2474//2474 833//833 3776//3776
f 3147//3147 1514//1514 2409//2409
f 3014//3014 520//520 2300//2300
f 4725//4725 1923//1923 499//499
f 1533//1533 1610//1610 2273//2273
f 1091//1091 2584//2584 3824//3824
f 140//140 4372//4372 2787//2787
f 1549//1549 3166//3166 2510//2510
f 1317//1317 2438//2438 3607//3607
f 1001//1001 1944//1944 1329//1329
f 1575//1575 393//393 1399//1399
f 2882//2882 1500//1500 496//496
f 3904//3904 3735//3735 1121//1121
f 3505//3505 1967//1967 3459//3459
f 1831//1831 1457//1457 3100//3100
f 2775//2775 2028//2028 4050//4050
f 854//854 3316//3316 2090//2090
f 959//959 2094//2094 1409//1409
f 4500//4500 3363//3363 3545//3545
f 2493//2493 3024//3024 2281//2281
f 3797//3797 1166//1166 1672//1672
f 2836//2836 154//154 962//962
f 372//372 3521//3521 756//756
f 2403//2403 1039//1039 1336//1336
f 3167//3167 4234//4234 6//6
f 1798//1798 1076//1076 1874//1874
f 4236//4236 2536//2536 3909//3909
f 3747//3747 646//646 1118//1118
f 729//729 1925//1925 2788//2788
f 3003//3003 1628//1628 2312//2312
f 60//60 3294//3294 806//806
f 1660//1660 415//415 1985//1985
f 2011//2011 647//647 2785//2785
f 1765//1765 3591//3591 2336//2336
f 1477//1477 488//488 180//180
f 2463//2463 1976//1976 879//879
f 4096//4096 4446//4446 3005//3005
f 1131//1131 2412//2412 312//312
f 698//698 1504//1504 2934//2934
f 3393//3393 470//470 572//572
f 3429//3429 2135//2135 1060//1060
f 1688//1688 2833//2833 3438//3438
f 1702//1702 1622//1622 3035//3035
f 1187//1187 1488//1488 1439//1439
f 1537//1537 1868//1868 3183//3183
f 2355//2355 2968//2968 2710//2710
f 3615//3615 2647//2647 3786//3786
f 2898//2898 3408//3408 1486//1486
f 2130//2130 2418//2418 2408//2408
f 2435//2435 423//423 993//993
f 3567//3567 878//878 2878//2878
f 2105//2105 1440//1440 582//582
f 3063//3063 3227//3227 1173//1173
f 899//899 898//898 2183//2183
f 1957//1957 1482//1482 2023//2023
f 1315//1315 800//800 2368//2368
f 354//354 3090//3090 8//8
f 566//566 889//889 2954//2954
f 1342//1342 3041//3041 2356//2356
f 3436//3436 1449//1449 3222//3222
f 2646//2646 3659//3659 3258//3258
f 2801//2801 248//248 1460//1460
f 2534//2534 3594//3594 407//407
f 742//742 1085//1085 336//336
f 1961//1961 923//923 69//69
f 803//803 2392//2392 2791//2791
f 1827//1827 3722//3722 3635//3635
f 2461//2461 1396//1396 2951//2951
f 2453//2453 921//921 804//804
f 502//502 2698//2698 3410//3410
f 3801//3801 170//170 1201//1201
f 3730//3730 1513//1513 1089//1089
f 4179//4179 605//605 2983//2983
f 1669//1669 2127//2127 3307//3307
f 1176//1176 2255//2255 2611//2611
f 3444//3444 2149//2149 2759//2759
f 4747//4747 1322//1322 1247//1247
f 646//646 1229//1229 1007//1007
f 2166//2166 530//530 1440//1440
f 2166//2166 40//40 530//530
f 4215//4215 4137//4137 3963//3963
f 3262//3262 3311//3311 3402//3402
f 2335//2335 2363//2363 2851//2851
f 672//672 3576//3576 3323//3323
f 1691//1691 1081//1081 1658//1658
f 1269//1269 68//68 3011//3011
f 4751//4751 2676//2676 1987//1987
f 3531//3531 1812//1812 897//897
f 198//198 3621//3621 4229//4229
f 1697//1697 1778//1778 4746//4746
f 4085//4085 3269//3269 3953//3953
f 1313//1313 2212//2212 338//338
f 338//338 2212//2212 2974//2974
f 3187//3187 1499//1499 2748//2748
f 3195//3195 2586//2586 3494//3494
f 3630//3630 3449//3449 337//337
f 2294//2294 2257//2257 113//113
f 267//267 3299//3299 1977//1977
f 948//948 3284//3284 2478//2478
f 2575//2575 3295//3295 3209//3209
f 3600//3600 3601//3601 3217//3217
f 251//251 2595//2595 200//200
f 3181//3181 3276//3276 1905//1905
f 1967//1967 2136//2136 3459//3459
f 2987//2987 910//910 3388//3388
f 658//658 1922//1922 2185//2185
f 621//621 3690//3690 2295//2295
f 1170//1170 3440//3440 1305//1305
f 1557//1557 2826//2826 830//830
f 778//778 644//644 2049//2049
f 4337//4337 4040//4040 578//578
f 1963//1963 1259//1259 1255//1255
f 2686//2686 1357//1357 1862//1862
f 3524//3524 2779//2779 4239//4239
f 4156//4156 3352//3352 4238//4238
f 1907//1907 2144//2144 4159//4159
f 926//926 388//388 3251//3251
f 695//695 1368//1368 3616//3616
f 1703//1703 3541//3541 7//7
f 1208//1208 590//590 951//951
f 645//645 1283//1283 1258//1258
f 2695//2695 141//141 3771//3771
f 3739//3739 3773//3773 3478//3478
f 755//755 2365//2365 2859//2859
f 3424//3424 2862//2862 399//399
f 1668//1668 3327//3327 2837//2837
f 505//505 1553//1553 2890//2890
f 1330//1330 2621//2621 631//631
f 3349//3349 2138//2138 1278//1278
f 3527//3527 1867//1867 4470//4470
f 767//767 1286//1286 710//710
f 1658//1658 1081//1081 652//652
f 2199//2199 542//542 96//96
f 3336//3336 3507//3507 3793//3793
f 1753//1753 4153//4153 10//10
f 1722//1722 2376//2376 2985//2985
f 3486//3486 905//905 3470//3470
f 3532//3532 1616//1616 3789//3789
f 4233//4233 1381//1381 2458//2458
f 74//74 2988//2988 1806//1806
f 3625//3625 3454//3454 2261//2261
f 2235//2235 847//847 302//302
f 1832//1832 1713//1713 2729//2729
f 3194//3194 3108//3108 1688//1688
f 3820//3820 2753//2753 3632//3632
f 503//503 2940//2940 101//101
f 1630//1630 3111//3111 703//703
f 1750//1750 3101//3101 1886//1886
f 2055//2055 178//178 1672//1672
f 2069//2069 60//60 1592//1592
f 2710//2710 1999//1999 3733//3733
f 1932//1932 1405//1405 1635//1635
f 1232//1232 1424//1424 3497//3497
f 2110//2110 2244//2244 190//190
f 647//647 1519//1519 548//548
f 91//91 1882//1882 106//106
f 1139//1139 604//604 2235//2235
f 4240//4240 4176//4176 4241//4241
f 206//206 2201//2201 18//18
f 2946//2946 1737//1737 1566//1566
f 2750//2750 311//311 3287//3287
f 183//183 1363//1363 2177//2177
f 2759//2759 2149//2149 2456//2456
f 947//947 2914//2914 283//283
f 2816//2816 2052//2052 1762//1762
f 3469//3469 655//655 3865//3865
f 938//938 2535//2535 868//868
f 414//414 2291//2291 2501//2501
f 413//413 3589//3589 250//250
f 1226//1226 466//466 3667//3667
f 1024//1024 599//599 1600//1600
f 237//237 3757//3757 3808//3808
f 1366//1366 956//956 1676//1676
f 2008//2008 2226//2226 3153//3153
f 1911//1911 2344//2344 940//940
f 1945//1945 3638//3638 2996//2996
f 1276//1276 1969//1969 1243//1243
f 2154//2154 3250//3250 1218//1218
f 1295//1295 793//793 2318//2318
f 914//914 2469//2469 2875//2875
f 3152//3152 1150//1150 2603//2603
f 1200//1200 1525//1525 805//805
f 898//898 899//899 2324//2324
f 3609//3609 2460//2460 2349//2349
f 1568//1568 1866//1866 2994//2994
f 3368//3368 1092//1092 2790//2790
f 2456//2456 762//762 2759//2759
f 3332//3332 3480//3480 1558//1558
f 1113//1113 2259//2259 2842//2842
f 3011//3011 68//68 945//945
f 1666//1666 4760//4760 1849//1849
f 2761//2761 2653//2653 31//31
f 2098//2098 3467//3467 2772//2772
f 1693//1693 2129//2129 3428//3428
f 3118//3118 4198//4198 591//591
f 1766//1766 2495//2495 741//741
f 607//607 1030//1030 3795//3795
f 2132//2132 3497//3497 143//143
f 1519//1519 3765//3765 2208//2208
f 849//849 3908//3908 1940//1940
f 2890//2890 2895//2895 1479//1479
f 1109//1109 472//472 1903//1903
f 2201//2201 1313//1313 2855//2855
f 3473//3473 3986//3986 2847//2847
f 2209//2209 2835//2835 1030//1030
f 1954//1954 1352//1352 2697//2697
f 99//99 2461//2461 2951//2951
f 1010//1010 1179//1179 215//215
f 1678//1678 2453//2453 2033//2033
f 3509//3509 3472//3472 1587//1587
f 2909//2909 842//842 1419//1419
f 2328//2328 268//268 4242//4242
f 1376//1376 1508//1508 325//325
f 3038//3038 984//984 1473//1473
f 1160//1160 95//95 1547//1547
f 1114//1114 2093//2093 2193//2193
f 3411//3411 2620//2620 2722//2722
f 2353//2353 2921//2921 2751//2751
f 2381//2381 1809//1809 3158//3158
f 2088//2088 2973//2973 1178//1178
f 2820//2820 2141//2141 212//212
f 3511//3511 2766//2766 1588//1588
f 2518//2518 1836//1836 1117//1117
f 390//390 2393//2393 1442//1442
f 2866//2866 3548//3548 328//328
f 2750//2750 1156//1156 311//311
f 2869//2869 4447//4447 1541//1541
f 1213//1213 3292//3292 486//486
f 1178//1178 4382//4382 4761//4761
f 3498//3498 1057//1057 2454//2454
f 3516//3516 2272//2272 3700//3700
f 3021//3021 1957//1957 2365//2365
f 1262//1262 1709//1709 1966//1966
f 2900//2900 2452//2452 3544//3544
f 2552//2552 51//51 232//232
f 1145//1145 2020//2020 3829//3829
f 576//576 903//903 715//715
f 2446//2446 4765//4765 1608//1608
f 4433//4433 3753//3753 3031//3031
f 2995//2995 851//851 1937//1937
f 785//785 1742//1742 3246//3246
f 2216//2216 2762//2762 978//978
f 1477//1477 3633//3633 4725//4725
f 3761//3761 3153//3153 974//974
f 840//840 2566//2566 18//18
f 3020//3020 1893//1893 1310//1310
f 1419//1419 151//151 3811//3811
f 954//954 2562//2562 3486//3486
f 4143//4143 3483//3483 2378//2378
f 832//832 2361//2361 2426//2426
f 233//233 2048//2048 3362//3362
f 1326//1326 2258//2258 4435//4435
f 3482//3482 368//368 3275//3275
f 2067//2067 2849//2849 242//242
f 3234//3234 2685//2685 3171//3171
f 4492//4492 2331//2331 2421//2421
f 1277//1277 2429//2429 2099//2099
f 1023//1023 2320//2320 1865//1865
f 1023//1023 1865//1865 2333//2333
f 593//593 2925//2925 3510//3510
f 787//787 71//71 3415//3415
f 564//564 1332//1332 2663//2663
f 2575//2575 3540//3540 3533//3533
f 2157//2157 3724//3724 1575//1575
f 1988//1988 3887//3887 2041//2041
f 972//972 2727//2727 2754//2754
f 2168//2168 4424//4424 1268//1268
f 114//114 1421//1421 111//111
f 3616//3616 4442//4442 3103//3103
f 3707//3707 2733//2733 1025//1025
f 2549//2549 1958//1958 4195//4195
f 2976//2976 7//7 3641//3641
f 2954//2954 3836//3836 2575//2575
f 3369//3369 1789//1789 3604//3604
f 248//248 2434//2434 2140//2140
f 2999//2999 2990//2990 380//380
f 2773//2773 382//382 425//425
f 2853//2853 1812//1812 3531//3531
f 4772//4772 1698//1698 2436//2436
f 2081//2081 3122//3122 1698//1698
f 3143//3143 2086//2086 620//620
f 3126//3126 2996//2996 2955//2955
f 2719//2719 3713//3713 2885//2885
f 3701//3701 2441//2441 2929//2929
f 575//575 1288//1288 3558//3558
f 3280//3280 1196//1196 2100//2100
f 1961//1961 2030//2030 923//923
f 2850//2850 688//688 3499//3499
f 1891//1891 1715//1715 443//443
f 1200//1200 2072//2072 1193//1193
f 3418//3418 1867//1867 3807//3807
f 2733//2733 3079//3079 1962//1962
f 2534//2534 2943//2943 3594//3594
f 372//372 756//756 2738//2738
f 190//190 3124//3124 1852//1852
f 373//373 352//352 715//715
f 2164//2164 1562//1562 2413//2413
f 3000//3000 3738//3738 526//526
f 3394//3394 1494//1494 2107//2107
f 742//742 336//336 108//108
f 1673//1673 428//428 1412//1412
f 3295//3295 2648//2648 2296//2296
f 2524//2524 1148//1148 3364//3364
f 3376//3376 3313//3313 2327//2327
f 2451//2451 883//883 2314//2314
f 2581//2581 541//541 2126//2126
f 634//634 1159//1159 1242//1242
f 123//123 3326//3326 1353//1353
f 2575//2575 3533//3533 3295//3295
f 787//787 2601//2601 71//71
f 1393//1393 2507//2507 3717//3717
f 2504//2504 654//654 770//770
f 2504//2504 2554//2554 654//654
f 3716//3716 1927//1927 3236//3236
f 1636//1636 292//292 1953//1953
f 2916//2916 521//521 2763//2763
f 859//859 1225//1225 1794//1794
f 859//859 1794//1794 371//371
f 1303//1303 1342//1342 658//658
f 3822//3822 717//717 968//968
f 1318//1318 1599//1599 1026//1026
f 1127//1127 3317//3317 2539//2539
f 2011//2011 2785//2785 3746//3746
f 326//326 3837//3837 3439//3439
f 1034//1034 3644//3644 373//373
f 2462//2462 1141//1141 1407//1407
f 3203//3203 723//723 1856//1856
f 2168//2168 1017//1017 4424//4424
f 4424//4424 1017//1017 1954//1954
f 3060//3060 4121//4121 2768//2768
f 3254//3254 3732//3732 74//74
f 2102//2102 1458//1458 1074//1074
f 676//676 3286//3286 625//625
f 3297//3297 951//951 668//668
f 510//510 3711//3711 4473//4473
f 1820//1820 2193//2193 2713//2713
f 1955//1955 3719//3719 2946//2946
f 1666//1666 1849//1849 228//228
f 1047//1047 2310//2310 2593//2593
f 2244//2244 2111//2111 2771//2771
f 670//670 373//373 903//903
f 3818//3818 3204//3204 347//347
f 862//862 271//271 1213//1213
f 1815//1815 2901//2901 1473//1473
f 3383//3383 3308//3308 3785//3785
f 1775//1775 561//561 3547//3547
f 3010//3010 2473//2473 2477//2477
f 2828//2828 2409//2409 1514//1514
f 491//491 3059//3059 1400//1400
f 891//891 1350//1350 1675//1675
f 3513//3513 3427//3427 1568//1568
f 2449//2449 2894//2894 1288//1288
f 3718//3718 10//10 565//565
f 2547//2547 1443//1443 2819//2819
f 1324//1324 2261//2261 3454//3454
f 712//712 452//452 3391//3391
f 712//712 3391//3391 2627//2627
f 46//46 2734//2734 2373//2373
f 1313//1313 1246//1246 1362//1362
f 2678//2678 4418//4418 1968//1968
f 2487//2487 388//388 4472//4472
f 4027//4027 1880//1880 3630//3630
f 2156//2156 2652//2652 4114//4114
f 3321//3321 3904//3904 3174//3174
f 1520//1520 454//454 3141//3141
f 4396//4396 953//953 498//498
f 2701//2701 1826//1826 3358//3358
f 2253//2253 1587//1587 3472//3472
f 781//781 3650//3650 1896//1896
f 2961//2961 2763//2763 3135//3135
f 1035//1035 906//906 1056//1056
f 3211//3211 1996//1996 1323//1323
f 1490//1490 858//858 2635//2635
f 566//566 3039//3039 4762//4762
f 3051//3051 2478//2478 376//376
f 3289//3289 3312//3312 4863//4863
f 1719//1719 685//685 3437//3437
f 3185//3185 3330//3330 3584//3584
f 3579//3579 3221//3221 2230//2230
f 1428//1428 1085//1085 1255//1255
f 1098//1098 2555//2555 515//515
f 2988//2988 2936//2936 1406//1406
f 3699//3699 2904//2904 1861//1861
f 4034//4034 1670//1670 3948//3948
f 2065//2065 2732//2732 3592//3592
f 1106//1106 258//258 3249//3249
f 241//241 2593//2593 2923//2923
f 999//999 2161//2161 810//810
f 1626//1626 97//97 1579//1579
f 1266//1266 1196//1196 3280//3280
f 1501//1501 3445//3445 4305//4305
f 62//62 4244//4244 1604//1604
f 3556//3556 1867//1867 876//876
f 309//309 305//305 979//979
f 3714//3714 386//386 2488//2488
f 1588//1588 2766//2766 522//522
f 3793//3793 2495//2495 2158//2158
f 1228//1228 383//383 3272//3272
f 190//190 2891//2891 3124//3124
f 3838//3838 2309//2309 1981//1981
f 2612//2612 866//866 1116//1116
f 2492//2492 908//908 1194//1194
f 2949//2949 2299//2299 536//536
f 89//89 2394//2394 116//116
f 278//278 3778//3778 76//76
f 822//822 2897//2897 3638//3638
f 2358//2358 3815//3815 418//418
f 1425//1425 590//590 763//763
f 1730//1730 4053//4053 2431//2431
f 1474//1474 1234//1234 2383//2383
f 2220//2220 1349//1349 2538//2538
f 3640//3640 2317//2317 224//224
f 1641//1641 1369//1369 2644//2644
f 1603//1603 201//201 75//75
f 1293//1293 2038//2038 538//538
f 726//726 4420//4420 860//860
f 2488//2488 1694//1694 422//422
f 1564//1564 1642//1642 1747//1747
f 2701//2701 2423//2423 1826//1826
f 1329//1329 1944//1944 2778//2778
f 319//319 1950//1950 1783//1783
f 3334//3334 1117//1117 3106//3106
f 3334//3334 2518//2518 1117//1117
f 56//56 4361//4361 1252//1252
f 4361//4361 1141//1141 3896//3896
f 1176//1176 1467//1467 2255//2255
f 272//272 2509//2509 2876//2876
f 2234//2234 3689//3689 1782//1782
f 3760//3760 1481//1481 2780//2780
f 125//125 3731//3731 467//467
f 2206//2206 1699//1699 2154//2154
f 3058//3058 1921//1921 1915//1915
f 1484//1484 3039//3039 1127//1127
f 2635//2635 1920//1920 3194//3194
f 3165//3165 1318//1318 1026//1026
f 2532//2532 2830//2830 4382//4382
f 4197//4197 2527//2527 3225//3225
f 600//600 3344//3344 2364//2364
f 2895//2895 1848//1848 4763//4763
f 176//176 2846//2846 2524//2524
f 3908//3908 849//849 1946//1946
f 937//937 1340//1340 2353//2353
f 279//279 1909//1909 2550//2550
f 3097//3097 3309//3309 917//917
f 824//824 4436//4436 1693//1693
f 3285//3285 3547//3547 240//240
f 4217//4217 4140//4140 4736//4736
f 4007//4007 2533//2533 4246//4246
f 4246//4246 2533//2533 3907//3907
f 3567//3567 2878//2878 2310//2310
f 1442//1442 2393//2393 384//384
f 428//428 2253//2253 3472//3472
f 3521//3521 3763//3763 2149//2149
f 1286//1286 1864//1864 710//710
f 1537//1537 1118//1118 1868//1868
f 3059//3059 1707//1707 42//42
f 2182//2182 2425//2425 3354//3354
f 142//142 350//350 3491//3491
f 367//367 4418//4418 419//419
f 1245//1245 1690//1690 1787//1787
f 2872//2872 2463//2463 656//656
f 2872//2872 656//656 1943//1943
f 1356//1356 1956//1956 1668//1668
f 3664//3664 1736//1736 2399//2399
f 3627//3627 1379//1379 4196//4196
f 1646//1646 1412//1412 174//174
f 478//478 853//853 3276//3276
f 313//313 1809//1809 2381//2381
f 14//14 1233//1233 1607//1607
f 2557//2557 3131//3131 2695//2695
f 2920//2920 1411//1411 3261//3261
f 2539//2539 2972//2972 2603//2603
f 3560//3560 4754//4754 2519//2519
f 2598//2598 2465//2465 395//395
f 4432//4432 2542//2542 1110//1110
f 2132//2132 3518//3518 1232//1232
f 750//750 3050//3050 2741//2741
f 1263//1263 1958//1958 2549//2549
f 852//852 3441//3441 3450//3450
f 3682//3682 1298//1298 3832//3832
f 2382//2382 1589//1589 3445//3445
f 423//423 2634//2634 993//993
f 2679//2679 1567//1567 111//111
f 3597//3597 1460//1460 459//459
f 3353//3353 3105//3105 3022//3022
f 551//551 2021//2021 1642//1642
f 677//677 3507//3507 3026//3026
f 3950//3950 3299//3299 267//267
f 1878//1878 611//611 893//893
f 1201//1201 1911//1911 1216//1216
f 539//539 51//51 3117//3117
f 963//963 3159//3159 2620//2620
f 1980//1980 3385//3385 3471//3471
f 1991//1991 1745//1745 1243//1243
f 2187//2187 3560//3560 2519//2519
f 2219//2219 1230//1230 178//178
f 443//443 350//350 142//142
f 2484//2484 846//846 3913//3913
f 891//891 2511//2511 1516//1516
f 2738//2738 756//756 3442//3442
f 983//983 630//630 1222//1222
f 2559//2559 2446//2446 1894//1894
f 1250//1250 3552//3552 1257//1257
f 1853//1853 55//55 1356//1356
f 3704//3704 2563//2563 3728//3728
f 2899//2899 1934//1934 528//528
f 3812//3812 1086//1086 348//348
f 1989//1989 2830//2830 1154//1154
f 2981//2981 256//256 181//181
f 2733//2733 1051//1051 1444//1444
f 1759//1759 803//803 159//159
f 1015//1015 2604//2604 709//709
f 2570//2570 3355//3355 4242//4242
f 2570//2570 3054//3054 3355//3355
f 2428//2428 1434//1434 1011//1011
f 3607//3607 2438//2438 3254//3254
f 2584//2584 3260//3260 3115//3115
f 1316//1316 2767//2767 4014//4014
f 142//142 3491//3491 2752//2752
f 3724//3724 393//393 1575//1575
f 1756//1756 1091//1091 1681//1681
f 1476//1476 2906//2906 1843//1843
f 3773//3773 3952//3952 650//650
f 1357//1357 1578//1578 1048//1048
f 1370//1370 811//811 1271//1271
f 2161//2161 982//982 3085//3085
f 2363//2363 2927//2927 1073//1073
f 2783//2783 1632//1632 1833//1833
f 2793//2793 1680//1680 3448//3448
f 3397//3397 2009//2009 2591//2591
f 1033//1033 2450//2450 2198//2198
f 2005//2005 1793//1793 234//234
f 234//234 624//624 2005//2005
f 619//619 1512//1512 3262//3262
f 1793//1793 2556//2556 234//234
f 951//951 979//979 2694//2694
f 1195//1195 935//935 3210//3210
f 3067//3067 3495//3495 581//581
f 2480//2480 2166//2166 2305//2305
f 3080//3080 3198//3198 404//404
f 1763//1763 1050//1050 1831//1831
f 647//647 3267//3267 1519//1519
f 1986//1986 2058//2058 73//73
f 103//103 1395//1395 841//841
f 2833//2833 1688//1688 1144//1144
f 3556//3556 2881//2881 3783//3783
f 2093//2093 2785//2785 2674//2674
f 336//336 2924//2924 1047//1047
f 4200//4200 4156//4156 4249//4249
f 1903//1903 3309//3309 3097//3097
f 2473//2473 1523//1523 284//284
f 3563//3563 95//95 3799//3799
f 3327//3327 3618//3618 3492//3492
f 3179//3179 2167//2167 1825//1825
f 2474//2474 3496//3496 3686//3686
f 965//965 2260//2260 1973//1973
f 661//661 2589//2589 2871//2871
f 1727//1727 2172//2172 454//454
f 4138//4138 2058//2058 1178//1178
f 1701//1701 93//93 1890//1890
f 280//280 124//124 2514//2514
f 3110//3110 1265//1265 2407//2407
f 1202//1202 3875//3875 2462//2462
f 617//617 3064//3064 858//858
f 3761//3761 974//974 559//559
f 2594//2594 160//160 3838//3838
f 3386//3386 2242//2242 2619//2619
f 1847//1847 3548//3548 3448//3448
f 2344//2344 954//954 848//848
f 848//848 954//954 792//792
f 3635//3635 3482//3482 3275//3275
f 770//770 2598//2598 679//679
f 2484//2484 2599//2599 1913//1913
f 3688//3688 3171//3171 407//407
f 3688//3688 3234//3234 3171//3171
f 1363//1363 790//790 2177//2177
f 1596//1596 3700//3700 2892//2892
f 2836//2836 2507//2507 2720//2720
f 3497//3497 1424//1424 2952//2952
f 669//669 3489//3489 4764//4764
f 3376//3376 1889//1889 602//602
f 1486//1486 3408//3408 2197//2197
f 3718//3718 565//565 4021//4021
f 762//762 1744//1744 2896//2896
f 755//755 2714//2714 2365//2365
f 3244//3244 774//774 1873//1873
f 2844//2844 2980//2980 2607//2607
f 2189//2189 1040//1040 1804//1804
f 2025//2025 4722//4722 1829//1829
f 1099//1099 4752//4752 4794//4794
f 1290//1290 4386//4386 3293//3293
f 1884//1884 3007//3007 3307//3307
f 3111//3111 2448//2448 1550//1550
f 227//227 244//244 1349//1349
f 113//113 2234//2234 1860//1860
f 2409//2409 2828//2828 3257//3257
f 2521//2521 16//16 654//654
f 4147//4147 3578//3578 2311//2311
f 2018//2018 854//854 2813//2813
f 3527//3527 747//747 279//279
f 4706//4706 3260//3260 2584//2584
f 1763//1763 2287//2287 2204//2204
f 623//623 572//572 470//470
f 2588//2588 775//775 524//524
f 4191//4191 3321//3321 1197//1197
f 1742//1742 456//456 1516//1516
f 2026//2026 2220//2220 2331//2331
f 911//911 2755//2755 3387//3387
f 2659//2659 2920//2920 2176//2176
f 2943//2943 3038//3038 3828//3828
f 1468//1468 2665//2665 492//492
f 1729//1729 4727//4727 2962//2962
f 2958//2958 1489//1489 3214//3214
f 2120//2120 161//161 1536//1536
f 3056//3056 1292//1292 2438//2438
f 1871//1871 3077//3077 159//159
f 1060//1060 2527//2527 4197//4197
f 832//832 2426//2426 772//772
f 900//900 740//740 1000//1000
f 3676//3676 2442//2442 3350//3350
f 798//798 915//915 1649//1649
f 2150//2150 448//448 701//701
f 2694//2694 309//309 1858//1858
f 913//913 3487//3487 1900//1900
f 192//192 1506//1506 2338//2338
f 1339//1339 4172//4172 3301//3301
f 4055//4055 1012//1012 2116//2116
f 1469//1469 2879//2879 714//714
f 2653//2653 387//387 2077//2077
f 2498//2498 1183//1183 3387//3387
f 841//841 3068//3068 301//301
f 3427//3427 3820//3820 3093//3093
f 2032//2032 3726//3726 4273//4273
f 791//791 1181//1181 2768//2768
f 4761//4761 1997//1997 3572//3572
f 1430//1430 1142//1142 1365//1365
f 2808//2808 2030//2030 1961//1961
f 3039//3039 1484//1484 1158//1158
f 874//874 1669//1669 2279//2279
f 1642//1642 2146//2146 1747//1747
f 921//921 1031//1031 216//216
f 228//228 1330//1330 2576//2576
f 2605//2605 2008//2008 1159//1159
f 429//429 3441//3441 392//392
f 498//498 953//953 1394//1394
f 953//953 689//689 1394//1394
f 2624//2624 2804//2804 2675//2675
f 2411//2411 2841//2841 1562//1562
f 1954//1954 2924//2924 1428//1428
f 3830//3830 928//928 3310//3310
f 1632//1632 1087//1087 2805//2805
f 1414//1414 2964//2964 1431//1431
f 1098//1098 515//515 708//708
f 4251//4251 2910//2910 4250//4250
f 3760//3760 1284//1284 1481//1481
f 3337//3337 1792//1792 4456//4456
f 574//574 3809//3809 1547//1547
f 4472//4472 2833//2833 2556//2556
f 2993//2993 4117//4117 4102//4102
f 1818//1818 1306//1306 1754//1754
f 1269//1269 2992//2992 203//203
f 2990//2990 2989//2989 380//380
f 3620//3620 1617//1617 2038//2038
f 1154//1154 3506//3506 2052//2052
f 2221//2221 3121//3121 1900//1900
f 3347//3347 121//121 1637//1637
f 1719//1719 866//866 2612//2612
f 539//539 3750//3750 2661//2661
f 115//115 3369//3369 2316//2316
f 139//139 4275//4275 1207//1207
f 2935//2935 3067//3067 581//581
f 496//496 219//219 1385//1385
f 1267//1267 8//8 426//426
f 2282//2282 3764//3764 2751//2751
f 3022//3022 844//844 2953//2953
f 325//325 1209//1209 4808//4808
f 2457//2457 511//511 2649//2649
f 2646//2646 3258//3258 2210//2210
f 2223//2223 1544//1544 757//757
f 2650//2650 2223//2223 757//757
f 238//238 2427//2427 2691//2691
f 823//823 2440//2440 798//798
f 840//840 816//816 2566//2566
f 3080//3080 404//404 1888//1888
f 3692//3692 4770//4770 694//694
f 3265//3265 2582//2582 1392//1392
f 653//653 1754//1754 1429//1429
f 3226//3226 417//417 828//828
f 3623//3623 4476//4476 4294//4294
f 130//130 2939//2939 1659//1659
f 3731//3731 2867//2867 2952//2952
f 2902//2902 2970//2970 3098//3098
f 3774//3774 4245//4245 2926//2926
f 1317//1317 3607//3607 3656//3656
f 455//455 3799//3799 3690//3690
f 905//905 2562//2562 369//369
f 1097//1097 1069//1069 1518//1518
f 3021//3021 3375//3375 2907//2907
f 3066//3066 2657//2657 886//886
f 1719//1719 3437//3437 866//866
f 544//544 380//380 3110//3110
f 3781//3781 567//567 1560//1560
f 3963//3963 1407//1407 4361//4361
f 3303//3303 504//504 3041//3041
f 961//961 2295//2295 3137//3137
f 3011//3011 693//693 2445//2445
f 614//614 714//714 957//957
f 2412//2412 1665//1665 753//753
f 3577//3577 2676//2676 4751//4751
f 3276//3276 665//665 601//601
f 957//957 1835//1835 614//614
f 3594//3594 3828//3828 638//638
f 1302//1302 3682//3682 1628//1628
f 4470//4470 747//747 3527//3527
f 3720//3720 3461//3461 2064//2064
f 3147//3147 2409//2409 604//604
f 1178//1178 4761//4761 4138//4138
f 4138//4138 4761//4761 1784//1784
f 3791//3791 3123//3123 3696//3696
f 3362//3362 3004//3004 233//233
f 233//233 3004//3004 2760//2760
f 595//595 3601//3601 2245//2245
f 1926//1926 2794//2794 1187//1187
f 2345//2345 1202//1202 2462//2462
f 1993//1993 2463//2463 2872//2872
f 1322//1322 2131//2131 995//995
f 1688//1688 4428//4428 1144//1144
f 2896//2896 3795//3795 3446//3446
f 1052//1052 2625//2625 706//706
f 2415//2415 835//835 3659//3659
f 2398//2398 3779//3779 2561//2561
f 866//866 2715//2715 1116//1116
f 3606//3606 2093//2093 1114//1114
f 2879//2879 107//107 714//714
f 2214//2214 3696//3696 968//968
f 1135//1135 2326//2326 2434//2434
f 3084//3084 1184//1184 1683//1683
f 1584//1584 4254//4254 3047//3047
f 2313//2313 2370//2370 3290//3290
f 1412//1412 1073//1073 3549//3549
f 907//907 3734//3734 3207//3207
f 675//675 2175//2175 1161//1161
f 2270//2270 3099//3099 313//313
f 963//963 1140//1140 3159//3159
f 3057//3057 3243//3243 3927//3927
f 1127//1127 2263//2263 3317//3317
f 2669//2669 2551//2551 1500//1500
f 3580//3580 1357//1357 1048//1048
f 3612//3612 147//147 61//61
f 1047//1047 2593//2593 241//241
f 3459//3459 2136//2136 1388//1388
f 633//633 519//519 1586//1586
f 2830//2830 3281//3281 63//63
f 505//505 3067//3067 1608//1608
f 2226//2226 2605//2605 346//346
f 1846//1846 1952//1952 738//738
f 2576//2576 1330//1330 631//631
f 1624//1624 2154//2154 53//53
f 2601//2601 3759//3759 1493//1493
f 1180//1180 1533//1533 2639//2639
f 3418//3418 200//200 1867//1867
f 1244//1244 3421//3421 3796//3796
f 1084//1084 3551//3551 3426//3426
f 1546//1546 1633//1633 3482//3482
f 2115//2115 1156//1156 2525//2525
f 3161//3161 3331//3331 930//930
f 1283//1283 118//118 1258//1258
f 3438//3438 2833//2833 4472//4472
f 458//458 1891//1891 142//142
f 1392//1392 2582//2582 1743//1743
f 2934//2934 3940//3940 70//70
f 2678//2678 1968//1968 3344//3344
f 2194//2194 1499//1499 3187//3187
f 1123//1123 1084//1084 2968//2968
f 1841//1841 2012//2012 3610//3610
f 4025//4025 2853//2853 3531//3531
f 1044//1044 2349//2349 2355//2355
f 660//660 834//834 3292//3292
f 1973//1973 2260//2260 2111//2111
f 2229//2229 4733//4733 1146//1146
f 2421//2421 2802//2802 2731//2731
f 540//540 1115//1115 277//277
f 3070//3070 269//269 1304//1304
f 2412//2412 753//753 312//312
f 2047//2047 3517//3517 620//620
f 575//575 1383//1383 1288//1288
f 1269//1269 3011//3011 2564//2564
f 1649//1649 3519//3519 1742//1742
f 1849//1849 3162//3162 2687//2687
f 2484//2484 3095//3095 3805//3805
f 2383//2383 1234//1234 1152//1152
f 1674//1674 3435//3435 237//237
f 2515//2515 1703//1703 2725//2725
f 3119//3119 4245//4245 3774//3774
f 185//185 582//582 3639//3639
f 1987//1987 2402//2402 2938//2938
f 492//492 2547//2547 1468//1468
f 4205//4205 4280//4280 4145//4145
f 2817//2817 313//313 3595//3595
f 2623//2623 3154//3154 221//221
f 2542//2542 1466//1466 3013//3013
f 2575//2575 1093//1093 2954//2954
f 2119//2119 1750//1750 1886//1886
f 43//43 2834//2834 3002//3002
f 1265//1265 3200//3200 2407//2407
f 469//469 1044//1044 3330//3330
f 618//618 3350//3350 1077//1077
f 77//77 1397//1397 3431//3431
f 105//105 4150//4150 996//996
f 1083//1083 2798//2798 2504//2504
f 753//753 1019//1019 1090//1090
f 3777//3777 1812//1812 3151//3151
f 2557//2557 1505//1505 3131//3131
f 2490//2490 807//807 191//191
f 2374//2374 959//959 1405//1405
f 2639//2639 2818//2818 2573//2573
f 634//634 399//399 1159//1159
f 522//522 933//933 1588//1588
f 3657//3657 1528//1528 967//967
f 2603//2603 1484//1484 2539//2539
f 692//692 1768//1768 2595//2595
f 3762//3762 1160//1160 2541//2541
f 3437//3437 867//867 866//866
f 1030//1030 607//607 3536//3536
f 1388//1388 2614//2614 1998//1998
f 3785//3785 2371//2371 2516//2516
f 1391//1391 1763//1763 3316//3316
f 3378//3378 3073//3073 4724//4724
f 3737//3737 4431//4431 1656//1656
f 3082//3082 1679//1679 2097//2097
f 2474//2474 3776//3776 3496//3496
f 2094//2094 254//254 1409//1409
f 1669//1669 3307//3307 720//720
f 1959//1959 550//550 4419//4419
f 751//751 2754//2754 316//316
f 998//998 2477//2477 680//680
f 273//273 4719//4719 4734//4734
f 1877//1877 2088//2088 573//573
f 2270//2270 1096//1096 3120//3120
f 2654//2654 4199//4199 4095//4095
f 3621//3621 3967//3967 4229//4229
f 2592//2592 3734//3734 907//907
f 2746//2746 2967//2967 1875//1875
f 1389//1389 1581//1581 3467//3467
f 3209//3209 3077//3077 1871//1871
f 1618//1618 2564//2564 1876//1876
f 2757//2757 3500//3500 410//410
f 603//603 4105//4105 4190//4190
f 1932//1932 4383//4383 1403//1403
f 742//742 108//108 2645//2645
f 1331//1331 3575//3575 3123//3123
f 102//102 2339//2339 271//271
f 2309//2309 160//160 2435//2435
f 1391//1391 3316//3316 854//854
f 1840//1840 4187//4187 2424//2424
f 3685//3685 297//297 3966//3966
f 3624//3624 3548//3548 2866//2866
f 1000//1000 3710//3710 3871//3871
f 3813//3813 1568//1568 2994//2994
f 2438//2438 1292//1292 1964//1964
f 2961//2961 3135//3135 3096//3096
f 1732//1732 2932//2932 2861//2861
f 3439//3439 1685//1685 311//311
f 3831//3831 4075//4075 139//139
f 3215//3215 1034//1034 3488//3488
f 4257//4257 3962//3962 3936//3936
f 3209//3209 3295//3295 3077//3077
f 2763//2763 3682//3682 1302//1302
f 3806//3806 3682//3682 2763//2763
f 1764//1764 4317//4317 3787//3787
f 1506//1506 2384//2384 2317//2317
f 1070//1070 3922//3922 4374//4374
f 1713//1713 3086//3086 516//516
f 1974//1974 3086//3086 1713//1713
f 1439//1439 2183//2183 4023//4023
f 567//567 66//66 4165//4165
f 1652//1652 3783//3783 976//976
f 1574//1574 2874//2874 3378//3378
f 892//892 218//218 3922//3922
f 215//215 2017//2017 379//379
f 1492//1492 687//687 1142//1142
f 578//578 4040//4040 873//873
f 1270//1270 2821//2821 3816//3816
f 2702//2702 1900//1900 447//447
f 359//359 724//724 475//475
f 658//658 2185//2185 2071//2071
f 3377//3377 2110//2110 1510//1510
f 1716//1716 2349//2349 1044//1044
f 1727//1727 1700//1700 2172//2172
f 1378//1378 3346//3346 3288//3288
f 3596//3596 2415//2415 1126//1126
f 2182//2182 1823//1823 2425//2425
f 4280//4280 1855//1855 4129//4129
f 2165//2165 2639//2639 473//473
f 2165//2165 473//473 3416//3416
f 1585//1585 2716//2716 3363//3363
f 457//457 4455//4455 1079//1079
f 4770//4770 1266//1266 3280//3280
f 4480//4480 4420//4420 2724//2724
f 2522//2522 443//443 1715//1715
f 2530//2530 156//156 501//501
f 208//208 2789//2789 2559//2559
f 2455//2455 3987//3987 1745//1745
f 743//743 1251//1251 484//484
f 4267//4267 2431//2431 446//446
f 3273//3273 1034//1034 2502//2502
f 1231//1231 227//227 1349//1349
f 1386//1386 882//882 2526//2526
f 862//862 3694//3694 1328//1328
f 2710//2710 2968//2968 1999//1999
f 2350//2350 1113//1113 2842//2842
f 2708//2708 946//946 3261//3261
f 3633//3633 962//962 4725//4725
f 3883//3883 4234//4234 2811//2811
f 2764//2764 1068//1068 1291//1291
f 1232//1232 3518//3518 467//467
f 999//999 810//810 321//321
f 284//284 680//680 2477//2477
f 3834//3834 3993//3993 2258//2258
f 3494//3494 2586//2586 2901//2901
f 1451//1451 1066//1066 1509//1509
f 3199//3199 4151//4151 4769//4769
f 1341//1341 1588//1588 1436//1436
f 3798//3798 3354//3354 1960//1960
f 1571//1571 540//540 277//277
f 1922//1922 2448//2448 3111//3111
f 1745//1745 1991//1991 1459//1459
f 1442//1442 1601//1601 1369//1369
f 1959//1959 415//415 1151//1151
f 2258//2258 3993//3993 2029//2029
f 3538//3538 2722//2722 3626//3626
f 170//170 1627//1627 3583//3583
f 3781//3781 4446//4446 4024//4024
f 3491//3491 3538//3538 2752//2752
f 2074//2074 3215//3215 3488//3488
f 259//259 562//562 54//54
f 2655//2655 2987//2987 3388//3388
f 2366//2366 2915//2915 987//987
f 625//625 3286//3286 87//87
f 612//612 1166//1166 3797//3797
f 1858//1858 1250//1250 3535//3535
f 2810//2810 2975//2975 4464//4464
f 238//238 2691//2691 744//744
f 2020//2020 1146//1146 2777//2777
f 2184//2184 2196//2196 2960//2960
f 888//888 1895//1895 2829//2829
f 2302//2302 888//888 2829//2829
f 1099//1099 3948//3948 2814//2814
f 1775//1775 3547//3547 520//520
f 1990//1990 378//378 664//664
f 2777//2777 193//193 2020//2020
f 1591//1591 1826//1826 1721//1721
f 3292//3292 2838//2838 1898//1898
f 2979//2979 3708//3708 306//306
f 2479//2479 4744//4744 1786//1786
f 1469//1469 714//714 614//614
f 4617//4617 281//281 4260//4260
f 637//637 801//801 997//997
f 997//997 801//801 3202//3202
f 891//891 1516//1516 1350//1350
f 2519//2519 4754//4754 4396//4396
f 861//861 1011//1011 2214//2214
f 99//99 1480//1480 1291//1291
f 737//737 2826//2826 4092//4092
f 1995//1995 457//457 1079//1079
f 207//207 1799//1799 4261//4261
f 138//138 4635//4635 2125//2125
f 185//185 3748//3748 2937//2937
f 810//810 1772//1772 1309//1309
f 2557//2557 2695//2695 1863//1863
f 4025//4025 2291//2291 2853//2853
f 2388//2388 3940//3940 4020//4020
f 515//515 3238//3238 865//865
f 2928//2928 1262//1262 2050//2050
f 461//461 1983//1983 3370//3370
f 71//71 1767//1767 3415//3415
f 3412//3412 772//772 2832//2832
f 4262//4262 1556//1556 4018//4018
f 2958//2958 523//523 1489//1489
f 4765//4765 2103//2103 4751//4751
f 302//302 3678//3678 1229//1229
f 3331//3331 1237//1237 1970//1970
f 2398//2398 3416//3416 2091//2091
f 3791//3791 1661//1661 3123//3123
f 2503//2503 2033//2033 1555//1555
f 3265//3265 127//127 2582//2582
f 1556//1556 3009//3009 4664//4664
f 934//934 2844//2844 2607//2607
f 1122//1122 3941//3941 314//314
f 2993//2993 2186//2186 2499//2499
f 4309//4309 1062//1062 451//451
f 1897//1897 3184//3184 3790//3790
f 2192//2192 1324//1324 2522//2522
f 2748//2748 2148//2148 2103//2103
f 1852//1852 3722//3722 1827//1827
f 4712//4712 1368//1368 695//695
f 2103//2103 2148//2148 3577//3577
f 387//387 3361//3361 2672//2672
f 180//180 488//488 2180//2180
f 1503//1503 1681//1681 835//835
f 3532//3532 3475//3475 1639//1639
f 190//190 2244//2244 2891//2891
f 3129//3129 3348//3348 3826//3826
f 700//700 352//352 373//373
f 751//751 2338//2338 2754//2754
f 377//377 105//105 729//729
f 2999//2999 3967//3967 3621//3621
f 1965//1965 2357//2357 1696//1696
f 437//437 3084//3084 424//424
f 2136//2136 1961//1961 69//69
f 3390//3390 1046//1046 3655//3655
f 2222//2222 3183//3183 1999//1999
f 3513//3513 3528//3528 3407//3407
f 1367//1367 150//150 1779//1779
f 2042//2042 2076//2076 856//856
f 917//917 2042//2042 856//856
f 3106//3106 1117//1117 1022//1022
f 1888//1888 404//404 3347//3347
f 56//56 1252//1252 1168//1168
f 1447//1447 108//108 336//336
f 2164//2164 1910//1910 546//546
f 1414//1414 3394//3394 2964//2964
f 1890//1890 669//669 1701//1701
f 187//187 3237//3237 2353//2353
f 3075//3075 3293//3293 600//600
f 3578//3578 198//198 2311//2311
f 3833//3833 3212//3212 416//416
f 3640//3640 1506//1506 2317//2317
f 1475//1475 1858//1858 1449//1449
f 119//119 2392//2392 691//691
f 3690//3690 3409//3409 2295//2295
f 2931//2931 1282//1282 4728//4728
f 32//32 240//240 1996//1996
f 1502//1502 2703//2703 3418//3418
f 1111//1111 543//543 1475//1475
f 3832//3832 2272//2272 2686//2686
f 2745//2745 439//439 1042//1042
f 3266//3266 4125//4125 4161//4161
f 1260//1260 602//602 1364//1364
f 4266//4266 2914//2914 2133//2133
f 1264//1264 1420//1420 857//857
f 1637//1637 2285//2285 1180//1180
f 437//437 1860//1860 3084//3084
f 2563//2563 1319//1319 1277//1277
f 2937//2937 565//565 2105//2105
f 419//419 4418//4418 2430//2430
f 1744//1744 3795//3795 2896//2896
f 3808//3808 3757//3757 1939//1939
f 224//224 1196//1196 1266//1266
f 999//999 2693//2693 2161//2161
f 2431//2431 1398//1398 1730//1730
f 1540//1540 3964//3964 4174//4174
f 2026//2026 1231//1231 1349//1349
f 672//672 3201//3201 3576//3576
f 2610//2610 1112//1112 3646//3646
f 732//732 470//470 377//377
f 1246//1246 1374//1374 1478//1478
f 3179//3179 2503//2503 2167//2167
f 2116//2116 821//821 2186//2186
f 482//482 2321//2321 2500//2500
f 2621//2621 2951//2951 4771//4771
f 1458//1458 2512//2512 2232//2232
f 750//750 1489//1489 3050//3050
f 3768//3768 3053//3053 2718//2718
f 3127//3127 517//517 2428//2428
f 1639//1639 3475//3475 983//983
f 1558//1558 1718//1718 2676//2676
f 1269//1269 203//203 68//68
f 4863//4863 667//667 4179//4179
f 3//3 2646//2646 2210//2210
f 3487//3487 3182//3182 4480//4480
f 592//592 2221//2221 2404//2404
f 2321//2321 1472//1472 2//2
f 2730//2730 1447//1447 1456//1456
f 539//539 3470//3470 3750//3750
f 398//398 3346//3346 3208//3208
f 514//514 363//363 2980//2980
f 3722//3722 1887//1887 3635//3635
f 1511//1511 1441//1441 3336//3336
f 1466//1466 1177//1177 3013//3013
f 1144//1144 4428//4428 1787//1787
f 1538//1538 1520//1520 1509//1509
f 1463//1463 372//372 166//166
f 1290//1290 2883//2883 4386//4386
f 3465//3465 795//795 3310//3310
f 367//367 419//419 3180//3180
f 3464//3464 2899//2899 528//528
f 1785//1785 2467//2467 766//766
f 1393//1393 2720//2720 2507//2507
f 2066//2066 3666//3666 2590//2590
f 231//231 705//705 4708//4708
f 2719//2719 2885//2885 1962//1962
f 3630//3630 1880//1880 1171//1171
f 2573//2573 725//725 4309//4309
f 491//491 3362//3362 3059//3059
f 2643//2643 343//343 2361//2361
f 1506//1506 1892//1892 2338//2338
f 124//124 4030//4030 3136//3136
f 2356//2356 1354//1354 1320//1320
f 3809//3809 574//574 3192//3192
f 2983//2983 2996//2996 3126//3126
f 2274//2274 125//125 467//467
f 1695//1695 2176//2176 44//44
f 1170//1170 430//430 2084//2084
f 1306//1306 3246//3246 1429//1429
f 518//518 949//949 2382//2382
f 1085//1085 2924//2924 336//336
f 1096//1096 2270//2270 2817//2817
f 2130//2130 3018//3018 2692//2692
f 1524//1524 1289//1289 2985//2985
f 2634//2634 1301//1301 211//211
f 2456//2456 1498//1498 3010//3010
f 160//160 4688//4688 423//423
f 4771//4771 992//992 4767//4767
f 3795//3795 3366//3366 3446//3446
f 2050//2050 3102//3102 4457//4457
f 603//603 3923//3923 4213//4213
f 2586//2586 2147//2147 353//353
f 1836//1836 1609//1609 1117//1117
f 1684//1684 797//797 2912//2912
f 797//797 1448//1448 2912//2912
f 998//998 3812//3812 2084//2084
f 299//299 394//394 3304//3304
f 2748//2748 1499//1499 2148//2148
f 503//503 3253//3253 3986//3986
f 2039//2039 3695//3695 3447//3447
f 2512//2512 3692//3692 694//694
f 3683//3683 276//276 2916//2916
f 3570//3570 1333//1333 3922//3922
f 1823//1823 3244//3244 433//433
f 860//860 4480//4480 3015//3015
f 1196//1196 1417//1417 2189//2189
f 2127//2127 79//79 3296//3296
f 1827//1827 2110//2110 190//190
f 631//631 1851//1851 736//736
f 2482//2482 2239//2239 1454//1454
f 2421//2421 2331//2331 2802//2802
f 140//140 3833//3833 2263//2263
f 1127//1127 140//140 2263//2263
f 2490//2490 191//191 2158//2158
f 2118//2118 1272//1272 3611//3611
f 253//253 221//221 890//890
f 4625//4625 4365//4365 4462//4462
f 3927//3927 2295//2295 961//961
f 3093//3093 2122//2122 1866//1866
f 3778//3778 2302//2302 76//76
f 2773//2773 3622//3622 781//781
f 2798//2798 3358//3358 1598//1598
f 1908//1908 2254//2254 3453//3453
f 1156//1156 433//433 326//326
f 2102//2102 226//226 1458//1458
f 107//107 3221//3221 714//714
f 36//36 421//421 2799//2799
f 1251//1251 895//895 1375//1375
f 2194//2194 2928//2928 1124//1124
f 1092//1092 185//185 3406//3406
f 1471//1471 3617//3617 394//394
f 3756//3756 213//213 1318//1318
f 1160//1160 3809//3809 2541//2541
f 2441//2441 256//256 2929//2929
f 1509//1509 1066//1066 1063//1063
f 467//467 3731//3731 1554//1554
f 1853//1853 1356//1356 611//611
f 1502//1502 3418//3418 3807//3807
f 463//463 4158//4158 2706//2706
f 1821//1821 2504//2504 770//770
f 27//27 832//832 3412//3412
f 3200//3200 2580//2580 1221//1221
f 30//30 4268//4268 3360//3360
f 3408//3408 2153//2153 2197//2197
f 1553//1553 2938//2938 2890//2890
f 1317//1317 3656//3656 3750//3750
f 1246//1246 1478//1478 1362//1362
f 1751//1751 2745//2745 1042//1042
f 3191//3191 1507//1507 3150//3150
f 2836//2836 2720//2720 4359//4359
f 3927//3927 3243//3243 2295//2295
f 595//595 1683//1683 2942//2942
f 1393//1393 3717//3717 2430//2430
f 2768//2768 1181//1181 2350//2350
f 366//366 3549//3549 716//716
f 2459//2459 54//54 2106//2106
f 3957//3957 3186//3186 3266//3266
f 1135//1135 2434//2434 2801//2801
f 3146//3146 2686//2686 2288//2288
f 847//847 405//405 225//225
f 1871//1871 159//159 2009//2009
f 2946//2946 3769//3769 4194//4194
f 2342//2342 1350//1350 4744//4744
f 434//434 786//786 115//115
f 2407//2407 3200//3200 3176//3176
f 709//709 3503//3503 209//209
f 1368//1368 4693//4693 4442//4442
f 3309//3309 1211//1211 917//917
f 4672//4672 4167//4167 4487//4487
f 2299//2299 2790//2790 4381//4381
f 3604//3604 343//343 3369//3369
f 2711//2711 965//965 3377//3377
f 2430//2430 3717//3717 1838//1838
f 1619//1619 2108//2108 3009//3009
f 2069//2069 1592//1592 562//562
f 3688//3688 407//407 638//638
f 424//424 3084//3084 175//175
f 1369//1369 420//420 2416//2416
f 3785//3785 3308//3308 2371//2371
f 3315//3315 659//659 2088//2088
f 2339//2339 836//836 271//271
f 664//664 3515//3515 2178//2178
f 2629//2629 1384//1384 1010//1010
f 1802//1802 3838//3838 755//755
f 4218//4218 3417//3417 4089//4089
f 4218//4218 152//152 3417//3417
f 2323//2323 1572//1572 1936//1936
f 3992//3992 4364//4364 897//897
f 3643//3643 1731//1731 3526//3526
f 240//240 2831//2831 1996//1996
f 1208//1208 3340//3340 590//590
f 2281//2281 3024//3024 761//761
f 1882//1882 1933//1933 2546//2546
f 248//248 3069//3069 1460//1460
f 1300//1300 2758//2758 2792//2792
f 1866//1866 1621//1621 3434//3434
f 1309//1309 1960//1960 2115//2115
f 188//188 587//587 2372//2372
f 188//188 2372//2372 2871//2871
f 1841//1841 3645//3645 655//655
f 1555//1555 864//864 2242//2242
f 3290//3290 2370//2370 470//470
f 1393//1393 2678//2678 2720//2720
f 1943//1943 656//656 133//133
f 1833//1833 823//823 1638//1638
f 3090//3090 2728//2728 2540//2540
f 2716//2716 1167//1167 2918//2918
f 3396//3396 106//106 2977//2977
f 1578//1578 2824//2824 285//285
f 2657//2657 3081//3081 886//886
f 1791//1791 686//686 2812//2812
f 2977//2977 106//106 1882//1882
f 2607//2607 2980//2980 2969//2969
f 453//453 2401//2401 3278//3278
f 2812//2812 2931//2931 261//261
f 174//174 1780//1780 1529//1529
f 441//441 3553//3553 3356//3356
f 4311//4311 1907//1907 2583//2583
f 3137//3137 1908//1908 3481//3481
f 599//599 3508//3508 1219//1219
f 717//717 3822//3822 1942//1942
f 3464//3464 528//528 1791//1791
f 1621//1621 808//808 1716//1716
f 2942//2942 1184//1184 981//981
f 2984//2984 3205//3205 3713//3713
f 1894//1894 3067//3067 2677//2677
f 2885//2885 3160//3160 3537//3537
f 3799//3799 3409//3409 3690//3690
f 1606//1606 2401//2401 3036//3036
f 3503//3503 1313//1313 2201//2201
f 3742//3742 1581//1581 577//577
f 2889//2889 538//538 2638//2638
f 80//80 1572//1572 2323//2323
f 2280//2280 3545//3545 3363//3363
f 1931//1931 311//311 1685//1685
f 1693//1693 4436//4436 1108//1108
f 331//331 754//754 2464//2464
f 867//867 3180//3180 419//419
f 3718//3718 1753//1753 10//10
f 3128//3128 3395//3395 151//151
f 2542//2542 3013//3013 3716//3716
f 368//368 869//869 1995//1995
f 3986//3986 4375//4375 2847//2847
f 4374//4374 4157//4157 525//525
f 1425//1425 763//763 102//102
f 252//252 3988//3988 4272//4272
f 2887//2887 3097//3097 1729//1729
f 2907//2907 2877//2877 342//342
f 3251//3251 2611//2611 1772//1772
f 3048//3048 1130//1130 4081//4081
f 1636//1636 2948//2948 292//292
f 2649//2649 4033//4033 3241//3241
f 2813//2813 854//854 2090//2090
f 77//77 3825//3825 3424//3424
f 388//388 2237//2237 1640//1640
f 3393//3393 3290//3290 470//470
f 1437//1437 2208//2208 3765//3765
f 2668//2668 2231//2231 2902//2902
f 909//909 1810//1810 307//307
f 3627//3627 4196//4196 1347//1347
f 2416//2416 1777//1777 1369//1369
f 2416//2416 3329//3329 1777//1777
f 2964//2964 3394//3394 2534//2534
f 1991//1991 1254//1254 1459//1459
f 3491//3491 1552//1552 3538//3538
f 2610//2610 2294//2294 113//113
f 1433//1433 1217//1217 4277//4277
f 3564//3564 2676//2676 3577//3577
f 321//321 2750//2750 193//193
f 3519//3519 1825//1825 456//456
f 170//170 3655//3655 1627//1627
f 1078//1078 276//276 3683//3683
f 1578//1578 285//285 477//477
f 1139//1139 3147//3147 604//604
f 36//36 2799//2799 2917//2917
f 2434//2434 3208//3208 2140//2140
f 2865//2865 861//861 717//717
f 1434//1434 2379//2379 356//356
f 1001//1001 1602//1602 1736//1736
f 3196//3196 2433//2433 1750//1750
f 3280//3280 349//349 2888//2888
f 2857//2857 3949//3949 4719//4719
f 1956//1956 143//143 3618//3618
f 4356//4356 2899//2899 3464//3464
f 374//374 3188//3188 440//440
f 3766//3766 2465//2465 2598//2598
f 2258//2258 1326//1326 3466//3466
f 127//127 2303//2303 2249//2249
f 486//486 3272//3272 2909//2909
f 1075//1075 2180//2180 488//488
f 3566//3566 3278//3278 27//27
f 2893//2893 742//742 1134//1134
f 1626//1626 594//594 3064//3064
f 1907//1907 1593//1593 2144//2144
f 1463//1463 748//748 3763//3763
f 2572//2572 860//860 3015//3015
f 970//970 2787//2787 2875//2875
f 146//146 1189//1189 1307//1307
f 2614//2614 1371//1371 283//283
f 960//960 1470//1470 2537//2537
f 1692//1692 2574//2574 3017//3017
f 2489//2489 3423//3423 2113//2113
f 3353//3353 3510//3510 2925//2925
f 2417//2417 1751//1751 1042//1042
f 1079//1079 2711//2711 666//666
f 1479//1479 3697//3697 2214//2214
f 1605//1605 2213//2213 2956//2956
f 1986//1986 73//73 3498//3498
f 426//426 2540//2540 2945//2945
f 3251//3251 1176//1176 2611//2611
f 3047//3047 3819//3819 3061//3061
f 206//206 1743//1743 209//209
f 3192//3192 574//574 512//512
f 2061//2061 3517//3517 2047//2047
f 1341//1341 1793//1793 3511//3511
f 1413//1413 674//674 1767//1767
f 2358//2358 2658//2658 3815//3815
f 3548//3548 2793//2793 3448//3448
f 782//782 2107//2107 1057//1057
f 295//295 3669//3669 1499//1499
f 2343//2343 2280//2280 1420//1420
f 279//279 1128//1128 2959//2959
f 3235//3235 134//134 1322//1322
f 2210//2210 3824//3824 4104//4104
f 2409//2409 2971//2971 604//604
f 1984//1984 1691//1691 1658//1658
f 2905//2905 3323//3323 3576//3576
f 2559//2559 2797//2797 2446//2446
f 2175//2175 4194//4194 3036//3036
f 3814//3814 3368//3368 2790//2790
f 1364//1364 2709//2709 1401//1401
f 2617//2617 317//317 1535//1535
f 2576//2576 631//631 1808//1808
f 3478//3478 434//434 2747//2747
f 784//784 859//859 1811//1811
f 2954//2954 2187//2187 3836//3836
f 3073//3073 3302//3302 1461//1461
f 1211//1211 2042//2042 917//917
f 751//751 315//315 2338//2338
f 1930//1930 588//588 750//750
f 2349//2349 3140//3140 2355//2355
f 3495//3495 2260//2260 965//965
f 2947//2947 1514//1514 3147//3147
f 299//299 1471//1471 394//394
f 3537//3537 893//893 611//611
f 256//256 2900//2900 3544//3544
f 3254//3254 3712//3712 3607//3607
f 2035//2035 2034//2034 3668//3668
f 2427//2427 2928//2928 504//504
f 1312//1312 1667//1667 4366//4366
f 1351//1351 2119//2119 3840//3840
f 3525//3525 2629//2629 1010//1010
f 3153//3153 3761//3761 4070//4070
f 3551//3551 1931//1931 3426//3426
f 1689//1689 3352//3352 3060//3060
f 172//172 1021//1021 2523//2523
f 2541//2541 3991//3991 3385//3385
f 2501//2501 1577//1577 1203//1203
f 1146//1146 1490//1490 2777//2777
f 3063//3063 297//297 3227//3227
f 1502//1502 3722//3722 2211//2211
f 4116//4116 3259//3259 3597//3597
f 1932//1932 1403//1403 1405//1405
f 2602//2602 600//600 3293//3293
f 2224//2224 939//939 3733//3733
f 2463//2463 879//879 656//656
f 4111//4111 2765//2765 4186//4186
f 3053//3053 569//569 2718//2718
f 8//8 2540//2540 426//426
f 650//650 1664//1664 3773//3773
f 1389//1389 3476//3476 4015//4015
f 2008//2008 1242//1242 1159//1159
f 2115//2115 1960//1960 433//433
f 2629//2629 2423//2423 2701//2701
f 3792//3792 1094//1094 1278//1278
f 3297//3297 979//979 951//951
f 1450//1450 1196//1196 2189//2189
f 3157//3157 909//909 517//517
f 3185//3185 939//939 476//476
f 4069//4069 3939//3939 4174//4174
f 1980//1980 1617//1617 3385//3385
f 1053//1053 3271//3271 2700//2700
f 959//959 1409//1409 977//977
f 2292//2292 4071//4071 4259//4259
f 468//468 2881//2881 4739//4739
f 858//858 3108//3108 1920//1920
f 2039//2039 3447//3447 2028//2028
f 2897//2897 627//627 3581//3581
f 1297//1297 1522//1522 977//977
f 1078//1078 2034//2034 276//276
f 3272//3272 385//385 842//842
f 2677//2677 3067//3067 2935//2935
f 3081//3081 981//981 3599//3599
f 226//226 224//224 1266//1266
f 2014//2014 2369//2369 2499//2499
f 3021//3021 342//342 920//920
f 2303//2303 3265//3265 1483//1483
f 1717//1717 815//815 3090//3090
f 1902//1902 2974//2974 2212//2212
f 3322//3322 3228//3228 2663//2663
f 1731//1731 1732//1732 3526//3526
f 1891//1891 458//458 3100//3100
f 824//824 3428//3428 2497//2497
f 3629//3629 1055//1055 2129//2129
f 3175//3175 912//912 2840//2840
f 2631//2631 1125//1125 1126//1126
f 1232//1232 3497//3497 2132//2132
f 2225//2225 3217//3217 173//173
f 379//379 2017//2017 2376//2376
f 1937//1937 1064//1064 2739//2739
f 3023//3023 1414//1414 1431//1431
f 2531//2531 2146//2146 2898//2898
f 2747//2747 3452//3452 14//14
f 1992//1992 1562//1562 1239//1239
f 4201//4201 4136//4136 532//532
f 3428//3428 2129//2129 1055//1055
f 978//978 1909//1909 747//747
f 2220//2220 2026//2026 1349//1349
f 3366//3366 154//154 2836//2836
f 1039//1039 660//660 3451//3451
f 3538//3538 1552//1552 2722//2722
f 2721//2721 2861//2861 1653//1653
f 2313//2313 1696//1696 3392//3392
f 685//685 3344//3344 3800//3800
f 375//375 563//563 2760//2760
f 2728//2728 1679//1679 214//214
f 2297//2297 2449//2449 1939//1939
f 538//538 1980//1980 1869//1869
f 2027//2027 653//653 4463//4463
f 3997//3997 343//343 2643//2643
f 1997//1997 4382//4382 941//941
f 322//322 2054//2054 3413//3413
f 2577//2577 827//827 94//94
f 2130//2130 2408//2408 3018//3018
f 3112//3112 1472//1472 3087//3087
f 1235//1235 1058//1058 880//880
f 432//432 549//549 1314//1314
f 171//171 1363//1363 183//183
f 1824//1824 3083//3083 2332//2332
f 1768//1768 3586//3586 200//200
f 2873//2873 3658//3658 3201//3201
f 3362//3362 2373//2373 3004//3004
f 1923//1923 1993//1993 499//499
f 2588//2588 1477//1477 775//775
f 827//827 2688//2688 94//94
f 2310//2310 2878//2878 1031//1031
f 3457//3457 4467//4467 104//104
f 761//761 2102//2102 2932//2932
f 1491//1491 1316//1316 1769//1769
f 1297//1297 977//977 1191//1191
f 3122//3122 4703//4703 1698//1698
f 2227//2227 2987//2987 2655//2655
f 1694//1694 1497//1497 422//422
f 1910//1910 2228//2228 3057//3057
f 2620//2620 3808//3808 1004//1004
f 3713//3713 3205//3205 3160//3160
f 3692//3692 1266//1266 4770//4770
f 805//805 1746//1746 1063//1063
f 19//19 3014//3014 733//733
f 3152//3152 2603//2603 2972//2972
f 810//810 2115//2115 2525//2525
f 2316//2316 3369//3369 3997//3997
f 3763//3763 3521//3521 1463//1463
f 841//841 3727//3727 1495//1495
f 282//282 2946//2946 4194//4194
f 3795//3795 1030//1030 3366//3366
f 4492//4492 3102//3102 1273//1273
f 502//502 157//157 3751//3751
f 1153//1153 2334//2334 421//421
f 2920//2920 3831//3831 4099//4099
f 1443//1443 4767//4767 957//957
f 1354//1354 2421//2421 1320//1320
f 1444//1444 221//221 253//253
f 3511//3511 1588//1588 1341//1341
f 1258//1258 118//118 2207//2207
f 2124//2124 3231//3231 3071//3071
f 3823//3823 2003//2003 1629//1629
f 3158//3158 2492//2492 1194//1194
f 3210//3210 1815//1815 1473//1473
f 3230//3230 2940//2940 3986//3986
f 4435//4435 2029//2029 34//34
f 1836//1836 1381//1381 3728//3728
f 1108//1108 3684//3684 2784//2784
f 834//834 2838//2838 3292//3292
f 412//412 116//116 124//124
f 140//140 3039//3039 566//566
f 1919//1919 943//943 1571//1571
f 1408//1408 1888//1888 3433//3433
f 3163//3163 1530//1530 2482//2482
f 2602//2602 3446//3446 4359//4359
f 2737//2737 1462//1462 2749//2749
f 2737//2737 406//406 1462//1462
f 3182//3182 2479//2479 2347//2347
f 3528//3528 1332//1332 3407//3407
f 591//591 4238//4238 3118//3118
f 807//807 1005//1005 2067//2067
f 313//313 2381//2381 3595//3595
f 1123//1123 3068//3068 3551//3551
f 2131//2131 2977//2977 3400//3400
f 3092//3092 3163//3163 344//344
f 139//139 3663//3663 4275//4275
f 2316//2316 15//15 1233//1233
f 456//456 1786//1786 1516//1516
f 1545//1545 1524//1524 3752//3752
f 1149//1149 1649//1649 785//785
f 3332//3332 1558//1558 2676//2676
f 1635//1635 1693//1693 1108//1108
f 3//3 2210//2210 450//450
f 650//650 3952//3952 4151//4151
f 1377//1377 3054//3054 2570//2570
f 268//268 1377//1377 2570//2570
f 1818//1818 1149//1149 1306//1306
f 1304//1304 3139//3139 3070//3070
f 4050//4050 17//17 3088//3088
f 2506//2506 3175//3175 3144//3144
f 1910//1910 2413//2413 2228//2228
f 339//339 698//698 3924//3924
f 3562//3562 2658//2658 1796//1796
f 2830//2830 63//63 2079//2079
f 1744//1744 607//607 3795//3795
f 1191//1191 1749//1749 3522//3522
f 1090//1090 1019//1019 3753//3753
f 1709//1709 2748//2748 2446//2446
f 3387//3387 257//257 236//236
f 1296//1296 4215//4215 4320//4320
f 2846//2846 476//476 2606//2606
f 3941//3941 4426//4426 4222//4222
f 3339//3339 2941//2941 3649//3649
f 2468//2468 1436//1436 2481//2481
f 530//530 3193//3193 1440//1440
f 583//583 4213//4213 4230//4230
f 2499//2499 3196//3196 2119//2119
f 3666//3666 1671//1671 2590//2590
f 2590//2590 1671//1671 612//612
f 2412//2412 3794//3794 3062//3062
f 577//577 559//559 4120//4120
f 1786//1786 2510//2510 2479//2479
f 3516//3516 3700//3700 1596//1596
f 4664//4664 3523//3523 910//910
f 3260//3260 1220//1220 3115//3115
f 3081//3081 3277//3277 886//886
f 2070//2070 3251//3251 1772//1772
f 3391//3391 1612//1612 1045//1045
f 2045//2045 1516//1516 2511//2511
f 2615//2615 2814//2814 3289//3289
f 1132//1132 4765//4765 4751//4751
f 3509//3509 1587//1587 2015//2015
f 1780//1780 3472//3472 3509//3509
f 1811//1811 2283//2283 1846//1846
f 2334//2334 2288//2288 2825//2825
f 3837//3837 326//326 433//433
f 1123//1123 2968//2968 2355//2355
f 1856//1856 314//314 1654//1654
f 760//760 2638//2638 1203//1203
f 3726//3726 493//493 1496//1496
f 1061//1061 2896//2896 3446//3446
f 247//247 523//523 3589//3589
f 2130//2130 2692//2692 2059//2059
f 3318//3318 1684//1684 2877//2877
f 1745//1745 4212//4212 1243//1243
f 3723//3723 3049//3049 3031//3031
f 1416//1416 1845//1845 2094//2094
f 1292//1292 694//694 1964//1964
f 915//915 1678//1678 3519//3519
f 229//229 3028//3028 344//344
f 1798//1798 1384//1384 2629//2629
f 3628//3628 1280//1280 1674//1674
f 659//659 2666//2666 3646//3646
f 1949//1949 1731//1731 3643//3643
f 4473//4473 4192//4192 510//510
f 3267//3267 1773//1773 3765//3765
f 3435//3435 2248//2248 2476//2476
f 2094//2094 1468//1468 254//254
f 38//38 3543//3543 4258//4258
f 3531//3531 897//897 3476//3476
f 605//605 2996//2996 2983//2983
f 3257//3257 1327//1327 847//847
f 1595//1595 720//720 3007//3007
f 1978//1978 753//753 3591//3591
f 1339//1339 4178//4178 4101//4101
f 3307//3307 2879//2879 1469//1469
f 1848//1848 1792//1792 3337//3337
f 1334//1334 3432//3432 3598//3598
f 1825//1825 2510//2510 456//456
f 302//302 225//225 3678//3678
f 4637//4637 4257//4257 4076//4076
f 2477//2477 2473//2473 284//284
f 3370//3370 1983//1983 1675//1675
f 774//774 247//247 3589//3589
f 551//551 2128//2128 3398//3398
f 2552//2552 1201//1201 1216//1216
f 2668//2668 2902//2902 2223//2223
f 1937//1937 818//818 1623//1623
f 57//57 4755//4755 3314//3314
f 289//289 3948//3948 1099//1099
f 2496//2496 3403//3403 3240//3240
f 859//859 371//371 2283//2283
f 90//90 1563//1563 2740//2740
f 1220//1220 3524//3524 2152//2152
f 288//288 2224//2224 3706//3706
f 323//323 3857//3857 3741//3741
f 542//542 4755//4755 96//96
f 122//122 3580//3580 1565//1565
f 2573//2573 2818//2818 725//725
f 1145//1145 3829//3829 3835//3835
f 1058//1058 1157//1157 880//880
f 1102//1102 3508//3508 463//463
f 1779//1779 4393//4393 1269//1269
f 1400//1400 3059//3059 1981//1981
f 4071//4071 2292//2292 45//45
f 3147//3147 1602//1602 2947//2947
f 2805//2805 2923//2923 1678//1678
f 3384//3384 688//688 713//713
f 2606//2606 939//939 288//288
f 3705//3705 1896//1896 3493//3493
f 1531//1531 2775//2775 2112//2112
f 3610//3610 1427//1427 1841//1841
f 1319//1319 2432//2432 1277//1277
f 2196//2196 1682//1682 3232//3232
f 2024//2024 2023//2023 1482//1482
f 2257//2257 82//82 2012//2012
f 398//398 3288//3288 3346//3346
f 1201//1201 170//170 3583//3583
f 3698//3698 94//94 439//439
f 954//954 2065//2065 3592//3592
f 2366//2366 2304//2304 2915//2915
f 436//436 749//749 4184//4184
f 2201//2201 2855//2855 840//840
f 2261//2261 1324//1324 888//888
f 4432//4432 4763//4763 2542//2542
f 1526//1526 3473//3473 194//194
f 1448//1448 826//826 3320//3320
f 707//707 3259//3259 4116//4116
f 2253//2253 4263//4263 1587//1587
f 148//148 3810//3810 3866//3866
f 227//227 2114//2114 4455//4455
f 3922//3922 218//218 4157//4157
f 30//30 168//168 4268//4268
f 2895//2895 2402//2402 1848//1848
f 2384//2384 1506//1506 192//192
f 4243//4243 1281//1281 435//435
f 519//519 1855//1855 4280//4280
f 4090//4090 264//264 4276//4276
f 255//255 3107//3107 3766//3766
f 198//198 4229//4229 3754//3754
f 1496//1496 2014//2014 2041//2041
f 836//836 660//660 1107//1107
f 1303//1303 658//658 2071//2071
f 2903//2903 1859//1859 3373//3373
f 1728//1728 1140//1140 3411//3411
f 3411//3411 1140//1140 963//963
f 2385//2385 3917//3917 4563//4563
f 2742//2742 229//229 1788//1788
f 1796//1796 3768//3768 2718//2718
f 2144//2144 4208//4208 4421//4421
f 362//362 2044//2044 2339//2339
f 3747//3747 2399//2399 646//646
f 3490//3490 1406//1406 3826//3826
f 1829//1829 3454//3454 1660//1660
f 2134//2134 1199//1199 3505//3505
f 204//204 3805//3805 3238//3238
f 756//756 3521//3521 2142//2142
f 1401//1401 2064//2064 3578//3578
f 2333//2333 3744//3744 404//404
f 84//84 1301//1301 308//308
f 84//84 308//308 1455//1455
f 1500//1500 219//219 496//496
f 2952//2952 1424//1424 1554//1554
f 2440//2440 2805//2805 915//915
f 734//734 1419//1419 3811//3811
f 744//744 2691//2691 2078//2078
f 211//211 1301//1301 84//84
f 3678//3678 225//225 1430//1430
f 3428//3428 1055//1055 2497//2497
f 2581//2581 1006//1006 541//541
f 2217//2217 2516//2516 1781//1781
f 3565//3565 964//964 3188//3188
f 257//257 2755//2755 3730//3730
f 3361//3361 1214//1214 2761//2761
f 598//598 3361//3361 2761//2761
f 1949//1949 3378//3378 2874//2874
f 1057//1057 1195//1195 782//782
f 321//321 193//193 2777//2777
f 890//890 2025//2025 1985//1985
f 1997//1997 941//941 1384//1384
f 3645//3645 4337//4337 773//773
f 773//773 4337//4337 1111//1111
f 1286//1286 2157//2157 3530//3530
f 387//387 2646//2646 3//3
f 116//116 194//194 4030//4030
f 642//642 2304//2304 3644//3644
f 2610//2610 113//113 1112//1112
f 1017//1017 1352//1352 1954//1954
f 2248//2248 3032//3032 2137//2137
f 1046//1046 696//696 789//789
f 3329//3329 86//86 1777//1777
f 2865//2865 717//717 55//55
f 2117//2117 1471//1471 598//598
f 2632//2632 366//366 716//716
f 3317//3317 1975//1975 2972//2972
f 2599//2599 4055//4055 4707//4707
f 2053//2053 496//496 3905//3905
f 3369//3369 343//343 3997//3997
f 2241//2241 2173//2173 3425//3425
f 1877//1877 3315//3315 2088//2088
f 3267//3267 3765//3765 1519//1519
f 1822//1822 3926//3926 519//519
f 3315//3315 1883//1883 659//659
f 4311//4311 2583//2583 1337//1337
f 3541//3541 708//708 7//7
f 1412//1412 3472//3472 174//174
f 264//264 3965//3965 4273//4273
f 882//882 2893//2893 1134//1134
f 2829//2829 1895//1895 2766//2766
f 1270//1270 3816//3816 11//11
f 949//949 3169//3169 1589//1589
f 1939//1939 2449//2449 3808//3808
f 363//363 360//360 3867//3867
f 3340//3340 358//358 487//487
f 2454//2454 358//358 3340//3340
f 784//784 3378//3378 2472//2472
f 3827//3827 58//58 4239//4239
f 3498//3498 1195//1195 1057//1057
f 593//593 1186//1186 584//584
f 1040//1040 498//498 1739//1739
f 3514//3514 1636//1636 1308//1308
f 2966//2966 3242//3242 2191//2191
f 1238//1238 21//21 310//310
f 1553//1553 1132//1132 2938//2938
f 1791//1791 2764//2764 2687//2687
f 3661//3661 2494//2494 3322//3322
f 2063//2063 710//710 3320//3320
f 3622//3622 1105//1105 2298//2298
f 3226//3226 184//184 3255//3255
f 812//812 4097//4097 2965//2965
f 1065//1065 1663//1663 2632//2632
f 2700//2700 3484//3484 4773//4773
f 3156//3156 3593//3593 2863//2863
f 511//511 4033//4033 2649//2649
f 2373//2373 2734//2734 375//375
f 3165//3165 109//109 2019//2019
f 2003//2003 366//366 2782//2782
f 2667//2667 1949//1949 2874//2874
f 4455//4455 457//457 244//244
f 694//694 4770//4770 1964//1964
f 967//967 3561//3561 3657//3657
f 3673//3673 2698//2698 502//502
f 3932//3932 2625//2625 3965//3965
f 3828//3828 3038//3038 2269//2269
f 4706//4706 1091//1091 1756//1756
f 3187//3187 1709//1709 1262//1262
f 2285//2285 2567//2567 3539//3539
f 884//884 4055//4055 2599//2599
f 1460//1460 3069//3069 2660//2660
f 2065//2065 2344//2344 1162//1162
f 1434//1434 356//356 1479//1479
f 1661//1661 2246//2246 1331//1331
f 962//962 2507//2507 2836//2836
f 2245//2245 1735//1735 3515//3515
f 936//936 966//966 1425//1425
f 3616//3616 1368//1368 4442//4442
f 3518//3518 376//376 2274//2274
f 3497//3497 3492//3492 143//143
f 2152//2152 3341//3341 1220//1220
f 104//104 4254//4254 243//243
f 3783//3783 2881//2881 3094//3094
f 2739//2739 1064//1064 2229//2229
f 3109//3109 2579//2579 2363//2363
f 1633//1633 869//869 3482//3482
f 3452//3452 2316//2316 1233//1233
f 308//308 2491//2491 3510//3510
f 743//743 805//805 1066//1066
f 458//458 142//142 2752//2752
f 3060//3060 3352//3352 4121//4121
f 3794//3794 2915//2915 642//642
f 1573//1573 1746//1746 805//805
f 2054//2054 3772//3772 2976//2976
f 3430//3430 1671//1671 3666//3666
f 3779//3779 3080//3080 1408//1408
f 2332//2332 3083//3083 1817//1817
f 3678//3678 1430//1430 1229//1229
f 2165//2165 2398//2398 2561//2561
f 4751//4751 2103//2103 3577//3577
f 3173//3173 2518//2518 3334//3334
f 1327//1327 2828//2828 2081//2081
f 3732//3732 4774//4774 2888//2888
f 3742//3742 577//577 821//821
f 516//516 675//675 2007//2007
f 4139//4139 675//675 516//516
f 2705//2705 930//930 1634//1634
f 182//182 2062//2062 1537//1537
f 1613//1613 346//346 2856//2856
f 1350//1350 1516//1516 1786//1786
f 1458//1458 226//226 3692//3692
f 750//750 1514//1514 2947//2947
f 1877//1877 573//573 4040//4040
f 2704//2704 214//214 1679//1679
f 3184//3184 1062//1062 986//986
f 1146//1146 617//617 1490//1490
f 3728//3728 3631//3631 1609//1609
f 3513//3513 2089//2089 3528//3528
f 3906//3906 1208//1208 951//951
f 583//583 3240//3240 3145//3145
f 3291//3291 1257//1257 3178//3178
f 69//69 923//923 2614//2614
f 3141//3141 1451//1451 1509//1509
f 2418//2418 2566//2566 2279//2279
f 2242//2242 2319//2319 2619//2619
f 3119//3119 3132//3132 4245//4245
f 4457//4457 4492//4492 1354//1354
f 941//941 4382//4382 401//401
f 635//635 2774//2774 1878//1878
f 3829//3829 3287//3287 1495//1495
f 3738//3738 1445//1445 526//526
f 2025//2025 1924//1924 1728//1728
f 307//307 3495//3495 2379//2379
f 208//208 2677//2677 1733//1733
f 72//72 933//933 1050//1050
f 2617//2617 1514//1514 317//317
f 1422//1422 2377//2377 1173//1173
f 1317//1317 3750//3750 3470//3470
f 315//315 3540//3540 3836//3836
f 2969//2969 1209//1209 1508//1508
f 529//529 3636//3636 40//40
f 3395//3395 229//229 2742//2742
f 194//194 1929//1929 4030//4030
f 3301//3301 1281//1281 339//339
f 4115//4115 3027//3027 1790//1790
f 2437//2437 2601//2601 3044//3044
f 3215//3215 2074//2074 531//531
f 1435//1435 327//327 3771//3771
f 1060//1060 23//23 2527//2527
f 2219//2219 799//799 2368//2368
f 1868//1868 3619//3619 2224//2224
f 584//584 1186//1186 1830//1830
f 896//896 1135//1135 3738//3738
f 3829//3829 1495//1495 3835//3835
f 2028//2028 17//17 4050//4050
f 835//835 1681//1681 3258//3258
f 938//938 575//575 2736//2736
f 2034//2034 3304//3304 276//276
f 1490//1490 2635//2635 681//681
f 3555//3555 623//623 1650//1650
f 2491//2491 1301//1301 3283//3283
f 3362//3362 3181//3181 1905//1905
f 3529//3529 1724//1724 2037//2037
f 1034//1034 1994//1994 3488//3488
f 3395//3395 3017//3017 1165//1165
f 2248//2248 2137//2137 2521//2521
f 1197//1197 3321//3321 1726//1726
f 2021//2021 445//445 1642//1642
f 3673//3673 776//776 2698//2698
f 1109//1109 2128//2128 472//472
f 2806//2806 2745//2745 1751//1751
f 3557//3557 1940//1940 3908//3908
f 182//182 1537//1537 3183//3183
f 213//213 399//399 3177//3177
f 1092//1092 3748//3748 185//185
f 2430//2430 824//824 419//419
f 1458//1458 3692//3692 2512//2512
f 892//892 1988//1988 218//218
f 201//201 3313//3313 75//75
f 3789//3789 3597//3597 3475//3475
f 3692//3692 226//226 1266//1266
f 1622//1622 3695//3695 3035//3035
f 1865//1865 2320//2320 2956//2956
f 2956//2956 2213//2213 1865//1865
f 608//608 4191//4191 2831//2831
f 2341//2341 152//152 4165//4165
f 2029//2029 3993//3993 2253//2253
f 1054//1054 141//141 1483//1483
f 1791//1791 528//528 686//686
f 2550//2550 1909//1909 1938//1938
f 2547//2547 492//492 1443//1443
f 237//237 3435//3435 3757//3757
f 1422//1422 2169//2169 3436//3436
f 3591//3591 1090//1090 2336//2336
f 3198//3198 2333//2333 404//404
f 568//568 3842//3842 3367//3367
f 515//515 1686//1686 1682//1682
f 3079//3079 3124//3124 2719//2719
f 269//269 270//270 3642//3642
f 3510//3510 1125//1125 593//593
f 2155//2155 426//426 2945//2945
f 844//844 3675//3675 2405//2405
f 378//378 2245//2245 3515//3515
f 2024//2024 1482//1482 466//466
f 868//868 1383//1383 575//575
f 1223//1223 1043//1043 66//66
f 421//421 2036//2036 78//78
f 209//209 3503//3503 2201//2201
f 3763//3763 2329//2329 2149//2149
f 1517//1517 827//827 2577//2577
f 810//810 1309//1309 2115//2115
f 3310//3310 928//928 1398//1398
f 3127//3127 2428//2428 2771//2771
f 3351//3351 1370//1370 1271//1271
f 2614//2614 923//923 1371//1371
f 2396//2396 1402//1402 2834//2834
f 3250//3250 173//173 1218//1218
f 3405//3405 682//682 1395//1395
f 879//879 1976//1976 696//696
f 3390//3390 696//696 1046//1046
f 2327//2327 3313//3313 2515//2515
f 570//570 4429//4429 777//777
f 1324//1324 350//350 443//443
f 2985//2985 3468//3468 3752//3752
f 2261//2261 888//888 2083//2083
f 888//888 2302//2302 2083//2083
f 2979//2979 114//114 111//111
f 1143//1143 4908//4908 4496//4496
f 1360//1360 1538//1538 643//643
f 1315//1315 799//799 1559//1559
f 3740//3740 1116//1116 1478//1478
f 1312//1312 4442//4442 1667//1667
f 2497//2497 419//419 824//824
f 81//81 1597//1597 2803//2803
f 152//152 4146//4146 3417//3417
f 1212//1212 988//988 3474//3474
f 1178//1178 2058//2058 2088//2088
f 3092//3092 1530//1530 3163//3163
f 3786//3786 2647//2647 3711//3711
f 2336//2336 2642//2642 1765//1765
f 1446//1446 2225//2225 2860//2860
f 415//415 1025//1025 253//253
f 796//796 3294//3294 60//60
f 2487//2487 1341//1341 2468//2468
f 2763//2763 521//521 3806//3806
f 3291//3291 3042//3042 1257//1257
f 3359//3359 3589//3589 413//413
f 1591//1591 3358//3358 1826//1826
f 741//741 2495//2495 3793//3793
f 2602//2602 3274//3274 600//600
f 3546//3546 2406//2406 3134//3134
f 1439//1439 899//899 2183//2183
f 3229//3229 2732//2732 3415//3415
f 3375//3375 1981//1981 42//42
f 4431//4431 3737//3737 1655//1655
f 3911//3911 3186//3186 2796//2796
f 3446//3446 3366//3366 4359//4359
f 3811//3811 3042//3042 734//734
f 2556//2556 1793//1793 2487//2487
f 3437//3437 3180//3180 867//867
f 3028//3028 3092//3092 344//344
f 1579//1579 1429//1429 2045//2045
f 635//635 893//893 3205//3205
f 3486//3486 2562//2562 905//905
f 3448//3448 1680//1680 3550//3550
f 4140//4140 9//9 2031//2031
f 174//174 3472//3472 1780//1780
f 2494//2494 2040//2040 1097//1097
f 4770//4770 3280//3280 4774//4774
f 4000//4000 2650//2650 4016//4016
f 858//858 3064//3064 3108//3108
f 3314//3314 542//542 3514//3514
f 2187//2187 93//93 3560//3560
f 3481//3481 58//58 3827//3827
f 4237//4237 3742//3742 1012//1012
f 2623//2623 3463//3463 3154//3154
f 681//681 2635//2635 2693//2693
f 3002//3002 3242//3242 3506//3506
f 3272//3272 842//842 2909//2909
f 2087//2087 2896//2896 1061//1061
f 1844//1844 809//809 2203//2203
f 1273//1273 1231//1231 2026//2026
f 2683//2683 2824//2824 560//560
f 588//588 1820//1820 317//317
f 1868//1868 1118//1118 1615//1615
f 2089//2089 2040//2040 3661//3661
f 1957//1957 2023//2023 2365//2365
f 3841//3841 1402//1402 2973//2973
f 1429//1429 3246//3246 2045//2045
f 1710//1710 582//582 2717//2717
f 1710//1710 2717//2717 3219//3219
f 2632//2632 2782//2782 366//366
f 3641//3641 357//357 2184//2184
f 3512//3512 2872//2872 1943//1943
f 1924//1924 1674//1674 3159//3159
f 2410//2410 4772//4772 1492//1492
f 2310//2310 1031//1031 2593//2593
f 2196//2196 3232//3232 2960//2960
f 3211//3211 1582//1582 2569//2569
f 1051//1051 3327//3327 2623//2623
f 542//542 2199//2199 1761//1761
f 1384//1384 1798//1798 2147//2147
f 1418//1418 3228//3228 746//746
f 1836//1836 2578//2578 1609//1609
f 3819//3819 4223//4223 3061//3061
f 435//435 1263//1263 2549//2549
f 2354//2354 1255//1255 1085//1085
f 126//126 2887//2887 3325//3325
f 1903//1903 2887//2887 126//126
f 134//134 3396//3396 2977//2977
f 4229//4229 1413//1413 3754//3754
f 2925//2925 2118//2118 3611//3611
f 605//605 1945//1945 2996//2996
f 2125//2125 3654//3654 2320//2320
f 1764//1764 3298//3298 3343//3343
f 710//710 2063//2063 2109//2109
f 1539//1539 3810//3810 3456//3456
f 3291//3291 734//734 3042//3042
f 3783//3783 1652//1652 4470//4470
f 2206//2206 2191//2191 1699//1699
f 2546//2546 1192//1192 3458//3458
f 862//862 639//639 580//580
f 962//962 1923//1923 4725//4725
f 2701//2701 3358//3358 1083//1083
f 2933//2933 3373//3373 2551//2551
f 2454//2454 1986//1986 3498//3498
f 404//404 3744//3744 3347//3347
f 965//965 1973//1973 3377//3377
f 689//689 671//671 3593//3593
f 3338//3338 3821//3821 2238//2238
f 3064//3064 594//594 4428//4428
f 764//764 712//712 971//971
f 1962//1962 1051//1051 2733//2733
f 1346//1346 2964//2964 2534//2534
f 3058//3058 616//616 1921//1921
f 1674//1674 400//400 3628//3628
f 658//658 2356//2356 2448//2448
f 3319//3319 4154//4154 4177//4177
f 3064//3064 97//97 1626//1626
f 2329//2329 2590//2590 2149//2149
f 1050//1050 1457//1457 1831//1831
f 1160//1160 2254//2254 3104//3104
f 2503//2503 2242//2242 3386//3386
f 975//975 2919//2919 2906//2906
f 3519//3519 456//456 1742//1742
f 773//773 1111//1111 382//382
f 450//450 4104//4104 1534//1534
f 2764//2764 1480//1480 2687//2687
f 3251//3251 3648//3648 1176//1176
f 2434//2434 2326//2326 3208//3208
f 3709//3709 3206//3206 1145//1145
f 402//402 1863//1863 2585//2585
f 3559//3559 1664//1664 650//650
f 3665//3665 3161//3161 2705//2705
f 302//302 847//847 225//225
f 2887//2887 1729//1729 2962//2962
f 1918//1918 1569//1569 1087//1087
f 3366//3366 2836//2836 4359//4359
f 3359//3359 413//413 1972//1972
f 4436//4436 1838//1838 3684//3684
f 1015//1015 2282//2282 2751//2751
f 1033//1033 1391//1391 854//854
f 221//221 400//400 890//890
f 649//649 1699//1699 2191//2191
f 3641//3641 1021//1021 2976//2976
f 2//2 3175//3175 3803//3803
f 1118//1118 646//646 3782//3782
f 253//253 1985//1985 415//415
f 3371//3371 3483//3483 2458//2458
f 138//138 2125//2125 2320//2320
f 3175//3175 2840//2840 3144//3144
f 1946//1946 849//849 4027//4027
f 3413//3413 323//323 5//5
f 3674//3674 2332//2332 972//972
f 1482//1482 3351//3351 466//466
f 2990//2990 5//5 12//12
f 98//98 2677//2677 508//508
f 704//704 2188//2188 2840//2840
f 2015//2015 704//704 2840//2840
f 1279//1279 519//519 4280//4280
f 1527//1527 1654//1654 1837//1837
f 810//810 2070//2070 1772//1772
f 1565//1565 3715//3715 166//166
f 1682//1682 1979//1979 3232//3232
f 1497//1497 2395//2395 4688//4688
f 857//857 2280//2280 2669//2669
f 2487//2487 1793//1793 1341//1341
f 3135//3135 1302//1302 2442//2442
f 1911//1911 1162//1162 2344//2344
f 1750//1750 518//518 3573//3573
f 1728//1728 1924//1924 1140//1140
f 1007//1007 1365//1365 3574//3574
f 3255//3255 2529//2529 1571//1571
f 3210//3210 286//286 1815//1815
f 4738//4738 3311//3311 3103//3103
f 22//22 3109//3109 2335//2335
f 2257//2257 3529//3529 2630//2630
f 74//74 274//274 3712//3712
f 3138//3138 640//640 2121//2121
f 3941//3941 4222//4222 928//928
f 1857//1857 1355//1355 2195//2195
f 3219//3219 131//131 881//881
f 3544//3544 147//147 3612//3612
f 1131//1131 2915//2915 3794//3794
f 1287//1287 1798//1798 2629//2629
f 2030//2030 2642//2642 2737//2737
f 1863//1863 402//402 3407//3407
f 328//328 2441//2441 2151//2151
f 595//595 2942//2942 2657//2657
f 2982//2982 1030//1030 3536//3536
f 4225//4225 4654//4654 4653//4653
f 2355//2355 301//301 1123//1123
f 1087//1087 2923//2923 2805//2805
f 1666//1666 671//671 4400//4400
f 4099//4099 3831//3831 139//139
f 2325//2325 2986//2986 2708//2708
f 2118//2118 507//507 1272//1272
f 992//992 4728//4728 901//901
f 3578//3578 3621//3621 198//198
f 3193//3193 739//739 1951//1951
f 3623//3623 370//370 4476//4476
f 2021//2021 206//206 445//445
f 1516//1516 3246//3246 1742//1742
f 3707//3707 3079//3079 2733//2733
f 1946//1946 3630//3630 337//337
f 1946//1946 4027//4027 3630//3630
f 781//781 1896//1896 3705//3705
f 1332//1332 3528//3528 3661//3661
f 1231//1231 1273//1273 2568//2568
f 109//109 354//354 3686//3686
f 3039//3039 613//613 2101//2101
f 681//681 999//999 321//321
f 2395//2395 3596//3596 3283//3283
f 2110//2110 1973//1973 2244//2244
f 1327//1327 3585//3585 405//405
f 3700//3700 598//598 2761//2761
f 889//889 669//669 1890//1890
f 730//730 2974//2974 874//874
f 3694//3694 3012//3012 3552//3552
f 3837//3837 3244//3244 3029//3029
f 660//660 836//836 2339//2339
f 3377//3377 1973//1973 2110//2110
f 3180//3180 3437//3437 1240//1240
f 2968//2968 2545//2545 1999//1999
f 1841//1841 1427//1427 3645//3645
f 2244//2244 2771//2771 635//635
f 1038//1038 1452//1452 429//429
f 159//159 803//803 2009//2009
f 3572//3572 1997//1997 1384//1384
f 781//781 2051//2051 3650//3650
f 522//522 1457//1457 933//933
f 2399//2399 1736//1736 1139//1139
f 1093//1093 2397//2397 4372//4372
f 3652//3652 2825//2825 1862//1862
f 3464//3464 1791//1791 2687//2687
f 2231//2231 2104//2104 2970//2970
f 1560//1560 2104//2104 3005//3005
f 1519//1519 2208//2208 548//548
f 2972//2972 411//411 238//238
f 1025//1025 1959//1959 3707//3707
f 1765//1765 2642//2642 2808//2808
f 703//703 3111//3111 726//726
f 1573//1573 2013//2013 3063//3063
f 2546//2546 987//987 1131//1131
f 101//101 2940//2940 1137//1137
f 3602//3602 1538//1538 1509//1509
f 2483//2483 3368//3368 3814//3814
f 831//831 3933//3933 1016//1016
f 837//837 57//57 3314//3314
f 2809//2809 1163//1163 6//6
f 721//721 2702//2702 447//447
f 2566//2566 874//874 2279//2279
f 2211//2211 3722//3722 1852//1852
f 691//691 2392//2392 2820//2820
f 2356//2356 1320//1320 2448//2448
f 2165//2165 3416//3416 2398//2398
f 468//468 222//222 2881//2881
f 863//863 3218//3218 736//736
f 4169//4169 2856//2856 4033//4033
f 2251//2251 1130//1130 2902//2902
f 3065//3065 1267//1267 4471//4471
f 1555//1555 216//216 864//864
f 1264//1264 2053//2053 3216//3216
f 1345//1345 1303//1303 2071//2071
f 4075//4075 946//946 1629//1629
f 2151//2151 3701//3701 1311//1311
f 2972//2972 2539//2539 3317//3317
f 4399//4399 3343//3343 4227//4227
f 516//516 3086//3086 4139//4139
f 2095//2095 3673//3673 502//502
f 2883//2883 2443//2443 1872//1872
f 1912//1912 1114//1114 1820//1820
f 3052//3052 2952//2952 245//245
f 2828//2828 1327//1327 3257//3257
f 2709//2709 602//602 3720//3720
f 2709//2709 3720//3720 2064//2064
f 349//349 266//266 2784//2784
f 497//497 1591//1591 1721//1721
f 2629//2629 3525//3525 2423//2423
f 2058//2058 4138//4138 73//73
f 504//504 2928//2928 2050//2050
f 2850//2850 794//794 144//144
f 3576//3576 3032//3032 2905//2905
f 2459//2459 2106//2106 3665//3665
f 1602//1602 3147//3147 1139//1139
f 412//412 280//280 3949//3949
f 2643//2643 2361//2361 832//832
f 446//446 1790//1790 4267//4267
f 3557//3557 4331//4331 3729//3729
f 2930//2930 3324//3324 1759//1759
f 1064//1064 1937//1937 4443//4443
f 235//235 903//903 576//576
f 1834//1834 2134//2134 3505//3505
f 3044//3044 2601//2601 2781//2781
f 4047//4047 4241//4241 4088//4088
f 1160//1160 3762//3762 2254//2254
f 4281//4281 2957//2957 4235//4235
f 4369//4369 386//386 3714//3714
f 3053//3053 1574//1574 3339//3339
f 1315//1315 1452//1452 1906//1906
f 3100//3100 458//458 2287//2287
f 3443//3443 4063//4063 4135//4135
f 1674//1674 1280//1280 3435//3435
f 2065//2065 3415//3415 2732//2732
f 3956//3956 4776//4776 1819//1819
f 3558//3558 2894//2894 2061//2061
f 647//647 2813//2813 3267//3267
f 674//674 3415//3415 1767//1767
f 1568//1568 2089//2089 3513//3513
f 727//727 1150//1150 3152//3152
f 934//934 1376//1376 325//325
f 2000//2000 353//353 2147//2147
f 1602//1602 1001//1001 3359//3359
f 3585//3585 2410//2410 1492//1492
f 4036//4036 4282//4282 4248//4248
f 4491//4491 4201//4201 2673//2673
f 2831//2831 4191//4191 1197//1197
f 2651//2651 4433//4433 834//834
f 3644//3644 3590//3590 373//373
f 1019//1019 3215//3215 3753//3753
f 3815//3815 2658//2658 3562//3562
f 3752//3752 3468//3468 2068//2068
f 931//931 702//702 2696//2696
f 765//765 2960//2960 3534//3534
f 1902//1902 2346//2346 79//79
f 2972//2972 1975//1975 411//411
f 2100//2100 349//349 3280//3280
f 4116//4116 3597//3597 3789//3789
f 1139//1139 2235//2235 2399//2399
f 41//41 2586//2586 353//353
f 1545//1545 3752//3752 2068//2068
f 3327//3327 1956//1956 3618//3618
f 1093//1093 2575//2575 3209//3209
f 3997//3997 2643//2643 3278//3278
f 229//229 344//344 1788//1788
f 2229//2229 2020//2020 1145//1145
f 4456//4456 1192//1192 2290//2290
f 2047//2047 620//620 2086//2086
f 1020//1020 2617//2617 1711//1711
f 4502//4502 4681//4681 4503//4503
f 167//167 1721//1721 2690//2690
f 2349//2349 2460//2460 3140//3140
f 2515//2515 3541//3541 1703//1703
f 2145//2145 2780//2780 4205//4205
f 1988//1988 2904//2904 218//218
f 3664//3664 2399//2399 3747//3747
f 1283//1283 3335//3335 118//118
f 186//186 2917//2917 1879//1879
f 2364//2364 685//685 1755//1755
f 514//514 733//733 1101//1101
f 2890//2890 2938//2938 2895//2895
f 3764//3764 4501//4501 2751//2751
f 102//102 362//362 2339//2339
f 113//113 1860//1860 1112//1112
f 2200//2200 1790//1790 446//446
f 1834//1834 2452//2452 2134//2134
f 4504//4504 4505//4505 4506//4506
f 1821//1821 1287//1287 2701//2701
f 4040//4040 573//573 873//873
f 2969//2969 3867//3867 1209//1209
f 14//14 1607//1607 4029//4029
f 937//937 2353//2353 3237//3237
f 3072//3072 2217//2217 1925//1925
f 3243//3243 621//621 2295//2295
f 3284//3284 948//948 1294//1294
f 1194//1194 908//908 2517//2517
f 876//876 1867//1867 200//200
f 2528//2528 390//390 1641//1641
f 3220//3220 3333//3333 3432//3432
f 3757//3757 2476//2476 1939//1939
f 2332//2332 1817//1817 972//972
f 3365//3365 743//743 1451//1451
f 1817//1817 226//226 2102//2102
f 79//79 3522//3522 3045//3045
f 2841//2841 355//355 4133//4133
f 140//140 2787//2787 3833//3833
f 1985//1985 253//253 890//890
f 970//970 134//134 3235//3235
f 1056//1056 1254//1254 1991//1991
f 2926//2926 155//155 3399//3399
f 2007//2007 4150//4150 2471//2471
f 3274//3274 2720//2720 2678//2678
f 1732//1732 2400//2400 761//761
f 1450//1450 1804//1804 552//552
f 3018//3018 720//720 2692//2692
f 753//753 1665//1665 1019//1019
f 1665//1665 3587//3587 1019//1019
f 1358//1358 3463//3463 2623//2623
f 3041//3041 1354//1354 2356//2356
f 3375//3375 3021//3021 2714//2714
f 419//419 2497//2497 4439//4439
f 1046//1046 3001//3001 3655//3655
f 3131//3131 187//187 4501//4501
f 1869//1869 3230//3230 1526//1526
f 1434//1434 1479//1479 1011//1011
f 3629//3629 977//977 1522//1522
f 497//497 1314//1314 549//549
f 3535//3535 1250//1250 1257//1257
f 3876//3876 1673//1673 3549//3549
f 2137//2137 3032//3032 3300//3300
f 3321//3321 3174//3174 1726//1726
f 91//91 1933//1933 1882//1882
f 457//457 592//592 244//244
f 2692//2692 100//100 2059//2059
f 1397//1397 446//446 3431//3431
f 3495//3495 965//965 581//581
f 1598//1598 1591//1591 1138//1138
f 4769//4769 3134//3134 2406//2406
f 35//35 1748//1748 2636//2636
f 3772//3772 1703//1703 7//7
f 105//105 817//817 729//729
f 2504//2504 3608//3608 2554//2554
f 30//30 1049//1049 4735//4735
f 1837//1837 2689//2689 3830//3830
f 24//24 290//290 1032//1032
f 659//659 3775//3775 2786//2786
f 2180//2180 1075//1075 133//133
f 2778//2778 3664//3664 2062//2062
f 275//275 3420//3420 71//71
f 1250//1250 3297//3297 916//916
f 4191//4191 296//296 3321//3321
f 925//925 2191//2191 2206//2206
f 1193//1193 2082//2082 1525//1525
f 344//344 1454//1454 1204//1204
f 3601//3601 3066//3066 3217//3217
f 814//814 2464//2464 83//83
f 1110//1110 3716//3716 2252//2252
f 3867//3867 360//360 1382//1382
f 313//313 697//697 1803//1803
f 3511//3511 2005//2005 624//624
f 1435//1435 1903//1903 126//126
f 4777//4777 4799//4799 4778//4778
f 4318//4318 4511//4511 4512//4512
f 4330//4330 4288//4288 4515//4515
f 3849//3849 875//875 2496//2496
f 4516//4516 4517//4517 4409//4409
f 2351//2351 2767//2767 1316//1316
f 1476//1476 2613//2613 4059//4059
f 4522//4522 619//619 4523//4523
f 4780//4780 4781//4781 4782//4782
f 3854//3854 4784//4784 4785//4785
f 4786//4786 4787//4787 4788//4788
f 298//298 718//718 1928//1928
f 3857//3857 323//323 3413//3413
f 2120//2120 4530//4530 161//161
f 2162//2162 2757//2757 2085//2085
f 3862//3862 4532//4532 4295//4295
f 3995//3995 4533//4533 4348//4348
f 263//263 4531//4531 989//989
f 3469//3469 3865//3865 355//355
f 3810//3810 4080//4080 3866//3866
f 4534//4534 4535//4535 4371//4371
f 4536//4536 4537//4537 4298//4298
f 4538//4538 4539//4539 4540//4540
f 1000//1000 3871//3871 1525//1525
f 1202//1202 1049//1049 3875//3875
f 3972//3972 4853//4853 4342//4342
f 3848//3848 4511//4511 4329//4329
f 3880//3880 4301//4301 4543//4543
f 2500//2500 2321//2321 3860//3860
f 3859//3859 4062//4062 1404//1404
f 2240//2240 3881//3881 270//270
f 4135//4135 4336//4336 2560//2560
f 3466//3466 1326//1326 2325//2325
f 4390//4390 4545//4545 4546//4546
f 3890//3890 1795//1795 1260//1260
f 3264//3264 3892//3892 3894//3894
f 3892//3892 4649//4649 4647//4647
f 3894//3894 3893//3893 4422//4422
f 3770//3770 1407//1407 3963//3963
f 4628//4628 4790//4790 4851//4851
f 4791//4791 4792//4792 4793//4793
f 698//698 4243//4243 1504//1504
f 2388//2388 4794//4794 4336//4336
f 4522//4522 3853//3853 3852//3852
f 1175//1175 4556//4556 4555//4555
f 3901//3901 922//922 3449//3449
f 599//599 3903//3903 4096//4096
f 4539//4539 3868//3868 4300//4300
f 4017//4017 3905//3905 3851//3851
f 1433//1433 4246//4246 4557//4557
f 148//148 3909//3909 2536//2536
f 4373//4373 1935//1935 4558//4558
f 791//791 3910//3910 1181//1181
f 1935//1935 3912//3912 4558//4558
f 4219//4219 2359//2359 4060//4060
f 2337//2337 3859//3859 2321//2321
f 3914//3914 3164//3164 991//991
f 4514//4514 3879//3879 4711//4711
f 2330//2330 4711//4711 3879//3879
f 9//9 3914//3914 3557//3557
f 3917//3917 4560//4560 4559//4559
f 3916//3916 4312//4312 4561//4561
f 3478//3478 1536//1536 434//434
f 3919//3919 2589//2589 3920//3920
f 3921//3921 3919//3919 3920//3920
f 4523//4523 4737//4737 4301//4301
f 3944//3944 1965//1965 2609//2609
f 1696//1696 2609//2609 1965//1965
f 3130//3130 1984//1984 4302//4302
f 1339//1339 339//339 3924//3924
f 4208//4208 2388//2388 4020//4020
f 2007//2007 675//675 4150//4150
f 1586//1586 1279//1279 1481//1481
f 2913//2913 3928//3928 188//188
f 3928//3928 2913//2913 4823//4823
f 1631//1631 2848//2848 131//131
f 4014//4014 2767//2767 3929//3929
f 4796//4796 3886//3886 4921//4921
f 4482//4482 4481//4481 4568//4568
f 3113//3113 3932//3932 4090//4090
f 4798//4798 4324//4324 4799//4799
f 4800//4800 4569//4569 4749//4749
f 1885//1885 3933//3933 725//725
f 3933//3933 1885//1885 1916//1916
f 3891//3891 4802//4802 4803//4803
f 4200//4200 4479//4479 4121//4121
f 4479//4479 1261//1261 3256//3256
f 2010//2010 4417//4417 1325//1325
f 4327//4327 4572//4572 4573//4573
f 4543//4543 3879//3879 4513//4513
f 4230//4230 1258//1258 780//780
f 409//409 3966//3966 570//570
f 4388//4388 4311//4311 1337//1337
f 67//67 3939//3939 2628//2628
f 3939//3939 67//67 3223//3223
f 2388//2388 4336//4336 3940//3940
f 3943//3943 4002//4002 3942//3942
f 2500//2500 3947//3947 870//870
f 412//412 3949//3949 481//481
f 3950//3950 1261//1261 3788//3788
f 1024//1024 3953//3953 3903//3903
f 1819//1819 3954//3954 3956//3956
f 3954//3954 2308//2308 3955//3955
f 3956//3956 3955//3955 1185//1185
f 3957//3957 2796//2796 3186//3186
f 4526//4526 4576//4576 4577//4577
f 3959//3959 4805//4805 4806//4806
f 1600//1600 3960//3960 2301//2301
f 4657//4657 1600//1600 1219//1219
f 3294//3294 2769//2769 4203//4203
f 3098//3098 4218//4218 4089//4089
f 4218//4218 3098//3098 2970//2970
f 3961//3961 3749//3749 3962//3962
f 3994//3994 1379//1379 3964//3964
f 3627//3627 3964//3964 1379//1379
f 3078//3078 3623//3623 262//262
f 4090//4090 3932//3932 264//264
f 3965//3965 264//264 3932//3932
f 3966//3966 297//297 3270//3270
f 3967//3967 2999//2999 544//544
f 4581//4581 4582//4582 4338//4338
f 4339//4339 4583//4583 4584//4584
f 4585//4585 4586//4586 4341//4341
f 3971//3971 4445//4445 4586//4586
f 3875//3875 4587//4587 2462//2462
f 2876//2876 2509//2509 3851//3851
f 1807//1807 4620//4620 4588//4588
f 1223//1223 3033//3033 3910//3910
f 2159//2159 3974//3974 450//450
f 3975//3975 4613//4613 3976//3976
f 4212//4212 1276//1276 1243//1243
f 996//996 318//318 3383//3383
f 3978//3978 1947//1947 4590//4590
f 4345//4345 4290//4290 4517//4517
f 2//2 291//291 912//912
f 3269//3269 830//830 223//223
f 3922//3922 1333//1333 3983//3983
f 1807//1807 3983//3983 1333//1333
f 3984//3984 2765//2765 3662//3662
f 4111//4111 440//440 2765//2765
f 1723//1723 4714//4714 3985//3985
f 3788//3788 4592//4592 3950//3950
f 3779//3779 3342//3342 3080//3080
f 2162//2162 1695//1695 2757//2757
f 4053//4053 3061//3061 3125//3125
f 1267//1267 426//426 4471//4471
f 4894//4894 4992//4992 4807//4807
f 2116//2116 4102//4102 4055//4055
f 3924//3924 1014//1014 4592//4592
f 4863//4863 2340//2340 3994//3994
f 2340//2340 1379//1379 3994//3994
f 4051//4051 1662//1662 2767//2767
f 4593//4593 290//290 4828//4828
f 2//2 912//912 3175//3175
f 1233//1233 15//15 1606//1606
f 1049//1049 30//30 3874//3874
f 3999//3999 4597//4597 4350//4350
f 1175//1175 4598//4598 4556//4556
f 2882//2882 2669//2669 1500//1500
f 4171//4171 145//145 1752//1752
f 20//20 4000//4000 2096//2096
f 4003//4003 4662//4662 4351//4351
f 4006//4006 2910//2910 4895//4895
f 3881//3881 2174//2174 164//164
f 4008//4008 4795//4795 4813//4813
f 4009//4009 4814//4814 4815//4815
f 4605//4605 4705//4705 4817//4817
f 4824//4824 4013//4013 4973//4973
f 4014//4014 135//135 1769//1769
f 4364//4364 4015//4015 3476//3476
f 1756//1756 4294//4294 4706//4706
f 757//757 4430//4430 4016//4016
f 4430//4430 757//757 3677//3677
f 4136//4136 4169//4169 532//532
f 272//272 4399//4399 2509//2509
f 4017//4017 2509//2509 4258//4258
f 1958//1958 4683//4683 4500//4500
f 2956//2956 4019//4019 1605//1605
f 4020//4020 3940//3940 1504//1504
f 3289//3289 3994//3994 1540//1540
f 3994//3994 3289//3289 4863//4863
f 3929//3929 1662//1662 230//230
f 4213//4213 583//583 4105//4105
f 4802//4802 3891//3891 4818//4818
f 4686//4686 2975//2975 4819//4819
f 4820//4820 3934//3934 4821//4821
f 4023//4023 2275//2275 1439//1439
f 3887//3887 1988//1988 892//892
f 306//306 1157//1157 4026//4026
f 3866//3866 2823//2823 3909//3909
f 2823//2823 3866//3866 2156//2156
f 934//934 325//325 4028//4028
f 3998//3998 4028//4028 325//325
f 1950//1950 2486//2486 3000//3000
f 3756//3756 3918//3918 213//213
f 2496//2496 3240//3240 2207//2207
f 2993//2993 4102//4102 2116//2116
f 3164//3164 3914//3914 3693//3693
f 9//9 3693//3693 3914//3914
f 135//135 4219//4219 1769//1769
f 2014//2014 1351//1351 1740//1740
f 1819//1819 4035//4035 4607//4607
f 1698//1698 4772//4772 2410//2410
f 4370//4370 4608//4608 4041//4041
f 2716//2716 3373//3373 2933//2933
f 1159//1159 399//399 3918//3918
f 213//213 3918//3918 399//399
f 2583//2583 1907//1907 4159//4159
f 4043//4043 1647//1647 529//529
f 4544//4544 3870//3870 4540//4540
f 641//641 4044//4044 4610//4610
f 3942//3942 4046//4046 3943//3943
f 1663//1663 2983//2983 3126//3126
f 4048//4048 1948//1948 4766//4766
f 3133//3133 3748//3748 2085//2085
f 1092//1092 2085//2085 3748//3748
f 4541//4541 332//332 1133//1133
f 1133//1133 2513//2513 4049//4049
f 3264//3264 4049//4049 2513//2513
f 1935//1935 3279//3279 3702//3702
f 1730//1730 2121//2121 4053//4053
f 4376//4376 4615//4615 4612//4612
f 1036//1036 3883//3883 219//219
f 4056//4056 1789//1789 786//786
f 4616//4616 4057//4057 4378//4378
f 3861//3861 4378//4378 4618//4618
f 4059//4059 2613//2613 1389//1389
f 4014//4014 1839//1839 135//135
f 267//267 1261//1261 3950//3950
f 1812//1812 3777//3777 897//897
f 4060//4060 3702//3702 1491//1491
f 1491//1491 1769//1769 4060//4060
f 4062//4062 1904//1904 4028//4028
f 934//934 4028//4028 3554//3554
f 3987//3987 2455//2455 956//956
f 1024//1024 3903//3903 599//599
f 297//297 2013//2013 3871//3871
f 4063//4063 4146//4146 2670//2670
f 25//25 24//24 535//535
f 2622//2622 4281//4281 3279//3279
f 4064//4064 4994//4994 4672//4672
f 4715//4715 4065//4065 768//768
f 4060//4060 3912//3912 1935//1935
f 4384//4384 4579//4579 4385//4385
f 4067//4067 737//737 4619//4619
f 4449//4449 4826//4826 4827//4827
f 2937//2937 4141//4141 565//565
f 3877//3877 4141//4141 2937//2937
f 2628//2628 4069//4069 2108//2108
f 4069//4069 2628//2628 3939//3939
f 3992//3992 4070//4070 4364//4364
f 4620//4620 1333//1333 4552//4552
f 1686//1686 1775//1775 1979//1979
f 3902//3902 25//25 4071//4071
f 1009//1009 4072//4072 2318//2318
f 4073//4073 3911//3911 2796//2796
f 3958//3958 4829//4829 4830//4830
f 4037//4037 4036//4036 4622//4622
f 3040//3040 62//62 4673//4673
f 298//298 4673//4673 62//62
f 1353//1353 2471//2471 1071//1071
f 1122//1122 4426//4426 3941//3941
f 4081//4081 2682//2682 4262//4262
f 1120//1120 4624//4624 922//922
f 3799//3799 3104//3104 3409//3409
f 4391//4391 4831//4831 4832//4832
f 4012//4012 4605//4605 849//849
f 1252//1252 4726//4726 4730//4730
f 4027//4027 849//849 4082//4082
f 223//223 1373//1373 3269//3269
f 3974//3974 3//3 450//450
f 4083//4083 870//870 3947//3947
f 870//870 4083//4083 3755//3755
f 722//722 3695//3695 2039//2039
f 1856//1856 4184//4184 314//314
f 3388//3388 910//910 1347//1347
f 334//334 4602//4602 4087//4087
f 4086//4086 2910//2910 4006//4006
f 3905//3905 4091//4091 3851//3851
f 3742//3742 3467//3467 1581//1581
f 839//839 4237//4237 2769//2769
f 4237//4237 839//839 3467//3467
f 2218//2218 4317//4317 4039//4039
f 2845//2845 4117//4117 493//493
f 3816//3816 4144//4144 4394//4394
f 21//21 4394//4394 2505//2505
f 587//587 3928//3928 4461//4461
f 436//436 2112//2112 1096//1096
f 114//114 4026//4026 2183//2183
f 4091//4091 1385//1385 728//728
f 4833//4833 4834//4834 4835//4835
f 4836//4836 3854//3854 4785//4785
f 4619//4619 4720//4720 4837//4837
f 4857//4857 4398//4398 4534//4534
f 4627//4627 4984//4984 4838//4838
f 3164//3164 4097//4097 4198//4198
f 812//812 2944//2944 4097//4097
f 4049//4049 4541//4541 1133//1133
f 3076//3076 3881//3881 2240//2240
f 33//33 591//591 4097//4097
f 4198//4198 4097//4097 591//591
f 513//513 4491//4491 4120//4120
f 1373//1373 4098//4098 3953//3953
f 3953//3953 4024//4024 3903//3903
f 3749//3749 29//29 4100//4100
f 577//577 4120//4120 4491//4491
f 2184//2184 765//765 1021//1021
f 148//148 3866//3866 3909//3909
f 1339//1339 4101//4101 4172//4172
f 1121//1121 3735//3735 4102//4102
f 4103//4103 1366//1366 3888//3888
f 3889//3889 3888//3888 1366//1366
f 3987//3987 4212//4212 1745//1745
f 2210//2210 4104//4104 450//450
f 4824//4824 4973//4973 4987//4987
f 1543//1543 1223//1223 3910//3910
f 218//218 2904//2904 3699//3699
f 3699//3699 4157//4157 218//218
f 1543//1543 3910//3910 4479//4479
f 1570//1570 4106//4106 3787//3787
f 2696//2696 702//702 3756//3756
f 1081//1081 2597//2597 553//553
f 1088//1088 4264//4264 4616//4616
f 4109//4109 4265//4265 4402//4402
f 3980//3980 4630//4630 4402//4402
f 137//137 4112//4112 4403//4403
f 4113//4113 4403//4403 4631//4631
f 3264//3264 3894//3894 3872//3872
f 3894//3894 4422//4422 4112//4112
f 3872//3872 4112//4112 137//137
f 1021//1021 3641//3641 2184//2184
f 2171//2171 4116//4116 3789//3789
f 2499//2499 2369//2369 2993//2993
f 4633//4633 3863//3863 4634//4634
f 1955//1955 4139//4139 3086//3086
f 3223//3223 67//67 973//973
f 2922//2922 2108//2108 1619//1619
f 4636//4636 4928//4928 4496//4496
f 4124//4124 4123//4123 4682//4682
f 2770//2770 4125//4125 3186//3186
f 4125//4125 2770//2770 1689//1689
f 3060//3060 4125//4125 1689//1689
f 4112//4112 4422//4422 4458//4458
f 4631//4631 4126//4126 4660//4660
f 29//29 3749//3749 4408//4408
f 3963//3963 56//56 4215//4215
f 4129//4129 1797//1797 3923//3923
f 2744//2744 3699//3699 1861//1861
f 2505//2505 4874//4874 4521//4521
f 1065//1065 716//716 2927//2927
f 333//333 4001//4001 4044//4044
f 4001//4001 341//341 3979//3979
f 4594//4594 2656//2656 4588//4588
f 571//571 2308//2308 4573//4573
f 3954//3954 3938//3938 2308//2308
f 4580//4580 3969//3969 4410//4410
f 4584//4584 1175//1175 4411//4411
f 4132//4132 4410//4410 4485//4485
f 4555//4555 4640//4640 4411//4411
f 3899//3899 4554//4554 2414//2414
f 4379//4379 4412//4412 4973//4973
f 3953//3953 3269//3269 1373//1373
f 289//289 4130//4130 980//980
f 4133//4133 512//512 574//574
f 3886//3886 4841//4841 4842//4842
f 4642//4642 4134//4134 4622//4622
f 1238//1238 11//11 21//21
f 3443//3443 4135//4135 2560//2560
f 1613//1613 4169//4169 4136//4136
f 4169//4169 1613//1613 2856//2856
f 3478//3478 2120//2120 1536//1536
f 875//875 3849//3849 3207//3207
f 2382//2382 3445//3445 2756//2756
f 2276//2276 2112//2112 436//436
f 765//765 3534//3534 2188//2188
f 4021//4021 565//565 4141//4141
f 4643//4643 4644//4644 4582//4582
f 3969//3969 4580//4580 4340//4340
f 3940//3940 4336//4336 4135//4135
f 3920//3920 1839//1839 758//758
f 2871//2871 2372//2372 3951//3951
f 2821//2821 4144//4144 3816//3816
f 1366//1366 4103//4103 1771//1771
f 3264//3264 2513//2513 3892//3892
f 733//733 2300//2300 2139//2139
f 2145//2145 4145//4145 4190//4190
f 4275//4275 627//627 3988//3988
f 2424//2424 4146//4146 152//152
f 4147//4147 3858//3858 3578//3578
f 2795//2795 2422//2422 4645//4645
f 4646//4646 4645//4645 4427//4427
f 912//912 2015//2015 2840//2840
f 3997//3997 2401//2401 15//15
f 1531//1531 4061//4061 2775//2775
f 1969//1969 4151//4151 3199//3199
f 4028//4028 1904//1904 3554//3554
f 4152//4152 3705//3705 3582//3582
f 2876//2876 4153//4153 1753//1753
f 4154//4154 3974//3974 1387//1387
f 4155//4155 1264//1264 3216//3216
f 1689//1689 4238//4238 3352//3352
f 4823//4823 2913//2913 3976//3976
f 3919//3919 3976//3976 2913//2913
f 2589//2589 3919//3919 2913//2913
f 1187//1187 2457//2457 1488//1488
f 3508//3508 4158//4158 463//463
f 4017//4017 3851//3851 2509//2509
f 3892//3892 2513//2513 4649//4649
f 4034//4034 4038//4038 1670//1670
f 3299//3299 3950//3950 1014//1014
f 3151//3151 273//273 4734//4734
f 3982//3982 3269//3269 4085//4085
f 3269//3269 3982//3982 830//830
f 1420//1420 4159//4159 2343//2343
f 4159//4159 4160//4160 2343//2343
f 4157//4157 3699//3699 525//525
f 2226//2226 346//346 1613//1613
f 2268//2268 4162//4162 4103//4103
f 4162//4162 2533//2533 4007//4007
f 4103//4103 4007//4007 1771//1771
f 819//819 4979//4979 4163//4163
f 4079//4079 4623//4623 4162//4162
f 4163//4163 4079//4079 2268//2268
f 4052//4052 819//819 4163//4163
f 4468//4468 4163//4163 2268//2268
f 2096//2096 4016//4016 4360//4360
f 3873//3873 4430//4430 4986//4986
f 137//137 4486//4486 3873//3873
f 3233//3233 4165//4165 4218//4218
f 3721//3721 4277//4277 1217//1217
f 4166//4166 2308//2308 571//571
f 3858//3858 1387//1387 4395//4395
f 4843//4843 3855//3855 4844//4844
f 4845//4845 4956//4956 4575//4575
f 4691//4691 4292//4292 4846//4846
f 4172//4172 4170//4170 3456//3456
f 3456//3456 4170//4170 1539//1539
f 583//583 780//780 3240//3240
f 3288//3288 4171//4171 1752//1752
f 3883//3883 2811//2811 1551//1551
f 4127//4127 4437//4437 4638//4638
f 4128//4128 4638//4638 4643//4643
f 4173//4173 4127//4127 3961//3961
f 4039//4039 4317//4317 1764//1764
f 1540//1540 4174//4174 3939//3939
f 1945//1945 605//605 4106//4106
f 4598//4598 4583//4583 4438//4438
f 4438//4438 4644//4644 128//128
f 4125//4125 3060//3060 4161//4161
f 3563//3563 574//574 1547//1547
f 3911//3911 2770//2770 3186//3186
f 2307//2307 2112//2112 2775//2775
f 2795//2795 4560//4560 4652//4652
f 1781//1781 4742//4742 2001//2001
f 4302//4302 985//985 438//438
f 4039//4039 1764//1764 272//272
f 2944//2944 4178//4178 3788//3788
f 4178//4178 1339//1339 4592//4592
f 667//667 605//605 4179//4179
f 4172//4172 3456//3456 4185//4185
f 4447//4447 4772//4772 2436//2436
f 4159//4159 1420//1420 4155//4155
f 4054//4054 4440//4440 4614//4614
f 973//973 2615//2615 3223//3223
f 2944//2944 3788//3788 4249//4249
f 4249//4249 33//33 2944//2944
f 4464//4464 4220//4220 2810//2810
f 4181//4181 2810//2810 4866//4866
f 4466//4466 4634//4634 4465//4465
f 4347//4347 4441//4441 4285//4285
f 1264//1264 496//496 2053//2053
f 3328//3328 4183//4183 4654//4654
f 4183//4183 4652//4652 4653//4653
f 436//436 4184//4184 723//723
f 4185//4185 4683//4683 1958//1958
f 374//374 4111//4111 3711//3711
f 3258//3258 3824//3824 2210//2210
f 4042//4042 4773//4773 4051//4051
f 1662//1662 4051//4051 4773//4773
f 4186//4186 3984//3984 2809//2809
f 3419//3419 3918//3918 702//702
f 3918//3918 3419//3419 346//346
f 290//290 4593//4593 4655//4655
f 2226//2226 629//629 974//974
f 4553//4553 1415//1415 4565//4565
f 2308//2308 4166//4166 3955//3955
f 4166//4166 4994//4994 4064//4064
f 3955//3955 4064//4064 1185//1185
f 2424//2424 4187//4187 2670//2670
f 4188//4188 1102//1102 4282//4282
f 1102//1102 4188//4188 1219//1219
f 4444//4444 4498//4498 3960//3960
f 4089//4089 2922//2922 1619//1619
f 4190//4190 4145//4145 603//603
f 1120//1120 1053//1053 4042//4042
f 1053//1053 1120//1120 1100//1100
f 3920//3920 2589//2589 661//661
f 3662//3662 2765//2765 3985//3985
f 4121//4121 4479//4479 791//791
f 2868//2868 645//645 1258//1258
f 4019//4019 1714//1714 1605//1605
f 4014//4014 3929//3929 1839//1839
f 758//758 1839//1839 3929//3929
f 1095//1095 2004//2004 608//608
f 4191//4191 608//608 2004//2004
f 1556//1556 2987//2987 4018//4018
f 4038//4038 4106//4106 667//667
f 822//822 1945//1945 1570//1570
f 4421//4421 4195//4195 4160//4160
f 4195//4195 4421//4421 2549//2549
f 2337//2337 1904//1904 4062//4062
f 1065//1065 1379//1379 1663//1663
f 3116//3116 2633//2633 4067//4067
f 25//25 535//535 4071//4071
f 135//135 1839//1839 3920//3920
f 4198//4198 3118//3118 4425//4425
f 4199//4199 3239//3239 4061//4061
f 3858//3858 4147//4147 4177//4177
f 1276//1276 3721//3721 1969//1969
f 101//101 2616//2616 1896//1896
f 3493//3493 1896//1896 2616//2616
f 4201//4201 532//532 2433//2433
f 4617//4617 4453//4453 4516//4516
f 4452//4452 4630//4630 4346//4346
f 3563//3563 1547//1547 95//95
f 4095//4095 4216//4216 3555//3555
f 4564//4564 1822//1822 4520//4520
f 3087//3087 1472//1472 482//482
f 3371//3371 4022//4022 1//1
f 4203//4203 3913//3913 846//846
f 75//75 1795//1795 199//199
f 3890//3890 199//199 1795//1795
f 409//409 462//462 4204//4204
f 3944//3944 4204//4204 462//462
f 4149//4149 4647//4647 4083//4083
f 4206//4206 4149//4149 820//820
f 4207//4207 4458//4458 4659//4659
f 4026//4026 1157//1157 1058//1058
f 4142//4142 2565//2565 4100//4100
f 2957//2957 4624//4624 2351//2351
f 4624//4624 2957//2957 4107//4107
f 4183//4183 1816//1816 3484//3484
f 1816//1816 4183//4183 3328//3328
f 2144//2144 1593//1593 4208//4208
f 1593//1593 2388//2388 4208//4208
f 4210//4210 4460//4460 4662//4662
f 4211//4211 4661//4661 4663//4663
f 4193//4193 2028//2028 2775//2775
f 4101//4101 812//812 4170//4170
f 2965//2965 4170//4170 812//812
f 2174//2174 3076//3076 2278//2278
f 3974//3974 4154//4154 3282//3282
f 706//706 3932//3932 3113//3113
f 3508//3508 599//599 4096//4096
f 3368//3368 2085//2085 1092//1092
f 3928//3928 4611//4611 4854//4854
f 4066//4066 2625//2625 3767//3767
f 725//725 3933//3933 831//831
f 4863//4863 4179//4179 2340//2340
f 2689//2689 314//314 3941//3941
f 4129//4129 3923//3923 603//603
f 510//510 4192//4192 1036//1036
f 2341//2341 1840//1840 2424//2424
f 2251//2251 1619//1619 4081//4081
f 2318//2318 4072//4072 329//329
f 3202//3202 329//329 4072//4072
f 3935//3935 4417//4417 2010//2010
f 4153//4153 3851//3851 4091//4091
f 4224//4224 3137//3137 3481//3481
f 3984//3984 4416//4416 2809//2809
f 1539//1539 4170//4170 4217//4217
f 4170//4170 2965//2965 4217//4217
f 4320//4320 56//56 2160//2160
f 135//135 661//661 4219//4219
f 4220//4220 4866//4866 2810//2810
f 4609//4609 4743//4743 4665//4665
f 4464//4464 2975//2975 4221//4221
f 4168//4168 4221//4221 2975//2975
f 4221//4221 2181//2181 4464//4464
f 2181//2181 4221//4221 1548//1548
f 571//571 4822//4822 4864//4864
f 3951//3951 2359//2359 4219//4219
f 2359//2359 3951//3951 964//964
f 2163//2163 2166//2166 2480//2480
f 1220//1220 4084//4084 3115//3115
f 1233//1233 14//14 3452//3452
f 104//104 2680//2680 4223//4223
f 4223//4223 3819//3819 104//104
f 3088//3088 3120//3120 2307//2307
f 1096//1096 2307//2307 3120//3120
f 2205//2205 3921//3921 758//758
f 4226//4226 4666//4666 4667//4667
f 2370//2370 377//377 470//470
f 980//980 4228//4228 4034//4034
f 4228//4228 980//980 4227//4227
f 2145//2145 4190//4190 2174//2174
f 3877//3877 2937//2937 3748//3748
f 3027//3027 3992//3992 3777//3777
f 2965//2965 3693//3693 4140//4140
f 3343//3343 3298//3298 4228//4228
f 4038//4038 4228//4228 3298//3298
f 4107//4107 347//347 3204//3204
f 270//270 3881//3881 164//164
f 3963//3963 4361//4361 56//56
f 4115//4115 3153//3153 4070//4070
f 1861//1861 2904//2904 4171//4171
f 1723//1723 4461//4461 4714//4714
f 3888//3888 4468//4468 2268//2268
f 4012//4012 849//849 1940//1940
f 1916//1916 3743//3743 39//39
f 2359//2359 3565//3565 3912//3912
f 4558//4558 3912//3912 4499//4499
f 2795//2795 3484//3484 2422//2422
f 4743//4743 4180//4180 4231//4231
f 4231//4231 4180//4180 4759//4759
f 4867//4867 4469//4469 4670//4670
f 4671//4671 4515//4515 4404//4404
f 1113//1113 3033//3033 2259//2259
f 3946//3946 830//830 3982//3982
f 2775//2775 4050//4050 2307//2307
f 4192//4192 4234//4234 3883//3883
f 1491//1491 4235//4235 1316//1316
f 3909//3909 324//324 4236//4236
f 3508//3508 4096//4096 4158//4158
f 4158//4158 3005//3005 2231//2231
f 3502//3502 1723//1723 3985//3985
f 2340//2340 2983//2983 1663//1663
f 2983//2983 2340//2340 4179//4179
f 4137//4137 3770//3770 3963//3963
f 4215//4215 3703//3703 4137//4137
f 1928//1928 4085//4085 1024//1024
f 3953//3953 1024//1024 4085//4085
f 4238//4238 1689//1689 2770//2770
f 3935//3935 4259//4259 535//535
f 873//873 3906//3906 578//578
f 3524//3524 4239//4239 1188//1188
f 33//33 4156//4156 591//591
f 4238//4238 591//591 4156//4156
f 2868//2868 1258//1258 4230//4230
f 3913//3913 884//884 2599//2599
f 2558//2558 10//10 4153//4153
f 4668//4668 4240//4240 4241//4241
f 4240//4240 4652//4652 4176//4176
f 4241//4241 4176//4176 2385//2385
f 1969//1969 1035//1035 1243//1243
f 1056//1056 1243//1243 1035//1035
f 2324//2324 899//899 1488//1488
f 4242//4242 268//268 2570//2570
f 2328//2328 4242//4242 2991//2991
f 2583//2583 4155//4155 3543//3543
f 4143//4143 2378//2378 902//902
f 2186//2186 3196//3196 2499//2499
f 4195//4195 1958//1958 3545//3545
f 3641//3641 7//7 357//357
f 4558//4558 2918//2918 4450//4450
f 4655//4655 4804//4804 4596//4596
f 123//123 1353//1353 2357//2357
f 4753//4753 4098//4098 3033//3033
f 10//10 2480//2480 565//565
f 4129//4129 4145//4145 4280//4280
f 3904//3904 2845//2845 3174//3174
f 2845//2845 3904//3904 1121//1121
f 1264//1264 4155//4155 1420//1420
f 4171//4171 3288//3288 1861//1861
f 980//980 4034//4034 289//289
f 3948//3948 289//289 4034//4034
f 4244//4244 3946//3946 1604//1604
f 4053//4053 2155//2155 2431//2431
f 2155//2155 4053//4053 3125//3125
f 4361//4361 3896//3896 1252//1252
f 3484//3484 4652//4652 4183//4183
f 4245//4245 1106//1106 2926//2926
f 1539//1539 4217//4217 4080//4080
f 3603//3603 4246//4246 1433//1433
f 4246//4246 3603//3603 4007//4007
f 1217//1217 1433//1433 4557//4557
f 3907//3907 2533//2533 4247//4247
f 3907//3907 4247//4247 4483//4483
f 1928//1928 2301//2301 298//298
f 1411//1411 845//845 3261//3261
f 1433//1433 4277//4277 3603//3603
f 1980//1980 3471//3471 1869//1869
f 728//728 2163//2163 2558//2558
f 4242//4242 3355//3355 2991//2991
f 2927//2927 716//716 1073//1073
f 463//463 2706//2706 4248//4248
f 4248//4248 4000//4000 20//20
f 1261//1261 4200//4200 4249//4249
f 4200//4200 3352//3352 4156//4156
f 4249//4249 4156//4156 33//33
f 3838//3838 160//160 2309//2309
f 2426//2426 2804//2804 772//772
f 2116//2116 1012//1012 821//821
f 4021//4021 438//438 985//985
f 4086//4086 4087//4087 4602//4602
f 4250//4250 4086//4086 4008//4008
f 1948//1948 4484//4484 4251//4251
f 4766//4766 4250//4250 2640//2640
f 4048//4048 2864//2864 4005//4005
f 2864//2864 4048//4048 4766//4766
f 4009//4009 4809//4809 4856//4856
f 2845//2845 1121//1121 4117//4117
f 4102//4102 4117//4117 1121//1121
f 2918//2918 4558//4558 4499//4499
f 2647//2647 3615//3615 3565//3565
f 2807//2807 4808//4808 1209//1209
f 4641//4641 3899//3899 2414//2414
f 3986//3986 2940//2940 503//503
f 768//768 4065//4065 4253//4253
f 4065//4065 4064//4064 4672//4672
f 2013//2013 1525//1525 3871//3871
f 4081//4081 4262//4262 3048//3048
f 4262//4262 2682//2682 1556//1556
f 4254//4254 104//104 3819//3819
f 4254//4254 3819//3819 3047//3047
f 3057//3057 3927//3927 1814//1814
f 409//409 4204//4204 1119//1119
f 3839//3839 1877//1877 4040//4040
f 4040//4040 4337//4337 3839//3839
f 2001//2001 4199//4199 2654//2654
f 4205//4205 4145//4145 2145//2145
f 4093//4093 4663//4663 4674//4674
f 4838//4838 4674//4674 4627//4627
f 4398//4398 4857//4857 4626//4626
f 4255//4255 4675//4675 4478//4478
f 4211//4211 4478//4478 4459//4459
f 4199//4199 1531//1531 4095//4095
f 4060//4060 1935//1935 3702//3702
f 4190//4190 4105//4105 2174//2174
f 1119//1119 3966//3966 409//409
f 3966//3966 1119//1119 3685//3685
f 4075//4075 3663//3663 139//139
f 3938//3938 4676//4676 4328//4328
f 3936//3936 3962//3962 4571//4571
f 3937//3937 4326//4326 4608//4608
f 1764//1764 3787//3787 3298//3298
f 4121//4121 3352//3352 4200//4200
f 1713//1713 516//516 2007//2007
f 567//567 4165//4165 3233//3233
f 543//543 578//578 3906//3906
f 3906//3906 2694//2694 543//543
f 38//38 4258//4258 4399//4399
f 333//333 4044//4044 4574//4574
f 4234//4234 3167//3167 2811//2811
f 4859//4859 4968//4968 4860//4860
f 4861//4861 4948//4948 4768//4768
f 4276//4276 3887//3887 892//892
f 3199//3199 4769//4769 2848//2848
f 4186//4186 2809//2809 6//6
f 2821//2821 4260//4260 4144//4144
f 4260//4260 2821//2821 2822//2822
f 4092//4092 2826//2826 1557//1557
f 1799//1799 773//773 4261//4261
f 2773//2773 4261//4261 773//773
f 4124//4124 2508//2508 2125//2125
f 3048//3048 4262//4262 332//332
f 4018//4018 332//332 4262//4262
f 3711//3711 4111//4111 4473//4473
f 3174//3174 2845//2845 2032//2032
f 377//377 729//729 732//732
f 366//366 3876//3876 3549//3549
f 2699//2699 4557//4557 4530//4530
f 3409//3409 3137//3137 2295//2295
f 2533//2533 4623//4623 4247//4247
f 4247//4247 4078//4078 4264//4264
f 1625//1625 4108//4108 4677//4677
f 4109//4109 4110//4110 2571//2571
f 4265//4265 4109//4109 4678//4678
f 490//490 4266//4266 487//487
f 3964//3964 3627//3627 4174//4174
f 3523//3523 4174//4174 3627//3627
f 2186//2186 821//821 2673//2673
f 1032//1032 3935//3935 535//535
f 4003//4003 4895//4895 4251//4251
f 4210//4210 4484//4484 4661//4661
f 3312//3312 1670//1670 4863//4863
f 2//2 1472//1472 48//48
f 795//795 3151//3151 3310//3310
f 4030//4030 572//572 3136//3136
f 2176//2176 4099//4099 44//44
f 603//603 4213//4213 4105//4105
f 2144//2144 4160//4160 4159//4159
f 4160//4160 2144//2144 4421//4421
f 4158//4158 2668//2668 2706//2706
f 2668//2668 4158//4158 2231//2231
f 1605//1605 3360//3360 4268//4268
f 2106//2106 54//54 1854//1854
f 2096//2096 4360//4360 4680//4680
f 4864//4864 1548//1548 4293//4293
f 4271//4271 4650//4650 4575//4575
f 1619//1619 3009//3009 2682//2682
f 2716//2716 2918//2918 3373//3373
f 3036//3036 2401//2401 453//453
f 525//525 3699//3699 2744//2744
f 822//822 4272//4272 3988//3988
f 2218//2218 252//252 4272//4272
f 1695//1695 44//44 3500//3500
f 1337//1337 3543//3543 38//38
f 4081//4081 1130//1130 2251//2251
f 4153//4153 4091//4091 2558//2558
f 728//728 2558//2558 4091//4091
f 3721//3721 1276//1276 4277//4277
f 4772//4772 4447//4447 2548//2548
f 3890//3890 4104//4104 3824//3824
f 300//300 2159//2159 1534//1534
f 1157//1157 3708//3708 4233//4233
f 2186//2186 2673//2673 3196//3196
f 4589//4589 3977//3977 4489//4489
f 4732//4732 3921//3921 4666//4666
f 4489//4489 4226//4226 4668//4668
f 3743//3743 1610//1610 4137//4137
f 1610//1610 3743//3743 2273//2273
f 172//172 2523//2523 4263//4263
f 15//15 2401//2401 1606//1606
f 4252//4252 4048//4048 4005//4005
f 4252//4252 4005//4005 2641//2641
f 2788//2788 1781//1781 2654//2654
f 4186//4186 4473//4473 4111//4111
f 4069//4069 4174//4174 3523//3523
f 3271//3271 2422//2422 2700//2700
f 4259//4259 4071//4071 535//535
f 3788//3788 1261//1261 4249//4249
f 2769//2769 3913//3913 4203//4203
f 3739//3739 14//14 4029//4029
f 3991//3991 3809//3809 3192//3192
f 282//282 4194//4194 2175//2175
f 4238//4238 2770//2770 3118//3118
f 3924//3924 698//698 1014//1014
f 4222//4222 3189//3189 640//640
f 21//21 2505//2505 2293//2293
f 3923//3923 2868//2868 4213//4213
f 4230//4230 4213//4213 2868//2868
f 2499//2499 2119//2119 1351//1351
f 559//559 974//974 4120//4120
f 3653//3653 22//22 4368//4368
f 3216//3216 4258//4258 3543//3543
f 4258//4258 3216//3216 4017//4017
f 2944//2944 812//812 4178//4178
f 4101//4101 4178//4178 812//812
f 4637//4637 3962//3962 4257//4257
f 3962//3962 3749//3749 4571//4571
f 1235//1235 880//880 2608//2608
f 4007//4007 3603//3603 1771//1771
f 2957//2957 2351//2351 4235//4235
f 3705//3705 3493//3493 512//512
f 3947//3947 2500//2500 3860//3860
f 3860//3860 3859//3859 4274//4274
f 4597//4597 4175//4175 4490//4490
f 4490//4490 4207//4207 4659//4659
f 4263//4263 2523//2523 1587//1587
f 4080//4080 2156//2156 3866//3866
f 2156//2156 4080//4080 4736//4736
f 2213//2213 4268//4268 168//168
f 4268//4268 2213//2213 1605//1605
f 3373//3373 1859//1859 2551//2551
f 2385//2385 4176//4176 3917//3917
f 4088//4088 2385//2385 4563//4563
f 4983//4983 4519//4519 4256//4256
f 3926//3926 1855//1855 519//519
f 3925//3925 4565//4565 4564//4564
f 4273//4273 3965//3965 4825//4825
f 2357//2357 1353//1353 1071//1071
f 4271//4271 3040//3040 4673//4673
f 4097//4097 3693//3693 2965//2965
f 3693//3693 4097//4097 3164//3164
f 1663//1663 3126//3126 2632//2632
f 3008//3008 2390//2390 3253//3253
f 4066//4066 1726//1726 3174//3174
f 3091//3091 4712//4712 695//695
f 4254//4254 1584//1584 243//243
f 3790//3790 243//243 1584//1584
f 2579//2579 2927//2927 2363//2363
f 2181//2181 1548//1548 4606//4606
f 4864//4864 4606//4606 1548//1548
f 2054//2054 2976//2976 3857//3857
f 4276//4276 2656//2656 4090//4090
f 4707//4707 4055//4055 3735//3735
f 961//961 370//370 386//386
f 2488//2488 386//386 370//370
f 3145//3145 3240//3240 3403//3403
f 4212//4212 4277//4277 1276//1276
f 4277//4277 4212//4212 3603//3603
f 4187//4187 1380//1380 2670//2670
f 529//529 40//40 2166//2166
f 4150//4150 675//675 1161//1161
f 2200//2200 4115//4115 1790//1790
f 4122//4122 4635//4635 4537//4537
f 4538//4538 4535//4535 4493//4493
f 3557//3557 3908//3908 1321//1321
f 4165//4165 152//152 4218//4218
f 2341//2341 2424//2424 152//152
f 281//281 4144//4144 4260//4260
f 3861//3861 4618//4618 161//161
f 515//515 1682//1682 708//708
f 1856//1856 1654//1654 3203//3203
f 3901//3901 1100//1100 922//922
f 4197//4197 3719//3719 1955//1955
f 3971//3971 4585//4585 4682//4682
f 4098//4098 1373//1373 2259//2259
f 4161//4161 3060//3060 2439//2439
f 4185//4185 3456//3456 4683//4683
f 513//513 629//629 4136//4136
f 2096//2096 4000//4000 4016//4016
f 4000//4000 330//330 2650//2650
f 4016//4016 2650//2650 757//757
f 2769//2769 4237//4237 884//884
f 1012//1012 884//884 4237//4237
f 4279//4279 4684//4684 4677//4677
f 4216//4216 723//723 3203//3203
f 1481//1481 4205//4205 2780//2780
f 440//440 3985//3985 2765//2765
f 3985//3985 440//440 3502//3502
f 1413//1413 1767//1767 3754//3754
f 768//768 3960//3960 4498//4498
f 3960//3960 1600//1600 4657//4657
f 4715//4715 4498//4498 4656//4656
f 4177//4177 4154//4154 1387//1387
f 435//435 4020//4020 4243//4243
f 1504//1504 4243//4243 4020//4020
f 3890//3890 1534//1534 4104//4104
f 2765//2765 3984//3984 4186//4186
f 1279//1279 4280//4280 4205//4205
f 2656//2656 3983//3983 1807//1807
f 3983//3983 2656//2656 4276//4276
f 4276//4276 892//892 3983//3983
f 1837//1837 1654//1654 2689//2689
f 3984//3984 3662//3662 1676//1676
f 4222//4222 3138//3138 928//928
f 3138//3138 4222//4222 640//640
f 4225//4225 4667//4667 4654//4654
f 961//961 4224//4224 370//370
f 207//207 4261//4261 4152//4152
f 2773//2773 4152//4152 4261//4261
f 3933//3933 1916//1916 1016//1016
f 4275//4275 3663//3663 627//627
f 6//6 1163//1163 3167//3167
f 4025//4025 2613//2613 1476//1476
f 4033//4033 532//532 4169//4169
f 4227//4227 38//38 4399//4399
f 2957//2957 4281//4281 2622//2622
f 2622//2622 347//347 4107//4107
f 4107//4107 2957//2957 2622//2622
f 4138//4138 1784//1784 73//73
f 4267//4267 1790//1790 3465//3465
f 4305//4305 511//511 2457//2457
f 4087//4087 4047//4047 4088//4088
f 4047//4047 4668//4668 4241//4241
f 4088//4088 4241//4241 2385//2385
f 4086//4086 4006//4006 4087//4087
f 3702//3702 4281//4281 1491//1491
f 4235//4235 1491//1491 4281//4281
f 2670//2670 70//70 4063//4063
f 4135//4135 4063//4063 70//70
f 4133//4133 3970//3970 512//512
f 20//20 4036//4036 4248//4248
f 4036//4036 4367//4367 4282//4282
f 4248//4248 4282//4282 463//463
f 4414//4414 4503//4503 4637//4637
f 4642//4642 4680//4680 4502//4502
f 641//641 4684//4684 4614//4614
f 4615//4615 4678//4678 4077//4077
f 4469//4469 4867//4867 4669//4669
f 4505//4505 4232//4232 4671//4671
f 3867//3867 2807//2807 1209//1209
f 4150//4150 105//105 2471//2471
f 728//728 4043//4043 2163//2163
f 24//24 1032//1032 535//535
f 296//296 3904//3904 3321//3321
f 3557//3557 3914//3914 4331//4331
f 3844//3844 4324//4324 4868//4868
f 4870//4870 3989//3989 4869//4869
f 4871//4871 4283//4283 4869//4869
f 3847//3847 4286//4286 4288//4288
f 4286//4286 4804//4804 4287//4287
f 4288//4288 4287//4287 4872//4872
f 4875//4875 4291//4291 4692//4692
f 4844//4844 4876//4876 4690//4690
f 4846//4846 4877//4877 4878//4878
f 1404//1404 4274//4274 3859//3859
f 4477//4477 2017//2017 215//215
f 3623//3623 4294//4294 1756//1756
f 3902//3902 4295//4295 4297//4297
f 4297//4297 3863//3863 4296//4296
f 4315//4315 4296//4296 4828//4828
f 3868//3868 4298//4298 4300//4300
f 4298//4298 3869//3869 4299//4299
f 4300//4300 4299//4299 1164//1164
f 4530//4530 3907//3907 3861//3861
f 4880//4880 4304//4304 4879//4879
f 3895//3895 4810//4810 4792//4792
f 4306//4306 4551//4551 4550//4550
f 3852//3852 4307//4307 3898//3898
f 3882//3882 4308//4308 3884//3884
f 4554//4554 3899//3899 4556//4556
f 2573//2573 4309//4309 473//473
f 3869//3869 4310//4310 4299//4299
f 4310//4310 3869//3869 1285//1285
f 4311//4311 4130//4130 1593//1593
f 4491//4491 513//513 4201//4201
f 3417//3417 4365//4365 4625//4625
f 4562//4562 4882//4882 4881//4881
f 334//334 4885//4885 4884//4884
f 4315//4315 25//25 4297//4297
f 3862//3862 4295//4295 3902//3902
f 865//865 4316//4316 1686//1686
f 4307//4307 3852//3852 4318//4318
f 3878//3878 4318//4318 3852//3852
f 3144//3144 4319//4319 3034//3034
f 56//56 4320//4320 4215//4215
f 4202//4202 3925//3925 4564//4564
f 4886//4886 4904//4904 4887//4887
f 4888//4888 4685//4685 4889//4889
f 4871//4871 3845//3845 4700//4700
f 4524//4524 4890//4890 4836//4836
f 3936//3936 4326//4326 4328//4328
f 4326//4326 3937//3937 4327//4327
f 4328//4328 4327//4327 3938//3938
f 4329//4329 3880//3880 3847//3847
f 3847//3847 4330//4330 4329//4329
f 3078//3078 1503//1503 2395//2395
f 4331//4331 2530//2530 303//303
f 4332//4332 875//875 2712//2712
f 4528//4528 4835//4835 4334//4334
f 4891//4891 4892//4892 4893//4893
f 630//630 3475//3475 2271//2271
f 4830//4830 4578//4578 4805//4805
f 4794//4794 4752//4752 4336//4336
f 4337//4337 3645//3645 1427//1427
f 4338//4338 3968//3968 4339//4339
f 4340//4340 4339//4339 3969//3969
f 1714//1714 4341//4341 3360//3360
f 4341//4341 3972//3972 4342//4342
f 3360//3360 4342//4342 3874//3874
f 4316//4316 3095//3095 561//561
f 3898//3898 4343//4343 3973//3973
f 3034//3034 4319//4319 3817//3817
f 3975//3975 4732//4732 3977//3977
f 4732//4732 3975//3975 3976//3976
f 3980//3980 4344//4344 4346//4346
f 4344//4344 3850//3850 4345//4345
f 4346//4346 4345//4345 3981//3981
f 3989//3989 4870//4870 4807//4807
f 3864//3864 4533//4533 3995//3995
f 4349//4349 3996//3996 4343//4343
f 3996//3996 4349//4349 4379//4379
f 4287//4287 4804//4804 3995//3995
f 3897//3897 4004//4004 3895//3895
f 4006//4006 4002//4002 3943//3943
f 4355//4355 4883//4883 4704//4704
f 4601//4601 4704//4704 4897//4897
f 3162//3162 4356//4356 3464//3464
f 4604//4604 4357//4357 4705//4705
f 4357//4357 4816//4816 4898//4898
f 3996//3996 4379//4379 4013//4013
f 630//630 2608//2608 4143//4143
f 4294//4294 3827//3827 2779//2779
f 4430//4430 4360//4360 4016//4016
f 627//627 1629//1629 3581//3581
f 2633//2633 4161//4161 2439//2439
f 4362//4362 4899//4899 4820//4820
f 4364//4364 3761//3761 4015//4015
f 1527//1527 3949//3949 280//280
f 432//432 620//620 549//549
f 3465//3465 3310//3310 1398//1398
f 4366//4366 2486//2486 319//319
f 1761//1761 3814//3814 2299//2299
f 2181//2181 4032//4032 4464//4464
f 3818//3818 347//347 4114//4114
f 2652//2652 3818//3818 4114//4114
f 4367//4367 4036//4036 4037//4037
f 4683//4683 3810//3810 2419//2419
f 4368//4368 4380//4380 3755//3755
f 4369//4369 3927//3927 961//961
f 3937//3937 4370//4370 4031//4031
f 4370//4370 3937//3937 4608//4608
f 1909//1909 662//662 1938//1938
f 4305//4305 1589//1589 511//511
f 2865//2865 1011//1011 861//861
f 4371//4371 3884//3884 4308//4308
f 3884//3884 4371//4371 3870//3870
f 4046//4046 4047//4047 3943//3943
f 4332//4332 3679//3679 3403//3403
f 2386//2386 3634//3634 3680//3680
f 4372//4372 2397//2397 914//914
f 1935//1935 4373//4373 3279//3279
f 4374//4374 525//525 4712//4712
f 630//630 2271//2271 2608//2608
f 4972//4972 4612//4612 4052//4052
f 4054//4054 4376//4376 4377//4377
f 4377//4377 4376//4376 4612//4612
f 4057//4057 4058//4058 4378//4378
f 870//870 4380//4380 3112//3112
f 2160//2160 183//183 4320//4320
f 3935//3935 1032//1032 4709//4709
f 536//536 4381//4381 23//23
f 3959//3959 4806//4806 4900//4900
f 4771//4771 1396//1396 992//992
f 3293//3293 4386//4386 2602//2602
f 4343//4343 3898//3898 4307//4307
f 4858//4858 4621//4621 4829//4829
f 4227//4227 4388//4388 38//38
f 4037//4037 4414//4414 4607//4607
f 4079//4079 4979//4979 4078//4078
f 55//55 1878//1878 2865//2865
f 1590//1590 2793//2793 3716//3716
f 4391//4391 4027//4027 4082//4082
f 4364//4364 4070//4070 3761//3761
f 3325//3325 4392//4392 3405//3405
f 2992//2992 4393//4393 3056//3056
f 4332//4332 2306//2306 3679//3679
f 315//315 4396//4396 192//192
f 3945//3945 4900//4900 4893//4893
f 4093//4093 4838//4838 4398//4398
f 4398//4398 4721//4721 4094//4094
f 4722//4722 2025//2025 1728//1728
f 4472//4472 2161//2161 3438//3438
f 337//337 3204//3204 3818//3818
f 4302//4302 438//438 410//410
f 4108//4108 4401//4401 3980//3980
f 3980//3980 4402//4402 4108//4108
f 986//986 1062//1062 3457//3457
f 2853//2853 2857//2857 273//273
f 4118//4118 4404//4404 4632//4632
f 4406//4406 4404//4404 1542//1542
f 4122//4122 4124//4124 4635//4635
f 4124//4124 4122//4122 4123//4123
f 2588//2588 3684//3684 1838//1838
f 4403//4403 4126//4126 4631//4631
f 4127//4127 4128//4128 4408//4408
f 4407//4407 4408//4408 4128//4128
f 2505//2505 4409//4409 4874//4874
f 4409//4409 4394//4394 281//281
f 3973//3973 4343//4343 3996//3996
f 4676//4676 3938//3938 3954//3954
f 3969//3969 4131//4131 4410//4410
f 4485//4485 4410//4410 4131//4131
f 4584//4584 4411//4411 4413//4413
f 4411//4411 4987//4987 4412//4412
f 4413//4413 4412//4412 4131//4131
f 4886//4886 3930//3930 4879//4879
f 4879//4879 4304//4304 4904//4904
f 3245//3245 682//682 4392//4392
f 3405//3405 4392//4392 682//682
f 1955//1955 282//282 4139//4139
f 4439//4439 1055//1055 1655//1655
f 4407//4407 4340//4340 4142//4142
f 2386//2386 3414//3414 3634//3634
f 4415//4415 4840//4840 4905//4905
f 4417//4417 1844//1844 2203//2203
f 2703//2703 4419//4419 550//550
f 2731//2731 721//721 4420//4420
f 4421//4421 435//435 2549//2549
f 4422//4422 3893//3893 4206//4206
f 4149//4149 4206//4206 3893//3893
f 4752//4752 2560//2560 4336//4336
f 4420//4420 721//721 2724//2724
f 4074//4074 4957//4957 4906//4906
f 3403//3403 3642//3642 3145//3145
f 4400//4400 671//671 689//689
f 4451//4451 2127//2127 1669//1669
f 4316//4316 561//561 1775//1775
f 2374//2374 2094//2094 959//959
f 1062//1062 4467//4467 3457//3457
f 4380//4380 1529//1529 3112//3112
f 3149//3149 1122//1122 3595//3595
f 2753//2753 3325//3325 1657//1657
f 4427//4427 2422//2422 3271//3271
f 4429//4429 57//57 1832//1832
f 837//837 1832//1832 57//57
f 4430//4430 3873//3873 4360//4360
f 4164//4164 4360//4360 3873//3873
f 4431//4431 1362//1362 1478//1478
f 4432//4432 3696//3696 2214//2214
f 1397//1397 1242//1242 2200//2200
f 1090//1090 4433//4433 2336//2336
f 3379//3379 733//733 2139//2139
f 4434//4434 3074//3074 1325//1325
f 2475//2475 4435//4435 1465//1465
f 4173//4173 4437//4437 4127//4127
f 3999//3999 4438//4438 4175//4175
f 3737//3737 4439//4439 1655//1655
f 2497//2497 1055//1055 4439//4439
f 323//323 3741//3741 3037//3037
f 4416//4416 2455//2455 1163//1163
f 3975//3975 4440//4440 4054//4054
f 2878//2878 1630//1630 4748//4748
f 4848//4848 4441//4441 4347//4347
f 3925//3925 4454//4454 3882//3882
f 4308//4308 3882//3882 4454//4454
f 22//22 2655//2655 3109//3109
f 4443//4443 1623//1623 2027//2027
f 2894//2894 3608//3608 2061//2061
f 4909//4909 4910//4910 4745//4745
f 4911//4911 4745//4745 4912//4912
f 4443//4443 1937//1937 1623//1623
f 2143//2143 1344//1344 4488//4488
f 4431//4431 136//136 1362//1362
f 4319//4319 19//19 1805//1805
f 4913//4913 1169//1169 4914//4914
f 4915//4915 4449//4449 4914//4914
f 4236//4236 4450//4450 1167//1167
f 2001//2001 3239//3239 4199//4199
f 2264//2264 1011//1011 2774//2774
f 4451//4451 1902//1902 2127//2127
f 2590//2590 1498//1498 2456//2456
f 231//231 4381//4381 3691//3691
f 4057//4057 4452//4452 4453//4453
f 3199//3199 2848//2848 2380//2380
f 4454//4454 4202//4202 4924//4924
f 1854//1854 2190//2190 3331//3331
f 4760//4760 1666//1666 4764//4764
f 1718//1718 4456//4456 1792//1792
f 4457//4457 504//504 2050//2050
f 2336//2336 4433//4433 2651//2651
f 4126//4126 4458//4458 4207//4207
f 4719//4719 3949//3949 1527//1527
f 4209//4209 4460//4460 4210//4210
f 4460//4460 4209//4209 4459//4459
f 4211//4211 4459//4459 4209//4209
f 2323//2323 1833//1833 1638//1638
f 3013//3013 1590//1590 3716//3716
f 2447//2447 2323//2323 1638//1638
f 4359//4359 3274//3274 2602//2602
f 4214//4214 4461//4461 4854//4854
f 4436//4436 2430//2430 1838//1838
f 3560//3560 4400//4400 4754//4754
f 4462//4462 2628//2628 2922//2922
f 1569//1569 2923//2923 1087//1087
f 2204//2204 2287//2287 2752//2752
f 1579//1579 4463//4463 1429//1429
f 2752//2752 3538//3538 3626//3626
f 4916//4916 4466//4466 4820//4820
f 4916//4916 4119//4119 4633//4633
f 2199//2199 4321//4321 1761//1761
f 3814//3814 1761//1761 4321//4321
f 4226//4226 4667//4667 4225//4225
f 4419//4419 1502//1502 2211//2211
f 1605//1605 1714//1714 3360//3360
f 4426//4426 3149//3149 1584//1584
f 4467//4467 4309//4309 725//725
f 991//991 4425//4425 4331//4331
f 864//864 3015//3015 2319//2319
f 1259//1259 4424//4424 1428//1428
f 4096//4096 3005//3005 4158//4158
f 4446//4446 3781//3781 1560//1560
f 3659//3659 835//835 3258//3258
f 4455//4455 2711//2711 1079//1079
f 1878//1878 2774//2774 1011//1011
f 1296//1296 3703//3703 4215//4215
f 874//874 2974//2974 4451//4451
f 1025//1025 2733//2733 1444//1444
f 4382//4382 1997//1997 4761//4761
f 4223//4223 4471//4471 3061//3061
f 972//972 2754//2754 3674//3674
f 1196//1196 1450//1450 2100//2100
f 3995//3995 4348//4348 4287//4287
f 2903//2903 3615//3615 3786//3786
f 3732//3732 524//524 74//74
f 6//6 4234//4234 4473//4473
f 3184//3184 2517//2517 1062//1062
f 3039//3039 140//140 1127//1127
f 824//824 1693//1693 3428//3428
f 3522//3522 1041//1041 731//731
f 3471//3471 3385//3385 1137//1137
f 2517//2517 908//908 1062//1062
f 2589//2589 188//188 2871//2871
f 4250//4250 4008//4008 4600//4600
f 4474//4474 4550//4550 4475//4475
f 4918//4918 4815//4815 4919//4919
f 1719//1719 2612//2612 2604//2604
f 4476//4476 3827//3827 4294//4294
f 3827//3827 4476//4476 4224//4224
f 961//961 3137//3137 4224//4224
f 1179//1179 4477//4477 215//215
f 4375//4375 1696//1696 2313//2313
f 2313//2313 2847//2847 4375//4375
f 2149//2149 2590//2590 2456//2456
f 4255//4255 4663//4663 4093//4093
f 4255//4255 4478//4478 4211//4211
f 1959//1959 4419//4419 3707//3707
f 1261//1261 4479//4479 4200//4200
f 4365//4365 4146//4146 4063//4063
f 4920//4920 4921//4921 4922//4922
f 4920//4920 3915//3915 4882//4882
f 4443//4443 2027//2027 4463//4463
f 4473//4473 4186//4186 6//6
f 772//772 1372//1372 2832//2832
f 3522//3522 731//731 3045//3045
f 3907//3907 4483//4483 3861//3861
f 1427//1427 3839//3839 4337//4337
f 4418//4418 1393//1393 2430//2430
f 4003//4003 4484//4484 4210//4210
f 4484//4484 4003//4003 4251//4251
f 4420//4420 4480//4480 860//860
f 4485//4485 4131//4131 4379//4379
f 3253//3253 4375//4375 3986//3986
f 2628//2628 4462//4462 67//67
f 2773//2773 781//781 4152//4152
f 4400//4400 689//689 4754//4754
f 253//253 1025//1025 1444//1444
f 4164//4164 4486//4486 4269//4269
f 709//709 209//209 1274//1274
f 4253//4253 4487//4487 4650//4650
f 4487//4487 4253//4253 4672//4672
f 1867//1867 3556//3556 4470//4470
f 4472//4472 388//388 926//926
f 141//141 2143//2143 4488//4488
f 3977//3977 4226//4226 4489//4489
f 2338//2338 315//315 192//192
f 1960//1960 2425//2425 433//433
f 4463//4463 653//653 1429//1429
f 1859//1859 2903//2903 3786//3786
f 725//725 831//831 4467//4467
f 1635//1635 1108//1108 266//266
f 4463//4463 97//97 4443//4443
f 97//97 4463//4463 1579//1579
f 4426//4426 3189//3189 4222//4222
f 3817//3817 4319//4319 1805//1805
f 4368//4368 22//22 2335//2335
f 2818//2818 1885//1885 725//725
f 1316//1316 4235//4235 2351//2351
f 4175//4175 4207//4207 4490//4490
f 3262//3262 1070//1070 3091//3091
f 1070//1070 3262//3262 1512//1512
f 1985//1985 2025//2025 1829//1829
f 4244//4244 3040//3040 4271//4271
f 3064//3064 4428//4428 3108//3108
f 3556//3556 3783//3783 4470//4470
f 2224//2224 186//186 3706//3706
f 4495//4495 4926//4926 4775//4775
f 4494//4494 4775//4775 4927//4927
f 1642//1642 445//445 2146//2146
f 3035//3035 3695//3695 722//722
f 66//66 1043//1043 2341//2341
f 1664//1664 2120//2120 3773//3773
f 4123//4123 4496//4496 4278//4278
f 4497//4497 4278//4278 4496//4496
f 4278//4278 4497//4497 3971//3971
f 4442//4442 4693//4693 1667//1667
f 4279//4279 4677//4677 4265//4265
f 3327//3327 3052//3052 2623//2623
f 3102//3102 4492//4492 4457//4457
f 1480//1480 1849//1849 2687//2687
f 4435//4435 34//34 1465//1465
f 4429//4429 2092//2092 57//57
f 4225//4225 4653//4653 4240//4240
f 3615//3615 4499//4499 3565//3565
f 4476//4476 370//370 4224//4224
f 1552//1552 4722//4722 1728//1728
f 4381//4381 3639//3639 3691//3691
f 3065//3065 4471//4471 4223//4223
f 2397//2397 3209//3209 1871//1871
f 4433//4433 3031//3031 834//834
f 2353//2353 4501//4501 187//187
f 4134//4134 4502//4502 4503//4503
f 4502//4502 4269//4269 4681//4681
f 4503//4503 4681//4681 4173//4173
f 4279//4279 4615//4615 4376//4376
f 4615//4615 4279//4279 4678//4678
f 4501//4501 2353//2353 2751//2751
f 3780//3780 4504//4504 4506//4506
f 4504//4504 4232//4232 4505//4505
f 4506//4506 4505//4505 4118//4118
f 867//867 4439//4439 3737//3737
f 4439//4439 867//867 419//419
f 3131//3131 4501//4501 3764//3764
f 4929//4929 4448//4448 4930//4930
f 4931//4931 1355//1355 4932//4932
f 4868//4868 3846//3846 3844//3844
f 4933//4933 3846//3846 4803//4803
f 4933//4933 4509//4509 4778//4778
f 4509//4509 4510//4510 4508//4508
f 4931//4931 4508//4508 4510//4510
f 2284//2284 4318//4318 4512//4512
f 4318//4318 3878//3878 4511//4511
f 4512//4512 4511//4511 3848//3848
f 3847//3847 4513//4513 4286//4286
f 4286//4286 4513//4513 4804//4804
f 3848//3848 4330//4330 4515//4515
f 4330//4330 3847//3847 4288//4288
f 281//281 4516//4516 4409//4409
f 4516//4516 3981//3981 4517//4517
f 4409//4409 4517//4517 4874//4874
f 4935//4935 4519//4519 4925//4925
f 4873//4873 4520//4520 4865//4865
f 3852//3852 4552//4552 4522//4522
f 4523//4523 3853//3853 4522//4522
f 4687//4687 4888//4888 4937//4937
f 4701//4701 4890//4890 4780//4780
f 4889//4889 4782//4782 4843//4843
f 4750//4750 4827//4827 4526//4526
f 4449//4449 4731//4731 4826//4826
f 4527//4527 4785//4785 4938//4938
f 4877//4877 4833//4833 4939//4939
f 4876//4876 4891//4891 4834//4834
f 4529//4529 4787//4787 4940//4940
f 718//718 4085//4085 1928//1928
f 4530//4530 3861//3861 161//161
f 4315//4315 24//24 25//25
f 3862//3862 4531//4531 4532//4532
f 3864//3864 4296//4296 4533//4533
f 4296//4296 3863//3863 4633//4633
f 4348//4348 4533//4533 4405//4405
f 4308//4308 4713//4713 4371//4371
f 4371//4371 4535//4535 3870//3870
f 3868//3868 4926//4926 4298//4298
f 4536//4536 4122//4122 4537//4537
f 4298//4298 4537//4537 3869//3869
f 3870//3870 4538//4538 4540//4540
f 4538//4538 3868//3868 4539//4539
f 4540//4540 4539//4539 2277//2277
f 4541//4541 4049//4049 3872//3872
f 4541//4541 3872//3872 3873//3873
f 137//137 3873//3873 3872//3872
f 3875//3875 1049//1049 3874//3874
f 30//30 3360//3360 3874//3874
f 3875//3875 3874//3874 4542//4542
f 4342//4342 4542//4542 3874//3874
f 4511//4511 3878//3878 4329//4329
f 3880//3880 4329//4329 3878//3878
f 4301//4301 59//59 4543//4543
f 3879//3879 4543//4543 59//59
f 4514//4514 4513//4513 3879//3879
f 3860//3860 2321//2321 3859//3859
f 3859//3859 2337//2337 4062//4062
f 1797//1797 4565//4565 1415//1415
f 2699//2699 4530//4530 1664//1664
f 4842//4842 4545//4545 4390//4390
f 4941//4941 4989//4989 4942//4942
f 1880//1880 4391//4391 4943//4943
f 4779//4779 4510//4510 4789//4789
f 4803//4803 4570//4570 4934//4934
f 4510//4510 4509//4509 4547//4547
f 3892//3892 4647//4647 3893//3893
f 4944//4944 4004//4004 4945//4945
f 4944//4944 4548//4548 4811//4811
f 4475//4475 4810//4810 4919//4919
f 4946//4946 1141//1141 2462//2462
f 4946//4946 4306//4306 4697//4697
f 1664//1664 4530//4530 2120//2120
f 619//619 4522//4522 3570//3570
f 4552//4552 3570//3570 4522//4522
f 3884//3884 4544//4544 4553//4553
f 1415//1415 4544//4544 3681//3681
f 4544//4544 1415//1415 4553//4553
f 4350//4350 4808//4808 3900//3900
f 4808//4808 2807//2807 4554//4554
f 3900//3900 4554//4554 4556//4556
f 4555//4555 4556//4556 3899//3899
f 2277//2277 4300//4300 1164//1164
f 4300//4300 2277//2277 4539//4539
f 4559//4559 4560//4560 4947//4947
f 3915//3915 4922//4922 4312//4312
f 4561//4561 4312//4312 3931//3931
f 3917//3917 4559//4559 4948//4948
f 4881//4881 3915//3915 4949//4949
f 4884//4884 4314//4314 4950//4950
f 4071//4071 45//45 3862//3862
f 989//989 4531//4531 45//45
f 3862//3862 45//45 4531//4531
f 3853//3853 4301//4301 3880//3880
f 4301//4301 3853//3853 4523//4523
f 59//59 4301//4301 4737//4737
f 1822//1822 4564//4564 3926//3926
f 4202//4202 4454//4454 3925//3925
f 4369//4369 1814//1814 3927//3927
f 1631//1631 131//131 3219//3219
f 4840//4840 4566//4566 4951//4951
f 4952//4952 554//554 4951//4951
f 3931//3931 4312//4312 4922//4922
f 4797//4797 4796//4796 4921//4921
f 1355//1355 4930//4930 4932//4932
f 4569//4569 4800//4800 4798//4798
f 4507//4507 4799//4799 4777//4777
f 4953//4953 4930//4930 4448//4448
f 4913//4913 4914//4914 4929//4929
f 4899//4899 4818//4818 3891//3891
f 4789//4789 4510//4510 4954//4954
f 4676//4676 1819//1819 4076//4076
f 3936//3936 4571//4571 4326//4326
f 4326//4326 4571//4571 4608//4608
f 3938//3938 4327//4327 4573//4573
f 4327//4327 3937//3937 4572//4572
f 4573//4573 4572//4572 4822//4822
f 3880//3880 4543//4543 3847//3847
f 4513//4513 3847//3847 4543//4543
f 533//533 4596//4596 4514//4514
f 4574//4574 3942//3942 333//333
f 4575//4575 3946//3946 4244//4244
f 4781//4781 4955//4955 4892//4892
f 4845//4845 4529//4529 4956//4956
f 4958//4958 4974//4974 4957//4957
f 4960//4960 4335//4335 4959//4959
f 4961//4961 4385//4385 4960//4960
f 3455//3455 2565//2565 4580//4580
f 2565//2565 4142//4142 4580//4580
f 4340//4340 4581//4581 4338//4338
f 4581//4581 4128//4128 4582//4582
f 4338//4338 4582//4582 3968//3968
f 3969//3969 4339//4339 4584//4584
f 4339//4339 3968//3968 4583//4583
f 4584//4584 4583//4583 1175//1175
f 1714//1714 4585//4585 4341//4341
f 4585//4585 3971//3971 4586//4586
f 4341//4341 4586//4586 3972//3972
f 3971//3971 4497//4497 4445//4445
f 4910//4910 4912//4912 4745//4745
f 3875//3875 4542//4542 4587//4587
f 4542//4542 4342//4342 4853//4853
f 2656//2656 1807//1807 4588//4588
f 3898//3898 3973//3973 4620//4620
f 4588//4588 4620//4620 3973//3973
f 4589//4589 4574//4574 4847//4847
f 3976//3976 4613//4613 4823//4823
f 3919//3919 4732//4732 3976//3976
f 3978//3978 4590//4590 4591//4591
f 3979//3979 4591//4591 1625//1625
f 3980//3980 4962//4962 4344//4344
f 4962//4962 4590//4590 4936//4936
f 3981//3981 4345//4345 4517//4517
f 4345//4345 3850//3850 4290//4290
f 4517//4517 4290//4290 4874//4874
f 426//426 3125//3125 4471//4471
f 3061//3061 4471//4471 3125//3125
f 4119//4119 3989//3989 4182//4182
f 4592//4592 1014//1014 3950//3950
f 24//24 4828//4828 290//290
f 3995//3995 4593//4593 3864//3864
f 4828//4828 3864//3864 4593//4593
f 2656//2656 4594//4594 4595//4595
f 4594//4594 4013//4013 4595//4595
f 4013//4013 4594//4594 3996//3996
f 4350//4350 4597//4597 3998//3998
f 3998//3998 325//325 4350//4350
f 4556//4556 4598//4598 3900//3900
f 341//341 4001//4001 4662//4662
f 4351//4351 4662//4662 4001//4001
f 4001//4001 333//333 4351//4351
f 4002//4002 4351//4351 333//333
f 4003//4003 4351//4351 4895//4895
f 3896//3896 4697//4697 4965//4965
f 4966//4966 4601//4601 4964//4964
f 4548//4548 4549//4549 4352//4352
f 4087//4087 4006//4006 3943//3943
f 4006//4006 4895//4895 4002//4002
f 3942//3942 4002//4002 333//333
f 4355//4355 4967//4967 4812//4812
f 4353//4353 4812//4812 4896//4896
f 4354//4354 4856//4856 4897//4897
f 4562//4562 4896//4896 4813//4813
f 4313//4313 4795//4795 4950//4950
f 4312//4312 4883//4883 4949//4949
f 4603//4603 4919//4919 4815//4815
f 4354//4354 3916//3916 4968//4968
f 4474//4474 4475//4475 4969//4969
f 4906//4906 4423//4423 4304//4304
f 4970//4970 4358//4358 4705//4705
f 4898//4898 4011//4011 3885//3885
f 4817//4817 4389//4389 4717//4717
f 3113//3113 4595//4595 4824//4824
f 4399//4399 4258//4258 2509//2509
f 1958//1958 4500//4500 3545//3545
f 4971//4971 4022//4022 4954//4954
f 4870//4870 4284//4284 4894//4894
f 4971//4971 4570//4570 4710//4710
f 4466//4466 4465//4465 4362//4362
f 3465//3465 1398//1398 4267//4267
f 4031//4031 4370//4370 4609//4609
f 4609//4609 4032//4032 4031//4031
f 4606//4606 4031//4031 2181//2181
f 4607//4607 4035//4035 4037//4037
f 4622//4622 4036//4036 20//20
f 4373//4373 324//324 3279//3279
f 4572//4572 4031//4031 4606//4606
f 4031//4031 4572//4572 3937//3937
f 4041//4041 4743//4743 4370//4370
f 3870//3870 4544//4544 3884//3884
f 3681//3681 4540//4540 2277//2277
f 4540//4540 3681//3681 4544//4544
f 641//641 4610//4610 4045//4045
f 4045//4045 4610//4610 1625//1625
f 4574//4574 4046//4046 3942//3942
f 4046//4046 4668//4668 4047//4047
f 3943//3943 4047//4047 4087//4087
f 4052//4052 4612//4612 819//819
f 4613//4613 4054//4054 4377//4377
f 4611//4611 4377//4377 4612//4612
f 4054//4054 4614//4614 4376//4376
f 4612//4612 4615//4615 819//819
f 1914//1914 1789//1789 4056//4056
f 4483//4483 4378//4378 3861//3861
f 4378//4378 1088//1088 4616//4616
f 4057//4057 4617//4617 4058//4058
f 4378//4378 4058//4058 4618//4618
f 4056//4056 4618//4618 4058//4058
f 4385//4385 4961//4961 4716//4716
f 4619//4619 737//737 4092//4092
f 4938//4938 4957//4957 4974//4974
f 4527//4527 4974//4974 4975//4975
f 3570//3570 4552//4552 1333//1333
f 4552//4552 3852//3852 3898//3898
f 24//24 4315//4315 4828//4828
f 4297//4297 25//25 3902//3902
f 4977//4977 4387//4387 4976//4976
f 4977//4977 4073//4073 4978//4978
f 4959//4959 4335//4335 4978//4978
f 1819//1819 4607//4607 4076//4076
f 4037//4037 4622//4622 4414//4414
f 4076//4076 4414//4414 4637//4637
f 4414//4414 4076//4076 4607//4607
f 819//819 4077//4077 4979//4979
f 4077//4077 2571//2571 4979//4979
f 4079//4079 4078//4078 4623//4623
f 4943//4943 4832//4832 4942//4942
f 4390//4390 4831//4831 4717//4717
f 4082//4082 849//849 4605//4605
f 3417//3417 4625//4625 4089//4089
f 4394//4394 21//21 3816//3816
f 4144//4144 281//281 4394//4394
f 4980//4980 4940//4940 4720//4720
f 4980//4980 4956//4956 4529//4529
f 4982//4982 4527//4527 4975//4975
f 4982//4982 3945//3945 4955//4955
f 4981//4981 4980//4980 4720//4720
f 4901//4901 4893//4893 4900//4900
f 4716//4716 4837//4837 4385//4385
f 4983//4983 4857//4857 4713//4713
f 4626//4626 4093//4093 4398//4398
f 4534//4534 4398//4398 4535//4535
f 4627//4627 2641//2641 4984//4984
f 4494//4494 4927//4927 4839//4839
f 4629//4629 4839//4839 4985//4985
f 4446//4446 3903//3903 4024//4024
f 332//332 4541//4541 4986//4986
f 4987//4987 4679//4679 4824//4824
f 4679//4679 706//706 4824//4824
f 1625//1625 4591//4591 4401//4401
f 4590//4590 1947//1947 4936//4936
f 4616//4616 4264//4264 4110//4110
f 4402//4402 4265//4265 4108//4108
f 4110//4110 4109//4109 4630//4630
f 4402//4402 4630//4630 4109//4109
f 137//137 4403//4403 4113//4113
f 4113//4113 4631//4631 1561//1561
f 2369//2369 4117//4117 2993//2993
f 4848//4848 4506//4506 4118//4118
f 4182//4182 4406//4406 4903//4903
f 4119//4119 4903//4903 4633//4633
f 4405//4405 1542//1542 4348//4348
f 4633//4633 4533//4533 4296//4296
f 4634//4634 3863//3863 4295//4295
f 263//263 4756//4756 4531//4531
f 2125//2125 4635//4635 4124//4124
f 4122//4122 4636//4636 4123//4123
f 4496//4496 4123//4123 4636//4636
f 4124//4124 4682//4682 2508//2508
f 1561//1561 4631//4631 4639//4639
f 4403//4403 4458//4458 4126//4126
f 4458//4458 4403//4403 4112//4112
f 4639//4639 4660//4660 128//128
f 4660//4660 4639//4639 4631//4631
f 4637//4637 4173//4173 3961//3961
f 4127//4127 4638//4638 4128//4128
f 4639//4639 4643//4643 4638//4638
f 3961//3961 4408//4408 3749//3749
f 4408//4408 3961//3961 4127//4127
f 2293//2293 4521//4521 633//633
f 4409//4409 2505//2505 4394//4394
f 4044//4044 4001//4001 4610//4610
f 4610//4610 3979//3979 1625//1625
f 3996//3996 4594//4594 3973//3973
f 4588//4588 3973//3973 4594//4594
f 4573//4573 2308//2308 3938//3938
f 3455//3455 4410//4410 4132//4132
f 4410//4410 3455//3455 4580//4580
f 3969//3969 4413//4413 4131//4131
f 4413//4413 3969//3969 4584//4584
f 4132//4132 4485//4485 4988//4988
f 1175//1175 4555//4555 4411//4411
f 4555//4555 3899//3899 4640//4640
f 4411//4411 4640//4640 4987//4987
f 4641//4641 2414//2414 1582//1582
f 4973//4973 4412//4412 4987//4987
f 4130//4130 4388//4388 980//980
f 4796//4796 4568//4568 4841//4841
f 4905//4905 2967//2967 4989//4989
f 4941//4941 4546//4546 4989//4989
f 4414//4414 4622//4622 4134//4134
f 2096//2096 4642//4642 20//20
f 4622//4622 20//20 4642//4642
f 4407//4407 4128//4128 4581//4581
f 4407//4407 4581//4581 4340//4340
f 4128//4128 4643//4643 4582//4582
f 4643//4643 128//128 4644//4644
f 4582//4582 4644//4644 3968//3968
f 3940//3940 4135//4135 70//70
f 4559//4559 4947//4947 4148//4148
f 554//554 4646//4646 4427//4427
f 4646//4646 4148//4148 4645//4645
f 4427//4427 4645//4645 2422//2422
f 3893//3893 4647//4647 4149//4149
f 3755//3755 4647//4647 4649//4649
f 4604//4604 4358//4358 4990//4990
f 501//501 4991//4991 4990//4990
f 4816//4816 4858//4858 4010//4010
f 4979//4979 4079//4079 4163//4163
f 4623//4623 2533//2533 4162//4162
f 4972//4972 4052//4052 4468//4468
f 4680//4680 4360//4360 4164//4164
f 4164//4164 3873//3873 4486//4486
f 571//571 4270//4270 4166//4166
f 3858//3858 4395//4395 1401//1401
f 4291//4291 4168//4168 4937//4937
f 4939//4939 4786//4786 4740//4740
f 4650//4650 4487//4487 4529//4529
f 4651//4651 4864//4864 4293//4293
f 1561//1561 4638//4638 4437//4437
f 4638//4638 1561//1561 4639//4639
f 4643//4643 4639//4639 128//128
f 4597//4597 3999//3999 4175//4175
f 3999//3999 4598//4598 4438//4438
f 4598//4598 1175//1175 4583//4583
f 4438//4438 4583//4583 3968//3968
f 4175//4175 4438//4438 128//128
f 4438//4438 3968//3968 4644//4644
f 4176//4176 4652//4652 4560//4560
f 3977//3977 4589//4589 3975//3975
f 4440//4440 3975//3975 4589//4589
f 4044//4044 641//641 4847//4847
f 4614//4614 4440//4440 4847//4847
f 3975//3975 4054//4054 4613//4613
f 4182//4182 4992//4992 4406//4406
f 4634//4634 4532//4532 4465//4465
f 4710//4710 4363//4363 4757//4757
f 3990//3990 4441//4441 4632//4632
f 4653//4653 4652//4652 4240//4240
f 4593//4593 3995//3995 4655//4655
f 4804//4804 4655//4655 3995//3995
f 1855//1855 4565//4565 1797//1797
f 3882//3882 4553//4553 3925//3925
f 4565//4565 3925//3925 4553//4553
f 4367//4367 4444//4444 4188//4188
f 4444//4444 4367//4367 4189//4189
f 4444//4444 4189//4189 4498//4498
f 4188//4188 4657//4657 1219//1219
f 4657//4657 4188//4188 4444//4444
f 4985//4985 4851//4851 4849//4849
f 4850//4850 4945//4945 4909//4909
f 4628//4628 4964//4964 4790//4790
f 4658//4658 4852//4852 4548//4548
f 4912//4912 4793//4793 4853//4853
f 135//135 3920//3920 661//661
f 4373//4373 4558//4558 4450//4450
f 281//281 4617//4617 4516//4516
f 4617//4617 4057//4057 4453//4453
f 4516//4516 4453//4453 3981//3981
f 3981//3981 4452//4452 4346//4346
f 4452//4452 4110//4110 4630//4630
f 4346//4346 4630//4630 3980//3980
f 4095//4095 3555//3555 1650//1650
f 4865//4865 4520//4520 1822//1822
f 4520//4520 4202//4202 4564//4564
f 4647//4647 3755//3755 4083//4083
f 4149//4149 4083//4083 3947//3947
f 4458//4458 4422//4422 4206//4206
f 4206//4206 4659//4659 4458//4458
f 4659//4659 4206//4206 820//820
f 4660//4660 4126//4126 4207//4207
f 4210//4210 4661//4661 4209//4209
f 3978//3978 4459//4459 1947//1947
f 4460//4460 341//341 4662//4662
f 341//341 4460//4460 3978//3978
f 4209//4209 4661//4661 4211//4211
f 4661//4661 990//990 4663//4663
f 990//990 4661//4661 1948//1948
f 4714//4714 4461//4461 4214//4214
f 3928//3928 4823//4823 4611//4611
f 4069//4069 4664//4664 2108//2108
f 4866//4866 3780//3780 4181//4181
f 4032//4032 4609//4609 4665//4665
f 4665//4665 4220//4220 4032//4032
f 4347//4347 4181//4181 4907//4907
f 4667//4667 4666//4666 3921//3921
f 3921//3921 2205//2205 4667//4667
f 4226//4226 4225//4225 4668//4668
f 3889//3889 4214//4214 3888//3888
f 4214//4214 4972//4972 4468//4468
f 4499//4499 3912//3912 3565//3565
f 4759//4759 4132//4132 4988//4988
f 4220//4220 4665//4665 4867//4867
f 4669//4669 4231//4231 4469//4469
f 4670//4670 4469//4469 4232//4232
f 4469//4469 4231//4231 4917//4917
f 4118//4118 4671//4671 4404//4404
f 4671//4671 3848//3848 4515//4515
f 4404//4404 4515//4515 4872//4872
f 3033//3033 4098//4098 2259//2259
f 4234//4234 4192//4192 4473//4473
f 4450//4450 2918//2918 1167//1167
f 290//290 4655//4655 3422//3422
f 3422//3422 4596//4596 533//533
f 4596//4596 3422//3422 4655//4655
f 4557//4557 4246//4246 3907//3907
f 4483//4483 4247//4247 1088//1088
f 4625//4625 2922//2922 4089//4089
f 4248//4248 2706//2706 330//330
f 2910//2910 4086//4086 4250//4250
f 4086//4086 4602//4602 4008//4008
f 4250//4250 4600//4600 2640//2640
f 4811//4811 4548//4548 4809//4809
f 4966//4966 2641//2641 4963//4963
f 4967//4967 4601//4601 4963//4963
f 2918//2918 4499//4499 3615//3615
f 4554//4554 2807//2807 2414//2414
f 4673//4673 768//768 4253//4253
f 4065//4065 4672//4672 4253//4253
f 990//990 4674//4674 4663//4663
f 4674//4674 990//990 4252//4252
f 4252//4252 2641//2641 4674//4674
f 4627//4627 4674//4674 2641//2641
f 4255//4255 4626//4626 4675//4675
f 4626//4626 4255//4255 4093//4093
f 2723//2723 4519//4519 4983//4983
f 4478//4478 4675//4675 4256//4256
f 4459//4459 4478//4478 1947//1947
f 4255//4255 4211//4211 4663//4663
f 4676//4676 4257//4257 4328//4328
f 3936//3936 4328//4328 4257//4257
f 4571//4571 3749//3749 4100//4100
f 4571//4571 4100//4100 4608//4608
f 2565//2565 4041//4041 4608//4608
f 4063//4063 3443//3443 4365//4365
f 4976//4976 4621//4621 4991//4991
f 4965//4965 4474//4474 4726//4726
f 4814//4814 4354//4354 4859//4859
f 4322//4322 4860//4860 4887//4887
f 4882//4882 4313//4313 4923//4923
f 4885//4885 4563//4563 4861//4861
f 4567//4567 4768//4768 4862//4862
f 4566//4566 4568//4568 4567//4567
f 4567//4567 4862//4862 4993//4993
f 4951//4951 4993//4993 4952//4952
f 4557//4557 3907//3907 4530//4530
f 1217//1217 4557//4557 2699//2699
f 4623//4623 4078//4078 4247//4247
f 4247//4247 4264//4264 1088//1088
f 4677//4677 4108//4108 4265//4265
f 2571//2571 4110//4110 4264//4264
f 4678//4678 4109//4109 2571//2571
f 4210//4210 4662//4662 4003//4003
f 4251//4251 4895//4895 2910//2910
f 4484//4484 1948//1948 4661//4661
f 4766//4766 1948//1948 4251//4251
f 4641//4641 1582//1582 1052//1052
f 4640//4640 4679//4679 4987//4987
f 4680//4680 4164//4164 4269//4269
f 4486//4486 4113//4113 4269//4269
f 4113//4113 4486//4486 137//137
f 4269//4269 4113//4113 4681//4681
f 1561//1561 4681//4681 4113//4113
f 4270//4270 4651//4651 4878//4878
f 4651//4651 4270//4270 4864//4864
f 4271//4271 4253//4253 4650//4650
f 4487//4487 4167//4167 4788//4788
f 3653//3653 4649//4649 2513//2513
f 4574//4574 4489//4489 4046//4046
f 4489//4489 4574//4574 4589//4589
f 3977//3977 4666//4666 4226//4226
f 4666//4666 3977//3977 4732//4732
f 4668//4668 4046//4046 4489//4489
f 2654//2654 1781//1781 2001//2001
f 1333//1333 4620//4620 1807//1807
f 4388//4388 1337//1337 38//38
f 3189//3189 3047//3047 640//640
f 4368//4368 3755//3755 4649//4649
f 4676//4676 4076//4076 4257//4257
f 3860//3860 4274//4274 820//820
f 1404//1404 4490//4490 4274//4274
f 4490//4490 1404//1404 4597//4597
f 4175//4175 4660//4660 4207//4207
f 4660//4660 4175//4175 128//128
f 4274//4274 4659//4659 820//820
f 4659//4659 4274//4274 4490//4490
f 4664//4664 3009//3009 2108//2108
f 4088//4088 4563//4563 334//334
f 4202//4202 4520//4520 4289//4289
f 4256//4256 4519//4519 4936//4936
f 1855//1855 3926//3926 4565//4565
f 4564//4564 4565//4565 3926//3926
f 4575//4575 4244//4244 4271//4271
f 4271//4271 4673//4673 4253//4253
f 4167//4167 4672//4672 4994//4994
f 23//23 4381//4381 231//231
f 1285//1285 4537//4537 4635//4635
f 4537//4537 1285//1285 3869//3869
f 3868//3868 4538//4538 4493//4493
f 4538//4538 3870//3870 4535//4535
f 4493//4493 4535//4535 4094//4094
f 4536//4536 4298//4298 4926//4926
f 4636//4636 4495//4495 4928//4928
f 4617//4617 4260//4260 4058//4058
f 4260//4260 2822//2822 4058//4058
f 4618//4618 4056//4056 786//786
f 1335//1335 2508//2508 4682//4682
f 4123//4123 4278//4278 4682//4682
f 1714//1714 1335//1335 4585//4585
f 4682//4682 4585//4585 1335//1335
f 4278//4278 3971//3971 4682//4682
f 3810//3810 4683//4683 3456//3456
f 641//641 4045//4045 4684//4684
f 4677//4677 4684//4684 4045//4045
f 4045//4045 1625//1625 4677//4677
f 4279//4279 4265//4265 4678//4678
f 768//768 4498//4498 4715//4715
f 3960//3960 4657//4657 4444//4444
f 4715//4715 4656//4656 1185//1185
f 4668//4668 4225//4225 4240//4240
f 4667//4667 2205//2205 4654//4654
f 230//230 4654//4654 2205//2205
f 4183//4183 4653//4653 4654//4654
f 4388//4388 4227//4227 980//980
f 4656//4656 3956//3956 1185//1185
f 3956//3956 4656//4656 4776//4776
f 4189//4189 4367//4367 4035//4035
f 4051//4051 2351//2351 1120//1120
f 4414//4414 4134//4134 4503//4503
f 4637//4637 4503//4503 4173//4173
f 4134//4134 4642//4642 4502//4502
f 4642//4642 2096//2096 4680//4680
f 4502//4502 4680//4680 4269//4269
f 4173//4173 4681//4681 4437//4437
f 4437//4437 4681//4681 1561//1561
f 4684//4684 4376//4376 4614//4614
f 4376//4376 4684//4684 4279//4279
f 4077//4077 4678//4678 2571//2571
f 819//819 4615//4615 4077//4077
f 4504//4504 4670//4670 4232//4232
f 4665//4665 4743//4743 4669//4669
f 4231//4231 4669//4669 4743//4743
f 4118//4118 4505//4505 4671//4671
f 4671//4671 4232//4232 3848//3848
f 4283//4283 4685//4685 4284//4284
f 4686//4686 4285//4285 4687//4687
f 4284//4284 4687//4687 4285//4285
f 4688//4688 2395//2395 2634//2634
f 4873//4873 4689//4689 4289//4289
f 4291//4291 4690//4690 4692//4692
f 4690//4690 4292//4292 4691//4691
f 4692//4692 4691//4691 4293//4293
f 4693//4693 2386//2386 3680//3680
f 131//131 2406//2406 3546//3546
f 4695//4695 4303//4303 4304//4304
f 4304//4304 4423//4423 4695//4695
f 4550//4550 4697//4697 4306//4306
f 4698//4698 4946//4946 4697//4697
f 4699//4699 4313//4313 4314//4314
f 4283//4283 4700//4700 4325//4325
f 4701//4701 4325//4325 4700//4700
f 3845//3845 4702//4702 3891//3891
f 4321//4321 1757//1757 2562//2562
f 3745//3745 931//931 1421//1421
f 4753//4753 3033//3033 1223//1223
f 898//898 3745//3745 1421//1421
f 3080//3080 3342//3342 3198//3198
f 304//304 4703//4703 432//432
f 4353//4353 4949//4949 4355//4355
f 4604//4604 4705//4705 4358//4358
f 4706//4706 4294//4294 2779//2779
f 2204//2204 1773//1773 2090//2090
f 4693//4693 1368//1368 2744//2744
f 3073//3073 1779//1779 3302//3302
f 3068//3068 311//311 3551//3551
f 705//705 881//881 4708//4708
f 1032//1032 3422//3422 4709//4709
f 4362//4362 4757//4757 4363//4363
f 324//324 2823//2823 958//958
f 4711//4711 2330//2330 1312//1312
f 1404//1404 4062//4062 3998//3998
f 4374//4374 4712//4712 3091//3091
f 3356//3356 1275//1275 4758//4758
f 106//106 4758//4758 1275//1275
f 2723//2723 4713//4713 4308//4308
f 3662//3662 4714//4714 3889//3889
f 4712//4712 2744//2744 1368//1368
f 4067//4067 4619//4619 4716//4716
f 4837//4837 4716//4716 4619//4619
f 4390//4390 4717//4717 4389//4389
f 3357//3357 4718//4718 1765//1765
f 4429//4429 1832//1832 3326//3326
f 4707//4707 3735//3735 3904//3904
f 2857//2857 4719//4719 273//273
f 2688//2688 1517//1517 2493//2493
f 4397//4397 4837//4837 4334//4334
f 4902//4902 4721//4721 4398//4398
f 4709//4709 533//533 4417//4417
f 4349//4349 4485//4485 4379//4379
f 3454//3454 4722//4722 1324//1324
f 881//881 131//131 3546//3546
f 387//387 3659//3659 2646//2646
f 4708//4708 881//881 4723//4723
f 3546//3546 4723//4723 881//881
f 1461//1461 4724//4724 3073//3073
f 4726//4726 4969//4969 4695//4695
f 4303//4303 4695//4695 4323//4323
f 3857//3857 4729//4729 3741//3741
f 3245//3245 4727//4727 2995//2995
f 4703//4703 1535//1535 432//432
f 4729//4729 1021//1021 172//172
f 1780//1780 291//291 48//48
f 4730//4730 4576//4576 4731//4731
f 4576//4576 4730//4730 4423//4423
f 3921//3921 4732//4732 3919//3919
f 1064//1064 4733//4733 2229//2229
f 3830//3830 4734//4734 1837//1837
f 2724//2724 1900//1900 3487//3487
f 4735//4735 1202//1202 2345//2345
f 4736//4736 2031//2031 2652//2652
f 59//59 4738//4738 2330//2330
f 4738//4738 59//59 4737//4737
f 4739//4739 2083//2083 2302//2302
f 1119//1119 4204//4204 2390//2390
f 4740//4740 4167//4167 4741//4741
f 4994//4994 4741//4741 4167//4167
f 3671//3671 2333//2333 3198//3198
f 4061//4061 722//722 4193//4193
f 4743//4743 4041//4041 4180//4180
f 1030//1030 154//154 3366//3366
f 4744//4744 2479//2479 662//662
f 3399//3399 1293//1293 2926//2926
f 4477//4477 401//401 1762//1762
f 1987//1987 2676//2676 1718//1718
f 4723//4723 3719//3719 3225//3225
f 3719//3719 4723//4723 3546//3546
f 3636//3636 4694//4694 1254//1254
f 4908//4908 4745//4745 4445//4445
f 4718//4718 3357//3357 1967//1967
f 1967//1967 2793//2793 4718//4718
f 1033//1033 2018//2018 523//523
f 2248//2248 1280//1280 3032//3032
f 4748//4748 703//703 2572//2572
f 3423//3423 3671//3671 3198//3198
f 3325//3325 3405//3405 644//644
f 2156//2156 4736//4736 2652//2652
f 4749//4749 4449//4449 4827//4827
f 4449//4449 4749//4749 4801//4801
f 4718//4718 1177//1177 1765//1765
f 4742//4742 3035//3035 3239//3239
f 3674//3674 2338//2338 1892//1892
f 1829//1829 4722//4722 3454//3454
f 3103//3103 4442//4442 1312//1312
f 2282//2282 1015//1015 709//709
f 4751//4751 1987//1987 1132//1132
f 2330//2330 4738//4738 3103//3103
f 4624//4624 3204//3204 922//922
f 3830//3830 2689//2689 928//928
f 2101//2101 3489//3489 4762//4762
f 669//669 4762//4762 3489//3489
f 4752//4752 1099//1099 2814//2814
f 4739//4739 3556//3556 876//876
f 3781//3781 4753//4753 567//567
f 4728//4728 992//992 1396//1396
f 3427//3427 1435//1435 126//126
f 3314//3314 4755//4755 542//542
f 736//736 1851//1851 1845//1845
f 3238//3238 3095//3095 865//865
f 3378//3378 1367//1367 3073//3073
f 3089//3089 393//393 3277//3277
f 4465//4465 4757//4757 4362//4362
f 4757//4757 4465//4465 4756//4756
f 4758//4758 2875//2875 441//441
f 671//671 228//228 2576//2576
f 4724//4724 1461//1461 793//793
f 4180//4180 4132//4132 4759//4759
f 3162//3162 4760//4760 3647//3647
f 1021//1021 4729//4729 2976//2976
f 18//18 2201//2201 840//840
f 237//237 3808//3808 2620//2620
f 1987//1987 1718//1718 1792//1792
f 1477//1477 4725//4725 488//488
f 566//566 4762//4762 889//889
f 538//538 2038//2038 1980//1980
f 2895//2895 4763//4763 3697//3697
f 4736//4736 4140//4140 2031//2031
f 2695//2695 3131//3131 2143//2143
f 2263//2263 4747//4747 3317//3317
f 669//669 4764//4764 1701//1701
f 1553//1553 4765//4765 1132//1132
f 958//958 4114//4114 347//347
f 4825//4825 2032//2032 4273//4273
f 2834//2834 175//175 3002//3002
f 4477//4477 1762//1762 3401//3401
f 990//990 1948//1948 4048//4048
f 3427//3427 126//126 2753//2753
f 1835//1835 4767//4767 992//992
f 505//505 1608//1608 1553//1553
f 4727//4727 851//851 2995//2995
f 4748//4748 1630//1630 703//703
f 3378//3378 4724//4724 2472//2472
f 4734//4734 4719//4719 1837//1837
f 3396//3396 4758//4758 106//106
f 1855//1855 1797//1797 4129//4129
f 4481//4481 4768//4768 4568//4568
f 4754//4754 953//953 4396//4396
f 4760//4760 3162//3162 1849//1849
f 231//231 4708//4708 3225//3225
f 4767//4767 492//492 4771//4771
f 4488//4488 2282//2282 709//709
f 2323//2323 1936//1936 2783//2783
f 3185//3185 3584//3584 939//939
f 3733//3733 939//939 3584//3584
f 4739//4739 2881//2881 3556//3556
f 1697//1697 4746//4746 2783//2783
f 104//104 4467//4467 831//831
f 1769//1769 1316//1316 4014//4014
f 1770//1770 4488//4488 709//709
f 1654//1654 314//314 2689//2689
f 889//889 4762//4762 669//669
f 1770//1770 709//709 1274//1274
f 4760//4760 3489//3489 3647//3647
f 4772//4772 687//687 1492//1492
f 4773//4773 3484//3484 1816//1816
f 3482//3482 869//869 368//368
f 4774//4774 3280//3280 2888//2888
f 4495//4495 4775//4775 4494//4494
f 2084//2084 3462//3462 762//762
f 3225//3225 3719//3719 4197//4197
f 4431//4431 1655//1655 1297//1297
f 1964//1964 4774//4774 3732//3732
f 4774//4774 1964//1964 4770//4770
f 2784//2784 266//266 1108//1108
f 4776//4776 4035//4035 1819//1819
f 869//869 1633//1633 179//179
f 3431//3431 446//446 2155//2155
f 4507//4507 4777//4777 4508//4508
f 4778//4778 4509//4509 4777//4777
f 4510//4510 4779//4779 4931//4931
f 4508//4508 4777//4777 4509//4509
f 4935//4935 4518//4518 4936//4936
f 4873//4873 4289//4289 4520//4520
f 3402//3402 4737//4737 619//619
f 4325//4325 4780//4780 4782//4782
f 4780//4780 4524//4524 4781//4781
f 4782//4782 4781//4781 3855//3855
f 3854//3854 4783//4783 4784//4784
f 4783//4783 4526//4526 4577//4577
f 4785//4785 4784//4784 4938//4938
f 4167//4167 4740//4740 4788//4788
f 4786//4786 4528//4528 4787//4787
f 4788//4788 4787//4787 4529//4529
f 409//409 570//570 777//777
f 4547//4547 4954//4954 4510//4510
f 4790//4790 4549//4549 4851//4851
f 4549//4549 4790//4790 4352//4352
f 4910//4910 4791//4791 4793//4793
f 4791//4791 3895//3895 4792//4792
f 4793//4793 4792//4792 4551//4551
f 289//289 4794//4794 4130//4130
f 4813//4813 4313//4313 4562//4562
f 3921//3921 3920//3920 758//758
f 4566//4566 4841//4841 4568//4568
f 4797//4797 4482//4482 4796//4796
f 4569//4569 4798//4798 4507//4507
f 4799//4799 4507//4507 4798//4798
f 4750//4750 4800//4800 4749//4749
f 4749//4749 4569//4569 4801//4801
f 4449//4449 4801//4801 4448//4448
f 4802//4802 4570//4570 4803//4803
f 4547//4547 4934//4934 4570//4570
f 4335//4335 4805//4805 4578//4578
f 4805//4805 4335//4335 4806//4806
f 4579//4579 4806//4806 4335//4335
f 3910//3910 3033//3033 1113//1113
f 1790//1790 3027//3027 3465//3465
f 4591//4591 341//341 3978//3978
f 4962//4962 4518//4518 4344//4344
f 4714//4714 3662//3662 3985//3985
f 4182//4182 4807//4807 4992//4992
f 4807//4807 4182//4182 3989//3989
f 4808//4808 4350//4350 325//325
f 4599//4599 4856//4856 4352//4352
f 4550//4550 4810//4810 4475//4475
f 4352//4352 4809//4809 4548//4548
f 4601//4601 4967//4967 4355//4355
f 4795//4795 4313//4313 4813//4813
f 4353//4353 4896//4896 4562//4562
f 4814//4814 4603//4603 4815//4815
f 4475//4475 4919//4919 4603//4603
f 4604//4604 4816//4816 4357//4357
f 4357//4357 4817//4817 4705//4705
f 4817//4817 4357//4357 4389//4389
f 4570//4570 4802//4802 4363//4363
f 4818//4818 4363//4363 4802//4802
f 4285//4285 4686//4686 4347//4347
f 4819//4819 4347//4347 4686//4686
f 4362//4362 4820//4820 4466//4466
f 4821//4821 4916//4916 4820//4820
f 571//571 4573//4573 4822//4822
f 2700//2700 4773//4773 4042//4042
f 990//990 4048//4048 4252//4252
f 4823//4823 4377//4377 4611//4611
f 4772//4772 2548//2548 687//687
f 4715//4715 4064//4064 4065//4065
f 4825//4825 4066//4066 3174//3174
f 4826//4826 4526//4526 4827//4827
f 4526//4526 4826//4826 4576//4576
f 4387//4387 4829//4829 4621//4621
f 4829//4829 4387//4387 4830//4830
f 4578//4578 4830//4830 4387//4387
f 4831//4831 4546//4546 4832//4832
f 4546//4546 4831//4831 4390//4390
f 4696//4696 4423//4423 4730//4730
f 4423//4423 4696//4696 4695//4695
f 4528//4528 4833//4833 4835//4835
f 4833//4833 4292//4292 4834//4834
f 4835//4835 4834//4834 4333//4333
f 4524//4524 4836//4836 4527//4527
f 4785//4785 4527//4527 4836//4836
f 4334//4334 4837//4837 4720//4720
f 4385//4385 4397//4397 4384//4384
f 4838//4838 4628//4628 4902//4902
f 4494//4494 4839//4839 4629//4629
f 4590//4590 4962//4962 4401//4401
f 1099//1099 4794//4794 289//289
f 4566//4566 4840//4840 4415//4415
f 4841//4841 4566//4566 4842//4842
f 4545//4545 4842//4842 4415//4415
f 4816//4816 4648//4648 4858//4858
f 4648//4648 4816//4816 4604//4604
f 1670//1670 4038//4038 667//667
f 3151//3151 4734//4734 3830//3830
f 3873//3873 4986//4986 4541//4541
f 1529//1529 1780//1780 48//48
f 4525//4525 4844//4844 4690//4690
f 4844//4844 4525//4525 4843//4843
f 4529//4529 4845//4845 4650//4650
f 4575//4575 4650//4650 4845//4845
f 4293//4293 4691//4691 4651//4651
f 4846//4846 4651//4651 4691//4691
f 3455//3455 4180//4180 4041//4041
f 4589//4589 4847//4847 4440//4440
f 4907//4907 4506//4506 4848//4848
f 4285//4285 4441//4441 3990//3990
f 1662//1662 4773//4773 1816//1816
f 1143//1143 4849//4849 4850//4850
f 4849//4849 4658//4658 4850//4850
f 4849//4849 4851//4851 4852//4852
f 4851//4851 4549//4549 4852//4852
f 4853//4853 4551//4551 4306//4306
f 4853//4853 4306//4306 4587//4587
f 3928//3928 4854//4854 4461//4461
f 4822//4822 4606//4606 4864//4864
f 4714//4714 4214//4214 3889//3889
f 4180//4180 3455//3455 4132//4132
f 4231//4231 4759//4759 4855//4855
f 4855//4855 4512//4512 4917//4917
f 324//324 3909//3909 2823//2823
f 2689//2689 3941//3941 928//928
f 4217//4217 4736//4736 4080//4080
f 958//958 347//347 2622//2622
f 4766//4766 4251//4251 4250//4250
f 2864//2864 4766//4766 2640//2640
f 4809//4809 4352//4352 4856//4856
f 4601//4601 4897//4897 4599//4599
f 4857//4857 4675//4675 4626//4626
f 4621//4621 4858//4858 4648//4648
f 4603//4603 4814//4814 4323//4323
f 4860//4860 4322//4322 4859//4859
f 4314//4314 4861//4861 4481//4481
f 4768//4768 4481//4481 4861//4861
f 4568//4568 4768//4768 4567//4567
f 2406//2406 2848//2848 4769//4769
f 4863//4863 1670//1670 667//667
f 4641//4641 4679//4679 4640//4640
f 3373//3373 2918//2918 2903//2903
f 4753//4753 66//66 567//567
f 3653//3653 4368//4368 4649//4649
f 4536//4536 4495//4495 4636//4636
f 4866//4866 4670//4670 4504//4504
f 4867//4867 4665//4665 4669//4669
f 3914//3914 991//991 4331//4331
f 3846//3846 4868//4868 3845//3845
f 4284//4284 4870//4870 4283//4283
f 4285//4285 3990//3990 4284//4284
f 4869//4869 4283//4283 4870//4870
f 4702//4702 4871//4871 3934//3934
f 4869//4869 3934//3934 4871//4871
f 4872//4872 4287//4287 1542//1542
f 3850//3850 4689//4689 4290//4290
f 4289//4289 4689//4689 4925//4925
f 4290//4290 4873//4873 4874//4874
f 4873//4873 4290//4290 4689//4689
f 1548//1548 4875//4875 4293//4293
f 4692//4692 4293//4293 4875//4875
f 4291//4291 4525//4525 4690//4690
f 4844//4844 3855//3855 4876//4876
f 4690//4690 4876//4876 4292//4292
f 4651//4651 4846//4846 4878//4878
f 4846//4846 4292//4292 4877//4877
f 4878//4878 4877//4877 3856//3856
f 4828//4828 4296//4296 3864//3864
f 4303//4303 4322//4322 4304//4304
f 3885//3885 4011//4011 3886//3886
f 4879//4879 3930//3930 4880//4880
f 4810//4810 4551//4551 4792//4792
f 4551//4551 4810//4810 4550//4550
f 3915//3915 4881//4881 4882//4882
f 4949//4949 3915//3915 4312//4312
f 4704//4704 4312//4312 3916//3916
f 4314//4314 4884//4884 4885//4885
f 4950//4950 4314//4314 4313//4313
f 3930//3930 4886//4886 3931//3931
f 4887//4887 4561//4561 4886//4886
f 4323//4323 4859//4859 4322//4322
f 4525//4525 4888//4888 4889//4889
f 4888//4888 4284//4284 4685//4685
f 4889//4889 4685//4685 4325//4325
f 4283//4283 4871//4871 4700//4700
f 4700//4700 3845//3845 4868//4868
f 4701//4701 4868//4868 4324//4324
f 4890//4890 3854//3854 4836//4836
f 3854//3854 4890//4890 4324//4324
f 4835//4835 4333//4333 4397//4397
f 4901//4901 4891//4891 4893//4893
f 4891//4891 3855//3855 4892//4892
f 4893//4893 4892//4892 3945//3945
f 3958//3958 4830//4830 3959//3959
f 4805//4805 3959//3959 4830//4830
f 954//954 3592//3592 883//883
f 4894//4894 3990//3990 4992//4992
f 3990//3990 4894//4894 4284//4284
f 3999//3999 4350//4350 3900//3900
f 4895//4895 4351//4351 4002//4002
f 4355//4355 4812//4812 4353//4353
f 4883//4883 4312//4312 4704//4704
f 4354//4354 4897//4897 3916//3916
f 4704//4704 3916//3916 4897//4897
f 4009//4009 4856//4856 4354//4354
f 4816//4816 4010//4010 4898//4898
f 4011//4011 4898//4898 4010//4010
f 4363//4363 4818//4818 4362//4362
f 4899//4899 4702//4702 4820//4820
f 3989//3989 4821//4821 3934//3934
f 3443//3443 67//67 4462//4462
f 4366//4366 319//319 3074//3074
f 733//733 3379//3379 165//165
f 3935//3935 4709//4709 4417//4417
f 4384//4384 4806//4806 4579//4579
f 4806//4806 4384//4384 4901//4901
f 3959//3959 4900//4900 3945//3945
f 4074//4074 4010//4010 3958//3958
f 4829//4829 3958//3958 4858//4858
f 4389//4389 3885//3885 4390//4390
f 411//411 1975//1975 2194//2194
f 4901//4901 4333//4333 4891//4891
f 4333//4333 4901//4901 4384//4384
f 4068//4068 3959//3959 3945//3945
f 4838//4838 4902//4902 4398//4398
f 4902//4902 4985//4985 4839//4839
f 1701//1701 4764//4764 4400//4400
f 4401//4401 4108//4108 1625//1625
f 4632//4632 4404//4404 4406//4406
f 4406//4406 1542//1542 4405//4405
f 4406//4406 4405//4405 4903//4903
f 4322//4322 4904//4904 4304//4304
f 4904//4904 4322//4322 4887//4887
f 3886//3886 4880//4880 3930//3930
f 4904//4904 4886//4886 4879//4879
f 17//17 2780//2780 2278//2278
f 4840//4840 919//919 4905//4905
f 2967//2967 4905//4905 919//919
f 4423//4423 4957//4957 4576//4576
f 4957//4957 4423//4423 4906//4906
f 4074//4074 4906//4906 4011//4011
f 3642//3642 270//270 3145//3145
f 3780//3780 4907//4907 4181//4181
f 4907//4907 3780//3780 4506//4506
f 4497//4497 4908//4908 4445//4445
f 4908//4908 4909//4909 4745//4745
f 4909//4909 3897//3897 4791//4791
f 4586//4586 4911//4911 3972//3972
f 4912//4912 3972//3972 4911//4911
f 4448//4448 4914//4914 4449//4449
f 4914//4914 4448//4448 4929//4929
f 1252//1252 4915//4915 1169//1169
f 4914//4914 1169//1169 4915//4915
f 4452//4452 4057//4057 4616//4616
f 4454//4454 4924//4924 2723//2723
f 4764//4764 1666//1666 4400//4400
f 3088//3088 17//17 2278//2278
f 4214//4214 4854//4854 4972//4972
f 1124//1124 411//411 2194//2194
f 4119//4119 4821//4821 3989//3989
f 4821//4821 4119//4119 4916//4916
f 4466//4466 4916//4916 4634//4634
f 4426//4426 1584//1584 3189//3189
f 4917//4917 3848//3848 4232//4232
f 1878//1878 1011//1011 2865//2865
f 2456//2456 2084//2084 762//762
f 4009//4009 4815//4815 4004//4004
f 4919//4919 3895//3895 4918//4918
f 3915//3915 4920//4920 4922//4922
f 4920//4920 4482//4482 4797//4797
f 4922//4922 4921//4921 3930//3930
f 4482//4482 4923//4923 4699//4699
f 4923//4923 4482//4482 4920//4920
f 4379//4379 4131//4131 4412//4412
f 4365//4365 3443//3443 4462//4462
f 4443//4443 97//97 4733//4733
f 2451//2451 954//954 883//883
f 4925//4925 4924//4924 4202//4202
f 2723//2723 4924//4924 4519//4519
f 4925//4925 4519//4519 4924//4924
f 3868//3868 4493//4493 4926//4926
f 4775//4775 4926//4926 4493//4493
f 4493//4493 4094//4094 4775//4775
f 4927//4927 4775//4775 4094//4094
f 4495//4495 4494//4494 4928//4928
f 2120//2120 3478//3478 3773//3773
f 409//409 777//777 462//462
f 4776//4776 4189//4189 4035//4035
f 1857//1857 4929//4929 1355//1355
f 4930//4930 1355//1355 4929//4929
f 4508//4508 4932//4932 4507//4507
f 4932//4932 4508//4508 4931//4931
f 4509//4509 4934//4934 4547//4547
f 4934//4934 4509//4509 4933//4933
f 3846//3846 4933//4933 3844//3844
f 4778//4778 3844//3844 4933//4933
f 1355//1355 4931//4931 3106//3106
f 4779//4779 3106//3106 4931//4931
f 4513//4513 4514//4514 4596//4596
f 4596//4596 4804//4804 4513//4513
f 4872//4872 4515//4515 4288//4288
f 3850//3850 4935//4935 4689//4689
f 4935//4935 4936//4936 4519//4519
f 4689//4689 4935//4935 4925//4925
f 4874//4874 4873//4873 4521//4521
f 4521//4521 4873//4873 4865//4865
f 2975//2975 4686//4686 4937//4937
f 4687//4687 4284//4284 4888//4888
f 4937//4937 4888//4888 4525//4525
f 4325//4325 4701//4701 4780//4780
f 4701//4701 4324//4324 4890//4890
f 4780//4780 4890//4890 4524//4524
f 4525//4525 4889//4889 4843//4843
f 4889//4889 4325//4325 4782//4782
f 4843//4843 4782//4782 3855//3855
f 3854//3854 4800//4800 4783//4783
f 4750//4750 4749//4749 4827//4827
f 4783//4783 4750//4750 4526//4526
f 4449//4449 4915//4915 4731//4731
f 4915//4915 1252//1252 4731//4731
f 4826//4826 4731//4731 4576//4576
f 4784//4784 4577//4577 4938//4938
f 4577//4577 4784//4784 4783//4783
f 3856//3856 4877//4877 4939//4939
f 4877//4877 4292//4292 4833//4833
f 4939//4939 4833//4833 4528//4528
f 4292//4292 4876//4876 4834//4834
f 4876//4876 3855//3855 4891//4891
f 4834//4834 4891//4891 4333//4333
f 4787//4787 4528//4528 4940//4940
f 4334//4334 4940//4940 4528//4528
f 4713//4713 4534//4534 4371//4371
f 3886//3886 4842//4842 3885//3885
f 4545//4545 4989//4989 4546//4546
f 4942//4942 4832//4832 4941//4941
f 1880//1880 4943//4943 2746//2746
f 3106//3106 4779//4779 3334//3334
f 4789//4789 3334//3334 4779//4779
f 3891//3891 4803//4803 3846//3846
f 4934//4934 4933//4933 4803//4803
f 4548//4548 4944//4944 4658//4658
f 4945//4945 4658//4658 4944//4944
f 3897//3897 4945//4945 4004//4004
f 4811//4811 4004//4004 4944//4944
f 4810//4810 3895//3895 4919//4919
f 4004//4004 4918//4918 3895//3895
f 4306//4306 4946//4946 4587//4587
f 2462//2462 4587//4587 4946//4946
f 1141//1141 4698//4698 3896//3896
f 4698//4698 1141//1141 4946//4946
f 3884//3884 4553//4553 3882//3882
f 4560//4560 2795//2795 4947//4947
f 4645//4645 4947//4947 2795//2795
f 3917//3917 4948//4948 4563//4563
f 4313//4313 4882//4882 4562//4562
f 4949//4949 4353//4353 4881//4881
f 4563//4563 4885//4885 334//334
f 4950//4950 4602//4602 4884//4884
f 3853//3853 3880//3880 3878//3878
f 4737//4737 4523//4523 619//619
f 919//919 4840//4840 554//554
f 4951//4951 554//554 4840//4840
f 4567//4567 4951//4951 4566//4566
f 4951//4951 4567//4567 4993//4993
f 3931//3931 4922//4922 3930//3930
f 4568//4568 4796//4796 4482//4482
f 4921//4921 4920//4920 4797//4797
f 4953//4953 4801//4801 4932//4932
f 4507//4507 4932//4932 4569//4569
f 4800//4800 3854//3854 4798//4798
f 4324//4324 4798//4798 3854//3854
f 4799//4799 3844//3844 4778//4778
f 3844//3844 4799//4799 4324//4324
f 4569//4569 4932//4932 4801//4801
f 4953//4953 4932//4932 4930//4930
f 4801//4801 4953//4953 4448//4448
f 1169//1169 4913//4913 1857//1857
f 4929//4929 1857//1857 4913//4913
f 3934//3934 4820//4820 4702//4702
f 4899//4899 4362//4362 4818//4818
f 4702//4702 4899//4899 3891//3891
f 4570//4570 4971//4971 4547//4547
f 3334//3334 4789//4789 3173//3173
f 4954//4954 3173//3173 4789//4789
f 4822//4822 4572//4572 4606//4606
f 3855//3855 4781//4781 4892//4892
f 4781//4781 4524//4524 4955//4955
f 4892//4892 4955//4955 3945//3945
f 3946//3946 4956//4956 1557//1557
f 4956//4956 3946//3946 4575//4575
f 4576//4576 4957//4957 4577//4577
f 3959//3959 4068//4068 3958//3958
f 4957//4957 4074//4074 4958//4958
f 4578//4578 4978//4978 4335//4335
f 3957//3957 4960//4960 2796//2796
f 4959//4959 2796//2796 4960//4960
f 4335//4335 4960//4960 4579//4579
f 3116//3116 4961//4961 3957//3957
f 4960//4960 3957//3957 4961//4961
f 4497//4497 4496//4496 4908//4908
f 4586//4586 4445//4445 4911//4911
f 4745//4745 4911//4911 4445//4445
f 4542//4542 4853//4853 4587//4587
f 4847//4847 4574//4574 4044//4044
f 4344//4344 4518//4518 3850//3850
f 4935//4935 3850//3850 4518//4518
f 2656//2656 4595//4595 3113//3113
f 1404//1404 3998//3998 4597//4597
f 3999//3999 3900//3900 4598//4598
f 2864//2864 4967//4967 4005//4005
f 4352//4352 4790//4790 4599//4599
f 4474//4474 4697//4697 4550//4550
f 4697//4697 4474//4474 4965//4965
f 3896//3896 4965//4965 1252//1252
f 4005//4005 4963//4963 2641//2641
f 4964//4964 4984//4984 4966//4966
f 2864//2864 4812//4812 4967//4967
f 4896//4896 2640//2640 4600//4600
f 2640//2640 4896//4896 4812//4812
f 4813//4813 4600//4600 4008//4008
f 4599//4599 4897//4897 4856//4856
f 4704//4704 4601//4601 4355//4355
f 4600//4600 4813//4813 4896//4896
f 4950//4950 4008//4008 4602//4602
f 4008//4008 4950//4950 4795//4795
f 4884//4884 4602//4602 334//334
f 4355//4355 4949//4949 4883//4883
f 4881//4881 4353//4353 4562//4562
f 4004//4004 4815//4815 4918//4918
f 4814//4814 4009//4009 4354//4354
f 4968//4968 3916//3916 4561//4561
f 4475//4475 4603//4603 4969//4969
f 4323//4323 4969//4969 4603//4603
f 2286//2286 4970//4970 4012//4012
f 4970//4970 2286//2286 4990//4990
f 4010//4010 4074//4074 4011//4011
f 4304//4304 4880//4880 4906//4906
f 4012//4012 4970//4970 4605//4605
f 4705//4705 4605//4605 4970//4970
f 4357//4357 4898//4898 4389//4389
f 3885//3885 4389//4389 4898//4898
f 4605//4605 4817//4817 4082//4082
f 4717//4717 4082//4082 4817//4817
f 3113//3113 4824//4824 706//706
f 3173//3173 4954//4954 4022//4022
f 4363//4363 4710//4710 4570//4570
f 4954//4954 4547//4547 4971//4971
f 3934//3934 4869//4869 3989//3989
f 4894//4894 4807//4807 4870//4870
f 4022//4022 4971//4971 1//1
f 4710//4710 1//1 4971//4971
f 4370//4370 4743//4743 4609//4609
f 4972//4972 4611//4611 4612//4612
f 4823//4823 4613//4613 4377//4377
f 1914//1914 4056//4056 2822//2822
f 4973//4973 4013//4013 4379//4379
f 4013//4013 4824//4824 4595//4595
f 4579//4579 4960//4960 4385//4385
f 4961//4961 3116//3116 4716//4716
f 4067//4067 4716//4716 3116//3116
f 3958//3958 4068//4068 4958//4958
f 4975//4975 4958//4958 4068//4068
f 4527//4527 4938//4938 4974//4974
f 4938//4938 4577//4577 4957//4957
f 4975//4975 4974//4974 4958//4958
f 4552//4552 3898//3898 4620//4620
f 3958//3958 4958//4958 4074//4074
f 4621//4621 4976//4976 4387//4387
f 4073//4073 4977//4977 156//156
f 4976//4976 156//156 4977//4977
f 4387//4387 4978//4978 4578//4578
f 4978//4978 4387//4387 4977//4977
f 2796//2796 4959//4959 4073//4073
f 4978//4978 4073//4073 4959//4959
f 4264//4264 4078//4078 2571//2571
f 4979//4979 2571//2571 4078//4078
f 2746//2746 4943//4943 4942//4942
f 4943//4943 4391//4391 4832//4832
f 4941//4941 4832//4832 4546//4546
f 4391//4391 4082//4082 4831//4831
f 4717//4717 4831//4831 4082//4082
f 4842//4842 4390//4390 3885//3885
f 3886//3886 4011//4011 4880//4880
f 4906//4906 4880//4880 4011//4011
f 1557//1557 4980//4980 4092//4092
f 4981//4981 4092//4092 4980//4980
f 4334//4334 4720//4720 4940//4940
f 4980//4980 1557//1557 4956//4956
f 4940//4940 4980//4980 4529//4529
f 3945//3945 4982//4982 4068//4068
f 4975//4975 4068//4068 4982//4982
f 4527//4527 4982//4982 4524//4524
f 4955//4955 4524//4524 4982//4982
f 4092//4092 4981//4981 4619//4619
f 4720//4720 4619//4619 4981//4981
f 4397//4397 4333//4333 4384//4384
f 4900//4900 4806//4806 4901//4901
f 4385//4385 4837//4837 4397//4397
f 2723//2723 4983//4983 4713//4713
f 4983//4983 4675//4675 4857//4857
f 4713//4713 4857//4857 4534//4534
f 4535//4535 4398//4398 4094//4094
f 4093//4093 4674//4674 4838//4838
f 4838//4838 4984//4984 4628//4628
f 4985//4985 4902//4902 4628//4628
f 4094//4094 4721//4721 4927//4927
f 4839//4839 4927//4927 4721//4721
f 4721//4721 4902//4902 4839//4839
f 4494//4494 4629//4629 4928//4928
f 1143//1143 4928//4928 4629//4629
f 332//332 4986//4986 3677//3677
f 706//706 4679//4679 1052//1052
f 1071//1071 105//105 377//377
f 4591//4591 4590//4590 4401//4401
f 4962//4962 4936//4936 4518//4518
f 4401//4401 4962//4962 3980//3980
f 4441//4441 4118//4118 4632//4632
f 4118//4118 4441//4441 4848//4848
f 4182//4182 4903//4903 4119//4119
f 4903//4903 4533//4533 4633//4633
f 4533//4533 4903//4903 4405//4405
f 4916//4916 4633//4633 4634//4634
f 4634//4634 4295//4295 4532//4532
f 4465//4465 4532//4532 4756//4756
f 4531//4531 4756//4756 4532//4532
f 633//633 4521//4521 4865//4865
f 4988//4988 4485//4485 4349//4349
f 4415//4415 4842//4842 4566//4566
f 3930//3930 4921//4921 3886//3886
f 4841//4841 3886//3886 4796//4796
f 4415//4415 4989//4989 4545//4545
f 4989//4989 4415//4415 4905//4905
f 2746//2746 4942//4942 2967//2967
f 4989//4989 2967//2967 4942//4942
f 4340//4340 4580//4580 4142//4142
f 4947//4947 4645//4645 4148//4148
f 4970//4970 4990//4990 4358//4358
f 4990//4990 2286//2286 501//501
f 4648//4648 4604//4604 4991//4991
f 4990//4990 4991//4991 4604//4604
f 4010//4010 4858//4858 3958//3958
f 3677//3677 4986//4986 4430//4430
f 2975//2975 4937//4937 4168//4168
f 4291//4291 4937//4937 4525//4525
f 3856//3856 4939//4939 4740//4740
f 4939//4939 4528//4528 4786//4786
f 4740//4740 4786//4786 4788//4788
f 4168//4168 4875//4875 1548//1548
f 4875//4875 4168//4168 4291//4291
f 3455//3455 4041//4041 2565//2565
f 4847//4847 641//641 4614//4614
f 4632//4632 4992//4992 3990//3990
f 4992//4992 4632//4632 4406//4406
f 1//1 4710//4710 263//263
f 4757//4757 263//263 4710//4710
f 4189//4189 4656//4656 4498//4498
f 1143//1143 4629//4629 4849//4849
f 1143//1143 4850//4850 4908//4908
f 4629//4629 4985//4985 4849//4849
f 4849//4849 4852//4852 4658//4658
f 4908//4908 4850//4850 4909//4909
f 4850//4850 4658//4658 4945//4945
f 4909//4909 4945//4945 3897//3897
f 4985//4985 4628//4628 4851//4851
f 4628//4628 4984//4984 4964//4964
f 4984//4984 2641//2641 4966//4966
f 4790//4790 4964//4964 4599//4599
f 4852//4852 4549//4549 4548//4548
f 3972//3972 4912//4912 4853//4853
f 4912//4912 4910//4910 4793//4793
f 4853//4853 4793//4793 4551//4551
f 4910//4910 4909//4909 4791//4791
f 3895//3895 4791//4791 3897//3897
f 4452//4452 4616//4616 4110//4110
f 4854//4854 4611//4611 4972//4972
f 2975//2975 2810//2810 4819//4819
f 4181//4181 4819//4819 2810//2810
f 4819//4819 4181//4181 4347//4347
f 4347//4347 4907//4907 4848//4848
f 4855//4855 4988//4988 2284//2284
f 4988//4988 4855//4855 4759//4759
f 4866//4866 4867//4867 4670//4670
f 4867//4867 4866//4866 4220//4220
f 4231//4231 4855//4855 4917//4917
f 4855//4855 2284//2284 4512//4512
f 4917//4917 4512//4512 3848//3848
f 4404//4404 4872//4872 1542//1542
f 4248//4248 330//330 4000//4000
f 4004//4004 4811//4811 4009//4009
f 4809//4809 4009//4009 4811//4811
f 4599//4599 4964//4964 4601//4601
f 4963//4963 4601//4601 4966//4966
f 2640//2640 4812//4812 2864//2864
f 4963//4963 4005//4005 4967//4967
f 4983//4983 4256//4256 4675//4675
f 4256//4256 1947//1947 4478//4478
f 2565//2565 4608//4608 4100//4100
f 4648//4648 4991//4991 4621//4621
f 156//156 4976//4976 501//501
f 4991//4991 501//501 4976//4976
f 1252//1252 4965//4965 4726//4726
f 4726//4726 4474//4474 4969//4969
f 4695//4695 4969//4969 4323//4323
f 4323//4323 4814//4814 4859//4859
f 4859//4859 4354//4354 4968//4968
f 4887//4887 4968//4968 4561//4561
f 4860//4860 4968//4968 4887//4887
f 3931//3931 4886//4886 4561//4561
f 4920//4920 4882//4882 4923//4923
f 4923//4923 4313//4313 4699//4699
f 4482//4482 4699//4699 4481//4481
f 4314//4314 4885//4885 4861//4861
f 4861//4861 4563//4563 4948//4948
f 4862//4862 4948//4948 4559//4559
f 4768//4768 4948//4948 4862//4862
f 4148//4148 4993//4993 4559//4559
f 4862//4862 4559//4559 4993//4993
f 4646//4646 4952//4952 4148//4148
f 4993//4993 4148//4148 4952//4952
f 554//554 4952//4952 4646//4646
f 3899//3899 4641//4641 4640//4640
f 4641//4641 1052//1052 4679//4679
f 4994//4994 4270//4270 4741//4741
f 4878//4878 4741//4741 4270//4270
f 4741//4741 4878//4878 3856//3856
f 4487//4487 4788//4788 4529//4529
f 4270//4270 4994//4994 4166//4166
f 4202//4202 4289//4289 4925//4925
f 4256//4256 4936//4936 1947//1947
f 4122//4122 4536//4536 4636//4636
f 4536//4536 4926//4926 4495//4495
f 4496//4496 4928//4928 1143//1143
f 4058//4058 2822//2822 4056//4056
f 3392//3392 1071//1071 377//377
f 4776//4776 4656//4656 4189//4189
f 2351//2351 4624//4624 1120//1120
f 3780//3780 4866//4866 4504//4504
# 9984 faces, 0 coords texture

# End of File
