####
#
# OBJ File Generated by Meshlab
#
####
# Object 90736.obj
#
# Vertices: 1470
# Faces: 2936
#
####
vn 3.533302 3.251021 -3.138485
v 9.691115 -7.081228 9.612272
vn 4.866039 2.952798 -2.477661
v 10.165000 -7.085001 10.311280
vn 3.685197 4.513101 1.391081
v 10.487822 -7.386408 10.355461
vn 5.526976 0.969955 -1.127332
v 10.815272 -7.816273 11.147310
vn 6.105521 0.862224 0.364332
v 10.996366 -9.434444 12.023947
vn 1.488767 -0.909315 -5.142448
v 7.722472 -9.585328 7.990918
vn 4.585363 -3.997918 -1.249863
v 10.029165 -12.907280 11.308653
vn 5.659545 -2.326275 0.559528
v 11.148764 -10.987054 10.501673
vn 5.596666 -1.535548 -1.996548
v 11.048793 -11.375800 12.359217
vn 1.886045 -3.995716 -4.377173
v 4.151502 -12.921806 7.842281
vn 1.698771 -4.209078 -4.339260
v 6.744861 -13.160285 9.350405
vn 1.910866 -4.672658 -3.682019
v 5.344467 -15.119499 10.742951
vn -2.138145 -4.105009 3.091418
v 15.035766 -11.609954 2.495595
vn 0.434881 -3.008165 5.338190
v 16.593695 -14.263762 1.575755
vn 1.853090 1.627834 5.483263
v 20.684900 -11.845193 1.481506
vn 1.689995 -2.159925 5.468451
v 20.317930 -12.683156 1.463723
vn 1.840091 0.723091 5.172380
v 18.466202 -11.200814 2.687714
vn -1.552417 -2.336564 5.395574
v 15.821519 -11.992530 2.418606
vn 0.066489 -2.078428 5.639267
v 17.475898 -12.880505 2.450006
vn -1.920860 -1.326194 5.728415
v 15.792760 -13.705510 1.693552
vn 2.100022 -0.633371 5.465890
v 17.350198 -10.658031 2.833588
vn 1.440397 -1.385858 -0.789471
v 21.973891 -20.485410 0.031284
vn 3.416929 4.226662 -1.217467
v 16.611658 -8.491869 1.455056
vn 1.082719 0.633944 5.699547
v 20.967170 -17.714198 1.569973
vn 3.392281 0.628146 2.644052
v 22.600313 -18.251377 1.066416
vn 1.610471 1.697924 -5.195190
v 21.087392 -16.830025 0.031287
vn 3.393186 2.687875 4.500248
v 21.218311 -16.942273 1.076859
vn -1.237098 -0.141543 5.863694
v 19.285819 -16.126229 1.489115
vn 3.564900 0.579393 4.489742
v 19.902950 -14.335835 1.171680
vn 1.463036 1.075702 5.789048
v 20.128161 -15.975144 1.453719
vn 1.755707 2.092044 -1.922604
v 25.069738 -11.357124 0.031462
vn 3.139790 2.077610 3.138337
v 25.224346 -11.857462 0.994806
vn 4.983608 0.732293 1.780565
v 25.555575 -12.396446 0.655330
vn 2.935449 -0.180830 -2.205337
v 25.622576 -12.747305 0.052036
vn 4.408333 -2.019040 2.270830
v 25.332269 -13.440722 0.786782
vn 3.140579 3.706934 2.360993
v 19.556392 -10.657478 1.689543
vn -0.036078 2.342291 5.409569
v 23.038721 -12.173892 1.456310
vn -0.527844 4.942793 2.433439
v 23.625261 -11.110173 0.644288
vn -0.831722 -2.958428 -3.551830
v 22.211130 -13.655590 0.032812
vn -1.364872 -4.693033 2.557023
v 23.379427 -14.233302 0.925692
vn 1.207712 -3.417765 3.109335
v 24.360762 -14.145022 1.200495
vn 1.417215 4.108318 2.609134
v 24.623399 -11.253783 0.802724
vn 1.676414 -0.260819 5.096016
v 24.539069 -13.023408 1.557309
vn -1.728312 -4.888487 2.863710
v 22.355307 -13.671084 1.019378
vn -0.567207 -1.841860 5.569086
v 22.163217 -13.026073 1.487810
vn -0.680728 5.637454 1.123970
v 22.315525 -11.534571 0.626466
vn 2.541070 -4.231058 2.769437
v 20.585420 -13.600558 0.628694
vn 2.690076 5.433572 -1.047030
v 20.368565 -11.299562 0.640241
vn 2.596244 4.490393 3.016935
v 20.629786 -11.474196 1.247555
vn 1.564006 -2.692779 3.747019
v 21.212185 -20.338381 1.241152
vn -1.574602 -3.860015 2.600465
v 20.039343 -20.546586 0.995608
vn 1.562265 -4.807645 0.858521
v 21.244408 -20.756911 0.482833
vn -1.275636 3.398495 -4.007814
v 15.706508 -8.750066 0.633952
vn -6.021183 -1.127967 -0.215672
v 19.059938 -17.455833 0.482529
vn -1.805525 -0.140456 -1.742766
v 19.015608 -19.499430 0.030449
vn -4.225459 -2.979883 1.668403
v 19.367928 -20.113947 0.731828
vn -2.730238 -0.876833 3.967248
v 19.472813 -19.281981 1.425165
vn -3.622048 -0.983147 4.173865
v 19.256090 -17.371340 1.260161
vn -0.332236 -0.436236 -0.090236
v 12.212378 -16.860922 0.059471
vn -0.494633 -0.723637 1.341545
v 13.472238 -18.360462 0.886498
vn -1.824332 0.160889 1.648813
v 12.331676 -16.033294 0.467270
vn -1.950976 1.794815 1.899563
v 12.934869 -15.103580 0.457872
vn -0.052100 -1.948191 4.668122
v 15.659598 -15.038850 1.620814
vn -5.554903 2.185520 -0.924609
v 14.809087 -13.164210 0.568588
vn -3.190810 1.451448 2.651590
v 13.865685 -14.563157 0.832574
vn 1.575114 -4.704927 2.838394
v 17.065616 -15.046177 0.627999
vn -0.586615 -2.063749 5.691507
v 18.410528 -14.765980 1.311624
vn -3.998148 1.076985 4.200900
v 14.790813 -13.667141 1.187414
vn -5.082813 -1.936247 2.262999
v 15.133164 -12.207315 1.644333
vn -5.908863 -0.511528 -1.527374
v 15.098007 -11.502847 0.663167
vn 2.607389 5.406856 -0.528607
v 18.785335 -10.151164 0.608904
vn 3.391348 4.151983 2.419194
v 17.974925 -10.005412 2.096571
vn -4.711318 0.796481 -4.014488
v 15.092816 -10.743912 0.629024
vn -4.430678 -2.251902 -2.635654
v 14.199404 -10.739614 1.667618
vn 2.304581 -1.952961 5.311962
v 19.273643 -13.097712 1.924359
vn -0.231098 -1.521723 -5.703082
v 17.592468 -14.708667 0.031291
vn -3.905065 -3.618828 -2.051546
v 18.197611 -15.597936 0.390148
vn -2.956508 -2.882360 4.472822
v 17.982484 -15.117167 0.989067
vn 5.155613 3.051486 0.068445
v 21.007669 -16.212053 0.643559
vn -1.515720 -5.180092 1.311474
v 13.718777 -10.605584 3.726899
vn 3.459944 -1.249360 3.558630
v 16.248959 -9.550283 4.092070
vn -0.458351 4.008363 -4.200819
v 14.544083 -7.577654 1.813611
vn 3.205333 3.941149 -1.758306
v 15.424847 -6.864709 3.118909
vn 2.754403 3.254726 4.290359
v 12.433593 -7.052179 8.484189
vn -4.721525 0.837643 -2.416079
v 10.380430 -7.319560 5.337885
vn 4.666959 -0.370966 3.761868
v 12.961413 -8.057705 8.371108
vn -3.868488 4.272478 1.190771
v 10.301505 -6.640227 8.215878
vn -3.229039 4.285563 0.608657
v 10.426558 -6.374610 7.676028
vn -0.775864 5.284799 2.418548
v 10.639457 -6.918063 9.284415
vn -4.765552 1.738860 -2.329141
v 9.844499 -7.546915 6.306200
vn 2.750959 -4.229441 -2.029434
v 10.268137 -12.321174 9.271028
vn 4.825008 1.173231 3.508603
v 11.753639 -8.687574 10.032256
vn 5.127533 -1.767002 2.524876
v 12.244701 -9.396312 9.278854
vn -1.457988 -2.727712 -4.471052
v 9.075032 -10.893630 7.373430
vn -2.712964 -2.036245 -4.174945
v 10.100967 -9.482308 6.065964
vn -2.557551 5.224547 -0.143086
v 10.083351 -7.250633 9.257046
vn 1.051961 1.857772 -3.553158
v 8.767508 -8.358328 8.631025
vn -4.231513 2.417772 -3.411271
v 8.776796 -8.922109 7.734883
vn -1.146465 -0.208505 -6.059243
v 7.834491 -10.224772 7.968643
vn 0.248055 -3.313769 -5.114282
v 7.903946 -11.528622 8.249042
vn 4.038856 -0.102205 4.016540
v 14.242790 -7.345930 7.357298
vn -2.155149 4.976667 0.242716
v 11.879125 -5.411200 5.642750
vn -1.679140 4.248270 -1.726813
v 12.254201 -5.295037 4.588865
vn -3.309716 -4.171345 -2.500972
v 11.535705 -9.355910 5.134261
vn 3.292499 -4.606738 1.620316
v 13.046539 -9.694434 6.670163
vn 4.623519 2.162946 1.479124
v 15.468242 -6.584005 5.382244
vn 1.666099 4.493575 -0.819981
v 14.234350 -5.294397 4.691991
vn -1.483153 3.707080 -4.349407
v 12.985508 -6.702506 2.984877
vn -3.307927 0.536902 -4.612221
v 13.174921 -8.416012 1.959818
vn -4.207568 -3.261146 -2.064251
v 12.564989 -9.719093 3.185395
vn 1.627247 -5.185861 2.435905
v 13.968446 -10.009011 5.172928
vn 5.097167 0.086325 2.368297
v 16.016415 -8.494172 4.489043
vn -4.130800 0.643443 -3.307020
v 11.380786 -7.406432 3.626629
vn -0.889159 -5.957561 -0.681490
v 12.486032 -9.724830 5.612328
vn 0.795498 2.395869 -4.941877
v 20.535834 -11.675206 0.031325
vn 5.584974 -0.257233 2.126592
v 20.247535 -14.365980 0.532037
vn 1.541416 2.535430 -4.064568
v 17.125832 -9.693633 0.031364
vn -0.802571 2.235103 -3.613496
v 16.036882 -9.138040 0.031222
vn 0.517800 2.871228 5.555085
v 1.743656 -2.939036 18.147560
vn 1.390112 3.141771 5.242236
v 4.304823 -3.449307 17.972651
vn 1.793369 4.768448 3.533580
v 6.944165 -5.277065 18.662548
vn 1.914021 5.404845 2.143274
v 8.594225 -6.350515 19.859718
vn 1.069799 3.848861 4.835071
v 5.103700 -4.741573 18.653963
vn 5.297160 3.229979 0.571139
v 9.822763 -6.391542 15.607331
vn 5.592602 2.264002 1.631574
v 9.038636 -4.170043 14.076998
vn 4.343318 3.487562 2.761102
v 8.239441 -4.561288 16.366114
vn 5.907540 2.101804 0.032977
v 10.720842 -8.329492 13.805896
vn 5.841124 2.257019 0.349758
v 10.064330 -6.314369 12.697243
vn 5.447509 -0.432668 1.733457
v 12.268078 -11.464736 21.448661
vn 5.388045 0.227661 -1.866322
v 11.703988 -11.717407 13.515629
vn 4.468673 -1.993889 -0.960158
v 11.761619 -12.646945 14.491540
vn 5.997064 1.096508 -0.604561
v 11.624761 -10.858990 13.759180
vn 3.018645 -4.957563 -2.372748
v 7.882969 -15.105372 12.868048
vn 2.514895 -4.884129 -3.036648
v 5.724865 -16.178053 12.651771
vn 0.347170 -4.901737 -3.909794
v 1.142316 -16.848488 11.754123
vn 1.117370 -4.855954 -3.802736
v 3.093549 -16.140807 11.157216
vn -2.001781 -2.947107 4.248147
v 6.280849 -13.763935 23.508274
vn 0.653050 -6.119028 0.332591
v 0.184146 -22.446247 19.969079
vn 0.557282 -3.228761 4.958123
v 0.417947 -21.662365 21.249828
vn 2.713437 -2.634145 4.651725
v 2.708586 -20.711149 21.032496
vn 3.641347 -4.468099 -2.290913
v 5.389024 -18.548733 16.063723
vn 2.410001 -4.672643 -3.350124
v 3.497773 -19.661050 15.826755
vn 2.368627 -4.715627 -3.367982
v 4.405557 -17.761462 13.972519
vn 4.020783 -4.243065 -1.023874
v 7.013630 -17.605694 17.424826
vn 4.219499 -3.505094 1.325181
v 7.394018 -17.189849 17.509998
vn 1.079165 -4.784595 -3.892447
v 2.445200 -17.856659 13.169540
vn 0.055139 -4.647156 -4.211497
v -0.002805 -18.408468 13.504270
vn 1.803350 -4.864275 -3.520341
v 4.100762 -16.575613 12.126963
vn 3.215746 -4.816030 -2.353824
v 6.675839 -16.727204 14.512517
vn 4.242340 -3.621735 1.516475
v 10.178971 -14.834901 16.155340
vn 3.008370 -4.414554 -2.160578
v 9.910412 -15.063034 15.880040
vn 3.007023 -4.493553 -2.440723
v 8.839172 -15.561953 15.936614
vn -0.682255 -0.090415 6.213734
v 1.366545 -13.952598 22.040263
vn -1.899119 0.799357 5.872393
v 1.997102 -11.761915 22.016963
vn 0.200099 0.775905 6.197555
v -0.234636 -12.614044 21.853130
vn 1.413608 5.546364 2.425522
v 9.450604 -7.302877 21.460171
vn 4.563268 3.929849 -0.561800
v 11.841602 -8.312564 19.372532
vn 4.314417 4.378532 -0.018832
v 10.470978 -7.168986 17.973996
vn 5.555475 2.728810 -0.932124
v 10.907433 -8.278988 16.250747
vn -2.624462 -1.080005 5.548492
v 3.833443 -13.161564 22.839105
vn -2.132157 2.317422 5.401087
v 2.799015 -9.378307 21.798487
vn -0.365305 1.663420 5.983870
v 0.273707 -10.385621 21.391092
vn -0.662488 2.564716 5.657999
v 0.969230 -8.076340 20.645489
vn 0.023514 2.668080 5.685751
v 0.150756 -6.009833 19.731544
vn -1.287439 3.701049 4.861206
v 3.543189 -7.321876 20.845477
vn -1.786397 3.849345 4.405411
v 5.227447 -7.989765 22.187891
vn -3.208392 1.047758 5.121035
v 4.158449 -11.117617 23.221133
vn -1.792771 2.108509 4.807647
v 6.859380 -9.935356 24.703867
vn 0.130955 -0.008932 6.278716
v 0.833284 -17.408125 21.961028
vn 3.794690 -1.624998 4.549136
v 3.546172 -19.289592 20.990210
vn 2.158543 -1.207726 5.431694
v 3.064225 -17.651347 21.801750
vn 1.175694 -1.100008 5.779914
v 1.635147 -19.220710 21.977320
vn 0.757388 -4.822260 2.509601
v 7.941836 -15.166758 22.198056
vn 4.802497 -2.628095 2.559554
v 5.151751 -19.423499 18.992176
vn 0.243740 -4.764243 -3.971401
v 0.290975 -20.115395 15.266356
vn 1.409425 -5.009972 -3.372835
v 1.965814 -20.896213 16.666328
vn -0.136282 -0.395677 6.263714
v 1.928426 -15.884164 21.989406
vn 2.604193 -3.607111 4.266096
v 4.571372 -15.435270 21.817107
vn 1.521760 -4.751787 2.116693
v 1.597703 -22.322982 20.276197
vn 0.344446 -5.471307 -2.873448
v 0.502705 -21.975762 18.022314
vn 3.640335 -4.484254 -2.152961
v 4.355640 -19.985976 17.174581
vn 2.097224 -5.179880 -0.718674
v 2.398585 -22.172127 19.131928
vn 3.272579 -4.715898 -1.499235
v 3.339335 -21.468654 18.590108
vn 3.870357 -3.471692 2.020272
v 3.767596 -21.107519 19.805015
vn 4.665791 -4.042824 -0.005597
v 5.220362 -19.470989 18.533471
vn 3.513562 -4.778157 -1.848900
v 7.336391 -16.942848 16.795541
vn 3.797538 -4.641152 -1.420155
v 8.641014 -15.624222 14.973349
vn 4.779116 -1.760259 -2.778834
v 11.570984 -11.875227 13.284557
vn 1.065029 -4.548309 -4.147657
v 2.766495 -14.323771 8.807707
vn -0.197805 -4.713266 -4.121178
v -0.601649 -14.682432 8.914857
vn 0.252600 -4.450824 -4.390815
v 0.649196 -13.756459 7.907023
vn 0.574746 3.106960 5.423876
v 2.938173 -4.472751 18.807098
vn 0.067430 2.781451 5.626549
v 0.350866 -4.605658 19.054632
vn 2.806510 3.219528 4.542220
v 6.400256 -3.344109 17.051530
vn 1.893648 2.705854 5.329311
v 4.901273 -1.775396 16.872894
vn 6.075340 1.412606 0.356306
v 9.458813 -4.130600 11.736901
vn 5.848932 1.429530 -1.502969
v 9.721025 -5.824522 10.385989
vn 5.357081 -0.629714 -3.148078
v 8.919242 -6.893676 8.461205
vn 5.030167 -1.408492 -3.351746
v 7.980062 -6.268900 6.569265
vn 4.480712 -2.050850 -3.837654
v 7.516958 -8.391954 7.043194
vn 3.562207 -2.450192 -4.454180
v 6.142875 -7.732501 5.265376
vn 3.218302 -2.898906 -4.411737
v 5.889054 -9.297263 5.965196
vn 2.260267 -3.498320 -4.660694
v 5.702552 -12.007602 7.913401
vn 1.923639 -3.441012 -4.828988
v 3.995704 -10.214734 5.610028
vn 5.697960 -2.106994 0.728569
v 12.118198 -11.642785 18.589882
vn 4.786410 -0.151443 0.811018
v 12.686576 -9.612553 19.981936
vn 4.437558 -1.845820 -2.189752
v 11.892700 -12.904975 18.624511
vn 2.078484 -4.793991 -0.370374
v 8.861172 -15.518078 19.775672
vn -0.120425 4.382794 4.471631
v 4.730145 -5.946988 19.784401
vn -0.237718 5.028183 3.677182
v 6.023008 -6.420096 20.462379
vn 0.054999 3.783164 4.998103
v 3.748708 -5.653666 19.486867
vn -2.343347 -4.860822 -0.287123
v 13.213575 3.168135 2.073568
vn -2.944019 -4.713595 -2.320351
v 11.829143 3.941258 1.993846
vn -0.395076 -0.967243 6.083836
v 16.756015 -1.382750 1.481001
vn 2.359029 -3.086663 0.899485
v 14.964733 3.089295 2.413561
vn 1.989545 -1.172974 5.682664
v 17.390058 0.755613 1.745034
vn 1.021241 -3.146449 5.236701
v 18.023634 0.592595 1.430171
vn -0.409168 -0.246262 5.980119
v 15.760137 1.140888 2.130853
vn -2.175508 -0.791496 5.613635
v 14.573785 1.672608 1.749849
vn -5.501448 -0.622040 0.423141
v 13.658588 1.896879 0.845806
vn 1.403081 1.016218 5.371066
v 16.752043 1.781521 2.089692
vn 3.758805 3.252142 2.794830
v 16.386004 2.810166 1.530381
vn 1.334318 0.499423 5.861229
v 15.902031 2.395210 1.980369
vn -4.326579 -4.240761 1.334685
v 13.220962 2.895042 1.514996
vn 3.358643 -2.896573 2.840208
v 20.530592 -5.745402 1.464475
vn 3.518865 -0.342746 3.402445
v 20.771241 -5.152744 1.562788
vn 5.371857 -0.693602 0.499138
v 20.977648 -5.109464 0.972359
vn 2.227629 -1.911014 -2.335774
v 20.452429 -6.092268 0.031752
vn 5.615534 1.117910 -0.184477
v 16.041407 4.306747 1.320270
vn 4.452238 0.109753 4.104195
v 15.826955 3.607443 2.030731
vn 3.456773 2.581202 2.349915
v 20.453382 -3.625063 1.297069
vn 2.643519 0.980147 -2.182206
v 20.887754 -4.172697 0.032662
vn 4.397726 4.087639 0.629405
v 19.378681 -2.593113 0.859690
vn 2.264065 2.061820 -3.820024
v 19.394021 -2.849460 0.031327
vn 1.666817 1.770640 4.892387
v 18.737707 -2.446925 1.517898
vn -1.009754 -0.938099 5.489427
v 17.242567 -2.225587 1.637048
vn 4.677377 0.224025 1.851477
v 22.954012 1.206374 0.906038
vn 2.307834 1.297575 -1.883382
v 22.878327 1.812381 0.031882
vn 2.253856 -1.676024 -2.097898
v 22.672480 -0.087043 0.033894
vn 2.437773 -0.530639 5.209202
v 22.029710 1.001526 1.689641
vn 4.716772 -1.966645 1.687326
v 22.796512 0.253083 0.727239
vn -0.261877 -3.312066 3.732126
v 21.078113 -0.361831 1.576004
vn -0.675593 -0.964506 5.868737
v 20.310636 0.770455 1.837409
vn -0.142447 2.420962 4.414973
v 20.936049 1.962234 1.865853
vn 0.834769 5.007973 0.295315
v 21.602531 2.666820 0.718906
vn 0.052758 3.051894 -3.453816
v 21.264820 2.471790 0.031281
vn -1.505043 -5.706917 0.263381
v 20.253639 -0.436342 0.702322
vn 1.539066 -3.479921 2.342803
v 21.826095 -0.548832 1.293766
vn 0.408338 -2.923113 -2.412141
v 21.641682 -0.633948 0.031343
vn 2.294164 2.788917 2.905037
v 22.170326 2.199041 1.465745
vn -0.747189 2.816479 5.034938
v 19.312961 1.746979 1.542161
vn -0.804141 5.844224 0.861406
v 19.387475 2.234780 0.788205
vn 3.251258 -1.059711 3.832761
v 17.585069 -0.026478 1.118211
vn 1.654214 -4.779555 2.709144
v 18.586355 -0.031839 0.653867
vn 1.176469 0.513252 6.036554
v 17.378642 -1.051318 1.492634
vn 0.670048 4.758956 2.374033
v 18.636203 2.164585 1.147061
vn -1.811747 -2.985171 2.996259
v 18.201840 -6.522039 1.463980
vn 2.015528 -4.746397 2.254139
v 19.600307 -6.541597 1.207429
vn -0.074363 -5.718275 0.299865
v 18.896320 -6.829067 0.621218
vn -1.563155 -2.737577 -5.236358
v 12.115653 4.721823 0.294242
vn -4.588664 -0.973705 2.084477
v 16.966072 -3.981005 0.817199
vn -3.253123 -4.584378 0.589243
v 17.820558 -6.504237 0.808341
vn -4.465712 -2.355765 0.951471
v 17.311202 -5.999477 0.622124
vn 0.061986 -2.048923 4.851241
v 19.094396 -6.014730 1.918744
vn -3.749039 -0.780320 2.835117
v 11.233058 -3.714418 1.281565
vn -2.720749 -4.456612 0.667720
v 11.965542 -4.987398 0.699246
vn -0.619836 -3.155370 3.350652
v 12.582732 -4.920259 1.450822
vn 1.970266 -1.400450 3.951463
v 13.377756 -4.203875 1.711032
vn 1.984680 -4.445979 1.073275
v 13.203924 -5.125906 0.817231
vn -2.085891 0.825158 4.178569
v 11.808798 -2.976542 1.738678
vn 3.279390 -2.146903 3.676912
v 14.469655 -2.336693 1.210688
vn -4.868246 3.392323 1.367672
v 12.469635 -1.351935 0.825833
vn -0.084933 -1.933941 5.460426
v 15.227871 -0.791530 1.825857
vn 2.704279 -4.886634 0.829487
v 15.105581 -1.564096 0.761534
vn -3.543507 -2.671978 3.929684
v 16.385107 -1.914993 1.217694
vn -5.653977 1.986124 -0.248342
v 13.358887 1.043344 0.788647
vn 1.773600 4.799170 1.300195
v 17.375845 2.679730 1.137693
vn -2.700193 1.198330 -4.186907
v 13.736578 1.262403 0.031304
vn -3.631815 1.218722 3.707014
v 13.454736 0.821776 1.418437
vn -4.757491 -0.353878 -3.426043
v 13.982214 1.974715 0.251954
vn 4.906954 -0.397854 2.683027
v 18.155472 -0.583325 0.621296
vn -3.733697 -4.341626 1.454704
v 16.099449 -1.769740 0.659763
vn 5.452036 -2.863586 1.136927
v 14.552267 -2.370737 0.768276
vn -1.307551 -4.456707 3.996521
v 19.436005 0.074214 1.241070
vn -2.394187 1.144057 4.828617
v 12.865561 -1.328390 1.448639
vn -1.385181 -0.240418 6.105895
v 10.735242 8.482133 6.959254
vn -1.438057 -1.109623 5.798747
v 11.122582 6.284295 7.048395
vn 0.582652 -0.253390 6.102386
v 12.945821 7.036921 7.253020
vn 3.950377 0.414368 3.764364
v 15.087660 6.960993 6.563047
vn 5.164501 1.637789 -2.026106
v 15.081059 7.297951 0.728322
vn -3.720192 0.294235 4.809146
v 8.054539 17.291498 6.167654
vn -0.435569 1.094036 5.652294
v 9.809223 16.956973 6.996401
vn 5.193334 2.720486 -1.743138
v 10.132970 18.436706 1.854748
vn 2.302571 1.153637 -4.932525
v 8.824229 18.486464 0.031280
vn 3.161637 4.790567 0.763216
v 7.959287 22.168534 3.566126
vn 2.759851 4.750498 -1.346940
v 7.703624 22.257178 2.216670
vn -1.491064 4.694624 0.590393
v 6.645000 22.575001 3.121279
vn -4.489053 0.722445 2.852359
v 5.851435 20.952826 3.986474
vn -1.160470 3.610544 2.077812
v 6.850000 22.440001 4.091279
vn -1.050922 4.850544 -2.083402
v 5.871156 22.169964 0.697698
vn -2.483716 1.076705 -3.840611
v 5.571012 21.367414 0.039172
vn -3.902617 2.760141 -0.820554
v 5.295000 21.905001 0.871279
vn 4.743900 -1.232601 -2.951408
v 15.527440 3.155668 2.896815
vn 5.946394 0.267847 1.764072
v 15.435884 4.526060 2.685875
vn 5.864935 1.382996 -0.435932
v 15.033132 6.819306 3.038802
vn 5.791180 1.219540 1.643022
v 15.202407 6.447398 2.770858
vn -5.502520 -1.032644 2.751794
v 6.477005 18.618837 3.797329
vn -5.803459 -1.630919 1.744661
v 6.074849 17.663183 1.972219
vn 5.435824 2.541215 0.447969
v 10.053569 19.364535 4.326833
vn 5.614168 2.586317 -0.230793
v 10.425000 17.754999 3.781279
vn 2.499511 1.778744 5.007320
v 10.893930 16.100416 6.986314
vn 5.197679 3.183447 -0.437916
v 11.100107 16.471002 3.469332
vn 4.990670 2.770553 -0.924363
v 11.894134 14.961670 3.268787
vn 4.887410 2.898712 -0.987728
v 11.442287 16.493844 1.903948
vn -5.918218 -0.135113 0.461507
v 5.748188 17.111019 0.277669
vn -4.233035 -0.595179 -2.750874
v 5.452706 18.681673 0.492705
vn -5.645572 -2.013144 1.809371
v 5.392514 19.375899 1.676733
vn -2.698905 -3.089246 4.351083
v 10.893465 4.080504 6.053095
vn -3.750863 -4.365398 2.117953
v 10.850097 3.019225 4.680503
vn -1.704853 -3.955471 3.858777
v 12.570351 2.333766 5.565254
vn 0.386315 -3.668369 3.828008
v 15.031242 1.644412 5.481075
vn -0.971116 1.526575 5.323780
v 8.902534 18.896634 6.461758
vn 2.897185 3.007805 3.279667
v 9.465282 19.590566 6.012986
vn 3.369025 2.689844 3.433503
v 10.129681 18.097879 6.457969
vn 4.560246 3.205316 1.142409
v 11.923490 16.298341 5.699934
vn 4.955008 2.754077 -1.316537
v 12.856476 14.683661 4.319059
vn -4.895527 0.202345 3.748364
v 7.327861 18.222096 5.295432
vn 5.686698 1.925013 -0.058278
v 14.526224 10.719159 4.980048
vn 3.597393 0.955214 3.753736
v 14.470677 9.304534 6.838257
vn 5.317591 2.036488 0.179053
v 13.513948 11.491883 3.017033
vn 5.793302 1.769284 -0.395949
v 14.345000 9.324999 3.001279
vn 6.034842 1.557807 0.776086
v 14.658470 8.310874 2.739672
vn 5.564456 1.929382 1.573010
v 14.125306 10.880713 2.361413
vn 5.144402 1.644159 -1.535543
v 14.630938 9.521522 1.217870
vn -2.967870 -0.404162 5.438898
v 9.345925 13.303478 6.809751
vn 0.313246 0.293585 5.817680
v 11.655872 11.839910 7.498144
vn -0.152016 -0.213772 5.984272
v 11.955865 9.519925 7.442041
vn -3.533999 -0.245757 5.050856
v 8.477849 15.082348 6.405223
vn 3.776083 1.323535 3.974135
v 13.650060 11.562530 6.769851
vn 4.914563 2.240001 -0.100441
v 12.629376 13.399501 3.108978
vn 5.335480 2.466400 1.831850
v 13.155782 13.087423 2.454944
vn 4.933406 2.680243 -1.104481
v 12.615716 14.372707 1.807453
vn 2.282638 1.132474 -4.978543
v 12.012868 12.781698 0.031271
vn -2.991084 -4.466822 -2.477109
v 9.958758 5.195418 1.961569
vn -1.146162 -0.177465 6.134443
v 9.512595 8.269550 6.751192
vn -1.590019 -0.443932 5.634363
v 8.340104 8.910873 6.642353
vn -2.811445 -2.100267 5.020034
v 9.477594 6.511069 6.435044
vn 0.376395 1.015568 6.118889
v 8.308844 11.552369 6.204726
vn -1.233810 0.534584 6.036484
v 8.945851 10.174945 6.460761
vn -1.527895 0.683071 5.615508
v 8.496739 11.935699 6.078561
vn -0.993708 1.555344 4.556287
v 7.121750 15.539823 5.038846
vn -1.726959 1.738891 3.241657
v 6.926877 16.703242 4.315262
vn -0.664213 0.988652 4.958763
v 7.659404 14.016379 5.533783
vn -5.669080 -1.105442 -0.565120
v 4.808793 13.774127 4.638481
vn -5.150941 -1.409053 3.023395
v 5.204053 12.891851 5.050004
vn -4.863312 -1.499202 3.489594
v 5.925421 10.892137 5.340858
vn -3.056155 -0.337151 5.208198
v 5.400543 14.474652 5.706047
vn -3.608279 0.064458 4.513183
v 4.853946 15.219041 5.452616
vn -5.267615 -1.046958 1.796138
v 4.702642 14.512263 5.039190
vn 3.586154 4.156000 -0.163252
v 5.349267 18.930208 2.793386
vn 0.570287 1.753024 5.331954
v 6.078147 15.225716 5.840516
vn -4.054067 -3.791132 2.345488
v 9.047585 4.748312 4.731476
vn -3.151391 -4.137516 -1.723831
v 9.958115 3.552210 3.318171
vn -1.215935 -4.839352 -0.473274
v 13.285000 1.409999 4.306279
vn -2.567028 -4.622581 -0.505244
v 11.766110 2.110769 4.190460
vn 4.420496 -2.038181 -1.020836
v 16.094999 2.014999 4.561279
vn 4.137076 -1.256977 2.322128
v 16.042212 2.089018 5.171373
vn 2.402201 -3.466122 -3.115612
v 15.304833 1.832850 3.593646
vn 2.670136 -3.437724 2.860344
v 15.654485 1.723554 5.289670
vn 5.482261 0.371084 -0.416147
v 16.104302 4.419661 4.191731
vn 1.864183 3.592262 3.249024
v 8.336786 21.151768 5.283921
vn -2.190064 1.439015 4.738026
v 7.753219 20.367033 5.723230
vn -0.460924 1.363805 0.459728
v 6.599376 17.163032 3.482264
vn -4.653485 -3.304084 1.313998
v 7.228182 6.363342 4.039834
vn -3.576672 -4.032424 -1.927878
v 8.097741 5.446897 2.856748
vn -3.935120 -2.540073 3.902267
v 7.741202 7.189307 5.571879
vn -3.018672 -0.918670 4.764394
v 7.158083 9.579455 6.237628
vn 0.226619 0.338618 5.238248
v 7.088999 12.715231 6.427620
vn 4.347901 2.059831 -3.195429
v 5.183738 14.832424 4.944060
vn 3.702049 0.715718 -3.404922
v 5.242472 15.415220 5.164939
vn 5.644162 1.478772 -2.072218
v 5.898390 12.742910 5.274254
vn -0.856935 1.166877 -1.932820
v 4.722930 14.914370 4.573396
vn 3.851999 3.427935 3.563700
v 5.092017 16.705902 5.413394
vn -2.749012 0.909802 -0.409098
v 4.605362 15.284304 5.140689
vn -1.345450 0.391951 -1.324239
v 4.689994 15.668398 5.003285
vn 1.246499 5.411678 0.070260
v 2.894231 20.213582 2.452008
vn 3.049895 4.706431 2.607908
v 3.975401 19.043912 4.282564
vn 0.274125 2.849481 5.571345
v 0.459897 12.333471 11.030119
vn 1.665887 3.199773 5.071185
v 2.113981 15.609177 9.010728
vn -0.268044 2.997665 5.473028
v -0.466804 14.431475 9.964824
vn 3.714486 2.764736 4.193314
v 4.313242 14.134241 8.607111
vn 4.012223 2.809353 3.386170
v 4.576534 16.190357 7.237291
vn -0.171192 2.765564 5.615471
v -0.452593 7.661328 13.421013
vn 0.669517 2.646192 5.631548
v 1.423334 6.352898 13.973607
vn 2.954626 2.524111 4.877398
v 5.721899 5.701249 12.860174
vn 1.841178 2.677607 5.330135
v 3.587522 6.784547 13.301204
vn 2.097473 2.761628 5.194640
v 3.831757 8.403333 12.367606
vn 3.969616 2.470968 4.123952
v 6.553268 6.359409 11.863624
vn 4.698438 2.510252 2.968138
v 6.855850 8.062100 10.438783
vn 6.040330 1.244024 -0.317273
v 8.320453 4.946756 8.448883
vn 5.847112 1.231283 -1.785220
v 7.636111 6.049420 6.198137
vn 5.878435 1.763944 0.275595
v 7.673832 7.509597 8.369923
vn 5.956830 0.694193 -1.730710
v 8.158394 3.288453 6.464410
vn 5.544017 0.958958 -2.687167
v 7.276658 4.934436 4.725158
vn 5.519990 1.226466 -2.725472
v 6.556659 8.072884 4.824950
vn 5.881678 1.362577 -1.445950
v 7.182184 8.508871 6.497743
vn 4.890545 0.685689 -3.788911
v 6.401595 4.442081 3.163377
vn 4.083783 0.554231 -4.692401
v 4.636137 6.128217 1.596408
vn 3.543777 0.295413 -5.166035
v 4.013149 4.608373 1.007223
vn 3.689953 -0.053488 -5.072544
v 4.265729 2.461269 1.147546
vn 0.352198 2.568865 5.703890
v 0.815838 4.246677 14.979172
vn 0.984506 2.555152 5.625863
v 2.431850 3.007556 15.370319
vn 2.102429 2.553806 5.315663
v 4.533039 2.421801 15.043444
vn 3.245244 2.438868 4.748718
v 6.095294 1.296345 14.794866
vn 3.057108 2.396935 4.880045
v 5.861893 3.469771 13.877995
vn 4.378299 2.016696 3.852100
v 7.132464 4.193403 12.527603
vn 5.608261 1.312684 2.203055
v 8.296734 2.445191 11.576125
vn 5.282572 1.951288 2.237849
v 7.762813 5.965922 10.593792
vn 6.150554 0.480346 -1.006560
v 8.710905 1.197311 8.085053
vn 6.152877 0.804495 -0.090658
v 8.642211 2.986841 9.022012
vn 5.752497 1.307879 1.623086
v 8.316478 4.131806 10.488198
vn 5.778045 0.199830 -2.320592
v 8.116717 0.860763 5.761940
vn 5.442418 0.366097 -3.017190
v 7.374478 2.578610 4.385611
vn 4.972146 -0.256510 -3.720465
v 7.019562 -0.040812 3.782051
vn 4.679130 -0.821018 -3.997941
v 6.844587 -2.480792 3.868554
vn 4.596492 0.032180 -4.194352
v 6.303300 2.110779 2.844984
vn 4.066054 -0.347564 -4.743202
v 5.384218 0.630282 2.065662
vn 3.653663 -1.399393 -4.876057
v 4.899617 -2.836474 2.229040
vn 4.095653 -0.803097 -4.659152
v 5.603006 -1.607595 2.524420
vn 2.657135 3.227335 4.643107
v 3.283763 16.158410 8.090425
vn 1.852858 3.838446 4.509888
v 2.242459 17.415431 7.664958
vn 0.627816 4.524035 4.084360
v 0.607099 18.907063 6.789635
vn 0.244141 3.897589 4.793135
v 0.218698 17.778196 7.864697
vn 0.427161 3.379229 5.197450
v 0.546203 16.260774 8.914813
vn 0.188438 5.158582 3.219034
v 0.203160 20.072419 5.339921
vn 2.111994 5.239579 2.108675
v 1.906578 20.148115 4.500629
vn 0.418007 5.825901 -1.881706
v 0.360274 20.263784 1.011026
vn 4.401049 0.728664 -4.351988
v 4.632798 8.111321 1.854356
vn 3.549062 0.482066 -5.156226
v 3.265939 7.808788 0.776131
vn 5.355950 1.283463 -2.979066
v 6.648284 6.404757 4.176120
vn 5.889960 1.227978 -1.332129
v 6.658623 10.905037 6.301627
vn 3.117253 2.784775 4.619922
v 5.171545 9.508018 11.053959
vn 4.203243 2.767961 3.582227
v 5.730282 10.424733 9.984244
vn 1.701143 2.861052 5.284128
v 2.909290 10.322570 11.657158
vn 5.408648 2.000197 1.246925
v 5.595700 14.507393 6.717700
vn 5.668047 1.930854 0.523305
v 6.401939 12.253699 7.011220
vn 5.568606 0.999255 -2.725757
v 6.057651 10.501709 4.792793
vn 2.262799 4.595976 3.475291
v 2.461187 18.961451 5.939260
vn 3.431131 3.780539 3.291059
v 3.852350 17.622872 6.526054
vn 0.407843 5.620101 0.816035
v 0.391716 20.890535 3.586752
vn 1.391564 5.723228 -0.961173
v 0.981203 20.718091 2.645392
vn 1.686309 5.889755 0.278063
v 2.345715 20.198092 2.848153
vn -0.245417 5.480814 -1.089917
v 1.945380 19.576768 0.682279
vn -2.800946 -4.509227 -2.218138
v 8.235260 6.406654 1.950029
vn -0.524781 1.020782 -0.314555
v 6.230706 16.899866 1.876897
vn 2.914746 -4.998034 -1.409909
v 3.914856 10.887279 0.680061
vn 3.090945 -3.608912 -3.877536
v 3.542052 10.409465 0.942424
vn -5.225243 -3.262941 0.425793
v 5.121846 9.117850 0.849426
vn 5.259235 0.841979 -3.307751
v 5.357163 9.441665 3.164965
vn -5.362856 -2.763488 1.457469
v 4.509610 10.851345 1.041785
vn -0.343972 0.351349 -1.142414
v 5.256338 11.648473 3.608180
vn -6.243909 -0.387302 0.057754
v 5.268713 11.607109 4.029814
vn 0.330960 0.783547 -3.370295
v 5.323860 12.172395 3.976461
vn -5.800955 -1.189458 1.688634
v 5.353442 10.797231 4.093701
vn -5.351625 -2.509110 1.263925
v 5.167631 9.344899 2.256785
vn -4.310218 -3.176201 2.193842
v 4.852131 10.986864 2.267712
vn 1.750784 -3.018745 -0.662822
v 4.723804 11.051890 2.291321
vn 4.426224 -0.963437 -4.131271
v 3.959457 10.083534 1.469738
vn -5.152043 -2.461896 2.252471
v 6.112439 8.814908 4.286326
vn -2.936711 -0.855498 5.183943
v 6.355276 12.080229 6.056672
vn 3.903397 3.498349 1.378820
v 6.156923 17.949373 3.714525
vn -4.511646 -4.231726 -0.111771
v 6.597551 7.467983 1.768605
vn -1.899829 -2.967930 -5.054857
v 11.948060 4.287410 0.480879
vn -3.160059 -4.734030 -2.289373
v 11.742443 4.249885 0.659275
vn 1.863735 1.846657 -4.562206
v 16.052008 2.826777 0.031300
vn -4.234176 -3.155685 -2.594712
v 13.001513 3.150756 0.603559
vn 2.155261 2.166706 -3.542266
v 7.920064 20.717279 0.031271
vn -5.321475 -0.394137 0.033723
v 4.942863 20.190026 1.319248
vn -2.634945 -4.495064 -2.235041
v 8.084693 6.449520 0.116287
vn -1.283747 -3.072211 -4.822829
v 10.283928 5.328333 0.178867
vn -2.500169 1.923299 0.627914
v 6.028308 16.797559 0.730212
vn 3.154248 4.153609 -0.986557
v 5.675059 16.815504 0.634031
vn 3.333783 4.909227 -1.929554
v 3.811610 19.297841 1.068334
vn -0.002964 1.223650 -5.355904
v 5.661493 16.737597 0.031304
vn 2.899869 0.022473 -5.531571
v 2.905887 3.523322 0.263124
vn 2.452967 0.306892 -5.654395
v 2.592432 6.433793 0.222948
vn 0.599874 -2.046588 -5.693129
v 0.859526 -2.970923 0.302900
vn 2.459271 -2.097143 -5.207676
v 2.793547 -2.956874 0.838607
vn 2.051481 -1.057564 -5.499402
v 2.508619 -1.437985 0.203855
vn 3.437723 -0.178331 -5.236298
v 3.609645 1.079971 0.723179
vn 4.672146 3.629417 -2.020266
v 5.181237 18.057946 1.163704
vn -3.817368 -3.434164 -2.233800
v 5.691301 8.407528 0.143941
vn 1.124045 2.547216 5.623289
v 2.961031 -0.388791 16.726237
vn -0.504040 2.517369 5.720229
v -1.299690 0.797567 16.459070
vn 0.239399 2.593915 5.705982
v 0.540506 -0.744430 17.184880
vn 3.208725 2.463354 4.743370
v 6.408031 -1.036900 15.804697
vn 2.164217 2.504176 5.309343
v 5.063268 0.338168 15.821464
vn 5.650203 1.345628 2.254055
v 8.403242 -0.052323 12.571754
vn 4.539171 2.085471 3.673641
v 7.368061 -0.160146 14.471179
vn 4.560702 1.902728 3.754402
v 7.367771 1.742353 13.445507
vn 4.548578 2.295569 3.520514
v 7.668841 -2.279305 15.360904
vn 6.218904 0.479420 -0.526115
v 8.990963 -0.636901 9.395807
vn 6.138817 0.897202 0.634715
v 9.081537 -1.547727 10.918770
vn 5.965552 0.022039 -1.857588
v 8.759112 -2.838431 7.571908
vn 6.065372 0.165970 -1.542418
v 8.667156 -0.923293 7.406727
vn 6.151483 0.586735 -0.986334
v 9.222580 -3.433800 9.496698
vn 5.220834 -0.846157 -3.236376
v 7.854528 -4.136437 5.647868
vn 4.132527 -1.917290 -4.195295
v 6.631859 -6.031345 4.798005
vn 0.232931 -3.445695 -5.216220
v 0.396326 -8.014587 3.438702
vn 0.364702 -3.421701 -5.233377
v 0.481020 -6.361052 2.368636
vn 0.114320 -3.235876 -5.339615
v 0.228323 -4.327166 1.037578
vn 1.382160 -3.148206 -5.205705
v 1.970363 -4.961426 1.676600
vn 2.765469 -2.467669 -5.003050
v 3.999424 -4.577393 2.285794
vn 0.362775 -3.846704 -4.923601
v 0.876996 -11.422300 5.875885
vn 0.895003 -3.726567 -4.950540
v 2.208072 -10.724877 5.518318
vn 1.031967 -3.414830 -5.142145
v 2.323201 -9.051801 4.368140
vn 2.120554 -3.044182 -5.034920
v 3.971049 -8.308830 4.396408
vn 2.950652 5.397805 0.890349
v 10.467723 -7.379784 20.366529
vn 3.650244 4.758999 1.645455
v 8.938650 -5.877986 17.719982
vn 2.448954 4.638122 2.679588
v 11.086973 -8.177864 22.599773
vn 3.967281 -4.537954 -1.710701
v 9.629122 -14.006155 13.227191
vn 5.098846 -2.636479 0.893206
v 11.296236 -13.513885 15.446699
vn 3.158105 -3.853367 -2.618098
v 10.983173 -13.832830 15.104269
vn 4.018256 -3.934801 1.558951
v 8.831968 -15.986517 16.698039
vn 2.684523 -4.659076 -2.385915
v 8.508724 -16.214134 16.481743
vn 4.018070 -4.512685 -1.665666
v 5.944860 -18.486101 17.524250
vn 4.693095 -3.657340 -1.682241
v 10.763538 -12.911963 13.254603
vn 3.999349 -3.827014 2.470691
v 8.821829 -15.300169 17.244565
vn 1.469099 -1.972752 5.178133
v 7.519904 -11.693804 24.349848
vn 1.328402 -3.466783 4.182649
v 6.538011 -12.717256 24.038088
vn -0.198066 -2.905548 3.537690
v 5.506121 -13.629509 23.835810
vn 0.732195 -4.769472 3.339611
v 5.700575 -13.985350 22.903136
vn 1.432022 -5.384526 2.097859
v 6.670442 -15.462594 20.127802
vn 1.050130 -5.364340 2.788837
v 5.980063 -15.289986 21.063428
vn 2.152003 -5.379357 0.958265
v 7.631704 -15.451121 19.144986
vn 3.317780 -5.191991 -0.012572
v 9.209555 -14.746289 18.431165
vn 4.942944 -2.170556 -0.228661
v 12.254036 -11.862331 17.970479
vn 0.472190 -1.931240 5.310577
v 7.895124 -12.662151 24.331554
vn 2.970820 -2.093454 4.768131
v 8.950360 -10.399303 24.213120
vn 3.241581 0.449108 3.861149
v 10.844144 -9.109281 23.724270
vn 4.568199 -1.002083 4.034352
v 11.120079 -9.751339 23.082262
vn 4.227771 -2.540302 1.343772
v 11.668331 -9.404405 22.005647
vn 5.581552 -1.953268 1.381282
v 12.373848 -10.076300 19.900143
vn 5.284966 0.227051 -0.330879
v 12.701570 -9.936886 19.060127
vn 5.730592 0.368590 -2.234246
v 12.207735 -10.592358 17.556221
vn 4.753577 -1.054951 2.005710
v 12.154818 -9.125739 21.737531
vn 4.003736 3.055480 1.780553
v 11.859070 -8.401719 22.016775
vn 6.170775 -0.272309 0.266354
v 11.622517 -11.748912 15.511841
vn 5.040708 -3.335265 0.784234
v 10.847250 -13.338836 16.583756
vn -0.562419 -4.332934 0.605989
v -0.734433 -22.603934 20.362602
vn 2.184066 -3.604658 3.769201
v 8.989261 -14.023383 23.178926
vn 2.043462 -2.068542 5.502307
v 9.617748 -12.135307 23.626202
vn 3.390402 -3.627583 3.633823
v 10.006255 -13.317832 22.803420
vn 3.424188 -4.836665 1.675928
v 10.129095 -14.260993 21.083962
vn 4.723901 -2.509175 1.705528
v 12.026633 -12.473507 21.401076
vn 1.441547 -0.388969 5.519496
v 8.519851 -11.673002 24.407875
vn 0.811497 -1.328281 4.950762
v 7.430262 -11.124778 24.908829
vn 0.224285 -2.227596 3.954059
v 6.230816 -12.687447 24.506592
vn 4.164926 -4.335492 -1.542908
v 10.821382 -13.600729 17.976279
vn 3.435119 -4.350342 -0.461156
v 11.169855 -14.043071 19.209637
vn 2.744628 -1.759343 4.246361
v 10.669102 -12.132928 23.457021
vn 1.640293 -0.444351 4.720543
v 8.979678 -9.794265 24.754891
vn 5.339399 -2.448683 -1.505040
v 11.813471 -12.192059 17.159611
vn -0.258670 -3.830243 4.121295
v 5.039286 -14.232057 23.052722
vn 3.271900 -3.324022 3.617798
v 5.636609 -16.164680 19.870235
vn -0.118081 -2.336090 5.661795
v 3.996234 -15.082654 22.214015
vn 3.879625 -2.926123 3.828366
v 6.213407 -16.705041 19.031867
vn 3.873775 -3.754205 2.905356
v 7.621548 -15.945545 18.118053
vn 6.019508 1.316531 -0.888495
v 11.437724 -10.224570 15.638738
vn -0.446285 5.121195 3.404713
v 8.399152 -8.125325 23.219991
vn -2.210911 3.727153 4.321639
v 6.150086 -8.788286 23.272844
vn 0.777660 3.381171 3.903153
v 9.416257 -8.630661 24.269860
vn -0.124098 5.179751 3.374962
v 7.463980 -7.178575 21.735773
vn 1.141809 -4.887789 -0.350019
v 15.137450 1.274387 4.537660
vn 4.113531 -0.388721 3.835167
v 15.305780 5.167944 6.312252
vn 5.362959 2.097108 -1.462475
v 13.865557 12.446189 4.247612
vn 5.424344 2.377799 1.565236
v 13.517630 12.993928 5.918632
vn 0.392958 -1.603434 5.480224
v 13.380359 4.696938 7.064273
vn -0.415809 0.341338 5.796686
v 10.466067 14.353072 7.328644
vn -3.597002 2.409636 -3.277068
v -9.691114 -7.081229 9.612271
vn -2.956133 5.097837 1.340197
v -10.487822 -7.386408 10.355461
vn -1.092685 1.755485 -3.470975
v -8.767508 -8.358329 8.631025
vn -5.099581 2.995378 -1.796113
v -10.165000 -7.085001 10.311280
vn -5.429835 2.852500 0.560365
v -10.815272 -7.816273 11.147310
vn -5.245317 -0.851566 -3.323700
v -8.818634 -7.225705 8.353680
vn -2.968931 -3.227512 -4.392358
v -5.709471 -10.579252 6.728962
vn -3.046452 -4.075364 -2.029921
v -10.234839 -12.361338 9.311881
vn -4.660695 -3.654218 -1.716815
v -10.353841 -12.653218 11.727464
vn -3.621438 -4.674761 -2.050542
v -8.992062 -14.386988 12.906609
vn -2.110968 -2.870845 -5.050932
v -6.716540 -11.424880 8.130377
vn -1.607080 -4.076068 -4.455646
v -6.080764 -13.336198 9.297295
vn -2.090837 -3.937167 -4.373146
v -4.610783 -12.744049 7.916719
vn -2.146466 -4.742483 -3.016049
v -8.213455 -13.811266 10.245950
vn -1.869081 -4.759341 -3.600668
v -5.932902 -14.943707 10.835819
vn -1.723444 -4.467443 -4.029792
v -4.360799 -14.587505 9.665907
vn 3.529414 -4.348434 -0.599509
v -13.111092 -10.233263 3.206603
vn -1.291429 -4.608451 3.105282
v -14.705364 -10.111031 4.877228
vn -0.306959 -2.399092 5.758384
v -17.903236 -14.354199 1.455983
vn 0.407802 -2.206829 5.634021
v -16.436224 -13.960728 1.797451
vn -3.772578 -0.582306 4.088736
v -16.833842 -10.147264 3.264970
vn -1.552049 -0.744698 5.846942
v -20.278977 -12.269651 1.613294
vn -1.960274 3.166349 4.711533
v -20.596323 -11.701022 1.417894
vn -2.883754 3.029847 2.881628
v -19.240249 -10.699364 1.866133
vn 0.239377 -2.362107 5.631605
v -17.025871 -12.606545 2.492704
vn -1.013913 -1.289581 5.875625
v -16.868363 -11.231709 2.886451
vn 2.925357 -3.694661 3.963397
v -15.330891 -11.990598 2.149212
vn 1.626777 -4.421573 3.450059
v -15.259550 -11.659015 2.658661
vn -2.718149 -0.959396 -2.235755
v -22.816604 -19.415798 0.033639
vn -3.931460 -2.718609 2.009084
v -22.634157 -19.635306 0.994446
vn -1.713706 -2.272374 -2.024769
v -21.993964 -20.470526 0.031291
vn -4.677717 3.515903 1.025838
v -17.133528 -9.039248 1.962127
vn -1.803176 4.568276 -3.114864
v -15.694386 -7.945644 1.521667
vn -2.304794 1.748944 -2.128296
v -22.505317 -17.707035 0.033102
vn -5.458105 1.003409 0.444561
v -22.864146 -18.580576 0.578569
vn -2.895900 1.877076 3.385388
v -22.380112 -17.928514 1.137790
vn -1.377839 -0.261876 3.101597
v -22.629984 -19.155952 1.331509
vn -4.641291 3.850546 0.193506
v -21.267086 -16.767330 0.568982
vn -2.655797 2.045374 4.642200
v -21.000388 -16.844233 1.207184
vn 0.217309 -1.018889 6.104379
v -18.622746 -14.862900 1.367929
vn -1.962634 3.449844 2.819370
v -24.959976 -11.459543 0.847114
vn -4.085807 1.569535 1.897108
v -25.398616 -11.950671 0.777988
vn -3.772864 -2.061173 1.910800
v -25.337813 -13.507350 0.688658
vn 0.367295 -2.762113 4.607233
v -23.670550 -13.808235 1.447604
vn 0.017904 1.417033 5.518796
v -22.972263 -12.560860 1.565144
vn 0.285489 2.552676 -1.362108
v -23.539164 -11.039946 0.031393
vn -0.340986 -2.410776 -1.513925
v -24.099661 -14.629861 0.031253
vn 1.149475 -5.225206 1.983656
v -23.787177 -14.439546 0.626366
vn -2.219638 -3.304763 2.927364
v -24.553440 -14.135547 1.065364
vn -2.163169 0.132155 4.740262
v -24.615335 -12.757177 1.500773
vn 0.886296 -3.357638 4.724023
v -22.361180 -13.351929 1.349823
vn 1.057931 -2.870618 -3.844135
v -22.392276 -13.748570 0.032200
vn 0.039683 5.537330 1.200478
v -22.115691 -11.539878 0.580515
vn 1.479939 -5.842833 0.674283
v -22.079194 -13.733595 0.506980
vn 0.264648 -4.940084 2.162311
v -21.089121 -13.569127 0.902416
vn -1.481924 5.441721 -0.317933
v -20.408268 -11.253385 0.859456
vn -3.090688 0.780489 5.005180
v -19.909499 -14.382857 1.143936
vn -3.478243 -1.862277 4.397623
v -20.111584 -13.805552 0.878571
vn -1.614989 -1.839063 5.707749
v -18.971612 -14.038494 1.503692
vn -1.764243 -3.611712 2.643248
v -21.710799 -20.521595 0.820834
vn 4.417878 0.460876 -4.432893
v -14.890800 -10.505069 0.816592
vn 3.390038 2.012238 -4.445543
v -15.371811 -9.169588 0.462582
vn 3.075364 -1.349750 4.504192
v -19.491892 -19.319386 1.430014
vn 0.056349 -0.429786 5.677574
v -20.199519 -18.899331 1.702295
vn 6.095752 -0.570220 -0.133324
v -19.044039 -17.559143 0.523785
vn 5.457904 -1.303564 -0.421689
v -18.942039 -19.287613 0.397525
vn 5.249849 -0.596839 2.528241
v -19.035280 -19.051740 0.930804
vn 4.611963 -2.818474 1.071497
v -19.180704 -19.866635 0.619674
vn 2.157151 -4.820324 0.814343
v -19.942639 -20.624595 0.563307
vn 0.874677 -3.242602 3.618688
v -20.157383 -20.371634 1.244558
vn 4.693372 -1.014238 3.738609
v -19.175470 -17.357530 1.089271
vn 1.327798 0.226559 5.760052
v -19.654713 -17.273296 1.446360
vn 4.977791 -3.477228 -1.303989
v -18.248917 -15.841203 0.647488
vn 2.324339 -0.195582 -1.032602
v -12.221031 -16.518089 0.059202
vn 2.410425 -3.865849 1.346464
v -13.318078 -18.364451 0.580928
vn 0.627228 -2.584207 3.192223
v -13.801744 -18.092217 1.363439
vn 5.501130 2.057665 -0.497290
v -14.767035 -13.220662 0.598541
vn -2.332288 -1.859392 4.160585
v -15.415392 -16.845909 1.524794
vn 4.024327 2.910272 1.565985
v -12.750694 -15.309223 0.670289
vn 2.321935 1.983996 -2.796413
v -12.806979 -15.306183 0.031266
vn 2.553398 0.490569 4.226393
v -13.184313 -15.945514 1.557711
vn -1.043362 -0.374384 5.627174
v -15.442182 -15.476756 1.671274
vn -4.675342 -2.473743 2.442238
v -16.205374 -15.703556 0.993673
vn 3.894980 4.519499 1.671190
v -13.917345 -14.553146 0.520931
vn 3.044205 2.075339 4.673139
v -14.585415 -14.313083 1.245653
vn 0.999547 -1.782316 -5.365274
v -17.954554 -14.942177 0.031300
vn 0.043762 -5.402692 1.492341
v -17.140434 -14.995234 0.677084
vn 4.573405 -0.944055 3.693953
v -15.169720 -12.869719 1.499307
vn -3.205327 4.777731 -1.260349
v -17.359465 -9.256602 0.888894
vn 5.677569 -1.330160 -1.697900
v -14.999520 -11.557570 1.112890
vn 4.522844 -3.978042 0.391574
v -14.741906 -11.489354 2.109014
vn 4.345509 -1.573401 -3.516498
v -14.099059 -10.381612 1.530667
vn 1.021196 -0.514923 0.871801
v -15.358111 -11.383936 0.344421
vn -3.429670 2.392009 4.079092
v -17.684186 -10.187871 2.485076
vn -0.755825 -2.207430 -4.717927
v -20.832860 -13.325838 0.031303
vn -4.870828 -0.940290 2.940633
v -15.564023 -8.584815 5.325214
vn -3.793963 -0.266316 3.955987
v -14.453047 -7.885641 7.161154
vn -4.258465 3.642349 -0.389637
v -15.891647 -7.437483 3.041342
vn 1.568893 2.864134 -4.630085
v -14.494575 -7.863599 1.558279
vn 1.625903 -4.022984 -3.657517
v -10.664858 -10.083692 6.225849
vn -1.243675 -5.567933 -1.672223
v -11.815191 -10.370051 6.796995
vn -4.319227 -3.813991 1.614916
v -12.757633 -9.806846 7.764380
vn -4.431380 -0.747598 3.720389
v -13.042257 -8.810040 8.235341
vn -1.265280 4.081648 3.766659
v -12.445959 -6.157502 7.557380
vn 3.062342 4.445443 0.766656
v -10.364032 -6.507419 7.945954
vn 4.620787 2.581722 -1.686625
v -10.461288 -6.681771 5.891442
vn 1.310946 -2.653553 -4.522857
v -9.010113 -10.911067 7.419624
vn -3.675832 -3.854485 -0.225070
v -11.573045 -11.052406 8.759654
vn -5.211586 0.256839 2.933351
v -11.907024 -8.942940 9.808323
vn -4.951908 2.721136 2.344054
v -11.006294 -7.975517 10.783943
vn -2.690318 4.056946 3.221904
v -11.261742 -7.033591 9.345475
vn 2.549775 5.237764 -0.175812
v -10.083350 -7.250634 9.257047
vn 1.189430 5.399133 2.310468
v -10.639457 -6.918062 9.284415
vn 4.347314 2.635345 -3.182037
v -8.776794 -8.922112 7.734883
vn -1.532072 -0.946820 -5.103442
v -7.722472 -9.585330 7.990917
vn 1.559253 -0.432970 -5.998670
v -7.834491 -10.224773 7.968643
vn -0.445101 -3.733372 -4.874136
v -7.825461 -12.446617 8.743207
vn 2.067696 5.542881 1.348055
v -11.901375 -5.658765 6.316715
vn 2.401679 3.684555 -1.676395
v -11.763756 -5.425749 4.577071
vn 3.786317 -3.359153 -2.953542
v -11.335681 -9.248083 5.059275
vn -0.633739 4.827301 -1.349394
v -13.395355 -5.070592 4.791431
vn 2.355390 2.980572 -4.307846
v -12.494970 -6.586316 3.218976
vn -1.243230 4.871308 -3.211640
v -14.162202 -6.445081 3.190813
vn 3.950572 -0.680175 -4.010169
v -12.504133 -8.697683 2.581645
vn 0.716059 -5.882169 -1.072097
v -12.340559 -9.667399 5.470690
vn -0.882758 -6.009770 0.785817
v -13.278228 -9.726377 6.047024
vn -1.561426 3.632949 1.992528
v -13.973361 -5.221436 6.413109
vn -4.059990 2.583164 0.961357
v -15.267961 -6.177562 5.565953
vn 4.653472 -0.325402 -3.046219
v -11.336462 -7.960380 3.785067
vn -3.803529 -4.142349 2.534656
v -13.541241 -9.375441 6.837101
vn -5.742345 0.350870 1.570867
v -20.328609 -14.563008 0.554573
vn -1.143243 2.787478 5.511509
v -3.292094 -2.119572 17.489868
vn -0.089856 5.170793 3.489546
v -6.686503 -6.540495 20.684719
vn -2.160567 5.143280 2.653163
v -7.836030 -5.721059 18.991596
vn -2.763614 3.883342 3.994983
v -6.740731 -4.215466 17.487409
vn -0.889632 4.538491 4.202119
v -5.810565 -5.266550 19.017436
vn -1.439550 3.299316 5.122234
v -4.640173 -3.631748 17.993662
vn -4.198428 4.469881 0.392389
v -9.909037 -6.630043 17.685772
vn -4.346517 4.025892 1.849386
v -8.787340 -5.407331 16.738459
vn -5.374924 2.833839 1.564290
v -9.197230 -5.215932 15.048992
vn -5.555299 2.860593 0.349456
v -10.190591 -6.988388 14.906351
vn -5.815837 2.258872 0.180340
v -10.551274 -7.316881 12.141421
vn -5.729363 2.480283 0.653055
v -9.817824 -5.861637 13.434873
vn -6.079218 1.484768 -0.031597
v -10.911635 -8.902481 13.183678
vn -5.537226 0.159714 1.692245
v -12.324153 -10.955566 21.236270
vn -3.930260 1.913878 2.837578
v -11.414840 -9.774892 22.730045
vn -4.975079 -2.227865 0.264055
v -12.284494 -12.587519 20.205589
vn -4.199566 -2.286469 -1.235788
v -11.614282 -13.034926 14.808525
vn -3.407614 -3.955979 -2.476214
v -10.864400 -13.050025 14.433867
vn -2.985376 -4.896273 -2.562695
v -7.318237 -15.785433 13.617466
vn -2.615064 -5.111784 -2.512132
v -7.261876 -14.994761 11.896476
vn -1.527719 -4.861955 -3.656352
v -3.407192 -17.006606 12.421919
vn -1.413355 -4.848690 -3.701966
v -3.737571 -15.711721 10.789339
vn -0.202180 -4.881582 -3.947171
v -0.882079 -16.984489 11.917812
vn -0.123950 -4.951575 -3.849107
v -0.528298 -15.615771 10.064895
vn -2.218858 -4.789405 2.023184
v -2.008640 -22.241551 20.135590
vn -1.731351 -5.432231 -1.246049
v -2.072259 -22.263502 19.059252
vn -2.131592 -4.622571 -3.619380
v -3.299661 -19.271537 15.215007
vn -1.835825 -4.937189 -3.247856
v -2.501415 -20.946921 16.931956
vn -4.274260 -3.595352 2.654154
v -7.113872 -17.387792 17.697006
vn -3.251614 -4.472935 -1.397529
v -7.466500 -17.183786 17.149951
vn -3.404376 -4.799797 -1.600274
v -8.383745 -15.990611 16.226672
vn -3.905720 -4.279482 0.272624
v -8.235679 -16.490095 17.014401
vn -1.391528 -4.776161 2.128408
v -8.434021 -15.342860 21.744490
vn -3.229878 -4.748212 -2.477757
v -6.278809 -17.027876 14.632560
vn -2.350072 -4.715274 -3.380605
v -4.413522 -17.741137 13.952287
vn -2.297566 -4.889442 -3.167634
v -5.235790 -16.341603 12.480798
vn -3.945248 -2.945186 2.526042
v -11.524796 -12.926601 21.873605
vn -2.780089 -1.481069 5.317923
v -9.623662 -12.151304 23.618880
vn -3.058861 -2.462183 4.576101
v -8.956907 -10.389627 24.184581
vn 0.983019 -3.748378 4.452901
v -6.836047 -13.979629 23.414178
vn 0.476898 -0.018962 6.252931
v -1.206513 -14.000141 22.024303
vn -1.285405 5.514544 2.438457
v -9.102959 -7.276441 21.631119
vn -2.173729 5.355332 1.986636
v -8.990297 -6.560775 20.071839
vn -5.575395 2.580667 -1.058162
v -11.104635 -8.696787 16.305096
vn -6.122856 1.024739 -0.812058
v -11.481045 -10.548932 15.359375
vn 2.785778 -1.626358 5.253619
v -4.106720 -13.369565 22.993959
vn 2.003786 -0.099946 5.904597
v -2.627973 -12.903377 22.294436
vn -3.392906 -4.099034 3.047466
v -4.541306 -15.565724 21.715862
vn 2.668938 2.181353 5.225715
v -2.967640 -9.496211 21.927413
vn 0.955328 2.216461 5.759327
v -1.153718 -9.065837 21.056507
vn 0.374912 2.630447 5.681952
v -1.028319 -7.359326 20.347843
vn 1.514984 3.309619 5.072868
v -2.939212 -7.686262 20.826528
vn 0.081296 3.022692 5.499646
v -1.882195 -5.921203 19.646546
vn 1.846428 4.080861 4.323983
v -6.094908 -8.427381 22.943927
vn 2.648250 3.008698 4.717427
v -4.252431 -8.851827 22.398336
vn 1.907369 1.169084 5.809729
v -1.976779 -11.124551 21.894704
vn 3.401224 0.994775 5.131264
v -3.769390 -10.929282 22.870158
vn -2.936208 -2.208194 4.703483
v -2.890404 -20.493561 21.008742
vn -0.686558 -1.054600 5.872959
v -0.609497 -19.501792 22.030942
vn -2.828755 -1.353123 5.056124
v -3.532610 -17.818229 21.522447
vn -4.120414 -2.453547 3.904660
v -5.834980 -17.301884 18.974736
vn -0.563488 -5.167974 -3.418756
v -0.940041 -21.162526 16.751117
vn -2.029195 -2.237295 5.317858
v -3.895822 -16.161517 21.705134
vn 0.651722 -1.171926 6.068462
v -2.871580 -14.848474 22.120727
vn -4.452142 -1.943769 3.948393
v -4.517175 -17.032902 20.697473
vn -1.590803 -3.117412 4.835314
v -1.418615 -21.625834 21.085651
vn -3.439323 -4.493005 -2.399438
v -4.035896 -20.130224 16.991446
vn -0.002206 -5.538692 0.045270
v -0.179484 -22.640817 19.540225
vn -3.642150 -3.728453 1.898778
v -3.470156 -21.429555 19.799459
vn -3.238099 -4.816604 -1.348883
v -3.217314 -21.596599 18.718107
vn -4.088112 -4.482410 -1.587001
v -5.348840 -19.146746 18.027810
vn -4.483564 -3.013819 1.249159
v -5.150432 -19.632987 18.880204
vn -4.054354 -3.508924 0.492369
v -6.283247 -18.334765 17.881059
vn -3.059998 -4.613181 -2.519440
v -7.054628 -17.225720 16.967953
vn -3.684840 -4.706945 -1.425459
v -8.430965 -15.876835 15.155365
vn -0.791660 -4.787560 -3.953218
v -2.239691 -15.197663 9.709773
vn -1.103788 -4.073794 -4.611000
v -2.646280 -12.682901 7.169659
vn -1.180580 -4.457797 -4.225988
v -2.972533 -14.087622 8.623143
vn 0.080413 3.870379 4.903707
v -4.013963 -5.718534 19.566509
vn -1.812020 2.688251 5.373947
v -4.680342 -1.606741 16.870506
vn -4.485450 2.770713 3.274507
v -7.911056 -3.536453 15.865258
vn -3.867170 2.293919 4.270129
v -6.888675 -1.097425 15.499902
vn -5.731194 1.993698 1.487734
v -9.145310 -4.167497 13.679619
vn -6.077494 1.144560 0.808524
v -9.209492 -2.859862 11.782745
vn -6.005816 1.612454 -0.422046
v -9.665652 -5.134981 11.237882
vn -6.183337 0.465573 -0.848748
v -9.208918 -3.196387 9.531807
vn -5.193449 -1.113403 -3.202129
v -8.149396 -5.787325 6.639115
vn -3.474971 -2.693664 -4.381942
v -6.148245 -8.897321 5.902630
vn -2.366709 -2.986954 -4.943300
v -4.780519 -8.822400 5.054298
vn -4.532330 -1.938628 -3.828061
v -7.429971 -7.740630 6.540973
vn -1.681888 -3.595004 -4.814203
v -3.727879 -10.894031 6.014312
vn -1.045053 3.691367 3.981542
v -9.528064 -8.583127 24.149557
vn -3.635700 -2.211246 4.242405
v -10.408728 -9.674015 23.539740
vn -4.107566 -4.579861 -0.921915
v -10.567249 -13.837398 18.024748
vn -5.064455 -1.497435 -0.308265
v -12.399410 -11.492784 18.044036
vn -0.984788 -5.138463 3.174042
v -5.773466 -14.939633 21.720343
vn -0.548949 -3.507118 5.070794
v -6.688519 -12.623024 24.104890
vn -1.115045 -4.347066 3.483638
v -5.709886 -14.004713 22.856522
vn -0.705838 -0.958331 5.008061
v -7.531114 -11.049770 24.892641
vn 1.353231 4.396384 4.208827
v -5.069818 -7.344218 21.435965
vn -2.012150 0.392191 5.703651
v -15.425513 2.233943 2.005687
vn 0.342902 -4.224841 0.926703
v -14.475954 2.862961 2.308596
vn 0.403365 -0.798165 6.078692
v -14.010377 -1.117679 1.760164
vn -4.239228 -2.105741 3.468549
v -14.493435 -2.110852 1.372738
vn -4.439671 -2.247468 1.218283
v -15.169493 3.234505 2.503302
vn -4.688716 0.289379 3.514950
v -15.739210 4.117885 2.214219
vn -0.603484 -0.796281 6.081530
v -15.775953 0.096902 1.991334
vn 1.900709 0.846887 5.414130
v -14.400643 0.828950 1.989460
vn -2.143688 2.627142 4.230771
v -16.496504 2.646777 1.748768
vn 3.647461 -0.304661 4.592348
v -14.228520 1.708877 1.490940
vn -0.555119 0.001698 5.878888
v -15.561007 1.522698 2.122363
vn -2.247738 1.723037 4.032014
v -20.059256 -3.789106 1.878199
vn -4.647810 2.182819 0.549916
v -20.933229 -4.160960 0.884221
vn -2.230971 2.201150 -3.223745
v -19.839445 -3.164160 0.031415
vn -3.200793 -1.465984 2.283540
v -20.877350 -5.060028 1.416221
vn -4.400185 1.690786 4.019623
v -18.155858 -0.577884 0.719759
vn -2.388818 -0.251990 5.621787
v -17.171567 -0.524670 1.551995
vn -4.098272 2.484053 0.802672
v -22.646475 2.096419 0.746995
vn -4.314433 -2.335693 2.027302
v -22.685710 0.105793 0.961670
vn -4.388002 0.451066 0.269682
v -22.992235 1.092871 0.716179
vn 0.363973 -2.486192 4.605320
v -20.967941 -0.055536 1.801919
vn 0.891204 0.987754 5.777071
v -19.747773 1.350194 1.734370
vn 0.239282 1.979326 4.935190
v -20.814218 1.748504 1.905452
vn -0.654037 5.652619 1.274119
v -21.735636 2.595991 0.721907
vn 0.824860 5.064720 2.991870
v -20.055864 2.275327 1.153038
vn 0.979586 6.044271 -0.167483
v -20.350566 2.424591 0.614848
vn 0.072221 -3.028909 -2.920608
v -21.094820 -0.644556 0.031682
vn -0.043316 -4.892536 1.140373
v -21.175622 -0.778733 0.916661
vn -1.828642 3.240557 3.222025
v -21.974290 2.298503 1.397978
vn -2.810395 0.279334 4.996068
v -22.103415 1.078859 1.670166
vn -2.349069 -2.856856 3.202593
v -22.096383 -0.201797 1.469685
vn 1.321728 -5.771094 1.269880
v -19.343448 -0.105987 0.745883
vn -0.785611 0.685698 6.076900
v -17.846567 1.450900 1.624878
vn 0.933196 -4.025529 4.307796
v -18.766578 0.285044 1.304764
vn -1.990389 -1.436580 3.615830
v -18.229683 -0.125746 0.471749
vn -0.704876 6.147819 -0.133517
v -18.352787 2.153129 0.692706
vn -1.179226 4.324489 3.762079
v -18.154052 2.064194 1.308930
vn -1.629106 -1.127279 5.702342
v -17.773084 0.819999 1.625566
vn 3.555892 -4.819915 1.358359
v -12.775263 3.290457 1.511544
vn 1.210677 -1.196800 -5.770208
v -13.098780 4.150315 0.031281
vn 1.528131 -1.665025 -1.049741
v -17.603744 -6.132220 0.031279
vn 4.531763 -1.763903 3.370157
v -17.147356 -3.832404 1.293391
vn 5.298723 -3.155500 -0.487791
v -16.323031 -2.168730 0.604279
vn 5.961674 -1.498888 0.043982
v -16.998132 -3.873899 0.639159
vn 3.547210 -3.244371 3.695154
v -16.196398 -1.760867 1.071073
vn 1.857156 -0.120666 5.642788
v -17.744302 -3.560419 1.771183
vn 0.752533 -1.005095 6.027065
v -16.919395 -1.347671 1.526649
vn 1.767717 -3.303740 3.146891
v -12.179882 -4.772383 1.466164
vn 4.414905 -3.123838 1.594903
v -11.341901 -4.353686 0.744928
vn 4.476010 0.320733 2.573958
v -11.192211 -3.456883 1.122065
vn 0.982140 -2.685987 -2.106214
v -12.163171 -5.069038 0.031420
vn -0.825141 -5.581733 0.470177
v -13.160722 -5.126361 0.723297
vn 4.670756 1.954636 1.253057
v -13.347090 1.170636 0.992247
vn -3.428290 -0.321597 4.154176
v -14.308075 -2.674394 1.473953
vn -4.712000 -1.204271 0.906061
v -14.579525 -3.794120 0.914935
vn -0.902111 -3.462047 3.538279
v -13.210530 -4.847278 1.509585
vn -3.632094 -2.900409 0.686392
v -14.205201 -4.615151 0.872796
vn 2.060873 0.138582 4.613177
v -11.922494 -3.507154 1.820913
vn -1.896977 -0.942806 5.058142
v -13.674414 -3.917081 1.749911
vn 4.601905 3.166254 2.025519
v -12.410307 -1.436341 0.861352
vn -5.963481 -1.463673 -0.212576
v -14.527187 -2.387275 0.644285
vn 5.480166 1.997477 0.958126
v -12.882334 -0.390864 0.829016
vn 2.183937 1.020315 5.246620
v -12.992052 -1.640488 1.588238
vn 1.955956 -5.517998 1.218228
v -15.710889 -1.577973 0.666158
vn -0.307651 -2.920290 5.294384
v -15.651107 -0.860085 1.717006
vn 3.722913 1.125074 4.448278
v -13.504994 0.356535 1.563161
vn 5.557759 -0.062786 -0.211537
v -13.647237 1.907078 0.705777
vn 2.750740 1.014755 -4.259763
v -13.734472 1.218265 0.031284
vn -4.323984 1.595904 3.347177
v -16.283750 2.977540 1.662280
vn 4.834058 0.730782 -3.004162
v -14.018885 1.992062 0.209703
vn -4.007668 3.844807 1.935658
v -19.134794 -2.448979 1.053951
vn -1.356697 1.996672 5.489522
v -18.575227 -2.738253 1.659456
vn 1.559184 -3.305912 4.729692
v -19.801204 0.224313 1.487144
vn 1.291249 -1.164923 5.983963
v -11.709383 6.534017 7.076660
vn 2.766566 -2.998014 4.326747
v -10.915850 4.015789 6.013756
vn -5.182721 1.295754 -2.037402
v -15.282434 6.969913 0.832807
vn -5.633406 1.285997 1.323601
v -15.074545 8.331297 2.260616
vn -1.773258 1.764184 4.405315
v -9.981569 17.996098 6.592796
vn -4.892478 2.969131 -1.849447
v -9.163989 20.295631 1.690282
vn 4.994646 0.786825 0.769894
v -5.149379 20.838650 2.261801
vn 5.700063 -0.891392 -0.461695
v -5.359520 18.903136 0.675363
vn -3.207373 4.449235 -0.153451
v -8.029106 22.188784 2.933523
vn -0.229243 5.077183 1.525879
v -6.938562 22.432155 4.056650
vn 0.996480 4.371088 -1.075576
v -6.557014 22.521521 1.955954
vn 0.000002 -0.000075 -0.000000
v -6.638907 21.706560 0.031279
vn 2.869132 -4.745608 -2.289826
v -11.779240 3.970949 1.997359
vn -5.994478 1.092612 -0.232768
v -15.059119 6.617201 3.013311
vn 5.485639 -1.076515 2.832065
v -6.335947 19.688120 4.036924
vn 4.280133 -0.196541 4.212945
v -6.834829 20.573893 5.151277
vn 0.751049 2.590865 3.989089
v -7.175987 21.572209 5.294620
vn 2.940009 2.451717 2.342834
v -6.299546 22.059286 4.509648
vn -4.584582 3.261652 -1.230387
v -10.532985 18.541779 4.271563
vn -4.887160 2.216764 -1.578961
v -9.964649 18.393156 3.562657
vn -5.213417 3.271991 0.272953
v -9.473215 20.023322 3.665360
vn -4.503695 2.844623 -2.789377
v -11.179348 17.243713 3.964830
vn -4.882158 2.849306 -1.574176
v -11.828533 15.097757 3.272585
vn -4.549078 2.736798 -2.218610
v -11.100107 16.471002 3.469332
vn -5.114323 2.782906 -1.501372
v -10.254280 18.188946 1.702776
vn -4.806616 2.784912 -2.027701
v -11.333398 16.089712 1.109951
vn 5.015037 -0.198597 -3.737416
v -5.670379 18.235441 0.324053
vn 3.034020 0.010714 5.295242
v -8.677228 14.734139 6.517458
vn 2.813399 -0.257092 5.537751
v -9.419808 12.341406 6.791785
vn 1.858609 -3.440298 4.287834
v -12.294932 3.063115 6.137199
vn -4.181537 -0.985599 3.352820
v -15.593995 3.920325 5.761195
vn -4.206625 0.107232 3.775283
v -15.015181 7.017679 6.648303
vn -5.426040 1.374181 1.857938
v -15.057620 9.133565 5.846545
vn 1.897346 0.532561 5.613607
v -8.657936 18.469196 6.414266
vn -1.651695 2.575863 3.956139
v -9.040338 19.492483 6.221719
vn -4.026266 2.461312 3.054184
v -12.272595 15.241325 6.330593
vn -2.110196 0.880036 5.363640
v -12.926147 10.961930 7.414700
vn -5.419959 1.637944 0.060921
v -14.345000 9.324999 3.001279
vn -5.531035 2.047247 1.621457
v -14.335962 10.403417 2.311279
vn -5.305263 2.336380 -1.177768
v -13.944410 11.591476 1.602490
vn -5.230058 1.850446 -1.871311
v -14.731032 9.407166 1.317134
vn -4.320412 2.039362 -3.928727
v -13.357099 11.523783 0.645579
vn -1.138158 -0.512129 5.895360
v -13.587032 7.087354 7.341353
vn -2.835237 0.735749 5.022056
v -13.895527 9.179633 7.256746
vn -2.275304 1.393701 5.133048
v -12.336226 13.156876 7.251618
vn -4.949034 2.108597 2.396955
v -13.613404 12.675761 6.158744
vn -5.201038 2.497012 -1.288935
v -13.147025 14.069822 4.315004
vn -4.756232 2.072454 0.164480
v -12.606083 13.373871 3.079178
vn -5.104084 2.175930 -0.100692
v -13.513948 11.491883 3.017033
vn -5.262115 2.452374 1.840159
v -13.311310 12.798589 2.433199
vn 1.751759 0.020711 5.999130
v -9.975758 9.844151 6.818855
vn 2.390449 -1.918095 5.176112
v -9.626112 6.512036 6.541934
vn 3.791189 -2.664595 3.990323
v -7.835463 7.006341 5.545402
vn 4.101152 -3.752532 2.098865
v -8.659233 5.003502 4.576624
vn -1.231795 1.474670 5.797893
v -8.308846 11.552369 6.204726
vn 1.143925 0.549095 5.773501
v -8.677226 11.029608 6.243890
vn 1.943249 -0.571900 5.563664
v -8.342226 8.972018 6.647407
vn -3.272629 4.855778 -1.441894
v -6.239959 17.158297 2.569097
vn 2.261469 1.990430 -0.225107
v -6.382561 17.085719 2.464637
vn 5.819877 -0.404415 2.223715
v -6.536966 17.274305 3.311326
vn 4.941396 -1.160634 0.968153
v -4.772107 13.924968 4.745322
vn 3.190745 -4.163623 -1.800952
v -9.698447 3.800460 3.249342
vn 3.778122 -4.370498 2.063934
v -10.423600 3.397290 4.653231
vn 0.737879 -4.746754 0.156851
v -13.285000 1.409999 4.306279
vn 2.693396 -4.523278 -0.101495
v -11.766110 2.110769 4.190460
vn 1.020632 -4.356848 -3.649755
v -13.088151 2.184802 2.949641
vn -2.098786 -2.596844 0.287123
v -15.540557 1.587799 4.490049
vn -5.090550 0.327665 2.108756
v -15.721376 5.584341 5.612329
vn -5.456724 1.871140 -1.494821
v -14.700365 10.354032 4.144188
vn -4.908944 3.189557 1.048344
v -11.875135 16.523324 5.178144
vn -5.320988 2.354313 -1.367082
v -13.939641 12.281329 4.256484
vn -4.954524 2.645776 -1.586350
v -12.420021 15.504582 4.227782
vn 2.029253 1.134978 5.618523
v -7.842138 20.205481 5.744399
vn -2.248324 3.224256 3.465966
v -8.177937 21.033381 5.458696
vn 4.645815 -0.335408 3.970170
v -7.432480 18.236731 5.507437
vn 1.280228 0.674575 4.802811
v -6.186869 13.726360 6.067064
vn 1.285029 0.746871 5.354126
v -7.749842 13.671042 5.620126
vn 1.560320 2.087495 3.308385
v -6.865065 16.835565 4.180330
vn 1.848197 1.394006 5.076876
v -7.203069 15.304150 5.145300
vn 2.854576 -4.465644 -2.044695
v -8.277846 6.426432 1.931609
vn 4.781296 -3.173780 1.226227
v -6.734288 7.045622 3.989512
vn 4.383399 -2.174468 3.660277
v -6.814304 8.491332 5.377156
vn 2.642133 -0.721545 5.046434
v -7.085309 9.985966 6.291746
vn -4.489257 2.301279 -2.611486
v -5.183739 14.832424 4.944060
vn 0.877793 1.152715 -1.994994
v -4.722931 14.914370 4.573396
vn 1.024229 1.038311 0.198468
v -4.635474 15.276687 5.068936
vn -0.652439 5.512656 -0.558992
v -2.894231 20.213581 2.452007
vn -4.264639 1.774729 3.827379
v -5.047930 16.764156 5.390760
vn -3.439639 3.730813 3.651254
v -4.623107 17.924695 5.026830
vn -2.018606 5.376989 0.806696
v -3.280421 20.103171 3.079828
vn -2.723451 4.930472 2.704599
v -3.416406 19.584143 4.015252
vn -1.638583 2.985234 5.222799
v -2.222520 14.104956 9.849906
vn -2.813879 2.980559 4.737627
v -3.349656 13.375187 9.747241
vn -4.094873 2.613507 3.885834
v -4.750341 14.023950 8.274349
vn -1.187859 2.803698 5.463324
v -2.068907 9.012397 12.557595
vn -2.398239 2.772332 5.066629
v -4.553141 7.791683 12.352545
vn -3.700481 2.546281 4.322763
v -6.379932 6.553440 11.914284
vn -4.681574 2.491764 3.168087
v -6.903163 7.890303 10.510324
vn -5.140137 2.529038 2.376587
v -6.534926 10.168007 9.052768
vn -6.085521 1.126151 -0.491076
v -8.306926 4.949741 8.332829
vn -5.655293 1.819180 1.374795
v -7.932151 6.388847 9.731527
vn -5.890614 1.182359 -1.709364
v -7.698404 5.952901 6.324744
vn -5.498029 0.898988 -2.789232
v -7.215826 4.902721 4.577154
vn -4.799269 0.643243 -3.915400
v -6.201531 4.579024 2.935243
vn -4.370136 -0.009332 -4.445800
v -5.977254 1.890081 2.509300
vn -4.355277 0.735085 -4.384329
v -5.111814 6.393893 2.050822
vn -3.941558 0.265387 -4.848420
v -4.932504 4.046959 1.662188
vn -0.660786 2.520148 5.698693
v -1.662029 3.288896 15.339333
vn -0.348537 2.621234 5.681109
v -0.975582 5.692481 14.327758
vn -1.188081 2.764366 5.487028
v -2.386009 6.694355 13.667623
vn -1.885778 2.684431 5.333309
v -3.814282 5.782251 13.723651
vn -2.875370 2.589146 4.908082
v -5.420388 6.041003 12.865761
vn -4.596939 1.843732 3.722307
v -7.393659 1.772881 13.402193
vn -5.174327 1.563372 3.007423
v -7.910211 3.320346 11.967760
vn -4.884675 2.066473 3.210094
v -7.465581 5.509693 11.355968
vn -3.939824 2.193132 4.286146
v -6.861559 4.270018 12.744649
vn -6.136735 0.751111 -0.723332
v -8.608386 2.786734 8.203340
vn -5.871468 1.304863 1.320405
v -8.364270 4.064804 10.359995
vn -6.200990 0.430153 -0.835197
v -8.958862 -0.789406 8.985882
vn -6.036355 0.193378 -1.648866
v -8.775499 -1.829987 7.711443
vn -6.170534 0.423183 -0.961836
v -8.727045 1.146540 8.161681
vn -5.953747 0.087343 -1.900413
v -8.434584 -0.139388 6.614241
vn -5.265445 0.333869 -3.294934
v -7.143363 2.492851 3.960727
vn -5.862014 0.443855 -2.074822
v -8.186153 1.870165 6.066767
vn -5.900165 0.758181 -1.921881
v -8.031681 3.580128 6.194978
vn -5.462205 -0.052796 -3.014466
v -7.633093 0.099364 4.706586
vn -4.769592 -0.340653 -4.008932
v -6.726497 -0.125374 3.405771
vn -4.055288 -0.519873 -4.743364
v -5.591783 -0.147698 2.304248
vn -3.785490 -1.078585 -4.878761
v -4.862168 -2.084680 2.035293
vn -3.730157 -0.163515 -5.046080
v -4.558613 1.602363 1.401164
vn -1.294314 3.400695 4.998853
v -1.562048 16.411452 8.673445
vn -2.687417 3.047929 4.735223
v -3.123585 15.380741 8.668086
vn -1.228589 4.155483 4.403775
v -1.368699 18.152160 7.363838
vn -5.835084 1.371825 -1.754310
v -7.033866 8.589541 6.145000
vn -5.458095 1.089012 -2.907613
v -6.124566 9.173861 4.453391
vn -5.763849 1.117022 -2.032730
v -6.394546 10.797726 5.515298
vn -5.468659 1.975291 1.009014
v -6.411963 12.169950 7.235880
vn -5.920655 1.745520 0.101014
v -7.022495 9.752910 7.698603
vn -4.128188 2.839554 3.695793
v -5.919525 10.088934 10.045168
vn -4.000554 2.949077 3.726781
v -5.105063 12.242304 9.238598
vn -2.215264 2.782356 5.140374
v -3.859370 10.134736 11.405471
vn -3.055433 2.929079 4.597435
v -4.570055 11.198161 10.411741
vn -0.887916 2.842464 5.498709
v -1.590671 11.004408 11.613262
vn -2.621085 3.901020 4.011678
v -2.867151 17.665050 7.127783
vn -4.153453 2.705114 3.002297
v -4.545278 16.269334 7.151387
vn -5.311469 2.362283 1.091334
v -5.801506 13.917390 6.788840
vn -5.754436 1.467881 -1.535753
v -6.158150 12.606096 5.828813
vn -2.710955 4.631453 3.100430
v -2.666617 19.342701 5.247916
vn -1.613531 5.528455 1.771594
v -1.672543 20.380964 4.157059
vn -1.274245 5.746649 -1.202606
v -1.002901 20.634140 2.402922
vn -1.764320 5.873422 0.765701
v -2.592073 20.166463 3.385724
vn -0.794362 5.989971 -0.911276
v -2.373103 20.118361 2.602341
vn 2.934193 -4.443356 -2.492637
v -9.958755 5.195419 1.961569
vn 0.702416 3.846116 -0.693750
v -6.163919 16.839724 1.681944
vn 5.472555 -2.791389 1.242374
v -4.514908 10.739245 1.078193
vn 0.347666 0.806986 -1.506912
v -5.226256 11.442778 3.496689
vn -0.093926 0.933101 -2.877758
v -5.338338 12.094456 3.964531
vn 5.824765 -1.114399 1.968146
v -5.171443 10.636028 3.322530
vn 5.652117 -0.366564 1.114319
v -5.217592 11.815100 4.219770
vn -0.136019 -2.117643 -1.058157
v -4.540828 10.997352 1.927029
vn -4.967373 0.614886 -3.739542
v -4.953118 9.046596 2.444053
vn -3.575076 -2.983999 -3.160020
v -3.405219 10.484595 0.758620
vn 5.064762 -1.516411 3.117859
v -6.053243 9.913907 5.108287
vn 2.064621 0.161112 4.733999
v -6.504913 12.183434 6.255920
vn -3.530269 4.130085 1.722660
v -5.066508 18.788257 3.829293
vn 4.334357 -4.362151 -0.758450
v -7.013676 6.990664 2.282091
vn 4.973609 -3.689730 0.462236
v -5.610665 8.509917 1.127070
vn 5.396371 -2.483818 1.345596
v -5.535138 8.990290 3.140564
vn 4.365220 -3.448024 -2.050044
v -13.137952 2.923436 0.707137
vn 1.345700 -2.107687 -4.772505
v -16.113416 -1.587643 0.031283
vn -4.374183 3.986734 -0.211205
v -16.415103 2.909531 0.976467
vn 1.540590 -2.107583 -3.762545
v -18.876785 0.113334 0.031284
vn -2.792673 -5.086717 0.760666
v -15.067909 -1.561399 0.758372
vn 5.887326 -1.392706 1.455382
v -5.587493 19.198585 1.952033
vn 1.956305 -3.481903 -3.073380
v -9.516064 5.582373 0.295752
vn 0.255119 -0.744518 -6.179385
v -9.564841 6.559867 0.031284
vn 5.710052 -1.206973 2.248458
v -5.782962 17.020273 0.233447
vn 2.407466 1.909850 0.531442
v -6.010853 16.754774 0.565665
vn -3.366690 4.409526 -1.150534
v -5.668392 16.818398 0.627000
vn 5.794927 -1.844474 1.576080
v -5.853964 17.633357 1.116483
vn 1.700760 -2.791792 -3.128966
v -7.796794 6.655009 0.102791
vn 2.004062 -2.310475 -3.135713
v -6.480312 7.639398 0.031287
vn 0.055235 5.396362 -0.026385
v -1.898529 19.549875 0.536954
vn -0.080932 5.819188 -1.242449
v -2.418799 19.816254 1.007421
vn -3.391612 0.337512 -5.259601
v -3.353534 5.503699 0.640463
vn -0.648788 -2.007333 -5.704097
v -0.958804 -2.908672 0.291236
vn -2.462613 -1.494924 -5.341437
v -2.801458 -2.307074 0.590556
vn -1.473775 -2.935890 -5.261150
v -1.897286 -4.036621 1.082418
vn -3.828240 4.393759 -1.143266
v -4.653914 19.143582 1.866911
vn -2.577274 1.700384 -3.675224
v -5.101043 17.611856 0.031296
vn 3.850639 -2.619482 -1.816842
v -5.141522 8.956032 0.182169
vn -1.290401 2.580677 5.575171
v -3.548544 -0.373606 16.602177
vn -2.616228 2.515931 5.105625
v -5.728872 -0.526504 15.939990
vn -3.230406 2.445588 4.758830
v -6.038929 1.254710 14.854574
vn -2.100230 2.545670 5.328362
v -4.930383 0.498231 15.794429
vn -5.370735 1.822856 2.569113
v -8.354704 -2.053865 14.033308
vn -5.630596 1.423326 2.298958
v -8.488929 -0.666180 12.763710
vn -6.077648 0.942002 1.167440
v -8.878524 -0.551822 11.359337
vn -5.809308 1.102887 1.941273
v -8.507412 1.777209 11.332184
vn -6.233346 0.631223 0.021123
v -9.138115 -1.793700 10.343526
vn -5.952287 -0.096025 -1.900880
v -8.953054 -4.287224 8.183380
vn -5.414079 -0.382741 -3.039138
v -7.785470 -1.919500 5.120490
vn -4.884466 -1.165164 -3.662665
v -7.416629 -4.248990 5.040138
vn -4.489444 -0.858140 -4.237226
v -6.509479 -2.324885 3.481122
vn -5.690072 -0.322727 -2.540119
v -8.370504 -3.385159 6.509737
vn -2.129584 -3.001001 -5.052502
v -3.787328 -7.259067 3.706106
vn -3.729750 -2.164553 -4.434695
v -6.239322 -6.514551 4.689118
vn -2.959488 -2.468761 -4.917009
v -4.761970 -5.212483 3.052063
vn -3.028903 -2.094176 -5.012370
v -4.028324 -3.686469 1.890871
vn -3.940682 -1.585217 -4.551236
v -5.944744 -4.045009 3.393536
vn -0.911111 -3.376719 -5.191554
v -1.702194 -7.767023 3.421998
vn -0.657367 -3.367693 -5.238824
v -1.015416 -6.021736 2.190324
vn -1.877795 -3.024788 -5.132850
v -2.906641 -5.629703 2.383651
vn -0.520190 -4.412432 -4.415226
v -1.394285 -13.612183 7.837823
vn -0.165957 -4.080816 -4.743151
v -0.421360 -12.514285 6.742891
vn -0.635099 -3.750487 -4.971132
v -1.567253 -11.009359 5.629104
vn -1.185987 -3.395201 -5.116199
v -2.508255 -9.159353 4.485585
vn 0.596431 5.090661 3.557971
v -7.409720 -7.782421 22.584139
vn -3.760912 2.182414 2.916758
v -11.628975 -8.555630 22.603410
vn -3.007601 -4.441036 -2.860461
v -9.783950 -14.678155 15.448815
vn -3.310647 -3.323028 -1.102635
v -10.859443 -14.266450 15.465634
vn -3.201099 -3.860575 -0.405762
v -10.040494 -15.066906 16.019646
vn -3.553177 -4.470472 -2.344142
v -5.194034 -18.652625 15.952273
vn -4.586004 -3.924411 -1.405628
v -10.809868 -12.938501 13.354651
vn -5.320992 -1.086394 -1.308334
v -11.579389 -11.856465 13.277500
vn -4.437278 -3.842442 1.740666
v -9.557821 -14.792548 17.007599
vn 0.115175 -1.449046 4.719686
v -6.521523 -11.984222 24.777658
vn -3.310244 -3.546874 3.579051
v -5.694846 -16.097290 19.906839
vn -1.989440 -4.998036 1.021447
v -7.638810 -15.405838 19.189417
vn -1.080776 -5.632744 1.901431
v -6.611451 -15.476300 20.180741
vn -3.611636 -4.987107 0.461919
v -9.307388 -14.734586 18.482420
vn -5.417210 -2.808056 -0.854854
v -11.806419 -12.315050 18.293968
vn -4.852780 -1.772425 2.596556
v -11.771069 -9.451652 21.769725
vn -4.322898 -0.079319 1.252074
v -12.377926 -9.165882 21.282371
vn -4.972537 -0.721462 0.620369
v -12.670273 -9.913580 19.502095
vn -5.048707 -2.170484 1.680972
v -12.337355 -10.298538 19.474638
vn -5.937168 -0.991186 -1.439592
v -11.740574 -11.543162 16.655379
vn -3.517417 4.010582 1.463691
v -11.708966 -8.290968 22.082416
vn -3.258464 -3.374925 3.690587
v -9.834414 -13.502604 22.900240
vn -3.694279 -4.935590 0.853367
v -10.004452 -14.356492 20.591160
vn -4.033970 -3.474900 -1.336682
v -11.600498 -13.420624 18.838338
vn 3.194120 -0.187919 5.063085
v -5.162747 -11.923296 24.144536
vn -1.427108 -2.952251 4.666869
v -8.552616 -13.637503 23.653589
vn -0.209694 -3.022711 3.442718
v -5.500848 -13.656888 23.784382
vn -0.919490 -4.044195 4.187323
v -5.232625 -14.464905 22.697127
vn -2.128102 -0.742606 4.672617
v -9.279043 -9.683199 24.620577
vn -4.058434 -0.679156 4.223035
v -11.238412 -10.958330 22.966060
vn -1.225102 -5.184577 -0.223331
v -8.303637 -15.717423 20.127743
vn -5.820070 0.847123 -2.113629
v -11.943487 -10.439044 17.146985
vn -3.062594 -0.017584 3.402406
v -10.752355 -9.111405 23.837152
vn -5.178349 -3.290102 0.775561
v -10.951102 -13.286931 16.600197
vn 0.763852 2.493292 4.866599
v -7.968380 -9.305039 24.695158
vn 2.744643 2.000239 5.073200
v -5.635094 -10.324589 24.067606
vn -3.821772 4.765665 0.381012
v -11.023486 -7.637557 19.608530
vn -5.066003 1.905101 2.299016
v -14.519152 10.557918 6.043682
vn -0.754849 -1.463069 5.358080
v -13.542396 4.628092 7.064086
vn 0.537568 -0.295318 6.082916
v -12.179618 9.004009 7.500413
vn 0.979218 -0.011720 6.063271
v -11.279441 11.539006 7.424017
vn 0.298116 0.787283 5.845962
v -10.891717 13.755369 7.337883
vn 3.511093 0.088079 4.815919
v -8.093055 16.300875 6.168849
vn 2.252236 -0.668217 -1.212088
v 22.854762 -19.093914 0.031311
vn 1.569457 -2.147086 -1.726023
v 24.932046 -14.190642 0.031789
vn -0.297221 2.948432 -2.326642
v 23.599629 -11.039963 0.031278
vn -0.408978 -2.805859 -2.011924
v 23.593913 -14.449852 0.031260
vn -0.604461 -2.980557 -2.575815
v 20.440248 -20.714039 0.031279
vn -1.754629 -0.721476 -5.625588
v 18.983302 -16.045059 0.019074
vn 1.440664 2.707507 -3.745820
v 18.730523 -10.303796 0.028766
vn 2.481393 1.655099 -2.324717
v 22.422571 -17.700988 0.031256
vn -0.151896 -0.340245 -6.222004
v 18.771181 -15.093015 0.003240
vn -2.267169 1.262304 -1.454685
v 11.188564 -2.340512 0.043890
vn -1.136331 -0.563909 -0.582775
v 13.062729 -18.301221 0.031270
vn -2.419667 1.870435 -2.994471
v 12.747058 -15.393496 0.031245
vn -2.054999 1.880524 -4.488036
v 14.273801 -14.459124 0.031278
vn 0.741112 -2.084732 -4.988026
v 20.781484 -13.387325 0.031324
vn 1.815743 2.478624 -3.896789
v 19.085074 -10.549615 0.031299
vn -2.386095 0.826053 -4.973896
v 15.189047 -13.025248 0.031311
vn -1.479137 0.324278 -5.814267
v 14.185590 1.827673 0.031279
vn 2.185108 0.936840 -5.194814
v 13.679691 9.095192 0.031279
vn 0.419296 -0.114650 -0.070983
v 15.247607 -18.205739 0.031276
vn 0.641024 -1.627132 -0.595907
v 16.134624 -16.588170 0.031349
vn 0.794719 -1.138922 -0.533283
v 18.595743 -15.530634 0.030049
vn -2.004943 -2.246924 -2.661762
v 19.517858 -20.263116 0.031275
vn -0.352373 2.649246 -4.697133
v 22.095628 -11.792168 0.031269
vn -2.739708 -1.274463 -2.910381
v 17.316810 -5.805633 0.031278
vn 0.905134 -2.865451 -2.543508
v 19.441435 -6.717574 0.031293
vn 2.828412 -1.070038 -2.315083
v 14.332603 -3.339209 0.031261
vn -2.392120 1.548236 -4.304365
v 12.781361 -1.167844 0.031269
vn 2.784160 0.723324 -4.397295
v 15.332824 4.854783 0.031276
vn 2.258773 -1.277679 -1.537985
v 14.075612 -4.425644 0.031278
vn 0.367847 2.778156 -4.420668
v 18.381528 1.913923 0.031280
vn -1.038100 2.298907 -1.540623
v -24.760038 -11.117774 0.031441
vn 0.849538 2.726192 -3.914391
v 6.553404 21.709591 0.031279
vn -1.530589 1.142877 -5.339831
v 6.068651 18.009797 0.031288
vn 2.238031 2.107881 -3.671006
v 4.730047 18.132157 0.031282
vn -0.576166 -2.300373 -4.354099
v 4.118173 10.987092 0.031282
vn -1.258732 -2.811102 -3.097612
v 18.167132 -6.563359 0.031279
vn 0.286945 -2.458732 -4.712378
v 19.044884 0.133796 0.031312
vn -2.435929 -0.963153 -1.709817
v 11.026157 -4.073494 0.031087
vn 0.591709 -1.943581 -5.048611
v 15.114850 -1.344674 0.031290
vn 2.288955 0.503135 -4.968440
v 18.093480 -1.205157 0.031275
vn -2.348263 -1.050880 -4.867561
v 16.996672 -2.839433 0.031256
vn -0.104422 -2.911282 -2.509068
v 12.690742 -5.147665 0.031259
vn -1.301022 -2.083850 -5.095280
v 7.955672 6.616353 0.031279
vn -1.143830 -1.053331 -5.860552
v 12.994756 4.478961 0.031282
vn -0.218737 -0.876375 -6.148176
v 11.105957 5.709018 0.031280
vn 1.615731 -2.268307 -4.587746
v 2.480683 10.201588 0.031300
vn 0.776376 2.995803 -3.478938
v 0.873950 19.896590 0.031279
vn -0.692232 3.042896 -2.951191
v -0.895669 19.904532 0.031279
vn 1.384063 -0.449711 -5.872894
v 1.962503 9.813480 0.031390
vn 1.780556 -0.270885 -5.697651
v 2.484054 -0.010070 0.042016
vn 0.102421 2.915096 -2.846848
v 2.446332 19.734024 0.031277
vn 0.154706 2.887773 -4.081303
v 1.837479 19.527107 0.031279
vn 0.105084 -0.482499 -6.242250
v 0.341586 -1.103546 0.031278
vn -2.771778 -1.228887 -2.328082
v 4.408246 10.348155 0.031286
vn -2.639521 -1.696386 -3.095448
v 4.948963 9.419644 0.031279
vn -1.977476 -2.436084 -3.139266
v 6.839133 7.355136 0.031292
vn -2.556708 -0.302922 -1.604482
v -25.682984 -12.894086 0.034937
vn 2.405762 -0.702572 -4.979670
v -19.173519 -17.009710 0.031282
vn 1.885179 -0.279691 -5.570410
v -14.152450 2.193651 0.031286
vn 0.622330 2.645557 -4.621548
v -22.210562 -11.718802 0.031379
vn 0.075192 -2.871808 -1.994359
v -20.723320 -20.806415 0.031287
vn -0.656674 2.634671 -4.624415
v -20.475756 -11.653107 0.031288
vn -0.578303 -2.487575 -1.489225
v -14.228611 -18.540239 0.031270
vn 2.197506 -2.127682 -2.845522
v -19.517357 -20.235091 0.031279
vn -1.842013 -1.495950 -1.211876
v -15.877419 -17.579124 0.031258
vn -1.492100 2.563923 -4.086890
v -16.637243 2.569712 0.031302
vn 0.567333 2.268324 -4.198268
v -15.948457 -9.210472 0.031268
vn -1.962104 -1.633511 -4.616585
v -16.181111 -15.382225 0.031279
vn -2.590929 -0.499072 -2.108674
v -21.000659 -4.899561 0.030503
vn -2.093227 -1.638610 -2.025611
v -22.651325 -0.108976 0.031511
vn 0.463799 -0.832772 -6.128384
v -11.650579 5.762126 0.031282
vn -2.206881 1.131910 -5.068446
v -11.586203 13.650430 0.031273
vn -1.678801 -1.519194 -5.009894
v -14.537658 -1.706365 0.031281
vn -2.217679 0.864281 -5.191686
v -13.684126 9.095918 0.031283
vn -0.942390 2.845533 -4.070084
v -17.278365 2.311975 0.031280
vn -1.586249 -2.535788 -2.930115
v -13.643293 -4.862685 0.031274
vn -2.892697 -0.979049 -3.604374
v -14.267027 -3.840421 0.031278
vn 2.323042 1.137966 -2.313421
v -5.313125 20.837765 0.031224
vn 0.146475 1.086471 -5.410910
v -5.741297 16.642540 0.031294
vn -2.218802 1.234926 -4.987747
v -10.606187 15.681669 0.031279
vn 1.873445 -1.125888 -0.997881
v -12.682055 -17.936255 0.031343
vn 0.411893 -2.058400 -4.819902
v -4.100543 11.069260 0.031288
vn 2.718301 -1.302240 -2.266361
v -4.445595 10.236300 0.031284
vn -0.271569 -2.005607 -0.893601
v -19.227988 -6.765369 0.031275
vn -2.535087 1.373602 -4.170987
v -18.626823 -2.045079 0.031281
vn 2.562149 -0.879955 -4.691567
v -17.059488 -3.161544 0.031285
vn -1.128007 2.270465 -1.818048
v -22.104551 2.631648 0.031268
vn 2.607761 -1.031929 -1.762353
v -17.215632 -5.331302 0.031279
vn 2.616843 -1.057809 -2.077154
v -11.120517 -4.127339 0.031315
vn 2.332505 1.162358 -1.527559
v -11.144000 -2.537861 0.031277
vn 2.458872 1.676096 -4.000630
v -12.659447 -1.270740 0.031281
vn 0.161734 2.851040 -4.366847
v -18.917960 1.979432 0.031258
vn -2.419673 1.216850 -4.650177
v -15.833890 3.327710 0.031142
vn -2.258685 1.198843 -4.962019
v -8.754372 18.593904 0.031279
vn -1.547395 2.361976 -3.686317
v -7.645519 21.097179 0.031277
vn -0.352155 3.012345 -2.674692
v -2.282904 19.723735 0.031278
vn -1.899675 -0.214230 -5.689524
v -2.605345 0.845638 0.079768
vn -2.251329 0.059109 -5.660730
v -2.924404 3.104732 0.244329
vn -1.653847 2.580938 -3.595815
v -3.838674 19.012065 0.031306
vn -1.075137 -0.603431 -5.993927
v -1.713112 -0.996872 0.031281
vn -1.699228 0.193684 -5.776075
v -2.182553 7.108002 0.031075
vn -1.554592 -1.235459 -5.544317
v -2.256345 10.116964 0.031281
vn 2.633113 0.525566 -4.707806
v 20.197728 -14.964694 0.031279
vn 1.693538 0.156901 -5.779054
v 2.042258 8.211332 0.031271
vn 1.591601 0.195606 -5.834537
v 2.353142 5.159427 0.031202
vn 3.037074 -0.428200 -3.409846
v -19.021397 -19.136786 0.031233
vn 2.319068 0.966248 -4.965430
v -15.131287 -13.184365 0.031400
vn -1.921538 1.827269 -4.711618
v -21.138853 -16.921029 0.031285
vn -2.455836 0.396193 -4.917625
v -20.181273 -14.984085 0.031271
vn -1.311738 -0.199213 -5.975821
v -1.879980 9.463431 0.031280
vn 1.767924 -4.419653 -4.071481
v 4.456809 -14.243965 9.353243
vn -0.116289 5.477637 2.808166
v 11.886790 -6.044061 7.414513
vn 2.608601 -4.441688 -1.208577
v 11.613062 -10.870032 7.727329
vn 0.491182 -4.850830 -3.936501
v 1.517462 -15.245622 9.677684
vn 1.305492 -4.632413 -3.981965
v 2.376098 -19.077558 14.548338
vn 0.058032 -0.167034 6.279466
v -0.336437 -15.505551 21.988973
vn -0.817589 -0.623808 6.145646
v -1.766155 -17.677316 21.917604
vn -0.156886 3.086247 5.447308
v 1.954409 -5.980802 19.671954
vn -0.599484 3.039452 -3.662693
v 19.823174 2.192857 0.031280
vn 4.657917 3.037678 -2.563024
v 8.689026 20.358933 0.950418
vn 2.543228 -1.223667 4.842461
v 15.154266 2.917530 5.917705
vn 5.068287 2.306405 -1.418026
v 13.727394 12.090037 1.663226
vn 2.984229 2.923648 4.623312
v 4.289746 11.851411 10.151697
vn 2.427025 2.920551 4.952534
v 3.030291 14.121567 9.493218
vn 0.847804 2.804009 5.532402
v 1.661650 8.430032 12.916799
vn 3.189463 2.714504 4.632598
v 5.616226 7.712521 11.787474
vn 1.660012 2.590536 5.438726
v 3.482103 4.771328 14.297282
vn 3.646510 -0.763598 -5.041711
v 3.893802 -0.820556 1.086870
vn 4.942958 0.965330 -3.699876
v 5.688866 6.963595 2.875698
vn 1.533423 2.848687 5.334318
v 2.368708 12.102509 10.874422
vn 0.364495 2.871370 5.549125
v 0.628846 10.387029 12.029440
vn -2.803783 -4.986482 -1.916696
v 9.913568 5.349702 0.387781
vn 0.442362 2.493891 5.735333
v 1.134947 1.059239 16.358930
vn 1.364923 2.455818 5.604299
v 3.432533 1.372701 15.864368
vn 0.035453 2.524985 5.745283
v 0.053625 2.292803 15.852552
vn 5.648049 1.629259 2.073406
v 8.634474 -2.081614 13.363943
vn 6.134718 0.826161 0.615202
v 8.860134 0.784112 10.233107
vn 5.811677 -0.201266 -2.280353
v 8.919980 -4.930864 8.103227
vn 3.952046 -1.658039 -4.485442
v 6.084486 -4.473272 3.663375
vn 2.843071 -2.593408 -4.920056
v 4.834288 -6.026417 3.516151
vn 1.546851 -3.158231 -5.163752
v 2.706222 -6.742951 2.998995
vn 1.556605 -3.816003 -4.698511
v 3.505271 -11.637475 6.546226
vn 5.680090 1.548930 -0.460852
v 15.321970 8.314265 4.580957
vn 2.553007 -3.352720 4.083764
v -17.865334 -15.328972 1.056949
vn -0.063967 2.752164 5.637376
v -0.329560 -2.715250 18.135808
vn -0.631011 2.708568 5.626196
v -1.776574 -1.529476 17.460926
vn -0.688828 -4.938328 -3.814350
v -2.071612 -16.423867 11.308251
vn -4.520365 -1.813425 3.921239
v -4.331749 -19.111754 20.180095
vn -2.812426 2.642952 4.916621
v -6.088756 -2.127387 16.552188
vn 0.610262 2.982061 -3.918055
v -20.511256 2.305540 0.031263
vn -4.910575 2.778930 -1.210473
v -12.817480 13.947282 1.689799
vn -4.759145 3.284489 1.091760
v -11.030713 17.871913 5.082661
vn -0.766506 2.837604 5.528736
v -1.338567 12.764873 10.740120
vn -3.409562 2.724510 4.467163
v -5.668854 8.928813 11.039309
vn -6.016906 1.580459 -0.485670
v -7.696298 7.350786 7.999053
vn -5.705648 2.106563 1.211305
v -7.391725 8.243471 8.933440
vn -5.590633 1.318000 -2.519012
v -6.993694 7.288115 5.271403
vn -3.769960 0.370363 -4.988976
v -3.625481 7.673361 1.008020
vn -1.137701 2.562606 5.609487
v -2.563350 4.932871 14.460293
vn -1.635215 2.527848 5.499322
v -3.658466 3.818756 14.689061
vn -3.202359 2.364948 4.824693
v -5.865771 3.334606 13.942120
vn -2.614144 2.510968 5.105459
v -5.035104 4.819108 13.673236
vn -5.215275 1.162689 -3.272920
v -6.211230 7.101346 3.706426
vn -1.938567 2.861687 5.204025
v -2.951025 12.238251 10.627509
vn 2.573586 -3.714823 -3.229792
v -11.413067 4.435670 0.537792
vn -3.330413 -0.642604 -5.237838
v -3.601198 -0.563353 0.828107
vn -1.382016 2.499059 5.580067
v -3.514579 1.596521 15.743834
vn -2.281353 2.502407 5.273214
v -4.820362 2.887299 14.710738
vn -4.558214 2.069607 3.678871
v -7.343702 -0.022304 14.419750
vn -6.228277 0.614048 0.024348
v -8.972814 -0.092620 9.886897
vn -6.175385 0.802196 0.359633
v -8.799105 1.556660 9.925818
vn -5.855423 0.987343 -0.620576
v -15.421123 7.842844 4.608621
vn 0.018833 -0.001416 -6.283100
v 23.804122 -12.761838 0.031351
vn 0.001387 0.013572 -6.283117
v 18.871381 -12.440594 0.025560
vn -0.047925 0.016025 -6.282756
v 17.896184 -13.431893 0.030749
vn 0.000000 -0.000007 -6.283185
v 12.272388 6.766590 0.031279
vn -3.030731 -0.393524 -3.818297
v 19.250580 -18.154088 0.025174
vn 0.000037 0.000034 -6.283185
v 13.964192 -1.160445 0.031288
vn 0.000002 0.000019 -6.283185
v 15.923895 1.430280 0.031294
vn 2.136324 0.832854 -5.289159
v 14.506258 6.974988 0.031277
vn -0.000022 -0.000001 -6.283185
v 8.562221 15.347314 0.031280
vn -0.000023 0.000005 -6.283185
v 8.240116 13.499866 0.031278
vn -3.065858 -0.330925 -3.741602
v 17.156741 -4.322533 0.031267
vn -0.009731 0.003796 -6.283162
v 13.278036 -2.857188 0.031272
vn 0.000016 0.000032 -6.283185
v 17.279208 -0.103031 0.031273
vn 2.206685 1.045091 -5.118144
v 12.846280 10.938445 0.031275
vn -0.000007 -0.000005 -6.283185
v 9.630811 12.572556 0.031280
vn 2.322339 1.396929 -4.728511
v 10.064041 16.538974 0.031279
vn 0.000236 0.000059 -6.283185
v 0.838062 9.844809 0.031278
vn 0.000007 -0.000046 -6.283185
v 0.663411 8.350713 0.031278
vn 0.000017 -0.000030 -6.283185
v 1.983442 14.439075 0.031324
vn 1.329803 -0.067527 -5.985786
v 2.305120 2.521874 0.031221
vn -0.000061 -0.000057 -6.283185
v 3.105084 15.131372 0.031282
vn -0.002806 -0.001135 -6.283182
v -23.621661 -12.784932 0.031326
vn 0.000000 -0.000004 -6.283185
v -11.931679 9.040217 0.031277
vn 0.000090 -0.000002 -6.283185
v -13.024300 6.952078 0.031280
vn -1.867386 0.858356 -5.517653
v -12.798501 11.034634 0.031277
vn 0.000066 -0.000013 -6.283185
v -19.291815 -14.938575 0.031281
vn -1.802281 2.560681 -3.259113
v -18.684452 -10.345804 0.031281
vn 2.180977 0.397467 -5.366990
v -15.539872 -11.197418 0.031334
vn 0.000236 0.000057 -6.283185
v -16.324809 -13.214054 0.031278
vn 0.000019 0.000023 -6.283185
v -4.483362 15.590764 0.031295
vn -0.000037 -0.000034 -6.283185
v -17.189298 -0.867032 0.031281
vn 0.000041 -0.000071 -6.283185
v -13.062624 -2.788534 0.031279
vn -0.000032 0.000035 -6.283185
v -15.600015 0.540200 0.031221
vn -2.270667 0.700478 -5.193207
v -14.624648 6.572327 0.031221
vn 0.000009 -0.000001 -6.283185
v -10.142741 10.753543 0.031281
vn -2.166575 1.464395 -4.881607
v -9.680280 17.137787 0.031279
vn 0.000032 0.000019 -6.283185
v -6.490402 16.084650 0.031279
vn 0.000158 0.000138 -6.283185
v -0.922891 8.972202 0.031279
vn -0.000026 0.000007 -6.283185
v -2.579763 14.828915 0.031285
vn -0.005530 -0.001412 -6.283180
v 16.722023 -12.374292 0.031266
vn 0.009397 -0.003858 -6.283168
v 20.801363 -18.579226 0.031283
vn -2.203841 0.480330 -5.329614
v 15.612964 -11.081644 0.031266
vn -0.000166 -0.000186 -6.283185
v 15.733862 -14.682647 0.031326
vn -0.021600 -0.005170 -6.283073
v 14.201723 -16.355903 0.031275
vn 0.002314 0.000500 -6.283184
v 19.467090 -5.166610 0.031347
vn -0.000003 0.000004 -6.283185
v 5.904949 11.571967 0.031293
vn 2.309463 1.233816 -4.876804
v 11.245090 14.335754 0.031275
vn -0.000001 -0.000006 -6.283185
v 12.053238 8.919297 0.031276
vn -0.000019 0.000010 -6.283185
v 6.406337 13.003831 0.031291
vn 0.035673 0.006200 -6.282924
v -13.643640 -16.921168 0.031274
vn 0.000076 0.000135 -6.283185
v -15.022053 -15.468704 0.031338
vn 0.000649 0.000722 -6.283185
v -18.510109 -4.348794 0.031279
vn 0.000006 -0.000004 -6.283185
v -8.637983 14.227511 0.031280
vn 1.309127 -1.025727 -5.806863
v -5.462954 8.937849 0.031286
vn 2.114363 -0.305299 -5.430765
v -5.897997 18.536535 0.031270
vn -1.420979 0.030223 -5.930784
v -2.239949 5.164056 0.031103
vn 0.885250 2.740729 5.572568
v 2.521038 -1.762688 17.461453
vn 4.460766 -1.908184 3.968888
v 4.812579 -17.424695 20.181913
vn -0.577923 0.679124 5.286368
v 18.908781 -4.164097 2.051983
vn 5.913676 1.045417 -1.037861
v 15.339399 4.996418 2.945693
vn 4.910102 3.464093 -0.289210
v 9.290618 20.683583 3.265693
vn 3.800417 2.032511 3.558746
v 12.659603 14.168332 6.593511
vn -2.325942 -0.284243 5.797134
v 10.013179 11.047201 6.945790
vn 1.020395 2.945447 5.418041
v 1.485364 14.270459 9.910760
vn 4.628608 2.596601 3.148786
v 5.764581 12.281624 8.474339
vn 4.121594 0.271852 -4.682370
v 5.212431 3.865190 1.864836
vn 5.666054 1.998309 1.197672
v 6.935999 9.778589 8.239469
vn 0.757685 -4.115860 -4.652140
v 1.805052 -12.782135 7.113924
vn 5.315444 2.668014 -1.831315
v 11.674152 -9.035243 17.442859
vn -5.798478 0.437721 2.139445
v -11.180531 -9.244829 11.034523
vn 4.572121 0.818916 -3.192524
v -9.222652 -8.765350 6.883085
vn -5.958816 -1.233972 0.120479
v -10.978512 -10.645210 11.320935
vn -0.913845 -4.676138 -4.034922
v -1.412656 -19.651086 14.920688
vn -0.474395 3.004844 5.488758
v -2.415129 -4.293019 18.759729
vn 0.732569 -2.058527 3.834535
v -18.711892 -5.407085 2.054077
vn -1.254274 1.681234 4.751093
v -10.604532 16.442729 6.941261
vn 3.522205 -3.813021 -2.238265
v -8.442129 5.145525 2.788068
vn -1.467729 4.774978 3.616577
v -1.547761 19.344747 5.977179
vn -0.169228 2.834015 5.589818
v -0.399694 9.157883 12.660613
vn -0.039697 -3.593948 -5.123074
v -0.082705 -9.690621 4.572699
vn -2.337505 -2.444432 5.173540
v -7.795794 -11.498495 24.381390
vn -0.000006 -0.000004 -6.283185
v 13.553685 6.841380 0.031280
vn -0.000014 -0.000001 -6.283185
v 7.089156 10.005928 0.031286
vn -0.000011 0.000011 -6.283185
v 4.320862 13.195839 0.031282
vn 0.000026 -0.000004 -6.283185
v -17.932368 -12.566946 0.031290
vn -0.000015 0.000005 -6.283185
v -19.386305 -12.905815 0.031282
vn -2.403922 -0.173901 -1.126553
v -18.772392 -0.032824 0.031269
vn 0.000015 -0.000006 -6.283185
v -10.474657 13.054474 0.031280
vn 0.000006 0.000005 -6.283185
v -6.274675 10.832255 0.031288
vn -0.019323 -0.039755 -6.282759
v -7.052475 9.328215 0.031285
vn -0.000000 -0.000023 -6.283185
v -7.167365 13.416749 0.031283
vn 0.003068 -0.001148 -6.283183
v 21.336058 1.076796 0.031308
vn -0.000002 0.000008 -6.283185
v 5.721953 15.494630 0.031301
vn -0.000009 -0.000001 -6.283185
v -0.458242 14.024784 0.031279
vn -0.000001 0.000036 -6.283185
v 2.404481 12.325312 0.031295
vn 0.013826 -0.008927 -6.283141
v 1.207615 1.313716 0.031275
vn 0.000377 0.000001 -6.283185
v -0.377081 6.195944 0.031279
vn -0.000240 -0.000724 -6.283185
v -21.144423 0.929680 0.031429
vn -0.000030 0.000008 -6.283185
v -3.393886 17.156047 0.031298
vn 0.000010 -0.000004 -6.283185
v -8.156052 11.662196 0.031283
vn -0.000026 -0.000011 -6.283185
v -1.530816 18.053484 0.031279
vn -0.341837 0.104559 -6.256565
v -1.728822 1.683844 0.031281
vn -0.000010 0.000003 -6.283185
v -0.760176 11.493589 0.031279
vn 0.000007 -0.000006 -6.283185
v -4.502246 13.263212 0.031290
vn -1.057122 -4.711029 -3.981368
v -2.152060 -18.206293 13.491853
vn -0.706430 -3.453613 4.372065
v -13.930487 2.559944 6.037091
vn -0.386061 0.245788 -6.235368
v 6.978489 18.150438 0.031279
vn -0.000025 -0.000004 -6.283185
v 7.644485 17.477531 0.031276
vn 0.000026 -0.000012 -6.283185
v 3.385865 16.944132 0.031280
vn 0.000070 -0.000013 -6.283185
v 0.511748 14.895145 0.031279
vn 0.000003 -0.000023 -6.283185
v 1.706262 16.951496 0.031279
vn 0.000058 -0.000031 -6.283185
v -14.028093 -1.179798 0.031281
vn -0.000090 0.000035 -6.283185
v -17.060689 0.667481 0.031286
vn -0.000005 0.000000 -6.283185
v -8.015511 15.780241 0.031280
vn 0.000010 -0.000004 -6.283185
v -10.160187 8.350129 0.031282
vn -0.000014 0.000000 -6.283185
v -7.279279 19.494605 0.031279
vn -0.000023 -0.000001 -6.283185
v -1.174724 16.749967 0.031279
vn 0.000021 -0.000007 -6.283185
v 14.305670 2.981197 0.031279
vn -0.000003 -0.000003 -6.283185
v 10.351718 8.192815 0.031280
vn -0.000010 -0.000005 -6.283185
v 11.029716 10.847868 0.031276
vn -0.159974 -0.016272 -6.277791
v -0.576399 3.424418 0.031279
vn -0.000148 0.000024 -6.283185
v 0.981208 3.746039 0.031278
vn 0.000059 -0.000013 -6.283185
v 1.045189 12.053402 0.031279
vn 0.385976 0.056029 -6.255865
v 1.502083 6.367912 0.031334
vn -0.002504 0.000277 -6.283184
v -20.538550 -18.710892 0.031286
vn -0.000013 -0.000004 -6.283185
v -7.459600 17.538846 0.031280
vn 0.000009 -0.000007 -6.283185
v -11.011368 7.431839 0.031282
vn 0.037968 -0.050127 -6.282454
v -8.721355 8.973235 0.031283
vn -0.000017 0.000004 -6.283185
v -2.623565 12.355162 0.031286
vn 2.157801 -4.867857 -3.271047
v 6.490787 -14.963016 11.230492
vn -0.248086 -0.957849 5.779602
v 13.880157 -16.561710 0.031274
vn 2.356781 -4.727020 -2.855125
v 8.675709 -13.779270 10.615263
vn 2.026401 3.640088 2.885646
v 13.788543 -5.870649 7.152360
vn 3.870601 -2.495135 3.262832
v 14.813477 -8.763283 6.230381
vn 4.657711 -2.742616 2.953356
v 6.216410 -18.252503 18.238822
vn 5.601874 -0.249978 -2.725943
v 8.072090 -1.856144 5.696105
vn 3.034619 -4.163981 -2.960919
v 10.314278 -13.880895 14.913125
vn -3.335432 0.515312 4.870242
v 5.152476 -11.416020 24.049091
vn 5.784424 1.016914 0.065227
v 15.761697 6.401268 4.761668
vn -1.666298 -1.111324 5.580453
v -18.378333 -12.321034 2.440659
vn -5.774147 0.284144 -2.345743
v -9.166473 -5.727366 8.868906
vn -5.509037 1.588587 -0.927168
v -15.834376 5.077307 1.026780
vn -5.330152 0.195100 -1.183564
v -16.031312 4.324957 3.815831
vn 1.407425 -0.478201 6.096076
v -10.325857 8.150908 6.876116
vn -5.210582 2.444863 -1.159703
v -12.374095 -9.219580 18.849239
vn 0.000238 -0.000029 -6.283185
v -13.932548 4.726631 0.031282
vn -0.571010 -0.289161 -6.213889
v 6.755180 20.052749 0.031279
vn -0.000001 0.000000 -6.283185
v 0.072792 17.500749 0.031279
vn 0.000006 -0.000001 -6.283185
v 2.891488 18.490924 0.031278
vn -0.000027 0.000001 -6.283185
v 8.115536 8.286614 0.031279
vn -0.000028 -0.000005 -6.283185
v 7.553317 11.517404 0.031279
vn 0.000015 -0.000008 -6.283185
v -6.246829 14.553656 0.031270
vn -0.000009 -0.000002 -6.283185
v 9.013492 10.372659 0.031280
vn -0.035799 -0.009404 -6.282864
v -0.582679 1.107117 0.031279
vn 0.000014 -0.000018 -6.283185
v -5.812518 12.591853 0.031291
# 1470 vertices, 0 vertices normals

f 3//3 96//96 1//1
f 1//1 96//96 97//97
f 97//97 198//198 1//1
f 1//1 2//2 3//3
f 3//3 2//2 4//4
f 3//3 4//4 5//5
f 97//97 200//200 198//198
f 6//6 200//200 97//97
f 200//200 199//199 198//198
f 5//5 9//9 8//8
f 12//12 1254//1254 11//11
f 11//11 1447//1447 1445//1445
f 81//81 80//80 13//13
f 20//20 18//18 69//69
f 20//20 69//69 68//68
f 17//17 15//15 49//49
f 15//15 17//17 16//16
f 75//75 47//47 16//16
f 17//17 49//49 36//36
f 19//19 75//75 17//17
f 19//19 67//67 75//75
f 16//16 17//17 75//75
f 14//14 67//67 19//19
f 19//19 20//20 14//14
f 19//19 18//18 20//20
f 18//18 13//13 69//69
f 21//21 19//19 17//17
f 18//18 19//19 21//21
f 81//81 13//13 21//21
f 1144//1144 52//52 22//22
f 81//81 21//21 72//72
f 23//23 83//83 112//112
f 53//53 82//82 23//23
f 83//83 23//23 82//82
f 24//24 50//50 25//25
f 1151//1151 79//79 25//25
f 25//25 50//50 1144//1144
f 27//27 25//25 79//79
f 79//79 29//29 27//27
f 24//24 25//25 27//27
f 24//24 27//27 30//30
f 30//30 28//28 24//24
f 29//29 67//67 28//28
f 28//28 30//30 29//29
f 31//31 42//42 32//32
f 32//32 33//33 31//31
f 33//33 32//32 43//43
f 43//43 41//41 35//35
f 35//35 33//33 43//43
f 41//41 1145//1145 35//35
f 35//35 34//34 33//33
f 36//36 48//48 71//71
f 41//41 45//45 40//40
f 41//41 43//43 45//45
f 45//45 44//44 40//40
f 37//37 45//45 43//43
f 38//38 46//46 37//37
f 1146//1146 46//46 38//38
f 40//40 44//44 1147//1147
f 1147//1147 44//44 39//39
f 42//42 38//38 37//37
f 32//32 37//37 43//43
f 32//32 42//42 37//37
f 45//45 47//47 44//44
f 15//15 37//37 46//46
f 15//15 45//45 37//37
f 47//47 45//45 16//16
f 48//48 46//46 115//115
f 49//49 46//46 48//48
f 116//116 47//47 75//75
f 116//116 75//75 29//29
f 75//75 67//67 29//29
f 48//48 36//36 49//49
f 1144//1144 50//50 52//52
f 50//50 51//51 52//52
f 13//13 80//80 74//74
f 82//82 53//53 109//109
f 57//57 50//50 24//24
f 58//58 54//54 55//55
f 55//55 56//56 57//57
f 58//58 55//55 57//57
f 56//56 51//51 57//57
f 50//50 57//57 51//51
f 58//58 57//57 24//24
f 77//77 54//54 58//58
f 78//78 28//28 67//67
f 59//59 1154//1154 1446//1446
f 64//64 68//68 69//69
f 63//63 65//65 1446//1446
f 63//63 1446//1446 1163//1163
f 61//61 62//62 1155//1155
f 65//65 62//62 1446//1446
f 62//62 61//61 1446//1446
f 1156//1156 65//65 64//64
f 67//67 14//14 66//66
f 66//66 77//77 78//78
f 78//78 67//67 66//66
f 68//68 63//63 20//20
f 20//20 63//63 14//14
f 17//17 36//36 72//72
f 17//17 72//72 21//21
f 70//70 64//64 69//69
f 70//70 69//69 74//74
f 69//69 13//13 74//74
f 74//74 73//73 70//70
f 36//36 71//71 72//72
f 117//117 23//23 72//72
f 23//23 81//81 72//72
f 53//53 73//73 74//74
f 74//74 109//109 53//53
f 29//29 79//79 116//116
f 77//77 58//58 78//78
f 14//14 63//63 66//66
f 58//58 24//24 28//28
f 28//28 78//78 58//58
f 46//46 49//49 15//15
f 16//16 45//45 15//15
f 44//44 47//47 39//39
f 65//65 63//63 68//68
f 65//65 68//68 64//64
f 80//80 81//81 111//111
f 83//83 106//106 112//112
f 109//109 110//110 113//113
f 109//109 74//74 110//110
f 109//109 108//108 82//82
f 105//105 101//101 86//86
f 102//102 85//85 88//88
f 1255//1255 102//102 88//88
f 89//89 1255//1255 88//88
f 104//104 95//95 90//90
f 85//85 104//104 90//90
f 90//90 88//88 85//85
f 91//91 94//94 1256//1256
f 105//105 93//93 1256//1256
f 86//86 93//93 105//105
f 93//93 86//86 92//92
f 92//92 86//86 84//84
f 89//89 88//88 87//87
f 98//98 90//90 95//95
f 90//90 87//87 88//88
f 84//84 3//3 92//92
f 89//89 3//3 84//84
f 96//96 87//87 98//98
f 89//89 87//87 96//96
f 95//95 94//94 98//98
f 90//90 98//98 87//87
f 8//8 92//92 5//5
f 3//3 5//5 92//92
f 96//96 98//98 97//97
f 96//96 3//3 89//89
f 6//6 97//97 98//98
f 99//99 100//100 203//203
f 99//99 203//203 6//6
f 99//99 6//6 98//98
f 94//94 99//99 98//98
f 100//100 11//11 203//203
f 99//99 94//94 100//100
f 91//91 100//100 94//94
f 8//8 7//7 91//91
f 8//8 91//91 93//93
f 8//8 93//93 92//92
f 101//101 84//84 86//86
f 1255//1255 84//84 1448//1448
f 1255//1255 1448//1448 102//102
f 85//85 102//102 103//103
f 85//85 113//113 104//104
f 1256//1256 114//114 105//105
f 104//104 114//114 95//95
f 83//83 107//107 106//106
f 107//107 83//83 108//108
f 108//108 83//83 82//82
f 80//80 114//114 110//110
f 112//112 111//111 81//81
f 101//101 106//106 1448//1448
f 1448//1448 106//106 107//107
f 102//102 1448//1448 107//107
f 103//103 102//102 107//107
f 103//103 107//107 108//108
f 103//103 113//113 85//85
f 113//113 103//103 108//108
f 110//110 114//114 104//104
f 113//113 110//110 104//104
f 111//111 105//105 114//114
f 114//114 80//80 111//111
f 112//112 1449//1449 111//111
f 112//112 106//106 1449//1449
f 47//47 1157//1157 39//39
f 115//115 46//46 1166//1166
f 47//47 116//116 1157//1157
f 48//48 1158//1158 71//71
f 71//71 117//117 72//72
f 23//23 117//117 118//118
f 53//53 23//23 118//118
f 119//119 1372//1372 1288//1288
f 120//120 1372//1372 119//119
f 192//192 120//120 119//119
f 126//126 194//194 121//121
f 121//121 194//194 123//123
f 120//120 123//123 194//194
f 126//126 124//124 125//125
f 159//159 569//569 127//127
f 124//124 159//159 127//127
f 128//128 125//125 124//124
f 124//124 127//127 128//128
f 2//2 197//197 4//4
f 127//127 5//5 4//4
f 541//541 129//129 542//542
f 548//548 132//132 569//569
f 9//9 5//5 188//188
f 132//132 130//130 188//188
f 131//131 1452//1452 188//188
f 127//127 569//569 132//132
f 133//133 187//187 149//149
f 134//134 133//133 149//149
f 521//521 133//133 1447//1447
f 133//133 134//134 1445//1445
f 136//136 1254//1254 12//12
f 134//134 12//12 1445//1445
f 136//136 12//12 148//148
f 1445//1445 1447//1447 133//133
f 135//135 1257//1257 136//136
f 182//182 179//179 138//138
f 182//182 778//778 180//180
f 140//140 184//184 170//170
f 175//175 147//147 1258//1258
f 143//143 142//142 1258//1258
f 143//143 141//141 142//142
f 567//567 145//145 568//568
f 524//524 568//568 145//145
f 135//135 136//136 146//146
f 149//149 141//141 143//143
f 146//146 148//148 143//143
f 150//150 524//524 151//151
f 151//151 152//152 523//523
f 561//561 541//541 539//539
f 153//153 154//154 155//155
f 518//518 547//547 157//157
f 518//518 157//157 158//158
f 210//210 573//573 122//122
f 518//518 122//122 156//156
f 157//157 1384//1384 158//158
f 153//153 566//566 160//160
f 162//162 155//155 154//154
f 162//162 154//154 161//161
f 162//162 161//161 163//163
f 163//163 761//761 760//760
f 1261//1261 163//163 165//165
f 163//163 164//164 761//761
f 163//163 1261//1261 164//164
f 571//571 573//573 166//166
f 154//154 153//153 160//160
f 167//167 161//161 154//154
f 154//154 160//160 167//167
f 769//769 172//172 169//169
f 169//169 172//172 171//171
f 171//171 172//172 170//170
f 177//177 566//566 153//153
f 566//566 171//171 178//178
f 177//177 169//169 171//171
f 178//178 171//171 1373//1373
f 170//170 174//174 1373//1373
f 1373//1373 171//171 170//170
f 1373//1373 567//567 565//565
f 139//139 172//172 769//769
f 140//140 172//172 139//139
f 184//184 140//140 179//179
f 183//183 176//176 142//142
f 182//182 176//176 183//183
f 182//182 180//180 176//176
f 142//142 141//141 181//181
f 142//142 181//181 183//183
f 181//181 185//185 183//183
f 185//185 181//181 526//526
f 186//186 144//144 526//526
f 133//133 521//521 187//187
f 136//136 189//189 1254//1254
f 1257//1257 189//189 136//136
f 734//734 190//190 1257//1257
f 1257//1257 135//135 734//734
f 191//191 1257//1257 190//190
f 191//191 1383//1383 189//189
f 189//189 1257//1257 191//191
f 10//10 1254//1254 189//189
f 189//189 1383//1383 10//10
f 192//192 193//193 1261//1261
f 192//192 119//119 193//193
f 195//195 1372//1372 120//120
f 120//120 194//194 195//195
f 195//195 194//194 496//496
f 195//195 493//493 1372//1372
f 501//501 126//126 125//125
f 501//501 496//496 194//194
f 194//194 126//126 501//501
f 128//128 196//196 125//125
f 196//196 1279//1279 125//125
f 196//196 128//128 197//197
f 1279//1279 196//196 503//503
f 504//504 506//506 1281//1281
f 197//197 506//506 196//196
f 197//197 2//2 1//1
f 198//198 197//197 1//1
f 198//198 1281//1281 197//197
f 200//200 201//201 199//199
f 202//202 200//200 6//6
f 201//201 200//200 202//202
f 508//508 199//199 201//201
f 201//201 202//202 517//517
f 517//517 202//202 204//204
f 203//203 204//204 202//202
f 202//202 6//6 203//203
f 203//203 10//10 1285//1285
f 1285//1285 204//204 203//203
f 160//160 566//566 564//564
f 210//210 121//121 209//209
f 165//165 210//210 209//209
f 165//165 166//166 210//210
f 123//123 120//120 192//192
f 192//192 211//211 123//123
f 209//209 121//121 123//123
f 123//123 211//211 209//209
f 165//165 209//209 211//211
f 211//211 1261//1261 165//165
f 211//211 192//192 1261//1261
f 212//212 213//213 224//224
f 215//215 223//223 230//230
f 304//304 215//215 230//230
f 216//216 255//255 253//253
f 218//218 214//214 216//216
f 277//277 221//221 256//256
f 253//253 217//217 216//216
f 218//218 279//279 273//273
f 221//221 218//218 216//216
f 256//256 221//221 216//216
f 219//219 279//279 218//218
f 222//222 223//223 221//221
f 214//214 218//218 273//273
f 218//218 221//221 223//223
f 220//220 219//219 224//224
f 212//212 219//219 215//215
f 212//212 224//224 219//219
f 218//218 223//223 219//219
f 215//215 219//219 223//223
f 225//225 228//228 227//227
f 226//226 225//225 227//227
f 225//225 264//264 258//258
f 228//228 225//225 258//258
f 230//230 222//222 229//229
f 229//229 222//222 1171//1171
f 264//264 226//226 1374//1374
f 231//231 233//233 235//235
f 231//231 234//234 233//233
f 231//231 227//227 232//232
f 226//226 227//227 231//231
f 264//264 225//225 226//226
f 1374//1374 226//226 231//231
f 1183//1183 281//281 233//233
f 253//253 235//235 281//281
f 255//255 236//236 235//235
f 214//214 236//236 255//255
f 240//240 237//237 250//250
f 238//238 250//250 237//237
f 248//248 241//241 240//240
f 241//241 248//248 239//239
f 240//240 241//241 237//237
f 243//243 284//284 242//242
f 244//244 245//245 252//252
f 246//246 1262//1262 245//245
f 247//247 1180//1180 249//249
f 247//247 249//249 248//248
f 247//247 248//248 242//242
f 284//284 247//247 242//242
f 248//248 249//249 239//239
f 250//250 238//238 245//245
f 250//250 245//245 244//244
f 244//244 240//240 250//250
f 248//248 240//240 242//242
f 240//240 244//244 243//243
f 243//243 242//242 240//240
f 251//251 244//244 252//252
f 243//243 244//244 251//251
f 217//217 284//284 243//243
f 243//243 251//251 217//217
f 247//247 254//254 1180//1180
f 252//252 245//245 1262//1262
f 251//251 252//252 256//256
f 254//254 217//217 281//281
f 214//214 255//255 216//216
f 253//253 255//255 235//235
f 252//252 1173//1173 256//256
f 216//216 251//251 256//256
f 251//251 216//216 217//217
f 217//217 253//253 281//281
f 257//257 259//259 258//258
f 1168//1168 228//228 258//258
f 1168//1168 258//258 259//259
f 474//474 476//476 224//224
f 474//474 224//224 213//213
f 260//260 1187//1187 476//476
f 264//264 1374//1374 257//257
f 261//261 263//263 257//257
f 259//259 262//262 1179//1179
f 1179//1179 262//262 263//263
f 259//259 257//257 262//262
f 262//262 257//257 263//263
f 257//257 258//258 264//264
f 282//282 261//261 275//275
f 275//275 236//236 214//214
f 266//266 267//267 265//265
f 1181//1181 266//266 265//265
f 269//269 266//266 1185//1185
f 269//269 267//267 266//266
f 270//270 285//285 272//272
f 285//285 270//270 271//271
f 270//270 272//272 1153//1153
f 283//283 271//271 268//268
f 268//268 267//267 269//269
f 270//270 1153//1153 265//265
f 268//268 270//270 265//265
f 270//270 268//268 271//271
f 268//268 265//265 267//267
f 285//285 279//279 276//276
f 285//285 276//276 272//272
f 271//271 273//273 285//285
f 282//282 273//273 274//274
f 214//214 273//273 275//275
f 279//279 285//285 273//273
f 222//222 221//221 277//277
f 219//219 220//220 279//279
f 220//220 280//280 278//278
f 222//222 230//230 223//223
f 224//224 476//476 220//220
f 217//217 254//254 284//284
f 283//283 274//274 271//271
f 273//273 282//282 275//275
f 271//271 274//274 273//273
f 233//233 281//281 235//235
f 275//275 261//261 236//236
f 261//261 235//235 236//236
f 284//284 254//254 247//247
f 287//287 578//578 288//288
f 287//287 318//318 578//578
f 324//324 322//322 292//292
f 293//293 1263//1263 1376//1376
f 307//307 317//317 308//308
f 1376//1376 296//296 295//295
f 297//297 300//300 302//302
f 302//302 298//298 297//297
f 295//295 296//296 297//297
f 297//297 299//299 295//295
f 300//300 1175//1175 301//301
f 301//301 302//302 300//300
f 297//297 296//296 300//300
f 300//300 296//296 1175//1175
f 296//296 1376//1376 1263//1263
f 1263//1263 1175//1175 296//296
f 304//304 303//303 215//215
f 304//304 306//306 305//305
f 305//305 1375//1375 304//304
f 229//229 304//304 230//230
f 306//306 304//304 229//229
f 317//317 307//307 298//298
f 299//299 372//372 371//371
f 309//309 310//310 293//293
f 309//309 293//293 1376//1376
f 293//293 310//310 312//312
f 314//314 293//293 312//312
f 317//317 316//316 315//315
f 292//292 291//291 338//338
f 320//320 318//318 319//319
f 320//320 321//321 1264//1264
f 321//321 369//369 1264//1264
f 324//324 323//323 322//322
f 323//323 372//372 322//322
f 292//292 311//311 324//324
f 338//338 291//291 351//351
f 327//327 351//351 291//291
f 305//305 306//306 332//332
f 331//331 305//305 332//332
f 290//290 332//332 306//306
f 330//330 331//331 333//333
f 334//334 331//331 332//332
f 333//333 334//334 1265//1265
f 334//334 333//333 331//331
f 288//288 289//289 329//329
f 335//335 579//579 338//338
f 579//579 335//335 336//336
f 336//336 1377//1377 579//579
f 336//336 339//339 1377//1377
f 330//330 333//333 341//341
f 313//313 340//340 341//341
f 314//314 342//342 1362//1362
f 342//342 314//314 313//313
f 341//341 333//333 1265//1265
f 1329//1329 343//343 1265//1265
f 346//346 376//376 347//347
f 346//346 347//347 345//345
f 287//287 345//345 347//347
f 345//345 287//287 286//286
f 376//376 362//362 347//347
f 347//347 362//362 318//318
f 348//348 349//349 350//350
f 346//346 345//345 349//349
f 349//349 348//348 346//346
f 349//349 286//286 1378//1378
f 349//349 345//345 286//286
f 350//350 349//349 1378//1378
f 308//308 455//455 373//373
f 353//353 338//338 351//351
f 352//352 351//351 327//327
f 335//335 338//338 353//353
f 353//353 348//348 350//350
f 359//359 354//354 355//355
f 354//354 462//462 355//355
f 357//357 361//361 358//358
f 359//359 357//357 358//358
f 360//360 483//483 386//386
f 358//358 361//361 383//383
f 375//375 344//344 363//363
f 363//363 362//362 375//375
f 213//213 363//363 344//344
f 363//363 319//319 362//362
f 364//364 321//321 320//320
f 320//320 319//319 365//365
f 365//365 364//364 320//320
f 319//319 363//363 365//365
f 365//365 213//213 212//212
f 365//365 363//363 213//213
f 212//212 368//368 364//364
f 364//364 365//365 212//212
f 364//364 368//368 574//574
f 215//215 303//303 368//368
f 212//212 215//215 368//368
f 370//370 368//368 303//303
f 305//305 1286//1286 1454//1454
f 370//370 303//303 1375//1375
f 305//305 331//331 1286//1286
f 328//328 1286//1286 331//331
f 331//331 330//330 328//328
f 340//340 326//326 576//576
f 576//576 330//330 340//340
f 576//576 328//328 330//330
f 326//326 340//340 313//313
f 312//312 325//325 326//326
f 312//312 326//326 313//313
f 310//310 309//309 324//324
f 325//325 312//312 310//310
f 323//323 371//371 372//372
f 371//371 323//323 309//309
f 327//327 372//372 307//307
f 307//307 372//372 298//298
f 352//352 327//327 307//307
f 307//307 373//373 352//352
f 307//307 308//308 373//373
f 360//360 386//386 387//387
f 352//352 471//471 383//383
f 383//383 351//351 352//352
f 361//361 353//353 351//351
f 351//351 383//383 361//361
f 352//352 373//373 471//471
f 471//471 373//373 455//455
f 454//454 375//375 472//472
f 454//454 344//344 375//375
f 375//375 374//374 472//472
f 374//374 375//375 362//362
f 376//376 469//469 374//374
f 362//362 376//376 374//374
f 348//348 470//470 377//377
f 377//377 346//346 348//348
f 469//469 376//376 377//377
f 376//376 346//346 377//377
f 353//353 378//378 348//348
f 379//379 380//380 445//445
f 463//463 462//462 354//354
f 354//354 382//382 463//463
f 463//463 382//382 379//379
f 359//359 358//358 384//384
f 384//384 382//382 359//359
f 384//384 380//380 379//379
f 379//379 382//382 384//384
f 382//382 354//354 359//359
f 380//380 383//383 445//445
f 385//385 384//384 358//358
f 380//380 384//384 385//385
f 452//452 386//386 1194//1194
f 386//386 483//483 1194//1194
f 383//383 471//471 387//387
f 385//385 358//358 383//383
f 383//383 380//380 385//385
f 390//390 388//388 1379//1379
f 434//434 1379//1379 389//389
f 1267//1267 389//389 1379//1379
f 445//445 392//392 391//391
f 394//394 1268//1268 393//393
f 442//442 397//397 1269//1269
f 399//399 442//442 1269//1269
f 400//400 418//418 421//421
f 400//400 402//402 418//418
f 400//400 401//401 402//402
f 418//418 402//402 399//399
f 404//404 403//403 423//423
f 404//404 401//401 403//403
f 401//401 404//404 440//440
f 401//401 406//406 402//402
f 426//426 407//407 423//423
f 407//407 404//404 423//423
f 1381//1381 407//407 426//426
f 408//408 438//438 1272//1272
f 407//407 440//440 404//404
f 1381//1381 1272//1272 407//407
f 1381//1381 410//410 409//409
f 486//486 439//439 408//408
f 439//439 438//438 408//408
f 408//408 1272//1272 1381//1381
f 412//412 1270//1270 411//411
f 415//415 414//414 500//500
f 500//500 416//416 415//415
f 417//417 416//416 500//500
f 417//417 421//421 416//416
f 421//421 418//418 416//416
f 395//395 416//416 398//398
f 395//395 415//415 416//416
f 416//416 418//418 398//398
f 421//421 417//417 420//420
f 420//420 400//400 421//421
f 419//419 502//502 505//505
f 422//422 403//403 419//419
f 419//419 505//505 422//422
f 423//423 403//403 422//422
f 403//403 400//400 420//420
f 419//419 403//403 420//420
f 424//424 422//422 1451//1451
f 424//424 1451//1451 425//425
f 424//424 426//426 423//423
f 425//425 429//429 424//424
f 425//425 428//428 429//429
f 424//424 429//429 427//427
f 1271//1271 427//427 429//429
f 490//490 427//427 1271//1271
f 427//427 490//490 410//410
f 426//426 424//424 427//427
f 449//449 431//431 430//430
f 389//389 430//430 431//431
f 392//392 449//449 430//430
f 391//391 392//392 430//430
f 431//431 434//434 389//389
f 431//431 433//433 434//434
f 433//433 431//431 432//432
f 435//435 432//432 448//448
f 436//436 450//450 435//435
f 432//432 431//431 448//448
f 435//435 448//448 436//436
f 439//439 468//468 438//438
f 459//459 405//405 1272//1272
f 459//459 447//447 405//405
f 406//406 401//401 405//405
f 447//447 406//406 405//405
f 441//441 406//406 447//447
f 1382//1382 402//402 406//406
f 446//446 1382//1382 441//441
f 1382//1382 406//406 441//441
f 443//443 399//399 1382//1382
f 391//391 1266//1266 1380//1380
f 444//444 1268//1268 397//397
f 442//442 443//443 1266//1266
f 444//444 397//397 442//442
f 442//442 1266//1266 444//444
f 1267//1267 1273//1273 1266//1266
f 444//444 1273//1273 1274//1274
f 1274//1274 1273//1273 388//388
f 383//383 449//449 392//392
f 445//445 383//383 392//392
f 383//383 387//387 449//449
f 445//445 1380//1380 446//446
f 441//441 381//381 446//446
f 381//381 379//379 445//445
f 445//445 446//446 381//381
f 381//381 441//441 447//447
f 448//448 449//449 387//387
f 387//387 436//436 448//448
f 448//448 431//431 449//449
f 387//387 386//386 452//452
f 451//451 450//450 436//436
f 436//436 387//387 452//452
f 452//452 451//451 436//436
f 452//452 1194//1194 453//453
f 452//452 453//453 451//451
f 344//344 1275//1275 474//474
f 1275//1275 344//344 454//454
f 308//308 481//481 455//455
f 468//468 439//439 1247//1247
f 451//451 453//453 437//437
f 468//468 456//456 467//467
f 457//457 456//456 468//468
f 460//460 1197//1197 458//458
f 465//465 460//460 458//458
f 461//461 447//447 459//459
f 467//467 460//460 466//466
f 460//460 465//465 466//466
f 461//461 462//462 463//463
f 379//379 381//381 463//463
f 463//463 447//447 461//461
f 461//461 465//465 464//464
f 464//464 462//462 461//461
f 464//464 465//465 469//469
f 462//462 464//464 355//355
f 464//464 469//469 356//356
f 356//356 355//355 464//464
f 461//461 466//466 465//465
f 461//461 459//459 467//467
f 466//466 461//461 467//467
f 468//468 467//467 459//459
f 459//459 1272//1272 438//438
f 468//468 459//459 438//438
f 468//468 1192//1192 457//457
f 470//470 357//357 355//355
f 355//355 356//356 470//470
f 470//470 356//356 377//377
f 357//357 378//378 361//361
f 378//378 470//470 348//348
f 378//378 357//357 470//470
f 378//378 353//353 361//361
f 387//387 471//471 360//360
f 471//471 455//455 360//360
f 360//360 455//455 491//491
f 458//458 492//492 472//472
f 472//472 469//469 465//465
f 469//469 472//472 374//374
f 1173//1173 277//277 256//256
f 476//476 474//474 473//473
f 260//260 476//476 473//473
f 1170//1170 272//272 276//276
f 220//220 276//276 279//279
f 278//278 276//276 220//220
f 280//280 220//220 476//476
f 282//282 1182//1182 1184//1184
f 294//294 477//477 1263//1263
f 301//301 478//478 302//302
f 317//317 478//478 316//316
f 478//478 301//301 316//316
f 302//302 478//478 298//298
f 298//298 478//478 317//317
f 481//481 308//308 315//315
f 480//480 473//473 1275//1275
f 473//473 480//480 260//260
f 474//474 1275//1275 473//473
f 484//484 482//482 481//481
f 482//482 455//455 481//481
f 482//482 484//484 491//491
f 1275//1275 454//454 479//479
f 1199//1199 479//479 472//472
f 479//479 454//454 472//472
f 1178//1178 1197//1197 460//460
f 460//460 467//467 1178//1178
f 1189//1189 457//457 1192//1192
f 485//485 1248//1248 409//409
f 485//485 409//409 410//410
f 488//488 512//512 487//487
f 490//490 485//485 410//410
f 489//489 1271//1271 488//488
f 1178//1178 467//467 456//456
f 1247//1247 1192//1192 468//468
f 1178//1178 456//456 1189//1189
f 1189//1189 456//456 457//457
f 483//483 360//360 491//491
f 491//491 484//484 1177//1177
f 1276//1276 493//493 1277//1277
f 494//494 1276//1276 1278//1278
f 496//496 414//414 497//497
f 414//414 415//415 413//413
f 497//497 413//413 1277//1277
f 500//500 499//499 498//498
f 501//501 125//125 1279//1279
f 500//500 414//414 499//499
f 419//419 1280//1280 502//502
f 503//503 1280//1280 498//498
f 498//498 1280//1280 417//417
f 498//498 1279//1279 503//503
f 1451//1451 422//422 505//505
f 506//506 504//504 502//502
f 506//506 502//502 503//503
f 507//507 425//425 1451//1451
f 504//504 507//507 1451//1451
f 198//198 199//199 1281//1281
f 513//513 1282//1282 1283//1283
f 425//425 507//507 1282//1282
f 428//428 425//425 1282//1282
f 507//507 199//199 508//508
f 507//507 508//508 1282//1282
f 1284//1284 509//509 510//510
f 511//511 487//487 512//512
f 512//512 1284//1284 510//510
f 510//510 511//511 512//512
f 512//512 513//513 1284//1284
f 488//488 513//513 512//512
f 517//517 1284//1284 1283//1283
f 1285//1285 10//10 1383//1383
f 1383//1383 514//514 1285//1285
f 514//514 515//515 1285//1285
f 516//516 204//204 515//515
f 509//509 516//516 1395//1395
f 509//509 1284//1284 516//516
f 517//517 204//204 516//516
f 516//516 1284//1284 517//517
f 156//156 122//122 573//573
f 573//573 571//571 570//570
f 158//158 519//519 122//122
f 519//519 121//121 122//122
f 122//122 121//121 210//210
f 573//573 210//210 166//166
f 122//122 518//518 158//158
f 158//158 1384//1384 159//159
f 167//167 166//166 161//161
f 166//166 165//165 161//161
f 571//571 166//166 167//167
f 121//121 519//519 126//126
f 124//124 519//519 158//158
f 159//159 124//124 158//158
f 126//126 519//519 124//124
f 1452//1452 521//521 527//527
f 150//150 151//151 523//523
f 187//187 521//521 1452//1452
f 525//525 152//152 151//151
f 524//524 525//525 151//151
f 525//525 186//186 152//152
f 145//145 186//186 525//525
f 524//524 145//145 525//525
f 187//187 186//186 149//149
f 145//145 144//144 186//186
f 567//567 1373//1373 1450//1450
f 174//174 185//185 1450//1450
f 138//138 778//778 182//182
f 521//521 7//7 527//527
f 9//9 188//188 527//527
f 9//9 527//527 7//7
f 522//522 523//523 131//131
f 131//131 548//548 522//522
f 130//130 131//131 188//188
f 131//131 130//130 548//548
f 548//548 549//549 522//522
f 549//549 150//150 522//522
f 139//139 179//179 140//140
f 531//531 532//532 530//530
f 530//530 558//558 531//531
f 533//533 534//534 565//565
f 533//533 535//535 208//208
f 567//567 568//568 535//535
f 535//535 533//533 567//567
f 563//563 537//537 559//559
f 561//561 539//539 552//552
f 544//544 1384//1384 157//157
f 540//540 547//547 520//520
f 165//165 163//163 161//161
f 138//138 179//179 550//550
f 139//139 550//550 179//179
f 182//182 184//184 179//179
f 184//184 182//182 183//183
f 127//127 132//132 5//5
f 132//132 188//188 5//5
f 7//7 8//8 9//9
f 132//132 548//548 130//130
f 131//131 523//523 1452//1452
f 527//527 188//188 1452//1452
f 523//523 152//152 1452//1452
f 150//150 523//523 522//522
f 187//187 1452//1452 152//152
f 526//526 144//144 185//185
f 526//526 181//181 141//141
f 183//183 185//185 184//184
f 561//561 552//552 553//553
f 552//552 551//551 553//553
f 554//554 553//553 551//551
f 536//536 554//554 208//208
f 552//552 539//539 556//556
f 560//560 207//207 555//555
f 555//555 553//553 554//554
f 554//554 560//560 555//555
f 532//532 534//534 173//173
f 137//137 532//532 173//173
f 565//565 534//534 178//178
f 559//559 536//536 528//528
f 559//559 528//528 549//549
f 205//205 543//543 129//129
f 206//206 542//542 543//543
f 173//173 534//534 533//533
f 560//560 536//536 559//559
f 536//536 560//560 554//554
f 553//553 555//555 561//561
f 556//556 539//539 529//529
f 538//538 552//552 556//556
f 551//551 552//552 538//538
f 533//533 208//208 173//173
f 568//568 524//524 528//528
f 537//537 205//205 559//559
f 205//205 207//207 559//559
f 535//535 568//568 536//536
f 208//208 535//535 536//536
f 207//207 560//560 559//559
f 544//544 205//205 537//537
f 129//129 543//543 542//542
f 539//539 541//541 540//540
f 539//539 540//540 562//562
f 173//173 551//551 137//137
f 532//532 137//137 530//530
f 558//558 530//530 529//529
f 539//539 557//557 529//529
f 562//562 557//557 539//539
f 540//540 541//541 546//546
f 541//541 542//542 546//546
f 540//540 546//546 547//547
f 546//546 542//542 206//206
f 206//206 157//157 547//547
f 547//547 546//546 206//206
f 544//544 206//206 543//543
f 157//157 206//206 544//544
f 1384//1384 544//544 545//545
f 543//543 205//205 544//544
f 545//545 544//544 537//537
f 563//563 559//559 549//549
f 536//536 568//568 528//528
f 160//160 564//564 531//531
f 531//531 564//564 532//532
f 532//532 564//564 534//534
f 567//567 533//533 565//565
f 1373//1373 565//565 178//178
f 540//540 520//520 572//572
f 178//178 564//564 566//566
f 537//537 563//563 545//545
f 524//524 150//150 528//528
f 150//150 549//549 528//528
f 563//563 549//549 548//548
f 159//159 1384//1384 569//569
f 563//563 569//569 545//545
f 563//563 548//548 569//569
f 551//551 208//208 554//554
f 129//129 541//541 561//561
f 555//555 129//129 561//561
f 540//540 572//572 562//562
f 137//137 551//551 538//538
f 538//538 530//530 137//137
f 178//178 534//534 564//564
f 1453//1453 558//558 168//168
f 557//557 168//168 558//558
f 530//530 538//538 529//529
f 538//538 556//556 529//529
f 529//529 557//557 558//558
f 520//520 570//570 572//572
f 570//570 571//571 168//168
f 168//168 557//557 562//562
f 570//570 520//520 156//156
f 570//570 156//156 573//573
f 168//168 572//572 570//570
f 518//518 520//520 547//547
f 518//518 156//156 520//520
f 364//364 574//574 321//321
f 1264//1264 369//369 367//367
f 321//321 574//574 369//369
f 574//574 366//366 369//369
f 320//320 1264//1264 578//578
f 578//578 318//318 320//320
f 286//286 287//287 288//288
f 367//367 366//366 370//370
f 366//366 368//368 370//370
f 369//369 366//366 367//367
f 287//287 347//347 318//318
f 339//339 329//329 328//328
f 1286//1286 328//328 329//329
f 337//337 329//329 339//339
f 328//328 576//576 577//577
f 576//576 326//326 577//577
f 339//339 577//577 1377//1377
f 575//575 289//289 578//578
f 329//329 337//337 288//288
f 337//337 286//286 288//288
f 336//336 337//337 339//339
f 286//286 337//337 1378//1378
f 579//579 1377//1377 311//311
f 311//311 292//292 579//579
f 325//325 311//311 1377//1377
f 311//311 325//325 324//324
f 292//292 322//322 291//291
f 327//327 322//322 372//372
f 322//322 327//327 291//291
f 299//299 371//371 295//295
f 309//309 1376//1376 371//371
f 366//366 574//574 368//368
f 1282//1282 513//513 428//428
f 488//488 1271//1271 428//428
f 513//513 488//488 428//428
f 201//201 517//517 1283//1283
f 580//580 691//691 581//581
f 582//582 691//691 580//580
f 580//580 585//585 582//582
f 581//581 583//583 580//580
f 584//584 583//583 581//581
f 689//689 584//584 581//581
f 585//585 800//800 582//582
f 582//582 800//800 694//694
f 586//586 592//592 590//590
f 694//694 586//586 590//590
f 589//589 588//588 593//593
f 591//591 590//590 592//592
f 592//592 595//595 591//591
f 593//593 587//587 696//696
f 696//696 591//591 593//593
f 591//591 594//594 593//593
f 593//593 594//594 730//730
f 595//595 594//594 591//591
f 607//607 596//596 597//597
f 667//667 606//606 599//599
f 599//599 598//598 1287//1287
f 601//601 637//637 638//638
f 1455//1455 601//601 638//638
f 602//602 601//601 1455//1455
f 603//603 602//602 1455//1455
f 1455//1455 604//604 605//605
f 604//604 607//607 605//605
f 607//607 604//604 606//606
f 604//604 598//598 599//599
f 598//598 604//604 1455//1455
f 606//606 604//604 599//599
f 605//605 673//673 1455//1455
f 600//600 605//605 607//607
f 600//600 607//607 597//597
f 616//616 614//614 609//609
f 639//639 609//609 608//608
f 608//608 610//610 639//639
f 677//677 611//611 600//600
f 677//677 600//600 675//675
f 612//612 611//611 677//677
f 615//615 643//643 618//618
f 614//614 608//608 609//609
f 615//615 613//613 614//614
f 615//615 614//614 616//616
f 639//639 616//616 609//609
f 616//616 639//639 615//615
f 617//617 615//615 618//618
f 613//613 615//615 617//617
f 621//621 629//629 620//620
f 622//622 628//628 621//621
f 628//628 629//629 621//621
f 622//622 626//626 628//628
f 622//622 621//621 1200//1200
f 603//603 635//635 602//602
f 623//623 630//630 624//624
f 626//626 631//631 627//627
f 623//623 633//633 630//630
f 633//633 623//623 627//627
f 631//631 633//633 627//627
f 623//623 628//628 627//627
f 620//620 625//625 1174//1174
f 620//620 629//629 624//624
f 629//629 628//628 623//623
f 624//624 629//629 623//623
f 633//633 634//634 630//630
f 625//625 632//632 1203//1203
f 620//620 624//624 632//632
f 625//625 620//620 632//632
f 601//601 630//630 634//634
f 601//601 624//624 630//630
f 635//635 632//632 602//602
f 601//601 602//602 624//624
f 636//636 637//637 710//710
f 637//637 636//636 638//638
f 636//636 619//619 638//638
f 1204//1204 649//649 639//639
f 648//648 649//649 1204//1204
f 670//670 596//596 607//607
f 678//678 671//671 640//640
f 612//612 678//678 641//641
f 1210//1210 612//612 641//641
f 645//645 644//644 646//646
f 646//646 647//647 645//645
f 642//642 647//647 646//646
f 646//646 650//650 642//642
f 649//649 648//648 647//647
f 647//647 642//642 649//649
f 643//643 649//649 642//642
f 615//615 639//639 643//643
f 643//643 639//639 649//649
f 644//644 645//645 1249//1249
f 650//650 646//646 644//644
f 651//651 642//642 650//650
f 618//618 643//643 651//651
f 643//643 642//642 651//651
f 619//619 651//651 650//650
f 660//660 655//655 654//654
f 660//660 654//654 653//653
f 655//655 1206//1206 654//654
f 654//654 1224//1224 653//653
f 667//667 656//656 669//669
f 657//657 660//660 661//661
f 659//659 663//663 658//658
f 655//655 657//657 1208//1208
f 1206//1206 655//655 1208//1208
f 660//660 653//653 658//658
f 660//660 657//657 655//655
f 662//662 657//657 661//661
f 1208//1208 657//657 662//662
f 663//663 1250//1250 656//656
f 664//664 658//658 663//663
f 660//660 658//658 664//664
f 661//661 660//660 664//664
f 598//598 1455//1455 638//638
f 619//619 598//598 638//638
f 656//656 667//667 664//664
f 599//599 661//661 664//664
f 599//599 664//664 667//667
f 668//668 603//603 673//673
f 673//673 611//611 668//668
f 606//606 667//667 670//670
f 670//670 667//667 669//669
f 672//672 671//671 669//669
f 672//672 669//669 656//656
f 611//611 612//612 668//668
f 668//668 612//612 1210//1210
f 600//600 673//673 605//605
f 600//600 611//611 673//673
f 669//669 671//671 670//670
f 607//607 606//606 670//670
f 672//672 640//640 671//671
f 641//641 678//678 640//640
f 710//710 618//618 636//636
f 637//637 601//601 634//634
f 1287//1287 666//666 599//599
f 652//652 666//666 1287//1287
f 662//662 661//661 599//599
f 599//599 666//666 662//662
f 650//650 1287//1287 619//619
f 619//619 1287//1287 598//598
f 1252//1252 1251//1251 617//617
f 1252//1252 617//617 710//710
f 618//618 710//710 617//617
f 650//650 644//644 652//652
f 663//663 656//656 664//664
f 675//675 600//600 597//597
f 702//702 677//677 707//707
f 677//677 702//702 612//612
f 671//671 703//703 596//596
f 678//678 701//701 703//703
f 678//678 702//702 701//701
f 612//612 702//702 678//678
f 709//709 681//681 682//682
f 684//684 685//685 697//697
f 683//683 690//690 692//692
f 684//684 697//697 683//683
f 699//699 1386//1386 679//679
f 685//685 1386//1386 699//699
f 687//687 679//679 686//686
f 680//680 679//679 687//687
f 690//690 682//682 688//688
f 683//683 682//682 690//690
f 587//587 687//687 686//686
f 687//687 681//681 680//680
f 687//687 688//688 681//681
f 682//682 681//681 688//688
f 688//688 689//689 690//690
f 693//693 684//684 691//691
f 691//691 684//684 692//692
f 693//693 686//686 1386//1386
f 684//684 693//693 1386//1386
f 685//685 684//684 1386//1386
f 581//581 690//690 689//689
f 688//688 1387//1387 1385//1385
f 582//582 693//693 691//691
f 692//692 690//690 581//581
f 692//692 581//581 691//691
f 693//693 582//582 694//694
f 694//694 590//590 695//695
f 693//693 694//694 695//695
f 693//693 695//695 686//686
f 590//590 696//696 695//695
f 696//696 686//686 695//695
f 590//590 591//591 696//696
f 686//686 696//696 587//587
f 587//587 593//593 588//588
f 587//587 588//588 1387//1387
f 1387//1387 687//687 587//587
f 688//688 687//687 1387//1387
f 682//682 683//683 676//676
f 676//676 683//683 706//706
f 706//706 683//683 697//697
f 698//698 700//700 697//697
f 698//698 697//697 685//685
f 708//708 698//698 685//685
f 699//699 708//708 685//685
f 681//681 705//705 680//680
f 704//704 679//679 680//680
f 680//680 705//705 704//704
f 679//679 704//704 699//699
f 705//705 681//681 709//709
f 677//677 675//675 707//707
f 700//700 702//702 707//707
f 699//699 704//704 596//596
f 597//597 596//596 704//704
f 597//597 709//709 675//675
f 676//676 706//706 707//707
f 706//706 700//700 707//707
f 700//700 706//706 697//697
f 701//701 700//700 698//698
f 702//702 700//700 701//701
f 708//708 703//703 701//701
f 701//701 698//698 708//708
f 699//699 596//596 703//703
f 705//705 597//597 704//704
f 709//709 597//597 705//705
f 709//709 682//682 676//676
f 675//675 676//676 707//707
f 634//634 633//633 674//674
f 1205//1205 632//632 635//635
f 710//710 637//637 674//674
f 637//637 634//634 674//674
f 672//672 656//656 1250//1250
f 662//662 666//666 1211//1211
f 1389//1389 711//711 716//716
f 711//711 1389//1389 1289//1289
f 1289//1289 1075//1075 711//711
f 495//495 494//494 1289//1289
f 714//714 791//791 718//718
f 713//713 714//714 718//718
f 715//715 714//714 713//713
f 714//714 715//715 716//716
f 717//717 718//718 720//720
f 720//720 718//718 719//719
f 719//719 718//718 791//791
f 721//721 720//720 722//722
f 719//719 793//793 722//722
f 719//719 722//722 720//720
f 584//584 721//721 583//583
f 721//721 795//795 583//583
f 721//721 722//722 795//795
f 723//723 720//720 721//721
f 729//729 730//730 746//746
f 589//589 730//730 729//729
f 589//589 593//593 730//730
f 732//732 594//594 595//595
f 732//732 731//731 746//746
f 746//746 594//594 732//732
f 746//746 730//730 594//594
f 731//731 732//732 1290//1290
f 135//135 733//733 734//734
f 734//734 733//733 1290//1290
f 786//786 1290//1290 732//732
f 550//550 139//139 776//776
f 180//180 736//736 772//772
f 736//736 180//180 778//778
f 1291//1291 782//782 779//779
f 740//740 741//741 784//784
f 739//739 742//742 740//740
f 1420//1420 733//733 147//147
f 1290//1290 1420//1420 731//731
f 1290//1290 733//733 1420//1420
f 744//744 746//746 745//745
f 1420//1420 737//737 745//745
f 731//731 1420//1420 745//745
f 745//745 746//746 731//731
f 744//744 729//729 746//746
f 785//785 589//589 729//729
f 751//751 153//153 155//155
f 155//155 757//757 751//751
f 153//153 751//751 1259//1259
f 717//717 753//753 713//713
f 752//752 753//753 1137//1137
f 1120//1120 1134//1134 805//805
f 757//757 756//756 774//774
f 757//757 774//774 751//751
f 756//756 1128//1128 774//774
f 766//766 757//757 155//155
f 155//155 162//162 766//766
f 766//766 760//760 759//759
f 162//162 760//760 766//766
f 761//761 762//762 760//760
f 763//763 762//762 761//761
f 1101//1101 764//764 810//810
f 1101//1101 712//712 752//752
f 756//756 757//757 767//767
f 767//767 757//757 766//766
f 767//767 1125//1125 756//756
f 767//767 765//765 1136//1136
f 769//769 169//169 1260//1260
f 771//771 1291//1291 775//775
f 770//770 773//773 775//775
f 770//770 775//775 1291//1291
f 770//770 768//768 1260//1260
f 779//779 768//768 1291//1291
f 771//771 739//739 783//783
f 180//180 175//175 176//176
f 175//175 772//772 1388//1388
f 1388//1388 772//772 738//738
f 1259//1259 774//774 1260//1260
f 1128//1128 758//758 773//773
f 1260//1260 774//774 773//773
f 774//774 1128//1128 773//773
f 773//773 770//770 1260//1260
f 758//758 775//775 773//773
f 769//769 776//776 139//139
f 768//768 776//776 769//769
f 768//768 779//779 776//776
f 738//738 736//736 780//780
f 777//777 737//737 738//738
f 738//738 780//780 777//777
f 735//735 138//138 550//550
f 735//735 779//779 736//736
f 779//779 782//782 780//780
f 780//780 782//782 777//777
f 785//785 784//784 741//741
f 785//785 744//744 784//784
f 1107//1107 1108//1108 588//588
f 786//786 732//732 595//595
f 788//788 786//786 595//595
f 786//786 190//190 734//734
f 1097//1097 191//191 190//190
f 190//190 786//786 788//788
f 787//787 788//788 592//592
f 788//788 595//595 592//592
f 1097//1097 190//190 788//788
f 1097//1097 788//788 787//787
f 761//761 164//164 763//763
f 763//763 164//164 193//193
f 789//789 763//763 1389//1389
f 1288//1288 1389//1389 193//193
f 1292//1292 714//714 716//716
f 1292//1292 716//716 790//790
f 716//716 711//711 790//790
f 714//714 1292//1292 791//791
f 1292//1292 792//792 791//791
f 711//711 1075//1075 790//790
f 790//790 1078//1078 1076//1076
f 791//791 792//792 1079//1079
f 1079//1079 793//793 791//791
f 793//793 719//719 791//791
f 793//793 795//795 722//722
f 794//794 1081//1081 1083//1083
f 795//795 793//793 794//794
f 1079//1079 794//794 793//793
f 795//795 1456//1456 583//583
f 795//795 796//796 1084//1084
f 580//580 583//583 1456//1456
f 1456//1456 585//585 580//580
f 585//585 1456//1456 797//797
f 585//585 797//797 800//800
f 694//694 800//800 798//798
f 1090//1090 1089//1089 799//799
f 799//799 798//798 1090//1090
f 1090//1090 798//798 800//800
f 1090//1090 800//800 797//797
f 801//801 586//586 799//799
f 586//586 694//694 798//798
f 798//798 799//799 586//586
f 801//801 592//592 586//586
f 762//762 789//789 810//810
f 715//715 712//712 810//810
f 789//789 715//715 810//810
f 789//789 716//716 715//715
f 762//762 763//763 789//789
f 849//849 896//896 812//812
f 813//813 818//818 817//817
f 817//817 875//875 813//813
f 875//875 814//814 813//813
f 816//816 879//879 811//811
f 816//816 811//811 815//815
f 815//815 811//811 812//812
f 843//843 819//819 847//847
f 876//876 863//863 818//818
f 848//848 827//827 817//817
f 817//817 818//818 821//821
f 820//820 821//821 818//818
f 848//848 817//817 819//819
f 848//848 819//819 843//843
f 818//818 863//863 820//820
f 817//817 821//821 819//819
f 811//811 819//819 821//821
f 812//812 811//811 821//821
f 849//849 812//812 820//820
f 819//819 811//811 879//879
f 882//882 822//822 856//856
f 822//822 881//881 823//823
f 823//823 1212//1212 825//825
f 823//823 825//825 822//822
f 822//822 882//882 881//881
f 881//881 824//824 823//823
f 882//882 827//827 826//826
f 826//826 881//881 882//882
f 857//857 882//882 856//856
f 882//882 857//857 827//827
f 830//830 840//840 839//839
f 830//830 839//839 828//828
f 828//828 1230//1230 830//830
f 830//830 829//829 840//840
f 841//841 840//840 829//829
f 847//847 819//819 1054//1054
f 831//831 832//832 833//833
f 832//832 831//831 883//883
f 833//833 832//832 835//835
f 833//833 835//835 839//839
f 835//835 834//834 839//839
f 834//834 835//835 836//836
f 883//883 831//831 838//838
f 829//829 1213//1213 841//841
f 841//841 1213//1213 838//838
f 838//838 831//831 841//841
f 1230//1230 828//828 834//834
f 839//839 834//834 828//828
f 839//839 840//840 833//833
f 831//831 833//833 840//840
f 840//840 841//841 831//831
f 838//838 842//842 883//883
f 837//837 842//842 838//838
f 883//883 844//844 843//843
f 1235//1235 1293//1293 836//836
f 1235//1235 836//836 846//846
f 846//846 835//835 847//847
f 835//835 832//832 843//843
f 847//847 835//835 843//843
f 857//857 817//817 827//827
f 846//846 847//847 1054//1054
f 848//848 843//843 844//844
f 825//825 1212//1212 1227//1227
f 849//849 1052//1052 1308//1308
f 1308//1308 896//896 849//849
f 850//850 1308//1308 1052//1052
f 1227//1227 851//851 1390//1390
f 1390//1390 856//856 822//822
f 825//825 1390//1390 822//822
f 851//851 1231//1231 852//852
f 852//852 1390//1390 851//851
f 856//856 1390//1390 852//852
f 854//854 1229//1229 853//853
f 855//855 854//854 853//853
f 857//857 856//856 855//855
f 860//860 868//868 858//858
f 860//860 859//859 1232//1232
f 858//858 861//861 859//859
f 861//861 858//858 862//862
f 858//858 866//866 862//862
f 868//868 864//864 869//869
f 860//860 870//870 868//868
f 873//873 864//864 868//868
f 870//870 860//860 1233//1233
f 868//868 870//870 873//873
f 867//867 869//869 865//865
f 869//869 864//864 865//865
f 867//867 866//866 869//869
f 867//867 862//862 866//866
f 867//867 1219//1219 862//862
f 860//860 858//858 859//859
f 869//869 866//866 868//868
f 868//868 866//866 858//858
f 871//871 865//865 864//864
f 871//871 1056//1056 1216//1216
f 876//876 873//873 872//872
f 813//813 873//873 876//876
f 1056//1056 875//875 874//874
f 875//875 817//817 857//857
f 875//875 857//857 855//855
f 872//872 863//863 876//876
f 818//818 813//813 876//876
f 814//814 864//864 813//813
f 863//863 877//877 820//820
f 878//878 880//880 877//877
f 1054//1054 879//879 1457//1457
f 879//879 816//816 1457//1457
f 1054//1054 819//819 879//879
f 820//820 1052//1052 849//849
f 827//827 848//848 845//845
f 842//842 845//845 844//844
f 842//842 1055//1055 845//845
f 845//845 826//826 827//827
f 848//848 844//844 845//845
f 875//875 855//855 874//874
f 814//814 875//875 1056//1056
f 874//874 855//855 853//853
f 1056//1056 871//871 814//814
f 852//852 855//855 856//856
f 854//854 855//855 852//852
f 846//846 836//836 835//835
f 843//843 832//832 883//883
f 844//844 883//883 842//842
f 837//837 1055//1055 842//842
f 864//864 814//814 871//871
f 873//873 813//813 864//864
f 873//873 870//870 872//872
f 1139//1139 885//885 884//884
f 1139//1139 926//926 915//915
f 897//897 887//887 886//886
f 816//816 897//897 1457//1457
f 1214//1214 1308//1308 850//850
f 917//917 918//918 888//888
f 904//904 889//889 908//908
f 910//910 1221//1221 891//891
f 893//893 894//894 892//892
f 1221//1221 894//894 890//890
f 894//894 901//901 890//890
f 901//901 894//894 893//893
f 1238//1238 892//892 894//894
f 892//892 1238//1238 889//889
f 812//812 949//949 950//950
f 812//812 950//950 815//815
f 1458//1458 897//897 815//815
f 890//890 901//901 898//898
f 1057//1057 890//890 898//898
f 900//900 956//956 899//899
f 957//957 956//956 900//900
f 893//893 900//900 901//901
f 900//900 893//893 957//957
f 898//898 901//901 899//899
f 901//901 900//900 899//899
f 892//892 889//889 904//904
f 957//957 892//892 904//904
f 902//902 904//904 903//903
f 904//904 908//908 903//903
f 1142//1142 911//911 1391//1391
f 905//905 902//902 903//903
f 903//903 907//907 905//905
f 906//906 905//905 907//907
f 907//907 903//903 908//908
f 910//910 891//891 1060//1060
f 1057//1057 898//898 943//943
f 942//942 1057//1057 943//943
f 918//918 1295//1295 888//888
f 953//953 1391//1391 1295//1295
f 919//919 1391//1391 953//953
f 921//921 897//897 1315//1315
f 921//921 922//922 887//887
f 887//887 897//897 921//921
f 932//932 933//933 922//922
f 921//921 932//932 922//922
f 924//924 923//923 925//925
f 922//922 933//933 923//923
f 922//922 923//923 924//924
f 887//887 924//924 886//886
f 887//887 922//922 924//924
f 925//925 1217//1217 924//924
f 927//927 915//915 926//926
f 1140//1140 927//927 926//926
f 926//926 884//884 1140//1140
f 1142//1142 919//919 928//928
f 1142//1142 928//928 1141//1141
f 919//919 953//953 955//955
f 930//930 929//929 919//919
f 932//932 931//931 933//933
f 933//933 931//931 906//906
f 1294//1294 923//923 933//933
f 923//923 1294//1294 925//925
f 1294//1294 1215//1215 925//925
f 1392//1392 1036//1036 963//963
f 896//896 1036//1036 945//945
f 945//945 1036//1036 1392//1392
f 935//935 936//936 940//940
f 934//934 1459//1459 940//940
f 935//935 937//937 936//936
f 885//885 913//913 946//946
f 885//885 937//937 935//935
f 934//934 940//940 939//939
f 940//940 938//938 939//939
f 1057//1057 942//942 1063//1063
f 962//962 961//961 1143//1143
f 962//962 1143//1143 911//911
f 958//958 1143//1143 961//961
f 962//962 911//911 960//960
f 939//939 938//938 960//960
f 960//960 912//912 939//939
f 912//912 934//934 939//939
f 944//944 969//969 959//959
f 1042//1042 959//959 1047//1047
f 959//959 1042//1042 944//944
f 961//961 962//962 971//971
f 962//962 959//959 969//969
f 937//937 946//946 945//945
f 948//948 913//913 947//947
f 913//913 948//948 946//946
f 948//948 945//945 946//946
f 949//949 896//896 948//948
f 896//896 945//945 948//948
f 948//948 947//947 949//949
f 1458//1458 815//815 950//950
f 897//897 1458//1458 951//951
f 951//951 1315//1315 897//897
f 952//952 1315//1315 916//916
f 952//952 932//932 921//921
f 955//955 930//930 919//919
f 932//932 952//952 954//954
f 954//954 931//931 932//932
f 905//905 906//906 955//955
f 1295//1295 902//902 905//905
f 905//905 955//955 953//953
f 902//902 1295//1295 918//918
f 899//899 956//956 958//958
f 956//956 957//957 918//918
f 958//958 898//898 899//899
f 898//898 958//958 943//943
f 943//943 958//958 961//961
f 961//961 941//941 943//943
f 941//941 942//942 943//943
f 973//973 970//970 1072//1072
f 962//962 960//960 959//959
f 963//963 1049//1049 1392//1392
f 1049//1049 964//964 1392//1392
f 1392//1392 937//937 945//945
f 964//964 937//937 1392//1392
f 964//964 965//965 936//936
f 937//937 964//964 936//936
f 966//966 1047//1047 938//938
f 938//938 940//940 966//966
f 965//965 940//940 936//936
f 940//940 965//965 966//966
f 967//967 1040//1040 1030//1030
f 944//944 1042//1042 1040//1040
f 1040//1040 968//968 944//944
f 944//944 968//968 969//969
f 969//969 968//968 967//967
f 1067//1067 970//970 1035//1035
f 1067//1067 1072//1072 970//970
f 1048//1048 972//972 974//974
f 971//971 972//972 961//961
f 1048//1048 961//961 972//972
f 969//969 967//967 971//971
f 1048//1048 974//974 973//973
f 1026//1026 388//388 1296//1296
f 1307//1307 1296//1296 975//975
f 975//975 390//390 1014//1014
f 390//390 434//434 1014//1014
f 977//977 1020//1020 1023//1023
f 992//992 394//394 393//393
f 978//978 993//993 393//393
f 995//995 994//994 979//979
f 993//993 978//978 979//979
f 979//979 994//994 993//993
f 984//984 1001//1001 998//998
f 984//984 998//998 981//981
f 980//980 1297//1297 981//981
f 1001//1001 984//984 983//983
f 984//984 1298//1298 983//983
f 1298//1298 985//985 983//983
f 984//984 981//981 1299//1299
f 985//985 1008//1008 983//983
f 986//986 1006//1006 1008//1008
f 1008//1008 985//985 986//986
f 1298//1298 1017//1017 985//985
f 986//986 987//987 1006//1006
f 988//988 1006//1006 987//987
f 1013//1013 988//988 990//990
f 1241//1241 1013//1013 990//990
f 990//990 987//987 989//989
f 1068//1068 1241//1241 990//990
f 1068//1068 990//990 989//989
f 992//992 991//991 411//411
f 411//411 394//394 992//992
f 995//995 999//999 1305//1305
f 996//996 1077//1077 1304//1304
f 1304//1304 999//999 996//996
f 997//997 1001//1001 1082//1082
f 996//996 999//999 997//997
f 999//999 998//998 997//997
f 997//997 998//998 1001//1001
f 980//980 999//999 995//995
f 999//999 1304//1304 1305//1305
f 980//980 981//981 998//998
f 1000//1000 1314//1314 1001//1001
f 1001//1001 983//983 1000//1000
f 1005//1005 1002//1002 1004//1004
f 1009//1009 1085//1085 1005//1005
f 1009//1009 1005//1005 1007//1007
f 1007//1007 1005//1005 1004//1004
f 1006//1006 1007//1007 1008//1008
f 1006//1006 1009//1009 1007//1007
f 1000//1000 983//983 1008//1008
f 1085//1085 1010//1010 1087//1087
f 1010//1010 1011//1011 1087//1087
f 1009//1009 1010//1010 1085//1085
f 1010//1010 1009//1009 1006//1006
f 1006//1006 988//988 1010//1010
f 988//988 1011//1011 1010//1010
f 1012//1012 1093//1093 1087//1087
f 1011//1011 1012//1012 1087//1087
f 1012//1012 1092//1092 1093//1093
f 988//988 1013//1013 1011//1011
f 1015//1015 1014//1014 1027//1027
f 1015//1015 1027//1027 1028//1028
f 1015//1015 1028//1028 977//977
f 1016//1016 433//433 432//432
f 433//433 1016//1016 1014//1014
f 1014//1014 434//434 433//433
f 1027//1027 1014//1014 1016//1016
f 1393//1393 1016//1016 432//432
f 432//432 435//435 1393//1393
f 1027//1027 1393//1393 1031//1031
f 1044//1044 989//989 1306//1306
f 1306//1306 986//986 1300//1300
f 1017//1017 1298//1298 1021//1021
f 1019//1019 1021//1021 1020//1020
f 1019//1019 1017//1017 1021//1021
f 1022//1022 1297//1297 1025//1025
f 1020//1020 982//982 1023//1023
f 982//982 1022//1022 1023//1023
f 1023//1023 1022//1022 1025//1025
f 978//978 1024//1024 979//979
f 979//979 1024//1024 1297//1297
f 1296//1296 1307//1307 1026//1026
f 1025//1025 1024//1024 1307//1307
f 1026//1026 1274//1274 388//388
f 1027//1027 972//972 1028//1028
f 1028//1028 972//972 971//971
f 1029//1029 1020//1020 977//977
f 977//977 1028//1028 1029//1029
f 1029//1029 1028//1028 967//967
f 967//967 1028//1028 971//971
f 1030//1030 1020//1020 1029//1029
f 1019//1019 1020//1020 1030//1030
f 967//967 1030//1030 1029//1029
f 1039//1039 1018//1018 1019//1019
f 1039//1039 1019//1019 1040//1040
f 1031//1031 974//974 972//972
f 972//972 1027//1027 1031//1031
f 1032//1032 1393//1393 435//435
f 435//435 450//450 1032//1032
f 1032//1032 1031//1031 1393//1393
f 450//450 1033//1033 1032//1032
f 1034//1034 973//973 974//974
f 1032//1032 1033//1033 1034//1034
f 1034//1034 974//974 1032//1032
f 1035//1035 970//970 973//973
f 973//973 1034//1034 1035//1035
f 1034//1034 1033//1033 1035//1035
f 1032//1032 974//974 1031//1031
f 1036//1036 896//896 1308//1308
f 1036//1036 1308//1308 1058//1058
f 1037//1037 942//942 941//941
f 941//941 1062//1062 1037//1037
f 942//942 1061//1061 1063//1063
f 1037//1037 1061//1061 942//942
f 963//963 1064//1064 1049//1049
f 1045//1045 1253//1253 1301//1301
f 1066//1066 1035//1035 1033//1033
f 1035//1035 1066//1066 1067//1067
f 451//451 1033//1033 450//450
f 1033//1033 451//451 437//437
f 1018//1018 1039//1039 1044//1044
f 1038//1038 1225//1225 1043//1043
f 1039//1039 1040//1040 1042//1042
f 1042//1042 1041//1041 1039//1039
f 1046//1046 1041//1041 1042//1042
f 1038//1038 1041//1041 1051//1051
f 1043//1043 1039//1039 1041//1041
f 1043//1043 1041//1041 1038//1038
f 1045//1045 1044//1044 1043//1043
f 1039//1039 1043//1043 1044//1044
f 1301//1301 989//989 1044//1044
f 1301//1301 1044//1044 1045//1045
f 1042//1042 1047//1047 1046//1046
f 1046//1046 1051//1051 1041//1041
f 1051//1051 1046//1046 965//965
f 966//966 965//965 1046//1046
f 966//966 1046//1046 1047//1047
f 1048//1048 973//973 1072//1072
f 961//961 1048//1048 941//941
f 1050//1050 1038//1038 1051//1051
f 1049//1049 1050//1050 1051//1051
f 1049//1049 1051//1051 964//964
f 965//965 964//964 1051//1051
f 846//846 1054//1054 1218//1218
f 1053//1053 1056//1056 874//874
f 878//878 863//863 872//872
f 1218//1218 1054//1054 1209//1209
f 863//863 878//878 877//877
f 880//880 1052//1052 877//877
f 1052//1052 820//820 877//877
f 1055//1055 826//826 845//845
f 874//874 853//853 1053//1053
f 870//870 1234//1234 872//872
f 891//891 1221//1221 1057//1057
f 1221//1221 890//890 1057//1057
f 1057//1057 1063//1063 891//891
f 891//891 1063//1063 1060//1060
f 1308//1308 1214//1214 1058//1058
f 1061//1061 1062//1062 1222//1222
f 1061//1061 1037//1037 1062//1062
f 1060//1060 1063//1063 1061//1061
f 1062//1062 1072//1072 1073//1073
f 1062//1062 941//941 1072//1072
f 963//963 1058//1058 1064//1064
f 1065//1065 1049//1049 1064//1064
f 1225//1225 1038//1038 1226//1226
f 1066//1066 1239//1239 1067//1067
f 1067//1067 1242//1242 1072//1072
f 1070//1070 1243//1243 1069//1069
f 1071//1071 1092//1092 1070//1070
f 1070//1070 1069//1069 1071//1071
f 1069//1069 487//487 511//511
f 511//511 1071//1071 1069//1069
f 1043//1043 1225//1225 1045//1045
f 1066//1066 1033//1033 437//437
f 1068//1068 1301//1301 1244//1244
f 1050//1050 1049//1049 1065//1065
f 1050//1050 1065//1065 1074//1074
f 1074//1074 1038//1038 1050//1050
f 1310//1310 1075//1075 494//494
f 1076//1076 1077//1077 792//792
f 1311//1311 1304//1304 1077//1077
f 1303//1303 1305//1305 1311//1311
f 790//790 1075//1075 1078//1078
f 1080//1080 1079//1079 1312//1312
f 1080//1080 1312//1312 996//996
f 1082//1082 1081//1081 1080//1080
f 1080//1080 996//996 1082//1082
f 792//792 1077//1077 1312//1312
f 1002//1002 1083//1083 1313//1313
f 1004//1004 1313//1313 1314//1314
f 1003//1003 1002//1002 1005//1005
f 1085//1085 1088//1088 1003//1003
f 794//794 1083//1083 796//796
f 796//796 795//795 794//794
f 1088//1088 1086//1086 797//797
f 1088//1088 1085//1085 1086//1086
f 1086//1086 1085//1085 1087//1087
f 1088//1088 797//797 1084//1084
f 1090//1090 1093//1093 1091//1091
f 1091//1091 1096//1096 1089//1089
f 1093//1093 1086//1086 1087//1087
f 1090//1090 797//797 1086//1086
f 1093//1093 1090//1090 1086//1086
f 510//510 509//509 1095//1095
f 1095//1095 1094//1094 1096//1096
f 1096//1096 1071//1071 1095//1095
f 511//511 510//510 1095//1095
f 1095//1095 1071//1071 511//511
f 787//787 592//592 801//801
f 1098//1098 191//191 1097//1097
f 1098//1098 1097//1097 787//787
f 514//514 1098//1098 1099//1099
f 1098//1098 787//787 1099//1099
f 1099//1099 801//801 1100//1100
f 1099//1099 1100//1100 1395//1395
f 1094//1094 1095//1095 509//509
f 1100//1100 801//801 799//799
f 799//799 1089//1089 1100//1100
f 1089//1089 1096//1096 1094//1094
f 752//752 712//712 753//753
f 753//753 717//717 1137//1137
f 764//764 765//765 810//810
f 764//764 1136//1136 765//765
f 712//712 715//715 713//713
f 712//712 1101//1101 810//810
f 713//713 753//753 712//712
f 1135//1135 1136//1136 764//764
f 717//717 754//754 1460//1460
f 767//767 759//759 765//765
f 1125//1125 767//767 1136//1136
f 766//766 759//759 767//767
f 762//762 765//765 759//759
f 759//759 760//760 762//762
f 810//810 765//765 762//762
f 718//718 717//717 713//713
f 720//720 754//754 717//717
f 1103//1103 728//728 1107//1107
f 1104//1104 727//727 728//728
f 1107//1107 589//589 1103//1103
f 785//785 1103//1103 589//589
f 741//741 1105//1105 1103//1103
f 785//785 741//741 1103//1103
f 742//742 1105//1105 741//741
f 740//740 742//742 741//741
f 744//744 1106//1106 784//784
f 1106//1106 781//781 784//784
f 781//781 1106//1106 777//777
f 772//772 736//736 738//738
f 785//785 729//729 744//744
f 1107//1107 588//588 589//589
f 755//755 1108//1108 727//727
f 755//755 727//727 1120//1120
f 1104//1104 1105//1105 1134//1134
f 1105//1105 1109//1109 1134//1134
f 1109//1109 1105//1105 742//742
f 1110//1110 807//807 808//808
f 808//808 750//750 806//806
f 1111//1111 758//758 1113//1113
f 805//805 1115//1115 1119//1119
f 749//749 1129//1129 803//803
f 1133//1133 803//803 1129//1129
f 1116//1116 724//724 1130//1130
f 724//724 1116//1116 1119//1119
f 1116//1116 1118//1118 1119//1119
f 1129//1129 802//802 1133//1133
f 735//735 778//778 138//138
f 736//736 778//778 735//735
f 736//736 779//779 780//780
f 784//784 783//783 740//740
f 723//723 1108//1108 755//755
f 1106//1106 737//737 777//777
f 1106//1106 744//744 745//745
f 175//175 180//180 772//772
f 550//550 776//776 735//735
f 735//735 776//776 779//779
f 728//728 727//727 1108//1108
f 728//728 1108//1108 1107//1107
f 1104//1104 728//728 1103//1103
f 1105//1105 1104//1104 1103//1103
f 739//739 740//740 783//783
f 781//781 783//783 784//784
f 781//781 782//782 783//783
f 771//771 783//783 782//782
f 1122//1122 1126//1126 748//748
f 748//748 747//747 1122//1122
f 1123//1123 743//743 1122//1122
f 1122//1122 747//747 1123//1123
f 1124//1124 1123//1123 726//726
f 1112//1112 1131//1131 1114//1114
f 1109//1109 1114//1114 804//804
f 1119//1119 1115//1115 726//726
f 1116//1116 725//725 803//803
f 743//743 1131//1131 1113//1113
f 804//804 1114//1114 1124//1124
f 1123//1123 1124//1124 1114//1114
f 749//749 1130//1130 748//748
f 748//748 1126//1126 1396//1396
f 1126//1126 1122//1122 743//743
f 743//743 1123//1123 1131//1131
f 1114//1114 1131//1131 1123//1123
f 750//750 743//743 806//806
f 1101//1101 1135//1135 764//764
f 804//804 1124//1124 1115//1115
f 1112//1112 1113//1113 1131//1131
f 1112//1112 1111//1111 1113//1113
f 1134//1134 1115//1115 805//805
f 1118//1118 805//805 1119//1119
f 803//803 1130//1130 749//749
f 806//806 743//743 1113//1113
f 807//807 750//750 808//808
f 1127//1127 1110//1110 808//808
f 749//749 809//809 1129//1129
f 809//809 749//749 1396//1396
f 802//802 1129//1129 1135//1135
f 803//803 725//725 1130//1130
f 1102//1102 1133//1133 802//802
f 1102//1102 1117//1117 1133//1133
f 803//803 1133//1133 1116//1116
f 1117//1117 1102//1102 1121//1121
f 1130//1130 725//725 1116//1116
f 1116//1116 1117//1117 1118//1118
f 1118//1118 1117//1117 1460//1460
f 1124//1124 726//726 1115//1115
f 1134//1134 804//804 1115//1115
f 1109//1109 742//742 1114//1114
f 1114//1114 742//742 1112//1112
f 1127//1127 1128//1128 756//756
f 808//808 1128//1128 1127//1127
f 806//806 1128//1128 808//808
f 1128//1128 806//806 758//758
f 756//756 1125//1125 1127//1127
f 758//758 1111//1111 775//775
f 739//739 771//771 1112//1112
f 1110//1110 1136//1136 809//809
f 1111//1111 771//771 775//775
f 1132//1132 1460//1460 754//754
f 1120//1120 727//727 1134//1134
f 1134//1134 727//727 1104//1104
f 726//726 724//724 1119//1119
f 804//804 1134//1134 1109//1109
f 805//805 1132//1132 1120//1120
f 1132//1132 754//754 755//755
f 1460//1460 1137//1137 717//717
f 1132//1132 755//755 1120//1120
f 747//747 726//726 1123//1123
f 743//743 750//750 1126//1126
f 748//748 1130//1130 747//747
f 1130//1130 724//724 747//747
f 726//726 747//747 724//724
f 807//807 1126//1126 750//750
f 1113//1113 758//758 806//806
f 1125//1125 1110//1110 1127//1127
f 1125//1125 1136//1136 1110//1110
f 809//809 1396//1396 1110//1110
f 809//809 1135//1135 1129//1129
f 1101//1101 802//802 1135//1135
f 809//809 1136//1136 1135//1135
f 1121//1121 1137//1137 1117//1117
f 752//752 1137//1137 1121//1121
f 947//947 913//913 1421//1421
f 885//885 1139//1139 913//913
f 885//885 935//935 884//884
f 916//916 1315//1315 915//915
f 1138//1138 927//927 920//920
f 1138//1138 916//916 927//927
f 916//916 915//915 927//927
f 1138//1138 954//954 952//952
f 916//916 1138//1138 952//952
f 929//929 930//930 954//954
f 919//919 929//929 928//928
f 928//928 929//929 920//920
f 914//914 1139//1139 951//951
f 884//884 926//926 1139//1139
f 884//884 1459//1459 1140//1140
f 1141//1141 928//928 920//920
f 1140//1140 934//934 1141//1141
f 934//934 912//912 1141//1141
f 1142//1142 1391//1391 919//919
f 917//917 888//888 1143//1143
f 958//958 917//917 1143//1143
f 917//917 956//956 918//918
f 958//958 956//956 917//917
f 902//902 918//918 957//957
f 892//892 957//957 893//893
f 950//950 949//949 947//947
f 1070//1070 1092//1092 1012//1012
f 1091//1091 1093//1093 1092//1092
f 1091//1091 1092//1092 1096//1096
f 1092//1092 1071//1071 1096//1096
f 31//31 34//34 1316//1316
f 1158//1158 115//115 1317//1317
f 1363//1363 1397//1397 1319//1319
f 73//73 1159//1159 70//70
f 1360//1360 1168//1168 1179//1179
f 1397//1397 1323//1323 1171//1171
f 1466//1466 1468//1468 1398//1398
f 1184//1184 1326//1326 261//261
f 1327//1327 1172//1172 1181//1181
f 1180//1180 1183//1183 1328//1328
f 246//246 1407//1407 1262//1262
f 1161//1161 1363//1363 1329//1329
f 490//490 1193//1193 1335//1335
f 1213//1213 830//830 1230//1230
f 1338//1338 1339//1339 1217//1217
f 640//640 1250//1250 1343//1343
f 1205//1205 674//674 1203//1203
f 1233//1233 1232//1232 1347//1347
f 1347//1347 1219//1219 1220//1220
f 1345//1345 1354//1354 1419//1419
f 1428//1428 1348//1348 1346//1346
f 1232//1232 861//861 1347//1347
f 1404//1404 1405//1405 1415//1415
f 1412//1412 1436//1436 1371//1371
f 22//22 1356//1356 1144//1144
f 1145//1145 1316//1316 34//34
f 249//249 1407//1407 239//239
f 39//39 1166//1166 1316//1316
f 1157//1157 115//115 1166//1166
f 1157//1157 1166//1166 39//39
f 1149//1149 1152//1152 1246//1246
f 73//73 53//53 118//118
f 1159//1159 73//73 1357//1357
f 1358//1358 1159//1159 1355//1355
f 1359//1359 1156//1156 1358//1358
f 1355//1355 1357//1357 1150//1150
f 1356//1356 1165//1165 1320//1320
f 1168//1168 1360//1360 228//228
f 1321//1321 278//278 1160//1160
f 1184//1184 1328//1328 1183//1183
f 1199//1199 1198//1198 1398//1398
f 1189//1189 1438//1438 1410//1410
f 1437//1437 1412//1412 1439//1439
f 608//608 613//613 1440//1440
f 626//626 1200//1200 1337//1337
f 626//626 1337//1337 631//631
f 1224//1224 1365//1365 653//653
f 613//613 1251//1251 1440//1440
f 674//674 1205//1205 1401//1401
f 1366//1366 1250//1250 659//659
f 1344//1344 1343//1343 1250//1250
f 631//631 1203//1203 674//674
f 1213//1213 1230//1230 1413//1413
f 1206//1206 1365//1365 1224//1224
f 1232//1232 1233//1233 860//860
f 1228//1228 1402//1402 1346//1346
f 1428//1428 1209//1209 1348//1348
f 1368//1368 1406//1406 1415//1415
f 1469//1469 1240//1240 1417//1417
f 1352//1352 1370//1370 1222//1222
f 25//25 1144//1144 1151//1151
f 26//26 79//79 1151//1151
f 34//34 31//31 33//33
f 1145//1145 34//34 35//35
f 46//46 1146//1146 1166//1166
f 41//41 1147//1147 1145//1145
f 41//41 40//40 1147//1147
f 38//38 42//42 1146//1146
f 31//31 1146//1146 42//42
f 52//52 51//51 1148//1148
f 1148//1148 22//22 52//52
f 56//56 55//55 1165//1165
f 1165//1165 1148//1148 51//51
f 51//51 56//56 1165//1165
f 1154//1154 1162//1162 60//60
f 61//61 1155//1155 59//59
f 62//62 65//65 1156//1156
f 62//62 1156//1156 1155//1155
f 116//116 79//79 1246//1246
f 48//48 115//115 1158//1158
f 1149//1149 1320//1320 54//54
f 1165//1165 55//55 54//54
f 77//77 1164//1164 1152//1152
f 77//77 66//66 76//76
f 64//64 1159//1159 1156//1156
f 71//71 1158//1158 1150//1150
f 64//64 70//70 1159//1159
f 71//71 1150//1150 117//117
f 1246//1246 1157//1157 116//116
f 77//77 76//76 1164//1164
f 79//79 26//26 1246//1246
f 1152//1152 1149//1149 77//77
f 54//54 77//77 1149//1149
f 66//66 63//63 1163//1163
f 66//66 1163//1163 76//76
f 228//228 232//232 227//227
f 231//231 232//232 234//234
f 238//238 237//237 239//239
f 237//237 241//241 239//239
f 245//245 238//238 246//246
f 263//263 261//261 1167//1167
f 1167//1167 1179//1179 263//263
f 259//259 1179//1179 1168//1168
f 266//266 1181//1181 1185//1185
f 1172//1172 1169//1169 268//268
f 269//269 1185//1185 1172//1172
f 268//268 269//269 1172//1172
f 265//265 1153//1153 1181//1181
f 283//283 268//268 1169//1169
f 282//282 274//274 1182//1182
f 1160//1160 278//278 280//280
f 1187//1187 1160//1160 280//280
f 280//280 476//476 1187//1187
f 315//315 316//316 1176//1176
f 1176//1176 484//484 315//315
f 260//260 480//480 1188//1188
f 481//481 315//315 484//484
f 222//222 475//475 1171//1171
f 1173//1173 475//475 277//277
f 254//254 281//281 1180//1180
f 261//261 282//282 1184//1184
f 1170//1170 1153//1153 272//272
f 1169//1169 1182//1182 283//283
f 274//274 283//283 1182//1182
f 222//222 277//277 475//475
f 278//278 1170//1170 276//276
f 281//281 1183//1183 1180//1180
f 233//233 234//234 1183//1183
f 290//290 1171//1171 1323//1323
f 1175//1175 1263//1263 477//477
f 314//314 1362//1362 1331//1331
f 314//314 1331//1331 293//293
f 1329//1329 334//334 1161//1161
f 1186//1186 1188//1188 480//480
f 480//480 479//479 1186//1186
f 1197//1197 1198//1198 458//458
f 483//483 491//491 1177//1177
f 479//479 1199//1199 1186//1186
f 453//453 1194//1194 1195//1195
f 486//486 409//409 1248//1248
f 489//489 488//488 487//487
f 489//489 487//487 1196//1196
f 1196//1196 1193//1193 489//489
f 437//437 1190//1190 1191//1191
f 1195//1195 1190//1190 453//453
f 437//437 453//453 1190//1190
f 1177//1177 1194//1194 483//483
f 492//492 458//458 1198//1198
f 492//492 1198//1198 1199//1199
f 613//613 617//617 1251//1251
f 614//614 613//613 608//608
f 621//621 620//620 1174//1174
f 1200//1200 621//621 1174//1174
f 1200//1200 626//626 622//622
f 627//627 628//628 626//626
f 1204//1204 639//639 610//610
f 645//645 647//647 1249//1249
f 1207//1207 1249//1249 647//647
f 647//647 648//648 1207//1207
f 648//648 1204//1204 1207//1207
f 658//658 653//653 659//659
f 674//674 633//633 631//631
f 635//635 603//603 1205//1205
f 1249//1249 1201//1201 644//644
f 665//665 652//652 1201//1201
f 603//603 668//668 1342//1342
f 1210//1210 1342//1342 668//668
f 1250//1250 640//640 672//672
f 1252//1252 710//710 674//674
f 666//666 652//652 665//665
f 666//666 665//665 1211//1211
f 652//652 644//644 1201//1201
f 632//632 1205//1205 1203//1203
f 1208//1208 662//662 1211//1211
f 823//823 824//824 1212//1212
f 829//829 830//830 1213//1213
f 834//834 836//836 1230//1230
f 837//837 838//838 1213//1213
f 1202//1202 850//850 1052//1052
f 854//854 852//852 1231//1231
f 854//854 1231//1231 1229//1229
f 859//859 861//861 1232//1232
f 861//861 862//862 1219//1219
f 867//867 865//865 1219//1219
f 1220//1220 1219//1219 865//865
f 878//878 1202//1202 880//880
f 1052//1052 880//880 1202//1202
f 1053//1053 1216//1216 1056//1056
f 1238//1238 1221//1221 895//895
f 1222//1222 1370//1370 910//910
f 910//910 1060//1060 1222//1222
f 1214//1214 1059//1059 1058//1058
f 1060//1060 1061//1061 1222//1222
f 1054//1054 1457//1457 1236//1236
f 824//824 881//881 1228//1228
f 881//881 826//826 1228//1228
f 826//826 1055//1055 1235//1235
f 1218//1218 1235//1235 846//846
f 853//853 1229//1229 1053//1053
f 870//870 1233//1233 1234//1234
f 872//872 1234//1234 878//878
f 1054//1054 1236//1236 1209//1209
f 871//871 1220//1220 865//865
f 1216//1216 1220//1220 871//871
f 1457//1457 886//886 1349//1349
f 908//908 889//889 1237//1237
f 889//889 1238//1238 1237//1237
f 908//908 1237//1237 1351//1351
f 909//909 908//908 1351//1351
f 1215//1215 909//909 1223//1223
f 1217//1217 925//925 1340//1340
f 1038//1038 1074//1074 1226//1226
f 1073//1073 1222//1222 1062//1062
f 1415//1415 1405//1405 1443//1443
f 1064//1064 1058//1058 1059//1059
f 1242//1242 1067//1067 1239//1239
f 1253//1253 1045//1045 1245//1245
f 1241//1241 1068//1068 1371//1371
f 487//487 1069//1069 1196//1196
f 1243//1243 1196//1196 1069//1069
f 1309//1309 1243//1243 1070//1070
f 1243//1243 1309//1309 1240//1240
f 1066//1066 437//437 1191//1191
f 1066//1066 1191//1191 1239//1239
f 1301//1301 1253//1253 1244//1244
f 1225//1225 1245//1245 1045//1045
f 1072//1072 1242//1242 1073//1073
f 1065//1065 1369//1369 1074//1074
f 1206//1206 1224//1224 654//654
f 11//11 1254//1254 203//203
f 80//80 110//110 74//74
f 84//84 1255//1255 89//89
f 94//94 95//95 1256//1256
f 1256//1256 93//93 91//91
f 113//113 108//108 109//109
f 119//119 1288//1288 193//193
f 134//134 148//148 12//12
f 148//148 134//134 143//143
f 175//175 1258//1258 176//176
f 1258//1258 147//147 146//146
f 176//176 1258//1258 142//142
f 143//143 1258//1258 146//146
f 149//149 143//143 134//134
f 153//153 1259//1259 177//177
f 163//163 760//760 162//162
f 177//177 1259//1259 169//169
f 1260//1260 169//169 1259//1259
f 177//177 171//171 566//566
f 1261//1261 193//193 164//164
f 195//195 496//496 497//497
f 1281//1281 506//506 197//197
f 252//252 1262//1262 1173//1173
f 312//312 313//313 314//314
f 1265//1265 334//334 1329//1329
f 334//334 332//332 290//290
f 340//340 330//330 341//341
f 341//341 342//342 313//313
f 342//342 341//341 1265//1265
f 343//343 342//342 1265//1265
f 343//343 1362//1362 342//342
f 350//350 335//335 353//353
f 370//370 1454//1454 575//575
f 1267//1267 1266//1266 391//391
f 1267//1267 430//430 389//389
f 396//396 1268//1268 394//394
f 395//395 1269//1269 396//396
f 1269//1269 397//397 396//396
f 398//398 1269//1269 395//395
f 399//399 1269//1269 398//398
f 399//399 402//402 1382//1382
f 400//400 403//403 401//401
f 401//401 440//440 405//405
f 486//486 408//408 409//409
f 394//394 1270//1270 396//396
f 1270//1270 394//394 411//411
f 395//395 1270//1270 415//415
f 1270//1270 395//395 396//396
f 413//413 1270//1270 412//412
f 418//418 399//399 398//398
f 423//423 422//422 424//424
f 1267//1267 391//391 430//430
f 1272//1272 405//405 440//440
f 1380//1380 1382//1382 446//446
f 442//442 399//399 443//443
f 443//443 1382//1382 1380//1380
f 1266//1266 443//443 1380//1380
f 1268//1268 396//396 397//397
f 1379//1379 1273//1273 1267//1267
f 1273//1273 444//444 1266//1266
f 1274//1274 1394//1394 1268//1268
f 444//444 1274//1274 1268//1268
f 1273//1273 1379//1379 388//388
f 344//344 474//474 213//213
f 357//357 359//359 355//355
f 356//356 469//469 377//377
f 1263//1263 293//293 294//294
f 308//308 317//317 315//315
f 480//480 1275//1275 479//479
f 1277//1277 412//412 1276//1276
f 412//412 1278//1278 1276//1276
f 1278//1278 412//412 411//411
f 493//493 1276//1276 495//495
f 1276//1276 494//494 495//495
f 413//413 415//415 1270//1270
f 413//413 497//497 414//414
f 412//412 1277//1277 413//413
f 195//195 497//497 493//493
f 1277//1277 493//493 497//497
f 499//499 1279//1279 498//498
f 417//417 500//500 498//498
f 501//501 1279//1279 499//499
f 499//499 414//414 496//496
f 499//499 496//496 501//501
f 1280//1280 419//419 420//420
f 503//503 502//502 1280//1280
f 1280//1280 420//420 417//417
f 505//505 504//504 1451//1451
f 504//504 505//505 502//502
f 506//506 503//503 196//196
f 1281//1281 199//199 507//507
f 507//507 504//504 1281//1281
f 508//508 1283//1283 1282//1282
f 1283//1283 508//508 201//201
f 1285//1285 515//515 204//204
f 1395//1395 516//516 515//515
f 1395//1395 515//515 514//514
f 186//186 187//187 152//152
f 526//526 141//141 186//186
f 168//168 562//562 572//572
f 575//575 578//578 1264//1264
f 577//577 339//339 328//328
f 336//336 1378//1378 337//337
f 338//338 579//579 292//292
f 1271//1271 429//429 428//428
f 1283//1283 1284//1284 513//513
f 671//671 596//596 670//670
f 652//652 1287//1287 650//650
f 684//684 683//683 692//692
f 675//675 709//709 676//676
f 1389//1389 1288//1288 1289//1289
f 1289//1289 1288//1288 495//495
f 734//734 1290//1290 786//786
f 1420//1420 1388//1388 737//737
f 738//738 737//737 1388//1388
f 1259//1259 751//751 774//774
f 782//782 1291//1291 771//771
f 792//792 1292//1292 1076//1076
f 790//790 1076//1076 1292//1292
f 1084//1084 796//796 1003//1003
f 820//820 812//812 821//821
f 1293//1293 1230//1230 836//836
f 911//911 1143//1143 1391//1391
f 906//906 907//907 909//909
f 908//908 909//909 907//907
f 906//906 1294//1294 933//933
f 1215//1215 1294//1294 909//909
f 909//909 1294//1294 906//906
f 885//885 946//946 937//937
f 960//960 911//911 912//912
f 952//952 921//921 1315//1315
f 954//954 930//930 931//931
f 955//955 931//931 930//930
f 931//931 955//955 906//906
f 1295//1295 905//905 953//953
f 1296//1296 388//388 390//390
f 1296//1296 390//390 975//975
f 1023//1023 976//976 977//977
f 1023//1023 1025//1025 976//976
f 975//975 1015//1015 976//976
f 993//993 992//992 393//393
f 994//994 995//995 1305//1305
f 995//995 979//979 980//980
f 1297//1297 980//980 979//979
f 981//981 982//982 1299//1299
f 1021//1021 1299//1299 982//982
f 1298//1298 1299//1299 1021//1021
f 1299//1299 1298//1298 984//984
f 985//985 1300//1300 986//986
f 1301//1301 1068//1068 989//989
f 992//992 1302//1302 991//991
f 1302//1302 992//992 993//993
f 991//991 1302//1302 1303//1303
f 1305//1305 1303//1303 994//994
f 994//994 1302//1302 993//993
f 1302//1302 994//994 1303//1303
f 980//980 998//998 999//999
f 1309//1309 1012//1012 1011//1011
f 1309//1309 1011//1011 1013//1013
f 1014//1014 1015//1015 975//975
f 1015//1015 977//977 976//976
f 1306//1306 987//987 986//986
f 1044//1044 1306//1306 1018//1018
f 1306//1306 989//989 987//987
f 1300//1300 985//985 1017//1017
f 1018//1018 1306//1306 1300//1300
f 1300//1300 1017//1017 1018//1018
f 1017//1017 1019//1019 1018//1018
f 982//982 1020//1020 1021//1021
f 982//982 981//981 1022//1022
f 981//981 1297//1297 1022//1022
f 1024//1024 1025//1025 1297//1297
f 976//976 1307//1307 975//975
f 1024//1024 1026//1026 1307//1307
f 1026//1026 1024//1024 978//978
f 1025//1025 1307//1307 976//976
f 1026//1026 978//978 1394//1394
f 1040//1040 1019//1019 1030//1030
f 963//963 1036//1036 1058//1058
f 1309//1309 1013//1013 1240//1240
f 1240//1240 1013//1013 1241//1241
f 1289//1289 494//494 1075//1075
f 1303//1303 1310//1310 991//991
f 494//494 991//991 1310//1310
f 1278//1278 991//991 494//494
f 991//991 1278//1278 411//411
f 1078//1078 1311//1311 1077//1077
f 1311//1311 1305//1305 1304//1304
f 1078//1078 1077//1077 1076//1076
f 1310//1310 1311//1311 1078//1078
f 1311//1311 1310//1310 1303//1303
f 1075//1075 1310//1310 1078//1078
f 996//996 997//997 1082//1082
f 1312//1312 1077//1077 996//996
f 792//792 1312//1312 1079//1079
f 1002//1002 1313//1313 1004//1004
f 1004//1004 1314//1314 1000//1000
f 1313//1313 1081//1081 1314//1314
f 1081//1081 1313//1313 1083//1083
f 1082//1082 1314//1314 1081//1081
f 1085//1085 1003//1003 1005//1005
f 1088//1088 1084//1084 1003//1003
f 1002//1002 1003//1003 796//796
f 1083//1083 1002//1002 796//796
f 1091//1091 1089//1089 1090//1090
f 801//801 1099//1099 787//787
f 1395//1395 1100//1100 1094//1094
f 1089//1089 1094//1094 1100//1100
f 1106//1106 745//745 737//737
f 802//802 1101//1101 752//752
f 1117//1117 1137//1137 1460//1460
f 947//947 1421//1421 950//950
f 1458//1458 950//950 914//914
f 1315//1315 951//951 915//915
f 929//929 954//954 1138//1138
f 920//920 929//929 1138//1138
f 1140//1140 920//920 927//927
f 1141//1141 920//920 1140//1140
f 912//912 1142//1142 1141//1141
f 912//912 911//911 1142//1142
f 888//888 1391//1391 1143//1143
f 1070//1070 1012//1012 1309//1309
f 1146//1146 1316//1316 1166//1166
f 31//31 1316//1316 1146//1146
f 1158//1158 1317//1317 1150//1150
f 76//76 1152//1152 1164//1164
f 1157//1157 1317//1317 115//115
f 1317//1317 1157//1157 1246//1246
f 117//117 1150//1150 1357//1357
f 26//26 1320//1320 1149//1149
f 1360//1360 234//234 232//232
f 1322//1322 1182//1182 1160//1160
f 1175//1175 477//477 1462//1462
f 1336//1336 1424//1424 1408//1408
f 1326//1326 1167//1167 261//261
f 1170//1170 1327//1327 1153//1153
f 1181//1181 1153//1153 1327//1327
f 234//234 1326//1326 1184//1184
f 278//278 1321//1321 1170//1170
f 1180//1180 1328//1328 1173//1173
f 1173//1173 1328//1328 1322//1322
f 1407//1407 1180//1180 1262//1262
f 1173//1173 1262//1262 1180//1180
f 1161//1161 1397//1397 1363//1363
f 1362//1362 1330//1330 1325//1325
f 1190//1190 1195//1195 1463//1463
f 485//485 1335//1335 1248//1248
f 1335//1335 485//485 490//490
f 1437//1437 1248//1248 1335//1335
f 1426//1426 1195//1195 1464//1464
f 1203//1203 1337//1337 625//625
f 1201//1201 1341//1341 665//665
f 1340//1340 1338//1338 1217//1217
f 1400//1400 1341//1341 1401//1401
f 641//641 1343//1343 1210//1210
f 1343//1343 641//641 640//640
f 1210//1210 1343//1343 1400//1400
f 1233//1233 1347//1347 1234//1234
f 1242//1242 1414//1414 1073//1073
f 1293//1293 1235//1235 1055//1055
f 1234//1234 1347//1347 1427//1427
f 1236//1236 1202//1202 1209//1209
f 1218//1218 1402//1402 1235//1235
f 1216//1216 1053//1053 1348//1348
f 1217//1217 1339//1339 1349//1349
f 1461//1461 1202//1202 1236//1236
f 850//850 1202//1202 1461//1461
f 1368//1368 1415//1415 1403//1403
f 1416//1416 1432//1432 1414//1414
f 1073//1073 1345//1345 1222//1222
f 1147//1147 1316//1316 1145//1145
f 39//39 1316//1316 1147//1147
f 59//59 1155//1155 1359//1359
f 1156//1156 1359//1359 1155//1155
f 1163//1163 1358//1358 76//76
f 1154//1154 59//59 1359//1359
f 1356//1356 1320//1320 26//26
f 1246//1246 1152//1152 1317//1317
f 26//26 1149//1149 1246//1246
f 1356//1356 1148//1148 1165//1165
f 1357//1357 73//73 118//118
f 1318//1318 1358//1358 1355//1355
f 1355//1355 1159//1159 1357//1357
f 117//117 1357//1357 118//118
f 1159//1159 1358//1358 1156//1156
f 1162//1162 1359//1359 1163//1163
f 1358//1358 1163//1163 1359//1359
f 1150//1150 1317//1317 1355//1355
f 1318//1318 76//76 1358//1358
f 1148//1148 1356//1356 22//22
f 1151//1151 1144//1144 1356//1356
f 1356//1356 26//26 1151//1151
f 1317//1317 1152//1152 1318//1318
f 1360//1360 232//232 228//228
f 1180//1180 1407//1407 249//249
f 239//239 1407//1407 238//238
f 1169//1169 1327//1327 1321//1321
f 1322//1322 1160//1160 1433//1433
f 1433//1433 1187//1187 1171//1171
f 1361//1361 1198//1198 1197//1197
f 1179//1179 1167//1167 1360//1360
f 234//234 1184//1184 1183//1183
f 1167//1167 1326//1326 1360//1360
f 234//234 1360//1360 1326//1326
f 1185//1185 1181//1181 1172//1172
f 1182//1182 1328//1328 1184//1184
f 1328//1328 1182//1182 1322//1322
f 1435//1435 1330//1330 343//343
f 1186//1186 1465//1465 1434//1434
f 1434//1434 1363//1363 1319//1319
f 1363//1363 1435//1435 1329//1329
f 1361//1361 1399//1399 1364//1364
f 1364//1364 1408//1408 1324//1324
f 1196//1196 1411//1411 1193//1193
f 1335//1335 1193//1193 1411//1411
f 1334//1334 1410//1410 1438//1438
f 1247//1247 1333//1333 1332//1332
f 1437//1437 1439//1439 1248//1248
f 1425//1425 1426//1426 1334//1334
f 1410//1410 1334//1334 1399//1399
f 1197//1197 1178//1178 1361//1361
f 1200//1200 1174//1174 1337//1337
f 625//625 1337//1337 1174//1174
f 1337//1337 1203//1203 631//631
f 1206//1206 1208//1208 1365//1365
f 1365//1365 1366//1366 659//659
f 610//610 1440//1440 1204//1204
f 1440//1440 610//610 608//608
f 674//674 1401//1401 1252//1252
f 1201//1201 1249//1249 1440//1440
f 1208//1208 1366//1366 1365//1365
f 1366//1366 1211//1211 1344//1344
f 665//665 1344//1344 1211//1211
f 1208//1208 1211//1211 1366//1366
f 1366//1366 1344//1344 1250//1250
f 1344//1344 665//665 1400//1400
f 837//837 1413//1413 1055//1055
f 1365//1365 659//659 653//653
f 851//851 1212//1212 1367//1367
f 1228//1228 1229//1229 824//824
f 1227//1227 1212//1212 851//851
f 1402//1402 1218//1218 1428//1428
f 1367//1367 824//824 1229//1229
f 851//851 1367//1367 1231//1231
f 1346//1346 1229//1229 1228//1228
f 1219//1219 1347//1347 861//861
f 1229//1229 1346//1346 1053//1053
f 1348//1348 1053//1053 1346//1346
f 1347//1347 1216//1216 1427//1427
f 1461//1461 1349//1349 1339//1339
f 1220//1220 1216//1216 1347//1347
f 1350//1350 1338//1338 1340//1340
f 1339//1339 1338//1338 1442//1442
f 850//850 1461//1461 1214//1214
f 1430//1430 1059//1059 1442//1442
f 1444//1444 1225//1225 1419//1419
f 1059//1059 1430//1430 1443//1443
f 1444//1444 1354//1354 1409//1409
f 1253//1253 1353//1353 1244//1244
f 1369//1369 1404//1404 1226//1226
f 1369//1369 1405//1405 1404//1404
f 1320//1320 1165//1165 54//54
f 334//334 290//290 1161//1161
f 1331//1331 294//294 293//293
f 1161//1161 290//290 1323//1323
f 439//439 486//486 1247//1247
f 1342//1342 1205//1205 603//603
f 1370//1370 1221//1221 910//910
f 1235//1235 1402//1402 826//826
f 886//886 924//924 1217//1217
f 909//909 1351//1351 1223//1223
f 1215//1215 1340//1340 925//925
f 1371//1371 1068//1068 1244//1244
f 1369//1369 1226//1226 1074//1074
f 1447//1447 7//7 521//521
f 100//100 91//91 1447//1447
f 1446//1446 60//60 1162//1162
f 1372//1372 495//495 1288//1288
f 1372//1372 493//493 495//495
f 135//135 146//146 147//147
f 733//733 135//135 147//147
f 174//174 170//170 184//184
f 1450//1450 1373//1373 174//174
f 1374//1374 231//231 235//235
f 235//235 261//261 1374//1374
f 257//257 1374//1374 261//261
f 297//297 298//298 299//299
f 1375//1375 303//303 304//304
f 1377//1377 326//326 325//325
f 1377//1377 577//577 326//326
f 362//362 319//319 318//318
f 350//350 1378//1378 335//335
f 1454//1454 1375//1375 305//305
f 1375//1375 1454//1454 370//370
f 310//310 324//324 325//325
f 1379//1379 434//434 390//390
f 445//445 391//391 1380//1380
f 1272//1272 440//440 407//407
f 408//408 1381//1381 409//409
f 381//381 447//447 463//463
f 491//491 455//455 482//482
f 1199//1199 472//472 492//492
f 1271//1271 1193//1193 490//490
f 1193//1193 1271//1271 489//489
f 514//514 1383//1383 1098//1098
f 1383//1383 191//191 1098//1098
f 1453//1453 168//168 571//571
f 185//185 174//174 184//184
f 1384//1384 545//545 569//569
f 167//167 1453//1453 571//571
f 289//289 288//288 578//578
f 1376//1376 295//295 371//371
f 689//689 1385//1385 584//584
f 1387//1387 588//588 1108//1108
f 636//636 618//618 651//651
f 624//624 602//602 632//632
f 679//679 1386//1386 686//686
f 688//688 1385//1385 689//689
f 703//703 708//708 699//699
f 584//584 1385//1385 723//723
f 1387//1387 723//723 1385//1385
f 1388//1388 147//147 175//175
f 768//768 770//770 1291//1291
f 782//782 781//781 777//777
f 1389//1389 763//763 193//193
f 1456//1456 795//795 1084//1084
f 1390//1390 825//825 1227//1227
f 1238//1238 894//894 1221//1221
f 1391//1391 888//888 1295//1295
f 962//962 969//969 971//971
f 960//960 938//938 1047//1047
f 990//990 988//988 987//987
f 1000//1000 1008//1008 1007//1007
f 1004//1004 1000//1000 1007//1007
f 1016//1016 1393//1393 1027//1027
f 1026//1026 1394//1394 1274//1274
f 1048//1048 1072//1072 941//941
f 1094//1094 509//509 1395//1395
f 723//723 1387//1387 1108//1108
f 749//749 748//748 1396//1396
f 1396//1396 1126//1126 807//807
f 1110//1110 1396//1396 807//807
f 1112//1112 742//742 739//739
f 771//771 1111//1111 1112//1112
f 1421//1421 913//913 1139//1139
f 951//951 1139//1139 915//915
f 1397//1397 1187//1187 1319//1319
f 1322//1322 1433//1433 475//475
f 1336//1336 1399//1399 1334//1334
f 1403//1403 1415//1415 1350//1350
f 1406//1406 1404//1404 1415//1415
f 1353//1353 1412//1412 1244//1244
f 1371//1371 1244//1244 1412//1412
f 1399//1399 1408//1408 1364//1364
f 1198//1198 1361//1361 1398//1398
f 1364//1364 1466//1466 1361//1361
f 1462//1462 1422//1422 316//316
f 1409//1409 1432//1432 1425//1425
f 1247//1247 1332//1332 1192//1192
f 1438//1438 1189//1189 1192//1192
f 1411//1411 1437//1437 1335//1335
f 1333//1333 1439//1439 1412//1412
f 1413//1413 1230//1230 1293//1293
f 1345//1345 1414//1414 1354//1354
f 1368//1368 1429//1429 1406//1406
f 1429//1429 1441//1441 1352//1352
f 1418//1418 1353//1353 1253//1253
f 1191//1191 1416//1416 1239//1239
f 1241//1241 1371//1371 1436//1436
f 1240//1240 1241//1241 1417//1417
f 1436//1436 1417//1417 1241//1241
f 1409//1409 1418//1418 1444//1444
f 1470//1470 1419//1419 1225//1225
f 1065//1065 1064//1064 1405//1405
f 1443//1443 1405//1405 1064//1064
f 1394//1394 393//393 1268//1268
f 1395//1395 514//514 1099//1099
f 186//186 141//141 149//149
f 1378//1378 336//336 335//335
f 1420//1420 147//147 1388//1388
f 1394//1394 978//978 393//393
f 1421//1421 914//914 950//950
f 1139//1139 914//914 1421//1421
f 1458//1458 914//914 951//951
f 1182//1182 1169//1169 1321//1321
f 1172//1172 1327//1327 1169//1169
f 1176//1176 1423//1423 484//484
f 1408//1408 484//484 1423//1423
f 1325//1325 1364//1364 1324//1324
f 1423//1423 1324//1324 1408//1408
f 1194//1194 1177//1177 1464//1464
f 1424//1424 484//484 1408//1408
f 484//484 1424//1424 1177//1177
f 1186//1186 1434//1434 1188//1188
f 1324//1324 1331//1331 1362//1362
f 1336//1336 1408//1408 1399//1399
f 1462//1462 294//294 1422//1422
f 1418//1418 1409//1409 1438//1438
f 1333//1333 1353//1353 1332//1332
f 1425//1425 1438//1438 1409//1409
f 1334//1334 1426//1426 1336//1336
f 1424//1424 1336//1336 1426//1426
f 1207//1207 1440//1440 1249//1249
f 665//665 1341//1341 1400//1400
f 1401//1401 1342//1342 1400//1400
f 1342//1342 1401//1401 1205//1205
f 1341//1341 1252//1252 1401//1401
f 1348//1348 1427//1427 1216//1216
f 1348//1348 1202//1202 878//878
f 1226//1226 1470//1470 1225//1225
f 1414//1414 1345//1345 1073//1073
f 1209//1209 1428//1428 1218//1218
f 1209//1209 1202//1202 1348//1348
f 1349//1349 1461//1461 1236//1236
f 1237//1237 1441//1441 1351//1351
f 1368//1368 1223//1223 1429//1429
f 1430//1430 1350//1350 1443//1443
f 1351//1351 1429//1429 1223//1223
f 1403//1403 1223//1223 1368//1368
f 1221//1221 1370//1370 895//895
f 1441//1441 1431//1431 1370//1370
f 1191//1191 1463//1463 1416//1416
f 1253//1253 1245//1245 1418//1418
f 1239//1239 1416//1416 1414//1414
f 1414//1414 1242//1242 1239//1239
f 1345//1345 1419//1419 1467//1467
f 76//76 1318//1318 1152//1152
f 1407//1407 246//246 238//238
f 1327//1327 1170//1170 1321//1321
f 1160//1160 1182//1182 1321//1321
f 1433//1433 1160//1160 1187//1187
f 475//475 1433//1433 1171//1171
f 1171//1171 1187//1187 1397//1397
f 1423//1423 294//294 1331//1331
f 1363//1363 1434//1434 1435//1435
f 343//343 1330//1330 1362//1362
f 1468//1468 1435//1435 1434//1434
f 1466//1466 1330//1330 1468//1468
f 1319//1319 1188//1188 1434//1434
f 1435//1435 343//343 1329//1329
f 1176//1176 1422//1422 1423//1423
f 1199//1199 1398//1398 1465//1465
f 1398//1398 1361//1361 1466//1466
f 1437//1437 1411//1411 1436//1436
f 1196//1196 1469//1469 1411//1411
f 1437//1437 1436//1436 1412//1412
f 1438//1438 1192//1192 1332//1332
f 1439//1439 1247//1247 486//486
f 1247//1247 1439//1439 1333//1333
f 1438//1438 1425//1425 1334//1334
f 1189//1189 1410//1410 1178//1178
f 1399//1399 1178//1178 1410//1410
f 1178//1178 1399//1399 1361//1361
f 1252//1252 1341//1341 1251//1251
f 1204//1204 1440//1440 1207//1207
f 1341//1341 1201//1201 1251//1251
f 1440//1440 1251//1251 1201//1201
f 1413//1413 1293//1293 1055//1055
f 1213//1213 1413//1413 837//837
f 1402//1402 1428//1428 1346//1346
f 1367//1367 1229//1229 1231//1231
f 1427//1427 878//878 1234//1234
f 878//878 1427//1427 1348//1348
f 1238//1238 1431//1431 1237//1237
f 1429//1429 1351//1351 1441//1441
f 1223//1223 1403//1403 1215//1215
f 1214//1214 1442//1442 1059//1059
f 1442//1442 1214//1214 1339//1339
f 1350//1350 1430//1430 1338//1338
f 1442//1442 1338//1338 1430//1430
f 1225//1225 1444//1444 1245//1245
f 1354//1354 1444//1444 1419//1419
f 895//895 1431//1431 1238//1238
f 1415//1415 1443//1443 1350//1350
f 1441//1441 1237//1237 1431//1431
f 1406//1406 1429//1429 1467//1467
f 1352//1352 1467//1467 1429//1429
f 1436//1436 1469//1469 1417//1417
f 1353//1353 1333//1333 1412//1412
f 1418//1418 1245//1245 1444//1444
f 1432//1432 1354//1354 1414//1414
f 1354//1354 1432//1432 1409//1409
f 1065//1065 1405//1405 1369//1369
f 1470//1470 1226//1226 1404//1404
f 1467//1467 1470//1470 1406//1406
f 1441//1441 1370//1370 1352//1352
f 1370//1370 1431//1431 895//895
f 1467//1467 1352//1352 1345//1345
f 1222//1222 1345//1345 1352//1352
f 1402//1402 1228//1228 826//826
f 1349//1349 886//886 1217//1217
f 1059//1059 1443//1443 1064//1064
f 11//11 1445//1445 12//12
f 13//13 18//18 21//21
f 23//23 112//112 81//81
f 1446//1446 1154//1154 60//60
f 1446//1446 61//61 59//59
f 7//7 1447//1447 91//91
f 1448//1448 84//84 101//101
f 1256//1256 95//95 114//114
f 1449//1449 105//105 111//111
f 105//105 1449//1449 101//101
f 1449//1449 106//106 101//101
f 128//128 127//127 4//4
f 197//197 128//128 4//4
f 145//145 1450//1450 144//144
f 136//136 148//148 146//146
f 170//170 172//172 140//140
f 229//229 1171//1171 290//290
f 306//306 229//229 290//290
f 309//309 323//323 324//324
f 298//298 372//372 299//299
f 426//426 410//410 1381//1381
f 410//410 426//426 427//427
f 567//567 1450//1450 145//145
f 1450//1450 185//185 144//144
f 207//207 205//205 129//129
f 1453//1453 531//531 558//558
f 160//160 531//531 167//167
f 1453//1453 167//167 531//531
f 173//173 208//208 551//551
f 207//207 129//129 555//555
f 1264//1264 367//367 370//370
f 1454//1454 289//289 575//575
f 1454//1454 1286//1286 289//289
f 603//603 1455//1455 673//673
f 651//651 619//619 636//636
f 678//678 703//703 671//671
f 723//723 721//721 584//584
f 1260//1260 768//768 769//769
f 1389//1389 716//716 789//789
f 1456//1456 1084//1084 797//797
f 1457//1457 897//897 886//886
f 949//949 812//812 896//896
f 816//816 815//815 897//897
f 1459//1459 935//935 940//940
f 935//935 1459//1459 884//884
f 1314//1314 1082//1082 1001//1001
f 1080//1080 1081//1081 794//794
f 1080//1080 794//794 1079//1079
f 805//805 1118//1118 1132//1132
f 1460//1460 1132//1132 1118//1118
f 754//754 720//720 723//723
f 1459//1459 934//934 1140//1140
f 902//902 957//957 904//904
f 1214//1214 1461//1461 1339//1339
f 1322//1322 475//475 1173//1173
f 1188//1188 1187//1187 260//260
f 203//203 1254//1254 10//10
f 465//465 458//458 472//472
f 1264//1264 370//370 575//575
f 289//289 1286//1286 329//329
f 1462//1462 477//477 294//294
f 1362//1362 1325//1325 1324//1324
f 1195//1195 1426//1426 1463//1463
f 1425//1425 1463//1463 1426//1426
f 1426//1426 1464//1464 1424//1424
f 1344//1344 1400//1400 1343//1343
f 1342//1342 1210//1210 1400//1400
f 1154//1154 1359//1359 1162//1162
f 1317//1317 1318//1318 1355//1355
f 1465//1465 1468//1468 1434//1434
f 1468//1468 1465//1465 1398//1398
f 1212//1212 824//824 1367//1367
f 1340//1340 1215//1215 1403//1403
f 1470//1470 1467//1467 1419//1419
f 659//659 1250//1250 663//663
f 1236//1236 1457//1457 1349//1349
f 11//11 100//100 1447//1447
f 1446//1446 1162//1162 1163//1163
f 960//960 1047//1047 959//959
f 802//802 1121//1121 1102//1102
f 754//754 723//723 755//755
f 802//802 752//752 1121//1121
f 1176//1176 316//316 1422//1422
f 1175//1175 1462//1462 301//301
f 316//316 301//301 1462//1462
f 1190//1190 1463//1463 1191//1191
f 1340//1340 1403//1403 1350//1350
f 30//30 27//27 29//29
f 967//967 968//968 1040//1040
f 1133//1133 1117//1117 1116//1116
f 1177//1177 1424//1424 1464//1464
f 1194//1194 1464//1464 1195//1195
f 294//294 1423//1423 1422//1422
f 1353//1353 1418//1418 1332//1332
f 1438//1438 1332//1332 1418//1418
f 1463//1463 1432//1432 1416//1416
f 1432//1432 1463//1463 1425//1425
f 1323//1323 1397//1397 1161//1161
f 1423//1423 1331//1331 1324//1324
f 1435//1435 1468//1468 1330//1330
f 1330//1330 1466//1466 1325//1325
f 1188//1188 1319//1319 1187//1187
f 1199//1199 1465//1465 1186//1186
f 1325//1325 1466//1466 1364//1364
f 1469//1469 1436//1436 1411//1411
f 1439//1439 486//486 1248//1248
f 1243//1243 1469//1469 1196//1196
f 1469//1469 1243//1243 1240//1240
f 1470//1470 1404//1404 1406//1406
# 2936 faces, 0 coords texture

# End of File
