####
#
# OBJ File Generated by Meshlab
#
####
# Object 75496.obj
#
# Vertices: 1588
# Faces: 3172
#
####
vn -2.292717 5.178080 -2.716680
v -26.920477 3.935485 25.314042
vn -0.527683 5.135327 1.420113
v 3.468469 23.770657 125.909604
vn 5.090160 -3.140320 -1.453918
v 15.400886 -18.354033 98.191665
vn 5.988658 1.774087 0.481142
v 26.222810 5.653835 124.430387
vn -3.893181 -4.330285 0.704738
v 26.936540 -15.415733 27.151220
vn -5.152172 3.193015 1.560937
v -20.699131 12.454804 126.169942
vn -0.551463 -4.452354 3.026744
v 17.973304 -0.755410 72.866940
vn -2.693831 5.272493 -0.174830
v -9.990809 15.265590 5.144840
vn -4.348447 4.148318 -1.544261
v -15.558513 9.519578 22.623830
vn 4.991471 -2.861395 -1.261722
v 18.751268 -21.567855 21.227640
vn 2.805673 -1.368903 -3.351674
v 12.009279 -19.455054 0.000224
vn -0.262655 5.838141 -2.293098
v 25.049590 16.990805 25.578884
vn 1.300671 -2.677411 -5.510681
v 22.597754 -14.470382 5.028250
vn -4.842598 -2.479110 2.849543
v -52.041725 -1.598603 52.371582
vn 1.503601 -4.582225 3.788281
v 7.344783 -21.986347 139.037492
vn -5.045946 2.929777 -1.698058
v -16.495226 -0.524630 94.477841
vn 2.424885 -5.653366 -0.494209
v 3.853664 -24.891903 19.669186
vn 2.388248 -5.468640 -1.377750
v 5.469187 -28.619480 112.856575
vn -0.607573 5.680772 -2.570459
v -7.542342 23.856816 58.322967
vn 1.330006 -4.604147 3.516975
v -13.755523 -16.087619 45.862186
vn -3.491938 -3.316064 3.816551
v 5.081116 -19.727873 40.689887
vn 0.275642 -3.119534 -2.918259
v -1.352606 -26.615341 0.000225
vn 0.639626 -6.174157 -0.617871
v -4.465188 -26.653907 4.967961
vn -2.868387 4.740261 -2.959569
v -47.975084 0.201290 36.676331
vn 2.725093 2.110658 5.207514
v 15.862287 6.189937 142.068140
vn 4.712223 2.398991 -3.318329
v 15.905771 7.033896 96.643196
vn 5.756044 1.771437 -1.713413
v 14.978393 2.873318 91.490710
vn 4.183118 1.124241 -4.314028
v 45.062065 6.075109 18.507995
vn 2.021719 5.024062 -2.721309
v 38.303440 14.115749 19.869508
vn 4.175235 3.346239 2.695777
v 48.451531 30.346475 56.728491
vn -1.961318 4.965223 -3.283867
v -38.907130 12.875471 49.113205
vn 2.308826 -2.610787 5.190382
v 40.594977 13.374869 65.451398
vn 2.818098 0.863304 4.201582
v 43.737321 23.068231 67.048739
vn 5.158246 -0.092558 0.941044
v 45.911557 12.134867 56.609612
vn -4.653821 3.983736 0.767322
v -9.643011 9.545515 90.254200
vn -2.596703 5.209948 -2.343840
v -22.204845 7.570624 28.386523
vn -6.221723 0.244128 -0.033416
v -22.137099 -8.544750 111.194709
vn 1.049084 -6.011037 -1.466816
v -2.852204 -27.781650 95.259587
vn 2.188138 -2.515090 4.630103
v 23.943493 6.250547 77.030030
vn 0.790843 6.054421 -1.460306
v 9.235801 17.093300 25.390696
vn -3.520420 3.603393 2.902605
v -30.463027 22.409225 66.779659
vn -1.247653 -4.562642 1.752859
v -30.336580 -18.996260 36.281696
vn 1.216417 0.494451 -5.970557
v 22.931081 -6.075944 2.631215
vn 0.811787 2.787377 4.215520
v 6.277957 21.239429 84.293056
vn 1.213195 -5.818162 -1.817346
v 3.307714 -8.542762 67.855504
vn 0.053328 4.254376 -4.139342
v 48.286158 15.494365 30.362321
vn -1.428307 3.963802 -2.219561
v -18.602433 13.325802 105.286805
vn 3.215384 -4.201310 3.182489
v 31.701719 0.720063 65.103605
vn 4.304617 3.502336 0.777712
v 22.019662 17.398424 123.532310
vn 1.232995 5.714351 -0.002581
v 5.424588 20.393463 104.734646
vn 1.250639 5.534822 -1.221738
v 4.726866 21.053293 102.839310
vn 2.400994 -1.050135 5.362105
v 20.544222 10.766744 80.255740
vn -4.076352 -4.411285 -1.218837
v -35.934420 -13.541395 21.738129
vn 3.694275 -4.864102 0.890839
v 44.670752 0.018569 24.562722
vn 3.420986 -4.772215 0.674894
v 22.885193 -17.234432 32.875407
vn 1.222586 -1.656589 -5.903671
v 18.965083 -10.729964 2.886194
vn 5.452840 -0.565494 2.914560
v 26.253310 -12.723748 129.316584
vn 5.781818 0.799407 0.825879
v 28.894794 -5.630897 120.286610
vn -1.592359 -5.218690 2.739175
v -43.361294 -8.590635 52.382665
vn -3.087165 0.562956 -3.212651
v -17.268545 -3.095771 0.000291
vn 1.000616 0.671890 6.050041
v 33.460135 20.051682 74.771540
vn 5.067956 0.949910 2.480280
v 38.459524 14.322019 70.440918
vn 3.599180 -4.361317 -2.647451
v 6.408307 -12.410727 81.581783
vn 3.242280 3.361529 -4.016785
v 42.446158 10.213034 18.593570
vn -0.676322 6.034747 -1.578061
v -4.393179 22.130551 52.338156
vn 1.046731 -4.425237 0.396232
v 13.165995 -26.726069 12.585948
vn -0.918325 -2.902604 -3.171864
v -10.399125 -26.492572 0.000261
vn 0.562039 -1.024081 6.122380
v 2.446716 -12.439886 58.079218
vn -4.721944 1.629028 -0.636894
v -25.870210 4.888550 121.542932
vn -3.705280 -4.219848 0.965712
v -29.984025 -22.654518 26.602785
vn 1.461785 -4.698022 3.021217
v 9.016639 -5.943555 60.798286
vn 5.289225 2.070276 0.414565
v 53.711105 26.463318 48.472849
vn 3.311786 -4.681557 2.458145
v 18.485534 -20.235366 134.024716
vn -4.008284 2.796405 2.393377
v -47.127018 13.143272 59.422914
vn -5.440687 2.213633 -0.365726
v -12.892642 5.826500 89.330342
vn -1.554013 5.584332 -2.027754
v 33.024711 22.168411 48.407138
vn 2.186667 -5.535755 -1.909829
v 4.579266 -25.914986 97.394015
vn -2.109851 5.181093 -2.855038
v -37.621000 5.428071 35.941516
vn -5.004842 -2.484792 0.149401
v -51.712431 -10.895162 33.600535
vn -4.837301 -1.439797 -3.068813
v -10.327409 -8.465405 82.803482
vn -2.088455 5.758530 -1.223278
v -6.105489 20.680864 106.944125
vn -0.212580 6.248050 -0.505399
v -4.257103 16.391941 15.632834
vn -2.130477 1.109809 5.800759
v -14.444386 -7.464374 143.752135
vn -0.145728 5.797232 -2.393863
v 19.296356 16.356290 24.565090
vn 5.183233 0.584055 -3.446511
v 21.122511 4.345475 104.519595
vn -3.473756 -4.544872 0.215321
v 28.148435 -17.049499 11.092332
vn -0.227564 -6.154384 0.621131
v 26.702348 -16.633476 11.859687
vn -2.181059 -3.581572 3.488626
v 1.719927 -19.536009 36.755646
vn 3.394636 -4.767538 -0.438256
v 8.089034 -27.467153 122.158488
vn 1.212038 -5.684667 -0.494854
v 6.101411 -28.846431 126.407166
vn 2.067629 0.934406 5.698489
v 15.787094 14.692780 81.742496
vn 4.165037 -2.077949 1.953474
v 13.880946 2.505351 77.246312
vn 5.617505 -2.455820 0.411253
v 13.777016 -0.220292 74.313415
vn 5.813707 -0.054466 1.000424
v 41.370006 5.002892 61.624079
vn -1.596427 -5.534675 1.417101
v -48.857010 -12.809419 34.527439
vn 3.268483 4.137623 2.305884
v 40.712915 33.552126 63.853957
vn -0.598686 -5.862549 2.063222
v 12.208816 -24.515722 16.389573
vn -1.902067 5.636921 -1.752137
v -17.703667 17.602948 50.653964
vn -3.138599 0.450695 -4.511792
v -40.786782 -8.460893 19.905739
vn -1.220288 -0.342478 -6.072885
v -8.999451 -18.799340 82.773466
vn -5.491060 -2.498424 -0.952168
v -13.238520 -21.971333 87.770507
vn -2.765479 4.816275 -2.926091
v -45.544146 8.263372 47.179181
vn 5.330458 -0.290556 0.856051
v 46.731964 10.978585 59.512984
vn -3.062624 4.917495 -2.395716
v -20.254830 6.519365 23.810727
vn 2.046385 2.256375 -2.991382
v 7.920253 13.260301 0.000264
vn 5.631995 -1.558188 0.660452
v 47.791334 8.256947 42.277625
vn -1.330246 -5.704603 2.171851
v -26.426501 -13.083992 47.839946
vn -3.113096 -3.603366 -2.222835
v -10.486511 -26.250104 84.989756
vn 0.471967 -5.703364 2.468550
v -5.399533 -28.672401 134.419156
vn -2.913883 -2.870309 -3.650819
v -13.930874 -24.119792 115.043205
vn 0.724412 -3.025421 -2.986441
v 6.378035 -25.602358 0.000224
vn -5.946675 -1.808841 0.135769
v -23.957411 -11.364466 125.298565
vn 2.256206 -4.555779 0.703807
v 18.489422 -17.983264 11.778469
vn 0.806673 -5.454969 0.545583
v 0.423618 -27.831112 23.576396
vn 1.113117 -4.720953 -0.695517
v -22.461608 -29.020653 7.963498
vn 0.974073 3.939424 4.747873
v 19.452539 27.531966 74.362530
vn 3.854578 3.403900 -2.835091
v 53.864009 20.694224 38.183148
vn 0.491980 5.169156 3.392721
v 32.857323 31.971011 67.285170
vn 1.077640 4.732253 2.764276
v 31.224447 30.898087 70.860531
vn -3.479044 -3.820407 -3.341602
v -39.239259 -10.162015 19.388408
vn 1.367469 -5.895505 -1.599432
v -0.313168 -28.286421 99.126600
vn 0.824008 -3.931654 -4.375248
v -19.024473 -25.262329 6.372927
vn -2.681798 4.314136 -2.387597
v -12.496228 19.086676 107.701635
vn 0.761498 -0.308874 5.887837
v -2.547802 -7.859004 146.160654
vn -3.537592 -2.745370 -3.549099
v -21.623922 -22.133183 117.625297
vn 4.732245 -2.771004 -2.845782
v 23.134103 -16.911708 117.996729
vn 2.677827 -5.358228 1.597865
v -4.345816 -29.682129 107.014449
vn 3.442223 -5.177762 0.405614
v -5.508867 -30.688681 105.334458
vn -2.755661 -3.096152 4.626438
v -26.969663 3.195177 70.181650
vn -1.078435 3.358957 5.040929
v 2.036516 14.831844 138.695224
vn -2.097972 4.780533 -2.734801
v 31.419766 23.990068 54.858136
vn 3.914171 -3.154275 3.729566
v 28.506413 1.840988 69.931000
vn 2.012584 2.969478 4.995430
v 9.400478 21.086820 82.299403
vn -4.830208 -2.262362 0.461260
v -23.416094 -8.003335 120.060432
vn 5.586498 -1.588297 -0.458223
v 28.382832 -10.617276 123.802964
vn 4.563331 -2.585497 -0.387562
v 27.937981 -12.814027 125.338006
vn -2.824544 -5.113642 2.182780
v -11.966006 -27.327713 12.892245
vn 0.708861 6.077742 -1.271126
v 12.785185 22.529838 53.605227
vn 1.588520 -4.032869 3.833912
v -5.470755 -18.988148 37.935037
vn -5.011901 3.388402 -0.855364
v -24.146753 6.959464 122.554752
vn -1.734347 -1.304897 -5.815941
v -7.738439 -16.171369 82.260226
vn 1.826667 -3.143313 4.708608
v 37.998408 8.066003 71.242708
vn 0.810717 -3.505612 4.293127
v 3.300000 -20.097121 144.222495
vn -1.849749 5.340802 -1.073994
v -27.599626 24.289080 65.439987
vn 3.272370 2.082144 3.801446
v 34.434961 24.716372 73.558363
vn 1.786729 1.165552 -5.336027
v 32.124152 -10.320077 5.427730
vn -3.411346 3.236634 3.506705
v -42.885922 15.768249 61.472934
vn -5.414329 -1.430041 1.643994
v -13.215363 -31.525911 110.959233
vn -0.311176 -5.597407 -1.253057
v -1.649119 -33.187832 119.244102
vn 3.794707 -2.619577 -3.852122
v 8.175813 -13.014227 84.581811
vn -2.179968 -1.883290 -4.137859
v -9.991899 -24.770267 83.159251
vn 1.592556 -5.435490 0.483787
v 33.328933 -20.621093 13.909557
vn -4.370991 -3.061440 1.456945
v -21.266548 -19.137163 130.965223
vn -5.814634 -0.147363 1.679731
v -13.434780 4.777598 82.402884
vn 2.839947 -4.327403 -0.430056
v 17.061212 -23.130186 19.543313
vn -5.442167 -0.938364 -2.721950
v -28.317837 -22.578749 11.132367
vn 5.561329 -2.010686 -1.541846
v 15.008199 -6.343203 87.561230
vn 2.125124 -3.690538 3.659091
v 26.095482 0.765697 72.048657
vn -5.138018 -1.074976 -3.050596
v -19.640394 9.249702 106.621076
vn 4.933000 -3.478934 -1.244110
v 11.931248 -5.674504 76.119547
vn -4.012322 -3.292838 3.389208
v 15.940983 -5.033461 64.961530
vn 1.364966 -4.380976 4.049723
v 9.419463 -25.797946 135.731433
vn 1.802502 -1.856570 3.629538
v 10.940579 -24.841177 136.481067
vn -1.270424 -4.341319 3.670217
v 16.533319 -10.212010 60.281909
vn 2.783338 -4.726937 2.478770
v 17.226217 -12.229352 57.032529
vn -5.609916 -1.220127 -0.318076
v -12.546583 -25.682983 113.224810
vn -3.119133 -0.128922 -3.219051
v -17.925553 -9.633323 0.000376
vn 0.565222 -6.018482 0.836949
v 3.965629 -25.092159 9.309205
vn 1.244618 -4.617152 -0.997229
v 10.833244 -26.649947 7.661683
vn -4.894229 -3.823608 -0.625526
v -18.405924 -19.911222 105.829182
vn 4.533983 1.482188 2.804461
v 36.446485 20.291015 71.378992
vn 3.123251 -4.779735 -0.096191
v 21.419727 -11.587458 102.766558
vn 5.841500 1.949117 -0.032536
v 24.947556 12.271207 124.870887
vn -3.630439 -3.707677 -0.825144
v -19.531192 -23.206611 115.368925
vn -1.158167 6.056080 0.603613
v 9.803053 29.315078 71.487137
vn 2.587441 0.150787 5.647832
v 8.643916 -10.036659 144.679417
vn -1.723197 -5.749309 1.835993
v -18.311814 -17.132920 43.570514
vn -1.897167 -5.349664 2.211711
v -16.144730 -10.872383 59.593001
vn 4.203683 2.900131 3.615869
v 19.798198 15.620236 132.208988
vn 0.277342 -5.577726 1.922708
v 25.111352 -12.633638 42.739649
vn 5.221431 -3.110288 0.803373
v 34.985769 -14.360973 22.225706
vn -0.487790 4.860087 -0.851833
v 0.741614 22.247794 109.100506
vn 3.621544 -4.336229 1.974383
v 17.319155 -24.438848 130.113744
vn -1.576765 5.671768 0.835320
v -20.765194 25.753252 67.320787
vn -1.533028 5.588011 1.879360
v -8.526545 22.266002 127.072990
vn -4.686624 -3.381978 -2.336410
v -15.706821 -19.835775 97.437358
vn 5.044485 2.036322 1.174422
v 24.885796 12.652085 126.941868
vn 5.384924 0.401765 -3.194012
v 20.647796 -2.148979 102.411907
vn -1.948705 4.372071 -4.039235
v 25.795604 28.916434 63.355504
vn -1.882453 5.326070 -2.749970
v -31.480418 6.917900 34.582231
vn 3.862792 2.129815 2.757293
v 43.205231 30.589394 64.581408
vn -0.037687 -5.800495 1.028813
v -10.117005 -30.788728 114.965771
vn 3.279388 -5.268122 0.928628
v 14.213665 -19.570517 38.972263
vn 0.045821 5.876682 -1.703047
v -15.172571 12.281453 104.120679
vn 2.739655 -5.042474 1.754459
v 11.932518 -27.711249 130.835659
vn -0.906892 -4.738074 2.159052
v 7.402225 -14.107497 47.903011
vn 1.054952 -4.359885 0.627578
v 9.640411 -12.542277 53.551225
vn -4.889169 -1.027889 -1.840043
v -51.668442 -10.017797 29.593916
vn -4.543143 0.506453 -2.726100
v -18.671814 3.367672 110.035639
vn 3.445618 -4.674476 0.456342
v 20.909489 -19.013098 29.296267
vn 2.934529 -4.682597 1.409292
v 41.587017 -9.767078 21.964495
vn 2.786827 -5.368911 1.232892
v 38.388852 -9.327027 31.603635
vn 4.192797 -3.106103 -1.608029
v 18.531505 -13.998765 110.587822
vn 2.094901 2.253418 -5.263210
v 35.180087 6.785795 11.816653
vn -5.173438 1.971405 1.762101
v -24.989953 5.436651 128.771118
vn 4.728553 3.046448 -2.424679
v 52.953537 17.959015 33.542119
vn 1.098159 -2.187361 4.357388
v -1.594399 -9.837452 58.682543
vn 0.767844 -5.387285 -1.198390
v 13.342963 -26.132105 120.599749
vn 1.032129 -4.944202 3.622029
v 4.707466 -21.900617 140.279254
vn -3.217872 5.073007 -1.765898
v -16.217920 13.603638 35.779401
vn -5.219598 0.607749 -2.990657
v -21.440042 -0.989250 111.239803
vn 0.492698 -3.140608 4.754140
v 15.624830 7.648870 82.148429
vn -1.578228 -5.635933 0.356588
v -37.587976 -11.728906 35.332165
vn -1.184147 -5.190204 3.125206
v -0.504221 -23.631541 32.653002
vn 2.814761 1.180239 -3.860483
v 11.198797 6.791103 0.000237
vn 0.195274 -3.423422 -4.225079
v -5.002370 -26.448869 83.550445
vn -5.552185 -2.426938 -0.790542
v -14.139747 -24.591133 103.521464
vn -0.796364 5.390273 -3.122233
v -30.913414 16.103638 51.264158
vn 1.533293 -2.278475 -1.965425
v 23.918705 -15.555546 114.489158
vn -1.463103 5.330735 -2.886253
v -36.965182 16.383678 53.519967
vn -3.046103 0.809131 -5.058694
v -27.752907 -12.869946 9.247978
vn 0.376338 -1.711042 -5.896317
v -1.742174 -19.417576 82.822391
vn 5.821352 1.812639 0.867933
v 28.465724 -2.283560 117.121905
vn -0.970185 1.776051 5.918959
v -6.733035 5.889744 142.494463
vn -5.593734 -1.043740 -2.239841
v -17.547958 8.040436 103.749097
vn -2.601886 -0.234976 -3.040141
v -17.404744 5.522646 101.508595
vn -5.459931 3.012561 -0.672564
v -13.530274 11.512674 18.983927
vn 2.937544 5.291171 -0.570497
v 10.780978 19.579712 106.153818
vn -5.583587 2.134253 -1.587085
v -19.162057 -2.468670 104.875508
vn -3.642833 4.793986 -0.624352
v -11.937171 15.682058 28.100668
vn -3.175166 5.220172 -1.171386
v -12.609768 16.076541 34.719895
vn -4.887084 1.888662 -1.062399
v -18.621896 3.994817 106.542556
vn -0.437239 5.813164 -1.184516
v 15.384035 30.334770 69.279670
vn -3.587339 1.957923 -3.513843
v -14.845920 16.578338 107.341025
vn -3.921192 4.669214 -0.613999
v -14.483132 20.444808 118.875725
vn -4.323401 3.087239 -2.543567
v -53.132009 -2.341596 37.532730
vn -4.241512 0.283396 -3.496277
v -18.221203 -13.601588 5.930910
vn -5.714205 -0.189204 -1.567805
v -26.579084 -2.232698 119.957946
vn 1.934576 5.890608 0.096047
v 6.212102 12.968567 89.380670
vn 2.716354 -4.513199 3.333410
v 21.645884 -0.749165 69.712488
vn 0.182396 -5.184835 2.153214
v 24.374164 -8.254327 52.930706
vn 1.265728 -4.830663 3.760213
v 36.957313 4.175794 67.359514
vn 5.510959 0.318535 0.792291
v 41.336993 8.841047 65.118157
vn 3.756277 3.161641 0.554191
v 11.876048 17.960365 105.401858
vn 0.214131 4.372780 -4.473530
v 24.218497 7.757252 10.764884
vn 2.774644 5.043364 -2.361984
v 12.439211 19.532605 108.525659
vn -1.750325 5.802462 0.676105
v -8.540598 23.554116 121.335988
vn 1.544132 5.822755 -1.739984
v 7.053129 21.622347 109.253199
vn 0.714408 4.112051 -3.134991
v 6.449082 17.409689 96.638224
vn 2.529364 -4.868598 2.419042
v -26.460263 -24.182388 23.596086
vn 5.407225 0.513325 0.355323
v 43.990638 0.830459 46.679259
vn 5.094861 -2.906286 -1.107204
v 26.103268 -12.009231 121.014656
vn 0.987208 1.247553 5.727047
v 3.886548 1.482010 145.515305
vn -0.419773 0.318105 6.257220
v -6.358497 -11.607024 145.843007
vn 0.147810 -1.399270 6.094243
v 9.752962 -5.460661 145.126060
vn 0.464053 -0.034129 5.864771
v 11.720326 -1.254876 145.506720
vn -0.112757 5.476908 -1.772646
v -1.034760 23.264807 110.431959
vn 3.625952 4.887484 -0.487336
v 9.625877 11.768583 89.275250
vn 3.846551 0.094713 -1.556049
v 24.307577 -8.422054 103.117107
vn 3.873455 -3.347361 0.347270
v 13.840649 -26.207411 12.824491
vn -0.989449 5.969007 -1.524072
v -2.538474 24.141579 113.829981
vn -2.445385 4.602193 -3.378897
v 37.914028 33.110457 58.627005
vn 0.276126 6.174352 -1.110824
v 12.078866 20.927959 42.517196
vn -0.040989 3.026933 5.471335
v -0.393828 10.789278 141.731626
vn -1.682843 5.499927 -2.006772
v -9.333511 22.252605 113.258445
vn -3.141101 -0.968051 -5.216808
v -8.633442 -14.477601 82.463982
vn -4.992489 2.721068 -0.933026
v -21.876293 13.994644 116.878001
vn 4.991003 -3.082414 -2.140038
v 13.537216 -8.894768 88.186126
vn 1.997291 -2.338477 -3.190606
v 8.693735 -24.465775 0.000227
vn 3.275818 -4.870655 -1.821587
v 9.291071 -24.741211 3.173282
vn 3.066439 0.656756 4.214125
v 36.829813 30.355296 66.095527
vn 3.998145 -4.487736 1.730421
v 4.954252 -31.189403 120.946032
vn 3.579699 -4.056951 -0.224912
v 7.311320 -30.585145 117.820113
vn -4.365406 3.669759 -0.300103
v -12.556662 13.723882 9.168938
vn 3.828168 -0.635150 1.448555
v 41.111992 8.395202 61.184495
vn -3.758578 -3.883049 0.626678
v 28.574092 -18.869221 20.771390
vn 4.529379 -3.919934 1.411300
v 34.776116 -11.841256 32.619618
vn -0.318649 0.550942 6.236513
v -0.433670 -4.875554 145.899868
vn -5.551127 2.368354 -0.181839
v -23.869272 5.442613 115.157530
vn -2.343810 3.871645 2.767997
v -27.707419 23.849346 68.409628
vn 5.122815 -3.310213 0.436990
v 36.218577 -13.588135 15.958461
vn 4.477184 1.179177 3.805804
v 48.693624 25.534156 59.773484
vn 5.759349 -0.139197 -2.358739
v 17.878981 -3.366111 96.353886
vn -2.501023 0.107080 5.676493
v -26.547548 12.128231 73.301272
vn 3.098757 -5.182641 -1.557526
v 4.917209 -24.212731 90.325240
vn -1.314157 -5.786395 1.896153
v -14.729179 -12.760037 53.390962
vn 4.413446 0.853251 -3.718393
v 18.454364 -7.340740 98.651427
vn 1.090586 3.602318 4.762728
v 12.934206 23.927062 79.760080
vn 4.429019 -3.532848 -1.660326
v 22.941777 -15.817302 116.974293
vn -3.159265 5.067826 -1.946293
v -17.855551 9.923475 27.872243
vn 4.565949 -1.144595 3.823559
v 48.500598 20.484488 59.892837
vn -0.349394 4.182731 -4.431181
v 0.248612 19.628999 99.904590
vn 0.432179 -4.600365 2.844026
v -8.162491 -21.591682 37.932287
vn -3.478758 -4.145166 0.448703
v -10.278788 -19.985762 145.016281
vn 5.215728 -2.033881 0.863273
v 47.945045 5.553246 43.150962
vn 2.122506 -4.878197 -2.877147
v -6.863210 -29.529145 114.898425
vn 4.392357 3.334304 2.454768
v 10.006796 11.605205 85.609208
vn -3.455828 5.106802 -0.794924
v -15.805368 17.877009 113.922207
vn -2.807572 -3.865398 0.058652
v 27.640555 -15.557774 19.666869
vn -0.325826 -3.183649 -3.380482
v -23.047448 -28.127136 6.164130
vn -2.419866 4.796493 -3.201970
v -30.775713 0.835485 22.576049
vn -2.056240 5.239723 -2.790346
v -30.969948 3.998403 28.523740
vn 0.071014 3.456892 5.159299
v 25.205536 27.918466 73.404697
vn -3.622823 -4.696417 0.444766
v -15.708663 -28.827803 122.106508
vn -3.675536 0.232193 4.958807
v -19.073191 10.486360 77.950081
vn -2.869585 -4.464164 -3.026304
v -18.626416 -23.038505 114.298956
vn -2.867396 5.341565 -1.639846
v -15.626414 17.569792 47.117285
vn 2.879904 3.775763 -3.866218
v 15.321392 6.776223 8.095390
vn 1.048495 5.187428 -3.069246
v 0.979464 15.345140 94.873366
vn 3.479506 -4.800726 0.362249
v 42.627649 -8.673237 27.584801
vn 3.058218 -0.974869 5.159661
v 18.374310 10.037473 80.578300
vn -0.216809 5.351009 2.047363
v 24.028629 30.863859 70.650931
vn 0.088668 5.339266 2.317986
v 19.117751 30.204497 71.769732
vn -2.909048 1.211767 5.380939
v -14.969034 -2.220293 142.486576
vn -4.433519 1.430894 4.061718
v -17.351124 4.204316 139.487458
vn -0.326738 6.006344 -1.786122
v 21.314146 18.477084 30.283020
vn -1.359832 -4.682114 3.664577
v 18.274656 -4.201280 67.781064
vn -0.143678 5.948861 1.787886
v 1.196461 21.711082 128.857979
vn -4.448207 -4.148719 0.105166
v -15.549867 -22.667258 108.176766
vn 0.212689 -5.897820 -0.732640
v -41.280517 -11.251081 25.380278
vn 5.607981 0.011879 -0.585377
v 25.456432 -7.781460 112.639126
vn -0.851818 -4.432388 3.512181
v -6.914740 -21.161066 142.608999
vn 0.580144 -3.485546 4.241174
v -4.697463 -22.439409 142.328969
vn 1.144376 6.001951 -1.332295
v 3.050135 23.121752 112.371321
vn 4.934063 3.208959 -1.394125
v 23.288945 14.041286 115.772949
vn 4.435953 -3.417644 -2.320446
v 12.826268 -18.580582 91.487972
vn -1.063824 4.280017 4.253137
v -5.033174 17.558229 136.499568
vn -2.626615 2.587353 4.369109
v -9.721634 -15.749527 147.125196
vn 2.696025 3.464413 4.447803
v 15.697657 14.718534 136.407767
vn 4.777878 -3.394684 -2.174876
v 13.367915 -23.254332 7.674717
vn 4.214294 -3.363042 0.872825
v 25.271964 -16.063650 129.574445
vn 1.201344 5.007218 -3.453632
v 17.795821 10.114192 13.317373
vn -0.355589 -4.054238 2.114539
v -17.641339 1.375774 69.702898
vn 3.504038 3.008813 2.579391
v 21.070455 9.519980 137.694841
vn -3.029694 -1.461699 3.533336
v -14.984294 -12.775610 144.675910
vn -6.023311 -0.333501 -0.865067
v -22.421894 -13.472278 113.420793
vn 1.469382 -2.008581 5.082076
v -4.666921 -10.187938 59.835944
vn -5.409152 -2.233142 -2.110681
v -16.994394 -16.630675 95.699869
vn 1.463610 -3.957443 4.268802
v -22.041134 -26.328645 11.538094
vn 5.685544 1.004036 2.076117
v 27.129653 -8.410613 125.931561
vn -2.294452 -1.646546 5.484139
v -44.305334 1.196921 61.832307
vn -0.673625 -3.874603 4.323931
v 13.271449 -10.134119 57.839492
vn 1.376108 -3.295903 4.340645
v 9.336980 -12.685463 57.803295
vn 1.632080 -2.298255 5.539059
v 32.156541 10.339717 73.382884
vn -4.882296 1.598457 -1.090302
v -54.766421 -1.255892 41.812857
vn 3.626396 -4.960331 1.248626
v 14.932484 -17.979749 45.163126
vn 3.349647 3.836753 -3.525739
v 9.803353 14.992745 97.206011
vn 2.062741 5.116855 -2.953126
v 46.428054 14.090605 26.854843
vn 4.758226 -3.886624 -0.482067
v 24.311858 -16.101919 126.483495
vn 3.970379 -3.066255 -2.918452
v 19.124319 -11.570277 98.875342
vn -5.349273 2.368074 -0.786692
v -14.659582 4.552449 10.083345
vn 2.803572 3.389873 -2.519242
v 53.074744 25.723312 42.068233
vn 2.830936 1.289181 -5.434424
v 36.448988 3.051242 11.547474
vn -1.213835 -4.337518 4.222640
v -36.772943 -4.524243 60.330712
vn -2.265174 -5.255765 1.602244
v -48.740732 -11.050320 41.101140
vn 4.226650 1.665497 -3.719128
v 20.066023 11.035793 103.706528
vn -2.439163 -3.487884 3.355852
v -16.511141 4.429338 75.714863
vn 0.081000 -5.493207 0.611085
v -1.855125 -6.963934 63.523208
vn 2.292270 1.829039 -5.364845
v 26.974105 -3.213359 4.465303
vn 2.683037 -2.497888 -4.463147
v 3.726859 -21.771011 84.275013
vn -4.066169 -2.964904 -3.515205
v -13.690400 -27.910708 116.255396
vn -1.513917 -4.753277 2.322366
v -32.257180 -15.118209 44.630540
vn -1.696685 -5.493305 0.551041
v -10.908468 -28.661563 11.127312
vn -0.468743 -5.883493 1.480721
v -6.344245 -7.526850 63.590527
vn 4.416507 2.099221 -3.216990
v 21.919140 -5.894412 104.200533
vn -2.459667 2.316826 5.169906
v -20.314290 19.847545 72.882579
vn 0.809262 -4.162872 4.581382
v 1.041074 -23.209108 139.467107
vn 0.087342 -4.477978 3.065555
v 2.916440 -14.712889 57.453716
vn -2.768451 1.271466 -5.441056
v -20.415027 -8.587651 7.911315
vn -5.206845 2.147422 0.971719
v -22.501700 12.869348 120.973535
vn -1.202750 1.362977 5.957886
v -9.269840 0.007517 144.191295
vn 1.773303 -4.783898 1.132597
v -5.559331 -28.099844 111.382622
vn -2.489765 5.043166 -2.448427
v -41.852473 15.370123 54.677181
vn 5.034434 2.833961 -2.373410
v 12.004996 8.700454 5.430082
vn 3.740734 -4.749310 1.694660
v 17.163259 -14.751790 49.849542
vn -3.270014 2.380771 4.359931
v -14.173039 14.810497 81.143620
vn 3.941436 -0.236826 4.083064
v 22.217805 -0.560210 139.634493
vn 0.308346 6.217095 -0.836203
v 12.494370 21.801230 48.186920
vn 1.381718 -5.907657 1.479013
v 15.472296 -21.152414 26.838109
vn 5.476127 -0.057533 -0.539157
v 54.931438 19.502019 39.586663
vn 0.465393 -5.403790 2.295411
v 14.777154 -1.314154 68.607228
vn -1.686305 -5.922029 -0.933621
v -0.954346 -29.457352 110.406775
vn -0.450290 5.752693 2.324682
v -2.085436 27.358249 74.700281
vn -5.649343 -1.016535 -2.530987
v -19.108080 -12.319790 98.281301
vn 5.669395 0.186831 2.476523
v 25.240199 -0.141420 133.911427
vn 3.953703 -1.313975 0.855562
v 41.742045 6.067251 55.909513
vn -6.114159 -0.986280 0.728936
v -13.644076 -27.468165 108.157689
vn 0.818182 5.477023 -0.959463
v -1.161161 22.916744 102.976918
vn -2.583582 -4.950103 1.758423
v -12.982306 -24.535546 16.329721
vn -4.527957 3.361002 -1.232870
v -19.979540 13.168542 108.729912
vn 3.711419 -4.695920 -1.287056
v 20.941491 -12.075335 107.842840
vn -4.136439 2.205956 -2.617832
v -52.053399 -3.732872 33.787153
vn -2.441481 -5.117793 -2.143639
v -40.116912 -11.256085 21.528445
vn -3.029862 -0.762243 -3.429871
v -16.548166 -16.354501 0.000224
vn 5.115905 2.500767 -2.388304
v 22.625749 12.307003 111.981077
vn 5.533076 -0.352594 -1.209551
v 28.954179 -4.316971 116.828666
vn -1.246175 5.787588 -0.159629
v -5.345624 24.672729 118.036085
vn -3.950535 -4.071916 -0.045348
v -10.979607 -26.325371 87.368946
vn 3.519856 -5.025359 0.719917
v 37.987569 -10.649273 25.654799
vn 4.979271 -0.832480 -2.051852
v 44.053965 -5.171380 17.019054
vn -2.998437 1.612027 5.238637
v -36.279220 14.364835 65.886183
vn -2.888431 1.170341 5.282290
v -22.811971 13.672530 75.093403
vn 5.490028 2.953450 -0.532036
v 11.952101 8.151346 87.785128
vn 0.267367 5.179623 -2.467983
v 16.593448 22.897428 58.968229
vn -2.475559 5.157250 -0.524310
v -31.376541 22.489338 64.590856
vn -1.565000 -5.197268 2.459793
v 24.023044 -2.232375 66.037099
vn -5.494125 -0.072976 -1.769156
v -25.525669 1.884975 116.586014
vn 3.992850 -1.094772 4.639307
v 18.104130 -13.453405 139.519908
vn 0.106863 -0.706999 -6.216989
v -5.501295 -23.312412 82.941686
vn -2.019764 3.346762 4.869932
v -7.692699 18.991661 80.644488
vn 2.182166 -4.322903 -2.293305
v -0.313127 -26.249283 84.825974
vn 2.223323 -2.638475 -5.108237
v 17.003501 -15.715267 4.291225
vn -3.223638 4.705703 -2.299879
v 31.526241 32.280485 63.371885
vn -0.553406 6.068405 -1.483189
v 27.439022 22.432011 51.286998
vn -2.151800 -4.387386 3.202135
v 3.418941 -18.234407 39.974479
vn 1.928261 -4.328660 2.231995
v 29.278563 -8.697945 57.453688
vn -6.021076 0.952937 1.061892
v -25.521420 1.746402 129.632103
vn -1.649569 4.108198 -2.807981
v -17.405581 19.485751 58.033122
vn 0.740004 -6.130069 0.304799
v -45.682503 -13.093027 32.355708
vn 5.391335 -2.972002 -0.830739
v 15.692060 -19.259476 102.208890
vn -1.893843 -5.010800 2.799463
v 25.759030 -3.846827 65.382938
vn 1.664514 1.520787 -0.780025
v 26.991591 -1.044884 118.547890
vn 4.577175 -1.763403 -2.433197
v 37.179827 -12.952021 11.399679
vn 4.256810 -2.885066 0.024906
v 47.949268 1.338281 23.342311
vn 3.488778 1.154579 1.948907
v 38.547340 23.269097 70.017899
vn 2.872916 -1.688410 -1.933995
v 34.813853 -11.734973 6.781317
vn -5.228472 -3.400644 0.077702
v -32.684495 -17.209664 24.948951
vn -4.631915 0.864215 4.003167
v -13.463465 9.959549 82.926307
vn -0.683810 -5.972287 1.711991
v -10.673540 -14.628027 49.586572
vn 3.816619 3.969006 0.136142
v 51.347501 30.160570 49.902612
vn -0.888024 5.099099 -3.513390
v -25.827551 22.426308 61.878022
vn -1.227310 5.649088 -2.422855
v -31.785070 20.143190 60.247711
vn -4.673016 2.746073 -0.592028
v -54.283068 2.723029 48.144962
vn 5.390891 -1.084642 0.024535
v 47.609161 6.545929 29.862233
vn 5.132352 -3.400875 -0.856986
v 18.263827 -13.769261 103.932822
vn -4.715134 -1.942318 3.222931
v -16.262848 -12.954296 140.009007
vn -3.786544 -4.516213 -2.145529
v -6.772977 -9.261058 74.428402
vn -0.357484 6.091839 -0.264704
v -0.593994 14.492863 91.883964
vn 1.196941 6.077294 0.196439
v 7.294780 23.424592 120.490127
vn -1.422963 -5.416732 1.703911
v -17.770807 -21.233096 32.448857
vn -3.713095 1.303106 -4.757710
v -31.788913 -10.720376 13.069947
vn -1.975246 -3.826269 2.887743
v 14.489103 -3.502304 63.832824
vn 3.620408 -3.530048 -3.428467
v 20.287988 -19.559384 116.668666
vn 2.240909 -5.405732 -2.002092
v 23.422704 -10.910580 107.718859
vn 0.506484 -5.421543 1.890848
v 6.482712 -29.104653 132.228341
vn -0.288190 5.127779 3.337624
v 9.293529 27.685646 75.937513
vn 4.375978 4.082163 0.814759
v 21.349154 17.133046 124.987555
vn -3.932330 4.770149 0.034837
v -20.145356 15.628829 119.073428
vn 5.299491 -0.912096 -3.062083
v 13.570230 -10.410379 89.376224
vn 4.808183 -1.903252 -2.552577
v 35.185803 -16.889358 10.786220
vn -5.327037 2.264888 -1.598378
v -16.932746 -0.879559 7.653199
vn -0.118807 -5.760264 1.384516
v 30.984699 -17.805608 29.800776
vn 5.840617 -0.202168 1.500574
v 27.180071 -3.329376 129.552316
vn -5.790631 0.974408 -1.461467
v -26.143789 0.397614 121.086408
vn 4.638559 -3.391481 -0.630963
v 24.697109 -14.731289 124.600559
vn -4.162050 4.140123 -2.029800
v -9.425374 10.740818 96.852112
vn -3.031552 -5.169029 0.085830
v -36.322869 -12.840438 27.772400
vn 2.645966 1.856727 -5.318309
v 31.518404 -0.504015 8.674728
vn -3.950806 4.742236 -0.941956
v -13.474937 20.376919 115.223583
vn -5.427213 -0.411477 -0.147195
v -50.907276 -6.528635 32.306209
vn -3.925546 2.255349 -1.840728
v -51.456685 -4.375449 31.966459
vn -3.160282 2.978111 -4.269908
v -43.396005 -7.104318 22.322545
vn 1.859987 -2.736969 -4.477718
v 31.713542 -17.856662 8.196555
vn -4.982183 -3.319615 -0.490957
v -28.294093 -25.789240 14.585311
vn 5.397670 0.055373 0.847338
v 45.393984 14.136768 60.086614
vn -1.620173 -3.330020 4.361739
v 13.217895 -7.224926 59.624206
vn 3.616982 4.807799 -1.247055
v 19.199513 18.411454 116.467407
vn -2.039166 5.398975 -2.468550
v -25.403065 8.796708 34.143313
vn -0.019819 -5.829705 1.426895
v -17.809875 -26.401283 10.882492
vn -5.202560 0.260152 -2.726856
v -13.084212 -4.427478 87.146754
vn 0.180401 -0.240118 6.191288
v 2.898831 -8.606187 146.254904
vn 1.125259 -0.452850 6.061649
v 2.515267 -12.438286 145.959592
vn -4.054642 -4.096762 0.418808
v 28.231391 -17.791899 24.108087
vn -0.713267 -5.040321 1.524450
v 26.383399 -14.173241 35.147642
vn 4.421554 -4.285640 -0.478109
v 12.772302 -24.211025 105.732019
vn 2.984795 -2.802404 3.152475
v 13.067612 -24.758737 135.087093
vn 2.053330 3.460054 4.805798
v 19.254224 24.020042 76.944100
vn 4.284778 2.277881 -3.031236
v 18.219674 7.182165 98.939932
vn -1.358036 5.578854 -2.546753
v -25.369954 13.279255 44.005192
vn 0.497066 -5.889116 1.917208
v -1.312174 -30.730810 128.877440
vn 0.234476 -5.578369 2.836116
v -0.370283 -28.573045 133.431442
vn -1.803606 -4.672291 1.884714
v -11.763513 -28.482529 135.774666
vn -0.168958 -5.838425 1.102589
v 7.132477 -24.180033 13.227065
vn -5.877526 -0.583281 -2.045486
v -17.274164 -10.828842 92.491837
vn 5.787956 -1.203310 0.771963
v 43.345504 -3.999291 43.587691
vn 3.117904 -3.728036 1.382341
v 42.611361 -4.400233 46.245507
vn 1.223089 -5.763410 1.964464
v 39.752933 -4.561030 46.126398
vn 0.508246 6.140161 -1.156635
v 4.890451 16.979931 21.830601
vn 6.074903 -0.146960 -1.259068
v 48.021722 5.528384 23.359445
vn -2.413903 4.647010 -3.392257
v -35.449369 -0.004230 24.675804
vn -1.844972 -5.564204 2.147226
v -21.646726 -14.773059 48.169547
vn -0.222941 5.703263 -2.552847
v 30.213663 15.493260 21.067270
vn 1.901268 -5.681608 1.238342
v 24.472876 -16.872348 12.013308
vn -3.146107 3.830217 -3.840588
v 32.491737 30.234631 60.299228
vn -0.023280 -5.958168 1.949874
v -12.049944 -23.136382 25.538964
vn 5.419932 -1.649676 -2.135538
v 17.011756 -13.853925 96.286405
vn -2.105895 -3.318320 4.667311
v -43.752530 -1.453738 60.793236
vn -1.714827 -4.583200 3.637274
v -42.330424 -5.705915 57.455211
vn 5.581960 2.324332 0.446487
v 35.019857 24.525525 72.105046
vn 4.522866 -4.148261 -0.511368
v 19.638177 -17.427760 17.516240
vn 1.588509 -1.985925 -4.936285
v 28.850319 -11.415816 4.349796
vn 2.319298 -1.075574 4.800698
v 44.115222 18.286716 66.841113
vn -3.645150 -4.233516 0.562793
v -28.482573 -25.699302 18.190617
vn 4.509201 0.004863 1.716396
v 40.806157 12.199701 68.116417
vn 1.430968 -0.701246 5.515615
v 11.244251 -4.329110 145.420491
vn 2.546675 0.536033 -5.608846
v 28.501528 -7.755496 4.340402
vn -4.010541 4.481849 -1.361204
v -14.677391 12.395121 29.355500
vn -2.352739 -1.298448 5.615429
v -41.165126 4.833548 64.081685
vn 5.198905 -2.028871 -0.876697
v 17.870565 -18.632825 110.361447
vn 3.488091 -4.813066 -1.918828
v 9.488359 -22.732573 94.975609
vn 1.582613 0.946751 5.885398
v 32.016906 24.094368 74.317789
vn 5.326593 -2.288185 -1.080256
v 25.099299 -15.275957 121.054553
vn 0.956785 -5.275688 1.625114
v 30.583288 -15.003751 40.560643
vn 5.247987 0.595581 1.063073
v 26.637088 -6.613867 125.307465
vn -1.812224 5.838138 -1.290550
v -8.885859 18.852662 40.228672
vn -3.681266 -0.999620 -2.899511
v -35.689121 -11.108633 15.750092
vn -3.972154 3.956953 -2.833995
v -7.903706 14.252744 99.566269
vn -4.774790 1.143023 1.441366
v -52.951454 4.522659 54.051587
vn 0.437721 5.935057 -1.712732
v 32.683546 19.031037 30.675367
vn 3.024997 -0.695158 1.877881
v 23.227837 -16.918153 135.507295
vn -1.187581 1.999516 -3.666297
v -2.437486 21.860344 100.832691
vn 2.834707 0.303117 5.393255
v 11.126363 11.523095 84.571296
vn 1.537436 4.049028 -2.540399
v 50.417351 29.792792 45.672138
vn -4.221691 3.164754 0.024496
v -49.354312 11.159479 56.352782
vn -0.746845 4.956121 -3.688604
v 46.132744 19.752670 34.624405
vn -0.581389 -6.153204 1.123030
v -1.304796 -15.076279 53.214898
vn -0.710793 -6.128434 1.184641
v -6.525557 -14.652538 52.624968
vn 0.135569 5.989215 -1.642013
v -3.679367 27.899530 66.459957
vn -0.018342 6.126691 -1.383076
v 14.403284 19.798544 37.012167
vn 5.909187 0.625814 -0.004586
v 44.342822 -3.790028 20.084876
vn -5.551337 -2.778757 -0.825470
v -32.341999 -17.297949 18.112924
vn 0.764614 4.935163 0.336740
v 38.245726 35.438080 62.470791
vn 5.051323 2.226382 -2.003804
v 21.479160 10.620448 105.850506
vn 0.148381 5.739543 -0.990211
v -0.132058 24.820542 114.748827
vn -2.912525 -4.204146 2.787841
v -5.842764 -26.027268 23.754146
vn -1.137362 5.008256 -3.455801
v 21.627509 24.854903 60.377166
vn 2.551263 -2.954448 4.239586
v 13.838998 -18.644867 141.209654
vn 2.180963 4.574956 -2.896429
v 6.956918 13.576912 94.619642
vn 5.286415 -1.049842 1.994284
v 27.646784 -12.630339 126.744437
vn -0.254445 5.809128 -2.338953
v -21.958106 18.342758 54.506373
vn -1.059430 5.654836 -2.465811
v 26.873476 23.719277 55.691309
vn 4.702955 2.459096 -3.069470
v 13.519488 3.138517 3.220672
vn 5.926449 -0.393710 -1.479977
v 16.326472 -3.867160 90.927322
vn 4.465444 0.398233 3.820662
v 20.268990 -14.538019 136.198582
vn 5.338444 0.351161 1.662926
v 44.804162 20.943010 63.310916
vn 5.195868 -1.523575 0.838256
v 43.237912 -2.281487 49.107903
vn 2.472904 4.915685 2.214210
v 16.383229 19.573662 130.019696
vn -1.775345 -5.966904 0.663287
v -18.151911 -22.345420 21.775790
vn -0.293893 -4.257902 3.836417
v -21.272350 -0.486738 70.188003
vn 5.476236 1.853588 1.902775
v 24.728501 7.555644 132.228735
vn 2.170712 -2.802772 3.248149
v 14.160893 6.127711 79.896237
vn 4.000858 1.177823 -2.175710
v 25.098541 -7.550966 105.413661
vn -5.491663 -0.505159 -0.834576
v -23.559666 -17.480601 117.910571
vn 4.274027 3.793269 2.281590
v 43.591552 31.513827 61.002953
vn 4.702717 -1.379178 -0.078324
v 43.284991 -1.297164 19.794668
vn 5.653316 1.216346 -0.455032
v 26.920589 2.370939 119.298148
vn 0.303915 -4.574610 2.237546
v 11.273814 -20.685035 44.606167
vn 0.745556 6.174069 -0.217702
v 2.372863 15.881771 5.092424
vn -2.291862 5.462468 -0.429321
v -36.149853 19.981480 62.324041
vn -2.914731 5.079948 0.304997
v -40.225416 17.985573 61.157096
vn 5.338942 -2.632203 -1.630630
v 18.938633 -19.230109 20.214294
vn 0.105821 2.382043 5.641214
v 6.507500 7.936723 143.777368
vn -4.096214 3.284278 -3.065903
v -11.599480 9.057058 98.433465
vn 4.724881 -3.677229 -1.169827
v 15.923299 -21.583311 15.698422
vn -5.500186 -2.681229 -1.326573
v -19.750435 -18.807906 110.409989
vn 2.786502 4.411575 -2.568536
v 13.858680 12.465732 98.104368
vn 0.202423 -4.097186 -1.842758
v -5.003850 -27.921280 114.385122
vn 2.304014 -3.831552 -3.386038
v 33.252086 -19.789703 10.572196
vn -1.958138 2.779869 4.307570
v -1.521391 18.528549 82.164040
vn 1.194418 1.583225 5.804959
v 11.787974 4.466682 144.431744
vn 1.276175 -5.567004 2.465569
v 4.170935 -8.969479 59.585250
vn -2.148855 -5.162103 1.266943
v -8.421887 -27.632969 88.712992
vn 4.934137 3.337457 0.936874
v 23.196457 14.610550 126.412747
vn 2.416886 -4.830230 0.945825
v 18.215733 -22.197181 23.235594
vn 2.277477 5.503102 -1.548552
v 12.397665 21.093449 112.174021
vn -1.954062 -3.341645 4.189499
v -11.824076 -24.681784 139.807710
vn 3.643379 2.782700 2.615196
v 21.558540 11.131155 135.382719
vn 0.177967 -4.618302 3.821263
v -7.448716 -27.119037 138.104667
vn 5.994657 -0.961110 0.145838
v 43.953343 -1.313350 31.478606
vn 0.026401 5.288368 2.695965
v -1.110645 20.876009 133.167786
vn -0.343896 3.099926 -3.068557
v -5.987337 15.732335 0.000221
vn -2.300915 -3.630881 4.554194
v -28.110693 0.124762 66.897790
vn -2.387217 5.645174 0.913786
v -3.796423 21.612064 106.134336
vn 0.491059 -3.947196 -3.311808
v 20.390432 -19.045637 6.262167
vn -2.008955 1.313704 -5.772582
v -22.141857 -14.314486 7.502808
vn -3.482809 -0.203652 5.142719
v -33.694510 10.291966 67.802606
vn 0.069919 -5.173611 2.165083
v 24.731540 -10.103778 48.070589
vn 2.647870 -4.878585 1.927820
v -24.878270 -26.885498 14.443827
vn 5.546305 2.541745 -0.103246
v 26.218248 3.251333 113.667576
vn 3.676163 1.159934 4.815638
v 19.719312 3.481385 140.703552
vn 0.601079 -5.622853 2.125791
v -25.755401 -18.060639 34.184641
vn 4.748284 -3.283986 -2.413205
v 10.888222 -22.077728 2.106866
vn 2.691995 1.296683 4.139115
v 42.895876 26.726353 66.599675
vn 0.106259 5.305171 -3.246507
v 5.168532 17.748382 97.961502
vn -0.696228 -4.160386 4.182556
v -19.936537 -25.912047 12.229925
vn -5.142984 -3.116142 -0.987939
v -13.965130 -19.914622 93.616830
vn -5.473807 -2.936253 -0.713055
v -11.351458 -5.315513 79.636175
vn -4.429315 0.236986 -4.327410
v -23.011153 1.769311 112.791808
vn -0.629578 6.116188 0.388426
v -1.237594 22.225633 105.849207
vn 2.766619 2.886085 3.585891
v 32.537500 29.015254 72.220988
vn 3.481945 -4.315345 0.942332
v 43.158742 -7.767290 33.208006
vn -2.195356 -5.500857 -0.671092
v -7.981056 -21.399960 33.353874
vn -5.692868 -0.070894 -0.322369
v -22.244314 -14.567463 121.656566
vn 1.344711 -5.667719 2.194452
v 38.678291 -2.717536 51.977249
vn 1.470374 -4.119862 4.441915
v 3.339121 -26.220854 136.823040
vn 1.029178 3.421165 -5.145400
v 25.652213 4.415788 8.287584
vn 0.525555 4.139306 -3.515189
v 50.636488 18.777966 31.781549
vn -5.528427 -1.760987 -1.910088
v -20.861760 -17.540303 113.553660
vn 1.568716 -6.029784 -0.564730
v 3.275337 -29.212670 110.322085
vn -2.444394 5.417139 -0.917580
v -7.542031 23.251312 114.262790
vn 5.948115 -0.821162 0.374321
v 48.320903 5.701008 37.752889
vn 5.080061 -1.778820 0.105742
v 48.418138 3.569248 30.886662
vn 0.907323 -5.554124 0.318457
v -1.888422 -28.464693 19.047824
vn -0.702441 -4.594649 -1.585761
v -17.464429 -24.218094 115.128340
vn 3.378739 -4.231502 -0.729315
v 10.027336 -25.061486 118.028259
vn 0.138587 1.083155 6.182496
v 9.706855 2.001112 144.950564
vn -3.959434 1.836347 4.482960
v -32.190184 16.187129 68.151977
vn 2.009649 5.478566 -2.195343
v 13.361681 13.017545 15.912695
vn -3.148591 4.793148 -2.546327
v -46.045612 12.447535 54.689963
vn 4.993259 3.151069 -2.034189
v 12.500152 9.295106 92.218786
vn -3.881484 -3.808194 1.207537
v -16.763160 -25.393196 134.037775
vn 4.924268 -3.172981 -1.031007
v 23.466999 -18.492403 120.581539
vn 0.043807 5.763241 -2.356630
v 8.883787 27.605315 63.843933
vn 4.028521 -4.354471 -0.753829
v 9.112796 -27.483588 114.347384
vn 5.114284 0.462609 0.656709
v 40.116631 10.880834 64.509057
vn -1.853193 -5.718805 1.672968
v -20.750936 -19.332844 33.093986
vn -4.289234 -4.506692 0.398278
v -34.452277 -13.940239 36.536784
vn 1.439196 1.793118 5.803830
v 13.944152 18.902537 81.328666
vn 2.344960 -2.625947 -5.001465
v 2.623930 -17.470367 83.053493
vn 5.253935 1.291068 2.796122
v 43.833169 26.816638 63.663430
vn 1.354428 5.344755 -2.997955
v 43.237588 15.852134 28.446693
vn -5.400437 0.607051 0.687743
v -24.863005 3.138678 127.259057
vn 2.177057 0.289098 4.942607
v 14.248280 12.048985 84.038167
vn -2.760119 2.229225 5.083237
v -27.086586 18.411812 71.309568
vn 1.856952 -2.855586 3.779761
v 18.087551 4.715872 79.536796
vn 6.054852 0.045985 0.924338
v 27.733192 -0.307633 125.329175
vn 0.165792 5.967351 1.735766
v -3.769467 23.635886 123.177755
vn -0.308068 5.068659 -3.679944
v 24.583721 11.190829 14.814283
vn -0.705444 5.858495 -1.693869
v 19.066757 30.108759 68.275155
vn 5.068804 1.279616 -1.025194
v 27.391605 1.923188 112.436350
vn 4.876409 -2.023386 -1.811411
v 26.159856 -9.400947 108.671488
vn 1.708649 -3.694708 4.620690
v 10.715809 -22.403595 137.237737
vn -1.565323 5.495224 -0.318568
v -8.470333 22.442339 115.474503
vn -0.417891 4.118804 -2.796703
v -16.460789 13.050347 108.058953
vn -5.808510 -0.539716 1.338278
v -54.436341 0.934476 48.798573
vn -3.133541 2.835471 4.610155
v -17.602729 17.450818 76.325597
vn -2.263209 -4.934106 -1.194317
v -3.275744 -28.293235 113.200504
vn 1.286148 -5.880449 1.694202
v 40.210014 -6.506158 39.965693
vn 1.276545 -5.517685 2.526327
v 37.918679 -0.156836 58.414910
vn -2.056690 4.508391 3.659895
v -6.784560 25.339815 76.632568
vn -4.659331 -2.929341 -0.169894
v -22.146185 -22.568033 119.263271
vn 2.408288 -4.543201 1.288333
v 31.639448 -15.598497 37.023284
vn 4.310107 -4.306889 0.377057
v 13.077577 -1.939669 69.885701
vn 5.205211 -0.749280 -1.603041
v 53.150205 14.799475 30.650736
vn -5.636994 1.550956 -1.653625
v -21.425837 -3.246096 108.525731
vn 2.290306 -4.936128 2.426868
v 22.919513 -3.674569 62.969644
vn -4.635887 -3.053855 -2.145835
v -17.919755 -19.041902 99.363920
vn 1.927266 -5.299138 2.576985
v -22.272181 -28.641204 8.691234
vn 3.009880 -4.400641 -1.988097
v 18.514890 -23.801537 119.837988
vn -0.418013 6.109516 -1.365649
v 1.676235 22.736892 51.974938
vn 3.513919 -4.012334 -1.866102
v -6.932747 -32.228172 101.582724
vn 5.909497 -0.678934 1.019247
v 42.244973 2.288487 56.466882
vn 4.083665 -4.530601 1.011034
v 21.953925 -18.377268 132.559340
vn 1.840871 -4.642190 -1.926054
v 21.319214 -11.794423 110.754972
vn -2.093851 4.865082 -3.167853
v -14.321591 22.553091 58.125849
vn -0.407350 5.404822 2.049408
v 12.967866 29.888045 72.827321
vn -5.799256 0.923393 -1.940077
v -18.579198 -5.799800 95.906440
vn -2.606286 4.741231 -3.100201
v 39.214276 23.641356 45.536031
vn -3.094498 -5.021953 1.804839
v -11.082399 -25.425626 18.538407
vn 3.261873 -4.856272 2.018683
v 35.384958 -5.541123 48.351495
vn 5.438658 -1.861466 0.196062
v 48.097620 7.769786 35.094733
vn -6.162852 -0.765554 -0.197152
v -13.671170 0.070487 84.291159
vn -4.421739 -2.989715 2.780937
v -11.315798 -18.675576 142.953808
vn -0.375031 -3.924431 4.436773
v -20.880873 -4.272312 66.275359
vn 2.435591 -5.712813 -0.453376
v 0.298697 -26.129280 13.492449
vn 5.007930 -2.778105 2.377614
v 49.474516 16.031482 55.020711
vn 1.453799 -5.530541 0.474094
v 25.315757 -14.864629 33.517093
vn 1.572600 -5.688685 1.036844
v 20.983672 -16.486082 18.111444
vn -1.032252 -4.522068 -0.265077
v -11.976225 -35.295604 102.267628
vn -3.288439 -3.945792 3.474027
v -47.450194 -3.704159 55.888376
vn 4.154099 -3.226404 -1.565520
v -18.488462 -26.617542 8.787299
vn 2.098134 -3.868682 -0.458329
v 20.649456 -10.360549 105.579175
vn -5.158699 -0.885199 -2.846633
v -16.461035 -18.402587 3.021796
vn 1.803234 4.639811 -0.751582
v 10.089234 20.510593 103.660524
vn -4.708396 3.114973 2.678781
v -21.075585 9.995125 128.918110
vn -2.776589 5.347431 -1.687865
v -14.768488 19.717107 52.213744
vn 1.513294 5.930559 -1.296802
v 8.163396 15.653760 17.889368
vn -2.785972 4.168777 -3.608690
v -12.647454 11.095541 101.486247
vn 0.679023 -5.429095 1.087111
v 3.707121 -26.458055 29.650944
vn 0.332405 -4.582794 -1.039636
v 0.644344 -32.163116 115.176451
vn 1.675021 -4.524277 -2.716952
v 2.904211 -30.826650 116.676868
vn -3.112706 -1.458332 -2.077673
v -13.438527 -33.828414 100.838730
vn -2.564462 -5.399952 -1.067982
v -12.009344 -30.526023 118.243762
vn -2.736961 4.662792 -3.136305
v -40.192529 -0.162104 28.168898
vn -2.313841 -0.239222 -5.660105
v -18.271038 -20.180969 4.292377
vn 1.280436 -1.709156 5.681892
v -6.535103 -11.752114 60.485623
vn -3.222051 -3.138261 -2.680982
v -18.397188 -25.850680 117.806955
vn 0.896530 5.155561 -3.140176
v 3.931860 14.747816 94.472948
vn 3.738109 1.058650 3.185953
v 37.055763 18.051221 73.914601
vn 1.104123 -0.727979 5.970961
v 34.744431 15.789287 74.652048
vn -3.135254 -0.915799 -3.950068
v -47.378208 -9.688651 24.385738
vn 3.410739 -2.475275 4.608530
v 28.028407 6.126590 73.129663
vn -5.624691 -2.074375 -1.258416
v -15.720869 -17.208346 91.499158
vn -1.448340 -5.192180 3.170946
v -24.719383 -6.519705 60.794432
vn 5.867325 -1.679857 1.039490
v 54.312753 19.620138 43.575363
vn 1.737756 5.967675 0.654088
v 12.789564 21.602885 124.261773
vn 2.740299 -5.311599 1.598938
v 3.841881 -30.451286 124.639653
vn 2.421534 -5.168426 -2.145348
v -5.388856 -29.587145 100.224736
vn 3.469948 3.760996 3.397669
v 32.578033 30.569841 69.480396
vn -4.659875 -1.541993 -3.162813
v -32.903256 -14.339863 13.982799
vn 1.568883 -0.731456 5.830917
v 9.788243 -8.280918 144.256786
vn 4.206024 -3.482097 -1.963268
v 13.483293 -25.732524 11.094052
vn -0.225291 -3.447734 3.771089
v -17.847090 -1.238691 66.766928
vn -2.735408 -5.360050 -1.419933
v -5.729336 -8.079669 69.149994
vn 4.445060 -4.242955 0.303354
v 15.253956 -21.764077 110.446313
vn -2.344824 -0.687106 5.725875
v -37.781595 7.333418 65.850141
vn 5.165254 -1.289369 1.121535
v 42.283099 1.768123 59.273976
vn -0.156845 -2.935098 -4.072003
v 28.904599 -17.171983 7.004977
vn -5.393766 -1.641778 -0.760862
v -21.707269 -15.067169 104.620180
vn 0.768706 5.693134 -2.463978
v 10.076621 24.553255 57.847496
vn -1.521429 0.871136 5.931006
v -10.949275 -6.341698 145.050482
vn -0.860575 6.162528 -0.310510
v -6.824685 16.018877 11.429101
vn -1.278166 -4.528990 4.083725
v -30.463249 -4.433246 62.176674
vn 1.635950 -4.334484 -2.288600
v 3.648636 -32.635002 117.987338
vn 1.852806 -4.891283 0.688855
v 3.061542 -33.220708 120.422933
vn 0.917777 -5.403173 -1.848581
v 1.528770 -31.534896 116.835490
vn 2.255818 3.292971 -4.746894
v 16.161967 1.476605 4.264174
vn -5.081751 1.382793 -2.912084
v -16.407653 -4.499979 90.517563
vn -2.492512 4.859502 -3.085984
v -49.360019 -3.686362 31.755241
vn -1.192868 5.142878 -3.036600
v -21.860090 24.627458 63.619020
vn 2.259689 -5.694942 1.348107
v 17.434351 -19.070062 33.270310
vn -4.783822 3.188438 2.245761
v -19.252429 13.183897 129.508979
vn -0.482809 4.963492 -3.401760
v 47.461990 22.150491 37.196944
vn 3.490753 -2.125316 2.559437
v 40.940452 4.934400 67.053111
vn 4.107139 -0.294487 -4.482874
v 36.864821 -6.291407 9.663538
vn 3.660949 -0.641401 1.026501
v 42.774899 -0.025489 33.955244
vn 2.121015 2.600144 -5.244092
v 27.367152 1.029569 6.773602
vn 0.307198 5.507607 -2.969733
v 18.687102 13.273905 18.498568
vn 1.450357 -5.688387 1.384337
v 22.430258 -17.841604 13.227749
vn 0.020125 0.647869 6.172179
v 7.698975 0.335668 145.372458
vn 2.954082 -5.518566 -0.396165
v 5.707602 -25.013578 26.045950
vn 0.767572 -2.727940 2.445004
v -21.828303 -22.889897 12.750616
vn -4.256136 1.690524 2.927858
v -24.377839 2.182934 134.013658
vn -1.874752 4.500985 -1.645907
v 35.215948 35.044115 61.974383
vn 4.392833 1.168203 -4.149124
v 19.295928 9.323724 102.981362
vn -2.352786 -3.389102 -1.202701
v -13.603083 -23.380460 114.124778
vn -0.603949 3.797612 4.951382
v -4.226242 13.153768 139.909996
vn 0.047445 -3.138507 -3.167000
v -6.428447 -26.748896 0.000225
vn -4.791044 -1.194186 -3.665276
v -22.996451 6.298223 112.511190
vn -1.658915 4.751198 1.654790
v 33.869663 34.360134 64.473794
vn 1.222367 -5.896269 -1.274820
v 3.402732 -28.762184 103.206710
vn 0.728925 -5.965977 -0.829632
v -1.960416 -29.618384 103.083926
vn -4.763747 2.060006 0.602781
v -25.269398 7.238949 126.302819
vn -5.017193 0.174901 -3.130724
v -15.593105 -10.334105 87.513010
vn 3.960539 -4.352242 -1.550757
v 11.671496 -24.525677 101.534591
vn 2.788756 -4.574587 1.463699
v 42.628810 -5.453724 42.929837
vn 0.390053 -5.522144 2.688058
v -29.202943 -13.605323 45.666568
vn 0.618719 -4.646064 2.985414
v -5.497037 -22.619958 35.962226
vn -3.272175 -4.266256 1.706306
v -3.878167 -23.198322 28.584629
vn -3.670363 2.110169 -4.071218
v -16.091372 9.077806 101.209636
vn 1.149530 -0.644916 6.084291
v 40.548056 18.526004 67.007063
vn -5.197602 -2.546599 1.369304
v -53.905509 -4.007743 45.712576
vn 0.581596 4.599191 4.189519
v 10.093489 17.654801 135.493137
vn 3.185919 5.228332 -1.215579
v 9.719430 13.643793 11.027725
vn -0.891187 -4.605469 1.545742
v -27.656446 -25.310889 22.238938
vn 3.742080 -4.253062 2.583470
v 13.926081 -25.209080 132.291056
vn 4.593834 0.458962 -0.625788
v 27.885417 1.331486 119.929628
vn 0.740891 -6.060371 -1.169268
v 8.063270 -25.595996 5.008257
vn -2.384701 4.474601 -2.050978
v -7.222476 20.544069 109.536479
vn -3.238166 0.270477 5.019827
v -44.190627 8.550669 63.236892
vn -0.330935 5.999954 -1.696356
v 1.683997 27.572449 65.455158
vn -5.888586 0.735600 -1.177410
v -23.656055 6.344021 113.921055
vn -3.911628 3.942146 -2.443698
v -13.054844 13.336799 104.762303
vn 0.348693 -4.695142 2.386243
v 23.554338 -5.330318 59.096746
vn -0.451662 2.381802 5.783483
v 0.993824 7.793350 143.053314
vn -0.839956 4.490758 -3.876947
v -18.991449 20.387545 59.211723
vn -1.250188 5.749939 -2.192168
v -20.546647 16.018734 47.562896
vn -1.641527 5.094280 3.167778
v -7.575987 19.812217 132.308960
vn 1.422918 -5.342345 -0.554978
v 4.004388 -16.012191 50.650868
vn -4.750912 2.578935 3.102317
v -18.749221 8.594054 134.912735
vn -1.789545 -3.306861 4.995323
v -33.291922 -0.815432 64.260698
vn 0.516215 -5.034485 3.365316
v -16.823977 -14.128376 49.596969
vn 2.269778 4.695930 2.764280
v 7.067026 13.137427 86.530541
vn -1.401496 5.460844 -1.727793
v 25.399145 30.936334 65.881541
vn -3.738655 1.766296 4.670916
v -19.279179 -0.733507 138.578371
vn 4.634761 3.409364 0.879424
v 23.167563 15.634895 125.521495
vn 5.319600 1.126070 2.808678
v 24.170124 4.527238 135.318247
vn 3.656111 -4.294256 1.341340
v 32.448527 -17.265715 30.067851
vn -2.836616 2.646459 4.362794
v -14.422629 8.521569 140.541144
vn 0.108744 -4.293486 4.545487
v -7.369480 -24.303973 140.220672
vn 0.487632 -4.708110 3.990875
v -1.318901 -19.970110 143.870912
vn -0.662470 6.185053 -0.813065
v -4.300665 17.625694 27.263512
vn 4.592949 2.173553 -3.308563
v 17.246819 10.686044 100.817302
vn 4.842236 0.644164 1.753849
v 39.269580 16.845463 67.509251
vn 0.457996 -4.940712 2.052973
v 8.421120 -23.454945 38.424061
vn -1.374666 3.175810 4.899313
v 0.666065 21.725227 82.515783
vn -1.374322 5.840294 -1.809804
v -10.453900 21.388813 52.591897
vn 3.366660 -5.257848 0.354633
v 9.611582 -23.078222 35.863285
vn -2.317615 2.692911 -2.866843
v -14.483552 13.129530 107.455884
vn -0.682260 -5.040687 -2.306309
v -3.589865 -32.717451 118.231112
vn -0.873787 -6.082492 0.564076
v -3.863669 -32.712335 121.224424
vn -5.163792 -1.347239 -0.536134
v -20.891594 -20.459486 114.520996
vn -0.001993 -4.202367 3.705679
v 24.110855 1.482511 73.529080
vn 5.580946 -0.047348 0.774467
v 42.946727 3.390657 55.804795
vn 2.994797 1.607782 -5.264845
v 32.086858 -4.435471 7.246727
vn 3.154740 -4.673218 -1.782188
v 1.654995 -25.381782 86.245359
vn -5.336590 -1.117777 -0.614081
v -54.329235 -5.586679 38.695839
vn -3.239236 -3.890324 2.814004
v -16.063744 2.643468 74.503209
vn -1.706119 5.608866 -2.252192
v -21.737960 13.809641 42.936830
vn -1.041783 -5.386796 3.040123
v -37.002997 -8.762195 53.605040
vn 4.954668 -2.022774 1.307888
v 42.558102 -0.196265 55.322324
vn 3.018611 3.857258 3.511098
v 18.956904 11.141041 136.761290
vn 2.836602 -4.447576 0.364473
v 9.410911 -13.991271 55.596589
vn -4.385372 0.111504 -4.010873
v -13.919910 -12.338158 85.237052
vn 0.361398 -4.631404 2.985051
v 15.105782 -14.261117 54.845428
vn 5.599869 0.517808 -2.744015
v 18.793739 1.203693 99.843967
vn 0.508143 -5.261385 1.671251
v 6.837157 -24.643616 35.417832
vn 2.033973 2.076437 5.520418
v 7.850663 15.472770 84.755378
vn 1.452714 5.386658 -1.752289
v -0.118236 22.959461 111.106488
vn -0.865571 -5.743070 1.375184
v -8.314572 -21.507567 29.083171
vn -5.497861 2.528005 -1.465522
v -17.790183 -0.895277 99.236441
vn 0.584103 -4.274516 3.434098
v 2.153780 -27.490922 136.312967
vn -0.490088 -3.466121 3.017943
v -7.452840 -20.153982 149.260444
vn -3.474363 3.904016 -3.478127
v 34.780206 28.158603 56.026735
vn -3.601043 3.619969 3.452594
v -15.692233 12.986401 134.976760
vn 3.079832 -5.014503 2.053867
v 21.905429 -11.514249 48.155239
vn -0.080075 5.919009 -2.090910
v 5.092539 24.148825 56.337555
vn -4.772755 0.727862 3.796154
v -49.349349 7.774494 58.298117
vn -2.889028 5.219749 -1.329876
v -4.830387 13.419487 94.235309
vn -5.039226 -0.517157 -2.843141
v -17.369474 5.500123 106.123227
vn 5.140019 0.078073 -3.530925
v 25.368236 1.738354 109.368185
vn 3.419286 -5.095426 -0.426018
v 19.522225 -12.427958 102.531997
vn -0.734906 -5.374720 -2.774618
v -1.848393 -9.333946 68.202589
vn -4.284004 -4.135639 -0.020889
v 26.786696 -14.798131 30.056250
vn 3.657496 -4.759743 0.646920
v -7.750294 -29.688811 113.410411
vn 0.867719 3.800726 4.739481
v 31.390451 29.603263 72.083894
vn 2.769649 -4.236121 3.220752
v 27.387696 -2.585256 67.274968
vn -0.992761 6.157450 -0.497197
v -7.461502 16.582937 20.823994
vn 3.646755 -4.066283 1.142970
v 33.186853 -18.152393 25.223768
vn -0.655473 5.966611 -1.495940
v 21.934071 22.443922 54.827910
vn -2.456229 -1.596644 -3.973185
v -14.079765 -23.263176 0.000399
vn 5.845168 1.290508 0.484077
v 26.731420 5.969080 119.413549
vn 1.205418 -4.736504 3.263200
v -1.996073 -22.025742 141.175903
vn -4.571912 -3.855805 1.202395
v -52.303632 -9.235987 37.988818
vn -3.794916 1.430359 -0.114623
v -23.740906 9.539623 112.361769
vn 2.204956 4.966116 -3.062400
v 43.646683 13.199704 23.579077
vn -2.670270 -4.001532 2.887212
v -6.184355 -23.786050 24.777402
vn -4.270340 2.730165 3.609548
v -20.579544 4.999558 134.626397
vn -4.960791 0.147831 3.743290
v -49.133906 3.015762 58.132610
vn 0.606077 -4.814521 1.792699
v 28.764227 -9.929609 54.655321
vn 0.805368 -5.684473 1.600033
v -26.551118 -26.049934 18.593201
vn -0.586854 5.116486 -3.409652
v 0.218502 15.982574 95.538640
vn 3.414007 2.052427 -4.562412
v 15.061340 -0.569927 2.479349
vn -5.773018 1.437656 -1.466452
v -18.725585 1.842443 108.059905
vn 3.074242 1.183536 2.567214
v 36.994960 26.222129 66.621533
vn -0.087676 -5.891351 1.966875
v -9.149431 -15.442438 47.015488
vn 2.580724 1.706885 -5.400702
v 33.601628 -7.260721 7.515044
vn -1.232925 0.630472 6.067209
v -11.431221 -11.369213 145.506356
vn 5.505759 -2.425686 1.574829
v 52.324805 17.970954 49.856562
vn 3.484934 -0.790478 4.660628
v 17.020410 8.941258 82.026143
vn 0.483116 5.825568 -2.212659
v 38.449888 18.674869 32.219312
vn -4.855157 -3.682891 0.901601
v -31.038376 -20.188763 29.985452
vn -6.021305 -0.252524 -0.953651
v -13.705097 -29.840732 103.108080
vn -0.809755 4.128285 4.317462
v 2.905852 22.181704 82.655378
vn 0.372913 4.853003 3.926426
v 6.774269 23.461108 80.472878
vn 5.798988 -1.166693 0.721577
v 47.588767 7.658756 48.345112
vn 3.574778 -3.579333 -3.535517
v 20.863017 -16.980674 115.467950
vn -0.970081 2.609983 5.479490
v -8.821372 10.101970 141.220484
vn -3.713615 -0.266993 3.820535
v -18.008657 -7.493075 142.580486
vn 3.050543 3.421995 -3.487544
v 47.724395 11.809897 23.865588
vn 0.340644 -6.159523 -0.753800
v 1.525006 -29.500213 109.113566
vn 0.378228 -6.131482 0.808956
v 24.138771 -15.991287 20.305738
vn 0.217126 -5.235352 3.389282
v 0.303908 -21.052385 142.671999
vn 1.468569 -3.087214 4.306038
v 8.371070 -19.581188 143.406154
vn -0.438346 5.547382 -2.907444
v 24.763628 14.558454 20.340617
vn 2.770455 -5.374801 -0.504248
v 6.442488 -14.092294 50.292653
vn 3.869909 4.252728 -2.375544
v 12.700824 10.554702 9.311114
vn -1.547841 5.315147 1.314673
v -14.196962 27.635887 69.345623
vn -1.609096 5.249098 -3.048913
v -34.507465 11.195819 44.245737
vn -4.542628 1.588083 -0.589048
v -23.009834 7.670350 116.949948
vn 4.007823 4.295869 0.870868
v 21.357667 17.436138 126.849543
vn -2.054262 -5.767544 1.035901
v -19.464230 -20.705508 28.753131
vn 2.208256 5.822594 -0.509153
v 13.675009 21.350622 117.997524
vn 0.119147 -3.797444 -4.563855
v -9.120980 -30.438461 99.234932
vn 0.239745 -5.153860 1.028673
v 25.705845 -15.355739 16.150271
vn 5.822101 -2.016325 0.170228
v 43.574932 -7.376122 23.877503
vn 4.208347 1.065018 1.493183
v 43.300318 -0.862605 33.010983
vn 5.370605 -0.643592 1.168101
v 41.571484 4.547953 65.031408
vn -4.656166 -4.111006 0.398479
v -34.078773 -14.766937 31.727463
vn -5.575738 2.137701 -1.538858
v -13.741913 0.913039 90.810789
vn 1.562671 1.864503 5.691067
v 40.782730 30.432433 65.521164
vn 0.169159 -2.748743 4.953809
v -15.579547 -4.966907 64.563316
vn 2.212530 5.431050 -1.009682
v 5.688230 15.097162 2.369447
vn -5.968642 -1.555725 0.623620
v -22.646795 -16.287779 126.231639
vn -0.820751 5.606202 -2.686915
v -25.590074 15.884814 49.814605
vn 1.919670 2.109415 -3.283761
v 52.294207 16.318146 29.486663
vn 0.706244 2.234074 5.315177
v 11.420176 8.341656 143.336402
vn 2.997062 4.237722 2.143175
v 20.775170 16.787965 130.197369
vn 0.654706 -5.915473 1.887024
v -0.872823 -31.927196 124.344251
vn 4.030636 -3.785087 1.585612
v 46.301076 7.896791 55.675455
vn 1.517413 5.972711 -1.007455
v 8.590665 22.602165 114.391439
vn -1.260579 -5.727924 -0.708100
v -12.120498 -28.344825 8.923914
vn 1.391347 5.706282 -2.204335
v 37.878911 16.241743 26.453227
vn -4.557138 -3.387288 -2.466561
v -7.088498 -11.121603 78.904659
vn -2.284164 -3.756542 -0.792889
v -50.299198 -13.382890 30.704489
vn -0.167632 -4.519931 0.599453
v -11.299337 -35.309385 105.804922
vn 3.506793 -4.468747 2.190795
v 34.049477 -3.745321 54.008899
vn -1.964750 2.128700 -2.258427
v -12.167306 13.901913 0.000225
vn 0.960038 -6.023842 0.123438
v 2.515520 -15.997261 48.687528
vn -4.521245 0.959189 0.134691
v -26.536897 2.766293 122.906117
vn 5.812876 -1.422422 -0.041315
v 25.204836 -10.846856 114.644774
vn -4.861496 -0.740333 -3.428530
v -23.854525 -0.262808 113.636016
vn 1.322982 -5.385832 2.798366
v 37.221377 1.894987 62.955294
vn 1.630629 -4.314131 2.830637
v 28.083655 -5.567965 63.173751
vn 3.886917 0.283479 -4.367006
v 35.274033 -7.341699 8.199086
vn -2.268846 -2.818706 4.269097
v -19.198404 5.611683 77.124475
vn -1.435342 -5.758393 1.966576
v -24.416333 -14.998880 43.902277
vn 1.287971 -5.689198 1.019650
v -22.740980 -21.509050 22.557102
vn 4.662511 -3.726534 1.712184
v 33.059223 -9.024323 45.270040
vn -0.207335 -6.193179 0.882206
v -2.458574 -16.159670 46.882323
vn 0.747817 5.833937 -2.068061
v 33.905323 15.934819 22.436643
vn 0.377533 -4.731605 2.936498
v -13.339178 -18.827687 43.362733
vn -2.348086 -4.517542 -2.674283
v 30.012646 -19.253643 9.989419
vn -2.776805 -4.681949 -2.292886
v -4.790971 -12.760081 76.727818
vn -5.516193 -2.145183 -1.697223
v -30.559516 -20.484702 14.626672
vn 5.402193 -1.615204 -1.386058
v 49.379349 8.516664 25.889400
vn 4.181406 -3.969296 1.728123
v -24.316208 -25.442790 17.067632
vn 4.578676 -3.534255 1.015143
v 34.141267 -19.040043 18.332044
vn 0.031266 -6.018037 1.558433
v -12.595118 -21.130362 31.243220
vn 3.863659 -2.743604 -1.187063
v 24.999863 -13.776729 113.943710
vn -5.647788 1.603022 -1.864797
v -17.259025 2.332987 101.993558
vn -0.968164 -5.739365 1.353590
v -15.840207 -22.589437 28.376923
vn 1.418288 -5.613296 -1.665500
v 10.679510 -25.955584 121.607972
vn -5.217905 -0.762364 -1.689421
v -21.557261 -7.123821 115.170769
vn 1.649789 -4.682552 -3.507205
v 1.695622 -14.778692 79.698538
vn -5.929444 -1.794152 -0.397274
v -21.282836 -15.080293 109.049201
vn 3.114557 -5.012572 -1.655119
v 7.830231 -8.478003 72.187263
vn 0.653422 -5.971002 1.534415
v 2.890997 -15.964465 45.137078
vn 2.648600 -5.436154 1.644165
v 18.733127 -17.382312 37.173609
vn 4.914322 -3.273874 -1.919497
v 26.647741 -12.441090 122.628489
vn -0.089335 -5.723815 -2.243861
v -6.910301 -28.586287 95.799512
vn -0.462676 3.169310 5.257687
v -2.946171 11.550799 141.335643
vn 1.116136 0.430502 4.468937
v 30.266440 25.353170 75.396095
vn 1.473039 -3.217834 -4.959975
v 28.532121 -13.066101 6.080751
vn -5.276052 -2.635110 0.547391
v -13.088136 -33.519524 105.948911
vn -0.124079 6.201611 -0.994760
v 1.145938 17.426814 24.418550
vn 4.458888 0.832333 2.000393
v 39.578612 17.563690 69.718179
vn -0.468311 3.400700 4.325720
v 4.905777 16.006550 139.508512
vn 1.221723 2.417942 -5.552825
v 20.284265 -1.290973 3.435357
vn 0.823508 -4.688448 -0.732532
v 5.668513 -31.091250 116.547635
vn -1.487761 -6.062634 0.401608
v -12.529721 -20.292234 36.828607
vn -0.738770 -5.931798 1.560566
v -5.613840 -31.814082 125.399759
vn -3.452432 3.963975 -1.557391
v -18.736521 16.558714 112.468745
vn -3.428265 -1.710268 -3.927451
v -19.849289 5.676985 110.851385
vn 3.224509 -4.669739 1.978509
v -8.641685 -32.407425 110.544613
vn -1.451486 5.998829 -0.962262
v -7.012750 18.177652 33.888503
vn -1.767956 5.964804 -0.690860
v -8.650820 17.071828 29.151944
vn -1.483548 -5.946425 0.985963
v -14.277183 -23.759880 22.639155
vn 0.933726 0.155424 5.741398
v 6.828839 -4.650488 145.313732
vn 1.715589 0.577803 5.670970
v 5.805114 -4.925684 146.016796
vn 5.547376 0.860979 2.350829
v 27.298394 -6.108185 123.923358
vn 5.513936 0.390442 -0.093519
v 44.353301 -1.795507 36.739779
vn 3.476864 -0.940115 -5.032459
v 15.443228 -10.321623 1.526388
vn -1.858079 -5.257739 2.056402
v -18.218591 -22.854370 15.975628
vn 5.709578 -0.658542 -0.849854
v 54.081366 16.967500 35.835047
vn -0.107620 5.280068 3.368514
v 2.159565 26.024398 77.123815
vn 3.396351 4.565473 -2.463875
v 16.700548 17.672494 110.056651
vn 1.839702 -0.396709 5.391056
v -2.714665 -16.875211 146.910811
vn -0.008739 6.016313 -1.791024
v 14.794281 17.583312 28.627842
vn 5.282456 0.237794 -3.357822
v 23.467860 -2.537431 106.507710
vn 1.410331 -4.213141 1.896962
v 29.896865 -11.941157 49.765349
vn -2.770250 3.710430 -4.195765
v -36.777060 -5.020110 20.140946
vn 4.626638 -3.927250 0.736035
v 20.535208 -22.151128 126.288729
vn 0.269974 -5.829666 2.032587
v -3.748391 -16.799318 42.122841
vn 5.142087 -1.065340 2.935995
v 23.867950 -15.327161 132.686111
vn 2.227089 -5.150689 2.010408
v 41.812083 -2.906347 50.712687
vn 2.055064 1.396551 4.762976
v 19.181371 18.211220 81.349187
vn 3.165719 0.185702 -5.112782
v 15.622795 -6.895918 1.503460
vn -0.034447 6.224207 -0.845965
v 21.476415 21.668369 48.047406
vn 0.912738 -4.725066 3.357253
v -16.448659 -15.933248 47.736624
vn 5.589378 1.988440 -0.873567
v 27.456662 3.310120 121.667882
vn 4.982325 -3.671680 0.796087
v 50.059445 10.483594 39.836375
vn -0.293821 2.963083 5.489405
v 5.440545 13.133823 140.712706
vn -2.571016 4.516297 -1.331530
v -11.876262 21.432303 113.134892
vn 5.395545 2.861268 -0.403228
v 24.188818 13.992834 121.982882
vn 1.118323 4.396053 4.279079
v 15.814613 26.951166 75.861932
vn -3.134859 -5.342615 0.477413
v -13.247614 -27.228792 131.249488
vn -2.553279 -5.421165 1.746886
v -12.029036 -29.512037 126.335835
vn 1.565147 2.650386 4.278062
v 38.996977 33.127299 65.764299
vn 2.735152 -4.226313 -2.254468
v 25.035297 -12.543847 111.910170
vn 3.275256 2.349648 -1.305500
v 27.228678 -3.807198 121.767159
vn -0.570489 6.000681 1.012963
v 4.447996 28.574407 72.215201
vn 5.315599 -2.540560 -0.939596
v 17.403196 -15.560798 108.234008
vn -2.905982 5.097421 2.055839
v -6.512039 13.522269 88.236502
vn -1.715160 -5.581891 -1.930932
v -12.984390 -27.053940 5.592862
vn -5.880766 2.121926 -0.283000
v -13.431106 10.531777 12.860935
vn -4.930970 -3.331940 0.895044
v -18.858301 -23.238645 131.112498
vn 3.166560 -5.132895 1.667234
v 19.006587 -15.375914 43.293367
vn -3.354332 4.316568 -3.036609
v 36.515720 25.665698 51.163548
vn 4.638113 3.837338 -1.277174
v 9.786324 11.922547 3.954624
vn -0.080359 6.130646 -1.068434
v 5.744075 22.051790 45.449207
vn -2.203989 3.322026 4.358786
v -19.324967 23.322448 72.395773
vn -0.933160 5.155873 3.304745
v -2.743104 16.394426 84.792891
vn 3.270705 3.591445 -3.839443
v 16.126169 12.998499 102.319213
vn -3.196517 -0.151357 3.728795
v -48.062559 2.326653 60.695765
vn 0.344431 3.084659 5.452603
v 8.687551 10.173952 142.220846
vn 3.624985 -0.980677 5.006723
v 18.877448 -3.239804 141.062642
vn -0.647823 5.414782 1.589841
v 0.397254 22.115264 124.556734
vn 4.577558 -3.943728 1.596622
v 20.418886 -20.202010 130.388388
vn -3.263756 -1.989674 4.880887
v -23.085741 6.341111 74.038300
vn 5.592864 -1.989641 -1.299860
v 28.576564 -7.366155 118.983315
vn -1.357453 -5.950335 0.312198
v -7.588499 -27.011194 90.790336
vn 5.184914 -3.301156 -0.017575
v 51.493327 11.220667 32.808223
vn 2.380012 -4.363614 3.145487
v 19.798668 -3.845217 68.167587
vn 3.593809 -3.957024 -2.701129
v 11.306242 -25.035430 5.786620
vn -3.386869 3.294481 -3.764032
v -9.781621 15.334378 103.965660
vn -1.738314 -5.523333 0.936602
v -26.968872 -26.834100 15.310384
vn 0.015072 -4.993470 3.359484
v 23.032657 0.076516 70.097104
vn 3.924952 -4.786887 0.376323
v 46.764572 2.140095 32.347171
vn 0.073275 -4.955679 2.231605
v 24.026303 -6.435302 56.880100
vn 3.948751 -4.364578 2.142793
v 20.914225 -7.664597 58.828325
vn 1.946961 -5.097647 2.313007
v 41.008427 -0.859275 56.601230
vn -5.808962 1.863087 -0.549484
v -23.227391 10.054222 119.144449
vn 2.292192 -4.061892 2.343077
v -5.496520 -20.209543 148.344390
vn 5.740808 -1.338743 0.500361
v 26.047259 -10.668542 112.030841
vn -2.188221 -5.261842 2.361813
v 26.634678 -6.923645 59.903008
vn 3.516605 -4.311373 -2.586444
v 8.084633 -21.314318 88.108167
vn 0.678531 -2.895505 4.958665
v 7.062514 -8.522264 58.669903
vn 1.100867 -1.438732 -3.912456
v 20.506431 -10.089956 98.150609
vn 5.418383 -2.980657 1.057696
v 52.137667 15.026198 43.336682
vn -6.044946 -0.455355 1.388165
v -26.143908 -2.360290 127.941874
vn 4.638685 1.770595 0.339497
v 26.547100 -8.000824 110.300977
vn 5.132907 -0.393065 0.426315
v 26.914067 -3.132985 124.699786
vn -1.750882 3.853053 4.533547
v -9.420178 13.056842 138.980101
vn -1.215986 -5.894773 1.561891
v -7.876195 -29.926272 129.975409
vn -4.421777 -0.904180 -4.271995
v -29.770666 -16.311218 11.336074
vn -0.017232 -0.568771 -5.724246
v -21.496535 -23.359063 4.763661
vn 3.502422 3.793237 -1.663105
v 19.038230 13.655167 104.710059
vn 4.031081 2.888699 -2.955079
v 23.420237 -6.242621 106.045557
vn -0.981994 -5.253831 3.286944
v -30.906334 -8.006693 56.933324
vn -2.002255 -5.777056 1.335927
v 28.943610 -14.472345 40.828570
vn -1.978665 2.084491 5.472812
v -3.636148 21.301438 81.154476
vn 1.985277 -5.384824 -2.491712
v 2.451355 -11.026156 73.382968
vn 2.470093 -5.251713 -2.124527
v 8.457312 -26.269665 100.810661
vn 5.921103 -0.990920 -1.048071
v 14.335514 -2.766939 81.192064
vn 6.109217 0.718823 -1.024346
v 15.088351 -1.134193 86.589292
vn -5.884641 -0.458404 -1.149010
v -25.957515 1.639050 118.641912
vn -3.574703 0.375282 -0.376506
v -15.993828 4.743214 104.406238
vn 1.195996 -6.149717 0.330355
v 0.961475 -26.001938 7.569064
vn -3.457367 3.051705 -3.189020
v -16.322957 16.194034 108.860694
vn -4.495651 3.358311 -2.276589
v -18.740348 14.449197 110.786721
vn -4.981691 -0.973161 -1.471524
v -21.984503 -11.552415 119.731645
vn -1.276863 -5.035119 3.386286
v 16.974289 1.959053 75.947458
vn 2.890841 -5.497774 0.461578
v 12.072991 -21.342958 32.918278
vn -3.713998 -1.819026 3.902688
v -16.895744 -21.104791 138.237911
vn 0.694817 4.908612 -3.440074
v 33.941059 13.478837 16.749064
vn -1.338462 1.090041 5.934629
v -10.090116 -13.281960 145.855414
vn -2.083929 -5.045770 2.910866
v -19.618022 -8.090201 62.193558
vn -0.100428 -5.367981 -0.567209
v -6.254313 -28.288683 87.050214
vn -0.139226 6.226236 -0.270163
v -3.757786 16.155325 4.817378
vn -5.072232 2.304564 -1.716675
v -12.929815 4.104018 96.303297
vn 1.817271 -0.652355 5.668008
v 7.597650 -11.016926 145.416210
vn -2.140884 -4.086350 -1.615161
v -1.896966 -31.607711 115.198655
vn -2.685046 -0.125313 -3.534155
v -25.873738 -23.917308 5.267620
vn 0.326476 -4.469400 2.535372
v 13.445502 -17.535591 50.088763
vn 4.551819 -1.770474 -1.894313
v 47.767624 1.649453 21.582390
vn -3.684375 -4.910763 0.690187
v -11.358477 -3.955020 68.654291
vn 4.441338 -0.053561 2.068507
v 40.043686 10.471280 71.064186
vn -3.821899 -4.246876 0.703300
v 27.694745 -16.846478 28.803380
vn -1.241622 -5.091981 -2.419584
v -2.015050 -31.317856 116.949230
vn -0.367820 5.570959 -1.132528
v 1.900963 23.146150 109.358951
vn 0.496571 5.993429 0.940053
v -0.610574 24.704101 119.136402
vn 4.507158 -3.902597 1.512191
v 34.162302 -10.305576 38.662889
vn 6.001791 -0.745375 0.821960
v 42.772411 0.335884 51.543517
vn -0.088641 -5.483703 2.157991
v -25.216574 -27.968583 11.390494
vn 0.372523 -3.304658 4.842534
v 2.675913 -9.732597 58.711193
vn 5.856699 -0.783436 0.397486
v 43.805204 -5.356119 36.750852
vn 4.799928 -3.944782 -0.556481
v 17.467025 -20.001762 13.698640
vn -3.208221 3.555164 3.848593
v -9.886330 13.710983 84.372173
vn 2.509453 4.527394 -3.335097
v 8.543347 18.003055 99.695488
vn -3.671561 -4.508767 -1.858189
v -10.154892 -26.452758 93.730778
vn 1.042134 -4.233010 4.024645
v 21.959980 2.465897 73.699342
vn 0.682367 -5.397470 0.196485
v 20.894241 -19.644073 8.512809
vn -1.704344 5.498932 -0.715555
v -10.513708 22.997402 117.595442
vn 4.140537 -4.092326 1.358002
v 46.444437 6.474274 50.758118
vn 4.165021 -4.597899 -0.185465
v 45.660225 1.424825 31.123747
vn 2.281636 -5.672426 0.708024
v 41.218953 -9.166127 23.613150
vn 3.176668 -3.848939 3.140559
v 13.572398 -21.606877 136.003231
vn -0.173538 6.014368 1.203602
v 1.759629 23.191371 122.409241
vn -2.797320 3.663471 3.380624
v -37.592084 18.913529 63.272354
vn 1.956164 -3.957774 4.372601
v 32.808165 4.995512 69.334667
vn 5.143292 -2.251178 -1.282410
v 24.448208 -14.691936 119.772123
vn 5.216120 -3.168461 -0.766668
v 14.790883 -22.619275 12.497055
vn 1.762200 -5.262865 -1.142189
v -3.984943 -29.030908 101.756021
vn -1.821205 -3.504499 2.112899
v -12.255298 -33.368406 111.222467
vn -0.954829 5.606255 -2.475521
v -32.279528 18.673172 55.900821
vn -3.866346 0.298574 4.823148
v -47.127159 4.534724 60.454645
vn -1.740366 5.598068 -1.818742
v -9.969194 19.980581 109.839320
vn 1.094931 4.513519 3.611035
v 12.914962 18.371308 134.854116
vn -0.371257 1.768658 5.927600
v 3.184973 4.844751 144.611074
vn 2.881803 -3.271103 3.283555
v 45.285775 9.996581 61.567006
vn -0.693931 -5.833633 -1.213416
v 0.411765 -29.840843 110.494235
vn -2.663486 4.863983 -2.925101
v -41.898905 2.339387 33.889083
vn -2.798791 4.564681 -3.278679
v -25.181127 -0.539954 16.361083
vn -5.080594 1.052309 -2.806947
v -18.469691 -6.791045 6.846978
vn -3.937439 -1.370300 4.426974
v -11.606895 -15.117902 145.145548
vn 2.236652 -4.772695 0.201355
v 22.036788 -15.338727 22.239738
vn 0.952813 -2.910877 4.811988
v -7.250202 -9.144481 60.939873
vn 5.521013 -0.749223 -2.364082
v 15.111169 -9.102305 93.315708
vn -3.435680 -0.577248 2.772195
v -10.118965 -18.337200 148.742071
vn -2.422931 -3.226544 2.909921
v 6.311301 -16.385622 43.498449
vn -1.264570 5.068282 -2.678560
v -16.816420 26.049866 63.051691
vn 0.488009 6.215349 -0.738873
v 2.520063 16.209148 16.285737
vn -1.867034 -5.666214 0.264138
v -10.751805 -31.463396 121.671436
vn 5.780719 0.555243 -0.113327
v 44.167670 -3.014081 28.461251
vn 5.030478 -3.461321 0.984282
v 34.534583 -13.623961 28.276534
vn 2.230649 2.930517 4.837162
v 18.824243 20.240483 80.165831
vn 2.514759 -5.199025 -0.411394
v 13.274743 -27.786219 127.173885
vn -2.134834 4.358110 -3.733081
v 28.470505 26.365345 59.649484
vn -4.870735 -2.453897 -1.619237
v -25.214136 -6.324440 118.682616
vn 4.371813 -2.906942 -3.414138
v 13.320623 -20.222836 4.160404
vn -3.390724 4.630215 -2.508764
v -19.358258 4.868923 19.463168
vn 1.913662 -1.884773 -4.965799
v 0.416888 -23.736122 83.323059
vn -0.191301 6.127087 -1.271823
v 3.753818 19.667663 35.019364
vn 3.009665 -4.434351 1.164229
v 42.925209 -6.769810 37.814548
vn -0.248772 -4.869842 3.186316
v -19.107895 -15.036890 49.508970
vn -1.788504 3.520481 4.540701
v -22.667489 22.901931 71.031955
vn -2.046771 4.031730 -0.454184
v -3.845987 22.941113 103.359202
vn -0.647598 -5.474989 1.975451
v -12.145931 -20.339968 40.006940
vn 4.110547 0.431251 -4.608693
v 39.963430 -2.061954 12.750345
vn 1.483488 -5.055645 0.128275
v 23.339613 -14.832552 24.991947
vn 5.560850 0.583105 -0.738351
v 28.037976 1.615172 122.584795
vn -1.385911 -5.843899 1.812776
v -22.648058 -17.092143 39.137302
vn -6.013702 0.687485 -0.896623
v -21.898698 -8.244395 106.141288
vn -5.229345 2.498196 -1.605098
v -24.243862 6.083099 116.709203
vn -3.190858 4.110644 -3.374131
v -5.886160 16.729173 100.063144
vn 3.642590 -0.230164 4.817860
v 12.732635 -5.632436 144.030106
vn 1.097580 5.819205 1.950088
v 10.268941 21.182360 129.267910
vn -0.343647 5.553980 -2.886449
v -26.455621 20.214543 58.500118
vn -1.173363 5.460991 -2.871271
v -30.035608 12.891226 45.248575
vn 4.187249 -3.917809 1.863987
v 31.458617 -13.490754 42.614089
vn 0.064182 6.225153 -0.836084
v 16.590395 21.535799 46.468888
vn 4.397624 -3.779346 -0.338155
v 42.867981 -8.888902 20.671161
vn 5.785605 0.004832 0.634111
v 47.204557 9.544924 54.075848
vn 5.540100 1.791738 -2.288661
v 24.332596 9.073151 113.490587
vn 2.298901 -4.518786 2.884393
v 18.538851 -8.631573 62.156773
vn 4.349630 -2.677200 -2.394111
v 40.356034 -9.615464 14.249873
vn -4.453959 -1.197944 -3.707920
v -12.409441 -29.991071 100.395277
vn 1.415626 3.400846 4.797414
v 35.933184 32.176489 66.417584
vn -0.851566 -5.721348 -0.980346
v 27.186147 -16.993964 8.593938
vn 2.145780 3.266604 0.067819
v 22.398082 16.035896 128.739776
vn -2.415569 -5.522530 1.262923
v 27.541943 -15.639614 33.584253
vn 4.141307 1.897024 -3.593188
v 47.221402 9.404075 21.827814
vn 0.702614 -5.678163 0.058147
v -4.420496 -28.975132 14.842286
vn 0.064516 -5.565611 -0.660687
v 7.741156 -29.507329 127.246162
vn -0.532110 -5.454029 3.038821
v -31.193892 -11.048244 51.515382
vn 3.568068 2.782472 -3.869072
v 49.462556 12.068518 26.430121
vn -0.551138 -6.201468 0.723320
v -41.379967 -11.586169 41.380311
vn 3.632031 -4.702966 1.968937
v 20.718482 -10.385263 53.261107
vn -4.348013 -0.014247 3.701575
v -21.415400 -3.681902 138.427303
vn 6.190686 0.148842 0.265309
v 43.984958 -4.382322 23.896417
vn 2.079067 -5.032090 -1.911876
v 17.373990 -19.126975 7.843522
vn -2.566821 3.104310 4.696701
v -10.319619 21.780794 77.952940
vn 4.555338 -3.621945 -1.206214
v 17.956675 -13.214169 101.761451
vn -5.639517 -0.774702 2.352970
v -24.773940 -2.596867 132.601922
vn -3.409478 4.832483 -0.065410
v -45.028765 15.018857 59.091727
vn 5.342572 0.751867 1.728217
v 45.254394 20.188660 65.506542
vn 2.488342 1.646222 5.492243
v 24.303585 20.795297 76.109558
vn -0.247543 -5.993689 -1.485318
v -8.674715 -30.777491 116.792108
vn 5.073862 -0.022341 -3.336183
v 43.195058 -1.097475 16.388247
vn 4.922772 2.543180 2.934917
v 22.262620 13.482606 130.199902
vn 5.015513 -3.613156 -0.987272
v 21.705812 -17.092240 26.450267
vn -5.538525 1.899884 2.000642
v -12.192973 7.324289 85.450940
vn -0.350434 1.007578 3.802359
v -7.865356 -17.915260 150.125753
vn -5.895065 -0.223360 -0.626591
v -21.955372 -11.392566 117.634288
vn 0.406160 -6.201512 0.721766
v -42.616646 -12.164645 36.636602
vn 5.666376 1.320773 0.085230
v 54.470473 24.108843 45.629563
vn -0.583110 -5.059728 2.210128
v -28.860355 -22.718105 28.089701
vn -3.883720 2.113274 -3.035081
v -50.766936 -6.615992 28.305503
vn -3.529880 3.709700 3.399205
v -34.274365 20.578927 63.915015
vn -3.354149 -4.025208 -1.605828
v -35.474868 -11.386724 18.670858
vn 4.710950 -1.351938 3.809408
v 20.778950 -9.340699 138.085059
vn -4.050135 -0.574548 -3.524838
v -13.582288 -17.865053 84.448056
vn 5.247282 1.889656 -2.125124
v 24.153764 -5.748072 107.631648
vn 2.319683 -5.196938 2.521948
v 15.762985 -20.328640 137.155352
vn 4.188619 -0.912159 -0.087870
v 42.791329 -0.859104 27.591157
vn -3.765126 1.651026 -4.522256
v -12.324984 15.347468 105.586134
vn -0.150188 6.143527 0.538858
v -3.003142 28.330130 70.794682
vn 1.083521 -3.943568 4.486299
v -2.938388 -24.858392 139.629929
vn -2.629129 3.202372 4.648976
v -11.343614 19.181524 78.578298
vn -1.164976 -5.529761 2.724266
v -26.295886 -11.557338 51.850348
vn 6.083930 -0.137205 0.440820
v 27.543165 -1.833185 126.792707
vn -2.745476 -4.903581 2.160225
v -9.824305 -26.821484 18.123246
vn -4.611847 1.793413 -2.640159
v -19.070282 12.870274 105.450615
vn 1.535977 6.000033 -0.662352
v 6.276676 15.371892 12.408541
vn 5.428592 0.618408 0.618455
v 42.293643 6.281171 60.362030
vn 5.040018 -2.584246 -2.103920
v 26.307421 -10.450531 118.827597
vn 2.347492 4.036901 2.679839
v 16.357706 17.411807 134.412732
vn 5.658719 0.327285 0.460610
v 43.459502 1.967504 51.236036
vn 3.447227 4.758186 -0.896258
v 16.944858 14.724981 106.223021
vn 3.473583 3.939277 -1.527110
v 13.481267 17.620484 103.474772
vn 5.475464 -0.147262 0.231702
v 44.222943 -0.590131 42.821890
vn 1.058047 5.789813 1.900332
v 6.309654 22.793046 126.611172
vn -2.083409 -4.090667 3.990767
v -11.777476 -25.853589 138.489753
vn -3.191270 4.460510 -0.421420
v -11.322118 15.510221 14.669786
vn 5.867155 0.035741 1.350511
v 40.373930 8.414854 66.999440
vn -4.230865 -2.225249 3.576523
v -49.038653 0.316629 58.247724
vn -4.269900 -1.419091 4.154462
v -15.887973 7.361350 79.880760
vn -0.030229 5.697705 -2.637440
v -7.053684 26.592709 63.489788
vn 0.802366 -6.179431 -0.041608
v -42.449237 -12.256964 31.305174
vn -1.982649 3.529226 4.634927
v -0.587101 17.932217 83.539754
vn 0.858097 1.520254 5.947606
v 25.508510 23.683415 74.993486
vn 0.785668 4.309096 3.582862
v 2.638624 15.001685 85.974880
vn -0.649869 -5.131896 -2.607652
v -1.747936 -12.409438 73.511112
vn -3.296704 -1.424963 4.967255
v -29.201598 8.923719 71.642610
vn 2.263360 3.355552 -4.409510
v 37.048163 10.346382 14.548093
vn -0.764881 5.920285 -1.450782
v 34.406567 20.512034 42.374012
vn 3.247869 -4.413403 -0.985476
v 13.146687 -22.071289 115.135871
vn 0.215427 6.224770 -0.806968
v 28.343714 20.408636 40.386955
vn -1.699080 3.793362 3.508154
v -4.265886 25.328435 78.780986
vn 0.497635 -5.996956 -1.478527
v -8.027448 -28.334797 8.871477
vn 3.438864 -4.908228 -1.825222
v 7.370053 -10.107783 77.626433
vn 1.040632 -3.458404 -4.943007
v 26.224944 -16.065537 6.962952
vn 0.176316 5.300483 -3.309616
v 14.698943 26.870981 63.427728
vn -3.805972 -0.837259 4.560770
v -17.386273 -16.193226 138.835103
vn -5.867332 1.132338 0.700663
v -13.747535 3.289934 86.130135
vn 4.331297 -4.331122 -1.033953
v 26.163963 -14.574961 126.943722
vn 4.813617 2.189293 -1.332707
v 24.967145 6.340195 109.515816
vn -3.404618 4.042869 -2.769528
v -6.486849 19.899162 103.797075
vn 3.077942 2.079067 3.220038
v 36.240074 29.893777 68.744704
vn 2.631766 0.905235 -4.583752
v 13.062388 0.386563 0.000252
vn 5.927423 -1.469079 0.723933
v 43.073549 -1.672195 45.699592
vn -4.787006 3.486836 -1.703712
v -15.742750 6.508650 16.368949
vn -3.529787 4.779812 -0.734376
v -16.904541 17.074933 117.807912
vn 2.735488 -4.810760 2.917379
v -27.423075 -22.011300 28.228614
vn 2.934758 5.337472 0.828178
v 18.857581 19.292082 126.142467
vn 3.218081 0.749719 1.828094
v 37.983666 20.564217 67.481129
vn -1.796916 -2.449458 5.456531
v -38.277911 2.076014 64.129656
vn 0.865392 -4.403093 3.593743
v 18.307305 1.334873 75.706598
vn 0.443884 -5.986323 1.486410
v 4.792292 -29.124169 131.502199
vn 4.237867 3.972044 -2.268430
v 20.296494 15.470116 112.063123
vn 3.646941 -3.416542 -0.990567
v 34.442168 -20.019354 12.255699
vn 5.932263 1.517439 1.201053
v 25.305054 8.604386 127.692935
vn 2.111204 -4.505786 1.121600
v 14.323652 -24.603343 16.620705
vn 4.979848 -3.191017 -2.030011
v 27.439770 -10.068714 120.362378
vn 0.021561 -6.085111 -1.394844
v -9.806313 -27.136581 5.528227
vn -0.948740 5.002665 -3.643380
v 19.718407 27.741972 64.215616
vn 5.892672 -0.791007 1.612821
v 53.510464 21.738434 49.858896
vn 2.476537 -4.526713 2.512864
v 40.825800 1.900449 62.556924
vn -1.068455 -4.301684 -1.462260
v 30.833169 -20.858946 11.380423
vn 4.080163 -4.088058 -1.640320
v 17.405926 -18.915589 113.589038
vn -2.797819 1.248277 5.416024
v -39.303288 12.285237 64.905953
vn 2.981391 3.965831 -3.280715
v 14.098862 13.592494 101.422541
vn -1.293473 5.240444 -3.211699
v -34.992230 13.917527 48.971685
vn -5.751851 1.174199 -1.393004
v -13.534703 0.275812 89.657073
vn -2.292239 -3.332239 -2.991579
v -18.102475 -23.734753 117.171691
vn -4.625180 3.920818 1.510205
v -19.520388 15.407077 123.817992
vn -3.958574 4.275391 0.860208
v -18.106480 17.692607 122.361571
vn 3.255812 -5.184652 -0.307487
v 17.129527 -25.146528 125.116889
vn -2.616232 -2.847986 -2.850155
v -20.236476 -21.621020 117.141565
vn 5.546201 -2.819483 0.699009
v 53.307857 15.702926 38.834546
vn 1.296497 3.775604 4.704385
v 10.240035 13.516718 140.081372
vn -0.176178 -4.672266 3.285806
v -4.489635 -13.546485 59.164703
vn 1.215308 -1.352967 5.572276
v -2.098405 -12.867817 59.324763
vn -3.308276 5.119246 1.113335
v -13.993176 20.421406 123.706160
vn 4.724009 -3.671944 1.867773
v 31.702890 -7.889738 51.609935
vn 1.609034 4.136501 4.416982
v 12.795189 14.940343 137.386703
vn -4.411100 -2.354424 3.325044
v -13.509116 -15.892060 141.404089
vn 3.075789 4.720391 -2.642701
v 11.531536 11.794843 95.072436
vn 0.734849 -6.236132 0.166631
v 1.116533 -26.141917 3.469192
vn 3.710718 4.644179 -0.639386
v 18.913319 13.310737 106.673029
vn 0.466644 -4.697657 3.635945
v -1.981931 -18.986308 37.185414
vn -0.091718 6.232800 -0.767894
v -1.571552 16.926734 21.026173
vn 0.844451 -5.320859 2.595841
v -30.919698 -16.114172 42.668266
vn 6.000523 1.252713 1.305787
v 26.406219 3.475312 127.783479
vn -0.255149 -0.023197 5.741658
v 7.759758 -3.801630 145.683202
vn -5.452752 -2.998153 -0.041282
v -30.459242 -22.048304 20.455814
vn -3.209432 -1.219254 5.098746
v -14.959648 -17.652650 139.523019
vn -3.938323 -3.230278 3.452501
v 7.910628 -16.951497 45.944744
vn 1.442864 -5.572111 -2.346628
v 1.996365 -30.279502 112.889441
vn 3.093590 0.752122 -3.292563
v 51.337101 13.221314 28.130695
vn 1.416126 6.046774 -0.376520
v 0.872185 22.162750 104.978153
vn -3.050070 -4.364747 2.605849
v -2.819944 -24.991915 28.606281
vn -1.573057 -5.806035 1.389588
v -2.211474 -23.514263 31.829629
vn -0.809052 -4.321256 3.267885
v -9.631161 -6.491710 63.592863
vn 0.558737 -0.121333 6.051427
v -2.991450 -10.900538 145.662412
vn 2.300786 -1.135747 5.675370
v 11.506449 -13.914460 143.437076
vn 0.105100 -6.251936 0.213387
v 5.143748 -25.703224 5.907994
vn -1.643479 5.238755 -2.907549
v 43.938563 21.469393 38.522173
vn 3.303278 1.502915 2.174728
v 33.775325 26.654081 69.866441
vn -1.027119 2.046818 5.677233
v -3.142453 7.657702 143.094414
vn 5.440580 1.269567 2.426154
v 51.855806 25.305812 54.532331
vn 3.174009 -0.671069 5.329507
v 26.006708 11.439468 76.448998
vn 0.117853 6.240357 -0.710230
v 17.499133 22.177737 52.558624
vn 0.582410 -5.630760 1.039588
v 31.940567 -19.991579 19.844066
vn -1.069435 -5.599858 1.938142
v 28.967504 -12.621950 47.340138
vn -5.973170 1.522069 -1.156315
v -22.596973 11.076013 117.911791
vn -2.737110 4.747292 -3.062270
v -43.833532 11.193409 50.354132
vn -1.892932 -4.424650 3.685760
v -18.346806 -24.685933 14.134257
vn 1.383846 0.053760 6.066312
v 29.598850 16.822514 75.092062
vn -2.382531 -4.934697 -2.724350
v -16.038029 -25.807942 5.820416
vn 0.018326 -4.804860 3.855146
v -0.448642 -26.596150 136.269497
vn 5.014127 2.367423 2.860577
v 22.371806 8.605209 135.568836
vn -4.204865 -3.294529 -0.953545
v -26.955568 -27.368368 10.330129
vn -2.726672 4.879730 -1.185841
v -1.625996 22.238465 108.865553
vn 1.301659 1.288206 5.884312
v 4.631429 1.818769 145.053440
vn 5.930701 1.064089 0.627059
v 27.548590 0.697500 117.260561
vn 3.480910 -4.799359 1.490317
v 46.573160 4.602716 44.488331
vn -5.420005 -3.074212 0.645760
v -20.475679 -20.382744 128.843812
vn 4.544909 -1.967994 -3.614467
v 13.906761 -16.063365 2.245397
vn 0.691172 -4.414412 2.125583
v 15.358131 1.662628 73.685452
vn 2.003109 -5.838991 -1.094105
v 1.362586 -26.354718 93.279488
vn 3.266764 -2.331040 3.393315
v 20.263391 -17.900124 137.350745
vn 0.576612 -2.622870 -2.300358
v -10.594040 -34.782558 100.100561
vn -3.087095 4.086972 -3.604864
v 42.288482 28.795313 48.672968
vn 3.251216 0.820606 5.261706
v 23.719125 16.773552 77.456127
vn -0.516403 4.418114 4.263359
v 2.635054 17.249602 137.375381
vn 5.975998 1.727383 0.171693
v 25.901893 6.673910 122.177120
vn 1.215166 6.055599 -0.158673
v 3.529253 24.136354 116.932070
vn 5.426119 -0.994986 2.828120
v 25.733157 -6.668757 131.785830
vn -4.019038 -4.012847 0.775673
v 27.591206 -16.287535 16.065297
vn 1.655988 -5.841508 0.367564
v 5.129831 -7.734039 63.441538
vn -1.515772 -4.126427 0.164720
v -25.224430 -28.879795 9.758663
vn 1.506673 -4.984431 3.422768
v -10.215790 -18.127934 42.202639
vn -4.347200 -4.197233 0.420330
v -11.037567 -25.456684 90.843235
vn -2.776713 4.333454 -3.587710
v -41.424821 -3.458006 24.987600
vn 3.895191 3.831296 2.982276
v 20.050016 12.739861 134.729830
vn 5.542045 0.970046 1.960809
v 28.434571 -8.597797 123.970094
vn 2.976285 -5.148667 1.792617
v 36.682490 -6.916084 42.672226
vn -5.312038 1.212538 0.226097
v -24.972924 4.878714 125.110992
vn 3.506338 -1.988218 -4.176914
v 8.975717 -18.369801 85.852919
vn -0.962671 -5.330671 3.145410
v -21.232265 -12.393392 52.635459
vn -3.716058 -2.359701 -4.238374
v -16.482085 -24.016362 4.726170
vn -2.445909 3.592412 4.451544
v -13.595274 22.551412 75.393968
vn 1.217970 -6.045418 0.646624
v 9.428292 -23.397649 21.225800
vn -5.054356 2.797167 -0.272005
v -22.062176 9.618528 114.548586
vn 2.478630 0.369677 -2.262546
v 22.280927 -9.010906 98.865748
vn -3.603102 -4.066240 -0.100887
v 29.064301 -19.869046 13.756840
vn 0.222359 -4.259543 -0.316269
v 25.353589 -13.752252 29.898459
vn 1.068032 -6.135076 -0.078889
v -3.409718 -27.088693 90.222106
vn 0.206368 -2.999097 3.806759
v 3.951973 -14.350268 57.958361
vn -3.173882 2.777593 -4.571879
v -21.033654 -4.168659 9.886872
vn -5.749146 0.197452 -2.071844
v -20.778453 -9.497173 100.749318
vn -2.719750 3.697271 -4.151588
v -25.020164 -3.379595 12.551550
vn 5.533190 -1.682835 -2.078855
v 18.219909 -16.383760 111.349182
vn 4.103063 -4.221457 1.001398
v 47.186783 3.521129 38.278881
vn 0.328519 0.626371 1.190276
v 11.735642 -24.991099 134.719598
vn -1.049351 -6.029313 0.772815
v 9.417054 -26.277753 9.023290
vn -0.311967 5.908983 1.882898
v -3.567755 21.673101 129.964439
vn 3.979700 -4.781070 0.315970
v 10.679460 -25.781773 111.138107
vn 4.930768 -1.231387 3.594072
v 23.028382 -9.771031 134.012029
vn -3.410830 4.201469 -2.625537
v -12.136107 19.956610 112.173782
vn 2.413002 3.613749 4.392026
v 14.932252 12.498390 139.013404
vn 0.902044 -5.474021 2.376822
v -28.084134 -15.794459 40.417798
vn 0.540514 5.425976 3.090698
v 4.247292 19.235735 134.191010
vn 2.043183 5.120926 1.491691
v 18.187436 17.067311 130.998497
vn 2.781655 -5.353898 1.702791
v 22.982405 -15.327126 37.885147
vn -2.784243 -2.146145 5.154774
v -32.319010 4.777576 67.404825
vn 1.841443 -4.669019 1.012294
v -22.656111 -21.632603 18.662406
vn -4.268112 -4.230192 1.741989
v -51.611288 -7.136282 44.062176
vn 5.982495 -0.651446 0.237470
v 43.509799 -3.800062 36.596105
vn 4.405595 -0.722891 1.901420
v 45.805132 16.945514 64.795624
vn 4.582544 -0.470526 2.092530
v 46.301512 12.157659 61.699507
vn -5.100538 -3.512515 0.653522
v -13.248357 -1.467658 74.455319
vn -2.113402 -3.833819 4.119411
v -20.130343 2.751640 73.969916
vn -1.512552 -5.861254 1.595758
v -16.966913 -19.335985 37.020864
vn 1.854347 -5.158305 1.617587
v -4.752067 -20.694244 145.602947
vn -1.784383 -4.929018 -2.315833
v -46.649267 -12.641713 27.003183
vn -4.060942 -3.462398 0.777401
v -13.446276 -23.839126 111.542812
vn -2.824914 -5.343084 0.663341
v -35.598724 -12.465404 42.668799
vn 3.856111 -4.912296 0.239680
v 38.199470 -11.546731 19.218232
vn 3.935595 1.149722 -3.414348
v 17.922956 9.679826 102.021670
vn -1.271482 -5.803520 1.720464
v -10.744689 -13.447635 56.296511
vn 5.695138 -0.465143 0.195562
v 43.339548 -1.908877 24.068508
vn -5.592353 2.665689 0.682251
v -12.320904 6.361925 87.006174
vn -2.119069 -3.905761 -4.203529
v -5.459147 -14.024107 80.417159
vn 5.099381 -3.328114 1.437774
v 50.004330 13.389828 48.725158
vn -0.664867 0.870164 6.176325
v -5.306366 -3.956906 145.412356
vn 4.717804 -2.426869 -1.713676
v 25.059884 -14.104921 118.623477
vn -1.121853 -5.930953 1.647218
v -40.200650 -10.562274 47.746468
vn 2.952799 -0.506838 3.737820
v -4.774386 -18.584587 149.026130
vn -4.441026 -1.377564 -1.323238
v -24.170381 -12.023067 121.752337
vn -1.902024 -5.623348 0.037533
v -6.784123 -22.689870 34.834521
vn -1.578960 5.820377 1.282975
v 30.751237 32.169834 66.372201
vn -5.635604 -1.639893 1.819321
v -24.728039 -7.367450 130.065585
vn 1.112314 -1.907909 -5.488779
v 24.828621 -11.226884 3.349327
vn -5.794076 1.994716 -1.206589
v -20.122522 -5.506017 101.967791
vn -1.355840 -4.442023 -4.034911
v 0.120293 -31.218420 114.509549
vn 2.659080 -0.160140 5.165063
v 15.309453 -0.624398 144.491584
vn 2.932204 1.468282 -5.304684
v 35.385953 -2.719431 9.408221
vn -3.197362 3.492107 -3.999445
v -31.561230 -4.871758 16.170711
vn -3.000626 -4.580815 2.917888
v 16.359239 -1.277643 69.716309
vn -2.420218 1.339499 5.235711
v -14.167777 4.508777 142.200683
vn -4.665952 1.850451 -0.574163
v -27.170664 0.301280 123.038292
vn -4.993483 -0.693117 3.679914
v -19.304422 -13.777963 136.746753
vn 2.948785 -5.151571 -0.068806
v 22.538644 -10.455428 104.572955
vn -3.743838 -4.042326 2.587003
v -50.227448 -5.917686 50.267629
vn 3.982972 -2.606272 -3.382845
v 34.042794 -12.531464 8.463293
vn -0.176646 -4.973779 -2.023446
v -44.720412 -12.699840 25.921038
vn 5.320951 -3.164402 -0.910995
v 15.157766 -20.901750 106.521249
vn -5.524466 2.718746 -0.177146
v -12.237918 6.692987 93.692656
vn -0.147050 -4.500876 2.993735
v 25.903995 -2.218131 68.831279
vn 4.873838 3.668037 -1.229600
v 20.751900 11.935885 107.632105
vn 4.851404 -0.902588 -2.644808
v 35.004311 -10.102368 9.611259
vn 5.443497 -0.927493 -2.974482
v 26.392706 -3.092390 112.264447
vn 5.858952 2.171605 -0.525768
v 13.522126 4.628077 86.808494
vn -0.827132 -5.329083 2.485041
v -33.114993 -12.707413 48.927904
vn -3.708207 -4.412391 2.308363
v -14.834534 -1.359687 70.371091
vn 2.096014 -2.453709 4.910814
v 13.531022 8.640633 82.540065
vn 5.360974 1.074395 1.998241
v 12.211785 7.741509 83.756757
vn 3.373172 -0.050345 3.313799
v 38.733971 12.837214 73.040542
vn 1.364983 -6.063260 -0.716559
v -2.833802 -26.786931 7.476285
vn 5.621548 -1.435799 0.034462
v 43.899467 -6.849653 30.863933
vn -5.486095 -1.568979 2.366477
v -11.493518 -17.329469 144.530664
vn -1.020311 -5.288791 3.229907
v -24.363386 -9.339275 56.588707
vn 5.189710 2.622844 -1.246817
v 22.818144 8.805841 110.483221
vn -0.028597 0.996534 6.129785
v -5.355416 -12.907025 145.912753
vn -3.888790 4.167063 -2.353744
v -49.095254 8.980880 52.117155
vn 5.349379 -0.905586 2.630257
v 51.593696 21.504289 55.507247
vn 2.636176 -0.847456 5.466931
v 14.154710 -9.551257 143.289535
vn -0.755058 6.137810 -1.110975
v -1.546517 19.199154 35.776514
vn 5.830620 1.848162 -0.765856
v 25.744797 8.875308 117.664699
vn 0.169853 -4.039440 4.208744
v -11.207606 -10.554695 61.788015
vn -4.569542 -4.073563 -1.010614
v -10.010041 -6.345034 74.045078
vn -3.079744 0.806541 4.727594
v -29.630875 13.457893 72.131408
vn -5.047436 -1.809326 3.068036
v -19.869893 -8.623922 136.818713
vn -0.594011 -5.931766 1.471689
v 31.102797 -19.026684 23.267495
vn -3.162487 -3.421730 3.789892
v 2.162945 -22.382599 35.912960
vn 6.112533 0.564652 0.605209
v 13.488527 3.911427 81.297375
vn -1.465467 -5.030315 -2.621466
v -41.851423 -11.076317 22.751155
vn 5.628871 -1.239263 0.968362
v 47.171296 10.339742 50.695396
vn 1.980695 -4.686111 3.574179
v 11.830432 -21.477495 137.839609
vn -1.882323 5.303574 -2.413140
v -6.412513 22.568383 111.228468
vn 5.451630 -2.804637 0.873157
v 24.505795 -13.906908 116.240164
vn -4.697164 -3.520651 0.169604
v -12.159904 -29.748044 114.961166
vn 1.035563 -5.360985 2.072625
v -24.372317 -19.871585 28.293827
vn -4.134290 -4.253513 -1.498958
v -18.288497 -21.315873 110.425965
vn -3.128493 -4.847404 1.398563
v -31.739695 -16.865567 40.398476
vn 0.199456 -6.115222 0.289129
v -1.573188 -28.904800 107.275771
vn 3.650273 -4.189534 2.538537
v 32.433504 -1.995416 59.800411
vn 5.236896 0.075609 0.518324
v 26.799729 -1.560298 120.456035
vn -0.173672 -3.224383 4.642279
v -15.768958 -8.008298 64.084519
vn 2.643519 -0.745164 -4.659850
v 13.415809 -13.686226 0.000242
vn 0.000012 0.000004 -6.283185
v 3.939724 -2.281761 0.000226
vn 0.000002 0.000001 -6.283185
v -1.508740 -0.769760 0.000225
vn 1.341785 -1.211650 6.001821
v 5.087266 -14.094835 144.892846
vn -0.000000 -0.000000 -6.283185
v -8.139317 -5.745187 0.000224
vn -0.000038 0.000010 -6.283185
v -11.923153 -12.732609 0.000225
vn -3.588760 4.095753 -3.046343
v -19.847309 1.142267 13.937553
vn -0.000146 -0.000037 -6.283185
v -15.056229 -7.263800 0.000225
vn -0.000135 -0.000086 -6.283185
v -11.474241 -21.798426 0.000227
vn -2.957371 4.623521 -3.056728
v -44.686576 -1.352366 30.962190
vn 2.614553 0.283280 -4.836915
v 14.382351 -5.841407 0.000258
vn 2.590033 -5.383623 1.643159
v 38.079287 -8.159215 36.538298
vn -2.127984 5.168360 -2.857103
v -35.675725 3.400876 30.711964
vn 0.000001 0.000000 -6.283185
v -2.387209 -5.944208 0.000224
vn -4.139225 -4.403820 1.387952
v -16.838451 -26.205277 126.813301
vn 0.322401 5.384677 3.100097
v 7.321133 19.847514 133.025459
vn -0.706874 6.118860 -1.233650
v 0.762933 20.470322 40.967731
vn -0.510856 6.169644 -1.060748
v -0.896761 18.380682 30.683838
vn 0.314518 5.374901 -3.057639
v 43.228018 19.120042 33.286809
vn 0.382242 3.091097 -3.469459
v 1.929468 15.233068 0.000283
vn -0.190623 6.038325 -1.638264
v 26.739511 19.005356 31.040729
vn 0.072991 6.106828 -1.406388
v 7.419579 20.512800 38.746040
vn -3.209275 4.622535 -2.739110
v -51.487283 1.768326 42.375997
vn -0.498656 5.133126 -3.513810
v 28.937933 12.730306 16.169796
vn -5.842309 -1.749091 0.042649
v -26.293958 -5.024404 124.432603
vn -1.921933 4.350782 -4.009264
v 45.745635 27.247938 44.587547
vn 5.804068 -1.163426 0.599952
v 43.291674 -2.736129 41.147849
vn -1.018684 6.049407 -1.316720
v -6.791924 20.675226 46.588444
vn -0.599259 6.005002 -1.452809
v 9.056918 28.854325 67.570885
vn -2.222072 5.618968 -1.531892
v -11.918795 19.320582 46.041220
vn -0.763328 5.995956 -1.665919
v 38.974106 20.512402 37.980531
vn -2.430621 5.432149 -1.980794
v -19.147061 12.971604 38.268110
vn -1.589821 5.423293 -2.739984
v -29.882462 10.104181 39.688313
vn -1.841488 5.518884 -2.343154
v -24.007427 11.294630 38.788781
vn 6.204467 -0.227365 0.099947
v 43.615850 -4.624281 30.604509
vn -0.066747 6.197727 -0.970618
v 34.307733 19.959824 37.403843
vn -2.882615 4.760545 -2.916061
v -46.980229 4.474399 42.484725
vn -2.505342 4.957143 -2.915208
v -43.029236 6.353744 41.671217
vn -0.761168 6.114146 -1.230225
v -1.869340 21.193751 46.325255
vn 0.843757 5.838555 -2.078466
v 13.332233 15.521843 22.367938
vn -0.010927 6.194450 -1.040844
v 18.612961 20.794968 41.687754
vn -2.965971 3.968969 -3.747531
v -46.755240 -5.557118 26.641340
vn 3.188889 -5.381426 -0.130668
v 7.219760 -24.603534 31.476590
vn 2.677434 -5.591675 0.173026
v 9.665184 -22.713347 28.400421
vn 2.293720 5.680554 -0.443794
v 6.474797 14.997181 7.655726
vn -3.502984 4.620829 -2.250497
v -50.027600 5.774921 47.723315
vn -0.241670 6.079197 -1.566742
v 16.391109 18.908278 33.111450
vn -0.352540 5.733835 -2.538864
v -2.583545 25.030391 60.025291
vn 2.514365 -5.106287 1.024132
v 10.760381 -3.760188 64.575247
vn -0.196707 6.150483 -1.251052
v 20.974862 19.733871 35.643700
vn -1.900878 5.234427 -2.906168
v -35.652110 7.980597 39.231651
vn -2.895358 5.349753 -1.556669
v -14.738117 16.254133 40.879791
vn -2.233007 5.533972 -1.855107
v -18.233155 15.418789 44.354144
vn 3.865313 -4.652035 -1.325138
v 9.500512 -6.063830 68.946119
vn -0.600362 5.738767 -0.137274
v -9.811337 28.640462 68.551091
vn -6.059457 1.539925 0.409098
v -15.876433 3.923082 3.240398
vn -2.902539 1.075105 -2.675699
v -14.789176 8.887253 0.000190
vn -0.511739 5.913249 -2.022512
v -0.170795 23.746706 56.484688
vn -2.108789 5.317700 -2.595452
v -26.969823 6.330144 30.086260
vn -3.291246 2.724880 -4.522024
v -28.921967 -6.646801 12.803126
vn -2.699343 5.295408 -2.004210
v -19.124586 11.019406 32.936551
vn -2.171709 5.012178 -3.097349
v -40.079332 9.639169 45.020256
vn -1.806796 5.656244 -2.003509
v -37.929263 17.771249 57.594226
vn -0.908832 6.105153 -1.168812
v -4.875600 19.519429 39.972500
vn -1.815938 -5.389675 2.390232
v -19.798548 -9.440368 57.803775
vn -2.949077 -1.134493 -4.579625
v -44.082495 -9.074772 22.145739
vn -1.350959 5.234403 2.864842
v -8.307947 27.126869 73.280961
vn 0.436846 6.258422 -0.169625
v 0.374060 15.867415 10.278087
vn -0.299358 5.568050 -2.875398
v -27.653408 18.238501 54.422318
vn -2.352345 2.046775 -5.297583
v -24.948575 -8.431848 9.387008
vn 4.587148 -3.717016 -1.826275
v 12.017158 -8.334657 82.465419
vn -0.352302 5.769566 -2.456124
v 4.202763 25.934961 60.961343
vn 0.027667 6.206852 -0.938314
v 28.056258 19.912448 35.816822
vn 0.000017 0.000007 -6.283185
v 8.119746 -4.990950 0.000238
vn -0.000001 0.000000 -6.283185
v -5.643459 5.141889 0.000225
vn -3.684937 4.244804 2.370085
v -15.832018 17.034707 129.829592
vn -2.504760 4.375928 3.659151
v -11.539690 16.779675 133.999173
vn 0.287621 6.080235 -1.505320
v 9.434365 18.729394 32.894254
vn 0.078338 6.213325 -0.919636
v 24.090761 20.726858 41.387091
vn -0.749138 4.973165 -2.558172
v 45.986218 31.663688 49.131582
vn 1.591011 4.882136 0.062892
v 46.957296 33.066764 53.844530
vn -5.575153 -1.328172 2.368314
v -22.293834 -12.397419 132.171290
vn -2.658688 4.997111 2.442927
v -11.917675 19.884305 129.255596
vn 3.936075 -1.321906 0.447871
v 42.621883 1.927993 40.163724
vn 1.834044 2.288106 -5.471947
v 30.931398 4.482655 9.638117
vn 0.424687 3.981322 -4.654342
v 29.709628 9.475604 12.262242
vn 0.000006 -0.000006 -6.283185
v -10.115902 3.321147 0.000224
vn -0.000000 -0.000000 -6.283185
v -7.524998 -0.321317 0.000224
vn -1.938137 -4.571224 3.821944
v -23.701051 -4.403084 64.652199
vn -0.784711 -4.864694 1.985942
v -29.627627 -20.809189 32.157677
vn 4.391950 -1.343920 -3.276995
v 14.036185 -14.924250 89.757321
vn 3.604585 1.396708 -4.821133
v 40.248652 4.844583 14.207043
vn 4.854186 -1.279513 3.662218
v 22.670217 -4.993353 137.188151
vn 0.901450 4.135576 -4.594570
v 19.559946 5.696025 8.185076
vn -0.793999 1.410411 6.055246
v -2.063855 1.440648 144.772343
vn -1.735704 5.318457 -2.540509
v 39.374156 21.666787 42.321242
vn 0.781246 5.158974 -0.539121
v 41.789525 34.090164 57.914848
vn -2.969284 1.299987 -5.222370
v -24.266116 -18.812689 6.989447
vn -5.718082 2.409024 0.286946
v -13.815940 10.183107 5.267988
vn -5.701696 -2.268998 1.034877
v -13.925628 0.618795 77.914555
vn -5.148790 3.509033 -0.734413
v -13.393309 12.768545 24.002646
vn 4.243833 -0.919686 -4.440465
v 11.505922 -14.606561 87.600708
vn -2.658951 4.866910 -2.925219
v -43.170089 4.272864 38.250453
vn 2.453842 -5.424896 -0.485746
v 7.625357 -28.269626 106.141397
vn 0.000019 0.000022 -6.283185
v 3.736895 9.301563 0.000234
vn 0.000012 0.000007 -6.283185
v 7.602886 -9.691292 0.000226
vn 0.000017 0.000015 -6.283185
v -3.166852 11.323928 0.000224
vn 0.000013 0.000003 -6.283185
v 2.388801 3.201767 0.000231
vn -0.000036 -0.000001 -6.283185
v -13.048992 -2.707693 0.000225
vn -0.000000 -0.000000 -6.283185
v -8.806697 -9.495865 0.000225
vn -0.000001 -0.000001 -6.283185
v -9.365620 -19.428712 0.000225
vn 0.000012 0.000004 -6.283185
v 7.131353 2.771976 0.000244
vn 0.000001 0.000000 -6.283185
v 4.478513 -19.164280 0.000224
vn -0.000000 -0.000000 -6.283185
v -3.178430 -16.577035 0.000224
vn -3.634328 4.589915 -0.359116
v -11.532368 15.481312 21.673323
vn 0.000001 0.000001 -6.283185
v 2.874929 -14.429333 0.000225
vn -0.000000 -0.000000 -6.283185
v -6.585200 -16.022456 0.000225
vn 0.272300 6.136661 -1.230115
v 5.136131 18.171967 27.980377
vn 0.000011 0.000002 -6.283185
v -8.800274 9.935351 0.000224
vn -5.124510 -1.774087 3.154227
v -22.455332 -6.875674 134.149515
vn 5.711279 1.081882 -2.351981
v 16.476085 1.195030 94.468188
vn 2.614530 5.592453 -0.230462
v 17.369219 20.227005 121.510912
vn -2.532225 4.943453 -2.928244
v -25.032420 2.022653 20.279965
vn -4.903214 -3.650167 1.260946
v -19.524107 -23.883183 123.558497
vn 4.295348 -1.299638 0.701344
v 42.191421 4.665932 52.188656
vn 3.925735 -1.065164 0.515112
v 42.370305 3.221279 46.268511
vn -1.647385 6.026453 -0.478063
v -8.897485 16.578722 24.811897
vn -3.072482 0.647266 -3.050130
v -15.919359 3.985333 0.000221
vn -1.955738 -5.331710 1.874687
v -46.309756 -10.168068 46.939652
vn -5.225774 -2.558094 -2.189657
v -12.827632 -24.960292 96.656260
vn -2.557443 4.550669 -3.487633
v 43.727441 24.181322 42.406995
vn 3.647817 -0.893064 4.938502
v 17.740517 -8.697258 141.151673
vn 0.374270 5.883931 -2.102170
v 31.616954 17.299450 25.981450
vn -0.484657 5.634694 -2.497844
v -11.530074 26.802525 63.785952
vn 0.373120 6.097587 -1.322365
v 8.524347 22.533432 51.946317
vn 0.000005 0.000000 -6.283185
v -1.550573 4.939217 0.000223
vn -0.036566 6.156481 -1.210406
v 28.632234 21.185788 45.423960
vn 0.000001 0.000000 -6.283185
v 1.158277 -9.684288 0.000225
vn -0.000000 -0.000000 -6.283185
v 0.282971 -21.600169 0.000224
vn -0.551008 4.742748 -3.791797
v 47.852916 24.655166 40.509647
vn -5.279175 -1.836617 2.608209
v -20.045233 -18.536073 134.072012
vn -2.665188 4.645761 -2.971062
v 40.930332 31.150643 52.692559
vn 0.000005 0.000003 -6.283185
v 8.254672 -17.106542 0.000225
vn 0.000000 0.000000 -6.283185
v -2.374777 -11.390362 0.000224
vn 0.000004 0.000001 -6.283185
v 2.268700 -6.791227 0.000225
vn -0.000000 -0.000000 -6.283185
v -5.010801 -21.451686 0.000225
# 1588 vertices, 0 vertices normals

f 907//907 670//670 604//604
f 603//603 1382//1382 1052//1052
f 1450//1450 1447//1447 1552//1552
f 1266//1266 971//971 919//919
f 1183//1183 814//814 266//266
f 23//23 22//22 1270//1270
f 90//90 1155//1155 445//445
f 633//633 860//860 91//91
f 9//9 507//507 1543//1543
f 353//353 458//458 1527//1527
f 425//425 1290//1290 171//171
f 78//78 1545//1545 1480//1480
f 56//56 1386//1386 13//13
f 1400//1400 993//993 509//509
f 212//212 633//633 1409//1409
f 567//567 800//800 296//296
f 559//559 1505//1505 560//560
f 917//917 1354//1354 1133//1133
f 1314//1314 661//661 679//679
f 32//32 502//502 761//761
f 287//287 1029//1029 350//350
f 655//655 229//229 1134//1134
f 58//58 961//961 1328//1328
f 1584//1584 1315//1315 999//999
f 1174//1174 968//968 328//328
f 405//405 41//41 144//144
f 353//353 1527//1527 204//204
f 568//568 463//463 450//450
f 847//847 495//495 669//669
f 759//759 1284//1284 1383//1383
f 542//542 374//374 308//308
f 1098//1098 123//123 1352//1352
f 962//962 887//887 736//736
f 1106//1106 335//335 1268//1268
f 890//890 1255//1255 728//728
f 1064//1064 1540//1540 1037//1037
f 49//49 447//447 985//985
f 1269//1269 258//258 538//538
f 50//50 684//684 51//51
f 52//52 311//311 39//39
f 627//627 889//889 42//42
f 1378//1378 721//721 254//254
f 1359//1359 548//548 918//918
f 411//411 1340//1340 1059//1059
f 608//608 565//565 802//802
f 1060//1060 8//8 722//722
f 46//46 607//607 896//896
f 56//56 43//43 1386//1386
f 1320//1320 1351//1351 57//57
f 1465//1465 433//433 1488//1488
f 1299//1299 595//595 469//469
f 429//429 20//20 856//856
f 858//858 335//335 1057//1057
f 663//663 349//349 331//331
f 66//66 97//97 483//483
f 748//748 23//23 1246//1246
f 853//853 1453//1453 1231//1231
f 1554//1554 1547//1547 105//105
f 358//358 207//207 1076//1076
f 910//910 205//205 1330//1330
f 608//608 553//553 336//336
f 1080//1080 51//51 684//684
f 1405//1405 831//831 640//640
f 427//427 70//70 862//862
f 818//818 522//522 633//633
f 1229//1229 521//521 292//292
f 292//292 521//521 51//51
f 30//30 282//282 1292//1292
f 389//389 964//964 1299//1299
f 178//178 1507//1507 286//286
f 277//277 1454//1454 1073//1073
f 1197//1197 1245//1245 1379//1379
f 1197//1197 1011//1011 1245//1245
f 1340//1340 806//806 1312//1312
f 1220//1220 966//966 383//383
f 1036//1036 221//221 1540//1540
f 95//95 844//844 79//79
f 95//95 79//79 905//905
f 300//300 681//681 115//115
f 1236//1236 547//547 881//881
f 83//83 869//869 335//335
f 154//154 428//428 1208//1208
f 1247//1247 189//189 536//536
f 662//662 1074//1074 804//804
f 1345//1345 1251//1251 509//509
f 891//891 989//989 1149//1149
f 155//155 1244//1244 564//564
f 35//35 456//456 829//829
f 610//610 1098//1098 265//265
f 567//567 1070//1070 800//800
f 1458//1458 1099//1099 1138//1138
f 145//145 511//511 61//61
f 106//106 1431//1431 866//866
f 85//85 533//533 1228//1228
f 545//545 291//291 282//282
f 1035//1035 480//480 109//109
f 728//728 1255//1255 470//470
f 1048//1048 931//931 232//232
f 535//535 1283//1283 847//847
f 555//555 530//530 1170//1170
f 1052//1052 553//553 603//603
f 540//540 1511//1511 1139//1139
f 1272//1272 88//88 415//415
f 113//113 1162//1162 1083//1083
f 1467//1467 238//238 1120//1120
f 940//940 136//136 455//455
f 120//120 1181//1181 53//53
f 710//710 1181//1181 516//516
f 861//861 631//631 903//903
f 684//684 50//50 228//228
f 228//228 50//50 248//248
f 1067//1067 1364//1364 1408//1408
f 222//222 360//360 1123//1123
f 222//222 935//935 629//629
f 498//498 680//680 59//59
f 959//959 960//960 176//176
f 1488//1488 433//433 518//518
f 126//126 1092//1092 512//512
f 1439//1439 127//127 752//752
f 299//299 872//872 885//885
f 1299//1299 964//964 742//742
f 342//342 197//197 815//815
f 53//53 1181//1181 531//531
f 158//158 1018//1018 1402//1402
f 1293//1293 39//39 702//702
f 246//246 228//228 248//248
f 807//807 392//392 460//460
f 854//854 211//211 199//199
f 123//123 298//298 1352//1352
f 1294//1294 138//138 404//404
f 141//141 1376//1376 222//222
f 144//144 41//41 280//280
f 520//520 663//663 975//975
f 565//565 608//608 936//936
f 475//475 420//420 1400//1400
f 1271//1271 1038//1038 1200//1200
f 1251//1251 715//715 509//509
f 329//329 1327//1327 179//179
f 323//323 873//873 322//322
f 567//567 1063//1063 1070//1070
f 726//726 1070//1070 690//690
f 1398//1398 1404//1404 423//423
f 1220//1220 650//650 1042//1042
f 1268//1268 335//335 436//436
f 154//154 1226//1226 1173//1173
f 268//268 157//157 1109//1109
f 19//19 65//65 797//797
f 554//554 191//191 630//630
f 762//762 807//807 1360//1360
f 51//51 1080//1080 594//594
f 347//347 249//249 1080//1080
f 924//924 935//935 1376//1376
f 466//466 161//161 442//442
f 861//861 519//519 1478//1478
f 839//839 928//928 181//181
f 1080//1080 249//249 594//594
f 1386//1386 501//501 944//944
f 44//44 864//864 1213//1213
f 947//947 171//171 62//62
f 577//577 550//550 1327//1327
f 786//786 173//173 985//985
f 1256//1256 174//174 614//614
f 930//930 219//219 867//867
f 191//191 554//554 96//96
f 1328//1328 340//340 539//539
f 669//669 535//535 847//847
f 1003//1003 410//410 1079//1079
f 1115//1115 1186//1186 579//579
f 742//742 964//964 1359//1359
f 1437//1437 170//170 319//319
f 1303//1303 334//334 787//787
f 1124//1124 1421//1421 1459//1459
f 557//557 21//21 795//795
f 682//682 1396//1396 444//444
f 640//640 223//223 396//396
f 518//518 433//433 645//645
f 587//587 1159//1159 826//826
f 1189//1189 578//578 1302//1302
f 394//394 1451//1451 841//841
f 191//191 96//96 891//891
f 1127//1127 634//634 366//366
f 1050//1050 1051//1051 953//953
f 476//476 163//163 195//195
f 1179//1179 461//461 729//729
f 551//551 92//92 1053//1053
f 4//4 1275//1275 1132//1132
f 509//509 993//993 1345//1345
f 1356//1356 1099//1099 1198//1198
f 1099//1099 1356//1356 547//547
f 791//791 322//322 873//873
f 95//95 905//905 419//419
f 707//707 89//89 90//90
f 212//212 1409//1409 551//551
f 1210//1210 213//213 1176//1176
f 795//795 817//817 798//798
f 188//188 287//287 283//283
f 711//711 1276//1276 176//176
f 1511//1511 218//218 1096//1096
f 1511//1511 1096//1096 1139//1139
f 1230//1230 709//709 1290//1290
f 534//534 261//261 1072//1072
f 1280//1280 609//609 18//18
f 1280//1280 18//18 690//690
f 223//223 991//991 58//58
f 974//974 938//938 920//920
f 572//572 1059//1059 1012//1012
f 225//225 226//226 931//931
f 745//745 478//478 1372//1372
f 26//26 478//478 1563//1563
f 244//244 228//228 246//246
f 647//647 1063//1063 567//567
f 792//792 956//956 1460//1460
f 948//948 1262//1262 763//763
f 121//121 752//752 1094//1094
f 576//576 1204//1204 790//790
f 240//240 1018//1018 1082//1082
f 454//454 1047//1047 912//912
f 625//625 504//504 243//243
f 1084//1084 1265//1265 247//247
f 1129//1129 1324//1324 922//922
f 1165//1165 743//743 417//417
f 1090//1090 147//147 1252//1252
f 986//986 116//116 666//666
f 1096//1096 1505//1505 432//432
f 1253//1253 1004//1004 566//566
f 633//633 212//212 860//860
f 252//252 135//135 940//940
f 252//252 1379//1379 1245//1245
f 1173//1173 1079//1079 428//428
f 825//825 1518//1518 732//732
f 589//589 1416//1416 1145//1145
f 1019//1019 887//887 1086//1086
f 505//505 1420//1420 1137//1137
f 1305//1305 261//261 257//257
f 457//457 393//393 53//53
f 58//58 1328//1328 135//135
f 712//712 1093//1093 260//260
f 1197//1197 1434//1434 911//911
f 647//647 382//382 1388//1388
f 358//358 337//337 207//207
f 150//150 1513//1513 268//268
f 1226//1226 1375//1375 1173//1173
f 303//303 836//836 312//312
f 1070//1070 149//149 800//800
f 1306//1306 562//562 1100//1100
f 89//89 272//272 273//273
f 299//299 1321//1321 276//276
f 549//549 674//674 713//713
f 864//864 796//796 1213//1213
f 1320//1320 57//57 340//340
f 33//33 1237//1237 761//761
f 568//568 450//450 1242//1242
f 949//949 737//737 359//359
f 854//854 931//931 229//229
f 931//931 821//821 229//229
f 41//41 405//405 1180//1180
f 314//314 315//315 785//785
f 661//661 708//708 1094//1094
f 574//574 10//10 1172//1172
f 155//155 564//564 10//10
f 1107//1107 872//872 1131//1131
f 1433//1433 769//769 1098//1098
f 769//769 1433//1433 81//81
f 1224//1224 720//720 623//623
f 959//959 1306//1306 253//253
f 594//594 852//852 292//292
f 1049//1049 1288//1288 168//168
f 961//961 514//514 340//340
f 758//758 139//139 293//293
f 1169//1169 835//835 296//296
f 946//946 488//488 1273//1273
f 1339//1339 5//5 834//834
f 822//822 481//481 1240//1240
f 1174//1174 1381//1381 968//968
f 971//971 1141//1141 919//919
f 1340//1340 411//411 806//806
f 912//912 407//407 598//598
f 802//802 306//306 174//174
f 1566//1566 651//651 697//697
f 642//642 163//163 1347//1347
f 1087//1087 310//310 399//399
f 1087//1087 1371//1371 201//201
f 1140//1140 879//879 1254//1254
f 789//789 780//780 315//315
f 909//909 876//876 779//779
f 605//605 1240//1240 445//445
f 1333//1333 695//695 683//683
f 321//321 911//911 1032//1032
f 177//177 1366//1366 922//922
f 360//360 1027//1027 285//285
f 819//819 324//324 1071//1071
f 1170//1170 28//28 1066//1066
f 5//5 473//473 1069//1069
f 1110//1110 328//328 1414//1414
f 1185//1185 1432//1432 1088//1088
f 93//93 160//160 653//653
f 968//968 791//791 143//143
f 889//889 427//427 862//862
f 1417//1417 1286//1286 124//124
f 1128//1128 583//583 599//599
f 1399//1399 701//701 1508//1508
f 289//289 1379//1379 126//126
f 1092//1092 126//126 1379//1379
f 212//212 551//551 635//635
f 812//812 1353//1353 334//334
f 1382//1382 134//134 1052//1052
f 519//519 1463//1463 1515//1515
f 688//688 773//773 1187//1187
f 100//100 141//141 222//222
f 340//340 1328//1328 961//961
f 1263//1263 368//368 1264//1264
f 863//863 692//692 945//945
f 1397//1397 14//14 762//762
f 392//392 236//236 24//24
f 960//960 1062//1062 176//176
f 1065//1065 557//557 346//346
f 1275//1275 787//787 385//385
f 1441//1441 981//981 1132//1132
f 981//981 4//4 1132//1132
f 1229//1229 123//123 81//81
f 1138//1138 1099//1099 547//547
f 1204//1204 621//621 482//482
f 1383//1383 602//602 759//759
f 357//357 916//916 1365//1365
f 317//317 1392//1392 161//161
f 645//645 345//345 762//762
f 616//616 562//562 1306//1306
f 902//902 1221//1221 363//363
f 365//365 188//188 970//970
f 287//287 188//188 365//365
f 1189//1189 1302//1302 367//367
f 779//779 1341//1341 368//368
f 535//535 613//613 114//114
f 254//254 1057//1057 1417//1417
f 861//861 1473//1473 1461//1461
f 86//86 1150//1150 923//923
f 858//858 83//83 335//335
f 1208//1208 376//376 305//305
f 1142//1142 263//263 378//378
f 1142//1142 1294//1294 979//979
f 1279//1279 196//196 1111//1111
f 21//21 1279//1279 1111//1111
f 1218//1218 624//624 1350//1350
f 1114//1114 693//693 1169//1169
f 1054//1054 379//379 731//731
f 391//391 435//435 682//682
f 929//929 820//820 602//602
f 1145//1145 395//395 325//325
f 1200//1200 1038//1038 1201//1201
f 396//396 223//223 58//58
f 712//712 1348//1348 169//169
f 552//552 259//259 1039//1039
f 1406//1406 403//403 27//27
f 1406//1406 27//27 1046//1046
f 1429//1429 1406//1406 1046//1046
f 464//464 1304//1304 1017//1017
f 117//117 206//206 607//607
f 1160//1160 743//743 1165//1165
f 785//785 743//743 1160//1160
f 760//760 226//226 225//225
f 936//936 719//719 170//170
f 251//251 1232//1232 1202//1202
f 43//43 949//949 359//359
f 658//658 681//681 469//469
f 608//608 125//125 553//553
f 1060//1060 581//581 8//8
f 95//95 419//419 1176//1176
f 1184//1184 552//552 1039//1039
f 248//248 1071//1071 324//324
f 834//834 5//5 1069//1069
f 1046//1046 27//27 543//543
f 125//125 1260//1260 1256//1256
f 977//977 628//628 91//91
f 1311//1311 1053//1053 92//92
f 941//941 1081//1081 1012//1012
f 1402//1402 1018//1018 406//406
f 556//556 422//422 1307//1307
f 22//22 111//111 1270//1270
f 469//469 122//122 1301//1301
f 1008//1008 2//2 1089//1089
f 146//146 426//426 501//501
f 1295//1295 1427//1427 276//276
f 593//593 630//630 191//191
f 429//429 782//782 20//20
f 1365//1365 808//808 357//357
f 961//961 1033//1033 1192//1192
f 1224//1224 1471//1471 233//233
f 436//436 1426//1426 1395//1395
f 912//912 1047//1047 407//407
f 1424//1424 904//904 597//597
f 1067//1067 1285//1285 714//714
f 1287//1287 176//176 1062//1062
f 1486//1486 379//379 1054//1054
f 508//508 341//341 1238//1238
f 1401//1401 75//75 890//890
f 448//448 1258//1258 1234//1234
f 1396//1396 682//682 832//832
f 665//665 686//686 418//418
f 408//408 544//544 1182//1182
f 1033//1033 961//961 58//58
f 588//588 927//927 851//851
f 1368//1368 1399//1399 419//419
f 538//538 698//698 249//249
f 1240//1240 90//90 445//445
f 1264//1264 207//207 337//337
f 1249//1249 242//242 913//913
f 952//952 1114//1114 801//801
f 826//826 375//375 998//998
f 776//776 665//665 418//418
f 545//545 465//465 291//291
f 1130//1130 1170//1170 400//400
f 697//697 361//361 693//693
f 1343//1343 384//384 719//719
f 260//260 97//97 66//66
f 1432//1432 1347//1347 476//476
f 1425//1425 617//617 586//586
f 1351//1351 1182//1182 544//544
f 1088//1088 476//476 766//766
f 835//835 1169//1169 192//192
f 675//675 168//168 17//17
f 484//484 754//754 703//703
f 976//976 487//487 486//486
f 994//994 829//829 438//438
f 744//744 262//262 494//494
f 494//494 262//262 824//824
f 1030//1030 1261//1261 705//705
f 628//628 1117//1117 288//288
f 1346//1346 295//295 1308//1308
f 751//751 1546//1546 871//871
f 699//699 171//171 499//499
f 128//128 906//906 661//661
f 1242//1242 152//152 1250//1250
f 741//741 17//17 1335//1335
f 927//927 765//765 851//851
f 264//264 942//942 1291//1291
f 740//740 505//505 616//616
f 1435//1435 148//148 192//192
f 782//782 429//429 286//286
f 595//595 339//339 658//658
f 77//77 751//751 121//121
f 512//512 1092//1092 252//252
f 1332//1332 1191//1191 491//491
f 425//425 1230//1230 1290//1290
f 1230//1230 425//425 855//855
f 151//151 108//108 101//101
f 717//717 1022//1022 811//811
f 14//14 1207//1207 518//518
f 122//122 695//695 1333//1333
f 649//649 1022//1022 1249//1249
f 178//178 1423//1423 1442//1442
f 982//982 671//671 1013//1013
f 397//397 643//643 247//247
f 678//678 1107//1107 500//500
f 130//130 942//942 264//264
f 883//883 439//439 706//706
f 1218//1218 1251//1251 443//443
f 136//136 940//940 135//135
f 1359//1359 927//927 742//742
f 53//53 531//531 427//427
f 350//350 172//172 832//832
f 590//590 1007//1007 377//377
f 1004//1004 1038//1038 356//356
f 1155//1155 1118//1118 195//195
f 156//156 464//464 925//925
f 1411//1411 344//344 142//142
f 1402//1402 837//837 158//158
f 1026//1026 1020//1020 850//850
f 1236//1236 706//706 547//547
f 46//46 1157//1157 348//348
f 1275//1275 1243//1243 550//550
f 763//763 1355//1355 948//948
f 1487//1487 558//558 1510//1510
f 849//849 518//518 1207//1207
f 844//844 807//807 79//79
f 54//54 555//555 424//424
f 978//978 43//43 56//56
f 348//348 870//870 846//846
f 481//481 1302//1302 109//109
f 325//325 985//985 1422//1422
f 437//437 1424//1424 714//714
f 936//936 170//170 565//565
f 562//562 1006//1006 983//983
f 107//107 757//757 917//917
f 429//429 1373//1373 286//286
f 282//282 30//30 554//554
f 944//944 13//13 1386//1386
f 242//242 734//734 142//142
f 580//580 1355//1355 318//318
f 914//914 1026//1026 416//416
f 415//415 21//21 1111//1111
f 94//94 717//717 662//662
f 1442//1442 1058//1058 178//178
f 588//588 1017//1017 1075//1075
f 145//145 600//600 511//511
f 1123//1123 411//411 216//216
f 502//502 32//32 1362//1362
f 1247//1247 1224//1224 639//639
f 1095//1095 148//148 945//945
f 812//812 1303//1303 577//577
f 599//599 583//583 1305//1305
f 1066//1066 424//424 555//555
f 44//44 133//133 865//865
f 223//223 589//589 1307//1307
f 107//107 1191//1191 1156//1156
f 1121//1121 1310//1310 412//412
f 996//996 1541//1541 351//351
f 1108//1108 696//696 337//337
f 208//208 659//659 1259//1259
f 532//532 262//262 744//744
f 206//206 896//896 607//607
f 25//25 590//590 334//334
f 938//938 196//196 876//876
f 938//938 876//876 909//909
f 988//988 304//304 1114//1114
f 68//68 368//368 1341//1341
f 68//68 1264//1264 368//368
f 285//285 1027//1027 510//510
f 1005//1005 1097//1097 849//849
f 121//121 1312//1312 77//77
f 738//738 332//332 618//618
f 619//619 524//524 1166//1166
f 1470//1470 797//797 65//65
f 829//829 517//517 1136//1136
f 626//626 440//440 1366//1366
f 1009//1009 349//349 663//663
f 411//411 1123//1123 806//806
f 402//402 634//634 284//284
f 1245//1245 1011//1011 135//135
f 636//636 1192//1192 1033//1033
f 476//476 1347//1347 163//163
f 1349//1349 1008//1008 637//637
f 1301//1301 841//841 995//995
f 734//734 1249//1249 888//888
f 643//643 1084//1084 247//247
f 312//312 639//639 313//313
f 122//122 469//469 681//681
f 642//642 162//162 163//163
f 667//667 821//821 16//16
f 1040//1040 1156//1156 1191//1191
f 376//376 1190//1190 646//646
f 1334//1334 646//646 1190//1190
f 1125//1125 648//648 601//601
f 768//768 169//169 1348//1348
f 13//13 944//944 1223//1223
f 707//707 480//480 899//899
f 1141//1141 513//513 652//652
f 1439//1439 372//372 127//127
f 1269//1269 1253//1253 566//566
f 1253//1253 1269//1269 347//347
f 402//402 284//284 1010//1010
f 1127//1127 1002//1002 184//184
f 1392//1392 381//381 442//442
f 18//18 1350//1350 624//624
f 1193//1193 535//535 669//669
f 1193//1193 389//389 137//137
f 930//930 990//990 1025//1025
f 1387//1387 667//667 1343//1343
f 958//958 389//389 669//669
f 1233//1233 1122//1122 9//9
f 1013//1013 671//671 434//434
f 485//485 756//756 1125//1125
f 672//672 154//154 1542//1542
f 363//363 1221//1221 1154//1154
f 586//586 716//716 1358//1358
f 482//482 109//109 578//578
f 385//385 377//377 1535//1535
f 1482//1482 84//84 738//738
f 1160//1160 1165//1165 1562//1562
f 1158//1158 213//213 1370//1370
f 1472//1472 1494//1494 307//307
f 871//871 1546//1546 609//609
f 501//501 426//426 944//944
f 629//629 1331//1331 360//360
f 679//679 692//692 1314//1314
f 20//20 980//980 922//922
f 831//831 1405//1405 970//970
f 23//23 1270//1270 1412//1412
f 43//43 506//506 1386//1386
f 1399//1399 1368//1368 701//701
f 1411//1411 699//699 700//700
f 1385//1385 1467//1467 112//112
f 734//734 242//242 1249//1249
f 72//72 523//523 430//430
f 1099//1099 1267//1267 1198//1198
f 1252//1252 770//770 716//716
f 708//708 661//661 884//884
f 718//718 463//463 923//923
f 696//696 1264//1264 337//337
f 721//721 83//83 858//858
f 1021//1021 1146//1146 165//165
f 1038//1038 1004//1004 1201//1201
f 104//104 1//1 36//36
f 877//877 374//374 1000//1000
f 1439//1439 382//382 372//372
f 1169//1169 800//800 801//801
f 788//788 1116//1116 277//277
f 404//404 536//536 840//840
f 192//192 1095//1095 955//955
f 346//346 375//375 1065//1065
f 796//796 1042//1042 569//569
f 796//796 569//569 1211//1211
f 299//299 885//885 1321//1321
f 1317//1317 327//327 130//130
f 747//747 130//130 327//327
f 429//429 856//856 527//527
f 140//140 69//69 753//753
f 637//637 1072//1072 397//397
f 1150//1150 86//86 87//87
f 336//336 37//37 936//936
f 641//641 1396//1396 552//552
f 1174//1174 328//328 1110//1110
f 1119//1119 536//536 189//189
f 136//136 135//135 539//539
f 1135//1135 279//279 407//407
f 32//32 761//761 794//794
f 906//906 955//955 1095//1095
f 953//953 298//298 1050//1050
f 1132//1132 1275//1275 636//636
f 183//183 766//766 1118//1118
f 635//635 1053//1053 1239//1239
f 1441//1441 991//991 223//223
f 1512//1512 1344//1344 1342//1342
f 1433//1433 1098//1098 610//610
f 646//646 366//366 402//402
f 512//512 252//252 940//940
f 970//970 1039//1039 365//365
f 1265//1265 1518//1518 1525//1525
f 600//600 709//709 119//119
f 784//784 639//639 312//312
f 852//852 594//594 309//309
f 778//778 1349//1349 185//185
f 1003//1003 1079//1079 994//994
f 929//929 440//440 932//932
f 882//882 932//932 440//440
f 779//779 813//813 1341//1341
f 700//700 344//344 1411//1411
f 251//251 1074//1074 1232//1232
f 1213//1213 796//796 1211//1211
f 132//132 48//48 1091//1091
f 1091//1091 702//702 132//132
f 760//760 225//225 159//159
f 1172//1172 1131//1131 1339//1339
f 1036//1036 441//441 221//221
f 579//579 1186//1186 1086//1086
f 1422//1422 985//985 1318//1318
f 547//547 1356//1356 881//881
f 27//27 620//620 26//26
f 801//801 800//800 149//149
f 1031//1031 1165//1165 417//417
f 525//525 733//733 607//607
f 81//81 123//123 1098//1098
f 193//193 939//939 998//998
f 46//46 896//896 1281//1281
f 1415//1415 1191//1191 1332//1332
f 900//900 1085//1085 1144//1144
f 1406//1406 1410//1410 403//403
f 1325//1325 1012//1012 1081//1081
f 968//968 1286//1286 1417//1417
f 97//97 260//260 1244//1244
f 120//120 53//53 393//393
f 662//662 717//717 811//811
f 1477//1477 1161//1161 1115//1115
f 470//470 80//80 814//814
f 165//165 815//815 375//375
f 1542//1542 357//357 808//808
f 16//16 821//821 1061//1061
f 718//718 944//944 1398//1398
f 637//637 1008//1008 1089//1089
f 68//68 343//343 1076//1076
f 527//527 526//526 1263//1263
f 1119//1119 494//494 824//824
f 1083//1083 1150//1150 493//493
f 1435//1435 166//166 148//148
f 148//148 387//387 945//945
f 855//855 425//425 1237//1237
f 267//267 1336//1336 1297//1297
f 798//798 1485//1485 1054//1054
f 835//835 955//955 372//372
f 414//414 979//979 840//840
f 363//363 1154//1154 1193//1193
f 1057//1057 335//335 1106//1106
f 785//785 869//869 314//314
f 253//253 1306//1306 1100//1100
f 842//842 1318//1318 556//556
f 843//843 209//209 873//873
f 135//135 1328//1328 539//539
f 901//901 324//324 1319//1319
f 545//545 630//630 1167//1167
f 486//486 756//756 485//485
f 379//379 200//200 731//731
f 200//200 55//55 731//731
f 1163//1163 1042//1042 650//650
f 848//848 205//205 743//743
f 1021//1021 774//774 656//656
f 579//579 887//887 962//962
f 500//500 113//113 678//678
f 1289//1289 1473//1473 1538//1538
f 866//866 1308//1308 295//295
f 912//912 598//598 211//211
f 51//51 594//594 292//292
f 1102//1102 382//382 871//871
f 271//271 1230//1230 855//855
f 739//739 872//872 678//678
f 1506//1506 515//515 1470//1470
f 599//599 1282//1282 388//388
f 388//388 1128//1128 599//599
f 1206//1206 94//94 243//243
f 42//42 889//889 862//862
f 362//362 1438//1438 1274//1274
f 387//387 863//863 945//945
f 1254//1254 879//879 31//31
f 1136//1136 292//292 852//852
f 126//126 443//443 867//867
f 1563//1563 478//478 816//816
f 1034//1034 868//868 747//747
f 213//213 889//889 627//627
f 566//566 1004//1004 793//793
f 1337//1337 259//259 172//172
f 638//638 738//738 875//875
f 875//875 738//738 84//84
f 1214//1214 833//833 1043//1043
f 1584//1584 999//999 824//824
f 401//401 1252//1252 586//586
f 586//586 1252//1252 716//716
f 361//361 697//697 1256//1256
f 717//717 888//888 1249//1249
f 1374//1374 555//555 54//54
f 1143//1143 400//400 886//886
f 934//934 211//211 37//37
f 632//632 454//454 1394//1394
f 939//939 55//55 1357//1357
f 351//351 1498//1498 451//451
f 565//565 170//170 1437//1437
f 950//950 18//18 273//273
f 1384//1384 784//784 119//119
f 725//725 707//707 899//899
f 801//801 725//725 899//899
f 474//474 677//677 1152//1152
f 88//88 214//214 1428//1428
f 146//146 915//915 426//426
f 1102//1102 1280//1280 382//382
f 549//549 1010//1010 129//129
f 331//331 349//349 1227//1227
f 252//252 1245//1245 135//135
f 203//203 993//993 391//391
f 905//905 1368//1368 419//419
f 783//783 818//818 1213//1213
f 715//715 475//475 1400//1400
f 467//467 883//883 1564//1564
f 795//795 1428//1428 817//817
f 395//395 1241//1241 325//325
f 455//455 512//512 940//940
f 444//444 1396//1396 641//641
f 911//911 1434//1434 930//930
f 409//409 1123//1123 216//216
f 1073//1073 652//652 277//277
f 109//109 482//482 1035//1035
f 158//158 702//702 39//39
f 1155//1155 195//195 445//445
f 1029//1029 287//287 1337//1337
f 1393//1393 315//315 314//314
f 1393//1393 789//789 315//315
f 101//101 596//596 703//703
f 596//596 101//101 1325//1325
f 910//910 1047//1047 454//454
f 43//43 359//359 506//506
f 1487//1487 1510//1510 1195//1195
f 913//913 242//242 48//48
f 575//575 901//901 883//883
f 1369//1369 746//746 306//306
f 334//334 590//590 787//787
f 1354//1354 1274//1274 42//42
f 1204//1204 578//578 790//790
f 408//408 1313//1313 544//544
f 1495//1495 1474//1474 809//809
f 913//913 1440//1440 649//649
f 913//913 48//48 1440//1440
f 184//184 144//144 280//280
f 937//937 1496//1496 160//160
f 245//245 332//332 638//638
f 1420//1420 176//176 1287//1287
f 708//708 38//38 121//121
f 652//652 452//452 788//788
f 850//850 241//241 971//971
f 753//753 69//69 1330//1330
f 969//969 40//40 1520//1520
f 880//880 1297//1297 279//279
f 626//626 591//591 1436//1436
f 413//413 189//189 784//784
f 1322//1322 358//358 571//571
f 1359//1359 964//964 548//548
f 177//177 1126//1126 491//491
f 980//980 1126//1126 177//177
f 1415//1415 1332//1332 1507//1507
f 758//758 214//214 1272//1272
f 599//599 1305//1305 257//257
f 1153//1153 926//926 489//489
f 1224//1224 623//623 1471//1471
f 639//639 1224//1224 233//233
f 911//911 321//321 1011//1011
f 1164//1164 350//350 832//832
f 422//422 556//556 767//767
f 715//715 1400//1400 509//509
f 613//613 17//17 114//114
f 1153//1153 870//870 1157//1157
f 1376//1376 935//935 222//222
f 1196//1196 662//662 804//804
f 1240//1240 480//480 707//707
f 84//84 969//969 316//316
f 56//56 412//412 963//963
f 601//601 202//202 310//310
f 604//604 976//976 1022//1022
f 663//663 331//331 975//975
f 375//375 815//815 1065//1065
f 37//37 336//336 934//934
f 1271//1271 1241//1241 395//395
f 1078//1078 1162//1162 113//113
f 706//706 439//439 1203//1203
f 34//34 103//103 1144//1144
f 250//250 1359//1359 918//918
f 863//863 217//217 1148//1148
f 198//198 905//905 79//79
f 952//952 988//988 1114//1114
f 1049//1049 1270//1270 1288//1288
f 370//370 6//6 1257//1257
f 325//325 1241//1241 467//467
f 337//337 358//358 1108//1108
f 1345//1345 203//203 867//867
f 673//673 1268//1268 1278//1278
f 736//736 1019//1019 1346//1346
f 68//68 207//207 1264//1264
f 1275//1275 4//4 1243//1243
f 32//32 1101//1101 1363//1363
f 386//386 275//275 1196//1196
f 629//629 360//360 222//222
f 625//625 275//275 32//32
f 338//338 703//703 596//596
f 114//114 17//17 741//741
f 1370//1370 1438//1438 362//362
f 525//525 1461//1461 1289//1289
f 776//776 730//730 1112//1112
f 526//526 779//779 368//368
f 291//291 1419//1419 282//282
f 1003//1003 569//569 410//410
f 1069//1069 452//452 1152//1152
f 897//897 1006//1006 570//570
f 1223//1223 718//718 1150//1150
f 93//93 653//653 1311//1311
f 1091//1091 242//242 142//142
f 753//753 205//205 685//685
f 38//38 1340//1340 1312//1312
f 3//3 326//326 496//496
f 1427//1427 1295//1295 839//839
f 1078//1078 500//500 561//561
f 561//561 500//500 1107//1107
f 771//771 528//528 1188//1188
f 270//270 1015//1015 768//768
f 1187//1187 234//234 1016//1016
f 1021//1021 1020//1020 774//774
f 491//491 1191//1191 107//107
f 727//727 308//308 1536//1536
f 322//322 823//823 294//294
f 774//774 1020//1020 1026//1026
f 382//382 1280//1280 1388//1388
f 69//69 407//407 1047//1047
f 1571//1571 1397//1397 1360//1360
f 1292//1292 1248//1248 72//72
f 862//862 70//70 1178//1178
f 1291//1291 942//942 224//224
f 746//746 110//110 306//306
f 716//716 508//508 1238//1238
f 1494//1494 231//231 210//210
f 229//229 821//821 1387//1387
f 348//348 846//846 631//631
f 217//217 387//387 319//319
f 985//985 173//173 1318//1318
f 112//112 1382//1382 603//603
f 865//865 288//288 446//446
f 723//723 354//354 1040//1040
f 307//307 98//98 686//686
f 1373//1373 527//527 1263//1263
f 987//987 997//997 1457//1457
f 1045//1045 1046//1046 157//157
f 598//598 749//749 199//199
f 744//744 494//494 413//413
f 1032//1032 911//911 1025//1025
f 1332//1332 491//491 1126//1126
f 1384//1384 119//119 118//118
f 119//119 709//709 118//118
f 256//256 505//505 1137//1137
f 632//632 910//910 454//454
f 619//619 1166//1166 373//373
f 1215//1215 129//129 1010//1010
f 62//62 504//504 947//947
f 818//818 91//91 628//628
f 909//909 779//779 526//526
f 918//918 548//548 882//882
f 530//530 555//555 1374//1374
f 507//507 231//231 230//230
f 211//211 655//655 37//37
f 1394//1394 454//454 238//238
f 1401//1401 890//890 1061//1061
f 414//414 840//840 541//541
f 26//26 566//566 793//793
f 1266//1266 919//919 670//670
f 938//938 974//974 415//415
f 1272//1272 415//415 974//974
f 1276//1276 711//711 255//255
f 863//863 1148//1148 692//692
f 1393//1393 314//314 371//371
f 1206//1206 62//62 1068//1068
f 832//832 682//682 435//435
f 421//421 774//774 1026//1026
f 338//338 186//186 657//657
f 123//123 234//234 298//298
f 1073//1073 919//919 1141//1141
f 175//175 666//666 233//233
f 1166//1166 147//147 560//560
f 668//668 1217//1217 76//76
f 1012//1012 38//38 941//941
f 1063//1063 647//647 1388//1388
f 296//296 835//835 567//567
f 1401//1401 563//563 456//456
f 360//360 1331//1331 1027//1027
f 699//699 61//61 700//700
f 1338//1338 152//152 1295//1295
f 841//841 1301//1301 1333//1333
f 458//458 1390//1390 805//805
f 454//454 912//912 238//238
f 1241//1241 1271//1271 967//967
f 757//757 362//362 1274//1274
f 128//128 1094//1094 752//752
f 1313//1313 73//73 663//663
f 944//944 426//426 1398//1398
f 51//51 521//521 388//388
f 358//358 1322//1322 45//45
f 11//11 1443//1443 1310//1310
f 32//32 1363//1363 1362//1362
f 300//300 122//122 681//681
f 1104//1104 301//301 1565//1565
f 1049//1049 168//168 675//675
f 1313//1313 520//520 544//544
f 1399//1399 320//320 1210//1210
f 153//153 1309//1309 1583//1583
f 1583//1583 1309//1309 997//997
f 1097//1097 828//828 849//849
f 1116//1116 788//788 839//839
f 1031//1031 1394//1394 1467//1467
f 417//417 1394//1394 1031//1031
f 261//261 397//397 1072//1072
f 973//973 183//183 1259//1259
f 94//94 662//662 1196//1196
f 179//179 1171//1171 187//187
f 131//131 541//541 1119//1119
f 606//606 1536//1536 245//245
f 638//638 332//332 738//738
f 401//401 1090//1090 1252//1252
f 1422//1422 1318//1318 842//842
f 942//942 747//747 868//868
f 951//951 1366//1366 929//929
f 322//322 791//791 1367//1367
f 968//968 1367//1367 791//791
f 588//588 1075//1075 339//339
f 601//601 310//310 1413//1413
f 1157//1157 926//926 1153//1153
f 157//157 1513//1513 1045//1045
f 1041//1041 474//474 1152//1152
f 876//876 197//197 813//813
f 448//448 1257//1257 1258//1258
f 620//620 1269//1269 566//566
f 1452//1452 1326//1326 1484//1484
f 1366//1366 1133//1133 626//626
f 357//357 154//154 1208//1208
f 1023//1023 880//880 1135//1135
f 512//512 622//622 126//126
f 1324//1324 856//856 20//20
f 585//585 369//369 237//237
f 972//972 462//462 1326//1326
f 1294//1294 378//378 138//138
f 218//218 1254//1254 220//220
f 218//218 220//220 1096//1096
f 438//438 309//309 698//698
f 640//640 1228//1228 589//589
f 920//920 938//938 909//909
f 59//59 1397//1397 1571//1571
f 48//48 914//914 1440//1440
f 639//639 233//233 313//313
f 1263//1263 1423//1423 1373//1373
f 1302//1302 578//578 109//109
f 1042//1042 410//410 569//569
f 1159//1159 165//165 375//375
f 729//729 461//461 392//392
f 1051//1051 1050//1050 644//644
f 384//384 657//657 719//719
f 698//698 309//309 594//594
f 874//874 537//537 1287//1287
f 710//710 516//516 441//441
f 582//582 1531//1531 549//549
f 75//75 1401//1401 35//35
f 661//661 1314//1314 884//884
f 200//200 574//574 1172//1172
f 1099//1099 763//763 1267//1267
f 1261//1261 982//982 1013//1013
f 1047//1047 910//910 1330//1330
f 1066//1066 489//489 424//424
f 777//777 540//540 98//98
f 214//214 817//817 1428//1428
f 92//92 1429//1429 1045//1045
f 1363//1363 465//465 1362//1362
f 497//497 498//498 354//354
f 1238//1238 497//497 354//354
f 221//221 585//585 1540//1540
f 922//922 1366//1366 1129//1129
f 131//131 414//414 541//541
f 673//673 322//322 294//294
f 844//844 1360//1360 807//807
f 1250//1250 152//152 1338//1338
f 667//667 384//384 1343//1343
f 1171//1171 1243//1243 187//187
f 75//75 1375//1375 1255//1255
f 1375//1375 1226//1226 1255//1255
f 240//240 1239//1239 7//7
f 101//101 108//108 398//398
f 1026//1026 914//914 421//421
f 1315//1315 668//668 999//999
f 251//251 1568//1568 1199//1199
f 321//321 1032//1032 1184//1184
f 752//752 127//127 128//128
f 1162//1162 584//584 1083//1083
f 421//421 837//837 1402//1402
f 288//288 477//477 986//986
f 797//797 665//665 19//19
f 1290//1290 709//709 499//499
f 94//94 888//888 717//717
f 689//689 1284//1284 1283//1283
f 886//886 1413//1413 310//310
f 299//299 276//276 473//473
f 103//103 900//900 1144//1144
f 1062//1062 471//471 1446//1446
f 205//205 753//753 1330//1330
f 505//505 740//740 255//255
f 765//765 927//927 250//250
f 976//976 546//546 811//811
f 562//562 983//983 775//775
f 531//531 710//710 925//925
f 600//600 145//145 499//499
f 1079//1079 410//410 1190//1190
f 1405//1405 396//396 321//321
f 552//552 1184//1184 1032//1032
f 514//514 1192//1192 453//453
f 247//247 1265//1265 185//185
f 896//896 206//206 654//654
f 1382//1382 112//112 134//134
f 1462//1462 581//581 1060//1060
f 1013//1013 926//926 1281//1281
f 624//624 273//273 18//18
f 1000//1000 374//374 215//215
f 633//633 522//522 1409//1409
f 1540//1540 1064//1064 156//156
f 1113//1113 1195//1195 1510//1510
f 243//243 275//275 625//625
f 331//331 1227//1227 539//539
f 1383//1383 758//758 293//293
f 397//397 261//261 610//610
f 1199//1199 1567//1567 804//804
f 1019//1019 736//736 887//887
f 1398//1398 423//423 450//450
f 319//319 170//170 217//217
f 1042//1042 1163//1163 410//410
f 309//309 438//438 852//852
f 1313//1313 1185//1185 73//73
f 1332//1332 286//286 1507//1507
f 1339//1339 834//834 677//677
f 466//466 1028//1028 343//343
f 502//502 1362//1362 1167//1167
f 1104//1104 1391//1391 301//301
f 1459//1459 1481//1481 1001//1001
f 1506//1506 1470//1470 1481//1481
f 52//52 39//39 1293//1293
f 1201//1201 1253//1253 1080//1080
f 1004//1004 1253//1253 1201//1201
f 558//558 1462//1462 1060//1060
f 642//642 15//15 162//162
f 192//192 148//148 1095//1095
f 1006//1006 897//897 1262//1262
f 173//173 1243//1243 4//4
f 1490//1490 1209//1209 528//528
f 1197//1197 289//289 1434//1434
f 1396//1396 172//172 259//259
f 106//106 982//982 1377//1377
f 1410//1410 1406//1406 1429//1429
f 1144//1144 866//866 1431//1431
f 139//139 974//974 1324//1324
f 419//419 1399//1399 1210//1210
f 1285//1285 892//892 1442//1442
f 493//493 87//87 1321//1321
f 1321//1321 885//885 493//493
f 420//420 475//475 755//755
f 71//71 571//571 1028//1028
f 1580//1580 1456//1456 1587//1587
f 55//55 1172//1172 1339//1339
f 1214//1214 1043//1043 935//935
f 1363//1363 1101//1101 103//103
f 257//257 261//261 534//534
f 249//249 698//698 594//594
f 313//313 116//116 303//303
f 493//493 739//739 1083//1083
f 557//557 795//795 193//193
f 1177//1177 1248//1248 705//705
f 982//982 1030//1030 1377//1377
f 836//836 600//600 119//119
f 63//63 935//935 1222//1222
f 15//15 605//605 162//162
f 890//890 728//728 16//16
f 1286//1286 968//968 472//472
f 1109//1109 287//287 350//350
f 1262//1262 897//897 1353//1353
f 308//308 374//374 877//877
f 628//628 977//977 1117//1117
f 202//202 601//601 1454//1454
f 977//977 91//91 52//52
f 100//100 222//222 409//409
f 1062//1062 960//960 471//471
f 805//805 359//359 458//458
f 209//209 874//874 143//143
f 685//685 732//732 6//6
f 1432//1432 537//537 874//874
f 1227//1227 455//455 136//136
f 315//315 780//780 848//848
f 254//254 858//858 1057//1057
f 180//180 998//998 1357//1357
f 635//635 1239//1239 1082//1082
f 689//689 214//214 1284//1284
f 973//973 1009//1009 183//183
f 679//679 661//661 906//906
f 233//233 666//666 313//313
f 229//229 1387//1387 1134//1134
f 351//351 1233//1233 996//996
f 332//332 877//877 618//618
f 847//847 759//759 820//820
f 1225//1225 1055//1055 1278//1278
f 209//209 843//843 367//367
f 1370//1370 213//213 627//627
f 248//248 50//50 1071//1071
f 164//164 466//466 342//342
f 79//79 807//807 460//460
f 268//268 1513//1513 157//157
f 1442//1442 674//674 1058//1058
f 327//327 1034//1034 747//747
f 1161//1161 1477//1477 886//886
f 431//431 405//405 144//144
f 1076//1076 1028//1028 571//571
f 1271//1271 1200//1200 967//967
f 649//649 1440//1440 907//907
f 649//649 907//907 604//604
f 628//628 133//133 818//818
f 1184//1184 1405//1405 321//321
f 1125//1125 756//756 648//648
f 321//321 396//396 1011//1011
f 62//62 1206//1206 504//504
f 1083//1083 584//584 1150//1150
f 384//384 667//667 484//484
f 66//66 483//483 1348//1348
f 1201//1201 244//244 1200//1200
f 1156//1156 757//757 107//107
f 1194//1194 47//47 760//760
f 1251//1251 867//867 443//443
f 407//407 772//772 598//598
f 211//211 854//854 655//655
f 164//164 161//161 466//466
f 1085//1085 866//866 1144//1144
f 361//361 1256//1256 110//110
f 1259//1259 659//659 973//973
f 857//857 1390//1390 915//915
f 1229//1229 1128//1128 521//521
f 1283//1283 535//535 114//114
f 1083//1083 739//739 113//113
f 324//324 534//534 1319//1319
f 1156//1156 1040//1040 810//810
f 929//929 1366//1366 440//440
f 1473//1473 861//861 1478//1478
f 948//948 1317//1317 130//130
f 948//948 130//130 983//983
f 1216//1216 29//29 64//64
f 1226//1226 672//672 1255//1255
f 804//804 1074//1074 1199//1199
f 786//786 573//573 173//173
f 551//551 1429//1429 92//92
f 408//408 537//537 1313//1313
f 465//465 103//103 34//34
f 465//465 1363//1363 103//103
f 1423//1423 178//178 1373//1373
f 81//81 1098//1098 769//769
f 435//435 391//391 993//993
f 1012//1012 1340//1340 38//38
f 796//796 1220//1220 1042//1042
f 449//449 1109//1109 1533//1533
f 762//762 14//14 645//645
f 1232//1232 485//485 1469//1469
f 1281//1281 896//896 654//654
f 228//228 1201//1201 684//684
f 228//228 244//244 1201//1201
f 833//833 45//45 1043//1043
f 237//237 1105//1105 167//167
f 1149//1149 118//118 1230//1230
f 883//883 901//901 439//439
f 437//437 714//714 1214//1214
f 888//888 94//94 1206//1206
f 1467//1467 134//134 112//112
f 1090//1090 1180//1180 559//559
f 732//732 780//780 825//825
f 1078//1078 113//113 500//500
f 776//776 540//540 1139//1139
f 469//469 902//902 137//137
f 1369//1369 166//166 746//746
f 673//673 1414//1414 1268//1268
f 1537//1537 775//775 1291//1291
f 296//296 800//800 1169//1169
f 1356//1356 898//898 881//881
f 898//898 573//573 881//881
f 575//575 467//467 967//967
f 467//467 1241//1241 967//967
f 1029//1029 1337//1337 172//172
f 605//605 209//209 367//367
f 673//673 1278//1278 576//576
f 763//763 1099//1099 1458//1458
f 867//867 219//219 289//289
f 1097//1097 1005//1005 341//341
f 850//850 416//416 1026//1026
f 958//958 964//964 389//389
f 813//813 197//197 342//342
f 369//369 1342//1342 1105//1105
f 35//35 994//994 1079//1079
f 989//989 96//96 532//532
f 974//974 139//139 1272//1272
f 291//291 465//465 676//676
f 442//442 161//161 1392//1392
f 199//199 830//830 232//232
f 1153//1153 64//64 846//846
f 1216//1216 1056//1056 29//29
f 618//618 687//687 1482//1482
f 1061//1061 821//821 931//931
f 1296//1296 1141//1141 971//971
f 1576//1576 1112//1112 878//878
f 497//497 341//341 1005//1005
f 1292//1292 1419//1419 1248//1248
f 1114//1114 1169//1169 801//801
f 1418//1418 102//102 1488//1488
f 390//390 159//159 845//845
f 412//412 13//13 584//584
f 649//649 1249//1249 913//913
f 552//552 1032//1032 641//641
f 630//630 33//33 1167//1167
f 372//372 955//955 127//127
f 873//873 323//323 843//843
f 1537//1537 224//224 371//371
f 543//543 283//283 1109//1109
f 470//470 597//597 80//80
f 1196//1196 243//243 94//94
f 352//352 523//523 1177//1177
f 121//121 1094//1094 708//708
f 1003//1003 994//994 438//438
f 969//969 1520//1520 1489//1489
f 1419//1419 676//676 859//859
f 1248//1248 1419//1419 859//859
f 1088//1088 1432//1432 476//476
f 138//138 378//378 1577//1577
f 536//536 404//404 1224//1224
f 1254//1254 31//31 220//220
f 142//142 734//734 1068//1068
f 656//656 240//240 1014//1014
f 1235//1235 1178//1178 250//250
f 373//373 1298//1298 619//619
f 120//120 516//516 1181//1181
f 297//297 818//818 783//783
f 450//450 281//281 1242//1242
f 342//342 466//466 343//343
f 1288//1288 768//768 1348//1348
f 202//202 399//399 310//310
f 315//315 848//848 785//785
f 843//843 323//323 790//790
f 722//722 8//8 274//274
f 563//563 760//760 688//688
f 1282//1282 599//599 257//257
f 621//621 987//987 482//482
f 903//903 519//519 861//861
f 1143//1143 1087//1087 201//201
f 1541//1541 1498//1498 351//351
f 1040//1040 1415//1415 704//704
f 569//569 1003//1003 1211//1211
f 972//972 301//301 1391//1391
f 174//174 1256//1256 1260//1260
f 272//272 89//89 707//707
f 1535//1535 1320//1320 385//385
f 786//786 985//985 447//447
f 1435//1435 110//110 166//166
f 436//436 1278//1278 1268//1268
f 744//744 750//750 532//532
f 1110//1110 294//294 823//823
f 299//299 5//5 872//872
f 505//505 255//255 711//711
f 1063//1063 690//690 1070//1070
f 306//306 614//614 174//174
f 194//194 644//644 799//799
f 270//270 592//592 1015//1015
f 695//695 585//585 237//237
f 1237//1237 425//425 947//947
f 390//390 1194//1194 159//159
f 838//838 1205//1205 1557//1557
f 1070//1070 726//726 149//149
f 1528//1528 204//204 1527//1527
f 1234//1234 1258//1258 235//235
f 1022//1022 717//717 1249//1249
f 1439//1439 751//751 871//871
f 983//983 130//130 264//264
f 556//556 1318//1318 981//981
f 1089//1089 1319//1319 1072//1072
f 1003//1003 1213//1213 1211//1211
f 359//359 805//805 506//506
f 1297//1297 772//772 279//279
f 1023//1023 1135//1135 140//140
f 636//636 1275//1275 1192//1192
f 1025//1025 911//911 930//930
f 1531//1531 582//582 723//723
f 428//428 1079//1079 376//376
f 843//843 1189//1189 367//367
f 651//651 1566//1566 894//894
f 1127//1127 280//280 634//634
f 1342//1342 1344//1344 1449//1449
f 394//394 841//841 683//683
f 422//422 767//767 223//223
f 358//358 833//833 714//714
f 353//353 1534//1534 1130//1130
f 577//577 1327//1327 329//329
f 704//704 723//723 1040//1040
f 1215//1215 1358//1358 129//129
f 694//694 1103//1103 1455//1455
f 455//455 349//349 622//622
f 562//562 570//570 1006//1006
f 839//839 1295//1295 928//928
f 1329//1329 919//919 1073//1073
f 1205//1205 227//227 1557//1557
f 372//372 647//647 567//567
f 1031//1031 1385//1385 1165//1165
f 901//901 248//248 324//324
f 1432//1432 642//642 1347//1347
f 697//697 693//693 304//304
f 1154//1154 675//675 613//613
f 1059//1059 1340//1340 1012//1012
f 82//82 722//722 1205//1205
f 1161//1161 886//886 530//530
f 1579//1579 414//414 76//76
f 1332//1332 782//782 286//286
f 1311//1311 653//653 381//381
f 1278//1278 1055//1055 576//576
f 782//782 980//980 20//20
f 1061//1061 760//760 563//563
f 768//768 1015//1015 169//169
f 721//721 858//858 254//254
f 631//631 1461//1461 46//46
f 1341//1341 813//813 343//343
f 775//775 1537//1537 1100//1100
f 846//846 903//903 631//631
f 346//346 557//557 193//193
f 386//386 804//804 1567//1567
f 456//456 563//563 688//688
f 644//644 47//47 1051//1051
f 47//47 390//390 1051//1051
f 543//543 1563//1563 283//283
f 887//887 579//579 1086//1086
f 965//965 206//206 380//380
f 1376//1376 266//266 904//904
f 55//55 200//200 1172//1172
f 1108//1108 1423//1423 696//696
f 1002//1002 1127//1127 366//366
f 1431//1431 106//106 1377//1377
f 1234//1234 235//235 459//459
f 173//173 187//187 1243//1243
f 1482//1482 40//40 969//969
f 293//293 951//951 1383//1383
f 1129//1129 951//951 293//293
f 107//107 917//917 491//491
f 177//177 491//491 917//917
f 1449//1449 1344//1344 1104//1104
f 251//251 1526//1526 1568//1568
f 1112//1112 184//184 878//878
f 550//550 1303//1303 787//787
f 867//867 1251//1251 1345//1345
f 1012//1012 1325//1325 398//398
f 641//641 1032//1032 1025//1025
f 1394//1394 417//417 632//632
f 754//754 814//814 703//703
f 278//278 1378//1378 124//124
f 894//894 553//553 651//651
f 818//818 44//44 1213//1213
f 1505//1505 220//220 373//373
f 391//391 444//444 664//664
f 250//250 1178//1178 70//70
f 765//765 250//250 70//70
f 258//258 403//403 297//297
f 999//999 76//76 131//131
f 667//667 1387//1387 821//821
f 210//210 1474//1474 1494//1494
f 329//329 179//179 1198//1198
f 1422//1422 589//589 1145//1145
f 112//112 603//603 894//894
f 691//691 950//950 273//273
f 958//958 669//669 495//495
f 1231//1231 542//542 853//853
f 214//214 758//758 1284//1284
f 106//106 671//671 982//982
f 609//609 1546//1546 18//18
f 259//259 287//287 365//365
f 55//55 939//939 731//731
f 1056//1056 492//492 921//921
f 182//182 1282//1282 257//257
f 1226//1226 154//154 672//672
f 903//903 846//846 29//29
f 840//840 1294//1294 404//404
f 1410//1410 297//297 403//403
f 1136//1136 1016//1016 1229//1229
f 1342//1342 1449//1449 451//451
f 1207//1207 14//14 680//680
f 868//868 1034//1034 789//789
f 304//304 693//693 1114//1114
f 131//131 1119//1119 824//824
f 469//469 137//137 389//389
f 630//630 545//545 282//282
f 726//726 691//691 724//724
f 1332//1332 1126//1126 782//782
f 70//70 1277//1277 765//765
f 1014//1014 317//317 1146//1146
f 453//453 1320//1320 340//340
f 1174//1174 823//823 1381//1381
f 462//462 701//701 1484//1484
f 1216//1216 1528//1528 1056//1056
f 156//156 925//925 1036//1036
f 1044//1044 1546//1546 751//751
f 162//162 605//605 445//445
f 710//710 441//441 1036//1036
f 688//688 194//194 773//773
f 929//929 602//602 951//951
f 781//781 354//354 723//723
f 1416//1416 395//395 1145//1145
f 945//945 692//692 906//906
f 906//906 1095//1095 945//945
f 241//241 587//587 971//971
f 943//943 836//836 303//303
f 702//702 1091//1091 344//344
f 1024//1024 322//322 1367//1367
f 379//379 155//155 574//574
f 163//163 162//162 195//195
f 690//690 18//18 691//691
f 1461//1461 1473//1473 1289//1289
f 1230//1230 271//271 1149//1149
f 86//86 923//923 1338//1338
f 71//71 1491//1491 1322//1322
f 1110//1110 1414//1414 294//294
f 77//77 510//510 1044//1044
f 1113//1113 1273//1273 488//488
f 1242//1242 281//281 928//928
f 1353//1353 812//812 329//329
f 1267//1267 1353//1353 329//329
f 597//597 672//672 1542//1542
f 188//188 85//85 970//970
f 1384//1384 118//118 750//750
f 64//64 1153//1153 28//28
f 355//355 1176//1176 1158//1158
f 591//591 1354//1354 42//42
f 580//580 318//318 1349//1349
f 235//235 1258//1258 1265//1265
f 1180//1180 1090//1090 401//401
f 674//674 549//549 1531//1531
f 281//281 181//181 928//928
f 1453//1453 978//978 963//963
f 708//708 941//941 38//38
f 1050//1050 298//298 234//234
f 1275//1275 385//385 453//453
f 1119//1119 189//189 494//494
f 158//158 837//837 132//132
f 108//108 1059//1059 572//572
f 541//541 536//536 1119//1119
f 1496//1496 653//653 160//160
f 7//7 1392//1392 317//317
f 16//16 728//728 667//667
f 977//977 52//52 1316//1316
f 52//52 1293//1293 1316//1316
f 973//973 659//659 622//622
f 198//198 701//701 1368//1368
f 1418//1418 524//524 619//619
f 1222//1222 1513//1513 63//63
f 356//356 533//533 85//85
f 442//442 1491//1491 71//71
f 1404//1404 1398//1398 426//426
f 1246//1246 1221//1221 902//902
f 278//278 1286//1286 471//471
f 943//943 1212//1212 511//511
f 1423//1423 1108//1108 1285//1285
f 1111//1111 196//196 938//938
f 630//630 593//593 33//33
f 182//182 1071//1071 1282//1282
f 1415//1415 1040//1040 1191//1191
f 563//563 1401//1401 1061//1061
f 208//208 1218//1218 659//659
f 219//219 930//930 1434//1434
f 289//289 219//219 1434//1434
f 511//511 600//600 836//836
f 943//943 511//511 836//836
f 472//472 471//471 1286//1286
f 776//776 1139//1139 431//431
f 305//305 402//402 1010//1010
f 828//828 524//524 518//518
f 149//149 724//724 725//725
f 1526//1526 1346//1346 1308//1308
f 1259//1259 933//933 208//208
f 159//159 830//830 954//954
f 853//853 542//542 727//727
f 371//371 1378//1378 1537//1537
f 461//461 1179//1179 198//198
f 1215//1215 1425//1425 586//586
f 1388//1388 690//690 1063//1063
f 970//970 85//85 831//831
f 943//943 303//303 1212//1212
f 1055//1055 1225//1225 1583//1583
f 548//548 932//932 882//882
f 345//345 433//433 1465//1465
f 284//284 1215//1215 1010//1010
f 1212//1212 116//116 477//477
f 1009//1009 73//73 183//183
f 282//282 1419//1419 1292//1292
f 264//264 1291//1291 775//775
f 1512//1512 1502//1502 1344//1344
f 570//570 1389//1389 25//25
f 59//59 810//810 498//498
f 1131//1131 872//872 5//5
f 5//5 1339//1339 1131//1131
f 1120//1120 134//134 1467//1467
f 166//166 387//387 148//148
f 1135//1135 407//407 140//140
f 553//553 1052//1052 1175//1175
f 1005//1005 849//849 1207//1207
f 1034//1034 1519//1519 825//825
f 634//634 280//280 41//41
f 187//187 573//573 1151//1151
f 1285//1285 1442//1442 1423//1423
f 380//380 705//705 1261//1261
f 1020//1020 241//241 850//850
f 1193//1193 669//669 389//389
f 150//150 268//268 449//449
f 623//623 771//771 1471//1471
f 1369//1369 1437//1437 319//319
f 1152//1152 652//652 513//513
f 590//590 377//377 787//787
f 1288//1288 1348//1348 168//168
f 1210//1210 457//457 213//213
f 1331//1331 629//629 150//150
f 463//463 568//568 923//923
f 923//923 568//568 1250//1250
f 1221//1221 23//23 1412//1412
f 89//89 615//615 933//933
f 724//724 272//272 725//725
f 808//808 549//549 333//333
f 225//225 1048//1048 830//830
f 915//915 1390//1390 735//735
f 1390//1390 1130//1130 735//735
f 77//77 1044//1044 751//751
f 1206//1206 1068//1068 734//734
f 636//636 1033//1033 58//58
f 803//803 1082//1082 1018//1018
f 1021//1021 1159//1159 1020//1020
f 1232//1232 1074//1074 546//546
f 165//165 1159//1159 1021//1021
f 1389//1389 1007//1007 590//590
f 14//14 518//518 645//645
f 991//991 636//636 58//58
f 694//694 1326//1326 1452//1452
f 437//437 904//904 1424//1424
f 1441//1441 223//223 767//767
f 829//829 994//994 35//35
f 1148//1148 884//884 1314//1314
f 918//918 1436//1436 250//250
f 158//158 132//132 702//702
f 951//951 602//602 1383//1383
f 237//237 369//369 1105//1105
f 285//285 510//510 77//77
f 1221//1221 1412//1412 1154//1154
f 125//125 697//697 651//651
f 794//794 947//947 504//504
f 761//761 1237//1237 794//794
f 587//587 180//180 1296//1296
f 1296//1296 971//971 587//587
f 1403//1403 1271//1271 395//395
f 502//502 33//33 761//761
f 449//449 268//268 1109//1109
f 1258//1258 1257//1257 1265//1265
f 665//665 1112//1112 1576//1576
f 810//810 59//59 1380//1380
f 1058//1058 1531//1531 704//704
f 721//721 371//371 314//314
f 1563//1563 816//816 283//283
f 1352//1352 298//298 984//984
f 692//692 1148//1148 1314//1314
f 1206//1206 734//734 888//888
f 445//445 195//195 162//162
f 1148//1148 941//941 884//884
f 1088//1088 766//766 73//73
f 788//788 452//452 839//839
f 57//57 331//331 539//539
f 980//980 177//177 922//922
f 625//625 794//794 504//504
f 1120//1120 912//912 934//934
f 1414//1414 673//673 294//294
f 1389//1389 1137//1137 1007//1007
f 1196//1196 275//275 243//243
f 942//942 130//130 747//747
f 384//384 484//484 338//338
f 344//344 1091//1091 142//142
f 1228//1228 1416//1416 589//589
f 955//955 906//906 128//128
f 1279//1279 557//557 1065//1065
f 513//513 1041//1041 1152//1152
f 1334//1334 1190//1190 1163//1163
f 1436//1436 918//918 882//882
f 992//992 1188//1188 383//383
f 265//265 459//459 1084//1084
f 235//235 1265//1265 1084//1084
f 474//474 180//180 1357//1357
f 939//939 193//193 731//731
f 607//607 733//733 117//117
f 239//239 698//698 538//538
f 802//802 1260//1260 608//608
f 1074//1074 662//662 811//811
f 658//658 115//115 681//681
f 443//443 126//126 622//622
f 1198//1198 898//898 1356//1356
f 234//234 1187//1187 799//799
f 468//468 190//190 1475//1475
f 612//612 611//611 1346//1346
f 205//205 632//632 417//417
f 205//205 417//417 743//743
f 1163//1163 1190//1190 410//410
f 273//273 624//624 615//615
f 88//88 1272//1272 214//214
f 904//904 266//266 80//80
f 760//760 47//47 688//688
f 171//171 947//947 425//425
f 349//349 455//455 1227//1227
f 99//99 972//972 516//516
f 781//781 1238//1238 354//354
f 1325//1325 101//101 398//398
f 1438//1438 627//627 42//42
f 1189//1189 790//790 578//578
f 770//770 508//508 716//716
f 740//740 959//959 1276//1276
f 74//74 524//524 828//828
f 1000//1000 105//105 893//893
f 275//275 386//386 1101//1101
f 835//835 372//372 567//567
f 279//279 772//772 407//407
f 1158//1158 1176//1176 213//213
f 706//706 1203//1203 1138//1138
f 468//468 1475//1475 1476//1476
f 1575//1575 12//12 1463//1463
f 561//561 1107//1107 1172//1172
f 1298//1298 102//102 1418//1418
f 1304//1304 1064//1064 1323//1323
f 108//108 151//151 216//216
f 181//181 281//281 1371//1371
f 416//416 850//850 1266//1266
f 1335//1335 155//155 379//379
f 351//351 451//451 1449//1449
f 598//598 772//772 749//749
f 615//615 208//208 933//933
f 935//935 63//63 629//629
f 1048//1048 225//225 931//931
f 393//393 457//457 320//320
f 1338//1338 1295//1295 276//276
f 941//941 708//708 884//884
f 809//809 479//479 777//777
f 555//555 1170//1170 1066//1066
f 1145//1145 325//325 1422//1422
f 285//285 806//806 360//360
f 61//61 511//511 1300//1300
f 469//469 595//595 658//658
f 1237//1237 593//593 855//855
f 7//7 1014//1014 240//240
f 1310//1310 963//963 412//412
f 582//582 1358//1358 781//781
f 403//403 620//620 27//27
f 671//671 611//611 612//612
f 258//258 239//239 538//538
f 441//441 1502//1502 221//221
f 441//441 1391//1391 1502//1502
f 17//17 168//168 483//483
f 391//391 664//664 203//203
f 780//780 732//732 685//685
f 1512//1512 1342//1342 369//369
f 844//844 95//95 355//355
f 671//671 106//106 611//611
f 140//140 753//753 6//6
f 604//604 1022//1022 649//649
f 1248//1248 859//859 705//705
f 949//949 1536//1536 606//606
f 499//499 709//709 600//600
f 1565//1565 1//1 104//104
f 1494//1494 1472//1472 515//515
f 879//879 1493//1493 1504//1504
f 111//111 270//270 768//768
f 893//893 1462//1462 558//558
f 1408//1408 1364//1364 808//808
f 917//917 757//757 1354//1354
f 882//882 440//440 626//626
f 412//412 56//56 13//13
f 409//409 222//222 1123//1123
f 1470//1470 515//515 1472//1472
f 278//278 124//124 1286//1286
f 1071//1071 182//182 819//819
f 560//560 1090//1090 559//559
f 291//291 676//676 1419//1419
f 776//776 1112//1112 665//665
f 1262//1262 1353//1353 1267//1267
f 1306//1306 959//959 740//740
f 301//301 972//972 490//490
f 719//719 657//657 170//170
f 192//192 955//955 835//835
f 597//597 470//470 672//672
f 641//641 1025//1025 990//990
f 313//313 303//303 312//312
f 1179//1179 701//701 198//198
f 560//560 373//373 1166//1166
f 373//373 560//560 1505//1505
f 760//760 1061//1061 931//931
f 435//435 1164//1164 832//832
f 472//472 1446//1446 471//471
f 859//859 1377//1377 1030//1030
f 530//530 1374//1374 1161//1161
f 1156//1156 810//810 1407//1407
f 1007//1007 1182//1182 1535//1535
f 36//36 1//1 1501//1501
f 614//614 110//110 1256//1256
f 370//370 1297//1297 1023//1023
f 817//817 214//214 689//689
f 1290//1290 499//499 171//171
f 742//742 339//339 595//595
f 541//541 840//840 536//536
f 750//750 413//413 1384//1384
f 1311//1311 1392//1392 1053//1053
f 177//177 917//917 1133//1133
f 560//560 147//147 1090//1090
f 328//328 1417//1417 1057//1057
f 382//382 1439//1439 871//871
f 1043//1043 937//937 1222//1222
f 215//215 374//374 542//542
f 968//968 1381//1381 1367//1367
f 1436//1436 882//882 626//626
f 1131//1131 1172//1172 1107//1107
f 274//274 1205//1205 722//722
f 726//726 724//724 149//149
f 194//194 47//47 644//644
f 1520//1520 40//40 1560//1560
f 786//786 447//447 881//881
f 1008//1008 1349//1349 318//318
f 1374//1374 1115//1115 1161//1161
f 897//897 570//570 25//25
f 622//622 349//349 973//973
f 31//31 373//373 220//220
f 1483//1483 1142//1142 979//979
f 655//655 854//854 229//229
f 1430//1430 393//393 320//320
f 289//289 1197//1197 1379//1379
f 1183//1183 141//141 100//100
f 122//122 1333//1333 1301//1301
f 1117//1117 977//977 1316//1316
f 159//159 225//225 830//830
f 399//399 1116//1116 181//181
f 1540//1540 156//156 1036//1036
f 576//576 790//790 323//323
f 322//322 576//576 323//323
f 551//551 1410//1410 1429//1429
f 1327//1327 1171//1171 179//179
f 1192//1192 514//514 961//961
f 1222//1222 937//937 160//160
f 966//966 864//864 865//865
f 1519//1519 1034//1034 327//327
f 1355//1355 1458//1458 318//318
f 1065//1065 197//197 196//196
f 1218//1218 615//615 624//624
f 46//46 525//525 607//607
f 799//799 1187//1187 773//773
f 799//799 773//773 194//194
f 357//357 1542//1542 154//154
f 577//577 1303//1303 550//550
f 677//677 834//834 1152//1152
f 1423//1423 1263//1263 696//696
f 432//432 1505//1505 559//559
f 592//592 1121//1121 1015//1015
f 415//415 1111//1111 938//938
f 805//805 857//857 506//506
f 259//259 1337//1337 287//287
f 213//213 457//457 889//889
f 30//30 1539//1539 554//554
f 276//276 1427//1427 473//473
f 1134//1134 1387//1387 1343//1343
f 1183//1183 101//101 703//703
f 464//464 1017//1017 503//503
f 350//350 1029//1029 172//172
f 827//827 1500//1500 1514//1514
f 157//157 543//543 1109//1109
f 1307//1307 589//589 842//842
f 21//21 88//88 1428//1428
f 1080//1080 1253//1253 347//347
f 230//230 231//231 957//957
f 736//736 1526//1526 962//962
f 429//429 527//527 1373//1373
f 1001//1001 660//660 1577//1577
f 580//580 327//327 1317//1317
f 574//574 155//155 10//10
f 1037//1037 1540//1540 695//695
f 195//195 1118//1118 766//766
f 784//784 1247//1247 639//639
f 891//891 1149//1149 271//271
f 1482//1482 738//738 618//618
f 1388//1388 1280//1280 690//690
f 30//30 1292//1292 430//430
f 811//811 1022//1022 976//976
f 1087//1087 1143//1143 310//310
f 1139//1139 432//432 431//431
f 1139//1139 1096//1096 432//432
f 995//995 1246//1246 902//902
f 1322//1322 1491//1491 1496//1496
f 745//745 356//356 85//85
f 1097//1097 508//508 770//770
f 793//793 356//356 1372//1372
f 615//615 1218//1218 208//208
f 692//692 679//679 906//906
f 553//553 125//125 651//651
f 666//666 116//116 313//313
f 338//338 657//657 384//384
f 356//356 1038//1038 533//533
f 988//988 1457//1457 304//304
f 48//48 837//837 914//914
f 1329//1329 670//670 919//919
f 510//510 755//755 1044//1044
f 306//306 110//110 614//614
f 1052//1052 134//134 1120//1120
f 721//721 1378//1378 371//371
f 847//847 820//820 495//495
f 787//787 377//377 385//385
f 809//809 1474//1474 1476//1476
f 565//565 306//306 802//802
f 306//306 565//565 1437//1437
f 49//49 985//985 467//467
f 129//129 582//582 549//549
f 874//874 209//209 15//15
f 876//876 813//813 779//779
f 1283//1283 1284//1284 759//759
f 270//270 11//11 592//592
f 269//269 11//11 270//270
f 1413//1413 1077//1077 601//601
f 815//815 197//197 1065//1065
f 1108//1108 358//358 364//364
f 712//712 66//66 1348//1348
f 531//531 1277//1277 427//427
f 477//477 116//116 986//986
f 1147//1147 1371//1371 281//281
f 1229//1229 583//583 1128//1128
f 290//290 104//104 36//36
f 111//111 768//768 1288//1288
f 1196//1196 804//804 386//386
f 963//963 978//978 56//56
f 1380//1380 1571//1571 1158//1158
f 1121//1121 1162//1162 330//330
f 1186//1186 54//54 1086//1086
f 1064//1064 300//300 1323//1323
f 516//516 1391//1391 441//441
f 530//530 886//886 400//400
f 266//266 141//141 1183//1183
f 875//875 84//84 12//12
f 387//387 1369//1369 319//319
f 387//387 166//166 1369//1369
f 444//444 990//990 664//664
f 525//525 1289//1289 733//733
f 550//550 1171//1171 1327//1327
f 355//355 95//95 1176//1176
f 1021//1021 656//656 1146//1146
f 253//253 1100//1100 1537//1537
f 674//674 892//892 713//713
f 1102//1102 871//871 609//609
f 224//224 1537//1537 1291//1291
f 353//353 1130//1130 1390//1390
f 504//504 1206//1206 243//243
f 798//798 1054//1054 193//193
f 117//117 1582//1582 352//352
f 358//358 45//45 833//833
f 1269//1269 538//538 347//347
f 1066//1066 1153//1153 489//489
f 1407//1407 1380//1380 1370//1370
f 385//385 1320//1320 453//453
f 310//310 1143//1143 886//886
f 480//480 481//481 109//109
f 716//716 1238//1238 1358//1358
f 6//6 732//732 1257//1257
f 1019//1019 1086//1086 612//612
f 837//837 421//421 914//914
f 180//180 826//826 998//998
f 524//524 74//74 1166//1166
f 610//610 643//643 397//397
f 1344//1344 1391//1391 1104//1104
f 1319//1319 534//534 1072//1072
f 1229//1229 292//292 1136//1136
f 37//37 1134//1134 936//936
f 1093//1093 1244//1244 260//260
f 856//856 920//920 527//527
f 537//537 1185//1185 1313//1313
f 643//643 265//265 1084//1084
f 830//830 1048//1048 232//232
f 1283//1283 759//759 847//847
f 670//670 1329//1329 487//487
f 1229//1229 1016//1016 123//123
f 420//420 1164//1164 435//435
f 1193//1193 137//137 363//363
f 939//939 1357//1357 998//998
f 1171//1171 550//550 1243//1243
f 380//380 1177//1177 705//705
f 92//92 1045//1045 93//93
f 1142//1142 378//378 1294//1294
f 701//701 462//462 1508//1508
f 1014//1014 7//7 317//317
f 923//923 1250//1250 1338//1338
f 664//664 990//990 930//930
f 1000//1000 215//215 105//105
f 1039//1039 970//970 1184//1184
f 305//305 376//376 646//646
f 1146//1146 164//164 165//165
f 478//478 745//745 85//85
f 1092//1092 1379//1379 252//252
f 413//413 494//494 189//189
f 1508//1508 99//99 1430//1430
f 1122//1122 1565//1565 104//104
f 1055//1055 1204//1204 576//576
f 1374//1374 1186//1186 1115//1115
f 634//634 617//617 1425//1425
f 98//98 540//540 418//418
f 1177//1177 523//523 72//72
f 57//57 539//539 340//340
f 635//635 551//551 1053//1053
f 1056//1056 1466//1466 492//492
f 687//687 764//764 1195//1195
f 26//26 793//793 1372//1372
f 526//526 368//368 1263//1263
f 689//689 1283//1283 114//114
f 322//322 1024//1024 823//823
f 1421//1421 956//956 1506//1506
f 1465//1465 236//236 345//345
f 816//816 85//85 188//188
f 1116//1116 839//839 181//181
f 650//650 1220//1220 383//383
f 205//205 910//910 632//632
f 1334//1334 878//878 1002//1002
f 820//820 759//759 602//602
f 39//39 311//311 1082//1082
f 654//654 206//206 965//965
f 159//159 1194//1194 760//760
f 1491//1491 653//653 1496//1496
f 124//124 1378//1378 254//254
f 1295//1295 152//152 928//928
f 583//583 1229//1229 81//81
f 691//691 726//726 690//690
f 476//476 195//195 766//766
f 1410//1410 551//551 1409//1409
f 89//89 273//273 615//615
f 944//944 718//718 1223//1223
f 1170//1170 1534//1534 28//28
f 693//693 361//361 1435//1435
f 1366//1366 951//951 1129//1129
f 1081//1081 941//941 1148//1148
f 1407//1407 757//757 1156//1156
f 1371//1371 1147//1147 201//201
f 687//687 40//40 1482//1482
f 958//958 495//495 932//932
f 1508//1508 1430//1430 1399//1399
f 1227//1227 136//136 539//539
f 1017//1017 1304//1304 1075//1075
f 1304//1304 1323//1323 1075//1075
f 469//469 389//389 1299//1299
f 1310//1310 1121//1121 592//592
f 1168//1168 1212//1212 477//477
f 1140//1140 218//218 895//895
f 965//965 380//380 1261//1261
f 1197//1197 911//911 1011//1011
f 907//907 1266//1266 670//670
f 100//100 409//409 151//151
f 409//409 216//216 151//151
f 634//634 41//41 617//617
f 512//512 455//455 622//622
f 132//132 837//837 48//48
f 564//564 561//561 10//10
f 280//280 1127//1127 184//184
f 366//366 646//646 1334//1334
f 869//869 785//785 1160//1160
f 137//137 902//902 363//363
f 74//74 828//828 770//770
f 891//891 271//271 855//855
f 891//891 855//855 593//593
f 772//772 845//845 749//749
f 358//358 1076//1076 571//571
f 438//438 1213//1213 1003//1003
f 953//953 1234//1234 298//298
f 471//471 960//960 278//278
f 960//960 253//253 278//278
f 879//879 1475//1475 1493//1493
f 1110//1110 823//823 1174//1174
f 469//469 1301//1301 902//902
f 1094//1094 128//128 661//661
f 1112//1112 730//730 184//184
f 872//872 1107//1107 678//678
f 981//981 1441//1441 767//767
f 477//477 1117//1117 1168//1168
f 1316//1316 1168//1168 1117//1117
f 750//750 118//118 1149//1149
f 133//133 44//44 818//818
f 421//421 406//406 774//774
f 18//18 950//950 691//691
f 682//682 444//444 391//391
f 147//147 1166//1166 74//74
f 675//675 1412//1412 1049//1049
f 616//616 505//505 256//256
f 924//924 1376//1376 904//904
f 324//324 819//819 534//534
f 1412//1412 675//675 1154//1154
f 517//517 829//829 456//456
f 192//192 1169//1169 693//693
f 874//874 1446//1446 143//143
f 133//133 288//288 865//865
f 705//705 859//859 1030//1030
f 883//883 706//706 1564//1564
f 1016//1016 234//234 123//123
f 712//712 330//330 1093//1093
f 968//968 1417//1417 328//328
f 465//465 34//34 676//676
f 108//108 216//216 1059//1059
f 82//82 838//838 1273//1273
f 1475//1475 1140//1140 479//479
f 724//724 273//273 272//272
f 573//573 898//898 1151//1151
f 450//450 463//463 1398//1398
f 442//442 71//71 466//466
f 1250//1250 568//568 1242//1242
f 688//688 1187//1187 1016//1016
f 1164//1164 496//496 350//350
f 416//416 907//907 1440//1440
f 1062//1062 1446//1446 1287//1287
f 794//794 625//625 32//32
f 297//297 1410//1410 522//522
f 1486//1486 1335//1335 379//379
f 481//481 480//480 1240//1240
f 497//497 680//680 498//498
f 430//430 1292//1292 72//72
f 611//611 295//295 1346//1346
f 923//923 1150//1150 718//718
f 201//201 1147//1147 1143//1143
f 1322//1322 1496//1496 45//45
f 920//920 856//856 974//974
f 241//241 1020//1020 1159//1159
f 399//399 181//181 1371//1371
f 69//69 1047//1047 1330//1330
f 1147//1147 735//735 1130//1130
f 267//267 370//370 448//448
f 444//444 641//641 990//990
f 15//15 642//642 1432//1432
f 617//617 41//41 1180//1180
f 553//553 1175//1175 336//336
f 438//438 239//239 1213//1213
f 421//421 1402//1402 406//406
f 1375//1375 75//75 35//35
f 1101//1101 900//900 103//103
f 42//42 1532//1532 591//591
f 400//400 1170//1170 530//530
f 1497//1497 878//878 1509//1509
f 1437//1437 1369//1369 306//306
f 1430//1430 320//320 1399//1399
f 1391//1391 1344//1344 1502//1502
f 1109//1109 283//283 287//287
f 180//180 587//587 826//826
f 1571//1571 1360//1360 355//355
f 29//29 921//921 903//903
f 1424//1424 1364//1364 1067//1067
f 666//666 175//175 446//446
f 953//953 1051//1051 267//267
f 797//797 1472//1472 686//686
f 185//185 1349//1349 637//637
f 1504//1504 1298//1298 31//31
f 1298//1298 373//373 31//31
f 617//617 1180//1180 401//401
f 1173//1173 428//428 154//154
f 1412//1412 1270//1270 1049//1049
f 207//207 68//68 1076//1076
f 860//860 635//635 311//311
f 96//96 554//554 532//532
f 24//24 236//236 1465//1465
f 922//922 1324//1324 20//20
f 446//446 175//175 992//992
f 558//558 1060//1060 1510//1510
f 683//683 167//167 394//394
f 1017//1017 588//588 851//851
f 895//895 218//218 1511//1511
f 81//81 1433//1433 1305//1305
f 1273//1273 838//838 792//792
f 1010//1010 1365//1365 916//916
f 1185//1185 1088//1088 73//73
f 524//524 1418//1418 518//518
f 155//155 97//97 1244//1244
f 71//71 1028//1028 466//466
f 1275//1275 453//453 1192//1192
f 1178//1178 1532//1532 862//862
f 341//341 497//497 1238//1238
f 1234//1234 953//953 448//448
f 1184//1184 970//970 1405//1405
f 1318//1318 4//4 981//981
f 488//488 687//687 1113//1113
f 668//668 1468//1468 1573//1573
f 371//371 224//224 1393//1393
f 856//856 1324//1324 974//974
f 993//993 203//203 1345//1345
f 1009//1009 663//663 73//73
f 979//979 1294//1294 840//840
f 1270//1270 111//111 1288//1288
f 603//603 553//553 894//894
f 586//586 617//617 401//401
f 311//311 635//635 1082//1082
f 370//370 1257//1257 448//448
f 1302//1302 481//481 822//822
f 797//797 686//686 665//665
f 406//406 656//656 774//774
f 1262//1262 948//948 983//983
f 1023//1023 1297//1297 880//880
f 1318//1318 173//173 4//4
f 318//318 1458//1458 1203//1203
f 611//611 106//106 295//295
f 106//106 866//866 295//295
f 126//126 867//867 289//289
f 777//777 479//479 895//895
f 125//125 1256//1256 697//697
f 707//707 725//725 272//272
f 952//952 1035//1035 988//988
f 76//76 414//414 131//131
f 341//341 508//508 1097//1097
f 250//250 927//927 1359//1359
f 1361//1361 962//962 1202//1202
f 1202//1202 1232//1232 1469//1469
f 493//493 1150//1150 87//87
f 1383//1383 1284//1284 758//758
f 877//877 1000//1000 764//764
f 1429//1429 1046//1046 1045//1045
f 33//33 502//502 1167//1167
f 1035//1035 987//987 988//988
f 482//482 987//987 1035//1035
f 359//359 737//737 458//458
f 570//570 562//562 616//616
f 1312//1312 121//121 38//38
f 364//364 1285//1285 1108//1108
f 1194//1194 390//390 47//47
f 437//437 1214//1214 924//924
f 561//561 1172//1172 10//10
f 580//580 1317//1317 1355//1355
f 1397//1397 680//680 14//14
f 66//66 712//712 260//260
f 99//99 120//120 1430//1430
f 899//899 480//480 952//952
f 333//333 713//713 1408//1408
f 157//157 1046//1046 543//543
f 1132//1132 636//636 991//991
f 914//914 416//416 1440//1440
f 867//867 664//664 930//930
f 1147//1147 423//423 1404//1404
f 99//99 516//516 120//120
f 1150//1150 584//584 1223//1223
f 1263//1263 1264//1264 696//696
f 1454//1454 277//277 202//202
f 902//902 1301//1301 995//995
f 93//93 1311//1311 92//92
f 496//496 1109//1109 350//350
f 540//540 776//776 418//418
f 1122//1122 1104//1104 1565//1565
f 378//378 263//263 1001//1001
f 1535//1535 1351//1351 1320//1320
f 778//778 580//580 1349//1349
f 789//789 825//825 780//780
f 1411//1411 142//142 1068//1068
f 26//26 620//620 566//566
f 1041//1041 513//513 1296//1296
f 1404//1404 915//915 735//735
f 140//140 6//6 1023//1023
f 57//57 975//975 331//331
f 1055//1055 621//621 1204//1204
f 564//564 1093//1093 1078//1078
f 89//89 933//933 1118//1118
f 660//660 65//65 1500//1500
f 1105//1105 451//451 60//60
f 719//719 936//936 1134//1134
f 748//748 22//22 23//23
f 714//714 833//833 1214//1214
f 1416//1416 1403//1403 395//395
f 1159//1159 375//375 826//826
f 976//976 604//604 487//487
f 689//689 741//741 1485//1485
f 869//869 83//83 314//314
f 1117//1117 477//477 288//288
f 12//12 84//84 316//316
f 35//35 1079//1079 1173//1173
f 700//700 61//61 1300//1300
f 984//984 459//459 265//265
f 1420//1420 408//408 1574//1574
f 318//318 1203//1203 2//2
f 739//739 678//678 113//113
f 486//486 487//487 756//756
f 160//160 1045//1045 1513//1513
f 795//795 21//21 1428//1428
f 55//55 677//677 1357//1357
f 901//901 1319//1319 439//439
f 464//464 156//156 1304//1304
f 250//250 1436//1436 1235//1235
f 330//330 1015//1015 1121//1121
f 503//503 1017//1017 851//851
f 221//221 1512//1512 585//585
f 239//239 438//438 698//698
f 125//125 608//608 1260//1260
f 1222//1222 160//160 1513//1513
f 1324//1324 1129//1129 293//293
f 434//434 926//926 1013//1013
f 519//519 903//903 1575//1575
f 693//693 1435//1435 192//192
f 648//648 756//756 487//487
f 822//822 367//367 1302//1302
f 1414//1414 1106//1106 1268//1268
f 863//863 387//387 217//217
f 1281//1281 1157//1157 46//46
f 199//199 232//232 854//854
f 949//949 727//727 1536//1536
f 1120//1120 1175//1175 1052//1052
f 1238//1238 781//781 1358//1358
f 360//360 806//806 1123//1123
f 433//433 345//345 645//645
f 329//329 1198//1198 1267//1267
f 795//795 798//798 193//193
f 45//45 937//937 1043//1043
f 499//499 145//145 699//699
f 1050//1050 234//234 799//799
f 1335//1335 97//97 155//155
f 93//93 1045//1045 160//160
f 908//908 8//8 581//581
f 546//546 976//976 486//486
f 380//380 352//352 1177//1177
f 333//333 549//549 713//713
f 209//209 143//143 873//873
f 935//935 1043//1043 1222//1222
f 1157//1157 870//870 348//348
f 1085//1085 1308//1308 866//866
f 967//967 246//246 575//575
f 949//949 853//853 727//727
f 1016//1016 1136//1136 517//517
f 1037//1037 695//695 122//122
f 1421//1421 1124//1124 1460//1460
f 900//900 1567//1567 1085//1085
f 25//25 1389//1389 590//590
f 1125//1125 1077//1077 485//485
f 953//953 267//267 448//448
f 604//604 670//670 487//487
f 971//971 1266//1266 850//850
f 259//259 365//365 1039//1039
f 96//96 989//989 891//891
f 966//966 865//865 446//446
f 606//606 1527//1527 737//737
f 149//149 725//725 801//801
f 864//864 966//966 796//796
f 58//58 135//135 1011//1011
f 1157//1157 1281//1281 926//926
f 686//686 98//98 418//418
f 99//99 462//462 972//972
f 916//916 305//305 1010//1010
f 757//757 1407//1407 362//362
f 238//238 912//912 1120//1120
f 297//297 522//522 818//818
f 521//521 1128//1128 388//388
f 1546//1546 1350//1350 18//18
f 1199//1199 1074//1074 251//251
f 1427//1427 452//452 1069//1069
f 750//750 989//989 532//532
f 298//298 1234//1234 459//459
f 400//400 1147//1147 1130//1130
f 459//459 235//235 1084//1084
f 658//658 1075//1075 1323//1323
f 35//35 1401//1401 456//456
f 1495//1495 809//809 777//777
f 328//328 1057//1057 1106//1106
f 439//439 1319//1319 1089//1089
f 459//459 984//984 298//298
f 5//5 299//299 473//473
f 1126//1126 980//980 782//782
f 336//336 936//936 608//608
f 908//908 1499//1499 1541//1541
f 75//75 1255//1255 890//890
f 637//637 1089//1089 1072//1072
f 1518//1518 1265//1265 1257//1257
f 77//77 1312//1312 285//285
f 1102//1102 609//609 1280//1280
f 140//140 407//407 69//69
f 520//520 1313//1313 663//663
f 1323//1323 300//300 115//115
f 1215//1215 586//586 1358//1358
f 322//322 673//673 576//576
f 308//308 727//727 542//542
f 1093//1093 564//564 1244//1244
f 343//343 68//68 1341//1341
f 754//754 470//470 814//814
f 1308//1308 1085//1085 1568//1568
f 138//138 720//720 404//404
f 288//288 986//986 446//446
f 752//752 751//751 1439//1439
f 438//438 829//829 852//852
f 556//556 981//981 767//767
f 428//428 376//376 1208//1208
f 907//907 416//416 1266//1266
f 737//737 949//949 606//606
f 437//437 924//924 904//904
f 479//479 1140//1140 895//895
f 320//320 457//457 1210//1210
f 1296//1296 180//180 1041//1041
f 84//84 1482//1482 969//969
f 1442//1442 892//892 674//674
f 516//516 972//972 1391//1391
f 439//439 2//2 1203//1203
f 613//613 675//675 17//17
f 353//353 204//204 1534//1534
f 885//885 739//739 493//493
f 1147//1147 1404//1404 735//735
f 574//574 200//200 379//379
f 1232//1232 546//546 486//486
f 485//485 1232//1232 486//486
f 1252//1252 147//147 770//770
f 676//676 34//34 1431//1431
f 1309//1309 1457//1457 997//997
f 1298//1298 1504//1504 102//102
f 1353//1353 897//897 25//25
f 364//364 358//358 714//714
f 729//729 392//392 24//24
f 1331//1331 150//150 1544//1544
f 507//507 290//290 1503//1503
f 1407//1407 1370//1370 362//362
f 1342//1342 451//451 1105//1105
f 1296//1296 513//513 1141//1141
f 894//894 1309//1309 153//153
f 1307//1307 422//422 223//223
f 124//124 254//254 1417//1417
f 139//139 1324//1324 293//293
f 808//808 1365//1365 549//549
f 1175//1175 934//934 336//336
f 745//745 1372//1372 356//356
f 536//536 1224//1224 1247//1247
f 1133//1133 1366//1366 177//177
f 616//616 1306//1306 740//740
f 712//712 169//169 330//330
f 582//582 781//781 723//723
f 446//446 986//986 666//666
f 688//688 47//47 194//194
f 834//834 1069//1069 1152//1152
f 1321//1321 86//86 1338//1338
f 593//593 191//191 891//891
f 495//495 820//820 929//929
f 458//458 737//737 1527//1527
f 443//443 622//622 659//659
f 1195//1195 764//764 1487//1487
f 872//872 739//739 885//885
f 110//110 746//746 166//166
f 1071//1071 50//50 1282//1282
f 1055//1055 1583//1583 997//997
f 497//497 1207//1207 680//680
f 343//343 813//813 342//342
f 1386//1386 506//506 501//501
f 1370//1370 627//627 1438//1438
f 807//807 236//236 392//392
f 345//345 236//236 807//807
f 1276//1276 255//255 740//740
f 432//432 559//559 405//405
f 997//997 987//987 621//621
f 1262//1262 1267//1267 763//763
f 224//224 868//868 1393//1393
f 881//881 573//573 786//786
f 1018//1018 240//240 406//406
f 1093//1093 330//330 1162//1162
f 648//648 487//487 1329//1329
f 1140//1140 1254//1254 218//218
f 1299//1299 742//742 595//595
f 984//984 1098//1098 1352//1352
f 1118//1118 933//933 1259//1259
f 312//312 836//836 119//119
f 284//284 1425//1425 1215//1215
f 1198//1198 179//179 898//898
f 1082//1082 803//803 39//39
f 1354//1354 757//757 1274//1274
f 955//955 128//128 127//127
f 1396//1396 259//259 552//552
f 143//143 791//791 873//873
f 262//262 1539//1539 1584//1584
f 644//644 1050//1050 799//799
f 189//189 1247//1247 784//784
f 755//755 3//3 420//420
f 1278//1278 436//436 1225//1225
f 233//233 1471//1471 175//175
f 1486//1486 741//741 1335//1335
f 618//618 877//877 764//764
f 905//905 198//198 1368//1368
f 545//545 1167//1167 1362//1362
f 1068//1068 62//62 1411//1411
f 261//261 1433//1433 610//610
f 620//620 258//258 1269//1269
f 179//179 187//187 1151//1151
f 898//898 179//179 1151//1151
f 346//346 193//193 998//998
f 1186//1186 1374//1374 54//54
f 742//742 588//588 339//339
f 927//927 588//588 742//742
f 687//687 488//488 40//40
f 750//750 744//744 413//413
f 612//612 1346//1346 1019//1019
f 62//62 171//171 699//699
f 1321//1321 87//87 86//86
f 139//139 758//758 1272//1272
f 1526//1526 251//251 1202//1202
f 1144//1144 1431//1431 34//34
f 762//762 345//345 807//807
f 246//246 1200//1200 244//244
f 1403//1403 533//533 1038//1038
f 390//390 1336//1336 1051//1051
f 1398//1398 463//463 718//718
f 381//381 1491//1491 442//442
f 995//995 67//67 1246//1246
f 859//859 676//676 1377//1377
f 1449//1449 1122//1122 1233//1233
f 300//300 1037//1037 122//122
f 886//886 1477//1477 1413//1413
f 90//90 89//89 1155//1155
f 9//9 290//290 507//507
f 59//59 680//680 1397//1397
f 185//185 637//637 247//247
f 704//704 1507//1507 1058//1058
f 1058//1058 1507//1507 178//178
f 1355//1355 763//763 1458//1458
f 460//460 461//461 198//198
f 550//550 787//787 1275//1275
f 839//839 452//452 1427//1427
f 231//231 1494//1494 515//515
f 830//830 199//199 954//954
f 1260//1260 802//802 174//174
f 1427//1427 1069//1069 473//473
f 659//659 1218//1218 443//443
f 256//256 1137//1137 1389//1389
f 338//338 596//596 186//186
f 1147//1147 400//400 1143//1143
f 749//749 954//954 199//199
f 868//868 224//224 942//942
f 587//587 241//241 1159//1159
f 242//242 1091//1091 48//48
f 723//723 704//704 1531//1531
f 1489//1489 529//529 1492//1492
f 520//520 975//975 544//544
f 503//503 765//765 1277//1277
f 732//732 1518//1518 1257//1257
f 857//857 501//501 506//506
f 932//932 548//548 958//958
f 1158//1158 1370//1370 1380//1380
f 1231//1231 215//215 542//542
f 843//843 790//790 1189//1189
f 1135//1135 880//880 279//279
f 339//339 1075//1075 658//658
f 205//205 848//848 685//685
f 848//848 780//780 685//685
f 403//403 258//258 620//620
f 668//668 76//76 999//999
f 932//932 495//495 929//929
f 946//946 1273//1273 792//792
f 593//593 1237//1237 33//33
f 1081//1081 596//596 1325//1325
f 931//931 226//226 760//760
f 152//152 1242//1242 928//928
f 9//9 104//104 290//290
f 1389//1389 570//570 256//256
f 73//73 766//766 183//183
f 1309//1309 1566//1566 1457//1457
f 1464//1464 1001//1001 263//263
f 584//584 13//13 1223//1223
f 711//711 176//176 1420//1420
f 878//878 1334//1334 1509//1509
f 1200//1200 246//246 967//967
f 548//548 964//964 958//958
f 412//412 584//584 1162//1162
f 354//354 810//810 1040//1040
f 583//583 81//81 1305//1305
f 172//172 1396//1396 832//832
f 699//699 145//145 61//61
f 232//232 931//931 854//854
f 1261//1261 1013//1013 965//965
f 223//223 640//640 589//589
f 1357//1357 677//677 474//474
f 618//618 764//764 687//687
f 778//778 327//327 580//580
f 1015//1015 330//330 169//169
f 959//959 253//253 960//960
f 819//819 257//257 534//534
f 489//489 926//926 434//434
f 267//267 1297//1297 370//370
f 247//247 637//637 397//397
f 556//556 1307//1307 842//842
f 857//857 146//146 501//501
f 461//461 460//460 392//392
f 253//253 1537//1537 278//278
f 876//876 196//196 197//197
f 398//398 572//572 1012//1012
f 1405//1405 640//640 396//396
f 1000//1000 1487//1487 764//764
f 1162//1162 1121//1121 412//412
f 1303//1303 812//812 334//334
f 655//655 1134//1134 37//37
f 1006//1006 1262//1262 983//983
f 489//489 612//612 424//424
f 1214//1214 935//935 924//924
f 1312//1312 806//806 285//285
f 564//564 1078//1078 561//561
f 64//64 1534//1534 1216//1216
f 1004//1004 356//356 793//793
f 1336//1336 845//845 772//772
f 912//912 211//211 934//934
f 878//878 1497//1497 1576//1576
f 1414//1414 328//328 1106//1106
f 402//402 366//366 634//634
f 50//50 51//51 388//388
f 1351//1351 544//544 975//975
f 399//399 1371//1371 1087//1087
f 116//116 1212//1212 303//303
f 1193//1193 613//613 535//535
f 415//415 88//88 21//21
f 104//104 9//9 1122//1122
f 1237//1237 947//947 794//794
f 1149//1149 989//989 750//750
f 1544//1544 449//449 1533//1533
f 1350//1350 475//475 715//715
f 398//398 108//108 572//572
f 465//465 545//545 1362//1362
f 776//776 431//431 730//730
f 1518//1518 1519//1519 1525//1525
f 90//90 1240//1240 707//707
f 848//848 743//743 785//785
f 381//381 1392//1392 1311//1311
f 1426//1426 1562//1562 1524//1524
f 1208//1208 305//305 916//916
f 396//396 58//58 1011//1011
f 562//562 775//775 1100//1100
f 1024//1024 1367//1367 1381//1381
f 1394//1394 238//238 1467//1467
f 19//19 665//665 1576//1576
f 329//329 812//812 577//577
f 1458//1458 1138//1138 1203//1203
f 965//965 1013//1013 654//654
f 706//706 1138//1138 547//547
f 1240//1240 605//605 822//822
f 822//822 605//605 367//367
f 1236//1236 881//881 447//447
f 823//823 1024//1024 1381//1381
f 249//249 347//347 538//538
f 1134//1134 1343//1343 719//719
f 62//62 699//699 1411//1411
f 478//478 26//26 1372//1372
f 79//79 460//460 198//198
f 921//921 492//492 1575//1575
f 1152//1152 452//452 652//652
f 1044//1044 755//755 1546//1546
f 146//146 857//857 915//915
f 1030//1030 982//982 1261//1261
f 1097//1097 770//770 828//828
f 948//948 1355//1355 1317//1317
f 413//413 784//784 1384//1384
f 1430//1430 120//120 393//393
f 1297//1297 1336//1336 772//772
f 1204//1204 482//482 578//578
f 265//265 643//643 610//610
f 709//709 1230//1230 118//118
f 517//517 456//456 688//688
f 1077//1077 1125//1125 601//601
f 193//193 1054//1054 731//731
f 35//35 1173//1173 1375//1375
f 702//702 344//344 1293//1293
f 1074//1074 811//811 546//546
f 1185//1185 537//537 1432//1432
f 414//414 1579//1579 979//979
f 121//121 751//751 752//752
f 300//300 1064//1064 1037//1037
f 801//801 899//899 952//952
f 810//810 354//354 498//498
f 182//182 257//257 819//819
f 357//357 1208//1208 916//916
f 1360//1360 844//844 355//355
f 503//503 851//851 765//765
f 803//803 158//158 39//39
f 63//63 1513//1513 150//150
f 1271//1271 1403//1403 1038//1038
f 1233//1233 351//351 1449//1449
f 1239//1239 240//240 1082//1082
f 1016//1016 517//517 688//688
f 276//276 1321//1321 1338//1338
f 1435//1435 361//361 110//110
f 1219//1219 1478//1478 1515//1515
f 870//870 1153//1153 846//846
f 860//860 311//311 91//91
f 720//720 1514//1514 623//623
f 483//483 97//97 1335//1335
f 1571//1571 355//355 1158//1158
f 209//209 605//605 15//15
f 646//646 402//402 305//305
f 515//515 956//956 231//231
f 297//297 783//783 258//258
f 518//518 849//849 828//828
f 28//28 1153//1153 1066//1066
f 1422//1422 842//842 589//589
f 180//180 474//474 1041//1041
f 1276//1276 959//959 176//176
f 775//775 983//983 264//264
f 894//894 1566//1566 1309//1309
f 789//789 1034//1034 825//825
f 789//789 1393//1393 868//868
f 216//216 411//411 1059//1059
f 1181//1181 710//710 531//531
f 575//575 883//883 467//467
f 1300//1300 1316//1316 1293//1293
f 762//762 1360//1360 1397//1397
f 55//55 1339//1339 677//677
f 484//484 703//703 338//338
f 314//314 83//83 721//721
f 510//510 326//326 3//3
f 1053//1053 1392//1392 7//7
f 1407//1407 810//810 1380//1380
f 846//846 64//64 29//29
f 647//647 372//372 382//382
f 390//390 845//845 1336//1336
f 683//683 695//695 237//237
f 754//754 728//728 470//470
f 805//805 1390//1390 857//857
f 1251//1251 1218//1218 715//715
f 579//579 962//962 1477//1477
f 117//117 352//352 380//380
f 559//559 1180//1180 405//405
f 1539//1539 30//30 1523//1523
f 997//997 621//621 1055//1055
f 1076//1076 343//343 1028//1028
f 925//925 464//464 503//503
f 1277//1277 925//925 503//503
f 212//212 635//635 860//860
f 1305//1305 1433//1433 261//261
f 265//265 1098//1098 984//984
f 1035//1035 952//952 480//480
f 436//436 1395//1395 1225//1225
f 1078//1078 1093//1093 1162//1162
f 11//11 1310//1310 592//592
f 634//634 1425//1425 284//284
f 484//484 728//728 754//754
f 728//728 484//484 667//667
f 25//25 334//334 1353//1353
f 1061//1061 890//890 16//16
f 1008//1008 318//318 2//2
f 1239//1239 1053//1053 7//7
f 89//89 1118//1118 1155//1155
f 478//478 85//85 816//816
f 349//349 1009//1009 973//973
f 211//211 598//598 199//199
f 1350//1350 1546//1546 475//475
f 158//158 803//803 1018//1018
f 808//808 333//333 1408//1408
f 1177//1177 72//72 1248//1248
f 1027//1027 1331//1331 326//326
f 510//510 1027//1027 326//326
f 1390//1390 458//458 353//353
f 239//239 258//258 783//783
f 831//831 1228//1228 640//640
f 1255//1255 672//672 470//470
f 30//30 430//430 1523//1523
f 1441//1441 1132//1132 991//991
f 892//892 1408//1408 713//713
f 596//596 1081//1081 1572//1572
f 628//628 288//288 133//133
f 141//141 266//266 1376//1376
f 741//741 1486//1486 1485//1485
f 1210//1210 1176//1176 419//419
f 1010//1010 549//549 1365//1365
f 1118//1118 1259//1259 183//183
f 388//388 1282//1282 50//50
f 71//71 1322//1322 571//571
f 203//203 664//664 867//867
f 657//657 186//186 217//217
f 934//934 1175//1175 1120//1120
f 283//283 816//816 188//188
f 657//657 217//217 170//170
f 439//439 1089//1089 2//2
f 691//691 273//273 724//724
f 114//114 741//741 689//689
f 173//173 573//573 187//187
f 1528//1528 1216//1216 204//204
f 111//111 269//269 270//270
f 266//266 814//814 80//80
f 529//529 1464//1464 263//263
f 332//332 308//308 877//877
f 720//720 1577//1577 827//827
f 777//777 895//895 540//540
f 1005//1005 1207//1207 497//497
f 792//792 838//838 1569//1569
f 1410//1410 1409//1409 522//522
f 841//841 1333//1333 683//683
f 1334//1334 1163//1163 650//650
f 658//658 1323//1323 115//115
f 1228//1228 533//533 1416//1416
f 1403//1403 1416//1416 533//533
f 23//23 1221//1221 1246//1246
f 1236//1236 447//447 49//49
f 514//514 453//453 340//340
f 537//537 408//408 1287//1287
f 1133//1133 591//591 626//626
f 1354//1354 591//591 1133//1133
f 129//129 1358//1358 582//582
f 1116//1116 202//202 277//277
f 105//105 1462//1462 893//893
f 117//117 380//380 206//206
f 749//749 159//159 954//954
f 749//749 845//845 159//159
f 915//915 1404//1404 426//426
f 1445//1445 1550//1550 1444//1444
f 1578//1578 1549//1549 1547//1547
f 1//1 302//302 1501//1501
f 1287//1287 1446//1446 874//874
f 1570//1570 1529//1529 1551//1551
f 1517//1517 1530//1530 1529//1529
f 1448//1448 1450//1450 1552//1552
f 1493//1493 1480//1480 1504//1504
f 239//239 783//783 1213//1213
f 796//796 966//966 1220//1220
f 394//394 167//167 1448//1448
f 1450//1450 60//60 1551//1551
f 394//394 1448//1448 1553//1553
f 1103//1103 1452//1452 24//24
f 978//978 1453//1453 853//853
f 1554//1554 1444//1444 1550//1550
f 167//167 1450//1450 1448//1448
f 1450//1450 167//167 60//60
f 1454//1454 1329//1329 1073//1073
f 78//78 1455//1455 1103//1103
f 1449//1449 1104//1104 1122//1122
f 1217//1217 1219//1219 1579//1579
f 1510//1510 82//82 1113//1113
f 1209//1209 1497//1497 528//528
f 434//434 612//612 489//489
f 557//557 1279//1279 21//21
f 1459//1459 1421//1421 1506//1506
f 1451//1451 67//67 841//841
f 67//67 1451//1451 748//748
f 22//22 1588//1588 1581//1581
f 1454//1454 648//648 1329//1329
f 1460//1460 956//956 1421//1421
f 1462//1462 105//105 1547//1547
f 215//215 1554//1554 105//105
f 1461//1461 631//631 861//861
f 1463//1463 12//12 316//316
f 1300//1300 1168//1168 1316//1316
f 1492//1492 1463//1463 316//316
f 1463//1463 1492//1492 1515//1515
f 1521//1521 1515//1515 1492//1492
f 1479//1479 1465//1465 1488//1488
f 875//875 1466//1466 638//638
f 302//302 490//490 1455//1455
f 1315//1315 1468//1468 668//668
f 1361//1361 1469//1469 1077//1077
f 286//286 1373//1373 178//178
f 1452//1452 1103//1103 694//694
f 729//729 1484//1484 1179//1179
f 528//528 1497//1497 1188//1188
f 771//771 992//992 1471//1471
f 992//992 771//771 1188//1188
f 1471//1471 992//992 175//175
f 27//27 26//26 1563//1563
f 998//998 375//375 346//346
f 1315//1315 1584//1584 1522//1522
f 1140//1140 1475//1475 879//879
f 1558//1558 1580//1580 1548//1548
f 809//809 1476//1476 479//479
f 1498//1498 60//60 451//451
f 784//784 312//312 119//119
f 962//962 1361//1361 1477//1477
f 507//507 210//210 231//231
f 987//987 1457//1457 988//988
f 1073//1073 1141//1141 652//652
f 1453//1453 963//963 1443//1443
f 1310//1310 1443//1443 963//963
f 1031//1031 1467//1467 1385//1385
f 1452//1452 1484//1484 729//729
f 24//24 1465//1465 1479//1479
f 1559//1559 1553//1553 1448//1448
f 436//436 335//335 869//869
f 488//488 946//946 1560//1560
f 1103//1103 24//24 1545//1545
f 1492//1492 1483//1483 1521//1521
f 1013//1013 1281//1281 654//654
f 1459//1459 1506//1506 1481//1481
f 1001//1001 1481//1481 660//660
f 1470//1470 65//65 1481//1481
f 660//660 1481//1481 65//65
f 652//652 788//788 277//277
f 1480//1480 1479//1479 102//102
f 1454//1454 601//601 648//648
f 996//996 1233//1233 227//227
f 263//263 1142//1142 1483//1483
f 1484//1484 1326//1326 462//462
f 817//817 1485//1485 798//798
f 1205//1205 996//996 227//227
f 996//996 1205//1205 274//274
f 1420//1420 505//505 711//711
f 1528//1528 1466//1466 1056//1056
f 1469//1469 485//485 1077//1077
f 694//694 490//490 1326//1326
f 893//893 558//558 1487//1487
f 348//348 631//631 46//46
f 1488//1488 102//102 1479//1479
f 1520//1520 529//529 1489//1489
f 529//529 1520//1520 1464//1464
f 619//619 1298//1298 1418//1418
f 1455//1455 190//190 302//302
f 190//190 1455//1455 78//78
f 1490//1490 19//19 1209//1209
f 1277//1277 531//531 925//925
f 1077//1077 1413//1413 1361//1361
f 694//694 1455//1455 490//490
f 230//230 1557//1557 1543//1543
f 1217//1217 1579//1579 76//76
f 46//46 1461//1461 525//525
f 1491//1491 381//381 653//653
f 1492//1492 529//529 1483//1483
f 263//263 1483//1483 529//529
f 1002//1002 366//366 1334//1334
f 1474//1474 1495//1495 1494//1494
f 307//307 1494//1494 1495//1495
f 307//307 1495//1495 98//98
f 82//82 1510//1510 722//722
f 131//131 824//824 999//999
f 1484//1484 701//701 1179//1179
f 925//925 710//710 1036//1036
f 720//720 1224//1224 404//404
f 1487//1487 1000//1000 893//893
f 64//64 28//28 1534//1534
f 1498//1498 1541//1541 1499//1499
f 1498//1498 1499//1499 1570//1570
f 1348//1348 483//483 168//168
f 1500//1500 65//65 19//19
f 468//468 1501//1501 190//190
f 1476//1476 1475//1475 479//479
f 1575//1575 1463//1463 519//519
f 629//629 63//63 150//150
f 302//302 190//190 1501//1501
f 1413//1413 1477//1477 1361//1361
f 221//221 1502//1502 1512//1512
f 1503//1503 290//290 36//36
f 307//307 686//686 1472//1472
f 879//879 1504//1504 31//31
f 1470//1470 1472//1472 797//797
f 490//490 972//972 1326//1326
f 36//36 1501//1501 468//468
f 1205//1205 838//838 82//82
f 1464//1464 1520//1520 1124//1124
f 1216//1216 1534//1534 204//204
f 1219//1219 1521//1521 1579//1579
f 979//979 1521//1521 1483//1483
f 865//865 864//864 44//44
f 1506//1506 956//956 515//515
f 827//827 1514//1514 720//720
f 1514//1514 1500//1500 1490//1490
f 492//492 875//875 12//12
f 1124//1124 1459//1459 1464//1464
f 1507//1507 704//704 1415//1415
f 36//36 468//468 1503//1503
f 1476//1476 1503//1503 468//468
f 874//874 15//15 1432//1432
f 1277//1277 70//70 427//427
f 1146//1146 656//656 1014//1014
f 1508//1508 462//462 99//99
f 1452//1452 729//729 24//24
f 1466//1466 875//875 492//492
f 1002//1002 878//878 184//184
f 1478//1478 1219//1219 1217//1217
f 78//78 1493//1493 190//190
f 1446//1446 472//472 143//143
f 968//968 143//143 472//472
f 1496//1496 937//937 45//45
f 82//82 1273//1273 1113//1113
f 1188//1188 1509//1509 383//383
f 1509//1509 1188//1188 1497//1497
f 722//722 1510//1510 1060//1060
f 1474//1474 1503//1503 1476//1476
f 1418//1418 1488//1488 518//518
f 1426//1426 436//436 869//869
f 1468//1468 1582//1582 1573//1573
f 1202//1202 1469//1469 1361//1361
f 570//570 616//616 256//256
f 792//792 1460//1460 946//946
f 1577//1577 660//660 827//827
f 1500//1500 827//827 660//660
f 316//316 969//969 1489//1489
f 689//689 1485//1485 817//817
f 1304//1304 156//156 1064//1064
f 1512//1512 369//369 585//585
f 920//920 909//909 526//526
f 1560//1560 1460//1460 1124//1124
f 1460//1460 1560//1560 946//946
f 920//920 526//526 527//527
f 1480//1480 102//102 1504//1504
f 1116//1116 399//399 202//202
f 1511//1511 540//540 895//895
f 220//220 1505//1505 1096//1096
f 431//431 144//144 730//730
f 1503//1503 1474//1474 210//210
f 42//42 1274//1274 1438//1438
f 528//528 771//771 1490//1490
f 432//432 405//405 431//431
f 406//406 240//240 656//656
f 1219//1219 1515//1515 1521//1521
f 67//67 748//748 1246//1246
f 40//40 488//488 1560//1560
f 492//492 12//12 1575//1575
f 316//316 1489//1489 1492//1492
f 1334//1334 650//650 1509//1509
f 383//383 1509//1509 650//650
f 685//685 6//6 753//753
f 831//831 85//85 1228//1228
f 1576//1576 1209//1209 19//19
f 908//908 1541//1541 8//8
f 1541//1541 996//996 274//274
f 1495//1495 777//777 98//98
f 1515//1515 1478//1478 519//519
f 1514//1514 771//771 623//623
f 956//956 957//957 231//231
f 510//510 3//3 755//755
f 581//581 1462//1462 1549//1549
f 1218//1218 1350//1350 715//715
f 579//579 1477//1477 1115//1115
f 730//730 144//144 184//184
f 1486//1486 1054//1054 1485//1485
f 227//227 1233//1233 9//9
f 792//792 957//957 956//956
f 1554//1554 1516//1516 1444//1444
f 1444//1444 1516//1516 1587//1587
f 9//9 1543//1543 227//227
f 78//78 1480//1480 1493//1493
f 161//161 164//164 317//317
f 1518//1518 825//825 1519//1519
f 1530//1530 1517//1517 1578//1578
f 1285//1285 364//364 714//714
f 1424//1424 1067//1067 714//714
f 841//841 67//67 995//995
f 430//430 1522//1522 1523//1523
f 1522//1522 430//430 523//523
f 1265//1265 1525//1525 185//185
f 1346//1346 1526//1526 736//736
f 275//275 1101//1101 32//32
f 1444//1444 1456//1456 1445//1445
f 638//638 1528//1528 245//245
f 245//245 1528//1528 606//606
f 1527//1527 606//606 1528//1528
f 1530//1530 1447//1447 1551//1551
f 674//674 1531//1531 1058//1058
f 457//457 53//53 427//427
f 1201//1201 1080//1080 684//684
f 900//900 1101//1101 386//386
f 185//185 1525//1525 778//778
f 1235//1235 1532//1532 1178//1178
f 1528//1528 638//638 1466//1466
f 1109//1109 496//496 1533//1533
f 326//326 1533//1533 496//496
f 921//921 29//29 1056//1056
f 1534//1534 1170//1170 1130//1130
f 1007//1007 1535//1535 377//377
f 1160//1160 1426//1426 869//869
f 245//245 1536//1536 332//332
f 1137//1137 1574//1574 1007//1007
f 383//383 966//966 992//992
f 523//523 1468//1468 1522//1522
f 1468//1468 1315//1315 1522//1522
f 824//824 262//262 1584//1584
f 1023//1023 6//6 370//370
f 1364//1364 1542//1542 808//808
f 1300//1300 1293//1293 344//344
f 1524//1524 1385//1385 112//112
f 1225//1225 1395//1395 1583//1583
f 1535//1535 1182//1182 1351//1351
f 1538//1538 1217//1217 668//668
f 1065//1065 196//196 1279//1279
f 1539//1539 532//532 554//554
f 962//962 1526//1526 1202//1202
f 1540//1540 585//585 695//695
f 423//423 281//281 450//450
f 1183//1183 100//100 151//151
f 1536//1536 308//308 332//332
f 597//597 1542//1542 1364//1364
f 1105//1105 60//60 167//167
f 1183//1183 151//151 101//101
f 164//164 1146//1146 317//317
f 1436//1436 1532//1532 1235//1235
f 1532//1532 1436//1436 591//591
f 1051//1051 1336//1336 267//267
f 446//446 992//992 966//966
f 1532//1532 42//42 862//862
f 687//687 1195//1195 1113//1113
f 230//230 1543//1543 507//507
f 532//532 1539//1539 262//262
f 852//852 829//829 1136//1136
f 147//147 74//74 770//770
f 1544//1544 150//150 449//449
f 496//496 1164//1164 3//3
f 435//435 993//993 1400//1400
f 1539//1539 1523//1523 1584//1584
f 853//853 949//949 978//978
f 1377//1377 676//676 1431//1431
f 457//457 427//427 889//889
f 1537//1537 1378//1378 278//278
f 1545//1545 78//78 1103//1103
f 1331//1331 1544//1544 326//326
f 1533//1533 326//326 1544//1544
f 1525//1525 1519//1519 778//778
f 1426//1426 1524//1524 1395//1395
f 1524//1524 153//153 1583//1583
f 700//700 1300//1300 344//344
f 1546//1546 755//755 475//475
f 1287//1287 408//408 1420//1420
f 1480//1480 1545//1545 1479//1479
f 1516//1516 1453//1453 1548//1548
f 1443//1443 1548//1548 1453//1453
f 11//11 1585//1585 1443//1443
f 1549//1549 1517//1517 1561//1561
f 1445//1445 1578//1578 1550//1550
f 1578//1578 1517//1517 1549//1549
f 1550//1550 1578//1578 1547//1547
f 60//60 1570//1570 1551//1551
f 1570//1570 1499//1499 1529//1529
f 1551//1551 1529//1529 1530//1530
f 1529//1529 1499//1499 1561//1561
f 1450//1450 1551//1551 1447//1447
f 1451//1451 1553//1553 748//748
f 1553//1553 1451//1451 394//394
f 1554//1554 1550//1550 1547//1547
f 1453//1453 1516//1516 1231//1231
f 1554//1554 1231//1231 1516//1516
f 1581//1581 1556//1556 1555//1555
f 838//838 1557//1557 1569//1569
f 1473//1473 1217//1217 1538//1538
f 1456//1456 1444//1444 1587//1587
f 1548//1548 1587//1587 1516//1516
f 1478//1478 1217//1217 1473//1473
f 1447//1447 1456//1456 1552//1552
f 1559//1559 1588//1588 1553//1553
f 1552//1552 1559//1559 1448//1448
f 1545//1545 24//24 1479//1479
f 1086//1086 54//54 612//612
f 1577//1577 378//378 1001//1001
f 1543//1543 1557//1557 227//227
f 1490//1490 1500//1500 19//19
f 1520//1520 1560//1560 1124//1124
f 1521//1521 979//979 1579//1579
f 1464//1464 1459//1459 1001//1001
f 274//274 8//8 1541//1541
f 1462//1462 1547//1547 1549//1549
f 1554//1554 215//215 1231//1231
f 1529//1529 1561//1561 1517//1517
f 1385//1385 1562//1562 1165//1165
f 511//511 1212//1212 1300//1300
f 597//597 904//904 80//80
f 27//27 1563//1563 543//543
f 282//282 554//554 630//630
f 1160//1160 1562//1562 1426//1426
f 1193//1193 1154//1154 613//613
f 467//467 1564//1564 49//49
f 1457//1457 1566//1566 304//304
f 301//301 490//490 302//302
f 1079//1079 1190//1190 376//376
f 386//386 1567//1567 900//900
f 52//52 91//91 311//311
f 1567//1567 1199//1199 1568//1568
f 814//814 1183//1183 703//703
f 957//957 1569//1569 230//230
f 1335//1335 17//17 483//483
f 117//117 733//733 1582//1582
f 575//575 246//246 248//248
f 671//671 612//612 434//434
f 1519//1519 327//327 778//778
f 164//164 342//342 815//815
f 1582//1582 1468//1468 352//352
f 523//523 352//352 1468//1468
f 985//985 325//325 467//467
f 1565//1565 301//301 1//1
f 1147//1147 281//281 423//423
f 1564//1564 706//706 1236//1236
f 186//186 1572//1572 217//217
f 217//217 1572//1572 1148//1148
f 237//237 167//167 683//683
f 668//668 1573//1573 1538//1538
f 1574//1574 408//408 1182//1182
f 1575//1575 903//903 921//921
f 901//901 575//575 248//248
f 1567//1567 1568//1568 1085//1085
f 507//507 1503//1503 210//210
f 1576//1576 1497//1497 1209//1209
f 1351//1351 975//975 57//57
f 1562//1562 1385//1385 1524//1524
f 894//894 153//153 1524//1524
f 1571//1571 1380//1380 59//59
f 596//596 1572//1572 186//186
f 1572//1572 1081//1081 1148//1148
f 792//792 1569//1569 957//957
f 1578//1578 1445//1445 1530//1530
f 1588//1588 1556//1556 1581//1581
f 1558//1558 1555//1555 1556//1556
f 1559//1559 1586//1586 1556//1556
f 165//165 164//164 815//815
f 1558//1558 1585//1585 1555//1555
f 138//138 1577//1577 720//720
f 1498//1498 1570//1570 60//60
f 1493//1493 1475//1475 190//190
f 1582//1582 733//733 1573//1573
f 1289//1289 1573//1573 733//733
f 771//771 1514//1514 1490//1490
f 1447//1447 1530//1530 1456//1456
f 1445//1445 1456//1456 1530//1530
f 1212//1212 1168//1168 1300//1300
f 894//894 1524//1524 112//112
f 1//1 301//301 302//302
f 1408//1408 892//892 1285//1285
f 1574//1574 1182//1182 1007//1007
f 1420//1420 1574//1574 1137//1137
f 597//597 1364//1364 1424//1424
f 49//49 1564//1564 1236//1236
f 1067//1067 1408//1408 1285//1285
f 1568//1568 1526//1526 1308//1308
f 3//3 1164//1164 420//420
f 435//435 1400//1400 420//420
f 949//949 43//43 978//978
f 91//91 818//818 633//633
f 1566//1566 697//697 304//304
f 1524//1524 1583//1583 1395//1395
f 1585//1585 1548//1548 1443//1443
f 581//581 1561//1561 908//908
f 1561//1561 581//581 1549//1549
f 1561//1561 1499//1499 908//908
f 1580//1580 1586//1586 1456//1456
f 1586//1586 1580//1580 1558//1558
f 22//22 1581//1581 111//111
f 1555//1555 111//111 1581//1581
f 1456//1456 1586//1586 1552//1552
f 1556//1556 1586//1586 1558//1558
f 1569//1569 1557//1557 230//230
f 1522//1522 1584//1584 1523//1523
f 269//269 1585//1585 11//11
f 1548//1548 1585//1585 1558//1558
f 748//748 1588//1588 22//22
f 1556//1556 1588//1588 1559//1559
f 1586//1586 1559//1559 1552//1552
f 1588//1588 748//748 1553//1553
f 111//111 1555//1555 269//269
f 1585//1585 269//269 1555//1555
f 1587//1587 1548//1548 1580//1580
f 612//612 54//54 424//424
f 1538//1538 1573//1573 1289//1289
# 3172 faces, 0 coords texture

# End of File
