####
#
# OBJ File Generated by Meshlab
#
####
# Object sortinghat_final.obj
#
# Vertices: 2055
# Faces: 4106
#
####
mtllib ./sortinghat_final.obj.mtl

vn 0.097291 -0.994082 0.048321
v -4.872742 3.005237 22.900064
vn -0.206890 0.759318 0.616955
v 1.429700 50.589001 15.739800
vn -0.639102 0.239225 0.730972
v 1.323400 50.476700 15.748000
vn 0.416410 0.484458 0.769353
v 1.569000 50.530701 15.777600
vn -0.913755 0.049202 0.403275
v 1.024373 50.369068 15.223551
vn -0.126174 -0.973576 -0.190344
v -5.060604 3.653638 15.239579
vn -0.115639 -0.945049 -0.305793
v -9.915677 4.612729 15.304245
vn 0.058719 -0.996573 0.058256
v 0.491235 3.255198 16.260176
vn 0.045571 -0.998940 0.006499
v -1.941834 3.220967 17.539957
vn -0.162319 -0.932261 -0.323329
v -6.748880 4.358501 13.646490
vn -0.204633 -0.900999 -0.382526
v -3.225900 3.857400 12.573900
vn -0.090193 -0.915096 -0.393019
v -9.319785 5.165621 11.846635
vn -0.040542 -0.983577 -0.175879
v -27.720097 2.451211 20.201244
vn -0.041609 -0.980330 -0.192929
v -29.260748 2.855675 18.266119
vn -0.030967 -0.978260 -0.205055
v -26.915854 2.916488 17.753630
vn -0.216350 -0.374705 0.901548
v -4.646700 48.801048 5.429250
vn -0.417601 -0.717024 0.558109
v -4.452400 46.351101 4.014300
vn 0.376522 0.201927 0.904133
v -6.273500 25.856001 5.418600
vn 0.163740 0.102387 0.981176
v -6.724300 26.041700 5.460500
vn -0.004359 0.245349 0.969425
v -6.950900 25.706600 5.599500
vn 0.351764 0.434493 0.829143
v -6.194600 25.462299 5.468200
vn 0.545052 -0.303081 0.781703
v -5.851300 26.050400 5.227400
vn 0.697367 0.432615 0.571422
v -5.709200 25.630400 4.884000
vn -0.288918 0.534902 0.793981
v -4.914900 52.382401 4.874200
vn -0.500071 0.662519 0.557671
v -5.483800 52.627899 4.442900
vn -0.736711 0.310177 0.600872
v -6.024700 51.362099 4.936100
vn 0.841434 0.236683 0.485768
v 4.299833 19.974157 1.473427
vn 0.856971 -0.094763 0.506577
v 3.739681 23.262390 1.358322
vn 0.970499 0.133954 0.200471
v 4.828025 22.294634 -0.983562
vn -0.077407 0.631985 0.771105
v -8.852900 24.365900 5.952700
vn -0.078386 0.508642 0.857402
v -10.395600 24.346399 6.218800
vn -0.120168 0.471012 0.873904
v -10.524600 23.575800 6.343000
vn 0.290619 0.726548 0.622630
v 2.095837 26.936174 2.188243
vn 0.122035 -0.966125 -0.227399
v -21.319403 5.851895 9.456581
vn 0.107137 -0.921499 -0.373310
v -21.348597 3.883427 15.111073
vn 0.105025 -0.933745 -0.342183
v -23.414993 4.543849 12.636951
vn 0.142611 -0.955872 -0.256848
v -24.761578 5.258890 10.369219
vn 0.168340 -0.972981 -0.158015
v -21.909584 6.267138 6.046505
vn 0.962325 0.206995 0.176304
v 4.810950 25.381050 0.151250
vn 0.982383 0.171215 -0.074900
v 4.674846 24.471897 -2.800735
vn -0.697542 0.396175 0.597060
v -7.125564 51.796803 3.251233
vn -0.832399 0.062678 0.550621
v -6.297700 51.131001 4.046800
vn -0.179356 0.598831 0.780534
v -4.927200 36.352299 1.962800
vn -0.320103 0.343805 0.882798
v -4.307800 36.773102 1.882800
vn -0.111353 -0.108581 0.987831
v -5.924800 37.143101 1.628400
vn 0.024131 0.623839 0.781181
v -6.016800 36.308102 1.595600
vn -0.006087 0.876774 0.480864
v -5.948900 36.182999 2.072500
vn 0.553004 0.681061 0.479940
v 2.638214 28.190008 -0.088408
vn -0.075774 -0.769174 0.634531
v -3.929000 44.513802 1.506600
vn -0.034497 -0.776710 0.628913
v -3.720000 45.263699 2.852900
vn -0.696054 -0.464212 0.547738
v -4.397000 45.242401 1.926450
vn -0.288066 -0.425718 0.857777
v -5.279100 44.216202 0.799100
vn 0.677835 0.273787 0.682334
v 0.770600 35.045200 0.977300
vn 0.558283 0.654927 0.509304
v 0.848160 36.966595 -1.130903
vn -0.667865 -0.366750 0.647650
v -8.015412 48.212143 2.512816
vn -0.032165 0.328611 0.943918
v -5.952700 39.154999 1.555000
vn -0.733630 -0.483111 0.477902
v -4.698500 46.135899 1.667800
vn 0.580572 0.510387 0.634383
v -2.000192 38.879143 0.058713
vn -0.229627 0.958793 0.167296
v -5.394938 53.931629 1.214522
vn -0.358445 0.895616 0.263417
v -7.504400 53.755600 -0.121900
vn -0.118148 0.674326 0.728921
v -11.609305 34.451500 3.000539
vn -0.156572 0.624163 0.765445
v -9.907700 35.136398 2.996800
vn 0.785874 -0.409953 0.462969
v 7.112200 15.693100 -3.144900
vn 0.429961 0.891968 0.139740
v 8.854822 14.834892 -3.488197
vn -0.172093 -0.235531 0.956509
v -7.255000 45.510502 -0.131200
vn -0.254147 -0.546977 0.797637
v -6.296000 45.725601 0.003200
vn -0.349198 0.240242 0.905729
v -5.986000 44.323650 0.584350
vn -0.295915 0.272682 0.915466
v -6.300100 45.014702 -0.111000
vn 0.950089 0.264418 0.165575
v 1.570400 36.601852 -1.985352
vn 0.920134 0.296969 0.255272
v 9.569100 16.271700 -5.377500
vn 0.990709 0.099186 0.093044
v 9.957795 14.974965 -5.889981
vn 0.054754 0.420786 0.905506
v -7.687800 44.696899 0.394100
vn -0.038928 0.289257 0.956459
v -9.031500 45.505199 0.222600
vn -0.521229 0.152966 0.839596
v -9.923000 44.904099 0.053800
vn 0.358316 -0.320432 0.876888
v -8.245800 42.657600 0.334400
vn -0.872306 0.107500 0.476997
v -9.000473 50.277824 1.333569
vn -0.052234 -0.998111 -0.032349
v -14.616940 8.957844 2.140641
vn -0.121088 -0.313251 0.941919
v -17.563400 16.527399 3.472100
vn -0.440055 -0.039334 0.897109
v -19.779699 15.999700 2.591400
vn -0.505248 0.304976 0.807288
v -19.903400 15.607300 2.480800
vn -0.410654 0.828206 0.381363
v -18.278000 15.910700 3.447100
vn 0.081676 0.141512 0.986561
v -8.824700 41.844501 0.578200
vn -0.147124 0.068219 0.986763
v -9.251258 42.932835 0.529702
vn 0.108972 0.131910 0.985254
v -16.833900 16.583799 3.464300
vn 0.355917 0.854534 0.378280
v -16.172001 16.108000 3.438000
vn 0.436866 -0.817444 0.375410
v -15.902300 16.808201 3.268700
vn 0.307952 0.942190 -0.132072
v -3.417252 53.895378 -0.340748
vn -0.327437 0.198879 0.923706
v -9.994100 46.919899 -0.361400
vn -0.797021 0.008181 0.603896
v -10.642500 46.713799 -0.767000
vn -0.166584 0.377188 0.911032
v -8.774100 39.451599 0.826600
vn -0.330373 0.022997 0.943570
v -11.034050 41.763847 0.422500
vn 0.367304 0.806604 0.463117
v -2.679824 40.591064 -1.811474
vn 0.966031 0.094393 -0.240570
v 0.835982 35.885429 -4.839012
vn 0.987494 0.152967 0.038177
v 1.414300 38.733299 -4.591800
vn -0.586157 0.452765 0.671881
v -11.526695 43.201748 -0.746578
vn -0.781240 0.143988 0.607397
v -13.287599 41.907249 -1.227800
vn 0.710143 0.146723 0.688600
v -16.227200 16.255199 2.191300
vn 0.867677 0.399421 0.295970
v -16.159599 16.117500 2.944600
vn -0.459687 0.365740 0.809273
v -15.280900 16.481300 2.550200
vn 0.945973 0.292300 -0.140345
v 4.053391 26.744818 -4.221870
vn 0.931239 0.226297 -0.285630
v 2.947276 27.459742 -6.941458
vn 0.051760 -0.668080 0.742287
v -15.538100 16.554899 2.466900
vn -0.730818 0.278596 0.623129
v -21.690752 13.339206 3.230861
vn 0.685832 0.264089 0.678153
v -0.536700 43.383801 -4.786900
vn 0.311523 -0.011345 0.950171
v -1.217900 42.611500 -4.424800
vn 0.815405 -0.464876 0.344971
v -1.192200 43.081001 -3.992300
vn 0.876290 0.264572 0.402638
v 0.184400 42.815048 -5.115850
vn -0.629452 0.692365 0.352734
v -21.946400 14.397400 2.008500
vn -0.657158 0.457057 0.599368
v -20.643951 14.292150 3.597799
vn -0.629179 0.743338 0.227117
v -21.794399 14.545800 1.536800
vn -0.783763 0.411802 0.464903
v -12.183522 44.422924 -2.892367
vn -0.896942 0.386838 0.214127
v -13.746587 43.188713 -3.856955
vn -0.503274 0.824680 0.258105
v -8.658300 53.587101 -0.970400
vn -0.159334 0.952601 -0.259161
v -7.982559 53.364029 -3.342809
vn -0.609810 -0.625709 0.486435
v -14.325300 33.211399 0.094900
vn -0.722674 0.458491 0.517231
v -17.741858 22.989662 1.220506
vn -0.920475 0.265881 0.286415
v -10.788400 50.872501 -2.357800
vn -0.927003 0.374560 0.019237
v -11.010017 50.105854 -3.579087
vn 0.786611 0.274417 -0.553116
v -1.198200 44.782902 -8.179500
vn 0.945266 0.254801 -0.203836
v -0.296950 45.517097 -6.599100
vn -0.732745 0.576695 -0.361258
v -10.913300 50.188499 -5.870400
vn 0.974950 0.115646 -0.189993
v 0.129000 43.381699 -6.345800
vn 0.892379 0.336770 -0.300409
v -0.161600 43.300800 -7.255400
vn 0.667937 0.463767 -0.582049
v -2.321029 44.988297 -9.688610
vn 0.581450 0.445269 -0.680920
v -2.986883 47.499454 -8.576019
vn 0.125110 -0.980421 -0.152060
v -24.072653 6.428659 1.118837
vn -0.392380 0.577451 -0.715953
v -9.005816 49.439613 -7.689785
vn 0.090834 0.992129 0.086198
v -27.914320 7.988286 0.087058
vn -0.995080 -0.077408 -0.061846
v -17.263399 32.141800 -6.276000
vn -0.882472 0.465553 -0.067104
v -17.117001 34.344299 -3.565900
vn -0.973911 0.220786 -0.052447
v -17.233200 33.373100 -5.920400
vn -0.906289 0.255554 -0.336649
v -16.978144 33.376160 -7.919486
vn -0.984698 -0.108434 0.136428
v -17.416599 33.298199 -3.213500
vn -0.953170 0.162421 -0.255122
v -16.910540 30.670723 -8.045884
vn 0.197834 0.423641 -0.883963
v -4.981139 45.925682 -11.168697
vn -0.976553 0.207915 0.055817
v -23.146324 16.953962 -5.296840
vn -0.920262 0.385109 0.069346
v -18.755255 25.356863 -5.200190
vn -0.932282 0.344093 -0.111579
v -18.420097 26.228643 -8.206264
vn -0.689948 0.280573 -0.667271
v -14.787100 32.293400 -11.673900
vn -0.790010 0.300544 -0.534376
v -16.109501 32.787998 -9.917400
vn -0.050841 -0.998567 -0.016741
v -15.419131 9.204809 -6.575337
vn -0.686489 0.658720 0.307930
v -22.571751 14.118050 -6.059850
vn -0.357166 0.696244 0.622637
v -22.848801 14.691200 -7.098200
vn -0.114548 -0.992980 -0.029500
v -26.883434 7.140056 -4.920681
vn 0.160056 0.986143 0.043634
v -25.698435 7.929783 -5.452407
vn -0.822774 0.312771 -0.474570
v -17.400887 28.229952 -9.698235
vn -0.763329 0.174239 -0.622069
v -15.072701 30.269850 -11.453250
vn -0.887977 0.449137 -0.098855
v -23.315529 15.785879 -8.385276
vn -0.832717 0.404403 -0.378207
v -18.384399 25.624901 -9.627700
vn -0.846065 0.322317 -0.424601
v -19.059242 23.133125 -11.054433
vn 0.210015 0.577854 -0.788656
v -5.884780 33.042553 -15.036359
vn -0.622748 0.588548 -0.515554
v -16.891432 24.613411 -12.612013
vn -0.121646 0.538638 -0.833709
v -8.454660 34.382481 -14.009221
vn -0.145468 0.501904 -0.852603
v -8.196076 32.033199 -16.892553
vn 0.151295 0.073511 -0.985752
v -6.582600 29.384800 -17.565901
vn 0.394966 -0.199743 -0.896719
v -6.060700 28.988001 -17.342199
vn 0.107372 -0.454760 -0.884118
v -6.977300 28.089899 -17.265100
vn 0.425318 -0.578606 -0.695931
v -6.878800 27.410400 -16.554199
vn 0.113858 0.988688 -0.097633
v -26.045761 7.606254 -13.709331
vn -0.649193 0.417850 -0.635570
v -21.415701 13.192600 -13.472400
vn 0.084907 0.986654 -0.138943
v -24.238447 7.328848 -13.143912
vn -0.031600 -0.972466 0.230891
v -1.028790 2.827452 -29.033827
vn -0.045662 -0.948920 0.312194
v -1.837223 3.604045 -27.181688
vn -0.087977 -0.991842 0.092248
v -6.382060 3.148523 -30.144945
vn -0.090111 -0.986465 0.136993
v -3.480448 2.932763 -29.960325
vn -0.010039 -0.987601 0.156665
v 4.576656 3.318129 -28.079647
vn -0.031058 -0.971081 0.236724
v 1.620648 3.722796 -26.653502
vn -0.125247 -0.990807 -0.051142
v 1.769076 2.415895 -38.656750
vn -0.107264 -0.993381 -0.041102
v -0.731501 2.694860 -38.234226
vn 0.115891 -0.991844 -0.053050
v -24.858999 6.788400 -4.421200
vn -0.063497 -0.994917 0.078151
v -27.074905 7.021345 -9.205492
vn 0.121582 -0.991314 0.050139
v -25.089901 6.902600 -8.137700
vn -0.524910 0.785177 -0.328584
v -22.915600 7.474050 -12.248800
vn -0.515455 0.686908 -0.512313
v -21.709600 7.174850 -14.250750
vn -0.063001 0.940528 -0.333824
v -21.588200 6.823300 -14.986300
vn -0.617774 0.514037 -0.595081
v -20.419701 7.034800 -15.828800
vn -0.222997 0.911864 -0.344640
v -20.630199 6.694600 -16.056999
vn 0.108112 0.988273 -0.107834
v -23.711557 7.025684 -16.399115
vn 0.135600 0.986860 -0.087858
v -27.364664 7.326875 -16.824810
vn 0.139873 0.986458 -0.085646
v -28.976669 7.770178 -13.775681
vn 0.233605 0.969222 -0.077703
v -31.338593 8.295765 -13.205509
vn 0.229809 0.972179 -0.045344
v -31.223942 8.129604 -16.443964
vn 0.248750 0.965436 -0.077825
v -32.524971 8.844971 -10.843008
vn 0.249659 0.965434 -0.074884
v -34.097542 9.017903 -14.308377
vn 0.227684 0.971936 -0.059164
v -35.472721 9.711079 -10.839096
vn 0.133922 0.987002 -0.088837
v -38.318340 9.925643 -14.434277
vn 0.141349 0.989564 -0.027989
v -37.698040 10.184745 -9.792946
vn 0.183556 0.982569 0.029416
v -36.317352 9.936722 -7.412840
vn 0.063010 0.996345 -0.057667
v -39.923393 10.295608 -11.653812
vn 0.105380 0.993165 0.050189
v -38.855698 10.248566 -6.518577
vn 0.050348 0.998726 -0.003406
v -40.124077 10.422934 -8.798342
vn 0.062908 0.994213 0.087084
v -40.140011 10.164454 -3.399725
vn 0.006105 0.999086 0.042312
v -41.392513 10.403083 -6.507062
vn 0.015429 0.991944 0.125738
v -41.760246 9.946650 -0.821563
vn 0.015059 0.982614 0.185047
v -42.227074 9.514667 1.862334
vn 0.039987 0.973116 0.226818
v -42.452419 8.844063 5.006565
vn 0.060869 0.963549 0.260516
v -41.734055 8.088105 7.780039
vn 0.043299 0.968181 0.246475
v -39.970531 6.722457 12.308407
vn -0.027971 0.958449 0.283888
v -42.205368 7.586855 9.643639
vn -0.247479 0.899760 0.359426
v -41.196400 6.184550 14.685450
vn -0.766307 0.170239 0.619509
v -41.270000 5.425300 16.163300
vn -0.621296 0.501525 0.602050
v -39.472301 5.180200 18.422701
vn -0.338577 0.823186 0.455774
v -37.377602 4.776300 20.483200
vn -0.065168 0.929816 0.362209
v -35.155300 4.197100 22.433399
vn -0.628385 -0.731025 0.265962
v -39.395000 4.347500 18.133400
vn -0.795064 -0.228895 0.561677
v -37.787300 4.039500 20.600599
vn -0.684643 0.105510 0.721202
v -35.796001 3.678400 22.933399
vn -0.517257 0.413356 0.749388
v -33.389999 3.314100 24.963100
vn -0.004194 0.959172 0.282792
v -32.841999 3.625000 24.365400
vn -0.355769 -0.933017 0.053932
v -37.330601 3.593000 20.089701
vn -0.442744 -0.880585 0.168961
v -35.430099 3.007300 22.400299
vn -0.486798 -0.780979 0.391280
v -33.284401 2.531100 24.651600
vn -0.320157 -0.884345 0.339756
v -29.704899 1.915859 27.175941
vn -0.489424 0.352843 0.797475
v -30.932699 2.794500 26.932600
vn 0.053511 -0.998558 -0.004313
v -21.882828 1.991262 29.715683
vn 0.074108 -0.996977 -0.023356
v -13.614955 2.726008 29.802959
vn 0.085162 -0.995075 -0.050731
v -19.027493 2.238256 29.912577
vn 0.078714 -0.994574 -0.068019
v -16.017828 2.678441 28.200167
vn 0.061351 -0.997455 -0.036332
v -11.009169 2.836650 28.468710
vn 0.049624 -0.998486 -0.023724
v -12.606009 2.986824 26.366070
vn 0.058341 -0.998072 -0.021169
v -9.043634 3.177769 26.709675
vn 0.086082 -0.996245 0.009273
v -6.179820 3.357885 27.749386
vn 0.030226 -0.998412 0.047545
v -10.163884 3.093257 24.294237
vn 0.047205 -0.995653 0.080286
v -6.872440 3.157624 25.093401
vn 0.009340 -0.999794 0.018038
v -8.387178 2.883002 22.416525
vn 0.072367 -0.994601 -0.074377
v -10.781105 2.899243 20.830404
vn -0.007759 -0.995583 -0.093563
v -6.969498 3.132094 19.808685
vn -0.001792 -0.955256 -0.295775
v -10.328189 3.528271 17.973873
vn -0.012922 -0.996041 -0.087950
v -4.458376 3.067127 17.990015
vn 0.118853 -0.992187 0.037946
v -3.033486 3.213419 20.405516
vn -0.127038 -0.964805 -0.230246
v -7.398952 3.595133 16.710403
vn 0.042786 -0.920748 -0.387805
v -13.024790 4.345959 15.978494
vn 0.054522 -0.936360 -0.346782
v -15.201047 5.179017 13.673491
vn -0.067002 -0.954857 -0.289412
v -12.108064 5.524792 12.827670
vn 0.034754 -0.956809 -0.288633
v -14.107954 6.067295 10.732891
vn 0.090216 -0.817554 -0.568741
v -12.004043 6.554499 9.441217
vn -0.220110 -0.670802 -0.708221
v -3.189359 6.621783 9.286524
vn -0.195557 -0.791903 -0.578488
v -3.962047 4.853942 11.424478
vn -0.085616 -0.763685 -0.639886
v -6.526378 5.978083 10.495316
vn -0.134002 -0.855521 -0.500127
v -3.686650 8.102100 8.294750
vn -0.237488 -0.892142 -0.384296
v -0.945300 8.219800 6.922400
vn -0.085048 -0.987557 -0.132279
v 0.106902 8.364614 3.766183
vn -0.010561 -0.997963 -0.062919
v 1.325449 8.566950 0.076023
vn 0.003486 -0.998154 -0.060631
v 1.845431 8.727393 -2.464027
vn 0.011781 -0.999076 -0.041343
v 0.491516 8.853992 -5.139853
vn 0.029085 -0.999085 -0.031373
v 1.077771 8.956927 -7.565292
vn 0.011271 -0.999737 -0.019965
v -1.854951 8.901161 -7.577108
vn 0.004005 -0.999985 -0.003798
v -3.682900 8.912667 -9.859218
vn 0.007822 -0.999875 0.013751
v -3.818529 8.895815 -12.541706
vn -0.004399 -0.999619 0.027242
v -5.730968 8.858153 -14.191654
vn 0.016539 -0.998940 0.042969
v -2.433940 8.867513 -14.705442
vn 0.023725 -0.999711 -0.003922
v -0.986749 8.953825 -10.737898
vn 0.048372 -0.998770 -0.010912
v 2.274403 9.072126 -10.703157
vn 0.024987 -0.997916 -0.059486
v 3.179956 8.881621 -4.659791
vn -0.032891 -0.995925 -0.083969
v 3.915550 8.654875 -1.331047
vn -0.053600 -0.993464 -0.100780
v 3.066686 8.433414 1.630552
vn -0.349166 -0.858228 -0.376202
v 3.372493 8.125379 3.797320
vn -0.391530 -0.769924 -0.503905
v 1.466801 7.261559 6.441291
vn -0.368830 -0.688735 -0.624186
v 0.689717 5.703949 8.563596
vn -0.288855 -0.719096 -0.632032
v -1.211874 4.828827 10.579372
vn -0.207625 -0.895316 -0.394082
v 1.900300 3.852500 9.979500
vn -0.211401 -0.879173 -0.427042
v -0.459100 3.718900 11.362000
vn -0.022093 -0.993904 -0.108017
v 0.939737 3.349759 12.828808
vn 0.035673 -0.997889 -0.054274
v 4.197380 3.444257 12.041760
vn 0.067999 -0.997616 0.011738
v 2.811020 3.372283 14.031366
vn 0.144044 -0.986946 0.072042
v 5.973433 3.710016 13.443349
vn 0.156178 -0.976587 0.147943
v 4.133556 3.589819 16.048326
vn 0.196170 -0.963041 0.184581
v 3.038296 4.005350 18.763000
vn 0.159946 -0.979554 0.122033
v 1.128822 3.836593 19.889259
vn 0.160293 -0.983343 0.085688
v -0.501361 3.726398 21.036455
vn 0.223608 -0.962248 0.155172
v 2.062418 4.237668 22.091951
vn 0.203939 -0.974170 0.096961
v -1.098074 3.790704 23.114109
vn 0.153385 -0.986228 0.061872
v -3.472527 3.538207 25.467075
vn 0.257190 -0.965506 0.040636
v -0.468518 4.181769 25.973146
vn 0.230916 -0.972932 -0.009053
v 1.766928 4.989001 26.932123
vn 0.142894 -0.989632 0.014501
v -3.220474 3.568813 28.456894
vn 0.217952 -0.975676 -0.023506
v -0.054222 4.242962 29.315258
vn 0.139423 -0.988900 0.051361
v -2.423886 3.847610 31.642210
vn 0.100521 -0.992431 0.070550
v -5.641014 3.426356 31.320091
vn 0.090638 -0.995879 -0.003106
v -16.521326 2.360330 31.467691
vn -0.105979 -0.966835 0.232377
v -26.486549 1.839800 28.800400
vn -0.256619 -0.681550 0.685300
v -22.577299 2.117400 31.284500
vn -0.391569 -0.338804 0.855503
v -25.455500 2.238300 30.193001
vn -0.511833 0.136398 0.848188
v -28.334000 2.407200 28.795000
vn -0.249923 0.863114 0.438831
v -25.301701 2.963200 29.760799
vn 0.075034 0.974756 0.210286
v -37.221317 5.472046 17.024683
vn 0.086762 0.967559 0.237280
v -37.644024 6.483465 12.611939
vn 0.073310 0.963040 0.259192
v -39.257603 7.364110 9.724095
vn 0.078151 0.965075 0.250044
v -39.285255 8.210381 6.576200
vn 0.083314 0.970645 0.225625
v -39.177189 8.892463 3.871956
vn 0.080085 0.981503 0.173890
v -39.511002 9.553006 1.025497
vn 0.137930 0.975636 0.170614
v -37.407719 9.239780 1.379543
vn 0.125188 0.985191 0.117161
v -38.271629 9.736932 -1.219426
vn 0.154950 0.984308 0.084431
v -36.963284 9.779255 -3.798998
vn 0.208998 0.975461 0.069256
v -34.716896 9.456736 -4.678402
vn 0.238254 0.971163 -0.008812
v -33.585228 9.304287 -8.139319
vn 0.130610 0.987259 -0.090888
v -29.124783 8.178491 -10.403271
vn 0.133608 0.990180 -0.041138
v -26.674387 8.191817 -8.120098
vn 0.116492 0.993123 0.011681
v -28.868328 8.524196 -5.611855
vn 0.176759 0.983155 0.046507
v -31.832375 8.777411 -5.028710
vn 0.109299 0.990971 0.077650
v -30.344137 8.419661 -2.793624
vn 0.130287 0.989171 0.067571
v -28.100540 8.232674 -2.719544
vn 0.187433 0.978684 0.083946
v -32.541477 8.672729 -1.872708
vn 0.119883 0.988319 0.094096
v -30.491123 8.237820 -0.304159
vn 0.189183 0.975465 0.112593
v -35.080734 9.172303 -1.026038
vn 0.167123 0.977615 0.127819
v -32.862679 8.477955 1.052313
vn 0.150853 0.970726 0.186907
v -35.846626 8.739637 2.853019
vn 0.153985 0.968371 0.196334
v -33.095345 7.938298 4.407570
vn 0.116464 0.965966 0.230966
v -36.505615 8.194243 5.679819
vn 0.094635 0.962394 0.254640
v -36.959297 7.536132 8.415947
vn 0.106624 0.961587 0.252947
v -35.796963 6.866071 10.479043
vn 0.107664 0.971489 0.211230
v -35.755150 5.609140 15.586983
vn 0.119659 0.972768 0.198503
v -35.083076 4.911674 18.481272
vn 0.125076 0.974087 0.188444
v -32.561390 4.311228 19.750906
vn 0.109777 0.984212 0.138837
v -31.588577 3.679863 22.774115
vn -0.302743 0.665133 0.682601
v -22.633699 2.921900 31.259501
vn -0.297319 0.496020 0.815822
v -19.896900 2.939600 32.473598
vn -0.260237 0.488615 0.832786
v -17.035999 3.203300 33.325199
vn -0.132378 -0.808713 0.573114
v -19.752399 2.168600 32.255001
vn -0.072024 -0.795679 0.601421
v -16.901899 2.436900 33.072601
vn -0.012974 -0.784205 0.620366
v -14.038700 2.725300 33.717400
vn -0.214297 0.511698 0.832011
v -14.163300 3.536500 33.935101
vn 0.160725 -0.985487 -0.054623
v 3.224944 4.894927 29.909428
vn 0.136828 -0.989509 -0.046370
v 4.610871 5.376778 26.637594
vn 0.156551 -0.987666 -0.002623
v 8.533390 5.758990 26.701609
vn 0.178399 -0.982459 0.054295
v 5.781413 5.673760 23.923849
vn 0.128806 -0.991634 0.008373
v 8.821876 5.969341 23.125080
vn 0.232696 -0.962346 0.140510
v 2.472623 4.897544 24.250917
vn 0.278914 -0.949066 0.146563
v 4.354209 4.783383 21.356354
vn 0.231777 -0.961770 0.145869
v 6.469285 5.435143 21.197994
vn 0.147689 -0.970814 0.188966
v 9.280776 5.918633 20.177563
vn 0.210061 -0.945064 0.250458
v 6.452070 4.858058 18.511095
vn 0.186376 -0.956397 0.224874
v 9.977610 5.134668 17.717113
vn 0.233878 -0.964931 0.119203
v 12.667201 5.631340 16.327816
vn 0.153038 -0.977452 0.145490
v 12.640741 5.975042 19.208851
vn 0.255250 -0.957964 0.130965
v 9.906409 4.800721 15.176272
vn 0.248707 -0.955068 0.161211
v 12.405745 5.196558 13.535158
vn 0.202560 -0.964512 0.169372
v 7.536634 4.175289 15.520868
vn 0.193711 -0.966532 0.168203
v 9.084220 4.151161 12.353439
vn 0.268956 -0.940140 0.209283
v 12.439915 4.554629 10.724669
vn 0.146873 -0.980519 0.130426
v 9.821260 3.592937 9.538095
vn 0.243007 -0.967866 0.064680
v 12.376479 3.979753 7.776989
vn 0.026320 -0.998777 0.041865
v 6.655712 3.579313 10.710600
vn 0.016010 -0.997169 -0.073468
v 9.394696 3.503190 6.300414
vn 0.160998 -0.986907 -0.009670
v 11.846972 3.946232 4.968108
vn -0.093893 -0.993213 -0.068646
v 7.322214 3.435297 8.055437
vn -0.120780 -0.984623 -0.126211
v 9.832251 3.841113 2.865981
vn 0.199800 -0.979812 -0.007035
v 13.160153 4.029123 2.586081
vn -0.368304 -0.882634 -0.292079
v 7.040419 4.121435 4.933702
vn -0.513827 -0.799562 -0.310938
v 7.851033 4.692468 2.127678
vn -0.443775 -0.867044 -0.226493
v 9.480257 4.566714 -0.337049
vn -0.692267 -0.646507 -0.320616
v 7.399483 6.346200 0.036833
vn -0.698079 -0.691599 -0.185410
v 8.284919 6.351099 -2.655492
vn -0.755430 -0.648996 -0.090164
v 7.697868 7.466711 -4.587526
vn -0.508308 -0.859523 -0.053329
v 6.717900 8.845099 -5.473900
vn -0.372360 -0.924949 0.076274
v 5.827850 9.236750 -8.630500
vn -0.338113 -0.918764 0.203846
v 4.681400 9.233801 -11.546850
vn -0.224024 -0.894768 0.386268
v 0.651650 8.906950 -16.321751
vn -0.274223 -0.914578 0.297236
v 2.843100 9.088900 -14.128651
vn -0.693469 -0.665777 0.275392
v 6.706137 7.775637 -10.445312
vn -0.604974 -0.768781 0.207319
v 8.481718 6.083318 -9.725803
vn -0.481967 -0.873497 -0.068637
v 10.093213 5.040448 -4.919394
vn -0.334116 -0.929206 -0.157931
v 10.644279 4.463050 -2.460498
vn 0.044864 -0.997656 -0.051679
v 12.883027 4.373129 -3.530818
vn 0.032642 -0.995365 -0.090463
v 12.041110 3.956952 -0.081243
vn 0.302216 -0.952180 -0.044930
v 14.333365 4.630768 -0.818157
vn 0.307432 -0.948536 -0.075933
v 15.827497 5.067317 0.921878
vn 0.255194 -0.966129 0.038355
v 14.349163 4.546936 5.742401
vn 0.304303 -0.952519 -0.010347
v 16.258528 4.989033 3.539308
vn 0.297968 -0.952327 0.065492
v 16.549484 5.107680 6.399924
vn 0.299245 -0.941926 0.152405
v 14.896515 4.899204 8.748227
vn 0.287973 -0.954458 0.077989
v 19.134821 6.090230 7.143433
vn 0.269761 -0.948026 0.168749
v 15.071682 5.630331 11.615212
vn 0.287722 -0.945891 0.150023
v 17.438015 5.919187 9.503851
vn 0.189308 -0.979778 0.064790
v 17.120592 6.183325 12.109945
vn 0.205591 -0.972033 0.113508
v 15.319615 6.045191 14.409499
vn 0.185795 -0.981063 0.054741
v 18.683802 6.365485 12.983480
vn 0.178678 -0.974759 0.133860
v 17.193012 6.485272 15.298283
vn 0.194604 -0.977141 0.085583
v 15.508359 6.386577 17.179682
vn 0.168756 -0.981940 0.085534
v 18.835848 6.936362 16.352808
vn 0.147210 -0.986324 0.074126
v 15.329636 6.561734 21.090097
vn 0.107544 -0.992643 0.055616
v 12.095635 6.397228 22.246452
vn 0.166623 -0.982465 0.083666
v 14.492133 6.701482 24.480616
vn 0.154054 -0.988034 0.007480
v 11.273582 6.176066 25.118425
vn 0.207916 -0.977070 0.045872
v 6.594619 5.329343 29.650625
vn 0.161019 -0.806157 0.569371
v -2.002600 4.029600 33.905800
vn 0.091978 -0.732803 0.674196
v -5.169500 3.817000 34.291100
vn 0.055618 -0.744606 0.665183
v -8.558750 3.494457 34.270882
vn -0.026047 0.544638 0.838267
v -5.196700 4.644100 34.474998
vn -0.087657 0.565654 0.819971
v -8.274500 4.370400 34.480202
vn -0.149943 0.519444 0.841246
v -11.264700 3.963000 34.327000
vn -0.085917 0.994323 0.062774
v -21.649006 3.301077 28.050714
vn -0.044012 0.992950 0.110064
v -26.985813 3.069282 26.194077
vn -0.059393 0.997309 0.042971
v -24.174904 3.184648 26.784857
vn -0.017201 0.997014 0.075286
v -25.962879 3.176383 24.455952
vn 0.047229 0.992223 0.115168
v -28.541868 3.325854 23.358345
vn 0.081576 0.981268 0.174526
v -29.938684 3.819969 20.722443
vn 0.111379 0.969617 0.217803
v -32.522545 5.074406 16.276043
vn 0.096839 0.971468 0.216502
v -30.693132 4.435823 18.104025
vn 0.112563 0.966675 0.229933
v -34.156143 5.954558 13.203322
vn 0.077050 0.970226 0.229620
v -30.443497 5.481317 13.470308
vn 0.108409 0.966092 0.234337
v -31.947828 6.271701 10.800012
vn 0.140105 0.962861 0.230803
v -33.429966 7.289094 7.705709
vn 0.097346 0.971621 0.215586
v -30.377853 6.657507 8.294168
vn 0.108492 0.972182 0.207586
v -30.342619 7.225409 5.678750
vn 0.096951 0.982136 0.161275
v -29.541773 7.771354 2.690591
vn 0.090607 0.993607 0.067345
v -24.218946 7.340070 3.965504
vn 0.009788 0.985900 0.167047
v -26.858025 7.158396 4.999342
vn -0.029042 0.993515 0.109932
v -24.579281 7.070334 6.616456
vn -0.012722 0.981399 0.191558
v -27.757044 6.595177 7.981247
vn -0.082132 0.973145 0.215042
v -25.497192 6.461389 9.785027
vn 0.009565 0.973647 0.227860
v -28.409473 5.951273 11.082037
vn -0.048607 0.958570 0.280681
v -25.641573 5.604447 12.738492
vn 0.029624 0.967039 0.252900
v -27.840559 5.161360 14.345773
vn 0.008083 0.965062 0.261895
v -25.901459 4.705250 15.668694
vn 0.067799 0.970643 0.230773
v -29.159445 4.774516 16.100910
vn 0.050305 0.977106 0.206719
v -28.034103 4.174577 18.417633
vn 0.011630 0.980455 0.196397
v -25.000776 3.985559 18.805138
vn 0.028700 0.986750 0.159690
v -27.143074 3.591129 21.312365
vn -0.010094 0.993187 0.116095
v -24.816751 3.403648 22.258078
vn -0.068153 0.996386 0.050688
v -23.177998 3.320654 24.741638
vn -0.107922 0.992447 0.058328
v -18.289310 3.675652 27.617594
vn -0.113138 0.991535 0.063710
v -15.530132 3.927143 28.447254
vn -0.106132 0.988724 0.105643
v -19.436026 3.389771 29.894764
vn -0.126320 0.986272 0.106350
v -16.861399 3.610791 30.649691
vn -0.140382 0.985013 0.100214
v -13.944945 3.917230 31.535524
vn -0.133615 0.988150 0.075547
v -10.870690 4.384359 31.373819
vn 0.079422 0.440413 0.894275
v -2.019400 4.841300 34.237202
vn 0.191987 0.223254 0.955666
v 1.229000 5.133800 33.745998
vn 0.322618 -0.182286 0.928811
v 4.437000 5.522400 32.789200
vn -0.018958 0.866137 0.499447
v 4.164000 6.242300 32.282799
vn 0.257615 -0.898375 0.355749
v 1.142500 4.450600 33.062401
vn 0.240488 -0.936395 0.255596
v 4.231100 5.028600 32.048698
vn 0.448380 -0.418225 0.789964
v 7.530100 6.000000 31.554399
vn 0.205344 -0.972303 0.111629
v 12.310307 6.481658 26.779871
vn 0.164236 -0.984910 0.054569
v 18.056334 6.961684 19.310963
vn 0.202597 -0.975065 0.090574
v 21.674498 7.411046 17.998827
vn 0.155159 -0.986136 0.058828
v 22.016228 7.326326 14.511781
vn 0.224676 -0.968076 0.111126
v 20.086901 6.832992 13.919884
vn 0.174057 -0.984021 0.037518
v 21.878330 7.145622 11.316730
vn 0.168802 -0.985285 0.026843
v 24.704645 7.482394 8.687363
vn 0.222078 -0.973053 0.062042
v 19.968033 6.747012 10.296893
vn 0.208301 -0.975517 0.070556
v 22.097847 6.974244 8.352774
vn 0.170656 -0.983464 0.060616
v 25.570866 7.548946 5.250556
vn 0.212414 -0.973636 0.083144
v 22.164856 6.714752 4.135183
vn 0.191900 -0.980386 0.044910
v 22.020834 6.458827 1.771927
vn 0.281851 -0.958874 0.033473
v 18.976292 6.009543 4.148465
vn 0.233277 -0.971942 -0.030169
v 18.505421 5.767261 1.330829
vn 0.166925 -0.985961 -0.004202
v 20.655590 6.275441 -1.096511
vn 0.255645 -0.966757 -0.005097
v 17.103279 5.701714 -1.358638
vn 0.197526 -0.974430 0.107095
v 19.033617 5.869164 -3.842838
vn 0.256282 -0.962441 0.089590
v 15.715135 5.100307 -3.966727
vn 0.205414 -0.970275 0.127953
v 17.542933 5.118696 -6.542077
vn 0.151419 -0.986160 0.067535
v 14.951119 4.533090 -6.519635
vn 0.119275 -0.992707 -0.017489
v 15.720797 4.511281 -9.124618
vn -0.081038 -0.996705 -0.003398
v 12.955604 4.429646 -6.952525
vn -0.397969 -0.916743 0.034674
v 10.543346 4.921211 -8.188878
vn -0.230983 -0.972954 0.002618
v 10.330183 4.803566 -11.539732
vn -0.449157 -0.862239 0.234099
v 7.687100 5.568300 -12.566650
vn -0.600884 -0.656604 0.455861
v 4.897516 7.752160 -13.723303
vn -0.486527 -0.642566 0.591947
v 2.613190 7.324628 -16.546089
vn -0.358120 -0.633639 0.685749
v 0.044997 7.021603 -18.454660
vn -0.103033 -0.851618 0.513936
v -1.789001 8.609400 -17.988201
vn -0.090577 -0.865848 0.492040
v -6.481100 8.493000 -19.115400
vn -0.042140 -0.975584 0.215547
v -4.536996 8.752237 -17.043447
vn -0.018328 -0.998197 0.057163
v -7.714102 8.822289 -15.889927
vn -0.027944 -0.999237 0.027293
v -9.264035 8.917038 -14.095093
vn -0.032040 -0.999433 0.010391
v -9.970228 8.986709 -11.542568
vn -0.033303 -0.999435 -0.004586
v -10.162182 9.002093 -8.276246
vn -0.046012 -0.998941 -0.000097
v -13.167185 9.121696 -9.707090
vn -0.039214 -0.999138 -0.013597
v -12.328003 9.061701 -6.346750
vn -0.047664 -0.998718 0.017049
v -12.929338 9.081220 -13.049525
vn -0.039785 -0.996878 0.068205
v -10.075757 8.824163 -17.219713
vn -0.044338 -0.998028 0.044441
v -12.146617 8.972674 -15.841829
vn 0.031565 -0.876408 0.480534
v -9.721849 8.662751 -18.850849
vn -0.171757 -0.719227 0.673211
v -3.186383 6.948369 -19.702425
vn -0.201668 -0.876659 0.436806
v -0.499401 5.094050 -20.601501
vn -0.282941 -0.857285 0.430124
v 2.984499 5.138350 -18.476551
vn -0.085861 -0.979348 0.183047
v 3.499768 4.640928 -20.414057
vn -0.056300 -0.981784 0.181468
v 5.933916 4.876947 -18.285591
vn -0.351199 -0.863486 0.362009
v 5.618850 5.447650 -15.727750
vn -0.033655 -0.993951 0.104544
v 8.792267 5.085212 -16.263313
vn -0.010670 -0.980587 0.195795
v 9.157189 4.781505 -18.785954
vn -0.064687 -0.997705 -0.020008
v 10.422427 5.094341 -14.644506
vn 0.010917 -0.994765 0.101608
v 12.311721 5.137159 -17.228514
vn 0.010297 -0.994227 -0.106801
v 13.082076 4.952518 -13.570930
vn -0.012229 -0.999375 -0.033183
v 14.728091 5.198006 -15.052897
vn -0.100842 -0.994682 -0.020924
v 16.952257 5.004295 -14.367917
vn 0.127233 -0.987543 0.092583
v 18.469282 4.968756 -9.251884
vn -0.023355 -0.997787 0.062256
v 18.947378 4.715776 -12.060534
vn 0.191708 -0.968043 0.161682
v 20.339905 5.710047 -6.488610
vn 0.129477 -0.970242 0.204613
v 21.250584 5.307659 -9.372734
vn 0.181063 -0.980966 0.070150
v 22.127354 6.507065 -3.780151
vn 0.161760 -0.968211 0.190790
v 23.224276 6.298036 -6.635304
vn 0.165053 -0.986228 0.010551
v 24.295851 6.789811 -0.890421
vn 0.121130 -0.987904 0.096813
v 25.956070 7.170661 -4.024659
vn 0.185990 -0.978864 0.085048
v 25.242237 7.175024 2.191205
vn 0.177968 -0.982690 0.051458
v 27.635233 7.344639 -0.655408
vn 0.188643 -0.978812 0.079625
v 27.696392 7.641653 2.599543
vn 0.214162 -0.974851 0.061640
v 27.723661 7.873069 6.018948
vn 0.243813 -0.961856 0.124053
v 24.440552 7.674088 15.674043
vn 0.197733 -0.978649 0.056099
v 24.932518 7.524671 12.188152
vn 0.179653 -0.977743 0.108364
v 17.688940 7.107252 23.173420
vn 0.404037 -0.815293 0.414792
v 16.037901 7.283600 26.249701
vn 0.443181 -0.717321 0.537626
v 13.355100 6.978300 28.290800
vn 0.432427 -0.591754 0.680319
v 10.508100 6.527800 30.064400
vn 0.384503 0.519649 0.762970
v 13.413100 7.820500 28.570400
vn 0.198470 0.668252 0.716972
v 10.372200 7.372800 30.084400
vn 0.125132 0.772282 0.622835
v 7.299900 6.798900 31.325899
vn -0.095926 0.981701 0.164506
v -2.401895 5.410209 32.080879
vn -0.139127 0.978260 0.153789
v 0.585010 5.948983 30.789289
vn -0.130829 0.989917 0.054300
v -8.294382 4.764266 30.420805
vn -0.126202 0.991141 0.041388
v -10.672488 4.493190 28.013578
vn -0.118769 0.991494 0.053238
v -13.098512 4.163424 28.933632
vn -0.110370 0.992904 0.044280
v -15.634193 4.046032 26.169853
vn -0.090456 0.995087 0.040252
v -20.752146 3.573772 23.869352
vn -0.111098 0.993189 0.035125
v -17.498203 3.916820 24.336184
vn -0.041071 0.992574 0.114503
v -22.616676 3.563307 21.291550
vn -0.096258 0.992048 0.081084
v -19.353327 3.745011 21.769796
vn -0.056727 0.978021 0.200639
v -21.773634 3.906029 19.286186
vn -0.046793 0.960240 0.275228
v -23.468546 4.560303 16.331367
vn -0.101987 0.950336 0.294041
v -20.839058 4.736155 16.630594
vn -0.084879 0.943973 0.318922
v -22.725222 5.484333 13.738424
vn -0.066074 0.992029 0.107295
v -22.747894 7.033272 8.135297
vn -0.174793 0.979216 0.102875
v -22.694099 7.036500 2.397700
vn -0.322657 0.934901 0.147825
v -23.243500 7.106000 -0.210900
vn 0.190180 0.981245 0.031454
v -25.518517 7.741595 -1.978867
vn -0.326396 0.937746 0.118738
v -23.857201 7.413150 -2.685250
vn -0.928489 0.344605 0.138405
v -23.593050 7.768950 -2.586050
vn -0.595305 0.800058 0.074295
v -23.764400 7.674300 -4.857600
vn -0.956025 0.241784 -0.166001
v -23.549761 8.020702 -8.717494
vn -0.277943 0.960496 -0.013949
v -23.861071 7.727690 -8.008532
vn -0.685074 0.074243 -0.724681
v -19.894901 7.410350 -16.234301
vn -0.494704 0.652004 -0.574594
v -19.424601 6.937100 -16.848101
vn -0.043748 0.969490 -0.241194
v -19.187000 6.030400 -19.108299
vn 0.143516 0.982893 -0.115436
v -21.636124 6.527988 -18.911818
vn 0.121139 0.990160 -0.070056
v -21.727230 6.209498 -21.645336
vn 0.153158 0.987026 -0.048185
v -26.252108 6.948152 -19.592867
vn 0.188812 0.981374 -0.035428
v -25.576887 6.783774 -23.469437
vn 0.225645 0.973795 -0.028405
v -31.248264 8.059240 -18.871326
vn 0.203851 0.978829 -0.018411
v -28.818748 7.493419 -21.641188
vn 0.188973 0.980530 -0.053383
v -32.428650 8.233051 -20.912600
vn 0.200603 0.976935 -0.073183
v -34.612450 8.882884 -18.239286
vn 0.141059 0.984705 -0.102269
v -35.629501 8.767640 -21.494865
vn 0.174779 0.979838 -0.096799
v -37.092743 9.506066 -16.494814
vn 0.108430 0.985579 -0.129911
v -38.181961 9.322641 -19.747829
vn 0.078389 0.989553 -0.120998
v -39.694080 9.778966 -17.418036
vn 0.003469 0.995515 -0.094537
v -41.353531 10.127219 -14.994058
vn -0.045637 0.998833 -0.015823
v -42.727951 10.416393 -9.790341
vn -0.071370 0.994900 0.071274
v -43.671673 10.185753 -3.910839
vn -0.060072 0.951859 0.300592
v -43.290302 8.412430 6.863768
vn -0.275693 0.921832 0.272432
v -44.260399 8.725651 5.623150
vn -0.880699 0.333412 0.336461
v -44.497749 7.730550 8.001150
vn -0.602577 0.703223 0.377329
v -43.127800 6.995400 11.377000
vn -0.651957 -0.757905 0.023068
v -43.865501 6.686400 8.823400
vn -0.846713 -0.526357 0.077619
v -43.353401 6.174400 11.205400
vn -0.899977 -0.191649 0.391552
v -42.537201 5.705900 13.676000
vn -0.295621 -0.948276 -0.115673
v -41.756001 5.236600 13.214200
vn -0.381543 -0.920656 0.082566
v -40.714600 4.694700 15.646500
vn 0.022613 -0.999741 -0.002655
v -26.670162 1.761725 26.404411
vn 0.045087 -0.998108 -0.041797
v -25.504347 1.899982 24.476130
vn 0.099118 -0.994430 -0.035835
v -20.771023 2.337142 26.837612
vn 0.078080 -0.996906 -0.009010
v -23.619436 2.074064 26.597940
vn 0.094019 -0.994444 -0.047352
v -18.233303 2.575030 26.750423
vn 0.095723 -0.989894 0.104624
v -19.256187 2.498248 24.506874
vn 0.073414 -0.995800 0.054701
v -15.974266 2.838130 25.153151
vn 0.096517 -0.972242 0.213144
v -17.004635 2.340502 22.853039
vn 0.091180 -0.990656 0.101424
v -13.505764 2.799962 23.509478
vn 0.152946 -0.987245 0.044212
v -14.578269 2.301494 21.390423
vn 0.130722 -0.950166 -0.283013
v -13.118793 2.852613 19.241993
vn 0.148904 -0.937484 -0.314567
v -16.007660 2.233802 19.261440
vn 0.102003 -0.886154 -0.452025
v -15.844694 3.538110 17.098022
vn 0.071195 -0.880959 -0.467806
v -18.528019 3.022554 17.554853
vn 0.100833 -0.918278 -0.382882
v -17.994366 4.699539 14.236737
vn 0.089008 -0.955775 -0.280305
v -17.717775 5.936371 10.803098
vn 0.162380 -0.858721 -0.486035
v -15.589900 6.775497 8.287862
vn 0.067626 -0.698801 -0.712113
v -9.318727 7.018055 9.547634
vn -0.060219 -0.807382 -0.586948
v -6.741600 7.756500 9.098300
vn -0.020779 -0.900614 -0.434123
v -9.008600 8.377600 8.362300
vn -0.038241 -0.994067 -0.101825
v -6.274292 8.430265 5.931795
vn -0.025799 -0.997717 -0.062407
v -3.294456 8.407670 4.673914
vn -0.019561 -0.998542 -0.050308
v -2.391281 8.573148 1.014305
vn -0.006809 -0.998884 -0.046729
v -1.494154 8.720737 -2.289199
vn -0.002871 -0.999444 -0.033213
v -2.628131 8.811561 -4.434458
vn -0.002777 -0.999786 -0.020483
v -3.586329 8.872848 -6.567648
vn -0.014290 -0.999565 -0.025808
v -5.409428 8.842113 -4.620174
vn -0.011554 -0.999887 -0.009664
v -6.160918 8.911462 -7.873506
vn -0.022313 -0.999748 -0.002423
v -8.237263 8.950545 -8.906949
vn -0.013121 -0.999875 0.008795
v -7.005877 8.921418 -11.293915
vn -0.025995 -0.999516 -0.017096
v -8.488970 8.923818 -5.635691
vn -0.035657 -0.999068 -0.024331
v -10.953607 8.951946 -3.296028
vn -0.043365 -0.998809 -0.022364
v -13.916729 9.074023 -3.456071
vn -0.053604 -0.998199 -0.026940
v -17.335665 9.230395 -3.542641
vn -0.070447 -0.997238 -0.023530
v -18.596024 9.389774 -6.826081
vn -0.063018 -0.997992 -0.006314
v -16.425537 9.301502 -9.616540
vn -0.048184 -0.998069 0.039206
v -14.446526 9.114056 -15.297687
vn 0.181363 -0.887940 0.422694
v -14.199499 8.995749 -17.215851
vn 0.106780 -0.881923 0.459141
v -12.063900 8.816500 -18.228500
vn 0.030360 -0.677158 0.735211
v -8.083009 6.236155 -20.938862
vn 0.139038 -0.669993 0.729231
v -11.054680 6.205620 -20.665031
vn -0.069146 -0.751861 0.655686
v -5.734686 5.858093 -21.206329
vn 0.095851 -0.898520 0.428340
v -7.946500 4.504700 -22.825001
vn -0.106532 -0.890553 0.442228
v -3.495100 5.023000 -21.786900
vn 0.046359 -0.951505 0.304119
v -5.705611 4.528080 -23.672705
vn -0.070502 -0.975353 0.209083
v -0.516085 4.546194 -23.870770
vn 0.000926 -0.964388 0.264488
v -3.302813 4.317524 -25.250780
vn -0.095565 -0.980257 0.173097
v 2.488852 4.284893 -23.119246
vn -0.063708 -0.982323 0.176020
v 6.155928 4.346259 -21.485596
vn -0.053413 -0.979931 0.192047
v 9.241484 3.908362 -21.787806
vn 0.048518 -0.973121 0.225123
v 12.012159 4.267694 -20.556248
vn -0.072754 -0.995671 0.057843
v 15.979046 5.017757 -16.763506
vn 0.000256 -0.986883 0.161437
v 15.294254 4.807706 -19.396442
vn -0.096118 -0.995365 0.003023
v 18.912136 4.670870 -14.932229
vn -0.075986 -0.996068 0.045544
v 18.527000 4.795303 -17.767469
vn 0.046666 -0.989885 0.133977
v 21.713831 4.573100 -12.419897
vn -0.030773 -0.999263 0.022943
v 21.568792 4.531676 -15.573016
vn 0.112131 -0.960749 0.253748
v 23.956644 5.669961 -9.669845
vn 0.094172 -0.981356 0.167548
v 24.314100 4.806079 -12.859944
vn 0.061676 -0.970842 0.231652
v 26.124062 6.530870 -7.077732
vn 0.071271 -0.966772 0.245503
v 26.422871 5.762822 -9.934042
vn 0.110716 -0.967028 0.229345
v 28.265684 6.615729 -6.930348
vn 0.230810 -0.963126 0.138257
v 29.553585 7.510601 -3.773650
vn 0.291768 -0.953206 0.079184
v 27.704258 8.033270 9.581158
vn 0.385698 -0.878548 0.281762
v 21.023800 7.568000 21.633499
vn 0.398054 -0.828545 0.393785
v 18.647200 7.443800 24.088900
vn 0.739276 0.092784 0.666980
v 21.520100 8.272400 22.063999
vn 0.600137 0.336138 0.725843
v 19.039700 8.219800 24.522100
vn 0.556987 0.346143 0.754951
v 16.332500 8.072000 26.707500
vn -0.151040 0.980807 0.123304
v 6.493773 7.083859 29.079956
vn -0.165900 0.982640 0.083036
v 3.289733 6.540528 28.764324
vn -0.147027 0.988200 0.042944
v -2.587661 5.545638 29.193048
vn -0.130017 0.991064 0.029813
v -5.078603 5.190817 29.264313
vn -0.110409 0.992638 0.049791
v -13.248164 4.296079 26.707832
vn -0.118146 0.992014 0.044169
v -11.493032 4.556165 25.039087
vn -0.110579 0.993168 0.037269
v -14.741858 4.202405 24.276901
vn -0.124801 0.988616 0.084040
v -12.818315 4.530156 21.991104
vn -0.117856 0.985643 0.120907
v -16.034243 4.191022 21.109694
vn -0.110429 0.968251 0.224266
v -18.451897 4.261737 19.050888
vn -0.083864 0.955609 0.282450
v -15.151150 5.356348 16.599630
vn -0.101993 0.945779 0.308381
v -18.249975 5.195089 16.184240
vn -0.101851 0.945078 0.310570
v -19.347507 5.922439 13.622511
vn -0.113238 0.966693 0.229527
v -19.964952 6.966720 10.153672
vn -0.169877 0.985246 0.020769
v -20.888449 7.174531 6.886114
vn -0.133215 0.986394 0.096334
v -21.770300 6.988800 4.570700
vn -0.845242 0.123484 0.519921
v -20.839649 7.700100 4.586551
vn -0.802044 0.484661 0.349039
v -22.344250 7.341500 2.153250
vn -0.932327 0.255222 0.256181
v -23.015800 7.479200 -0.234700
vn -0.900974 0.403617 0.159180
v -23.445696 8.728703 -2.043000
vn -0.730652 0.678738 0.073902
v -23.358812 9.125599 -3.596027
vn -0.978654 0.178908 0.101137
v -23.507250 9.203250 -5.581200
vn -0.769398 0.139307 -0.623394
v -21.013096 8.950290 -15.335573
vn -0.662537 0.361465 -0.656040
v -20.454800 9.218500 -15.689900
vn -0.491012 0.377647 -0.785041
v -16.828007 7.160162 -18.599579
vn -0.045246 0.968508 -0.244835
v -17.280550 5.652300 -20.497200
vn 0.086163 0.996275 -0.003419
v -18.254755 5.904429 -22.113195
vn 0.061181 0.997475 -0.036056
v -19.534277 5.838578 -24.319643
vn 0.071062 0.997277 -0.019731
v -20.127401 5.841015 -26.285217
vn 0.147559 0.988179 -0.041577
v -22.702110 6.185060 -24.356203
vn 0.151740 0.987170 -0.049714
v -23.483595 6.208226 -27.253246
vn 0.186497 0.980609 -0.060199
v -28.462791 7.290774 -25.033558
vn 0.176676 0.981940 -0.067678
v -26.756020 6.864247 -26.883230
vn 0.167321 0.983629 -0.066924
v -31.436214 7.917332 -24.418665
vn 0.151325 0.981435 -0.117838
v -30.781113 7.456619 -27.781218
vn 0.137223 0.987387 -0.078968
v -34.097012 8.325271 -23.612543
vn 0.111661 0.985479 -0.127916
v -33.941414 8.053394 -26.934904
vn 0.081492 0.990053 -0.114687
v -36.382732 8.455529 -25.181934
vn -0.077534 0.993671 -0.081277
v -43.329033 10.330420 -12.612464
vn -0.115935 0.993085 0.018452
v -44.440903 10.296084 -7.306261
vn -0.073681 0.991023 0.111558
v -44.175625 9.890399 -0.865835
vn -0.631835 0.769489 0.093122
v -45.530151 9.770450 -1.363950
vn -0.463035 0.866283 0.187487
v -45.051102 9.404100 2.180500
vn -0.925516 -0.376578 0.040122
v -45.695351 8.770100 0.975150
vn -0.986421 -0.117548 0.114699
v -45.349998 8.348100 4.513400
vn -0.505196 -0.856718 -0.103975
v -44.240799 7.248000 6.541800
vn -0.086400 -0.979037 -0.184451
v -38.773548 4.790518 14.598958
vn -0.154164 -0.969355 -0.191270
v -36.874336 4.162771 16.518122
vn -0.166145 -0.970118 -0.176827
v -35.192364 3.430340 18.713923
vn -0.127446 -0.988130 -0.085774
v -31.692608 2.238512 22.893330
vn -0.144423 -0.978731 -0.145695
v -33.004112 2.750790 20.426159
vn -0.062258 -0.984566 -0.163567
v -30.431847 2.440294 21.222067
vn -0.044180 -0.994746 -0.092353
v -28.335569 1.913817 23.493586
vn 0.033349 -0.998782 0.036368
v -22.694199 2.043262 23.640497
vn 0.014959 -0.989567 0.143298
v -20.413338 1.906368 22.381144
vn 0.067225 -0.997002 0.038301
v -18.194572 1.700369 20.969534
vn 0.013140 -0.947143 -0.320543
v -18.833475 1.933734 19.357311
vn -0.000584 -0.944044 -0.329818
v -21.841066 2.749158 17.810724
vn 0.030156 -0.956773 -0.289268
v -24.700420 3.313876 15.515967
vn -0.010064 -0.971910 -0.235136
v -27.227497 3.465567 15.234581
vn 0.100908 -0.953917 -0.282595
v -26.400684 4.314008 12.479383
vn 0.025720 -0.980179 -0.196435
v -29.380110 3.944300 12.837421
vn 0.121076 -0.969484 -0.213169
v -27.812912 4.711601 9.735173
vn 0.064539 -0.971360 -0.228680
v -28.186617 5.436821 6.225837
vn 0.083023 -0.986213 -0.143148
v -25.329344 6.051989 4.516025
vn 0.222059 -0.933787 -0.280593
v -19.107384 6.573720 7.324785
vn 0.273767 -0.947774 -0.163633
v -22.117874 6.701632 2.964341
vn 0.424218 -0.847801 -0.318233
v -19.365229 7.245770 4.657581
vn 0.138781 -0.881980 -0.450389
v -13.739450 8.558701 7.227400
vn 0.074706 -0.878408 -0.472036
v -11.015400 8.465600 8.140700
vn -0.037635 -0.997759 -0.055325
v -8.788233 8.520523 5.827632
vn -0.026660 -0.998595 -0.045801
v -5.291354 8.606334 1.726691
vn -0.017805 -0.999078 -0.039070
v -4.424309 8.725751 -1.543317
vn -0.026296 -0.999215 -0.029641
v -7.762865 8.829906 -2.481148
vn -0.044147 -0.998587 -0.029571
v -12.878952 8.943120 -0.156702
vn -0.029394 -0.998922 -0.035938
v -18.639872 9.244829 -1.841717
vn -0.065898 -0.997826 0.000939
v -19.100887 9.497140 -9.709026
vn 0.263475 -0.911381 0.316172
v -17.811699 9.316100 -14.278350
vn 0.243700 -0.888074 0.389789
v -16.114599 9.154800 -15.897200
vn 0.265826 -0.693179 0.669955
v -14.487997 6.392295 -19.480343
vn 0.082193 -0.900015 0.428038
v -13.314950 4.516100 -21.869400
vn 0.069634 -0.900685 0.428857
v -10.135900 4.305400 -22.678600
vn 0.034037 -0.988110 0.149936
v -8.491254 4.011500 -25.371391
vn -0.028229 -0.995701 0.088225
v -11.289460 3.902399 -25.291149
vn -0.017431 -0.974878 0.222056
v -5.540781 3.666625 -27.136919
vn -0.056644 -0.992991 0.103734
v -9.027094 3.731044 -28.075727
vn -0.080415 -0.994724 0.063699
v -12.166879 3.877736 -28.622412
vn -0.085054 -0.992557 0.087154
v -9.647162 3.529836 -30.507444
vn -0.068194 -0.996784 0.042092
v -10.823877 3.298143 -33.600159
vn -0.051384 -0.998316 0.026913
v -7.998344 3.252963 -33.003723
vn -0.045240 -0.998051 0.042995
v -8.923967 3.180242 -35.760738
vn -0.043928 -0.998864 0.018472
v -6.253104 3.207747 -35.602577
vn -0.105679 -0.994381 0.006170
v -4.865909 3.039616 -32.488880
vn -0.153013 -0.988151 -0.012045
v -3.671972 2.835499 -34.994179
vn -0.091129 -0.992821 0.077474
v -1.156451 2.499488 -32.520916
vn -0.150188 -0.987009 -0.057073
v -1.664623 2.501309 -35.899746
vn 0.030303 -0.985965 0.164179
v 2.461075 2.260871 -33.025867
vn -0.082802 -0.996555 0.004718
v 1.223668 2.025597 -35.179920
vn -0.054006 -0.988464 0.141500
v 9.999576 3.190193 -28.827688
vn -0.022379 -0.992728 0.118278
v 7.367671 3.346544 -27.122734
vn -0.061307 -0.988401 0.138944
v 7.660517 3.814950 -24.014450
vn -0.056719 -0.984558 0.165614
v 4.655891 3.774091 -25.101124
vn 0.011273 -0.989055 0.147120
v 11.084082 3.691857 -23.179539
vn 0.038347 -0.974629 0.220515
v 14.542488 4.232686 -22.022827
vn 0.003697 -0.983152 0.182752
v 13.533056 3.543739 -24.595371
vn -0.034767 -0.985622 0.165352
v 17.986366 4.528793 -20.537058
vn 0.001328 -0.972954 0.230995
v 17.163641 3.900718 -23.214369
vn -0.061737 -0.996470 0.056889
v 21.211143 4.505414 -18.591639
vn -0.010122 -0.989955 0.141019
v 20.619715 4.294212 -21.504519
vn 0.037155 -0.997203 0.064848
v 24.186081 4.439944 -16.157347
vn -0.001791 -0.998691 0.051108
v 23.697086 4.345041 -19.309902
vn 0.124816 -0.979955 0.155272
v 26.668720 5.013300 -13.266543
vn 0.139536 -0.987541 0.072750
v 26.854355 4.650349 -16.951572
vn 0.157675 -0.964533 0.211696
v 28.747816 5.881197 -10.207825
vn 0.344756 -0.914539 0.211568
v 30.689074 7.081947 -7.094119
vn 0.301897 -0.950307 0.075986
v 30.154196 7.948703 -0.403781
vn 0.301001 -0.949473 0.088883
v 29.988899 8.175704 3.058789
vn 0.864718 -0.422729 0.271226
v 30.280800 8.751500 6.763200
vn 0.879607 -0.303503 0.366301
v 29.082199 8.704900 10.103600
vn 0.843237 -0.306907 0.441315
v 27.570700 8.483000 13.320300
vn 0.813293 -0.296948 0.500376
v 25.759100 8.301800 16.379900
vn 0.789277 -0.185878 0.585228
v 23.772499 8.303000 19.354799
vn 0.417969 0.857812 0.299100
v 25.328899 9.076400 16.098801
vn 0.298369 0.912152 0.280989
v 23.231300 8.984100 18.917601
vn 0.222211 0.937532 0.267688
v 20.954700 8.856800 21.525000
vn 0.018245 0.989391 0.144127
v 15.219165 8.604534 25.205971
vn -0.155000 0.983615 0.092072
v 8.898050 7.718499 26.840750
vn -0.187396 0.981270 0.044642
v 5.478065 7.113833 26.024456
vn -0.185139 0.982395 0.024978
v 2.652878 6.570524 26.103287
vn -0.168289 0.985036 0.037192
v 0.155866 6.077442 27.610710
vn -0.150792 0.988318 0.022139
v -2.678743 5.628132 26.233994
vn -0.120330 0.992190 0.032861
v -7.574544 4.991820 26.393463
vn -0.125592 0.991795 0.023884
v -5.312528 5.279910 25.311819
vn -0.112910 0.991087 0.070701
v -9.859468 4.861301 22.594414
vn -0.101189 0.993677 0.048648
v -7.188926 5.109050 22.888664
vn -0.104416 0.982933 0.151463
v -10.875154 5.080602 19.575893
vn -0.098691 0.974284 0.202561
v -13.663262 4.808705 19.069664
vn -0.062271 0.961818 0.266511
v -12.318850 5.652688 16.316750
vn -0.087983 0.946721 0.309805
v -16.034996 6.044670 14.289720
vn -0.095631 0.950543 0.295503
v -16.538349 6.748533 11.921747
vn -0.465114 0.851889 0.240737
v -20.369450 7.245573 5.649376
vn -0.630383 0.558062 0.539614
v -19.135799 7.712500 6.654300
vn -0.748879 0.582776 0.315520
v -22.320950 8.965000 1.928450
vn -0.940157 0.173469 0.293280
v -22.701200 8.458300 1.334900
vn -0.557893 0.815167 0.155750
v -22.754801 8.948800 -0.217800
vn -0.747205 0.634228 0.198592
v -22.197599 9.119200 -0.349300
vn -0.816862 0.544589 0.190158
v -22.593300 9.296400 -2.511250
vn -0.979325 -0.200450 -0.027236
v -23.667648 10.501700 -8.392250
vn -0.947949 -0.312086 0.063211
v -23.771400 11.006400 -7.674600
vn -0.936399 -0.329876 -0.119744
v -23.795700 10.831000 -9.086700
vn -0.926770 -0.074493 -0.368168
v -22.573328 9.966682 -11.954787
vn -0.796026 0.118069 -0.593635
v -20.868351 9.631101 -15.123700
vn -0.675264 -0.170001 -0.717718
v -18.817284 9.166467 -17.418873
vn -0.513031 -0.292268 -0.807080
v -15.892776 8.766656 -19.576874
vn -0.341114 0.321683 -0.883267
v -14.018900 6.969300 -20.027599
vn -0.056836 0.966180 -0.251526
v -14.398800 5.608300 -21.941200
vn 0.046620 0.998912 -0.001145
v -14.512060 5.695393 -25.193573
vn 0.039756 0.999183 -0.007251
v -16.808815 5.784009 -24.502230
vn 0.048677 0.997730 -0.046531
v -14.843839 5.627071 -28.125097
vn 0.032641 0.998909 -0.033408
v -17.370659 5.765053 -27.575365
vn 0.041402 0.997356 -0.059731
v -17.043732 5.607773 -30.145317
vn 0.060319 0.997253 -0.042989
v -20.051252 5.785171 -28.700254
vn 0.047773 0.997209 -0.057377
v -19.612307 5.640480 -31.215300
vn 0.111205 0.991310 -0.070265
v -22.613316 5.933809 -29.637665
vn 0.072571 0.995823 -0.055406
v -21.526880 5.664528 -32.312012
vn 0.160264 0.982308 -0.096889
v -25.839146 6.456035 -29.817955
vn 0.129288 0.989309 -0.067470
v -24.104280 5.946881 -31.954586
vn 0.151554 0.982503 -0.108255
v -28.434425 6.931133 -29.207850
vn 0.134927 0.986876 -0.088721
v -27.434542 6.367034 -32.470345
vn 0.116830 0.984761 -0.128824
v -30.179298 6.897819 -31.351654
vn 0.053514 0.988972 -0.138097
v -38.894245 8.846498 -23.193180
vn 0.027664 0.987515 -0.155079
v -41.063999 9.331587 -20.745173
vn -0.136593 0.982131 -0.129465
v -43.130089 9.845580 -17.532787
vn -0.797336 0.601979 -0.043312
v -45.766201 10.042500 -10.138200
vn -0.782192 0.622966 -0.009507
v -45.842300 10.033400 -7.530200
vn -0.730971 0.681197 0.040644
v -45.815201 9.966700 -5.007700
vn -0.743127 -0.668657 -0.025687
v -45.822399 9.192900 -7.532100
vn -0.808626 -0.588210 0.011544
v -45.894501 9.085649 -3.808050
vn -0.192887 -0.962634 -0.190078
v -42.917175 7.658266 3.361188
vn -0.140691 -0.966449 -0.214899
v -41.297085 6.009283 9.845218
vn -0.142846 -0.965387 -0.218229
v -41.373764 6.543948 7.595387
vn -0.077668 -0.973947 -0.213062
v -38.760796 5.426916 11.523229
vn -0.131719 -0.968724 -0.210297
v -36.401157 4.643034 14.066291
vn -0.145754 -0.969486 -0.197112
v -33.847282 3.854885 15.913521
vn -0.097311 -0.976268 -0.193471
v -31.854582 2.905614 18.756594
vn -0.060612 -0.979071 -0.194283
v -30.068098 3.401956 15.999278
vn -0.125867 -0.979013 -0.160283
v -32.016361 3.911865 13.466356
vn -0.104479 -0.970719 -0.216306
v -31.467741 4.310323 10.711310
vn -0.109306 -0.965659 -0.235700
v -31.290577 4.893401 8.297434
vn -0.124824 -0.963523 -0.236733
v -31.875563 5.700084 5.368548
vn 0.004954 -0.968042 -0.250738
v -28.812578 6.021565 4.120957
vn -0.029470 -0.975382 -0.218542
v -30.203749 6.424758 2.619806
vn -0.034944 -0.987900 -0.151107
v -26.704454 6.486391 2.097125
vn -0.012993 -0.996011 -0.088276
v -26.046997 6.747494 -1.077239
vn -0.038134 -0.991168 -0.127009
v -29.105152 6.896703 -0.138678
vn -0.059504 -0.994756 -0.083188
v -28.774546 7.178132 -3.056854
vn -0.096227 -0.995040 0.025208
v -29.512495 7.357442 -6.840652
vn -0.140856 -0.984274 0.106601
v -30.494215 7.220894 -9.221218
vn -0.094597 -0.986205 0.135834
v -29.575157 6.781038 -11.754465
vn -0.031273 -0.991485 0.126413
v -26.060366 6.598471 -12.704720
vn -0.087807 -0.988895 0.119906
v -28.778376 6.297961 -14.739400
vn -0.036076 -0.986252 0.161259
v -25.724194 6.110458 -16.082434
vn 0.150813 -0.961461 0.229888
v -23.254751 6.339314 -13.672412
vn 0.201327 -0.967267 0.154475
v -24.164265 6.755516 -10.227127
vn 0.490458 -0.791691 0.364248
v -20.855137 7.527922 -13.121871
vn 0.577275 -0.780542 0.239808
v -21.542934 8.017423 -10.667246
vn 0.615865 -0.784284 0.074891
v -21.960220 8.320354 -7.705389
vn 0.393766 -0.911388 -0.119669
v -20.950899 9.291900 -2.890600
vn 0.346949 -0.916824 -0.197636
v -19.983150 9.202100 0.135450
vn 0.332920 -0.942626 -0.024895
v -20.877800 9.518700 -5.126900
vn -0.040715 -0.998900 -0.023251
v -17.038366 9.119168 0.968839
vn -0.047367 -0.998585 -0.024190
v -15.655955 9.081116 -0.466323
vn -0.047083 -0.998131 -0.038963
v -12.242223 8.817134 2.667062
vn -0.036071 -0.998302 -0.045734
v -8.320333 8.621547 3.443510
vn -0.028709 -0.998806 -0.039529
v -7.172750 8.709075 0.531016
vn -0.039125 -0.997226 -0.063323
v -11.638028 8.658272 5.535686
vn -0.014478 -0.994116 -0.107347
v -14.867657 8.865008 4.987270
vn 0.289377 -0.915450 -0.279663
v -17.980700 9.100500 3.511800
vn 0.518077 -0.852755 -0.066374
v -23.146563 7.542656 -4.772270
vn 0.425828 -0.884865 -0.188904
v -22.689888 7.189037 -0.708265
vn 0.516569 -0.796977 -0.313024
v -20.753906 7.560071 1.953035
vn 0.228900 -0.889899 -0.394570
v -16.168200 8.656500 5.792600
vn 0.415191 -0.907475 0.064081
v -20.853350 9.618299 -8.230400
vn 0.354442 -0.908151 0.222783
v -19.717199 9.493099 -11.612850
vn 0.391376 -0.693071 0.605373
v -16.983730 7.465406 -16.901028
vn 0.299467 -0.776338 0.554635
v -17.814621 6.099363 -18.300159
vn 0.103291 -0.925876 0.363433
v -19.025249 4.996700 -19.268501
vn 0.118707 -0.912288 0.391969
v -16.427500 4.649600 -20.749500
vn -0.036656 -0.997555 0.059507
v -14.943573 4.228789 -24.093019
vn -0.009307 -0.996073 0.088051
v -18.094019 4.305532 -22.885853
vn -0.095700 -0.995136 0.023366
v -14.111192 4.170665 -26.484770
vn -0.016371 -0.999506 0.026843
v -17.085224 4.439491 -27.137144
vn -0.080681 -0.993540 0.079803
v -15.306768 4.106229 -29.512209
vn -0.001802 -0.997268 0.073842
v -18.472973 4.196991 -30.214117
vn -0.055816 -0.994587 0.087642
v -16.283466 3.955998 -32.250076
vn -0.022034 -0.998021 0.058889
v -19.573843 3.925461 -32.915638
vn -0.064546 -0.996429 0.054435
v -14.106312 3.573648 -34.443897
vn -0.057183 -0.995923 0.069769
v -17.449144 3.740443 -35.057594
vn -0.062642 -0.996966 0.046211
v -12.192068 3.515036 -36.938179
vn -0.033529 -0.997337 0.064769
v -15.569418 3.400590 -37.904617
vn -0.091598 -0.990342 0.104083
v -10.138309 3.083374 -38.648575
vn -0.007069 -0.995649 0.092917
v -7.533772 2.886764 -38.963581
vn -0.058964 -0.997556 0.037480
v -4.568577 3.136611 -37.856350
vn 0.006794 -0.997640 -0.068320
v 6.241005 2.000338 -39.925079
vn 0.038776 -0.986135 0.161352
v 5.500577 2.313241 -34.427204
vn -0.018755 -0.999596 0.021371
v 3.741609 1.925590 -36.330303
vn -0.087639 -0.984246 0.153555
v 8.939230 2.259000 -34.288254
vn -0.029148 -0.982859 0.182041
v 7.322080 2.648577 -32.797615
vn -0.109872 -0.973201 0.202009
v 10.110286 2.554817 -31.919769
vn -0.073318 -0.974975 0.209876
v 12.581857 2.618855 -30.441010
vn -0.001888 -0.985306 0.170789
v 15.124367 2.826103 -28.708479
vn -0.051866 -0.987464 0.149079
v 12.531619 3.195457 -27.233673
vn 0.007735 -0.983796 0.179127
v 16.097198 3.261314 -25.880007
vn 0.038099 -0.982180 0.184040
v 19.689056 3.681479 -24.331888
vn 0.052530 -0.988453 0.142131
v 18.584503 3.164198 -27.223312
vn 0.005448 -0.992411 0.122842
v 22.902361 4.215221 -22.357712
vn 0.055477 -0.987646 0.146551
v 21.865755 3.645181 -25.378952
vn 0.058940 -0.995987 0.067343
v 25.714489 4.333652 -20.181700
vn 0.071490 -0.992669 0.097455
v 25.033234 4.067804 -23.178251
vn 0.295551 -0.950426 0.096644
v 29.394440 5.364238 -13.761525
vn 0.426088 -0.891577 0.153423
v 31.077724 6.366168 -10.544997
vn 0.980756 -0.162396 0.108380
v 32.405998 8.612800 -3.776800
vn 0.928994 -0.346357 0.130410
v 31.975000 8.699400 -0.187000
vn 0.876103 -0.433679 0.210633
v 31.237499 8.717100 3.345600
vn 0.564141 0.825267 0.026082
v 31.623600 9.496900 -0.290600
vn 0.641005 0.754807 0.139209
v 31.040800 9.554000 3.274900
vn 0.581146 0.790354 0.193934
v 30.009199 9.585800 6.671200
vn 0.483431 0.837037 0.256251
v 28.673901 9.496700 9.943300
vn 0.420969 0.859653 0.289450
v 27.098801 9.254000 13.082700
vn -0.020936 0.998561 0.049367
v 19.668928 9.006226 19.676161
vn -0.022987 0.997079 0.072838
v 17.214869 8.803549 21.891863
vn -0.104341 0.994530 0.004810
v 13.961289 8.548480 23.257273
vn -0.140968 0.989937 0.012397
v 11.352816 8.218674 24.127447
vn -0.211404 0.977186 -0.020389
v 4.573490 6.989862 23.252193
vn -0.161975 0.986770 -0.007051
v -0.296532 6.023981 24.272398
vn -0.197080 0.979949 -0.029314
v 2.144825 6.450686 23.271523
vn -0.126268 0.991926 0.011791
v -3.550055 5.554649 23.061541
vn -0.102410 0.994698 -0.009377
v -1.783330 5.759939 20.195419
vn -0.078522 0.995806 0.046952
v -5.089579 5.435442 20.600767
vn -0.071154 0.992056 0.103736
v -7.918221 5.317887 20.033672
vn -0.001784 0.992797 0.119796
v -6.517314 5.633503 17.236462
vn -0.031012 0.982173 0.185402
v -9.271231 5.631861 17.021833
vn 0.031750 0.982642 0.182777
v -10.649733 6.283278 14.344683
vn 0.014215 0.965340 0.260608
v -13.060683 6.641293 13.277980
vn -0.429953 0.557699 0.710009
v -16.916710 7.734182 8.351791
vn -0.628276 0.266731 0.730838
v -18.417400 8.876500 7.526600
vn -0.778947 0.264455 0.568600
v -20.459427 8.886902 5.359212
vn -0.522399 0.777454 0.350235
v -20.041700 9.326651 5.351550
vn -0.464274 0.842929 0.271883
v -20.615900 9.258000 3.293000
vn -0.437414 0.869364 0.229948
v -21.126400 9.216200 3.680900
vn -0.640505 0.671916 0.371862
v -21.236500 9.308500 2.078000
vn -0.419570 0.893168 0.161902
v -21.861601 9.190149 1.709850
vn -0.916352 0.277518 0.288587
v -21.786800 9.530500 0.901300
vn -0.962338 -0.159073 0.220457
v -23.220150 10.683700 -5.542750
vn -0.892801 -0.396260 0.214206
v -22.776600 11.456100 -3.154300
vn -0.817630 -0.533147 0.217339
v -23.535851 11.279301 -5.431751
vn -0.575847 0.098760 -0.811570
v -17.259571 11.146178 -19.770725
vn -0.400573 -0.213944 -0.890937
v -14.128809 9.422044 -20.877249
vn -0.202003 -0.341853 -0.917786
v -11.138420 7.934181 -21.267305
vn -0.194758 0.340359 -0.919905
v -11.150049 6.761000 -20.777800
vn -0.038795 0.973443 -0.225620
v -11.316700 5.487950 -23.070099
vn 0.034225 0.999279 -0.016444
v -11.813590 5.545586 -26.141136
vn 0.042398 0.996868 -0.066756
v -11.564255 5.386821 -29.317581
vn 0.053822 0.996242 -0.067861
v -13.993467 5.401124 -31.015684
vn 0.051806 0.996776 -0.061268
v -11.631866 5.108632 -33.092236
vn 0.050453 0.996745 -0.062879
v -16.643377 5.415851 -32.871693
vn 0.052491 0.996826 -0.059859
v -14.261573 5.159010 -34.619987
vn 0.054624 0.997217 -0.050745
v -19.483351 5.463323 -34.363960
vn 0.057524 0.996331 -0.063373
v -17.142380 5.220265 -36.496662
vn 0.095052 0.994598 -0.041709
v -22.339132 5.630586 -34.773815
vn 0.073167 0.995128 -0.066076
v -20.231243 5.352506 -37.565487
vn 0.108599 0.992299 -0.059570
v -25.535080 6.021008 -35.238937
vn 0.091365 0.991136 -0.096445
v -28.728565 6.354974 -34.769726
vn 0.047957 0.984770 -0.167117
v -31.605825 6.762797 -33.230484
vn 0.085570 0.980500 -0.176913
v -33.329391 7.359990 -30.459827
vn 0.048757 0.980581 -0.189955
v -36.181461 7.897218 -28.946205
vn 0.019531 0.986130 -0.164824
v -38.560219 8.382442 -26.727364
vn -0.265616 0.936309 -0.229725
v -43.176399 9.439849 -20.111050
vn -0.935650 0.230374 -0.267371
v -44.557495 9.209101 -18.419830
vn -0.853475 0.494038 -0.165852
v -45.622601 9.936800 -12.878100
vn -0.540667 -0.841040 -0.018178
v -44.759800 8.877000 -15.573700
vn -0.602442 -0.796125 -0.057001
v -45.301601 9.113500 -12.791300
vn -0.705240 -0.708377 -0.028951
v -45.642200 9.195100 -10.115900
vn -0.029295 -0.998574 -0.044625
v -42.808929 8.919979 -6.002886
vn -0.109760 -0.978279 -0.175846
v -42.494587 8.201916 0.266729
vn -0.130233 -0.965674 -0.224752
v -41.117085 7.026903 5.258287
vn -0.102576 -0.974957 -0.197325
v -39.574615 6.246338 7.894900
vn -0.086761 -0.972619 -0.215603
v -38.589466 6.477211 5.970334
vn -0.067311 -0.976287 -0.205748
v -37.178638 5.966795 8.505771
vn -0.127276 -0.964667 -0.230691
v -36.036491 5.317125 10.941637
vn -0.186723 -0.957049 -0.221794
v -34.323715 5.844814 7.949893
vn -0.222550 -0.941645 -0.252539
v -33.954620 5.091505 10.317784
vn -0.198924 -0.957104 -0.210670
v -34.238987 4.573258 12.604795
vn -0.116796 -0.972198 -0.202951
v -35.517006 6.596995 5.194140
vn -0.156327 -0.965195 -0.209668
v -33.165512 6.683154 2.359128
vn -0.140449 -0.971511 -0.190892
v -35.797832 7.265627 2.179364
vn -0.095130 -0.985570 -0.140010
v -31.966017 6.904682 0.211326
vn -0.088139 -0.989249 -0.116700
v -31.462408 7.163779 -2.495059
vn -0.168035 -0.980546 -0.101456
v -34.598217 7.951302 -4.388951
vn -0.187809 -0.981641 -0.033312
v -35.073021 8.316664 -7.660756
vn -0.190421 -0.981623 -0.012497
v -32.897606 7.805488 -7.347497
vn -0.240887 -0.968804 0.058248
v -33.979504 8.038573 -9.594010
vn -0.262382 -0.955416 0.135412
v -32.807236 7.420548 -11.484571
vn -0.294384 -0.952474 0.078309
v -34.212917 7.551244 -14.431667
vn -0.237164 -0.967114 0.091895
v -32.110134 6.891774 -13.610900
vn -0.246416 -0.968930 0.021310
v -31.676859 6.740651 -16.813650
vn -0.242121 -0.970054 0.019320
v -32.684345 7.076059 -19.138617
vn -0.235660 -0.971759 -0.012241
v -30.329939 6.377121 -20.305267
vn -0.132704 -0.989273 0.061070
v -28.130632 5.783705 -18.111685
vn -0.180915 -0.983473 -0.007100
v -27.420750 5.760051 -20.953947
vn -0.086569 -0.988568 0.123445
v -25.246613 5.610221 -18.719191
vn -0.086389 -0.980755 0.175092
v -23.554403 5.749294 -17.113989
vn 0.120411 -0.940759 0.316976
v -21.464050 5.627450 -16.711800
vn 0.402687 -0.782432 0.475020
v -19.780563 6.849509 -15.781663
vn -0.098798 -0.979829 0.173704
v -22.084480 5.196427 -19.444567
vn -0.172459 -0.980375 0.095510
v -23.998007 5.149855 -21.463314
vn -0.105830 -0.985973 0.129062
v -20.999130 4.420190 -22.640184
vn -0.245048 -0.966773 0.072813
v -24.099697 4.950252 -24.416952
vn 0.010357 -0.999792 -0.017589
v -18.125217 4.360269 -25.051853
vn -0.119826 -0.991309 0.054297
v -21.760933 4.276275 -25.344984
vn 0.004245 -0.999699 0.024181
v -20.110647 4.215471 -27.335705
vn -0.200427 -0.978809 0.041978
v -23.315096 4.442176 -27.692749
vn -0.060928 -0.996453 0.058049
v -21.322453 4.180755 -29.908493
vn -0.209141 -0.971475 0.111788
v -24.656158 4.677590 -30.156115
vn -0.113214 -0.992851 0.037810
v -22.622869 4.016812 -32.502243
vn -0.190872 -0.979394 0.065994
v -26.129669 4.592426 -32.379536
vn -0.105275 -0.994318 0.015763
v -20.993992 3.952435 -35.624668
vn -0.147433 -0.989011 -0.011005
v -24.362553 4.495483 -35.271130
vn -0.143719 -0.988197 0.053033
v -22.877361 4.154397 -38.530655
vn -0.093829 -0.994501 0.046529
v -18.879282 3.560541 -39.478676
vn -0.058429 -0.992830 0.104285
v -13.404190 3.295800 -39.951725
vn -0.008668 -0.999641 0.025363
v -4.769956 2.707085 -41.462170
vn 0.022152 -0.997565 -0.066126
v 9.223081 2.051167 -38.470642
vn -0.040655 -0.999119 -0.010403
v 10.728586 1.890599 -35.965778
vn -0.030479 -0.995259 0.092357
v 12.484878 1.727242 -33.803970
vn 0.068501 -0.989042 0.130783
v 15.207789 2.090196 -32.301735
vn 0.100905 -0.988639 0.111408
v 18.154417 2.692591 -30.591656
vn 0.185975 -0.982407 0.017008
v 21.462914 3.142913 -28.834417
vn 0.251252 -0.966323 -0.055613
v 24.480970 3.639872 -26.644835
vn 0.211787 -0.976328 0.043938
v 27.744761 4.537993 -20.510143
vn 0.395790 -0.918067 0.022431
v 29.513412 5.203186 -17.389246
vn 0.974977 -0.092367 -0.202206
v 31.684000 6.508500 -14.353300
vn 0.993855 0.001622 -0.110674
v 32.275398 7.213900 -10.863200
vn 0.999027 -0.039186 -0.020237
v 32.485901 8.070900 -7.337800
vn 0.256208 0.936909 -0.237820
v 31.406900 7.779400 -10.873000
vn 0.295425 0.928557 -0.224734
v 31.700800 8.647300 -7.437900
vn 0.394858 0.915849 -0.072853
v 31.756901 9.299200 -3.909400
vn 0.003483 0.999595 -0.028248
v 29.180611 9.683144 2.323449
vn -0.000699 0.999997 0.002418
v 28.092916 9.726562 5.694821
vn -0.003709 0.998055 0.062225
v 25.458290 9.400481 12.122480
vn 0.008370 0.998425 0.055477
v 27.268091 9.634018 9.243652
vn -0.011512 0.999072 0.041500
v 23.404810 9.293791 14.473948
vn -0.060720 0.998113 0.009103
v 20.403481 9.141551 16.399868
vn -0.100231 0.994944 -0.006333
v 17.998224 8.928046 18.345583
vn -0.123639 0.991899 -0.029147
v 15.267160 8.618345 19.775928
vn -0.142467 0.988247 -0.055421
v 12.264960 8.262389 20.503704
vn -0.189769 0.981677 -0.017267
v 7.222288 7.563380 22.721483
vn -0.168915 0.982225 -0.081865
v 9.041534 7.770365 20.221973
vn -0.202468 0.976861 -0.068909
v 3.558481 6.608586 20.660795
vn -0.212364 0.972777 -0.092776
v 6.012634 7.107234 19.906120
vn -0.159204 0.986435 -0.040014
v 0.924310 6.124150 21.163559
vn -0.140128 0.988312 -0.060033
v 1.540515 6.080126 18.556322
vn -0.010771 0.997874 0.064284
v -4.013264 5.635029 17.116146
vn -0.038708 0.999173 0.012490
v -1.371866 5.689719 16.488829
vn 0.050387 0.992924 0.107536
v -5.656904 6.037939 14.203778
vn 0.038088 0.992393 0.117067
v -8.319813 6.219165 14.227061
vn 0.057253 0.977500 0.203016
v -9.682466 6.330866 12.535103
vn 0.070442 0.928294 0.365115
v -12.355494 6.942656 11.211563
vn 0.022968 0.838513 0.544397
v -11.269700 7.024200 11.059700
vn -0.150619 0.340416 0.928133
v -11.474536 7.442996 10.571904
vn -0.326496 0.491021 0.807650
v -14.338300 7.685000 9.713000
vn -0.493933 0.066535 0.866951
v -15.938463 8.789634 9.116838
vn -0.508295 0.498349 0.702342
v -16.995028 9.395350 8.250802
vn -0.700044 0.135854 0.701057
v -17.750149 10.030550 6.597501
vn -0.783236 0.362261 0.505281
v -19.309299 9.735350 4.703200
vn -0.859509 -0.009354 0.511035
v -20.488300 9.656800 3.148500
vn -0.887944 -0.404865 0.218264
v -21.904400 11.464900 0.568950
vn -0.883473 -0.420494 0.206546
v -22.435400 11.558300 -1.537400
vn -0.998387 -0.017468 0.054017
v -24.378502 12.920455 -4.081012
vn -0.960607 0.277172 0.020230
v -24.384914 13.971110 -7.782896
vn -0.925015 0.337454 0.174562
v -22.794094 16.860796 -2.967086
vn -0.967097 -0.088520 0.238513
v -23.053499 15.123900 -1.053000
vn -0.747063 0.274255 0.605542
v -21.940300 15.476200 1.354300
vn -0.749617 -0.183559 0.635909
v -21.894800 15.089100 1.358900
vn -0.821628 0.278053 0.497608
v -21.779100 14.697800 1.329700
vn -0.432191 0.850961 0.298457
v -20.069099 15.357000 2.616200
vn -0.745502 0.583139 0.322764
v -21.793400 14.676300 1.341800
vn -0.453604 0.883842 0.114307
v -20.281500 15.297300 2.837500
vn -0.552134 0.747837 0.368629
v -19.795799 15.374149 3.733300
vn -0.489008 0.765806 0.417628
v -17.982700 16.022099 5.235250
vn -0.471384 0.351728 0.808755
v -15.174673 14.766300 7.497383
vn -0.319738 0.503514 0.802647
v -13.554530 12.859803 9.635305
vn -0.247624 0.520336 0.817272
v -11.396656 12.700112 10.427414
vn -0.147314 0.443333 0.884169
v -10.164665 12.029696 11.334597
vn 0.063748 0.152417 0.986258
v -7.207445 11.008512 11.923487
vn 0.248673 0.252204 0.935176
v -4.074240 11.735766 10.702687
vn 0.269422 -0.193773 0.943326
v -2.789800 8.608250 11.007350
vn 0.444779 -0.131407 0.885948
v -0.001500 8.590700 9.931749
vn 0.477662 -0.080696 0.874830
v 1.197950 8.074950 9.020050
vn 0.593182 0.002916 0.805063
v 2.569600 8.599100 8.317600
vn 0.521820 0.040626 0.852088
v 1.953600 7.433300 8.864300
vn 0.431073 0.405628 0.806004
v 1.190150 6.841750 9.068800
vn 0.525554 0.551442 0.647846
v 3.528250 6.710700 7.385100
vn 0.094106 0.993518 0.063759
v 7.261536 6.076137 6.108957
vn -0.113525 0.993181 -0.026544
v 9.929317 6.226481 4.355355
vn -0.140787 0.989006 -0.045232
v 9.334894 6.223926 7.711434
vn -0.203779 0.977439 -0.055564
v 12.379468 6.588979 3.014201
vn -0.222762 0.973015 -0.060153
v 12.272886 6.782447 6.441180
vn -0.248189 0.967346 -0.051410
v 14.788700 7.095563 1.597790
vn -0.246296 0.967290 -0.060739
v 15.304728 7.454715 4.980922
vn -0.242193 0.968422 -0.059180
v 17.321932 7.839618 2.454933
vn -0.233442 0.970815 -0.054974
v 17.243364 7.675660 0.024900
vn -0.221069 0.973680 -0.055451
v 18.793369 8.305288 4.246491
vn -0.197156 0.977538 -0.074497
v 20.087336 8.177193 -1.911495
vn -0.163175 0.984185 -0.068945
v 23.165432 8.887811 0.040071
vn -0.145186 0.983722 -0.105887
v 23.547428 8.712776 -3.415406
vn -0.101011 0.974188 -0.201877
v 24.983784 8.347759 -6.887005
vn -0.063734 0.970945 -0.230660
v 26.511700 7.638417 -10.043785
vn -0.063088 0.970833 -0.231306
v 28.406551 8.495667 -7.263067
vn -0.067933 0.991006 -0.115289
v 27.793703 6.580922 -16.920376
vn -0.036276 0.991073 -0.128289
v 25.072420 5.651759 -22.683929
vn 0.222880 0.921249 -0.318785
v 23.348101 4.879700 -30.070900
vn 0.262763 0.867781 -0.421796
v 21.206400 4.366000 -32.766499
vn 0.322589 0.810760 -0.488472
v 18.922899 3.819600 -35.227001
vn 0.327585 0.804907 -0.494786
v 16.423599 3.551700 -37.404701
vn 0.739869 -0.285075 -0.609365
v 21.572100 3.638000 -33.054501
vn 0.645316 -0.428652 -0.632317
v 19.155600 3.026300 -35.453400
vn 0.548520 -0.457988 -0.699552
v 16.576700 2.744000 -37.664501
vn 0.294514 0.857734 -0.421371
v 13.720400 3.574000 -39.164902
vn 0.236680 -0.867753 -0.437021
v 10.841000 2.387700 -40.614899
vn 0.269231 -0.780775 -0.563831
v 8.148700 2.305900 -42.187199
vn -0.072028 -0.994567 -0.075163
v 4.126104 2.101182 -40.265427
vn -0.058366 -0.995864 -0.069629
v 1.468586 2.438108 -42.023857
vn -0.041437 -0.998294 -0.041137
v -1.294626 2.611140 -42.379482
vn -0.029129 -0.999568 -0.004006
v -8.380580 2.595370 -42.041191
vn -0.082773 -0.995454 0.047125
v -11.124022 2.787655 -41.397911
vn -0.094344 -0.993651 0.061297
v -28.610872 5.004209 -35.461174
vn -0.156804 -0.987554 0.012269
v -27.219284 4.870879 -34.295929
vn -0.116548 -0.983693 0.136985
v -29.448671 5.379767 -31.758987
vn -0.107561 -0.979338 0.171251
v -31.465429 6.055300 -28.990747
vn -0.178392 -0.973538 0.142831
v -27.813789 5.574794 -29.614227
vn -0.130888 -0.985901 0.104245
v -32.261509 6.737408 -25.751451
vn -0.077103 -0.991148 0.108081
v -35.505638 7.119414 -24.416475
vn -0.186833 -0.978737 0.084660
v -28.818499 5.966125 -26.500896
vn -0.175920 -0.983597 0.039873
v -32.618176 6.873564 -22.326298
vn -0.134098 -0.985226 0.106524
v -35.692760 7.563572 -20.946354
vn -0.212912 -0.976702 0.026848
v -29.328007 6.318331 -23.922464
vn -0.227561 -0.973437 0.025220
v -26.622097 5.617639 -23.665291
vn -0.246358 -0.967071 0.063887
v -26.216835 5.427410 -27.199593
vn -0.225638 -0.973125 0.045988
v -35.017796 7.625201 -17.606434
vn -0.200787 -0.975647 0.088302
v -36.867584 8.189189 -15.639361
vn -0.089654 -0.992147 0.087217
v -39.062782 8.727201 -13.824562
vn -0.061328 -0.991627 0.113647
v -39.698883 8.520457 -16.832973
vn -0.232642 -0.969220 0.080564
v -35.834339 8.394430 -12.041994
vn -0.091873 -0.994493 0.050424
v -39.197105 9.000030 -10.721776
vn 0.019460 -0.999687 0.015712
v -41.185463 9.138462 -9.297970
vn -0.172980 -0.984810 -0.015093
v -36.905785 8.644172 -8.689808
vn -0.087707 -0.994409 -0.058810
v -39.575867 9.064006 -7.192604
vn -0.081407 -0.991728 -0.099237
v -39.925922 8.808328 -4.514536
vn -0.161094 -0.982888 -0.089331
v -37.009544 8.429742 -5.508972
vn -0.158814 -0.980094 -0.119136
v -37.707329 8.268517 -2.644374
vn -0.082565 -0.983635 -0.160139
v -40.041481 8.449422 -1.373361
vn -0.141780 -0.976383 -0.163020
v -37.337013 7.820967 0.155369
vn -0.096177 -0.967305 -0.234674
v -39.201786 7.470294 2.806330
vn -0.167736 -0.977060 -0.131218
v -34.764259 7.535388 -1.226915
vn -0.071124 -0.991256 -0.111145
v -42.824780 8.694018 -2.457692
vn -0.082755 -0.979741 0.182370
v -32.886169 5.809038 -30.688305
vn -0.113973 -0.982328 0.148467
v -34.983624 6.574709 -28.161482
vn -0.104628 -0.992109 0.069079
v -31.479919 5.294938 -33.572754
vn -0.106316 -0.992644 0.057920
v -26.225142 4.642187 -37.689529
vn -0.120493 -0.992696 0.005994
v -20.805880 3.629141 -40.836731
vn -0.081353 -0.996240 -0.029805
v -14.392679 3.045495 -42.618961
vn 0.011875 -0.760884 -0.648779
v -6.115200 2.854200 -44.839401
vn -0.053887 0.446096 -0.893362
v -8.972800 3.736600 -45.022301
vn 0.025842 0.525479 -0.850414
v -6.128800 3.706000 -45.047600
vn 0.067098 0.574776 -0.815555
v -3.333400 3.706000 -44.896702
vn 0.029588 -0.728291 -0.684629
v -3.347800 2.847200 -44.767799
vn 0.122562 0.619159 -0.775643
v -0.541200 3.665000 -44.592602
vn 0.061113 -0.683888 -0.727023
v -0.600700 2.807300 -44.539902
vn 0.178272 0.679836 -0.711367
v 2.354100 3.529500 -44.118000
vn 0.100361 -0.630626 -0.769570
v 2.283000 2.683000 -44.174702
vn 0.241491 0.641822 -0.727837
v 5.326700 3.331800 -43.450001
vn 0.172066 -0.676726 -0.715846
v 5.261500 2.478400 -43.422199
vn 0.182287 0.914304 -0.361690
v 10.928100 3.623200 -40.626099
vn -0.094182 0.991473 -0.090057
v 17.841658 3.878957 -33.726673
vn -0.092294 0.987665 -0.126492
v 19.601780 4.414754 -30.769735
vn -0.055937 0.991939 -0.113701
v 22.009844 4.960136 -27.695534
vn -0.025609 0.992166 -0.122276
v 23.495634 5.359798 -24.772776
vn -0.027495 0.991338 -0.128421
v 24.931482 6.131990 -19.099081
vn -0.024408 0.992544 -0.119419
v 24.798006 6.547046 -15.748561
vn -0.041494 0.984353 -0.171254
v 24.330263 6.953712 -12.564309
vn 0.009226 0.994578 -0.103581
v 22.516203 6.639656 -14.856537
vn -0.082174 0.975128 -0.205847
v 23.224358 7.573225 -9.506444
vn -0.028687 0.988435 -0.148904
v 21.849039 6.948321 -12.027956
vn -0.158500 0.977695 -0.137805
v 21.563084 8.100639 -5.605775
vn -0.099654 0.984405 -0.144966
v 20.503832 7.398529 -9.057119
vn -0.185487 0.977448 -0.100947
v 19.189060 7.680316 -5.446470
vn -0.223435 0.972309 -0.068503
v 16.891870 7.436273 -2.650197
vn -0.210215 0.974748 -0.075339
v 16.524761 7.127297 -5.331256
vn -0.235282 0.970889 -0.044901
v 14.629847 6.938413 -1.472056
vn -0.179669 0.983015 -0.037429
v 11.961011 6.354890 0.368827
vn 0.026664 0.999644 -0.001200
v 9.771796 6.113453 1.595096
vn 0.184752 0.975996 0.115317
v 8.133245 6.174840 3.094517
vn 0.600174 0.675591 0.428214
v 5.846643 6.634494 5.136649
vn 0.718281 0.116004 0.686014
v 4.405901 7.271541 6.705760
vn 0.679070 0.028221 0.733531
v 3.534050 7.973200 7.246700
vn 0.711705 -0.152104 0.685814
v 5.507543 8.315350 5.493694
vn 0.421103 0.159052 0.892958
v -1.271500 11.350207 9.663311
vn 0.060352 0.494143 0.867283
v -6.782051 13.353017 10.403802
vn -0.077253 0.525446 0.847313
v -9.620235 14.200893 9.865424
vn -0.285086 0.283072 0.915749
v -12.059973 15.580061 8.763636
vn -0.378498 0.777041 0.502938
v -15.189313 16.962637 7.322902
vn -0.094174 0.995555 0.001611
v -16.761999 16.222000 4.373200
vn 0.012159 0.998750 -0.048479
v -14.247201 16.279778 4.413345
vn -0.202691 0.749993 0.629624
v -11.188100 16.977699 8.842850
vn -0.134176 0.920243 0.367628
v -9.866800 17.369049 8.604000
vn -0.029521 0.369655 0.928700
v -8.267950 15.272551 9.312250
vn 0.023513 0.356633 0.933949
v -5.380550 15.327450 9.195950
vn 0.112172 0.431427 0.895147
v -3.083200 14.513500 9.665600
vn 0.306789 0.409946 0.858967
v -1.574200 14.394100 9.431000
vn 0.519883 -0.181382 0.834759
v 2.489850 11.606650 6.974550
vn 0.584090 0.171950 0.793267
v 1.579475 10.839878 7.767739
vn 0.836487 -0.003012 0.547978
v 6.186574 7.615719 4.305155
vn 0.735599 0.561297 0.379263
v 7.871400 6.626300 1.579550
vn 0.758808 0.633507 0.151259
v 8.918250 6.549000 -1.066750
vn 0.170640 0.984751 0.033868
v 9.787950 6.056800 -0.825050
vn -0.166844 0.985405 -0.033773
v 12.034698 6.287195 -3.236297
vn -0.200976 0.978290 -0.050561
v 14.176080 6.615693 -4.966048
vn -0.173448 0.984492 -0.026297
v 14.926037 6.639993 -7.745528
vn -0.142331 0.987096 -0.073376
v 17.729654 7.114262 -8.554898
vn -0.026943 0.996601 -0.077853
v 18.923866 6.930706 -12.032954
vn -0.094050 0.995566 0.001968
v 15.851716 6.792864 -11.378023
vn 0.022385 0.997419 -0.068229
v 20.148201 6.744576 -14.141376
vn 0.045247 0.996056 -0.076326
v 18.869806 6.697461 -16.230030
vn 0.037478 0.992233 -0.118617
v 22.026621 6.363877 -17.663568
vn 0.060589 0.988966 -0.135188
v 19.191460 6.332152 -19.358812
vn 0.025193 0.988952 -0.146078
v 22.214306 5.889373 -21.086050
vn 0.015208 0.986350 -0.163956
v 20.481928 5.437237 -24.115835
vn -0.030453 0.985629 -0.166156
v 19.432089 4.906973 -27.258038
vn -0.087007 0.987982 -0.127757
v 16.968718 3.933291 -32.170940
vn -0.027892 0.996106 -0.083638
v 14.480844 3.571953 -33.865658
vn 0.000603 0.999991 0.004184
v 12.653450 3.498297 -37.027153
vn -0.098612 0.433238 -0.895869
v -13.483749 3.979000 -44.499451
vn -0.191536 -0.760801 -0.620078
v -14.945900 3.276500 -43.896000
vn -0.234312 -0.813336 -0.532524
v -18.113899 3.516400 -43.071999
vn -0.229844 0.410729 -0.882312
v -18.246201 4.329500 -43.417801
vn -0.298562 0.453367 -0.839833
v -21.380800 4.639300 -42.291100
vn -0.307555 -0.777510 -0.548533
v -21.255800 3.803500 -41.992001
vn -0.358844 -0.807826 -0.467599
v -24.305300 4.234300 -40.633999
vn -0.355036 0.465769 -0.810561
v -24.435801 5.012300 -40.917599
vn -0.402318 0.453688 -0.795178
v -27.434799 5.391800 -39.254501
vn -0.373774 -0.815350 -0.442152
v -27.296600 4.626000 -39.004799
vn -0.425367 -0.791265 -0.439274
v -30.192600 5.014400 -37.111900
vn -0.465318 0.467575 -0.751567
v -30.313499 5.833400 -37.336300
vn -0.521599 -0.691459 -0.499819
v -33.010601 5.537200 -35.074001
vn -0.181874 -0.978916 0.092979
v -34.382847 5.788384 -31.559702
vn -0.056411 -0.993822 0.095586
v -38.182072 7.036789 -26.267942
vn -0.057444 -0.989571 0.132100
v -38.761688 7.421580 -22.797655
vn -0.045975 -0.989339 0.138181
v -41.886097 8.390362 -17.753216
vn -0.051619 -0.995128 0.084001
v -42.269611 8.698218 -14.901534
vn -0.020641 -0.998062 0.058707
v -41.955975 8.913048 -12.057033
vn -0.033084 -0.999441 0.004773
v -43.600029 8.928778 -9.802271
vn -0.336315 -0.941271 -0.030022
v -41.296001 7.468500 -24.342400
vn -0.261110 -0.964357 -0.042856
v -39.496799 6.986700 -27.130501
vn -0.825465 -0.149104 -0.544405
v -40.146702 7.494200 -27.674801
vn -0.731335 -0.429330 -0.529929
v -38.021099 6.845600 -30.359400
vn -0.679744 -0.526020 -0.511127
v -35.657799 6.156600 -32.821301
vn -0.344923 0.808912 -0.476120
v -37.598598 7.648900 -30.143700
vn -0.410120 0.723545 -0.555234
v -35.465199 6.993000 -32.747398
vn -0.440091 0.589277 -0.677549
v -33.025501 6.368700 -35.167099
vn 0.012460 0.980335 -0.196947
v -29.733839 6.317418 -35.775909
vn 0.032656 0.979595 -0.198311
v -27.082367 5.974555 -37.315300
vn 0.059563 0.988754 -0.137176
v -23.693520 5.629016 -38.102036
vn 0.036367 0.985744 -0.164275
v -20.941120 5.183419 -40.066586
vn 0.023424 0.981433 -0.190370
v -17.951466 4.835697 -41.682110
vn 0.042873 0.979172 -0.198453
v -14.878237 4.607194 -42.436405
vn 0.029075 0.987880 -0.152471
v -9.098648 4.252163 -42.803165
vn 0.055778 0.989121 -0.136122
v -11.947788 4.543694 -41.484051
vn 0.022106 0.990037 -0.139063
v -6.365473 4.216319 -42.541534
vn 0.037288 0.990818 -0.129956
v -3.672161 4.181141 -42.207211
vn 0.084059 0.992364 -0.090262
v -0.850102 4.070983 -41.853680
vn 0.061685 0.997095 -0.044691
v 4.670019 3.549100 -41.077599
vn 0.110667 0.993416 -0.029605
v 1.720819 3.852077 -40.263721
vn 0.013847 0.999621 -0.023787
v 9.507291 3.540182 -37.254955
vn 0.017972 0.997126 -0.073600
v 6.273667 3.592666 -36.647556
vn 0.047608 0.990595 -0.128281
v 8.137637 3.839471 -34.258148
vn 0.046895 0.994569 -0.092915
v 11.196437 3.576360 -34.287086
vn -0.025199 0.982148 -0.186415
v 15.153898 4.072800 -30.565876
vn 0.041425 0.982731 -0.180344
v 12.564790 3.966408 -31.280169
vn 0.002255 0.974942 -0.222448
v 16.004395 5.052139 -26.323086
vn 0.019349 0.973844 -0.226393
v 13.737103 4.579739 -28.396555
vn 0.023361 0.976458 -0.214439
v 17.047697 5.525520 -24.183605
vn 0.011177 0.976259 -0.216316
v 14.488321 5.725866 -23.704151
vn 0.039090 0.984128 -0.173102
v 16.868776 6.215958 -21.167444
vn -0.025128 0.989090 -0.145151
v 13.606738 6.388212 -20.389366
vn 0.005828 0.996691 -0.081080
v 15.752787 6.731377 -17.645571
vn -0.010920 0.999636 -0.024685
v 16.631716 6.849298 -14.564249
vn -0.067827 0.997611 0.013132
v 14.012297 6.730120 -14.586215
vn -0.136613 0.990273 0.026387
v 13.038811 6.354253 -9.540359
vn -0.116829 0.990934 0.066338
v 12.723264 6.462313 -11.747458
vn 0.989666 0.102097 0.100690
v 8.583850 7.502550 -1.190550
vn 0.904721 -0.114091 0.410443
v 8.180564 8.895768 1.335749
vn 0.587528 0.065055 0.806585
v 4.278544 10.720415 5.930567
vn 0.802253 -0.103772 0.587896
v 6.946441 10.948772 3.917634
vn 0.499734 -0.324840 0.802960
v 4.491800 11.469900 5.951400
vn 0.543088 -0.209067 0.813232
v 3.348430 12.540955 7.241074
vn 0.615950 0.267494 0.740981
v 3.135900 13.074950 7.435050
vn 0.495609 0.152964 0.854970
v 1.173300 13.356000 8.526800
vn 0.180602 0.464039 0.867208
v -3.141100 15.350400 9.143200
vn -0.017074 0.866741 0.498465
v -6.956950 17.614050 8.830000
vn -0.041065 0.812260 0.581849
v -11.967663 16.268423 3.829798
vn -0.216623 0.522848 0.824442
v -14.059900 16.439100 3.094200
vn -0.193414 -0.500408 0.843910
v -13.001800 16.922100 3.473900
vn -0.137106 -0.771107 0.621768
v -14.304000 16.900499 3.236900
vn 0.064661 -0.906637 0.416927
v -14.645700 17.048599 3.617400
vn 0.061908 -0.865770 0.496599
v -15.523100 17.260300 4.296100
vn -0.356270 -0.382305 0.852593
v -17.602600 16.956600 3.741100
vn -0.646084 0.060997 0.760825
v -17.773899 17.393801 3.733500
vn -0.623295 0.508272 0.594275
v -19.691000 16.756399 2.336700
vn -0.535477 0.308739 0.786094
v -19.706499 16.389299 2.590700
vn -0.793081 0.386995 0.470380
v -21.024401 17.693300 -1.083400
vn -0.849960 0.351378 0.392557
v -21.341700 18.130001 -1.778900
vn -0.917546 0.376731 0.127212
v -21.135231 20.361568 -3.764094
vn -0.897823 0.429287 -0.098113
v -21.290535 19.710096 -6.560704
vn -0.839267 0.474822 -0.264905
v -21.757509 18.203745 -8.015289
vn -0.878587 0.301625 -0.370280
v -20.489183 20.081741 -9.561066
vn -0.791522 0.447270 -0.416464
v -20.761362 17.962135 -10.407348
vn -0.753777 0.538068 -0.377231
v -20.401096 16.922443 -12.639962
vn -0.777379 0.411140 -0.476074
v -21.998556 15.183713 -11.882519
vn -0.944996 0.108559 -0.308542
v -23.941795 13.061798 -10.077573
vn -0.874717 0.056213 -0.481362
v -22.999506 12.109457 -12.404569
vn -0.746281 0.239494 -0.621053
v -19.487669 11.763229 -17.441395
vn -0.489764 0.579297 -0.651572
v -17.246943 12.870644 -18.216228
vn -0.362764 0.458958 -0.811024
v -14.778721 12.457441 -20.490910
vn -0.267273 0.105566 -0.957821
v -11.914473 11.143714 -22.207170
vn -0.068372 -0.258032 -0.963714
v -8.731977 8.652618 -21.849775
vn 0.012277 0.487391 -0.873098
v -7.231534 6.480973 -21.312496
vn -0.091013 0.924122 -0.371100
v -8.923800 5.885000 -22.799601
vn -0.133910 0.983489 -0.121726
v -7.284700 5.952300 -24.023399
vn -0.150487 0.962046 -0.227643
v -8.915600 5.473700 -23.680901
vn -0.022631 0.991310 -0.129587
v -6.449579 5.553805 -26.617352
vn 0.006320 0.999097 -0.042021
v -9.244665 5.498353 -26.943335
vn 0.029234 0.994878 -0.096768
v -8.007399 5.275044 -29.123568
vn 0.040022 0.996368 -0.075162
v -9.289687 5.094078 -31.710337
vn 0.041571 0.997179 -0.062497
v -8.350677 4.860786 -34.753681
vn 0.026105 0.997510 -0.065512
v -6.439208 4.637935 -37.463127
vn 0.052806 0.996807 -0.059903
v -11.760413 4.979562 -36.230850
vn 0.047675 0.995499 -0.081911
v -9.148329 4.649393 -38.194664
vn 0.062329 0.994284 -0.086684
v -11.894194 4.773744 -39.167934
vn 0.047739 0.996325 -0.071115
v -14.597610 4.970688 -38.219101
vn 0.057163 0.994777 -0.084561
v -17.623697 5.022559 -39.480820
vn -0.340567 0.855079 -0.390965
v -39.598099 8.225600 -27.417299
vn -0.255607 0.922690 -0.288632
v -41.781841 8.896604 -23.447905
vn -0.875343 -0.049092 -0.481004
v -41.999100 8.038500 -24.834801
vn -0.921848 0.023638 -0.386829
v -43.468700 8.605600 -21.843901
vn 0.050054 0.994520 -0.091781
v -14.766367 4.784540 -40.597481
vn 0.042762 0.995270 -0.087232
v -9.132021 4.395683 -40.726032
vn 0.013957 0.996000 -0.088259
v -6.429845 4.411042 -40.431030
vn 0.112134 0.993201 -0.031271
v -1.264046 4.245294 -38.820736
vn 0.066876 0.997489 -0.023313
v 3.960081 3.598424 -38.130104
vn 0.028401 0.987155 -0.157219
v 4.911539 4.022493 -33.637779
vn 0.069320 0.981691 -0.177417
v 9.591311 4.213592 -31.290670
vn 0.037802 0.984346 -0.172143
v 6.479478 4.473902 -30.868246
vn 0.044860 0.977460 -0.206300
v 10.640513 4.799708 -28.080793
vn 0.031381 0.983190 -0.179870
v 8.006480 4.956155 -27.851019
vn 0.019831 0.975735 -0.218054
v 12.081399 5.191397 -26.055529
vn 0.004730 0.984494 -0.175355
v 9.076910 5.450171 -25.123142
vn -0.022801 0.985004 -0.171019
v 11.296830 5.872084 -22.833509
vn -0.052389 0.993812 -0.097944
v 9.862013 6.244871 -19.506067
vn -0.062295 0.997285 -0.039265
v 12.397556 6.641333 -17.165554
vn -0.116532 0.992970 0.020776
v 8.666178 6.352968 -16.576195
vn -0.116964 0.990926 0.066218
v 11.275707 6.445813 -13.604909
vn 0.212105 0.975623 -0.056316
v 10.023258 5.939628 -9.945309
vn 0.951494 0.299072 -0.072224
v 8.974793 7.283468 -6.268030
vn 0.970127 0.199559 0.137949
v 8.820100 7.498100 -3.291400
vn 0.953025 0.077018 0.292936
v 8.826434 10.915909 0.702469
vn 0.701422 0.150864 0.696597
v 6.315800 12.427700 5.331700
vn 0.555696 0.473129 0.683630
v 2.794100 14.180250 6.338900
vn 0.428283 0.461920 0.776662
v 0.171134 14.929338 8.180208
vn 0.059915 0.821652 0.566832
v -4.639200 17.549801 8.744500
vn 0.004541 0.987053 -0.160328
v -10.973580 16.033205 5.823979
vn -0.101466 -0.145961 0.984073
v -11.058200 16.718349 3.688050
vn 0.043527 -0.802551 0.594993
v -12.418152 18.212543 5.515689
vn -0.124719 -0.759533 0.638400
v -15.358600 17.945200 5.408750
vn -0.272128 -0.540192 0.796328
v -14.894900 18.627300 6.205400
vn -0.677089 -0.120092 0.726036
v -16.459700 18.278099 5.222400
vn -0.618361 0.112107 0.777857
v -15.181400 19.152300 6.235300
vn -0.816804 0.234653 0.527038
v -19.607473 20.119648 0.810908
vn -0.908579 0.400681 0.118065
v -19.400284 23.553608 -3.146477
vn -0.904714 0.425781 0.014249
v -20.046164 22.578514 -5.430141
vn -0.919582 0.378404 -0.105734
v -19.719065 23.264429 -7.813220
vn -0.702651 0.176405 0.689321
v -17.335800 20.664982 3.264124
vn -0.686908 0.322989 0.651026
v -15.710950 20.092850 4.705600
vn -0.538225 0.339530 0.771384
v -13.707400 20.401199 6.766600
vn -0.572255 0.343976 0.744449
v -14.471399 19.774250 6.561000
vn -0.167656 -0.324306 0.930976
v -11.949300 20.021400 7.757200
vn -0.056355 -0.196060 0.978971
v -10.428100 20.930500 8.178300
vn -0.224395 -0.411468 0.883369
v -13.505900 19.320000 7.089300
vn 0.032424 -0.700361 0.713052
v -9.213955 18.684298 5.634399
vn 0.130882 -0.715290 0.686462
v -2.407618 18.281549 4.708883
vn 0.185382 0.080253 0.979384
v -0.023550 16.591499 2.324650
vn 0.026939 0.984445 0.173613
v -1.080650 16.196751 3.146599
vn 0.104177 0.987125 0.121370
v 2.149159 16.484493 2.243577
vn 0.264836 0.111721 0.957800
v 2.329100 16.621349 1.763200
vn 0.859674 0.397109 0.321349
v 8.300157 14.544885 -0.545088
vn 0.678339 0.638746 0.363125
v 6.313848 15.766205 2.547649
vn 0.963382 0.110352 0.244370
v 9.756900 14.060699 -4.305850
vn 0.994487 -0.064649 -0.082560
v 9.268591 12.092994 -7.342538
vn 0.768214 -0.112081 -0.630305
v 4.792500 8.311400 -16.057499
vn 0.626832 -0.248932 -0.738319
v 3.344400 7.991700 -17.615200
vn 0.621941 0.426059 -0.657011
v 4.005954 7.241951 -16.801418
vn 0.540003 0.156620 -0.826962
v 1.984600 7.086800 -18.024200
vn 0.277208 0.795835 -0.538333
v 2.089700 6.792100 -18.259399
vn 0.318097 0.604375 -0.730442
v 0.112500 6.672450 -19.250000
vn 0.483183 -0.181454 -0.856510
v 0.796300 6.999500 -18.926701
vn 0.070880 0.983412 -0.166966
v -0.455899 5.918850 -21.979549
vn 0.032612 0.988939 -0.144692
v -3.490700 5.943450 -22.762850
vn 0.010368 0.990196 -0.139302
v -5.807200 5.905800 -22.988400
vn 0.012889 0.994800 -0.101030
v -4.111532 5.888046 -24.859566
vn 0.021564 0.985824 -0.166394
v -3.280211 5.304183 -27.991823
vn 0.039010 0.992373 -0.116937
v -4.209536 5.049661 -29.796125
vn 0.076582 0.993221 -0.087449
v -2.795110 4.733866 -32.461166
vn 0.061050 0.996463 -0.057743
v -4.819855 4.764816 -34.379112
vn 0.112867 0.991989 -0.056738
v -1.757148 4.394738 -35.346943
vn 0.069608 0.996525 -0.045752
v -3.931211 4.568231 -37.290211
vn 0.049421 0.996162 -0.072235
v -3.791803 4.426051 -39.797318
vn 0.122560 0.992014 -0.029773
v 1.160167 3.920240 -37.366432
vn 0.064349 0.993142 -0.097615
v 3.296149 3.780019 -35.560951
vn 0.084945 0.988990 -0.121175
v 1.487975 4.104852 -33.996506
vn 0.039239 0.984955 -0.168296
v 2.732688 4.542922 -31.084984
vn 0.029313 0.986074 -0.163703
v 4.577807 5.058417 -27.775370
vn 0.016866 0.987930 -0.153978
v 6.017500 5.475449 -24.900089
vn -0.008297 0.991170 -0.132334
v 7.821330 5.829822 -22.372654
vn -0.076041 0.996796 -0.024825
v 6.652186 6.101913 -20.054794
vn 0.206674 0.974666 -0.085508
v 8.764100 5.970100 -12.993800
vn 0.895930 0.321355 -0.306661
v 8.145550 7.339554 -9.965594
vn 0.990463 0.078280 0.113385
v 9.433646 10.425698 -2.174541
vn 0.820246 0.481576 0.308676
v 7.945884 12.704032 2.210357
vn 0.547879 0.648989 0.527865
v 4.570500 13.900500 5.198300
vn 0.752714 0.398224 0.524251
v 5.638224 13.977823 3.651674
vn 0.577119 0.198875 0.792075
v 3.409200 14.443600 5.849200
vn 0.449598 0.764068 0.462668
v 1.719963 16.991117 6.326613
vn 0.186627 0.922776 0.337128
v -1.107050 17.600899 7.193450
vn -0.067699 0.938534 -0.338484
v -3.562958 17.135397 5.770176
vn -0.085739 0.942891 -0.321877
v -7.259016 16.723881 6.324281
vn -0.058424 0.957364 0.282915
v -8.566050 16.051350 4.428900
vn 0.017001 0.086061 0.996145
v -7.379494 16.483959 4.066162
vn 0.076298 -0.649232 0.756754
v -5.690270 17.850737 4.779395
vn 0.214653 0.123747 0.968819
v -3.390385 16.514572 3.505577
vn 0.045470 0.994810 0.091023
v -2.944900 16.181900 3.822100
vn 0.066066 0.979589 -0.189844
v 0.988313 17.045649 4.724732
vn 0.928620 -0.114791 0.352828
v 7.302650 13.453600 1.017000
vn 0.888477 0.417904 0.189646
v 7.285300 12.983100 0.443800
vn 0.904171 -0.022574 0.426574
v 7.940700 12.787000 -0.762400
vn 0.803320 -0.454542 0.384797
v 8.550000 12.632600 -1.876200
vn 0.806779 0.582946 0.096342
v 7.915800 12.481500 -0.620500
vn 0.934090 0.024037 0.356228
v 8.123900 12.308600 -1.908000
vn 0.882841 -0.364014 0.296792
v 8.873400 12.324500 -2.932700
vn 0.583665 0.811798 0.017869
v 8.376600 12.031100 -1.689800
vn 0.970946 0.150178 0.186305
v 8.634300 11.999600 -2.849700
vn 0.962030 -0.252279 0.104182
v 9.031500 12.091400 -3.938600
vn 0.913504 0.389189 0.118502
v 8.944850 11.736349 -3.257350
vn 0.996643 -0.025652 0.077752
v 8.973000 11.825600 -4.966700
vn 0.943908 -0.121883 -0.306893
v 8.935097 9.877112 -9.857643
vn 0.859873 -0.141932 -0.490381
v 7.089965 8.548642 -12.972797
vn 0.775857 0.394599 -0.492278
v 6.553672 7.360329 -13.624991
vn 0.079306 0.980442 -0.180122
v 3.785149 5.774150 -19.795151
vn 0.092984 0.981476 -0.167507
v 1.714700 5.823800 -20.983700
vn 0.035079 0.990716 -0.131346
v -0.821017 5.679007 -25.620628
vn 0.032997 0.993435 -0.109538
v 1.888701 5.712365 -24.458376
vn 0.043528 0.985182 -0.165900
v -0.103801 4.970157 -29.282621
vn 0.056959 0.988453 -0.140412
v -1.021290 4.829850 -30.486378
vn 0.085352 0.987772 -0.130464
v -0.248205 4.487810 -32.381031
vn 0.043029 0.984477 -0.170158
v 1.830812 5.144079 -27.811216
vn 0.039448 0.986817 -0.156961
v 3.721608 5.497934 -25.196701
vn -0.008401 0.997007 -0.076853
v 4.519646 5.867757 -22.546638
vn 0.069374 0.989856 -0.123988
v 5.701100 5.796200 -18.394501
vn 0.198915 0.963038 -0.181634
v 6.911232 6.049723 -15.815841
vn 0.977590 -0.143880 -0.153677
v 9.391262 9.182753 -7.322701
vn 0.750719 0.660162 0.024655
v 8.774500 11.891600 -1.458100
vn 0.678606 0.734363 -0.014340
v 8.318100 12.371900 -0.382600
vn 0.522273 0.850200 -0.066262
v 7.689000 12.838300 0.691900
vn 0.614055 0.772419 0.162189
v 7.139900 13.395000 1.852000
vn 0.594318 0.625514 0.505488
v 4.379364 16.104609 4.929626
vn -0.032815 0.996711 0.074091
v -5.755412 16.083092 4.429780
vn 0.104984 0.829213 -0.548984
v -4.664600 6.438100 -21.064301
vn 0.082694 0.913839 -0.397567
v -3.171000 6.386200 -20.917801
vn 0.218900 0.205200 -0.953927
v -4.716300 6.673500 -20.867500
vn 0.231736 0.437398 -0.868896
v -2.551049 6.599600 -20.418900
vn 0.786622 0.003115 -0.617427
v 6.312987 11.618897 -14.720938
vn 0.869987 -0.037738 -0.491628
v 7.826142 11.737898 -12.362192
vn 0.931607 0.009085 -0.363353
v 8.811904 13.260651 -10.420716
vn 0.959036 0.156915 -0.235853
v 9.648332 15.035971 -8.265566
vn 0.691690 0.718422 0.073720
v 8.719500 17.657900 -4.991000
vn 0.757811 0.604653 0.245188
v 8.925100 17.485800 -4.753100
vn 0.653141 0.199920 0.730369
v 9.135464 15.271161 -4.805029
vn 0.372410 0.699790 0.609593
v 9.053806 14.869372 -4.530254
vn 0.406183 -0.114601 0.906577
v 8.180300 15.268800 -4.524000
vn 0.223433 0.815631 0.533689
v 8.350000 14.894800 -4.392900
vn 0.730962 0.188747 0.655796
v 7.431300 15.164300 -4.082200
vn 0.274020 0.956582 0.099317
v 7.805500 14.926700 -3.643100
vn 0.836910 0.511776 0.194079
v 6.949800 15.231800 -3.020900
vn 0.731536 0.662671 0.160384
v 6.583100 15.488900 -1.660900
vn 0.834794 0.410454 0.366942
v 5.918100 15.994200 -0.506000
vn 0.515561 0.789160 0.333801
v 4.968400 16.061100 0.769800
vn 0.248765 0.922510 0.295112
v 4.038100 16.334299 1.736800
vn 0.688797 -0.246032 0.681929
v 4.988500 16.309601 0.590900
vn 0.411695 0.088211 0.907043
v 3.934600 16.489401 1.513100
vn 0.092034 -0.753532 0.650938
v -0.289256 18.839449 5.116642
vn 0.110803 -0.730101 0.674296
v -3.358915 19.442286 6.283720
vn 0.032042 -0.680318 0.732216
v -5.210797 19.815338 6.923267
vn 0.047182 -0.222746 0.973734
v -8.726200 21.048800 8.168700
vn -0.227885 0.382778 0.895293
v -10.585200 21.461201 8.010000
vn -0.599475 0.517880 0.610270
v -15.700050 23.628599 3.763000
vn -0.397763 0.611190 0.684274
v -12.829300 23.999350 5.737300
vn -0.042718 0.564237 0.824507
v -7.735550 23.351976 7.258961
vn 0.078364 -0.162476 0.983596
v -6.117386 21.147160 8.006787
vn 0.215086 -0.211789 0.953354
v -2.871050 20.690100 7.400800
vn 0.262011 -0.420207 0.868779
v -1.345950 20.242451 6.781500
vn 0.465740 0.160360 0.870270
v -0.470200 20.896999 6.466100
vn 0.289761 -0.478463 0.828922
v 0.038150 19.693001 6.058150
vn 0.583966 0.080006 0.807826
v 0.906200 20.318199 5.720500
vn 0.449705 -0.415297 0.790755
v 1.884100 19.038099 4.875500
vn 0.710764 0.061242 0.700760
v 2.076800 19.701599 4.812800
vn 0.519608 -0.413062 0.747922
v 2.803500 18.394501 3.972100
vn 0.748719 0.082289 0.657760
v 3.042900 19.029499 3.864800
vn 0.181331 -0.726478 0.662834
v 2.341900 17.923800 3.710700
vn 0.593344 -0.346309 0.726645
v 3.638200 17.825100 3.042400
vn 0.371704 -0.646570 0.666171
v 3.897600 17.365150 2.456100
vn 0.747435 -0.052155 0.662285
v 4.641900 17.675600 2.007500
vn 0.407287 -0.572537 0.711560
v 4.263600 16.975800 1.963600
vn 0.597959 -0.503269 0.623831
v 5.337500 16.692101 0.924100
vn 0.804747 -0.024688 0.593104
v 5.444900 17.015100 0.898500
vn 0.801426 -0.278562 0.529264
v 6.395700 16.527800 -0.628700
vn 0.740723 -0.475328 0.474756
v 6.035000 16.137899 -0.609600
vn 0.810754 0.225431 0.540239
v 4.642600 18.117599 1.796400
vn 0.802709 0.161426 0.574108
v 3.853300 18.911600 2.664200
vn 0.773967 0.274005 0.570873
v 3.024500 19.666901 3.558200
vn 0.723765 0.268730 0.635569
v 2.152995 21.518776 3.777598
vn 0.619446 0.190005 0.761699
v 0.648000 22.495501 4.797700
vn 0.329735 0.359936 0.872766
v -2.155828 22.828285 6.515577
vn 0.131132 0.463066 0.876570
v -5.088573 23.265860 7.108211
vn 0.045853 0.613292 0.788524
v -6.377085 24.645369 6.042106
vn -0.121781 0.466295 0.876207
v -7.327100 25.309000 5.723800
vn -0.323238 0.507694 0.798601
v -8.054150 25.705700 5.153250
vn -0.503034 0.192414 0.842575
v -7.949700 26.199800 4.984200
vn -0.461961 0.377960 0.802333
v -8.630300 26.243799 4.572700
vn -0.308357 0.646499 0.697822
v -9.064500 25.955700 4.598100
vn -0.511496 0.616278 0.598810
v -15.381384 25.745008 0.775867
vn -0.428255 0.663095 0.613924
v -13.097138 25.806606 2.173156
vn -0.570636 0.368458 0.733903
v -14.052249 28.061291 -0.127494
vn -0.661018 0.109383 0.742355
v -11.148974 28.649113 1.673456
vn -0.848183 -0.323927 0.419114
v -9.819800 28.391100 3.203600
vn -0.718902 0.189845 0.668685
v -9.160300 26.889700 3.734500
vn -0.788945 -0.297248 0.537783
v -9.158200 27.375601 4.040500
vn -0.356851 -0.038166 0.933381
v -7.208600 26.244101 5.461900
vn -0.162880 -0.059236 0.984866
v -6.940493 27.167322 5.664048
vn 0.445241 -0.336037 0.829964
v -4.940751 27.502651 5.465649
vn 0.623817 -0.098967 0.775279
v -4.602750 26.665600 3.478800
vn 0.554539 0.269600 0.787275
v -2.291200 28.204950 1.765050
vn 0.730703 -0.397133 0.555300
v -2.623317 28.464193 2.124940
vn 0.481925 0.337514 0.808599
v -0.550763 28.869965 0.499748
vn 0.872707 -0.028483 0.487413
v 1.746700 30.301100 -1.507600
vn 0.705386 -0.518173 0.483660
v -0.175779 29.649137 0.354599
vn 0.532981 -0.378848 0.756575
v -3.220025 29.166090 5.215043
vn 0.033975 0.063786 0.997385
v -5.501900 28.761900 5.402500
vn -0.026289 0.193405 0.980767
v -5.961600 28.250999 5.566500
vn -0.230184 -0.074251 0.970310
v -6.109100 29.269300 5.303500
vn -0.354256 0.252307 0.900469
v -6.371200 28.678101 5.200700
vn -0.028035 0.409267 0.911984
v -6.949400 28.264601 5.376700
vn -0.062629 0.063517 0.996014
v -7.466600 29.332500 4.554300
vn 0.299781 0.439245 0.846874
v -7.930100 29.001200 5.218900
vn -0.307784 -0.191445 0.931997
v -8.452000 28.481899 5.415500
vn 0.017561 0.239092 0.970838
v -9.222600 29.972000 5.208600
vn -0.520356 -0.254219 0.815231
v -9.689800 29.491501 5.068300
vn -0.758287 -0.469636 0.452154
v -9.972400 29.111401 4.502800
vn -0.800514 -0.406754 0.440146
v -11.416474 30.520208 2.048484
vn -0.696116 -0.175704 0.696097
v -13.614761 31.154425 -0.302327
vn -0.773397 0.116345 0.623154
v -15.803964 29.827839 -2.386758
vn -0.729046 0.491817 0.476034
v -17.146029 27.332487 -2.069146
vn -0.904330 0.338580 0.259905
v -17.657408 28.268625 -4.466311
vn -0.942977 0.332010 -0.023726
v -17.853081 28.530701 -6.746010
vn -0.979100 0.018613 0.202528
v -16.897808 30.593466 -4.730244
vn -0.733322 -0.569156 0.371888
v -13.072600 32.633400 1.462500
vn -0.771759 -0.490471 0.404755
v -11.472799 31.428551 3.941400
vn -0.413271 -0.078740 0.907197
v -10.631200 31.251200 4.853900
vn 0.140014 0.336813 0.931103
v -10.173000 31.704300 4.823300
vn -0.263900 0.329934 0.906367
v -11.737300 32.940201 4.300400
vn 0.067177 0.259263 0.963468
v -8.772500 30.372400 4.855600
vn 0.111716 0.360182 0.926169
v -9.740500 32.009899 4.427300
vn -0.342221 -0.253255 0.904846
v -7.178000 29.845501 5.186700
vn -0.085034 0.251829 0.964029
v -7.332150 30.950251 5.147300
vn -0.021912 0.132626 0.990924
v -5.669800 29.869200 5.522700
vn 0.301234 0.681843 0.666595
v -1.639750 31.621849 3.565600
vn 0.225736 0.136408 0.964591
v -3.498047 29.506418 5.342448
vn 0.322937 0.424710 0.845774
v -1.717100 30.981001 4.428000
vn 0.403451 0.441185 0.801613
v -0.798950 31.051800 4.007200
vn 0.640233 -0.140259 0.755267
v -0.530850 30.600599 3.912350
vn 0.556925 0.454032 0.695478
v 0.997700 31.941900 2.255000
vn 0.614288 0.660061 0.432399
v 1.765026 33.299294 -0.396314
vn 0.782490 -0.377770 0.494974
v 0.663799 31.000099 2.687201
vn 0.838379 0.115866 0.532631
v 2.183200 32.213100 0.957100
vn 0.930043 0.292895 0.221884
v 3.061300 32.950348 -1.539000
vn 0.948777 0.122061 -0.291417
v 2.766323 30.149315 -7.478725
vn 0.997241 0.060034 0.043664
v 2.777742 29.784344 -4.535496
vn 0.908541 0.072087 -0.411530
v 1.836511 28.085339 -9.235666
vn 0.811030 0.202967 -0.548667
v 0.824314 26.220215 -11.628501
vn 0.612867 0.372605 -0.696821
v -0.089035 24.080475 -13.750092
vn 0.446879 0.428286 -0.785411
v -1.637591 22.183222 -16.123114
vn 0.286088 0.588888 -0.755886
v -3.169777 20.618368 -17.742102
vn 0.185286 0.597439 -0.780215
v -3.940563 19.004087 -19.584269
vn 0.016853 0.326507 -0.945045
v -6.786142 17.802746 -20.906450
vn -0.134857 0.031348 -0.990369
v -9.483859 16.803947 -20.950560
vn 0.013705 -0.313178 -0.949596
v -5.916304 15.313190 -20.589079
vn -0.114194 -0.275299 -0.954553
v -8.577950 14.497749 -19.944401
vn -0.221103 0.101690 -0.969935
v -11.647850 14.580150 -19.295399
vn -0.025574 0.455029 -0.890109
v -8.540800 13.775900 -19.906551
vn -0.152632 0.689487 -0.708033
v -11.539610 12.739165 -21.107077
vn -0.107340 0.409029 -0.906186
v -10.203950 11.962851 -22.308399
vn 0.011602 0.362560 -0.931888
v -7.689200 11.864800 -22.589500
vn 0.118726 -0.280207 -0.952569
v -5.514328 8.824291 -21.848785
vn 0.158253 -0.206944 -0.965469
v -6.195800 6.845300 -21.233801
vn 0.342247 -0.254256 -0.904556
v -1.908663 8.907648 -21.079725
vn 0.550007 -0.122730 -0.826093
v 1.528886 9.655523 -19.665373
vn 0.701580 0.090388 -0.706835
v 4.014164 11.361509 -17.412359
vn 0.663205 0.170692 -0.728713
v 4.902975 13.851396 -15.676447
vn 0.797514 0.184699 -0.574332
v 7.169813 14.766306 -13.327427
vn 0.844029 0.376369 -0.382048
v 8.297441 16.466240 -10.593399
vn 0.780142 0.616312 0.107418
v 6.388118 19.618523 -5.020898
vn 0.861592 0.420226 0.284727
v 5.843635 19.414152 -1.533678
vn 0.830198 0.279725 0.482209
v 6.027883 17.915480 -0.466383
vn 0.839386 0.085862 0.536711
v 8.128410 17.010874 -3.038350
vn 0.942916 0.332250 0.022788
v 4.976508 21.790102 -3.857571
vn 0.895617 0.442174 -0.048497
v 4.929466 22.104086 -6.815852
vn 0.794775 0.602498 -0.073001
v 6.130793 20.162727 -8.249261
vn 0.812396 0.535268 -0.231303
v 5.004323 21.444162 -9.443615
vn 0.778078 0.616304 -0.121512
v 7.710646 18.412930 -7.881409
vn 0.716172 0.542969 -0.438500
v 5.139479 20.112465 -11.543972
vn 0.642951 0.484471 -0.593213
v 4.535332 18.007746 -14.347539
vn 0.730281 0.473936 -0.492010
v 6.715094 17.513306 -12.044393
vn 0.687409 0.272255 -0.673310
v 5.309183 15.884662 -15.013196
vn 0.615352 0.198862 -0.762755
v 2.951982 16.159449 -17.135864
vn 0.482881 0.166318 -0.859747
v 0.225157 14.909174 -18.905972
vn 0.177783 0.190995 -0.965357
v -2.468800 13.960500 -19.697100
vn 0.561166 0.266640 -0.783579
v 1.467715 12.519186 -19.235493
vn 0.099302 0.711392 -0.695745
v -4.965169 12.821154 -20.841522
vn 0.362287 0.251026 -0.897627
v -0.778222 11.761542 -20.804394
vn 0.196677 0.231311 -0.952792
v -4.968926 11.243029 -22.418724
vn 0.285912 0.154817 -0.945667
v -2.970216 10.952642 -21.898701
vn 0.010622 0.211302 -0.977363
v -5.447900 13.762399 -19.787199
vn 0.481091 0.133403 -0.866461
v -0.707069 16.853399 -19.788488
vn 0.560629 0.490332 -0.667285
v 1.001801 18.481281 -17.721153
vn 0.585938 0.540375 -0.603880
v 2.522248 18.849583 -15.551419
vn 0.621115 0.497796 -0.605323
v 2.957285 20.576307 -13.640305
vn 0.734420 0.480898 -0.478920
v 3.296835 22.657742 -11.512139
vn 0.856523 0.422028 -0.297086
v 3.661764 24.452942 -8.673451
vn 0.952574 0.266695 -0.146552
v 4.322596 24.158379 -5.615487
vn 0.809673 0.379498 -0.447673
v 2.400871 26.096106 -9.244928
vn 0.690032 0.478575 -0.542975
v 2.100274 24.356941 -11.717473
vn 0.571584 0.468870 -0.673389
v 1.300317 22.276178 -14.154155
vn 0.487462 0.570912 -0.660637
v 0.346088 20.244707 -16.035929
vn 0.352136 0.590278 -0.726341
v -1.113717 18.698277 -18.913561
vn 0.230495 0.071222 -0.970464
v -3.034400 16.626900 -20.641600
vn -0.471182 0.437394 -0.765946
v -15.155400 14.465900 -18.166100
vn -0.584810 -0.150671 -0.797054
v -16.267700 15.242300 -17.001101
vn -0.355972 -0.424728 -0.832400
v -13.992100 15.144200 -18.917700
vn -0.609245 -0.278443 -0.742489
v -15.643800 15.799800 -18.366600
vn -0.381705 0.051942 -0.922823
v -13.058900 16.869801 -20.137899
vn -0.224632 0.073047 -0.971702
v -11.409400 16.947001 -20.638399
vn -0.112706 0.604999 -0.788209
v -9.339481 19.582415 -19.138865
vn 0.055645 0.547758 -0.834784
v -6.410866 20.643072 -18.405483
vn 0.279977 0.273043 -0.920359
v -5.035750 22.619850 -17.306351
vn 0.549065 0.149403 -0.822317
v -2.785966 24.501637 -15.719542
vn 0.649299 0.066901 -0.757585
v -1.323748 26.821075 -14.616370
vn 0.728318 -0.062385 -0.682394
v -0.377260 28.579281 -13.756658
vn 0.871428 0.074552 -0.484826
v 0.899159 29.497450 -12.165198
vn 0.863616 0.314532 -0.394002
v 1.191424 31.118778 -10.803454
vn 0.562561 0.563487 0.604985
v 1.065600 33.272099 0.390800
vn 0.887026 0.201580 0.415393
v 1.129450 34.056702 -0.158650
vn 0.527516 0.434863 0.729809
v -0.199500 32.932201 1.661300
vn 0.465754 0.409359 0.784537
v -1.495000 32.486198 2.928400
vn 0.169048 0.390077 0.905131
v -4.534593 32.636997 3.980818
vn 0.021250 0.339997 0.940187
v -7.145408 33.717167 3.761906
vn -0.064114 0.359240 0.931040
v -9.162400 32.558701 4.368600
vn 0.038062 0.609703 0.791715
v -11.302200 33.344601 4.004500
vn -0.247689 0.559847 0.790710
v -13.159800 34.140099 3.256500
vn -0.659804 -0.174127 0.730985
v -13.482000 33.670700 3.270500
vn -0.777556 0.011975 0.628699
v -15.798450 34.491348 1.399050
vn -0.937036 0.057785 0.344418
v -17.446899 34.236698 -1.233400
vn -0.879889 0.363392 -0.306173
v -15.961322 35.812534 -7.552602
vn -0.687395 0.386433 -0.614945
v -14.854105 34.369408 -9.497349
vn -0.666465 0.288097 -0.687623
v -12.479300 34.775501 -11.651400
vn -0.574500 0.340622 -0.744262
v -12.421224 32.693439 -13.652447
vn -0.633052 0.222111 -0.741560
v -12.419750 30.550900 -13.791700
vn -0.549036 -0.022896 -0.835485
v -12.793351 27.739256 -14.742987
vn -0.667182 0.382015 -0.639479
v -15.946251 26.262199 -11.492800
vn -0.557488 0.357383 -0.749323
v -13.578150 26.010950 -13.879450
vn -0.467295 0.427690 -0.773768
v -14.302299 23.893900 -16.279600
vn -0.606152 0.398264 -0.688452
v -15.811445 23.585169 -15.391955
vn -0.752985 0.117684 -0.647429
v -17.311197 22.030905 -14.355488
vn -0.800511 0.279976 -0.529902
v -18.218849 19.900846 -12.847651
vn -0.767316 0.307180 -0.562909
v -19.758921 16.485729 -14.584062
vn -0.602638 -0.273932 -0.749526
v -19.672300 15.618400 -14.667950
vn -0.650804 0.152282 -0.743818
v -20.981100 14.534900 -13.323200
vn -0.608525 0.006666 -0.793507
v -19.572001 14.672900 -14.029900
vn -0.623528 -0.271707 -0.733068
v -18.686501 15.305600 -15.051000
vn -0.691349 0.337722 -0.638734
v -18.523500 14.783700 -15.272600
vn -0.725617 0.397352 -0.561775
v -20.280016 12.496845 -15.493083
vn -0.798508 0.120250 -0.589852
v -22.004663 11.721255 -14.101071
vn -0.572700 0.552922 -0.605220
v -17.881836 13.990758 -16.746723
vn -0.686034 0.038773 -0.726536
v -17.452600 15.151300 -16.160200
vn -0.579443 -0.335167 -0.742906
v -16.803600 15.819900 -17.330400
vn -0.687958 -0.132336 -0.713583
v -18.253799 16.496500 -16.170700
vn -0.627976 0.310410 -0.713647
v -17.345900 17.668600 -16.951900
vn -0.469632 0.481929 -0.739723
v -14.836161 18.806849 -18.067728
vn -0.248063 0.609071 -0.753325
v -12.131052 19.736286 -18.473532
vn -0.091598 0.308385 -0.946841
v -9.177582 21.226246 -17.852293
vn 0.077146 0.211293 -0.974374
v -7.012100 22.069500 -17.872700
vn 0.380407 0.168737 -0.909296
v -3.941258 25.832651 -16.549282
vn 0.039594 0.393662 -0.918402
v -5.854011 25.816156 -16.905722
vn 0.471576 -0.102143 -0.875890
v -3.121968 28.444754 -15.475875
vn 0.614609 0.090173 -0.783661
v -1.411278 30.008209 -14.942116
vn 0.808779 0.483070 -0.335440
v 1.070722 32.440319 -9.114290
vn 0.944212 0.329336 -0.001475
v 1.407800 34.594200 -2.321700
vn 0.849026 0.333015 -0.410190
v -0.002342 34.904640 -7.927797
vn 0.455026 0.527996 -0.717058
v -3.419725 34.002739 -13.476125
vn 0.649934 0.450289 -0.612230
v -0.872063 31.798521 -13.533518
vn 0.357400 0.507579 -0.783983
v -3.680101 31.365583 -15.621858
vn 0.398037 0.047058 -0.916161
v -4.110700 29.806101 -16.689699
vn 0.278025 0.462183 -0.842074
v -5.679029 30.717140 -16.574593
vn 0.252799 -0.134055 -0.958187
v -5.448327 27.719133 -16.094181
vn 0.003953 0.497216 -0.867618
v -7.709630 24.967852 -17.673449
vn -0.170132 0.351764 -0.920498
v -10.651712 23.952929 -17.907351
vn -0.321642 0.332149 -0.886693
v -12.074350 21.017651 -17.351950
vn -0.451344 0.369394 -0.812304
v -14.282800 20.796400 -16.395800
vn -0.597269 0.347781 -0.722716
v -15.718100 20.666401 -15.560900
vn -0.347368 0.435506 -0.830464
v -12.011400 24.097601 -17.430799
vn -0.216306 0.596144 -0.773191
v -8.965300 25.831800 -15.950600
vn -0.203932 0.295875 -0.933204
v -7.752500 26.105200 -15.996700
vn -0.290977 -0.150457 -0.944825
v -8.926800 26.538200 -15.775400
vn -0.611364 0.367488 -0.700847
v -10.014950 31.083199 -15.552200
vn -0.492008 0.023843 -0.870264
v -10.334615 29.185986 -16.637823
vn -0.361193 0.223265 -0.905369
v -10.866850 26.261150 -15.036850
vn 0.272935 0.334109 -0.902152
v -5.805273 36.530548 -13.276668
vn 0.627740 0.299977 -0.718301
v -3.224447 36.761360 -11.279901
vn 0.771876 0.242358 -0.587768
v -1.448931 36.236771 -9.410622
vn 0.867590 -0.077971 -0.491129
v 0.146018 38.525822 -7.506021
vn 0.968180 0.199288 -0.151366
v 0.764043 41.163383 -6.504350
vn 0.389816 0.539478 0.746329
v -1.254521 35.683968 0.812165
vn -0.072672 0.478585 0.875028
v -7.466200 35.041302 3.521200
vn -0.356089 0.545484 0.758714
v -12.781085 36.281326 0.639207
vn -0.323800 0.740595 0.588790
v -14.342742 34.994263 1.834695
vn -0.735160 0.545350 0.402658
v -14.810432 36.348618 -1.196073
vn -0.928027 0.365155 0.073672
v -15.593909 36.521828 -4.504428
vn -0.782007 0.197644 -0.591102
v -13.975955 37.281273 -10.015977
vn -0.468474 0.404797 -0.785284
v -11.076100 34.467098 -13.031900
vn 0.066983 0.332592 -0.940689
v -7.198845 39.483894 -12.985274
vn 0.396063 0.134408 -0.908333
v -4.663004 40.000305 -11.659592
vn 0.626438 -0.088705 -0.774407
v -2.190046 39.357193 -10.193435
vn 0.416445 -0.173810 -0.892392
v -2.534096 41.690788 -10.948290
vn 0.824950 0.045009 -0.563410
v -0.357388 41.762474 -9.418712
vn 0.672031 0.158813 -0.723293
v -1.495700 42.880299 -10.704700
vn 0.343674 0.146071 -0.927659
v -2.945500 43.342999 -11.427700
vn 0.078833 0.061898 -0.994964
v -5.139395 42.940178 -11.613566
vn 0.003478 0.093470 -0.995616
v -6.626600 42.168900 -11.680100
vn -0.214902 0.273074 -0.937682
v -7.958400 42.042500 -11.492200
vn -0.142103 0.098331 -0.984956
v -7.495381 43.153690 -11.612480
vn 0.124572 0.282379 -0.951180
v -6.791800 41.449902 -11.794000
vn -0.191888 0.460554 -0.866642
v -8.235200 41.395401 -11.839100
vn -0.235430 0.292200 -0.926926
v -9.291100 41.888199 -11.181600
vn -0.323378 0.449599 -0.832639
v -11.069300 41.495499 -11.319800
vn -0.387830 0.318399 -0.864991
v -10.737043 39.591595 -11.860843
vn -0.785963 0.306409 -0.537006
v -13.316179 40.015480 -9.621404
vn -0.582446 0.217287 -0.783290
v -12.150907 37.617264 -11.949203
vn -0.931719 0.288614 -0.220457
v -15.107618 38.458874 -6.844338
vn -0.353873 0.441944 0.824293
v -12.078300 39.469799 0.442400
vn -0.664401 0.382712 0.641952
v -13.236665 39.325470 -0.351821
vn -0.260722 0.380923 0.887086
v -10.181749 36.580299 0.970000
vn -0.111257 0.485580 0.867084
v -7.967599 36.383076 1.742801
vn 0.148097 0.027682 0.988585
v -7.544800 36.936901 1.623600
vn 0.190471 0.492565 0.849177
v -3.986537 35.723820 3.018200
vn 0.285494 0.373691 0.882524
v -3.557500 37.601398 1.926400
vn 0.276433 0.741452 0.611419
v -4.849161 40.448654 0.521422
vn 0.026978 0.441781 0.896717
v -7.091800 40.370201 1.128400
vn -0.220930 0.066590 0.973014
v -7.297700 39.680500 1.027700
vn -0.007656 0.446526 0.894738
v -8.249350 38.648598 1.557450
vn -0.088079 0.033188 0.995560
v -5.978400 37.856899 1.798500
vn -0.046325 0.009435 0.998882
v -7.526200 37.606499 1.717400
vn -0.254755 0.221977 0.941183
v -9.962300 38.543701 1.339150
vn -0.287340 0.254900 0.923288
v -10.760650 40.259598 0.008050
vn -0.785254 0.172157 0.594759
v -13.139950 40.664249 -1.597650
vn -0.905866 0.387149 0.171822
v -14.299450 40.814552 -4.285200
vn -0.916663 0.344464 -0.202668
v -14.469800 40.865898 -6.517300
vn -0.648222 0.433354 -0.626109
v -12.216100 41.704601 -10.391600
vn -0.288281 0.619067 -0.730513
v -10.587600 42.073502 -10.778300
vn -0.493063 0.371795 -0.786548
v -10.816750 42.807053 -10.108600
vn -0.351635 0.140596 -0.925519
v -9.128400 42.688301 -11.172900
vn -0.316971 0.334254 -0.887583
v -8.567829 45.373199 -10.956633
vn -0.270854 0.579704 -0.768493
v -8.096772 47.767090 -9.727458
vn 0.119166 0.591586 -0.797387
v -5.580542 48.978188 -9.033906
vn 0.444866 0.540698 -0.713961
v -3.328879 50.373955 -7.181229
vn 0.999055 0.005516 -0.043116
v -0.683050 45.921349 -5.220550
vn 0.743021 -0.663740 0.085840
v -0.935822 43.601341 -2.480753
vn 0.357798 -0.872068 0.333884
v -1.909700 42.626202 -3.682400
vn 0.274298 -0.196282 0.941400
v -2.035900 42.334202 -4.347200
vn 0.374329 0.561927 0.737642
v -2.925000 41.679600 -3.662400
vn 0.664322 0.483016 0.570415
v -0.240900 40.094299 -2.902100
vn 0.666863 0.484538 0.566141
v -0.203913 38.154461 -1.801240
vn 0.824907 0.340790 0.450988
v 0.167800 40.970299 -4.263000
vn 0.968038 0.228564 0.103250
v 0.270900 42.048302 -5.528000
vn 0.577385 0.303786 0.757853
v -6.149800 41.858299 -2.083800
vn 0.122458 -0.773681 0.621628
v -5.604452 43.539398 0.394799
vn 0.382811 -0.594400 0.707209
v -5.307300 42.465248 -2.458650
vn 0.682902 -0.563949 0.464334
v -0.527550 44.702202 0.354450
vn 0.436538 -0.707781 0.555411
v -1.730300 45.057350 1.654450
vn 0.219537 -0.878985 0.423307
v -2.803827 43.471687 -0.090512
vn 0.304207 -0.535230 0.788028
v -2.096200 47.112701 5.112500
vn 0.614569 -0.606545 0.504388
v -1.548800 48.258701 5.079100
vn 0.285682 -0.465379 0.837740
v -2.221200 48.205700 5.127500
vn -0.222525 -0.559726 0.798241
v -2.806200 48.524700 5.596500
vn -0.701511 0.209377 0.681208
v -3.571431 51.016624 6.365215
vn 0.096319 -0.012398 0.995273
v -5.120800 49.751900 5.794800
vn -0.831284 -0.166278 0.530396
v -6.114700 49.583199 5.136600
vn -0.721763 -0.510693 0.467174
v -5.578900 47.803299 4.503800
vn -0.856731 -0.139417 0.496564
v -6.214400 49.689201 3.991800
vn -0.841787 -0.439210 0.313831
v -5.639500 48.105400 3.800700
vn -0.573575 -0.722982 0.385109
v -5.368500 47.130901 2.783800
vn -0.592528 0.756528 0.276724
v -2.854600 51.828400 6.730100
vn 0.325926 0.819760 0.470921
v -1.913872 52.605953 4.958785
vn -0.111563 0.737113 0.666497
v -3.342300 53.677101 4.579800
vn 0.329781 0.909310 0.253771
v -2.439500 53.929600 3.946300
vn 0.255324 0.965005 -0.059793
v -3.210500 53.969002 2.422600
vn -0.181711 0.957716 0.223071
v -4.040400 54.044201 3.152900
vn 0.745046 0.663265 0.070611
v -0.885400 52.773300 3.065600
vn 0.737115 0.664186 -0.124574
v -0.797095 52.211266 0.865018
vn 0.771424 0.609281 -0.183526
v -0.815753 51.547939 -1.574774
vn 0.800752 0.598939 -0.008253
v -0.590825 50.999107 -2.824532
vn 0.301324 0.920762 -0.247793
v -3.462243 53.090618 -3.416910
vn 0.611668 0.790481 -0.031653
v -1.791050 52.247952 -3.926600
vn 0.408535 0.788473 -0.459793
v -2.481800 52.453400 -4.776600
vn 0.113300 0.833810 -0.540300
v -5.167012 52.304886 -5.779914
vn -0.028915 0.661446 -0.749436
v -6.270267 50.972496 -7.589868
vn 0.895322 0.067132 -0.440331
v 0.066433 48.399597 -3.955535
vn 0.922655 -0.276159 -0.269153
v 0.330419 46.456264 -2.662587
vn 0.986540 -0.022349 -0.161983
v 0.745500 47.793602 -2.316450
vn 0.927122 -0.373968 0.024350
v 0.405400 45.721500 -0.999300
vn 0.876512 -0.063274 0.477204
v 0.422600 46.063202 -0.441300
vn 0.869427 -0.056128 0.490863
v -0.078600 46.491402 -0.126000
vn 0.807804 -0.437596 0.394921
v -0.789700 46.058800 1.103300
vn 0.892772 -0.322074 0.315002
v 0.153458 47.913631 2.661569
vn -0.020944 -0.956576 0.290730
v -1.005775 49.128284 8.007563
vn -0.835606 -0.270924 0.477872
v -2.006243 50.475185 8.777252
vn -0.587114 0.749361 0.306195
v -1.997600 51.848900 8.397000
vn 0.603582 0.794638 -0.065107
v -0.005226 51.883789 7.369736
vn 0.972727 0.213710 0.090166
v -0.004355 50.871487 3.904144
vn 0.978966 0.192370 -0.067972
v 0.518823 49.925964 0.593088
vn 0.937473 0.247278 0.244945
v 0.284250 48.365501 -1.355250
vn 0.933866 0.244102 0.261360
v 0.700650 48.120003 -1.804051
vn 0.891931 0.389320 -0.229975
v 0.030600 50.155998 -3.442700
vn 0.736793 0.491832 -0.463937
v -1.140200 51.251598 -4.478100
vn 0.907621 -0.397526 -0.134897
v 0.441190 50.021561 7.473462
vn -0.121987 -0.987397 0.100833
v 0.096124 49.431816 11.215569
vn -0.718088 -0.572674 0.395467
v 0.452065 49.801689 13.716019
vn -0.869556 0.112688 0.480806
v -0.657678 50.853603 11.425326
vn -0.057669 0.964371 0.258191
v -0.209453 51.844307 10.729731
vn 0.561046 0.823352 0.085551
v 0.948200 51.325298 12.829500
vn 0.985501 0.111040 -0.128292
v 1.173779 50.780220 10.116923
vn -0.037902 -0.943438 0.329374
v 1.500203 49.816181 15.115991
vn 0.822770 -0.566084 -0.050977
v 1.555520 49.780796 13.222313
vn 0.899619 -0.425961 0.096141
v 1.717250 49.928051 15.093250
vn -0.087564 -0.522607 0.848065
v 1.487700 50.148701 15.829500
vn 0.631046 0.772796 0.067580
v 1.498500 50.718048 15.211952
vn 0.191663 0.955302 0.225084
v 1.225200 51.022999 14.090800
vn 0.820201 -0.009709 0.571994
v 1.718900 50.308998 15.754700
vn -0.827811 0.512837 -0.227436
v -11.723900 48.804699 -6.055400
vn -0.919044 0.297352 0.258728
v -11.964952 47.336529 -4.141541
vn -0.930670 0.350014 0.106507
v -13.047800 45.192146 -5.415941
vn -0.784907 0.266098 -0.559564
v -12.297600 42.899300 -8.745100
vn -0.623654 0.220167 -0.750055
v -11.612437 44.605560 -9.467097
vn -0.515995 0.514310 -0.685007
v -10.662930 46.743275 -8.720038
vn -0.822450 0.334939 -0.459774
v -12.685711 45.541119 -7.932724
vn -0.932061 0.257120 -0.255249
v -13.582850 43.313488 -6.596426
vn -0.900695 0.147623 0.408602
v -11.274950 47.034695 -2.169708
vn -0.344135 0.799496 -0.492318
v -8.457405 52.541210 -5.506062
vn 0.584893 -0.644593 0.492342
v -1.112900 29.788500 3.970600
vn 0.047580 0.686509 0.725563
v -0.269850 26.218248 3.218098
vn 0.809142 0.215854 0.546532
v 4.204900 25.490801 2.279100
vn 0.502872 0.199665 0.840984
v 1.706100 24.614901 4.542300
vn 0.387506 0.267495 0.882205
v 0.296200 24.122900 5.294000
vn 0.656331 -0.239029 0.715608
v 1.284100 23.446199 4.311550
vn 0.720177 -0.047941 0.692132
v 1.797400 23.038700 3.625500
vn 0.416712 0.064356 0.906758
v -0.822600 23.167101 5.807400
vn 0.151354 0.853519 0.498595
v -5.253962 25.311016 5.214655
vn 0.581604 0.503289 0.639091
v -5.266200 25.654400 4.112000
vn 0.130738 0.710786 0.691152
v -2.662674 25.763050 3.454947
vn -0.353890 0.710679 0.608027
v -10.695747 25.609577 3.927609
vn -0.740222 0.241266 0.627585
v -18.608419 18.680471 2.079923
vn 0.120711 -0.973284 -0.195314
v 12.735363 2.077509 -37.912216
vn 0.117666 -0.989331 -0.085897
v 14.253719 1.933454 -35.436832
vn 0.489513 -0.860093 -0.143589
v 27.419500 4.371800 -24.186001
vn 0.517949 -0.851153 -0.085249
v 28.906099 4.903700 -20.896799
vn 0.862760 0.158465 -0.480140
v 27.924601 5.110500 -24.521601
vn 0.904491 0.094252 -0.415948
v 29.521700 5.585600 -21.238400
vn 0.961564 -0.003292 -0.274562
v 30.777399 6.062000 -17.827400
vn 0.245138 0.942193 -0.228430
v 29.398251 6.417850 -19.319801
vn 0.271354 0.937032 -0.219861
v 30.894600 7.094400 -14.265100
vn -0.041462 0.989063 -0.141549
v 29.736773 9.231366 -4.267433
vn -0.049592 0.995307 -0.083098
v 28.852379 9.400298 -2.066728
vn -0.110957 0.990270 -0.083988
v 26.042080 9.167151 -1.486978
vn -0.078440 0.996837 0.012778
v 25.544706 9.578815 8.410081
vn -0.091366 0.995799 0.006032
v 23.444231 9.339484 10.920135
vn -0.110369 0.993561 -0.025600
v 21.077549 9.121739 13.031167
vn -0.160054 0.985395 -0.058138
v 16.060919 8.599110 16.371420
vn -0.141469 0.988544 -0.052606
v 18.283327 8.821578 14.564066
vn -0.177201 0.980574 -0.084110
v 13.164914 8.130942 17.251102
vn -0.170714 0.978700 -0.114034
v 10.595812 7.729556 17.979532
vn -0.187056 0.974704 -0.122323
v 7.584795 7.025231 16.674126
vn -0.181531 0.978453 -0.098370
v 4.493505 6.475994 17.364100
vn -0.094532 0.994599 -0.042858
v 1.966915 5.920107 15.308964
vn 0.050152 0.994354 0.093515
v -3.387488 5.965442 13.672334
vn 0.073438 0.947798 0.310299
v -4.117350 6.174000 12.067900
vn 0.049295 0.965037 0.257437
v -6.328000 6.207700 12.394300
vn 0.006190 0.548340 0.836233
v -7.060050 6.773050 11.318200
vn -0.066533 0.581680 0.810692
v -9.140600 6.787200 11.237600
vn -0.335030 -0.021375 0.941965
v -13.225000 8.614400 10.505700
vn -0.404593 0.388658 0.827798
v -14.433400 9.242600 9.813800
vn -0.410690 0.188230 0.892134
v -13.666050 9.652500 9.856150
vn -0.602713 0.109447 0.790417
v -16.413799 10.186800 7.879900
vn -0.822375 -0.352618 0.446496
v -21.799728 11.539648 3.165729
vn -0.880382 0.093450 0.464968
v -23.466400 13.409200 1.143700
vn -0.975382 -0.096702 0.198189
v -24.147100 13.211700 -0.879700
vn -0.633300 0.751723 0.183966
v -23.467051 13.917300 0.343600
vn -0.752380 0.658471 -0.018419
v -24.206800 13.477700 -2.968900
vn -0.397305 0.891794 0.216455
v -23.397308 13.699170 -5.618718
vn -0.959749 0.280824 0.004431
v -22.382999 14.296551 -4.977050
vn -0.937203 -0.034428 0.347081
v -22.576900 15.200400 -7.099600
vn -0.973835 0.218249 -0.063342
v -22.699549 14.326350 -2.067250
vn -0.568329 0.821089 -0.053058
v -22.842300 13.859800 -3.730350
vn -0.479258 0.877672 0.001871
v -22.954399 14.057200 -1.068400
vn -0.729996 0.146960 0.667464
v -20.235018 12.858356 5.063627
vn -0.716733 0.027655 0.696799
v -18.954842 12.005626 7.059303
vn -0.456435 -0.048213 0.888450
v -13.812583 11.103977 10.667571
vn -0.548528 -0.372744 0.748451
v -14.037803 10.127272 9.740845
vn -0.264458 -0.255043 0.930062
v -11.147900 9.722501 10.964750
vn -0.087457 -0.127432 0.987984
v -8.361450 9.831600 11.392200
vn -0.063947 -0.030313 0.997493
v -8.417900 8.695950 11.620750
vn 0.018109 -0.217865 0.975811
v -7.024800 8.059650 11.258551
vn 0.128635 -0.243703 0.961281
v -5.633550 8.646200 11.557550
vn 0.119580 -0.019006 0.992643
v -5.275699 7.386648 11.399061
vn 0.178476 -0.057368 0.982270
v -4.976900 8.028600 11.087700
vn 0.172556 0.367773 0.913766
v -4.281250 6.814450 10.979300
vn 0.160658 0.918295 0.361833
v -1.165250 6.057750 11.329700
vn 0.021154 0.998264 0.054974
v -0.310043 5.855377 12.899587
vn -0.046016 0.998929 0.004838
v 2.911827 5.878026 12.063182
vn -0.143248 0.985643 -0.089380
v 4.873907 6.204511 14.111179
vn -0.097108 0.993129 -0.065308
v 6.218256 6.127239 11.126079
vn -0.173775 0.976705 -0.125898
v 8.078191 6.604552 12.857667
vn -0.194182 0.973599 -0.119995
v 10.470681 7.338372 14.834462
vn -0.212024 0.968488 -0.130682
v 11.034144 7.023606 11.610517
vn -0.207056 0.972950 -0.102456
v 13.602508 7.911573 13.980178
vn -0.230712 0.966487 -0.112588
v 13.904315 7.619995 10.936678
vn -0.192625 0.977423 -0.086828
v 16.167103 8.339905 12.792884
vn -0.211706 0.973604 -0.085299
v 16.837585 8.218262 10.045074
vn -0.167748 0.984067 -0.058930
v 18.915363 8.736380 11.697910
vn -0.170319 0.984569 -0.040180
v 20.565672 8.924708 9.426617
vn -0.144852 0.989150 -0.024482
v 23.183508 9.291617 7.393008
vn -0.101462 0.994315 -0.032296
v 25.764420 9.566246 5.100777
vn -0.082164 0.995159 -0.053925
v 27.229725 9.561449 2.271779
vn -0.067107 0.972668 -0.222294
v 29.383179 7.723855 -10.520820
vn 0.188713 0.952023 -0.240915
v 27.193899 5.603400 -24.151800
vn 0.204621 0.944191 -0.258134
v 25.361099 5.205600 -27.200100
vn 0.815094 -0.050362 -0.577135
v 25.994699 4.654200 -27.624399
vn 0.779562 -0.185361 -0.598268
v 23.854000 4.232800 -30.470200
vn 0.282028 -0.957594 -0.058933
v 20.329733 2.905126 -32.026432
vn 0.195815 -0.979185 -0.053419
v 17.429413 2.296847 -33.988800
vn -0.129433 0.989450 -0.065082
v 25.046696 9.293941 1.783084
vn -0.170528 0.983867 -0.054100
v 22.542931 9.042042 3.908603
vn -0.198511 0.979042 -0.045497
v 20.273474 8.715833 6.174142
vn -0.227377 0.971869 -0.061407
v 17.460102 8.135667 7.313973
vn -0.241297 0.966778 -0.084355
v 14.505366 7.480768 8.350628
vn -0.224842 0.969268 -0.099830
v 11.664797 6.832807 9.154707
vn -0.156493 0.982460 -0.101399
v 8.880292 6.325074 9.856977
vn 0.003317 0.999876 0.015390
v 6.479789 6.035726 9.104060
vn 0.003928 0.990458 0.137762
v 4.182727 6.046697 9.729953
vn 0.144722 0.944120 0.296131
v 1.668500 6.000200 10.031400
vn 0.342869 0.352798 0.870617
v -1.431400 6.931450 10.423050
vn 0.358500 0.183018 0.915414
v -1.390200 7.504950 10.509550
vn 0.270914 -0.076504 0.959559
v -2.533400 8.048231 10.535373
vn -0.186415 -0.145977 0.971566
v -10.540900 10.641000 11.646900
vn -0.523453 0.485547 0.700172
v -17.744331 13.763046 6.386676
vn -0.047151 -0.976745 -0.209156
v -24.972757 2.664885 18.558167
vn -0.036986 -0.992478 -0.116699
v -25.181635 2.145715 21.485706
vn -0.030816 -0.996206 -0.081390
v 5.050175 8.953944 -4.867820
vn -0.470572 -0.865082 -0.173768
v 6.350900 8.560950 -2.116100
vn -0.438242 -0.860074 -0.261185
v 5.530300 8.383200 0.353800
vn -0.618651 -0.654554 -0.434545
v 5.669192 6.116746 3.459627
vn -0.502861 -0.666994 -0.549773
v 3.351951 5.765738 6.508880
vn -0.387671 -0.838811 -0.382241
v 5.308173 4.263796 6.531888
vn -0.283195 -0.890369 -0.356431
v 3.762300 4.040600 8.371500
vn -0.729954 0.681946 0.046019
v -9.782846 52.976498 -2.262499
vn -0.835985 0.189956 0.514827
v -9.951150 51.168949 -1.358300
vn -0.660026 -0.005746 0.751221
v -9.161400 47.993149 -0.449950
vn -0.213960 -0.093418 0.972365
v -8.213200 46.013000 -0.175000
vn 0.106203 0.477981 0.871926
v -7.456900 45.063801 -0.056300
vn -0.636167 0.315457 0.704116
v -10.588700 48.564201 -1.044900
vn 0.859916 0.490709 0.140533
v 3.562189 28.160160 -1.984398
vn 0.197577 0.980222 0.011316
v -25.108406 7.724011 0.006446
vn 0.096320 0.989206 0.110425
v -25.952431 7.665873 1.906605
vn -0.089698 -0.990590 -0.103369
v -2.078678 3.331286 14.379005
vn 0.129767 -0.937811 -0.321981
v -20.444765 5.139388 12.157383
vn 0.043678 -0.979874 0.194780
v 1.526709 2.917376 -29.655722
vn -0.092322 -0.991874 0.087535
v -12.940332 3.665502 -31.723040
vn 0.055314 -0.983346 0.173121
v 4.592392 2.854906 -31.242367
vn -0.020950 -0.990180 0.138220
v 7.550024 3.113189 -29.903067
vn -0.031588 -0.993319 0.110992
v 10.113096 3.428575 -26.157009
vn 0.140903 -0.977993 -0.153869
v -24.744543 5.779953 7.535606
vn -0.025340 -0.994273 0.103826
v -24.322964 1.904591 29.489239
vn 0.006038 0.966638 0.256074
v -39.082642 5.936752 15.537917
vn 0.142566 0.988551 -0.049421
v -29.981916 8.454823 -8.026798
vn 0.024960 0.977888 0.207636
v -30.571899 3.285559 25.340162
vn 0.052550 -0.997749 -0.041667
v 4.151391 9.107490 -8.176883
vn -0.708826 -0.699528 0.090701
v 8.014383 7.118378 -7.494069
vn 0.035839 -0.777377 0.628013
v -11.862233 3.044639 33.993259
vn -0.048788 -0.997060 -0.059079
v 12.913722 4.447064 -10.209586
vn 0.028530 -0.995285 -0.092700
v 15.568961 4.789905 -11.827780
vn -0.099984 0.955325 0.278133
v -22.276937 6.361514 11.372570
vn -0.072323 -0.990971 -0.112898
v -22.137793 1.926847 20.724764
vn -0.899382 0.396950 -0.183145
v -45.295677 9.660801 -15.078886
vn -0.845560 -0.533514 -0.019804
v -45.788513 8.940680 -1.415978
vn -0.037151 -0.998718 -0.034380
v -10.150234 8.822373 0.149146
vn 0.001471 -0.998130 0.061114
v 6.939682 2.047336 -36.518929
vn -0.080244 -0.996345 0.029286
v -16.386040 3.227931 -40.881882
vn -0.203598 0.976948 -0.064190
v 19.868837 8.351864 1.510473
vn -0.089619 0.982835 -0.161258
v 26.807810 8.861717 -5.098101
vn 0.521532 -0.184354 -0.833078
v 12.555888 2.969968 -40.355686
vn -0.062587 0.985394 -0.158372
v 27.310997 6.917760 -13.636418
vn 0.282910 0.958984 0.017659
v 10.366677 6.036203 -4.179925
vn -0.443815 -0.896104 0.005032
v -43.731735 8.391530 -18.876118
vn -0.361249 -0.932401 -0.011279
v -42.345222 7.833074 -22.158194
vn 0.268067 0.962287 -0.046306
v 10.312253 6.029062 -7.628030
vn -0.860197 0.381219 0.338722
v -19.710640 21.742311 -1.115254
vn 0.044346 0.996450 -0.071556
v -6.042547 4.952025 -32.097836
vn -0.629472 -0.426562 0.649469
v -15.730539 32.625702 -1.587011
vn 0.768995 0.576460 -0.276298
v 6.846780 18.831600 -9.903177
vn 0.618002 0.169895 -0.767600
v 3.136717 14.309195 -16.937181
vn -0.714000 0.548762 -0.434815
v -18.605989 18.290394 -14.072859
vn 0.829751 0.496434 -0.255083
v 1.753483 33.364471 -5.918016
vn 0.157364 0.525156 0.836330
v -0.425410 35.099300 1.382408
vn -0.240273 0.227757 -0.943608
v -9.632186 36.834877 -13.214000
vn -0.910989 0.355780 0.208616
v -15.081107 39.480816 -3.743864
vn 0.794354 0.285212 -0.536336
v -1.225105 48.240078 -6.240526
vn 0.015555 0.972915 -0.230641
v -5.723129 53.692547 -2.532418
vn 0.176956 0.751737 0.635278
v -3.035876 24.995459 5.638845
vn -0.549084 0.198596 0.811829
v -16.726704 12.382477 8.668405
vn -0.793071 0.497531 0.351429
v -18.519901 25.329899 -1.619271
vn -0.385965 -0.854528 0.347581
v -31.512196 2.149763 25.916130
vn 0.105366 -0.992845 0.056194
v -11.126172 3.003007 32.038437
vn 0.083061 -0.993915 0.072347
v -8.917318 3.128339 30.690722
vn 0.096686 -0.995312 0.002439
v -7.949540 3.103271 29.220606
vn 0.031497 -0.999381 0.015653
v -0.501252 8.952135 -13.154498
vn 0.096634 0.990576 -0.097060
v -26.570530 7.876430 -11.497909
vn 0.235042 -0.970664 0.050664
v 21.354853 6.665561 5.936365
vn -0.057957 -0.998154 0.018153
v -16.406075 9.291554 -12.447841
vn -0.124498 0.987552 0.096134
v -5.480012 5.065945 31.827282
vn 0.126210 0.988728 -0.080555
v -23.920538 6.623824 -20.114100
vn -0.093705 0.987254 0.128643
v 12.093516 8.220079 26.543888
vn -0.107501 -0.991298 -0.075979
v -31.193264 7.424465 -4.820690
vn -0.059781 -0.985302 0.160018
v -38.531975 8.025110 -19.592371
vn -0.152032 -0.983871 0.094254
v -37.526932 8.119138 -17.960350
vn -0.095967 -0.794749 -0.599303
v -9.321923 2.925636 -44.652454
vn 0.353628 0.478611 -0.803666
v 8.383752 3.194199 -42.434303
vn -0.178022 0.841785 0.509613
v -13.190821 17.015280 8.100238
vn -0.115422 -0.808900 -0.576506
v -12.668597 3.097572 -44.227047
vn -0.069722 -0.987045 0.144503
v -41.393917 7.930835 -20.277897
vn 0.012883 0.998237 -0.057931
v 7.163043 3.502076 -40.323597
vn -0.044602 0.980553 -0.191119
v 16.889027 4.475992 -29.029581
vn -0.134602 0.990860 -0.008931
v 12.221893 6.218886 -6.693861
vn -0.842257 0.518955 0.145909
v -21.909475 18.269728 -4.616626
vn -0.269932 0.909572 -0.315934
v -40.690231 8.567212 -25.433798
vn 0.998319 -0.044910 0.036633
v 9.624708 9.540970 -4.931689
vn 0.986567 0.116700 -0.114311
v 3.277441 31.341125 -5.157985
vn -0.712256 0.145468 -0.686680
v -14.477409 28.086050 -13.442491
vn -0.377521 0.585784 -0.717171
v -9.566072 33.239895 -15.015024
vn 0.694711 0.527604 -0.488888
v -1.115783 34.188873 -11.172422
vn 0.236162 0.952689 -0.191340
v 30.145760 6.775177 -16.794657
vn 0.189852 0.950031 -0.247785
v 28.295116 6.023913 -21.737680
vn 0.206742 0.977805 -0.033977
v -28.742939 7.454674 -18.598339
# 2055 vertices, 0 vertices normals


usemtl material_0
vt 0.660200 0.097200
vt 0.659600 0.096500
vt 0.660300 0.096600
f 2/1/2 5/2/5 3/3/3
vt 0.660700 0.096300
vt 0.660700 0.097200
f 2/1/2 3/4/3 4/5/4
vt 0.660400 0.098200
f 2/1/2 4/5/4 1840/6/1840
vt 0.347000 0.675200
vt 0.358000 0.682250
vt 0.354600 0.684450
f 6/7/6 231/8/231 10/9/10
vt 0.337200 0.662650
vt 0.340100 0.656100
f 6/7/6 1977/10/1977 9/11/9
vt 0.349600 0.658400
f 6/7/6 9/11/9 229/12/229
vt 0.357000 0.674100
f 6/7/6 229/12/229 231/13/231
vt 0.343100 0.684900
vt 0.329200 0.673500
f 6/7/6 10/14/10 11/15/11
vt 0.330000 0.663700
f 6/7/6 11/15/11 1977/16/1977
vt 0.460600 0.698600
vt 0.460700 0.706400
vt 0.452600 0.706700
f 13/17/13 14/18/14 15/19/15
vt 0.540100 0.349000
vt 0.544300 0.350100
vt 0.544800 0.353400
f 18/20/18 19/21/19 20/22/20
vt 0.538000 0.351100
f 18/20/18 20/22/20 21/23/21
vt 0.537800 0.345400
vt 0.543500 0.346800
f 22/24/22 1525/25/1525 19/21/19
f 22/24/22 19/21/19 18/20/18
vt 0.533700 0.346000
f 18/20/18 21/23/21 23/26/23
f 18/20/18 23/26/23 22/24/22
vt 0.593700 0.096700
vt 0.593300 0.088100
vt 0.598900 0.089500
f 25/27/25 26/28/26 24/29/24
vt 0.598300 0.096600
vt 0.593800 0.103500
f 24/30/24 1801/31/1801 25/27/25
vt 0.445600 0.337200
vt 0.441800 0.325300
vt 0.450200 0.322100
f 27/32/27 29/33/29 28/34/28
vt 0.586200 0.101700
vt 0.587500 0.094700
f 25/27/25 1801/35/1801 41/36/41
vt 0.552600 0.370000
vt 0.560700 0.378700
vt 0.558800 0.382900
f 30/37/30 31/38/31 32/39/32
vt 0.415000 0.751200
vt 0.413200 0.738500
vt 0.421600 0.734400
f 34/40/34 1978/41/1978 36/42/36
vt 0.432600 0.738800
vt 0.429400 0.752600
f 34/40/34 36/43/36 37/44/37
vt 0.479900 0.311100
vt 0.481600 0.301100
vt 0.485900 0.307400
f 33/45/33 48/46/48 1530/47/1530
vt 0.451100 0.312100
f 39/48/39 28/34/28 29/33/29
vt 0.570200 0.277300
vt 0.567300 0.273400
vt 0.578400 0.274800
f 43/49/43 44/50/44 45/51/45
vt 0.577000 0.279500
f 43/49/43 45/51/45 46/52/46
vt 0.575400 0.282000
f 43/49/43 46/52/46 47/53/47
vt 0.613400 0.203800
vt 0.622900 0.194400
vt 0.624100 0.199700
f 49/54/49 50/55/50 51/56/51
vt 0.612100 0.195800
vt 0.619900 0.189900
f 49/54/49 1783/57/1783 50/58/50
vt 0.616400 0.207200
vt 0.611400 0.216000
f 49/54/49 51/59/51 52/60/52
vt 0.608300 0.215500
f 49/54/49 52/60/52 1780/61/1780
vt 0.519600 0.254900
vt 0.530900 0.265800
vt 0.526100 0.267400
f 69/62/69 54/63/54 53/64/53
vt 0.576700 0.262600
vt 0.582100 0.266700
vt 0.574000 0.265400
f 56/65/56 1755/66/1755 1750/67/1750
vt 0.575600 0.046700
vt 0.566200 0.050300
vt 0.566100 0.046700
f 57/68/57 1795/69/1795 66/70/66
vt 0.563400 0.042600
f 57/68/57 66/70/66 68/71/68
vt 0.568600 0.041100
vt 0.572100 0.038400
f 57/68/57 68/72/68 51/73/51
vt 0.577600 0.097100
vt 0.585300 0.110400
f 41/74/41 1801/35/1801 59/75/59
vt 0.576600 0.108900
vt 0.568000 0.106200
f 41/74/41 59/76/59 60/77/60
vt 0.567600 0.097000
vt 0.564300 0.086900
f 41/74/41 60/78/60 76/79/76
vt 0.561700 0.050700
f 65/80/65 66/70/66 1795/69/1795
vt 0.560600 0.040800
vt 0.557100 0.045100
vt 0.554500 0.042400
f 67/81/67 68/82/68 72/83/72
vt 0.361800 0.341600
vt 0.370800 0.335700
vt 0.372300 0.337400
f 1464/84/1464 70/85/70 1463/86/1463
vt 0.541900 0.043900
vt 0.552700 0.039700
f 83/87/83 67/88/67 72/83/72
vt 0.552100 0.036100
f 83/87/83 75/89/75 67/88/67
vt 0.547100 0.047500
vt 0.541500 0.056600
f 83/87/83 72/90/72 73/91/73
vt 0.533500 0.056600
f 83/87/83 73/91/73 74/92/74
vt 0.526200 0.051200
f 83/87/83 74/92/74 95/93/95
vt 0.579200 0.459100
vt 0.595300 0.474400
vt 0.595500 0.478000
f 78/94/78 79/95/79 80/96/80
vt 0.582400 0.467500
f 78/94/78 80/96/80 81/97/81
vt 0.530000 0.035700
vt 0.536100 0.038300
vt 0.532500 0.043700
f 82/98/82 75/99/75 83/100/83
vt 0.574100 0.455200
vt 0.567100 0.454200
vt 0.567600 0.449900
f 84/101/84 85/102/85 86/103/86
vt 0.574700 0.121300
vt 0.573300 0.136300
vt 0.569100 0.127600
f 87/104/87 1806/105/1806 2020/106/2020
vt 0.540100 0.067700
f 74/92/74 73/91/73 88/107/88
vt 0.534800 0.069400
f 74/92/74 88/107/88 89/108/89
vt 0.615100 0.261800
vt 0.603600 0.261500
vt 0.601400 0.254600
f 1758/109/1758 90/110/90 82/111/82
vt 0.520400 0.033700
vt 0.525100 0.042000
f 1758/112/1758 82/98/82 83/113/83
vt 0.519400 0.039800
f 1758/112/1758 83/113/83 91/114/91
vt 0.517600 0.049700
f 91/114/91 83/113/83 95/115/95
vt 0.510600 0.238900
vt 0.504400 0.231000
vt 0.509300 0.222800
f 69/116/69 93/117/93 94/118/94
vt 0.504300 0.049800
vt 0.512800 0.044200
f 95/115/95 96/119/96 91/120/91
vt 0.563800 0.452400
vt 0.563900 0.451400
vt 0.565600 0.453200
f 99/121/99 97/122/97 98/123/98
vt 0.448000 0.278700
vt 0.443200 0.264800
vt 0.455300 0.271800
f 100/124/100 101/125/101 1573/126/1573
vt 0.562100 0.448400
vt 0.563500 0.449000
f 97/122/97 99/127/99 102/128/102
f 97/122/97 102/128/102 98/123/98
vt 0.552600 0.203100
vt 0.561200 0.206400
vt 0.556900 0.210100
f 104/129/104 106/130/106 105/131/105
vt 0.605200 0.497000
vt 0.590900 0.488200
vt 0.593100 0.485600
f 108/132/108 109/133/109 1057/134/1057
vt 0.607900 0.494900
f 108/132/108 1057/134/1057 110/135/110
vt 0.610800 0.505200
vt 0.600600 0.501100
f 108/132/108 1900/136/1900 103/137/103
vt 0.595100 0.496000
f 108/132/108 103/137/103 109/138/109
vt 0.508800 0.057200
vt 0.503900 0.062300
vt 0.499700 0.059800
f 96/139/96 111/140/111 112/141/112
vt 0.507700 0.053700
f 95/139/95 111/141/111 96/142/96
vt 0.555500 0.108500
vt 0.554500 0.104600
vt 0.560500 0.104400
f 114/143/114 1968/144/1968 113/145/113
vt 0.542400 0.093600
vt 0.540600 0.099400
vt 0.539400 0.094700
f 117/146/117 118/147/118 1973/148/1973
vt 0.536100 0.106200
vt 0.528200 0.101100
vt 0.529000 0.094600
f 1852/149/1852 121/150/121 118/151/118
vt 0.530300 0.182900
vt 0.538100 0.198300
vt 0.531700 0.195300
f 119/152/119 122/153/122 123/154/123
vt 0.521900 0.182900
vt 0.517600 0.173500
f 119/152/119 123/155/123 124/156/124
vt 0.524500 0.172400
vt 0.530400 0.169000
f 119/152/119 124/157/124 125/158/125
vt 0.501200 0.198900
vt 0.497600 0.202500
vt 0.491700 0.194900
f 1729/159/1729 1715/160/1715 1727/161/1727
vt 0.665100 0.356600
vt 0.652000 0.335200
vt 0.665000 0.346400
f 129/162/129 130/163/130 131/164/131
vt 0.414900 0.078500
vt 0.422900 0.077000
vt 0.417900 0.090700
f 129/165/129 131/166/131 132/167/132
vt 0.408800 0.094500
f 129/165/129 132/167/132 134/168/134
vt 0.648200 0.342900
vt 0.650400 0.339100
f 129/162/129 133/169/133 130/170/130
vt 0.506200 0.154000
vt 0.497600 0.155200
vt 0.493600 0.146500
f 135/171/135 1732/172/1732 1735/173/1735
vt 0.421700 0.107300
vt 0.414800 0.117600
vt 0.417400 0.103600
f 1659/174/1659 139/175/139 140/176/140
vt 0.407700 0.107400
f 140/176/140 147/177/147 134/168/134
f 140/176/140 134/168/134 132/167/132
vt 0.408200 0.119600
f 140/176/140 139/178/139 147/177/147
vt 0.391400 0.099300
vt 0.400700 0.098500
vt 0.401300 0.110000
f 146/179/146 134/180/134 147/181/147
vt 0.380100 0.097100
vt 0.382600 0.092300
f 146/179/146 149/182/149 138/183/138
vt 0.361100 0.095700
vt 0.373400 0.088600
vt 0.372100 0.094100
f 150/184/150 1359/185/1359 149/186/149
vt 0.426700 0.178200
vt 0.415400 0.180500
vt 0.421600 0.173100
f 151/187/151 1698/188/1698 154/189/154
vt 0.402700 0.182400
vt 0.401100 0.186200
vt 0.394600 0.181700
f 155/190/155 156/191/156 157/192/157
vt 0.400000 0.193000
vt 0.394700 0.189100
f 156/191/156 1697/193/1697 1699/194/1699
vt 0.389300 0.183900
f 156/191/156 1699/194/1699 158/195/158
f 156/191/156 158/195/158 157/192/157
vt 0.704500 0.624000
vt 0.712100 0.620800
vt 0.719700 0.624800
f 161/196/161 173/197/173 174/198/174
vt 0.101300 0.742600
vt 0.112000 0.742100
vt 0.109750 0.755700
f 162/199/162 163/200/163 165/201/165
vt 0.094100 0.757800
vt 0.084400 0.742800
f 162/199/162 165/202/165 723/203/723
vt 0.089100 0.726600
f 162/199/162 723/203/723 1979/204/1979
vt 0.096900 0.724150
vt 0.102400 0.715200
f 162/199/162 1979/205/1979 167/206/167
vt 0.111800 0.719600
f 162/199/162 167/207/167 163/200/163
vt 0.454700 0.842400
vt 0.459800 0.858000
vt 0.434300 0.844100
f 144/208/144 170/209/170 822/210/822
vt 0.255000 0.065700
vt 0.257600 0.058600
vt 0.260000 0.059500
f 173/211/173 532/212/532 531/213/531
vt 0.245100 0.087100
vt 0.247400 0.088000
vt 0.243900 0.096800
f 175/214/175 174/215/174 176/216/176
vt 0.241300 0.095900
f 175/214/175 176/216/176 177/217/177
vt 0.242200 0.085700
vt 0.234400 0.093000
vt 0.238400 0.083700
f 178/218/178 177/219/177 536/220/536
vt 0.243200 0.075800
vt 0.246000 0.077500
f 175/218/175 178/221/178 174/222/174
vt 0.718300 0.643300
vt 0.708400 0.651000
vt 0.706800 0.639900
f 178/223/178 179/224/179 159/225/159
vt 0.697500 0.647600
vt 0.696800 0.636700
f 179/224/179 180/226/180 159/227/159
vt 0.698800 0.661800
vt 0.699900 0.677100
vt 0.688300 0.674000
f 180/228/180 182/229/182 181/230/181
vt 0.678900 0.654200
vt 0.683650 0.656300
f 181/230/181 297/231/297 180/232/180
vt 0.700300 0.692300
vt 0.687800 0.689500
f 181/230/181 182/233/182 184/234/184
vt 0.676200 0.685500
vt 0.668100 0.665400
vt 0.677800 0.669900
f 184/235/184 183/236/183 181/237/181
vt 0.662400 0.696000
vt 0.665600 0.680900
f 184/235/184 185/238/185 183/239/183
vt 0.655900 0.675700
f 185/238/185 296/240/296 183/239/183
vt 0.674000 0.700700
vt 0.670900 0.714800
f 185/238/185 184/241/184 545/242/545
vt 0.658500 0.710100
vt 0.647400 0.704300
f 185/238/185 186/243/186 187/244/187
vt 0.642500 0.684200
vt 0.651900 0.690600
f 187/244/187 188/245/188 185/246/185
vt 0.654700 0.721200
f 187/244/187 186/243/186 189/247/189
vt 0.643000 0.715800
vt 0.632500 0.709500
f 187/244/187 189/248/189 191/249/191
vt 0.637400 0.697500
f 187/244/187 190/249/190 188/250/188
vt 0.639500 0.724300
f 190/249/190 187/248/187 191/251/191
vt 0.628400 0.718900
vt 0.618500 0.712700
f 190/249/190 191/252/191 193/253/193
vt 0.615000 0.719600
vt 0.605500 0.713400
f 190/253/190 193/254/193 192/255/192
vt 0.612100 0.725100
f 192/255/192 193/254/193 550/256/550
vt 0.602400 0.718900
vt 0.593500 0.712800
f 192/255/192 550/257/550 194/258/194
vt 0.543600 0.698600
vt 0.551000 0.704600
vt 0.549100 0.707400
f 288/259/288 197/260/197 199/261/199
vt 0.541700 0.701200
vt 0.534600 0.694400
f 288/259/288 199/262/199 198/263/198
vt 0.539800 0.703900
f 198/263/198 199/262/199 554/264/554
vt 0.506900 0.679500
vt 0.514400 0.687400
vt 0.513100 0.688900
f 203/265/203 202/266/202 205/267/205
vt 0.505800 0.681000
f 203/265/203 205/267/205 206/268/206
vt 0.497900 0.673200
f 203/265/203 206/268/206 207/269/207
vt 0.499500 0.671000
f 203/265/203 207/269/207 204/270/204
vt 0.489700 0.665300
vt 0.491300 0.663200
f 207/269/207 208/271/208 209/272/209
f 207/269/207 209/272/209 204/270/204
vt 0.504400 0.683000
f 207/269/207 206/268/206 210/273/210
vt 0.496400 0.675200
f 207/269/207 210/273/210 211/274/211
vt 0.488700 0.666600
f 207/269/207 211/274/211 212/275/212
f 207/269/207 212/275/212 208/271/208
vt 0.484450 0.662650
vt 0.481300 0.657400
f 212/275/212 2024/276/2024 214/277/214
f 212/275/212 214/277/214 208/271/208
vt 0.418600 0.635400
vt 0.422200 0.649000
vt 0.414800 0.642400
f 216/278/216 218/279/218 220/280/220
vt 0.407200 0.636000
f 216/278/216 220/280/220 219/281/219
vt 0.402300 0.645300
vt 0.395100 0.637500
f 219/281/219 220/282/220 221/283/221
vt 0.396800 0.654300
f 221/283/221 220/282/220 223/284/223
vt 0.390100 0.646000
vt 0.383800 0.637500
f 221/283/221 223/285/223 224/286/224
vt 0.388200 0.629400
f 221/283/221 224/286/224 222/287/222
vt 0.380100 0.621600
f 224/286/224 273/288/273 222/287/222
vt 0.385100 0.652600
f 224/286/224 223/285/223 225/289/225
vt 0.379100 0.644600
f 224/286/224 225/289/225 1/290/1
vt 0.373400 0.638100
vt 0.376800 0.629800
f 224/286/224 1/291/1 273/292/273
vt 0.391400 0.661500
f 225/289/225 223/284/223 226/293/226
vt 0.374400 0.650400
f 225/289/225 227/294/227 1/290/1
vt 0.379300 0.658600
vt 0.380500 0.674700
vt 0.372200 0.664800
f 225/295/225 226/296/226 227/297/227
vt 0.376100 0.680600
f 227/297/227 226/296/226 228/298/228
vt 0.361000 0.657700
vt 0.356200 0.658600
vt 0.352600 0.644800
f 227/299/227 229/300/229 230/301/230
vt 0.359000 0.644700
vt 0.365900 0.644400
f 227/299/227 230/302/230 1/303/1
vt 0.362500 0.672700
f 227/299/227 231/304/231 229/300/229
vt 0.366800 0.669300
f 231/304/231 227/305/227 228/298/228
vt 0.373100 0.684900
f 231/304/231 228/298/228 7/306/7
vt 0.387300 0.690800
f 7/306/7 228/298/228 232/307/232
vt 0.377900 0.704100
vt 0.377700 0.722400
vt 0.369900 0.709000
f 232/308/232 233/309/233 234/310/234
vt 0.362200 0.693700
f 232/308/232 234/310/234 7/311/7
vt 0.369700 0.726700
f 234/310/234 233/309/233 235/312/235
vt 0.354900 0.699500
f 234/310/234 12/313/12 7/311/7
vt 0.362400 0.713300
vt 0.366100 0.729700
vt 0.359000 0.716400
f 234/314/234 235/315/235 236/316/236
vt 0.350700 0.702800
f 234/314/234 236/316/236 12/317/12
vt 0.339900 0.690300
f 12/317/12 239/318/239 10/14/10
vt 0.336100 0.694600
vt 0.323500 0.685900
vt 0.327400 0.680300
f 239/319/239 237/320/237 238/321/238
vt 0.347600 0.705500
vt 0.344000 0.709000
f 239/319/239 12/322/12 577/323/577
vt 0.307200 0.688900
vt 0.305600 0.693200
vt 0.295300 0.687100
f 237/324/237 240/325/240 241/326/241
vt 0.231300 0.706600
vt 0.233900 0.714200
vt 0.227100 0.709500
f 245/327/245 247/328/247 246/329/246
vt 0.222700 0.712600
f 247/328/247 252/330/252 246/329/246
vt 0.225400 0.722000
vt 0.232800 0.727600
vt 0.228700 0.732500
f 252/331/252 247/332/247 248/333/248
vt 0.218000 0.731700
vt 0.221300 0.743400
vt 0.214900 0.737100
f 248/334/248 249/335/249 252/336/252
vt 0.212200 0.742800
vt 0.209100 0.747600
vt 0.204600 0.742100
f 249/337/249 250/338/250 251/339/251
vt 0.205500 0.751300
vt 0.201300 0.753600
vt 0.197800 0.747300
f 250/340/250 465/341/465 251/342/251
vt 0.211400 0.702300
vt 0.215400 0.698300
vt 0.220400 0.703800
f 253/343/253 1989/344/1989 246/345/246
vt 0.216300 0.707100
f 253/343/253 246/345/246 252/346/252
vt 0.220400 0.695900
vt 0.229500 0.699600
vt 0.225300 0.701800
f 1989/347/1989 254/348/254 246/349/246
vt 0.222000 0.688000
vt 0.228300 0.687100
vt 0.230400 0.692700
f 246/350/246 254/351/254 245/352/245
vt 0.234800 0.686900
vt 0.242300 0.693600
vt 0.236100 0.693100
f 254/353/254 244/354/244 245/355/245
vt 0.240800 0.682400
vt 0.233400 0.681900
vt 0.232000 0.677200
f 244/356/244 254/357/254 255/358/255
vt 0.248000 0.679000
vt 0.256700 0.686100
vt 0.252650 0.684950
f 255/359/255 256/360/256 243/361/243
vt 0.265200 0.675000
vt 0.275200 0.673600
vt 0.274900 0.678200
f 256/362/256 257/363/257 242/364/242
vt 0.274600 0.682800
vt 0.265200 0.677250
f 256/362/256 242/365/242 243/366/243
vt 0.286200 0.673000
vt 0.285600 0.677700
f 257/363/257 258/367/258 242/368/242
vt 0.275500 0.662700
vt 0.286900 0.667800
f 258/367/258 257/369/257 1965/370/1965
vt 0.298600 0.672800
f 258/367/258 1965/370/1965 259/371/259
vt 0.297400 0.678300
f 258/367/258 259/371/259 241/372/241
vt 0.296400 0.682800
f 258/367/258 241/373/241 242/368/242
vt 0.313300 0.671300
vt 0.310800 0.678400
f 259/371/259 260/374/260 237/375/237
vt 0.308700 0.684500
f 259/371/259 237/376/237 241/372/241
vt 0.300000 0.665000
vt 0.301200 0.656400
f 260/374/260 259/377/259 261/378/261
vt 0.314800 0.664100
f 260/374/260 261/378/261 262/379/262
f 260/374/260 262/379/262 11/15/11
f 260/374/260 11/15/11 238/321/238
f 260/374/260 238/321/238 237/320/237
vt 0.302000 0.647400
vt 0.315300 0.654800
f 262/379/262 261/380/261 263/381/263
f 262/379/262 263/381/263 1977/16/1977
f 262/379/262 1977/16/1977 11/15/11
vt 0.302500 0.637700
f 263/381/263 261/380/261 264/382/264
vt 0.314600 0.643700
f 263/381/263 264/382/264 265/383/265
vt 0.327400 0.650100
f 263/381/263 265/383/265 8/384/8
f 263/381/263 8/384/8 1977/16/1977
vt 0.302400 0.627500
f 265/383/265 264/382/264 266/385/266
vt 0.313600 0.632100
f 265/383/265 266/385/266 267/386/267
vt 0.324600 0.636900
f 265/383/265 267/387/267 8/384/8
vt 0.333100 0.627600
vt 0.335600 0.641000
f 267/387/267 268/388/268 8/389/8
vt 0.342600 0.630400
f 8/389/8 268/388/268 269/390/269
vt 0.345000 0.643800
f 8/389/8 269/390/269 9/391/9
vt 0.351000 0.632000
f 9/391/9 269/390/269 270/392/270
f 9/391/9 270/392/270 230/301/230
f 9/391/9 230/301/230 229/300/229
vt 0.341900 0.617700
vt 0.351000 0.620200
f 270/392/270 269/393/269 271/394/271
vt 0.359700 0.622500
f 270/392/270 271/394/271 272/395/272
vt 0.358800 0.633300
f 270/392/270 272/396/272 230/302/230
vt 0.368200 0.625200
vt 0.366300 0.634300
f 272/396/272 273/397/273 1/398/1
f 272/396/272 1/303/1 230/302/230
vt 0.361600 0.612500
f 273/397/273 272/395/272 274/399/274
vt 0.371100 0.616100
vt 0.364100 0.603100
vt 0.374000 0.607800
f 274/400/274 275/401/275 277/402/277
vt 0.383600 0.613800
f 274/400/274 277/402/277 276/403/276
f 274/400/274 276/403/276 273/288/273
vt 0.376700 0.601100
vt 0.386100 0.608300
f 276/403/276 277/404/277 278/405/278
vt 0.395000 0.615000
f 276/403/276 278/405/278 279/406/279
vt 0.392100 0.621100
f 276/403/276 279/406/279 222/407/222
f 276/403/276 222/287/222 273/288/273
vt 0.399800 0.628700
vt 0.395950 0.624900
f 279/406/279 2026/408/2026 2027/409/2027
vt 0.415400 0.620200
vt 0.411300 0.617100
vt 0.408700 0.611300
f 1991/410/1991 2025/411/2025 388/412/388
vt 0.425100 0.623900
vt 0.419450 0.623450
f 1991/410/1991 321/413/321 2025/414/2025
vt 0.434400 0.628700
vt 0.433000 0.630800
f 216/413/216 280/415/280 218/416/218
vt 0.431400 0.633300
vt 0.423500 0.626700
f 321/413/321 280/417/280 216/418/216
vt 0.440800 0.637500
f 280/415/280 217/419/217 218/416/218
vt 0.453000 0.638700
vt 0.445000 0.631600
vt 0.446300 0.629800
f 215/420/215 217/421/217 319/422/319
vt 0.462600 0.644100
vt 0.459250 0.639450
vt 0.464200 0.642100
f 281/423/281 1985/424/1985 283/425/283
vt 0.472600 0.649700
f 281/423/281 283/425/283 284/426/284
vt 0.465100 0.640900
f 284/426/284 283/425/283 285/427/285
vt 0.482800 0.655400
f 284/426/284 393/428/393 214/277/214
vt 0.480200 0.658700
f 284/426/284 214/277/214 213/429/213
vt 0.520700 0.678500
vt 0.514100 0.669500
vt 0.522200 0.676400
f 202/430/202 203/431/203 286/432/286
vt 0.530400 0.682700
vt 0.525550 0.680600
vt 0.526300 0.679550
f 200/433/200 201/434/201 1986/435/1986
vt 0.540200 0.686200
vt 0.532100 0.680200
vt 0.533800 0.677800
f 198/436/198 200/437/200 1986/438/1986
vt 0.549600 0.689500
vt 0.559500 0.691600
vt 0.556900 0.695600
f 288/439/288 289/440/289 197/441/197
vt 0.569400 0.694000
vt 0.566800 0.698100
f 289/440/289 290/442/290 196/443/196
vt 0.564600 0.701500
f 289/440/289 196/444/196 197/441/197
vt 0.580500 0.694600
vt 0.592500 0.693900
vt 0.588300 0.701000
f 290/445/290 291/446/291 195/447/195
vt 0.585300 0.706100
vt 0.577300 0.699800
f 290/445/290 195/448/195 196/449/196
vt 0.585200 0.686900
vt 0.591100 0.676700
f 291/446/291 290/450/290 292/451/292
vt 0.598400 0.683500
vt 0.606100 0.690100
f 291/446/291 292/452/292 293/453/293
vt 0.600700 0.700200
f 291/446/291 293/453/293 194/454/194
vt 0.596400 0.707700
f 291/446/291 194/455/194 195/447/195
vt 0.605100 0.671400
f 293/453/293 292/452/292 305/456/305
vt 0.612000 0.677900
vt 0.620000 0.684300
f 293/453/293 305/457/305 294/458/294
vt 0.614100 0.696800
f 293/453/293 294/458/294 192/459/192
vt 0.609100 0.706600
f 293/453/293 192/460/192 194/454/194
vt 0.618200 0.664600
vt 0.625500 0.671000
f 294/458/294 305/461/305 295/462/295
vt 0.633800 0.677500
vt 0.628400 0.690800
f 294/458/294 295/463/295 188/464/188
vt 0.623000 0.703100
f 294/458/294 190/465/190 192/459/192
vt 0.638400 0.663700
vt 0.646900 0.669800
f 295/463/295 300/466/300 296/467/296
f 295/463/295 296/467/296 188/245/188
f 294/463/294 188/250/188 190/464/190
vt 0.642300 0.649500
vt 0.650400 0.654900
f 296/467/296 300/468/300 1987/469/1987
f 296/467/296 185/246/185 188/245/188
vt 0.659000 0.660300
vt 0.669800 0.649800
f 1987/470/1987 297/471/297 183/236/183
f 1987/470/1987 183/239/183 296/240/296
f 297/471/297 181/237/181 183/236/183
vt 0.679100 0.639400
vt 0.671100 0.621700
vt 0.679600 0.626300
f 297/472/297 298/473/298 2029/474/2029
vt 0.656600 0.614700
vt 0.654100 0.604900
vt 0.658500 0.608800
f 299/475/299 145/476/145 298/477/298
vt 0.638000 0.629600
vt 0.635900 0.612500
vt 0.641000 0.616500
f 301/478/301 302/479/302 299/480/299
vt 0.645100 0.635000
f 301/478/301 299/481/299 300/468/300
vt 0.628100 0.637800
vt 0.630400 0.657400
vt 0.623400 0.651200
f 301/482/301 300/483/300 303/484/303
vt 0.616500 0.645200
vt 0.616200 0.626200
vt 0.622000 0.632000
f 303/485/303 304/486/304 301/487/301
vt 0.611000 0.658400
vt 0.610300 0.648800
f 303/485/303 305/488/305 306/489/306
vt 0.604100 0.652400
vt 0.610000 0.639200
f 303/485/303 306/490/306 304/491/304
vt 0.590800 0.658800
vt 0.590000 0.640300
vt 0.597100 0.646400
f 307/492/307 308/493/308 306/494/306
vt 0.576500 0.663600
vt 0.583500 0.652500
f 307/492/307 309/495/309 308/496/308
vt 0.575900 0.646200
f 309/495/309 403/497/403 308/496/308
vt 0.563500 0.666800
vt 0.568900 0.657200
f 309/495/309 310/498/310 403/499/403
vt 0.561300 0.650900
f 310/498/310 311/500/311 403/499/403
vt 0.570900 0.673200
vt 0.566200 0.680900
f 310/498/310 309/501/309 289/502/289
vt 0.550900 0.669100
vt 0.558800 0.674700
vt 0.554900 0.681000
f 311/503/311 310/504/310 288/505/288
vt 0.548900 0.672450
f 311/503/311 288/505/288 287/506/287
vt 0.538700 0.670200
vt 0.542800 0.663500
f 311/503/311 287/507/287 400/508/400
vt 0.534700 0.657300
f 287/507/287 312/509/312 400/508/400
vt 0.527400 0.668800
vt 0.525500 0.671700
f 312/510/312 287/438/287 1986/511/1986
vt 0.517400 0.664800
f 312/510/312 286/511/286 313/512/313
vt 0.507800 0.659500
vt 0.509300 0.657200
f 313/512/313 204/513/204 314/514/314
vt 0.501600 0.648800
f 204/513/204 315/515/315 314/514/314
vt 0.515500 0.667500
f 204/513/204 313/516/313 203/431/203
vt 0.448400 0.626800
vt 0.456600 0.633900
vt 0.455900 0.634800
f 317/517/317 316/518/316 282/519/282
vt 0.447700 0.627800
f 317/517/317 282/519/282 319/520/319
vt 0.439500 0.620800
f 318/517/318 319/520/319 320/521/320
vt 0.440200 0.619800
f 317/517/317 319/521/319 318/522/318
vt 0.431400 0.613900
vt 0.432100 0.612800
f 320/521/320 321/523/321 322/524/322
f 320/521/320 322/524/322 318/522/318
vt 0.430100 0.615900
vt 0.438300 0.622800
vt 0.437000 0.624700
f 321/525/321 320/526/320 280/527/280
vt 0.356400 0.591100
vt 0.366700 0.595800
f 324/528/324 323/529/323 275/401/275
vt 0.343700 0.595800
vt 0.346000 0.586300
f 324/528/324 326/530/326 325/531/325
vt 0.335000 0.582100
f 326/530/326 327/532/327 325/531/325
vt 0.354100 0.599200
vt 0.352000 0.609400
f 326/530/326 324/533/324 328/534/328
vt 0.342200 0.606300
f 326/530/326 328/534/328 271/535/271
vt 0.331800 0.602900
f 326/530/326 329/535/329 330/536/330
vt 0.333000 0.592200
f 326/530/326 330/536/330 327/537/327
vt 0.321800 0.588600
f 330/536/330 331/538/331 327/537/327
vt 0.332000 0.615000
vt 0.321600 0.611800
f 330/536/330 329/539/329 268/540/268
vt 0.321000 0.599300
f 330/536/330 332/540/332 331/541/331
vt 0.311200 0.608000
vt 0.310000 0.596500
f 332/540/332 338/542/338 333/543/333
f 332/540/332 333/543/333 331/541/331
f 332/540/332 330/539/330 268/388/268
vt 0.323000 0.624000
f 332/540/332 268/388/268 267/544/267
vt 0.312900 0.620200
f 332/540/332 267/544/267 338/545/338
vt 0.300200 0.582400
vt 0.310500 0.585400
f 333/543/333 334/546/334 335/547/335
f 333/543/333 335/547/335 331/538/331
vt 0.300900 0.605800
f 333/543/333 338/542/338 336/548/336
vt 0.300100 0.593900
f 333/543/333 336/548/336 334/549/334
vt 0.288500 0.589400
f 336/548/336 337/550/337 334/549/334
vt 0.301900 0.616800
vt 0.289200 0.611800
f 336/548/336 338/551/338 339/552/339
vt 0.288800 0.600700
f 336/548/336 339/552/339 337/553/337
vt 0.276200 0.595600
f 339/552/339 340/554/340 337/553/337
f 339/552/339 338/551/338 266/385/266
vt 0.276600 0.616800
vt 0.276400 0.606300
f 339/552/339 341/555/341 340/556/340
vt 0.263400 0.601500
f 341/555/341 342/557/342 340/556/340
vt 0.289800 0.622300
vt 0.289800 0.632400
f 341/555/341 339/558/339 343/559/343
vt 0.276700 0.626600
f 341/555/341 343/559/343 346/560/346
vt 0.263700 0.621900
f 341/555/341 346/560/346 344/561/344
vt 0.263500 0.611700
f 341/555/341 344/561/344 342/562/342
vt 0.251000 0.608500
f 344/561/344 345/563/345 342/562/342
vt 0.252500 0.629800
vt 0.251700 0.619300
f 344/561/344 347/564/347 345/565/345
vt 0.240000 0.617000
f 347/564/347 348/566/348 345/565/345
vt 0.264200 0.632000
vt 0.264500 0.641900
f 347/564/347 344/567/344 349/568/349
vt 0.253200 0.639800
f 347/564/347 349/568/349 350/569/350
vt 0.241900 0.638200
vt 0.229400 0.627200
vt 0.240900 0.627700
f 350/570/350 351/571/351 347/572/347
vt 0.253800 0.649300
vt 0.243100 0.648100
f 350/570/350 1964/573/1964 352/574/352
vt 0.232900 0.647900
vt 0.231000 0.637800
f 350/570/350 352/575/352 351/576/351
vt 0.220100 0.638300
f 352/575/352 353/577/353 351/576/351
vt 0.244300 0.655700
vt 0.234300 0.654600
f 352/575/352 1963/578/1963 1962/579/1962
vt 0.224700 0.654700
f 352/575/352 1962/579/1962 353/580/353
vt 0.226200 0.659500
vt 0.217600 0.660800
f 353/580/353 1962/581/1962 354/582/354
vt 0.227700 0.664100
vt 0.219400 0.665100
f 354/582/354 1962/583/1962 355/584/355
vt 0.202300 0.681000
vt 0.203600 0.682900
vt 0.199900 0.689500
f 357/585/357 1989/586/1989 253/587/253
vt 0.197300 0.714600
vt 0.200100 0.708300
vt 0.204400 0.712100
f 2028/588/2028 253/589/253 252/590/252
vt 0.187000 0.716000
vt 0.190900 0.718400
vt 0.188800 0.725000
f 358/591/358 2028/592/2028 251/593/251
vt 0.183300 0.713700
vt 0.182200 0.703200
vt 0.185900 0.706100
f 358/594/358 359/595/359 2028/596/2028
vt 0.185500 0.695200
vt 0.189500 0.688200
vt 0.192400 0.691500
f 359/597/359 357/598/357 253/599/253
vt 0.188800 0.698400
f 359/597/359 253/599/253 2028/600/2028
vt 0.195000 0.669800
vt 0.189100 0.675300
vt 0.185800 0.670700
f 356/601/356 357/602/357 360/603/360
vt 0.197600 0.657750
vt 0.195600 0.654000
vt 0.199650 0.652450
f 356/604/356 360/605/360 1990/606/1990
vt 0.203700 0.650900
vt 0.189900 0.642500
f 1990/607/1990 361/605/361 457/608/457
vt 0.199000 0.640100
vt 0.209100 0.638900
f 1990/607/1990 457/609/457 362/610/362
vt 0.213000 0.649200
f 1990/607/1990 362/610/362 354/611/354
vt 0.215800 0.656400
vt 0.207500 0.658900
f 1990/607/1990 354/612/354 355/613/355
vt 0.217400 0.627700
f 362/610/362 363/614/363 353/577/353
vt 0.222900 0.648300
f 362/610/362 353/615/353 354/611/354
vt 0.205500 0.628000
vt 0.202900 0.617000
f 363/614/363 362/616/362 364/617/364
vt 0.215400 0.617200
vt 0.227800 0.616800
f 363/614/363 364/618/364 365/619/365
f 363/614/363 365/619/365 351/571/351
f 363/614/363 351/576/351 353/577/353
vt 0.213700 0.606300
f 365/619/365 364/618/364 366/620/366
vt 0.226000 0.606000
vt 0.238600 0.606400
f 365/619/365 366/621/366 348/622/348
f 365/619/365 348/566/348 347/572/347
f 365/619/365 347/572/347 351/571/351
vt 0.225000 0.594900
f 348/622/348 366/621/366 367/623/367
vt 0.237800 0.595600
f 348/622/348 367/623/367 369/624/369
vt 0.250400 0.597800
f 348/622/348 369/624/369 368/625/368
f 348/622/348 368/625/368 345/563/345
vt 0.237300 0.584600
vt 0.250300 0.586900
f 368/625/368 369/626/369 370/627/370
vt 0.263100 0.590900
f 368/625/368 370/627/370 371/628/371
f 368/625/368 371/628/371 342/557/342
f 368/625/368 342/562/342 345/563/345
vt 0.250200 0.575900
f 374/628/374 370/627/370 372/629/372
vt 0.263100 0.579900
f 371/628/371 370/629/370 374/630/374
vt 0.275800 0.584600
f 371/628/371 374/630/374 373/631/373
f 371/628/371 373/631/373 340/554/340
f 371/628/371 340/556/340 342/557/342
vt 0.263500 0.568800
vt 0.276300 0.573600
f 373/631/373 374/632/374 375/633/375
vt 0.288600 0.578300
f 373/631/373 375/633/375 376/634/376
f 373/631/373 376/634/376 337/550/337
f 373/631/373 337/553/337 340/554/340
vt 0.277400 0.562800
f 376/634/376 375/633/375 377/635/377
vt 0.289600 0.567400
f 376/634/376 377/635/377 378/636/378
vt 0.301100 0.571600
vt 0.300650 0.577000
f 376/634/376 378/637/378 379/638/379
f 376/634/376 334/549/334 337/550/337
vt 0.291100 0.557900
f 379/637/379 378/636/378 380/639/380
vt 0.314000 0.566000
vt 0.312000 0.575100
f 379/637/379 381/640/381 335/641/335
f 379/637/379 335/547/335 334/546/334
vt 0.325600 0.569600
f 335/641/335 381/640/381 382/642/382
vt 0.323400 0.578600
f 335/641/335 382/643/382 331/538/331
vt 0.337000 0.574300
f 382/643/382 384/644/384 327/532/327
f 382/643/382 327/537/327 331/538/331
vt 0.327200 0.563900
f 384/644/384 382/642/382 383/645/383
f 384/644/384 325/531/325 327/532/327
vt 0.349300 0.575700
vt 0.361400 0.577800
vt 0.360100 0.581200
f 325/646/325 385/647/385 324/648/324
vt 0.350600 0.572300
vt 0.351700 0.569500
f 385/647/385 325/649/325 506/650/506
vt 0.370500 0.586400
f 385/647/385 323/651/323 324/648/324
vt 0.372600 0.582000
vt 0.383500 0.587000
vt 0.382500 0.589100
f 323/652/323 432/653/432 277/654/277
vt 0.373600 0.580000
vt 0.374600 0.578000
f 432/653/432 323/655/323 433/656/433
vt 0.392200 0.595600
f 432/653/432 278/657/278 277/654/277
vt 0.394400 0.591300
vt 0.385500 0.582800
vt 0.395500 0.589200
f 278/658/278 432/659/432 386/660/386
vt 0.404900 0.595800
vt 0.404300 0.596900
f 278/658/278 386/661/386 387/662/387
vt 0.414800 0.600300
vt 0.406000 0.593600
vt 0.406700 0.592300
f 390/663/390 388/664/388 389/665/389
vt 0.415500 0.599100
vt 0.423900 0.605900
f 388/663/388 390/666/390 391/667/391
f 1991/667/1991 322/524/322 321/523/321
vt 0.427350 0.610450
f 391/667/391 322/523/322 1991/668/1991
vt 0.471800 0.631500
vt 0.463100 0.624500
vt 0.464400 0.622600
f 285/669/285 316/670/316 392/671/392
vt 0.473300 0.629500
f 285/669/285 392/671/392 394/672/394
vt 0.482200 0.636800
f 285/669/285 394/672/394 393/673/393
vt 0.476300 0.635100
f 285/669/285 393/673/393 284/674/284
vt 0.475000 0.627100
vt 0.484000 0.634300
f 393/673/393 394/675/394 395/676/395
vt 0.492900 0.641700
f 393/673/393 395/676/395 396/677/396
vt 0.491200 0.644100
f 393/673/393 396/677/396 1988/678/1988
vt 0.503500 0.646000
f 396/677/396 397/679/397 315/515/315
vt 0.500000 0.651100
vt 0.495600 0.647600
f 396/677/396 315/680/315 1988/681/1988
f 397/679/397 314/514/314 315/515/315
vt 0.514400 0.649500
vt 0.509200 0.637400
vt 0.518000 0.643800
f 314/682/314 397/683/397 399/684/399
vt 0.526400 0.650600
f 314/682/314 399/684/399 398/685/398
vt 0.522700 0.656500
f 314/682/314 398/685/398 313/686/313
vt 0.539900 0.648500
f 398/685/398 400/687/400 312/509/312
vt 0.530200 0.664400
f 398/685/398 312/688/312 313/686/313
vt 0.531400 0.642300
vt 0.537100 0.632300
f 400/687/400 398/689/398 401/690/401
vt 0.545400 0.638500
vt 0.553700 0.644400
f 400/687/400 401/691/401 402/692/402
vt 0.568200 0.640000
f 402/692/402 403/693/403 311/500/311
vt 0.555800 0.660700
vt 0.547900 0.654700
f 402/692/402 311/694/311 400/695/400
vt 0.560100 0.633800
vt 0.566400 0.622400
f 403/693/403 402/696/402 404/697/404
vt 0.574700 0.628300
vt 0.582500 0.634200
f 403/693/403 404/698/404 405/699/405
vt 0.596600 0.627900
f 405/699/405 406/700/406 308/493/308
f 405/699/405 308/496/308 403/497/403
vt 0.610300 0.620700
vt 0.603400 0.633500
f 406/700/406 128/701/128 304/702/304
f 406/700/406 306/494/306 308/493/308
f 406/701/406 304/491/304 306/702/306
vt 0.603700 0.615200
vt 0.603600 0.598300
vt 0.611500 0.603200
f 406/703/406 1976/704/1976 128/705/128
vt 0.596100 0.609600
vt 0.593400 0.593300
f 406/706/406 408/707/408 1976/704/1976
vt 0.581200 0.616200
vt 0.587400 0.603900
f 406/706/406 405/708/405 408/709/408
vt 0.578500 0.598200
vt 0.573500 0.582300
vt 0.583200 0.587700
f 408/710/408 409/711/409 407/712/407
vt 0.572700 0.610500
f 408/710/408 405/708/405 410/713/410
vt 0.564000 0.604800
vt 0.569400 0.593000
f 408/710/408 410/714/410 409/715/409
vt 0.560200 0.588000
f 410/714/410 411/716/411 409/715/409
vt 0.558100 0.616700
f 410/714/410 404/697/404 412/717/412
vt 0.549200 0.611100
vt 0.554900 0.599700
f 410/714/410 412/718/412 411/719/411
vt 0.545400 0.594400
f 412/718/412 413/720/413 411/719/411
vt 0.551800 0.627900
vt 0.543400 0.621900
f 412/718/412 402/721/402 401/722/401
vt 0.534300 0.615700
f 412/718/412 401/722/401 414/723/414
vt 0.539800 0.605300
f 412/718/412 414/723/414 413/724/413
vt 0.531100 0.599400
f 414/723/414 415/725/415 413/724/413
vt 0.528500 0.626000
f 414/723/414 401/690/401 416/726/416
vt 0.519900 0.619700
f 415/723/415 416/726/416 417/727/417
vt 0.525500 0.609700
f 414/723/414 416/727/416 415/728/415
vt 0.516700 0.603500
f 417/727/417 418/729/418 415/728/415
vt 0.522900 0.635700
f 417/727/417 416/726/416 399/730/399
vt 0.505600 0.622700
vt 0.511000 0.613500
f 417/727/417 419/731/419 418/732/418
vt 0.502100 0.607300
f 419/731/419 420/733/420 418/732/418
vt 0.514200 0.629300
f 419/731/419 417/734/417 397/683/397
vt 0.492200 0.622700
vt 0.500800 0.630100
vt 0.497300 0.635200
f 395/735/395 419/736/419 396/737/396
vt 0.488600 0.627800
f 420/735/420 419/737/419 395/738/395
vt 0.479500 0.620700
f 420/735/420 395/738/395 421/739/421
vt 0.486200 0.631300
vt 0.477100 0.624100
f 421/739/421 395/740/395 394/741/394
vt 0.468000 0.617300
f 421/739/421 394/741/394 392/742/392
vt 0.457700 0.613000
vt 0.456000 0.615500
f 422/743/422 392/671/392 424/744/424
vt 0.448000 0.608100
f 422/743/422 424/744/424 425/745/425
vt 0.449500 0.605900
f 422/743/422 425/745/425 423/746/423
vt 0.441500 0.598500
f 425/745/425 426/747/426 423/746/423
vt 0.454800 0.617400
f 425/745/425 424/744/424 317/748/317
vt 0.438600 0.602900
vt 0.446700 0.610100
vt 0.445400 0.612000
f 426/749/426 425/750/425 318/751/318
vt 0.429100 0.597700
vt 0.437200 0.604800
vt 0.436000 0.606800
f 391/752/391 426/753/426 322/754/322
vt 0.419200 0.592900
vt 0.427700 0.599800
vt 0.426500 0.601800
f 390/755/390 427/756/427 391/757/391
vt 0.387600 0.578700
vt 0.377500 0.571800
vt 0.378400 0.570000
f 429/758/429 430/759/430 431/760/431
vt 0.397400 0.585500
vt 0.396600 0.587100
f 429/758/429 428/761/428 386/762/386
vt 0.386600 0.580700
f 429/758/429 386/762/386 432/763/432
vt 0.376500 0.573900
f 429/758/429 432/763/432 433/764/433
f 429/758/429 433/764/433 430/759/430
vt 0.367300 0.565100
f 433/764/433 434/765/434 430/759/430
vt 0.365200 0.569300
vt 0.364300 0.571300
f 434/766/434 433/656/433 385/767/385
vt 0.353700 0.565000
f 434/766/434 385/767/385 506/768/506
vt 0.329500 0.557900
vt 0.340900 0.563300
vt 0.339800 0.566000
f 383/769/383 435/770/435 384/771/384
vt 0.317100 0.555500
vt 0.315800 0.559600
f 503/772/503 383/645/383 381/773/381
vt 0.304400 0.555100
f 503/772/503 381/773/381 436/774/436
vt 0.292700 0.550600
f 436/774/436 380/639/380 437/775/437
vt 0.280300 0.545800
f 438/776/438 437/775/437 380/639/380
vt 0.279000 0.552600
f 438/776/438 380/639/380 439/777/439
vt 0.265900 0.548200
f 438/776/438 439/777/439 440/778/440
vt 0.267500 0.541100
f 438/776/438 440/778/440 502/779/502
vt 0.254200 0.536900
f 440/778/440 441/780/441 502/779/502
f 440/778/440 439/777/439 377/635/377
vt 0.264500 0.558000
f 440/778/440 377/635/377 442/781/442
vt 0.251200 0.553800
vt 0.251950 0.548950
f 440/778/440 442/782/442 443/783/443
vt 0.239100 0.540800
vt 0.252700 0.544100
f 443/782/443 444/784/444 441/785/441
f 372/782/372 442/781/442 374/632/374
vt 0.250400 0.564800
f 443/782/443 442/632/442 372/786/372
vt 0.244150 0.557850
vt 0.237900 0.550600
f 443/782/443 2030/787/2030 444/788/444
vt 0.237100 0.561900
vt 0.243650 0.568900
vt 0.237000 0.573300
f 445/789/445 2030/790/2030 447/791/447
vt 0.224000 0.572000
f 446/789/446 447/791/447 448/792/448
vt 0.223900 0.560100
f 445/789/445 447/792/447 446/793/446
vt 0.210500 0.558800
f 448/792/448 449/794/449 446/793/446
f 448/792/448 447/791/447 369/626/369
vt 0.211400 0.582900
vt 0.210900 0.570900
f 448/792/448 450/795/450 449/796/449
vt 0.197400 0.569600
f 450/795/450 451/797/451 449/796/449
vt 0.224400 0.583500
f 450/795/450 448/798/448 367/623/367
vt 0.199600 0.594000
vt 0.198400 0.581900
f 450/795/450 452/799/452 451/800/451
vt 0.184600 0.580800
f 452/799/452 453/801/453 451/800/451
vt 0.212400 0.594700
f 452/799/452 450/802/450 366/620/366
vt 0.187900 0.604800
vt 0.186100 0.592900
f 452/799/452 454/803/454 453/804/453
vt 0.171900 0.593100
f 454/803/454 455/805/455 453/804/453
vt 0.201300 0.605700
f 454/803/454 452/806/452 364/617/364
vt 0.190300 0.616300
f 454/803/454 364/617/364 456/807/456
vt 0.183400 0.611750
vt 0.174900 0.605700
f 454/803/454 456/808/456 455/809/455
vt 0.178900 0.618700
vt 0.184200 0.630600
vt 0.175400 0.635700
f 1992/810/1992 457/811/457 458/812/458
vt 0.181900 0.647000
f 458/812/458 457/608/457 361/813/361
vt 0.174600 0.653700
f 458/812/458 361/813/361 459/814/459
vt 0.175400 0.671500
vt 0.161700 0.670800
vt 0.167900 0.661800
f 460/815/460 481/816/481 459/817/459
vt 0.181500 0.664200
f 460/815/460 459/818/459 360/603/360
vt 0.175000 0.697100
vt 0.178800 0.688700
vt 0.182300 0.692100
f 461/819/461 460/820/460 359/821/359
vt 0.178700 0.700300
vt 0.176300 0.709000
f 461/819/461 359/822/359 358/823/358
vt 0.170500 0.715500
vt 0.172500 0.706400
f 462/824/462 461/825/461 358/823/358
vt 0.173000 0.726400
vt 0.177700 0.719300
vt 0.176600 0.727800
f 462/826/462 358/827/358 463/828/463
vt 0.181600 0.747600
vt 0.183900 0.738700
vt 0.185500 0.747600
f 476/829/476 463/830/463 465/831/465
vt 0.189100 0.756700
f 476/829/476 465/831/465 464/832/464
vt 0.197900 0.764400
vt 0.201800 0.762700
vt 0.207300 0.770500
f 464/833/464 465/834/465 466/835/466
vt 0.239300 0.779600
vt 0.251400 0.779400
vt 0.246400 0.785400
f 468/836/468 470/837/470 472/838/472
vt 0.244200 0.773900
vt 0.249200 0.767500
f 470/837/470 468/839/468 469/840/469
vt 0.264200 0.778200
vt 0.271800 0.783000
vt 0.266100 0.789300
f 469/841/469 471/842/471 470/843/470
vt 0.279500 0.787700
vt 0.280400 0.797100
vt 0.272900 0.793200
f 471/844/471 141/845/141 470/846/470
vt 0.275300 0.802200
vt 0.267900 0.799300
f 141/845/141 595/847/595 470/848/470
vt 0.249600 0.795900
vt 0.248000 0.790650
vt 0.253800 0.790700
f 595/849/595 2031/850/2031 472/851/472
vt 0.238700 0.794700
vt 0.228000 0.792100
vt 0.231200 0.788700
f 472/852/472 474/853/474 467/854/467
vt 0.223900 0.782100
f 472/853/472 467/855/467 468/854/468
vt 0.216900 0.788300
vt 0.206200 0.783000
vt 0.209800 0.780700
f 474/856/474 473/857/473 467/858/467
vt 0.196100 0.776300
vt 0.199700 0.774500
f 466/857/466 475/859/475 464/860/464
vt 0.203500 0.772600
f 473/857/473 466/861/466 467/858/467
vt 0.194000 0.765600
f 473/859/473 475/862/475 466/860/466
vt 0.162900 0.734500
vt 0.169100 0.724900
vt 0.168100 0.735500
f 476/863/476 462/864/462 463/865/463
vt 0.156600 0.720500
vt 0.157200 0.733500
vt 0.149500 0.731900
f 462/866/462 476/867/476 477/868/477
vt 0.148100 0.717500
vt 0.149100 0.703800
f 462/866/462 477/869/477 478/870/478
vt 0.157700 0.708600
f 462/866/462 478/870/478 461/871/461
vt 0.137600 0.712900
vt 0.139700 0.697800
f 478/870/478 477/872/477 479/873/479
vt 0.143000 0.683700
f 478/870/478 479/873/479 480/874/480
vt 0.152200 0.691600
vt 0.147900 0.671700
vt 0.156400 0.680700
f 478/875/478 480/876/480 481/877/481
vt 0.165100 0.688600
f 478/875/478 481/877/481 461/878/461
vt 0.153900 0.661500
f 481/877/481 480/876/480 482/879/482
vt 0.170100 0.679700
f 481/877/481 460/880/460 461/878/461
vt 0.139200 0.661700
f 482/879/482 480/876/480 483/881/483
vt 0.153000 0.641200
vt 0.160700 0.652200
f 482/879/482 484/882/484 459/883/459
f 482/879/482 459/817/459 481/816/481
vt 0.145300 0.628400
vt 0.154000 0.619200
f 484/882/484 485/884/485 486/885/486
vt 0.160700 0.632300
f 458/882/458 486/885/486 1992/886/1992
vt 0.167700 0.643400
f 484/882/484 486/886/486 458/887/458
f 484/882/484 458/887/458 459/883/459
vt 0.138200 0.615400
f 486/885/486 485/884/485 487/888/487
vt 0.148300 0.605500
vt 0.159300 0.597700
f 486/885/486 487/889/487 1993/890/1993
vt 0.143300 0.591800
f 1993/890/1993 487/889/487 488/891/488
vt 0.155900 0.583700
f 1993/890/1993 488/891/488 490/892/490
vt 0.169800 0.580500
f 1993/890/1993 490/892/490 489/893/489
f 1993/890/1993 489/893/489 455/805/455
vt 0.167100 0.601700
vt 0.163900 0.611400
f 486/890/486 1993/894/1993 1992/895/1992
vt 0.152900 0.570000
vt 0.168200 0.567800
f 489/893/489 490/896/490 492/897/492
vt 0.183200 0.568400
f 489/893/489 492/897/492 491/898/491
f 489/893/489 491/898/491 453/801/453
f 489/893/489 453/804/453 455/805/455
vt 0.166900 0.555100
vt 0.182400 0.555800
f 491/898/491 492/899/492 494/900/494
vt 0.196600 0.557400
f 491/898/491 494/900/494 493/901/493
f 491/898/491 493/901/493 451/797/451
f 491/898/491 451/800/451 453/801/453
vt 0.182000 0.543400
vt 0.196500 0.545200
f 493/901/493 494/902/494 496/903/496
vt 0.210500 0.546900
f 493/901/493 496/903/496 495/904/495
f 493/901/493 495/904/495 449/794/449
f 493/901/493 449/796/449 451/797/451
vt 0.225200 0.538600
vt 0.224400 0.548400
f 495/904/495 497/905/497 446/906/446
f 495/904/495 446/793/446 449/794/449
vt 0.211300 0.536300
vt 0.212300 0.528200
f 497/905/497 495/907/495 498/908/498
vt 0.224800 0.543500
f 497/905/497 444/788/444 445/909/445
vt 0.255500 0.531600
vt 0.249250 0.527250
vt 0.256700 0.527000
f 441/910/441 444/911/444 500/912/500
vt 0.269800 0.532200
f 441/910/441 623/912/623 502/913/502
vt 0.283400 0.534600
vt 0.282400 0.537900
f 502/913/502 501/914/501 438/915/438
vt 0.295100 0.541600
f 501/914/501 437/916/437 438/915/438
vt 0.320100 0.547500
vt 0.308700 0.542000
vt 0.309500 0.539700
f 503/917/503 436/918/436 624/919/624
vt 0.332400 0.551100
vt 0.322000 0.543100
vt 0.333300 0.548900
f 383/920/383 503/921/503 504/922/504
vt 0.344700 0.554700
f 435/920/435 504/922/504 505/923/505
vt 0.343700 0.556800
f 383/920/383 504/923/504 435/924/435
vt 0.354700 0.562900
f 505/923/505 506/925/506 435/924/435
vt 0.356700 0.558600
vt 0.345600 0.552500
vt 0.346400 0.550800
f 506/926/506 505/927/505 507/928/507
vt 0.357300 0.557100
f 506/926/506 507/928/507 508/929/508
vt 0.368000 0.563500
f 506/926/506 508/929/508 509/930/509
f 506/926/506 509/930/509 434/765/434
f 509/930/509 431/760/431 430/759/430
f 509/930/509 430/759/430 434/765/434
vt 0.390800 0.572600
vt 0.381500 0.564200
vt 0.391800 0.570600
f 429/931/429 431/932/431 511/933/511
vt 0.401800 0.577100
f 428/931/428 511/933/511 510/934/510
vt 0.400700 0.579200
f 429/931/429 511/934/511 428/935/428
vt 0.407300 0.579400
vt 0.411400 0.583900
f 510/934/510 2032/936/2032 389/937/389
vt 0.410200 0.586000
f 510/934/510 389/938/389 428/935/428
vt 0.412800 0.581700
vt 0.414100 0.579300
vt 0.423200 0.586400
f 2032/939/2032 632/940/632 512/941/512
vt 0.420500 0.590800
f 2032/939/2032 390/942/390 389/937/389
vt 0.433400 0.591000
vt 0.426600 0.580700
vt 0.435200 0.588100
f 427/943/427 512/944/512 513/945/513
vt 0.443700 0.595100
f 427/943/427 513/945/513 514/946/514
f 427/943/427 514/946/514 426/747/426
f 514/946/514 423/746/423 426/747/426
vt 0.465900 0.600900
vt 0.457500 0.593700
vt 0.461900 0.587000
f 422/947/422 423/948/423 515/949/515
vt 0.470700 0.593800
f 422/947/422 515/949/515 517/950/517
vt 0.479400 0.601200
f 422/947/422 517/950/517 516/951/516
vt 0.474000 0.608600
f 422/947/422 516/951/516 392/952/392
vt 0.476200 0.585700
vt 0.484800 0.593100
f 516/951/516 517/953/517 519/954/519
vt 0.483000 0.615700
f 516/951/516 421/955/421 392/952/392
vt 0.493400 0.600500
vt 0.490400 0.584500
vt 0.499000 0.591300
f 518/956/518 519/957/519 520/958/520
vt 0.496700 0.616000
vt 0.487700 0.608900
f 518/956/518 420/959/420 421/960/421
vt 0.507900 0.597400
vt 0.513400 0.587500
vt 0.522400 0.593300
f 520/961/520 522/962/522 521/963/521
f 520/961/520 521/963/521 418/729/418
vt 0.518700 0.577500
vt 0.527800 0.583200
f 521/963/521 522/964/522 523/965/523
vt 0.536700 0.588800
f 415/963/415 523/966/523 413/725/413
f 521/963/521 415/728/415 418/729/418
vt 0.550600 0.583300
f 523/966/523 1994/967/1994 413/720/413
f 521/966/521 523/724/523 415/725/415
vt 0.564200 0.577200
f 1994/967/1994 524/968/524 411/716/411
f 1994/967/1994 411/719/411 413/720/413
f 524/968/524 409/715/409 411/716/411
vt 0.576100 0.574800
vt 0.566500 0.569700
vt 0.568300 0.564200
f 409/969/409 524/970/524 644/971/644
vt 0.578000 0.569000
vt 0.588300 0.573700
f 409/969/409 644/972/644 407/973/407
vt 0.589700 0.568900
vt 0.601600 0.573200
f 407/973/407 644/974/644 525/975/525
vt 0.614700 0.577700
vt 0.614900 0.583700
f 525/975/525 526/976/526 1975/977/1975
vt 0.628300 0.585400
vt 0.627100 0.589300
f 526/976/526 528/978/528 527/979/527
f 526/976/526 527/979/527 1975/977/1975
vt 0.639700 0.603400
f 145/980/145 299/480/299 302/479/302
vt 0.631300 0.608200
vt 0.634700 0.599800
f 145/980/145 302/981/302 527/982/527
vt 0.636500 0.580500
vt 0.636000 0.575800
vt 0.646500 0.579800
f 528/983/528 529/984/529 530/985/530
vt 0.246300 0.097400
vt 0.240300 0.106000
f 533/986/533 534/987/534 176/216/176
f 533/986/533 176/216/176 174/215/174
vt 0.243000 0.106500
vt 0.240000 0.116000
f 534/987/534 533/988/533 653/989/653
f 534/987/534 177/217/177 176/216/176
vt 0.237400 0.105200
vt 0.233500 0.114800
vt 0.229900 0.113900
f 534/990/534 653/991/653 535/992/535
vt 0.234300 0.104200
vt 0.238500 0.094800
f 534/990/534 535/993/535 177/994/177
vt 0.230400 0.102800
f 535/993/535 536/995/536 177/219/177
vt 0.228300 0.089900
f 177/995/177 178/996/178 175/219/175
vt 0.223900 0.099900
vt 0.219600 0.110300
vt 0.210700 0.106600
f 536/997/536 535/998/535 537/999/537
vt 0.215800 0.095800
vt 0.214350 0.088300
vt 0.221100 0.085900
f 536/1000/536 2033/1001/2033 178/1002/178
vt 0.212900 0.080800
vt 0.220000 0.071300
vt 0.227300 0.076700
f 538/1003/538 179/1004/179 178/1005/178
vt 0.209750 0.085950
vt 0.196200 0.085600
f 538/1003/538 2033/1006/2033 539/1007/539
vt 0.210700 0.064200
vt 0.192300 0.067600
vt 0.200100 0.056400
f 538/1008/538 539/1009/539 541/1010/541
vt 0.725400 0.680100
vt 0.712300 0.679300
vt 0.711400 0.671750
f 179/1011/179 182/1012/182 180/1013/180
vt 0.208700 0.046500
vt 0.189000 0.048900
vt 0.198000 0.037800
f 540/1014/540 541/1015/541 542/1016/542
vt 0.700100 0.707200
f 543/1017/543 184/234/184 182/233/182
vt 0.714800 0.708900
vt 0.715400 0.722500
f 543/1017/543 542/1018/542 544/1019/544
vt 0.684400 0.718400
vt 0.686600 0.704500
f 543/1017/543 545/1020/545 184/1021/184
f 545/1020/545 186/242/186 185/241/185
vt 0.699400 0.721000
vt 0.698400 0.732600
f 545/1020/545 543/1022/543 546/1023/546
vt 0.667700 0.726300
vt 0.665100 0.734500
vt 0.651600 0.729600
f 186/1024/186 548/1025/548 189/1026/189
vt 0.663100 0.740800
vt 0.649300 0.735700
f 189/1026/189 548/1027/548 667/1028/667
vt 0.636800 0.730500
f 189/1026/189 667/1028/667 549/1029/549
f 189/1026/189 549/1029/549 191/251/191
vt 0.625300 0.725500
f 549/1029/549 193/1030/193 191/252/191
vt 0.622600 0.730900
f 549/1029/549 668/1031/668 193/1030/193
f 668/1031/668 550/256/550 193/254/193
vt 0.597500 0.727300
vt 0.587000 0.723200
vt 0.589000 0.720000
f 550/1032/550 669/1033/669 194/1034/194
vt 0.580700 0.713500
f 669/1033/669 195/1035/195 194/1034/194
vt 0.576600 0.719800
vt 0.578700 0.716700
f 669/1033/669 671/1036/671 195/1037/195
vt 0.570500 0.710400
f 671/1036/671 552/1038/552 195/1037/195
vt 0.566500 0.716400
vt 0.564400 0.719300
vt 0.556700 0.713200
f 196/1039/196 195/1040/195 552/1041/552
vt 0.558600 0.710400
f 196/1039/196 551/1041/551 197/1042/197
f 551/1041/551 199/261/199 197/260/197
vt 0.562300 0.722100
f 551/1041/551 196/1040/196 552/1043/552
vt 0.554700 0.716000
vt 0.547200 0.710100
f 551/1041/551 552/1044/552 553/1045/553
f 551/1041/551 553/1045/553 199/261/199
f 553/1045/553 554/264/554 199/262/199
vt 0.537900 0.706500
vt 0.531000 0.699300
vt 0.532800 0.696900
f 554/1046/554 200/1047/200 198/1048/198
vt 0.545100 0.712900
vt 0.543600 0.714700
f 554/1046/554 553/1049/553 555/1050/555
vt 0.536700 0.708000
f 554/1046/554 555/1050/555 556/1051/556
vt 0.529400 0.701400
f 554/1046/554 556/1051/556 557/1052/557
f 554/1046/554 557/1052/557 200/1047/200
vt 0.521900 0.694600
vt 0.523800 0.692000
f 557/1052/557 201/1053/201 200/1054/200
vt 0.534600 0.710600
vt 0.527400 0.704000
f 557/1052/557 556/1055/556 558/1056/558
vt 0.520100 0.697000
f 557/1052/557 558/1056/558 559/1057/559
f 557/1052/557 559/1057/559 201/1053/201
f 559/1057/559 205/267/205 202/266/202
f 559/1057/559 202/266/202 201/1053/201
vt 0.511600 0.691100
f 205/1058/205 210/273/210 206/268/206
vt 0.464100 0.660100
vt 0.473200 0.667400
vt 0.471700 0.669100
f 560/1059/560 213/1060/213 681/1061/681
vt 0.462600 0.661900
f 560/1059/560 681/1061/681 561/1062/561
vt 0.453500 0.655400
f 560/1059/560 561/1062/561 563/1063/563
vt 0.455400 0.653000
f 281/1059/281 563/1063/563 1985/1064/1985
vt 0.447200 0.646200
vt 0.451300 0.649600
f 563/1063/563 215/1065/215 1985/1066/1985
vt 0.442500 0.652800
vt 0.445100 0.648900
f 563/1063/563 562/1067/562 215/1068/215
vt 0.437200 0.642500
f 562/1067/562 217/1069/217 215/1068/215
vt 0.430200 0.654400
vt 0.434400 0.647000
f 562/1067/562 564/1070/564 217/1071/217
vt 0.426600 0.641000
f 564/1070/564 218/1072/218 217/1071/217
vt 0.438800 0.658900
vt 0.434300 0.668500
f 564/1070/564 562/1073/562 565/1074/565
vt 0.425200 0.664500
vt 0.416900 0.659200
f 564/1070/564 565/1075/565 566/1076/566
f 564/1070/564 566/1076/566 218/279/218
f 566/1076/566 220/280/220 218/279/218
vt 0.420900 0.675800
f 566/1076/566 565/1075/565 567/1077/567
vt 0.411800 0.669800
vt 0.403800 0.662600
f 566/1076/566 567/1078/567 568/1079/568
vt 0.409500 0.652600
f 566/1076/566 568/1079/568 220/1080/220
f 568/1079/568 223/284/223 220/282/220
vt 0.407300 0.677800
f 568/1079/568 567/1078/567 569/1081/569
vt 0.398600 0.670400
f 568/1079/568 569/1082/569 226/293/226
f 568/1079/568 226/293/226 223/284/223
vt 0.404000 0.684100
vt 0.393800 0.676300
f 569/1082/569 571/1083/571 570/1084/570
vt 0.385900 0.667600
f 569/1082/569 570/1084/570 226/1085/226
vt 0.390500 0.683500
vt 0.401900 0.690500
vt 0.399000 0.698600
f 570/1086/570 571/1087/571 572/1088/572
f 570/1086/570 572/1088/572 232/307/232
f 570/1086/570 232/307/232 228/298/228
f 570/1086/570 228/298/228 226/296/226
vt 0.413700 0.696400
f 572/1088/572 571/1087/571 573/1089/573
vt 0.409100 0.705500
vt 0.402600 0.716600
f 572/1088/572 573/1090/573 574/1091/574
vt 0.393700 0.707600
f 572/1088/572 574/1091/574 233/1092/233
vt 0.383100 0.697800
f 572/1088/572 233/1092/233 232/1093/232
vt 0.417400 0.713900
f 574/1091/574 573/1090/573 35/1094/35
vt 0.411400 0.725800
vt 0.404200 0.737600
f 574/1091/574 35/1095/35 1978/1096/1978
vt 0.395100 0.726500
vt 0.395200 0.745900
f 574/1097/574 1978/1096/1978 575/1098/575
vt 0.386000 0.734200
f 574/1097/574 575/1099/575 233/309/233
vt 0.377100 0.739200
f 575/1099/575 576/1100/576 235/312/235
f 575/1099/575 235/312/235 233/309/233
vt 0.372700 0.741900
vt 0.362900 0.732000
f 576/1101/576 236/1102/236 235/315/235
vt 0.352600 0.721400
f 236/1103/236 577/323/577 12/322/12
vt 0.340200 0.712200
vt 0.326600 0.707700
vt 0.329700 0.702900
f 577/1104/577 578/1105/578 239/1106/239
vt 0.316100 0.700000
vt 0.318300 0.695600
f 578/1105/578 240/1107/240 237/1108/237
f 578/1105/578 237/1108/237 239/1106/239
vt 0.336500 0.716700
vt 0.333100 0.721200
f 578/1105/578 577/1109/577 579/1110/579
vt 0.323900 0.712300
vt 0.314100 0.704300
f 578/1105/578 579/1111/579 580/1112/580
f 578/1105/578 580/1112/580 240/1107/240
vt 0.302500 0.701800
vt 0.304100 0.697400
f 580/1112/580 581/1113/581 240/1114/240
vt 0.294100 0.691500
f 581/1113/581 241/1115/241 240/1114/240
vt 0.291600 0.700900
vt 0.283400 0.691300
vt 0.292900 0.696000
f 581/1116/581 242/1117/242 241/1118/241
vt 0.281400 0.701300
vt 0.282600 0.696200
f 581/1116/581 582/1119/582 242/1120/242
vt 0.262900 0.705600
vt 0.270600 0.708800
vt 0.268600 0.715600
f 243/1121/243 582/1122/582 583/1123/583
vt 0.254100 0.709700
vt 0.255500 0.702800
f 243/1121/243 583/1124/583 244/1125/244
vt 0.247100 0.707400
vt 0.248700 0.700600
f 583/1124/583 245/1126/245 244/1127/244
vt 0.251600 0.716300
vt 0.244400 0.713300
f 583/1124/583 584/1128/584 245/1129/245
vt 0.240900 0.718300
f 584/1128/584 247/1130/247 245/1129/245
vt 0.248200 0.722100
vt 0.251800 0.731900
vt 0.244300 0.727600
f 584/1131/584 586/1132/586 585/1133/585
vt 0.237000 0.723100
f 584/1131/584 585/1133/585 247/1134/247
vt 0.247700 0.737900
f 585/1133/585 586/1132/586 587/1135/587
vt 0.240200 0.732900
f 585/1133/585 587/1135/587 248/1136/248
f 585/1133/585 248/1136/248 247/332/247
vt 0.243600 0.743700
vt 0.239300 0.749700
vt 0.232100 0.743800
f 587/1137/587 589/1138/589 248/1139/248
vt 0.246700 0.755500
vt 0.242000 0.761900
f 589/1138/589 587/1140/587 588/1141/588
vt 0.228000 0.749800
f 589/1138/589 249/1142/249 248/1139/248
vt 0.235000 0.755900
vt 0.224000 0.755600
f 589/1143/589 250/1144/250 249/1142/249
vt 0.230400 0.761900
vt 0.232400 0.773600
vt 0.225700 0.767400
f 589/1145/589 468/1146/468 467/1147/467
vt 0.219500 0.760900
vt 0.221200 0.771800
vt 0.215100 0.765100
f 250/1148/250 467/1149/467 466/1150/466
vt 0.209700 0.758100
f 589/1148/589 467/1150/467 250/1151/250
f 588/1141/588 469/840/469 468/839/468
vt 0.254200 0.761000
vt 0.251100 0.749100
vt 0.258800 0.754300
f 588/1152/588 587/1153/587 590/1154/590
vt 0.266500 0.759500
f 469/1152/469 588/1154/588 590/1155/590
vt 0.269600 0.771500
vt 0.261800 0.766300
f 590/1155/590 471/1156/471 469/1157/469
vt 0.274500 0.764600
vt 0.282600 0.769700
vt 0.277600 0.776600
f 590/1158/590 591/1159/591 471/1160/471
vt 0.290900 0.774900
vt 0.285700 0.781600
f 591/1159/591 592/1161/592 471/1162/471
vt 0.293900 0.786800
f 592/1161/592 141/1163/141 471/1162/471
vt 0.301700 0.791700
vt 0.308900 0.796300
vt 0.301200 0.801800
f 592/1164/592 593/1165/593 141/1166/141
vt 0.315000 0.800500
vt 0.306800 0.806200
f 141/1166/141 593/1167/593 594/1168/594
vt 0.297000 0.809000
f 141/1166/141 594/1168/594 595/1169/595
vt 0.252300 0.809100
vt 0.241400 0.807600
vt 0.243900 0.804000
f 472/1170/472 596/1171/596 474/1172/474
vt 0.232800 0.801600
vt 0.235800 0.798200
f 2031/1171/2031 596/1173/596 472/1174/472
vt 0.229800 0.804900
vt 0.218300 0.801300
vt 0.221400 0.798200
f 596/1175/596 597/1176/597 474/1177/474
vt 0.207000 0.796300
vt 0.210100 0.793700
f 597/1176/597 598/1178/598 474/1179/474
vt 0.199300 0.787500
vt 0.202700 0.785300
f 598/1178/598 475/1180/475 473/1181/473
f 598/1178/598 473/1181/473 474/1179/474
vt 0.185100 0.782000
vt 0.180400 0.784400
vt 0.173800 0.772900
f 475/1182/475 600/1183/600 599/1184/599
vt 0.178700 0.771300
f 475/1182/475 599/1184/599 464/1185/464
vt 0.161900 0.761600
vt 0.168300 0.760600
f 599/1184/599 601/1186/601 464/1187/464
vt 0.166400 0.775300
vt 0.156400 0.778300
f 601/1186/601 599/1188/599 602/1189/602
vt 0.152500 0.762800
f 601/1186/601 602/1189/602 604/1190/604
vt 0.150800 0.747100
f 601/1186/601 604/1190/604 603/1191/603
vt 0.158500 0.747400
f 601/1186/601 603/1191/603 476/1192/476
vt 0.164200 0.747400
f 601/1186/601 476/1193/476 464/1187/464
vt 0.141200 0.764700
vt 0.139600 0.746300
f 603/1191/603 604/1194/604 606/1195/606
vt 0.138000 0.729300
f 603/1191/603 606/1195/606 605/1196/605
f 603/1191/603 605/1196/605 477/868/477
f 603/1191/603 477/868/477 476/867/476
vt 0.126000 0.706900
f 605/1196/605 607/1197/607 477/872/477
vt 0.124900 0.725100
f 607/1197/607 605/1198/605 167/207/167
vt 0.115000 0.700200
f 607/1197/607 167/207/167 730/1199/730
vt 0.119000 0.682300
f 607/1197/607 730/1199/730 608/1200/608
vt 0.129200 0.690400
f 607/1197/607 608/1201/608 479/873/479
f 607/1197/607 479/873/479 477/872/477
vt 0.133600 0.675200
f 479/1201/479 608/1202/608 480/874/480
f 608/1202/608 483/881/483 480/876/480
vt 0.130200 0.651500
vt 0.124300 0.666200
vt 0.115000 0.656700
f 483/1203/483 608/1204/608 609/1205/609
vt 0.121400 0.641200
f 483/1203/483 609/1205/609 610/1206/610
vt 0.129200 0.627300
f 483/1203/483 610/1206/610 485/1207/485
vt 0.113000 0.630000
vt 0.121700 0.615000
f 485/1207/485 610/1208/610 612/1209/612
vt 0.131700 0.602200
f 485/1207/485 612/1209/612 611/1210/611
f 485/1207/485 611/1210/611 487/888/487
vt 0.114700 0.602000
vt 0.126000 0.588500
f 611/1210/611 612/1211/612 614/1212/614
vt 0.138800 0.577800
f 611/1210/611 614/1212/614 613/1213/613
f 611/1210/611 613/1213/613 488/891/488
f 611/1210/611 488/891/488 487/889/487
vt 0.120700 0.574400
vt 0.134800 0.563700
f 613/1213/613 614/1214/614 616/1215/616
vt 0.150100 0.556400
f 613/1213/613 616/1215/616 615/1216/615
f 613/1213/613 615/1216/615 490/896/490
f 613/1213/613 490/892/490 488/891/488
vt 0.131700 0.549200
vt 0.148500 0.543200
f 615/1216/615 616/1217/616 618/1218/618
vt 0.165700 0.542500
f 615/1216/615 618/1218/618 617/1219/617
f 615/1216/615 617/1219/617 492/899/492
f 615/1216/615 492/897/492 490/896/490
vt 0.148000 0.530900
vt 0.165800 0.530300
f 617/1219/617 618/1220/618 620/1221/620
vt 0.182000 0.531700
f 617/1219/617 620/1221/620 619/1222/619
f 617/1219/617 619/1222/619 494/902/494
f 617/1219/617 494/900/494 492/899/492
f 619/1222/619 496/903/496 494/902/494
vt 0.198100 0.524600
vt 0.182900 0.521800
vt 0.183800 0.514600
f 496/1223/496 619/1224/619 621/1225/621
vt 0.199400 0.516900
f 496/1223/496 621/1225/621 622/1226/622
vt 0.213400 0.522000
f 496/1223/496 622/1226/622 498/1227/498
f 496/1223/496 498/908/498 495/907/495
vt 0.227700 0.524600
vt 0.226500 0.530900
f 498/1227/498 499/1228/499 497/1229/497
vt 0.228800 0.520400
vt 0.214700 0.516900
vt 0.215800 0.513000
f 499/1230/499 498/1231/498 744/1232/744
vt 0.229900 0.516700
f 499/1230/499 744/1232/744 745/1233/745
vt 0.243900 0.520200
f 499/1230/499 745/1233/745 500/1234/500
vt 0.258500 0.521600
vt 0.244800 0.517600
vt 0.245700 0.515000
f 623/1235/623 500/1236/500 746/1237/746
vt 0.272300 0.524200
vt 0.271500 0.526600
f 623/1235/623 748/1238/748 502/1239/502
vt 0.284200 0.531900
f 748/1238/748 501/1240/501 502/1239/502
vt 0.297500 0.534400
f 437/1241/437 624/919/624 436/918/436
vt 0.310400 0.537500
vt 0.298400 0.532100
vt 0.299300 0.529800
f 624/1242/624 437/1243/437 750/1244/750
vt 0.322900 0.540900
f 624/1242/624 625/1245/625 503/921/503
vt 0.311300 0.535200
vt 0.312200 0.532900
f 625/1245/625 624/1246/624 626/1247/626
vt 0.323900 0.538600
f 625/1245/625 626/1247/626 627/1248/627
vt 0.335200 0.544700
f 625/1245/625 627/1248/627 628/1249/628
vt 0.334300 0.546800
f 625/1245/625 628/1249/628 504/1250/504
f 625/1245/625 504/922/504 503/921/503
f 628/1249/628 507/928/507 505/927/505
f 628/1249/628 505/927/505 504/1250/504
vt 0.371100 0.557500
vt 0.361700 0.548600
vt 0.372100 0.555600
f 509/1251/509 508/1252/508 629/1253/629
vt 0.382500 0.562200
f 509/1251/509 629/1253/629 431/1254/431
vt 0.373100 0.553700
vt 0.383500 0.560300
f 431/1254/431 629/1255/629 630/1256/630
vt 0.393900 0.566600
f 431/1254/431 630/1256/630 511/1257/511
vt 0.404200 0.572800
vt 0.403000 0.575000
f 511/1257/511 631/1258/631 510/1259/510
vt 0.405700 0.570100
vt 0.395200 0.564000
vt 0.397100 0.560600
f 631/1260/631 511/1261/511 758/1262/758
vt 0.440300 0.579700
vt 0.453100 0.580200
vt 0.449000 0.586600
f 513/1263/513 633/1264/633 514/1265/514
vt 0.443900 0.573600
vt 0.448400 0.565800
f 633/1264/633 513/1266/513 634/1267/634
vt 0.458000 0.572200
vt 0.467300 0.578700
f 633/1264/633 634/1268/634 635/1269/635
f 633/1264/633 635/1269/635 515/949/515
f 633/1264/633 515/949/515 423/948/423
f 633/1264/633 423/948/423 514/1265/514
vt 0.463100 0.563700
f 635/1269/635 634/1268/634 636/1270/636
vt 0.472600 0.570300
vt 0.481700 0.577200
f 635/1269/635 636/1271/636 637/1272/637
f 635/1269/635 637/1272/637 517/953/517
f 635/1269/635 517/950/517 515/949/515
vt 0.496000 0.575000
f 637/1272/637 638/1273/638 519/957/519
f 637/1272/637 519/954/519 517/953/517
vt 0.487100 0.568600
vt 0.492100 0.559300
f 638/1273/638 637/1274/637 639/1275/639
vt 0.501000 0.565500
vt 0.509900 0.571500
f 638/1273/638 639/1276/639 640/1277/640
vt 0.504500 0.581400
f 638/1273/638 640/1277/640 522/1278/522
f 638/1273/638 522/1278/522 520/958/520
f 638/1273/638 520/958/520 519/957/519
vt 0.523700 0.567400
f 640/1277/640 641/1279/641 522/964/522
vt 0.536800 0.563000
vt 0.528150 0.570200
f 641/1279/641 642/1280/642 1994/1281/1994
f 641/1279/641 523/965/523 522/964/522
vt 0.541200 0.565500
vt 0.541600 0.578300
f 641/1280/641 1994/1282/1994 523/1283/523
vt 0.548900 0.558700
vt 0.550500 0.554200
vt 0.559000 0.559000
f 642/1284/642 770/1285/770 643/1286/643
vt 0.557300 0.564000
f 642/1284/642 643/1286/643 524/1287/524
vt 0.554500 0.572700
f 642/1284/642 524/1287/524 1994/1288/1994
f 643/1286/643 644/971/644 524/970/524
vt 0.580900 0.560400
vt 0.571400 0.555700
vt 0.572900 0.552000
f 644/1289/644 643/1290/643 769/1291/769
vt 0.582300 0.556500
vt 0.592100 0.560700
f 644/1289/644 769/1292/769 646/1293/646
vt 0.590900 0.564700
f 644/1289/644 646/1293/646 525/1294/525
vt 0.583200 0.552900
f 646/1293/646 769/1292/769 645/1295/645
vt 0.602600 0.564700
vt 0.613900 0.568600
vt 0.614200 0.572700
f 646/1296/646 647/1297/647 526/1298/526
vt 0.602100 0.568700
f 646/1296/646 526/1298/526 525/1299/525
vt 0.625200 0.572100
vt 0.625900 0.576900
f 647/1297/647 529/1300/529 528/1301/528
f 647/1297/647 528/1301/528 526/1298/526
vt 0.624300 0.567000
vt 0.613700 0.563700
vt 0.614100 0.559800
f 529/1302/529 647/1303/647 648/1304/648
vt 0.635100 0.566800
vt 0.646200 0.571000
vt 0.645900 0.575300
f 529/1305/529 649/1306/649 530/1307/530
vt 0.635100 0.571000
f 648/1305/648 649/1307/649 529/1308/529
vt 0.651950 0.575200
f 649/1306/649 650/1309/650 530/1307/530
vt 0.257600 0.091100
vt 0.252000 0.098700
vt 0.254900 0.090300
f 651/1310/651 533/1311/533 174/1312/174
vt 0.255000 0.099500
vt 0.257800 0.100100
vt 0.255500 0.108900
f 651/1313/651 652/1314/652 781/1315/781
vt 0.249400 0.107500
f 651/1313/651 781/1316/781 533/1311/533
vt 0.243400 0.116300
vt 0.246100 0.107000
f 781/1316/781 653/1317/653 533/1318/533
vt 0.226700 0.124000
vt 0.222500 0.123100
vt 0.226000 0.112700
f 653/1319/653 654/1320/654 535/1321/535
vt 0.215700 0.121100
f 654/1320/654 655/1322/655 535/998/535
f 655/1322/655 537/999/537 535/998/535
vt 0.206000 0.117900
vt 0.195500 0.114100
vt 0.200800 0.102300
f 655/1323/655 656/1324/656 537/1325/537
vt 0.184000 0.110100
vt 0.189800 0.097600
f 656/1324/656 657/1326/657 658/1327/658
f 656/1324/656 658/1327/658 537/1325/537
vt 0.206600 0.091100
f 658/1327/658 539/1007/539 2033/1328/2033
vt 0.172400 0.106300
f 658/1327/658 657/1326/657 659/1329/659
vt 0.178400 0.092900
vt 0.185100 0.079900
f 658/1327/658 659/1330/659 661/1331/661
vt 0.166900 0.088400
vt 0.173800 0.074600
f 539/1331/539 658/1332/658 661/1333/661
vt 0.181200 0.061300
f 539/1331/539 661/1333/661 660/1334/660
f 660/1334/660 541/1010/541 539/1009/539
vt 0.178000 0.041700
f 660/1334/660 662/1335/662 541/1015/541
f 662/1335/662 542/1016/542 541/1015/541
vt 0.169900 0.055600
vt 0.159500 0.050600
f 662/1335/662 660/1336/660 663/1337/663
vt 0.177000 0.021800
vt 0.187400 0.029400
f 662/1335/662 664/1338/664 542/1339/542
vt 0.732200 0.723300
f 664/1340/664 544/1019/544 542/1018/542
vt 0.167700 0.035700
vt 0.159000 0.031100
f 664/1338/664 662/1341/662 665/1342/665
vt 0.715700 0.734300
f 544/1343/544 546/1023/546 543/1022/543
vt 0.733400 0.734800
vt 0.734300 0.742700
f 544/1343/544 664/1344/664 666/1345/666
vt 0.715500 0.741900
f 544/1343/544 666/1345/666 799/1346/799
vt 0.697300 0.740800
f 544/1343/544 799/1346/799 546/1347/546
vt 0.680400 0.738500
vt 0.682200 0.730300
f 546/1347/546 547/1348/547 545/1349/545
vt 0.678800 0.744600
vt 0.696500 0.746500
vt 0.695600 0.751200
f 547/1350/547 546/1351/546 800/1352/800
vt 0.677600 0.749500
f 547/1350/547 800/1352/800 801/1353/801
vt 0.661200 0.746100
f 547/1350/547 801/1353/801 548/1354/548
vt 0.616600 0.742000
vt 0.628700 0.747600
vt 0.626900 0.751000
f 668/1355/668 549/1356/549 802/1357/802
vt 0.591900 0.735700
vt 0.589900 0.738500
vt 0.586350 0.733900
f 669/1358/669 550/1359/550 804/1360/804
vt 0.580800 0.732100
vt 0.578600 0.734900
vt 0.570200 0.728600
f 669/1361/669 670/1362/670 671/1363/671
vt 0.577200 0.736700
f 671/1363/671 670/1362/670 672/1364/672
vt 0.568500 0.730800
vt 0.560300 0.724800
f 671/1363/671 672/1365/672 673/1366/673
f 671/1363/671 673/1366/673 552/1043/552
vt 0.552500 0.718900
f 673/1366/673 553/1367/553 552/1044/552
vt 0.550600 0.721400
f 673/1366/673 674/1368/674 553/1367/553
f 674/1368/674 555/1050/555 553/1049/553
vt 0.506800 0.697700
vt 0.513100 0.706200
vt 0.511200 0.708800
f 205/1369/205 559/1370/559 675/1371/675
vt 0.504900 0.700200
f 205/1369/205 675/1371/675 676/1372/676
vt 0.498500 0.691100
f 205/1369/205 676/1372/676 210/1373/210
vt 0.503100 0.702600
vt 0.497000 0.693100
f 210/1373/210 676/1374/676 677/1375/677
vt 0.489200 0.684500
f 210/1373/210 677/1375/677 211/1376/211
vt 0.495100 0.695500
vt 0.487600 0.686600
f 211/1376/211 677/1377/677 679/1378/679
vt 0.479800 0.677700
f 211/1376/211 679/1378/679 678/1379/678
vt 0.481400 0.675700
f 211/1376/211 678/1379/678 212/1380/212
vt 0.476500 0.672550
f 678/1379/678 681/1061/681 2024/1381/2024
vt 0.485400 0.689100
vt 0.477700 0.680300
f 678/1379/678 679/1382/679 680/1383/680
vt 0.469700 0.671600
f 678/1379/678 680/1383/680 681/1384/681
vt 0.457600 0.668400
vt 0.444100 0.670900
vt 0.447900 0.663300
f 561/1385/561 682/1386/682 563/1387/563
f 682/1386/682 565/1074/565 562/1073/562
f 682/1386/682 562/1073/562 563/1387/563
vt 0.454200 0.674000
vt 0.450900 0.683100
f 682/1386/682 561/1388/561 1960/1389/1960
vt 0.430900 0.680100
f 682/1386/682 683/1390/683 565/1074/565
f 683/1390/683 567/1077/567 565/1075/565
vt 0.441200 0.681500
vt 0.435050 0.686250
f 683/1390/683 682/1391/682 1995/1392/1995
vt 0.429400 0.689900
vt 0.418000 0.684400
f 683/1390/683 1995/1393/1995 684/1394/684
f 683/1390/683 684/1394/684 567/1077/567
f 684/1394/684 569/1081/569 567/1078/567
vt 0.426800 0.697000
vt 0.416100 0.690400
f 684/1394/684 1995/1395/1995 685/1396/685
f 684/1394/684 685/1396/685 571/1083/571
f 684/1394/684 571/1083/571 569/1081/569
vt 0.422700 0.703700
f 685/1396/685 1995/1395/1995 686/1397/686
f 685/1396/685 686/1397/686 573/1089/573
f 685/1396/685 573/1089/573 571/1087/571
f 686/1397/686 35/1094/35 573/1090/573
vt 0.426500 0.721500
vt 0.431400 0.710900
vt 0.440500 0.715300
f 35/1398/35 686/1399/686 687/1400/687
vt 0.436500 0.726400
f 35/1398/35 687/1401/687 36/43/36
vt 0.446900 0.728500
vt 0.444100 0.740400
f 687/1401/687 688/1402/688 689/1403/689
f 687/1401/687 689/1403/689 36/43/36
vt 0.457900 0.728000
f 689/1403/689 688/1402/688 690/1404/690
vt 0.455900 0.738800
vt 0.454700 0.750200
f 689/1403/689 690/1405/690 691/1406/691
vt 0.442800 0.752300
f 689/1403/689 691/1407/691 37/44/37
f 689/1403/689 37/44/37 36/43/36
vt 0.430300 0.767600
f 691/1407/691 1984/1408/1984 37/44/37
vt 0.442700 0.765200
vt 0.454800 0.762500
vt 0.456000 0.775500
f 1984/1409/1984 691/1410/691 692/1411/692
vt 0.443500 0.779300
vt 0.431900 0.783300
f 1984/1409/1984 692/1412/692 693/1413/693
vt 0.421000 0.786800
vt 0.423800 0.802000
vt 0.415300 0.806500
f 693/1414/693 821/1415/821 126/1416/126
vt 0.411200 0.790600
f 693/1414/693 126/1416/126 695/1417/695
vt 0.406700 0.774100
f 693/1414/693 695/1417/695 38/1418/38
vt 0.412400 0.772100
f 693/1414/693 38/1418/38 1984/1419/1984
vt 0.397000 0.777900
vt 0.391000 0.763600
vt 0.402000 0.758900
f 38/1420/38 694/1421/694 34/1422/34
vt 0.396800 0.795700
vt 0.391800 0.780000
f 38/1420/38 695/1423/695 696/1424/696
vt 0.385800 0.766300
f 38/1420/38 696/1424/696 694/1425/694
vt 0.386500 0.781800
vt 0.380900 0.768500
f 694/1425/694 696/1426/696 850/1427/850
vt 0.375000 0.756000
f 694/1425/694 850/1427/850 576/1428/576
vt 0.371000 0.758000
vt 0.362200 0.747600
vt 0.365800 0.745900
f 850/1429/850 697/1430/697 576/1431/576
vt 0.359700 0.733900
f 697/1430/697 236/1432/236 576/1431/576
vt 0.352800 0.738200
vt 0.348900 0.740600
vt 0.341500 0.730800
f 236/1433/236 697/1434/697 698/1435/698
vt 0.345300 0.727100
f 236/1433/236 698/1435/698 577/1436/577
f 698/1435/698 579/1110/579 577/1109/577
vt 0.329700 0.725200
vt 0.337900 0.734000
vt 0.334300 0.737000
f 699/1437/699 698/1438/698 844/1439/844
vt 0.326600 0.728800
f 579/1437/579 698/1439/698 699/1440/699
vt 0.318300 0.720600
f 579/1437/579 699/1440/699 580/1441/580
vt 0.307300 0.717600
vt 0.305000 0.722500
vt 0.300900 0.719550
f 580/1442/580 699/1443/699 842/1444/842
vt 0.296800 0.716600
vt 0.298800 0.711300
f 580/1442/580 700/1445/700 581/1446/581
vt 0.288400 0.711200
vt 0.290100 0.705900
f 700/1445/700 582/1447/582 581/1448/581
vt 0.276400 0.719400
f 701/1449/701 583/1123/583 582/1122/582
vt 0.266100 0.722700
vt 0.263000 0.729600
vt 0.255500 0.725800
f 701/1450/701 586/1451/586 584/1452/584
vt 0.258700 0.719300
f 701/1450/701 584/1452/584 583/1453/583
vt 0.267000 0.740700
vt 0.274700 0.745300
vt 0.270800 0.752400
f 586/1454/586 702/1455/702 590/1456/590
vt 0.282500 0.749900
vt 0.290500 0.754800
vt 0.286800 0.762300
f 702/1457/702 1998/1458/1998 591/1459/591
vt 0.278800 0.757400
f 702/1457/702 591/1459/591 590/1460/590
vt 0.298500 0.759800
vt 0.295100 0.767500
f 1998/1458/1998 703/1461/703 591/1462/591
vt 0.303500 0.772700
f 703/1461/703 592/1463/592 591/1462/591
vt 0.314500 0.769700
vt 0.319800 0.782200
vt 0.311900 0.777800
f 703/1464/703 840/1465/840 592/1466/592
vt 0.315200 0.789600
vt 0.307500 0.785100
f 840/1465/840 593/1467/593 592/1468/592
vt 0.328100 0.796800
vt 0.332500 0.788200
vt 0.337800 0.790300
f 593/1469/593 840/1470/840 704/1471/704
vt 0.326000 0.807800
vt 0.330700 0.810700
vt 0.319300 0.817900
f 593/1472/593 704/1473/704 838/1474/838
vt 0.315800 0.814500
f 593/1472/593 838/1474/838 594/1475/594
vt 0.306200 0.822700
vt 0.293100 0.824700
vt 0.291700 0.820500
f 594/1476/594 705/1477/705 595/1478/595
vt 0.281100 0.824200
vt 0.280700 0.820000
f 705/1477/705 2031/1479/2031 595/1480/595
vt 0.246200 0.820400
vt 0.244100 0.823900
vt 0.233900 0.818100
f 2031/1481/2031 706/1482/706 707/1483/707
vt 0.236300 0.814600
f 2031/1481/2031 707/1483/707 596/1484/596
vt 0.224300 0.811600
vt 0.227100 0.808200
f 707/1483/707 597/1485/597 596/1486/596
vt 0.208900 0.810700
vt 0.205300 0.814500
vt 0.196100 0.805100
f 597/1487/597 708/1488/708 598/1489/598
vt 0.189400 0.811000
vt 0.180300 0.799700
f 598/1489/598 708/1490/708 600/1491/600
vt 0.187800 0.795100
vt 0.192200 0.792200
f 598/1489/598 600/1492/600 475/1493/475
vt 0.182000 0.817800
f 600/1491/600 708/1490/708 709/1494/709
vt 0.171600 0.805400
vt 0.162900 0.792400
f 600/1491/600 709/1495/709 710/1496/710
vt 0.163700 0.811700
vt 0.153700 0.798200
f 710/1496/710 709/1497/709 712/1498/712
vt 0.145900 0.782500
f 602/1496/602 710/1498/710 711/1499/711
f 710/1496/710 712/1499/712 711/1189/711
f 710/1496/710 602/1189/602 599/1188/599
vt 0.172500 0.788000
f 710/1496/710 599/1188/599 600/1500/600
vt 0.129100 0.767300
f 711/1499/711 713/1501/713 604/1194/604
f 711/1499/711 604/1190/604 602/1189/602
vt 0.135700 0.787700
vt 0.126300 0.791800
f 713/1501/713 711/1502/711 714/1503/714
f 713/1501/713 606/1195/606 604/1194/604
vt 0.126900 0.814600
vt 0.118500 0.794000
f 714/1503/714 715/1504/715 716/1505/716
vt 0.110100 0.770700
f 714/1503/714 716/1505/716 164/1506/164
vt 0.118200 0.768800
f 714/1503/714 164/1506/164 713/1507/713
vt 0.145000 0.804100
f 714/1503/714 711/1502/711 712/1508/712
vt 0.136000 0.809600
f 714/1503/714 712/1508/712 715/1509/715
vt 0.117800 0.819500
f 716/1505/716 715/1504/715 1980/1510/1980
vt 0.110400 0.799000
vt 0.109500 0.812000
vt 0.101700 0.805700
f 716/1511/716 1980/1512/1980 717/1513/717
vt 0.094600 0.786500
f 716/1511/716 717/1513/717 718/1514/718
vt 0.102700 0.777900
f 716/1511/716 718/1514/718 164/1515/164
vt 0.085200 0.795700
vt 0.078000 0.780200
f 718/1514/718 719/1516/719 720/1517/720
vt 0.086800 0.769300
f 718/1514/718 720/1517/720 721/1518/721
vt 0.094350 0.772150
f 718/1514/718 721/1519/721 164/1515/164
vt 0.070500 0.766900
f 721/1518/721 720/1517/720 722/1520/722
vt 0.078900 0.755300
f 721/1518/721 722/1520/722 723/1521/723
f 721/1518/721 723/203/723 165/202/165
vt 0.061900 0.755900
f 723/1521/723 722/1520/722 724/1522/724
vt 0.074200 0.730500
vt 0.069300 0.744700
vt 0.058700 0.733200
f 725/1523/725 723/1524/723 726/1525/726
vt 0.078200 0.714200
f 725/1523/725 1981/1526/1981 1979/204/1979
f 725/1523/725 1979/204/1979 723/203/723
vt 0.092500 0.705700
f 1981/1526/1981 166/1527/166 1979/204/1979
vt 0.082100 0.695100
vt 0.079000 0.679750
vt 0.086000 0.674900
f 166/1528/166 1982/1529/1982 728/1530/728
vt 0.095700 0.684700
vt 0.100100 0.665000
vt 0.109400 0.673800
f 728/1531/728 1983/1532/1983 729/1533/729
vt 0.105000 0.692700
f 728/1531/728 729/1533/729 730/1534/730
vt 0.099050 0.699950
f 728/1531/728 730/1534/730 166/1535/166
f 730/1534/730 729/1533/729 608/1200/608
vt 0.105700 0.646700
f 729/1533/729 1983/1532/1983 731/1536/731
f 729/1533/729 731/1536/731 609/1205/609
f 729/1533/729 609/1204/609 608/1200/608
vt 0.090500 0.655000
vt 0.096800 0.636000
f 731/1536/731 1983/1537/1983 733/1538/733
vt 0.104900 0.618300
f 731/1536/731 733/1538/733 732/1539/732
f 731/1536/731 732/1539/732 610/1208/610
f 731/1536/731 610/1206/610 609/1205/609
vt 0.088200 0.624800
vt 0.097300 0.605900
f 732/1539/732 733/1540/733 735/1541/735
vt 0.108000 0.588400
f 732/1539/732 735/1541/735 734/1542/734
f 732/1539/732 734/1542/734 612/1211/612
f 732/1539/732 612/1209/612 610/1208/610
vt 0.090000 0.593200
vt 0.102100 0.574300
f 734/1542/734 735/1543/735 737/1544/737
vt 0.116000 0.559200
f 734/1542/734 737/1544/737 736/1545/736
f 734/1542/734 736/1545/736 614/1214/614
f 734/1542/734 614/1212/614 612/1211/612
vt 0.096900 0.560800
vt 0.112700 0.544100
f 736/1545/736 737/1546/737 739/1547/739
vt 0.129700 0.535000
f 736/1545/736 739/1547/739 738/1548/738
f 736/1545/736 738/1548/738 616/1217/616
f 736/1545/736 616/1215/616 614/1214/614
vt 0.110600 0.531300
vt 0.129500 0.523700
f 738/1548/738 739/1549/739 741/1550/741
vt 0.148300 0.520400
f 738/1548/738 741/1550/741 740/1551/740
f 738/1548/738 740/1551/740 618/1220/618
f 738/1548/738 618/1218/618 616/1217/616
vt 0.129900 0.514500
vt 0.149100 0.512800
f 740/1551/740 741/1552/741 888/1553/888
vt 0.167000 0.513500
f 740/1551/740 888/1553/888 742/1554/742
vt 0.166300 0.520600
f 740/1551/740 742/1554/742 620/1555/620
f 740/1551/740 620/1221/620 618/1220/618
vt 0.184700 0.509200
f 742/1554/742 743/1556/743 621/1225/621
f 620/1554/620 621/1225/621 619/1224/619
f 742/1554/742 621/1224/621 620/1555/620
vt 0.168100 0.507300
vt 0.168900 0.503800
f 743/1556/743 742/1557/742 889/1558/889
f 743/1556/743 622/1226/622 621/1225/621
vt 0.201200 0.508600
f 622/1559/622 744/1232/744 498/1231/498
vt 0.216700 0.510000
vt 0.202000 0.505800
vt 0.202900 0.503000
f 744/1560/744 622/1561/622 890/1562/890
vt 0.231800 0.511100
f 745/1563/745 746/1237/746 500/1236/500
vt 0.261100 0.514300
vt 0.248700 0.507300
vt 0.262100 0.511800
f 623/1564/623 746/1565/746 747/1566/747
vt 0.275100 0.516700
vt 0.274100 0.519400
f 623/1564/623 747/1567/747 748/1568/748
vt 0.287800 0.522000
vt 0.286800 0.524500
f 748/1568/748 749/1569/749 501/1570/501
vt 0.300300 0.527300
f 501/1570/501 749/1569/749 750/1571/750
f 501/1570/501 750/1244/750 437/1243/437
vt 0.288500 0.519900
f 750/1571/750 749/1569/749 751/1572/751
vt 0.301200 0.525000
f 750/1571/750 751/1572/751 752/1573/752
vt 0.313300 0.530500
f 750/1571/750 752/1573/752 753/1574/753
f 750/1571/750 753/1574/753 626/1247/626
f 750/1571/750 626/1247/626 624/1246/624
f 753/1574/753 627/1248/627 626/1247/626
vt 0.325900 0.534100
vt 0.315200 0.526100
vt 0.326800 0.532000
f 627/1575/627 753/1576/753 899/1577/899
vt 0.338300 0.538200
f 627/1575/627 899/1577/899 754/1578/754
vt 0.337300 0.540300
f 627/1575/627 754/1578/754 628/1579/628
vt 0.344550 0.540200
vt 0.349700 0.544300
f 754/1578/754 2034/1580/2034 507/1581/507
vt 0.348600 0.546400
f 754/1578/754 507/1582/507 628/1579/628
vt 0.350800 0.542200
vt 0.351900 0.540100
vt 0.362900 0.546500
f 2034/1583/2034 901/1584/901 755/1585/755
vt 0.360500 0.550700
f 2034/1583/2034 508/1586/508 507/1581/507
vt 0.374300 0.551500
vt 0.365600 0.541500
vt 0.376000 0.548200
f 629/1587/629 755/1588/755 756/1589/756
vt 0.386500 0.554700
f 629/1587/629 756/1589/756 630/1590/630
f 630/1590/630 758/1262/758 511/1261/511
vt 0.399100 0.557000
vt 0.388500 0.550800
vt 0.391100 0.546100
f 758/1591/758 630/1592/630 757/1593/757
vt 0.411600 0.559500
vt 0.404500 0.547000
vt 0.414600 0.554000
f 631/1594/631 758/1595/758 759/1596/759
vt 0.424500 0.560800
f 631/1594/631 759/1596/759 761/1597/761
vt 0.418700 0.546500
vt 0.428700 0.553300
f 632/1597/632 631/1598/631 761/1599/761
vt 0.438700 0.559400
vt 0.436450 0.563400
f 632/1597/632 761/1600/761 760/1601/760
vt 0.433500 0.544700
vt 0.443500 0.550900
f 760/1600/760 761/1602/761 763/1603/763
vt 0.453600 0.557100
f 760/1600/760 763/1603/763 762/1604/762
f 760/1600/760 762/1604/762 634/1267/634
f 760/1600/760 634/1267/634 513/1266/513
vt 0.434200 0.567400
f 760/1600/760 513/1266/513 512/1605/512
f 762/1604/762 636/1270/636 634/1268/634
vt 0.468400 0.555000
vt 0.458500 0.548700
vt 0.463500 0.540300
f 636/1606/636 762/1607/762 764/1608/764
vt 0.473300 0.546600
vt 0.482900 0.552900
f 636/1606/636 764/1609/764 765/1610/765
vt 0.477800 0.561800
f 636/1606/636 765/1610/765 637/1611/637
vt 0.478300 0.537900
f 765/1610/765 764/1609/764 766/1612/766
vt 0.487700 0.544000
vt 0.497000 0.549900
f 765/1610/765 766/1613/766 639/1614/639
f 765/1610/765 639/1275/639 637/1274/637
vt 0.510400 0.546500
vt 0.505900 0.555800
f 639/1614/639 767/1615/767 640/1616/640
vt 0.522500 0.544700
vt 0.533600 0.544400
vt 0.531200 0.549900
f 768/1617/768 913/1618/913 642/1619/642
vt 0.527800 0.557700
f 768/1617/768 642/1619/642 641/1620/641
vt 0.542100 0.549200
vt 0.540100 0.554200
f 913/1618/913 770/1621/770 642/1622/642
vt 0.553600 0.546500
vt 0.563700 0.547300
vt 0.562200 0.551000
f 770/1623/770 769/1624/769 643/1625/643
vt 0.565200 0.544100
vt 0.574000 0.548700
f 769/1624/769 770/1626/770 645/1627/645
vt 0.584500 0.549200
vt 0.585800 0.545400
vt 0.595200 0.549000
f 645/1628/645 915/1629/915 771/1630/771
vt 0.594000 0.553000
vt 0.603900 0.556500
vt 0.603000 0.560400
f 771/1631/771 772/1632/772 646/1633/646
vt 0.592800 0.556800
f 771/1631/771 646/1633/646 645/1634/645
vt 0.604900 0.552600
vt 0.614600 0.555900
f 772/1632/772 771/1635/771 773/1636/773
f 772/1632/772 773/1636/773 648/1304/648
f 772/1632/772 648/1304/648 647/1303/647
f 772/1632/772 647/1303/647 646/1633/646
vt 0.605900 0.548200
f 774/1636/774 771/1635/771 920/1637/920
vt 0.615100 0.551500
f 773/1636/773 771/1637/771 774/1638/774
vt 0.624800 0.554300
f 773/1636/773 774/1638/774 775/1639/775
vt 0.624600 0.558600
f 773/1636/773 775/1639/775 649/1640/649
vt 0.624400 0.562800
f 773/1636/773 649/1640/649 648/1641/648
vt 0.635600 0.558300
vt 0.646800 0.561500
vt 0.646300 0.566600
f 775/1642/775 650/1643/650 649/1644/649
vt 0.658200 0.558900
vt 0.658100 0.554600
vt 0.668000 0.556100
f 650/1645/650 922/1646/922 776/1647/776
vt 0.658000 0.550200
vt 0.668000 0.551600
f 776/1647/776 922/1648/922 777/1649/777
vt 0.677500 0.553400
f 776/1647/776 777/1649/777 778/1650/778
vt 0.677600 0.562600
vt 0.668200 0.561000
f 776/1647/776 531/1651/531 650/1652/650
vt 0.278200 0.055900
vt 0.280600 0.056200
vt 0.277200 0.064200
f 776/1653/776 778/1654/778 779/1655/779
vt 0.274300 0.063400
vt 0.271400 0.062300
f 776/1653/776 779/1656/779 531/1657/531
vt 0.267700 0.069400
f 779/1656/779 173/1658/173 531/1657/531
vt 0.267400 0.077200
vt 0.262400 0.083800
vt 0.264800 0.076500
f 779/1659/779 174/1660/174 173/1661/173
vt 0.264900 0.084400
vt 0.262500 0.092000
vt 0.260200 0.091700
f 779/1662/779 780/1663/780 651/1664/651
f 779/1662/779 651/1664/651 174/1660/174
f 780/1663/780 652/1314/652 651/1664/651
vt 0.260100 0.100400
f 780/1665/780 781/1315/781 652/1314/652
vt 0.248000 0.127100
vt 0.242200 0.136400
vt 0.244400 0.126500
f 781/1666/781 782/1667/782 653/1668/653
vt 0.235900 0.146600
vt 0.238400 0.136100
f 782/1667/782 783/1669/783 653/1670/653
vt 0.222100 0.145900
vt 0.217600 0.145400
vt 0.219800 0.134000
f 783/1671/783 784/1672/784 654/1673/654
vt 0.224200 0.134800
f 783/1671/783 654/1673/654 653/1674/653
vt 0.209700 0.144200
vt 0.198900 0.141800
vt 0.200600 0.135750
f 784/1675/784 785/1676/785 786/1677/786
vt 0.202300 0.129700
vt 0.212400 0.132400
f 784/1675/784 655/1678/655 654/1679/654
vt 0.195600 0.154000
vt 0.183500 0.151700
f 788/1676/788 785/1680/785 787/1681/787
vt 0.191200 0.126500
f 786/1676/786 656/1682/656 655/1678/655
vt 0.187200 0.139100
vt 0.171200 0.149400
vt 0.175200 0.136200
f 786/1683/786 785/1684/785 788/1685/788
vt 0.179400 0.123100
f 656/1683/656 786/1685/786 657/1686/657
f 786/1683/786 788/1686/788 657/1682/657
vt 0.158800 0.147300
f 788/1685/788 787/1684/787 789/1687/789
vt 0.162900 0.133500
vt 0.167400 0.120000
f 788/1685/788 789/1688/789 790/1689/790
f 788/1685/788 790/1689/790 657/1686/657
f 790/1689/790 659/1329/659 657/1326/657
vt 0.150600 0.131100
f 790/1689/790 789/1688/789 791/1690/791
vt 0.155300 0.116900
vt 0.160800 0.102700
f 790/1689/790 791/1691/791 792/1692/792
f 790/1689/790 792/1692/792 659/1329/659
vt 0.143500 0.114100
f 792/1692/792 791/1691/791 793/1693/793
vt 0.149300 0.099100
f 792/1692/792 793/1693/793 795/1694/795
vt 0.155600 0.084400
f 792/1692/792 795/1694/795 794/1695/794
f 792/1692/792 794/1695/794 659/1332/659
f 794/1695/794 661/1333/661 659/1332/659
vt 0.152000 0.065600
vt 0.162300 0.069700
f 794/1695/794 796/1696/796 661/1697/661
f 661/1696/661 796/1337/796 660/1336/660
f 796/1696/796 663/1336/663 660/1697/660
vt 0.144900 0.080600
vt 0.135100 0.077400
f 796/1696/796 794/1698/794 797/1699/797
vt 0.143400 0.062200
f 796/1696/796 797/1699/797 798/1700/798
vt 0.151000 0.046800
f 796/1696/796 798/1700/798 663/1701/663
f 663/1701/663 665/1342/665 662/1341/662
vt 0.136200 0.059600
vt 0.145100 0.044300
f 663/1701/663 798/1702/798 943/1703/943
vt 0.152900 0.028000
f 663/1701/663 943/1703/943 665/1704/665
vt 0.162100 0.012200
vt 0.168200 0.015900
f 665/1704/665 666/1705/666 664/1706/664
vt 0.157300 0.009300
vt 0.148200 0.025900
vt 0.144300 0.024200
f 666/1707/666 665/1708/665 944/1709/944
vt 0.715000 0.752400
f 799/1710/799 800/1352/800 546/1351/546
vt 0.735200 0.754900
vt 0.735600 0.760000
f 799/1710/799 666/1711/666 945/1712/945
vt 0.640200 0.756900
f 667/1713/667 802/1357/802 549/1356/549
vt 0.638500 0.760300
vt 0.625100 0.754300
f 667/1713/667 948/1714/948 802/1715/802
vt 0.611000 0.751200
vt 0.621300 0.760700
vt 0.609000 0.754200
f 668/1716/668 802/1717/802 803/1718/803
vt 0.597900 0.747700
f 668/1716/668 803/1718/803 804/1719/804
vt 0.599900 0.744900
f 668/1716/668 804/1719/804 550/1720/550
vt 0.607800 0.755800
f 804/1719/804 803/1718/803 805/1721/805
vt 0.596700 0.749200
f 804/1719/804 805/1721/805 806/1722/806
vt 0.586500 0.742900
vt 0.587800 0.741300
f 804/1719/804 806/1723/806 670/1724/670
vt 0.581850 0.739800
f 806/1723/806 1997/1725/1997 670/1362/670
vt 0.553600 0.733000
vt 0.561500 0.739300
vt 0.558800 0.742400
f 673/1726/673 672/1727/672 807/1728/807
vt 0.551300 0.735700
vt 0.543900 0.729300
f 673/1726/673 807/1729/807 674/1730/674
vt 0.534700 0.725400
vt 0.541300 0.732100
vt 0.538100 0.735600
f 555/1731/555 674/1732/674 809/1733/809
vt 0.525300 0.721800
vt 0.526600 0.720300
f 555/1731/555 809/1734/809 808/1735/808
vt 0.521400 0.711600
vt 0.527900 0.718800
f 808/1734/808 558/1736/558 556/1737/556
vt 0.516700 0.717200
vt 0.519200 0.714200
f 808/1734/808 810/1738/810 558/1739/558
f 558/1738/558 675/1371/675 559/1370/559
f 810/1738/810 675/1370/675 558/1739/558
vt 0.508500 0.712000
f 810/1738/810 811/1740/811 675/1371/675
f 811/1740/811 676/1372/676 675/1371/675
vt 0.500300 0.706000
vt 0.495900 0.710500
vt 0.491800 0.699200
f 676/1741/676 811/1742/811 812/1743/812
f 676/1741/676 812/1743/812 677/1377/677
f 812/1743/812 813/1378/813 677/1377/677
vt 0.482500 0.692300
vt 0.479200 0.709600
vt 0.477100 0.697600
f 679/1744/679 677/1745/677 813/1746/813
vt 0.472100 0.686700
f 679/1744/679 813/1746/813 680/1747/680
vt 0.469600 0.703200
f 680/1747/680 813/1746/813 14/1748/14
vt 0.465400 0.693600
f 680/1747/680 14/1748/14 13/1749/13
vt 0.459500 0.686100
vt 0.463900 0.679100
f 680/1747/680 13/1750/13 681/1751/681
vt 0.470000 0.714500
f 813/1746/813 812/1745/812 814/1752/814
f 813/1746/813 814/1752/814 14/1748/14
vt 0.479700 0.721500
f 814/1752/814 812/1745/812 815/1753/815
vt 0.469200 0.725400
f 814/1752/814 815/1754/815 690/1404/690
vt 0.459900 0.717200
f 814/1755/814 690/1404/690 688/1402/688
vt 0.450000 0.717400
f 14/1755/14 688/1756/688 15/19/15
f 814/1755/814 688/19/688 14/18/14
vt 0.467600 0.736200
vt 0.478800 0.733200
vt 0.477600 0.744800
f 690/1757/690 815/1758/815 816/1759/816
vt 0.465600 0.747500
f 690/1757/690 816/1760/816 691/1406/691
vt 0.465000 0.759700
f 816/1760/816 817/1761/817 691/1410/691
vt 0.466600 0.771400
f 817/1761/817 818/1762/818 692/1411/692
f 817/1761/817 692/1411/692 691/1410/691
vt 0.471400 0.781200
vt 0.458600 0.787200
f 818/1762/818 820/1763/820 819/1764/819
f 818/1762/818 819/1764/819 692/1411/692
vt 0.461400 0.797600
vt 0.446700 0.805100
f 819/1764/819 820/1765/820 821/1766/821
vt 0.444400 0.793100
f 819/1764/819 821/1766/821 693/1767/693
f 819/1764/819 693/1767/693 692/1412/692
vt 0.465400 0.806300
f 821/1766/821 820/1765/820 823/1768/823
vt 0.452400 0.813200
vt 0.443400 0.821700
f 821/1766/821 823/1769/823 822/1770/822
vt 0.428100 0.817700
f 822/1771/822 126/1416/126 821/1415/821
vt 0.458800 0.821300
vt 0.471000 0.813600
vt 0.478500 0.820200
f 822/1772/822 823/1773/823 824/1774/824
vt 0.495100 0.833200
vt 0.503700 0.839800
vt 0.489500 0.848800
f 824/1775/824 2035/1776/2035 144/1777/144
vt 0.294200 0.903600
vt 0.282400 0.901200
vt 0.295500 0.883300
f 826/1778/826 827/1779/827 171/1780/171
vt 0.268900 0.898400
vt 0.280200 0.882400
f 827/1779/827 829/1781/829 828/1782/828
f 827/1779/827 828/1782/828 171/1780/171
vt 0.263900 0.880400
vt 0.254900 0.894400
vt 0.240900 0.889200
f 828/1783/828 829/1784/829 830/1785/830
vt 0.248700 0.876900
vt 0.255100 0.864500
f 828/1783/828 830/1786/830 831/1787/831
vt 0.272000 0.867000
vt 0.293800 0.866600
f 828/1783/828 831/1788/831 832/1789/832
vt 0.275900 0.856500
vt 0.294100 0.856000
f 831/1788/831 833/1790/833 834/1791/834
f 831/1788/831 834/1791/834 832/1789/832
vt 0.318300 0.856000
f 834/1791/834 835/1792/835 832/1789/832
vt 0.339900 0.781300
f 839/1793/839 704/1471/704 840/1470/840
vt 0.334700 0.779500
vt 0.334800 0.772000
f 839/1793/839 840/1794/840 77/1795/77
vt 0.304500 0.745400
vt 0.309200 0.757300
vt 0.305400 0.754750
f 842/1796/842 841/1797/841 1998/1798/1998
vt 0.293800 0.747300
vt 0.296800 0.740200
f 842/1796/842 1998/1799/1998 843/1800/843
vt 0.299700 0.733700
vt 0.302500 0.727700
vt 0.310300 0.733900
f 843/1801/843 700/1802/700 842/1803/842
vt 0.289100 0.735300
vt 0.284200 0.723700
vt 0.290550 0.731900
f 843/1804/843 701/1805/701 700/1806/700
vt 0.286000 0.742500
f 843/1804/843 1998/1799/1998 702/1807/702
vt 0.278200 0.738000
vt 0.281400 0.730700
f 843/1804/843 702/1808/702 701/1809/701
vt 0.327900 0.743200
vt 0.320600 0.736300
vt 0.323400 0.732500
f 844/1810/844 842/1811/842 699/1812/699
vt 0.331400 0.752300
vt 0.324900 0.746500
f 844/1810/844 841/1813/841 842/1814/842
vt 0.338100 0.747600
vt 0.348000 0.753500
vt 0.344500 0.754900
f 844/1815/844 845/1816/845 841/1817/841
vt 0.341400 0.745300
vt 0.345100 0.743000
f 845/1816/845 844/1818/844 697/1819/697
vt 0.353500 0.762900
vt 0.357100 0.773500
vt 0.353300 0.773700
f 845/1820/845 846/1821/846 77/1822/77
vt 0.349800 0.763900
f 845/1820/845 77/1822/77 841/1823/841
vt 0.354200 0.784100
f 846/1821/846 839/1824/839 77/1822/77
vt 0.362800 0.784700
vt 0.357300 0.795700
vt 0.358700 0.784600
f 846/1825/846 837/1826/837 839/1827/839
vt 0.361800 0.826900
vt 0.374200 0.812600
vt 0.383500 0.814300
f 836/1828/836 837/1829/837 848/1830/848
vt 0.370500 0.829900
vt 0.341700 0.844100
f 836/1828/836 848/1831/848 847/1832/847
vt 0.338900 0.839700
f 836/1828/836 847/1832/847 838/1833/838
vt 0.324800 0.860700
f 847/1832/847 172/1834/172 835/1792/835
vt 0.316200 0.849800
f 847/1832/847 835/1835/835 838/1833/838
vt 0.377400 0.831900
vt 0.399000 0.814100
vt 0.388200 0.832700
f 848/1836/848 126/1837/126 822/1838/822
vt 0.354400 0.849000
f 848/1836/848 822/1838/822 170/1839/170
vt 0.348800 0.846800
f 848/1836/848 170/1839/170 847/1840/847
vt 0.392200 0.815200
f 848/1841/848 695/1423/695 126/1837/126
vt 0.383900 0.797600
vt 0.390900 0.796700
f 848/1841/848 849/1842/849 695/1843/695
f 849/1842/849 696/1426/696 695/1843/695
f 849/1842/849 848/1830/848 837/1829/837
vt 0.376300 0.797700
vt 0.374900 0.784300
f 849/1842/849 837/1844/837 846/1845/846
vt 0.380300 0.783200
f 849/1842/849 846/1845/846 696/1846/696
vt 0.371300 0.771600
vt 0.375900 0.770400
f 846/1845/846 850/1847/850 696/1848/696
vt 0.360400 0.761500
vt 0.360800 0.773200
vt 0.357100 0.762300
f 850/1849/850 846/1850/846 845/1851/845
vt 0.351700 0.752200
f 850/1849/850 845/1851/845 697/1852/697
f 844/1818/844 698/1438/698 697/1819/697
vt 0.325300 0.759400
vt 0.330000 0.769500
vt 0.323600 0.766000
f 841/1853/841 77/1854/77 703/1855/703
vt 0.343100 0.792100
vt 0.347900 0.793500
vt 0.343300 0.803800
f 839/1856/839 837/1857/837 704/1858/704
vt 0.347800 0.805600
vt 0.338900 0.815800
f 704/1858/704 837/1859/837 836/1860/836
vt 0.334900 0.813400
f 704/1858/704 836/1860/836 838/1861/838
vt 0.325400 0.824100
vt 0.309800 0.830100
vt 0.308100 0.826600
f 838/1862/838 851/1863/851 594/1864/594
vt 0.294000 0.829000
f 851/1863/851 705/1865/705 594/1864/594
vt 0.295100 0.836400
vt 0.280600 0.835700
vt 0.281100 0.832000
f 851/1866/851 852/1867/852 705/1868/705
vt 0.268600 0.829300
f 852/1867/852 2031/1869/2031 705/1868/705
vt 0.267600 0.832900
vt 0.255400 0.828900
vt 0.256800 0.825300
f 852/1870/852 706/1871/706 2031/1872/2031
vt 0.239700 0.831300
vt 0.225500 0.829800
vt 0.228400 0.825500
f 706/1873/706 853/1874/853 707/1875/707
vt 0.237300 0.835300
vt 0.233300 0.843900
f 853/1874/853 706/1876/706 982/1877/982
vt 0.220800 0.837900
f 853/1874/853 982/1877/982 854/1878/854
vt 0.209600 0.830800
vt 0.214900 0.822900
f 853/1874/853 854/1879/854 708/1880/708
vt 0.218300 0.818600
f 853/1874/853 708/1880/708 597/1881/597
f 853/1874/853 597/1881/597 707/1875/707
vt 0.203400 0.840600
vt 0.192700 0.830000
f 854/1879/854 855/1882/855 856/1883/856
vt 0.199300 0.821700
f 854/1879/854 856/1883/856 708/1884/708
vt 0.196200 0.849300
vt 0.184800 0.837500
f 856/1883/856 855/1885/855 858/1886/858
vt 0.174400 0.824500
f 856/1883/856 858/1886/858 857/1887/857
f 856/1883/856 857/1887/857 709/1494/709
f 856/1883/856 709/1494/709 708/1490/708
vt 0.155400 0.818100
vt 0.165900 0.831300
vt 0.156900 0.837800
f 859/1888/859 857/1889/857 860/1890/860
f 859/1888/859 715/1509/715 712/1508/712
vt 0.159550 0.814900
f 859/1888/859 712/1498/712 857/1891/857
vt 0.146400 0.824200
vt 0.147400 0.844100
vt 0.137000 0.830000
f 859/1892/859 860/1893/860 861/1894/861
f 859/1892/859 861/1894/861 715/1504/715
vt 0.137400 0.850300
f 861/1894/861 860/1893/860 862/1895/862
f 861/1894/861 1980/1510/1980 715/1504/715
vt 0.127300 0.835800
vt 0.127200 0.856800
vt 0.117400 0.841900
f 861/1896/861 862/1897/862 863/1898/863
vt 0.108600 0.825000
f 861/1896/861 863/1898/863 1980/1899/1980
vt 0.117100 0.863900
f 863/1898/863 862/1897/862 864/1900/864
vt 0.107300 0.848600
f 863/1898/863 864/1900/864 866/1901/866
vt 0.099000 0.831400
f 863/1898/863 866/1901/866 865/1902/865
f 863/1898/863 865/1902/865 1980/1899/1980
vt 0.097600 0.856100
vt 0.089200 0.838900
f 865/1902/865 866/1903/866 868/1904/868
vt 0.082500 0.821500
f 865/1902/865 868/1904/868 867/1905/867
vt 0.092000 0.813300
f 865/1902/865 867/1905/867 717/1906/717
f 865/1902/865 717/1513/717 1980/1899/1980
vt 0.065200 0.812900
vt 0.075400 0.804900
f 867/1905/867 869/1907/869 719/1908/719
f 867/1905/867 719/1516/719 717/1906/717
vt 0.058300 0.798300
f 719/1908/719 869/1907/869 870/1909/870
vt 0.068300 0.789900
f 719/1908/719 870/1909/870 720/1910/720
vt 0.051300 0.784900
f 720/1910/720 870/1909/870 871/1911/871
vt 0.060900 0.777400
f 720/1910/720 871/1912/871 722/1520/722
vt 0.053100 0.765800
f 871/1912/871 169/1913/169 724/1522/724
f 871/1912/871 724/1522/724 722/1520/722
vt 0.043900 0.772900
vt 0.043600 0.789800
f 169/1914/169 871/1911/871 1000/1915/1000
vt 0.030000 0.763500
vt 0.036300 0.776900
vt 0.030800 0.779200
f 169/1916/169 1000/1917/1000 1102/1918/1102
vt 0.025200 0.764600
vt 0.021800 0.748200
f 168/1916/168 1102/1919/1102 1101/1920/1101
vt 0.026100 0.748100
vt 0.033900 0.746800
f 169/1916/169 1102/1921/1102 168/1922/168
vt 0.025900 0.730200
vt 0.032900 0.731500
f 1101/1921/1101 1100/1923/1100 168/1924/168
vt 0.037000 0.715900
vt 0.044550 0.712100
vt 0.047300 0.722000
f 872/1925/872 1999/1926/1999 874/1927/874
vt 0.039850 0.725600
f 872/1925/872 874/1927/874 1100/1928/1100
vt 0.052100 0.708300
vt 0.063200 0.718800
f 874/1927/874 873/1929/873 725/1930/725
f 874/1927/874 725/1930/725 726/1525/726
vt 0.052900 0.744900
f 168/1927/168 726/1525/726 169/1931/169
vt 0.042700 0.735300
f 874/1927/874 726/1931/726 168/1932/168
vt 0.041500 0.700300
vt 0.045600 0.683100
f 873/1929/873 1999/1933/1999 875/1934/875
vt 0.056400 0.692000
f 873/1929/873 875/1934/875 876/1935/876
vt 0.067500 0.702600
f 873/1929/873 876/1935/876 1981/1936/1981
f 873/1929/873 1981/1936/1981 725/1930/725
vt 0.049900 0.664500
f 876/1935/876 875/1934/875 877/1937/877
vt 0.060700 0.673600
vt 0.071600 0.684100
f 876/1935/876 877/1938/877 1982/1939/1982
f 876/1935/876 1982/1939/1982 1981/1936/1981
vt 0.065100 0.653900
vt 0.075900 0.664400
f 877/1938/877 878/1940/878 727/1941/727
f 877/1938/877 727/1941/727 1982/1939/1982
vt 0.071400 0.634000
vt 0.080800 0.644400
f 878/1940/878 879/1942/879 880/1943/880
f 878/1940/878 880/1943/880 727/1941/727
vt 0.079600 0.613500
f 880/1943/880 879/1942/879 881/1944/881
f 880/1943/880 881/1944/881 733/1540/733
f 880/1943/880 733/1538/733 1983/1537/1983
vt 0.083400 0.659650
f 880/1943/880 1983/1945/1983 727/1941/727
vt 0.062300 0.624800
vt 0.071800 0.603300
f 881/1944/881 879/1946/879 883/1947/883
vt 0.083100 0.581500
f 881/1944/881 883/1947/883 882/1948/882
f 881/1944/881 882/1948/882 735/1543/735
f 881/1944/881 735/1541/735 733/1540/733
vt 0.065000 0.595200
vt 0.077500 0.572400
f 882/1948/882 883/1949/883 885/1950/885
vt 0.092600 0.549800
f 882/1948/882 885/1950/885 884/1951/884
f 882/1948/882 884/1951/884 737/1546/737
f 882/1948/882 737/1544/737 735/1543/735
vt 0.072800 0.565500
vt 0.089300 0.541100
f 884/1951/884 885/1952/885 887/1953/887
vt 0.109500 0.519700
f 884/1951/884 887/1953/887 886/1954/886
f 884/1951/884 886/1954/886 739/1549/739
f 884/1951/884 739/1547/739 737/1546/737
f 886/1954/886 741/1550/741 739/1549/739
vt 0.130500 0.507200
vt 0.109200 0.510100
vt 0.109300 0.503800
f 741/1955/741 886/1956/886 1008/1957/1008
vt 0.131300 0.501800
f 741/1955/741 1008/1957/1008 1009/1958/1009
vt 0.150800 0.502300
f 741/1955/741 1009/1958/1009 888/1959/888
f 888/1959/888 889/1558/889 742/1557/742
vt 0.187100 0.500000
f 743/1960/743 890/1562/890 622/1561/622
vt 0.203800 0.500300
vt 0.188100 0.497000
vt 0.189100 0.494200
f 890/1961/890 743/1962/743 1012/1963/1012
vt 0.219500 0.501600
vt 0.218600 0.504300
f 890/1961/890 891/1964/891 744/1965/744
vt 0.234900 0.503000
vt 0.233900 0.505800
f 891/1964/891 892/1966/892 745/1967/745
vt 0.232800 0.508400
f 891/1964/891 745/1968/745 744/1965/744
vt 0.220600 0.498700
vt 0.221400 0.496900
f 892/1966/892 891/1969/891 893/1970/893
vt 0.235600 0.501400
f 892/1966/892 893/1970/893 894/1971/894
vt 0.249400 0.505500
f 892/1966/892 894/1971/894 895/1972/895
f 892/1966/892 895/1972/895 746/1565/746
vt 0.247600 0.509900
f 892/1966/892 746/1973/746 745/1967/745
vt 0.262800 0.509900
f 895/1972/895 896/1974/896 747/1566/747
f 895/1972/895 747/1566/747 746/1565/746
vt 0.275900 0.514700
f 896/1974/896 897/1975/897 748/1567/748
f 896/1974/896 748/1567/748 747/1566/747
f 897/1975/897 751/1572/751 749/1569/749
f 897/1975/897 749/1569/749 748/1567/748
vt 0.316200 0.523700
vt 0.305100 0.515800
vt 0.317300 0.521300
f 753/1976/753 752/1977/752 898/1978/898
vt 0.328800 0.527700
f 753/1976/753 898/1978/898 899/1979/899
vt 0.340400 0.534000
vt 0.339400 0.536100
f 899/1979/899 900/1980/900 754/1981/754
vt 0.380500 0.539800
f 756/1982/756 757/1593/757 630/1592/630
vt 0.394400 0.540100
vt 0.383600 0.533600
vt 0.387800 0.525600
f 757/1983/757 756/1984/756 902/1985/902
vt 0.398400 0.532400
f 757/1983/757 902/1985/902 904/1986/904
vt 0.408900 0.539400
f 757/1983/757 904/1986/904 903/1987/903
f 757/1983/757 903/1987/903 758/1595/758
vt 0.423600 0.538000
f 903/1987/903 905/1988/905 759/1598/759
f 903/1987/903 759/1596/759 758/1595/758
vt 0.428400 0.529700
vt 0.438700 0.536100
f 905/1988/905 906/1989/906 907/1990/907
f 905/1988/905 761/1599/761 759/1598/759
vt 0.453800 0.533900
vt 0.448700 0.542500
f 907/1990/907 908/1991/908 763/1992/763
vt 0.443600 0.527900
vt 0.448800 0.519700
f 908/1991/908 907/1993/907 909/1994/909
vt 0.458700 0.525800
vt 0.468800 0.531700
f 908/1991/908 909/1995/909 910/1996/910
f 908/1991/908 910/1996/910 764/1608/764
f 908/1991/908 764/1608/764 762/1607/762
f 908/1991/908 762/1607/762 763/1992/763
f 910/1996/910 766/1612/766 764/1609/764
vt 0.483000 0.529600
vt 0.473300 0.524000
vt 0.477300 0.517200
f 766/1997/766 910/1998/910 911/1999/911
vt 0.496000 0.528200
vt 0.498750 0.534500
vt 0.492300 0.535300
f 911/2000/911 912/2001/912 766/2002/766
vt 0.507200 0.529000
vt 0.518300 0.529800
vt 0.516200 0.534300
f 912/2003/912 1039/2004/1039 768/2005/768
vt 0.513600 0.539500
f 912/2003/912 768/2005/768 767/2006/767
vt 0.527000 0.535000
vt 0.524900 0.539600
f 1039/2004/1039 913/2007/913 768/2008/768
vt 0.558600 0.536100
vt 0.550200 0.531700
vt 0.551700 0.528500
f 770/2009/770 913/2010/913 914/2011/914
vt 0.560100 0.532900
vt 0.568400 0.537300
f 770/2009/770 914/2012/914 915/2013/915
vt 0.561600 0.529600
vt 0.570000 0.533700
f 915/2013/915 914/2014/914 916/2015/916
vt 0.575600 0.545000
vt 0.566900 0.540700
f 915/2013/915 645/2016/645 770/2017/770
vt 0.578400 0.537800
vt 0.588400 0.537500
vt 0.587000 0.541900
f 916/2018/916 917/2019/917 918/2020/918
f 916/2018/916 918/2020/918 915/1629/915
vt 0.597400 0.541000
f 918/2020/918 917/2019/917 919/2021/919
vt 0.596300 0.545300
f 918/2020/918 919/2021/919 920/2022/920
f 918/2020/918 920/2022/920 771/1630/771
f 918/2020/918 771/1630/771 915/1629/915
vt 0.606400 0.544600
f 920/2022/920 919/2021/919 921/2023/921
vt 0.615800 0.542500
vt 0.615500 0.547300
f 921/2023/921 1045/2024/1045 1046/2025/1046
f 921/2023/921 774/1638/774 920/1637/920
vt 0.624900 0.550500
f 921/2024/921 1046/2026/1046 774/2025/774
vt 0.635600 0.550100
vt 0.647000 0.549000
vt 0.646600 0.553000
f 775/2027/775 922/2028/922 650/2029/650
vt 0.635900 0.545700
vt 0.636400 0.541500
f 922/2028/922 775/2030/775 923/2031/923
vt 0.647300 0.545100
f 922/2028/922 923/2031/923 924/2032/924
vt 0.657800 0.546100
f 924/2033/924 777/1649/777 922/1648/922
vt 0.254500 0.136900
vt 0.249800 0.147200
vt 0.250200 0.137200
f 925/2034/925 926/2035/926 782/2036/782
vt 0.251200 0.127500
f 925/2034/925 782/2036/782 781/2037/781
vt 0.243000 0.157600
vt 0.236200 0.168600
vt 0.237700 0.157600
f 926/2038/926 927/2039/927 783/2040/783
vt 0.239700 0.146800
vt 0.244700 0.147100
f 926/2038/926 783/2041/783 782/2042/782
vt 0.232900 0.168600
vt 0.229600 0.168600
vt 0.230900 0.157500
f 927/2043/927 928/2044/928 783/2045/783
vt 0.219000 0.169000
vt 0.213200 0.168900
vt 0.215300 0.157100
f 928/2046/928 929/2047/929 784/2048/784
vt 0.220300 0.157300
f 928/2046/928 784/2048/784 783/2049/783
vt 0.204300 0.168000
vt 0.192600 0.166400
f 929/2050/929 930/2051/930 785/1680/785
vt 0.206900 0.156000
f 929/2050/929 785/1680/785 784/2052/784
vt 0.180300 0.164600
f 930/2051/930 931/2053/931 787/1681/787
f 930/2051/930 787/1681/787 785/1680/785
vt 0.167800 0.162900
f 931/2053/931 932/2054/932 787/1684/787
vt 0.165300 0.176500
vt 0.152600 0.175300
f 932/2054/932 931/2055/931 933/2056/933
f 932/2054/932 789/1687/789 787/1684/787
vt 0.155200 0.161300
vt 0.139900 0.174400
vt 0.142600 0.159800
f 932/2057/932 933/2058/933 935/2059/935
vt 0.146400 0.145500
f 932/2057/932 935/2059/935 934/2060/934
f 932/2057/932 934/2060/934 789/1687/789
f 934/2060/934 791/1690/791 789/1688/789
vt 0.130400 0.158700
vt 0.133900 0.143700
f 934/2060/934 935/2061/935 937/2062/937
vt 0.138500 0.129000
f 934/2060/934 937/2062/937 936/2063/936
f 934/2060/934 936/2063/936 791/1690/791
f 936/2063/936 793/1693/793 791/1691/791
vt 0.132100 0.111600
f 936/2063/936 938/2064/938 793/1693/793
f 938/2064/938 795/1694/795 793/1693/793
vt 0.126800 0.127000
vt 0.116700 0.125500
f 938/2064/938 936/2065/936 939/2066/939
vt 0.127900 0.093500
vt 0.138100 0.095900
f 938/2064/938 940/2067/940 795/2068/795
f 795/2067/795 797/1699/797 794/1698/794
f 940/2067/940 797/1698/797 795/2068/795
vt 0.122000 0.109500
vt 0.115200 0.108200
f 940/2067/940 938/2069/938 1241/2070/1241
vt 0.127200 0.075400
vt 0.115700 0.090900
vt 0.121900 0.074000
f 797/2071/797 940/2072/940 941/2073/941
vt 0.130500 0.057700
f 797/2071/797 941/2073/941 798/2074/798
vt 0.118100 0.073100
vt 0.126300 0.056300
f 798/2074/798 941/2075/941 942/2076/942
vt 0.135500 0.040300
f 798/2074/798 942/2076/942 943/2077/943
f 943/2077/943 944/1709/944 665/1708/665
vt 0.140400 0.022500
vt 0.149100 0.005100
vt 0.152900 0.007000
f 944/2078/944 945/2079/945 666/2080/666
vt 0.735800 0.764100
vt 0.724750 0.763800
vt 0.714200 0.760200
f 945/2081/945 2047/2082/2047 799/2083/799
vt 0.713700 0.763500
vt 0.694200 0.758800
f 1321/2084/1321 800/2085/800 799/2083/799
vt 0.692900 0.765200
vt 0.692300 0.768400
vt 0.672500 0.767000
f 800/2086/800 946/2087/946 801/2088/801
vt 0.671600 0.770100
vt 0.652800 0.768200
f 801/2088/801 946/2089/946 947/2090/947
vt 0.635100 0.767100
vt 0.643150 0.769500
vt 0.650000 0.774600
f 948/2091/948 1996/2092/1996 949/2093/949
vt 0.633800 0.769200
f 948/2091/948 949/2093/949 950/2094/950
vt 0.620100 0.762500
f 948/2091/948 950/2094/950 951/2095/951
f 948/2091/948 951/2095/951 802/1717/802
f 951/2095/951 805/1721/805 803/1718/803
f 951/2095/951 803/1718/803 802/1717/802
vt 0.579800 0.751400
vt 0.587800 0.760700
vt 0.577200 0.754500
f 806/2096/806 952/2097/952 1134/2098/1134
vt 0.573600 0.750050
vt 0.575000 0.748450
f 806/2096/806 1134/2099/1134 1997/2100/1997
vt 0.567400 0.748700
f 953/2101/953 807/1728/807 672/1727/672
vt 0.555700 0.745900
vt 0.544800 0.742700
vt 0.548400 0.738800
f 953/2102/953 1132/2103/1132 807/2104/807
f 954/2103/954 809/1733/809 674/1732/674
f 954/2103/954 674/1732/674 807/2104/807
vt 0.552300 0.749500
vt 0.548500 0.753400
f 954/2103/954 807/2105/807 1132/2106/1132
vt 0.533900 0.739900
vt 0.535600 0.751600
vt 0.529200 0.744400
f 954/2107/954 1132/2108/1132 956/2109/956
vt 0.523900 0.736500
f 954/2107/954 956/2109/956 955/2110/955
vt 0.528200 0.732300
f 954/2107/954 955/2110/955 809/2111/809
vt 0.518800 0.728600
vt 0.522400 0.725000
f 955/2110/955 810/2112/810 808/2113/808
f 955/2110/955 808/2113/808 809/2111/809
vt 0.516900 0.742700
vt 0.513000 0.734200
f 955/2110/955 956/2114/956 957/2115/957
f 955/2110/955 957/2115/957 810/2112/810
vt 0.500700 0.732300
vt 0.509100 0.725200
f 957/2115/957 958/2116/958 810/2117/810
vt 0.504700 0.716200
f 958/2116/958 811/2118/811 810/2117/810
vt 0.503300 0.741800
vt 0.491000 0.749700
f 958/2116/958 957/2119/957 959/2120/959
vt 0.489800 0.739500
f 958/2116/958 959/2120/959 960/2121/960
vt 0.489300 0.728400
f 958/2116/958 960/2121/960 961/2122/961
vt 0.498600 0.721700
f 958/2116/958 961/2122/961 811/2123/811
vt 0.488900 0.716000
f 961/2122/961 812/2124/812 811/1742/811
f 961/2122/961 960/2121/960 816/1759/816
f 961/2122/961 816/1759/816 815/1758/815
f 961/2122/961 815/1753/815 812/2124/812
vt 0.477000 0.755800
f 960/2121/960 959/2120/959 817/2125/817
f 960/2121/960 817/2125/817 816/1759/816
vt 0.478800 0.765700
f 959/2120/959 818/2126/818 817/2125/817
vt 0.493400 0.758800
vt 0.506700 0.750700
vt 0.511400 0.758800
f 959/2127/959 957/2128/957 962/2129/962
vt 0.497700 0.767100
vt 0.483400 0.774600
f 959/2127/959 962/2130/962 818/2131/818
vt 0.503800 0.774600
vt 0.489600 0.782700
f 962/2130/962 964/2132/964 963/2133/963
f 962/2130/962 963/2133/963 818/2131/818
vt 0.481800 0.797900
vt 0.476600 0.789900
f 963/2133/963 965/2134/965 820/2135/820
f 963/2133/963 820/1763/820 818/2131/818
f 965/2134/965 823/1768/823 820/1765/820
vt 0.488200 0.805100
vt 0.511400 0.803900
vt 0.494800 0.812200
f 965/2136/965 1133/2137/1133 966/2138/966
f 823/2136/823 966/2138/966 824/1774/824
f 965/2136/965 966/1774/966 823/1773/823
vt 0.519800 0.810800
f 966/2138/966 1133/2137/1133 967/2139/967
vt 0.498800 0.815500
f 966/2138/966 967/2139/967 2035/2140/2035
vt 0.486400 0.826800
f 966/2138/966 2035/2140/2035 824/2141/824
vt 0.528800 0.817900
vt 0.544600 0.810400
vt 0.554300 0.818400
f 967/2142/967 1128/2143/1128 968/2144/968
vt 0.537800 0.825700
f 967/2142/967 968/2144/968 969/2145/969
vt 0.563800 0.827500
f 969/2145/969 968/2144/968 970/2146/970
vt 0.546600 0.834400
vt 0.529200 0.840200
f 969/2145/969 970/2147/970 826/2148/826
vt 0.520900 0.832100
f 969/2145/969 826/2148/826 825/2149/825
vt 0.573000 0.838100
vt 0.555100 0.844400
f 970/2147/970 1122/2150/1122 971/2151/971
vt 0.537100 0.849700
f 970/2147/970 971/2151/971 826/2152/826
vt 0.278400 0.933800
vt 0.271000 0.948000
vt 0.257300 0.942900
f 971/2153/971 1122/2154/1122 972/2155/972
vt 0.265000 0.930000
f 971/2153/971 972/2155/972 973/2156/973
vt 0.272900 0.916200
f 971/2153/971 973/2156/973 827/2157/827
vt 0.285800 0.918700
f 971/2153/971 827/2157/827 826/2158/826
vt 0.243300 0.936200
f 973/2156/973 972/2155/972 974/2159/974
vt 0.251300 0.924400
vt 0.259800 0.912100
f 973/2156/973 974/2160/974 829/2161/829
f 973/2156/973 829/2161/829 827/2157/827
vt 0.237300 0.917900
vt 0.229200 0.928900
vt 0.214300 0.921200
f 974/2162/974 975/2163/975 976/2164/976
vt 0.222900 0.910800
vt 0.231600 0.900200
f 974/2162/974 976/2165/976 977/2166/977
vt 0.245900 0.906600
f 974/2162/974 977/2166/977 829/2167/829
vt 0.208500 0.903200
f 977/2166/977 976/2165/976 978/2168/978
vt 0.217800 0.893000
vt 0.227100 0.882800
f 977/2166/977 978/2169/978 979/2170/979
f 977/2166/977 979/2170/979 830/1785/830
f 977/2166/977 830/1785/830 829/1784/829
vt 0.203900 0.885400
f 979/2170/979 978/2169/978 984/2171/984
vt 0.213100 0.875900
vt 0.221200 0.865600
f 979/2170/979 984/2172/984 983/2173/983
vt 0.234700 0.871500
f 979/2170/979 983/2173/983 980/2174/980
f 979/2170/979 980/2174/980 830/1786/830
vt 0.228200 0.854600
f 980/2174/980 983/2173/983 981/2175/981
vt 0.241400 0.859600
f 980/2174/980 981/2176/981 831/1787/831
f 980/2174/980 831/1787/831 830/1786/830
vt 0.246500 0.849200
vt 0.260100 0.853800
f 831/2176/831 982/2177/982 833/2178/833
f 981/2176/981 982/2178/982 831/1787/831
vt 0.249900 0.840700
vt 0.263300 0.845500
f 982/2177/982 706/2179/706 833/2180/833
vt 0.251900 0.836400
vt 0.265000 0.840600
f 833/2180/833 706/2181/706 852/2182/852
vt 0.279200 0.843700
f 833/2180/833 852/2182/852 834/2183/834
vt 0.280100 0.839600
vt 0.295300 0.840200
f 834/2183/834 852/2184/852 851/2185/851
vt 0.295300 0.844200
f 834/2183/834 851/2185/851 835/2186/835
vt 0.208500 0.858400
vt 0.215500 0.848300
f 981/2175/981 983/2187/983 855/2188/855
f 981/2175/981 855/2188/855 854/1878/854
f 981/2175/981 854/1878/854 982/1877/982
vt 0.199900 0.867600
vt 0.188100 0.857500
f 983/2187/983 984/2189/984 985/2190/985
f 983/2187/983 985/2190/985 855/1885/855
vt 0.190600 0.876400
f 985/2190/985 984/2189/984 986/2191/986
vt 0.178700 0.865200
f 985/2190/985 986/2191/986 988/2192/988
vt 0.167800 0.851800
f 858/2190/858 988/2192/988 987/2193/987
vt 0.176500 0.844800
f 985/2190/985 988/2193/988 858/2194/858
f 985/2190/985 858/1886/858 855/1885/855
vt 0.168500 0.872500
vt 0.158200 0.858400
f 987/2193/987 988/2195/988 989/2196/989
f 987/2193/987 989/2196/989 860/1893/860
vt 0.158200 0.879400
f 989/2196/989 988/2195/988 990/2197/990
vt 0.147800 0.864600
f 989/2196/989 990/2197/990 991/2198/991
f 989/2196/989 991/2198/991 862/1895/862
f 989/2196/989 862/1895/862 860/1893/860
vt 0.148700 0.886500
f 991/2198/991 990/2197/990 992/2199/992
vt 0.137400 0.871200
vt 0.140000 0.893700
vt 0.127900 0.878600
f 991/2200/991 992/2201/992 993/2202/993
f 991/2200/991 993/2202/993 864/1900/864
f 991/2200/991 864/1900/864 862/1897/862
vt 0.131900 0.901100
f 993/2202/993 992/2201/992 994/2203/994
vt 0.119000 0.886600
f 993/2202/993 994/2203/994 996/2204/996
vt 0.107600 0.872000
f 993/2202/993 996/2204/996 995/2205/995
f 993/2202/993 995/2205/995 864/1900/864
vt 0.089100 0.863700
f 995/2205/995 998/2206/998 866/1903/866
f 995/2205/995 866/1901/866 864/1900/864
vt 0.099200 0.880100
vt 0.094300 0.885400
f 998/2206/998 995/2207/995 997/2208/997
f 998/2206/998 868/1904/868 866/1903/866
vt 0.073700 0.851900
vt 0.064900 0.835100
vt 0.072600 0.828900
f 868/2209/868 999/2210/999 867/2211/867
vt 0.057200 0.819100
f 999/2210/999 1104/2212/1104 869/1907/869
f 999/2210/999 869/1907/869 867/2211/867
vt 0.044200 0.808000
vt 0.050200 0.804100
f 869/2212/869 1103/2213/1103 870/2214/870
f 1104/2212/1104 1103/1909/1103 869/1907/869
vt 0.037800 0.793000
f 870/2214/870 1103/2213/1103 1000/2215/1000
f 870/2214/870 1000/1915/1000 871/1911/871
vt 0.026800 0.780700
vt 0.029600 0.797200
vt 0.024000 0.781600
f 1000/2216/1000 1141/2217/1141 1145/2218/1145
vt 0.019500 0.765600
f 1000/2216/1000 1145/2218/1145 1102/2219/1102
vt 0.025600 0.693100
vt 0.037100 0.678200
vt 0.032900 0.695800
f 1001/2220/1001 1002/2221/1002 1999/2222/1999
vt 0.028700 0.712800
f 1001/2220/1001 1999/2222/1999 872/2223/872
vt 0.041000 0.658800
f 875/2221/875 1003/2224/1003 877/1937/877
f 1002/2221/1002 1003/1937/1003 875/1934/875
f 1002/2221/1002 875/1934/875 1999/1933/1999
vt 0.046400 0.638500
vt 0.055300 0.645300
f 1003/2224/1003 1004/2225/1004 878/2226/878
f 1003/2224/1003 878/2226/878 877/1937/877
vt 0.054500 0.617200
f 1004/2225/1004 1005/2227/1005 879/1946/879
f 1004/2225/1004 879/1946/879 878/2226/878
vt 0.059200 0.589000
f 1005/2227/1005 1006/2228/1006 883/1949/883
f 1005/2227/1005 883/1947/883 879/1946/879
vt 0.068800 0.560100
f 1006/2228/1006 1007/2229/1007 885/1952/885
f 1006/2228/1006 885/1950/885 883/1949/883
f 1007/2229/1007 887/1953/887 885/1952/885
vt 0.084900 0.530800
vt 0.064000 0.554200
vt 0.083100 0.527400
f 887/2230/887 1007/2231/1007 1868/2232/1868
vt 0.109600 0.498400
f 887/2230/887 1868/2232/1868 1008/2233/1008
f 887/2230/887 1008/1957/1008 886/1956/886
vt 0.132900 0.493500
vt 0.153600 0.491900
vt 0.152600 0.495300
f 1009/2234/1009 1010/2235/1010 888/2236/888
vt 0.170500 0.497500
f 1010/2235/1010 889/2237/889 888/2236/888
vt 0.172500 0.491500
vt 0.156200 0.485100
vt 0.173700 0.488100
f 889/2238/889 1010/2239/1010 1011/2240/1011
vt 0.190300 0.491100
f 889/2238/889 1011/2240/1011 1012/2241/1012
f 889/2238/889 1012/1963/1012 743/1962/743
vt 0.175100 0.484900
f 1012/2241/1012 1011/2240/1011 1013/2242/1013
vt 0.191400 0.488400
f 1012/2241/1012 1013/2242/1013 1014/2243/1014
vt 0.206800 0.492300
f 1012/2241/1012 1014/2243/1014 1015/2244/1015
vt 0.205800 0.494700
f 1012/2241/1012 1015/2244/1015 890/2245/890
f 1015/2244/1015 893/1970/893 891/1969/891
f 1015/2244/1015 891/1969/891 890/2245/890
vt 0.237800 0.496100
vt 0.224900 0.489200
vt 0.239000 0.493500
f 894/2246/894 893/2247/893 1016/2248/1016
vt 0.252600 0.497900
f 894/2246/894 1016/2248/1016 1017/2249/1017
vt 0.251500 0.500500
vt 0.250500 0.503000
f 894/2246/894 1017/2250/1017 895/2251/895
vt 0.264900 0.504900
vt 0.263800 0.507400
f 895/2250/895 1019/2252/1019 896/2253/896
f 1017/2250/1017 1019/2253/1019 895/2251/895
vt 0.279000 0.507400
vt 0.277900 0.509900
f 1019/2252/1019 1018/2254/1018 897/2255/897
vt 0.276800 0.512300
f 1019/2252/1019 897/2256/897 896/2253/896
vt 0.292700 0.510500
vt 0.291600 0.512900
f 1018/2254/1018 1020/2257/1020 751/2258/751
vt 0.290500 0.515300
f 1018/2254/1018 751/2259/751 897/2255/897
vt 0.293900 0.507900
vt 0.306200 0.513400
f 1020/2257/1020 1880/2260/1880 1021/2261/1021
vt 0.319800 0.516000
vt 0.318500 0.518800
f 1021/2261/1021 1022/2262/1022 898/2263/898
f 1021/2261/1021 898/1978/898 752/1977/752
vt 0.333300 0.518600
vt 0.331400 0.522400
f 1022/2262/1022 1023/2264/1023 899/2265/899
vt 0.329800 0.525600
f 1022/2262/1022 899/2266/899 898/2263/898
vt 0.347300 0.520700
vt 0.344900 0.525300
f 1023/2264/1023 1024/2267/1024 900/2268/900
vt 0.343100 0.528800
f 1023/2264/1023 900/2269/900 899/2265/899
vt 0.356100 0.532100
f 1024/2267/1024 901/2270/901 900/2268/900
vt 0.361800 0.520700
vt 0.354300 0.507300
vt 0.365600 0.513200
f 901/2271/901 1024/2272/1024 1026/2273/1026
vt 0.377000 0.519100
f 901/2271/901 1026/2273/1026 1025/2274/1025
vt 0.372800 0.527100
f 901/2271/901 1025/2274/1025 755/2275/755
vt 0.370300 0.504900
vt 0.381400 0.510900
f 1025/2274/1025 1026/2276/1026 1028/2277/1028
vt 0.392500 0.517300
f 902/2274/902 1028/2277/1028 1027/2278/1027
f 1025/2274/1025 1028/2278/1028 902/1985/902
f 1025/2274/1025 902/1985/902 756/1984/756
f 1025/2274/1025 756/1984/756 755/2275/755
vt 0.408100 0.516100
vt 0.403000 0.524300
f 1027/2278/1027 1029/2279/1029 904/2280/904
f 1027/2278/1027 904/1986/904 902/1985/902
vt 0.397300 0.509300
vt 0.402600 0.501400
f 1029/2279/1029 1027/2281/1027 1030/2282/1030
vt 0.413100 0.508200
vt 0.423500 0.514800
f 1029/2279/1029 1030/2283/1030 906/2284/906
vt 0.418300 0.523100
vt 0.410750 0.523750
f 903/2279/903 1029/2285/1029 905/2286/905
vt 0.413400 0.531400
f 1029/2279/1029 903/2287/903 904/2280/904
vt 0.418600 0.500500
f 906/2284/906 1030/2283/1030 1032/2288/1032
vt 0.428800 0.507000
vt 0.438800 0.513400
f 906/2284/906 1032/2289/1032 1031/2290/1031
vt 0.433600 0.521600
f 906/2284/906 1031/2290/1031 907/2291/907
f 1031/2290/1031 909/1994/909 907/1993/907
vt 0.453800 0.511900
vt 0.444100 0.505800
vt 0.448800 0.499000
f 909/2292/909 1031/2293/1031 1033/2294/1033
vt 0.458400 0.505200
vt 0.467900 0.511300
f 909/2292/909 1033/2295/1033 1034/2296/1034
vt 0.463500 0.518100
f 909/2292/909 1034/2296/1034 910/2297/910
f 1034/2296/1034 911/1999/911 910/1998/910
vt 0.480100 0.512000
vt 0.491300 0.514000
vt 0.489000 0.518300
f 1034/2298/1034 1035/2299/1035 911/2300/911
vt 0.502200 0.516100
vt 0.500200 0.519900
f 1035/2299/1035 1036/2301/1036 912/2302/912
vt 0.498100 0.523900
f 1035/2299/1035 912/2303/912 911/2300/911
vt 0.493300 0.510200
vt 0.494700 0.507100
f 1036/2301/1036 1035/2304/1035 1037/2305/1037
vt 0.511100 0.521400
vt 0.509200 0.525000
f 1036/2301/1036 1039/2306/1039 912/2307/912
vt 0.512700 0.518100
vt 0.503700 0.513000
vt 0.505100 0.509900
f 1036/2308/1036 1037/2309/1037 1038/2310/1038
vt 0.513900 0.515100
vt 0.523000 0.520000
f 1036/2308/1036 1038/2311/1038 1039/2312/1039
vt 0.533300 0.522100
vt 0.524200 0.517500
vt 0.525600 0.514600
f 913/2313/913 1039/2314/1039 1040/2315/1040
vt 0.543300 0.523900
vt 0.553300 0.525200
f 1040/2316/1040 1041/2317/1041 914/2011/914
f 1040/2316/1040 914/2011/914 913/2010/913
vt 0.562800 0.526200
f 1041/2317/1041 1042/2318/1042 914/2014/914
vt 0.572200 0.526700
vt 0.571000 0.530100
f 1042/2318/1042 1043/2319/1043 916/2320/916
f 1042/2318/1042 916/2015/916 914/2014/914
vt 0.580400 0.530600
vt 0.589200 0.534400
f 1043/2321/1043 1044/2322/1044 917/2019/917
vt 0.579600 0.533800
f 1043/2321/1043 917/2019/917 916/2323/916
vt 0.598900 0.533200
vt 0.598400 0.537100
f 1044/2322/1044 1045/2324/1045 919/2325/919
f 1044/2322/1044 919/2021/919 917/2019/917
vt 0.607100 0.539800
f 1045/2324/1045 921/2326/921 919/2325/919
vt 0.625600 0.537000
f 1046/2327/1046 923/2031/923 775/2030/775
vt 0.625400 0.541500
f 1046/2327/1046 775/2030/775 774/2328/774
vt 0.648100 0.536700
vt 0.658500 0.537800
vt 0.658000 0.542000
f 923/2329/923 1047/2330/1047 924/2331/924
vt 0.670300 0.510300
vt 0.668500 0.509500
vt 0.668600 0.504000
f 148/2332/148 143/2333/143 1904/2334/1904
vt 0.669800 0.496700
vt 0.667400 0.488000
vt 0.671800 0.494400
f 1904/2335/1904 136/2336/136 148/2337/148
vt 0.627600 0.495500
vt 0.609900 0.490900
vt 0.610600 0.488100
f 1050/2338/1050 1052/2339/1052 1051/2340/1051
f 1051/2339/1051 80/96/80 79/95/79
f 1052/2339/1052 80/95/80 1051/2340/1051
vt 0.627300 0.498700
vt 0.626800 0.501900
f 1052/2339/1052 1050/2341/1050 1905/2342/1905
vt 0.609200 0.493800
f 1052/2339/1052 1905/2342/1905 1053/2343/1053
vt 0.595300 0.480700
f 1052/2339/1052 1053/2343/1053 1054/2344/1054
f 1052/2339/1052 1054/2344/1054 80/96/80
f 1054/2344/1054 81/97/81 80/96/80
vt 0.609200 0.494000
f 1054/2344/1054 1053/2343/1053 1055/2345/1055
vt 0.594600 0.483100
f 1054/2344/1054 1055/2345/1055 1056/2346/1056
vt 0.583000 0.474800
f 1054/2344/1054 1056/2346/1056 81/2347/81
f 81/2347/81 1056/2346/1056 1057/134/1057
vt 0.581500 0.478100
vt 0.574200 0.474500
f 81/2347/81 1057/2348/1057 1058/2349/1058
vt 0.574300 0.470300
f 81/2347/81 1058/2349/1058 1181/2350/1181
vt 0.566500 0.475500
vt 0.564900 0.478900
vt 0.557500 0.475400
f 1180/2351/1180 1058/2352/1058 1059/2353/1059
vt 0.435300 0.457400
vt 0.444700 0.463400
vt 0.442800 0.466200
f 1066/2354/1066 1065/2355/1065 1956/2356/1956
vt 0.433500 0.459700
vt 0.424300 0.453200
f 1066/2354/1066 1956/2357/1956 1067/2358/1067
vt 0.416800 0.444300
vt 0.426000 0.450900
f 1067/2358/1067 1068/2359/1068 1066/2360/1066
vt 0.431700 0.462100
f 1067/2358/1067 1956/2357/1956 1955/2361/1955
vt 0.412700 0.449200
vt 0.403400 0.442800
vt 0.405500 0.440200
f 1069/2362/1069 1173/2363/1173 1174/2364/1174
vt 0.414800 0.446600
f 1069/2362/1069 1174/2364/1174 1067/2365/1067
vt 0.422200 0.455600
vt 0.420300 0.458000
f 1069/2362/1069 1067/2366/1067 1070/2367/1070
vt 0.410600 0.451600
vt 0.401100 0.445200
f 1069/2362/1069 1070/2368/1070 1071/2369/1071
f 1069/2362/1069 1071/2369/1071 1173/2363/1173
vt 0.389700 0.441700
vt 0.377600 0.438100
vt 0.380300 0.435500
f 1071/2370/1071 1072/2371/1072 1172/2372/1172
vt 0.363700 0.435700
vt 0.358100 0.441200
vt 0.347900 0.434700
f 1072/2373/1072 1074/2374/1074 1073/2375/1073
vt 0.351400 0.448000
vt 0.340700 0.441800
f 1073/2375/1073 1074/2376/1074 1076/2377/1076
vt 0.329900 0.435800
vt 0.326600 0.422900
vt 0.337300 0.428800
f 1076/2378/1076 1075/2379/1075 1073/2380/1073
vt 0.311000 0.437900
vt 0.318900 0.430100
f 1076/2378/1076 1078/2381/1078 1075/2382/1075
vt 0.307900 0.424200
f 1078/2381/1078 1077/2383/1077 1075/2382/1075
vt 0.291400 0.440700
vt 0.299700 0.432300
f 1078/2381/1078 1079/2384/1079 1077/2385/1077
vt 0.288200 0.426800
f 1079/2384/1079 1080/2386/1080 1077/2385/1077
vt 0.303000 0.446400
vt 0.295500 0.455100
f 1079/2384/1079 1078/2387/1078 1081/2388/1081
vt 0.283600 0.449600
vt 0.271400 0.444300
f 1079/2384/1079 1081/2389/1081 2001/2390/2001
vt 0.251000 0.448700
vt 0.258900 0.439700
f 2001/2390/2001 1083/2391/1083 1082/2392/1082
vt 0.230300 0.453500
vt 0.237150 0.450225
f 1083/2391/1083 1877/2393/1877 1084/2394/1084
vt 0.211200 0.455600
vt 0.216250 0.460950
vt 0.209150 0.458450
f 1085/2395/1085 1084/2396/1084 2002/2397/2002
vt 0.207100 0.461300
vt 0.192100 0.456100
f 1085/2395/1085 1087/2398/1087 1086/2399/1086
vt 0.088900 0.351300
vt 0.094700 0.370000
vt 0.092700 0.370200
f 1092/2400/1092 1091/2401/1091 1094/2402/1094
vt 0.087100 0.351300
f 1092/2400/1092 1094/2402/1094 1095/2403/1095
vt 0.082100 0.333000
f 1093/2400/1093 1095/2403/1095 1096/2404/1096
vt 0.084000 0.333100
f 1092/2400/1092 1095/2404/1095 1093/2405/1093
vt 0.080250 0.324200
vt 0.080300 0.315500
f 1096/2404/1096 2003/2406/2003 1097/2407/1097
f 1096/2404/1096 1097/2407/1097 1093/2405/1093
vt 0.010000 0.748900
vt 0.011300 0.767300
vt 0.007300 0.749100
f 1101/2408/1101 1102/2409/1102 1147/2410/1147
vt 0.004800 0.729400
f 1100/2408/1100 1149/2410/1149 1151/2411/1151
vt 0.037000 0.812200
vt 0.032800 0.795600
f 1103/2412/1103 1141/2217/1141 1000/2413/1000
vt 0.046700 0.826500
vt 0.058800 0.840000
vt 0.054900 0.843100
f 1104/2414/1104 999/2415/999 1140/2416/1140
vt 0.065400 0.859200
vt 0.062100 0.849600
f 1213/2417/1213 1140/2416/1140 2000/2418/2000
vt 0.087900 0.892900
vt 0.076700 0.875800
vt 0.080000 0.872500
f 997/2419/997 1139/2420/1139 998/2421/998
vt 0.104800 0.903600
vt 0.107700 0.899900
f 1138/2422/1138 997/2208/997 996/2423/996
vt 0.122000 0.914000
f 1138/2422/1138 996/2423/996 1106/2424/1106
vt 0.119700 0.917000
f 1138/2422/1138 1106/2424/1106 1105/2425/1105
vt 0.135700 0.929000
f 1106/2424/1106 1107/2426/1107 1105/2425/1105
vt 0.141600 0.921600
vt 0.126000 0.908600
f 1107/2427/1107 1106/2428/1106 994/2203/994
vt 0.162000 0.927800
vt 0.147000 0.915500
vt 0.153600 0.908500
f 1108/2429/1108 1107/2430/1107 1109/2431/1109
vt 0.167800 0.921200
f 1108/2429/1108 1109/2431/1109 1112/2432/1112
vt 0.183200 0.931700
f 1108/2429/1108 1112/2432/1112 1110/2433/1110
vt 0.177100 0.939100
f 1108/2429/1108 1110/2433/1110 1136/2434/1136
vt 0.192600 0.948600
f 1110/2433/1110 1111/2435/1111 1136/2434/1136
vt 0.175900 0.912600
vt 0.190900 0.922800
f 1110/2433/1110 1112/2436/1112 1115/2437/1115
vt 0.206200 0.931300
f 1110/2433/1110 1115/2437/1115 1113/2438/1113
vt 0.198400 0.941000
f 1110/2433/1110 1113/2438/1113 1111/2439/1111
vt 0.213900 0.949200
f 1113/2438/1113 1114/2440/1114 1111/2439/1111
vt 0.199500 0.913100
f 1113/2438/1113 1115/2441/1115 976/2164/976
f 1113/2438/1113 976/2164/976 975/2163/975
vt 0.221200 0.939400
f 1113/2438/1113 975/2163/975 1114/2442/1114
vt 0.194500 0.894700
f 1115/2441/1115 1116/2443/1116 978/2168/978
f 1115/2441/1115 978/2168/978 976/2165/976
vt 0.184900 0.903800
vt 0.177900 0.898150
f 1116/2443/1116 1115/2444/1115 1112/2445/1112
vt 0.170900 0.892500
vt 0.180700 0.884600
f 1116/2443/1116 1117/2446/1117 986/2447/986
f 1116/2443/1116 986/2191/986 984/2171/984
f 1116/2443/1116 984/2171/984 978/2169/978
f 986/2447/986 1117/2446/1117 990/2197/990
f 986/2447/986 990/2197/990 988/2195/988
f 1117/2446/1117 992/2199/992 990/2197/990
vt 0.161600 0.900700
f 1117/2448/1117 1112/2432/1112 1109/2431/1109
f 1117/2448/1117 1109/2201/1109 992/2199/992
vt 0.235900 0.947400
f 1118/2449/1118 1114/2442/1114 975/2163/975
f 1118/2449/1118 975/2163/975 974/2159/974
f 1118/2449/1118 974/2159/974 972/2155/972
vt 0.250000 0.954900
f 1118/2449/1118 972/2155/972 1119/2450/1119
vt 0.243100 0.966100
vt 0.251200 0.983400
vt 0.236800 0.975000
f 1119/2451/1119 1120/2452/1120 1121/2453/1121
vt 0.232700 0.966200
f 1119/2451/1119 1121/2453/1121 2037/2454/2037
vt 0.264000 0.961700
vt 0.256800 0.974200
f 1119/2451/1119 1122/2455/1122 1120/2456/1120
vt 0.590200 0.830400
vt 0.594700 0.810700
vt 0.606500 0.820900
f 1122/2457/1122 1123/2458/1123 1120/2459/1120
f 1122/2455/1122 1119/2450/1119 972/2155/972
vt 0.580200 0.819200
vt 0.569800 0.810100
f 1123/2458/1123 1122/2460/1122 1125/2461/1125
vt 0.559300 0.802000
vt 0.572200 0.793200
f 1125/2461/1125 1128/2462/1128 1126/2463/1126
vt 0.583200 0.801300
f 1125/2461/1125 1126/2463/1126 1123/2464/1123
f 1125/2461/1125 1122/2460/1122 970/2146/970
f 1125/2461/1125 970/2146/970 968/2144/968
f 1125/2461/1125 968/2144/968 1128/2143/1128
vt 0.593200 0.793600
f 1126/2463/1126 1124/2465/1124 1123/2464/1123
vt 0.549300 0.794600
vt 0.561900 0.785700
f 1126/2463/1126 1128/2466/1128 1127/2467/1127
vt 0.552600 0.778500
f 1128/2466/1128 1129/2468/1129 1127/2467/1127
vt 0.561300 0.771000
vt 0.571000 0.778100
f 1129/2468/1129 1130/2469/1130 1127/2470/1127
vt 0.531900 0.780400
vt 0.544100 0.771300
f 1129/2468/1129 1131/2471/1131 1130/2472/1130
vt 0.536200 0.764500
f 1131/2471/1131 1132/2473/1132 1130/2472/1130
vt 0.526400 0.795900
vt 0.518300 0.788900
f 1131/2471/1131 1129/2474/1129 1133/2475/1133
vt 0.510800 0.781800
f 1131/2471/1131 1133/2475/1133 964/2476/964
vt 0.503600 0.797000
vt 0.496600 0.789800
f 964/2475/964 965/2477/965 963/2478/963
f 1133/2475/1133 965/2478/965 964/2476/964
vt 0.543600 0.758100
vt 0.552700 0.764000
f 1132/2473/1132 953/2479/953 1130/2480/1130
vt 0.524400 0.773200
vt 0.517500 0.766100
f 1132/2473/1132 1131/2481/1131 964/2482/964
vt 0.566900 0.765700
vt 0.576800 0.772700
f 1134/2483/1134 952/2484/952 1127/2470/1127
f 1134/2483/1134 1127/2470/1127 1130/2469/1130
vt 0.581500 0.785600
f 952/2484/952 1126/2485/1126 1127/2470/1127
vt 0.587700 0.780000
f 952/2486/952 1124/2465/1124 1126/2485/1126
vt 0.599300 0.788200
vt 0.612400 0.796900
vt 0.605300 0.802900
f 1124/2487/1124 1229/2488/1229 1123/2489/1123
vt 0.627000 0.805800
vt 0.618600 0.812800
f 1229/2488/1229 1228/2490/1228 1120/2491/1120
f 1229/2488/1229 1120/2491/1120 1123/2489/1123
vt 0.247100 0.989500
f 1228/2492/1228 1121/2453/1121 1120/2452/1120
vt 0.203600 0.962900
vt 0.207800 0.957300
f 1226/2493/1226 1111/2435/1111 1114/2494/1114
vt 0.170500 0.947700
vt 0.185900 0.957800
vt 0.183400 0.961400
f 1136/2495/1136 1111/2496/1111 1225/2497/1225
vt 0.152300 0.940400
vt 0.155100 0.936600
f 1136/2495/1136 1135/2498/1135 1108/2499/1108
vt 0.133700 0.931800
f 1135/2498/1135 1137/2500/1137 1107/2426/1107
vt 0.138000 0.926100
f 1135/2498/1135 1107/2501/1107 1108/2499/1108
vt 0.149900 0.943800
vt 0.148000 0.946600
f 1137/2500/1137 1135/2502/1135 1224/2503/1224
f 1137/2500/1137 1105/2425/1105 1107/2426/1107
vt 0.116100 0.922300
vt 0.130000 0.937000
vt 0.114500 0.924700
f 1105/2504/1105 1137/2505/1137 1221/2506/1221
vt 0.099100 0.911900
f 1105/2504/1105 1221/2506/1221 1220/2507/1220
vt 0.829900 0.864500
vt 0.817300 0.846400
vt 0.831800 0.862500
f 997/2508/997 1138/2509/1138 1217/2510/1217
vt 0.082000 0.899800
vt 0.079800 0.901800
vt 0.067500 0.884700
f 997/2511/997 1217/2512/1217 1139/2513/1139
vt 0.047200 0.849300
vt 0.042800 0.840750
vt 0.041000 0.830400
f 1140/2514/1140 2041/2515/2041 1104/2516/1104
vt 0.038400 0.832200
vt 0.033900 0.814000
f 2038/2517/2038 1103/2518/1103 1104/2516/1104
vt 0.018500 0.802400
vt 0.022050 0.810650
vt 0.023700 0.820200
f 1141/2519/1141 2038/2520/2038 1142/2521/1142
vt 0.016800 0.803500
f 1141/2519/1141 1142/2521/1142 1143/2522/1143
vt 0.070500 0.203300
vt 0.072400 0.203100
vt 0.072100 0.218300
f 1141/2523/1141 1143/2524/1143 1144/2525/1144
vt 0.070200 0.218300
f 1141/2523/1141 1144/2525/1144 1145/2526/1145
vt 0.072100 0.233200
f 1145/2526/1145 1144/2525/1144 1146/2527/1146
vt 0.070300 0.233100
f 1145/2526/1145 1146/2527/1146 1147/2528/1147
vt 0.013100 0.785300
vt 0.008600 0.767900
f 1145/2529/1145 1147/2530/1147 1102/2409/1102
vt 0.071900 0.248700
f 1147/2528/1147 1146/2527/1146 1148/2531/1148
vt 0.070100 0.248500
f 1147/2528/1147 1148/2531/1148 1149/2532/1149
f 1147/2530/1147 1149/2410/1149 1101/2409/1101
vt 0.072200 0.264900
f 1149/2532/1149 1148/2531/1148 1150/2533/1150
vt 0.070300 0.264700
f 1149/2532/1149 1150/2533/1150 1151/2534/1151
vt 0.004500 0.749400
vt 0.001900 0.729500
f 1101/2535/1101 1149/2536/1149 1100/2411/1100
vt 0.071650 0.273100
vt 0.070600 0.281400
f 1151/2534/1151 2039/2537/2039 1099/2538/1099
vt 0.004900 0.709000
vt 0.004850 0.719200
f 1151/2536/1151 1099/2539/1099 872/2540/872
vt 0.073000 0.281500
vt 0.072100 0.298600
f 2039/2541/2039 1098/2542/1098 1099/2538/1099
vt 0.077700 0.298500
vt 0.078400 0.315400
f 1152/2543/1152 1097/2407/1097 2003/2544/2003
vt 0.090300 0.332500
vt 0.098100 0.350100
vt 0.095000 0.350500
f 1093/2545/1093 1153/2546/1153 1092/2547/1092
vt 0.106400 0.368000
vt 0.103400 0.368600
f 1153/2546/1153 1154/2548/1154 1091/2549/1091
vt 0.100500 0.369200
f 1153/2546/1153 1091/2550/1091 1092/2547/1092
vt 0.101000 0.349600
vt 0.104000 0.349200
f 1154/2548/1154 1153/2551/1153 1208/2552/1208
vt 0.115100 0.386900
vt 0.112000 0.387700
f 1154/2548/1154 1155/2553/1155 1090/2554/1090
vt 0.109100 0.388300
f 1154/2548/1154 1090/2555/1090 1091/2549/1091
vt 0.134900 0.424300
vt 0.135000 0.400800
vt 0.140700 0.419800
f 1089/2556/1089 1156/2557/1156 1205/2558/1205
vt 0.148000 0.436500
f 1089/2556/1089 1205/2558/1205 1157/2559/1157
vt 0.142500 0.442100
f 1089/2556/1089 1157/2559/1157 2054/2560/2054
vt 0.148000 0.414300
vt 0.155200 0.429600
f 1157/2559/1157 1205/2561/1205 1203/2562/1203
vt 0.166900 0.439300
f 1157/2559/1157 1203/2562/1203 1158/2563/1158
vt 0.160700 0.446200
f 1157/2559/1157 1158/2563/1158 1088/2564/1088
vt 0.156400 0.451400
f 1157/2559/1157 1088/2565/1088 1873/2560/1873
vt 0.164400 0.421300
vt 0.174900 0.431400
f 1158/2563/1158 1203/2566/1203 1160/2567/1160
vt 0.187700 0.438400
f 1158/2563/1158 1160/2567/1160 1159/2568/1159
vt 0.174050 0.442600
f 1158/2563/1158 1159/2568/1159 2004/2569/2004
vt 0.184700 0.422000
vt 0.195900 0.430100
f 1159/2568/1159 1160/2570/1160 1162/2571/1162
vt 0.209200 0.435900
f 1159/2568/1159 1162/2571/1162 1161/2572/1161
vt 0.202300 0.443700
f 1159/2568/1159 1161/2572/1161 1086/2573/1086
vt 0.196500 0.450500
vt 0.181200 0.445900
f 1159/2568/1159 1086/2574/1086 2004/2575/2004
vt 0.205800 0.420600
vt 0.218000 0.426900
f 1161/2572/1161 1162/2576/1162 1164/2577/1164
vt 0.231500 0.431700
f 1161/2572/1161 1164/2577/1164 1163/2578/1163
vt 0.223000 0.441300
f 1161/2572/1161 1163/2578/1163 1085/2579/1085
vt 0.216300 0.449200
f 1161/2572/1161 1085/2580/1085 1086/2573/1086
vt 0.228600 0.417000
vt 0.241200 0.422000
f 1163/2578/1163 1164/2581/1164 1165/2582/1165
vt 0.237000 0.445200
f 1163/2578/1163 1084/2583/1084 1085/2579/1085
vt 0.254400 0.426100
vt 0.263900 0.417000
vt 0.276300 0.421500
f 1165/2584/1165 1167/2585/1167 1166/2586/1166
vt 0.271850 0.426000
f 1165/2584/1165 1166/2586/1166 1082/2587/1082
vt 0.273500 0.408300
vt 0.285300 0.413300
f 1166/2586/1166 1167/2588/1167 1196/2589/1196
vt 0.296800 0.418500
f 1166/2586/1166 1168/2590/1168 1080/2386/1080
vt 0.305000 0.411100
vt 0.315900 0.416900
f 1168/2590/1168 1195/2591/1195 1169/2592/1169
f 1168/2590/1168 1169/2592/1169 1077/2383/1077
f 1168/2590/1168 1077/2385/1077 1080/2386/1080
vt 0.333400 0.416700
f 1169/2592/1169 1170/2593/1170 1075/2379/1075
f 1169/2592/1169 1075/2382/1075 1077/2383/1077
vt 0.348000 0.418900
vt 0.343700 0.422900
f 1170/2593/1170 1171/2594/1171 1073/2595/1073
f 1170/2593/1170 1073/2380/1073 1075/2379/1075
vt 0.360500 0.422700
vt 0.357800 0.425400
f 1171/2594/1171 1172/2596/1172 1072/2597/1072
vt 0.353700 0.429300
f 1171/2594/1171 1072/2598/1072 1073/2595/1073
vt 0.384800 0.430700
vt 0.375100 0.424400
vt 0.377500 0.421700
f 1173/2599/1173 1172/2600/1172 1191/2601/1191
vt 0.387000 0.427700
vt 0.396200 0.433900
f 1173/2599/1173 1191/2602/1191 1174/2603/1174
vt 0.392000 0.439200
vt 0.382800 0.433100
f 1173/2599/1173 1071/2604/1071 1172/2605/1172
vt 0.388800 0.425100
f 1174/2603/1174 1191/2602/1191 1175/2606/1175
vt 0.397900 0.431400
vt 0.407200 0.437900
f 1174/2603/1174 1175/2607/1175 1068/2608/1068
f 1068/2608/1068 1067/2365/1067 1174/2364/1174
vt 0.439400 0.448800
vt 0.450100 0.451200
vt 0.448500 0.454900
f 1066/2609/1066 1176/2610/1176 1065/2611/1065
vt 0.457400 0.460800
f 1176/2610/1176 1064/2612/1064 1065/2611/1065
vt 0.460200 0.454000
vt 0.451600 0.447300
vt 0.452800 0.443400
f 1064/2613/1064 1176/2614/1176 1188/2615/1188
vt 0.470100 0.456400
vt 0.461600 0.449600
vt 0.463200 0.445700
f 1064/2616/1064 1188/2617/1188 1187/2618/1187
vt 0.471800 0.451400
vt 0.480300 0.458800
f 1064/2616/1064 1187/2619/1187 1177/2620/1177
vt 0.478800 0.463000
f 1064/2616/1064 1177/2620/1177 1063/2621/1063
vt 0.490300 0.462100
vt 0.482000 0.454800
vt 0.483800 0.452600
f 1177/2622/1177 1187/2623/1187 1186/2624/1186
vt 0.492000 0.458400
vt 0.500300 0.464300
f 1177/2622/1177 1186/2625/1186 1185/2626/1185
vt 0.498600 0.469100
f 1177/2622/1177 1178/2626/1178 1062/2627/1062
vt 0.497200 0.473000
vt 0.488900 0.465900
f 1177/2622/1177 1062/2628/1062 1063/2629/1063
vt 0.511000 0.464400
vt 0.512600 0.461000
vt 0.521700 0.464700
f 1178/2630/1178 1185/2631/1185 1179/2632/1179
vt 0.519800 0.468900
f 1178/2630/1178 1179/2632/1179 1061/2633/1061
vt 0.517600 0.475300
vt 0.508900 0.469900
f 1178/2630/1178 1061/2634/1061 1062/2635/1062
vt 0.528600 0.472900
f 1179/2632/1179 1060/2636/1060 1061/2633/1061
vt 0.531800 0.465700
vt 0.542200 0.466300
vt 0.541000 0.468900
f 1179/2637/1179 1180/2638/1180 1059/2639/1059
vt 0.539300 0.471700
vt 0.530600 0.468300
f 1179/2637/1179 1059/2640/1059 1060/2641/1060
vt 0.561300 0.466700
vt 0.567500 0.472100
vt 0.560400 0.469700
f 1181/2642/1181 1058/2643/1058 1180/2644/1180
vt 0.568900 0.461400
vt 0.562600 0.457500
vt 0.568700 0.457200
f 1181/2645/1181 1182/2646/1182 85/2647/85
f 1181/2645/1181 85/2647/85 84/101/84
vt 0.554800 0.458400
vt 0.561700 0.463500
vt 0.554200 0.461500
f 1182/2648/1182 1181/2649/1181 1180/2650/1180
vt 0.525100 0.457200
vt 0.529500 0.458900
vt 0.532900 0.463100
f 1183/2651/1183 2040/2652/2040 1179/2653/1179
vt 0.515400 0.455800
vt 0.514000 0.458400
vt 0.505300 0.454300
f 1183/2654/1183 1179/2655/1179 1185/2656/1185
vt 0.495500 0.452700
vt 0.502200 0.460500
vt 0.493800 0.455600
f 1185/2657/1185 1178/2658/1178 1177/2659/1177
vt 0.443800 0.437600
f 1276/2660/1276 1188/2615/1188 1176/2614/1176
vt 0.433500 0.435000
vt 0.432200 0.438200
vt 0.422800 0.432200
f 1276/2661/1276 1176/2662/1176 1190/2663/1190
vt 0.424200 0.429000
f 1276/2661/1276 1190/2663/1190 1189/2664/1189
vt 0.413500 0.425800
vt 0.414900 0.422900
f 1190/2663/1190 1271/2665/1271 1189/2666/1189
vt 0.430300 0.442500
f 1190/2663/1190 1176/2662/1176 1066/2667/1066
vt 0.421300 0.435800
f 1190/2663/1190 1066/2667/1066 1068/2668/1068
vt 0.412100 0.429100
f 1190/2663/1190 1068/2668/1068 1271/2669/1271
vt 0.410500 0.432500
vt 0.401200 0.426100
f 1271/2669/1271 1068/2670/1068 1175/2671/1175
vt 0.367400 0.415900
vt 0.364900 0.418300
vt 0.354900 0.412300
f 1191/2672/1191 1172/2673/1172 1192/2674/1192
vt 0.357200 0.410400
f 1191/2672/1191 1192/2674/1192 1270/2675/1270
vt 0.362800 0.420300
vt 0.352900 0.414300
f 1192/2674/1192 1172/2676/1172 1171/2677/1171
vt 0.343100 0.408300
vt 0.350600 0.416500
vt 0.340800 0.410300
f 1192/2678/1192 1171/2679/1171 1170/2680/1170
vt 0.331200 0.404100
f 1192/2678/1192 1170/2680/1170 1194/2681/1194
vt 0.333800 0.402000
f 1192/2678/1192 1194/2681/1194 1193/2682/1193
vt 0.318100 0.400400
vt 0.328200 0.406500
vt 0.323000 0.410800
f 1194/2683/1194 1170/2684/1170 1169/2685/1169
vt 0.312400 0.404900
f 1194/2683/1194 1169/2685/1169 1195/2686/1195
vt 0.301900 0.399100
vt 0.313150 0.397400
f 1194/2683/1194 1195/2687/1195 2005/2688/2005
vt 0.283100 0.400300
vt 0.294100 0.405700
f 1196/2689/1196 1195/2690/1195 1168/2589/1168
f 1196/2689/1196 1168/2589/1168 1166/2588/1166
vt 0.261900 0.403200
f 1196/2689/1196 1167/2588/1167 1197/2691/1197
vt 0.251500 0.412500
vt 0.239700 0.407200
f 1197/2691/1197 1167/2692/1167 1198/2693/1198
vt 0.242000 0.391300
vt 0.251100 0.398100
f 1198/2693/1198 1200/2694/1200 1197/2695/1197
f 1198/2693/1198 1167/2692/1167 1165/2582/1165
f 1198/2693/1198 1165/2582/1165 1164/2581/1164
vt 0.217400 0.410400
f 1198/2693/1198 1164/2581/1164 1199/2696/1199
vt 0.229600 0.400600
f 1198/2693/1198 1199/2696/1199 1200/2697/1200
f 1199/2696/1199 1164/2577/1164 1162/2576/1162
vt 0.196100 0.412100
f 1199/2696/1199 1162/2576/1162 1201/2698/1201
vt 0.200600 0.392800
vt 0.208300 0.402400
f 1201/2698/1201 1202/2699/1202 1265/2700/1265
f 1201/2698/1201 1162/2571/1162 1160/2570/1160
vt 0.175500 0.411900
f 1202/2698/1202 1160/2570/1160 1203/2701/1203
vt 0.187700 0.402100
f 1201/2698/1201 1160/2701/1160 1202/2702/1202
vt 0.180500 0.390600
f 1203/2701/1203 1204/2703/1204 1202/2702/1202
vt 0.156800 0.407900
vt 0.167600 0.399700
f 1203/2701/1203 1205/2704/1205 1204/2705/1204
vt 0.161900 0.385000
f 1205/2704/1205 1206/2706/1206 1204/2705/1204
vt 0.142200 0.396800
f 1206/2707/1206 1205/2558/1205 1156/2557/1156
vt 0.129900 0.381700
vt 0.129600 0.392800
vt 0.124200 0.383900
f 1207/2708/1207 1206/2709/1206 1155/2710/1155
vt 0.118500 0.365200
vt 0.118750 0.375450
vt 0.113200 0.366500
f 2044/2711/2044 1207/2712/1207 1154/2713/1154
vt 0.108000 0.348400
f 2044/2711/2044 1154/2713/1154 1208/2714/1208
vt 0.099900 0.331400
f 1209/2715/1209 1208/2552/1208 1153/2551/1153
vt 0.096600 0.331800
f 1209/2715/1209 1153/2551/1153 1093/2716/1093
vt 0.092500 0.314700
f 1209/2715/1209 1093/2716/1093 1210/2717/1210
vt 0.093400 0.332200
vt 0.089500 0.315000
f 1210/2717/1210 1093/2718/1093 1097/2719/1097
vt 0.086400 0.298200
f 1210/2717/1210 1097/2719/1097 1152/2720/1152
vt 0.031600 0.837100
vt 0.025600 0.818900
vt 0.033400 0.835700
f 2041/2721/2041 1142/2722/1142 2038/2723/2038
vt 0.038050 0.844350
f 1211/2721/1211 1142/2723/1142 2041/2724/2041
vt 0.042700 0.853000
vt 0.053500 0.870100
vt 0.052000 0.871700
f 1211/2725/1211 1212/2726/1212 1214/2727/1214
vt 0.041200 0.854500
f 1212/2725/1212 1213/2727/1213 1214/2728/1214
vt 0.044900 0.851100
vt 0.055800 0.868100
f 1212/2725/1212 1140/2729/1140 1213/2730/1213
vt 0.065300 0.886700
f 1214/2727/1214 1213/2726/1213 1216/2731/1216
vt 0.063900 0.888200
f 1214/2727/1214 1216/2731/1216 1215/2732/1215
vt 0.077600 0.903800
vt 0.076500 0.905000
f 1215/2731/1215 1216/2733/1216 1218/2734/1218
f 1216/2731/1216 1217/2734/1217 1218/2732/1218
f 1216/2731/1216 1213/2730/1213 1139/2513/1139
f 1216/2731/1216 1139/2513/1139 1217/2512/1217
vt 0.834900 0.859000
vt 0.833900 0.860400
vt 0.818900 0.844200
f 1219/2735/1219 1217/2736/1217 1220/2737/1220
vt 0.819500 0.842900
f 1218/2735/1218 1217/2737/1217 1219/2738/1219
vt 0.802400 0.829600
vt 0.803100 0.828100
f 1220/2737/1220 1221/2739/1221 1222/2740/1222
f 1220/2737/1220 1222/2740/1222 1219/2738/1219
f 1220/2737/1220 1217/2510/1217 1138/2509/1138
vt 0.800900 0.832000
f 1220/2737/1220 1138/2509/1138 1105/2741/1105
vt 0.782300 0.820800
vt 0.798000 0.837000
vt 0.780700 0.823500
f 1223/2742/1223 1221/2743/1221 1137/2744/1137
vt 0.762900 0.810100
f 1223/2742/1223 1137/2744/1137 1224/2745/1224
vt 0.163900 0.956800
f 1136/2746/1136 1224/2503/1224 1135/2502/1135
vt 0.165900 0.953900
f 1234/2746/1234 1224/2502/1224 1136/2747/1136
vt 0.181100 0.964800
f 1234/2746/1234 1136/2747/1136 1225/2748/1225
vt 0.197800 0.970900
f 1226/2749/1226 1225/2497/1225 1111/2496/1111
vt 0.214600 0.976300
vt 0.213250 0.978000
f 1226/2749/1226 2036/2750/2036 2042/2751/2042
vt 0.226200 0.988500
vt 0.228800 0.985400
vt 0.243200 0.994400
f 1227/2752/1227 1121/2753/1121 1228/2754/1228
vt 0.622300 0.786700
vt 0.604100 0.783500
vt 0.608000 0.779000
f 1229/2755/1229 1124/2756/1124 1230/2757/1230
vt 0.611100 0.775300
vt 0.596100 0.771000
vt 0.598900 0.767700
f 1230/2758/1230 952/2759/952 805/2760/805
f 952/2759/952 1230/2757/1230 1124/2756/1124
vt 0.613700 0.771900
vt 0.603700 0.761600
vt 0.616000 0.768700
f 1230/2761/1230 805/2762/805 951/2763/951
vt 0.629900 0.775800
f 1230/2761/1230 951/2763/951 950/2764/950
vt 0.627700 0.779300
f 1230/2761/1230 950/2764/950 1229/2765/1229
vt 0.646800 0.781400
vt 0.644900 0.785200
f 950/2764/950 949/2766/949 1228/2767/1228
f 950/2764/950 1228/2767/1228 1229/2765/1229
vt 0.657400 0.782050
vt 0.667200 0.786000
f 949/2766/949 2006/2768/2006 1227/2769/1227
f 949/2766/949 1227/2769/1227 1228/2767/1228
vt 0.668000 0.782700
vt 0.688800 0.786500
vt 0.678000 0.786250
f 2006/2770/2006 2007/2771/2007 2042/2772/2042
vt 0.689200 0.783300
vt 0.709200 0.784800
vt 0.708500 0.787900
f 2007/2773/2007 1231/2774/1231 1226/2775/1226
vt 0.727000 0.791600
f 1231/2774/1231 1225/2776/1225 1226/2775/1226
vt 0.729200 0.785400
vt 0.710500 0.778900
vt 0.730200 0.782500
f 1225/2777/1225 1231/2778/1231 1232/2779/1232
vt 0.748500 0.792300
f 1225/2777/1225 1232/2779/1232 1234/2780/1234
vt 0.731200 0.779400
f 1234/2780/1234 1232/2779/1232 1233/2781/1233
vt 0.750000 0.789400
vt 0.767700 0.802000
f 1224/2780/1224 1234/2782/1234 1235/2783/1235
vt 0.751100 0.787300
f 1235/2783/1235 1234/2782/1234 1236/2784/1236
vt 0.768600 0.800300
f 1235/2783/1235 1236/2784/1236 1237/2785/1237
vt 0.786000 0.814000
f 1235/2783/1235 1237/2785/1237 1238/2786/1238
vt 0.785200 0.815500
f 1235/2783/1235 1238/2786/1238 1223/2787/1223
vt 0.783800 0.818200
vt 0.766100 0.804700
f 1235/2783/1235 1223/2788/1223 1224/2789/1224
f 1238/2786/1238 1222/2740/1222 1221/2739/1221
f 1238/2786/1238 1221/2739/1221 1223/2787/1223
vt 0.822600 0.838300
vt 0.806200 0.823300
vt 0.807800 0.820800
f 1240/2790/1240 1222/2791/1222 1239/2792/1239
vt 0.824200 0.836000
f 1219/2790/1219 1222/2792/1222 1240/2793/1240
vt 0.839100 0.851500
f 1219/2790/1219 1240/2793/1240 1241/2794/1241
vt 0.837700 0.854000
vt 0.836300 0.856500
f 1219/2790/1219 1241/2795/1241 1218/2796/1218
vt 0.854900 0.866000
vt 0.853600 0.868800
f 1218/2795/1218 1242/2797/1242 1215/2798/1215
f 1241/2795/1241 1242/2798/1242 1218/2796/1218
vt 0.871700 0.879100
vt 0.870200 0.881800
f 1215/2797/1215 1243/2799/1243 1214/2800/1214
f 1242/2797/1242 1243/2800/1243 1215/2798/1215
vt 0.888100 0.892100
vt 0.886700 0.894700
f 1214/2799/1214 1244/2801/1244 1211/2802/1211
f 1243/2799/1243 1244/2802/1244 1214/2800/1214
vt 0.083600 0.172400
vt 0.089100 0.155900
vt 0.086600 0.172500
f 1211/2803/1211 1244/2804/1244 1246/2805/1246
vt 0.085800 0.188400
f 1211/2803/1211 1246/2805/1246 1245/2806/1245
vt 0.082600 0.188300
f 1211/2803/1211 1245/2806/1245 1142/2807/1142
vt 0.084700 0.203700
vt 0.081600 0.203500
f 1245/2806/1245 1247/2808/1247 1143/2809/1143
f 1245/2806/1245 1143/2809/1143 1142/2807/1142
vt 0.083700 0.218900
vt 0.080800 0.218700
f 1143/2808/1143 1247/2810/1247 1144/2811/1144
f 1247/2808/1247 1248/2811/1248 1144/2809/1144
vt 0.083400 0.234100
vt 0.080500 0.233900
f 1144/2810/1144 1248/2812/1248 1146/2813/1146
f 1248/2810/1248 1249/2813/1249 1146/2811/1146
vt 0.080300 0.249200
f 1249/2812/1249 1148/2814/1148 1146/2813/1146
vt 0.083300 0.249400
vt 0.086600 0.265300
vt 0.083600 0.265200
f 1148/2815/1148 1250/2816/1250 1150/2817/1150
vt 0.086400 0.249500
vt 0.089700 0.249600
f 1250/2816/1250 1148/2818/1148 1251/2819/1251
vt 0.090100 0.265300
f 1250/2816/1250 1251/2819/1251 1328/2820/1328
vt 0.090600 0.281500
f 1250/2816/1250 1328/2820/1328 2043/2821/2043
vt 0.097300 0.297600
vt 0.092400 0.297900
f 2043/2821/2043 1252/2822/1252 1152/2823/1152
vt 0.089300 0.298100
vt 0.087400 0.281600
f 2043/2821/2043 1152/2824/1152 2039/2825/2039
vt 0.095100 0.281300
vt 0.100400 0.281000
f 1252/2822/1252 2043/2826/2043 1253/2827/1253
vt 0.105500 0.313400
vt 0.100100 0.314000
f 1252/2822/1252 1255/2828/1255 1210/2829/1210
vt 0.095700 0.314400
f 1252/2822/1252 1210/2830/1210 1152/2823/1152
vt 0.102600 0.297100
vt 0.108800 0.296400
f 1255/2828/1255 1252/2831/1252 1254/2832/1254
vt 0.103700 0.330900
f 1255/2828/1255 1209/2833/1209 1210/2829/1210
vt 0.114600 0.329100
vt 0.120400 0.311200
vt 0.123400 0.327300
f 1209/2834/1209 1255/2835/1255 1257/2836/1257
vt 0.127200 0.343900
f 1209/2834/1209 1257/2836/1257 1256/2837/1256
vt 0.119300 0.346000
f 1209/2834/1209 1256/2837/1256 1208/2838/1208
vt 0.134600 0.325000
vt 0.138000 0.341000
f 1256/2837/1256 1257/2839/1257 1259/2840/1259
vt 0.141800 0.357600
vt 0.136850 0.359350
f 1256/2837/1256 1259/2841/1259 2044/2842/2044
vt 0.124400 0.363400
f 1256/2837/1256 2044/2843/2044 1208/2838/1208
vt 0.157400 0.369200
vt 0.153800 0.353200
vt 0.166500 0.348200
f 1260/2844/1260 1258/2845/1258 1261/2846/1261
vt 0.170300 0.363000
vt 0.174700 0.377600
f 1260/2844/1260 1261/2847/1261 1262/2848/1262
f 1260/2844/1260 1262/2848/1262 1206/2706/1206
vt 0.150800 0.391600
vt 0.146100 0.374600
f 1260/2844/1260 1206/2849/1206 1207/2850/1207
vt 0.183500 0.356800
f 1262/2848/1262 1261/2847/1261 1263/2851/1263
vt 0.187900 0.370000
vt 0.193700 0.382000
f 1262/2848/1262 1263/2852/1263 1264/2853/1264
f 1262/2848/1262 1264/2853/1264 1204/2703/1204
f 1262/2848/1262 1204/2705/1204 1206/2706/1206
vt 0.213800 0.383900
f 1264/2853/1264 1265/2854/1265 1202/2699/1202
f 1264/2853/1264 1202/2702/1202 1204/2703/1204
vt 0.207200 0.373800
vt 0.220300 0.365900
f 1265/2854/1265 1264/2855/1264 1266/2856/1266
vt 0.226600 0.375200
vt 0.233900 0.383600
f 1265/2854/1265 1266/2857/1266 1200/2858/1200
vt 0.221100 0.392800
f 1265/2854/1265 1200/2859/1200 1199/2700/1199
f 1265/2854/1265 1199/2700/1199 1201/2699/1201
vt 0.238800 0.367200
f 1200/2858/1200 1266/2857/1266 1268/2860/1268
vt 0.245900 0.375500
vt 0.253600 0.383100
f 1200/2858/1200 1268/2861/1268 1267/2862/1267
vt 0.272400 0.382200
vt 0.267350 0.385900
f 1267/2862/1267 2008/2863/2008 2045/2864/2045
f 1267/2862/1267 1197/2695/1197 1200/2694/1200
vt 0.289100 0.382600
vt 0.302800 0.385300
vt 0.293750 0.385500
f 2008/2865/2008 2005/2866/2005 2045/2867/2045
vt 0.338700 0.398100
vt 0.341200 0.396000
vt 0.350100 0.402300
f 1193/2868/1193 1269/2869/1269 1270/2870/1270
vt 0.347700 0.404300
f 1193/2868/1193 1270/2870/1270 1192/2871/1192
vt 0.374200 0.408600
vt 0.368100 0.399400
vt 0.376600 0.405400
f 1191/2872/1191 1270/2873/1270 1272/2874/1272
vt 0.385200 0.411100
vt 0.383100 0.414200
f 1191/2872/1191 1272/2875/1272 1175/2876/1175
vt 0.395800 0.413500
vt 0.393900 0.416800
f 1272/2875/1272 1271/2877/1271 1175/2878/1175
vt 0.406200 0.416800
f 1273/2879/1273 1189/2666/1189 1271/2665/1271
vt 0.416500 0.420200
vt 0.407900 0.414100
vt 0.409500 0.411500
f 1189/2880/1189 1273/2881/1273 1274/2882/1274
vt 0.426900 0.423500
vt 0.425400 0.426200
f 1189/2880/1189 1274/2883/1274 1276/2884/1276
vt 0.428300 0.421100
vt 0.437200 0.426800
f 1274/2883/1274 1275/2885/1275 1276/2886/1276
vt 0.458100 0.432600
vt 0.448700 0.426700
vt 0.450100 0.424400
f 1188/2887/1188 1276/2888/1276 1347/2889/1347
vt 0.459400 0.430300
vt 0.468900 0.436100
f 1188/2887/1188 1347/2890/1347 1277/2891/1277
vt 0.467500 0.438200
f 1188/2887/1188 1277/2891/1277 1187/2892/1187
vt 0.476800 0.444000
f 1277/2891/1277 1186/2893/1186 1187/2892/1187
vt 0.490100 0.441400
vt 0.500100 0.443700
vt 0.498600 0.446600
f 1186/2894/1186 1278/2895/1278 1185/2896/1185
vt 0.510000 0.446100
vt 0.508400 0.448700
f 1278/2895/1278 1184/2897/1184 1185/2898/1185
vt 0.516700 0.453200
f 1184/2897/1184 1183/2899/1183 1185/2898/1185
vt 0.558100 0.451000
vt 0.563300 0.453200
f 1182/2900/1182 99/121/99 98/2901/98
vt 0.553100 0.445500
vt 0.547700 0.439000
vt 0.555700 0.443700
f 1182/2902/1182 1279/2903/1279 1280/2904/1280
f 1182/2902/1182 1280/2904/1280 99/127/99
vt 0.549900 0.436900
f 1280/2904/1280 1279/2903/1279 1281/2905/1281
vt 0.558100 0.442100
f 1280/2904/1280 1281/2905/1281 1282/2906/1282
f 99/2904/99 1282/2906/1282 102/128/102
f 1280/2904/1280 1282/128/1282 99/127/99
vt 0.552300 0.435200
vt 0.561000 0.441700
f 1282/2906/1282 1281/2907/1281 1283/2908/1283
f 1282/2906/1282 1283/2908/1283 86/103/86
f 1282/2906/1282 86/103/86 102/128/102
f 1283/2908/1283 84/101/84 86/103/86
vt 0.564500 0.442800
vt 0.567800 0.442500
f 1283/2909/1283 1284/2910/1284 78/94/78
f 1283/2909/1283 78/94/78 84/101/84
vt 0.580700 0.455500
f 1284/2910/1284 1285/2911/1285 78/94/78
vt 0.570400 0.441200
vt 0.573400 0.439900
f 1285/2911/1285 1284/2912/1284 1352/2913/1352
vt 0.583500 0.453400
f 1285/2911/1285 1352/2913/1352 1286/2914/1286
vt 0.598000 0.468900
f 1285/2911/1285 1286/2914/1286 1287/2915/1287
vt 0.595900 0.471400
f 1285/2911/1285 1287/2915/1287 1288/2916/1288
f 1285/2911/1285 1288/2916/1288 79/95/79
f 1285/2911/1285 79/95/79 78/94/78
f 1288/2916/1288 1051/2340/1051 79/95/79
vt 0.637900 0.475400
vt 0.625600 0.474100
vt 0.625800 0.469400
f 1290/2917/1290 1049/2918/1049 1289/2919/1289
vt 0.648300 0.464500
vt 0.643050 0.464700
vt 0.648650 0.460950
f 136/2920/136 1049/2921/1049 2046/2922/2046
vt 0.649000 0.457400
vt 0.659600 0.457100
vt 0.653000 0.461400
f 1291/2923/1291 1292/2924/1292 2046/2925/2046
vt 0.331600 0.060100
vt 0.336500 0.068600
vt 0.332300 0.072400
f 1292/2926/1292 1294/2927/1294 1293/2928/1293
vt 0.668500 0.476600
vt 0.673400 0.483600
f 1292/2929/1292 1293/2930/1293 136/2336/136
vt 0.327500 0.063900
vt 0.328300 0.074600
vt 0.322700 0.066500
f 1293/2931/1293 1295/2932/1295 148/2933/148
f 1293/2930/1293 148/2337/148 136/2336/136
vt 0.333300 0.087400
f 1293/2928/1293 1294/2934/1294 1295/2932/1295
vt 0.347800 0.093400
vt 0.337700 0.097400
f 1294/2934/1294 150/2935/150 1669/2936/1669
vt 0.331100 0.100000
vt 0.328300 0.089100
f 1294/2934/1294 1669/2937/1669 1295/2938/1295
vt 0.322900 0.090900
vt 0.316300 0.094300
vt 0.312600 0.084600
f 1295/2939/1295 1296/2940/1296 1297/2941/1297
vt 0.311800 0.071000
vt 0.318900 0.080100
f 1297/2941/1297 148/2942/148 1295/2943/1295
vt 0.301100 0.081000
vt 0.290300 0.079600
vt 0.295200 0.074400
f 1297/2944/1297 1299/2945/1299 1298/2946/1298
vt 0.679300 0.538900
vt 0.678700 0.543700
vt 0.668800 0.541900
f 1298/2947/1298 778/2948/778 777/2949/777
vt 0.669100 0.537800
f 1298/2947/1298 777/2949/777 1048/2950/1048
vt 0.285000 0.066900
vt 0.281100 0.073900
vt 0.278600 0.072900
f 1298/2951/1298 1299/2952/1299 778/2953/778
vt 0.275000 0.079600
f 1299/2952/1299 779/2954/779 778/2953/778
vt 0.277500 0.080500
vt 0.274800 0.087000
vt 0.272400 0.086400
f 1299/2955/1299 1677/2956/1677 779/2957/779
vt 0.273850 0.090500
vt 0.270200 0.093600
f 1677/2956/1677 1676/2958/1676 780/2959/780
f 1677/2956/1677 780/2959/780 779/2957/779
vt 0.271600 0.101300
vt 0.267700 0.109100
vt 0.268500 0.101000
f 1300/2960/1300 781/2961/781 780/2962/780
vt 0.267700 0.136400
vt 0.272600 0.136700
vt 0.272700 0.146800
f 925/2963/925 1301/2964/1301 1302/2965/1302
vt 0.263500 0.146500
vt 0.259600 0.157300
vt 0.259200 0.146700
f 1302/2966/1302 1303/2967/1303 926/2968/926
vt 0.259000 0.136500
f 1302/2966/1302 926/2968/926 925/2969/925
vt 0.254900 0.168200
vt 0.248400 0.179000
vt 0.249300 0.168100
f 1303/2970/1303 1304/2971/1304 927/2972/927
vt 0.249800 0.157600
f 1303/2970/1303 927/2972/927 926/2973/926
vt 0.231500 0.191200
vt 0.228800 0.180000
vt 0.231750 0.185550
f 1305/2974/1305 928/2975/928 927/2976/927
vt 0.221300 0.192300
vt 0.216500 0.192600
vt 0.217500 0.180700
f 1305/2977/1305 1306/2978/1306 928/2979/928
vt 0.209300 0.205000
vt 0.210100 0.192800
f 1306/2978/1306 1307/2980/1307 1308/2981/1308
vt 0.211300 0.180800
f 1306/2978/1306 1308/2981/1308 929/2982/929
f 1306/2978/1306 929/2982/929 928/2979/928
vt 0.200400 0.192600
vt 0.199200 0.205000
vt 0.187700 0.204700
f 1308/2983/1308 1307/2984/1307 1309/2985/1309
vt 0.188600 0.191800
f 1308/2983/1308 1309/2985/1309 1310/2986/1310
vt 0.190300 0.179100
f 1308/2983/1308 1310/2986/1310 930/2987/930
vt 0.202000 0.180200
f 1308/2983/1308 930/2987/930 929/2988/929
vt 0.174900 0.204200
f 1310/2986/1310 1309/2985/1309 1311/2989/1311
vt 0.176000 0.191000
vt 0.177900 0.177800
f 1310/2986/1310 1311/2990/1311 931/2991/931
f 1310/2986/1310 931/2991/931 930/2987/930
vt 0.161900 0.204000
vt 0.163300 0.190200
f 1311/2990/1311 2010/2992/2010 1312/2993/1312
f 1311/2990/1311 1312/2993/1312 931/2055/931
f 1312/2993/1312 933/2056/933 931/2055/931
vt 0.150400 0.189500
vt 0.148800 0.203700
vt 0.136100 0.203700
f 1312/2994/1312 2010/2995/2010 1313/2996/1313
vt 0.137600 0.189000
f 1312/2994/1312 1313/2997/1313 933/2058/933
vt 0.124300 0.203900
vt 0.125800 0.188900
f 1313/2997/1313 1314/2998/1314 1316/2999/1316
vt 0.127900 0.174000
f 1313/2997/1313 1316/2999/1316 1315/3000/1315
f 1313/2997/1313 1315/3000/1315 933/2058/933
f 1315/3000/1315 935/2059/935 933/2058/933
vt 0.116000 0.188800
vt 0.117900 0.173500
f 1315/3000/1315 1316/3001/1316 1317/3002/1317
vt 0.119900 0.158100
f 1315/3000/1315 1317/3002/1317 1318/3003/1318
f 1315/3000/1315 1318/3003/1318 935/2061/935
f 1318/3003/1318 937/2062/937 935/2061/935
vt 0.113900 0.141700
f 937/3004/937 939/2066/939 936/2065/936
vt 0.105700 0.157300
vt 0.108200 0.141000
f 937/3004/937 1318/3005/1318 1319/3006/1319
vt 0.111400 0.124600
f 937/3004/937 1319/3006/1319 939/3007/939
f 939/3007/939 1241/2070/1241 938/2069/938
vt 0.110400 0.107300
vt 0.106900 0.123900
vt 0.102900 0.123300
f 1241/3008/1241 939/3009/939 1242/3010/1242
vt 0.114900 0.072300
vt 0.108200 0.089400
vt 0.105400 0.088700
f 941/3011/941 940/3012/940 1240/3013/1240
vt 0.119800 0.054400
vt 0.112000 0.071600
vt 0.109200 0.070900
f 942/3014/942 941/3015/941 1239/3016/1239
vt 0.116800 0.053600
f 942/3014/942 1239/3016/1239 1238/3017/1238
vt 0.125200 0.036300
f 942/3014/942 1238/3017/1238 1237/3018/1237
vt 0.128200 0.037400
f 942/3014/942 1237/3018/1237 943/3019/943
vt 0.773500 0.792400
vt 0.757300 0.776300
vt 0.775000 0.789700
f 1237/3020/1237 944/3021/944 943/3022/943
vt 0.754100 0.781800
vt 0.770200 0.797700
vt 0.752500 0.784600
f 944/3023/944 1237/3024/1237 1236/3025/1236
vt 0.733100 0.773800
f 944/3023/944 1236/3025/1236 945/3026/945
vt 0.732100 0.776800
f 945/3026/945 1236/2784/1236 1320/3027/1320
vt 0.711800 0.772700
vt 0.721500 0.776050
vt 0.711200 0.775600
f 1321/3028/1321 2047/3029/2047 1322/3030/1322
vt 0.691000 0.774400
f 1321/3028/1321 1322/3030/1322 1323/3031/1323
vt 0.680800 0.774000
f 1323/3031/1323 947/3032/947 946/2089/946
f 2007/3031/2007 1322/3030/1322 1231/2778/1231
vt 0.700450 0.778150
f 1323/3031/1323 1322/2778/1322 2007/3033/2007
vt 0.669700 0.776400
f 1323/3031/1323 2006/3034/2006 947/3032/947
f 1231/3030/1231 1233/2781/1233 1232/2779/1232
f 1322/3030/1322 1233/2779/1233 1231/2778/1231
f 1320/3027/1320 1236/2784/1236 1234/2782/1234
f 1320/3027/1320 1234/2782/1234 1233/2781/1233
vt 0.790800 0.806200
f 1238/3035/1238 1239/2792/1239 1222/2791/1222
vt 0.102500 0.088200
f 941/3015/941 1240/3036/1240 1239/3016/1239
vt 0.102900 0.106000
f 1240/3013/1240 940/3012/940 1241/3037/1241
vt 0.096300 0.122300
vt 0.092800 0.139300
vt 0.089600 0.139000
f 1242/3038/1242 1319/3039/1319 1243/3040/1243
vt 0.092200 0.156300
f 1243/3039/1243 1324/3041/1324 1244/2804/1244
vt 0.086000 0.155600
f 1319/3039/1319 1324/3042/1324 1243/3040/1243
f 1324/3041/1324 1246/2805/1246 1244/2804/1244
vt 0.093300 0.172800
vt 0.092900 0.188500
vt 0.089000 0.188500
f 1246/3043/1246 1325/3044/1325 1245/3045/1245
vt 0.091600 0.204000
vt 0.087900 0.203800
f 1325/3044/1325 1326/3046/1326 1247/3047/1247
f 1325/3044/1325 1247/3047/1247 1245/3045/1245
vt 0.086500 0.219000
f 1326/3046/1326 1248/3048/1248 1247/3047/1247
vt 0.090000 0.219200
vt 0.093500 0.234700
vt 0.089400 0.234500
f 1248/3049/1248 1394/3050/1394 1249/3051/1249
vt 0.093500 0.249800
f 1249/3051/1249 1327/3050/1327 1251/3052/1251
f 1249/3051/1249 1251/2819/1251 1148/2818/1148
vt 0.099400 0.265100
vt 0.098400 0.249900
vt 0.104900 0.249700
f 1328/3053/1328 1251/3054/1251 1395/3055/1395
f 1328/3053/1328 1253/2827/1253 2043/2826/2043
vt 0.106800 0.280500
f 1253/3056/1253 1254/2832/1254 1252/2831/1252
vt 0.118000 0.295200
vt 0.115700 0.279900
vt 0.127100 0.278600
f 1254/3057/1254 1253/3058/1253 1329/3059/1329
vt 0.131900 0.309300
f 1254/3057/1254 1330/3060/1330 1255/2835/1255
vt 0.129200 0.293700
vt 0.141600 0.291800
f 1330/3060/1330 1254/3061/1254 1331/3062/1331
vt 0.147200 0.322100
f 1330/3060/1330 1332/3063/1332 1257/2839/1257
f 1330/3060/1330 1257/2836/1257 1255/2835/1255
vt 0.144200 0.306900
vt 0.157000 0.304200
f 1332/3063/1332 1330/3064/1330 1333/3065/1333
vt 0.163100 0.333400
vt 0.150300 0.337400
f 1332/3063/1332 1334/3066/1334 1259/3067/1259
f 1332/3063/1332 1259/2840/1259 1257/2839/1257
vt 0.176100 0.329000
vt 0.179700 0.343000
f 1334/3066/1334 1335/3068/1335 1336/3069/1336
f 1334/3066/1334 1336/3069/1336 1261/2846/1261
vt 0.152050 0.345300
f 1334/3066/1334 1261/2845/1261 1258/3070/1258
f 1336/3069/1336 1263/2851/1263 1261/2847/1261
vt 0.196800 0.350800
vt 0.192900 0.337900
vt 0.206000 0.332600
f 1263/3071/1263 1336/3072/1336 1337/3073/1337
vt 0.209900 0.344600
vt 0.214800 0.355700
f 1263/3071/1263 1337/3074/1337 1338/3075/1338
vt 0.201500 0.362900
f 1263/3071/1263 1338/3075/1338 1264/3076/1264
vt 0.222500 0.338400
f 1338/3075/1338 1337/3074/1337 1339/3077/1339
vt 0.227200 0.348800
vt 0.232800 0.358400
f 1338/3075/1338 1339/3078/1339 1340/3079/1340
f 1338/3075/1338 1340/3079/1340 1266/2856/1266
f 1338/3075/1338 1266/2856/1266 1264/2855/1264
f 1340/3079/1340 1268/2860/1268 1266/2857/1266
vt 0.250100 0.360400
vt 0.259600 0.354700
vt 0.265900 0.362700
f 1340/3080/1340 1403/3081/1403 1341/3082/1341
vt 0.256600 0.368500
f 1340/3080/1340 1341/3082/1341 1268/3083/1268
vt 0.272900 0.369900
vt 0.263900 0.375800
f 1341/3082/1341 2008/3084/2008 1267/3085/1267
f 1341/3082/1341 1267/3085/1267 1268/3083/1268
vt 0.312700 0.378600
vt 0.316200 0.376300
vt 0.324700 0.382500
f 2005/3086/2005 1342/3087/1342 1343/3088/1343
vt 0.332900 0.389100
vt 0.330000 0.391400
f 1343/3088/1343 1269/3089/1269 1193/3090/1193
vt 0.325650 0.388150
f 1343/3088/1343 1193/3090/1193 2005/3091/2005
vt 0.359700 0.393100
vt 0.351600 0.386900
vt 0.354500 0.383600
f 1270/3092/1270 1269/3093/1269 1344/3094/1344
vt 0.370800 0.395700
f 1344/3095/1344 1272/2874/1272 1270/2873/1270
vt 0.381200 0.398300
vt 0.372900 0.392500
vt 0.374600 0.389700
f 1272/3096/1272 1344/3097/1344 1406/3098/1406
vt 0.391100 0.401200
vt 0.392800 0.398400
vt 0.401000 0.404900
f 1272/3099/1272 1406/3100/1406 1345/3101/1345
vt 0.399700 0.407500
f 1272/3099/1272 1345/3101/1345 1273/3102/1273
vt 0.398100 0.410600
f 1272/3099/1272 1273/3102/1273 1271/3103/1271
f 1345/3101/1345 1274/2882/1274 1273/2881/1273
vt 0.411000 0.409000
vt 0.402700 0.402600
vt 0.404400 0.400200
f 1274/3104/1274 1345/3105/1345 1407/3106/1407
vt 0.412600 0.406500
vt 0.421100 0.412600
f 1274/3104/1274 1407/3107/1407 1275/3108/1275
vt 0.431000 0.415700
vt 0.422500 0.410100
vt 0.424000 0.407500
f 1275/3109/1275 1407/3110/1407 1346/3111/1346
vt 0.432700 0.413000
vt 0.441200 0.418800
f 1275/3109/1275 1346/3112/1346 1347/3113/1347
vt 0.439700 0.421300
f 1275/3109/1275 1347/3113/1347 1276/3114/1276
vt 0.473300 0.428100
vt 0.483700 0.431000
vt 0.482300 0.433600
f 1277/3115/1277 1348/3116/1348 1186/3117/1186
vt 0.492800 0.436000
vt 0.491500 0.438600
f 1348/3116/1348 1278/3118/1278 1186/3119/1186
vt 0.514900 0.436800
vt 0.506700 0.432200
vt 0.508700 0.428600
f 1184/3120/1184 1278/3121/1278 1413/3122/1413
vt 0.517100 0.433600
vt 0.524900 0.438600
f 1184/3120/1184 1413/3123/1413 1349/3124/1349
vt 0.519400 0.430600
f 1349/3124/1349 1413/3123/1413 1414/3125/1414
vt 0.530400 0.446400
vt 0.522600 0.441600
f 1349/3124/1349 1183/3126/1183 1184/3127/1184
vt 0.535000 0.440300
vt 0.537300 0.437400
vt 0.545400 0.441400
f 1349/3128/1349 1279/3129/1279 1182/3130/1182
vt 0.541000 0.446900
vt 0.536750 0.445100
f 1349/3128/1349 1182/3131/1182 2040/3132/2040
vt 0.539400 0.434500
vt 0.541300 0.431900
f 1279/3133/1279 1350/3134/1350 1281/2905/1281
vt 0.543600 0.429300
f 1350/3134/1350 1351/3135/1351 1281/2907/1281
vt 0.555100 0.433700
f 1351/3135/1351 1283/3136/1283 1281/2907/1281
vt 0.548200 0.424300
vt 0.560800 0.430900
vt 0.557800 0.432200
f 1351/3137/1351 1284/3138/1284 1283/3139/1283
vt 0.551500 0.422900
vt 0.563900 0.429400
f 1351/3140/1351 1352/3141/1352 1284/3138/1284
vt 0.554600 0.420800
vt 0.557800 0.418600
f 1352/3141/1352 1351/3142/1351 1366/3143/1366
vt 0.567000 0.427000
f 1352/3141/1352 1366/3143/1366 1353/3144/1353
vt 0.576000 0.437500
f 1352/3141/1352 1353/3144/1353 1354/3145/1354
vt 0.569800 0.425600
f 1354/3145/1354 1353/3144/1353 1355/3146/1355
vt 0.578800 0.436000
vt 0.588600 0.449000
f 1354/3145/1354 1355/3147/1355 1361/3148/1361
f 1354/3145/1354 1286/2914/1286 1352/2913/1352
vt 0.600800 0.461800
vt 0.614200 0.467400
vt 0.607200 0.466600
f 1287/3149/1287 1289/3150/1289 1051/3151/1051
f 1050/3150/1050 1289/2919/1289 1049/2918/1049
vt 0.614900 0.464300
vt 0.615800 0.459500
vt 0.626200 0.464500
f 1289/3152/1289 1356/3153/1356 1290/3154/1290
vt 0.628800 0.446900
vt 0.638600 0.448500
vt 0.633400 0.452500
f 1357/3155/1357 1291/3156/1291 2009/3157/2009
vt 0.639700 0.437800
vt 0.650600 0.436300
vt 0.649400 0.447700
f 1357/3158/1357 1358/3159/1358 1291/3160/1291
vt 0.660800 0.445800
f 1358/3159/1358 1292/3161/1292 1291/3160/1291
vt 0.662400 0.433000
vt 0.673500 0.430800
vt 0.670800 0.443800
f 1358/3162/1358 1359/3163/1359 1292/3164/1292
vt 0.356300 0.077000
vt 0.353300 0.085500
vt 0.343600 0.078000
f 1359/3165/1359 150/3166/150 1294/3167/1294
vt 0.347700 0.070700
f 1359/3165/1359 1294/3167/1294 1292/3168/1292
vt 0.671900 0.419600
vt 0.662200 0.422800
vt 0.661900 0.414300
f 1359/3169/1359 1358/3170/1358 137/3171/137
vt 0.670200 0.406500
f 1359/3169/1359 137/3171/137 138/3172/138
vt 0.365200 0.078600
vt 0.363300 0.087100
f 1359/3173/1359 138/185/138 149/3174/149
vt 0.651200 0.417700
f 1358/3170/1358 1357/3175/1357 137/3171/137
vt 0.623000 0.425700
vt 0.621600 0.434300
vt 0.617150 0.432250
f 2023/3176/2023 1357/3177/1357 2009/3178/2009
vt 0.612700 0.430200
vt 0.610600 0.437900
vt 0.601500 0.431000
f 116/3179/116 1356/3180/1356 1360/3181/1360
vt 0.594600 0.417700
vt 0.603600 0.424400
f 1360/3181/1360 1482/3182/1482 116/3183/116
vt 0.565300 0.412800
vt 0.574900 0.421800
vt 0.572300 0.423900
f 1362/3184/1362 1361/3185/1361 1363/3186/1363
vt 0.562700 0.414800
vt 0.553300 0.406600
f 1362/3184/1362 1363/3187/1363 1364/3188/1364
vt 0.560300 0.416700
f 1364/3188/1364 1363/3187/1363 1366/3189/1366
vt 0.542100 0.401100
vt 0.544600 0.398600
f 1364/3188/1364 1367/3190/1367 1365/3191/1365
vt 0.475800 0.389800
vt 0.484800 0.394800
vt 0.483100 0.397300
f 1369/3192/1369 1368/3193/1368 1417/3194/1417
vt 0.465300 0.387300
vt 0.474100 0.392200
vt 0.472500 0.394500
f 1369/3195/1369 1417/3196/1417 1370/3197/1370
vt 0.463700 0.389600
vt 0.455200 0.385200
f 1369/3195/1369 1370/3198/1370 1371/3199/1371
vt 0.448400 0.378800
vt 0.456700 0.382900
f 1371/3199/1371 1372/3200/1372 1369/3201/1369
vt 0.258800 0.298800
vt 0.251300 0.290100
vt 0.254500 0.289100
f 1377/3202/1377 1379/3203/1379 1378/3204/1378
vt 0.250800 0.279200
f 1379/3203/1379 1380/3205/1380 1378/3204/1378
vt 0.244800 0.280900
vt 0.247500 0.280400
f 1379/3203/1379 1381/3206/1381 1380/3207/1380
vt 0.241800 0.270100
vt 0.243900 0.269700
f 1381/3206/1381 1382/3208/1382 1383/3209/1383
f 1381/3206/1381 1383/3209/1383 1380/3207/1380
vt 0.209300 0.228600
vt 0.215900 0.216100
vt 0.216500 0.227700
f 1387/3210/1387 1386/3211/1386 1385/3212/1385
vt 0.198800 0.217500
vt 0.208900 0.216800
f 1309/3213/1309 1307/2980/1307 1387/3214/1387
vt 0.198900 0.229600
vt 0.187000 0.230400
f 1309/3213/1309 1387/3215/1387 1388/3216/1388
vt 0.187000 0.217600
vt 0.174200 0.217500
vt 0.174550 0.210850
f 1309/3217/1309 1388/3218/1388 1389/3219/1389
f 1389/3218/1389 2010/2992/2010 1311/2989/1311
vt 0.161200 0.217700
vt 0.148400 0.218000
vt 0.148600 0.210850
f 1389/3220/1389 1390/3221/1390 2010/3222/2010
vt 0.148600 0.232400
vt 0.136200 0.233100
f 1391/3221/1391 1390/3223/1390 1392/3224/1392
f 1391/3221/1391 1313/2996/1313 2010/2995/2010
vt 0.135700 0.218300
vt 0.124300 0.233600
vt 0.123600 0.218800
f 1391/3225/1391 1392/3226/1392 1393/3227/1393
f 1391/3225/1391 1393/3227/1393 1314/2998/1314
f 1391/3225/1391 1314/2998/1314 1313/2996/1313
vt 0.113800 0.234100
f 1393/3227/1393 1392/3226/1392 1327/3228/1327
vt 0.114700 0.204100
vt 0.113900 0.219100
vt 0.105900 0.219300
f 1314/3229/1314 1393/3230/1393 1394/3231/1394
vt 0.106900 0.204200
f 1314/3229/1314 1394/3231/1394 1326/3232/1326
vt 0.108100 0.188800
f 1314/3229/1314 1326/3232/1326 1316/3233/1316
vt 0.100000 0.204200
vt 0.102100 0.188700
f 1316/3233/1316 1326/3234/1326 1325/3235/1325
vt 0.103400 0.173100
f 1316/3233/1316 1325/3235/1325 1317/3236/1317
vt 0.097000 0.188600
vt 0.098100 0.172900
f 1317/3236/1317 1325/3237/1325 1246/3238/1246
vt 0.100400 0.157000
f 1317/3236/1317 1246/3238/1246 1324/3239/1324
f 1317/3236/1317 1324/3239/1324 1318/3005/1318
vt 0.099400 0.219400
vt 0.094400 0.219300
f 1326/3234/1326 1394/3240/1394 1248/3241/1248
f 1394/3240/1394 1327/3050/1327 1249/3241/1249
vt 0.104800 0.234500
f 1327/3242/1327 1394/3231/1394 1393/3230/1393
f 1327/3242/1327 1395/3055/1395 1251/3054/1251
vt 0.113800 0.249300
f 1395/3243/1395 1327/3228/1327 1392/3226/1392
vt 0.125600 0.263800
vt 0.114100 0.264600
f 1395/3243/1395 1396/3244/1396 1328/3245/1328
vt 0.124800 0.248700
vt 0.136900 0.247900
f 1396/3244/1396 1395/3246/1395 1397/3247/1397
vt 0.138000 0.262500
vt 0.139800 0.277100
f 1396/3244/1396 1397/3248/1397 1329/3249/1329
f 1396/3244/1396 1329/3059/1329 1253/3058/1253
f 1396/3244/1396 1253/3058/1253 1328/3245/1328
vt 0.150800 0.261000
f 1329/3249/1329 1397/3248/1397 1398/3250/1398
vt 0.152500 0.275300
vt 0.154500 0.289700
f 1329/3249/1329 1398/3251/1398 1331/3252/1331
f 1329/3249/1329 1331/3062/1331 1254/3061/1254
vt 0.165400 0.273400
f 1331/3252/1331 1398/3251/1398 1399/3253/1399
vt 0.167500 0.287300
vt 0.170100 0.301100
f 1331/3252/1331 1399/3254/1399 1333/3255/1333
f 1331/3252/1331 1333/3065/1333 1330/3064/1330
vt 0.180600 0.284800
vt 0.183200 0.298000
f 1333/3255/1333 1399/3256/1399 1400/3257/1400
vt 0.186100 0.311400
f 1333/3255/1333 1400/3257/1400 1335/3258/1335
vt 0.196000 0.294800
vt 0.199100 0.307600
f 1335/3258/1335 1400/3259/1400 1401/3260/1401
vt 0.202500 0.320100
vt 0.189500 0.324700
f 1335/3258/1335 1401/3261/1401 1336/3262/1336
vt 0.214200 0.315700
vt 0.218200 0.327500
f 1401/3261/1401 1402/3263/1402 1337/3264/1337
f 1401/3261/1401 1337/3073/1337 1336/3072/1336
vt 0.224800 0.311400
vt 0.228900 0.322400
f 1337/3264/1337 1402/3265/1402 1339/3266/1339
vt 0.248300 0.337100
vt 0.254700 0.333900
vt 0.260000 0.342900
f 1339/3267/1339 1446/3268/1446 1403/3269/1403
vt 0.253900 0.346000
vt 0.243900 0.351700
f 1339/3267/1339 1403/3270/1403 1340/3271/1340
vt 0.291000 0.359100
vt 0.295100 0.356900
vt 0.301400 0.363600
f 2008/3272/2008 1404/3273/1404 1342/3274/1342
vt 0.294250 0.362500
f 1341/3272/1341 1404/3274/1404 2008/3275/2008
vt 0.336100 0.374000
vt 0.346900 0.377300
vt 0.343800 0.380500
f 1343/3276/1343 1405/3277/1405 1269/3278/1269
f 1405/3277/1405 1344/3094/1344 1269/3093/1269
vt 0.366400 0.384200
vt 0.358600 0.378600
vt 0.360400 0.376500
f 1344/3279/1344 1405/3280/1405 1448/3281/1448
vt 0.368100 0.381900
vt 0.376200 0.387300
f 1344/3279/1344 1448/3282/1448 1449/3283/1449
f 1344/3279/1344 1449/3283/1449 1406/3098/1406
vt 0.396100 0.394000
vt 0.388000 0.387900
vt 0.389400 0.385900
f 1345/3284/1345 1406/3285/1406 1451/3286/1451
vt 0.416000 0.401700
vt 0.407800 0.395600
vt 0.409300 0.393600
f 1407/3287/1407 1345/3288/1345 1408/3289/1408
vt 0.417600 0.399700
vt 0.425400 0.405600
f 1407/3287/1407 1408/3290/1408 1409/3291/1409
f 1407/3287/1407 1409/3291/1409 1346/3111/1346
vt 0.435900 0.408500
vt 0.433900 0.411300
f 1409/3291/1409 1410/3292/1410 1346/3293/1346
vt 0.442500 0.416500
f 1410/3292/1410 1347/3294/1347 1346/3293/1346
vt 0.457700 0.414200
vt 0.451400 0.406100
vt 0.459800 0.411500
f 1347/3295/1347 1410/3296/1410 1411/3297/1411
vt 0.468500 0.417100
vt 0.466500 0.419800
f 1347/3295/1347 1411/3298/1411 1277/3299/1277
vt 0.479000 0.420000
vt 0.476900 0.422900
f 1411/3298/1411 1412/3300/1412 1348/3301/1348
vt 0.475100 0.425500
f 1411/3298/1411 1348/3301/1348 1277/3302/1277
vt 0.489500 0.422200
vt 0.481400 0.416900
vt 0.484400 0.413800
f 1348/3303/1348 1412/3304/1412 1413/3305/1413
vt 0.500400 0.423800
vt 0.498100 0.427500
f 1348/3303/1348 1413/3306/1413 1278/3307/1278
vt 0.511000 0.425500
vt 0.502600 0.420500
vt 0.504800 0.417700
f 1414/3308/1414 1413/3309/1413 1453/3310/1453
vt 0.521400 0.427700
vt 0.531300 0.429700
vt 0.529400 0.432800
f 1414/3311/1414 1279/3312/1279 1349/3313/1349
vt 0.523300 0.424800
vt 0.525100 0.422100
vt 0.533200 0.426900
f 1414/3314/1414 1415/3315/1415 1350/3316/1350
f 1414/3314/1414 1350/3316/1350 1279/3312/1279
vt 0.512400 0.406700
vt 0.520800 0.411500
vt 0.518800 0.414400
f 1416/3317/1416 1367/3318/1367 1415/3319/1415
vt 0.502100 0.404700
vt 0.500400 0.407400
vt 0.491900 0.402400
f 1416/3320/1416 1415/3321/1415 1417/3322/1417
vt 0.493600 0.399800
f 1416/3320/1416 1417/3322/1417 1368/3323/1368
vt 0.498600 0.410100
f 1417/3322/1417 1415/3321/1415 1453/3324/1453
vt 0.490200 0.404900
vt 0.481500 0.399700
f 1417/3322/1417 1453/3325/1453 1418/3326/1418
f 1418/3326/1418 1370/3197/1370 1417/3196/1417
vt 0.450700 0.393200
vt 0.458700 0.397600
vt 0.456500 0.400500
f 1371/3327/1371 1370/3328/1370 1419/3329/1419
vt 0.439700 0.391000
vt 0.428400 0.387700
vt 0.431100 0.385200
f 1371/3330/1371 1452/3331/1452 1374/3332/1374
vt 0.406300 0.380800
vt 0.395300 0.377700
vt 0.401750 0.378050
f 1374/3333/1374 1420/3334/1420 1373/3335/1373
vt 0.375800 0.371600
vt 0.383900 0.376600
vt 0.382400 0.378500
f 1373/3336/1373 1420/3337/1420 1421/3338/1421
vt 0.374200 0.373700
f 1373/3336/1373 1421/3338/1421 1422/3339/1422
vt 0.367300 0.368100
f 1373/3336/1373 1422/3339/1422 1423/3340/1423
vt 0.369000 0.366300
f 1373/3336/1373 1423/3340/1423 1375/3341/1375
vt 0.372800 0.375300
f 1423/3340/1423 1422/3339/1422 1424/3342/1424
vt 0.365300 0.370400
f 1423/3340/1423 1424/3342/1424 1425/3343/1425
vt 0.359100 0.364700
f 1423/3340/1423 1425/3343/1425 1426/3344/1426
vt 0.361000 0.362900
f 1423/3340/1423 1426/3344/1426 1375/3345/1375
vt 0.363600 0.372200
f 1426/3344/1426 1425/3343/1425 1427/3346/1427
vt 0.357500 0.366800
f 1426/3344/1426 1427/3346/1427 1428/3347/1428
vt 0.351700 0.361000
f 1426/3344/1426 1428/3347/1428 1429/3348/1429
vt 0.353900 0.359000
f 1426/3344/1426 1429/3348/1429 1375/3349/1375
vt 0.355600 0.368700
f 1429/3348/1429 1428/3347/1428 1430/3350/1430
vt 0.349900 0.362800
vt 0.344700 0.357100
f 1429/3348/1429 1430/3351/1430 1431/3352/1431
vt 0.347100 0.355200
f 1429/3348/1429 1431/3352/1431 1375/3353/1375
vt 0.339800 0.351300
vt 0.342900 0.349600
f 1431/3352/1431 1376/3354/1376 1375/3355/1375
vt 0.265600 0.318000
vt 0.260500 0.309000
vt 0.264200 0.307700
f 1434/3356/1434 1379/3357/1379 1377/3358/1377
vt 0.269900 0.316400
f 1434/3356/1434 1377/3358/1377 1433/3359/1433
vt 0.233900 0.283700
vt 0.237100 0.294500
vt 0.230300 0.296600
f 1381/3360/1381 1379/3361/1379 1435/3362/1435
vt 0.227100 0.285400
vt 0.224300 0.274100
f 1381/3360/1381 1435/3363/1435 1436/3364/1436
vt 0.230900 0.272500
f 1381/3360/1381 1436/3364/1436 1382/3365/1382
vt 0.221500 0.262500
vt 0.227800 0.261200
f 1436/3364/1436 1384/3366/1384 1382/3367/1382
vt 0.213200 0.264500
vt 0.215500 0.276300
vt 0.205200 0.279000
f 1384/3368/1384 1436/3369/1436 1438/3370/1438
vt 0.203000 0.266600
vt 0.201300 0.254300
f 1384/3368/1384 1438/3371/1438 1437/3372/1437
vt 0.199800 0.241900
vt 0.210000 0.240500
f 1437/3372/1437 1387/3373/1387 1385/3374/1385
vt 0.211300 0.252400
f 1437/3372/1437 1385/3374/1385 1384/3375/1384
vt 0.187900 0.243200
f 1437/3376/1437 1388/3216/1388 1387/3215/1387
vt 0.176400 0.257900
vt 0.175000 0.244500
f 1437/3376/1437 1442/3377/1442 1439/3378/1439
vt 0.174100 0.231000
f 1437/3376/1437 1439/3378/1439 1388/3379/1388
vt 0.162200 0.245700
vt 0.168150 0.238100
f 1388/3378/1388 1440/3380/1440 1389/3381/1389
vt 0.161300 0.231700
f 1439/3378/1439 1440/3382/1440 1388/3379/1388
vt 0.149400 0.246800
f 1440/3380/1440 1439/3250/1439 1441/3383/1441
f 1440/3380/1440 1441/3383/1441 1390/3223/1390
f 1441/3383/1441 1398/3250/1398 1397/3248/1397
f 1441/3383/1441 1397/3247/1397 1392/3224/1392
f 1441/3383/1441 1392/3224/1392 1390/3223/1390
vt 0.163700 0.259600
f 1442/3384/1442 1399/3253/1399 1398/3251/1398
vt 0.178400 0.271500
vt 0.189100 0.256100
vt 0.191100 0.269100
f 1442/3385/1442 1437/3386/1437 1438/3387/1438
vt 0.193500 0.282000
f 1442/3385/1442 1438/3387/1438 1443/3388/1443
f 1442/3385/1442 1443/3388/1443 1399/3256/1399
vt 0.207900 0.291400
f 1443/3388/1443 1438/3370/1438 1444/3389/1444
f 1443/3388/1443 1444/3389/1444 1400/3259/1400
f 1443/3388/1443 1400/3257/1400 1399/3256/1399
f 1444/3389/1444 1438/3370/1438 1436/3369/1436
vt 0.218300 0.288000
f 1444/3389/1444 1436/3369/1436 1435/3390/1435
vt 0.221500 0.299700
vt 0.210900 0.303600
f 1444/3389/1444 1435/3391/1435 1402/3392/1402
f 1444/3389/1444 1402/3392/1402 1401/3260/1401
f 1444/3389/1444 1401/3260/1401 1400/3259/1400
vt 0.234000 0.307400
f 1435/3391/1435 1445/3393/1445 1402/3265/1402
f 1445/3393/1445 1435/3362/1435 1379/3361/1379
vt 0.240600 0.304900
vt 0.244600 0.315100
f 1445/3393/1445 1379/3394/1379 1446/3395/1446
vt 0.238000 0.318000
f 1445/3393/1445 1446/3395/1446 1339/3396/1339
f 1445/3393/1445 1339/3266/1339 1402/3265/1402
vt 0.245400 0.303200
vt 0.250000 0.312900
f 1446/3395/1446 1379/3397/1379 1434/3398/1434
vt 0.263900 0.329700
vt 0.264600 0.340600
vt 0.259500 0.331600
f 1434/3399/1434 1403/3400/1403 1446/3401/1446
vt 0.272800 0.336800
vt 0.276900 0.335000
vt 0.282900 0.342600
f 1403/3402/1403 1434/3403/1434 1404/3404/1404
vt 0.278800 0.344600
f 1403/3402/1403 1404/3404/1404 1341/3405/1341
vt 0.281300 0.333000
f 1404/3404/1404 1434/3403/1434 1433/3406/1433
vt 0.304300 0.352000
vt 0.297700 0.345700
vt 0.302000 0.343700
f 1404/3407/1404 1433/3408/1433 1432/3409/1432
vt 0.309000 0.349700
vt 0.315900 0.355400
f 1404/3407/1404 1432/3410/1432 1447/3411/1447
vt 0.310800 0.358200
f 1404/3407/1404 1447/3411/1447 1342/3412/1342
vt 0.313600 0.347600
vt 0.320700 0.353100
f 1447/3411/1447 1432/3413/1432 1376/3414/1376
vt 0.327100 0.358800
f 1447/3411/1447 1376/3414/1376 2048/3415/2048
vt 0.330200 0.361850
vt 0.329200 0.367600
f 1447/3415/1447 2048/3416/2048 1342/3417/1342
vt 0.336900 0.362700
vt 0.334500 0.355100
vt 0.339800 0.360700
f 2048/3418/2048 1376/3419/1376 1431/3420/1431
vt 0.343000 0.368600
vt 0.339800 0.371100
f 2048/3418/2048 1405/3421/1405 1343/3422/1343
vt 0.345500 0.366500
vt 0.342300 0.358800
vt 0.347500 0.364600
f 2048/3423/2048 1431/3424/1431 1430/3425/1430
vt 0.353500 0.370800
f 2048/3423/2048 1430/3425/1430 1405/3426/1405
vt 0.362100 0.374500
f 1405/3426/1405 1430/3350/1430 1448/3427/1448
f 1448/3427/1448 1430/3350/1430 1428/3347/1428
f 1448/3427/1448 1428/3347/1428 1427/3346/1427
vt 0.371300 0.377600
f 1448/3427/1448 1427/3346/1427 1449/3428/1449
f 1449/3428/1449 1427/3346/1427 1425/3343/1425
f 1449/3428/1449 1425/3343/1425 1424/3342/1424
vt 0.380700 0.380700
f 1449/3428/1449 1424/3342/1424 1450/3429/1450
vt 0.379300 0.382900
f 1449/3428/1449 1450/3429/1450 1406/3430/1406
f 1450/3429/1450 1424/3342/1424 1422/3339/1422
f 1450/3429/1450 1422/3339/1422 1421/3338/1421
vt 0.391100 0.383900
f 1450/3429/1450 1421/3338/1421 1451/3431/1451
f 1450/3429/1450 1451/3286/1451 1406/3285/1406
f 1451/3431/1451 1421/3338/1421 1420/3337/1420
vt 0.392500 0.382000
vt 0.401100 0.387500
f 1451/3431/1451 1420/3432/1420 1408/3433/1408
vt 0.393800 0.380000
vt 0.402900 0.385500
f 1408/3433/1408 1420/3434/1420 1374/3435/1374
vt 0.399300 0.389600
f 1408/3433/1408 1345/3288/1345 1451/3436/1451
vt 0.421800 0.394800
vt 0.413200 0.389300
vt 0.415400 0.386600
f 1408/3437/1408 1374/3438/1374 1452/3439/1452
vt 0.432700 0.397700
vt 0.430200 0.400400
f 1408/3437/1408 1452/3440/1452 1409/3441/1409
vt 0.438400 0.405800
f 1452/3440/1452 1410/3442/1410 1409/3441/1409
vt 0.443300 0.400700
vt 0.437300 0.393200
vt 0.444500 0.399450
f 1410/3443/1410 1452/3444/1452 1419/3445/1419
vt 0.453800 0.403400
vt 0.457950 0.406050
f 1419/3446/1419 1370/3447/1370 1411/3297/1411
f 1419/3446/1419 1411/3297/1411 1410/3296/1410
vt 0.464900 0.405600
vt 0.467200 0.402500
f 1411/3448/1411 1370/3328/1370 1418/3449/1418
vt 0.486500 0.410600
vt 0.479900 0.402200
vt 0.488500 0.407700
f 1412/3450/1412 1418/3451/1418 1453/3452/1453
vt 0.496600 0.412800
vt 0.494500 0.415800
f 1412/3450/1412 1453/3453/1453 1413/3454/1413
vt 0.506900 0.414900
vt 0.516900 0.417100
vt 0.515000 0.419800
f 1453/3455/1453 1415/3456/1415 1414/3457/1414
f 1397/3247/1397 1395/3246/1395 1392/3226/1392
vt 0.216100 0.204400
vt 0.221100 0.203800
f 1386/3211/1386 1306/3458/1306 1305/3459/1305
f 1386/3211/1386 1387/3214/1387 1307/2980/1307
f 1386/3211/1386 1307/2980/1307 1306/3458/1306
vt 0.226000 0.226300
vt 0.228500 0.213800
vt 0.229800 0.225500
f 1386/3460/1386 1305/3461/1305 1454/3462/1454
vt 0.230900 0.237300
f 1385/3460/1385 1454/3462/1454 1455/3463/1455
vt 0.227200 0.237700
f 1386/3460/1386 1454/3463/1454 1385/3464/1385
vt 0.231800 0.225300
f 1455/3463/1455 1454/3462/1454 1456/3465/1456
vt 0.233400 0.237000
f 1455/3463/1455 1456/3465/1456 1457/3466/1457
vt 0.235500 0.248100
vt 0.232600 0.248600
f 1455/3463/1455 1457/3467/1457 1384/3468/1384
vt 0.229200 0.249200
f 1455/3463/1455 1384/3469/1384 1385/3464/1385
vt 0.241100 0.258500
vt 0.238500 0.259000
f 1457/3467/1457 1383/3470/1383 1382/3471/1382
vt 0.235300 0.259700
f 1457/3467/1457 1382/3472/1382 1384/3468/1384
vt 0.289000 0.309500
vt 0.284400 0.300800
vt 0.292300 0.298000
f 1433/3473/1433 1377/3474/1377 1458/3475/1458
vt 0.300400 0.315600
vt 0.304100 0.304300
vt 0.307900 0.313200
f 1433/3476/1433 1458/3477/1458 1459/3478/1459
vt 0.313100 0.321200
vt 0.324600 0.326800
vt 0.319400 0.328300
f 1459/3479/1459 1460/3480/1460 1432/3481/1432
vt 0.313700 0.330100
vt 0.306500 0.323300
f 1459/3479/1459 1432/3482/1432 1433/3483/1433
vt 0.335900 0.331100
vt 0.329200 0.333200
f 1460/3480/1460 1376/3484/1376 1432/3485/1432
vt 0.347600 0.334000
vt 0.353600 0.335150
vt 0.350300 0.339200
f 1460/3486/1460 1461/3487/1461 1376/3488/1376
vt 0.357200 0.331400
vt 0.368900 0.329200
vt 0.369900 0.332900
f 1461/3489/1461 1605/3490/1605 70/3491/70
vt 0.359600 0.336300
f 1461/3489/1461 70/3491/70 71/3492/71
vt 0.381500 0.330100
vt 0.396800 0.335200
vt 0.381200 0.332200
f 1462/3493/1462 1600/3494/1600 1463/3495/1463
f 1462/3493/1462 1463/3495/1463 70/85/70
vt 0.373600 0.338800
vt 0.367300 0.342000
vt 0.365700 0.341900
f 70/3496/70 1464/3497/1464 71/3498/71
vt 0.365300 0.346800
vt 0.362800 0.347500
f 1464/3497/1464 1465/3499/1465 1375/3500/1375
f 1464/3497/1464 1375/3500/1375 71/3498/71
vt 0.367800 0.350700
vt 0.365500 0.351900
f 1465/3499/1465 64/3501/64 1375/3502/1375
vt 0.372200 0.354000
vt 0.374700 0.360100
vt 0.370200 0.355500
f 64/3503/64 1373/3504/1373 1375/3505/1375
vt 0.372400 0.346500
vt 0.373500 0.344200
vt 0.377100 0.345600
f 1465/3506/1465 1464/3507/1464 1466/3508/1466
vt 0.375300 0.347400
f 1465/3506/1465 1466/3508/1466 1467/3509/1467
vt 0.375300 0.350200
f 1465/3506/1465 1467/3509/1467 64/3510/64
vt 0.381300 0.348200
f 1467/3509/1467 1466/3508/1466 1468/3511/1468
vt 0.380100 0.350800
f 1467/3509/1467 1468/3511/1468 1469/3512/1469
vt 0.379600 0.352900
f 1467/3509/1467 1469/3513/1469 64/3510/64
vt 0.387400 0.351500
f 1469/3512/1469 1468/3511/1468 1470/3514/1470
vt 0.386800 0.354100
vt 0.386200 0.356300
f 1469/3512/1469 1470/3515/1470 1471/3516/1471
vt 0.385700 0.358400
vt 0.379300 0.354800
f 1469/3516/1469 1373/3517/1373 64/3518/64
f 1471/3516/1471 1373/3518/1373 1469/3513/1469
vt 0.417800 0.368200
vt 0.407000 0.360900
vt 0.407200 0.359200
f 1374/3519/1374 1373/3520/1373 1472/3521/1472
vt 0.418900 0.366000
f 1374/3519/1374 1472/3521/1472 1473/3522/1473
vt 0.429700 0.371900
f 1374/3519/1374 1473/3522/1473 1474/3523/1474
vt 0.419200 0.364100
f 1474/3523/1474 1473/3522/1473 1475/3524/1475
vt 0.430800 0.370200
f 1474/3523/1474 1475/3524/1475 1476/3525/1476
vt 0.439900 0.374500
f 1474/3523/1474 1476/3525/1476 1372/3526/1372
vt 0.438600 0.376700
f 1474/3523/1474 1372/3526/1372 1371/3527/1371
vt 0.437500 0.379400
vt 0.428300 0.373900
f 1474/3523/1474 1371/3528/1371 1374/3529/1374
vt 0.492200 0.382500
vt 0.484400 0.373700
vt 0.493900 0.378700
f 1368/3530/1368 1477/3531/1477 1487/3532/1487
vt 0.503300 0.384300
vt 0.501300 0.387700
f 1368/3530/1368 1478/3533/1478 1416/3534/1416
vt 0.514700 0.385700
vt 0.512500 0.389300
f 1478/3533/1478 1479/3535/1479 1416/3536/1416
vt 0.526500 0.387100
vt 0.524300 0.390100
f 1479/3535/1479 1485/3537/1485 1367/3538/1367
vt 0.521800 0.393800
f 1479/3535/1479 1367/3539/1367 1416/3536/1416
vt 0.538100 0.390000
vt 0.535800 0.392400
f 1485/3537/1485 1480/3540/1480 1367/3541/1367
vt 0.549500 0.394500
vt 0.547100 0.396500
f 1480/3540/1480 1481/3542/1481 1365/3543/1365
f 1480/3540/1480 1365/3191/1365 1367/3541/1367
vt 0.561200 0.400200
vt 0.558500 0.402500
f 1481/3542/1481 1362/3544/1362 1364/3545/1364
vt 0.555800 0.404600
f 1481/3542/1481 1364/3546/1364 1365/3543/1365
vt 0.585100 0.410300
vt 0.592500 0.422400
vt 0.583400 0.413900
f 1482/3547/1482 1360/3548/1360 1361/3549/1361
vt 0.600000 0.401100
vt 0.609800 0.400100
vt 0.609500 0.404900
f 1482/3550/1482 1517/3551/1517 116/3552/116
vt 0.577900 0.395800
vt 0.586300 0.406700
vt 0.581500 0.403300
f 1483/3553/1483 1482/3554/1482 1361/3555/1361
vt 0.567100 0.391400
f 1483/3556/1483 32/39/32 31/38/31
vt 0.557000 0.386800
vt 0.560300 0.392300
vt 0.554600 0.390000
f 32/3557/32 1483/3558/1483 1481/3559/1481
vt 0.545000 0.383600
vt 0.547300 0.381100
f 32/3557/32 1481/3560/1481 1484/3561/1484
vt 0.532100 0.379900
vt 0.542600 0.385700
vt 0.540200 0.387800
f 1484/3562/1484 1481/3563/1481 1480/3564/1480
vt 0.530300 0.382200
f 1484/3562/1484 1480/3564/1480 1485/3565/1485
vt 0.519800 0.377400
vt 0.521300 0.375100
f 1484/3562/1484 1485/3566/1485 1510/3567/1510
vt 0.510600 0.370300
f 1485/3566/1485 1486/3568/1486 1510/3567/1510
vt 0.508100 0.375000
vt 0.518400 0.379700
vt 0.516800 0.382200
f 1486/3569/1486 1485/3570/1485 1479/3571/1479
vt 0.506800 0.377500
vt 0.496700 0.372300
f 1486/3569/1486 1479/3572/1479 1478/3573/1478
vt 0.487700 0.363700
vt 0.497900 0.369800
f 1487/3573/1487 1488/3574/1488 1486/3575/1486
vt 0.505200 0.380700
f 1487/3573/1487 1486/3572/1486 1478/3576/1478
vt 0.495400 0.375300
vt 0.485500 0.370200
f 1487/3573/1487 1478/3577/1478 1368/3578/1368
vt 0.476400 0.362000
vt 0.486700 0.367200
f 1489/3578/1489 1490/3579/1490 1487/3580/1487
f 1489/3578/1489 1487/3532/1487 1477/3531/1477
vt 0.474600 0.368900
f 1489/3578/1489 1477/3531/1477 1491/3581/1491
vt 0.465300 0.360700
vt 0.475500 0.365500
f 1491/3581/1491 1492/3582/1492 1489/3583/1489
vt 0.473900 0.372700
vt 0.464300 0.368300
f 1491/3581/1491 1477/3584/1477 1493/3585/1493
vt 0.454700 0.360200
vt 0.464900 0.364400
f 1493/3585/1493 1494/3586/1494 1491/3587/1491
vt 0.464200 0.372300
vt 0.454600 0.368000
f 1493/3585/1493 1477/3588/1477 1495/3589/1495
vt 0.444400 0.363800
vt 0.444600 0.360300
f 1495/3589/1495 1496/3590/1496 1493/3591/1493
vt 0.459000 0.371750
f 1495/3589/1495 1477/3588/1477 1369/3592/1369
vt 0.463400 0.375500
vt 0.454100 0.371300
f 1495/3589/1495 1369/3593/1369 1372/3594/1372
vt 0.444200 0.367000
f 1495/3589/1495 1372/3594/1372 1497/3595/1497
f 1495/3589/1495 1497/3595/1497 1496/3590/1496
vt 0.433900 0.360400
f 1497/3595/1497 1498/3596/1498 1496/3590/1496
vt 0.443400 0.369800
vt 0.433100 0.365800
f 1497/3595/1497 1372/3597/1372 1499/3598/1499
vt 0.421600 0.360900
vt 0.422200 0.358800
f 1499/3598/1499 1500/3599/1500 1501/3600/1501
vt 0.433600 0.363200
f 1499/3598/1499 1501/3600/1501 1497/3601/1497
vt 0.441900 0.372100
vt 0.432100 0.368000
f 1499/3598/1499 1372/3602/1372 1476/3603/1476
vt 0.420800 0.362800
f 1499/3598/1499 1476/3603/1476 1500/3604/1500
f 1500/3604/1500 1476/3525/1476 1475/3524/1475
vt 0.407000 0.357800
f 1500/3604/1500 1475/3524/1475 1503/3605/1503
vt 0.407300 0.356100
f 1500/3604/1500 1503/3605/1503 1502/3606/1502
vt 0.396100 0.349500
f 1503/3605/1503 63/3607/63 1502/3606/1502
f 1503/3605/1503 1475/3524/1475 1473/3522/1473
f 1503/3605/1503 1473/3522/1473 1472/3521/1472
vt 0.396500 0.353500
f 1503/3605/1503 1472/3521/1472 63/3608/63
vt 0.407800 0.354300
f 1502/3609/1502 1501/3600/1501 1500/3599/1500
vt 0.422600 0.356500
vt 0.434200 0.357200
f 1501/3610/1501 1599/3611/1599 1504/3596/1504
f 1501/3610/1501 1498/3596/1498 1497/3601/1497
vt 0.444600 0.356500
f 1496/3611/1496 1505/3612/1505 1493/3591/1493
f 1504/3611/1504 1505/3591/1505 1496/3590/1496
f 1504/3611/1504 1496/3590/1496 1498/3596/1498
vt 0.434400 0.353900
vt 0.434600 0.350200
f 1505/3612/1505 1504/3613/1504 27/3614/27
vt 0.444700 0.352500
vt 0.454900 0.356200
f 1505/3612/1505 27/3615/27 1506/3616/1506
f 1505/3612/1505 1506/3616/1506 1494/3586/1494
vt 0.454600 0.364000
f 1505/3612/1505 1494/3586/1494 1493/3617/1493
vt 0.455400 0.351300
vt 0.465800 0.356400
f 1506/3616/1506 27/3618/27 1507/3619/1507
f 1506/3616/1506 1492/3582/1492 1491/3587/1491
f 1506/3616/1506 1491/3587/1491 1494/3586/1494
vt 0.456700 0.344700
vt 0.466900 0.351400
f 1492/3619/1492 1506/3620/1506 1507/3621/1507
vt 0.477400 0.357600
f 1492/3619/1492 1507/3621/1507 1490/3622/1490
f 1492/3619/1492 1490/3579/1490 1489/3583/1489
vt 0.468800 0.346600
vt 0.478700 0.353600
f 1490/3622/1490 1507/3623/1507 1508/3624/1508
vt 0.488900 0.360500
f 1490/3622/1490 1508/3624/1508 1488/3625/1488
f 1490/3622/1490 1488/3574/1488 1487/3580/1487
vt 0.490200 0.357400
vt 0.500100 0.364700
f 1488/3625/1488 1508/3626/1508 1509/3627/1509
vt 0.499000 0.367300
f 1488/3625/1488 1509/3627/1509 1486/3628/1486
vt 0.512400 0.367700
f 1509/3627/1509 1510/3629/1510 1486/3568/1486
vt 0.538200 0.371500
vt 0.549600 0.376100
f 1484/3630/1484 30/37/30 32/3631/32
vt 0.540600 0.365500
vt 0.529900 0.362400
vt 0.531400 0.358600
f 1484/3632/1484 1510/3633/1510 1511/3634/1511
vt 0.540100 0.360500
vt 0.548500 0.362700
f 1484/3632/1484 1511/3635/1511 30/3636/30
vt 0.546100 0.357600
f 1511/3635/1511 1512/3637/1512 30/3636/30
vt 0.550100 0.355000
vt 0.551600 0.358400
f 1512/3637/1512 20/3638/20 1513/3639/1513
vt 0.554100 0.362900
f 1512/3637/1512 1513/3639/1513 30/3640/30
vt 0.539200 0.356100
f 1512/3637/1512 1511/3641/1511 21/23/21
f 1512/3637/1512 21/23/21 20/22/20
vt 0.555500 0.355300
f 1513/3639/1513 20/3638/20 1514/3642/1514
vt 0.558000 0.362200
vt 0.561700 0.358400
vt 0.563300 0.362000
f 1513/3643/1513 1515/3644/1515 1516/3645/1516
vt 0.561200 0.367800
vt 0.557800 0.368800
f 1513/3643/1513 1516/3646/1516 30/3647/30
vt 0.565200 0.374100
vt 0.562400 0.374900
f 1516/3646/1516 1864/3648/1864 31/3649/31
f 1516/3646/1516 31/3649/31 30/3647/30
vt 0.570100 0.384100
f 1864/3648/1864 1483/3650/1483 31/3649/31
vt 0.582000 0.386300
vt 0.578850 0.381300
vt 0.583700 0.381800
f 1482/3651/1482 1483/3652/1483 1518/3653/1518
vt 0.593300 0.387300
vt 0.602400 0.392300
vt 0.600700 0.396300
f 1518/3654/1518 1517/3655/1517 1482/3656/1482
vt 0.608200 0.383000
vt 0.622100 0.379000
vt 0.618400 0.387800
f 1517/3657/1517 1519/3658/1519 1548/3659/1548
vt 0.598200 0.378400
vt 0.600700 0.372000
f 1517/3657/1517 1518/3660/1518 1519/3661/1519
vt 0.587700 0.373900
vt 0.589500 0.368800
f 1519/3661/1519 1518/3662/1518 1520/3663/1520
vt 0.590700 0.362700
vt 0.579900 0.362100
vt 0.580100 0.357500
f 1520/3664/1520 1864/3665/1864 1522/3666/1522
vt 0.579600 0.352800
vt 0.590100 0.351200
f 1522/3666/1522 1521/3667/1521 1520/3668/1520
vt 0.570400 0.362000
f 1522/3666/1522 1864/3665/1864 1516/3669/1516
vt 0.569900 0.354300
f 1522/3666/1522 1523/3670/1523 1521/3667/1521
vt 0.570200 0.357900
f 1523/3670/1523 1522/3671/1522 1515/3644/1515
vt 0.561500 0.355300
f 1523/3670/1523 1515/3644/1515 1514/3672/1514
vt 0.560400 0.351800
vt 0.566100 0.346500
vt 0.568600 0.350800
f 1514/3673/1514 1525/3674/1525 1523/3675/1523
vt 0.552500 0.347700
vt 0.554000 0.351600
vt 0.548800 0.351300
f 1525/3676/1525 1514/3677/1514 1524/3678/1524
vt 0.547100 0.343500
vt 0.543600 0.343300
vt 0.543100 0.339600
f 1535/3679/1535 1525/3680/1525 1526/3681/1526
vt 0.538700 0.342100
f 1526/3681/1526 1525/3680/1525 22/3682/22
vt 0.539500 0.335600
vt 0.539200 0.338800
vt 0.535200 0.336900
f 1526/3683/1526 22/3684/22 1527/3685/1527
vt 0.505800 0.314600
vt 0.503400 0.305900
vt 0.508500 0.313200
f 1530/3686/1530 1532/3687/1532 1528/3688/1528
vt 0.479400 0.291500
vt 0.485000 0.298000
f 1531/3689/1531 1530/3690/1530 48/46/48
vt 0.477200 0.295200
f 1531/3689/1531 48/46/48 1974/3691/1974
vt 0.475000 0.282400
vt 0.468700 0.274000
vt 0.477800 0.280300
f 1974/3692/1974 1573/3693/1573 1531/3694/1531
vt 0.462900 0.280700
vt 0.466000 0.276400
f 1974/3692/1974 100/3695/100 1573/3696/1573
vt 0.493200 0.291100
vt 0.495600 0.300200
vt 0.490500 0.293100
f 1532/3697/1532 1530/3698/1530 1531/3699/1531
vt 0.506300 0.304300
vt 0.511300 0.311800
f 1532/3700/1532 1529/3701/1529 1528/3688/1528
vt 0.531100 0.321100
vt 0.528100 0.314100
vt 0.531100 0.313400
f 1527/3702/1527 1529/3703/1529 1533/3704/1533
vt 0.538200 0.325800
vt 0.541000 0.325400
vt 0.541800 0.330700
f 1533/3705/1533 1563/3706/1563 1526/3707/1526
vt 0.539100 0.331100
vt 0.536100 0.330700
f 1533/3705/1533 1526/3708/1526 1527/3709/1527
vt 0.544400 0.329800
f 1563/3706/1563 1534/3710/1534 1526/3707/1526
vt 0.548000 0.333700
vt 0.545200 0.334900
f 1534/3710/1534 1535/3711/1535 1526/3712/1526
vt 0.547300 0.328700
vt 0.552200 0.328100
f 1535/3711/1535 1534/3713/1534 1536/3714/1536
vt 0.552200 0.332600
f 1535/3711/1535 1536/3714/1536 1537/3715/1537
vt 0.553800 0.337700
f 1535/3711/1535 1537/3715/1537 1538/3716/1538
vt 0.549400 0.338500
f 1535/3711/1535 1538/3716/1538 1525/3717/1525
vt 0.560400 0.332500
f 1538/3716/1538 1537/3715/1537 1539/3718/1539
vt 0.562100 0.337300
f 1538/3716/1538 1539/3718/1539 1540/3719/1540
vt 0.563600 0.341900
f 1538/3716/1538 1540/3719/1540 1541/3720/1541
vt 0.556000 0.342700
f 1538/3716/1538 1541/3720/1541 1525/3721/1525
vt 0.571800 0.334700
f 1541/3720/1541 1540/3719/1540 1542/3722/1542
vt 0.573600 0.338900
f 1541/3720/1541 1542/3722/1542 1543/3723/1543
vt 0.575900 0.343400
f 1541/3720/1541 1543/3723/1543 1544/3724/1544
f 1541/3720/1541 1544/3724/1544 1525/3674/1525
vt 0.584700 0.335400
f 1544/3724/1544 1543/3723/1543 1553/3725/1553
vt 0.586800 0.340300
vt 0.589100 0.345700
f 1544/3724/1544 1553/3726/1553 1545/3727/1545
vt 0.578300 0.347900
f 1544/3724/1544 1545/3727/1545 1521/3728/1521
f 1544/3724/1544 1521/3728/1521 1523/3675/1523
f 1544/3724/1544 1523/3675/1523 1525/3674/1525
f 1545/3727/1545 1520/3668/1520 1521/3667/1521
vt 0.601200 0.350300
vt 0.613200 0.358100
vt 0.602000 0.356900
f 1545/3729/1545 1546/3730/1546 1520/3731/1520
vt 0.624000 0.369800
vt 0.612700 0.366600
f 1546/3730/1546 1547/3732/1547 1519/3733/1519
vt 0.601700 0.364200
f 1546/3730/1546 1519/3734/1519 1520/3731/1520
vt 0.632200 0.384100
f 1547/3732/1547 1548/3735/1548 1519/3658/1519
vt 0.635300 0.373700
vt 0.646100 0.377600
f 1548/3735/1548 1547/3736/1547 1549/3737/1549
vt 0.642300 0.389600
vt 0.652900 0.392800
vt 0.651000 0.403300
f 1548/3738/1548 1549/3739/1549 137/3740/137
vt 0.643425 0.395975
f 1548/3738/1548 137/3740/137 2023/3741/2023
vt 0.664700 0.382700
vt 0.663600 0.394800
f 1549/3739/1549 1550/3742/1550 137/3743/137
vt 0.671300 0.371600
vt 0.673700 0.382400
f 1550/3742/1550 134/3744/134 146/3745/146
vt 0.672200 0.393700
f 1550/3742/1550 146/3745/146 138/3746/138
f 1550/3742/1550 138/3746/138 137/3743/137
vt 0.655500 0.381400
vt 0.654600 0.368500
f 1550/3742/1550 1549/3747/1549 1551/3748/1551
vt 0.662600 0.369800
f 1550/3742/1550 1551/3748/1551 134/3749/134
vt 0.657500 0.356200
f 1551/3748/1551 129/3750/129 134/3749/134
vt 0.643900 0.356200
vt 0.647300 0.366600
vt 0.636300 0.364100
f 133/3751/133 1551/3752/1551 1547/3753/1547
vt 0.623100 0.346000
vt 0.611100 0.343400
vt 0.609500 0.338700
f 115/3754/115 1546/3755/1546 1552/3756/1552
vt 0.599600 0.343600
f 1552/3756/1552 1546/3755/1546 1545/3757/1545
vt 0.597800 0.337700
f 1552/3756/1552 1545/3757/1545 1553/3758/1553
vt 0.596100 0.332900
vt 0.594800 0.328600
vt 0.607000 0.328900
f 1553/3759/1553 1554/3760/1554 1655/3761/1655
vt 0.608200 0.333200
f 1553/3759/1553 1655/3761/1655 1552/3762/1552
vt 0.583100 0.331100
vt 0.581700 0.327000
vt 0.593700 0.324500
f 1554/3763/1554 1555/3764/1555 1556/3765/1556
f 1554/3763/1554 1553/3725/1553 1543/3723/1543
f 1554/3763/1554 1543/3723/1543 1542/3722/1542
vt 0.570200 0.330100
f 1554/3763/1554 1542/3722/1542 1557/3766/1557
f 1554/3763/1554 1557/3766/1557 1555/3764/1555
vt 0.580300 0.322900
f 1557/3766/1557 1558/3767/1558 1555/3764/1555
f 1557/3766/1557 1542/3722/1542 1540/3719/1540
f 1557/3766/1557 1540/3719/1540 1539/3718/1539
vt 0.559600 0.327400
f 1557/3766/1557 1539/3718/1539 1559/3768/1559
vt 0.567800 0.320700
vt 0.568900 0.325500
f 1559/3768/1559 1560/3769/1560 1557/3770/1557
f 1559/3768/1559 1539/3718/1539 1537/3715/1537
f 1559/3768/1559 1537/3715/1537 1536/3714/1536
vt 0.551200 0.323000
f 1559/3768/1559 1536/3714/1536 1561/3771/1561
vt 0.559100 0.322700
f 1559/3768/1559 1561/3771/1561 1560/3772/1560
f 1561/3771/1561 1536/3714/1536 1534/3713/1534
vt 0.545300 0.318300
vt 0.546200 0.323700
vt 0.543600 0.324700
f 1561/3773/1561 1534/3774/1534 1563/3775/1563
vt 0.542200 0.318900
vt 0.539500 0.311300
f 1561/3773/1561 1563/3776/1563 1650/3777/1650
vt 0.536600 0.312000
vt 0.532700 0.302600
f 1650/3777/1650 1563/3778/1563 1564/3779/1564
vt 0.535700 0.301600
f 1650/3777/1650 1564/3779/1564 1562/3780/1562
vt 0.533900 0.312700
f 1564/3779/1564 1563/3778/1563 1533/3781/1533
vt 0.529800 0.303700
f 1564/3779/1564 1533/3781/1533 1565/3782/1565
vt 0.524600 0.294500
vt 0.527700 0.293000
f 1564/3779/1564 1565/3783/1565 1562/3784/1562
vt 0.522100 0.283200
f 1565/3783/1565 1567/3785/1567 1562/3784/1562
vt 0.521700 0.295900
vt 0.516300 0.287000
f 1565/3783/1565 1566/3786/1566 1567/3787/1567
vt 0.518800 0.297500
f 1567/3787/1567 1566/3786/1566 1569/3788/1569
vt 0.513400 0.288900
vt 0.507400 0.280500
f 1567/3787/1567 1569/3789/1569 1570/3790/1570
vt 0.509900 0.278200
f 1567/3787/1567 1570/3790/1570 1568/3791/1568
vt 0.500300 0.272400
vt 0.502900 0.270100
f 1570/3790/1570 1571/3792/1571 1568/3793/1568
vt 0.463600 0.263700
vt 0.468850 0.266700
vt 0.471400 0.272000
f 1572/3794/1572 2049/3795/2049 1573/3796/1573
vt 0.433100 0.254200
vt 0.446100 0.261800
f 1574/3797/1574 1572/3798/1572 101/125/101
vt 0.302300 0.194400
vt 0.304800 0.204200
vt 0.297600 0.205300
f 1581/3799/1581 1580/3800/1580 1582/3801/1582
vt 0.294900 0.184800
vt 0.295900 0.195400
vt 0.290600 0.196000
f 1581/3802/1581 1582/3803/1582 1583/3804/1583
vt 0.289900 0.185500
vt 0.289500 0.174900
f 1637/3802/1637 1583/3805/1583 1584/3806/1584
vt 0.285300 0.186200
f 1584/3806/1584 1583/3805/1583 1585/3807/1585
vt 0.279000 0.156200
vt 0.273200 0.156700
f 1632/3808/1632 1584/3809/1584 1586/2965/1586
vt 0.269000 0.167200
vt 0.268200 0.156700
f 1632/3809/1632 1586/3810/1586 1302/3811/1302
vt 0.264500 0.178100
vt 0.264400 0.167700
f 1586/3810/1586 1587/3812/1587 1303/3813/1303
vt 0.263900 0.157100
f 1586/3810/1586 1303/3814/1303 1302/3811/1302
vt 0.259400 0.189200
vt 0.259500 0.199900
vt 0.253700 0.200600
f 1587/3815/1587 1588/3816/1588 1304/3817/1304
vt 0.254400 0.178900
vt 0.259600 0.178500
f 1587/3815/1587 1304/3818/1304 1303/3819/1303
vt 0.259500 0.210900
f 1589/3817/1589 1588/3816/1588 1616/3820/1616
vt 0.245600 0.212200
vt 0.239400 0.201800
vt 0.246500 0.201200
f 1589/3821/1589 1305/3822/1305 1304/3823/1304
vt 0.239300 0.212900
vt 0.235600 0.224700
vt 0.235300 0.213400
f 1589/3824/1589 1456/3825/1456 1590/3826/1590
vt 0.234800 0.202200
f 1589/3824/1589 1590/3826/1590 1305/3827/1305
vt 0.231700 0.213500
f 1590/3828/1590 1456/3465/1456 1454/3462/1454
f 1590/3828/1590 1454/3462/1454 1305/3461/1305
vt 0.239500 0.224200
vt 0.240200 0.235600
f 1456/3825/1456 1589/3829/1589 1591/3830/1591
vt 0.236700 0.236200
f 1456/3825/1456 1591/3830/1591 1457/3831/1457
vt 0.245900 0.245800
vt 0.244300 0.257700
vt 0.241900 0.246800
f 1591/3832/1591 1383/3833/1383 1457/3834/1457
vt 0.252700 0.255500
vt 0.259800 0.243500
vt 0.260500 0.254000
f 1383/3835/1383 1591/3836/1591 1592/3837/1592
vt 0.261300 0.264300
vt 0.263800 0.274500
vt 0.258600 0.276200
f 1592/3838/1592 1378/3839/1378 1380/3840/1380
vt 0.254900 0.266100
f 1592/3838/1592 1380/3840/1380 1383/3841/1383
vt 0.269200 0.273300
vt 0.277500 0.282000
vt 0.271100 0.283600
f 1592/3842/1592 1593/3843/1593 1378/3844/1378
vt 0.274800 0.293400
f 1593/3843/1593 1377/3845/1377 1378/3844/1378
vt 0.289500 0.288300
vt 0.301500 0.294600
f 1593/3846/1593 1594/3847/1594 1458/3475/1458
f 1593/3846/1593 1458/3475/1458 1377/3474/1377
vt 0.313400 0.301800
f 1594/3847/1594 1595/3848/1595 1458/3477/1458
vt 0.316700 0.310800
f 1595/3848/1595 1460/3849/1460 1459/3478/1459
f 1595/3848/1595 1459/3478/1459 1458/3477/1458
vt 0.326000 0.308900
vt 0.339300 0.315000
vt 0.329200 0.317100
f 1595/3850/1595 1596/3851/1596 1460/3852/1460
vt 0.342400 0.322200
vt 0.332500 0.324600
f 1596/3851/1596 1461/3853/1461 1460/3854/1460
vt 0.353500 0.320600
vt 0.350800 0.313500
vt 0.363600 0.312500
f 1461/3855/1461 1596/3856/1596 1605/3857/1605
vt 0.366300 0.319800
vt 0.367400 0.325200
f 70/3855/70 1605/3858/1605 1462/3859/1462
vt 0.380300 0.319900
vt 0.395900 0.326200
vt 0.381300 0.324600
f 1605/3860/1605 1597/3861/1597 1462/3862/1462
vt 0.410500 0.333500
vt 0.396500 0.329700
f 1597/3861/1597 1598/3863/1598 1600/3864/1600
vt 0.381600 0.327800
f 1597/3861/1597 1600/3864/1600 1462/3865/1462
vt 0.411000 0.341700
vt 0.410800 0.344600
vt 0.396700 0.337400
f 1598/3866/1598 1599/3867/1599 1600/3868/1600
vt 0.410500 0.346900
vt 0.423000 0.354100
vt 0.410000 0.349000
f 1599/3869/1599 1501/3870/1501 1502/3871/1502
vt 0.395300 0.340300
f 1599/3869/1599 1502/3871/1502 1600/3872/1600
vt 0.383800 0.340400
vt 0.375400 0.340800
vt 0.374700 0.339900
f 1600/3873/1600 1464/3874/1464 1463/3875/1463
vt 0.375900 0.342000
vt 0.386000 0.344000
vt 0.379700 0.344000
f 1464/3876/1464 1600/3877/1600 1466/3878/1466
vt 0.387400 0.346000
f 1466/3878/1466 1600/3877/1600 63/3879/63
vt 0.383200 0.346100
f 1466/3878/1466 63/3880/63 1468/3511/1468
vt 0.395800 0.347500
f 1600/3877/1600 1502/3881/1502 63/3607/63
vt 0.423400 0.348200
vt 0.423300 0.345000
vt 0.434800 0.346000
f 1599/3882/1599 1598/3883/1598 27/3884/27
f 1599/3882/1599 27/3614/27 1504/3613/1504
vt 0.423200 0.351200
f 1501/3882/1501 1504/3613/1504 1498/3885/1498
vt 0.434000 0.338100
f 1598/3883/1598 29/3886/29 27/3884/27
vt 0.431500 0.318300
vt 0.439100 0.304200
vt 0.440600 0.314700
f 29/3887/29 40/3888/40 39/3889/39
vt 0.420200 0.322300
vt 0.416900 0.311900
f 29/3887/29 1598/3890/1598 1601/3891/1601
vt 0.429000 0.308400
f 29/3887/29 1601/3891/1601 40/3892/40
vt 0.425700 0.297700
f 1601/3891/1601 1625/3893/1625 40/3892/40
vt 0.409000 0.326000
vt 0.405600 0.316000
f 1601/3891/1601 1598/3894/1598 1597/3895/1597
vt 0.401100 0.305700
f 1601/3891/1601 1597/3895/1597 1602/3896/1602
vt 0.413200 0.301700
f 1601/3891/1601 1602/3896/1602 1625/3897/1625
vt 0.389700 0.309700
vt 0.384600 0.299500
f 1602/3896/1602 1597/3898/1597 1603/3899/1603
vt 0.391800 0.286500
vt 0.396500 0.295900
f 1603/3899/1603 1604/3900/1604 1602/3901/1602
vt 0.377000 0.311400
f 1603/3899/1603 1597/3898/1597 1605/3902/1605
vt 0.372400 0.302100
vt 0.375900 0.296150
f 1603/3899/1603 1605/3903/1605 2012/3904/2012
vt 0.367200 0.292800
vt 0.379500 0.290000
f 1603/3899/1603 2012/3905/2012 1604/3906/1604
vt 0.366000 0.302950
f 1606/3905/1606 1604/3903/1604 2012/3907/2012
vt 0.354900 0.295000
vt 0.349900 0.286400
f 1606/3905/1606 1608/3908/1608 1607/3909/1607
vt 0.334200 0.279600
vt 0.325500 0.280700
vt 0.321500 0.271500
f 1607/3910/1607 1609/3911/1609 1610/3912/1610
vt 0.309200 0.262800
vt 0.313100 0.272000
vt 0.309700 0.272600
f 1610/3913/1610 1609/3914/1609 2013/3915/2013
vt 0.303600 0.263900
vt 0.300300 0.254600
f 1610/3913/1610 2013/3916/2013 1611/3917/1611
vt 0.290100 0.246700
vt 0.285300 0.258500
vt 0.283200 0.248400
f 1611/3918/1611 1613/3919/1613 1615/3920/1615
vt 0.280800 0.238300
vt 0.286700 0.237100
f 1611/3918/1611 1615/3921/1615 1612/3922/1612
vt 0.284800 0.227600
f 1615/3921/1615 1617/3923/1617 1612/3922/1612
vt 0.259400 0.222100
vt 0.259400 0.232900
vt 0.252100 0.233400
f 1589/3924/1589 1617/3925/1617 1591/3926/1591
vt 0.253100 0.222400
f 1616/3924/1616 1617/3926/1617 1589/3927/1589
vt 0.267200 0.242300
f 1617/3925/1617 1615/3928/1615 1591/3836/1591
vt 0.270300 0.209200
vt 0.276400 0.208200
vt 0.277200 0.218000
f 1616/3929/1616 1588/3930/1588 1614/3931/1614
vt 0.271000 0.219600
f 1616/3929/1616 1614/3931/1614 1617/3932/1617
vt 0.282200 0.207700
vt 0.283500 0.218000
f 1588/3930/1588 1585/3933/1585 1614/3934/1614
vt 0.287000 0.207000
f 1614/3934/1614 1585/3933/1585 1618/3935/1618
vt 0.288600 0.217200
vt 0.290400 0.227000
f 1614/3934/1614 1618/3936/1618 1612/3937/1612
f 1614/3934/1614 1612/3937/1612 1617/3923/1617
vt 0.308400 0.243500
vt 0.304800 0.233900
vt 0.313100 0.233100
f 1611/3938/1611 1612/3939/1612 1619/3940/1619
vt 0.317100 0.242500
vt 0.321600 0.252100
f 1611/3938/1611 1619/3941/1619 1620/3942/1620
vt 0.334500 0.259800
vt 0.326000 0.261500
f 1620/3942/1620 1621/3943/1621 1610/3944/1610
vt 0.316900 0.262000
vt 0.312700 0.252700
f 1620/3942/1620 1610/3945/1610 1611/3946/1611
vt 0.330400 0.270600
f 1621/3943/1621 1607/3947/1607 1610/3944/1610
vt 0.350500 0.266500
vt 0.368500 0.272200
vt 0.356200 0.275300
f 1621/3948/1621 1622/3949/1622 1607/3950/1607
vt 0.386500 0.277300
vt 0.374200 0.281000
f 1622/3949/1622 1623/3951/1623 1606/3952/1606
vt 0.361900 0.283900
f 1622/3949/1622 1606/3953/1606 1607/3950/1607
vt 0.404400 0.282400
f 1623/3951/1623 1624/3954/1624 1604/3900/1604
f 1623/3951/1623 1604/3906/1604 1606/3952/1606
vt 0.422200 0.287800
vt 0.409100 0.291900
f 1624/3954/1624 1625/3955/1625 1602/3956/1602
f 1624/3954/1624 1602/3901/1602 1604/3900/1604
vt 0.417200 0.278300
vt 0.428700 0.273800
f 1625/3955/1625 1624/3957/1624 101/3958/101
vt 0.434400 0.283300
vt 0.438000 0.293300
f 1625/3955/1625 101/3959/101 100/3960/100
vt 0.418400 0.264900
f 1624/3957/1624 1626/3961/1626 101/3958/101
vt 0.413800 0.252700
vt 0.425200 0.260900
f 1626/3961/1626 1575/3962/1575 1574/3963/1574
vt 0.436500 0.269400
f 1626/3961/1626 1574/3963/1574 101/3964/101
vt 0.410000 0.268900
vt 0.401400 0.260100
f 1626/3961/1626 1624/3965/1624 1627/3966/1627
vt 0.408300 0.256500
f 1626/3961/1626 1627/3966/1627 1575/3967/1575
vt 0.393500 0.251600
vt 0.398800 0.248500
f 1627/3966/1627 1576/3968/1576 1575/3969/1575
vt 0.398600 0.273200
vt 0.392200 0.264100
f 1627/3966/1627 1624/3970/1624 1623/3971/1623
vt 0.386100 0.255300
vt 0.374900 0.259700
vt 0.369300 0.251100
f 1627/3972/1627 1623/3973/1623 1628/3974/1628
vt 0.380000 0.246800
f 1627/3972/1627 1628/3974/1628 1576/3975/1576
vt 0.373000 0.238900
f 1628/3974/1628 1577/3976/1577 1576/3975/1576
vt 0.362700 0.263700
f 1628/3974/1628 1623/3973/1623 1622/3977/1622
vt 0.357100 0.254900
vt 0.351800 0.246100
f 1628/3974/1628 1622/3978/1622 1629/3979/1629
vt 0.363800 0.242600
f 1628/3974/1628 1629/3979/1629 1577/3980/1577
vt 0.346800 0.237000
vt 0.357900 0.234000
f 1629/3979/1629 1578/3981/1578 1577/3982/1577
vt 0.345000 0.257300
f 1629/3979/1629 1622/3978/1622 1621/3983/1621
vt 0.339700 0.248400
f 1629/3979/1629 1621/3983/1621 1620/3984/1620
vt 0.334700 0.239600
f 1629/3979/1629 1620/3984/1620 1630/3985/1630
f 1629/3979/1629 1630/3985/1630 1578/3981/1578
vt 0.330100 0.230600
vt 0.341800 0.228100
f 1630/3985/1630 1579/3986/1579 1578/3987/1578
vt 0.321400 0.232000
vt 0.325400 0.241300
f 1630/3988/1630 1620/3989/1620 1619/3941/1619
vt 0.310100 0.223600
f 1630/3988/1630 1619/3940/1619 1631/3990/1631
vt 0.318100 0.222500
f 1630/3988/1630 1631/3990/1631 1579/3991/1579
vt 0.315200 0.212800
f 1631/3990/1631 1580/3992/1580 1579/3991/1579
f 1631/3990/1631 1619/3940/1619 1612/3939/1612
vt 0.302300 0.224100
vt 0.299800 0.214700
f 1631/3990/1631 1612/3993/1612 1582/3994/1582
vt 0.307500 0.213800
f 1631/3990/1631 1582/3994/1582 1580/3995/1580
vt 0.295900 0.225600
vt 0.293600 0.216200
f 1582/3994/1582 1612/3996/1612 1618/3997/1618
vt 0.291900 0.206200
f 1618/3998/1618 1583/3804/1583 1582/3803/1582
vt 0.285900 0.196700
f 1618/3998/1618 1585/3999/1585 1583/3804/1583
vt 0.280600 0.186900
vt 0.274700 0.177000
vt 0.280100 0.176300
f 1585/4000/1585 1586/4001/1586 1584/4002/1584
vt 0.275100 0.187600
vt 0.269800 0.198700
vt 0.269500 0.188100
f 1585/4003/1585 1588/4004/1588 1587/4005/1587
vt 0.269400 0.177600
f 1585/4003/1585 1587/4005/1587 1586/4006/1586
vt 0.264900 0.210200
f 1588/4007/1588 1589/3820/1589 1304/3816/1304
f 1615/3928/1615 1592/3837/1592 1591/3836/1591
vt 0.275600 0.250600
vt 0.276300 0.261000
f 1615/4008/1615 1613/3919/1613 1592/4009/1592
vt 0.293800 0.256200
vt 0.297000 0.265500
f 1613/3919/1613 1611/4010/1611 2013/4011/2013
vt 0.286700 0.268400
f 1613/3919/1613 2013/4011/2013 1593/4012/1593
vt 0.276600 0.271600
f 1613/3919/1613 1593/4012/1593 1592/4013/1592
vt 0.298800 0.275000
vt 0.287900 0.278300
f 2013/4011/2013 1594/4014/1594 1593/4015/1593
vt 0.316800 0.281300
vt 0.328900 0.289800
vt 0.320100 0.290700
f 1594/4016/1594 1609/4017/1609 1595/4018/1595
vt 0.338700 0.288300
vt 0.343300 0.296900
f 1609/4017/1609 1607/4019/1607 1608/4020/1608
vt 0.332600 0.298500
f 1609/4017/1609 1608/4020/1608 1595/4021/1595
vt 0.336200 0.307000
f 1608/4020/1608 1596/4022/1596 1595/4021/1595
f 1625/3893/1625 100/3960/100 40/3888/40
vt 0.284100 0.145400
vt 0.278100 0.136900
vt 0.284000 0.135800
f 1632/4023/1632 1301/4024/1301 1633/4025/1633
vt 0.289000 0.144700
vt 0.293700 0.144000
vt 0.293400 0.153900
f 1632/4026/1632 1633/4027/1633 1634/4028/1634
vt 0.298900 0.143100
f 1634/4028/1634 1633/4027/1633 1635/4029/1635
vt 0.298500 0.153300
vt 0.299000 0.163400
f 1634/4028/1634 1635/4030/1635 1636/4031/1636
vt 0.294000 0.164000
vt 0.289200 0.164600
f 1634/4028/1634 1636/4032/1636 1584/4033/1584
vt 0.288900 0.154700
f 1634/4028/1634 1584/4033/1584 1632/4034/1632
vt 0.306500 0.172700
vt 0.299800 0.173600
f 1636/4031/1636 1637/4035/1637 1584/4036/1584
vt 0.300700 0.184100
f 1637/4035/1637 1581/4037/1581 1583/4036/1583
vt 0.314700 0.181900
vt 0.320700 0.170200
vt 0.322400 0.180600
f 1581/4038/1581 1637/4039/1637 1638/4040/1638
vt 0.325000 0.190600
vt 0.316700 0.191900
f 1581/4038/1581 1638/4041/1638 1580/4042/1580
vt 0.336400 0.198600
vt 0.328100 0.200400
f 1638/4041/1638 1639/4043/1639 1580/4044/1580
vt 0.332200 0.210000
f 1639/4043/1639 1579/4045/1579 1580/4044/1580
vt 0.346600 0.205400
vt 0.357100 0.211700
vt 0.352200 0.213800
f 1639/4046/1639 1686/4047/1686 1578/4048/1578
vt 0.346200 0.216300
vt 0.341000 0.207400
f 1639/4046/1639 1578/4049/1578 1579/4050/1579
vt 0.368100 0.218000
vt 0.364200 0.220200
f 1640/4047/1640 1641/4051/1641 1577/4052/1577
vt 0.358700 0.222600
f 1640/4047/1640 1577/4053/1577 1578/4048/1578
vt 0.379800 0.223000
vt 0.392700 0.226300
vt 0.387600 0.230100
f 1641/4054/1641 1642/4055/1642 1576/4056/1576
vt 0.383000 0.233100
vt 0.375500 0.225500
f 1641/4054/1641 1576/4057/1576 1577/4058/1577
vt 0.406300 0.228400
vt 0.418500 0.232300
vt 0.414100 0.236800
f 1642/4059/1642 1643/4060/1643 1575/4061/1575
vt 0.409100 0.241100
vt 0.400800 0.233500
f 1642/4059/1642 1575/4062/1575 1576/4063/1576
vt 0.430100 0.238700
vt 0.426800 0.241600
f 1643/4060/1643 1644/4064/1644 1575/4065/1575
vt 0.442400 0.245500
vt 0.439900 0.247900
f 1644/4064/1644 1645/4066/1645 1574/4067/1574
vt 0.436700 0.250900
f 1644/4064/1644 1574/4068/1574 1575/4065/1575
vt 0.451200 0.256600
f 1645/4066/1645 1572/4069/1572 1574/4067/1574
vt 0.515300 0.273400
vt 0.508800 0.265600
vt 0.512700 0.264000
f 1646/4070/1646 1568/4071/1568 1647/4072/1647
vt 0.518200 0.270700
vt 0.525000 0.281200
f 1646/4070/1646 1647/4073/1647 1648/4074/1648
f 1646/4070/1646 1648/4074/1648 1567/3785/1567
vt 0.519100 0.285100
vt 0.512500 0.275800
f 1646/4070/1646 1567/4075/1567 1568/4076/1568
vt 0.522600 0.268600
f 1648/4074/1648 1647/4073/1647 53/4077/53
vt 0.534200 0.289900
vt 0.530900 0.291300
f 1648/4074/1648 1649/4078/1649 1562/4079/1562
f 1648/4074/1648 1562/3784/1562 1567/3785/1567
vt 0.538900 0.300800
f 1649/4078/1649 1650/4080/1650 1562/3780/1562
vt 0.554100 0.308200
vt 0.558400 0.317700
vt 0.551200 0.317900
f 1650/4081/1650 1560/4082/1560 1561/4083/1561
vt 0.566000 0.314400
vt 0.560500 0.306200
vt 0.567100 0.303700
f 1560/4084/1560 1650/4085/1650 1651/4086/1651
vt 0.576200 0.312000
vt 0.578700 0.317900
f 1560/4084/1560 1651/4087/1651 1652/4088/1652
vt 0.583900 0.307700
f 1652/4088/1652 1651/4087/1651 62/4089/62
vt 0.591900 0.314300
f 1652/4088/1652 62/4089/62 61/4090/61
vt 0.592900 0.320200
f 1652/4088/1652 61/4090/61 1653/4091/1653
f 1652/4088/1652 1653/4091/1653 1558/3767/1558
f 1652/4088/1652 1558/3767/1558 1557/3770/1557
f 1652/4088/1652 1557/3770/1557 1560/3769/1560
vt 0.605600 0.316700
vt 0.605700 0.321300
f 1653/4091/1653 61/4092/61 1654/4093/1654
vt 0.606200 0.324900
f 1653/4091/1653 1654/4093/1654 1655/4094/1655
f 1653/4091/1653 1655/4094/1655 1556/3765/1556
f 1653/4091/1653 1556/3765/1556 1555/3764/1555
f 1653/4091/1653 1555/3764/1555 1558/3767/1558
vt 0.618000 0.323900
f 1655/4094/1655 1654/4093/1654 1656/4095/1656
f 1655/4094/1655 1554/3760/1554 1556/3765/1556
vt 0.628500 0.331200
vt 0.633150 0.333900
vt 0.634000 0.340400
f 1655/4096/1655 1656/4097/1656 115/4098/115
vt 0.637800 0.336600
vt 0.639600 0.347300
vt 0.636800 0.343850
f 1657/4099/1657 133/4100/133 2011/4101/2011
vt 0.639000 0.333600
vt 0.628700 0.328000
vt 0.629200 0.324900
f 1657/4102/1657 1656/4103/1656 1721/4104/1721
vt 0.639800 0.330600
f 1657/4102/1657 1721/4105/1721 130/170/130
f 1657/4102/1657 130/170/130 133/169/133
vt 0.429300 0.075700
vt 0.431600 0.085600
vt 0.425700 0.087100
f 131/4106/131 1658/4107/1658 132/4108/132
vt 0.430800 0.092400
f 132/4108/132 1658/4107/1658 1659/4109/1659
vt 0.425100 0.096000
f 132/4108/132 1659/4109/1659 140/4110/140
vt 0.430100 0.114400
vt 0.429300 0.128000
vt 0.424500 0.128800
f 139/4111/139 1660/4112/1660 1661/4113/1661
vt 0.419200 0.129500
vt 0.420300 0.117000
f 1660/4114/1660 139/175/139 1659/4115/1659
vt 0.414200 0.130700
vt 0.409200 0.131900
f 1661/4116/1661 1662/4117/1662 139/178/139
vt 0.403100 0.121200
f 1662/4117/1662 147/4118/147 139/178/139
vt 0.392100 0.124600
vt 0.393700 0.135900
vt 0.390050 0.131300
f 147/4119/147 1662/4120/1662 2050/4121/2050
vt 0.384800 0.116200
vt 0.386000 0.104200
vt 0.389700 0.113600
f 1664/4122/1664 146/4123/146 147/4124/147
vt 0.380900 0.117800
vt 0.381450 0.123250
vt 0.378000 0.130000
f 1664/4125/1664 2050/4126/2050 1665/4127/1665
vt 0.371400 0.111100
vt 0.364300 0.108500
vt 0.368800 0.104100
f 1664/4128/1664 152/4129/152 149/4130/149
vt 0.360300 0.106100
f 149/4130/149 152/4129/152 150/4131/150
vt 0.373500 0.120200
vt 0.369700 0.132600
vt 0.369300 0.121500
f 1664/4132/1664 1665/4133/1665 152/4134/152
vt 0.364600 0.134000
vt 0.360900 0.146100
vt 0.359400 0.135600
f 1665/4135/1665 1666/4136/1666 1667/4137/1667
vt 0.359700 0.124600
f 1665/4135/1665 1667/4137/1667 152/4138/152
vt 0.353900 0.126000
vt 0.356400 0.115100
vt 0.361000 0.115000
f 1667/4139/1667 1668/4140/1668 152/4141/152
vt 0.344900 0.117300
vt 0.339000 0.108200
vt 0.346600 0.105800
f 1668/4142/1668 1669/4143/1669 150/4144/150
vt 0.313100 0.107500
vt 0.304900 0.101000
vt 0.309900 0.098200
f 2014/4145/2014 1670/4146/1670 1296/4147/1296
vt 0.301400 0.092500
vt 0.306400 0.088900
f 1670/4146/1670 1297/4148/1297 1296/4149/1296
vt 0.300400 0.103600
vt 0.296700 0.095400
f 1670/4146/1670 1671/4150/1671 1672/4151/1672
f 1670/4146/1670 1672/4151/1672 1297/4148/1297
vt 0.291300 0.088600
vt 0.296400 0.085200
f 1672/4151/1672 1299/4152/1299 1297/4153/1297
vt 0.295700 0.105400
f 1672/4151/1672 1671/4150/1671 1673/4154/1673
vt 0.292300 0.097700
f 1672/4151/1672 1673/4154/1673 160/4155/160
vt 0.288100 0.092800
f 1672/4151/1672 160/4156/160 1299/4152/1299
vt 0.303000 0.112600
vt 0.297900 0.114300
f 1673/4154/1673 1671/4157/1671 1674/4158/1674
vt 0.294500 0.115600
f 1673/4154/1673 1674/4158/1674 1675/4159/1675
vt 0.291800 0.107200
vt 0.289600 0.116700
vt 0.286900 0.109000
f 1673/4160/1673 1675/4161/1675 1676/4162/1676
vt 0.284300 0.101800
f 1673/4160/1673 1676/4162/1676 160/4163/160
vt 0.280100 0.102100
vt 0.279500 0.095100
vt 0.283000 0.095600
f 1676/4164/1676 1677/4165/1677 160/4166/160
vt 0.279900 0.088500
vt 0.286000 0.084400
vt 0.283000 0.089600
f 1677/4167/1677 1299/4168/1299 160/4169/160
vt 0.282100 0.110100
vt 0.277700 0.118400
vt 0.276200 0.109800
f 1676/4170/1676 1678/4171/1678 1300/4172/1300
vt 0.284000 0.117900
vt 0.290200 0.125600
f 1676/4173/1676 1675/4161/1675 1678/4174/1678
vt 0.284500 0.126700
vt 0.278200 0.127300
f 1300/4173/1300 1678/4175/1678 1301/4176/1301
f 1678/4175/1678 1633/4025/1633 1301/4024/1301
vt 0.295400 0.124900
f 1678/4174/1678 1675/4159/1675 1679/4177/1679
vt 0.294600 0.134300
f 1678/4174/1678 1679/4177/1679 1633/4178/1633
f 1679/4177/1679 1675/4159/1675 1674/4158/1674
vt 0.299700 0.133300
f 1679/4177/1679 1680/4179/1680 1633/4178/1633
vt 0.299600 0.123500
vt 0.304900 0.121800
f 1680/4179/1680 1679/4180/1679 1681/4181/1681
f 1680/4179/1680 1635/4029/1635 1633/4027/1633
vt 0.305000 0.141800
vt 0.311300 0.140400
vt 0.311300 0.150900
f 1680/4182/1680 1682/4183/1682 1683/4184/1683
vt 0.304600 0.152100
f 1680/4182/1680 1683/4184/1683 1635/4185/1635
vt 0.319400 0.159800
vt 0.312200 0.161100
f 1683/4184/1683 1684/4186/1684 1636/4187/1636
vt 0.305500 0.162300
f 1683/4184/1683 1636/4188/1636 1635/4185/1635
vt 0.313300 0.171500
f 1684/4186/1684 1637/4189/1637 1636/4187/1636
vt 0.327700 0.168600
f 1684/4190/1684 1638/4040/1638 1637/4039/1637
vt 0.335400 0.177200
vt 0.333300 0.166900
vt 0.338100 0.165500
f 1685/4191/1685 1684/4192/1684 1702/4193/1702
vt 0.339900 0.176000
f 1638/4191/1638 1684/4193/1684 1685/4194/1685
vt 0.342500 0.186000
vt 0.338100 0.187400
f 1638/4191/1638 1685/4195/1685 1639/4196/1639
vt 0.349700 0.193500
vt 0.346100 0.195300
f 1685/4195/1685 1686/4197/1686 1639/4198/1639
vt 0.354300 0.202100
vt 0.350900 0.203700
f 1686/4197/1686 1640/4199/1640 1578/4200/1578
vt 0.368200 0.204200
vt 0.373400 0.199900
vt 0.380700 0.205400
f 1640/4201/1640 1688/4202/1688 1687/4203/1687
vt 0.376100 0.211000
f 1640/4201/1640 1687/4203/1687 1641/4204/1641
vt 0.385700 0.202100
vt 0.392900 0.208100
f 1687/4203/1687 1688/4205/1688 1699/4206/1699
vt 0.388500 0.211600
f 1687/4203/1687 1689/4206/1689 1642/4207/1642
vt 0.384200 0.218600
f 1687/4203/1687 1642/4207/1642 1641/4208/1641
vt 0.404600 0.211300
vt 0.416300 0.216500
vt 0.413200 0.219000
f 1689/4209/1689 1690/4210/1690 1643/4211/1643
vt 0.410000 0.222800
vt 0.400700 0.214100
f 1689/4209/1689 1643/4212/1643 1642/4213/1642
vt 0.412200 0.212400
vt 0.411900 0.206000
f 1690/4210/1690 1689/4214/1689 1697/4215/1697
vt 0.427700 0.224300
vt 0.425000 0.226300
f 1690/4210/1690 1695/4216/1695 1644/4217/1644
vt 0.422000 0.228900
f 1690/4210/1690 1644/4217/1644 1643/4218/1643
vt 0.435600 0.234400
vt 0.433000 0.236300
f 1695/4216/1695 1645/4219/1645 1644/4220/1644
vt 0.451200 0.238500
vt 0.458600 0.248600
vt 0.448100 0.240900
f 1691/4221/1691 1572/4222/1572 1645/4223/1645
vt 0.495600 0.248500
vt 0.499500 0.246100
vt 0.505900 0.255200
f 2015/4224/2015 93/4225/93 1692/4226/1692
vt 0.498800 0.259700
vt 0.490300 0.252100
f 2015/4224/2015 1692/4227/1692 1571/4228/1571
vt 0.509900 0.252600
vt 0.517100 0.261100
f 1692/4226/1692 93/4229/93 69/4230/69
f 1692/4226/1692 69/4230/69 1647/4072/1647
f 1692/4226/1692 1647/4072/1647 1568/4071/1568
vt 0.502500 0.257200
f 1692/4226/1692 1568/4071/1568 1571/4231/1571
vt 0.493400 0.238200
vt 0.487100 0.241300
vt 0.478000 0.234200
f 93/4232/93 2015/4233/2015 1693/4234/1693
vt 0.492700 0.227700
vt 0.498300 0.224000
f 1693/4235/1693 1715/4236/1715 93/117/93
vt 0.462800 0.217100
vt 0.469700 0.226100
vt 0.460900 0.231200
f 2052/4237/2052 1693/4238/1693 1691/4239/1691
vt 0.447000 0.212700
vt 0.431500 0.207100
vt 0.439800 0.203300
f 2052/4240/2052 1695/4241/1695 1694/4242/1694
vt 0.433600 0.193500
f 1695/4241/1695 1696/4243/1696 1694/4242/1694
vt 0.419600 0.201100
vt 0.426400 0.210100
vt 0.422800 0.212600
f 1696/4244/1696 1695/4245/1695 1690/4246/1690
vt 0.415700 0.203700
f 1696/4244/1696 1690/4246/1690 1697/4247/1697
vt 0.409400 0.196200
vt 0.404600 0.190400
vt 0.409900 0.188700
f 1697/4248/1697 156/4249/156 1698/4250/1698
vt 0.414000 0.193900
f 1697/4248/1697 1698/4250/1698 1696/4251/1696
vt 0.384200 0.193700
vt 0.390400 0.199200
f 1699/4252/1699 1689/4253/1689 1687/4205/1687
vt 0.373100 0.189900
vt 0.367800 0.193700
vt 0.363800 0.186100
f 1688/4254/1688 1640/4255/1640 1700/4256/1700
vt 0.362600 0.197000
vt 0.358600 0.188800
f 1700/4256/1700 1640/4257/1640 1686/4258/1686
vt 0.355600 0.180200
f 1700/4256/1700 1686/4258/1686 1701/4259/1701
vt 0.353700 0.191400
vt 0.350600 0.182500
f 1701/4259/1701 1686/4260/1686 1685/4261/1685
vt 0.348400 0.172800
vt 0.344000 0.174600
vt 0.342500 0.164000
f 1701/4262/1701 1685/4263/1685 1702/4264/1702
vt 0.336700 0.155000
vt 0.331800 0.156600
vt 0.330600 0.145900
f 1702/4265/1702 1684/4266/1684 1703/4267/1703
vt 0.326100 0.158300
vt 0.325000 0.147700
f 1703/4267/1703 1684/4268/1684 1683/4269/1683
vt 0.324100 0.136800
f 1703/4267/1703 1683/4269/1683 1704/4270/1704
vt 0.318300 0.149500
vt 0.317900 0.138800
f 1704/4270/1704 1683/4271/1683 1682/4272/1682
vt 0.317300 0.127800
f 1704/4270/1704 1682/4272/1682 2014/4273/2014
vt 0.323000 0.125600
f 1704/4270/1704 2014/4273/2014 1669/4274/1669
vt 0.334200 0.132800
vt 0.333700 0.121400
vt 0.339000 0.119400
f 1704/4275/1704 1669/4276/1669 1668/4277/1668
vt 0.339100 0.131000
vt 0.339500 0.142500
f 1704/4275/1704 1668/4278/1668 1703/4279/1703
vt 0.344300 0.140900
vt 0.344100 0.129000
vt 0.349400 0.127300
f 1703/4280/1703 1668/4281/1668 1667/4282/1667
vt 0.349300 0.139100
vt 0.350500 0.149800
f 1703/4280/1703 1667/4283/1667 1666/4284/1666
vt 0.345500 0.151800
f 1703/4280/1703 1666/4284/1666 1702/4285/1702
vt 0.356800 0.158500
vt 0.351800 0.160500
f 1702/4284/1702 1705/4286/1705 1701/4287/1701
vt 0.346900 0.162500
f 1666/4284/1666 1705/4288/1705 1702/4285/1702
vt 0.364000 0.165900
vt 0.367300 0.154700
vt 0.369100 0.164000
f 1706/4289/1706 1705/4290/1705 1711/4291/1711
vt 0.371400 0.172800
f 1701/4289/1701 1705/4291/1705 1706/4292/1706
vt 0.379600 0.179600
vt 0.374300 0.180700
f 1706/4292/1706 1707/4293/1707 1700/4294/1700
vt 0.369000 0.182800
vt 0.366100 0.174800
f 1706/4292/1706 1700/4295/1700 1701/4296/1701
vt 0.376300 0.171600
vt 0.380600 0.170600
f 1707/4293/1707 1706/4297/1706 1708/4298/1708
vt 0.383900 0.185900
f 1707/4293/1707 158/195/158 1699/4299/1699
vt 0.378600 0.187600
f 1707/4293/1707 1699/4299/1699 1688/4300/1688
f 1707/4293/1707 1688/4300/1688 1700/4294/1700
vt 0.384500 0.177900
vt 0.385800 0.169600
vt 0.389800 0.176300
f 1707/4301/1707 1708/4302/1708 157/4303/157
f 1707/4301/1707 157/192/157 158/195/158
vt 0.395400 0.174600
vt 0.397400 0.166800
vt 0.401300 0.173200
f 157/4304/157 1710/4305/1710 155/4306/155
vt 0.406700 0.169700
vt 0.409800 0.173800
f 155/4306/155 1710/4307/1710 154/4308/154
vt 0.407400 0.160900
vt 0.411200 0.166400
f 1710/4307/1710 1709/4309/1709 154/4310/154
vt 0.415700 0.163600
vt 0.412100 0.159200
vt 0.416500 0.155200
f 154/4311/154 1709/4312/1709 2051/4313/2051
vt 0.404100 0.153500
vt 0.398400 0.156000
vt 0.395600 0.146500
f 1709/4314/1709 1710/4315/1710 1662/4316/1662
vt 0.393400 0.158200
vt 0.390300 0.148400
f 1662/4316/1662 1710/4317/1710 1663/4318/1663
vt 0.388500 0.160000
f 1663/4318/1663 1710/4317/1710 1711/4319/1711
vt 0.383300 0.139800
vt 0.380900 0.151100
vt 0.379300 0.140700
f 1663/4320/1663 1711/4321/1711 1665/4322/1665
vt 0.378200 0.161700
f 1711/4323/1711 1708/4298/1708 1706/4297/1706
vt 0.383000 0.161000
vt 0.391600 0.168700
f 1711/4324/1711 1710/4325/1710 1708/4302/1708
f 1708/4319/1708 1710/4305/1710 157/4325/157
vt 0.408800 0.152200
vt 0.406300 0.143300
vt 0.411000 0.142300
f 1709/4326/1709 1662/4327/1662 1661/4328/1661
vt 0.413500 0.149800
f 1709/4326/1709 1661/4328/1661 2051/4329/2051
vt 0.408600 0.184200
f 1698/4250/1698 156/191/156 155/4330/155
vt 0.440000 0.178900
vt 0.444300 0.188600
f 1696/4243/1696 151/4331/151 1694/4332/1694
vt 0.419900 0.190700
vt 0.429000 0.185200
f 1696/4243/1696 1698/4333/1698 151/4334/151
vt 0.449900 0.174200
f 1694/4332/1694 151/4331/151 1712/4335/1712
vt 0.455100 0.183500
vt 0.460700 0.192600
f 1694/4332/1694 1712/4336/1712 1713/4337/1713
vt 0.458600 0.200100
vt 0.450300 0.197900
f 1713/4337/1713 2052/4338/2052 1694/4339/1694
vt 0.474800 0.199400
vt 0.481100 0.197700
vt 0.486400 0.208100
f 1713/4340/1713 1727/4341/1727 1714/4342/1714
vt 0.491600 0.206300
vt 0.498000 0.212900
f 1714/4342/1714 1727/4343/1727 1715/4344/1715
vt 0.492100 0.217000
vt 0.485600 0.219600
f 1714/4342/1714 1715/4345/1715 1693/4346/1693
vt 0.503800 0.218200
f 1715/4347/1715 94/118/94 93/117/93
vt 0.513700 0.212900
vt 0.519500 0.214600
vt 0.514900 0.226300
f 1715/4348/1715 1716/4349/1716 94/4350/94
vt 0.525600 0.228000
vt 0.525200 0.241300
vt 0.518900 0.241200
f 94/4351/94 1776/4352/1776 69/4353/69
vt 0.535500 0.277000
vt 0.538900 0.275700
vt 0.544600 0.286900
f 2016/4354/2016 1717/4355/1717 1649/4356/1649
vt 0.537500 0.288600
vt 0.531900 0.278200
f 2016/4354/2016 1649/4357/1649 1648/4358/1648
f 2016/4354/2016 1648/4358/1648 53/64/53
vt 0.572900 0.300700
vt 0.564900 0.290700
vt 0.577400 0.297100
f 1651/4359/1651 1749/4360/1749 1718/4361/1718
vt 0.592200 0.303700
f 1651/4359/1651 1718/4361/1718 62/4362/62
vt 0.594400 0.298200
vt 0.607100 0.301500
vt 0.606100 0.306700
f 62/4363/62 1719/4364/1719 61/4365/61
vt 0.618400 0.315600
vt 0.618000 0.320300
f 1719/4366/1719 1721/4104/1721 1720/4367/1720
f 1719/4366/1719 1720/4367/1720 61/4092/61
f 1720/4367/1720 1721/4104/1721 1656/4103/1656
f 1720/4367/1720 1656/4095/1656 1654/4093/1654
f 1720/4367/1720 1654/4093/1654 61/4092/61
vt 0.641600 0.312000
vt 0.652900 0.317400
vt 0.651900 0.323800
f 1721/4368/1721 1722/4369/1722 130/4370/130
vt 0.664200 0.329600
f 1722/4369/1722 131/4371/131 130/4370/130
vt 0.441600 0.077400
vt 0.446800 0.087800
vt 0.439200 0.086800
f 1722/4372/1722 1743/4373/1743 1658/4374/1658
vt 0.435300 0.075600
f 1722/4372/1722 1658/4107/1658 131/4375/131
vt 0.444100 0.096100
vt 0.451800 0.097400
vt 0.449600 0.106300
f 1658/4376/1658 1743/4377/1743 1723/4378/1723
vt 0.441100 0.103800
vt 0.434000 0.113800
vt 0.435100 0.101400
f 1723/4379/1723 1659/4380/1659 1658/4381/1658
vt 0.438800 0.113700
vt 0.433600 0.127300
f 1723/4382/1723 1660/4383/1660 1659/4380/1659
vt 0.433000 0.140900
vt 0.431400 0.152900
vt 0.426900 0.152500
f 1724/4384/1724 153/4385/153 2051/4386/2051
vt 0.428900 0.141300
f 1724/4384/1724 2051/4386/2051 1661/4387/1661
f 1724/4384/1724 1661/4387/1661 1660/4112/1660
vt 0.437600 0.140100
vt 0.444700 0.151500
vt 0.441000 0.152300
f 1724/4388/1724 1742/4389/1742 2017/4390/2017
vt 0.446000 0.163400
vt 0.456600 0.160300
vt 0.460200 0.170500
f 153/4391/153 2017/4392/2017 1712/4393/1712
f 153/4391/153 1712/4335/1712 151/4331/151
vt 0.464900 0.158600
f 1712/4393/1712 2017/4392/2017 1725/4394/1725
vt 0.469600 0.167600
vt 0.473000 0.177500
f 1712/4393/1712 1725/4395/1725 1726/4396/1726
vt 0.465200 0.179500
f 1712/4393/1712 1726/4396/1726 1713/4397/1713
vt 0.476400 0.186900
vt 0.469600 0.188800
f 1726/4396/1726 1727/4398/1727 1713/4399/1713
vt 0.491300 0.185100
vt 0.488300 0.176000
vt 0.493500 0.175200
f 1727/4400/1727 1726/4401/1726 1728/4402/1728
vt 0.502700 0.192600
vt 0.497200 0.193000
f 1727/4400/1727 1728/4403/1728 1729/4404/1729
vt 0.507900 0.192500
vt 0.503600 0.183400
vt 0.509300 0.182600
f 1729/4405/1729 1728/4406/1728 1730/4407/1730
vt 0.518600 0.192600
vt 0.514700 0.182300
f 1729/4408/1729 1730/4409/1730 123/155/123
vt 0.524800 0.193700
vt 0.525700 0.204600
f 1729/4408/1729 123/4410/123 1716/4411/1716
vt 0.510400 0.173600
f 1730/4409/1730 1731/4412/1731 124/156/124
f 1730/4409/1730 124/156/124 123/155/123
vt 0.504900 0.173700
vt 0.501000 0.164200
vt 0.507600 0.164300
f 1731/4413/1731 1732/4414/1732 135/4415/135
f 1731/4413/1731 1730/4407/1730 1728/4406/1728
vt 0.499700 0.174200
vt 0.495200 0.164900
f 1731/4413/1731 1728/4416/1728 1732/4417/1732
vt 0.486700 0.156200
vt 0.483100 0.147500
vt 0.487400 0.146900
f 1733/4418/1733 1734/4419/1734 1735/4420/1735
vt 0.491100 0.155500
f 1733/4418/1733 1735/4420/1735 1732/4421/1732
vt 0.490400 0.165600
vt 0.486500 0.166400
f 1733/4418/1733 1732/4422/1732 1726/4423/1726
vt 0.482500 0.156900
f 1733/4418/1733 1726/4423/1726 1736/4424/1736
vt 0.478700 0.147600
f 1733/4418/1733 1736/4424/1736 1737/4425/1737
f 1733/4418/1733 1737/4425/1737 1734/4419/1734
vt 0.480000 0.138500
f 1737/4425/1737 1738/4426/1738 1734/4419/1734
vt 0.470000 0.137900
vt 0.475700 0.138100
f 1737/4425/1737 1740/4427/1740 1738/4428/1738
vt 0.473900 0.128500
f 1740/4427/1740 1739/4429/1739 1738/4428/1738
vt 0.463100 0.127500
vt 0.468300 0.127700
f 1740/4427/1740 1741/4430/1741 1762/4431/1762
vt 0.460100 0.117300
vt 0.458800 0.127200
vt 0.452800 0.127100
f 1741/4432/1741 1740/4433/1740 1742/4434/1742
vt 0.454500 0.116500
f 1741/4432/1741 1742/4434/1742 1723/4435/1723
vt 0.456800 0.107100
f 1741/4436/1741 1723/4378/1723 1743/4377/1743
vt 0.643000 0.298600
vt 0.653600 0.310100
vt 0.642300 0.304900
f 2018/4437/2018 1722/4438/1722 1721/4439/1721
vt 0.631400 0.300100
vt 0.632300 0.293900
f 2018/4437/2018 1721/4440/1721 1745/4441/1745
vt 0.620900 0.296400
vt 0.621250 0.293700
vt 0.626150 0.298250
f 1746/4442/1746 1744/4443/1744 1719/4444/1719
vt 0.609500 0.293300
vt 0.608400 0.297400
vt 0.595800 0.294100
f 1746/4445/1746 1719/4446/1719 62/4447/62
vt 0.584600 0.287300
vt 0.597400 0.290300
f 1747/4448/1747 1746/4449/1746 62/4447/62
vt 0.582600 0.290200
f 1747/4448/1747 62/4447/62 1718/4450/1718
vt 0.570600 0.286000
f 1747/4448/1747 1718/4450/1718 47/4451/47
vt 0.580300 0.293400
vt 0.568000 0.288200
f 43/4451/43 1718/4452/1718 1749/4453/1749
vt 0.558200 0.272500
vt 0.555100 0.263900
vt 0.557500 0.264500
f 1749/4454/1749 1717/4455/1717 1750/4456/1750
vt 0.561600 0.272600
vt 0.563700 0.267100
vt 0.564500 0.273000
f 1749/4457/1749 1750/4458/1750 44/4459/44
vt 0.567900 0.278100
f 1749/4457/1749 44/4459/44 43/4460/43
vt 0.564800 0.260100
vt 0.562400 0.257500
vt 0.570400 0.253000
f 56/4461/56 1750/4462/1750 1751/4463/1751
vt 0.559300 0.255300
f 1751/4463/1751 1750/4462/1750 58/4464/58
vt 0.567400 0.248900
f 1751/4463/1751 58/4464/58 92/4465/92
vt 0.582200 0.254600
vt 0.593600 0.257400
vt 0.582700 0.258500
f 1751/4466/1751 1752/4467/1752 56/4468/56
f 1752/4467/1752 82/111/82 90/110/90
vt 0.593900 0.262300
f 1752/4467/1752 90/110/90 1753/4469/1753
vt 0.583200 0.262900
f 1752/4467/1752 1753/4469/1753 56/4470/56
vt 0.603300 0.267600
vt 0.592600 0.267300
f 1753/4469/1753 90/4471/90 1755/4472/1755
f 1753/4469/1753 1755/66/1755 56/4470/56
vt 0.602300 0.272700
f 1755/4472/1755 90/4471/90 1754/4473/1754
vt 0.580300 0.270800
vt 0.591000 0.272200
vt 0.589300 0.276700
f 1755/4474/1755 1754/4475/1754 1756/4476/1756
f 1755/4474/1755 1756/4476/1756 45/51/45
f 1755/4474/1755 45/51/45 44/50/44
vt 0.571000 0.269100
f 1755/4474/1755 44/50/44 1750/4477/1750
vt 0.601100 0.278300
f 1756/4476/1756 1754/4473/1754 1757/4478/1757
vt 0.599900 0.282500
f 1756/4476/1756 1757/4478/1757 1747/4479/1747
vt 0.587600 0.280800
f 1756/4476/1756 1747/4479/1747 1748/4480/1748
f 1756/4476/1756 1748/4480/1748 46/52/46
f 1756/4476/1756 46/52/46 45/51/45
vt 0.611800 0.284100
f 1757/4478/1757 1746/4481/1746 1747/4479/1747
vt 0.612700 0.279100
vt 0.622500 0.285900
f 1757/4482/1757 1744/4483/1744 1746/4481/1746
vt 0.624400 0.276700
vt 0.613700 0.273900
vt 0.614700 0.268600
f 1758/4484/1758 1757/4485/1757 90/4486/90
vt 0.625400 0.272400
vt 0.635600 0.276900
f 1744/4484/1744 1758/4487/1758 1759/4488/1759
vt 0.634600 0.281000
f 1744/4484/1744 1759/4488/1759 1745/4489/1745
vt 0.645200 0.285100
vt 0.650700 0.284750
vt 0.655700 0.288100
f 1745/4490/1745 1759/4491/1759 2018/4492/2018
vt 0.475000 0.074700
vt 0.468800 0.086400
vt 0.469750 0.080900
f 1760/4493/1760 1761/4494/1761 2018/4495/2018
vt 0.472500 0.086100
vt 0.467000 0.097000
f 1761/4496/1761 1741/4497/1741 1743/4494/1743
vt 0.474500 0.118400
vt 0.478900 0.128900
f 1762/4498/1762 1763/4499/1763 1739/4429/1739
vt 0.469200 0.117800
f 1762/4498/1762 1739/4431/1739 1740/4500/1740
vt 0.479000 0.119000
vt 0.483100 0.119400
f 1763/4499/1763 1762/4501/1762 1764/4502/1764
vt 0.483300 0.128800
vt 0.484400 0.138300
f 1763/4499/1763 1764/4503/1764 1765/4504/1765
f 1763/4499/1763 1765/4504/1765 1738/4426/1738
f 1763/4499/1763 1738/4428/1738 1739/4429/1739
f 1765/4504/1765 1766/173/1766 1735/4420/1735
f 1765/4504/1765 1735/4420/1735 1734/4419/1734
f 1765/4504/1765 1734/4419/1734 1738/4426/1738
vt 0.489500 0.138000
vt 0.487900 0.129100
vt 0.494200 0.129000
f 1765/4505/1765 1764/4506/1764 1766/4507/1766
vt 0.517000 0.138300
vt 0.519900 0.142300
vt 0.513000 0.147500
f 1767/4508/1767 1768/4509/1768 135/4510/135
vt 0.509100 0.142700
f 1767/4508/1767 135/4510/135 1766/4511/1766
vt 0.527000 0.151800
vt 0.538400 0.157500
vt 0.531700 0.158800
f 1768/4512/1768 1769/4513/1769 125/4514/125
vt 0.525500 0.161200
f 1768/4512/1768 125/4514/125 135/4515/135
vt 0.536500 0.166700
vt 0.543500 0.165300
vt 0.546100 0.173000
f 125/4516/125 1769/4517/1769 2019/4518/2019
vt 0.548700 0.181200
vt 0.550800 0.191300
vt 0.544300 0.190400
f 1770/4519/1770 104/4520/104 120/4521/120
vt 0.555500 0.190100
vt 0.557700 0.199600
f 104/4520/104 1770/4522/1770 106/4523/106
vt 0.544800 0.201000
f 104/4520/104 107/4524/107 120/4521/120
vt 0.562200 0.197500
f 1770/4522/1770 1771/4525/1771 106/4523/106
vt 0.565900 0.203500
vt 0.565900 0.211100
f 1771/4526/1771 1772/4527/1772 106/130/106
vt 0.561700 0.214100
f 1772/4527/1772 1773/4528/1773 105/131/105
f 1772/4527/1772 105/131/105 106/130/106
vt 0.557700 0.216800
vt 0.555800 0.221800
vt 0.549700 0.220500
f 1773/4529/1773 1774/4530/1774 1775/4531/1775
vt 0.552700 0.213300
f 1773/4529/1773 1775/4531/1775 105/4532/105
vt 0.548100 0.212300
f 1775/4531/1775 104/4533/104 105/4532/105
vt 0.554400 0.228100
f 1775/4531/1775 1774/4530/1774 92/4534/92
vt 0.542200 0.229100
vt 0.536200 0.228700
vt 0.539200 0.218600
f 1775/4535/1775 1776/4536/1776 1777/4537/1777
vt 0.544500 0.219900
f 1775/4535/1775 1777/4537/1777 104/4538/104
vt 0.541400 0.240500
vt 0.549000 0.238600
vt 0.552600 0.250500
f 1776/4539/1776 1775/4540/1775 58/4541/58
vt 0.560600 0.243000
f 1775/4540/1775 92/4542/92 58/4541/58
vt 0.534100 0.217600
vt 0.537200 0.208100
f 1777/4537/1777 94/4543/94 1778/4544/1778
vt 0.542700 0.210100
f 1777/4537/1777 1778/4544/1778 107/4545/107
f 1777/4537/1777 107/4545/107 104/4533/104
vt 0.530800 0.228600
f 1777/4537/1777 1776/4536/1776 94/4546/94
vt 0.531600 0.206200
f 1778/4544/1778 1716/4547/1716 123/154/123
f 1778/4544/1778 123/154/123 122/153/122
f 1778/4544/1778 122/153/122 107/4524/107
vt 0.529000 0.216700
f 1778/4544/1778 94/4543/94 1716/4548/1716
vt 0.529700 0.241500
f 1776/4536/1776 54/4549/54 69/4546/69
vt 0.583100 0.239900
vt 0.594500 0.243000
vt 0.590100 0.246400
f 1779/4550/1779 82/4551/82 1752/4552/1752
vt 0.581400 0.249700
f 1779/4550/1779 1752/4552/1752 1751/4553/1751
vt 0.578500 0.243700
vt 0.567700 0.238100
f 1779/4550/1779 1751/4554/1751 92/4555/92
vt 0.572000 0.234000
f 1779/4550/1779 92/4555/92 1774/4556/1774
vt 0.597300 0.239500
vt 0.588300 0.233100
vt 0.590700 0.230000
f 75/4557/75 1779/4558/1779 1781/4559/1781
vt 0.598400 0.234600
f 82/4557/82 1779/4559/1779 75/4560/75
vt 0.605300 0.226200
vt 0.608500 0.225800
f 1780/4561/1780 52/60/52 75/4562/75
vt 0.603300 0.216000
f 1784/4563/1784 49/54/49 1780/61/1780
vt 0.600900 0.223900
vt 0.595200 0.222600
f 1784/4563/1784 1780/4564/1780 1781/4565/1781
vt 0.599500 0.229700
f 1781/4565/1781 1780/4564/1780 75/4566/75
vt 0.583400 0.220600
vt 0.569500 0.218300
vt 0.573000 0.215500
f 1781/4567/1781 1773/4568/1773 1772/4569/1772
vt 0.580500 0.223500
vt 0.577900 0.226600
f 1781/4570/1781 1779/4558/1779 1774/4571/1774
vt 0.566600 0.221000
f 1781/4570/1781 1774/4572/1774 1773/4568/1773
vt 0.590400 0.213800
vt 0.577600 0.212400
vt 0.582400 0.208800
f 1781/4573/1781 1772/4574/1772 1784/4575/1784
vt 0.577600 0.203800
vt 0.585700 0.198400
f 1784/4575/1784 1771/4576/1771 1782/4577/1782
vt 0.570800 0.207900
f 1784/4575/1784 1772/4574/1772 1771/4578/1771
vt 0.596800 0.191300
vt 0.603600 0.193200
vt 0.598600 0.195900
f 1782/4579/1782 1783/4580/1783 1784/4581/1784
vt 0.605800 0.199000
f 1784/4582/1784 1783/57/1783 49/54/49
vt 0.616800 0.185500
vt 0.625800 0.176800
vt 0.630800 0.179000
f 1783/4583/1783 1785/4584/1785 17/4585/17
f 1783/4583/1783 17/4585/17 50/58/50
vt 0.638400 0.170300
f 1785/4584/1785 16/4586/16 1792/4585/1792
vt 0.631700 0.168200
vt 0.632300 0.157900
vt 0.635700 0.160900
f 1785/4587/1785 1786/4588/1786 1787/4589/1787
vt 0.641200 0.160900
f 1785/4587/1785 1787/4589/1787 1788/4590/1788
f 1785/4587/1785 1788/4590/1788 16/4586/16
vt 0.604000 0.081400
vt 0.608600 0.084000
vt 0.608400 0.092800
f 16/4591/16 1788/4592/1788 1789/4593/1789
vt 0.602300 0.091400
f 16/4591/16 1789/4593/1789 24/4594/24
vt 0.600300 0.079700
f 16/4591/16 24/29/24 1790/4595/1790
f 1790/4595/1790 24/29/24 26/28/26
vt 0.593000 0.077800
f 1790/4595/1790 26/28/26 1791/4596/1791
vt 0.591100 0.065500
f 1790/4595/1790 1791/4596/1791 1792/4597/1792
vt 0.599100 0.065600
f 1790/4595/1790 1792/4597/1792 16/4598/16
vt 0.591800 0.053400
f 1792/4597/1792 17/4599/17 1785/4598/1785
vt 0.586100 0.077100
f 1792/4597/1792 1791/4596/1791 1793/4600/1793
vt 0.586100 0.065900
f 1792/4597/1792 1793/4600/1793 1794/4601/1794
vt 0.580800 0.056900
f 1792/4597/1792 1794/4601/1794 1795/4602/1795
vt 0.585200 0.054700
f 1792/4597/1792 1795/4602/1795 17/4603/17
f 1795/4602/1795 57/68/57 17/4603/17
vt 0.580200 0.067300
f 1795/4602/1795 1794/4601/1794 55/4604/55
vt 0.581000 0.076800
f 1794/4601/1794 1793/4605/1793 55/4604/55
vt 0.587700 0.086500
vt 0.581400 0.085500
f 1793/4605/1793 42/4606/42 41/4607/41
vt 0.573900 0.086400
f 55/4605/55 41/4607/41 76/4608/76
vt 0.572500 0.076900
f 1793/4605/1793 41/4608/41 55/4609/55
f 1793/4600/1793 1791/4596/1791 26/28/26
f 1793/4600/1793 26/28/26 42/4606/42
vt 0.582100 0.044100
f 17/4603/17 57/68/57 51/4610/51
vt 0.616100 0.100300
vt 0.608600 0.101000
f 1789/4593/1789 1796/4611/1796 1797/4612/1797
vt 0.601400 0.101200
f 1789/4593/1789 1797/4612/1797 24/4613/24
vt 0.617300 0.106000
f 1797/4612/1797 1796/4611/1796 1822/4614/1822
vt 0.602200 0.109400
f 1797/4612/1797 1798/4615/1798 24/4613/24
vt 0.609900 0.114100
vt 0.602300 0.116100
f 1798/4615/1798 1797/4616/1797 1799/4617/1799
vt 0.593300 0.118000
f 1798/4615/1798 1799/4617/1799 1800/4618/1800
vt 0.593600 0.111300
f 1798/4615/1798 1800/4618/1800 1801/4619/1801
f 1798/4615/1798 1801/31/1801 24/4613/24
vt 0.584600 0.119900
f 59/4619/59 1800/4618/1800 87/4620/87
f 1801/4619/1801 1800/4620/1800 59/75/59
vt 0.594200 0.126100
vt 0.603000 0.122100
vt 0.605000 0.129000
f 1800/4621/1800 1799/4622/1799 1802/4623/1802
vt 0.596200 0.135000
vt 0.587400 0.139800
f 1800/4621/1800 1802/4624/1802 1803/4625/1803
vt 0.585000 0.129600
f 1800/4621/1800 1803/4625/1803 87/4626/87
vt 0.580200 0.143800
vt 0.577700 0.133500
f 1803/4625/1803 1804/4627/1804 87/4628/87
f 1804/4627/1804 1806/105/1806 87/4628/87
vt 0.575600 0.146600
vt 0.572000 0.149000
vt 0.569600 0.139000
f 1804/4629/1804 1805/4630/1805 1806/4631/1806
vt 0.568500 0.151400
f 1806/4631/1806 1805/4630/1805 1807/4632/1807
vt 0.560400 0.134300
vt 0.565500 0.142000
vt 0.561500 0.144800
f 1806/4633/1806 1807/4634/1807 1808/4635/1808
vt 0.556400 0.137700
vt 0.550100 0.131400
f 1806/4633/1806 1808/4636/1808 1809/4637/1809
vt 0.542000 0.129400
vt 0.541600 0.122100
vt 0.545300 0.126200
f 1810/4638/1810 1852/4639/1852 1809/4640/1809
vt 0.529200 0.128200
vt 0.522100 0.130600
vt 0.519700 0.125000
f 1810/4641/1810 1768/4642/1768 127/4643/127
vt 0.536600 0.140300
vt 0.540800 0.147100
vt 0.533900 0.149000
f 1810/4644/1810 1769/4645/1769 1768/4646/1768
vt 0.556900 0.169700
vt 0.566300 0.175600
vt 0.559000 0.178900
f 2019/4647/2019 1811/4648/1811 1770/4649/1770
vt 0.576700 0.180100
vt 0.569100 0.184700
f 1811/4648/1811 1812/4650/1812 1770/4651/1770
vt 0.572000 0.172100
vt 0.575700 0.169600
f 1812/4650/1812 1811/4652/1811 1813/4653/1813
vt 0.581000 0.177000
vt 0.585500 0.184000
f 1812/4650/1812 1813/4654/1813 1814/4655/1814
vt 0.580700 0.187100
vt 0.571800 0.192200
f 1812/4650/1812 1814/4656/1814 1771/4657/1771
f 1812/4650/1812 1771/4657/1771 1770/4651/1770
vt 0.583600 0.193300
vt 0.574700 0.198200
f 1814/4656/1814 1782/4658/1782 1771/4659/1771
vt 0.584500 0.174300
f 1814/4655/1814 1813/4654/1813 1826/4660/1826
vt 0.589400 0.181300
f 1814/4655/1814 1826/4660/1826 1815/4661/1815
vt 0.593400 0.187100
f 1814/4655/1814 1815/4661/1815 1782/4662/1782
vt 0.588200 0.171500
f 1815/4661/1815 1826/4660/1826 1825/4663/1825
vt 0.593600 0.178000
f 1815/4661/1815 1825/4663/1825 1816/4664/1816
vt 0.598000 0.183600
f 1815/4661/1815 1816/4664/1816 1782/4665/1782
vt 0.602800 0.180200
f 1816/4664/1816 1817/4666/1817 1782/4665/1782
vt 0.597700 0.174700
vt 0.602200 0.170700
f 1817/4666/1817 1816/4667/1816 1818/4668/1818
vt 0.607800 0.175900
vt 0.612900 0.180700
f 1817/4666/1817 1818/4669/1818 1783/4670/1783
vt 0.606400 0.185700
vt 0.601200 0.188600
f 1817/4666/1817 1783/4671/1783 1782/4672/1782
vt 0.620200 0.173000
f 1818/4669/1818 1785/4673/1785 1783/4670/1783
vt 0.623200 0.161700
vt 0.627000 0.165000
f 1818/4674/1818 1786/4588/1786 1785/4675/1785
vt 0.638400 0.147600
vt 0.641800 0.150500
f 1819/4676/1819 1788/4677/1788 1787/4589/1787
f 1819/4676/1819 1787/4589/1787 1786/4588/1786
vt 0.627500 0.082100
vt 0.626300 0.086200
vt 0.617000 0.081700
f 1819/4678/1819 1820/4679/1820 1788/4680/1788
vt 0.626200 0.091000
vt 0.615400 0.093900
vt 0.616200 0.087800
f 1820/4681/1820 1789/4682/1789 1788/4683/1788
vt 0.626500 0.095700
vt 0.626900 0.100300
f 1820/4684/1820 1821/4685/1821 1796/4611/1796
f 1820/4684/1820 1796/4611/1796 1789/4682/1789
vt 0.638100 0.101900
vt 0.627700 0.104600
f 1821/4685/1821 1833/4686/1833 1822/4687/1822
f 1821/4685/1821 1822/4614/1822 1796/4611/1796
vt 0.611500 0.119600
f 1797/4688/1797 1802/4623/1802 1799/4622/1799
vt 0.613300 0.125400
vt 0.622300 0.121100
vt 0.624500 0.126200
f 1797/4689/1797 1822/4690/1822 1823/4691/1823
vt 0.615700 0.131500
vt 0.607900 0.137000
f 1797/4689/1797 1823/4692/1823 1802/4693/1802
vt 0.610700 0.144200
vt 0.601600 0.151000
f 1803/4693/1803 1823/4694/1823 1824/4695/1824
vt 0.598800 0.143200
f 1802/4693/1802 1823/4695/1823 1803/4696/1803
vt 0.614200 0.150800
f 1824/4695/1824 1823/4694/1823 1818/4697/1818
vt 0.590200 0.149000
f 1824/4695/1824 1804/4698/1804 1803/4696/1803
vt 0.593300 0.157200
vt 0.597000 0.164500
vt 0.591900 0.168600
f 1824/4699/1824 1818/4700/1818 1816/4701/1816
vt 0.586800 0.161700
f 1824/4699/1824 1816/4701/1816 1825/4702/1825
vt 0.582900 0.153700
f 1824/4699/1824 1825/4702/1825 1804/4703/1804
vt 0.582900 0.164600
vt 0.579000 0.167300
vt 0.575400 0.158700
f 1825/4704/1825 1826/4705/1826 1805/4706/1805
vt 0.578600 0.156500
f 1825/4704/1825 1805/4706/1805 1804/4707/1804
vt 0.572200 0.160700
f 1826/4705/1826 1813/4653/1813 1827/4708/1827
f 1826/4705/1826 1827/4708/1827 1805/4706/1805
f 1827/4708/1827 1807/4632/1807 1805/4630/1805
f 1827/4708/1827 1813/4653/1813 1811/4652/1811
vt 0.568600 0.162800
vt 0.564900 0.153800
f 1827/4708/1827 1811/4709/1811 1828/4710/1828
f 1827/4708/1827 1828/4710/1828 1807/4632/1807
f 1828/4710/1828 1808/4635/1808 1807/4634/1807
vt 0.563800 0.165700
f 1828/4710/1828 1811/4709/1811 2019/4711/2019
vt 0.556700 0.148200
f 1828/4710/1828 2019/4712/2019 1769/4635/1769
vt 0.618700 0.137800
vt 0.621700 0.143800
f 1818/4697/1818 1823/4713/1823 1786/4714/1786
vt 0.627000 0.131100
f 1786/4714/1786 1823/4713/1823 1829/4715/1829
vt 0.640900 0.131300
vt 0.652100 0.124900
vt 0.643400 0.134300
f 1829/4716/1829 1830/4717/1830 1819/4718/1819
vt 0.635400 0.144200
f 1829/4716/1829 1819/4718/1819 1786/4719/1786
vt 0.662500 0.116400
vt 0.668400 0.104800
vt 0.670200 0.106200
f 1830/4720/1830 1837/4721/1837 1831/4722/1831
vt 0.648900 0.084100
vt 0.659200 0.090000
vt 0.648200 0.086900
f 1830/4723/1830 1831/4724/1831 1832/4725/1832
vt 0.637200 0.087300
f 1830/4723/1830 1832/4725/1832 1820/4726/1820
vt 0.637600 0.083800
f 1830/4723/1830 1820/4726/1820 1819/4727/1819
vt 0.646800 0.092800
vt 0.655100 0.092800
vt 0.654000 0.094800
f 1832/4728/1832 1831/4729/1831 1841/4730/1841
vt 0.637500 0.098400
vt 0.637100 0.094800
f 1832/4728/1832 1821/4731/1821 1820/4732/1820
vt 0.646600 0.095900
vt 0.653600 0.097000
vt 0.646900 0.098900
f 1832/4733/1832 1841/4734/1841 1833/4735/1833
f 1832/4733/1832 1833/4686/1833 1821/4731/1821
vt 0.647500 0.101800
vt 0.653900 0.099300
vt 0.654600 0.101300
f 1833/4736/1833 1841/4737/1841 1834/4738/1834
vt 0.633700 0.120600
vt 0.643000 0.114800
vt 0.645100 0.117800
f 1822/4739/1822 1833/4740/1833 1835/4741/1835
vt 0.636000 0.124400
f 1822/4739/1822 1835/4741/1835 1829/4742/1829
f 1822/4739/1822 1829/4715/1829 1823/4691/1823
vt 0.647300 0.120300
vt 0.638400 0.128000
f 1835/4741/1835 1830/4743/1830 1829/4744/1829
vt 0.655900 0.112800
vt 0.664700 0.104200
vt 0.658100 0.114000
f 1835/4745/1835 1837/4746/1837 1830/4747/1830
vt 0.665600 0.098100
vt 0.663800 0.097400
vt 0.664100 0.096400
f 1837/4748/1837 1838/4749/1838 1836/4750/1836
vt 0.665700 0.096300
vt 0.663600 0.095300
vt 0.664600 0.094400
f 1837/4751/1837 1836/4752/1836 1831/4753/1831
vt 0.663100 0.096300
vt 0.663200 0.097400
vt 0.662500 0.097400
f 1836/4754/1836 1838/4755/1838 1842/4756/1842
vt 0.658200 0.094100
vt 0.659900 0.094800
vt 0.659100 0.095500
f 1831/4757/1831 1836/4758/1836 5/4759/5
vt 0.657200 0.095400
f 1831/4757/1831 5/4759/5 1841/4760/1841
vt 0.656800 0.096900
vt 0.658700 0.096500
vt 0.658800 0.097700
f 1841/4761/1841 5/4762/5 2/4763/2
vt 0.657100 0.098400
vt 0.659400 0.098700
f 1841/4764/1841 2/4763/2 1840/4765/1840
vt 0.656000 0.103000
vt 0.657800 0.104200
vt 0.651700 0.109200
f 1834/4766/1834 1841/4767/1841 1837/4768/1837
vt 0.649900 0.106900
f 1834/4766/1834 1835/4768/1835 1833/4769/1833
vt 0.660000 0.104800
vt 0.653700 0.111200
f 1834/4767/1834 1837/4770/1837 1835/4771/1835
vt 0.660500 0.101100
vt 0.661400 0.099700
vt 0.662400 0.099600
f 1841/4772/1841 1840/4773/1840 1838/4774/1838
vt 0.661800 0.101500
f 1841/4772/1841 1838/4774/1838 1837/4775/1837
vt 0.661600 0.097500
vt 0.661200 0.098500
f 1842/4776/1842 1838/4777/1838 1840/6/1840
f 1842/4776/1842 1840/6/1840 4/5/4
f 1842/4776/1842 4/5/4 3/4/3
vt 0.661500 0.096400
f 1842/4776/1842 3/4/3 1839/4778/1839
vt 0.662300 0.096200
f 1842/4776/1842 1839/4778/1839 1836/4779/1836
vt 0.660900 0.095200
f 5/4780/5 1839/4778/1839 3/4/3
vt 0.660100 0.095700
f 1836/4780/1836 1839/4/1839 5/4781/5
vt 0.546700 0.144200
vt 0.552100 0.141000
f 1828/4712/1828 1769/4782/1769 1808/4783/1808
vt 0.546500 0.134600
vt 0.549300 0.137800
f 1769/4782/1769 1810/4784/1810 1809/4785/1809
vt 0.535300 0.121100
vt 0.532500 0.124600
vt 0.529500 0.120300
f 1852/4786/1852 1810/4787/1810 127/4788/127
vt 0.531500 0.116500
vt 0.525100 0.116200
vt 0.526000 0.111800
f 1852/4789/1852 127/4790/127 121/4791/121
vt 0.517900 0.113300
f 121/4791/121 127/4790/127 1843/4792/1843
vt 0.511800 0.091600
vt 0.522000 0.089000
vt 0.520300 0.096200
f 1845/4793/1845 1844/4794/1844 1843/4795/1843
vt 0.507900 0.078600
vt 0.514800 0.083300
f 1845/4793/1845 111/4796/111 1844/4797/1844
vt 0.502000 0.074900
vt 0.497200 0.084600
vt 0.493000 0.081700
f 111/4798/111 1845/4799/1845 112/4800/112
vt 0.493400 0.069400
vt 0.489300 0.067100
vt 0.495900 0.057300
f 112/4801/112 1760/4802/1760 96/4803/96
vt 0.485100 0.064700
vt 0.492500 0.054900
f 96/4803/96 1760/4804/1760 1759/4805/1759
vt 0.501200 0.046400
f 1759/4806/1759 91/120/91 96/119/96
vt 0.636600 0.273000
vt 0.626900 0.268100
f 1759/4807/1759 1758/4487/1758 91/4808/91
vt 0.484400 0.077400
vt 0.489000 0.079400
vt 0.485900 0.089500
f 1760/4809/1760 112/4810/112 1850/4811/1850
vt 0.481600 0.087800
vt 0.476700 0.086500
f 1760/4809/1760 1850/4812/1850 1761/4813/1761
vt 0.480600 0.098500
vt 0.476000 0.097500
f 1850/4812/1850 1846/4814/1846 1761/4815/1761
vt 0.480150 0.103750
vt 0.475400 0.108100
f 1761/4814/1761 1846/4816/1846 1741/4817/1741
vt 0.483600 0.109400
f 1846/4818/1846 1764/4502/1764 1762/4501/1762
vt 0.487200 0.119700
vt 0.487300 0.110200
vt 0.492100 0.110900
f 1764/4819/1764 1846/4820/1846 1847/4821/1847
vt 0.492500 0.120000
f 1764/4819/1764 1847/4822/1847 1766/4507/1766
vt 0.500200 0.119400
vt 0.502500 0.128000
f 1847/4822/1847 1848/4823/1848 1766/4824/1766
vt 0.511300 0.126500
f 1848/4823/1848 1767/4825/1767 1766/4824/1766
vt 0.509200 0.118300
vt 0.508700 0.111100
f 1848/4826/1848 1849/4827/1849 1843/4792/1843
vt 0.518000 0.119000
f 1848/4826/1848 1843/4792/1843 127/4828/127
f 1848/4826/1848 127/4643/127 1767/4825/1767
vt 0.508900 0.104800
vt 0.518700 0.107300
f 1849/4827/1849 1845/4829/1845 1843/4830/1843
vt 0.499100 0.103100
vt 0.499100 0.111200
f 1849/4831/1849 1848/4832/1848 1847/4821/1847
vt 0.493900 0.092600
vt 0.500700 0.095700
f 1849/4831/1849 1850/4833/1850 1845/4834/1845
vt 0.492300 0.101500
vt 0.487600 0.100300
f 1846/4833/1846 1849/4835/1849 1847/4836/1847
f 1850/4833/1850 112/4800/112 1845/4799/1845
f 1850/4835/1850 1849/4821/1849 1846/4820/1846
vt 0.519300 0.074100
vt 0.525700 0.065000
vt 0.529400 0.074300
f 111/4837/111 74/4838/74 1851/4839/1851
vt 0.525100 0.081200
f 111/4837/111 1851/4840/1851 1844/4794/1844
vt 0.520700 0.057600
f 111/4837/111 95/4841/95 74/4838/74
vt 0.530600 0.088100
f 1851/4840/1851 1973/4842/1973 118/151/118
f 1851/4840/1851 118/151/118 1844/4794/1844
vt 0.536500 0.080100
f 1851/4839/1851 89/108/89 1973/4843/1973
f 1851/4839/1851 74/92/74 89/108/89
f 1844/4794/1844 118/151/118 121/150/121
f 1844/4794/1844 121/150/121 1843/4795/1843
vt 0.549100 0.122700
f 1852/4639/1852 114/4844/114 1809/4640/1809
vt 0.558500 0.124000
vt 0.566850 0.129200
f 1809/4845/1809 114/106/114 2020/4846/2020
f 1768/4642/1768 1767/4825/1767 127/4643/127
f 1757/4485/1757 1754/4473/1754 90/4471/90
f 1744/4485/1744 1757/4471/1757 1758/4486/1758
f 1750/4462/1750 1717/4455/1717 58/4464/58
vt 0.565300 0.278900
f 1718/4847/1718 43/4460/43 47/53/47
vt 0.585700 0.284300
f 1748/4480/1748 1747/4848/1747 47/53/47
f 1748/4480/1748 47/53/47 46/52/46
vt 0.654300 0.303200
vt 0.665200 0.305500
vt 0.665200 0.313200
f 2018/4849/2018 1743/4850/1743 1722/4851/1722
vt 0.445000 0.126800
f 1723/4435/1723 1742/4434/1742 1660/4852/1660
vt 0.459000 0.137900
vt 0.453000 0.138300
f 1742/4434/1742 1740/4853/1740 2017/4854/2017
vt 0.444300 0.139200
f 1742/4434/1742 1724/4855/1724 1660/4852/1660
vt 0.461300 0.148600
vt 0.454500 0.149400
f 1740/4853/1740 1725/4856/1725 2017/4857/2017
vt 0.472100 0.157900
vt 0.467400 0.148000
vt 0.473600 0.147600
f 1725/4858/1725 1740/4859/1740 1737/4860/1737
vt 0.478100 0.157200
f 1725/4858/1725 1737/4860/1737 1736/4861/1736
vt 0.482800 0.166900
f 1725/4858/1725 1736/4861/1736 1726/4862/1726
f 1726/4423/1726 1732/4422/1732 1728/4402/1728
f 1735/4420/1735 1766/173/1766 135/172/135
vt 0.514400 0.165000
f 1731/4412/1731 135/4863/135 124/156/124
vt 0.510300 0.201400
vt 0.504300 0.208800
vt 0.505600 0.200400
f 1716/4864/1716 1715/4865/1715 1729/4866/1729
vt 0.439600 0.216800
vt 0.443300 0.221650
vt 0.442300 0.229700
f 1695/4867/1695 2052/4868/2052 1645/4869/1645
vt 0.311600 0.129800
vt 0.310300 0.119600
vt 0.315500 0.117200
f 1682/4870/1682 1670/4871/1670 2014/4872/2014
vt 0.305700 0.131300
f 1682/4870/1682 1680/4873/1680 1681/4181/1681
f 1682/4870/1682 1681/4181/1681 1670/4871/1670
vt 0.307800 0.110100
f 1681/4181/1681 1671/4157/1671 1670/4874/1670
f 1681/4181/1681 1679/4180/1679 1674/4158/1674
f 1681/4181/1681 1674/4158/1674 1671/4157/1671
f 1668/4140/1668 150/4131/150 152/4129/152
f 1647/4073/1647 69/4230/69 53/4077/53
vt 0.278400 0.146500
f 1632/4875/1632 1302/2965/1302 1301/2964/1301
f 1572/3798/1572 1573/126/1573 101/125/101
vt 0.474100 0.269700
vt 0.480500 0.277900
f 1571/4876/1571 1531/4877/1531 1573/3796/1573
vt 0.491800 0.280200
vt 0.493950 0.284700
vt 0.490400 0.282100
f 1571/4878/1571 1570/4879/1570 1531/4880/1531
vt 0.515900 0.299300
vt 0.510400 0.290900
f 1532/4881/1532 1570/4882/1570 1569/3789/1569
vt 0.524100 0.306000
f 1532/4881/1532 1569/3788/1569 1853/4883/1853
vt 0.521000 0.307300
f 1532/4881/1532 1853/4883/1853 1529/4884/1529
f 1853/4883/1853 1569/3788/1569 1566/3786/1566
vt 0.527000 0.304800
f 1853/4883/1853 1566/4885/1566 1533/3704/1533
f 1853/4883/1853 1533/3704/1533 1529/3703/1529
f 1566/4885/1566 1565/3782/1565 1533/3781/1533
vt 0.618800 0.335700
f 1655/3761/1655 115/4886/115 1552/3762/1552
vt 0.634700 0.355300
vt 0.624400 0.360600
vt 0.629350 0.353800
f 133/4887/133 1547/4888/1547 2011/4889/2011
vt 0.644600 0.345500
vt 0.651100 0.356200
f 133/4890/133 129/3750/129 1551/4891/1551
f 1551/3752/1551 1549/3737/1549 1547/3736/1547
vt 0.495800 0.319100
vt 0.486600 0.315600
vt 0.491000 0.313100
f 1854/4892/1854 33/4893/33 1530/4894/1530
vt 0.492600 0.330200
vt 0.488900 0.332400
vt 0.481800 0.324800
f 1854/4895/1854 1856/4896/1856 33/4897/33
vt 0.478400 0.326400
vt 0.468400 0.320500
vt 0.474000 0.319100
f 1856/4898/1856 1855/4899/1855 33/4900/33
vt 0.464500 0.313800
vt 0.471400 0.312100
f 1855/4899/1855 39/4901/39 48/4902/48
f 1855/4899/1855 48/4902/48 33/4900/33
vt 0.478100 0.338700
vt 0.485900 0.345500
vt 0.482200 0.346700
f 1856/4903/1856 1857/4904/1857 1858/4905/1858
vt 0.474200 0.339900
vt 0.467600 0.332400
f 1856/4903/1856 1858/4906/1858 1855/4907/1855
vt 0.480400 0.350100
vt 0.471300 0.342700
f 1858/4906/1858 1508/4908/1508 1859/4909/1859
vt 0.463600 0.334000
f 1858/4906/1858 1859/4909/1859 1855/4910/1855
f 1859/4909/1859 1508/3624/1508 1507/3623/1507
vt 0.460000 0.338900
f 1859/4909/1859 1507/3623/1507 28/4911/28
f 1859/4909/1859 28/4911/28 1855/4910/1855
vt 0.494100 0.352400
f 1858/4905/1858 1857/4904/1857 1860/4912/1860
vt 0.491300 0.354600
f 1858/4905/1858 1860/4912/1860 1508/4913/1508
vt 0.501600 0.362000
f 1860/4912/1860 1509/4914/1509 1508/4913/1508
vt 0.507100 0.356000
vt 0.510000 0.353500
vt 0.520100 0.357900
f 1509/4915/1509 1860/4916/1860 2021/4917/2021
vt 0.517300 0.361400
f 1509/4915/1509 2021/4917/2021 1510/4918/1510
f 2021/4917/2021 1511/3634/1511 1510/3633/1510
vt 0.523100 0.352200
vt 0.530600 0.350400
vt 0.532400 0.355100
f 2021/4919/2021 1861/4920/1861 1511/4921/1511
f 1861/4920/1861 23/26/23 21/23/21
f 1861/4920/1861 21/23/21 1511/3641/1511
vt 0.528000 0.346600
vt 0.521500 0.345200
vt 0.519900 0.341500
f 1861/4922/1861 2021/4923/2021 1862/4924/1862
vt 0.528700 0.341700
f 1861/4922/1861 1862/4925/1862 23/26/23
f 1862/4925/1862 22/24/22 23/26/23
vt 0.532100 0.340700
vt 0.533800 0.339000
f 1862/4926/1862 1527/4927/1527 22/3682/22
vt 0.518400 0.332900
vt 0.518000 0.337600
vt 0.515100 0.333400
f 1527/4928/1527 1862/4929/1862 1863/4930/1863
vt 0.512000 0.328700
vt 0.514600 0.327500
f 1527/4928/1527 1863/4931/1863 1529/4932/1529
vt 0.510800 0.321600
f 1863/4931/1863 1528/4933/1528 1529/4932/1529
vt 0.504500 0.324000
vt 0.507700 0.322800
f 1863/4931/1863 1854/4934/1854 1528/4935/1528
vt 0.514800 0.342600
vt 0.514900 0.339500
f 2021/4923/2021 1863/4936/1863 1862/4937/1862
vt 0.506500 0.341900
vt 0.502600 0.334000
vt 0.508400 0.338800
f 1857/4938/1857 1854/4939/1854 1863/4940/1863
vt 0.496300 0.339000
vt 0.499400 0.336600
f 1857/4938/1857 1856/4941/1856 1854/4942/1854
vt 0.502300 0.346600
vt 0.507050 0.348850
f 1857/4943/1857 2021/4944/2021 1860/4916/1860
vt 0.503000 0.316200
f 1854/4934/1854 1530/4945/1530 1528/4935/1528
vt 0.548000 0.347500
f 1524/4946/1524 19/21/19 1525/25/1525
f 1524/3678/1524 1514/3642/1514 20/3638/20
f 1524/3678/1524 20/22/20 19/21/19
vt 0.556600 0.358400
f 1514/3672/1514 1515/3644/1515 1513/4947/1513
f 1522/3671/1522 1516/3645/1516 1515/3644/1515
vt 0.579100 0.366700
f 1864/4948/1864 1520/3663/1520 1518/3662/1518
f 1507/3623/1507 27/3620/27 28/4911/28
vt 0.396200 0.355800
f 1472/3521/1472 1373/3520/1373 1471/4949/1471
f 1472/3521/1472 1471/4949/1471 63/3608/63
vt 0.388400 0.349100
f 1471/4949/1471 1470/3514/1470 63/4950/63
f 1470/3514/1470 1468/3511/1468 63/3880/63
vt 0.353200 0.344700
f 1376/3488/1376 71/84/71 1375/4951/1375
vt 0.536800 0.406900
vt 0.548400 0.410600
vt 0.545600 0.412900
f 1367/4952/1367 1364/4953/1364 1351/4954/1351
f 1364/4953/1364 1366/3143/1366 1351/3142/1351
f 1366/3189/1366 1363/3186/1363 1355/3146/1355
f 1366/3189/1366 1355/3146/1355 1353/3144/1353
vt 0.581400 0.434100
f 1363/3186/1363 1361/4955/1361 1355/3147/1355
vt 0.592900 0.443800
vt 0.590700 0.446500
f 1361/4955/1361 1865/4956/1865 1286/4957/1286
f 1361/4955/1361 1286/3148/1286 1354/3147/1354
vt 0.584100 0.432100
vt 0.587000 0.430000
f 1865/4956/1865 1361/4958/1361 1360/4959/1360
vt 0.595800 0.440900
vt 0.605500 0.451000
f 1865/4956/1865 1360/4960/1360 1356/4961/1356
vt 0.602100 0.458500
f 1865/4956/1865 1287/4962/1287 1286/4957/1286
f 1324/3239/1324 1319/3006/1319 1318/3005/1318
vt 0.099800 0.140100
f 1319/4963/1319 1242/3010/1242 939/3009/939
vt 0.683600 0.526200
vt 0.676600 0.523800
vt 0.681200 0.515900
f 1298/4964/1298 1048/4965/1048 148/4966/148
vt 0.300200 0.069000
vt 0.306900 0.076200
f 1298/4967/1298 148/2942/148 1297/4968/1297
vt 0.590200 0.757700
f 805/2760/805 952/2097/952 806/4969/806
vt 0.563300 0.454900
f 1182/4970/1182 98/123/98 85/102/85
vt 0.570900 0.761500
vt 0.560800 0.756000
vt 0.564400 0.752100
f 1134/4971/1134 1130/4972/1130 953/4973/953
vt 0.528600 0.757700
f 956/4974/956 964/2482/964 962/2129/962
vt 0.522400 0.750200
f 1132/4974/1132 964/2129/964 956/4975/956
f 1109/2431/1109 1107/2430/1107 994/2203/994
f 1109/2431/1109 994/2203/994 992/2201/992
f 1106/2428/1106 996/2204/996 994/2203/994
f 996/2423/996 997/2208/997 995/2207/995
vt 0.010800 0.709400
vt 0.012800 0.689500
vt 0.015700 0.690200
f 1099/4976/1099 1098/4977/1098 1001/4978/1001
vt 0.013800 0.709600
f 1099/4976/1099 1001/4978/1001 872/4979/872
vt 0.016500 0.669700
vt 0.019600 0.670800
f 1098/4977/1098 2003/4980/2003 1866/4981/1866
f 1098/4977/1098 1866/4981/1866 1001/4978/1001
vt 0.029400 0.652600
vt 0.023900 0.672400
f 1866/4981/1866 1867/4982/1867 1002/4983/1002
vt 0.019700 0.691200
f 1866/4981/1866 1002/4983/1002 1001/4984/1001
vt 0.025400 0.650600
vt 0.031700 0.628200
f 1004/4982/1004 1867/4985/1867 1943/4986/1943
vt 0.039200 0.633100
vt 0.034100 0.655000
f 1867/4982/1867 1004/4987/1004 1003/4988/1003
vt 0.029900 0.674800
f 1867/4982/1867 1003/4988/1003 1002/4989/1002
vt 0.034900 0.630200
vt 0.040400 0.605100
vt 0.043200 0.607300
f 1943/4990/1943 1942/4991/1942 1005/4992/1005
vt 0.048100 0.611400
f 1943/4990/1943 1005/4993/1005 1004/4987/1004
vt 0.054400 0.584100
f 1942/4991/1942 1006/4994/1006 1005/4992/1005
vt 0.049400 0.579200
vt 0.035500 0.601300
vt 0.041300 0.589250
f 1006/4995/1006 1942/4996/1942 1941/4997/1941
vt 0.047100 0.577200
vt 0.061900 0.551900
f 1006/4995/1006 1941/4998/1941 1007/4999/1007
vt 0.079600 0.521600
vt 0.059900 0.549700
vt 0.068700 0.534650
f 1868/5000/1868 1007/5001/1007 1940/5002/1940
vt 0.111600 0.481900
vt 0.110800 0.487600
f 1868/5000/1868 1869/5003/1869 1008/5004/1008
vt 0.105300 0.439500
vt 0.108100 0.439200
f 1869/5003/1869 1868/5005/1868 1870/5006/1870
vt 0.114900 0.476700
f 1869/5003/1869 1870/5006/1870 1871/5007/1871
vt 0.137000 0.481700
f 1869/5003/1869 1871/5007/1871 1872/5008/1872
vt 0.135400 0.485800
f 1869/5003/1869 1872/5008/1872 1009/5009/1009
vt 0.134000 0.489600
f 1869/5003/1869 1009/5010/1009 1008/5004/1008
vt 0.117900 0.472200
vt 0.138600 0.478400
f 1872/5008/1872 1871/5011/1871 1873/5012/1873
vt 0.157500 0.482000
vt 0.156850 0.483550
f 1872/5008/1872 1873/5013/1873 2053/5014/2053
vt 0.154800 0.488600
f 1872/5008/1872 1010/5015/1010 1009/5009/1009
f 1874/5013/1874 1013/2242/1013 1011/2240/1011
f 1874/5013/1874 1011/2240/1011 1010/2239/1010
vt 0.210500 0.484300
vt 0.197000 0.477300
vt 0.212000 0.481600
f 1015/5016/1015 1014/5017/1014 1875/5018/1875
vt 0.226200 0.486600
f 893/5016/893 1875/5018/1875 1876/5019/1876
f 1015/5016/1015 1875/5019/1875 893/2247/893
vt 0.227700 0.483700
vt 0.241500 0.488300
f 1876/5019/1876 1877/5020/1877 1936/5021/1936
f 1876/5019/1876 1016/2248/1016 893/2247/893
vt 0.253800 0.495300
vt 0.268400 0.497200
vt 0.267200 0.499800
f 1017/5022/1017 1878/5023/1878 1019/5024/1019
vt 0.255200 0.492500
vt 0.256700 0.489400
f 1878/5023/1878 1017/5025/1017 1935/5026/1935
vt 0.281400 0.502300
vt 0.280100 0.504900
f 1878/5023/1878 1879/5027/1879 1018/5028/1018
f 1878/5023/1878 1018/5028/1018 1019/5024/1019
vt 0.311900 0.502400
vt 0.303000 0.490900
vt 0.315100 0.496700
f 1021/5029/1021 1880/5030/1880 1882/5031/1882
vt 0.327100 0.502600
f 1022/5029/1022 1882/5031/1882 1881/5032/1881
vt 0.323800 0.508300
f 1021/5029/1021 1882/5032/1882 1022/5033/1022
vt 0.342900 0.501300
vt 0.338700 0.508700
f 1881/5032/1881 1883/5034/1883 1023/5035/1023
vt 0.335600 0.514200
f 1881/5032/1881 1023/5036/1023 1022/5033/1022
vt 0.331300 0.495300
vt 0.336800 0.486800
f 1883/5034/1883 1881/5037/1881 1928/5038/1928
vt 0.359300 0.498800
f 1883/5034/1883 1884/5039/1884 1024/2272/1024
vt 0.350300 0.514700
f 1883/5034/1883 1024/5040/1024 1023/5035/1023
vt 0.348000 0.493000
vt 0.353700 0.484400
f 1884/5039/1884 1883/5041/1883 1926/5042/1926
vt 0.364600 0.490500
vt 0.375700 0.496300
f 1884/5039/1884 1926/5043/1926 1885/5044/1885
f 1884/5039/1884 1885/5044/1885 1026/2276/1026
f 1884/5039/1884 1026/2273/1026 1024/2272/1024
vt 0.392200 0.494600
vt 0.386500 0.502700
f 1885/5044/1885 1886/5045/1886 1028/5046/1028
f 1885/5044/1885 1028/2277/1028 1026/2276/1026
vt 0.381300 0.488300
vt 0.387500 0.480500
f 1886/5045/1886 1885/5047/1885 1923/5048/1923
vt 0.398000 0.487000
vt 0.408500 0.493500
f 1886/5045/1886 1923/5049/1923 1887/5050/1887
f 1886/5045/1886 1887/5050/1887 1030/2282/1030
f 1886/5045/1886 1030/2282/1030 1027/2281/1027
f 1886/5045/1886 1027/2281/1027 1028/5046/1028
vt 0.424200 0.492700
f 1887/5050/1887 1921/5051/1921 1032/2288/1032
f 1887/5050/1887 1032/2288/1032 1030/2283/1030
vt 0.439200 0.492500
vt 0.434200 0.499400
f 1921/5051/1921 1888/5052/1888 1032/5053/1032
f 1888/5052/1888 1033/2294/1033 1031/2293/1031
f 1888/5052/1888 1031/2293/1031 1032/5053/1032
vt 0.452600 0.492800
vt 0.455000 0.489000
vt 0.464200 0.495100
f 1033/5054/1033 1889/5055/1889 1890/5056/1890
vt 0.461900 0.499200
f 1888/5054/1888 1889/5056/1889 1033/5057/1033
vt 0.473200 0.501200
vt 0.471000 0.505500
f 1890/5056/1890 1035/5058/1035 1034/5059/1034
f 1890/5056/1890 1034/5059/1034 1033/5057/1033
vt 0.474700 0.498400
vt 0.465500 0.492400
vt 0.466900 0.489900
f 1035/5060/1035 1890/5061/1890 1891/5062/1891
vt 0.475800 0.495600
vt 0.485100 0.501200
f 1035/5060/1035 1891/5063/1891 1892/5064/1892
vt 0.496000 0.504700
f 1892/5064/1892 1038/5065/1038 1037/2305/1037
f 1892/5064/1892 1037/2305/1037 1035/2304/1035
vt 0.516600 0.509600
vt 0.527000 0.511800
f 1893/5066/1893 1894/5067/1894 1040/2315/1040
f 1893/5066/1893 1040/2315/1040 1039/2314/1039
vt 0.515200 0.512200
f 1893/5066/1893 1039/2314/1039 1038/5068/1038
vt 0.517800 0.506900
vt 0.518900 0.504100
f 1894/5067/1894 1893/5069/1893 1895/5070/1895
vt 0.528100 0.508800
vt 0.537200 0.513000
f 1041/5067/1041 1894/5071/1894 1896/5072/1896
vt 0.536100 0.516300
f 1894/5067/1894 1895/5072/1895 1896/5073/1896
vt 0.534700 0.519200
f 1894/5067/1894 1041/5073/1041 1040/5074/1040
vt 0.529300 0.506400
f 1896/5072/1896 1895/5071/1895 1911/5075/1911
vt 0.547100 0.514800
vt 0.555700 0.518800
vt 0.554500 0.521800
f 1896/5076/1896 1042/5077/1042 1041/5078/1041
vt 0.566100 0.515800
vt 0.573200 0.523000
vt 0.565100 0.519300
f 1909/5079/1909 1043/5080/1043 1042/5081/1042
vt 0.582200 0.523300
vt 0.590700 0.522400
vt 0.590600 0.526800
f 1043/5082/1043 1897/5083/1897 1044/5084/1044
vt 0.599000 0.529100
f 1897/5083/1897 1045/5085/1045 1044/5084/1044
vt 0.598000 0.519300
vt 0.590500 0.516900
vt 0.590400 0.511500
f 103/5086/103 1897/5087/1897 1908/5088/1908
vt 0.626400 0.525200
vt 0.614700 0.516400
vt 0.626300 0.521500
f 1046/5089/1046 1045/5090/1045 1899/5091/1899
vt 0.638300 0.525800
f 1046/5089/1046 1899/5091/1899 923/5092/923
vt 0.613300 0.511400
f 1899/5091/1899 1045/5090/1045 1898/5093/1898
vt 0.626100 0.517600
f 1899/5094/1899 1898/5093/1898 1900/136/1900
vt 0.625500 0.512600
vt 0.639200 0.518600
f 1899/5094/1899 1900/5095/1900 1901/5096/1901
vt 0.649300 0.518400
vt 0.639700 0.511800
vt 0.648900 0.514600
f 1047/5097/1047 1901/5098/1901 1902/5099/1902
vt 0.656600 0.518600
vt 0.660500 0.513600
vt 0.661700 0.516900
f 1902/5100/1902 143/5101/143 148/5102/148
vt 0.663400 0.520300
f 1902/5100/1902 148/5102/148 1048/5103/1048
vt 0.657400 0.522400
f 1902/5100/1902 1048/5103/1048 1047/5104/1047
vt 0.656000 0.514700
vt 0.648700 0.510900
vt 0.655400 0.511000
f 1902/5105/1902 1906/5106/1906 142/5107/142
vt 0.660100 0.510100
f 1902/5105/1902 142/5108/142 143/5101/143
vt 0.648600 0.507200
f 142/5107/142 1906/5106/1906 1903/5109/1903
vt 0.655000 0.507400
vt 0.659800 0.506400
f 142/5107/142 1903/5110/1903 1904/5111/1904
vt 0.664200 0.509400
f 1904/5111/1904 143/5112/143 142/5108/142
vt 0.648900 0.503400
vt 0.649400 0.499400
vt 0.654500 0.499500
f 1903/5113/1903 1049/5114/1049 136/5115/136
vt 0.654800 0.503700
f 1903/5113/1903 136/5115/136 1904/5116/1904
vt 0.640000 0.505000
vt 0.640600 0.501600
f 1903/5113/1903 1905/5117/1905 1049/5118/1049
f 1905/5117/1905 1050/2341/1050 1049/5118/1049
f 1905/5117/1905 1903/5109/1903 1906/5106/1906
vt 0.639800 0.508400
vt 0.626800 0.505200
f 1905/5117/1905 1906/5119/1906 1907/5120/1907
f 1907/5120/1907 1055/2345/1055 1053/2343/1053
f 1907/5120/1907 1053/2343/1053 1905/2342/1905
f 1907/5120/1907 1906/5119/1906 1901/5098/1901
f 1907/5120/1907 110/135/110 1055/2345/1055
vt 0.624900 0.504300
vt 0.639400 0.515200
vt 0.624200 0.506600
f 1907/5121/1907 1901/5122/1901 1900/5123/1900
f 1907/5121/1907 1900/5123/1900 108/132/108
f 1907/5121/1907 108/132/108 110/135/110
f 1906/5119/1906 1902/5099/1902 1901/5098/1901
f 1898/5093/1898 103/137/103 1900/136/1900
vt 0.604800 0.511900
vt 0.615500 0.520600
vt 0.605800 0.516700
f 1898/5124/1898 1045/5125/1045 1897/5126/1897
vt 0.597100 0.514100
vt 0.596900 0.508700
f 1898/5124/1898 1897/5127/1897 103/5128/103
vt 0.575600 0.510200
vt 0.579350 0.511900
vt 0.582700 0.518900
f 1909/5129/1909 1908/5130/1908 1043/5131/1043
vt 0.549800 0.504000
vt 0.558500 0.507700
vt 0.557600 0.511700
f 1896/5132/1896 1909/5133/1909 1042/5134/1042
vt 0.549000 0.507600
vt 0.540100 0.503800
f 2022/5132/2022 1896/5135/1896 1911/5136/1911
vt 0.548200 0.511200
vt 0.539300 0.507300
f 1910/5136/1910 2022/5137/2022 1911/5138/1911
vt 0.520000 0.501900
vt 0.511800 0.493600
vt 0.520900 0.498900
f 1911/5139/1911 1912/5140/1912 1910/5141/1910
vt 0.509800 0.498600
f 1911/5139/1911 1895/5070/1895 1912/5142/1912
f 1912/5142/1912 1895/5070/1895 1893/5069/1893
vt 0.499600 0.495700
vt 0.508700 0.501200
vt 0.507600 0.503800
f 1912/5143/1912 1893/5144/1893 1038/5145/1038
vt 0.498500 0.498300
vt 0.489300 0.492600
f 1912/5143/1912 1038/5146/1038 1914/5147/1914
vt 0.490600 0.490000
f 1912/5143/1912 1914/5147/1914 1913/5148/1913
vt 0.497300 0.501400
vt 0.487800 0.495700
f 1914/5147/1914 1038/5149/1038 1892/5150/1892
vt 0.478600 0.489900
f 1914/5147/1914 1892/5150/1892 1915/5151/1915
vt 0.471900 0.481200
vt 0.480400 0.486900
f 1915/5151/1915 1916/5152/1916 1914/5153/1914
vt 0.486300 0.498800
vt 0.477000 0.492900
f 1915/5151/1915 1892/5154/1892 1891/5155/1891
vt 0.468200 0.487100
f 1915/5151/1915 1891/5155/1891 1917/5156/1917
vt 0.461200 0.478300
vt 0.469900 0.484100
f 1917/5156/1917 1918/5157/1918 1915/5158/1915
vt 0.458100 0.483900
f 1917/5156/1917 1891/5062/1891 1919/5159/1919
f 1919/5159/1919 1891/5062/1891 1890/5061/1890
vt 0.456500 0.486300
f 1919/5159/1919 1890/5061/1890 1889/5160/1889
vt 0.447600 0.479600
vt 0.439400 0.471200
vt 0.448900 0.477800
f 1889/5161/1889 1954/5162/1954 1919/5163/1919
vt 0.436200 0.476200
vt 0.438100 0.473200
f 1889/5161/1889 1920/5164/1920 1954/5165/1954
vt 0.445700 0.482600
vt 0.443100 0.486700
f 1920/5164/1920 1889/5166/1889 1888/5167/1888
vt 0.433700 0.480300
f 1920/5164/1920 1888/5167/1888 1921/5168/1921
vt 0.424100 0.473600
vt 0.416600 0.463500
vt 0.426400 0.469900
f 1921/5169/1921 1953/5170/1953 1920/5171/1920
vt 0.409600 0.472500
vt 0.414100 0.467000
f 1921/5169/1921 1922/5172/1922 1953/5173/1953
vt 0.419600 0.479300
vt 0.414200 0.486100
f 1922/5172/1922 1921/5174/1921 1887/5175/1887
vt 0.404000 0.479500
vt 0.393800 0.472800
f 1922/5172/1922 1887/5176/1887 1923/5177/1923
vt 0.389300 0.459600
vt 0.399500 0.466000
f 1923/5177/1923 1924/5178/1924 1922/5179/1922
vt 0.377000 0.474000
vt 0.383400 0.466600
f 1923/5177/1923 1925/5180/1925 1924/5181/1924
f 1925/5180/1925 1923/5048/1923 1885/5047/1885
vt 0.370600 0.482200
vt 0.359900 0.475900
f 1925/5180/1925 1885/5182/1885 1926/5183/1926
vt 0.355300 0.461900
vt 0.366300 0.468000
f 1926/5183/1926 1927/5184/1927 1925/5185/1925
vt 0.342800 0.478200
vt 0.348800 0.469900
f 1926/5183/1926 1928/5186/1928 1927/5187/1927
vt 0.337600 0.463800
f 1928/5186/1928 1929/5188/1929 1927/5187/1927
f 1928/5186/1928 1926/5042/1926 1883/5041/1883
vt 0.325300 0.480500
vt 0.331200 0.472100
f 1928/5186/1928 1930/5189/1930 1929/5190/1929
vt 0.319500 0.466300
f 1930/5189/1930 1931/5191/1931 1929/5190/1929
f 1930/5189/1930 1928/5038/1928 1881/5037/1881
vt 0.319700 0.489100
f 1930/5189/1930 1881/5037/1881 1882/5192/1882
vt 0.307700 0.483200
f 1930/5189/1930 1882/5192/1882 1932/5193/1932
vt 0.313300 0.474900
f 1930/5189/1930 1932/5193/1932 1931/5194/1931
vt 0.301000 0.469400
f 1932/5193/1932 1933/5195/1933 1931/5194/1931
f 1932/5193/1932 1882/5031/1882 1880/5030/1880
vt 0.290600 0.485300
f 1932/5193/1932 1880/5030/1880 1933/5196/1933
vt 0.299700 0.496700
vt 0.287200 0.491100
f 1933/5196/1933 1880/5197/1880 1879/5198/1879
vt 0.274400 0.485800
f 1933/5196/1933 1879/5198/1879 1934/5199/1934
vt 0.284800 0.495500
vt 0.272000 0.490100
f 1934/5199/1934 1879/5200/1879 1878/5201/1878
vt 0.258700 0.485600
f 1934/5199/1934 1878/5201/1878 1935/5202/1935
vt 0.243100 0.485000
f 1936/5203/1936 1935/5026/1935 1017/5025/1017
f 1936/5203/1936 1017/5025/1017 1016/5021/1016
f 1936/5203/1936 1016/5021/1016 1876/5020/1876
vt 0.198800 0.474000
vt 0.213400 0.478900
f 1087/5204/1087 2002/5205/2002 1875/5018/1875
f 1087/5204/1087 1875/5018/1875 1014/5017/1014
vt 0.181300 0.472400
f 1087/5204/1087 1014/5017/1014 1937/5206/1937
vt 0.183300 0.469100
f 1086/5204/1086 1937/5206/1937 2004/5207/2004
vt 0.164500 0.468600
vt 0.166700 0.465200
f 1937/5206/1937 1874/5208/1874 2004/5209/2004
vt 0.195500 0.480000
vt 0.179500 0.475700
f 1937/5206/1937 1014/5210/1014 1013/5211/1013
vt 0.162500 0.472000
f 1937/5206/1937 1013/5211/1013 1874/5212/1874
vt 0.152550 0.471550
vt 0.144800 0.467500
f 2004/5212/2004 2053/5213/2053 1088/5214/1088
vt 0.142600 0.471100
vt 0.126900 0.460100
f 1873/5215/1873 2054/5216/2054 1157/5214/1157
vt 0.120900 0.468000
vt 0.113800 0.437600
vt 0.116700 0.436200
f 2054/5217/2054 1938/5218/1938 1089/5219/1089
vt 0.111000 0.438600
vt 0.114450 0.455400
f 1938/5220/1938 2054/5221/2054 1871/5007/1871
f 1938/5220/1938 1871/5007/1871 1870/5006/1870
vt 0.103200 0.412300
f 1939/5220/1939 1870/5006/1870 1940/5222/1940
vt 0.105900 0.412000
f 1938/5220/1938 1870/5222/1870 1939/5223/1939
vt 0.098100 0.390100
vt 0.100500 0.389900
f 1940/5222/1940 1941/5224/1941 1090/5225/1090
f 1940/5222/1940 1090/5225/1090 1939/5223/1939
f 1940/5222/1940 1870/5006/1870 1868/5005/1868
vt 0.033000 0.599500
vt 0.020800 0.621500
vt 0.030600 0.597700
f 1942/5226/1942 1095/5227/1095 1094/5228/1094
vt 0.026100 0.624700
vt 0.023400 0.623100
f 1942/5226/1942 1943/5229/1943 1095/5230/1095
vt 0.016000 0.646000
f 1943/5229/1943 1096/5231/1096 1095/5230/1095
vt 0.022000 0.649000
vt 0.019000 0.647400
f 1943/5229/1943 1867/5232/1867 1096/5233/1096
f 1941/5224/1941 1094/2402/1094 1091/2401/1091
f 1941/5224/1941 1091/2401/1091 1090/5225/1090
vt 0.112600 0.424250
vt 0.114050 0.423550
f 1089/5218/1089 1938/5234/1938 1156/5235/1156
vt 0.149800 0.460100
vt 0.158250 0.462650
f 1874/5208/1874 2053/5236/2053 2004/5237/2004
vt 0.201100 0.470200
vt 0.185800 0.465200
vt 0.188600 0.461000
f 1087/5238/1087 1937/5239/1937 1086/5240/1086
vt 0.234600 0.471700
vt 0.252100 0.469700
vt 0.248200 0.476000
f 1877/5241/1877 1944/5242/1944 1936/5243/1936
vt 0.245550 0.467300
vt 0.244300 0.457400
f 1944/5242/1944 1877/5244/1877 1083/5245/1083
vt 0.257300 0.462200
vt 0.270100 0.467200
f 1944/5242/1944 1083/5246/1083 1945/5247/1945
vt 0.265100 0.474900
f 1944/5242/1944 1945/5247/1945 1935/5248/1935
vt 0.261400 0.480900
f 1944/5242/1944 1935/5249/1935 1936/5243/1936
vt 0.263900 0.453400
f 1945/5247/1945 1083/5246/1083 2001/5250/2001
vt 0.276400 0.458600
vt 0.288700 0.463900
f 1945/5247/1945 2001/5251/2001 1081/5252/1081
vt 0.282600 0.472800
f 1945/5247/1945 1946/5252/1946 1934/5253/1934
vt 0.277900 0.480100
f 1945/5247/1945 1934/5254/1934 1935/5248/1935
f 1946/5252/1946 1945/5251/1945 1081/2389/1081
vt 0.307600 0.460600
f 1946/5252/1946 1081/2388/1081 1947/5255/1947
f 1946/5252/1946 1947/5255/1947 1933/5195/1933
vt 0.295100 0.478000
f 1946/5252/1946 1933/5256/1933 1934/5253/1934
f 1947/5255/1947 1081/2388/1081 1078/2387/1078
vt 0.314600 0.452100
vt 0.326100 0.457700
f 1947/5255/1947 1078/5257/1078 1948/5258/1948
f 1947/5255/1947 1948/5258/1948 1931/5191/1931
f 1947/5255/1947 1931/5194/1931 1933/5195/1933
vt 0.322100 0.443800
vt 0.333300 0.449600
f 1948/5258/1948 1078/5259/1078 1076/5260/1076
vt 0.344400 0.455600
f 1948/5258/1948 1076/5260/1076 1949/5261/1949
f 1948/5258/1948 1949/5261/1949 1929/5188/1929
f 1948/5258/1948 1929/5190/1929 1931/5191/1931
f 1949/5261/1949 1076/2377/1076 1074/2376/1074
vt 0.362200 0.454100
f 1949/5261/1949 1074/2376/1074 1950/5262/1950
f 1949/5261/1949 1950/5262/1950 1927/5184/1927
f 1949/5261/1949 1927/5187/1927 1929/5188/1929
vt 0.368600 0.447300
vt 0.379000 0.453400
f 1950/5262/1950 1074/5263/1074 1951/5264/1951
vt 0.372800 0.460300
f 1950/5262/1950 1951/5264/1951 1924/5265/1924
f 1950/5262/1950 1924/5265/1924 1925/5185/1925
f 1950/5262/1950 1925/5185/1925 1927/5184/1927
vt 0.373800 0.442000
f 1951/5264/1951 1074/5263/1074 1072/5266/1072
vt 0.383900 0.448100
f 1951/5264/1951 1072/5266/1072 1071/5267/1071
vt 0.394000 0.454100
f 1951/5264/1951 1071/5267/1071 1952/5268/1952
f 1951/5264/1951 1952/5268/1952 1924/5178/1924
vt 0.397000 0.450500
vt 0.406800 0.456900
f 1952/5268/1952 1071/5269/1071 1953/5270/1953
vt 0.404100 0.460600
f 1952/5268/1952 1953/5271/1953 1922/5179/1922
f 1952/5268/1952 1922/5179/1922 1924/5178/1924
vt 0.399200 0.447700
vt 0.408900 0.454100
f 1953/5270/1953 1071/5272/1071 1070/5273/1070
vt 0.418600 0.460600
vt 0.429800 0.464300
vt 0.428300 0.466900
f 1070/5274/1070 1954/5275/1954 1920/5276/1920
f 1070/5274/1070 1920/5171/1920 1953/5170/1953
f 1954/5275/1954 1070/2367/1070 1067/2366/1067
f 1954/5275/1954 1067/2366/1067 1955/2361/1955
vt 0.440900 0.468900
vt 0.452000 0.472300
vt 0.450200 0.475200
f 1955/5277/1955 1956/5278/1956 1918/5279/1918
f 1955/5277/1955 1917/5279/1917 1919/5163/1919
f 1955/5277/1955 1919/5163/1919 1954/5162/1954
vt 0.453900 0.469500
vt 0.463000 0.475500
f 1956/5278/1956 1065/5280/1065 1916/5281/1916
f 1956/5278/1956 1916/5281/1916 1918/5157/1918
vt 0.459400 0.481000
f 1955/5278/1955 1918/5157/1918 1917/5282/1917
vt 0.455200 0.467000
f 1916/5281/1916 1065/5280/1065 1064/5283/1064
f 1916/5281/1916 1915/5158/1915 1918/5157/1918
vt 0.473400 0.478500
vt 0.465600 0.469900
vt 0.474700 0.475800
f 1916/5284/1916 1064/5285/1064 1063/5286/1063
vt 0.483000 0.481800
f 1916/5284/1916 1063/5286/1063 1913/5287/1913
vt 0.481800 0.484200
f 1916/5284/1916 1913/5287/1913 1914/5288/1914
vt 0.492700 0.485000
vt 0.493800 0.482200
vt 0.502500 0.488100
f 1913/5289/1913 1063/5290/1063 1957/5291/1957
vt 0.501700 0.490700
vt 0.500700 0.493100
f 1913/5289/1913 1957/5292/1957 1912/5293/1912
vt 0.494800 0.479700
f 1957/5291/1957 1063/5290/1063 1062/5294/1062
vt 0.503500 0.485600
vt 0.512600 0.491100
f 1957/5291/1957 1062/5295/1062 1910/5296/1910
f 1957/5291/1957 1910/5296/1910 1912/5140/1912
vt 0.522600 0.492900
vt 0.513500 0.488400
vt 0.514400 0.485400
f 1910/5297/1910 1062/5298/1062 1061/5299/1061
vt 0.523500 0.489600
f 1910/5297/1910 1061/5299/1061 1060/5300/1060
vt 0.532800 0.493400
f 1910/5297/1910 1060/5300/1060 2022/5301/2022
vt 0.552200 0.489600
vt 0.543700 0.487000
vt 0.545400 0.480400
f 2022/5302/2022 1060/5303/1060 1059/5304/1059
vt 0.561700 0.487400
vt 0.563100 0.482600
vt 0.570700 0.486800
f 1958/5305/1958 1059/5306/1059 1058/5307/1058
vt 0.569700 0.490900
vt 0.578600 0.490400
f 1958/5308/1958 1058/5307/1058 1908/5309/1908
vt 0.577600 0.494500
vt 0.576900 0.499400
f 1958/5308/1958 1908/5310/1908 1909/5311/1909
vt 0.585300 0.493600
vt 0.591100 0.497100
f 1908/5312/1908 109/138/109 103/5313/103
vt 0.579800 0.486300
vt 0.573600 0.478700
vt 0.581000 0.482100
f 1908/5314/1908 1058/5315/1058 1057/5316/1057
f 1908/5314/1908 1057/5316/1057 109/133/109
vt 0.217900 0.471500
vt 0.219600 0.468900
f 1876/5317/1876 1875/2398/1875 2002/5318/2002
f 1056/2346/1056 1055/2345/1055 110/135/110
f 1056/2346/1056 110/135/110 1057/134/1057
f 962/2129/962 957/2128/957 956/2114/956
f 777/2949/777 924/2331/924 1047/2330/1047
f 777/2949/777 1047/2330/1047 1048/2950/1048
vt 0.311200 0.833500
vt 0.330300 0.829700
vt 0.312500 0.836900
f 851/5319/851 838/5320/838 835/5321/835
f 726/1525/726 723/1524/723 724/1522/724
f 726/1525/726 724/1522/724 169/1931/169
vt 0.329500 0.777600
f 840/5322/840 703/1855/703 77/1854/77
vt 0.270500 0.733700
vt 0.273700 0.726500
f 702/1808/702 586/5323/586 701/5324/701
vt 0.384400 0.751200
f 694/1421/694 576/5325/576 575/1098/575
vt 0.396500 0.761250
f 694/1421/694 575/1098/575 34/5326/34
vt 0.444100 0.705000
f 15/1756/15 687/1400/687 1959/5327/1959
f 688/1756/688 687/5327/687 15/19/15
vt 0.435600 0.702000
vt 0.439200 0.692400
f 1959/5327/1959 686/5328/686 1995/5329/1995
vt 0.447500 0.694200
f 1959/5327/1959 1995/5329/1995 1960/5330/1960
vt 0.455100 0.696300
f 1959/5327/1959 1960/5330/1960 13/5331/13
f 1959/5327/1959 13/5331/13 15/19/15
f 1959/5327/1959 687/1400/687 686/1399/686
f 1960/1389/1960 561/1388/561 681/1751/681
f 1960/1389/1960 681/1751/681 13/1750/13
vt 0.126000 0.744700
f 605/1198/605 606/5332/606 163/200/163
f 605/1198/605 163/200/163 167/207/167
vt 0.263000 0.747600
vt 0.255300 0.742700
f 590/5333/590 587/1153/587 586/5334/586
vt 0.205800 0.760700
f 466/1150/466 465/5335/465 250/1151/250
vt 0.187800 0.739300
f 465/831/465 463/830/463 251/5336/251
vt 0.183800 0.730400
vt 0.185000 0.723000
f 463/5337/463 358/5338/358 251/593/251
vt 0.186800 0.685100
f 460/820/460 357/5339/357 359/821/359
vt 0.180300 0.677300
f 460/5340/460 360/603/360 357/602/357
vt 0.188100 0.658200
vt 0.192200 0.665300
f 459/818/459 361/5341/361 360/5342/360
f 456/807/456 364/617/364 362/616/362
vt 0.194100 0.628300
f 456/807/456 362/616/362 457/5343/457
f 452/806/452 366/620/366 364/618/364
f 450/802/450 367/623/367 366/621/366
f 448/798/448 369/624/369 367/623/367
f 447/791/447 372/629/372 370/627/370
f 447/791/447 370/627/370 369/626/369
f 442/781/442 377/635/377 375/633/375
f 442/781/442 375/633/375 374/632/374
f 439/777/439 380/639/380 378/636/378
f 439/777/439 378/636/378 377/635/377
f 381/773/381 383/645/383 382/642/382
f 435/770/435 506/650/506 325/649/325
f 435/770/435 325/649/325 384/771/384
f 385/767/385 433/656/433 323/655/323
f 428/761/428 389/665/389 387/664/387
f 428/761/428 387/664/387 386/762/386
vt 0.434700 0.608700
f 427/756/427 426/5344/426 391/757/391
vt 0.444100 0.614000
f 426/753/426 318/5345/318 322/754/322
vt 0.453500 0.619300
f 425/750/425 317/5346/317 318/751/318
f 424/744/424 392/671/392 316/670/316
f 424/744/424 316/670/316 317/748/317
vt 0.505700 0.642700
f 419/736/419 397/5347/397 396/737/396
f 417/734/417 399/684/399 397/683/397
f 416/726/416 401/690/401 398/689/398
f 416/726/416 398/689/398 399/730/399
f 412/717/412 404/697/404 402/696/402
f 410/713/410 405/708/405 404/698/404
vt 0.217400 0.679100
vt 0.215500 0.674900
vt 0.222800 0.673600
f 1989/5348/1989 356/5349/356 1961/5350/1961
vt 0.224600 0.678000
vt 0.226300 0.682300
f 1989/5348/1989 1961/5351/1961 254/5352/254
vt 0.230500 0.672700
f 1961/5351/1961 1962/5353/1962 255/358/255
f 1961/5351/1961 255/358/255 254/357/254
vt 0.221100 0.669400
f 1962/5353/1962 1961/5350/1961 355/5354/355
vt 0.237700 0.668500
vt 0.245900 0.665400
vt 0.246600 0.669800
f 255/5355/255 1963/5356/1963 256/5357/256
vt 0.247300 0.674300
f 1962/5355/1962 1963/5357/1963 255/5358/255
vt 0.255400 0.667400
vt 0.255800 0.672000
f 1963/5356/1963 257/5359/257 256/5360/256
vt 0.254900 0.662100
vt 0.254400 0.656400
f 257/5361/257 1963/578/1963 1964/5362/1964
vt 0.264800 0.658800
vt 0.275700 0.655200
f 1964/5363/1964 1965/5364/1965 257/369/257
vt 0.264600 0.651400
f 1966/5364/1966 1964/5365/1964 349/568/349
vt 0.276100 0.645900
f 1965/5364/1965 1964/568/1964 1966/5366/1966
vt 0.288200 0.651000
f 1965/5364/1965 1966/5366/1966 1967/5367/1967
vt 0.276400 0.636100
f 1967/5367/1967 1966/5366/1966 346/5368/346
f 1967/5367/1967 261/378/261 259/377/259
vt 0.287600 0.660000
f 1967/5367/1967 259/377/259 1965/5369/1965
vt 0.289200 0.641900
f 1967/5370/1967 346/560/346 343/559/343
f 1967/5370/1967 343/559/343 264/382/264
f 1967/5370/1967 264/382/264 261/380/261
f 346/5366/346 349/568/349 344/567/344
f 1966/5366/1966 349/567/349 346/5368/346
f 1964/5365/1964 350/569/350 349/568/349
f 1964/5362/1964 1963/578/1963 352/574/352
vt 0.213400 0.670900
f 1961/5350/1961 356/5349/356 355/5371/355
f 343/559/343 339/558/339 266/385/266
f 343/559/343 266/385/266 264/382/264
f 338/551/338 267/386/267 266/385/266
f 329/539/329 271/393/271 269/390/269
f 329/539/329 269/390/269 268/388/268
f 329/535/329 326/394/326 271/393/271
f 328/534/328 324/533/324 275/401/275
f 328/534/328 275/401/275 274/399/274
f 328/534/328 274/399/274 272/395/272
f 328/534/328 272/395/272 271/394/271
f 323/529/323 277/402/277 275/401/275
f 280/526/280 319/422/319 217/421/217
f 320/526/320 319/421/319 280/527/280
vt 0.454400 0.636800
f 319/520/319 282/519/282 215/5372/215
f 316/518/316 285/427/285 283/425/283
f 316/518/316 283/425/283 282/519/282
vt 0.497000 0.655300
vt 0.503600 0.665400
vt 0.495600 0.657300
f 315/5373/315 204/5374/204 209/5375/209
f 313/516/313 286/432/286 203/431/203
vt 0.528800 0.675950
f 286/511/286 312/438/312 1986/5376/1986
vt 0.562300 0.687100
f 310/504/310 289/5377/289 288/505/288
vt 0.578100 0.679800
vt 0.573300 0.687700
f 309/501/309 290/5378/290 289/5379/289
vt 0.583800 0.670100
vt 0.587450 0.673400
f 309/5380/309 307/5381/307 290/450/290
vt 0.598000 0.665100
f 307/5382/307 305/456/305 292/452/292
vt 0.622100 0.613800
vt 0.627000 0.619400
f 304/486/304 128/5383/128 302/5384/302
f 304/486/304 302/5384/302 301/487/301
f 303/484/303 300/483/300 295/462/295
f 303/484/303 295/462/295 305/461/305
vt 0.627400 0.603300
f 302/5384/302 128/5383/128 527/5385/527
f 299/481/299 1987/469/1987 300/468/300
vt 0.654900 0.625700
vt 0.662600 0.630200
vt 0.661900 0.637550
f 299/5386/299 298/5387/298 1987/5388/1987
f 238/321/238 11/15/11 10/14/10
f 238/321/238 10/14/10 239/318/239
vt 0.687800 0.643600
vt 0.692300 0.640150
vt 0.692650 0.645600
f 297/5389/297 2029/5390/2029 180/5391/180
vt 0.718500 0.631400
vt 0.718900 0.627900
f 178/5392/178 161/196/161 174/5393/174
vt 0.412400 0.177400
f 155/4330/155 154/5394/154 1698/188/1698
vt 0.382400 0.106800
f 149/182/149 146/4123/146 1664/5395/1664
vt 0.520400 0.164600
f 135/5396/135 125/158/125 124/157/124
vt 0.623400 0.398200
vt 0.623200 0.402400
vt 0.619200 0.400800
f 1548/5397/1548 2023/5398/2023 1517/5399/1517
vt 0.538100 0.188100
f 122/153/122 119/5400/119 120/4521/120
f 122/153/122 120/4521/120 107/4524/107
vt 0.545200 0.109900
vt 0.547700 0.101700
vt 0.549500 0.106300
f 1852/5401/1852 1968/5402/1968 114/5403/114
vt 0.545400 0.096000
vt 0.550900 0.095600
f 1968/5402/1968 117/5404/117 1969/5405/1969
vt 0.542600 0.104700
f 1968/5402/1968 1852/5406/1852 118/147/118
f 1968/5402/1968 118/147/118 117/5404/117
vt 0.553200 0.100000
f 1969/5407/1969 113/145/113 1968/144/1968
vt 0.559700 0.098300
f 113/5408/113 76/79/76 60/78/60
vt 0.548600 0.087300
vt 0.545100 0.087200
vt 0.544200 0.077500
f 1969/5409/1969 117/5410/117 1970/5411/1970
vt 0.552700 0.076400
vt 0.558400 0.083000
vt 0.554000 0.085000
f 1970/5412/1970 76/5413/76 1969/5414/1969
vt 0.558500 0.067200
vt 0.565100 0.077000
vt 0.558200 0.076100
f 1970/5415/1970 55/5416/55 76/5417/76
vt 0.560800 0.060200
vt 0.567400 0.061000
f 1970/5415/1970 1971/5418/1971 55/5419/55
vt 0.563700 0.054600
vt 0.570600 0.055700
f 1971/5418/1971 65/5420/65 55/5421/55
vt 0.549300 0.057500
vt 0.550800 0.049600
vt 0.553600 0.051300
f 1971/5422/1971 1972/5423/1972 65/5424/65
vt 0.544700 0.055800
f 1972/5423/1972 1971/5425/1971 73/91/73
f 1972/5423/1972 73/91/73 72/90/72
f 1972/5423/1972 72/83/72 68/82/68
vt 0.559700 0.048500
f 1972/5423/1972 68/82/68 66/5426/66
f 1972/5423/1972 66/5426/66 65/5424/65
vt 0.543300 0.066700
f 1971/5425/1971 1970/5427/1970 88/107/88
f 1971/5425/1971 88/107/88 73/91/73
vt 0.540400 0.078700
f 1970/5427/1970 1973/5428/1973 88/107/88
f 1973/5428/1973 1970/5411/1970 117/5410/117
f 1973/5428/1973 89/108/89 88/107/88
vt 0.566300 0.114500
f 114/145/114 60/77/60 2020/5429/2020
vt 0.559700 0.110500
f 113/145/113 60/5429/60 114/5430/114
f 102/128/102 86/103/86 85/102/85
f 102/128/102 85/102/85 98/123/98
vt 0.449000 0.290100
vt 0.459000 0.297800
vt 0.449400 0.300900
f 100/5431/100 1974/5432/1974 40/5433/40
vt 0.468300 0.305200
vt 0.460400 0.307100
f 1974/5432/1974 48/5434/48 39/5435/39
f 1974/5432/1974 39/48/39 40/5433/40
f 2020/5429/2020 60/77/60 59/76/59
f 2020/5429/2020 59/76/59 87/104/87
vt 0.556900 0.091400
f 76/5413/76 113/5436/113 1969/5414/1969
vt 0.562300 0.036300
vt 0.561700 0.038800
f 75/89/75 52/5437/52 67/5438/67
f 67/5438/67 52/5437/52 51/73/51
f 67/5438/67 51/73/51 68/72/68
vt 0.573300 0.051300
f 65/5420/65 1795/5439/1795 55/5421/55
vt 0.587000 0.041800
vt 0.596200 0.050600
f 51/4610/51 50/5440/50 17/5441/17
f 42/4606/42 26/28/26 25/27/25
f 42/4606/42 25/27/25 41/36/41
vt 0.457400 0.322300
vt 0.458700 0.327900
f 28/34/28 39/5442/39 1855/5443/1855
f 84/101/84 78/94/78 81/97/81
vt 0.575200 0.462300
f 84/101/84 81/97/81 1181/5444/1181
vt 0.424900 0.168600
vt 0.435900 0.167500
f 154/189/154 2051/5445/2051 153/5446/153
f 154/189/154 153/5446/153 151/187/151
f 170/1839/170 172/1834/172 847/1840/847
vt 0.306800 0.869200
f 835/1792/835 172/5447/172 832/1789/832
f 832/5447/832 171/1780/171 828/1782/828
f 172/5447/172 171/1782/171 832/1789/832
vt 0.495900 0.856200
vt 0.482400 0.871500
vt 0.479600 0.861500
f 144/5448/144 172/5449/172 170/5450/170
vt 0.668400 0.599800
vt 0.663400 0.605500
vt 0.659300 0.595800
f 532/5451/532 298/5452/298 145/5453/145
vt 0.696400 0.628300
vt 0.704400 0.628100
vt 0.705300 0.632300
f 2029/5454/2029 161/5455/161 159/5456/159
f 159/5456/159 161/5455/161 178/5392/178
vt 0.687500 0.610500
vt 0.677700 0.607500
vt 0.676800 0.604300
f 2029/5457/2029 298/5458/298 532/5459/532
vt 0.704800 0.620700
vt 0.698800 0.620700
f 173/5460/173 161/196/161 2029/5461/2029
vt 0.698800 0.616900
vt 0.689400 0.609400
f 173/5462/173 2029/5457/2029 532/5463/532
vt 0.623500 0.598800
vt 0.616800 0.593200
f 527/5464/527 128/705/128 1975/5465/1975
f 1975/5465/1975 128/705/128 1976/704/1976
vt 0.598200 0.584700
f 1976/704/1976 408/707/408 407/5466/407
vt 0.608700 0.588800
vt 0.601100 0.578400
f 1976/5467/1976 407/5466/407 525/5468/525
f 1976/5467/1976 525/5468/525 1975/977/1975
vt 0.644700 0.593100
vt 0.636500 0.593900
vt 0.637200 0.589600
f 530/5469/530 145/5470/145 528/5471/528
vt 0.631500 0.591700
f 528/5472/528 145/5470/145 527/982/527
vt 0.464300 0.828200
vt 0.450400 0.833400
f 824/5473/824 144/208/144 822/5474/822
f 231/8/231 7/311/7 10/9/10
f 1977/10/1977 8/384/8 9/11/9
vt 0.350950 0.687350
f 12/313/12 10/5475/10 7/311/7
f 1978/41/1978 35/1095/35 36/42/36
f 165/201/165 163/200/163 713/1507/713
f 164/1506/164 165/201/165 713/1507/713
f 1979/205/1979 166/1527/166 167/206/167
vt 0.120550 0.754700
f 606/5476/606 713/1507/713 163/200/163
vt 0.093300 0.799900
f 718/5477/718 717/1906/717 719/1516/719
f 721/1519/721 165/202/165 164/1515/164
vt 0.074900 0.699150
f 1981/5478/1981 1982/1939/1982 166/1528/166
f 1982/1529/1982 727/1941/727 728/1530/728
f 166/1535/166 730/1534/730 167/206/167
f 1983/1945/1983 728/1530/728 727/1941/727
vt 0.422650 0.759400
f 34/5479/34 37/44/37 1984/1408/1984
vt 0.416550 0.760650
f 1984/1419/1984 38/1418/38 34/5480/34
vt 0.265200 0.679500
f 243/366/243 242/365/242 582/5481/582
f 282/519/282 1985/424/1985 215/5372/215
f 1985/424/1985 282/519/282 283/425/283
vt 0.475650 0.655200
vt 0.471100 0.651700
f 284/426/284 213/5482/213 281/5483/281
vt 0.486250 0.660350
f 208/271/208 1988/5484/1988 209/272/209
f 1988/5484/1988 208/271/208 214/277/214
f 202/430/202 1986/435/1986 201/434/201
f 1986/435/1986 202/430/202 286/432/286
vt 0.659650 0.616550
vt 0.662700 0.618400
f 1987/5485/1987 298/5486/298 297/5387/297
f 306/489/306 305/488/305 307/490/307
vt 0.546900 0.675800
f 287/506/287 288/505/288 198/5487/198
vt 0.492650 0.651700
f 209/5375/209 1988/5488/1988 315/5373/315
vt 0.198450 0.687650
vt 0.197000 0.685800
f 356/585/356 1989/5489/1989 357/5490/357
vt 0.195900 0.663400
f 1990/5491/1990 360/5342/360 361/5341/361
vt 0.199600 0.661500
f 355/5492/355 356/604/356 1990/607/1990
f 376/634/376 379/638/379 334/546/334
vt 0.408050 0.601300
vt 0.406775 0.598000
f 388/5493/388 279/661/279 387/5494/387
vt 0.410750 0.596300
f 388/5495/388 387/665/387 389/666/389
vt 0.423300 0.607000
f 391/667/391 1991/668/1991 388/5496/388
vt 0.480800 0.638700
f 214/674/214 393/673/393 1988/5497/1988
f 440/778/440 443/783/443 441/785/441
vt 0.237500 0.556250
f 445/5498/445 446/906/446 497/788/497
f 455/803/455 456/807/456 1992/808/1992
vt 0.184600 0.617500
f 1992/5499/1992 456/807/456 457/5343/457
vt 0.153450 0.651350
vt 0.145900 0.650700
f 482/5500/482 483/5501/483 485/882/485
vt 0.141650 0.644850
vt 0.137400 0.639000
f 484/882/484 482/5502/482 485/5503/485
f 1993/894/1993 455/809/455 1992/895/1992
vt 0.243000 0.522900
f 441/911/441 500/5504/500 623/912/623
vt 0.422450 0.587600
vt 0.426425 0.591650
vt 0.421700 0.588800
f 2032/5505/2032 512/5506/512 390/5507/390
vt 0.497750 0.603900
f 518/5508/518 520/961/520 418/733/418
vt 0.509450 0.605450
f 518/5509/518 418/732/418 420/733/420
vt 0.663500 0.585150
vt 0.669100 0.582300
vt 0.666450 0.586025
f 530/5510/530 531/5511/531 532/5512/532
vt 0.663600 0.587650
vt 0.666600 0.589775
vt 0.657200 0.588200
f 530/5513/530 532/5514/532 145/5515/145
vt 0.209700 0.055350
vt 0.213800 0.050850
f 538/5516/538 541/1014/541 2055/5517/2055
vt 0.717950 0.672150
f 540/1011/540 182/1013/182 2055/5518/2055
vt 0.706900 0.700700
f 540/5519/540 542/1018/542 543/1017/543
f 540/5519/540 543/1017/543 182/233/182
vt 0.470050 0.662050
vt 0.465500 0.658400
f 213/5520/213 560/1059/560 281/5521/281
f 560/1063/560 563/1066/563 281/1064/281
vt 0.237150 0.752800
f 589/5522/589 588/1141/588 468/1143/468
vt 0.657700 0.579400
f 650/1309/650 531/5523/531 530/1307/530
vt 0.645200 0.745800
vt 0.659600 0.750700
vt 0.651700 0.750150
f 667/5524/667 548/5525/548 1996/5526/1996
f 1995/1392/1995 682/1391/682 1960/5329/1960
vt 0.514750 0.549400
vt 0.519100 0.552300
f 767/5527/767 768/1617/768 641/5528/641
vt 0.514800 0.561700
f 767/5527/767 641/5528/641 640/5529/640
f 784/1675/784 786/1677/786 655/1678/655
vt 0.647200 0.760850
f 667/1713/667 1996/5530/1996 948/1714/948
f 1997/1725/1997 672/1364/672 670/1362/670
f 555/1731/555 808/1735/808 556/1737/556
vt 0.499800 0.848000
vt 0.511400 0.846900
f 825/5531/825 826/5532/826 171/5448/171
vt 0.507200 0.856100
vt 0.503000 0.865300
vt 0.499450 0.860750
f 144/5533/144 171/5534/171 172/5535/172
vt 0.322200 0.757400
f 1998/5536/1998 841/1853/841 703/1855/703
f 857/1891/857 712/1498/712 709/1497/709
f 1999/1926/1999 873/1929/873 874/1927/874
f 1100/1928/1100 874/1927/874 168/1932/168
vt 0.420950 0.530550
f 906/5537/906 905/2287/905 1029/2285/1029
vt 0.428550 0.541350
f 905/5538/905 907/1990/907 763/1602/763
vt 0.441100 0.543500
f 905/5539/905 763/1603/763 761/1602/761
vt 0.501500 0.540800
vt 0.496900 0.538050
f 766/2001/766 767/5540/767 639/5541/639
vt 0.702400 0.769100
f 800/2086/800 1321/5542/1321 946/2087/946
vt 0.651200 0.771900
f 1996/2092/1996 947/5543/947 949/2093/949
f 1134/2099/1134 953/2101/953 1997/2100/1997
vt 0.570200 0.745500
f 672/5544/672 1997/2100/1997 953/2101/953
vt 0.527500 0.806900
vt 0.535200 0.803000
f 967/5545/967 1133/2474/1133 1129/5546/1129
vt 0.071450 0.853850
f 868/2209/868 998/2421/998 2000/5547/2000
f 868/2209/868 2000/5547/2000 999/2415/999
vt 0.298900 0.513150
f 1020/5548/1020 1021/2261/1021 752/1977/752
vt 0.298400 0.514300
vt 0.304100 0.518100
f 1020/5549/1020 752/5550/752 751/2258/751
vt 0.275500 0.439850
vt 0.279600 0.435400
f 1079/2384/1079 2001/5551/2001 1080/5552/1080
vt 0.221300 0.466300
f 1084/2396/1084 1877/5553/1877 2002/2397/2002
f 1876/2398/1876 2002/2397/2002 1877/5553/1877
f 2000/2418/2000 1140/2416/1140 999/2415/999
vt 0.072700 0.865850
vt 0.078350 0.874150
f 1213/5554/1213 2000/2421/2000 998/5555/998
f 1116/2443/1116 1112/2445/1112 1117/2446/1117
vt 0.533300 0.791600
vt 0.540200 0.787300
f 1128/2466/1128 967/5556/967 1129/5557/1129
vt 0.074100 0.290000
vt 0.074650 0.294250
f 2039/5558/2039 1152/2543/1152 2003/5559/2003
f 2039/5558/2039 2003/5559/2003 1098/2542/1098
vt 0.117550 0.397550
vt 0.124200 0.406400
vt 0.120000 0.408200
f 1155/5560/1155 1156/5561/1156 1939/5562/1939
vt 0.116100 0.398100
vt 0.117100 0.409300
f 1155/5563/1155 1939/5564/1939 1090/2554/1090
vt 0.171650 0.445500
f 1158/2563/1158 2004/5565/2004 1088/2564/1088
vt 0.221700 0.980850
f 1227/2752/1227 2036/5566/2036 1121/2753/1121
vt 0.324500 0.395600
vt 0.321300 0.391350
vt 0.327300 0.393500
f 1194/5567/1194 2005/5568/2005 1193/5569/1193
vt 0.269900 0.122400
vt 0.272600 0.127100
vt 0.267700 0.126800
f 1300/5570/1300 1301/5571/1301 925/5572/925
vt 0.267600 0.117700
f 1300/5570/1300 925/5572/925 781/5573/781
vt 0.701700 0.772000
vt 0.691600 0.771300
f 1321/5574/1321 1323/3031/1323 946/5575/946
vt 0.690400 0.777400
f 1323/3031/1323 2007/3033/2007 2006/5576/2006
vt 0.659850 0.775500
f 2006/5577/2006 949/2093/949 947/5543/947
f 1334/3066/1334 1258/3070/1258 1259/3067/1259
vt 0.617400 0.452900
vt 0.628050 0.452000
vt 0.627300 0.457100
f 1356/5578/1356 2009/5579/2009 1290/5580/1290
vt 0.638000 0.458100
f 2009/3157/2009 1291/3156/1291 1290/5581/1290
f 2023/3176/2023 2009/3178/2009 116/3179/116
vt 0.619700 0.443400
f 116/3179/116 2009/3178/2009 1356/5582/1356
f 1309/3217/1309 1389/3219/1389 1311/2989/1311
vt 0.154900 0.225050
f 2010/5583/2010 1390/3223/1390 1391/3221/1391
vt 0.297500 0.365900
f 2008/3275/2008 1342/3274/1342 2005/5584/2005
vt 0.445700 0.398200
f 1419/3445/1419 1452/3444/1452 1371/5585/1371
vt 0.563600 0.397800
f 1483/3558/1483 1362/5586/1362 1481/3559/1481
f 1369/3592/1369 1477/3588/1477 1368/3593/1368
vt 0.575700 0.376300
f 1483/3652/1483 1864/5587/1864 1518/3653/1518
vt 0.632300 0.347900
vt 0.624000 0.352300
f 115/5588/115 2011/4889/2011 1546/5589/1546
f 2012/3904/2012 1605/3903/1605 1596/3905/1596
vt 0.359600 0.303800
f 1606/3905/1606 2012/3907/2012 1608/5590/1608
vt 0.323500 0.276100
f 2013/5591/2013 1609/3911/1609 1594/4016/1594
vt 0.357200 0.313000
f 1608/5590/1608 2012/5592/2012 1596/3856/1596
f 1657/4099/1657 2011/4101/2011 115/4098/115
vt 0.323200 0.108450
vt 0.319200 0.104400
vt 0.324200 0.105175
f 2014/5593/2014 1296/5594/1296 1669/5595/1669
vt 0.456300 0.242300
f 1691/4221/1691 2015/5596/2015 2049/4222/2049
vt 0.460000 0.247350
vt 0.459300 0.247975
vt 0.458150 0.244825
f 1571/5597/1571 2049/5598/2049 2015/5599/2015
vt 0.474600 0.242750
vt 0.469400 0.239400
f 2015/5600/2015 1691/5601/1691 1693/4234/1693
vt 0.531800 0.254700
vt 0.536550 0.247350
vt 0.537800 0.253100
f 54/5602/54 1776/5603/1776 1717/5604/1717
vt 0.534500 0.264900
vt 0.533200 0.271400
f 1717/5605/1717 2016/5606/2016 54/63/54
f 2016/5606/2016 53/64/53 54/63/54
vt 0.557400 0.294800
vt 0.567100 0.296800
f 1650/5607/1650 1749/5608/1749 1651/4359/1651
vt 0.437300 0.153100
f 1724/4388/1724 2017/4390/2017 153/5609/153
vt 0.621600 0.291000
f 1745/5610/1745 1719/4444/1719 1744/4443/1744
f 1719/4444/1719 1745/5610/1745 1721/4440/1721
vt 0.473750 0.080400
f 2018/5611/2018 1761/4496/1761 1743/4494/1743
vt 0.541300 0.169850
vt 0.540200 0.173900
f 119/4516/119 2019/5612/2019 120/5613/120
vt 0.537600 0.175100
vt 0.535000 0.176300
f 125/4516/125 2019/5614/2019 119/5615/119
vt 0.544650 0.177150
vt 0.543200 0.181300
f 2019/5616/2019 1770/4519/1770 120/5617/120
vt 0.542800 0.246300
vt 0.544200 0.252100
f 1776/5618/1776 58/4541/58 1717/5619/1717
vt 0.479700 0.109000
f 1846/4816/1846 1762/5620/1762 1741/4817/1741
vt 0.564600 0.130800
f 1809/4845/1809 2020/4846/2020 1806/5621/1806
vt 0.447000 0.226500
f 2052/4868/2052 1691/5622/1691 1645/4869/1645
vt 0.496100 0.289200
f 1570/4879/1570 1532/5623/1532 1531/4880/1531
f 2011/4889/2011 1547/4888/1547 1546/5589/1546
vt 0.510400 0.344050
f 1863/4936/1863 2021/5624/2021 1857/4938/1857
vt 0.057800 0.547700
f 1940/5002/1940 1007/5001/1007 1941/5625/1941
vt 0.553700 0.507850
f 2022/5626/2022 1909/5134/1909 1896/5135/1896
vt 0.037800 0.586400
f 1094/5228/1094 1941/5627/1941 1942/5226/1942
vt 0.019250 0.659350
vt 0.017750 0.658550
f 1096/5233/1096 1866/5628/1866 2003/5629/2003
f 1866/5628/1866 1096/5233/1096 1867/5232/1867
vt 0.556950 0.488500
vt 0.553600 0.484100
f 2022/5630/2022 1059/5631/1059 1958/5305/1958
vt 0.560600 0.492500
f 1909/5632/1909 2022/5630/2022 1958/5305/1958
f 2002/5318/2002 1087/2398/1087 1085/5553/1085
f 1986/5376/1986 287/438/287 198/437/198
f 307/5381/307 292/451/292 290/450/290
vt 0.623000 0.406600
f 2023/5398/2023 116/5633/116 1517/5399/1517
f 2024/276/2024 213/429/213 214/277/214
vt 0.409100 0.632350
f 2025/5634/2025 216/278/216 219/281/219
vt 0.405100 0.629050
f 219/281/219 2026/5635/2026 2025/5634/2025
vt 0.397450 0.633100
vt 0.403500 0.632350
f 219/281/219 2027/5636/2027 2026/5637/2026
f 2027/5636/2027 219/281/219 221/283/221
f 221/283/221 222/407/222 2027/5636/2027
vt 0.201800 0.733000
vt 0.207950 0.734550
vt 0.206900 0.737400
f 251/5638/251 2028/5639/2028 249/5640/249
vt 0.248600 0.683800
f 255/359/255 243/361/243 244/5641/244
f 279/406/279 2027/409/2027 222/407/222
vt 0.407200 0.614000
f 2025/411/2025 2026/5642/2026 388/412/388
f 2025/414/2025 321/413/321 216/418/216
vt 0.198250 0.719300
vt 0.201500 0.717900
vt 0.199200 0.724000
f 2028/5643/2028 252/5644/252 249/5645/249
vt 0.403700 0.598000
f 278/658/278 387/662/387 279/5646/279
vt 0.303600 0.558550
vt 0.302800 0.562000
f 436/5647/436 381/640/381 379/5648/379
f 436/5647/436 379/5648/379 380/639/380
f 443/782/443 372/786/372 2030/787/2030
f 2030/787/2030 445/789/445 444/788/444
f 2030/790/2030 372/629/372 447/791/447
f 595/850/595 472/838/472 470/851/470
vt 0.234050 0.528900
f 444/5649/444 497/1229/497 499/1228/499
vt 0.241800 0.527500
f 444/5649/444 499/1228/499 500/5650/500
vt 0.407900 0.578350
vt 0.408500 0.577250
f 2032/5651/2032 510/1259/510 631/5652/631
f 631/1258/631 632/5652/632 2032/1259/2032
vt 0.486400 0.600850
f 516/5653/516 519/954/519 518/956/518
f 516/5653/516 518/956/518 421/960/421
f 2033/1006/2033 536/1000/536 537/1328/537
f 2033/1001/2033 538/1003/538 178/1002/178
f 2033/1006/2033 537/1328/537 658/1007/658
vt 0.674050 0.732400
f 186/5654/186 545/1349/545 547/1348/547
f 186/5654/186 547/1348/547 548/1025/548
f 670/1360/670 669/1359/669 804/1361/804
f 2024/1381/2024 681/1061/681 213/1060/213
f 678/1379/678 2024/1381/2024 212/1380/212
f 580/1442/580 842/1444/842 700/1445/700
vt 0.345100 0.539150
vt 0.345600 0.538100
f 2034/5655/2034 754/1981/754 900/5656/900
f 900/1980/900 901/5656/901 2034/1981/2034
vt 0.362600 0.547025
vt 0.362300 0.547550
f 755/5657/755 629/1253/629 508/5658/508
f 632/1597/632 760/1601/760 512/1605/512
vt 0.667150 0.755000
vt 0.658200 0.754500
vt 0.658900 0.752600
f 801/5659/801 947/5660/947 1996/5661/1996
vt 0.292000 0.728500
f 700/1806/700 701/1805/701 582/5662/582
f 2047/2082/2047 1321/2084/1321 799/2083/799
vt 0.502800 0.818800
f 2035/2140/2035 967/2139/967 969/5663/969
f 2035/2140/2035 825/5663/825 144/2141/144
vt 0.533300 0.821800
f 825/2149/825 2035/5664/2035 969/2145/969
vt 0.166850 0.841550
f 987/5665/987 860/1890/860 857/1889/857
f 987/5665/987 857/1889/857 858/2194/858
vt 0.287050 0.506400
f 1020/5666/1020 1018/5028/1018 1879/5027/1879
f 1020/5666/1020 1879/5027/1879 1880/2260/1880
vt 0.643900 0.525700
vt 0.638800 0.522200
f 1047/5667/1047 923/5092/923 1899/5668/1899
vt 0.244000 0.446950
f 1083/2391/1083 1084/2394/1084 1082/5669/1082
vt 0.232250 0.952600
vt 0.221250 0.953500
f 1114/2440/1114 2037/5670/2037 2036/5671/2036
f 2037/5670/2037 1114/2440/1114 1118/2449/1118
f 1118/2449/1118 1119/2451/1119 2037/5670/2037
vt 0.222300 0.966300
f 2037/2454/2037 1121/2453/1121 2036/5672/2036
vt 0.212900 0.964600
f 2036/5673/2036 1226/2493/1226 1114/2494/1114
f 2041/2515/2041 2038/2517/2038 1104/2516/1104
vt 0.026150 0.808550
vt 0.024000 0.799800
vt 0.031000 0.815600
f 2038/5674/2038 1141/5675/1141 1103/5676/1103
f 1151/2534/1151 1150/2533/1150 2039/2537/2039
f 1151/2536/1151 872/2540/872 1100/2411/1100
vt 0.238400 0.433750
vt 0.245300 0.435800
f 1163/5677/1163 1165/2584/1165 1082/5678/1082
vt 0.256650 0.432900
f 1163/5679/1163 1082/2392/1082 1084/5678/1084
vt 0.273500 0.432950
f 1082/5680/1082 1166/2586/1166 1080/5552/1080
vt 0.550150 0.458800
f 1182/2648/1182 1180/2650/1180 2040/5681/2040
vt 0.533900 0.460600
f 2040/2652/2040 1180/5682/1180 1179/2653/1179
vt 0.286600 0.390900
vt 0.291600 0.393600
f 1196/2689/1196 2045/5683/2045 1195/5684/1195
vt 0.129300 0.403900
f 1206/2709/1206 1156/5685/1156 1155/2710/1155
vt 0.119000 0.385700
f 1207/2712/1207 1155/5686/1155 1154/2713/1154
f 1211/2721/1211 2041/2724/2041 1212/2725/1212
vt 0.039300 0.843500
f 1212/2725/1212 2041/5687/2041 1140/2729/1140
vt 0.211900 0.979700
f 1226/2749/1226 2042/2751/2042 2007/5688/2007
vt 0.220400 0.982400
f 1227/2752/1227 2042/5689/2042 2036/5566/2036
f 2006/2770/2006 2042/2772/2042 1227/2769/1227
vt 0.085550 0.273400
f 1250/2816/1250 2043/5690/2043 1150/2817/1150
vt 0.084050 0.273350
f 2039/5691/2039 1150/2817/1150 2043/5690/2043
vt 0.132600 0.342450
f 2044/5692/2044 1259/2840/1259 1258/2841/1258
vt 0.143950 0.366100
f 1258/5693/1258 1260/2844/1260 1207/2850/1207
vt 0.139250 0.368150
vt 0.136700 0.378700
vt 0.131900 0.361100
f 1258/5694/1258 1207/5695/1207 2044/5696/2044
vt 0.262300 0.389600
f 1267/2862/1267 2045/2864/2045 1197/5697/1197
vt 0.272300 0.395200
f 1197/5697/1197 2045/2864/2045 1196/5698/1196
vt 0.298400 0.388400
f 2045/2867/2045 2005/2866/2005 1195/5699/1195
vt 0.604300 0.475100
f 1288/2916/1288 1287/2915/1287 1051/5700/1051
vt 0.637800 0.464900
f 1290/5701/1290 2046/2922/2046 1049/2921/1049
f 2046/2922/2046 1290/5701/1290 1291/2923/1291
vt 0.657000 0.465400
f 2046/2925/2046 1292/2924/1292 136/5702/136
vt 0.272900 0.094000
f 1676/2958/1676 1300/5703/1300 780/2959/780
vt 0.232000 0.179900
f 1304/2976/1304 1305/2975/1305 927/5704/927
vt 0.721950 0.774750
f 2047/5705/2047 945/3026/945 1320/3027/1320
f 1233/2781/1233 2047/3029/2047 1320/3027/1320
f 2047/3029/2047 1233/2781/1233 1322/3030/1322
vt 0.155150 0.327750
vt 0.160000 0.318700
f 1332/5706/1332 1333/5707/1333 1335/3066/1335
vt 0.166500 0.316900
vt 0.173000 0.315100
f 1334/3066/1334 1332/5708/1332 1335/5709/1335
vt 0.532500 0.443300
f 1349/3128/1349 2040/3132/2040 1183/5710/1183
vt 0.613600 0.471400
f 1051/3151/1051 1289/3150/1289 1050/5711/1050
vt 0.531150 0.421700
vt 0.535300 0.424100
f 1415/3315/1415 1367/5712/1367 1350/5713/1350
vt 0.537400 0.421400
f 1367/5712/1367 1351/5714/1351 1350/5713/1350
vt 0.168600 0.245100
f 1439/5715/1439 1442/3384/1442 1398/3380/1398
f 1389/3381/1389 1440/3380/1440 1390/3382/1390
vt 0.157250 0.260300
f 1441/3380/1441 1439/5716/1439 1398/3250/1398
vt 0.333300 0.364900
f 2048/3416/2048 1343/5717/1343 1342/3417/1342
vt 0.462100 0.408700
f 1418/3447/1418 1412/5718/1412 1411/3297/1411
f 1461/3487/1461 71/3492/71 1376/3488/1376
vt 0.576700 0.399900
f 1483/3553/1483 1361/3555/1361 1362/5719/1362
vt 0.644550 0.402350
f 2023/3741/2023 137/3740/137 1357/5720/1357
f 2049/3795/2049 1571/4876/1571 1573/3796/1573
f 1656/4097/1656 1657/4099/1657 115/4098/115
vt 0.388000 0.138000
f 2050/4121/2050 1662/4120/1662 1663/5721/1663
vt 0.385650 0.121550
f 147/4119/147 2050/5722/2050 1664/4122/1664
vt 0.382000 0.128700
f 2050/4126/2050 1663/5723/1663 1665/4127/1665
vt 0.408100 0.208300
f 1689/4214/1689 1699/5724/1699 1697/4215/1697
vt 0.483100 0.209100
vt 0.477300 0.204750
f 1713/4340/1713 1714/5725/1714 2052/5726/2052
vt 0.479800 0.210100
f 1714/5725/1714 1693/4346/1693 2052/5727/2052
vt 0.546200 0.286250
vt 0.542400 0.274800
vt 0.547800 0.285600
f 1649/5728/1649 1717/5729/1717 1749/5730/1749
f 1649/5728/1649 1749/5730/1749 1650/5607/1650
vt 0.656200 0.284400
f 1759/4491/1759 1760/5731/1760 2018/4492/2018
f 1769/4782/1769 1809/4785/1809 1808/4783/1808
vt 0.598300 0.449600
vt 0.603700 0.455400
f 1865/5732/1865 1356/4961/1356 1289/5733/1289
f 1865/5732/1865 1289/5733/1289 1287/4962/1287
vt 0.137800 0.480050
f 1010/5008/1010 2053/5734/2053 1874/5013/1874
f 1872/5008/1872 2053/5014/2053 1010/2239/1010
vt 0.644000 0.523900
f 1901/5096/1901 1047/5735/1047 1899/5668/1899
vt 0.583100 0.513600
f 1908/5130/1908 1897/5736/1897 1043/5131/1043
f 2053/5213/2053 1873/5215/1873 1088/5214/1088
f 2054/5221/2054 1873/5011/1873 1871/5007/1871
vt 0.111400 0.410900
f 1938/5234/1938 1939/5737/1939 1156/5235/1156
f 34/5326/34 575/1098/575 1978/1422/1978
f 2029/5390/2029 159/227/159 180/5391/180
vt 0.408650 0.600200
f 2026/5493/2026 279/5494/279 388/5738/388
vt 0.430400 0.595700
f 512/5506/512 427/5739/427 390/5507/390
vt 0.204900 0.055875
f 540/1014/540 2055/5740/2055 541/1010/541
vt 0.218900 0.055200
f 538/5516/538 2055/5517/2055 179/5741/179
vt 0.710500 0.664200
f 2055/5518/2055 182/1013/182 179/5742/179
vt 0.366900 0.552100
f 2034/5658/2034 755/5743/755 508/1252/508
f 801/5659/801 1996/5661/1996 548/5525/548
f 825/5533/825 171/5535/171 144/5448/144
f 912/2001/912 767/5541/767 766/2002/766
f 2001/5551/2001 1082/5680/1082 1080/5552/1080
f 1213/5554/1213 998/5555/998 1139/2420/1139
vt 0.325200 0.101900
f 1669/5595/1669 1296/5594/1296 1295/5744/1295
f 1691/5596/1691 2049/5598/2049 1572/4222/1572
vt 0.367350 0.146775
vt 0.365800 0.144600
f 1711/5745/1711 1705/4290/1705 1666/5746/1666
vt 0.362500 0.148250
f 1711/5747/1711 1666/4136/1666 1665/5746/1665
# 4106 faces, 5747 coords texture

# End of File
